# freq_THz  G_total_s  G_Al_s  G_N_s
# Smoothed MD-derived velocity power spectrum. Common normalization: integral(G_total_s) = 3*primitive_atoms.
# Gaussian_sigma_THz=0.38; mass_weighted=True; primitive_atoms=2; total_equals_sum_of_partials=True
0.0000000000e+00 0.0000000000e+00 0.0000000000e+00 0.0000000000e+00
2.4414062500e-01 1.5960871274e-01 1.1735164303e-01 4.2257069708e-02
4.8828125000e-01 1.7844639356e-01 1.2926244154e-01 4.9183952026e-02
7.3242187500e-01 1.8977708676e-01 1.3468556131e-01 5.5091525448e-02
9.7656250000e-01 1.9182279167e-01 1.3319131992e-01 5.8631471747e-02
1.2207031250e+00 1.9206678871e-01 1.3102881581e-01 6.1037972906e-02
1.4648437500e+00 1.9551358850e-01 1.3202232439e-01 6.3491264106e-02
1.7089843750e+00 2.0332788209e-01 1.3681336498e-01 6.6514517113e-02
1.9531250000e+00 2.1581797824e-01 1.4543573219e-01 7.0382246054e-02
2.1972656250e+00 2.3293098980e-01 1.5785195447e-01 7.5079035334e-02
2.4414062500e+00 2.5351318617e-01 1.7330688644e-01 8.0206299725e-02
2.6855468750e+00 2.7538682059e-01 1.9002832866e-01 8.5358491934e-02
2.9296875000e+00 2.9637648406e-01 2.0581133900e-01 9.0565145059e-02
3.1738281250e+00 3.1592450381e-01 2.1972725251e-01 9.6197251300e-02
3.4179687500e+00 3.3416073754e-01 2.3220683326e-01 1.0195390428e-01
3.6621093750e+00 3.4694185309e-01 2.4133003147e-01 1.0561182162e-01
3.9062500000e+00 3.4516590469e-01 2.4136691851e-01 1.0379898618e-01
4.1503906250e+00 3.2397898122e-01 2.2876960119e-01 9.5209380039e-02
4.3945312500e+00 2.8953023020e-01 2.0724179047e-01 8.2288439724e-02
4.6386718750e+00 2.5248630066e-01 1.8358790876e-01 6.8898391899e-02
4.8828125000e+00 2.1900430335e-01 1.6147681267e-01 5.7527490686e-02
5.1269531250e+00 1.9086482193e-01 1.4167401496e-01 4.9190806968e-02
5.3710937500e+00 1.6987714451e-01 1.2551994537e-01 4.4357199133e-02
5.6152343750e+00 1.5856146111e-01 1.1535555675e-01 4.3205904362e-02
5.8593750000e+00 1.5791122282e-01 1.1193380823e-01 4.5977414593e-02
6.1035156250e+00 1.6722589383e-01 1.1349803270e-01 5.3727861124e-02
6.3476562500e+00 1.8610752391e-01 1.1818036827e-01 6.7927155636e-02
6.5917968750e+00 2.1440170342e-01 1.2601396653e-01 8.8387736895e-02
6.8359375000e+00 2.5090399745e-01 1.3830029131e-01 1.1260370615e-01
7.0800781250e+00 2.9481712239e-01 1.5631119112e-01 1.3850593127e-01
7.3242187500e+00 3.4671808957e-01 1.8020442557e-01 1.6651366399e-01
7.5683593750e+00 4.0397611424e-01 2.0722765490e-01 1.9674845934e-01
7.8125000000e+00 4.5520276252e-01 2.3071911088e-01 2.2448365164e-01
8.0566406250e+00 4.8368303286e-01 2.4294784400e-01 2.4073518886e-01
8.3007812500e+00 4.8047978937e-01 2.4081591819e-01 2.3966387118e-01
8.5449218750e+00 4.5285955790e-01 2.2833965522e-01 2.2451990268e-01
8.7890625000e+00 4.1699376107e-01 2.1272494096e-01 2.0426882011e-01
9.0332031250e+00 3.8474020867e-01 1.9885687127e-01 1.8588333740e-01
9.2773437500e+00 3.5931964465e-01 1.8784079030e-01 1.7147885434e-01
9.5214843750e+00 3.3961321988e-01 1.7907967257e-01 1.6053354731e-01
9.7656250000e+00 3.2444659523e-01 1.7217423815e-01 1.5227235709e-01
1.0009765625e+01 3.1309707569e-01 1.6701987370e-01 1.4607720199e-01
1.0253906250e+01 3.0427813706e-01 1.6316844781e-01 1.4110968924e-01
1.0498046875e+01 2.9626171885e-01 1.5976628031e-01 1.3649543854e-01
1.0742187500e+01 2.8772468555e-01 1.5598860281e-01 1.3173608274e-01
1.0986328125e+01 2.7770582334e-01 1.5113096172e-01 1.2657486162e-01
1.1230468750e+01 2.6458221969e-01 1.4415851971e-01 1.2042369997e-01
1.1474609375e+01 2.4572925201e-01 1.3375479432e-01 1.1197445769e-01
1.1718750000e+01 2.1923314320e-01 1.1967732509e-01 9.9555818115e-02
1.1962890625e+01 1.8649447054e-01 1.0402353857e-01 8.2470931963e-02
1.2207031250e+01 1.5306830881e-01 9.0438042489e-02 6.2630266320e-02
1.2451171875e+01 1.2608598365e-01 8.1710333801e-02 4.4375649846e-02
1.2695312500e+01 1.0965589356e-01 7.8158495462e-02 3.1497398095e-02
1.2939453125e+01 1.0289487585e-01 7.8346061682e-02 2.4548814170e-02
1.3183593750e+01 1.0264443948e-01 8.1054181828e-02 2.1590257653e-02
1.3427734375e+01 1.0686116886e-01 8.6273936103e-02 2.0587232752e-02
1.3671875000e+01 1.1507460266e-01 9.4627837132e-02 2.0446765523e-02
1.3916015625e+01 1.2708734858e-01 1.0642796655e-01 2.0659382030e-02
1.4160156250e+01 1.4257860051e-01 1.2171697744e-01 2.0861623067e-02
1.4404296875e+01 1.6211268472e-01 1.4132338710e-01 2.0789297620e-02
1.4648437500e+01 1.8711744558e-01 1.6675954323e-01 2.0357902352e-02
1.4892578125e+01 2.1579475084e-01 1.9623074230e-01 1.9564008536e-02
1.5136718750e+01 2.3832065137e-01 2.2003685484e-01 1.8283796521e-02
1.5380859375e+01 2.4069851725e-01 2.2436405990e-01 1.6334457344e-02
1.5625000000e+01 2.1624806768e-01 2.0250696451e-01 1.3741103171e-02
1.5869140625e+01 1.7097961146e-01 1.6018592822e-01 1.0793683238e-02
1.6113281250e+01 1.1825063113e-01 1.1036480441e-01 7.8858267218e-03
1.6357421875e+01 7.1177084065e-02 6.5783788223e-02 5.3932958426e-03
1.6601562500e+01 3.7707918790e-02 3.4127372969e-02 3.5805458213e-03
1.6845703125e+01 1.8641879722e-02 1.6157799898e-02 2.4840798243e-03
1.7089843750e+01 9.7492004485e-03 7.8237759557e-03 1.9254244928e-03
1.7333984375e+01 6.1110908053e-03 4.4385055052e-03 1.6725853001e-03
1.7578125000e+01 4.6249871594e-03 3.0599541353e-03 1.5650330241e-03
1.7822265625e+01 3.9317436914e-03 2.4078967324e-03 1.5238469590e-03
1.8066406250e+01 3.5463260731e-03 2.0317932544e-03 1.5145328187e-03
1.8310546875e+01 3.2969283019e-03 1.7769713318e-03 1.5199569701e-03
1.8554687500e+01 3.1135389556e-03 1.5831777569e-03 1.5303611987e-03
1.8798828125e+01 2.9662932659e-03 1.4247817575e-03 1.5415115084e-03
1.9042968750e+01 2.8450157690e-03 1.2908573053e-03 1.5541584636e-03
1.9287109375e+01 2.7482655013e-03 1.1756744864e-03 1.5725910150e-03
1.9531250000e+01 2.6779529906e-03 1.0749915833e-03 1.6029614074e-03
1.9775390625e+01 2.6387956647e-03 9.8570417333e-04 1.6530914914e-03
2.0019531250e+01 2.6422899185e-03 9.0621957125e-04 1.7360703473e-03
2.0263671875e+01 2.7227317451e-03 8.3804412372e-04 1.8846876214e-03
2.0507812500e+01 3.0139690474e-03 7.8979789103e-04 2.2241711564e-03
2.0751953125e+01 4.0712694162e-03 7.8871854791e-04 3.2825508683e-03
2.0996093750e+01 7.7111085813e-03 9.1493630912e-04 6.7961722721e-03
2.1240234375e+01 1.7862101378e-02 1.3557465763e-03 1.6506354802e-02
2.1484375000e+01 3.9140117455e-02 2.4020846001e-03 3.6738032855e-02
2.1728515625e+01 7.2141884038e-02 4.3019555604e-03 6.7839928478e-02
2.1972656250e+01 1.1083970475e-01 7.0815399650e-03 1.0375816479e-01
2.2216796875e+01 1.4730871731e-01 1.0537175524e-02 1.3677154179e-01
2.2460937500e+01 1.7790429638e-01 1.4364469947e-02 1.6353982643e-01
2.2705078125e+01 2.0328175183e-01 1.8308397353e-02 1.8497335448e-01
2.2949218750e+01 2.2447591544e-01 2.2267004887e-02 2.0220891055e-01
2.3193359375e+01 2.3968756656e-01 2.6185250257e-02 2.1350231630e-01
2.3437500000e+01 2.4478154551e-01 2.9865050162e-02 2.1491649535e-01
2.3681640625e+01 2.3824440509e-01 3.3079741908e-02 2.0516466318e-01
2.3925781250e+01 2.2457766717e-01 3.5875385281e-02 1.8870228189e-01
2.4169921875e+01 2.1109163763e-01 3.8613704375e-02 1.7247793326e-01
2.4414062500e+01 2.0316024708e-01 4.1864749114e-02 1.6129549797e-01
2.4658203125e+01 2.0403983667e-01 4.6496647101e-02 1.5754318957e-01
2.4902343750e+01 2.1725293855e-01 5.3824339273e-02 1.6342859928e-01
2.5146484375e+01 2.4973691962e-01 6.6181777791e-02 1.8355514183e-01
2.5390625000e+01 3.1734247423e-01 8.8394158297e-02 2.2894831594e-01
2.5634765625e+01 4.4157709794e-01 1.2673663957e-01 3.1484045837e-01
2.5878906250e+01 6.1930713757e-01 1.8020565901e-01 4.3910147856e-01
2.6123046875e+01 7.8622489961e-01 2.3003342515e-01 5.5619147446e-01
2.6367187500e+01 8.3868799747e-01 2.4590678448e-01 5.9278121300e-01
2.6611328125e+01 7.2520140432e-01 2.1254873698e-01 5.1265266734e-01
2.6855468750e+01 5.0443276134e-01 1.4714299622e-01 3.5728976512e-01
2.7099609375e+01 2.8804434297e-01 8.2967963172e-02 2.0507637980e-01
2.7343750000e+01 1.4384909447e-01 4.0468862738e-02 1.0338023173e-01
2.7587890625e+01 7.0577835366e-02 1.9278220172e-02 5.1299615193e-02
2.7832031250e+01 3.7561591853e-02 1.0079900231e-02 2.7481691622e-02
2.8076171875e+01 2.1604078068e-02 5.8252946035e-03 1.5778783465e-02
2.8320312500e+01 1.4097760771e-02 3.8950489411e-03 1.0202711830e-02
2.8564453125e+01 1.3194238263e-02 3.7473028217e-03 9.4469354408e-03
2.8808593750e+01 1.7227268415e-02 4.9449547384e-03 1.2282313676e-02
2.9052734375e+01 2.2379997075e-02 6.4385915619e-03 1.5941405513e-02
2.9296875000e+01 2.4186976340e-02 6.9811470656e-03 1.7205829275e-02
2.9541015625e+01 2.1849421157e-02 6.3692223228e-03 1.5480198835e-02
2.9785156250e+01 1.9316501193e-02 5.7551450905e-03 1.3561356102e-02
3.0029296875e+01 2.0011422896e-02 6.1092613828e-03 1.3902161513e-02
3.0273437500e+01 2.2099594057e-02 6.8320033736e-03 1.5267590683e-02
3.0517578125e+01 2.1078123244e-02 6.5422980764e-03 1.4535825168e-02
3.0761718750e+01 1.5807179841e-02 4.9095865024e-03 1.0897593339e-02
3.1005859375e+01 9.3851181250e-03 2.9111660334e-03 6.4739520916e-03
3.1250000000e+01 4.8386603754e-03 1.4943855972e-03 3.3442747783e-03
3.1494140625e+01 2.6103845878e-03 7.9901743168e-04 1.8113671562e-03
3.1738281250e+01 1.7412101774e-03 5.2727109769e-04 1.2139390797e-03
3.1982421875e+01 1.4133712003e-03 4.2476413752e-04 9.8860706274e-04
3.2226562500e+01 1.2669327160e-03 3.7941535792e-04 8.8751735804e-04
3.2470703125e+01 1.1841899238e-03 3.5457372569e-04 8.2961619809e-04
3.2714843750e+01 1.1280071476e-03 3.3865589513e-04 7.8935125251e-04
3.2958984375e+01 1.0847860239e-03 3.2722520545e-04 7.5756081848e-04
3.3203125000e+01 1.0492051257e-03 3.1824068414e-04 7.3096444157e-04
3.3447265625e+01 1.0199135897e-03 3.1089716840e-04 7.0901642129e-04
3.3691406250e+01 9.9638056721e-04 3.0479819066e-04 6.9158237654e-04
3.3935546875e+01 9.7700342310e-04 2.9934513812e-04 6.7765828498e-04
3.4179687500e+01 9.5962622854e-04 2.9379122927e-04 6.6583499927e-04
3.4423828125e+01 9.4220327261e-04 2.8744907604e-04 6.5475419657e-04
3.4667968750e+01 9.2311524460e-04 2.7991723689e-04 6.4319800771e-04
3.4912109375e+01 9.0219151039e-04 2.7146022420e-04 6.3073128619e-04
3.5156250000e+01 8.8101630788e-04 2.6294892841e-04 6.1806737947e-04
3.5400390625e+01 8.6159896022e-04 2.5523679570e-04 6.0636216452e-04
3.5644531250e+01 8.4534226382e-04 2.4881948491e-04 5.9652277891e-04
3.5888671875e+01 8.3338394527e-04 2.4403316457e-04 5.8935078070e-04
3.6132812500e+01 8.2717158212e-04 2.4124430241e-04 5.8592727971e-04
3.6376953125e+01 8.2844630311e-04 2.4082823183e-04 5.8761807128e-04
3.6621093750e+01 8.3837771211e-04 2.4298393086e-04 5.9539378124e-04
3.6865234375e+01 8.5584914080e-04 2.4733727812e-04 6.0851186268e-04
3.7109375000e+01 8.7663215258e-04 2.5271025315e-04 6.2392189943e-04
3.7353515625e+01 8.9525051241e-04 2.5755018823e-04 6.3770032418e-04
3.7597656250e+01 9.0817039156e-04 2.6077450194e-04 6.4739588962e-04
3.7841796875e+01 9.1508582001e-04 2.6220937192e-04 6.5287644809e-04
3.8085937500e+01 9.1709933563e-04 2.6213855088e-04 6.5496078476e-04
3.8330078125e+01 9.1414985162e-04 2.6052769635e-04 6.5362215527e-04
3.8574218750e+01 9.0462650681e-04 2.5687123505e-04 6.4775527176e-04
3.8818359375e+01 8.8711481879e-04 2.5071630200e-04 6.3639851679e-04
3.9062500000e+01 8.6221677177e-04 2.4221671870e-04 6.2000005307e-04
3.9306640625e+01 8.3309158257e-04 2.3229736547e-04 6.0079421710e-04
3.9550781250e+01 8.0451477769e-04 2.2238020560e-04 5.8213457209e-04
3.9794921875e+01 7.8121400207e-04 2.1387705486e-04 5.6733694721e-04
4.0039062500e+01 7.6650517621e-04 2.0776005962e-04 5.5874511659e-04
4.0283203125e+01 7.6171090979e-04 2.0438725445e-04 5.5732365535e-04
4.0527343750e+01 7.6674844502e-04 2.0366833319e-04 5.6308011183e-04
4.0771484375e+01 7.8099003866e-04 2.0532398734e-04 5.7566605132e-04
4.1015625000e+01 8.0134595098e-04 2.0849140416e-04 5.9285454682e-04
4.1259765625e+01 8.1716468542e-04 2.1054209602e-04 6.0662258941e-04
4.1503906250e+01 8.0883164584e-04 2.0673585554e-04 6.0209579031e-04
4.1748046875e+01 7.5715351787e-04 1.9245043786e-04 5.6470308001e-04
4.1992187500e+01 6.5790806749e-04 1.6669903554e-04 4.9120903195e-04
4.2236328125e+01 5.2700956979e-04 1.3343003440e-04 3.9357953539e-04
4.2480468750e+01 3.9144342546e-04 9.9336328146e-05 2.9210709731e-04
4.2724609375e+01 2.7515982288e-04 7.0319743851e-05 2.0484007903e-04
4.2968750000e+01 1.9009046715e-04 4.9189156316e-05 1.4090131083e-04
4.3212890625e+01 1.3560236045e-04 3.5579333542e-05 1.0002302691e-04
4.3457031250e+01 1.0405710187e-04 2.7483415943e-05 7.6573685930e-05
4.3701171875e+01 8.7156742000e-05 2.2890045926e-05 6.4266696074e-05
4.3945312500e+01 7.9096111037e-05 2.0480163017e-05 5.8615948020e-05
4.4189453125e+01 7.6588276448e-05 1.9524747203e-05 5.7063529245e-05
4.4433593750e+01 7.7738920788e-05 1.9575334140e-05 5.8163586648e-05
4.4677734375e+01 8.1160277818e-05 2.0275944244e-05 6.0884333574e-05
4.4921875000e+01 8.5657332098e-05 2.1328334987e-05 6.4328997112e-05
4.5166015625e+01 9.0254487331e-05 2.2521133935e-05 6.7733353396e-05
4.5410156250e+01 9.4399492004e-05 2.3760386907e-05 7.0639105098e-05
4.5654296875e+01 9.8148788686e-05 2.5074423969e-05 7.3074364717e-05
4.5898437500e+01 1.0198581058e-04 2.6573835238e-05 7.5411975340e-05
4.6142578125e+01 1.0634915164e-04 2.8391650941e-05 7.7957500698e-05
4.6386718750e+01 1.1140492222e-04 3.0650682820e-05 8.0754239395e-05
4.6630859375e+01 1.1730287399e-04 3.3474173996e-05 8.3828699993e-05
4.6875000000e+01 1.2464215049e-04 3.7053009298e-05 8.7589141194e-05
4.7119140625e+01 1.3479721955e-04 4.1780070533e-05 9.3017149015e-05
4.7363281250e+01 1.4980004258e-04 4.8312308843e-05 1.0148773374e-04
4.7607421875e+01 1.7142054216e-04 5.7279571922e-05 1.1414097023e-04
4.7851562500e+01 1.9976978461e-04 6.8707088666e-05 1.3106269595e-04
4.8095703125e+01 2.3269092360e-04 8.1723830155e-05 1.5096709345e-04
4.8339843750e+01 2.6654921090e-04 9.4876003588e-05 1.7167320731e-04
4.8583984375e+01 2.9773074656e-04 1.0675255191e-04 1.9097819465e-04
4.8828125000e+01 3.2396353567e-04 1.1651243208e-04 2.0745110359e-04
4.9072265625e+01 3.4456411549e-04 1.2395062694e-04 2.2061348855e-04
4.9316406250e+01 3.5896542363e-04 1.2889238794e-04 2.3007303569e-04
4.9560546875e+01 3.6501557908e-04 1.3053891814e-04 2.3447666094e-04
4.9804687500e+01 3.5994017852e-04 1.2786823718e-04 2.3207194134e-04
5.0048828125e+01 3.4363255397e-04 1.2090139759e-04 2.2273115638e-04
5.0292968750e+01 3.2023101794e-04 1.1126102159e-04 2.0896999635e-04
5.0537109375e+01 2.9594457411e-04 1.0129314272e-04 1.9465143138e-04
5.0781250000e+01 2.7567011825e-04 9.2790309305e-05 1.8287980894e-04
5.1025390625e+01 2.6179850052e-04 8.6591470857e-05 1.7520702966e-04
5.1269531250e+01 2.5579176762e-04 8.3155687835e-05 1.7263607978e-04
5.1513671875e+01 2.6034722073e-04 8.3240699521e-05 1.7710652121e-04
5.1757812500e+01 2.7924859984e-04 8.7815973216e-05 1.9143262662e-04
5.2001953125e+01 3.1324093469e-04 9.6900936674e-05 2.1633999801e-04
5.2246093750e+01 3.5367626448e-04 1.0787940135e-04 2.4579686313e-04
5.2490234375e+01 3.8066838682e-04 1.1502880670e-04 2.6563958011e-04
5.2734375000e+01 3.7243088540e-04 1.1209184338e-04 2.6033904203e-04
5.2978515625e+01 3.2167265344e-04 9.6925043841e-05 2.2474760960e-04
5.3222656250e+01 2.4341859965e-04 7.3845724707e-05 1.6957287494e-04
5.3466796875e+01 1.6431291503e-04 5.0588430831e-05 1.1372448420e-04
5.3710937500e+01 1.0378686427e-04 3.2757329489e-05 7.1029534777e-05
5.3955078125e+01 6.5733004821e-05 2.1393274519e-05 4.4339730302e-05
5.4199218750e+01 4.4300044034e-05 1.4774212214e-05 2.9525831821e-05
5.4443359375e+01 3.2522846756e-05 1.0958128431e-05 2.1564718325e-05
5.4687500000e+01 2.5833052661e-05 8.7088202603e-06 1.7124232401e-05
5.4931640625e+01 2.1805781763e-05 7.3546072542e-06 1.4451174509e-05
5.5175781250e+01 1.9242386795e-05 6.5286847710e-06 1.2713702024e-05
5.5419921875e+01 1.7492238443e-05 5.9995638924e-06 1.1492674550e-05
5.5664062500e+01 1.6120186620e-05 5.6016078417e-06 1.0518578778e-05
5.5908203125e+01 1.4881979286e-05 5.2447682792e-06 9.6372110069e-06
5.6152343750e+01 1.3730369705e-05 4.9117229585e-06 8.8186467464e-06
5.6396484375e+01 1.2701452598e-05 4.6122791597e-06 8.0891734379e-06
5.6640625000e+01 1.1784503661e-05 4.3404814269e-06 7.4440222340e-06
5.6884765625e+01 1.0904802331e-05 4.0651484888e-06 6.8396538424e-06
5.7128906250e+01 1.0016153814e-05 3.7483588488e-06 6.2677949653e-06
5.7373046875e+01 9.1693421730e-06 3.3733941472e-06 5.7959480258e-06
5.7617187500e+01 8.4620645430e-06 2.9659393055e-06 5.4961252375e-06
5.7861328125e+01 7.9261909109e-06 2.5852304629e-06 5.3409604480e-06
5.8105468750e+01 7.4769716012e-06 2.2794269584e-06 5.1975446427e-06
5.8349609375e+01 6.9990800128e-06 2.0587533097e-06 4.9403267031e-06
5.8593750000e+01 6.4909626697e-06 1.9227515413e-06 4.5682111285e-06
5.8837890625e+01 6.0952784022e-06 1.8906333211e-06 4.2046450811e-06
5.9082031250e+01 5.9537100289e-06 1.9739934854e-06 3.9797165435e-06
5.9326171875e+01 6.0139689375e-06 2.1145808613e-06 3.8993880762e-06
5.9570312500e+01 6.0209933190e-06 2.1857923430e-06 3.8352009759e-06
5.9814453125e+01 5.7672726929e-06 2.0994136285e-06 3.6678590644e-06
6.0058593750e+01 5.3149482441e-06 1.8955272286e-06 3.4194210155e-06
6.0302734375e+01 4.8897454606e-06 1.6885879795e-06 3.2011574811e-06
6.0546875000e+01 4.6007105310e-06 1.5420155467e-06 3.0586949843e-06
6.0791015625e+01 4.3566111300e-06 1.4299599107e-06 2.9266512193e-06
6.1035156250e+01 4.0362190459e-06 1.3054246706e-06 2.7307943753e-06
6.1279296875e+01 3.6449528166e-06 1.1641619505e-06 2.4807908661e-06
6.1523437500e+01 3.2796462772e-06 1.0354909018e-06 2.2441553754e-06
6.1767578125e+01 3.0095327162e-06 9.4105599397e-07 2.0684767222e-06
6.2011718750e+01 2.8348372527e-06 8.8014726988e-07 1.9546899828e-06
6.2255859375e+01 2.7239558629e-06 8.4179080388e-07 1.8821650590e-06
6.2500000000e+01 2.6505486313e-06 8.1666723614e-07 1.8338813952e-06
6.2744140625e+01 2.6006278665e-06 7.9941832704e-07 1.8012095394e-06
6.2988281250e+01 2.5661995076e-06 7.8694787274e-07 1.7792516348e-06
6.3232421875e+01 2.5403671031e-06 7.7694667677e-07 1.7634204263e-06
6.3476562500e+01 2.5156372354e-06 7.6706487004e-07 1.7485723654e-06
6.3720703125e+01 2.4847533676e-06 7.5506098447e-07 1.7296923832e-06
6.3964843750e+01 2.4428726746e-06 7.3957683577e-07 1.7032958389e-06
6.4208984375e+01 2.3880207587e-06 7.2016524769e-07 1.6678555110e-06
6.4453125000e+01 2.3194338668e-06 6.9653154021e-07 1.6229023266e-06
6.4697265625e+01 2.2365709876e-06 6.6823653060e-07 1.5683344570e-06
6.4941406250e+01 2.1394456945e-06 6.3507917416e-07 1.5043665203e-06
6.5185546875e+01 2.0291750633e-06 5.9751602425e-07 1.4316590390e-06
6.5429687500e+01 1.9089501090e-06 5.5697397322e-07 1.3519761357e-06
6.5673828125e+01 1.7846558362e-06 5.1575796239e-07 1.2688978738e-06
6.5917968750e+01 1.6634708664e-06 4.7622551918e-07 1.1872453472e-06
6.6162109375e+01 1.5514725101e-06 4.3999285979e-07 1.1114796503e-06
6.6406250000e+01 1.4521762513e-06 4.0782103097e-07 1.0443552204e-06
6.6650390625e+01 1.3664513617e-06 3.7980210973e-07 9.8664925193e-07
6.6894531250e+01 1.2934206141e-06 3.5560470518e-07 9.3781590889e-07
6.7138671875e+01 1.2307190885e-06 3.3463978194e-07 8.9607930658e-07
6.7382812500e+01 1.1732957524e-06 3.1578430239e-07 8.5751145005e-07
6.7626953125e+01 1.1127704508e-06 2.9702179038e-07 8.1574866037e-07
6.7871093750e+01 1.0392078762e-06 2.7581082131e-07 7.6339705485e-07
6.8115234375e+01 9.4511714271e-07 2.5027021976e-07 6.9484692295e-07
6.8359375000e+01 8.3013740660e-07 2.2046282731e-07 6.0967457928e-07
6.8603515625e+01 7.0308417861e-07 1.8874294938e-07 5.1434122924e-07
6.8847656250e+01 5.7850354916e-07 1.5866860897e-07 4.1983494018e-07
6.9091796875e+01 4.6990451171e-07 1.3328238407e-07 3.3662212764e-07
6.9335937500e+01 3.8487658834e-07 1.1403378102e-07 2.7084280733e-07
6.9580078125e+01 3.2441487212e-07 1.0079024621e-07 2.2362462591e-07
6.9824218750e+01 2.8511639315e-07 9.2548842956e-08 1.9256755020e-07
7.0068359375e+01 2.6196112443e-07 8.8167090043e-08 1.7379403439e-07
7.0312500000e+01 2.5018959950e-07 8.6687055534e-08 1.6350254397e-07
7.0556640625e+01 2.4603447497e-07 8.7340222704e-08 1.5869425226e-07
7.0800781250e+01 2.4684625517e-07 8.9511665072e-08 1.5733459010e-07
7.1044921875e+01 2.5102012495e-07 9.2771481245e-08 1.5824864370e-07
7.1289062500e+01 2.5765234181e-07 9.6857712657e-08 1.6079462916e-07
7.1533203125e+01 2.6598815671e-07 1.0152299035e-07 1.6446516636e-07
7.1777343750e+01 2.7508514799e-07 1.0638714820e-07 1.6869799979e-07
7.2021484375e+01 2.8387670431e-07 1.1096292297e-07 1.7291378135e-07
7.2265625000e+01 2.9149185033e-07 1.1483953696e-07 1.7665231336e-07
7.2509765625e+01 2.9758639582e-07 1.1786093939e-07 1.7972545643e-07
7.2753906250e+01 3.0234661156e-07 1.2012117034e-07 1.8222544122e-07
7.2998046875e+01 3.0616942650e-07 1.2180554242e-07 1.8436388408e-07
7.3242187500e+01 3.0955442596e-07 1.2313542539e-07 1.8641900057e-07
7.3486328125e+01 3.1334004834e-07 1.2448040871e-07 1.8885963962e-07
7.3730468750e+01 3.1863511599e-07 1.2633113919e-07 1.9230397680e-07
7.3974609375e+01 3.2621575426e-07 1.2904335874e-07 1.9717239552e-07
7.4218750000e+01 3.3597783173e-07 1.3264481929e-07 2.0333301245e-07
7.4462890625e+01 3.4690085479e-07 1.3680672510e-07 2.1009412969e-07
7.4707031250e+01 3.5735733492e-07 1.4088602960e-07 2.1647130532e-07
7.4951171875e+01 3.6542656676e-07 1.4406958911e-07 2.2135697766e-07
7.5195312500e+01 3.6926716253e-07 1.4561285530e-07 2.2365430723e-07
7.5439453125e+01 3.6749552650e-07 1.4498801648e-07 2.2250751002e-07
7.5683593750e+01 3.5918621927e-07 1.4183656302e-07 2.1734965625e-07
7.5927734375e+01 3.4378983849e-07 1.3591568363e-07 2.0787415486e-07
7.6171875000e+01 3.2159867610e-07 1.2726914980e-07 1.9432952629e-07
7.6416015625e+01 2.9435914623e-07 1.1648726693e-07 1.7787187930e-07
7.6660156250e+01 2.6507109687e-07 1.0468599796e-07 1.6038509890e-07
7.6904296875e+01 2.3694414568e-07 9.3141845769e-08 1.4380229991e-07
7.7148437500e+01 2.1239292527e-07 8.2889626207e-08 1.2950329906e-07
7.7392578125e+01 1.9267327914e-07 7.4532980691e-08 1.1814029845e-07
7.7636718750e+01 1.7805349432e-07 6.8270012645e-08 1.0978348167e-07
7.7880859375e+01 1.6812071462e-07 6.3985269770e-08 1.0413544485e-07
7.8125000000e+01 1.6188746331e-07 6.1282214284e-08 1.0060524902e-07
7.8369140625e+01 1.5763260879e-07 5.9456599169e-08 9.8176009623e-08
7.8613281250e+01 1.5286233419e-07 5.7520844360e-08 9.5341489833e-08
7.8857421875e+01 1.4495284558e-07 5.4456706358e-08 9.0496139226e-08
7.9101562500e+01 1.3239095883e-07 4.9694668851e-08 8.2696289982e-08
7.9345703125e+01 1.1571040528e-07 4.3462143104e-08 7.2248262179e-08
7.9589843750e+01 9.7313530835e-08 3.6665346942e-08 6.0648183892e-08
7.9833984375e+01 8.0209153714e-08 3.0383915941e-08 4.9825237773e-08
8.0078125000e+01 6.6441073198e-08 2.5318137680e-08 4.1122935519e-08
8.0322265625e+01 5.6224597207e-08 2.1513170802e-08 3.4711426405e-08
8.0566406250e+01 4.8422252311e-08 1.8545601249e-08 2.9876651062e-08
8.0810546875e+01 4.1857462811e-08 1.6001788332e-08 2.5855674480e-08
8.1054687500e+01 3.6140516873e-08 1.3773627993e-08 2.2366888881e-08
8.1298828125e+01 3.1443502299e-08 1.1956805878e-08 1.9486696421e-08
8.1542968750e+01 2.7905754328e-08 1.0608762297e-08 1.7296992030e-08
8.1787109375e+01 2.5384190750e-08 9.6546232803e-09 1.5729567470e-08
8.2031250000e+01 2.3558198394e-08 8.9494340820e-09 1.4608764312e-08
8.2275390625e+01 2.2115582395e-08 8.3667265754e-09 1.3748855820e-08
8.2519531250e+01 2.0863876527e-08 7.8396978684e-09 1.3024178658e-08
8.2763671875e+01 1.9724654334e-08 7.3515660959e-09 1.2373088238e-08
8.3007812500e+01 1.8660297838e-08 6.8992192637e-09 1.1761078575e-08
8.3251953125e+01 1.7631574712e-08 6.4697133436e-09 1.1161861368e-08
8.3496093750e+01 1.6617743845e-08 6.0515604562e-09 1.0566183389e-08
8.3740234375e+01 1.5643969804e-08 5.6536007346e-09 9.9903690692e-09
8.3984375000e+01 1.4762362084e-08 5.2965027273e-09 9.4658593571e-09
8.4228515625e+01 1.4000884554e-08 4.9889047409e-09 9.0119798132e-09
8.4472656250e+01 1.3337649957e-08 4.7202888045e-09 8.6173611527e-09
8.4716796875e+01 1.2728592769e-08 4.4741695008e-09 8.2544232684e-09
8.4960937500e+01 1.2157106107e-08 4.2450104755e-09 7.9120956318e-09
8.5205078125e+01 1.1648608862e-08 4.0421038721e-09 7.6065049902e-09
8.5449218750e+01 1.1231651360e-08 3.8755654175e-09 7.3560859422e-09
8.5693359375e+01 1.0896558581e-08 3.7418775163e-09 7.1546810647e-09
8.5937500000e+01 1.0602982599e-08 3.6259907178e-09 6.9769918810e-09
8.6181640625e+01 1.0312897708e-08 3.5127309567e-09 6.8001667511e-09
8.6425781250e+01 1.0000366495e-08 3.3932937997e-09 6.6070726949e-09
8.6669921875e+01 9.6462975859e-09 3.2655016723e-09 6.3807959136e-09
8.6914062500e+01 9.2529291884e-09 3.1336695011e-09 6.1192596874e-09
8.7158203125e+01 8.8574834860e-09 3.0083271056e-09 5.8491563804e-09
8.7402343750e+01 8.5040486475e-09 2.9008823257e-09 5.6031663219e-09
8.7646484375e+01 8.2030906502e-09 2.8155506979e-09 5.3875399523e-09
8.7890625000e+01 7.9307891286e-09 2.7466438686e-09 5.1841452599e-09
8.8134765625e+01 7.6579650235e-09 2.6818960727e-09 4.9760689508e-09
8.8378906250e+01 7.3693548463e-09 2.6072996427e-09 4.7620552036e-09
8.8623046875e+01 7.0643164683e-09 2.5130335397e-09 4.5512829285e-09
8.8867187500e+01 6.7521388089e-09 2.3991427025e-09 4.3529961064e-09
8.9111328125e+01 6.4483822422e-09 2.2751455594e-09 4.1732366828e-09
8.9355468750e+01 6.1705473755e-09 2.1535840141e-09 4.0169633615e-09
8.9599609375e+01 5.9260669111e-09 2.0429423560e-09 3.8831245551e-09
8.9843750000e+01 5.6940166482e-09 1.9429065541e-09 3.7511100941e-09
9.0087890625e+01 5.4300590062e-09 1.8457144127e-09 3.5843445936e-09
9.0332031250e+01 5.1062137252e-09 1.7445344560e-09 3.3616792692e-09
9.0576171875e+01 4.7397890276e-09 1.6401873232e-09 3.0996017045e-09
9.0820312500e+01 4.3725863015e-09 1.5380117084e-09 2.8345745931e-09
9.1064453125e+01 4.0277566029e-09 1.4394263150e-09 2.5883302879e-09
9.1308593750e+01 3.6972231185e-09 1.3398492068e-09 2.3573739117e-09
9.1552734375e+01 3.3676670141e-09 1.2356570543e-09 2.1320099598e-09
9.1796875000e+01 3.0463016033e-09 1.1305875289e-09 1.9157140743e-09
9.2041015625e+01 2.7563138587e-09 1.0333924599e-09 1.7229213988e-09
9.2285156250e+01 2.5140382538e-09 9.5045090442e-10 1.5635873494e-09
9.2529296875e+01 2.3175600065e-09 8.8208572717e-10 1.4354742793e-09
9.2773437500e+01 2.1546627073e-09 8.2490337318e-10 1.3297593341e-09
9.3017578125e+01 2.0153987903e-09 7.7585755029e-10 1.2395412400e-09
9.3261718750e+01 1.8959458049e-09 7.3359955075e-10 1.1623462542e-09
9.3505859375e+01 1.7937818015e-09 6.9689291318e-10 1.0968888883e-09
9.3750000000e+01 1.7031132779e-09 6.6327553546e-10 1.0398377424e-09
9.3994140625e+01 1.6158494227e-09 6.2971194279e-10 9.8613747990e-10
9.4238281250e+01 1.5248477714e-09 5.9377697097e-10 9.3107080042e-10
9.4482421875e+01 1.4265485976e-09 5.5428142197e-10 8.7226717563e-10
9.4726562500e+01 1.3228140675e-09 5.1173845872e-10 8.1107560880e-10
9.4970703125e+01 1.2200200706e-09 4.6836469632e-10 7.5165537432e-10
9.5214843750e+01 1.1256651736e-09 4.2723005060e-10 6.9843512299e-10
9.5458984375e+01 1.0457967682e-09 3.9121340646e-10 6.5458336174e-10
9.5703125000e+01 9.8367577974e-10 3.6214409052e-10 6.2153168922e-10
9.5947265625e+01 9.3894426668e-10 3.4027299447e-10 5.9867127221e-10
9.6191406250e+01 9.0859217871e-10 3.2458106166e-10 5.8401111705e-10
9.6435546875e+01 8.8959169351e-10 3.1375732371e-10 5.7583436980e-10
9.6679687500e+01 8.8029819027e-10 3.0682208913e-10 5.7347610114e-10
9.6923828125e+01 8.7937502093e-10 3.0293938927e-10 5.7643563166e-10
9.7167968750e+01 8.8463048636e-10 3.0114955261e-10 5.8348093374e-10
9.7412109375e+01 8.9360910491e-10 3.0058883492e-10 5.9302026999e-10
9.7656250000e+01 9.0463141599e-10 3.0073113105e-10 6.0390028494e-10
9.7900390625e+01 9.1640792823e-10 3.0117400801e-10 6.1523392023e-10
9.8144531250e+01 9.2679808543e-10 3.0129165705e-10 6.2550642838e-10
9.8388671875e+01 9.3298984942e-10 3.0034349714e-10 6.3264635228e-10
9.8632812500e+01 9.3323474500e-10 2.9790468719e-10 6.3533005781e-10
9.8876953125e+01 9.2781076999e-10 2.9396794033e-10 6.3384282966e-10
9.9121093750e+01 9.1817018330e-10 2.8871607685e-10 6.2945410645e-10
9.9365234375e+01 9.0564309815e-10 2.8244516137e-10 6.2319793678e-10
9.9609375000e+01 8.9119925628e-10 2.7563774162e-10 6.1556151466e-10
9.9853515625e+01 8.7594742622e-10 2.6886621183e-10 6.0708121439e-10
1.0009765625e+02 8.6123700632e-10 2.6255458543e-10 5.9868242089e-10
1.0034179688e+02 8.4825655834e-10 2.5690930968e-10 5.9134724866e-10
1.0058593750e+02 8.3752815764e-10 2.5199995722e-10 5.8552820042e-10
1.0083007812e+02 8.2846050126e-10 2.4769620824e-10 5.8076429303e-10
1.0107421875e+02 8.1935300922e-10 2.4358540522e-10 5.7576760400e-10
1.0131835938e+02 8.0805442892e-10 2.3913901920e-10 5.6891540971e-10
1.0156250000e+02 7.9258780677e-10 2.3388419408e-10 5.5870361269e-10
1.0180664062e+02 7.7120343130e-10 2.2735227961e-10 5.4385115170e-10
1.0205078125e+02 7.4245896092e-10 2.1909449951e-10 5.2336446141e-10
1.0229492188e+02 7.0599520260e-10 2.0896768209e-10 4.9702752051e-10
1.0253906250e+02 6.6341400539e-10 1.9739475640e-10 4.6601924899e-10
1.0278320312e+02 6.1801227673e-10 1.8524702362e-10 4.3276525311e-10
1.0302734375e+02 5.7337726383e-10 1.7342974394e-10 3.9994751989e-10
1.0327148438e+02 5.3215523560e-10 1.6255566810e-10 3.6959956750e-10
1.0351562500e+02 4.9576433647e-10 1.5291077437e-10 3.4285356210e-10
1.0375976562e+02 4.6459082325e-10 1.4456469014e-10 3.2002613311e-10
1.0400390625e+02 4.3824666382e-10 1.3744076906e-10 3.0080589475e-10
1.0424804688e+02 4.1593359992e-10 1.3134556326e-10 2.8458803666e-10
1.0449218750e+02 3.9653633290e-10 1.2595600172e-10 2.7058033118e-10
1.0473632812e+02 3.7826410931e-10 1.2074004016e-10 2.5752406915e-10
1.0498046875e+02 3.5862739101e-10 1.1495788034e-10 2.4366951068e-10
1.0522460938e+02 3.3544844917e-10 1.0793846447e-10 2.2750998470e-10
1.0546875000e+02 3.0820832953e-10 9.9482003969e-11 2.0872632556e-10
1.0571289062e+02 2.7823018819e-10 8.9967877645e-11 1.8826231055e-10
1.0595703125e+02 2.4756564217e-10 8.0066586769e-11 1.6749905540e-10
1.0620117188e+02 2.1807289165e-10 7.0444772906e-11 1.4762811874e-10
1.0644531250e+02 1.9142454111e-10 6.1716062471e-11 1.2970847864e-10
1.0668945312e+02 1.6898365712e-10 5.4352842234e-11 1.1463081489e-10
1.0693359375e+02 1.5092835643e-10 4.8404551825e-11 1.0252380461e-10
1.0717773438e+02 1.3596623866e-10 4.3452697791e-11 9.2513540865e-11
1.0742187500e+02 1.2253912095e-10 3.9021876518e-11 8.3517244429e-11
1.0766601562e+02 1.1013869870e-10 3.4967058967e-11 7.5171639735e-11
1.0791015625e+02 9.9228306836e-11 3.1418065612e-11 6.7810241224e-11
1.0815429688e+02 9.0214452169e-11 2.8482495298e-11 6.1731956871e-11
1.0839843750e+02 8.2898821067e-11 2.6104215383e-11 5.6794605684e-11
1.0864257812e+02 7.6844922974e-11 2.4152500044e-11 5.2692422930e-11
1.0888671875e+02 7.1839109394e-11 2.2539727273e-11 4.9299382121e-11
1.0913085938e+02 6.7835920794e-11 2.1229088649e-11 4.6606832145e-11
1.0937500000e+02 6.4678957740e-11 2.0177900939e-11 4.4501056802e-11
1.0961914062e+02 6.2061973892e-11 1.9312603553e-11 4.2749370339e-11
1.0986328125e+02 5.9722119628e-11 1.8559464339e-11 4.1162655289e-11
1.1010742188e+02 5.7554934881e-11 1.7876677786e-11 3.9678257095e-11
1.1035156250e+02 5.5534627976e-11 1.7244909546e-11 3.8289718430e-11
1.1059570312e+02 5.3609788360e-11 1.6642827377e-11 3.6966960984e-11
1.1083984375e+02 5.1730236521e-11 1.6050817861e-11 3.5679418660e-11
1.1108398438e+02 4.9916196061e-11 1.5471875509e-11 3.4444320553e-11
1.1132812500e+02 4.8211451512e-11 1.4924551163e-11 3.3286900349e-11
1.1157226562e+02 4.6608237872e-11 1.4414791013e-11 3.2193446859e-11
1.1181640625e+02 4.5078071230e-11 1.3931034423e-11 3.1147036807e-11
1.1206054688e+02 4.3605700924e-11 1.3458947643e-11 3.0146753281e-11
1.1230468750e+02 4.2157264287e-11 1.2989878211e-11 2.9167386076e-11
1.1254882812e+02 4.0682432958e-11 1.2522385752e-11 2.8160047207e-11
1.1279296875e+02 3.9172928632e-11 1.2063233828e-11 2.7109694804e-11
1.1303710938e+02 3.7666321135e-11 1.1620671838e-11 2.6045649297e-11
1.1328125000e+02 3.6166347691e-11 1.1187845198e-11 2.4978502494e-11
1.1352539062e+02 3.4613895125e-11 1.0741187957e-11 2.3872707168e-11
1.1376953125e+02 3.2966591969e-11 1.0264329110e-11 2.2702262859e-11
1.1401367188e+02 3.1275913215e-11 9.7711447640e-12 2.1504768451e-11
1.1425781250e+02 2.9653884473e-11 9.2973960941e-12 2.0356488379e-11
1.1450195312e+02 2.8167824804e-11 8.8657434388e-12 1.9302081365e-11
1.1474609375e+02 2.6801629540e-11 8.4686765037e-12 1.8332953036e-11
1.1499023438e+02 2.5516274649e-11 8.0895964007e-12 1.7426678248e-11
1.1523437500e+02 2.4303451283e-11 7.7260411731e-12 1.6577410110e-11
1.1547851562e+02 2.3173748462e-11 7.3854228607e-12 1.5788325602e-11
1.1572265625e+02 2.2121942724e-11 7.0684668496e-12 1.5053475874e-11
1.1596679688e+02 2.1119462185e-11 6.7646955690e-12 1.4354766616e-11
1.1621093750e+02 2.0140560753e-11 6.4634781482e-12 1.3677082605e-11
1.1645507812e+02 1.9180335809e-11 6.1646754672e-12 1.3015660342e-11
1.1669921875e+02 1.8238921440e-11 5.8740492417e-12 1.2364872198e-11
1.1694335938e+02 1.7308293912e-11 5.5918694380e-12 1.1716424474e-11
1.1718750000e+02 1.6382623614e-11 5.3121400762e-12 1.1070483538e-11
1.1743164062e+02 1.5465552379e-11 5.0302441524e-12 1.0435308227e-11
1.1767578125e+02 1.4567352838e-11 4.7472005285e-12 9.8201523096e-12
1.1791992188e+02 1.3703040452e-11 4.4689066213e-12 9.2341338303e-12
1.1816406250e+02 1.2884350150e-11 4.2023835802e-12 8.6819665702e-12
1.1840820312e+02 1.2109707483e-11 3.9508841651e-12 8.1588233178e-12
1.1865234375e+02 1.1369267331e-11 3.7125775336e-12 7.6566897978e-12
1.1889648438e+02 1.0658439885e-11 3.4841264559e-12 7.1743134293e-12
1.1914062500e+02 9.9848632899e-12 3.2656279899e-12 6.7192352999e-12
1.1938476562e+02 9.3634219084e-12 3.0614170579e-12 6.3020048505e-12
1.1962890625e+02 8.8014415640e-12 2.8750324777e-12 5.9264090863e-12
1.1987304688e+02 8.2944545081e-12 2.7065452867e-12 5.5879092215e-12
1.2011718750e+02 7.8365897681e-12 2.5547422827e-12 5.2818474854e-12
1.2036132812e+02 7.4192100981e-12 2.4160000300e-12 5.0032100681e-12
1.2060546875e+02 7.0216504725e-12 2.2820005494e-12 4.7396499231e-12
1.2084960938e+02 6.6207784058e-12 2.1445418011e-12 4.4762366047e-12
1.2109375000e+02 6.2109468304e-12 2.0027109673e-12 4.2082358630e-12
1.2133789062e+02 5.8069517471e-12 1.8628205009e-12 3.9441312462e-12
1.2158203125e+02 5.4294976172e-12 1.7326390122e-12 3.6968586050e-12
1.2182617188e+02 5.0926701515e-12 1.6170091005e-12 3.4756610510e-12
1.2207031250e+02 4.8032701483e-12 1.5173974676e-12 3.2858726806e-12
1.2231445312e+02 4.5644660537e-12 1.4337636291e-12 3.1307024246e-12
1.2255859375e+02 4.3742222713e-12 1.3657626782e-12 3.0084595931e-12
1.2280273438e+02 4.2239659651e-12 1.3123824568e-12 2.9115835083e-12
1.2304687500e+02 4.1030923095e-12 1.2712462810e-12 2.8318460285e-12
1.2329101562e+02 4.0025356464e-12 1.2384746336e-12 2.7640610129e-12
1.2353515625e+02 3.9154967353e-12 1.2100945025e-12 2.7054022328e-12
1.2377929688e+02 3.8384831755e-12 1.1843125471e-12 2.6541706284e-12
1.2402343750e+02 3.7704139870e-12 1.1615864433e-12 2.6088275438e-12
1.2426757812e+02 3.7090200645e-12 1.1420453385e-12 2.5669747260e-12
1.2451171875e+02 3.6482505235e-12 1.1236381522e-12 2.5246123713e-12
1.2475585938e+02 3.5806041440e-12 1.1034926165e-12 2.4771115275e-12
1.2500000000e+02 3.5031234407e-12 1.0807065522e-12 2.4224168885e-12
1.2524414062e+02 3.4194355848e-12 1.0567281734e-12 2.3627074115e-12
1.2548828125e+02 3.3355253012e-12 1.0332349721e-12 2.3022903291e-12
1.2573242188e+02 3.2546995915e-12 1.0106971635e-12 2.2440024280e-12
1.2597656250e+02 3.1759678695e-12 9.8870204568e-13 2.1872658239e-12
1.2622070312e+02 3.0975074786e-12 9.6707864224e-13 2.1304288364e-12
1.2646484375e+02 3.0205241622e-12 9.4632644587e-13 2.0741977163e-12
1.2670898438e+02 2.9464193336e-12 9.2649385894e-13 2.0199254747e-12
1.2695312500e+02 2.8717526193e-12 9.0628524662e-13 1.9654673727e-12
1.2719726562e+02 2.7901479503e-12 8.8402859582e-13 1.9061193545e-12
1.2744140625e+02 2.6997228027e-12 8.5931488504e-13 1.8404079176e-12
1.2768554688e+02 2.6054491257e-12 8.3317594376e-13 1.7722731819e-12
1.2792968750e+02 2.5117393450e-12 8.0633590236e-13 1.7054034426e-12
1.2817382812e+02 2.4154860858e-12 7.7775214604e-13 1.6377339398e-12
1.2841796875e+02 2.3096658578e-12 7.4554477106e-13 1.5641210867e-12
1.2866210938e+02 2.1921587007e-12 7.0920888360e-13 1.4829498171e-12
1.2890625000e+02 2.0686030724e-12 6.7047918079e-13 1.3981238916e-12
1.2915039062e+02 1.9470823805e-12 6.3202004716e-13 1.3150623333e-12
1.2939453125e+02 1.8316968737e-12 5.9548342409e-13 1.2362134496e-12
1.2963867188e+02 1.7219172369e-12 5.6093050216e-13 1.1609867348e-12
1.2988281250e+02 1.6168707722e-12 5.2792320135e-13 1.0889475708e-12
1.3012695312e+02 1.5183834009e-12 4.9669612728e-13 1.0216872736e-12
1.3037109375e+02 1.4291020104e-12 4.6790207085e-13 9.6119993957e-13
1.3061523438e+02 1.3483230517e-12 4.4140093093e-13 9.0692212079e-13
1.3085937500e+02 1.2713353939e-12 4.1596090184e-13 8.5537449205e-13
1.3110351562e+02 1.1935254656e-12 3.9040098960e-13 8.0312447604e-13
1.3134765625e+02 1.1138845693e-12 3.6453477953e-13 7.4934978978e-13
1.3159179688e+02 1.0341728796e-12 3.3880619950e-13 6.9536668008e-13
1.3183593750e+02 9.5660356903e-13 3.1364577586e-13 6.4295779317e-13
1.3208007812e+02 8.8325689927e-13 2.8955457858e-13 5.9370232069e-13
1.3232421875e+02 8.1549026459e-13 2.6707899050e-13 5.4841127409e-13
1.3256835938e+02 7.5226920261e-13 2.4613667678e-13 5.0613252583e-13
1.3281250000e+02 6.9117258683e-13 2.2611643191e-13 4.6505615493e-13
1.3305664062e+02 6.3241206565e-13 2.0708513910e-13 4.2532692656e-13
1.3330078125e+02 5.7944015959e-13 1.9002798769e-13 3.8941217190e-13
1.3354492188e+02 5.3434875453e-13 1.7548232585e-13 3.5886642868e-13
1.3378906250e+02 4.9513856515e-13 1.6272676696e-13 3.3241179819e-13
1.3403320312e+02 4.5871388318e-13 1.5073204000e-13 3.0798184318e-13
1.3427734375e+02 4.2441057753e-13 1.3931758361e-13 2.8509299392e-13
1.3452148438e+02 3.9359131679e-13 1.2904877980e-13 2.6454253699e-13
1.3476562500e+02 3.6718209024e-13 1.2034189939e-13 2.4684019085e-13
1.3500976562e+02 3.4448255776e-13 1.1295093518e-13 2.3153162258e-13
1.3525390625e+02 3.2418577377e-13 1.0633964731e-13 2.1784612647e-13
1.3549804688e+02 3.0588623950e-13 1.0031284300e-13 2.0557339650e-13
1.3574218750e+02 2.8996978251e-13 9.5024230036e-14 1.9494555247e-13
1.3598632812e+02 2.7641348138e-13 9.0521420401e-14 1.8589206097e-13
1.3623046875e+02 2.6445200819e-13 8.6575073993e-14 1.7787693420e-13
1.3647460938e+02 2.5335880662e-13 8.2928982356e-14 1.7042982426e-13
1.3671875000e+02 2.4300701095e-13 7.9526635482e-14 1.6348037547e-13
1.3696289062e+02 2.3355677794e-13 7.6452824259e-14 1.5710395369e-13
1.3720703125e+02 2.2491460311e-13 7.3733459083e-14 1.5118114403e-13
1.3745117188e+02 2.1667701638e-13 7.1234603312e-14 1.4544241307e-13
1.3769531250e+02 2.0855347171e-13 6.8778464418e-14 1.3977500729e-13
1.3793945312e+02 2.0064008101e-13 6.6313518932e-14 1.3432656208e-13
1.3818359375e+02 1.9318757864e-13 6.3912491078e-14 1.2927508757e-13
1.3842773438e+02 1.8630816888e-13 6.1660679403e-14 1.2464748947e-13
1.3867187500e+02 1.7993463527e-13 5.9582250553e-14 1.2035238472e-13
1.3891601562e+02 1.7389840475e-13 5.7643049824e-14 1.1625535493e-13
1.3916015625e+02 1.6812723760e-13 5.5825882662e-14 1.1230135494e-13
1.3940429688e+02 1.6276083931e-13 5.4162986460e-14 1.0859785285e-13
1.3964843750e+02 1.5785322480e-13 5.2635590428e-14 1.0521763437e-13
1.3989257812e+02 1.5306987206e-13 5.1105635740e-14 1.0196423631e-13
1.4013671875e+02 1.4793097639e-13 4.9426349257e-14 9.8504627133e-14
1.4038085938e+02 1.4225936538e-13 4.7574007304e-14 9.4685358071e-14
1.4062500000e+02 1.3629150181e-13 4.5639690489e-14 9.0651811318e-14
1.4086914062e+02 1.3048736747e-13 4.3759014891e-14 8.6728352584e-14
1.4111328125e+02 1.2516296528e-13 4.2033044143e-14 8.3129921136e-14
1.4135742188e+02 1.2017362828e-13 4.0440432720e-14 7.9733195561e-14
1.4160156250e+02 1.1512405260e-13 3.8863124029e-14 7.6260928574e-14
1.4184570312e+02 1.0992018883e-13 3.7240568195e-14 7.2679620636e-14
1.4208984375e+02 1.0490398401e-13 3.5649633369e-14 6.9254350636e-14
1.4233398438e+02 1.0041602051e-13 3.4197888496e-14 6.6218132012e-14
1.4257812500e+02 9.6390579224e-14 3.2879450015e-14 6.3511129208e-14
1.4282226562e+02 9.2463243689e-14 3.1581487030e-14 6.0881756659e-14
1.4306640625e+02 8.8374026685e-14 3.0214200444e-14 5.8159826241e-14
1.4331054688e+02 8.4162083791e-14 2.8790924414e-14 5.5371159376e-14
1.4355468750e+02 8.0014381580e-14 2.7380294644e-14 5.2634086936e-14
1.4379882812e+02 7.6037068933e-14 2.6024391305e-14 5.0012677629e-14
1.4404296875e+02 7.2210388251e-14 2.4721050070e-14 4.7489338181e-14
1.4428710938e+02 6.8500958752e-14 2.3455568291e-14 4.5045390461e-14
1.4453125000e+02 6.4939326839e-14 2.2229708047e-14 4.2709618791e-14
1.4477539062e+02 6.1599345641e-14 2.1071912780e-14 4.0527432861e-14
1.4501953125e+02 5.8547731031e-14 2.0026360709e-14 3.8521370322e-14
1.4526367188e+02 5.5802015377e-14 1.9121214752e-14 3.6680800625e-14
1.4550781250e+02 5.3319386967e-14 1.8341864200e-14 3.4977522767e-14
1.4575195312e+02 5.1030323211e-14 1.7637699483e-14 3.3392623728e-14
1.4599609375e+02 4.8890366344e-14 1.6962165124e-14 3.1928201220e-14
1.4624023438e+02 4.6906056042e-14 1.6308676890e-14 3.0597379152e-14
1.4648437500e+02 4.5098383395e-14 1.5696868336e-14 2.9401515059e-14
1.4672851562e+02 4.3441508147e-14 1.5131881333e-14 2.8309626814e-14
1.4697265625e+02 4.1873183627e-14 1.4601006939e-14 2.7272176688e-14
1.4721679688e+02 4.0355619592e-14 1.4096698369e-14 2.6258921223e-14
1.4746093750e+02 3.8877873030e-14 1.3614267979e-14 2.5263605051e-14
1.4770507812e+02 3.7425508465e-14 1.3143163464e-14 2.4282345001e-14
1.4794921875e+02 3.6008980291e-14 1.2686468396e-14 2.3322511895e-14
1.4819335938e+02 3.4701460622e-14 1.2274054770e-14 2.2427405851e-14
1.4843750000e+02 3.3584732815e-14 1.1933213639e-14 2.1651519176e-14
1.4868164062e+02 3.2655857418e-14 1.1652463906e-14 2.1003393512e-14
1.4892578125e+02 3.1827460630e-14 1.1390627730e-14 2.0436832900e-14
1.4916992188e+02 3.1010893007e-14 1.1116519866e-14 1.9894373141e-14
1.4941406250e+02 3.0176856810e-14 1.0829566700e-14 1.9347290109e-14
1.4965820312e+02 2.9361563050e-14 1.0553143013e-14 1.8808420037e-14
1.4990234375e+02 2.8623827144e-14 1.0313925418e-14 1.8309901727e-14
1.5014648438e+02 2.7977799854e-14 1.0115424314e-14 1.7862375541e-14
1.5039062500e+02 2.7388382478e-14 9.9350946623e-15 1.7453287816e-14
1.5063476562e+02 2.6836480638e-14 9.7546117369e-15 1.7081868901e-14
1.5087890625e+02 2.6334359863e-14 9.5775597662e-15 1.6756800097e-14
1.5112304688e+02 2.5870627187e-14 9.4118682072e-15 1.6458758979e-14
1.5136718750e+02 2.5395790555e-14 9.2522802905e-15 1.6143510264e-14
1.5161132812e+02 2.4875462987e-14 9.0865501426e-15 1.5788912844e-14
1.5185546875e+02 2.4325848998e-14 8.9101814782e-15 1.5415667519e-14
1.5209960938e+02 2.3789106700e-14 8.7313879263e-15 1.5057718773e-14
1.5234375000e+02 2.3294511226e-14 8.5632292435e-15 1.4731281982e-14
1.5258789062e+02 2.2849552878e-14 8.4123317141e-15 1.4437221163e-14
1.5283203125e+02 2.2448635968e-14 8.2758378260e-15 1.4172798142e-14
1.5307617188e+02 2.2071416886e-14 8.1456412077e-15 1.3925775678e-14
1.5332031250e+02 2.1681834287e-14 8.0124299609e-15 1.3669404326e-14
1.5356445312e+02 2.1250776703e-14 7.8694103981e-15 1.3381366304e-14
1.5380859375e+02 2.0781739396e-14 7.7165481004e-15 1.3065191295e-14
1.5405273438e+02 2.0303717226e-14 7.5600563048e-15 1.2743660921e-14
1.5429687500e+02 1.9843528748e-14 7.4065340818e-15 1.2436994667e-14
1.5454101562e+02 1.9416048148e-14 7.2602089193e-15 1.2155839228e-14
1.5478515625e+02 1.9028312774e-14 7.1237969272e-15 1.1904515847e-14
1.5502929688e+02 1.8675949337e-14 6.9967466911e-15 1.1679202646e-14
1.5527343750e+02 1.8342540872e-14 6.8745977179e-15 1.1467943154e-14
1.5551757812e+02 1.8010523059e-14 6.7534821137e-15 1.1257040945e-14
1.5576171875e+02 1.7671325170e-14 6.6339165798e-15 1.1037408590e-14
1.5600585938e+02 1.7327835014e-14 6.5192344225e-15 1.0808600591e-14
1.5625000000e+02 1.6991782195e-14 6.4109754774e-15 1.0580806718e-14
1.5649414062e+02 1.6679217164e-14 6.3074242214e-15 1.0371792943e-14
1.5673828125e+02 1.6404228960e-14 6.2082282321e-15 1.0196000728e-14
1.5698242188e+02 1.6172113374e-14 6.1180814059e-15 1.0054031968e-14
1.5722656250e+02 1.5974245104e-14 6.0414106151e-15 9.9328344893e-15
1.5747070312e+02 1.5788044368e-14 5.9740498800e-15 9.8139944880e-15
1.5771484375e+02 1.5590611907e-14 5.9056970084e-15 9.6849148983e-15
1.5795898438e+02 1.5378846168e-14 5.8317446792e-15 9.5471014885e-15
1.5820312500e+02 1.5171038864e-14 5.7582405383e-15 9.4127983256e-15
1.5844726562e+02 1.4985476831e-14 5.6934994692e-15 9.2919773622e-15
1.5869140625e+02 1.4821641481e-14 5.6383300785e-15 9.1833114026e-15
1.5893554688e+02 1.4665803831e-14 5.5874154132e-15 9.0783884180e-15
1.5917968750e+02 1.4508853227e-14 5.5366980161e-15 8.9721552107e-15
1.5942382812e+02 1.4351570471e-14 5.4850185462e-15 8.8665519250e-15
1.5966796875e+02 1.4199469883e-14 5.4326895362e-15 8.7667803466e-15
1.5991210938e+02 1.4060021307e-14 5.3829489530e-15 8.6770723536e-15
1.6015625000e+02 1.3938394954e-14 5.3404689566e-15 8.5979259975e-15
1.6040039062e+02 1.3830741790e-14 5.3054258349e-15 8.5253159556e-15
1.6064453125e+02 1.3727312180e-14 5.2725226219e-15 8.4547895580e-15
1.6088867188e+02 1.3624894970e-14 5.2369559525e-15 8.3879390178e-15
1.6113281250e+02 1.3529129740e-14 5.1989686333e-15 8.3301611069e-15
1.6137695312e+02 1.3443570509e-14 5.1624700304e-15 8.2811004787e-15
1.6162109375e+02 1.3365854241e-14 5.1308967328e-15 8.2349575078e-15
1.6186523438e+02 1.3294047092e-14 5.1049872026e-15 8.1890598892e-15
1.6210937500e+02 1.3228837305e-14 5.0840579920e-15 8.1447793129e-15
1.6235351562e+02 1.3170879929e-14 5.0676452255e-15 8.1032347038e-15
1.6259765625e+02 1.3119158813e-14 5.0546812944e-15 8.0644775188e-15
1.6284179688e+02 1.3072526992e-14 5.0430912641e-15 8.0294357280e-15
1.6308593750e+02 1.3032347580e-14 5.0316323067e-15 8.0007152734e-15
1.6333007812e+02 1.2999840033e-14 5.0200815636e-15 7.9797584691e-15
1.6357421875e+02 1.2971456236e-14 5.0071571627e-15 7.9642990730e-15
1.6381835938e+02 1.2940909509e-14 4.9910716626e-15 7.9498378466e-15
1.6406250000e+02 1.2905233153e-14 4.9727469710e-15 7.9324861818e-15
1.6430664062e+02 1.2867069428e-14 4.9562475837e-15 7.9108218447e-15
1.6455078125e+02 1.2830975914e-14 4.9449871444e-15 7.8859887693e-15
1.6479492188e+02 1.2798434536e-14 4.9382414043e-15 7.8601931315e-15
1.6503906250e+02 1.2767767039e-14 4.9323008131e-15 7.8354662261e-15
1.6528320312e+02 1.2738001501e-14 4.9242594091e-15 7.8137420917e-15
1.6552734375e+02 1.2710753173e-14 4.9137693271e-15 7.7969838456e-15
1.6577148438e+02 1.2688242482e-14 4.9026911079e-15 7.7855513743e-15
1.6601562500e+02 1.2669979085e-14 4.8935538777e-15 7.7764252072e-15
1.6625976562e+02 1.2651687705e-14 4.8866798881e-15 7.7650078166e-15
1.6650390625e+02 1.2628857722e-14 4.8793363477e-15 7.7495213742e-15
1.6674804688e+02 1.2601695618e-14 4.8692775836e-15 7.7324180342e-15
1.6699218750e+02 1.2574009406e-14 4.8576723962e-15 7.7163370100e-15
1.6723632812e+02 1.2547546164e-14 4.8470372212e-15 7.7005089432e-15
1.6748046875e+02 1.2521725176e-14 4.8382464124e-15 7.6834787632e-15
1.6772460938e+02 1.2497541409e-14 4.8306501702e-15 7.6668912391e-15
1.6796875000e+02 1.2477202927e-14 4.8236864262e-15 7.6535165009e-15
1.6821289062e+02 1.2461405896e-14 4.8177968912e-15 7.6436090045e-15
1.6845703125e+02 1.2448993352e-14 4.8135796035e-15 7.6354137490e-15
1.6870117188e+02 1.2437681513e-14 4.8103142556e-15 7.6273672575e-15
1.6894531250e+02 1.2426297114e-14 4.8064254467e-15 7.6198716669e-15
1.6918945312e+02 1.2417013758e-14 4.8009484285e-15 7.6160653298e-15
1.6943359375e+02 1.2410726169e-14 4.7939245352e-15 7.6168016336e-15
1.6967773438e+02 1.2401173462e-14 4.7861745182e-15 7.6149989436e-15
1.6992187500e+02 1.2380208341e-14 4.7787586680e-15 7.6014496728e-15
1.7016601562e+02 1.2348287711e-14 4.7726446932e-15 7.5756430178e-15
1.7041015625e+02 1.2315658286e-14 4.7684785289e-15 7.5471797567e-15
1.7065429688e+02 1.2293753101e-14 4.7657358451e-15 7.5280172563e-15
1.7089843750e+02 1.2286490718e-14 4.7631632835e-15 7.5233274344e-15
1.7114257812e+02 1.2288020838e-14 4.7601049143e-15 7.5279159232e-15
1.7138671875e+02 1.2288488407e-14 4.7564380878e-15 7.5320503194e-15
1.7163085938e+02 1.2283154656e-14 4.7526155398e-15 7.5305391160e-15
1.7187500000e+02 1.2274392954e-14 4.7498375175e-15 7.5245554362e-15
1.7211914062e+02 1.2265157240e-14 4.7484420021e-15 7.5167152375e-15
1.7236328125e+02 1.2254775803e-14 4.7469332073e-15 7.5078425959e-15
1.7260742188e+02 1.2242030669e-14 4.7439511503e-15 7.4980795183e-15
1.7285156250e+02 1.2229221735e-14 4.7402080810e-15 7.4890136540e-15
1.7309570312e+02 1.2220680427e-14 4.7375934386e-15 7.4830869881e-15
1.7333984375e+02 1.2217152779e-14 4.7369663144e-15 7.4801864650e-15
1.7358398438e+02 1.2213699632e-14 4.7373868544e-15 7.4763127779e-15
1.7382812500e+02 1.2205322461e-14 4.7374288782e-15 7.4678935829e-15
1.7407226562e+02 1.2193624776e-14 4.7368111311e-15 7.4568136450e-15
1.7431640625e+02 1.2184751290e-14 4.7359580974e-15 7.4487931924e-15
1.7456054688e+02 1.2181270109e-14 4.7338520834e-15 7.4474180255e-15
1.7480468750e+02 1.2180160766e-14 4.7285868568e-15 7.4515739096e-15
1.7504882812e+02 1.2178771062e-14 4.7210848835e-15 7.4576861783e-15
1.7529296875e+02 1.2177411225e-14 4.7152145907e-15 7.4621966346e-15
1.7553710938e+02 1.2176112403e-14 4.7132984723e-15 7.4628139303e-15
1.7578125000e+02 1.2174267364e-14 4.7142665751e-15 7.4600007890e-15
1.7602539062e+02 1.2172205078e-14 4.7159012739e-15 7.4563038038e-15
1.7626953125e+02 1.2169487735e-14 4.7166221562e-15 7.4528655793e-15
1.7651367188e+02 1.2165099696e-14 4.7158988332e-15 7.4492008627e-15
1.7675781250e+02 1.2160497651e-14 4.7143317240e-15 7.4461659269e-15
1.7700195312e+02 1.2157566870e-14 4.7129992415e-15 7.4445676285e-15
1.7724609375e+02 1.2154910231e-14 4.7126609897e-15 7.4422492417e-15
1.7749023438e+02 1.2150606490e-14 4.7137900243e-15 7.4368164657e-15
1.7773437500e+02 1.2145585365e-14 4.7163946927e-15 7.4291906726e-15
1.7797851562e+02 1.2142029543e-14 4.7192197765e-15 7.4228097666e-15
1.7822265625e+02 1.2141429959e-14 4.7202047656e-15 7.4212251936e-15
1.7846679688e+02 1.2143608155e-14 4.7182922437e-15 7.4253159111e-15
1.7871093750e+02 1.2145626875e-14 4.7143004326e-15 7.4313264427e-15
1.7895507812e+02 1.2143361291e-14 4.7101464352e-15 7.4332148561e-15
1.7919921875e+02 1.2134912720e-14 4.7074757503e-15 7.4274369692e-15
1.7944335938e+02 1.2122512069e-14 4.7068214057e-15 7.4156906633e-15
1.7968750000e+02 1.2111874386e-14 4.7075982733e-15 7.4042761127e-15
1.7993164062e+02 1.2108157865e-14 4.7086751645e-15 7.3994827010e-15
1.8017578125e+02 1.2112061917e-14 4.7094727678e-15 7.4025891489e-15
1.8041992188e+02 1.2120638927e-14 4.7104293216e-15 7.4102096050e-15
1.8066406250e+02 1.2129751719e-14 4.7118891200e-15 7.4178625992e-15
1.8090820312e+02 1.2135354125e-14 4.7129851437e-15 7.4223689815e-15
1.8115234375e+02 1.2136222988e-14 4.7124653759e-15 7.4237576121e-15
1.8139648438e+02 1.2135672385e-14 4.7107128256e-15 7.4249595591e-15
1.8164062500e+02 1.2137079349e-14 4.7095766784e-15 7.4275026708e-15
1.8188476562e+02 1.2139327210e-14 4.7098022231e-15 7.4295249870e-15
1.8212890625e+02 1.2138512459e-14 4.7102140264e-15 7.4282984324e-15
1.8237304688e+02 1.2131722679e-14 4.7094244111e-15 7.4222982675e-15
1.8261718750e+02 1.2119430610e-14 4.7073040431e-15 7.4121265671e-15
1.8286132812e+02 1.2105952468e-14 4.7052174289e-15 7.4007350393e-15
1.8310546875e+02 1.2097321118e-14 4.7051320732e-15 7.3921890445e-15
1.8334960938e+02 1.2097701311e-14 4.7079979009e-15 7.3897034103e-15
1.8359375000e+02 1.2106068704e-14 4.7124634423e-15 7.3936052616e-15
1.8383789062e+02 1.2115582568e-14 4.7151873716e-15 7.4003951960e-15
1.8408203125e+02 1.2118653432e-14 4.7133497359e-15 7.4053036958e-15
1.8432617188e+02 1.2113896389e-14 4.7073893987e-15 7.4065069901e-15
1.8457031250e+02 1.2106169643e-14 4.7007841533e-15 7.4053854899e-15
1.8481445312e+02 1.2100514578e-14 4.6967466150e-15 7.4037679633e-15
1.8505859375e+02 1.2097924515e-14 4.6957990155e-15 7.4021254991e-15
1.8530273438e+02 1.2095971766e-14 4.6968548526e-15 7.3991169132e-15
1.8554687500e+02 1.2092638416e-14 4.6989508374e-15 7.3936875786e-15
1.8579101562e+02 1.2089079981e-14 4.7012516382e-15 7.3878283425e-15
1.8603515625e+02 1.2087823816e-14 4.7029692654e-15 7.3848545501e-15
1.8627929688e+02 1.2089911739e-14 4.7039682518e-15 7.3859434871e-15
1.8652343750e+02 1.2095633897e-14 4.7048815388e-15 7.3907523580e-15
1.8676757812e+02 1.2104864411e-14 4.7061304931e-15 7.3987339176e-15
1.8701171875e+02 1.2114532457e-14 4.7067552921e-15 7.4077771647e-15
1.8725585938e+02 1.2119429473e-14 4.7048877895e-15 7.4145416838e-15
1.8750000000e+02 1.2116937759e-14 4.6998450779e-15 7.4170926810e-15
1.8774414062e+02 1.2109208592e-14 4.6931577761e-15 7.4160508157e-15
1.8798828125e+02 1.2101448265e-14 4.6874368673e-15 7.4140113974e-15
1.8823242188e+02 1.2098349834e-14 4.6845430940e-15 7.4138067399e-15
1.8847656250e+02 1.2100522451e-14 4.6843260187e-15 7.4161964320e-15
1.8872070312e+02 1.2104463850e-14 4.6849834296e-15 7.4194804204e-15
1.8896484375e+02 1.2106988269e-14 4.6852266389e-15 7.4217616302e-15
1.8920898438e+02 1.2108568258e-14 4.6857667600e-15 7.4228014983e-15
1.8945312500e+02 1.2110570815e-14 4.6877807107e-15 7.4227901047e-15
1.8969726562e+02 1.2111919387e-14 4.6907026661e-15 7.4212167206e-15
1.8994140625e+02 1.2111267444e-14 4.6928479405e-15 7.4184195038e-15
1.9018554688e+02 1.2109023799e-14 4.6933695489e-15 7.4156542504e-15
1.9042968750e+02 1.2105772153e-14 4.6925874168e-15 7.4131847359e-15
1.9067382812e+02 1.2101964722e-14 4.6914426527e-15 7.4105220689e-15
1.9091796875e+02 1.2099660395e-14 4.6911868863e-15 7.4084735089e-15
1.9116210938e+02 1.2101762939e-14 4.6927084081e-15 7.4090545306e-15
1.9140625000e+02 1.2108169855e-14 4.6958591886e-15 7.4123106663e-15
1.9165039062e+02 1.2115161673e-14 4.6992257801e-15 7.4159358931e-15
1.9189453125e+02 1.2120025267e-14 4.7004482296e-15 7.4195770377e-15
1.9213867188e+02 1.2122826468e-14 4.6981215350e-15 7.4247049333e-15
1.9238281250e+02 1.2123251747e-14 4.6936615227e-15 7.4295902239e-15
1.9262695312e+02 1.2120621880e-14 4.6900349388e-15 7.4305869408e-15
1.9287109375e+02 1.2116907512e-14 4.6891231960e-15 7.4277843161e-15
1.9311523438e+02 1.2115069071e-14 4.6909643706e-15 7.4241047007e-15
1.9335937500e+02 1.2114650941e-14 4.6941717715e-15 7.4204791696e-15
1.9360351562e+02 1.2112216369e-14 4.6963397857e-15 7.4158765837e-15
1.9384765625e+02 1.2106140000e-14 4.6955178476e-15 7.4106221529e-15
1.9409179688e+02 1.2099300492e-14 4.6924930013e-15 7.4068074906e-15
1.9433593750e+02 1.2096285397e-14 4.6903867811e-15 7.4058986157e-15
1.9458007812e+02 1.2097759560e-14 4.6908413771e-15 7.4069181826e-15
1.9482421875e+02 1.2098912614e-14 4.6921147082e-15 7.4067979061e-15
1.9506835938e+02 1.2095594619e-14 4.6920989665e-15 7.4034956525e-15
1.9531250000e+02 1.2090241072e-14 4.6913311449e-15 7.3989099270e-15
1.9555664062e+02 1.2088563534e-14 4.6916138852e-15 7.3969496491e-15
1.9580078125e+02 1.2092416030e-14 4.6935509548e-15 7.3988650747e-15
1.9604492188e+02 1.2099157583e-14 4.6968904988e-15 7.4022670844e-15
1.9628906250e+02 1.2106043103e-14 4.7014351763e-15 7.4046079265e-15
1.9653320312e+02 1.2111963513e-14 4.7061076047e-15 7.4058559086e-15
1.9677734375e+02 1.2115400517e-14 4.7088053223e-15 7.4065951950e-15
1.9702148438e+02 1.2113710094e-14 4.7086765647e-15 7.4050335289e-15
1.9726562500e+02 1.2106307863e-14 4.7073169080e-15 7.3989909549e-15
1.9750976562e+02 1.2097390977e-14 4.7066822222e-15 7.3907087547e-15
1.9775390625e+02 1.2093781149e-14 4.7069336090e-15 7.3868475404e-15
1.9799804688e+02 1.2099337892e-14 4.7071166799e-15 7.3922212118e-15
1.9824218750e+02 1.2111001098e-14 4.7063122225e-15 7.4046888759e-15
1.9848632812e+02 1.2121229124e-14 4.7032613059e-15 7.4179678180e-15
1.9873046875e+02 1.2125037088e-14 4.6970115349e-15 7.4280255527e-15
1.9897460938e+02 1.2122831561e-14 4.6888108574e-15 7.4340207039e-15
1.9921875000e+02 1.2116817202e-14 4.6816402877e-15 7.4351769147e-15
1.9946289062e+02 1.2108456890e-14 4.6777340528e-15 7.4307228373e-15
1.9970703125e+02 1.2099518174e-14 4.6776564368e-15 7.4218617374e-15
1.9995117188e+02 1.2092576894e-14 4.6810002514e-15 7.4115766424e-15
2.0019531250e+02 1.2089684360e-14 4.6864664560e-15 7.4032179037e-15
2.0043945312e+02 1.2090704598e-14 4.6915810130e-15 7.3991235851e-15
2.0068359375e+02 1.2092473538e-14 4.6936721011e-15 7.3988014366e-15
2.0092773438e+02 1.2090974705e-14 4.6917299160e-15 7.3992447892e-15
2.0117187500e+02 1.2085776838e-14 4.6869983985e-15 7.3987784391e-15
2.0141601562e+02 1.2079968664e-14 4.6818392986e-15 7.3981293659e-15
2.0166015625e+02 1.2075964670e-14 4.6790674952e-15 7.3968971751e-15
2.0190429688e+02 1.2074566182e-14 4.6811532331e-15 7.3934129486e-15
2.0214843750e+02 1.2076549655e-14 4.6876640197e-15 7.3888856355e-15
2.0239257812e+02 1.2082686327e-14 4.6949090354e-15 7.3877772914e-15
2.0263671875e+02 1.2091406951e-14 4.6995482554e-15 7.3918586953e-15
2.0288085938e+02 1.2097397640e-14 4.7009369458e-15 7.3964606946e-15
2.0312500000e+02 1.2096658623e-14 4.7000561753e-15 7.3966024475e-15
2.0336914062e+02 1.2092307525e-14 4.6977882506e-15 7.3945192747e-15
2.0361328125e+02 1.2090451701e-14 4.6943836674e-15 7.3960680336e-15
2.0385742188e+02 1.2092076219e-14 4.6902050803e-15 7.4018711391e-15
2.0410156250e+02 1.2093418210e-14 4.6863253163e-15 7.4070928941e-15
2.0434570312e+02 1.2091910429e-14 4.6840150461e-15 7.4078953833e-15
2.0458984375e+02 1.2088296601e-14 4.6839295516e-15 7.4043670494e-15
2.0483398438e+02 1.2085460178e-14 4.6858890153e-15 7.3995711624e-15
2.0507812500e+02 1.2087264560e-14 4.6896849735e-15 7.3975795867e-15
2.0532226562e+02 1.2095967683e-14 4.6955484691e-15 7.4004192142e-15
2.0556640625e+02 1.2109172268e-14 4.7029705546e-15 7.4062017139e-15
2.0581054688e+02 1.2120007233e-14 4.7096125939e-15 7.4103946387e-15
2.0605468750e+02 1.2121505426e-14 4.7122543577e-15 7.4092510681e-15
2.0629882812e+02 1.2112712137e-14 4.7093603339e-15 7.4033518033e-15
2.0654296875e+02 1.2099585867e-14 4.7025663104e-15 7.3970195567e-15
2.0678710938e+02 1.2088737138e-14 4.6951768838e-15 7.3935602539e-15
2.0703125000e+02 1.2083044415e-14 4.6896252685e-15 7.3934191468e-15
2.0727539062e+02 1.2082093209e-14 4.6864413516e-15 7.3956518574e-15
2.0751953125e+02 1.2082294153e-14 4.6846555004e-15 7.3976386525e-15
2.0776367188e+02 1.2079129150e-14 4.6831590492e-15 7.3959701003e-15
2.0800781250e+02 1.2072626743e-14 4.6824384025e-15 7.3901883407e-15
2.0825195312e+02 1.2067563214e-14 4.6841379435e-15 7.3834252702e-15
2.0849609375e+02 1.2067580131e-14 4.6883268959e-15 7.3792532350e-15
2.0874023438e+02 1.2072088974e-14 4.6928492988e-15 7.3792396749e-15
2.0898437500e+02 1.2077809756e-14 4.6960290706e-15 7.3817806858e-15
2.0922851562e+02 1.2081332915e-14 4.6983960193e-15 7.3829368958e-15
2.0947265625e+02 1.2081715404e-14 4.7011323370e-15 7.3805830668e-15
2.0971679688e+02 1.2080992768e-14 4.7043143992e-15 7.3766783685e-15
2.0996093750e+02 1.2081096644e-14 4.7072390551e-15 7.3738575892e-15
2.1020507812e+02 1.2081402020e-14 4.7087651713e-15 7.3726368483e-15
2.1044921875e+02 1.2080623324e-14 4.7069096611e-15 7.3737136629e-15
2.1069335938e+02 1.2079483813e-14 4.7004574843e-15 7.3790263291e-15
2.1093750000e+02 1.2079506375e-14 4.6916355564e-15 7.3878708189e-15
2.1118164062e+02 1.2080243991e-14 4.6850510352e-15 7.3951929560e-15
2.1142578125e+02 1.2080626036e-14 4.6835736305e-15 7.3970524052e-15
2.1166992188e+02 1.2082512942e-14 4.6869016532e-15 7.3956112888e-15
2.1191406250e+02 1.2087861387e-14 4.6932100892e-15 7.3946512976e-15
2.1215820312e+02 1.2092634218e-14 4.6995567532e-15 7.3930774652e-15
2.1240234375e+02 1.2090498197e-14 4.7023362050e-15 7.3881619922e-15
2.1264648438e+02 1.2082530937e-14 4.7005608034e-15 7.3819701336e-15
2.1289062500e+02 1.2076776331e-14 4.6970100215e-15 7.3797663093e-15
2.1313476562e+02 1.2078346942e-14 4.6943531081e-15 7.3839938340e-15
2.1337890625e+02 1.2084413845e-14 4.6924926686e-15 7.3919211766e-15
2.1362304688e+02 1.2088901377e-14 4.6904035951e-15 7.3984977817e-15
2.1386718750e+02 1.2089124875e-14 4.6880379440e-15 7.4010869310e-15
2.1411132812e+02 1.2086817196e-14 4.6858101625e-15 7.4010070338e-15
2.1435546875e+02 1.2084291566e-14 4.6840452038e-15 7.4002463626e-15
2.1459960938e+02 1.2082247072e-14 4.6833605291e-15 7.3988865428e-15
2.1484375000e+02 1.2081423686e-14 4.6844164592e-15 7.3970072270e-15
2.1508789062e+02 1.2082664447e-14 4.6871126138e-15 7.3955518328e-15
2.1533203125e+02 1.2084904277e-14 4.6905129984e-15 7.3943912790e-15
2.1557617188e+02 1.2087136265e-14 4.6936535222e-15 7.3934827425e-15
2.1582031250e+02 1.2091385471e-14 4.6965829996e-15 7.3948024718e-15
2.1606445312e+02 1.2099923708e-14 4.7004604720e-15 7.3994632360e-15
2.1630859375e+02 1.2110318596e-14 4.7056902862e-15 7.4046283099e-15
2.1655273438e+02 1.2115692488e-14 4.7101638376e-15 7.4055286502e-15
2.1679687500e+02 1.2112110035e-14 4.7112585337e-15 7.4008515009e-15
2.1704101562e+02 1.2104400240e-14 4.7090799483e-15 7.3953202913e-15
2.1728515625e+02 1.2100300866e-14 4.7055456233e-15 7.3947552423e-15
2.1752929688e+02 1.2101034384e-14 4.7018531870e-15 7.3991811975e-15
2.1777343750e+02 1.2101831209e-14 4.6986060247e-15 7.4032251844e-15
2.1801757812e+02 1.2098852835e-14 4.6959250992e-15 7.4029277360e-15
2.1826171875e+02 1.2092675364e-14 4.6924356596e-15 7.4002397041e-15
2.1850585938e+02 1.2086979949e-14 4.6871583184e-15 7.3998216305e-15
2.1875000000e+02 1.2084774081e-14 4.6823377552e-15 7.4024363257e-15
2.1899414062e+02 1.2085116124e-14 4.6812374971e-15 7.4038786272e-15
2.1923828125e+02 1.2085089611e-14 4.6841913462e-15 7.4008982653e-15
2.1948242188e+02 1.2083916273e-14 4.6889975356e-15 7.3949187372e-15
2.1972656250e+02 1.2081910807e-14 4.6933759851e-15 7.3885348220e-15
2.1997070312e+02 1.2078785491e-14 4.6958204306e-15 7.3829650601e-15
2.2021484375e+02 1.2076107355e-14 4.6954649466e-15 7.3806424083e-15
2.2045898438e+02 1.2077359565e-14 4.6923327905e-15 7.3850267746e-15
2.2070312500e+02 1.2084075606e-14 4.6879852809e-15 7.3960903254e-15
2.2094726562e+02 1.2093713778e-14 4.6847106330e-15 7.4090031452e-15
2.2119140625e+02 1.2101246195e-14 4.6835305435e-15 7.4177156518e-15
2.2143554688e+02 1.2103849045e-14 4.6842156126e-15 7.4196334324e-15
2.2167968750e+02 1.2104351087e-14 4.6865081654e-15 7.4178429215e-15
2.2192382812e+02 1.2107422923e-14 4.6899537617e-15 7.4174691611e-15
2.2216796875e+02 1.2112240694e-14 4.6933573042e-15 7.4188833897e-15
2.2241210938e+02 1.2112716411e-14 4.6953374488e-15 7.4173789625e-15
2.2265625000e+02 1.2104749782e-14 4.6953159443e-15 7.4094338374e-15
2.2290039062e+02 1.2090243915e-14 4.6938682614e-15 7.3963756536e-15
2.2314453125e+02 1.2075797024e-14 4.6922607224e-15 7.3835363014e-15
2.2338867188e+02 1.2068616428e-14 4.6915509447e-15 7.3770654832e-15
2.2363281250e+02 1.2070475111e-14 4.6916794657e-15 7.3787956448e-15
2.2387695312e+02 1.2075570755e-14 4.6913908180e-15 7.3841799374e-15
2.2412109375e+02 1.2077510948e-14 4.6897339644e-15 7.3877769833e-15
2.2436523438e+02 1.2076658677e-14 4.6875219220e-15 7.3891367553e-15
2.2460937500e+02 1.2076172019e-14 4.6861047985e-15 7.3900672206e-15
2.2485351562e+02 1.2074505843e-14 4.6852600948e-15 7.3892457477e-15
2.2509765625e+02 1.2068558150e-14 4.6839142825e-15 7.3846438672e-15
2.2534179688e+02 1.2061584417e-14 4.6825331752e-15 7.3790512422e-15
2.2558593750e+02 1.2061554950e-14 4.6831681224e-15 7.3783868272e-15
2.2583007812e+02 1.2071604673e-14 4.6869165047e-15 7.3846881680e-15
2.2607421875e+02 1.2085974416e-14 4.6926835943e-15 7.3932908215e-15
2.2631835938e+02 1.2095378270e-14 4.6983786935e-15 7.3969995762e-15
2.2656250000e+02 1.2095072835e-14 4.7024317273e-15 7.3926411073e-15
2.2680664062e+02 1.2088737951e-14 4.7049117425e-15 7.3838262081e-15
2.2705078125e+02 1.2083759845e-14 4.7072270134e-15 7.3765328319e-15
2.2729492188e+02 1.2083438814e-14 4.7101963797e-15 7.3732424346e-15
2.2753906250e+02 1.2086045998e-14 4.7130585912e-15 7.3729874069e-15
2.2778320312e+02 1.2088738335e-14 4.7140273609e-15 7.3747109743e-15
2.2802734375e+02 1.2089449097e-14 4.7111045997e-15 7.3783444976e-15
2.2827148438e+02 1.2086887526e-14 4.7032846943e-15 7.3836028318e-15
2.2851562500e+02 1.2080869278e-14 4.6922470240e-15 7.3886222540e-15
2.2875976562e+02 1.2072566039e-14 4.6823688714e-15 7.3901971675e-15
2.2900390625e+02 1.2064418730e-14 4.6777198625e-15 7.3866988672e-15
2.2924804688e+02 1.2059969301e-14 4.6792958986e-15 7.3806734023e-15
2.2949218750e+02 1.2062376538e-14 4.6852570498e-15 7.3771194881e-15
2.2973632812e+02 1.2071598296e-14 4.6926090784e-15 7.3789892175e-15
2.2998046875e+02 1.2084477428e-14 4.6989251296e-15 7.3855522981e-15
2.3022460938e+02 1.2097869602e-14 4.7033638470e-15 7.3945057554e-15
2.3046875000e+02 1.2109206593e-14 4.7058949447e-15 7.4033116484e-15
2.3071289062e+02 1.2115187396e-14 4.7061084864e-15 7.4090789096e-15
2.3095703125e+02 1.2113542460e-14 4.7039550999e-15 7.4095873603e-15
2.3120117188e+02 1.2106023976e-14 4.7009072922e-15 7.4051166838e-15
2.3144531250e+02 1.2097728202e-14 4.6985738813e-15 7.3991543210e-15
2.3168945312e+02 1.2093493006e-14 4.6970476334e-15 7.3964453724e-15
2.3193359375e+02 1.2094904771e-14 4.6962767737e-15 7.3986279970e-15
2.3217773438e+02 1.2100054390e-14 4.6974783851e-15 7.4025760051e-15
2.3242187500e+02 1.2105724112e-14 4.7010526679e-15 7.4046714442e-15
2.3266601562e+02 1.2109526091e-14 4.7044669039e-15 7.4050591868e-15
2.3291015625e+02 1.2111095305e-14 4.7047356119e-15 7.4063596934e-15
2.3315429688e+02 1.2111211062e-14 4.7017816161e-15 7.4094294455e-15
2.3339843750e+02 1.2109086922e-14 4.6975194088e-15 7.4115675128e-15
2.3364257812e+02 1.2102465059e-14 4.6935533578e-15 7.4089117008e-15
2.3388671875e+02 1.2091704167e-14 4.6911000548e-15 7.4006041124e-15
2.3413085938e+02 1.2082261899e-14 4.6913236953e-15 7.3909382040e-15
2.3437500000e+02 1.2081133000e-14 4.6944356811e-15 7.3866973185e-15
2.3461914062e+02 1.2090196428e-14 4.6986111012e-15 7.3915853266e-15
2.3486328125e+02 1.2103920666e-14 4.7006123038e-15 7.4033083624e-15
2.3510742188e+02 1.2114696624e-14 4.6987326366e-15 7.4159639872e-15
2.3535156250e+02 1.2119250271e-14 4.6945416044e-15 7.4247086665e-15
2.3559570312e+02 1.2118464267e-14 4.6905837445e-15 7.4278805229e-15
2.3583984375e+02 1.2114587981e-14 4.6878061288e-15 7.4267818525e-15
2.3608398438e+02 1.2111334116e-14 4.6866043418e-15 7.4247297737e-15
2.3632812500e+02 1.2111406829e-14 4.6883899114e-15 7.4230169171e-15
2.3657226562e+02 1.2111990293e-14 4.6938419753e-15 7.4181483173e-15
2.3681640625e+02 1.2108793860e-14 4.7007975226e-15 7.4079963376e-15
2.3706054688e+02 1.2104176669e-14 4.7060614020e-15 7.3981152670e-15
2.3730468750e+02 1.2105322494e-14 4.7086247529e-15 7.3966977415e-15
2.3754882812e+02 1.2114815298e-14 4.7095400081e-15 7.4052752895e-15
2.3779296875e+02 1.2126561768e-14 4.7098810645e-15 7.4166807035e-15
2.3803710938e+02 1.2131708664e-14 4.7100803113e-15 7.4216283527e-15
2.3828125000e+02 1.2127325301e-14 4.7097637918e-15 7.4175615091e-15
2.3852539062e+02 1.2118201955e-14 4.7076248698e-15 7.4105770857e-15
2.3876953125e+02 1.2110808447e-14 4.7031382110e-15 7.4076702360e-15
2.3901367188e+02 1.2107371378e-14 4.6984360360e-15 7.4089353416e-15
2.3925781250e+02 1.2106375501e-14 4.6965221248e-15 7.4098533766e-15
2.3950195312e+02 1.2106161111e-14 4.6978808548e-15 7.4082802559e-15
2.3974609375e+02 1.2106075045e-14 4.7008158043e-15 7.4052592406e-15
2.3999023438e+02 1.2105417108e-14 4.7038302490e-15 7.4015868595e-15
2.4023437500e+02 1.2102970403e-14 4.7056767248e-15 7.3972936786e-15
2.4047851562e+02 1.2099308793e-14 4.7051911026e-15 7.3941176908e-15
2.4072265625e+02 1.2098114852e-14 4.7025400624e-15 7.3955747897e-15
2.4096679688e+02 1.2101345534e-14 4.6994063240e-15 7.4019392104e-15
2.4121093750e+02 1.2105907773e-14 4.6976777108e-15 7.4082300625e-15
2.4145507812e+02 1.2108011345e-14 4.6978526623e-15 7.4101586830e-15
2.4169921875e+02 1.2106741250e-14 4.6987184095e-15 7.4080228404e-15
2.4194335938e+02 1.2102982234e-14 4.6989514869e-15 7.4040307472e-15
2.4218750000e+02 1.2098735749e-14 4.6990113527e-15 7.3997243965e-15
2.4243164062e+02 1.2097243650e-14 4.7013116812e-15 7.3959319684e-15
2.4267578125e+02 1.2100551537e-14 4.7071623802e-15 7.3933891566e-15
2.4291992188e+02 1.2106148981e-14 4.7137242688e-15 7.3924247125e-15
2.4316406250e+02 1.2108282450e-14 4.7164929902e-15 7.3917894601e-15
2.4340820312e+02 1.2103828371e-14 4.7142108075e-15 7.3896175635e-15
2.4365234375e+02 1.2095996872e-14 4.7093652315e-15 7.3866316406e-15
2.4389648438e+02 1.2091296765e-14 4.7049547964e-15 7.3863419683e-15
2.4414062500e+02 1.2092458078e-14 4.7020850087e-15 7.3903730689e-15
2.4438476562e+02 1.2095173234e-14 4.6999307078e-15 7.3952425266e-15
2.4462890625e+02 1.2093675155e-14 4.6972210731e-15 7.3964540819e-15
2.4487304688e+02 1.2088373368e-14 4.6941567548e-15 7.3942166131e-15
2.4511718750e+02 1.2085546295e-14 4.6929863039e-15 7.3925599916e-15
2.4536132812e+02 1.2090510767e-14 4.6958824199e-15 7.3946283471e-15
2.4560546875e+02 1.2101385665e-14 4.7020574992e-15 7.3993281653e-15
2.4584960938e+02 1.2109292478e-14 4.7079151920e-15 7.4013772861e-15
2.4609375000e+02 1.2106793996e-14 4.7103874072e-15 7.3964065885e-15
2.4633789062e+02 1.2096035877e-14 4.7093423325e-15 7.3866935441e-15
2.4658203125e+02 1.2085786066e-14 4.7064977912e-15 7.3792882752e-15
2.4682617188e+02 1.2081778390e-14 4.7033187621e-15 7.3784596278e-15
2.4707031250e+02 1.2083037324e-14 4.7006221894e-15 7.3824151347e-15
2.4731445312e+02 1.2084743938e-14 4.6990341160e-15 7.3857098220e-15
2.4755859375e+02 1.2082667367e-14 4.6993875878e-15 7.3832797792e-15
2.4780273438e+02 1.2078069037e-14 4.7021163772e-15 7.3759526595e-15
2.4804687500e+02 1.2077624748e-14 4.7057162121e-15 7.3719085354e-15
2.4829101562e+02 1.2085392659e-14 4.7075199812e-15 7.3778726781e-15
2.4853515625e+02 1.2097055674e-14 4.7063415009e-15 7.3907141736e-15
2.4877929688e+02 1.2104297391e-14 4.7032546641e-15 7.4010427273e-15
2.4902343750e+02 1.2102823191e-14 4.7004405539e-15 7.4023826368e-15
2.4926757812e+02 1.2095362955e-14 4.6993190274e-15 7.3960439278e-15
2.4951171875e+02 1.2088357268e-14 4.6991934881e-15 7.3891637799e-15
2.4975585938e+02 1.2086013296e-14 4.6983700502e-15 7.3876432455e-15
2.5000000000e+02 1.2086448308e-14 4.6960627322e-15 7.3903855759e-15
2.5024414062e+02 1.2084572495e-14 4.6925129501e-15 7.3920595445e-15
2.5048828125e+02 1.2079994261e-14 4.6888808805e-15 7.3911133809e-15
2.5073242188e+02 1.2078358827e-14 4.6867543846e-15 7.3916044423e-15
2.5097656250e+02 1.2082763156e-14 4.6860931460e-15 7.3966700102e-15
2.5122070312e+02 1.2088748794e-14 4.6854533455e-15 7.4032954482e-15
2.5146484375e+02 1.2089785143e-14 4.6847277337e-15 7.4050574096e-15
2.5170898438e+02 1.2084494144e-14 4.6850026137e-15 7.3994915308e-15
2.5195312500e+02 1.2078554571e-14 4.6865254462e-15 7.3920291251e-15
2.5219726562e+02 1.2080106921e-14 4.6891212863e-15 7.3909856349e-15
2.5244140625e+02 1.2091155545e-14 4.6929007838e-15 7.3982547609e-15
2.5268554688e+02 1.2103609093e-14 4.6967981564e-15 7.4068109363e-15
2.5292968750e+02 1.2106781970e-14 4.6986190289e-15 7.4081629411e-15
2.5317382812e+02 1.2099654936e-14 4.6980468185e-15 7.4016081178e-15
2.5341796875e+02 1.2090832202e-14 4.6971536666e-15 7.3936785352e-15
2.5366210938e+02 1.2086153315e-14 4.6969746112e-15 7.3891787037e-15
2.5390625000e+02 1.2084193304e-14 4.6964007966e-15 7.3877925074e-15
2.5415039062e+02 1.2082042609e-14 4.6946199499e-15 7.3874226593e-15
2.5439453125e+02 1.2077334111e-14 4.6921494218e-15 7.3851846890e-15
2.5463867188e+02 1.2068026061e-14 4.6898517598e-15 7.3781743013e-15
2.5488281250e+02 1.2055962979e-14 4.6881776788e-15 7.3677853006e-15
2.5512695312e+02 1.2047840885e-14 4.6870688653e-15 7.3607720194e-15
2.5537109375e+02 1.2049492531e-14 4.6864659476e-15 7.3630265833e-15
2.5561523438e+02 1.2059923431e-14 4.6869477243e-15 7.3729757071e-15
2.5585937500e+02 1.2072134960e-14 4.6891111916e-15 7.3830237682e-15
2.5610351562e+02 1.2079528360e-14 4.6922665271e-15 7.3872618326e-15
2.5634765625e+02 1.2081078814e-14 4.6951712825e-15 7.3859075311e-15
2.5659179688e+02 1.2081051811e-14 4.6975654761e-15 7.3834863349e-15
2.5683593750e+02 1.2083672009e-14 4.6991770234e-15 7.3844949854e-15
2.5708007812e+02 1.2087996414e-14 4.6988728622e-15 7.3891235520e-15
2.5732421875e+02 1.2089602205e-14 4.6966505346e-15 7.3929516707e-15
2.5756835938e+02 1.2087149756e-14 4.6942177019e-15 7.3929320538e-15
2.5781250000e+02 1.2084306260e-14 4.6928856013e-15 7.3914206583e-15
2.5805664062e+02 1.2084477597e-14 4.6930253670e-15 7.3914522299e-15
2.5830078125e+02 1.2086079140e-14 4.6945078315e-15 7.3915713086e-15
2.5854492188e+02 1.2084562020e-14 4.6961331966e-15 7.3884288232e-15
2.5878906250e+02 1.2078767480e-14 4.6965511505e-15 7.3822163292e-15
2.5903320312e+02 1.2073088876e-14 4.6959285226e-15 7.3771603537e-15
2.5927734375e+02 1.2072009600e-14 4.6951137333e-15 7.3768958666e-15
2.5952148438e+02 1.2074947486e-14 4.6943406741e-15 7.3806068124e-15
2.5976562500e+02 1.2078021755e-14 4.6936710436e-15 7.3843507113e-15
2.6000976562e+02 1.2079079197e-14 4.6934006997e-15 7.3856784969e-15
2.6025390625e+02 1.2078721091e-14 4.6935645983e-15 7.3851564929e-15
2.6049804688e+02 1.2077152496e-14 4.6934635741e-15 7.3836889223e-15
2.6074218750e+02 1.2074106185e-14 4.6921294766e-15 7.3819767081e-15
2.6098632812e+02 1.2072003416e-14 4.6898625604e-15 7.3821408552e-15
2.6123046875e+02 1.2074218738e-14 4.6887660967e-15 7.3854526416e-15
2.6147460938e+02 1.2079822927e-14 4.6909761180e-15 7.3888468091e-15
2.6171875000e+02 1.2084400605e-14 4.6965050881e-15 7.3878955171e-15
2.6196289062e+02 1.2085567250e-14 4.7025574502e-15 7.3830097998e-15
2.6220703125e+02 1.2083879826e-14 4.7052012391e-15 7.3786785866e-15
2.6245117188e+02 1.2080275242e-14 4.7030275364e-15 7.3772477058e-15
2.6269531250e+02 1.2076388629e-14 4.6987460060e-15 7.3776426234e-15
2.6293945312e+02 1.2075165644e-14 4.6960534804e-15 7.3791121639e-15
2.6318359375e+02 1.2077461377e-14 4.6959185288e-15 7.3815428479e-15
2.6342773438e+02 1.2080211719e-14 4.6968346031e-15 7.3833771155e-15
2.6367187500e+02 1.2080677055e-14 4.6974942481e-15 7.3831828072e-15
2.6391601562e+02 1.2079560625e-14 4.6977419224e-15 7.3818187023e-15
2.6416015625e+02 1.2078796316e-14 4.6974799552e-15 7.3813163603e-15
2.6440429688e+02 1.2078946098e-14 4.6961268975e-15 7.3828192002e-15
2.6464843750e+02 1.2079128150e-14 4.6935459878e-15 7.3855821619e-15
2.6489257812e+02 1.2078143917e-14 4.6907838983e-15 7.3873600186e-15
2.6513671875e+02 1.2075284727e-14 4.6893992911e-15 7.3858854361e-15
2.6538085938e+02 1.2070926568e-14 4.6899019725e-15 7.3810245956e-15
2.6562500000e+02 1.2067129732e-14 4.6907725755e-15 7.3763571569e-15
2.6586914062e+02 1.2066102567e-14 4.6903344969e-15 7.3757680703e-15
2.6611328125e+02 1.2066698526e-14 4.6895384214e-15 7.3771601050e-15
2.6635742188e+02 1.2064950505e-14 4.6904259939e-15 7.3745245108e-15
2.6660156250e+02 1.2060015163e-14 4.6927976197e-15 7.3672175434e-15
2.6684570312e+02 1.2055865943e-14 4.6950247001e-15 7.3608412428e-15
2.6708984375e+02 1.2055096018e-14 4.6964963191e-15 7.3585996985e-15
2.6733398438e+02 1.2056331996e-14 4.6972030521e-15 7.3591289436e-15
2.6757812500e+02 1.2058185427e-14 4.6965889032e-15 7.3615965239e-15
2.6782226562e+02 1.2059655423e-14 4.6940836649e-15 7.3655717582e-15
2.6806640625e+02 1.2059355633e-14 4.6899854969e-15 7.3693701358e-15
2.6831054688e+02 1.2058654883e-14 4.6860199788e-15 7.3726349040e-15
2.6855468750e+02 1.2060246630e-14 4.6844642178e-15 7.3757824124e-15
2.6879882812e+02 1.2062800658e-14 4.6855834757e-15 7.3772171819e-15
2.6904296875e+02 1.2063094168e-14 4.6875322787e-15 7.3755618895e-15
2.6928710938e+02 1.2061492902e-14 4.6891293949e-15 7.3723635067e-15
2.6953125000e+02 1.2060073995e-14 4.6905135581e-15 7.3695604374e-15
2.6977539062e+02 1.2059272690e-14 4.6919092380e-15 7.3673634517e-15
2.7001953125e+02 1.2059794699e-14 4.6934677626e-15 7.3663269361e-15
2.7026367188e+02 1.2063751384e-14 4.6952020238e-15 7.3685493599e-15
2.7050781250e+02 1.2072340857e-14 4.6968966810e-15 7.3754441761e-15
2.7075195312e+02 1.2083360928e-14 4.6985052541e-15 7.3848556737e-15
2.7099609375e+02 1.2091869543e-14 4.6996585910e-15 7.3922109525e-15
2.7124023438e+02 1.2095107002e-14 4.6993082457e-15 7.3957987561e-15
2.7148437500e+02 1.2095309032e-14 4.6971995987e-15 7.3981094329e-15
2.7172851562e+02 1.2095196829e-14 4.6943298648e-15 7.4008669640e-15
2.7197265625e+02 1.2093268383e-14 4.6913535392e-15 7.4019148434e-15
2.7221679688e+02 1.2086876858e-14 4.6888376368e-15 7.3980392216e-15
2.7246093750e+02 1.2077962037e-14 4.6884398502e-15 7.3895221864e-15
2.7270507812e+02 1.2072189551e-14 4.6912417248e-15 7.3809478261e-15
2.7294921875e+02 1.2072946590e-14 4.6954981630e-15 7.3774484272e-15
2.7319335938e+02 1.2078283020e-14 4.6975409286e-15 7.3807420916e-15
2.7343750000e+02 1.2083686264e-14 4.6951945478e-15 7.3884917161e-15
2.7368164062e+02 1.2086993162e-14 4.6903836489e-15 7.3966095134e-15
2.7392578125e+02 1.2089752976e-14 4.6875795206e-15 7.4021734558e-15
2.7416992188e+02 1.2093995527e-14 4.6889974382e-15 7.4049980888e-15
2.7441406250e+02 1.2099594685e-14 4.6928341968e-15 7.4067604886e-15
2.7465820312e+02 1.2104902977e-14 4.6962472703e-15 7.4086557067e-15
2.7490234375e+02 1.2108022359e-14 4.6978706417e-15 7.4101517172e-15
2.7514648438e+02 1.2106973738e-14 4.6977956752e-15 7.4091780630e-15
2.7539062500e+02 1.2100174570e-14 4.6967752451e-15 7.4033993253e-15
2.7563476562e+02 1.2088841454e-14 4.6955283721e-15 7.3933130822e-15
2.7587890625e+02 1.2077560375e-14 4.6944318833e-15 7.3831284917e-15
2.7612304688e+02 1.2070115903e-14 4.6939130483e-15 7.3762028549e-15
2.7636718750e+02 1.2067397365e-14 4.6949742842e-15 7.3724230807e-15
2.7661132812e+02 1.2069150448e-14 4.6982044351e-15 7.3709460130e-15
2.7685546875e+02 1.2073134454e-14 4.7021357902e-15 7.3709986640e-15
2.7709960938e+02 1.2074993147e-14 4.7044629471e-15 7.3705301999e-15
2.7734375000e+02 1.2073130505e-14 4.7047498887e-15 7.3683806161e-15
2.7758789062e+02 1.2070943319e-14 4.7042098257e-15 7.3667334932e-15
2.7783203125e+02 1.2072266060e-14 4.7035308591e-15 7.3687352012e-15
2.7807617188e+02 1.2076821220e-14 4.7020342098e-15 7.3747870103e-15
2.7832031250e+02 1.2080501818e-14 4.6986470789e-15 7.3818547390e-15
2.7856445312e+02 1.2078525905e-14 4.6936259810e-15 7.3848999242e-15
2.7880859375e+02 1.2068845634e-14 4.6889487457e-15 7.3798968886e-15
2.7905273438e+02 1.2054304621e-14 4.6864115793e-15 7.3678930412e-15
2.7929687500e+02 1.2041598034e-14 4.6860397694e-15 7.3555582645e-15
2.7954101562e+02 1.2037206725e-14 4.6867830934e-15 7.3504236319e-15
2.7978515625e+02 1.2043195605e-14 4.6880367900e-15 7.3551588150e-15
2.8002929688e+02 1.2055834438e-14 4.6900701629e-15 7.3657642752e-15
2.8027343750e+02 1.2068482254e-14 4.6928929362e-15 7.3755893174e-15
2.8051757812e+02 1.2077236440e-14 4.6951288111e-15 7.3821076293e-15
2.8076171875e+02 1.2083938325e-14 4.6951574508e-15 7.3887808742e-15
2.8100585938e+02 1.2091923539e-14 4.6931557021e-15 7.3987678369e-15
2.8125000000e+02 1.2100089693e-14 4.6908262674e-15 7.4092634255e-15
2.8149414062e+02 1.2104939364e-14 4.6895858170e-15 7.4153535465e-15
2.8173828125e+02 1.2106252824e-14 4.6895639066e-15 7.4166889177e-15
2.8198242188e+02 1.2105959075e-14 4.6897569511e-15 7.4162021234e-15
2.8222656250e+02 1.2104053407e-14 4.6891272624e-15 7.4149261448e-15
2.8247070312e+02 1.2100069866e-14 4.6874389181e-15 7.4126309480e-15
2.8271484375e+02 1.2096003557e-14 4.6849472764e-15 7.4110562809e-15
2.8295898438e+02 1.2094026310e-14 4.6821080440e-15 7.4119182662e-15
2.8320312500e+02 1.2092823664e-14 4.6793434580e-15 7.4134802064e-15
2.8344726562e+02 1.2088998283e-14 4.6766743637e-15 7.4123239194e-15
2.8369140625e+02 1.2082478499e-14 4.6744633033e-15 7.4080151953e-15
2.8393554688e+02 1.2077987956e-14 4.6740264837e-15 7.4039614723e-15
2.8417968750e+02 1.2079613162e-14 4.6762593536e-15 7.4033538083e-15
2.8442382812e+02 1.2085922868e-14 4.6800387118e-15 7.4058841560e-15
2.8466796875e+02 1.2091210994e-14 4.6827758358e-15 7.4084351585e-15
2.8491210938e+02 1.2091361693e-14 4.6831905759e-15 7.4081711172e-15
2.8515625000e+02 1.2088256501e-14 4.6834569479e-15 7.4047995535e-15
2.8540039062e+02 1.2086898116e-14 4.6870711221e-15 7.3998269936e-15
2.8564453125e+02 1.2089822167e-14 4.6941553035e-15 7.3956668639e-15
2.8588867188e+02 1.2096029429e-14 4.7004197000e-15 7.3956097289e-15
2.8613281250e+02 1.2102559619e-14 4.7013508895e-15 7.4012087298e-15
2.8637695312e+02 1.2105818060e-14 4.6963544630e-15 7.4094635972e-15
2.8662109375e+02 1.2103891319e-14 4.6888915795e-15 7.4149997399e-15
2.8686523438e+02 1.2098674334e-14 4.6834242888e-15 7.4152500450e-15
2.8710937500e+02 1.2094023403e-14 4.6818261098e-15 7.4121972931e-15
2.8735351562e+02 1.2091824104e-14 4.6827151646e-15 7.4091089398e-15
2.8759765625e+02 1.2091824887e-14 4.6841167933e-15 7.4077080933e-15
2.8784179688e+02 1.2093577887e-14 4.6853081156e-15 7.4082697712e-15
2.8808593750e+02 1.2095841961e-14 4.6863088063e-15 7.4095331550e-15
2.8833007812e+02 1.2096302093e-14 4.6872496390e-15 7.4090524536e-15
2.8857421875e+02 1.2094722844e-14 4.6880557812e-15 7.4066670624e-15
2.8881835938e+02 1.2094550483e-14 4.6881573499e-15 7.4063931331e-15
2.8906250000e+02 1.2098523256e-14 4.6870902508e-15 7.4114330050e-15
2.8930664062e+02 1.2104318551e-14 4.6854652606e-15 7.4188532907e-15
2.8955078125e+02 1.2106974698e-14 4.6847361200e-15 7.4222385785e-15
2.8979492188e+02 1.2104303589e-14 4.6860633416e-15 7.4182402475e-15
2.9003906250e+02 1.2098171285e-14 4.6894431637e-15 7.4087281211e-15
2.9028320312e+02 1.2091736425e-14 4.6932589592e-15 7.3984774659e-15
2.9052734375e+02 1.2087864989e-14 4.6951732418e-15 7.3926917468e-15
2.9077148438e+02 1.2088397614e-14 4.6946198573e-15 7.3937777570e-15
2.9101562500e+02 1.2091431269e-14 4.6936018318e-15 7.3978294370e-15
2.9125976562e+02 1.2091760459e-14 4.6941615390e-15 7.3975989199e-15
2.9150390625e+02 1.2086617724e-14 4.6958827669e-15 7.3907349569e-15
2.9174804688e+02 1.2078110985e-14 4.6964810371e-15 7.3816299477e-15
2.9199218750e+02 1.2069996624e-14 4.6947068223e-15 7.3752898021e-15
2.9223632812e+02 1.2064860668e-14 4.6921151196e-15 7.3727455483e-15
2.9248046875e+02 1.2063270919e-14 4.6914249128e-15 7.3718460061e-15
2.9272460938e+02 1.2063523470e-14 4.6934962734e-15 7.3700271969e-15
2.9296875000e+02 1.2062108985e-14 4.6961736026e-15 7.3659353819e-15
2.9321289062e+02 1.2056540504e-14 4.6958450803e-15 7.3606954233e-15
2.9345703125e+02 1.2049322985e-14 4.6906319252e-15 7.3586910599e-15
2.9370117188e+02 1.2046858417e-14 4.6824639908e-15 7.3643944263e-15
2.9394531250e+02 1.2052730277e-14 4.6756570171e-15 7.3770732597e-15
2.9418945312e+02 1.2064473756e-14 4.6735217738e-15 7.3909519818e-15
2.9443359375e+02 1.2077696877e-14 4.6762441621e-15 7.4014527144e-15
2.9467773438e+02 1.2088786482e-14 4.6810106415e-15 7.4077758407e-15
2.9492187500e+02 1.2092667475e-14 4.6840189342e-15 7.4086485413e-15
2.9516601562e+02 1.2084442887e-14 4.6832945996e-15 7.4011482876e-15
2.9541015625e+02 1.2065884969e-14 4.6802024244e-15 7.3856825443e-15
2.9565429688e+02 1.2046302539e-14 4.6780966344e-15 7.3682059050e-15
2.9589843750e+02 1.2034859239e-14 4.6788260630e-15 7.3560331763e-15
2.9614257812e+02 1.2033990774e-14 4.6809963434e-15 7.3529944301e-15
2.9638671875e+02 1.2041458690e-14 4.6825791591e-15 7.3588795308e-15
2.9663085938e+02 1.2054786012e-14 4.6833762874e-15 7.3714097250e-15
2.9687500000e+02 1.2070080267e-14 4.6836363324e-15 7.3864439350e-15
2.9711914062e+02 1.2080576531e-14 4.6829197165e-15 7.3976568143e-15
2.9736328125e+02 1.2081211407e-14 4.6811882386e-15 7.4000231682e-15
2.9760742188e+02 1.2073516165e-14 4.6792536618e-15 7.3942625035e-15
2.9785156250e+02 1.2064113659e-14 4.6784608132e-15 7.3856528454e-15
2.9809570312e+02 1.2058323790e-14 4.6799366050e-15 7.3783871848e-15
2.9833984375e+02 1.2056385048e-14 4.6830261647e-15 7.3733588831e-15
2.9858398438e+02 1.2057612973e-14 4.6855889750e-15 7.3720239978e-15
2.9882812500e+02 1.2063875704e-14 4.6865533006e-15 7.3773224038e-15
2.9907226562e+02 1.2074582938e-14 4.6865733046e-15 7.3880096330e-15
2.9931640625e+02 1.2083699329e-14 4.6860180631e-15 7.3976812654e-15
2.9956054688e+02 1.2085890232e-14 4.6842435039e-15 7.4016467284e-15
2.9980468750e+02 1.2082953014e-14 4.6814937444e-15 7.4014592695e-15
3.0004882812e+02 1.2081811793e-14 4.6792919755e-15 7.4025198177e-15
3.0029296875e+02 1.2086102099e-14 4.6781394964e-15 7.4079626023e-15
3.0053710938e+02 1.2091602495e-14 4.6772097668e-15 7.4143927283e-15
3.0078125000e+02 1.2091870979e-14 4.6760773198e-15 7.4157936592e-15
3.0102539062e+02 1.2087057064e-14 4.6751327416e-15 7.4119243219e-15
3.0126953125e+02 1.2083857671e-14 4.6756004581e-15 7.4082572129e-15
3.0151367188e+02 1.2087179491e-14 4.6790956257e-15 7.4080838648e-15
3.0175781250e+02 1.2094336088e-14 4.6851862688e-15 7.4091498192e-15
3.0200195312e+02 1.2097687804e-14 4.6903128925e-15 7.4073749112e-15
3.0224609375e+02 1.2092462575e-14 4.6910594899e-15 7.4014030850e-15
3.0249023438e+02 1.2082144147e-14 4.6880212010e-15 7.3941229456e-15
3.0273437500e+02 1.2076253145e-14 4.6852661629e-15 7.3909869825e-15
3.0297851562e+02 1.2081199535e-14 4.6857179987e-15 7.3954815364e-15
3.0322265625e+02 1.2093529747e-14 4.6882899089e-15 7.4052398384e-15
3.0346679688e+02 1.2104409468e-14 4.6902656294e-15 7.4141438384e-15
3.0371093750e+02 1.2108131415e-14 4.6904960334e-15 7.4176353819e-15
3.0395507812e+02 1.2104736384e-14 4.6897197675e-15 7.4150166169e-15
3.0419921875e+02 1.2098997694e-14 4.6895995934e-15 7.4093981004e-15
3.0444335938e+02 1.2097082397e-14 4.6912628998e-15 7.4058194973e-15
3.0468750000e+02 1.2100338857e-14 4.6936285391e-15 7.4067103182e-15
3.0493164062e+02 1.2104265999e-14 4.6943382687e-15 7.4099277304e-15
3.0517578125e+02 1.2105099444e-14 4.6933660709e-15 7.4117333728e-15
3.0541992188e+02 1.2102944603e-14 4.6933291503e-15 7.4096154524e-15
3.0566406250e+02 1.2097606536e-14 4.6949552036e-15 7.4026513324e-15
3.0590820312e+02 1.2087114440e-14 4.6955849720e-15 7.3915294684e-15
3.0615234375e+02 1.2072011433e-14 4.6932247978e-15 7.3787866352e-15
3.0639648438e+02 1.2056379526e-14 4.6885965424e-15 7.3677829840e-15
3.0664062500e+02 1.2043686707e-14 4.6832485613e-15 7.3604381456e-15
3.0688476562e+02 1.2034990217e-14 4.6787145366e-15 7.3562756802e-15
3.0712890625e+02 1.2030982672e-14 4.6764833511e-15 7.3544993210e-15
3.0737304688e+02 1.2032863149e-14 4.6768855608e-15 7.3559775886e-15
3.0761718750e+02 1.2041269748e-14 4.6792845764e-15 7.3619851717e-15
3.0786132812e+02 1.2054942280e-14 4.6830853356e-15 7.3718569442e-15
3.0810546875e+02 1.2069532132e-14 4.6869233125e-15 7.3826088192e-15
3.0834960938e+02 1.2079246599e-14 4.6887496524e-15 7.3904969469e-15
3.0859375000e+02 1.2080955870e-14 4.6882765764e-15 7.3926792932e-15
3.0883789062e+02 1.2076198335e-14 4.6872944344e-15 7.3889039010e-15
3.0908203125e+02 1.2069908545e-14 4.6867793765e-15 7.3831291690e-15
3.0932617188e+02 1.2066816534e-14 4.6853556143e-15 7.3814609199e-15
3.0957031250e+02 1.2067679975e-14 4.6814008703e-15 7.3862791046e-15
3.0981445312e+02 1.2070135357e-14 4.6755942082e-15 7.3945411491e-15
3.1005859375e+02 1.2072839714e-14 4.6703827588e-15 7.4024569552e-15
3.1030273438e+02 1.2075662921e-14 4.6677983633e-15 7.4078645581e-15
3.1054687500e+02 1.2077694128e-14 4.6685089019e-15 7.4091852256e-15
3.1079101562e+02 1.2078680386e-14 4.6719578232e-15 7.4067225628e-15
3.1103515625e+02 1.2081318179e-14 4.6769232807e-15 7.4043948987e-15
3.1127929688e+02 1.2089310363e-14 4.6822210951e-15 7.4070892674e-15
3.1152343750e+02 1.2101834770e-14 4.6868097447e-15 7.4150250258e-15
3.1176757812e+02 1.2112430361e-14 4.6896999214e-15 7.4227304391e-15
3.1201171875e+02 1.2115052887e-14 4.6905252230e-15 7.4245276637e-15
3.1225585938e+02 1.2108955976e-14 4.6905578710e-15 7.4183981046e-15
3.1250000000e+02 1.2098349444e-14 4.6923027136e-15 7.4060467301e-15
3.1274414062e+02 1.2089426813e-14 4.6965250156e-15 7.3929017977e-15
3.1298828125e+02 1.2086079564e-14 4.7003930423e-15 7.3856865221e-15
3.1323242188e+02 1.2085997398e-14 4.6999416549e-15 7.3860557432e-15
3.1347656250e+02 1.2082506203e-14 4.6944332553e-15 7.3880729477e-15
3.1372070312e+02 1.2073335241e-14 4.6882925528e-15 7.3850426883e-15
3.1396484375e+02 1.2065143281e-14 4.6874776508e-15 7.3776656304e-15
3.1420898438e+02 1.2066125802e-14 4.6930731005e-15 7.3730527014e-15
3.1445312500e+02 1.2076112449e-14 4.6997608818e-15 7.3763515670e-15
3.1469726562e+02 1.2087161725e-14 4.7012222730e-15 7.3859394517e-15
3.1494140625e+02 1.2093081409e-14 4.6965370350e-15 7.3965443737e-15
3.1518554688e+02 1.2094334615e-14 4.6906582042e-15 7.4036764105e-15
3.1542968750e+02 1.2094656405e-14 4.6889311449e-15 7.4057252601e-15
3.1567382812e+02 1.2097153230e-14 4.6923200140e-15 7.4048332163e-15
3.1591796875e+02 1.2102118240e-14 4.6975127348e-15 7.4046055057e-15
3.1616210938e+02 1.2106002838e-14 4.7003507077e-15 7.4056521301e-15
3.1640625000e+02 1.2103913782e-14 4.6991032950e-15 7.4048104866e-15
3.1665039062e+02 1.2094263644e-14 4.6952821288e-15 7.3989815153e-15
3.1689453125e+02 1.2080784498e-14 4.6920309525e-15 7.3887535454e-15
3.1713867188e+02 1.2069787195e-14 4.6914594039e-15 7.3783277916e-15
3.1738281250e+02 1.2064710350e-14 4.6928154963e-15 7.3718948539e-15
3.1762695312e+02 1.2063811105e-14 4.6932593501e-15 7.3705517554e-15
3.1787109375e+02 1.2064232026e-14 4.6909935712e-15 7.3732384549e-15
3.1811523438e+02 1.2065649818e-14 4.6874324343e-15 7.3782173838e-15
3.1835937500e+02 1.2068225608e-14 4.6853356573e-15 7.3828899512e-15
3.1860351562e+02 1.2071170204e-14 4.6853916810e-15 7.3857785234e-15
3.1884765625e+02 1.2074270955e-14 4.6857196059e-15 7.3885513494e-15
3.1909179688e+02 1.2077496211e-14 4.6840710484e-15 7.3934251625e-15
3.1933593750e+02 1.2080333321e-14 4.6801778782e-15 7.4001554425e-15
3.1958007812e+02 1.2082192512e-14 4.6759642977e-15 7.4062282141e-15
3.1982421875e+02 1.2081566194e-14 4.6734860220e-15 7.4080801715e-15
3.2006835938e+02 1.2076680042e-14 4.6737501152e-15 7.4029299266e-15
3.2031250000e+02 1.2068068153e-14 4.6767210561e-15 7.3913470974e-15
3.2055664062e+02 1.2058694462e-14 4.6806946864e-15 7.3779997753e-15
3.2080078125e+02 1.2051547475e-14 4.6831145733e-15 7.3684329021e-15
3.2104492188e+02 1.2048176465e-14 4.6834922485e-15 7.3646842168e-15
3.2128906250e+02 1.2048472051e-14 4.6835368971e-15 7.3649351541e-15
3.2153320312e+02 1.2050112680e-14 4.6839087372e-15 7.3662039432e-15
3.2177734375e+02 1.2050206148e-14 4.6839585072e-15 7.3662476404e-15
3.2202148438e+02 1.2049359674e-14 4.6846293762e-15 7.3647302980e-15
3.2226562500e+02 1.2051534639e-14 4.6879299404e-15 7.3636046990e-15
3.2250976562e+02 1.2058134666e-14 4.6928613627e-15 7.3652733033e-15
3.2275390625e+02 1.2064876285e-14 4.6949808690e-15 7.3698954160e-15
3.2299804688e+02 1.2066411514e-14 4.6914248676e-15 7.3749866466e-15
3.2324218750e+02 1.2061625572e-14 4.6844668605e-15 7.3771587116e-15
3.2348632812e+02 1.2053359371e-14 4.6790984383e-15 7.3742609328e-15
3.2373046875e+02 1.2045292523e-14 4.6780180648e-15 7.3672744584e-15
3.2397460938e+02 1.2039870376e-14 4.6796755584e-15 7.3601948179e-15
3.2421875000e+02 1.2038456933e-14 4.6808232933e-15 7.3576336401e-15
3.2446289062e+02 1.2042574715e-14 4.6801433015e-15 7.3624314137e-15
3.2470703125e+02 1.2052757336e-14 4.6788176228e-15 7.3739397132e-15
3.2495117188e+02 1.2066068070e-14 4.6782124275e-15 7.3878556429e-15
3.2519531250e+02 1.2077482160e-14 4.6787598806e-15 7.3987222792e-15
3.2543945312e+02 1.2083756113e-14 4.6808628615e-15 7.4028932519e-15
3.2568359375e+02 1.2085172296e-14 4.6847166875e-15 7.4004556087e-15
3.2592773438e+02 1.2084525466e-14 4.6890490556e-15 7.3954764101e-15
3.2617187500e+02 1.2083885300e-14 4.6916381178e-15 7.3922471823e-15
3.2641601562e+02 1.2082313918e-14 4.6914145537e-15 7.3908993643e-15
3.2666015625e+02 1.2078608090e-14 4.6896956644e-15 7.3889124251e-15
3.2690429688e+02 1.2073922741e-14 4.6892362376e-15 7.3846865037e-15
3.2714843750e+02 1.2069285135e-14 4.6916166771e-15 7.3776684577e-15
3.2739257812e+02 1.2064799498e-14 4.6958388554e-15 7.3689606424e-15
3.2763671875e+02 1.2062247766e-14 4.6996483327e-15 7.3625994334e-15
3.2788085938e+02 1.2063467647e-14 4.7013313513e-15 7.3621362958e-15
3.2812500000e+02 1.2067402880e-14 4.7002998253e-15 7.3671030552e-15
3.2836914062e+02 1.2072073155e-14 4.6966465090e-15 7.3754266461e-15
3.2861328125e+02 1.2076619452e-14 4.6909938523e-15 7.3856256001e-15
3.2885742188e+02 1.2080867948e-14 4.6852085840e-15 7.3956593641e-15
3.2910156250e+02 1.2084995047e-14 4.6815509602e-15 7.4034440865e-15
3.2934570312e+02 1.2089628358e-14 4.6808072533e-15 7.4088211051e-15
3.2958984375e+02 1.2095695618e-14 4.6824384250e-15 7.4132571929e-15
3.2983398438e+02 1.2102814197e-14 4.6854027638e-15 7.4174114334e-15
3.3007812500e+02 1.2108409468e-14 4.6884484400e-15 7.4199610282e-15
3.3032226562e+02 1.2109782294e-14 4.6905419248e-15 7.4192403696e-15
3.3056640625e+02 1.2106402650e-14 4.6907895670e-15 7.4156130827e-15
3.3081054688e+02 1.2099917813e-14 4.6883885576e-15 7.4115292558e-15
3.3105468750e+02 1.2092281760e-14 4.6836362261e-15 7.4086455338e-15
3.3129882812e+02 1.2084564648e-14 4.6786892309e-15 7.4058754168e-15
3.3154296875e+02 1.2077536879e-14 4.6759778428e-15 7.4015590364e-15
3.3178710938e+02 1.2072700584e-14 4.6757296729e-15 7.3969709111e-15
3.3203125000e+02 1.2072405428e-14 4.6765831277e-15 7.3958223000e-15
3.3227539062e+02 1.2077221280e-14 4.6779843119e-15 7.3992369679e-15
3.3251953125e+02 1.2083766081e-14 4.6801885720e-15 7.4035775085e-15
3.3276367188e+02 1.2088267895e-14 4.6829464785e-15 7.4053214161e-15
3.3300781250e+02 1.2090335111e-14 4.6858614598e-15 7.4044736508e-15
3.3325195312e+02 1.2091048867e-14 4.6892379881e-15 7.4018108794e-15
3.3349609375e+02 1.2090931470e-14 4.6931261386e-15 7.3978053311e-15
3.3374023438e+02 1.2090381608e-14 4.6964181539e-15 7.3939634537e-15
3.3398437500e+02 1.2089067161e-14 4.6977428761e-15 7.3913242846e-15
3.3422851562e+02 1.2086747236e-14 4.6966571188e-15 7.3900901173e-15
3.3447265625e+02 1.2086169500e-14 4.6944314579e-15 7.3917380416e-15
3.3471679688e+02 1.2090882045e-14 4.6934629111e-15 7.3974191338e-15
3.3496093750e+02 1.2099581183e-14 4.6947436354e-15 7.4048375479e-15
3.3520507812e+02 1.2106835607e-14 4.6967194873e-15 7.4101161195e-15
3.3544921875e+02 1.2108775860e-14 4.6971319258e-15 7.4116439337e-15
3.3569335938e+02 1.2105563071e-14 4.6953242511e-15 7.4102388203e-15
3.3593750000e+02 1.2099628149e-14 4.6928760203e-15 7.4067521284e-15
3.3618164062e+02 1.2092838701e-14 4.6919070278e-15 7.4009316734e-15
3.3642578125e+02 1.2085704310e-14 4.6931537106e-15 7.3925505994e-15
3.3666992188e+02 1.2079094763e-14 4.6958154152e-15 7.3832793483e-15
3.3691406250e+02 1.2074200858e-14 4.6977929703e-15 7.3764078878e-15
3.3715820312e+02 1.2071347157e-14 4.6964340526e-15 7.3749131039e-15
3.3740234375e+02 1.2071162784e-14 4.6912368229e-15 7.3799259613e-15
3.3764648438e+02 1.2073327245e-14 4.6849810593e-15 7.3883461860e-15
3.3789062500e+02 1.2073518901e-14 4.6802254395e-15 7.3932934617e-15
3.3813476562e+02 1.2067600587e-14 4.6767914480e-15 7.3908091392e-15
3.3837890625e+02 1.2058221301e-14 4.6742562515e-15 7.3839650496e-15
3.3862304688e+02 1.2051775961e-14 4.6735547559e-15 7.3782212049e-15
3.3886718750e+02 1.2050772896e-14 4.6747838218e-15 7.3759890738e-15
3.3911132812e+02 1.2053497326e-14 4.6766191041e-15 7.3768782215e-15
3.3935546875e+02 1.2058716041e-14 4.6790017689e-15 7.3797142719e-15
3.3959960938e+02 1.2066483650e-14 4.6836813726e-15 7.3828022772e-15
3.3984375000e+02 1.2074786555e-14 4.6905137717e-15 7.3842727832e-15
3.4008789062e+02 1.2079602713e-14 4.6956774730e-15 7.3839252397e-15
3.4033203125e+02 1.2079015251e-14 4.6954610244e-15 7.3835542261e-15
3.4057617188e+02 1.2073491319e-14 4.6901001979e-15 7.3833911216e-15
3.4082031250e+02 1.2064060010e-14 4.6828886718e-15 7.3811713383e-15
3.4106445312e+02 1.2053974198e-14 4.6769126246e-15 7.3770615735e-15
3.4130859375e+02 1.2047599679e-14 4.6733638341e-15 7.3742358452e-15
3.4155273438e+02 1.2044367322e-14 4.6715180339e-15 7.3728492876e-15
3.4179687500e+02 1.2038644413e-14 4.6693745202e-15 7.3692698929e-15
3.4204101562e+02 1.2028252599e-14 4.6659409391e-15 7.3623116599e-15
3.4228515625e+02 1.2019274532e-14 4.6637789703e-15 7.3554955616e-15
3.4252929688e+02 1.2020405105e-14 4.6672872224e-15 7.3531178831e-15
3.4277343750e+02 1.2035188912e-14 4.6774895081e-15 7.3576994034e-15
3.4301757812e+02 1.2059354398e-14 4.6902789135e-15 7.3690754842e-15
3.4326171875e+02 1.2082509230e-14 4.6997969025e-15 7.3827123274e-15
3.4350585938e+02 1.2094669824e-14 4.7022194871e-15 7.3924503368e-15
3.4375000000e+02 1.2094113764e-14 4.6976699035e-15 7.3964438604e-15
3.4399414062e+02 1.2087188542e-14 4.6898906224e-15 7.3972979199e-15
3.4423828125e+02 1.2080947522e-14 4.6833361515e-15 7.3976113701e-15
3.4448242188e+02 1.2078371765e-14 4.6805950360e-15 7.3977767286e-15
3.4472656250e+02 1.2079019641e-14 4.6825433950e-15 7.3964762463e-15
3.4497070312e+02 1.2079729400e-14 4.6882860088e-15 7.3914433909e-15
3.4521484375e+02 1.2075506278e-14 4.6942422450e-15 7.3812640331e-15
3.4545898438e+02 1.2065665887e-14 4.6965783453e-15 7.3690875420e-15
3.4570312500e+02 1.2057796979e-14 4.6952814768e-15 7.3625155025e-15
3.4594726562e+02 1.2059348344e-14 4.6934868793e-15 7.3658614648e-15
3.4619140625e+02 1.2066694080e-14 4.6928876038e-15 7.3738064762e-15
3.4643554688e+02 1.2068798881e-14 4.6921781508e-15 7.3766207305e-15
3.4667968750e+02 1.2061530835e-14 4.6901978750e-15 7.3713329600e-15
3.4692382812e+02 1.2051773119e-14 4.6878509517e-15 7.3639221670e-15
3.4716796875e+02 1.2046629193e-14 4.6859105659e-15 7.3607186274e-15
3.4741210938e+02 1.2046109141e-14 4.6836171516e-15 7.3624919895e-15
3.4765625000e+02 1.2047631016e-14 4.6807232243e-15 7.3669077920e-15
3.4790039062e+02 1.2050377914e-14 4.6786056573e-15 7.3717722567e-15
3.4814453125e+02 1.2054335752e-14 4.6782029452e-15 7.3761328073e-15
3.4838867188e+02 1.2059562542e-14 4.6786134562e-15 7.3809490856e-15
3.4863281250e+02 1.2065647783e-14 4.6784712801e-15 7.3871765026e-15
3.4887695312e+02 1.2070192106e-14 4.6776830210e-15 7.3925090845e-15
3.4912109375e+02 1.2070459994e-14 4.6772872281e-15 7.3931727662e-15
3.4936523438e+02 1.2068435559e-14 4.6780905371e-15 7.3903450218e-15
3.4960937500e+02 1.2070188081e-14 4.6803673393e-15 7.3898207421e-15
3.4985351562e+02 1.2076798887e-14 4.6841101064e-15 7.3926887805e-15
3.5009765625e+02 1.2082148938e-14 4.6883937373e-15 7.3937552010e-15
3.5034179688e+02 1.2082646821e-14 4.6919525153e-15 7.3906943062e-15
3.5058593750e+02 1.2080674573e-14 4.6948663368e-15 7.3858082365e-15
3.5083007812e+02 1.2077788249e-14 4.6979782141e-15 7.3798100346e-15
3.5107421875e+02 1.2073631988e-14 4.7010057243e-15 7.3726262632e-15
3.5131835938e+02 1.2071032729e-14 4.7024213970e-15 7.3686113324e-15
3.5156250000e+02 1.2074840676e-14 4.7010707856e-15 7.3737698899e-15
3.5180664062e+02 1.2085334613e-14 4.6975594770e-15 7.3877751355e-15
3.5205078125e+02 1.2095629154e-14 4.6935104270e-15 7.4021187268e-15
3.5229492188e+02 1.2096834757e-14 4.6897083396e-15 7.4071264176e-15
3.5253906250e+02 1.2086491508e-14 4.6859485411e-15 7.4005429668e-15
3.5278320312e+02 1.2070638566e-14 4.6820300682e-15 7.3886084981e-15
3.5302734375e+02 1.2057508770e-14 4.6782438422e-15 7.3792649278e-15
3.5327148438e+02 1.2051292577e-14 4.6757170797e-15 7.3755754970e-15
3.5351562500e+02 1.2050978547e-14 4.6759207092e-15 7.3750578374e-15
3.5375976562e+02 1.2053053492e-14 4.6793508476e-15 7.3737026443e-15
3.5400390625e+02 1.2055026351e-14 4.6847339934e-15 7.3702923573e-15
3.5424804688e+02 1.2056417720e-14 4.6889205396e-15 7.3674971806e-15
3.5449218750e+02 1.2057219912e-14 4.6886980729e-15 7.3685218395e-15
3.5473632812e+02 1.2057333125e-14 4.6838371355e-15 7.3734959899e-15
3.5498046875e+02 1.2057588029e-14 4.6772270273e-15 7.3803610021e-15
3.5522460938e+02 1.2059066285e-14 4.6722887536e-15 7.3867775314e-15
3.5546875000e+02 1.2060663239e-14 4.6709491516e-15 7.3897140873e-15
3.5571289062e+02 1.2059691719e-14 4.6728048301e-15 7.3868868891e-15
3.5595703125e+02 1.2056044410e-14 4.6760630264e-15 7.3799813836e-15
3.5620117188e+02 1.2052513528e-14 4.6792272914e-15 7.3732862365e-15
3.5644531250e+02 1.2049781966e-14 4.6805971374e-15 7.3691848285e-15
3.5668945312e+02 1.2045726934e-14 4.6782184732e-15 7.3675084605e-15
3.5693359375e+02 1.2041123166e-14 4.6732351696e-15 7.3678879960e-15
3.5717773438e+02 1.2040752745e-14 4.6707123229e-15 7.3700404223e-15
3.5742187500e+02 1.2046904040e-14 4.6740761760e-15 7.3728278638e-15
3.5766601562e+02 1.2057019652e-14 4.6812201651e-15 7.3757994872e-15
3.5791015625e+02 1.2068345466e-14 4.6876869331e-15 7.3806585327e-15
3.5815429688e+02 1.2078922353e-14 4.6908540693e-15 7.3880682841e-15
3.5839843750e+02 1.2084878090e-14 4.6907832967e-15 7.3940947929e-15
3.5864257812e+02 1.2082932765e-14 4.6894199200e-15 7.3935128450e-15
3.5888671875e+02 1.2075200926e-14 4.6887944675e-15 7.3864064584e-15
3.5913085938e+02 1.2067409174e-14 4.6894038464e-15 7.3780053273e-15
3.5937500000e+02 1.2063029025e-14 4.6909396069e-15 7.3720894183e-15
3.5961914062e+02 1.2061615336e-14 4.6933424937e-15 7.3682728427e-15
3.5986328125e+02 1.2061735705e-14 4.6957342114e-15 7.3660014933e-15
3.6010742188e+02 1.2063120447e-14 4.6961105972e-15 7.3670098500e-15
3.6035156250e+02 1.2066214886e-14 4.6936899601e-15 7.3725249258e-15
3.6059570312e+02 1.2070553965e-14 4.6900754676e-15 7.3804784978e-15
3.6083984375e+02 1.2074671797e-14 4.6876086958e-15 7.3870631008e-15
3.6108398438e+02 1.2078946655e-14 4.6877470374e-15 7.3911996178e-15
3.6132812500e+02 1.2085020389e-14 4.6901796267e-15 7.3948407620e-15
3.6157226562e+02 1.2090443191e-14 4.6922796912e-15 7.3981634995e-15
3.6181640625e+02 1.2090798152e-14 4.6910033422e-15 7.3997948096e-15
3.6206054688e+02 1.2087810710e-14 4.6867277813e-15 7.4010829290e-15
3.6230468750e+02 1.2086575431e-14 4.6831314019e-15 7.4034440291e-15
3.6254882812e+02 1.2086458993e-14 4.6819385404e-15 7.4045204529e-15
3.6279296875e+02 1.2082866363e-14 4.6808621545e-15 7.4020042081e-15
3.6303710938e+02 1.2074763605e-14 4.6784406863e-15 7.3963229185e-15
3.6328125000e+02 1.2065124783e-14 4.6771458383e-15 7.3879789445e-15
3.6352539062e+02 1.2057190490e-14 4.6793718552e-15 7.3778186344e-15
3.6376953125e+02 1.2052360650e-14 4.6836069099e-15 7.3687537397e-15
3.6401367188e+02 1.2050074335e-14 4.6869454180e-15 7.3631289167e-15
3.6425781250e+02 1.2050051716e-14 4.6888951031e-15 7.3611566130e-15
3.6450195312e+02 1.2053744784e-14 4.6905798146e-15 7.3631649693e-15
3.6474609375e+02 1.2060455336e-14 4.6918663342e-15 7.3685890020e-15
3.6499023438e+02 1.2065179226e-14 4.6912482903e-15 7.3739309362e-15
3.6523437500e+02 1.2065557086e-14 4.6886015722e-15 7.3769555135e-15
3.6547851562e+02 1.2064911974e-14 4.6863055630e-15 7.3786064108e-15
3.6572265625e+02 1.2064537149e-14 4.6862340881e-15 7.3783030612e-15
3.6596679688e+02 1.2062168426e-14 4.6874889757e-15 7.3746794503e-15
3.6621093750e+02 1.2059144101e-14 4.6887112826e-15 7.3704328188e-15
3.6645507812e+02 1.2059866342e-14 4.6907128755e-15 7.3691534667e-15
3.6669921875e+02 1.2064372722e-14 4.6950009492e-15 7.3693717733e-15
3.6694335938e+02 1.2068315125e-14 4.7009094180e-15 7.3674057071e-15
3.6718750000e+02 1.2070608706e-14 4.7061786429e-15 7.3644300632e-15
3.6743164062e+02 1.2075178501e-14 4.7093552886e-15 7.3658232127e-15
3.6767578125e+02 1.2081977741e-14 4.7094883756e-15 7.3724893658e-15
3.6791992188e+02 1.2082692676e-14 4.7054320418e-15 7.3772606344e-15
3.6816406250e+02 1.2072119819e-14 4.6982639368e-15 7.3738558820e-15
3.6840820312e+02 1.2057804645e-14 4.6919340078e-15 7.3658706376e-15
3.6865234375e+02 1.2050953570e-14 4.6892872778e-15 7.3616662919e-15
3.6889648438e+02 1.2053374275e-14 4.6897465191e-15 7.3636277561e-15
3.6914062500e+02 1.2059390566e-14 4.6912674263e-15 7.3681231395e-15
3.6938476562e+02 1.2064185616e-14 4.6924944044e-15 7.3716912115e-15
3.6962890625e+02 1.2064467997e-14 4.6931182928e-15 7.3713497042e-15
3.6987304688e+02 1.2057546285e-14 4.6932483979e-15 7.3642978871e-15
3.7011718750e+02 1.2046533889e-14 4.6932907626e-15 7.3532431268e-15
3.7036132812e+02 1.2041498626e-14 4.6943329359e-15 7.3471656900e-15
3.7060546875e+02 1.2049020273e-14 4.6971473852e-15 7.3518728875e-15
3.7084960938e+02 1.2063791028e-14 4.7002898502e-15 7.3635011774e-15
3.7109375000e+02 1.2074424214e-14 4.7006068865e-15 7.3738173278e-15
3.7133789062e+02 1.2074628573e-14 4.6965638900e-15 7.3780646832e-15
3.7158203125e+02 1.2067087835e-14 4.6900688821e-15 7.3770189526e-15
3.7182617188e+02 1.2059131129e-14 4.6844516465e-15 7.3746794828e-15
3.7207031250e+02 1.2055079603e-14 4.6813931078e-15 7.3736864948e-15
3.7231445312e+02 1.2052796362e-14 4.6803630409e-15 7.3724333210e-15
3.7255859375e+02 1.2048863207e-14 4.6806718017e-15 7.3681914050e-15
3.7280273438e+02 1.2044500366e-14 4.6824448071e-15 7.3620555587e-15
3.7304687500e+02 1.2044582061e-14 4.6855179262e-15 7.3590641345e-15
3.7329101562e+02 1.2052356870e-14 4.6888266402e-15 7.3635302294e-15
3.7353515625e+02 1.2064512558e-14 4.6905828486e-15 7.3739297095e-15
3.7377929688e+02 1.2072520385e-14 4.6896256793e-15 7.3828947053e-15
3.7402343750e+02 1.2072322140e-14 4.6876974429e-15 7.3846246967e-15
3.7426757812e+02 1.2069842786e-14 4.6885390227e-15 7.3813037634e-15
3.7451171875e+02 1.2072493765e-14 4.6935605358e-15 7.3789332290e-15
3.7475585938e+02 1.2079030769e-14 4.6997138236e-15 7.3793169457e-15
3.7500000000e+02 1.2082520318e-14 4.7023367683e-15 7.3801835500e-15
3.7524414062e+02 1.2079136006e-14 4.6996257108e-15 7.3795102955e-15
3.7548828125e+02 1.2070332159e-14 4.6938575396e-15 7.3764746192e-15
3.7573242188e+02 1.2060545633e-14 4.6885906390e-15 7.3719549943e-15
3.7597656250e+02 1.2054470328e-14 4.6860185753e-15 7.3684517532e-15
3.7622070312e+02 1.2053883449e-14 4.6866699490e-15 7.3672134995e-15
3.7646484375e+02 1.2056733290e-14 4.6892440476e-15 7.3674892427e-15
3.7670898438e+02 1.2059887295e-14 4.6912730306e-15 7.3686142647e-15
3.7695312500e+02 1.2062427451e-14 4.6921172792e-15 7.3703101718e-15
3.7719726562e+02 1.2066175909e-14 4.6937049997e-15 7.3724709088e-15
3.7744140625e+02 1.2072864449e-14 4.6970013789e-15 7.3758630706e-15
3.7768554688e+02 1.2080792603e-14 4.7002076463e-15 7.3805849571e-15
3.7792968750e+02 1.2085460697e-14 4.7012240825e-15 7.3842366149e-15
3.7817382812e+02 1.2084472057e-14 4.6999097510e-15 7.3845623065e-15
3.7841796875e+02 1.2080817918e-14 4.6980500335e-15 7.3827678846e-15
3.7866210938e+02 1.2079730798e-14 4.6981397458e-15 7.3815910526e-15
3.7890625000e+02 1.2082028935e-14 4.7008219365e-15 7.3812069981e-15
3.7915039062e+02 1.2082516006e-14 4.7036498640e-15 7.3788661417e-15
3.7939453125e+02 1.2076729254e-14 4.7044031932e-15 7.3723260612e-15
3.7963867188e+02 1.2066698893e-14 4.7037389339e-15 7.3629599587e-15
3.7988281250e+02 1.2057908003e-14 4.7028899726e-15 7.3550180302e-15
3.8012695312e+02 1.2053351964e-14 4.7017801313e-15 7.3515718326e-15
3.8037109375e+02 1.2052040442e-14 4.7000524202e-15 7.3519880220e-15
3.8061523438e+02 1.2051797979e-14 4.6976477661e-15 7.3541502127e-15
3.8085937500e+02 1.2052646994e-14 4.6948575377e-15 7.3577894562e-15
3.8110351562e+02 1.2056132919e-14 4.6923891296e-15 7.3637437890e-15
3.8134765625e+02 1.2062268896e-14 4.6909050899e-15 7.3713638058e-15
3.8159179688e+02 1.2069996113e-14 4.6911011564e-15 7.3788949567e-15
3.8183593750e+02 1.2078368933e-14 4.6934021727e-15 7.3849667602e-15
3.8208007812e+02 1.2084800570e-14 4.6965294791e-15 7.3882710912e-15
3.8232421875e+02 1.2085495278e-14 4.6979552877e-15 7.3875399902e-15
3.8256835938e+02 1.2079821196e-14 4.6969071223e-15 7.3829140736e-15
3.8281250000e+02 1.2071294966e-14 4.6952371272e-15 7.3760578386e-15
3.8305664062e+02 1.2063010681e-14 4.6946659359e-15 7.3683447449e-15
3.8330078125e+02 1.2055867705e-14 4.6952084179e-15 7.3606592874e-15
3.8354492188e+02 1.2051823874e-14 4.6961638829e-15 7.3556599915e-15
3.8378906250e+02 1.2054038485e-14 4.6967129656e-15 7.3573255190e-15
3.8403320312e+02 1.2062767552e-14 4.6965034383e-15 7.3662641132e-15
3.8427734375e+02 1.2074068402e-14 4.6965153554e-15 7.3775530466e-15
3.8452148438e+02 1.2083359427e-14 4.6977155645e-15 7.3856438627e-15
3.8476562500e+02 1.2089516519e-14 4.6992723532e-15 7.3902441661e-15
3.8500976562e+02 1.2094078895e-14 4.6999391400e-15 7.3941397550e-15
3.8525390625e+02 1.2096738416e-14 4.7000457294e-15 7.3966926861e-15
3.8549804688e+02 1.2094692867e-14 4.7006811255e-15 7.3940117418e-15
3.8574218750e+02 1.2086004034e-14 4.7020176901e-15 7.3839863439e-15
3.8598632812e+02 1.2072199440e-14 4.7031541126e-15 7.3690453272e-15
3.8623046875e+02 1.2059704297e-14 4.7036346467e-15 7.3560696501e-15
3.8647460938e+02 1.2056740883e-14 4.7048524804e-15 7.3518884030e-15
3.8671875000e+02 1.2064605380e-14 4.7080999911e-15 7.3565053890e-15
3.8696289062e+02 1.2074171216e-14 4.7112724677e-15 7.3628987484e-15
3.8720703125e+02 1.2075119847e-14 4.7106610250e-15 7.3644588217e-15
3.8745117188e+02 1.2067548214e-14 4.7059628364e-15 7.3615853778e-15
3.8769531250e+02 1.2060311696e-14 4.7003770234e-15 7.3599346722e-15
3.8793945312e+02 1.2059297971e-14 4.6964538516e-15 7.3628441193e-15
3.8818359375e+02 1.2062497301e-14 4.6941494766e-15 7.3683478247e-15
3.8842773438e+02 1.2065032949e-14 4.6918083147e-15 7.3732246346e-15
3.8867187500e+02 1.2064398934e-14 4.6881309268e-15 7.3762680071e-15
3.8891601562e+02 1.2061436467e-14 4.6842157755e-15 7.3772206915e-15
3.8916015625e+02 1.2058331567e-14 4.6828610651e-15 7.3754705018e-15
3.8940429688e+02 1.2055189621e-14 4.6848322887e-15 7.3703573325e-15
3.8964843750e+02 1.2049399763e-14 4.6876814715e-15 7.3617182919e-15
3.8989257812e+02 1.2040247769e-14 4.6892109196e-15 7.3510368496e-15
3.9013671875e+02 1.2031417012e-14 4.6901086376e-15 7.3413083748e-15
3.9038085938e+02 1.2026956955e-14 4.6922803213e-15 7.3346766338e-15
3.9062500000e+02 1.2028208192e-14 4.6959892296e-15 7.3322189628e-15
3.9086914062e+02 1.2034442125e-14 4.6993072173e-15 7.3351349073e-15
3.9111328125e+02 1.2043076391e-14 4.7003509116e-15 7.3427254799e-15
3.9135742188e+02 1.2050434638e-14 4.7000441634e-15 7.3503904746e-15
3.9160156250e+02 1.2054968375e-14 4.7011087620e-15 7.3538596128e-15
3.9184570312e+02 1.2057971978e-14 4.7036282406e-15 7.3543437376e-15
3.9208984375e+02 1.2058552556e-14 4.7040171279e-15 7.3545354278e-15
3.9233398438e+02 1.2052887743e-14 4.6996884104e-15 7.3531993330e-15
3.9257812500e+02 1.2041964501e-14 4.6927098068e-15 7.3492546943e-15
3.9282226562e+02 1.2032661880e-14 4.6873270589e-15 7.3453348206e-15
3.9306640625e+02 1.2029291508e-14 4.6854346384e-15 7.3438568691e-15
3.9331054688e+02 1.2031043210e-14 4.6859041951e-15 7.3451390154e-15
3.9355468750e+02 1.2037036600e-14 4.6872021360e-15 7.3498344643e-15
3.9379882812e+02 1.2047467688e-14 4.6890248627e-15 7.3584428248e-15
3.9404296875e+02 1.2059485574e-14 4.6911567681e-15 7.3683288056e-15
3.9428710938e+02 1.2067303246e-14 4.6925514604e-15 7.3747517858e-15
3.9453125000e+02 1.2067476252e-14 4.6926357434e-15 7.3748405089e-15
3.9477539062e+02 1.2060498648e-14 4.6918826966e-15 7.3686159515e-15
3.9501953125e+02 1.2048930862e-14 4.6910942187e-15 7.3578366434e-15
3.9526367188e+02 1.2036706822e-14 4.6912559822e-15 7.3454508400e-15
3.9550781250e+02 1.2028024594e-14 4.6923372392e-15 7.3356873549e-15
3.9575195312e+02 1.2025806244e-14 4.6919987446e-15 7.3338074996e-15
3.9599609375e+02 1.2030724624e-14 4.6880516202e-15 7.3426730042e-15
3.9624023438e+02 1.2040883310e-14 4.6820527511e-15 7.3588305592e-15
3.9648437500e+02 1.2053743637e-14 4.6786219102e-15 7.3751217267e-15
3.9672851562e+02 1.2067390405e-14 4.6809824474e-15 7.3864079580e-15
3.9697265625e+02 1.2078831994e-14 4.6878023071e-15 7.3910296864e-15
3.9721679688e+02 1.2084002322e-14 4.6945476926e-15 7.3894546294e-15
3.9746093750e+02 1.2081469357e-14 4.6977169767e-15 7.3837523799e-15
3.9770507812e+02 1.2074767396e-14 4.6975343000e-15 7.3772330956e-15
3.9794921875e+02 1.2068210206e-14 4.6963833570e-15 7.3718268491e-15
3.9819335938e+02 1.2061804417e-14 4.6957464455e-15 7.3660579716e-15
3.9843750000e+02 1.2054176091e-14 4.6955181748e-15 7.3586579164e-15
3.9868164062e+02 1.2046969245e-14 4.6949439971e-15 7.3520252475e-15
3.9892578125e+02 1.2042293300e-14 4.6937813097e-15 7.3485119903e-15
3.9916992188e+02 1.2040106170e-14 4.6931265860e-15 7.3469795838e-15
3.9941406250e+02 1.2040755061e-14 4.6940296493e-15 7.3467254121e-15
3.9965820312e+02 1.2045924626e-14 4.6952066371e-15 7.3507179893e-15
3.9990234375e+02 1.2055512215e-14 4.6939084286e-15 7.3616037868e-15
4.0014648438e+02 1.2067037477e-14 4.6896968638e-15 7.3773406131e-15
4.0039062500e+02 1.2078668270e-14 4.6859699914e-15 7.3926982782e-15
4.0063476562e+02 1.2089647550e-14 4.6861696789e-15 7.4034778716e-15
4.0087890625e+02 1.2097418781e-14 4.6895993795e-15 7.4078194019e-15
4.0112304688e+02 1.2098134509e-14 4.6930865089e-15 7.4050479998e-15
4.0136718750e+02 1.2091610048e-14 4.6953389849e-15 7.3962710633e-15
4.0161132812e+02 1.2082446854e-14 4.6971843948e-15 7.3852624590e-15
4.0185546875e+02 1.2074856344e-14 4.6989122446e-15 7.3759440991e-15
4.0209960938e+02 1.2070071321e-14 4.6996900320e-15 7.3703812891e-15
4.0234375000e+02 1.2068849704e-14 4.6986579212e-15 7.3701917831e-15
4.0258789062e+02 1.2070935337e-14 4.6956761440e-15 7.3752591927e-15
4.0283203125e+02 1.2073239139e-14 4.6921653165e-15 7.3810738221e-15
4.0307617188e+02 1.2074276412e-14 4.6909521526e-15 7.3833242589e-15
4.0332031250e+02 1.2077190496e-14 4.6939255129e-15 7.3832649833e-15
4.0356445312e+02 1.2083998434e-14 4.6998924348e-15 7.3841059988e-15
4.0380859375e+02 1.2091012030e-14 4.7051467080e-15 7.3858653216e-15
4.0405273438e+02 1.2092363036e-14 4.7063630981e-15 7.3859999382e-15
4.0429687500e+02 1.2085073255e-14 4.7030221407e-15 7.3820511148e-15
4.0454101562e+02 1.2071136348e-14 4.6972649915e-15 7.3738713568e-15
4.0478515625e+02 1.2056836152e-14 4.6925383337e-15 7.3642978180e-15
4.0502929688e+02 1.2047908002e-14 4.6917630384e-15 7.3561449639e-15
4.0527343750e+02 1.2044158193e-14 4.6944766174e-15 7.3496815753e-15
4.0551757812e+02 1.2041470124e-14 4.6969032019e-15 7.3445669224e-15
4.0576171875e+02 1.2037874780e-14 4.6968497070e-15 7.3410250726e-15
4.0600585938e+02 1.2033963920e-14 4.6962500450e-15 7.3377138750e-15
4.0625000000e+02 1.2030447678e-14 4.6975160628e-15 7.3329316148e-15
4.0649414062e+02 1.2028815894e-14 4.6999703656e-15 7.3288455283e-15
4.0673828125e+02 1.2031545152e-14 4.7008811350e-15 7.3306640167e-15
4.0698242188e+02 1.2039754294e-14 4.6985308645e-15 7.3412234299e-15
4.0722656250e+02 1.2051661617e-14 4.6940270695e-15 7.3576345474e-15
4.0747070312e+02 1.2063034591e-14 4.6903230934e-15 7.3727114976e-15
4.0771484375e+02 1.2069235526e-14 4.6892557522e-15 7.3799797741e-15
4.0795898438e+02 1.2068988336e-14 4.6906568267e-15 7.3783315088e-15
4.0820312500e+02 1.2065391612e-14 4.6939586194e-15 7.3714329927e-15
4.0844726562e+02 1.2061520452e-14 4.6981925901e-15 7.3633278618e-15
4.0869140625e+02 1.2057630770e-14 4.7014246018e-15 7.3562061678e-15
4.0893554688e+02 1.2053468278e-14 4.7023980927e-15 7.3510701855e-15
4.0917968750e+02 1.2050059382e-14 4.7015830589e-15 7.3484763234e-15
4.0942382812e+02 1.2048549534e-14 4.7000585567e-15 7.3484909771e-15
4.0966796875e+02 1.2048976469e-14 4.6982876608e-15 7.3506888085e-15
4.0991210938e+02 1.2051043539e-14 4.6963868345e-15 7.3546567048e-15
4.1015625000e+02 1.2055246970e-14 4.6953663838e-15 7.3598805857e-15
4.1040039062e+02 1.2060945908e-14 4.6962838515e-15 7.3646620560e-15
4.1064453125e+02 1.2064243115e-14 4.6977188124e-15 7.3665243028e-15
4.1088867188e+02 1.2061542667e-14 4.6965356679e-15 7.3650069993e-15
4.1113281250e+02 1.2055439417e-14 4.6922204945e-15 7.3632189223e-15
4.1137695312e+02 1.2053728950e-14 4.6885390982e-15 7.3651898517e-15
4.1162109375e+02 1.2061710537e-14 4.6894124127e-15 7.3722981243e-15
4.1186523438e+02 1.2077018504e-14 4.6942442637e-15 7.3827742400e-15
4.1210937500e+02 1.2091038369e-14 4.6983992895e-15 7.3926390795e-15
4.1235351562e+02 1.2095652719e-14 4.6981057660e-15 7.3975469531e-15
4.1259765625e+02 1.2090261474e-14 4.6940714069e-15 7.3961900670e-15
4.1284179688e+02 1.2080649887e-14 4.6898869330e-15 7.3907629543e-15
4.1308593750e+02 1.2071819201e-14 4.6882770266e-15 7.3835421746e-15
4.1333007812e+02 1.2064734115e-14 4.6894130997e-15 7.3753210149e-15
4.1357421875e+02 1.2058392968e-14 4.6917027558e-15 7.3666902119e-15
4.1381835938e+02 1.2053401958e-14 4.6940192390e-15 7.3593827193e-15
4.1406250000e+02 1.2053072113e-14 4.6968151439e-15 7.3562569692e-15
4.1430664062e+02 1.2059354288e-14 4.7002287041e-15 7.3591255839e-15
4.1455078125e+02 1.2069377227e-14 4.7024428580e-15 7.3669343692e-15
4.1479492188e+02 1.2078709990e-14 4.7019868324e-15 7.3767231581e-15
4.1503906250e+02 1.2085594542e-14 4.7003011877e-15 7.3852933541e-15
4.1528320312e+02 1.2089457720e-14 4.6995258577e-15 7.3899318628e-15
4.1552734375e+02 1.2088522182e-14 4.6991145727e-15 7.3894076094e-15
4.1577148438e+02 1.2081553426e-14 4.6970371171e-15 7.3845163089e-15
4.1601562500e+02 1.2070332720e-14 4.6935199162e-15 7.3768128037e-15
4.1625976562e+02 1.2060030057e-14 4.6913355645e-15 7.3686944924e-15
4.1650390625e+02 1.2056571846e-14 4.6921839087e-15 7.3643879373e-15
4.1674804688e+02 1.2060746018e-14 4.6947894046e-15 7.3659566131e-15
4.1699218750e+02 1.2065798214e-14 4.6969218045e-15 7.3688764097e-15
4.1723632812e+02 1.2064369124e-14 4.6974123168e-15 7.3669568069e-15
4.1748046875e+02 1.2056322034e-14 4.6959330603e-15 7.3603889736e-15
4.1772460938e+02 1.2046748858e-14 4.6924980369e-15 7.3542508214e-15
4.1796875000e+02 1.2039420825e-14 4.6882798624e-15 7.3511409627e-15
4.1821289062e+02 1.2035493739e-14 4.6856248758e-15 7.3498688635e-15
4.1845703125e+02 1.2035234453e-14 4.6859740285e-15 7.3492604243e-15
4.1870117188e+02 1.2038234151e-14 4.6889440217e-15 7.3492901297e-15
4.1894531250e+02 1.2044184330e-14 4.6934723693e-15 7.3507119604e-15
4.1918945312e+02 1.2053307896e-14 4.6984575093e-15 7.3548503870e-15
4.1943359375e+02 1.2063946752e-14 4.7027112551e-15 7.3612354967e-15
4.1967773438e+02 1.2071632669e-14 4.7051131655e-15 7.3665195034e-15
4.1992187500e+02 1.2072331513e-14 4.7047957173e-15 7.3675357953e-15
4.2016601562e+02 1.2066423071e-14 4.7015095709e-15 7.3649135005e-15
4.2041015625e+02 1.2059468476e-14 4.6962375215e-15 7.3632309541e-15
4.2065429688e+02 1.2057077086e-14 4.6913431771e-15 7.3657339086e-15
4.2089843750e+02 1.2058412052e-14 4.6892997892e-15 7.3691122629e-15
4.2114257812e+02 1.2058322260e-14 4.6902865606e-15 7.3680356994e-15
4.2138671875e+02 1.2055357386e-14 4.6916173797e-15 7.3637400060e-15
4.2163085938e+02 1.2052730023e-14 4.6903096723e-15 7.3624203505e-15
4.2187500000e+02 1.2052657659e-14 4.6857998473e-15 7.3668578113e-15
4.2211914062e+02 1.2054797789e-14 4.6807648843e-15 7.3740329046e-15
4.2236328125e+02 1.2059010735e-14 4.6796288110e-15 7.3793819243e-15
4.2260742188e+02 1.2065289227e-14 4.6847558435e-15 7.3805333831e-15
4.2285156250e+02 1.2070934919e-14 4.6931967994e-15 7.3777381200e-15
4.2309570312e+02 1.2071954992e-14 4.6985173607e-15 7.3734376312e-15
4.2333984375e+02 1.2068297087e-14 4.6972136896e-15 7.3710833971e-15
4.2358398438e+02 1.2063740825e-14 4.6921291338e-15 7.3716116912e-15
4.2382812500e+02 1.2060024767e-14 4.6881817697e-15 7.3718429971e-15
4.2407226562e+02 1.2055346236e-14 4.6868619124e-15 7.3684843235e-15
4.2431640625e+02 1.2049682359e-14 4.6871034484e-15 7.3625789102e-15
4.2456054688e+02 1.2046523060e-14 4.6885268584e-15 7.3579962020e-15
4.2480468750e+02 1.2047121778e-14 4.6909192734e-15 7.3562025043e-15
4.2504882812e+02 1.2048127131e-14 4.6928662671e-15 7.3552608642e-15
4.2529296875e+02 1.2047703656e-14 4.6929838870e-15 7.3547197691e-15
4.2553710938e+02 1.2049581278e-14 4.6916487359e-15 7.3579325424e-15
4.2578125000e+02 1.2057653157e-14 4.6906071126e-15 7.3670460445e-15
4.2602539062e+02 1.2069613086e-14 4.6908826926e-15 7.3787303932e-15
4.2626953125e+02 1.2078838593e-14 4.6920262018e-15 7.3868123909e-15
4.2651367188e+02 1.2080556649e-14 4.6937409718e-15 7.3868156777e-15
4.2675781250e+02 1.2075379280e-14 4.6963017529e-15 7.3790775268e-15
4.2700195312e+02 1.2068717498e-14 4.6989748775e-15 7.3697426206e-15
4.2724609375e+02 1.2066103671e-14 4.7003317416e-15 7.3657719291e-15
4.2749023438e+02 1.2068747866e-14 4.7001125173e-15 7.3686353490e-15
4.2773437500e+02 1.2074351913e-14 4.6993890139e-15 7.3749628990e-15
4.2797851562e+02 1.2080448783e-14 4.6994030473e-15 7.3810457354e-15
4.2822265625e+02 1.2085825820e-14 4.7002149487e-15 7.3856108711e-15
4.2846679688e+02 1.2090334782e-14 4.7005665255e-15 7.3897682561e-15
4.2871093750e+02 1.2093766690e-14 4.6997572895e-15 7.3940094008e-15
4.2895507812e+02 1.2094398997e-14 4.6984000395e-15 7.3959989576e-15
4.2919921875e+02 1.2090815994e-14 4.6970259141e-15 7.3937900799e-15
4.2944335938e+02 1.2084348507e-14 4.6951940610e-15 7.3891544463e-15
4.2968750000e+02 1.2076409948e-14 4.6921196212e-15 7.3842903265e-15
4.2993164062e+02 1.2066318598e-14 4.6881861142e-15 7.3781324841e-15
4.3017578125e+02 1.2054274652e-14 4.6851114060e-15 7.3691632463e-15
4.3041992188e+02 1.2042625295e-14 4.6835901200e-15 7.3590351749e-15
4.3066406250e+02 1.2033749764e-14 4.6824147228e-15 7.3513350408e-15
4.3090820312e+02 1.2029201072e-14 4.6808659839e-15 7.3483350878e-15
4.3115234375e+02 1.2028781551e-14 4.6799663315e-15 7.3488152193e-15
4.3139648438e+02 1.2030284726e-14 4.6810582197e-15 7.3492265065e-15
4.3164062500e+02 1.2032926528e-14 4.6844120343e-15 7.3485144941e-15
4.3188476562e+02 1.2038593753e-14 4.6888430645e-15 7.3497506885e-15
4.3212890625e+02 1.2047678899e-14 4.6920142295e-15 7.3556646691e-15
4.3237304688e+02 1.2057841508e-14 4.6921687946e-15 7.3656727136e-15
4.3261718750e+02 1.2067092489e-14 4.6902195060e-15 7.3768729827e-15
4.3286132812e+02 1.2074076165e-14 4.6885694321e-15 7.3855067331e-15
4.3310546875e+02 1.2076802755e-14 4.6879812026e-15 7.3888215527e-15
4.3334960938e+02 1.2074703031e-14 4.6878041655e-15 7.3868988658e-15
4.3359375000e+02 1.2070884091e-14 4.6880243357e-15 7.3828597554e-15
4.3383789062e+02 1.2069660824e-14 4.6886437828e-15 7.3810170410e-15
4.3408203125e+02 1.2072287430e-14 4.6885745360e-15 7.3837128936e-15
4.3432617188e+02 1.2075292922e-14 4.6868029131e-15 7.3884900086e-15
4.3457031250e+02 1.2073135497e-14 4.6839088790e-15 7.3892266181e-15
4.3481445312e+02 1.2065461191e-14 4.6820792236e-15 7.3833819676e-15
4.3505859375e+02 1.2059867592e-14 4.6835155768e-15 7.3763520151e-15
4.3530273438e+02 1.2062482378e-14 4.6884801958e-15 7.3740021819e-15
4.3554687500e+02 1.2069472102e-14 4.6948954206e-15 7.3745766809e-15
4.3579101562e+02 1.2072766226e-14 4.6994886678e-15 7.3732775579e-15
4.3603515625e+02 1.2069664018e-14 4.6998644754e-15 7.3697995429e-15
4.3627929688e+02 1.2063655666e-14 4.6966104290e-15 7.3670452370e-15
4.3652343750e+02 1.2060202491e-14 4.6926657394e-15 7.3675367515e-15
4.3676757812e+02 1.2062521599e-14 4.6899774057e-15 7.3725441933e-15
4.3701171875e+02 1.2068679548e-14 4.6882010962e-15 7.3804784522e-15
4.3725585938e+02 1.2074346030e-14 4.6868232885e-15 7.3875227413e-15
4.3750000000e+02 1.2077858848e-14 4.6861339561e-15 7.3917248919e-15
4.3774414062e+02 1.2079287001e-14 4.6861746317e-15 7.3931123695e-15
4.3798828125e+02 1.2077608959e-14 4.6867698940e-15 7.3908390649e-15
4.3823242188e+02 1.2072906972e-14 4.6880106734e-15 7.3848962985e-15
4.3847656250e+02 1.2068587195e-14 4.6896113321e-15 7.3789758629e-15
4.3872070312e+02 1.2067707021e-14 4.6901475818e-15 7.3775594387e-15
4.3896484375e+02 1.2068648001e-14 4.6882540398e-15 7.3803939614e-15
4.3920898438e+02 1.2067866099e-14 4.6850601053e-15 7.3828059941e-15
4.3945312500e+02 1.2065709107e-14 4.6835712252e-15 7.3821378821e-15
4.3969726562e+02 1.2065691687e-14 4.6852672303e-15 7.3804244562e-15
4.3994140625e+02 1.2069353824e-14 4.6889280449e-15 7.3804257787e-15
4.4018554688e+02 1.2074934959e-14 4.6923983119e-15 7.3825366472e-15
4.4042968750e+02 1.2078732066e-14 4.6940253976e-15 7.3847066682e-15
4.4067382812e+02 1.2076017686e-14 4.6925439359e-15 7.3834737497e-15
4.4091796875e+02 1.2064916909e-14 4.6876961809e-15 7.3772207277e-15
4.4116210938e+02 1.2051351737e-14 4.6820564283e-15 7.3692953089e-15
4.4140625000e+02 1.2045886329e-14 4.6801131246e-15 7.3657732039e-15
4.4165039062e+02 1.2052429137e-14 4.6837856699e-15 7.3686434673e-15
4.4189453125e+02 1.2062198473e-14 4.6898983762e-15 7.3723000964e-15
4.4213867188e+02 1.2062796223e-14 4.6938001325e-15 7.3689960900e-15
4.4238281250e+02 1.2052012792e-14 4.6948764129e-15 7.3571363796e-15
4.4262695312e+02 1.2038888120e-14 4.6960891863e-15 7.3427989334e-15
4.4287109375e+02 1.2033308087e-14 4.6987075960e-15 7.3346004912e-15
4.4311523438e+02 1.2038726804e-14 4.7007811945e-15 7.3379456097e-15
4.4335937500e+02 1.2052573971e-14 4.7004403591e-15 7.3521336118e-15
4.4360351562e+02 1.2067704818e-14 4.6978916260e-15 7.3698131921e-15
4.4384765625e+02 1.2074879924e-14 4.6943925273e-15 7.3804873963e-15
4.4409179688e+02 1.2070947004e-14 4.6909502809e-15 7.3799967236e-15
4.4433593750e+02 1.2063062522e-14 4.6881967937e-15 7.3748657282e-15
4.4458007812e+02 1.2059787713e-14 4.6866106150e-15 7.3731770984e-15
4.4482421875e+02 1.2062286877e-14 4.6864031059e-15 7.3758837714e-15
4.4506835938e+02 1.2067048736e-14 4.6876109215e-15 7.3794378146e-15
4.4531250000e+02 1.2071907181e-14 4.6900338419e-15 7.3818733388e-15
4.4555664062e+02 1.2076794398e-14 4.6926458529e-15 7.3841485455e-15
4.4580078125e+02 1.2081766327e-14 4.6939908945e-15 7.3877754325e-15
4.4604492188e+02 1.2086229685e-14 4.6935754611e-15 7.3926542236e-15
4.4628906250e+02 1.2088689762e-14 4.6923105241e-15 7.3963792376e-15
4.4653320312e+02 1.2087841335e-14 4.6917792807e-15 7.3960620542e-15
4.4677734375e+02 1.2085457094e-14 4.6930232071e-15 7.3924338872e-15
4.4702148438e+02 1.2085394742e-14 4.6953245011e-15 7.3900702411e-15
4.4726562500e+02 1.2087107289e-14 4.6965367632e-15 7.3905705261e-15
4.4750976562e+02 1.2084334444e-14 4.6957683978e-15 7.3885660467e-15
4.4775390625e+02 1.2074180852e-14 4.6944848892e-15 7.3796959632e-15
4.4799804688e+02 1.2062386918e-14 4.6935151319e-15 7.3688717864e-15
4.4824218750e+02 1.2056397719e-14 4.6918598779e-15 7.3645378410e-15
4.4848632812e+02 1.2058519672e-14 4.6894822014e-15 7.3690374701e-15
4.4873046875e+02 1.2066841874e-14 4.6877142623e-15 7.3791276113e-15
4.4897460938e+02 1.2077988710e-14 4.6873121432e-15 7.3906765664e-15
4.4921875000e+02 1.2087687420e-14 4.6885039323e-15 7.3991834880e-15
4.4946289062e+02 1.2091510389e-14 4.6909619114e-15 7.4005484780e-15
4.4970703125e+02 1.2087471603e-14 4.6927279578e-15 7.3947436453e-15
4.4995117188e+02 1.2078113540e-14 4.6913012332e-15 7.3868123067e-15
4.5019531250e+02 1.2069479631e-14 4.6863342483e-15 7.3831453822e-15
4.5043945312e+02 1.2067196141e-14 4.6805233810e-15 7.3866727595e-15
4.5068359375e+02 1.2072208252e-14 4.6773715629e-15 7.3948366890e-15
4.5092773438e+02 1.2079945956e-14 4.6779007046e-15 7.4020452518e-15
4.5117187500e+02 1.2084876621e-14 4.6803327591e-15 7.4045438622e-15
4.5141601562e+02 1.2085468750e-14 4.6828283074e-15 7.4026404422e-15
4.5166015625e+02 1.2083995468e-14 4.6850684514e-15 7.3989270161e-15
4.5190429688e+02 1.2083718099e-14 4.6871397370e-15 7.3965783620e-15
4.5214843750e+02 1.2085720548e-14 4.6878739402e-15 7.3978466075e-15
4.5239257812e+02 1.2087044235e-14 4.6856245489e-15 7.4014196865e-15
4.5263671875e+02 1.2085046110e-14 4.6814197635e-15 7.4036263469e-15
4.5288085938e+02 1.2082210985e-14 4.6787308331e-15 7.4034801519e-15
4.5312500000e+02 1.2082279192e-14 4.6789153830e-15 7.4033638088e-15
4.5336914062e+02 1.2085942367e-14 4.6810997140e-15 7.4048426529e-15
4.5361328125e+02 1.2092635015e-14 4.6860606685e-15 7.4065743461e-15
4.5385742188e+02 1.2100547942e-14 4.6941893811e-15 7.4063585610e-15
4.5410156250e+02 1.2105742653e-14 4.7016343726e-15 7.4041082802e-15
4.5434570312e+02 1.2106181983e-14 4.7039608173e-15 7.4022211661e-15
4.5458984375e+02 1.2104299411e-14 4.7014105281e-15 7.4028888828e-15
4.5483398438e+02 1.2103500012e-14 4.6974721797e-15 7.4060278327e-15
4.5507812500e+02 1.2104878690e-14 4.6946088960e-15 7.4102697939e-15
4.5532226562e+02 1.2108225195e-14 4.6933921668e-15 7.4148330286e-15
4.5556640625e+02 1.2112456389e-14 4.6932707815e-15 7.4191856080e-15
4.5581054688e+02 1.2113444692e-14 4.6921828783e-15 7.4212618133e-15
4.5605468750e+02 1.2106717504e-14 4.6877453682e-15 7.4189721355e-15
4.5629882812e+02 1.2094268480e-14 4.6807428654e-15 7.4135256150e-15
4.5654296875e+02 1.2083097669e-14 4.6758026063e-15 7.4072950630e-15
4.5678710938e+02 1.2077035653e-14 4.6767475692e-15 7.4002880838e-15
4.5703125000e+02 1.2075494662e-14 4.6825645779e-15 7.3929300839e-15
4.5727539062e+02 1.2076986215e-14 4.6889775316e-15 7.3880086836e-15
4.5751953125e+02 1.2077917781e-14 4.6920583304e-15 7.3858594508e-15
4.5776367188e+02 1.2073055319e-14 4.6901633475e-15 7.3828919718e-15
4.5800781250e+02 1.2062269486e-14 4.6849585771e-15 7.3773109086e-15
4.5825195312e+02 1.2051803871e-14 4.6806793079e-15 7.3711245628e-15
4.5849609375e+02 1.2047399519e-14 4.6801801344e-15 7.3672193848e-15
4.5874023438e+02 1.2050508067e-14 4.6821321025e-15 7.3683759650e-15
4.5898437500e+02 1.2058858267e-14 4.6835152664e-15 7.3753430007e-15
4.5922851562e+02 1.2068052780e-14 4.6835168076e-15 7.3845359723e-15
4.5947265625e+02 1.2075406684e-14 4.6836603758e-15 7.3917463081e-15
4.5971679688e+02 1.2081644467e-14 4.6852145974e-15 7.3964298692e-15
4.5996093750e+02 1.2087595532e-14 4.6877976309e-15 7.3997979013e-15
4.6020507812e+02 1.2092221217e-14 4.6903142226e-15 7.4019069940e-15
4.6044921875e+02 1.2094917664e-14 4.6921817074e-15 7.4027359565e-15
4.6069335938e+02 1.2096844251e-14 4.6929746340e-15 7.4038696166e-15
4.6093750000e+02 1.2098888796e-14 4.6916790163e-15 7.4072097793e-15
4.6118164062e+02 1.2099855358e-14 4.6879260681e-15 7.4119292903e-15
4.6142578125e+02 1.2096652042e-14 4.6834286379e-15 7.4132234039e-15
4.6166992188e+02 1.2087121865e-14 4.6804606639e-15 7.4066612009e-15
4.6191406250e+02 1.2074458352e-14 4.6796154787e-15 7.3948428729e-15
4.6215820312e+02 1.2066227832e-14 4.6801401925e-15 7.3860876390e-15
4.6240234375e+02 1.2066692407e-14 4.6815340268e-15 7.3851583800e-15
4.6264648438e+02 1.2072498907e-14 4.6838899493e-15 7.3886089579e-15
4.6289062500e+02 1.2076602266e-14 4.6868928511e-15 7.3897094148e-15
4.6313476562e+02 1.2073948135e-14 4.6891878037e-15 7.3847603311e-15
4.6337890625e+02 1.2063845431e-14 4.6892873051e-15 7.3745581257e-15
4.6362304688e+02 1.2050210815e-14 4.6872543027e-15 7.3629565122e-15
4.6386718750e+02 1.2040286886e-14 4.6852104719e-15 7.3550764138e-15
4.6411132812e+02 1.2040589330e-14 4.6855888356e-15 7.3550004941e-15
4.6435546875e+02 1.2051986879e-14 4.6885591244e-15 7.3634277542e-15
4.6459960938e+02 1.2067958008e-14 4.6915181069e-15 7.3764399009e-15
4.6484375000e+02 1.2078536050e-14 4.6917768917e-15 7.3867591579e-15
4.6508789062e+02 1.2078456219e-14 4.6896937272e-15 7.3887624914e-15
4.6533203125e+02 1.2071422365e-14 4.6878152374e-15 7.3836071274e-15
4.6557617188e+02 1.2064921394e-14 4.6869173403e-15 7.3780040535e-15
4.6582031250e+02 1.2062638360e-14 4.6854434034e-15 7.3771949565e-15
4.6606445312e+02 1.2062863934e-14 4.6832592273e-15 7.3796047069e-15
4.6630859375e+02 1.2061539883e-14 4.6825601399e-15 7.3789797435e-15
4.6655273438e+02 1.2055742027e-14 4.6835107589e-15 7.3722312684e-15
4.6679687500e+02 1.2046389497e-14 4.6828489938e-15 7.3635405035e-15
4.6704101562e+02 1.2038215532e-14 4.6793354270e-15 7.3588801051e-15
4.6728515625e+02 1.2035955447e-14 4.6766313541e-15 7.3593240926e-15
4.6752929688e+02 1.2040447289e-14 4.6785339038e-15 7.3619133855e-15
4.6777343750e+02 1.2047771108e-14 4.6843563098e-15 7.3634147985e-15
4.6801757812e+02 1.2052187904e-14 4.6900123717e-15 7.3621755319e-15
4.6826171875e+02 1.2051240982e-14 4.6920781858e-15 7.3591627959e-15
4.6850585938e+02 1.2047472616e-14 4.6908811963e-15 7.3565914195e-15
4.6875000000e+02 1.2044075589e-14 4.6897550384e-15 7.3543205508e-15
4.6899414062e+02 1.2040245390e-14 4.6907372642e-15 7.3495081261e-15
4.6923828125e+02 1.2034007271e-14 4.6924645009e-15 7.3415427699e-15
4.6948242188e+02 1.2028625555e-14 4.6927561341e-15 7.3358694208e-15
4.6972656250e+02 1.2030745105e-14 4.6911892168e-15 7.3395558879e-15
4.6997070312e+02 1.2042375981e-14 4.6890813022e-15 7.3532946788e-15
4.7021484375e+02 1.2059003479e-14 4.6884229004e-15 7.3705805785e-15
4.7045898438e+02 1.2073810720e-14 4.6902461184e-15 7.3835646015e-15
4.7070312500e+02 1.2081604534e-14 4.6931404166e-15 7.3884641179e-15
4.7094726562e+02 1.2081206113e-14 4.6942268627e-15 7.3869792502e-15
4.7119140625e+02 1.2075557883e-14 4.6924040770e-15 7.3831538063e-15
4.7143554688e+02 1.2069922004e-14 4.6901124706e-15 7.3798095330e-15
4.7167968750e+02 1.2069212528e-14 4.6905464658e-15 7.3786660622e-15
4.7192382812e+02 1.2073855096e-14 4.6933395728e-15 7.3805155233e-15
4.7216796875e+02 1.2078990113e-14 4.6951368220e-15 7.3838532908e-15
4.7241210938e+02 1.2080306872e-14 4.6940352280e-15 7.3862716441e-15
4.7265625000e+02 1.2078196771e-14 4.6912346193e-15 7.3869621518e-15
4.7290039062e+02 1.2075132952e-14 4.6890945068e-15 7.3860384451e-15
4.7314453125e+02 1.2071886168e-14 4.6889330016e-15 7.3829531662e-15
4.7338867188e+02 1.2068381051e-14 4.6902880399e-15 7.3780930113e-15
4.7363281250e+02 1.2067251608e-14 4.6922868815e-15 7.3749647268e-15
4.7387695312e+02 1.2071847075e-14 4.6945862567e-15 7.3772608178e-15
4.7412109375e+02 1.2080195091e-14 4.6961775013e-15 7.3840175894e-15
4.7436523438e+02 1.2087234352e-14 4.6959685889e-15 7.3912657633e-15
4.7460937500e+02 1.2091796713e-14 4.6949405914e-15 7.3968561217e-15
4.7485351562e+02 1.2094438557e-14 4.6946956083e-15 7.3997429484e-15
4.7509765625e+02 1.2091881841e-14 4.6943642690e-15 7.3975175715e-15
4.7534179688e+02 1.2080563556e-14 4.6919609664e-15 7.3886025897e-15
4.7558593750e+02 1.2063727187e-14 4.6877227120e-15 7.3760044745e-15
4.7583007812e+02 1.2050795640e-14 4.6835951412e-15 7.3672004992e-15
4.7607421875e+02 1.2049656341e-14 4.6811330726e-15 7.3685232687e-15
4.7631835938e+02 1.2060207621e-14 4.6810397274e-15 7.3791678939e-15
4.7656250000e+02 1.2074509371e-14 4.6829494814e-15 7.3915598892e-15
4.7680664062e+02 1.2083375765e-14 4.6859988764e-15 7.3973768882e-15
4.7705078125e+02 1.2083920895e-14 4.6899162519e-15 7.3940046433e-15
4.7729492188e+02 1.2079437445e-14 4.6934069362e-15 7.3860305090e-15
4.7753906250e+02 1.2073328041e-14 4.6933434361e-15 7.3799846048e-15
4.7778320312e+02 1.2067633859e-14 4.6891802814e-15 7.3784535781e-15
4.7802734375e+02 1.2065111658e-14 4.6852288081e-15 7.3798828500e-15
4.7827148438e+02 1.2067988371e-14 4.6858153270e-15 7.3821730436e-15
4.7851562500e+02 1.2075802095e-14 4.6910838708e-15 7.3847182243e-15
4.7875976562e+02 1.2084849729e-14 4.6978362552e-15 7.3870134739e-15
4.7900390625e+02 1.2088654807e-14 4.7020585006e-15 7.3865963065e-15
4.7924804688e+02 1.2082511211e-14 4.7015808825e-15 7.3809303289e-15
4.7949218750e+02 1.2068844658e-14 4.6974277221e-15 7.3714169359e-15
4.7973632812e+02 1.2054616551e-14 4.6921277117e-15 7.3624888395e-15
4.7998046875e+02 1.2045296812e-14 4.6880139900e-15 7.3572828218e-15
4.8022460938e+02 1.2043527481e-14 4.6874339258e-15 7.3560935551e-15
4.8046875000e+02 1.2048771357e-14 4.6917530165e-15 7.3570183403e-15
4.8071289062e+02 1.2056340178e-14 4.6986902607e-15 7.3576499177e-15
4.8095703125e+02 1.2060647492e-14 4.7028101826e-15 7.3578373095e-15
4.8120117188e+02 1.2059949950e-14 4.7008231151e-15 7.3591268353e-15
4.8144531250e+02 1.2056167057e-14 4.6950700438e-15 7.3610970136e-15
4.8168945312e+02 1.2052727894e-14 4.6905936467e-15 7.3621342472e-15
4.8193359375e+02 1.2053604817e-14 4.6901146931e-15 7.3634901239e-15
4.8217773438e+02 1.2060402104e-14 4.6922692387e-15 7.3681328654e-15
4.8242187500e+02 1.2069007570e-14 4.6939828172e-15 7.3750247526e-15
4.8266601562e+02 1.2071826244e-14 4.6937715209e-15 7.3780547233e-15
4.8291015625e+02 1.2065476607e-14 4.6925501704e-15 7.3729264367e-15
4.8315429688e+02 1.2054368108e-14 4.6919325056e-15 7.3624356029e-15
4.8339843750e+02 1.2044982581e-14 4.6922926055e-15 7.3526899752e-15
4.8364257812e+02 1.2040585924e-14 4.6928688219e-15 7.3477171020e-15
4.8388671875e+02 1.2042790552e-14 4.6934094786e-15 7.3493810734e-15
4.8413085938e+02 1.2051600383e-14 4.6945547817e-15 7.3570456016e-15
4.8437500000e+02 1.2062567758e-14 4.6965879764e-15 7.3659797818e-15
4.8461914062e+02 1.2070246095e-14 4.6985809778e-15 7.3716651175e-15
4.8486328125e+02 1.2073953331e-14 4.6987572412e-15 7.3751960902e-15
4.8510742188e+02 1.2076841382e-14 4.6961743482e-15 7.3806670340e-15
4.8535156250e+02 1.2082572518e-14 4.6923206030e-15 7.3902519154e-15
4.8559570312e+02 1.2092983871e-14 4.6898376287e-15 7.4031462427e-15
4.8583984375e+02 1.2104899002e-14 4.6897337798e-15 7.4151652220e-15
4.8608398438e+02 1.2111634959e-14 4.6908299154e-15 7.4208050435e-15
4.8632812500e+02 1.2110918135e-14 4.6914817390e-15 7.4194363959e-15
4.8657226562e+02 1.2107197780e-14 4.6911452974e-15 7.4160524830e-15
4.8681640625e+02 1.2104392875e-14 4.6904430563e-15 7.4139498184e-15
4.8706054688e+02 1.2101292409e-14 4.6903359393e-15 7.4109564700e-15
4.8730468750e+02 1.2094684810e-14 4.6909040437e-15 7.4037807663e-15
4.8754882812e+02 1.2083855639e-14 4.6905640471e-15 7.3932915923e-15
4.8779296875e+02 1.2071962105e-14 4.6877509593e-15 7.3842111453e-15
4.8803710938e+02 1.2063672347e-14 4.6836109286e-15 7.3800614185e-15
4.8828125000e+02 1.2062199073e-14 4.6817309314e-15 7.3804681421e-15
4.8852539062e+02 1.2068122245e-14 4.6846744387e-15 7.3834478065e-15
4.8876953125e+02 1.2078731852e-14 4.6910005108e-15 7.3877313416e-15
4.8901367188e+02 1.2089034897e-14 4.6962748377e-15 7.3927600598e-15
4.8925781250e+02 1.2095509194e-14 4.6975865221e-15 7.3979226722e-15
4.8950195312e+02 1.2099007709e-14 4.6966226891e-15 7.4023850195e-15
4.8974609375e+02 1.2103113488e-14 4.6971974994e-15 7.4059159887e-15
4.8999023438e+02 1.2109082961e-14 4.7003306575e-15 7.4087523039e-15
4.9023437500e+02 1.2114141315e-14 4.7037067772e-15 7.4104345382e-15
4.9047851562e+02 1.2114897447e-14 4.7051171396e-15 7.4097803073e-15
4.9072265625e+02 1.2109971242e-14 4.7041241861e-15 7.4058470560e-15
4.9096679688e+02 1.2100965802e-14 4.7013655723e-15 7.3996002298e-15
4.9121093750e+02 1.2092247873e-14 4.6977293254e-15 7.3945185477e-15
4.9145507812e+02 1.2087833692e-14 4.6941959459e-15 7.3936377457e-15
4.9169921875e+02 1.2088674641e-14 4.6921492174e-15 7.3965254231e-15
4.9194335938e+02 1.2093079816e-14 4.6922347236e-15 7.4008450923e-15
4.9218750000e+02 1.2097927465e-14 4.6929226912e-15 7.4050047739e-15
4.9243164062e+02 1.2099543084e-14 4.6922660903e-15 7.4072769941e-15
4.9267578125e+02 1.2096385103e-14 4.6906821449e-15 7.4057029578e-15
4.9291992188e+02 1.2092515194e-14 4.6904835335e-15 7.4020316603e-15
4.9316406250e+02 1.2094316289e-14 4.6928933851e-15 7.4014229044e-15
4.9340820312e+02 1.2100808670e-14 4.6965825245e-15 7.4042261450e-15
4.9365234375e+02 1.2103638374e-14 4.7000013371e-15 7.4036370372e-15
4.9389648438e+02 1.2098599549e-14 4.7030540544e-15 7.3955454949e-15
4.9414062500e+02 1.2089017813e-14 4.7047016075e-15 7.3843162051e-15
4.9438476562e+02 1.2078420053e-14 4.7028797182e-15 7.3755403350e-15
4.9462890625e+02 1.2067564942e-14 4.6981461342e-15 7.3694188075e-15
4.9487304688e+02 1.2058030320e-14 4.6933283454e-15 7.3647019750e-15
4.9511718750e+02 1.2053098847e-14 4.6899918240e-15 7.3631070226e-15
4.9536132812e+02 1.2053369764e-14 4.6881757323e-15 7.3651940315e-15
4.9560546875e+02 1.2055564613e-14 4.6882129542e-15 7.3673516591e-15
4.9584960938e+02 1.2058200212e-14 4.6908262516e-15 7.3673739603e-15
4.9609375000e+02 1.2063410747e-14 4.6955126006e-15 7.3678981464e-15
4.9633789062e+02 1.2070760369e-14 4.6998288349e-15 7.3709315338e-15
4.9658203125e+02 1.2075329063e-14 4.7017683391e-15 7.3735607236e-15
4.9682617188e+02 1.2074230760e-14 4.7018810469e-15 7.3723497128e-15
4.9707031250e+02 1.2069862465e-14 4.7009786238e-15 7.3688838416e-15
4.9731445312e+02 1.2065574458e-14 4.6980285075e-15 7.3675459509e-15
4.9755859375e+02 1.2062789071e-14 4.6929993019e-15 7.3697897690e-15
4.9780273438e+02 1.2062665885e-14 4.6891462180e-15 7.3735196670e-15
4.9804687500e+02 1.2066153981e-14 4.6897461089e-15 7.3764078717e-15
4.9829101562e+02 1.2072238333e-14 4.6943881535e-15 7.3778501799e-15
4.9853515625e+02 1.2078818761e-14 4.6999867379e-15 7.3788320231e-15
4.9877929688e+02 1.2084309149e-14 4.7039511598e-15 7.3803579891e-15
4.9902343750e+02 1.2087242753e-14 4.7057367482e-15 7.3815060046e-15
4.9926757812e+02 1.2086653027e-14 4.7064968715e-15 7.3801561552e-15
4.9951171875e+02 1.2083863451e-14 4.7076649019e-15 7.3761985491e-15
4.9975585938e+02 1.2081524362e-14 4.7093478813e-15 7.3721764806e-15
5.0000000000e+02 1.2080771170e-14 4.7102047844e-15 7.3705663853e-15
