# freq_THz  G_total  G_Al  G_N
# MD-derived velocity power spectrum. Common normalization: integral(G_total) = 3*primitive_atoms.
# mass_weighted=True; primitive_atoms=2; block_duration_ps=4.09600000; df_THz=0.24414062; total_equals_sum_of_partials=True
0.0000000000e+00 0.0000000000e+00 0.0000000000e+00 0.0000000000e+00
2.4414062500e-01 1.2559883277e-01 8.2309696869e-02 4.3289135905e-02
4.8828125000e-01 1.5884573840e-01 1.0388118224e-01 5.4964556156e-02
7.3242187500e-01 1.6864590156e-01 1.0994711082e-01 5.8698790745e-02
9.7656250000e-01 1.8188024303e-01 1.1828001040e-01 6.3600232631e-02
1.2207031250e+00 1.8522764944e-01 1.2016086069e-01 6.5066788743e-02
1.4648437500e+00 1.9144820904e-01 1.2400327080e-01 6.7444938238e-02
1.7089843750e+00 1.9692560715e-01 1.2739087035e-01 6.9534736797e-02
1.9531250000e+00 2.1102237422e-01 1.3648652135e-01 7.4535852867e-02
2.1972656250e+00 2.1328412388e-01 1.3781375624e-01 7.5470367645e-02
2.4414062500e+00 2.3202470691e-01 1.5012529876e-01 8.1899408158e-02
2.6855468750e+00 2.4626855194e-01 1.5956032667e-01 8.6708225267e-02
2.9296875000e+00 2.6100751467e-01 1.6953995183e-01 9.1467562835e-02
3.1738281250e+00 2.8431930879e-01 1.8541331773e-01 9.8905991056e-02
3.4179687500e+00 3.2335347949e-01 2.1219611478e-01 1.1115736470e-01
3.6621093750e+00 3.8835476353e-01 2.5707006981e-01 1.3128469373e-01
3.9062500000e+00 4.2140207471e-01 2.8207752023e-01 1.3932455448e-01
4.1503906250e+00 3.2805124878e-01 2.2277965566e-01 1.0527159312e-01
4.3945312500e+00 2.6884511685e-01 1.8599188273e-01 8.2853234118e-02
4.6386718750e+00 2.2557723060e-01 1.5986300026e-01 6.5714230346e-02
4.8828125000e+00 2.0132010992e-01 1.4593681589e-01 5.5383294027e-02
5.1269531250e+00 1.7882442050e-01 1.3297685713e-01 4.5847563370e-02
5.3710937500e+00 1.4829223109e-01 1.0938126038e-01 3.8910970713e-02
5.6152343750e+00 1.1811023120e-01 8.1908136864e-02 3.6202094336e-02
5.8593750000e+00 1.2258647121e-01 8.3586703858e-02 3.8999767354e-02
6.1035156250e+00 1.3536644510e-01 9.1922838968e-02 4.3443606128e-02
6.3476562500e+00 1.4317059849e-01 9.2378361786e-02 5.0792236702e-02
6.5917968750e+00 1.8842593212e-01 1.0553160264e-01 8.2894329477e-02
6.8359375000e+00 2.2792257300e-01 1.1981312354e-01 1.0810944946e-01
7.0800781250e+00 2.6880011010e-01 1.3903159215e-01 1.2976851794e-01
7.3242187500e+00 3.2234485031e-01 1.6586005144e-01 1.5648479887e-01
7.5683593750e+00 4.0083887517e-01 2.0752314794e-01 1.9331572723e-01
7.8125000000e+00 5.1647167165e-01 2.6853175471e-01 2.4793991694e-01
8.0566406250e+00 6.1677216850e-01 3.0959791597e-01 3.0717425254e-01
8.3007812500e+00 5.5146097586e-01 2.7367166998e-01 2.7778930588e-01
8.5449218750e+00 4.6067384259e-01 2.3506815318e-01 2.2560568941e-01
8.7890625000e+00 4.0909438280e-01 2.1003377057e-01 1.9906061223e-01
9.0332031250e+00 3.8654919406e-01 2.0126710700e-01 1.8528208706e-01
9.2773437500e+00 3.5654906659e-01 1.8768942545e-01 1.6885964114e-01
9.5214843750e+00 3.3520009554e-01 1.7606986809e-01 1.5913022746e-01
9.7656250000e+00 3.3591788391e-01 1.7953818075e-01 1.5637970317e-01
1.0009765625e+01 3.1228819316e-01 1.6561371711e-01 1.4667447605e-01
1.0253906250e+01 3.0959986471e-01 1.6670540572e-01 1.4289445899e-01
1.0498046875e+01 3.0991903039e-01 1.6866235877e-01 1.4125667162e-01
1.0742187500e+01 2.9202587149e-01 1.5789873573e-01 1.3412713575e-01
1.0986328125e+01 2.8513571684e-01 1.5518445370e-01 1.2995126313e-01
1.1230468750e+01 2.8175800617e-01 1.5407604509e-01 1.2768196107e-01
1.1474609375e+01 2.6821469921e-01 1.4589341982e-01 1.2232127939e-01
1.1718750000e+01 2.5145105545e-01 1.3642122168e-01 1.1502983377e-01
1.1962890625e+01 2.0667299232e-01 1.0855663315e-01 9.8116359171e-02
1.2207031250e+01 1.4693618658e-01 8.1677066712e-02 6.5259119869e-02
1.2451171875e+01 1.0276158886e-01 7.1671476766e-02 3.1090112092e-02
1.2695312500e+01 8.9969263631e-02 6.7909797299e-02 2.2059466332e-02
1.2939453125e+01 9.2572202748e-02 7.1568408970e-02 2.1003793778e-02
1.3183593750e+01 1.0286770421e-01 8.0877204985e-02 2.1990499220e-02
1.3427734375e+01 9.9515110159e-02 7.9493442723e-02 2.0021667436e-02
1.3671875000e+01 1.1275870287e-01 9.1483371230e-02 2.1275331643e-02
1.3916015625e+01 1.1249148890e-01 9.2818598764e-02 1.9672890138e-02
1.4160156250e+01 1.3412260604e-01 1.1254483144e-01 2.1577774597e-02
1.4404296875e+01 1.4222951238e-01 1.2168961416e-01 2.0539898218e-02
1.4648437500e+01 1.6900115991e-01 1.4756690954e-01 2.1434250370e-02
1.4892578125e+01 2.0469949702e-01 1.8351985551e-01 2.1179641506e-02
1.5136718750e+01 2.7805742829e-01 2.5742161787e-01 2.0635810421e-02
1.5380859375e+01 3.2032948093e-01 3.0192638331e-01 1.8403097615e-02
1.5625000000e+01 2.6708046502e-01 2.5193955860e-01 1.5140906423e-02
1.5869140625e+01 2.1760812259e-01 2.0583799361e-01 1.1770128974e-02
1.6113281250e+01 1.3379004896e-01 1.2636889875e-01 7.4211502101e-03
1.6357421875e+01 4.5301978212e-02 4.1690436127e-02 3.6115420846e-03
1.6601562500e+01 1.4846645501e-02 1.2688032166e-02 2.1586133355e-03
1.6845703125e+01 8.2411625915e-03 6.4887945250e-03 1.7523680665e-03
1.7089843750e+01 5.7649410651e-03 4.2101924933e-03 1.5547485718e-03
1.7333984375e+01 4.5943907989e-03 3.1271268583e-03 1.4672639405e-03
1.7578125000e+01 3.9131692131e-03 2.4950202041e-03 1.4181490090e-03
1.7822265625e+01 3.5238140622e-03 2.1151756156e-03 1.4086384465e-03
1.8066406250e+01 3.2936910648e-03 1.8680071778e-03 1.4256838870e-03
1.8310546875e+01 3.1318508250e-03 1.6886420684e-03 1.4432087566e-03
1.8554687500e+01 2.9531168106e-03 1.5088551026e-03 1.4442617079e-03
1.8798828125e+01 2.8062874534e-03 1.3623699931e-03 1.4439174603e-03
1.9042968750e+01 2.6933695475e-03 1.2390452365e-03 1.4543243111e-03
1.9287109375e+01 2.5886762198e-03 1.1347953341e-03 1.4538808857e-03
1.9531250000e+01 2.4961548961e-03 1.0420868042e-03 1.4540680920e-03
1.9775390625e+01 2.4143267735e-03 9.4648997388e-04 1.4678367996e-03
2.0019531250e+01 2.3412243996e-03 8.4679683217e-04 1.4944275674e-03
2.0263671875e+01 2.3168526541e-03 7.7025069831e-04 1.5466019558e-03
2.0507812500e+01 2.3239609575e-03 6.9029794022e-04 1.6336630173e-03
2.0751953125e+01 2.4233958172e-03 6.2982956541e-04 1.7935662518e-03
2.0996093750e+01 2.6788334045e-03 5.9955918843e-04 2.0792742160e-03
2.1240234375e+01 3.1718539179e-03 6.0003412025e-04 2.5718197977e-03
2.1484375000e+01 4.3537558083e-03 6.2282030446e-04 3.7309355038e-03
2.1728515625e+01 2.1486238036e-02 8.0132767241e-04 2.0684910363e-02
2.1972656250e+01 9.5124168238e-02 2.1220790634e-03 9.3002089175e-02
2.2216796875e+01 1.4484235318e-01 4.9958593758e-03 1.3984649381e-01
2.2460937500e+01 1.5981294067e-01 8.3518815129e-03 1.5146105915e-01
2.2705078125e+01 1.7959944946e-01 1.2171006112e-02 1.6742844335e-01
2.2949218750e+01 2.0637522466e-01 1.6405682119e-02 1.8996954254e-01
2.3193359375e+01 2.5484894353e-01 2.1894454227e-02 2.3295448930e-01
2.3437500000e+01 3.0942323596e-01 2.8487204722e-02 2.8093603123e-01
2.3681640625e+01 2.7715892211e-01 3.2217067636e-02 2.4494185448e-01
2.3925781250e+01 2.3179134533e-01 3.4612959233e-02 1.9717838610e-01
2.4169921875e+01 2.1496050342e-01 3.7531239072e-02 1.7742926435e-01
2.4414062500e+01 2.0597756416e-01 4.0503715069e-02 1.6547384909e-01
2.4658203125e+01 1.9446849314e-01 4.2039003109e-02 1.5242949003e-01
2.4902343750e+01 1.8600093648e-01 4.3519341872e-02 1.4248159461e-01
2.5146484375e+01 1.8892903766e-01 4.7416105894e-02 1.4151293176e-01
2.5390625000e+01 1.9496293903e-01 5.1888762769e-02 1.4307417626e-01
2.5634765625e+01 2.0458711785e-01 5.7363626806e-02 1.4722349104e-01
2.5878906250e+01 3.4149364684e-01 9.9591090384e-02 2.4190255645e-01
2.6123046875e+01 8.6466280861e-01 2.5342385658e-01 6.1123895203e-01
2.6367187500e+01 1.5380637552e+00 4.5016896586e-01 1.0878947894e+00
2.6611328125e+01 1.4564174834e+00 4.3301084555e-01 1.0234066378e+00
2.6855468750e+01 5.1442609709e-01 1.6044084826e-01 3.5398524883e-01
2.7099609375e+01 6.8417696525e-02 2.1709082392e-02 4.6708614133e-02
2.7343750000e+01 1.6021953681e-02 4.8505486141e-03 1.1171405067e-02
2.7587890625e+01 9.0219625720e-03 2.7192233663e-03 6.3027392058e-03
2.7832031250e+01 6.0455122706e-03 1.8241735730e-03 4.2213386976e-03
2.8076171875e+01 4.7071637234e-03 1.4245081055e-03 3.2826556179e-03
2.8320312500e+01 4.0441105445e-03 1.2277637811e-03 2.8163467634e-03
2.8564453125e+01 3.3749195700e-03 1.0312660790e-03 2.3436534910e-03
2.8808593750e+01 2.8215699029e-03 8.6471977351e-04 1.9568501294e-03
2.9052734375e+01 2.6176620191e-03 8.0384139349e-04 1.8138206256e-03
2.9296875000e+01 2.3547274405e-03 7.2660046096e-04 1.6281269795e-03
2.9541015625e+01 2.0927566518e-03 6.4841106070e-04 1.4443455911e-03
2.9785156250e+01 1.9718171704e-03 6.1216731867e-04 1.3596498517e-03
3.0029296875e+01 1.8857479120e-03 5.8713483022e-04 1.2986130818e-03
3.0273437500e+01 1.7496045471e-03 5.4722158246e-04 1.2023829646e-03
3.0517578125e+01 1.6016788207e-03 5.0083413773e-04 1.1008446830e-03
3.0761718750e+01 1.5104030908e-03 4.6905452077e-04 1.0413485700e-03
3.1005859375e+01 1.3762814183e-03 4.2379246487e-04 9.5248895338e-04
3.1250000000e+01 1.2598018578e-03 3.8296692664e-04 8.7683493118e-04
3.1494140625e+01 1.2091410664e-03 3.6318785035e-04 8.4595321605e-04
3.1738281250e+01 1.1499003789e-03 3.4073725713e-04 8.0916312177e-04
3.1982421875e+01 1.0708138193e-03 3.1535059791e-04 7.5546322135e-04
3.2226562500e+01 1.0260104429e-03 3.0170207243e-04 7.2430837046e-04
3.2470703125e+01 1.0117216416e-03 2.9710949202e-04 7.1461214958e-04
3.2714843750e+01 9.7709967474e-04 2.8814190877e-04 6.8895776597e-04
3.2958984375e+01 9.4431639508e-04 2.8115126410e-04 6.6316513098e-04
3.3203125000e+01 9.4193914319e-04 2.8289202243e-04 6.5904712076e-04
3.3447265625e+01 9.1944258410e-04 2.7806218291e-04 6.4138040119e-04
3.3691406250e+01 9.0933642244e-04 2.7675020005e-04 6.3258622239e-04
3.3935546875e+01 9.1511683386e-04 2.7979259702e-04 6.3532423684e-04
3.4179687500e+01 9.1798329009e-04 2.8313917294e-04 6.3484411715e-04
3.4423828125e+01 9.0630616116e-04 2.7990154652e-04 6.2640461465e-04
3.4667968750e+01 9.0143529076e-04 2.7521209844e-04 6.2622319232e-04
3.4912109375e+01 8.8629349452e-04 2.6615885074e-04 6.2013464379e-04
3.5156250000e+01 8.5434210030e-04 2.5309024991e-04 6.0125185039e-04
3.5400390625e+01 8.3403800583e-04 2.4469289507e-04 5.8934511076e-04
3.5644531250e+01 8.2158019482e-04 2.3906639038e-04 5.8251380445e-04
3.5888671875e+01 7.9142782177e-04 2.2845557702e-04 5.6297224475e-04
3.6132812500e+01 7.8696189318e-04 2.2619687523e-04 5.6076501795e-04
3.6376953125e+01 7.8563592751e-04 2.2496361779e-04 5.6067230972e-04
3.6621093750e+01 7.7546726807e-04 2.2135020016e-04 5.5411706791e-04
3.6865234375e+01 7.9213622544e-04 2.2596492850e-04 5.6617129694e-04
3.7109375000e+01 8.2239906331e-04 2.3448396804e-04 5.8791509527e-04
3.7353515625e+01 8.4641634275e-04 2.4146480980e-04 6.0495153296e-04
3.7597656250e+01 8.8453056771e-04 2.5267915547e-04 6.3185141224e-04
3.7841796875e+01 9.0116717815e-04 2.5723063166e-04 6.4393654650e-04
3.8085937500e+01 9.0486600419e-04 2.5768678264e-04 6.4717922155e-04
3.8330078125e+01 9.0342733939e-04 2.5642937566e-04 6.4699796373e-04
3.8574218750e+01 8.9951592108e-04 2.5421277891e-04 6.4530314216e-04
3.8818359375e+01 8.8096016458e-04 2.4827922349e-04 6.3268094109e-04
3.9062500000e+01 8.5297970186e-04 2.3946993409e-04 6.1350976777e-04
3.9306640625e+01 8.1722445674e-04 2.2780929931e-04 5.8941515743e-04
3.9550781250e+01 7.8660333290e-04 2.1761441765e-04 5.6898891525e-04
3.9794921875e+01 7.5232988033e-04 2.0657604341e-04 5.4575383692e-04
4.0039062500e+01 7.1989389480e-04 1.9596113059e-04 5.2393276421e-04
4.0283203125e+01 7.0211004878e-04 1.8913298511e-04 5.1297706367e-04
4.0527343750e+01 6.9969855611e-04 1.8670108050e-04 5.1299747562e-04
4.0771484375e+01 7.0904132343e-04 1.8718287988e-04 5.2185844355e-04
4.1015625000e+01 7.4189623807e-04 1.9355650509e-04 5.4833973298e-04
4.1259765625e+01 8.1204792654e-04 2.0921546439e-04 6.0283246215e-04
4.1503906250e+01 9.0586086835e-04 2.2998471783e-04 6.7587615052e-04
4.1748046875e+01 9.4127986663e-04 2.3678502683e-04 7.0449483981e-04
4.1992187500e+01 8.4524723195e-04 2.1177957958e-04 6.3346765237e-04
4.2236328125e+01 6.5283818746e-04 1.6286008651e-04 4.8997810096e-04
4.2480468750e+01 4.4347666198e-04 1.0999120002e-04 3.3348546196e-04
4.2724609375e+01 2.5122693801e-04 6.2071150375e-05 1.8915578763e-04
4.2968750000e+01 1.2065222372e-04 3.0141044477e-05 9.0511179239e-05
4.3212890625e+01 6.4572237941e-05 1.6584992539e-05 4.7987245402e-05
4.3457031250e+01 4.5256039971e-05 1.1931647201e-05 3.3324392770e-05
4.3701171875e+01 3.6925152948e-05 9.7936979793e-06 2.7131454968e-05
4.3945312500e+01 3.3676645509e-05 8.6678862481e-06 2.5008759261e-05
4.4189453125e+01 3.3604800596e-05 8.2111167011e-06 2.5393683895e-05
4.4433593750e+01 3.4717016011e-05 8.1182002900e-06 2.6598815721e-05
4.4677734375e+01 3.7292942551e-05 8.4331565895e-06 2.8859785961e-05
4.4921875000e+01 4.1641607138e-05 9.2560539284e-06 3.2385553210e-05
4.5166015625e+01 4.7758201605e-05 1.0601575135e-05 3.7156626469e-05
4.5410156250e+01 5.6223961411e-05 1.2615560238e-05 4.3608401173e-05
4.5654296875e+01 6.4805310840e-05 1.4951227603e-05 4.9854083238e-05
4.5898437500e+01 7.2192124281e-05 1.7304954655e-05 5.4887169626e-05
4.6142578125e+01 7.9260240894e-05 1.9676200680e-05 5.9584040214e-05
4.6386718750e+01 8.5576125959e-05 2.2046077544e-05 6.3530048415e-05
4.6630859375e+01 9.2205007308e-05 2.4686465056e-05 6.7518542252e-05
4.6875000000e+01 9.7958514376e-05 2.7216778412e-05 7.0741735964e-05
4.7119140625e+01 1.0280846002e-04 2.9538265226e-05 7.3270194791e-05
4.7363281250e+01 1.0778069298e-04 3.1907925052e-05 7.5872767926e-05
4.7607421875e+01 1.1292360537e-04 3.4496385733e-05 7.8427219640e-05
4.7851562500e+01 1.2536586148e-04 3.9965795540e-05 8.5400065945e-05
4.8095703125e+01 1.6117510598e-04 5.4556376248e-05 1.0661872974e-04
4.8339843750e+01 2.2733511544e-04 8.1198042517e-05 1.4613707293e-04
4.8583984375e+01 2.9653706770e-04 1.0853543591e-04 1.8800163178e-04
4.8828125000e+01 3.3390180232e-04 1.2248273384e-04 2.1141906848e-04
4.9072265625e+01 3.5123790243e-04 1.2881427430e-04 2.2242362813e-04
4.9316406250e+01 3.7234310426e-04 1.3659975552e-04 2.3574334875e-04
4.9560546875e+01 3.9849974497e-04 1.4628571249e-04 2.5221403249e-04
4.9804687500e+01 4.1377170370e-04 1.5106896876e-04 2.6270273493e-04
5.0048828125e+01 3.9679976139e-04 1.4341631141e-04 2.5338344999e-04
5.0292968750e+01 3.4527190661e-04 1.2301237301e-04 2.2225953360e-04
5.0537109375e+01 2.9872391171e-04 1.0457726135e-04 1.9414665036e-04
5.0781250000e+01 2.6948555020e-04 9.2588792701e-05 1.7689675750e-04
5.1025390625e+01 2.4805787539e-04 8.4277651611e-05 1.6378022378e-04
5.1269531250e+01 2.3069556985e-04 7.7712950766e-05 1.5298261909e-04
5.1513671875e+01 2.1979005998e-04 7.3208176741e-05 1.4658188324e-04
5.1757812500e+01 2.1642919836e-04 7.0983151252e-05 1.4544604711e-04
5.2001953125e+01 2.2912787599e-04 7.3557479110e-05 1.5557039688e-04
5.2246093750e+01 2.9096745443e-04 9.0450117266e-05 2.0051733716e-04
5.2490234375e+01 4.2103265679e-04 1.2737086871e-04 2.9366178808e-04
5.2734375000e+01 5.4938396572e-04 1.6481900351e-04 3.8456496221e-04
5.2978515625e+01 5.3649922495e-04 1.6080553426e-04 3.7569369069e-04
5.3222656250e+01 3.5813489774e-04 1.0788987361e-04 2.5024502413e-04
5.3466796875e+01 1.5433936769e-04 4.6983932228e-05 1.0735543546e-04
5.3710937500e+01 5.0791499743e-05 1.5601011225e-05 3.5190488518e-05
5.3955078125e+01 2.1910525878e-05 6.7186636567e-06 1.5191862221e-05
5.4199218750e+01 1.4440460212e-05 4.4268723814e-06 1.0013587831e-05
5.4443359375e+01 1.1406849608e-05 3.4917572281e-06 7.9150923794e-06
5.4687500000e+01 9.7287927761e-06 2.9739388455e-06 6.7548539305e-06
5.4931640625e+01 8.5622001372e-06 2.6138689161e-06 5.9483312211e-06
5.5175781250e+01 7.6022108803e-06 2.3194090956e-06 5.2828017847e-06
5.5419921875e+01 6.9029261779e-06 2.1012502837e-06 4.8016758942e-06
5.5664062500e+01 6.4005776669e-06 1.9474362137e-06 4.4531414533e-06
5.5908203125e+01 5.9651305636e-06 1.8057710900e-06 4.1593594736e-06
5.6152343750e+01 5.6140487024e-06 1.6904646192e-06 3.9235840832e-06
5.6396484375e+01 5.3454983083e-06 1.6109698994e-06 3.7345284089e-06
5.6640625000e+01 5.0745046818e-06 1.5279623516e-06 3.5465423303e-06
5.6884765625e+01 4.7992879221e-06 1.4383212111e-06 3.3609667110e-06
5.7128906250e+01 4.5298339986e-06 1.3566686034e-06 3.1731653952e-06
5.7373046875e+01 4.2458770529e-06 1.2742830082e-06 2.9715940447e-06
5.7617187500e+01 3.9836391926e-06 1.1985911290e-06 2.7850480636e-06
5.7861328125e+01 3.7437410297e-06 1.1320630825e-06 2.6116779472e-06
5.8105468750e+01 3.5346296173e-06 1.0739712320e-06 2.4606583853e-06
5.8349609375e+01 3.3572418482e-06 1.0238610460e-06 2.3333808022e-06
5.8593750000e+01 3.2108410467e-06 9.8131307953e-07 2.2295279672e-06
5.8837890625e+01 3.1012013907e-06 9.5218762948e-07 2.1490137612e-06
5.9082031250e+01 3.0116083402e-06 9.2653003450e-07 2.0850783057e-06
5.9326171875e+01 2.9483501023e-06 9.0476654281e-07 2.0435835595e-06
5.9570312500e+01 2.8944793361e-06 8.8838171861e-07 2.0060976175e-06
5.9814453125e+01 2.8490361597e-06 8.7541075891e-07 1.9736254008e-06
6.0058593750e+01 2.8312057956e-06 8.6989646391e-07 1.9613093317e-06
6.0302734375e+01 2.8224332498e-06 8.6486241010e-07 1.9575708397e-06
6.0546875000e+01 2.8075015281e-06 8.6071135607e-07 1.9467901721e-06
6.0791015625e+01 2.7789119481e-06 8.4959189452e-07 1.9293200535e-06
6.1035156250e+01 2.7399065316e-06 8.3939079520e-07 1.9005157364e-06
6.1279296875e+01 2.6733436650e-06 8.2134744222e-07 1.8519962228e-06
6.1523437500e+01 2.6155000886e-06 8.0509805748e-07 1.8104020311e-06
6.1767578125e+01 2.5466920627e-06 7.8487048511e-07 1.7618215776e-06
6.2011718750e+01 2.4800964059e-06 7.6569583336e-07 1.7144005725e-06
6.2255859375e+01 2.4243307480e-06 7.4764070315e-07 1.6766900449e-06
6.2500000000e+01 2.3780933399e-06 7.3365725535e-07 1.6444360846e-06
6.2744140625e+01 2.3223591516e-06 7.1660532297e-07 1.6057538286e-06
6.2988281250e+01 2.2939309211e-06 7.0681305543e-07 1.5871178657e-06
6.3232421875e+01 2.2884118511e-06 7.0269873780e-07 1.5857131133e-06
6.3476562500e+01 2.3003898392e-06 7.0463679206e-07 1.5957530471e-06
6.3720703125e+01 2.3239374738e-06 7.1043773126e-07 1.6134997426e-06
6.3964843750e+01 2.3350902891e-06 7.1233604088e-07 1.6227542482e-06
6.4208984375e+01 2.3263840210e-06 7.0784977761e-07 1.6185342434e-06
6.4453125000e+01 2.2848854724e-06 6.9288826587e-07 1.5919972066e-06
6.4697265625e+01 2.2160274556e-06 6.6797500632e-07 1.5480524492e-06
6.4941406250e+01 2.1344740114e-06 6.3880373250e-07 1.4956702789e-06
6.5185546875e+01 2.0245991634e-06 6.0206881246e-07 1.4225303509e-06
6.5429687500e+01 1.8947150798e-06 5.6033649542e-07 1.3343785844e-06
6.5673828125e+01 1.7567035283e-06 5.1271092425e-07 1.2439926040e-06
6.5917968750e+01 1.6106720036e-06 4.6543564125e-07 1.1452363623e-06
6.6162109375e+01 1.4742995137e-06 4.2079541249e-07 1.0535041012e-06
6.6406250000e+01 1.3593359537e-06 3.8129552549e-07 9.7804042819e-07
6.6650390625e+01 1.2594172195e-06 3.4849215505e-07 9.1092506444e-07
6.6894531250e+01 1.1838680854e-06 3.2288144814e-07 8.6098663727e-07
6.7138671875e+01 1.1288233189e-06 3.0408654388e-07 8.2473677504e-07
6.7382812500e+01 1.0910166909e-06 2.9050905819e-07 8.0050763271e-07
6.7626953125e+01 1.0812545896e-06 2.8280627343e-07 7.9844831621e-07
6.7871093750e+01 1.0645760633e-06 2.7316158516e-07 7.9141447810e-07
6.8115234375e+01 1.0142368174e-06 2.5546268838e-07 7.5877412902e-07
6.8359375000e+01 9.0397925722e-07 2.2456694000e-07 6.7941231722e-07
6.8603515625e+01 7.4348809440e-07 1.8260927871e-07 5.6087881568e-07
6.8847656250e+01 5.5851109276e-07 1.3801368493e-07 4.2049740782e-07
6.9091796875e+01 3.9242715989e-07 9.9892239993e-08 2.9253491990e-07
6.9335937500e+01 2.6943018616e-07 7.2249281681e-08 1.9718090448e-07
6.9580078125e+01 1.9375673741e-07 5.5672241325e-08 1.3808449609e-07
6.9824218750e+01 1.5641037909e-07 4.8024659168e-08 1.0838571992e-07
7.0068359375e+01 1.4197358034e-07 4.5823138070e-08 9.6150442273e-08
7.0312500000e+01 1.3858337343e-07 4.6685018883e-08 9.1898354551e-08
7.0556640625e+01 1.4102950255e-07 4.9589136014e-08 9.1440366539e-08
7.0800781250e+01 1.4774309192e-07 5.3948204218e-08 9.3794887698e-08
7.1044921875e+01 1.5728048777e-07 5.9107367991e-08 9.8173119779e-08
7.1289062500e+01 1.6980756088e-07 6.5465574830e-08 1.0434198605e-07
7.1533203125e+01 1.8450404009e-07 7.2639071708e-08 1.1186496838e-07
7.1777343750e+01 2.0149633486e-07 8.0502735275e-08 1.2099359958e-07
7.2021484375e+01 2.1840202257e-07 8.8186193465e-08 1.3021582911e-07
7.2265625000e+01 2.3273783079e-07 9.4564283879e-08 1.3817354692e-07
7.2509765625e+01 2.4557481909e-07 9.9869857621e-08 1.4570496147e-07
7.2753906250e+01 2.5404597234e-07 1.0359581733e-07 1.5045015501e-07
7.2998046875e+01 2.6050857413e-07 1.0585071323e-07 1.5465786090e-07
7.3242187500e+01 2.6550858715e-07 1.0777985197e-07 1.5772873518e-07
7.3486328125e+01 2.6866330865e-07 1.0901242304e-07 1.5965088560e-07
7.3730468750e+01 2.7081102040e-07 1.0969390773e-07 1.6111711266e-07
7.3974609375e+01 2.7348072660e-07 1.1034107271e-07 1.6313965389e-07
7.4218750000e+01 2.8099403340e-07 1.1242147197e-07 1.6857256142e-07
7.4462890625e+01 3.0074997101e-07 1.1928458845e-07 1.8146538256e-07
7.4707031250e+01 3.3300883945e-07 1.3103100547e-07 2.0197783397e-07
7.4951171875e+01 3.6483194447e-07 1.4354693813e-07 2.2128500634e-07
7.5195312500e+01 3.8192154742e-07 1.5098810467e-07 2.3093344274e-07
7.5439453125e+01 3.8620924374e-07 1.5322511503e-07 2.3298412871e-07
7.5683593750e+01 3.8446638004e-07 1.5234232521e-07 2.3212405483e-07
7.5927734375e+01 3.7761486090e-07 1.4955105069e-07 2.2806381021e-07
7.6171875000e+01 3.6254486291e-07 1.4394300856e-07 2.1860185435e-07
7.6416015625e+01 3.3426425895e-07 1.3274404201e-07 2.0152021695e-07
7.6660156250e+01 2.9552315552e-07 1.1696447478e-07 1.7855868074e-07
7.6904296875e+01 2.5455983820e-07 9.9826242912e-08 1.5473359529e-07
7.7148437500e+01 2.1926822313e-07 8.5262406609e-08 1.3400581652e-07
7.7392578125e+01 1.9329019421e-07 7.4363750701e-08 1.1892644351e-07
7.7636718750e+01 1.7288296462e-07 6.5570548974e-08 1.0731241564e-07
7.7880859375e+01 1.5721029588e-07 5.9233519174e-08 9.7976776702e-08
7.8125000000e+01 1.4657063866e-07 5.4649792329e-08 9.1920846334e-08
7.8369140625e+01 1.4281961441e-07 5.2340293738e-08 9.0479320674e-08
7.8613281250e+01 1.4675033994e-07 5.3081804066e-08 9.3668535870e-08
7.8857421875e+01 1.5530065697e-07 5.6002601288e-08 9.9298055683e-08
7.9101562500e+01 1.5771407545e-07 5.6673825621e-08 1.0104024983e-07
7.9345703125e+01 1.4213970661e-07 5.1092395390e-08 9.1047311218e-08
7.9589843750e+01 1.0983578655e-07 3.9412536448e-08 7.0423250106e-08
7.9833984375e+01 7.2614916800e-08 2.5709450559e-08 4.6905466240e-08
8.0078125000e+01 4.3917337186e-08 1.5238211086e-08 2.8679126100e-08
8.0322265625e+01 2.8482002510e-08 9.7220053349e-09 1.8759997176e-08
8.0566406250e+01 2.1669993721e-08 7.3108178059e-09 1.4359175915e-08
8.0810546875e+01 1.8490175659e-08 6.2085037895e-09 1.2281671870e-08
8.1054687500e+01 1.6554826587e-08 5.5516498735e-09 1.1003176714e-08
8.1298828125e+01 1.5045711276e-08 5.0526123469e-09 9.9930989286e-09
8.1542968750e+01 1.3878131342e-08 4.6740808983e-09 9.2040504433e-09
8.1787109375e+01 1.2982963152e-08 4.3713040168e-09 8.6116591354e-09
8.2031250000e+01 1.2169079984e-08 4.1019035166e-09 8.0671764670e-09
8.2275390625e+01 1.1424675629e-08 3.8679014174e-09 7.5567742114e-09
8.2519531250e+01 1.0874945193e-08 3.6970698261e-09 7.1778753669e-09
8.2763671875e+01 1.0398048021e-08 3.5423865416e-09 6.8556614793e-09
8.3007812500e+01 9.9196724726e-09 3.3937402668e-09 6.5259322058e-09
8.3251953125e+01 9.4721087754e-09 3.2567974581e-09 6.2153113173e-09
8.3496093750e+01 9.0489633060e-09 3.1342708656e-09 5.9146924404e-09
8.3740234375e+01 8.5761156765e-09 2.9834948525e-09 5.5926208240e-09
8.3984375000e+01 8.0624546682e-09 2.8242625734e-09 5.2381920948e-09
8.4228515625e+01 7.6055489723e-09 2.6947373631e-09 4.9108116092e-09
8.4472656250e+01 7.1963913415e-09 2.5723571801e-09 4.6240341614e-09
8.4716796875e+01 6.8101181970e-09 2.4654569793e-09 4.3446612177e-09
8.4960937500e+01 6.4810739585e-09 2.3609485561e-09 4.1201254024e-09
8.5205078125e+01 6.2146309372e-09 2.2761288003e-09 3.9385021369e-09
8.5449218750e+01 6.0420621049e-09 2.2246753851e-09 3.8173867199e-09
8.5693359375e+01 5.9295817380e-09 2.1771402257e-09 3.7524415123e-09
8.5937500000e+01 5.7691576550e-09 2.1320999196e-09 3.6370577354e-09
8.6181640625e+01 5.6351329580e-09 2.0943276016e-09 3.5408053564e-09
8.6425781250e+01 5.5783396946e-09 2.0784617303e-09 3.4998779643e-09
8.6669921875e+01 5.5221351346e-09 2.0553948548e-09 3.4667402798e-09
8.6914062500e+01 5.4208159043e-09 2.0239937437e-09 3.3968221606e-09
8.7158203125e+01 5.3186490482e-09 1.9987222601e-09 3.3199267881e-09
8.7402343750e+01 5.1819221366e-09 1.9485606742e-09 3.2333614624e-09
8.7646484375e+01 5.0292453739e-09 1.8916760234e-09 3.1375693505e-09
8.7890625000e+01 4.9046309471e-09 1.8448079826e-09 3.0598229645e-09
8.8134765625e+01 4.7263018070e-09 1.7779411888e-09 2.9483606182e-09
8.8378906250e+01 4.5476641751e-09 1.7146305130e-09 2.8330336621e-09
8.8623046875e+01 4.3755991557e-09 1.6466434570e-09 2.7289556987e-09
8.8867187500e+01 4.2237766370e-09 1.5856036075e-09 2.6381730294e-09
8.9111328125e+01 4.0737599724e-09 1.5257670322e-09 2.5479929402e-09
8.9355468750e+01 3.9161253103e-09 1.4677659416e-09 2.4483593687e-09
8.9599609375e+01 3.8015824652e-09 1.4171787709e-09 2.3844036943e-09
8.9843750000e+01 3.6789213205e-09 1.3706059737e-09 2.3083153468e-09
9.0087890625e+01 3.5671932769e-09 1.3312618563e-09 2.2359314206e-09
9.0332031250e+01 3.4778102858e-09 1.2876974289e-09 2.1901128569e-09
9.0576171875e+01 3.3459191923e-09 1.2410258377e-09 2.1048933546e-09
9.0820312500e+01 3.1935167860e-09 1.1865139936e-09 2.0070027924e-09
9.1064453125e+01 3.0188672837e-09 1.1236966705e-09 1.8951706132e-09
9.1308593750e+01 2.8533198142e-09 1.0582502635e-09 1.7950695507e-09
9.1552734375e+01 2.6691314258e-09 9.9421518919e-10 1.6749162367e-09
9.1796875000e+01 2.4772102608e-09 9.2637926127e-10 1.5508309995e-09
9.2041015625e+01 2.2868981461e-09 8.5737682975e-10 1.4295213164e-09
9.2285156250e+01 2.0914842630e-09 7.9044133483e-10 1.3010429282e-09
9.2529296875e+01 1.9210791826e-09 7.2688819624e-10 1.1941909864e-09
9.2773437500e+01 1.7766377227e-09 6.7609714265e-10 1.1005405801e-09
9.3017578125e+01 1.6504376986e-09 6.3143431551e-10 1.0190033831e-09
9.3261718750e+01 1.5452512968e-09 5.9542877569e-10 9.4982252107e-10
9.3505859375e+01 1.4607369035e-09 5.6387115650e-10 8.9686574698e-10
9.3750000000e+01 1.3959434417e-09 5.4004664819e-10 8.5589679351e-10
9.3994140625e+01 1.3336268157e-09 5.2039370483e-10 8.1323311092e-10
9.4238281250e+01 1.2788853929e-09 5.0423028268e-10 7.7465511021e-10
9.4482421875e+01 1.1954895052e-09 4.7217233577e-10 7.2331716940e-10
9.4726562500e+01 1.0932807490e-09 4.3073657559e-10 6.6254417345e-10
9.4970703125e+01 9.7341029056e-10 3.8305720618e-10 5.9035308438e-10
9.5214843750e+01 8.4924884889e-10 3.3137076667e-10 5.1787808222e-10
9.5458984375e+01 7.3849613446e-10 2.8169080453e-10 4.5680532993e-10
9.5703125000e+01 6.5334982094e-10 2.4314135541e-10 4.1020846553e-10
9.5947265625e+01 5.9610191455e-10 2.1730346024e-10 3.7879845431e-10
9.6191406250e+01 5.6722952974e-10 2.0199501471e-10 3.6523451503e-10
9.6435546875e+01 5.6048447056e-10 1.9660364515e-10 3.6388082541e-10
9.6679687500e+01 5.6727100754e-10 1.9605079519e-10 3.7122021235e-10
9.6923828125e+01 5.8507240096e-10 1.9987126649e-10 3.8520113448e-10
9.7167968750e+01 6.0689424404e-10 2.0466483404e-10 4.0222941000e-10
9.7412109375e+01 6.3183499847e-10 2.1109134158e-10 4.2074365688e-10
9.7656250000e+01 6.6053637976e-10 2.1844222993e-10 4.4209414984e-10
9.7900390625e+01 6.9461442584e-10 2.2748458127e-10 4.6712984457e-10
9.8144531250e+01 7.2646599525e-10 2.3552080967e-10 4.9094518558e-10
9.8388671875e+01 7.5383440153e-10 2.4208243507e-10 5.1175196646e-10
9.8632812500e+01 7.7318263604e-10 2.4639132050e-10 5.2679131554e-10
9.8876953125e+01 7.8138638494e-10 2.4672320600e-10 5.3466317894e-10
9.9121093750e+01 7.8643339245e-10 2.4567268941e-10 5.4076070304e-10
9.9365234375e+01 7.8393693848e-10 2.4418158443e-10 5.3975535404e-10
9.9609375000e+01 7.7569894997e-10 2.3957659014e-10 5.3612235984e-10
9.9853515625e+01 7.6599709968e-10 2.3425711383e-10 5.3173998585e-10
1.0009765625e+02 7.5672231409e-10 2.2987267955e-10 5.2684963454e-10
1.0034179688e+02 7.4501941917e-10 2.2352920657e-10 5.2149021260e-10
1.0058593750e+02 7.3542353667e-10 2.1865184859e-10 5.1677168808e-10
1.0083007812e+02 7.3320835867e-10 2.1617934168e-10 5.1702901699e-10
1.0107421875e+02 7.4439282802e-10 2.1778488242e-10 5.2660794560e-10
1.0131835938e+02 7.5408246796e-10 2.1877665102e-10 5.3530581694e-10
1.0156250000e+02 7.5300699210e-10 2.1580256733e-10 5.3720442478e-10
1.0180664062e+02 7.4334668470e-10 2.1164008096e-10 5.3170660373e-10
1.0205078125e+02 7.2577731736e-10 2.0678531466e-10 5.1899200270e-10
1.0229492188e+02 6.9825535466e-10 1.9948395647e-10 4.9877139819e-10
1.0253906250e+02 6.6383492224e-10 1.8996803667e-10 4.7386688557e-10
1.0278320312e+02 6.2092638789e-10 1.7943083766e-10 4.4149555023e-10
1.0302734375e+02 5.6445720549e-10 1.6547865840e-10 3.9897854708e-10
1.0327148438e+02 5.0901137012e-10 1.5119787439e-10 3.5781349573e-10
1.0351562500e+02 4.6480819387e-10 1.3955936505e-10 3.2524882882e-10
1.0375976562e+02 4.2535774642e-10 1.2954733519e-10 2.9581041123e-10
1.0400390625e+02 3.9187468538e-10 1.2069622108e-10 2.7117846430e-10
1.0424804688e+02 3.6616075623e-10 1.1391749336e-10 2.5224326286e-10
1.0449218750e+02 3.4629614221e-10 1.0885974228e-10 2.3743639993e-10
1.0473632812e+02 3.3400468819e-10 1.0616498796e-10 2.2783970023e-10
1.0498046875e+02 3.2658060284e-10 1.0480165823e-10 2.2177894460e-10
1.0522460938e+02 3.2030246935e-10 1.0373178323e-10 2.1657068612e-10
1.0546875000e+02 3.0700671713e-10 1.0001625785e-10 2.0699045929e-10
1.0571289062e+02 2.7610691231e-10 9.0027361083e-11 1.8607955123e-10
1.0595703125e+02 2.3194601911e-10 7.5867840914e-11 1.5607817820e-10
1.0620117188e+02 1.8129361747e-10 5.9670773889e-11 1.2162284359e-10
1.0644531250e+02 1.3566586884e-10 4.4839588173e-11 9.0826280671e-11
1.0668945312e+02 1.0124838900e-10 3.3611388359e-11 6.7637000645e-11
1.0693359375e+02 7.9550291883e-11 2.6440910639e-11 5.3109381244e-11
1.0717773438e+02 6.6989556229e-11 2.2216857972e-11 4.4772698257e-11
1.0742187500e+02 5.9036985118e-11 1.9565475558e-11 3.9471509560e-11
1.0766601562e+02 5.3925882922e-11 1.7896000382e-11 3.6029882540e-11
1.0791015625e+02 5.0092129094e-11 1.6577703729e-11 3.3514425365e-11
1.0815429688e+02 4.6990430548e-11 1.5560941439e-11 3.1429489108e-11
1.0839843750e+02 4.4199567657e-11 1.4685823377e-11 2.9513744280e-11
1.0864257812e+02 4.1800597133e-11 1.3844180244e-11 2.7956416889e-11
1.0888671875e+02 3.9723788324e-11 1.3097226505e-11 2.6626561818e-11
1.0913085938e+02 3.7971984430e-11 1.2537505981e-11 2.5434478448e-11
1.0937500000e+02 3.6645783003e-11 1.2057416994e-11 2.4588366009e-11
1.0961914062e+02 3.5196370739e-11 1.1528953649e-11 2.3667417089e-11
1.0986328125e+02 3.3894443851e-11 1.1071203295e-11 2.2823240556e-11
1.1010742188e+02 3.2462839082e-11 1.0591929557e-11 2.1870909525e-11
1.1035156250e+02 3.1024439800e-11 1.0076012269e-11 2.0948427532e-11
1.1059570312e+02 2.9701246564e-11 9.6046306358e-12 2.0096615928e-11
1.1083984375e+02 2.8677013461e-11 9.2588720981e-12 1.9418141362e-11
1.1108398438e+02 2.7611909416e-11 8.8712702751e-12 1.8740639141e-11
1.1132812500e+02 2.6557572969e-11 8.4694719123e-12 1.8088101057e-11
1.1157226562e+02 2.5783772541e-11 8.1853901993e-12 1.7598382342e-11
1.1181640625e+02 2.5030767646e-11 7.9214647078e-12 1.7109302939e-11
1.1206054688e+02 2.4386405768e-11 7.6712357679e-12 1.6715170000e-11
1.1230468750e+02 2.3874512326e-11 7.4808410593e-12 1.6393671267e-11
1.1254882812e+02 2.3360879981e-11 7.2984687101e-12 1.6062411271e-11
1.1279296875e+02 2.2882146316e-11 7.1725737665e-12 1.5709572550e-11
1.1303710938e+02 2.2405168994e-11 7.0114580690e-12 1.5393710925e-11
1.1328125000e+02 2.1909553745e-11 6.8624631143e-12 1.5047090631e-11
1.1352539062e+02 2.1472850061e-11 6.6987420801e-12 1.4774107981e-11
1.1376953125e+02 2.0902911523e-11 6.4928097693e-12 1.4410101753e-11
1.1401367188e+02 2.0259439980e-11 6.3122641345e-12 1.3947175845e-11
1.1425781250e+02 1.9667327325e-11 6.1221886917e-12 1.3545138634e-11
1.1450195312e+02 1.9040538935e-11 5.9209881063e-12 1.3119550828e-11
1.1474609375e+02 1.8273631192e-11 5.7091919502e-12 1.2564439242e-11
1.1499023438e+02 1.7688540700e-11 5.5507926001e-12 1.2137748100e-11
1.1523437500e+02 1.7016560122e-11 5.3530369552e-12 1.1663523167e-11
1.1547851562e+02 1.6410075386e-11 5.1497747705e-12 1.1260300615e-11
1.1572265625e+02 1.5843868203e-11 4.9792861856e-12 1.0864582018e-11
1.1596679688e+02 1.5335623603e-11 4.8238284783e-12 1.0511795125e-11
1.1621093750e+02 1.4774463581e-11 4.6812496705e-12 1.0093213911e-11
1.1645507812e+02 1.4215225411e-11 4.5081975512e-12 9.7070278599e-12
1.1669921875e+02 1.3675252881e-11 4.3512833795e-12 9.3239695011e-12
1.1694335938e+02 1.3093036649e-11 4.1785427094e-12 8.9144939400e-12
1.1718750000e+02 1.2487416076e-11 4.0063072922e-12 8.4811087842e-12
1.1743164062e+02 1.1877818589e-11 3.8311886720e-12 8.0466299168e-12
1.1767578125e+02 1.1131354124e-11 3.6052738663e-12 7.5260802579e-12
1.1791992188e+02 1.0416853389e-11 3.3816111748e-12 7.0352422142e-12
1.1816406250e+02 9.7247232694e-12 3.1685848765e-12 6.5561383929e-12
1.1840820312e+02 9.0775623939e-12 2.9671142448e-12 6.1104481491e-12
1.1865234375e+02 8.4533188923e-12 2.7770497107e-12 5.6762691817e-12
1.1889648438e+02 7.8340688218e-12 2.5801794270e-12 5.2538893949e-12
1.1914062500e+02 7.2361817026e-12 2.3857397107e-12 4.8504419919e-12
1.1938476562e+02 6.7450019421e-12 2.2212067549e-12 4.5237951871e-12
1.1962890625e+02 6.3228045292e-12 2.0830534899e-12 4.2397510393e-12
1.1987304688e+02 5.9614700721e-12 1.9610990743e-12 4.0003709978e-12
1.2011718750e+02 5.6252056561e-12 1.8535599685e-12 3.7716456876e-12
1.2036132812e+02 5.3093144458e-12 1.7437514167e-12 3.5655630291e-12
1.2060546875e+02 5.0071637603e-12 1.6389805760e-12 3.3681831843e-12
1.2084960938e+02 4.6766233261e-12 1.5263780729e-12 3.1502452533e-12
1.2109375000e+02 4.3214944756e-12 1.4068867368e-12 2.9146077387e-12
1.2133789062e+02 3.9647211066e-12 1.2876028534e-12 2.6771182532e-12
1.2158203125e+02 3.6464480853e-12 1.1777445509e-12 2.4687035344e-12
1.2182617188e+02 3.3770717306e-12 1.0835387209e-12 2.2935330097e-12
1.2207031250e+02 3.1366938660e-12 9.9782886862e-13 2.1388649974e-12
1.2231445312e+02 2.9423967332e-12 9.2721798026e-13 2.0151787529e-12
1.2255859375e+02 2.8044391962e-12 8.8059330517e-13 1.9238458911e-12
1.2280273438e+02 2.7136377319e-12 8.4594297655e-13 1.8676947553e-12
1.2304687500e+02 2.6655738510e-12 8.2653733997e-13 1.8390365110e-12
1.2329101562e+02 2.6538241982e-12 8.2059695160e-13 1.8332272466e-12
1.2353515625e+02 2.6487682718e-12 8.1654739479e-13 1.8322208770e-12
1.2377929688e+02 2.6428618474e-12 8.1062464461e-13 1.8322372028e-12
1.2402343750e+02 2.6462247314e-12 8.0878708934e-13 1.8374376421e-12
1.2426757812e+02 2.6581222213e-12 8.1103355856e-13 1.8470886627e-12
1.2451171875e+02 2.6804795803e-12 8.1855018892e-13 1.8619293914e-12
1.2475585938e+02 2.7034520182e-12 8.2689018817e-13 1.8765618300e-12
1.2500000000e+02 2.7005698538e-12 8.2439941614e-13 1.8761704377e-12
1.2524414062e+02 2.6765559538e-12 8.1648047991e-13 1.8600754739e-12
1.2548828125e+02 2.6524408240e-12 8.1094535484e-13 1.8414954691e-12
1.2573242188e+02 2.6099773564e-12 8.0051527587e-13 1.8094620805e-12
1.2597656250e+02 2.5534614988e-12 7.8878964006e-13 1.7646718588e-12
1.2622070312e+02 2.5103199311e-12 7.7833393170e-13 1.7319859994e-12
1.2646484375e+02 2.4743439644e-12 7.7053420250e-13 1.7038097619e-12
1.2670898438e+02 2.4275659412e-12 7.6004398158e-13 1.6675219596e-12
1.2695312500e+02 2.3827650255e-12 7.4703579501e-13 1.6357292305e-12
1.2719726562e+02 2.3401808273e-12 7.4008249233e-13 1.6000983350e-12
1.2744140625e+02 2.3000218246e-12 7.3243297359e-13 1.5675888510e-12
1.2768554688e+02 2.2683663102e-12 7.2566115315e-13 1.5427051571e-12
1.2792968750e+02 2.2237822470e-12 7.1548925597e-13 1.5082929910e-12
1.2817382812e+02 2.1553419201e-12 6.9820575357e-13 1.4571361665e-12
1.2841796875e+02 2.0736068242e-12 6.7285240284e-13 1.4007544214e-12
1.2866210938e+02 1.9817846433e-12 6.4547961782e-13 1.3363050254e-12
1.2890625000e+02 1.8871768990e-12 6.1465491229e-13 1.2725219867e-12
1.2915039062e+02 1.7665384900e-12 5.7477881000e-13 1.1917596800e-12
1.2939453125e+02 1.6331326730e-12 5.3327405903e-13 1.0998586140e-12
1.2963867188e+02 1.5072368384e-12 4.9353380023e-13 1.0137030382e-12
1.2988281250e+02 1.3982225642e-12 4.5786762676e-13 9.4035493740e-13
1.3012695312e+02 1.2950491606e-12 4.2498534621e-13 8.7006381444e-13
1.3037109375e+02 1.2053642794e-12 3.9799258567e-13 8.0737169374e-13
1.3061523438e+02 1.1266241626e-12 3.7405552241e-13 7.5256864018e-13
1.3085937500e+02 1.0604149468e-12 3.5136280706e-13 7.0905213969e-13
1.3110351562e+02 1.0012130966e-12 3.3200348179e-13 6.6920961482e-13
1.3134765625e+02 9.5079529533e-13 3.1595524012e-13 6.3484005520e-13
1.3159179688e+02 8.8797103182e-13 2.9569188117e-13 5.9227915064e-13
1.3183593750e+02 8.1638874604e-13 2.7278456170e-13 5.4360418434e-13
1.3208007812e+02 7.3069678735e-13 2.4328376343e-13 4.8741302392e-13
1.3232421875e+02 6.3660244897e-13 2.1084800792e-13 4.2575444105e-13
1.3256835938e+02 5.4623326111e-13 1.7999454986e-13 3.6623871124e-13
1.3281250000e+02 4.6600060030e-13 1.5360457194e-13 3.1239602835e-13
1.3305664062e+02 4.0079744424e-13 1.3211381129e-13 2.6868363295e-13
1.3330078125e+02 3.5016059057e-13 1.1557761724e-13 2.3458297333e-13
1.3354492188e+02 3.1319889818e-13 1.0354394528e-13 2.0965495290e-13
1.3378906250e+02 2.8583536865e-13 9.4612761020e-14 1.9122260763e-13
1.3403320312e+02 2.6458178614e-13 8.7453796708e-14 1.7712798943e-13
1.3427734375e+02 2.4873392219e-13 8.2035871952e-14 1.6669805024e-13
1.3452148438e+02 2.3405237159e-13 7.7168552678e-14 1.5688381891e-13
1.3476562500e+02 2.2128813126e-13 7.2859171801e-14 1.4842895946e-13
1.3500976562e+02 2.1058359616e-13 6.9223650648e-14 1.4135994551e-13
1.3525390625e+02 1.9990477147e-13 6.5821848524e-14 1.3408292294e-13
1.3549804688e+02 1.9182120492e-13 6.3238767587e-14 1.2858243734e-13
1.3574218750e+02 1.8455286891e-13 6.0810140472e-14 1.2374272844e-13
1.3598632812e+02 1.7747723295e-13 5.8304884131e-14 1.1917234882e-13
1.3623046875e+02 1.7111346432e-13 5.6087180363e-14 1.1502628396e-13
1.3647460938e+02 1.6389054405e-13 5.3788753224e-14 1.1010179083e-13
1.3671875000e+02 1.5748176462e-13 5.1633029559e-14 1.0584873506e-13
1.3696289062e+02 1.5196086834e-13 4.9802387824e-14 1.0215848051e-13
1.3720703125e+02 1.4725992667e-13 4.8399597419e-14 9.8860329254e-14
1.3745117188e+02 1.4232496046e-13 4.6874603009e-14 9.5450357455e-14
1.3769531250e+02 1.3729294508e-13 4.5185954239e-14 9.2106990842e-14
1.3793945312e+02 1.3296439621e-13 4.3959839739e-14 8.9004556469e-14
1.3818359375e+02 1.2982700715e-13 4.2866617889e-14 8.6960389259e-14
1.3842773438e+02 1.2628640490e-13 4.1618898580e-14 8.4667506318e-14
1.3867187500e+02 1.2262220937e-13 4.0539481558e-14 8.2082727808e-14
1.3891601562e+02 1.1994579359e-13 3.9697738411e-14 8.0248055180e-14
1.3916015625e+02 1.1687072390e-13 3.8642397790e-14 7.8228326113e-14
1.3940429688e+02 1.1330118081e-13 3.7490685825e-14 7.5810494981e-14
1.3964843750e+02 1.1015447810e-13 3.6554486369e-14 7.3599991731e-14
1.3989257812e+02 1.0793161237e-13 3.5990792855e-14 7.1940819512e-14
1.4013671875e+02 1.0531108598e-13 3.5218071336e-14 7.0093014641e-14
1.4038085938e+02 1.0210914036e-13 3.4213687473e-14 6.7895452886e-14
1.4062500000e+02 9.8250880703e-14 3.3025793356e-14 6.5225087346e-14
1.4086914062e+02 9.3970474132e-14 3.1539066285e-14 6.2431407847e-14
1.4111328125e+02 9.0830866886e-14 3.0445487282e-14 6.0385379603e-14
1.4135742188e+02 8.7503312529e-14 2.9391203121e-14 5.8112109408e-14
1.4160156250e+02 8.4019130933e-14 2.8335437774e-14 5.5683693159e-14
1.4184570312e+02 8.0939133961e-14 2.7352642574e-14 5.3586491386e-14
1.4208984375e+02 7.8201433110e-14 2.6498439875e-14 5.1702993235e-14
1.4233398438e+02 7.5428304751e-14 2.5605859095e-14 4.9822445656e-14
1.4257812500e+02 7.2543269795e-14 2.4708768990e-14 4.7834500805e-14
1.4282226562e+02 6.9534359263e-14 2.3560433431e-14 4.5973925831e-14
1.4306640625e+02 6.6324428217e-14 2.2459756093e-14 4.3864672123e-14
1.4331054688e+02 6.3214933988e-14 2.1530050090e-14 4.1684883898e-14
1.4355468750e+02 6.0134380416e-14 2.0493362850e-14 3.9641017566e-14
1.4379882812e+02 5.7230762459e-14 1.9538010831e-14 3.7692751627e-14
1.4404296875e+02 5.4458163550e-14 1.8655869134e-14 3.5802294415e-14
1.4428710938e+02 5.1813576488e-14 1.7731509122e-14 3.4082067366e-14
1.4453125000e+02 4.9074032440e-14 1.6842243973e-14 3.2231788467e-14
1.4477539062e+02 4.6702332933e-14 1.6038758458e-14 3.0663574475e-14
1.4501953125e+02 4.4421293045e-14 1.5241749148e-14 2.9179543897e-14
1.4526367188e+02 4.1989474503e-14 1.4469568780e-14 2.7519905722e-14
1.4550781250e+02 3.9588419119e-14 1.3742779668e-14 2.5845639450e-14
1.4575195312e+02 3.7589941750e-14 1.3126261006e-14 2.4463680744e-14
1.4599609375e+02 3.5908990186e-14 1.2559515557e-14 2.3349474628e-14
1.4624023438e+02 3.4461193254e-14 1.2030996750e-14 2.2430196504e-14
1.4648437500e+02 3.3111573477e-14 1.1592838027e-14 2.1518735450e-14
1.4672851562e+02 3.1719949774e-14 1.1112708258e-14 2.0607241516e-14
1.4697265625e+02 3.0542565164e-14 1.0718943849e-14 1.9823621315e-14
1.4721679688e+02 2.9505680778e-14 1.0375705052e-14 1.9129975725e-14
1.4746093750e+02 2.8467787023e-14 1.0060525522e-14 1.8407261501e-14
1.4770507812e+02 2.7439200270e-14 9.7143110766e-15 1.7724889193e-14
1.4794921875e+02 2.6612625318e-14 9.4539158888e-15 1.7158709429e-14
1.4819335938e+02 2.5835864925e-14 9.2101920556e-15 1.6625672869e-14
1.4843750000e+02 2.5141827524e-14 8.9857994361e-15 1.6156028088e-14
1.4868164062e+02 2.4513388303e-14 8.7687544483e-15 1.5744633854e-14
1.4892578125e+02 2.3962026761e-14 8.5807895829e-15 1.5381237178e-14
1.4916992188e+02 2.3509550556e-14 8.4362755257e-15 1.5073275030e-14
1.4941406250e+02 2.3130507370e-14 8.3439826938e-15 1.4786524676e-14
1.4965820312e+02 2.2760969215e-14 8.2213304240e-15 1.4539638791e-14
1.4990234375e+02 2.2559652012e-14 8.1414111273e-15 1.4418240885e-14
1.5014648438e+02 2.2390895053e-14 8.1154525622e-15 1.4275442491e-14
1.5039062500e+02 2.2127637712e-14 8.0557705869e-15 1.4071867125e-14
1.5063476562e+02 2.1961426822e-14 8.0151061396e-15 1.3946320683e-14
1.5087890625e+02 2.1874179493e-14 7.9847790978e-15 1.3889400395e-14
1.5112304688e+02 2.1717123256e-14 7.9112713799e-15 1.3805851876e-14
1.5136718750e+02 2.1506897970e-14 7.8464464400e-15 1.3660451530e-14
1.5161132812e+02 2.1251542228e-14 7.7851754125e-15 1.3466366815e-14
1.5185546875e+02 2.0929552496e-14 7.6812308389e-15 1.3248321657e-14
1.5209960938e+02 2.0576691927e-14 7.5705238085e-15 1.3006168119e-14
1.5234375000e+02 2.0318186076e-14 7.4994605574e-15 1.2818725519e-14
1.5258789062e+02 2.0077854295e-14 7.4215150824e-15 1.2656339212e-14
1.5283203125e+02 1.9784516669e-14 7.3289632214e-15 1.2455553447e-14
1.5307617188e+02 1.9558701947e-14 7.2381187325e-15 1.2320583215e-14
1.5332031250e+02 1.9219244465e-14 7.1298291623e-15 1.2089415303e-14
1.5356445312e+02 1.8897136993e-14 7.0285473890e-15 1.1868589604e-14
1.5380859375e+02 1.8606491674e-14 6.9188584265e-15 1.1687633248e-14
1.5405273438e+02 1.8384706005e-14 6.8400893557e-15 1.1544616650e-14
1.5429687500e+02 1.8102377432e-14 6.7421752791e-15 1.1360202153e-14
1.5454101562e+02 1.7748343848e-14 6.6227685377e-15 1.1125575310e-14
1.5478515625e+02 1.7446278089e-14 6.5102396074e-15 1.0936038482e-14
1.5502929688e+02 1.7163925447e-14 6.4106831291e-15 1.0753242318e-14
1.5527343750e+02 1.6737601211e-14 6.2881491909e-15 1.0449452021e-14
1.5551757812e+02 1.6421690356e-14 6.1810189160e-15 1.0240671440e-14
1.5576171875e+02 1.6076080926e-14 6.0633825264e-15 1.0012698399e-14
1.5600585938e+02 1.5700558868e-14 5.9188191438e-15 9.7817397239e-15
1.5625000000e+02 1.5393305537e-14 5.7955803520e-15 9.5977251853e-15
1.5649414062e+02 1.5189507567e-14 5.7195243018e-15 9.4699832655e-15
1.5673828125e+02 1.5004783111e-14 5.6445553471e-15 9.3602277639e-15
1.5698242188e+02 1.4771448509e-14 5.5781153773e-15 9.1933331317e-15
1.5722656250e+02 1.4589819946e-14 5.4992051154e-15 9.0906148307e-15
1.5747070312e+02 1.4334081112e-14 5.4208908969e-15 8.9131902147e-15
1.5771484375e+02 1.4170977053e-14 5.3738243041e-15 8.7971527491e-15
1.5795898438e+02 1.4064279224e-14 5.3198994265e-15 8.7443797974e-15
1.5820312500e+02 1.3873060822e-14 5.2332207710e-15 8.6398400506e-15
1.5844726562e+02 1.3724945218e-14 5.2089629988e-15 8.5159822196e-15
1.5869140625e+02 1.3573700445e-14 5.1681851215e-15 8.4055153239e-15
1.5893554688e+02 1.3429386159e-14 5.1057909529e-15 8.3235952057e-15
1.5917968750e+02 1.3307461734e-14 5.0534167816e-15 8.2540449524e-15
1.5942382812e+02 1.3191812801e-14 5.0089876077e-15 8.1828251928e-15
1.5966796875e+02 1.3067635897e-14 4.9829728642e-15 8.0846630328e-15
1.5991210938e+02 1.3004118366e-14 4.9527576264e-15 8.0513607392e-15
1.6015625000e+02 1.2943218593e-14 4.9408331277e-15 8.0023854650e-15
1.6040039062e+02 1.2880249942e-14 4.9165299928e-15 7.9637199492e-15
1.6064453125e+02 1.2830210300e-14 4.9014312472e-15 7.9287790524e-15
1.6088867188e+02 1.2771036357e-14 4.8745161379e-15 7.8965202189e-15
1.6113281250e+02 1.2766116445e-14 4.8574091351e-15 7.9087073104e-15
1.6137695312e+02 1.2714403924e-14 4.8342948812e-15 7.8801090431e-15
1.6162109375e+02 1.2655564250e-14 4.8213443585e-15 7.8342198915e-15
1.6186523438e+02 1.2645557393e-14 4.8234890919e-15 7.8220683010e-15
1.6210937500e+02 1.2608667008e-14 4.8547443934e-15 7.7539226142e-15
1.6235351562e+02 1.2571050940e-14 4.8279272213e-15 7.7431237191e-15
1.6259765625e+02 1.2544587957e-14 4.8209283510e-15 7.7236596062e-15
1.6284179688e+02 1.2505506957e-14 4.7964930111e-15 7.7090139458e-15
1.6308593750e+02 1.2506301555e-14 4.7901981168e-15 7.7161034378e-15
1.6333007812e+02 1.2477044783e-14 4.7695238256e-15 7.7075209576e-15
1.6357421875e+02 1.2460419404e-14 4.7537515491e-15 7.7066678546e-15
1.6381835938e+02 1.2461176061e-14 4.7556890185e-15 7.7054870424e-15
1.6406250000e+02 1.2449023908e-14 4.7640360229e-15 7.6849878854e-15
1.6430664062e+02 1.2405856780e-14 4.7601672268e-15 7.6456895530e-15
1.6455078125e+02 1.2369260078e-14 4.7468773722e-15 7.6223827056e-15
1.6479492188e+02 1.2367850215e-14 4.7530998794e-15 7.6147503353e-15
1.6503906250e+02 1.2342280000e-14 4.7247296933e-15 7.6175503066e-15
1.6528320312e+02 1.2301833808e-14 4.7017789867e-15 7.6000548216e-15
1.6552734375e+02 1.2273662696e-14 4.7004910531e-15 7.5731716431e-15
1.6577148438e+02 1.2261778259e-14 4.6933773750e-15 7.5684008836e-15
1.6601562500e+02 1.2252710135e-14 4.6935758067e-15 7.5591343286e-15
1.6625976562e+02 1.2285832509e-14 4.6958213565e-15 7.5900111521e-15
1.6650390625e+02 1.2255288190e-14 4.6906496304e-15 7.5646385593e-15
1.6674804688e+02 1.2253248392e-14 4.6848510556e-15 7.5683973362e-15
1.6699218750e+02 1.2199700725e-14 4.6612055512e-15 7.5384951735e-15
1.6723632812e+02 1.2157310181e-14 4.6704905224e-15 7.4868196589e-15
1.6748046875e+02 1.2158964604e-14 4.6757250026e-15 7.4832396014e-15
1.6772460938e+02 1.2159274761e-14 4.6562274000e-15 7.5030473613e-15
1.6796875000e+02 1.2142356782e-14 4.6584744440e-15 7.4838823383e-15
1.6821289062e+02 1.2142119723e-14 4.6580782021e-15 7.4840415210e-15
1.6845703125e+02 1.2156126368e-14 4.6513706774e-15 7.5047556908e-15
1.6870117188e+02 1.2164964751e-14 4.6540452016e-15 7.5109195491e-15
1.6894531250e+02 1.2192508449e-14 4.6605642921e-15 7.5319441572e-15
1.6918945312e+02 1.2155275264e-14 4.6584016326e-15 7.4968736316e-15
1.6943359375e+02 1.2113769092e-14 4.6463011259e-15 7.4674679658e-15
1.6967773438e+02 1.2089245501e-14 4.6417091226e-15 7.4475363786e-15
1.6992187500e+02 1.2080328960e-14 4.6341424765e-15 7.4461864832e-15
1.7016601562e+02 1.2062752634e-14 4.6357057433e-15 7.4270468906e-15
1.7041015625e+02 1.2035115660e-14 4.6205898298e-15 7.4145258300e-15
1.7065429688e+02 1.2064633784e-14 4.6164081051e-15 7.4482256791e-15
1.7089843750e+02 1.2043260603e-14 4.6244879175e-15 7.4187726857e-15
1.7114257812e+02 1.2023347561e-14 4.6214977107e-15 7.4018498500e-15
1.7138671875e+02 1.2020947336e-14 4.6186594668e-15 7.4022878690e-15
1.7163085938e+02 1.2038377132e-14 4.6279100395e-15 7.4104670929e-15
1.7187500000e+02 1.2039001991e-14 4.6185628505e-15 7.4204391407e-15
1.7211914062e+02 1.2040714087e-14 4.6168330878e-15 7.4238809989e-15
1.7236328125e+02 1.2019359890e-14 4.5946836787e-15 7.4246762114e-15
1.7260742188e+02 1.1994180258e-14 4.5799198791e-15 7.4142603789e-15
1.7285156250e+02 1.1974433319e-14 4.5924300333e-15 7.3820032854e-15
1.7309570312e+02 1.1994231178e-14 4.6000247838e-15 7.3942063944e-15
1.7333984375e+02 1.1991886621e-14 4.5984628480e-15 7.3934237729e-15
1.7358398438e+02 1.1983353933e-14 4.6096747687e-15 7.3736791640e-15
1.7382812500e+02 1.1956355534e-14 4.5918880459e-15 7.3644674883e-15
1.7407226562e+02 1.1941394798e-14 4.5914931956e-15 7.3499016022e-15
1.7431640625e+02 1.1961924403e-14 4.5854970937e-15 7.3764273093e-15
1.7456054688e+02 1.1969120208e-14 4.6002722510e-15 7.3688479571e-15
1.7480468750e+02 1.1944875677e-14 4.5979816741e-15 7.3468940032e-15
1.7504882812e+02 1.1944656061e-14 4.5819907508e-15 7.3626653103e-15
1.7529296875e+02 1.1964533756e-14 4.5816622653e-15 7.3828714910e-15
1.7553710938e+02 1.1947050882e-14 4.5696425997e-15 7.3774082820e-15
1.7578125000e+02 1.1927744945e-14 4.5750038573e-15 7.3527410881e-15
1.7602539062e+02 1.1901303292e-14 4.5646244499e-15 7.3366788416e-15
1.7626953125e+02 1.1929748162e-14 4.5658467469e-15 7.3639014148e-15
1.7651367188e+02 1.1984870053e-14 4.5828260071e-15 7.4020440454e-15
1.7675781250e+02 1.1984536209e-14 4.5874494670e-15 7.3970867423e-15
1.7700195312e+02 1.1930224824e-14 4.5632155880e-15 7.3670092358e-15
1.7724609375e+02 1.1928291121e-14 4.5641229622e-15 7.3641681593e-15
1.7749023438e+02 1.1935000108e-14 4.5899402778e-15 7.3450598306e-15
1.7773437500e+02 1.1958627606e-14 4.5996214648e-15 7.3590061417e-15
1.7797851562e+02 1.1957826530e-14 4.5831779039e-15 7.3746486256e-15
1.7822265625e+02 1.1956648147e-14 4.5843607710e-15 7.3722873758e-15
1.7846679688e+02 1.1967673929e-14 4.5918852381e-15 7.3757886906e-15
1.7871093750e+02 1.1971039872e-14 4.5817410654e-15 7.3892988068e-15
1.7895507812e+02 1.1945510408e-14 4.5860214025e-15 7.3594890054e-15
1.7919921875e+02 1.1937370822e-14 4.5900874718e-15 7.3472833501e-15
1.7944335938e+02 1.1917854835e-14 4.5909379734e-15 7.3269168621e-15
1.7968750000e+02 1.1915293120e-14 4.5834958333e-15 7.3317972868e-15
1.7993164062e+02 1.1928569497e-14 4.5713453259e-15 7.3572241711e-15
1.8017578125e+02 1.1947693219e-14 4.5683430148e-15 7.3793502039e-15
1.8041992188e+02 1.1983787742e-14 4.5882149838e-15 7.3955727584e-15
1.8066406250e+02 1.1988767395e-14 4.5875923974e-15 7.4011749973e-15
1.8090820312e+02 1.1973384979e-14 4.5753890567e-15 7.3979959219e-15
1.8115234375e+02 1.1926426671e-14 4.5691745983e-15 7.3572520726e-15
1.8139648438e+02 1.1909829431e-14 4.5726731966e-15 7.3371562349e-15
1.8164062500e+02 1.1942148575e-14 4.5675786491e-15 7.3745699263e-15
1.8188476562e+02 1.1929706580e-14 4.5606776907e-15 7.3690288889e-15
1.8212890625e+02 1.1943436588e-14 4.5791271253e-15 7.3643094623e-15
1.8237304688e+02 1.1962317237e-14 4.5944282839e-15 7.3678889531e-15
1.8261718750e+02 1.1938392888e-14 4.5847582600e-15 7.3536346280e-15
1.8286132812e+02 1.1932842904e-14 4.5776150085e-15 7.3552278952e-15
1.8310546875e+02 1.1901851875e-14 4.5730413614e-15 7.3288105133e-15
1.8334960938e+02 1.1907410322e-14 4.5721543185e-15 7.3352560031e-15
1.8359375000e+02 1.1907361731e-14 4.5597317056e-15 7.3476300255e-15
1.8383789062e+02 1.1929560524e-14 4.5611855762e-15 7.3683749480e-15
1.8408203125e+02 1.1933063933e-14 4.5721974752e-15 7.3608664577e-15
1.8432617188e+02 1.1957114919e-14 4.5787611669e-15 7.3783537523e-15
1.8457031250e+02 1.1953078172e-14 4.5794242710e-15 7.3736539006e-15
1.8481445312e+02 1.1916057673e-14 4.5570477918e-15 7.3590098808e-15
1.8505859375e+02 1.1927253875e-14 4.5505862492e-15 7.3766676254e-15
1.8530273438e+02 1.1929375074e-14 4.5585152429e-15 7.3708598313e-15
1.8554687500e+02 1.1901665491e-14 4.5513161607e-15 7.3503493299e-15
1.8579101562e+02 1.1922003325e-14 4.5673236325e-15 7.3546796921e-15
1.8603515625e+02 1.1908656601e-14 4.5626687055e-15 7.3459878955e-15
1.8627929688e+02 1.1926081797e-14 4.5712232960e-15 7.3548585011e-15
1.8652343750e+02 1.1918802914e-14 4.5671282592e-15 7.3516746543e-15
1.8676757812e+02 1.1865084224e-14 4.5631723401e-15 7.3019118840e-15
1.8701171875e+02 1.1912591457e-14 4.5741534338e-15 7.3384380233e-15
1.8725585938e+02 1.1927924228e-14 4.5748372700e-15 7.3530869579e-15
1.8750000000e+02 1.1941252602e-14 4.5639795813e-15 7.3772730206e-15
1.8774414062e+02 1.1926795087e-14 4.5623339773e-15 7.3644611097e-15
1.8798828125e+02 1.1953590530e-14 4.5600620949e-15 7.3935284350e-15
1.8823242188e+02 1.1903251394e-14 4.5523214150e-15 7.3509299789e-15
1.8847656250e+02 1.1932666850e-14 4.5779990846e-15 7.3546677651e-15
1.8872070312e+02 1.1967958592e-14 4.5704293716e-15 7.3975292207e-15
1.8896484375e+02 1.1954037558e-14 4.5768800503e-15 7.3771575076e-15
1.8920898438e+02 1.1904491501e-14 4.5631830167e-15 7.3413084845e-15
1.8945312500e+02 1.1908867487e-14 4.5558960716e-15 7.3529714158e-15
1.8969726562e+02 1.1924600555e-14 4.5730566713e-15 7.3515438836e-15
1.8994140625e+02 1.1927018300e-14 4.5660519256e-15 7.3609663748e-15
1.9018554688e+02 1.1912216315e-14 4.5768130136e-15 7.3354033018e-15
1.9042968750e+02 1.1942404292e-14 4.5865615896e-15 7.3558427028e-15
1.9067382812e+02 1.1957363329e-14 4.5830398476e-15 7.3743234815e-15
1.9091796875e+02 1.1939808955e-14 4.5881634604e-15 7.3516454943e-15
1.9116210938e+02 1.1910382246e-14 4.5769938022e-15 7.3333884440e-15
1.9140625000e+02 1.1888212780e-14 4.5799021589e-15 7.3083106215e-15
1.9165039062e+02 1.1901484639e-14 4.5724135165e-15 7.3290711222e-15
1.9189453125e+02 1.1881811619e-14 4.5715263235e-15 7.3102852958e-15
1.9213867188e+02 1.1880905433e-14 4.5561625042e-15 7.3247429284e-15
1.9238281250e+02 1.1938203092e-14 4.5704248756e-15 7.3677782165e-15
1.9262695312e+02 1.1953297580e-14 4.5759721636e-15 7.3773254166e-15
1.9287109375e+02 1.1916806149e-14 4.5627659845e-15 7.3540401642e-15
1.9311523438e+02 1.1891418900e-14 4.5556666481e-15 7.3357522516e-15
1.9335937500e+02 1.1874080696e-14 4.5469878362e-15 7.3270928596e-15
1.9360351562e+02 1.1844614438e-14 4.5385646962e-15 7.3060497420e-15
1.9384765625e+02 1.1921566871e-14 4.5530377192e-15 7.3685291513e-15
1.9409179688e+02 1.1924516723e-14 4.5660903459e-15 7.3584263773e-15
1.9433593750e+02 1.1914048159e-14 4.5775348318e-15 7.3365133274e-15
1.9458007812e+02 1.1935411298e-14 4.5763575997e-15 7.3590536985e-15
1.9482421875e+02 1.1931736182e-14 4.5682260078e-15 7.3635101738e-15
1.9506835938e+02 1.1931182278e-14 4.5578026698e-15 7.3733796083e-15
1.9531250000e+02 1.1944555983e-14 4.5686352930e-15 7.3759206899e-15
1.9555664062e+02 1.1942618904e-14 4.5710434334e-15 7.3715754709e-15
1.9580078125e+02 1.1953475894e-14 4.5790502689e-15 7.3744256249e-15
1.9604492188e+02 1.1939004568e-14 4.5614551079e-15 7.3775494600e-15
1.9628906250e+02 1.1905976708e-14 4.5677528735e-15 7.3382238342e-15
1.9653320312e+02 1.1898238598e-14 4.5683713405e-15 7.3298672575e-15
1.9677734375e+02 1.1917179487e-14 4.5695832204e-15 7.3475962664e-15
1.9702148438e+02 1.1939395425e-14 4.5611186610e-15 7.3782767640e-15
1.9726562500e+02 1.1953868001e-14 4.5749812636e-15 7.3788867376e-15
1.9750976562e+02 1.1923171750e-14 4.5605260510e-15 7.3626456986e-15
1.9775390625e+02 1.1933624348e-14 4.5669731158e-15 7.3666512318e-15
1.9799804688e+02 1.1925562952e-14 4.5716860358e-15 7.3538769165e-15
1.9824218750e+02 1.1931551075e-14 4.5564091682e-15 7.3751419064e-15
1.9848632812e+02 1.1963206282e-14 4.5803568549e-15 7.3828494267e-15
1.9873046875e+02 1.1930749507e-14 4.5549077039e-15 7.3758418033e-15
1.9897460938e+02 1.1906172157e-14 4.5617588279e-15 7.3444133289e-15
1.9921875000e+02 1.1869730665e-14 4.5704639102e-15 7.2992667551e-15
1.9946289062e+02 1.1908957722e-14 4.5756204333e-15 7.3333372889e-15
1.9970703125e+02 1.1926936981e-14 4.5456586923e-15 7.3812782890e-15
1.9995117188e+02 1.1903663920e-14 4.5604061810e-15 7.3432577392e-15
2.0019531250e+02 1.1878005332e-14 4.5645804039e-15 7.3134249279e-15
2.0043945312e+02 1.1890663963e-14 4.5516101202e-15 7.3390538428e-15
2.0068359375e+02 1.1896378543e-14 4.5486507591e-15 7.3477277838e-15
2.0092773438e+02 1.1921843296e-14 4.5627408894e-15 7.3591024071e-15
2.0117187500e+02 1.1921046963e-14 4.5503989249e-15 7.3706480377e-15
2.0141601562e+02 1.1900359774e-14 4.5305240048e-15 7.3698357689e-15
2.0166015625e+02 1.1917499090e-14 4.5429921064e-15 7.3745069836e-15
2.0190429688e+02 1.1889421831e-14 4.5395334663e-15 7.3498883649e-15
2.0214843750e+02 1.1906272848e-14 4.5600490773e-15 7.3462237712e-15
2.0239257812e+02 1.1896606302e-14 4.5785791294e-15 7.3180271727e-15
2.0263671875e+02 1.1896407039e-14 4.5671177522e-15 7.3292892865e-15
2.0288085938e+02 1.1884156740e-14 4.5550493108e-15 7.3291074297e-15
2.0312500000e+02 1.1899079635e-14 4.5633855958e-15 7.3356940396e-15
2.0336914062e+02 1.1901746236e-14 4.5616955559e-15 7.3400506800e-15
2.0361328125e+02 1.1942813065e-14 4.5843006494e-15 7.3585124154e-15
2.0385742188e+02 1.1923754120e-14 4.5771153239e-15 7.3466387965e-15
2.0410156250e+02 1.1922912556e-14 4.5698009524e-15 7.3531116041e-15
2.0434570312e+02 1.1884170616e-14 4.5579841893e-15 7.3261864264e-15
2.0458984375e+02 1.1887852301e-14 4.5639613260e-15 7.3238909751e-15
2.0483398438e+02 1.1922324257e-14 4.5746991635e-15 7.3476250933e-15
2.0507812500e+02 1.1909980331e-14 4.5860048183e-15 7.3239755131e-15
2.0532226562e+02 1.1858962376e-14 4.5620473326e-15 7.2969150432e-15
2.0556640625e+02 1.1899499066e-14 4.5791784805e-15 7.3203205852e-15
2.0581054688e+02 1.1923088205e-14 4.5675803548e-15 7.3555078500e-15
2.0605468750e+02 1.1891185857e-14 4.5542015798e-15 7.3369842776e-15
2.0629882812e+02 1.1878177635e-14 4.5597080518e-15 7.3184695834e-15
2.0654296875e+02 1.1873018613e-14 4.5531541981e-15 7.3198644149e-15
2.0678710938e+02 1.1896117478e-14 4.5723781422e-15 7.3237393362e-15
2.0703125000e+02 1.1884037928e-14 4.5721488639e-15 7.3118890636e-15
2.0727539062e+02 1.1888243884e-14 4.5653451865e-15 7.3228986971e-15
2.0751953125e+02 1.1895175585e-14 4.5686376509e-15 7.3265379338e-15
2.0776367188e+02 1.1884526922e-14 4.5680189525e-15 7.3165079691e-15
2.0800781250e+02 1.1894944778e-14 4.5740682425e-15 7.3208765353e-15
2.0825195312e+02 1.1909237207e-14 4.5700908036e-15 7.3391464035e-15
2.0849609375e+02 1.1904966384e-14 4.5603894321e-15 7.3445769515e-15
2.0874023438e+02 1.1883732148e-14 4.5549499555e-15 7.3287821923e-15
2.0898437500e+02 1.1907756697e-14 4.5676993516e-15 7.3400573451e-15
2.0922851562e+02 1.1922781868e-14 4.5806735929e-15 7.3421082756e-15
2.0947265625e+02 1.1902210235e-14 4.5543304178e-15 7.3478798169e-15
2.0971679688e+02 1.1847864861e-14 4.5337786592e-15 7.3140862019e-15
2.0996093750e+02 1.1893070207e-14 4.5551439654e-15 7.3379262413e-15
2.1020507812e+02 1.1913993011e-14 4.5779534724e-15 7.3360395389e-15
2.1044921875e+02 1.1891148216e-14 4.5856004715e-15 7.3055477444e-15
2.1069335938e+02 1.1900913876e-14 4.5656640369e-15 7.3352498391e-15
2.1093750000e+02 1.1934445979e-14 4.5679493049e-15 7.3664966741e-15
2.1118164062e+02 1.1899161873e-14 4.5647867540e-15 7.3343751191e-15
2.1142578125e+02 1.1890807236e-14 4.5621547033e-15 7.3286525326e-15
2.1166992188e+02 1.1923272699e-14 4.5510754199e-15 7.3721972790e-15
2.1191406250e+02 1.1905442037e-14 4.5603217806e-15 7.3451202567e-15
2.1215820312e+02 1.1875343778e-14 4.5636178655e-15 7.3117259122e-15
2.1240234375e+02 1.1846432911e-14 4.5552915775e-15 7.2911413331e-15
2.1264648438e+02 1.1850423702e-14 4.5400497705e-15 7.3103739315e-15
2.1289062500e+02 1.1871437809e-14 4.5440387630e-15 7.3273990457e-15
2.1313476562e+02 1.1880788020e-14 4.5539097815e-15 7.3268782384e-15
2.1337890625e+02 1.1901006742e-14 4.5528848839e-15 7.3481218585e-15
2.1362304688e+02 1.1892317675e-14 4.5659647388e-15 7.3263529361e-15
2.1386718750e+02 1.1876781838e-14 4.5753946968e-15 7.3013871415e-15
2.1411132812e+02 1.1898173424e-14 4.5786570147e-15 7.3195164092e-15
2.1435546875e+02 1.1915649776e-14 4.5778118346e-15 7.3378379411e-15
2.1459960938e+02 1.1923703650e-14 4.5807212081e-15 7.3429824422e-15
2.1484375000e+02 1.1883390557e-14 4.5576967059e-15 7.3256938516e-15
2.1508789062e+02 1.1913462784e-14 4.5684993406e-15 7.3449634431e-15
2.1533203125e+02 1.1926672342e-14 4.5749921206e-15 7.3516802216e-15
2.1557617188e+02 1.1924024956e-14 4.5582677249e-15 7.3657572313e-15
2.1582031250e+02 1.1867029661e-14 4.5596990564e-15 7.3073306044e-15
2.1606445312e+02 1.1864619417e-14 4.5585403945e-15 7.3060790224e-15
2.1630859375e+02 1.1929445155e-14 4.5786899064e-15 7.3507552484e-15
2.1655273438e+02 1.1938740554e-14 4.5867662675e-15 7.3519742863e-15
2.1679687500e+02 1.1946114451e-14 4.5854852732e-15 7.3606291775e-15
2.1704101562e+02 1.1919319168e-14 4.5762270049e-15 7.3430921633e-15
2.1728515625e+02 1.1902813802e-14 4.5527953478e-15 7.3500184540e-15
2.1752929688e+02 1.1913595733e-14 4.5568861087e-15 7.3567096246e-15
2.1777343750e+02 1.1920084644e-14 4.5803086950e-15 7.3397759488e-15
2.1801757812e+02 1.1928736400e-14 4.5799196146e-15 7.3488167855e-15
2.1826171875e+02 1.1932128574e-14 4.5690985835e-15 7.3630299902e-15
2.1850585938e+02 1.1905067330e-14 4.5588923507e-15 7.3461749794e-15
2.1875000000e+02 1.1889044803e-14 4.5654555952e-15 7.3235892074e-15
2.1899414062e+02 1.1882971470e-14 4.5537777392e-15 7.3291937309e-15
2.1923828125e+02 1.1924124722e-14 4.5563897181e-15 7.3677350035e-15
2.1948242188e+02 1.1948308278e-14 4.5570377818e-15 7.3912704966e-15
2.1972656250e+02 1.1922304971e-14 4.5571307481e-15 7.3651742228e-15
2.1997070312e+02 1.1935267800e-14 4.5614086153e-15 7.3738591851e-15
2.2021484375e+02 1.1941716368e-14 4.5737717338e-15 7.3679446339e-15
2.2045898438e+02 1.1934642912e-14 4.5664807757e-15 7.3681621359e-15
2.2070312500e+02 1.1918217885e-14 4.5606029576e-15 7.3576149274e-15
2.2094726562e+02 1.1930757386e-14 4.5714363501e-15 7.3593210355e-15
2.2119140625e+02 1.1960487503e-14 4.5791227931e-15 7.3813647099e-15
2.2143554688e+02 1.1983102624e-14 4.5795872092e-15 7.4035154152e-15
2.2167968750e+02 1.1952251231e-14 4.5653699797e-15 7.3868812510e-15
2.2192382812e+02 1.1906271869e-14 4.5430267386e-15 7.3632451304e-15
2.2216796875e+02 1.1939505382e-14 4.5717874416e-15 7.3677179408e-15
2.2241210938e+02 1.1899811111e-14 4.5857063354e-15 7.3141047758e-15
2.2265625000e+02 1.1886061935e-14 4.5764371367e-15 7.3096247987e-15
2.2290039062e+02 1.1901852737e-14 4.5805655279e-15 7.3212872091e-15
2.2314453125e+02 1.1920046260e-14 4.5723718081e-15 7.3476744522e-15
2.2338867188e+02 1.1922281789e-14 4.5663252470e-15 7.3559565420e-15
2.2363281250e+02 1.1938555593e-14 4.5791249538e-15 7.3594306394e-15
2.2387695312e+02 1.1903251591e-14 4.5702329336e-15 7.3330186573e-15
2.2412109375e+02 1.1904621719e-14 4.5583098913e-15 7.3463118278e-15
2.2436523438e+02 1.1924901785e-14 4.5632342956e-15 7.3616674898e-15
2.2460937500e+02 1.1887743994e-14 4.5721961676e-15 7.3155478265e-15
2.2485351562e+02 1.1920189604e-14 4.5976531313e-15 7.3225364725e-15
2.2509765625e+02 1.1930832666e-14 4.6015150385e-15 7.3293176275e-15
2.2534179688e+02 1.1908516503e-14 4.5860632296e-15 7.3224532739e-15
2.2558593750e+02 1.1900761652e-14 4.5779615987e-15 7.3228000529e-15
2.2583007812e+02 1.1895131243e-14 4.5582162619e-15 7.3369149811e-15
2.2607421875e+02 1.1905799715e-14 4.5435324723e-15 7.3622672430e-15
2.2631835938e+02 1.1924458612e-14 4.5660522498e-15 7.3584063624e-15
2.2656250000e+02 1.1898796434e-14 4.5737074584e-15 7.3250889758e-15
2.2680664062e+02 1.1918266293e-14 4.5630441076e-15 7.3552221853e-15
2.2705078125e+02 1.1918910088e-14 4.5604012834e-15 7.3585088044e-15
2.2729492188e+02 1.1962982633e-14 4.5954746571e-15 7.3675079764e-15
2.2753906250e+02 1.1966393732e-14 4.5964119083e-15 7.3699818239e-15
2.2778320312e+02 1.1933319136e-14 4.5924166086e-15 7.3409025275e-15
2.2802734375e+02 1.1906597507e-14 4.5832864288e-15 7.3233110779e-15
2.2827148438e+02 1.1879748037e-14 4.5651815105e-15 7.3145665266e-15
2.2851562500e+02 1.1878979263e-14 4.5612768350e-15 7.3177024277e-15
2.2875976562e+02 1.1895852128e-14 4.5642464819e-15 7.3316056462e-15
2.2900390625e+02 1.1930953484e-14 4.5749359403e-15 7.3560175433e-15
2.2924804688e+02 1.1938164707e-14 4.5665755765e-15 7.3715891302e-15
2.2949218750e+02 1.1894856929e-14 4.5566394293e-15 7.3382174999e-15
2.2973632812e+02 1.1847443647e-14 4.5409999254e-15 7.3064437219e-15
2.2998046875e+02 1.1898192145e-14 4.5581978738e-15 7.3399942710e-15
2.3022460938e+02 1.1986454831e-14 4.5686088433e-15 7.4178459879e-15
2.3046875000e+02 1.2018319360e-14 4.5868446521e-15 7.4314747079e-15
2.3071289062e+02 1.1964666334e-14 4.5714500928e-15 7.3932162417e-15
2.3095703125e+02 1.1902513747e-14 4.5556819937e-15 7.3468317528e-15
2.3120117188e+02 1.1887113771e-14 4.5654811656e-15 7.3216326058e-15
2.3144531250e+02 1.1918505002e-14 4.5848599521e-15 7.3336450496e-15
2.3168945312e+02 1.1892855563e-14 4.5627119904e-15 7.3301435730e-15
2.3193359375e+02 1.1885984646e-14 4.5550834773e-15 7.3309011687e-15
2.3217773438e+02 1.1929464634e-14 4.5690870644e-15 7.3603775692e-15
2.3242187500e+02 1.1919916694e-14 4.5765059193e-15 7.3434107745e-15
2.3266601562e+02 1.1881074357e-14 4.5654905837e-15 7.3155837736e-15
2.3291015625e+02 1.1897802998e-14 4.5847944856e-15 7.3130085121e-15
2.3315429688e+02 1.1897291922e-14 4.5761018791e-15 7.3211900429e-15
2.3339843750e+02 1.1895291391e-14 4.5707826695e-15 7.3245087211e-15
2.3364257812e+02 1.1907002186e-14 4.5759715784e-15 7.3310306074e-15
2.3388671875e+02 1.1905467839e-14 4.5795406829e-15 7.3259271561e-15
2.3413085938e+02 1.1940355680e-14 4.5653008051e-15 7.3750548749e-15
2.3437500000e+02 1.1931681729e-14 4.5653390661e-15 7.3663426625e-15
2.3461914062e+02 1.1930104435e-14 4.5721596872e-15 7.3579447478e-15
2.3486328125e+02 1.1914985171e-14 4.5677772623e-15 7.3472079086e-15
2.3510742188e+02 1.1908775109e-14 4.5653875628e-15 7.3433875460e-15
2.3535156250e+02 1.1897127298e-14 4.5672354953e-15 7.3298918032e-15
2.3559570312e+02 1.1898118220e-14 4.5481746929e-15 7.3499435274e-15
2.3583984375e+02 1.1917213667e-14 4.5455043178e-15 7.3717093488e-15
2.3608398438e+02 1.1854071619e-14 4.5431962293e-15 7.3108753898e-15
2.3632812500e+02 1.1855117779e-14 4.5640155469e-15 7.2911022319e-15
2.3657226562e+02 1.1903720182e-14 4.5767816564e-15 7.3269385252e-15
2.3681640625e+02 1.1901841735e-14 4.5723933567e-15 7.3294483782e-15
2.3706054688e+02 1.1909213704e-14 4.5751791237e-15 7.3340345802e-15
2.3730468750e+02 1.1874258126e-14 4.5634246297e-15 7.3108334958e-15
2.3754882812e+02 1.1850167567e-14 4.5668889253e-15 7.2832786412e-15
2.3779296875e+02 1.1866908708e-14 4.5539857403e-15 7.3129229675e-15
2.3803710938e+02 1.1917760740e-14 4.5767358984e-15 7.3410248421e-15
2.3828125000e+02 1.1941967436e-14 4.5858270035e-15 7.3561404322e-15
2.3852539062e+02 1.1928455599e-14 4.5729565371e-15 7.3554990620e-15
2.3876953125e+02 1.1891440098e-14 4.5623117621e-15 7.3291283363e-15
2.3901367188e+02 1.1883187456e-14 4.5487142685e-15 7.3344731875e-15
2.3925781250e+02 1.1920011539e-14 4.5801143452e-15 7.3398971934e-15
2.3950195312e+02 1.1906304893e-14 4.5639694904e-15 7.3423354024e-15
2.3974609375e+02 1.1886931339e-14 4.5655592744e-15 7.3213720646e-15
2.3999023438e+02 1.1904485361e-14 4.5852694343e-15 7.3192159270e-15
2.4023437500e+02 1.1922680173e-14 4.5880623977e-15 7.3346177757e-15
2.4047851562e+02 1.1936121363e-14 4.5808118406e-15 7.3553095225e-15
2.4072265625e+02 1.1932571199e-14 4.5874408706e-15 7.3451303287e-15
2.4096679688e+02 1.1905872241e-14 4.5829169035e-15 7.3229553374e-15
2.4121093750e+02 1.1912027962e-14 4.5712760573e-15 7.3407519047e-15
2.4145507812e+02 1.1918516508e-14 4.5803503841e-15 7.3381661242e-15
2.4169921875e+02 1.1898185430e-14 4.5772108686e-15 7.3209745612e-15
2.4194335938e+02 1.1903702164e-14 4.5836417746e-15 7.3200603898e-15
2.4218750000e+02 1.1841198262e-14 4.5554085164e-15 7.2857897459e-15
2.4243164062e+02 1.1874497598e-14 4.5559651137e-15 7.3185324843e-15
2.4267578125e+02 1.1914455851e-14 4.5746075377e-15 7.3398483130e-15
2.4291992188e+02 1.1917477020e-14 4.5649723154e-15 7.3525047044e-15
2.4316406250e+02 1.1926237290e-14 4.5734456563e-15 7.3527916337e-15
2.4340820312e+02 1.1912479961e-14 4.5761909109e-15 7.3362890500e-15
2.4365234375e+02 1.1886045605e-14 4.5642681590e-15 7.3217774458e-15
2.4389648438e+02 1.1886500173e-14 4.5565257025e-15 7.3299744706e-15
2.4414062500e+02 1.1919098319e-14 4.5855011008e-15 7.3335972182e-15
2.4438476562e+02 1.1896219346e-14 4.5755130240e-15 7.3207063216e-15
2.4462890625e+02 1.1900077425e-14 4.5670268162e-15 7.3330506084e-15
2.4487304688e+02 1.1948905141e-14 4.5795347130e-15 7.3693704280e-15
2.4511718750e+02 1.1945934568e-14 4.5823021055e-15 7.3636324623e-15
2.4536132812e+02 1.1934773553e-14 4.5544083601e-15 7.3803651931e-15
2.4560546875e+02 1.1925131625e-14 4.5757816956e-15 7.3493499295e-15
2.4584960938e+02 1.1920164140e-14 4.5677384645e-15 7.3524256755e-15
2.4609375000e+02 1.1895042011e-14 4.5697550477e-15 7.3252869628e-15
2.4633789062e+02 1.1895698708e-14 4.5841012977e-15 7.3115974105e-15
2.4658203125e+02 1.1862844858e-14 4.5654018386e-15 7.2974430190e-15
2.4682617188e+02 1.1874760254e-14 4.5683849844e-15 7.3063752697e-15
2.4707031250e+02 1.1911667392e-14 4.5781332777e-15 7.3335341144e-15
2.4731445312e+02 1.1949335407e-14 4.5912534215e-15 7.3580819859e-15
2.4755859375e+02 1.1968574987e-14 4.5838350135e-15 7.3847399730e-15
2.4780273438e+02 1.1918024353e-14 4.5664306304e-15 7.3515937224e-15
2.4804687500e+02 1.1910956879e-14 4.5762475790e-15 7.3347092997e-15
2.4829101562e+02 1.1923993005e-14 4.5873507223e-15 7.3366422828e-15
2.4853515625e+02 1.1915583945e-14 4.5796417869e-15 7.3359421577e-15
2.4877929688e+02 1.1921747389e-14 4.5856846025e-15 7.3360627866e-15
2.4902343750e+02 1.1927273774e-14 4.5770379844e-15 7.3502357898e-15
2.4926757812e+02 1.1855762470e-14 4.5571906300e-15 7.2985718405e-15
2.4951171875e+02 1.1825564282e-14 4.5449766365e-15 7.2805876451e-15
2.4975585938e+02 1.1876372247e-14 4.5716167801e-15 7.3047554670e-15
2.5000000000e+02 1.1886288251e-14 4.5896248337e-15 7.2966634177e-15
2.5024414062e+02 1.1866578775e-14 4.5713006068e-15 7.2952781681e-15
2.5048828125e+02 1.1847130222e-14 4.5565949671e-15 7.2905352545e-15
2.5073242188e+02 1.1892398129e-14 4.5663721667e-15 7.3260259627e-15
2.5097656250e+02 1.1898634816e-14 4.5774583820e-15 7.3211764344e-15
2.5122070312e+02 1.1917391563e-14 4.5908854357e-15 7.3265061276e-15
2.5146484375e+02 1.1936678816e-14 4.6024556024e-15 7.3342232136e-15
2.5170898438e+02 1.1904425060e-14 4.5866726562e-15 7.3177524034e-15
2.5195312500e+02 1.1905922451e-14 4.5620329169e-15 7.3438895344e-15
2.5219726562e+02 1.1925743734e-14 4.5699162231e-15 7.3558275113e-15
2.5244140625e+02 1.1933350987e-14 4.5960108116e-15 7.3373401757e-15
2.5268554688e+02 1.1908731372e-14 4.5742026097e-15 7.3345287622e-15
2.5292968750e+02 1.1876677184e-14 4.5609860558e-15 7.3156911286e-15
2.5317382812e+02 1.1911306353e-14 4.5763020668e-15 7.3350042863e-15
2.5341796875e+02 1.1907208117e-14 4.5680336089e-15 7.3391745079e-15
2.5366210938e+02 1.1898495256e-14 4.5616598344e-15 7.3368354218e-15
2.5390625000e+02 1.1898693482e-14 4.5613353290e-15 7.3373581528e-15
2.5415039062e+02 1.1904326822e-14 4.5541517154e-15 7.3501751068e-15
2.5439453125e+02 1.1910874175e-14 4.5636377427e-15 7.3472364328e-15
2.5463867188e+02 1.1907739285e-14 4.5687487709e-15 7.3389905139e-15
2.5488281250e+02 1.1918726286e-14 4.5936958559e-15 7.3250304303e-15
2.5512695312e+02 1.1926974478e-14 4.5740663050e-15 7.3529081729e-15
2.5537109375e+02 1.1945431608e-14 4.5698807966e-15 7.3755508109e-15
2.5561523438e+02 1.1924032375e-14 4.5617838895e-15 7.3622484855e-15
2.5585937500e+02 1.1895551019e-14 4.5658675267e-15 7.3296834921e-15
2.5610351562e+02 1.1883299724e-14 4.5707875965e-15 7.3125121274e-15
2.5634765625e+02 1.1916910334e-14 4.5785404177e-15 7.3383699167e-15
2.5659179688e+02 1.1882725353e-14 4.5684261578e-15 7.3142991954e-15
2.5683593750e+02 1.1877762032e-14 4.5638227233e-15 7.3139393086e-15
2.5708007812e+02 1.1911204637e-14 4.5775241405e-15 7.3336804966e-15
2.5732421875e+02 1.1937294985e-14 4.5836348965e-15 7.3536600887e-15
2.5756835938e+02 1.1906003569e-14 4.5716070073e-15 7.3343965617e-15
2.5781250000e+02 1.1911868823e-14 4.5748083913e-15 7.3370604314e-15
2.5805664062e+02 1.1904674550e-14 4.5689242303e-15 7.3357503202e-15
2.5830078125e+02 1.1910055272e-14 4.5552068719e-15 7.3548484003e-15
2.5854492188e+02 1.1880642869e-14 4.5471407070e-15 7.3335021619e-15
2.5878906250e+02 1.1892177841e-14 4.5570212245e-15 7.3351566165e-15
2.5903320312e+02 1.1903601637e-14 4.5607761900e-15 7.3428254470e-15
2.5927734375e+02 1.1948808188e-14 4.5931598586e-15 7.3556483289e-15
2.5952148438e+02 1.1940315034e-14 4.5896475385e-15 7.3506674956e-15
2.5976562500e+02 1.1915231920e-14 4.5800362898e-15 7.3351956304e-15
2.6000976562e+02 1.1888078691e-14 4.5780117980e-15 7.3100668929e-15
2.6025390625e+02 1.1896207888e-14 4.5652848897e-15 7.3309229985e-15
2.6049804688e+02 1.1927563724e-14 4.5669860591e-15 7.3605776653e-15
2.6074218750e+02 1.1909654569e-14 4.5704531413e-15 7.3392014274e-15
2.6098632812e+02 1.1901661186e-14 4.5732408042e-15 7.3284203820e-15
2.6123046875e+02 1.1936363862e-14 4.5750481606e-15 7.3613157016e-15
2.6147460938e+02 1.1935588699e-14 4.5645975595e-15 7.3709911395e-15
2.6171875000e+02 1.1913534832e-14 4.5656074006e-15 7.3479274313e-15
2.6196289062e+02 1.1876598148e-14 4.5568212008e-15 7.3197769473e-15
2.6220703125e+02 1.1866926653e-14 4.5609842646e-15 7.3059423885e-15
2.6245117188e+02 1.1865646988e-14 4.5544483857e-15 7.3111986023e-15
2.6269531250e+02 1.1873304197e-14 4.5522110507e-15 7.3210931468e-15
2.6293945312e+02 1.1901549028e-14 4.5607263990e-15 7.3408226289e-15
2.6318359375e+02 1.1906383682e-14 4.5626519205e-15 7.3437317613e-15
2.6342773438e+02 1.1910109643e-14 4.5781795075e-15 7.3319301359e-15
2.6367187500e+02 1.1882964929e-14 4.5715564596e-15 7.3114084690e-15
2.6391601562e+02 1.1895717530e-14 4.5742524411e-15 7.3214650890e-15
2.6416015625e+02 1.1891592823e-14 4.5638908553e-15 7.3277019675e-15
2.6440429688e+02 1.1902983816e-14 4.5620203948e-15 7.3409634210e-15
2.6464843750e+02 1.1921430397e-14 4.5849179935e-15 7.3365124039e-15
2.6489257812e+02 1.1876461659e-14 4.5850409395e-15 7.2914207192e-15
2.6513671875e+02 1.1914773130e-14 4.5846417731e-15 7.3301313570e-15
2.6538085938e+02 1.1930490743e-14 4.5882135194e-15 7.3422772235e-15
2.6562500000e+02 1.1889593900e-14 4.5802579704e-15 7.3093359298e-15
2.6586914062e+02 1.1920004464e-14 4.5934938978e-15 7.3265105657e-15
2.6611328125e+02 1.1934320511e-14 4.5959868493e-15 7.3383336615e-15
2.6635742188e+02 1.1923120759e-14 4.5843600989e-15 7.3387606605e-15
2.6660156250e+02 1.1909546605e-14 4.5639313436e-15 7.3456152613e-15
2.6684570312e+02 1.1913047571e-14 4.5566544735e-15 7.3563930977e-15
2.6708984375e+02 1.1905095173e-14 4.5803542924e-15 7.3247408807e-15
2.6733398438e+02 1.1921612768e-14 4.5765007360e-15 7.3451120319e-15
2.6757812500e+02 1.1938287081e-14 4.5814240516e-15 7.3568630296e-15
2.6782226562e+02 1.1931116474e-14 4.5830020641e-15 7.3481144095e-15
2.6806640625e+02 1.1912328167e-14 4.5761872543e-15 7.3361409131e-15
2.6831054688e+02 1.1906925841e-14 4.5954873043e-15 7.3114385368e-15
2.6855468750e+02 1.1868204035e-14 4.5747823169e-15 7.2934217177e-15
2.6879882812e+02 1.1870056644e-14 4.5510299685e-15 7.3190266753e-15
2.6904296875e+02 1.1882871403e-14 4.5583386763e-15 7.3245327265e-15
2.6928710938e+02 1.1932785165e-14 4.5688597763e-15 7.3639253885e-15
2.6953125000e+02 1.1923353398e-14 4.5680057868e-15 7.3553476117e-15
2.6977539062e+02 1.1886902444e-14 4.5551569753e-15 7.3317454686e-15
2.7001953125e+02 1.1896368983e-14 4.5716542168e-15 7.3247147664e-15
2.7026367188e+02 1.1898975268e-14 4.5768828870e-15 7.3220923805e-15
2.7050781250e+02 1.1858176770e-14 4.5729951765e-15 7.2851815936e-15
2.7075195312e+02 1.1903750348e-14 4.5746220456e-15 7.3291283023e-15
2.7099609375e+02 1.1911271083e-14 4.5676865720e-15 7.3435845114e-15
2.7124023438e+02 1.1882450036e-14 4.5727106139e-15 7.3097394223e-15
2.7148437500e+02 1.1890026882e-14 4.5673624034e-15 7.3226644788e-15
2.7172851562e+02 1.1878324418e-14 4.5633752893e-15 7.3149491289e-15
2.7197265625e+02 1.1912163001e-14 4.5696464565e-15 7.3425165447e-15
2.7221679688e+02 1.1918098162e-14 4.5637108296e-15 7.3543873324e-15
2.7246093750e+02 1.1916070151e-14 4.5760706983e-15 7.3399994525e-15
2.7270507812e+02 1.1879750469e-14 4.5861773420e-15 7.2935731268e-15
2.7294921875e+02 1.1910129990e-14 4.5779525190e-15 7.3321774711e-15
2.7319335938e+02 1.1913053335e-14 4.5798019422e-15 7.3332513931e-15
2.7343750000e+02 1.1895467172e-14 4.5681433937e-15 7.3273237783e-15
2.7368164062e+02 1.1896466037e-14 4.5709023652e-15 7.3255636722e-15
2.7392578125e+02 1.1863750837e-14 4.5654707622e-15 7.2982800752e-15
2.7416992188e+02 1.1869644306e-14 4.5678748812e-15 7.3017694250e-15
2.7441406250e+02 1.1908687363e-14 4.5740609809e-15 7.3346263825e-15
2.7465820312e+02 1.1921126016e-14 4.5686852108e-15 7.3524408055e-15
2.7490234375e+02 1.1891431652e-14 4.5668541456e-15 7.3245775062e-15
2.7514648438e+02 1.1920360165e-14 4.5823122033e-15 7.3380479622e-15
2.7539062500e+02 1.1927488857e-14 4.5813008845e-15 7.3461879724e-15
2.7563476562e+02 1.1896080885e-14 4.5635909956e-15 7.3324898894e-15
2.7587890625e+02 1.1918570781e-14 4.5584866144e-15 7.3600841668e-15
2.7612304688e+02 1.1943770157e-14 4.5798121007e-15 7.3639580566e-15
2.7636718750e+02 1.1905646601e-14 4.5807964099e-15 7.3248501907e-15
2.7661132812e+02 1.1890957423e-14 4.5658263730e-15 7.3251310500e-15
2.7685546875e+02 1.1889003271e-14 4.5625138133e-15 7.3264894581e-15
2.7709960938e+02 1.1915314278e-14 4.5742171271e-15 7.3410971508e-15
2.7734375000e+02 1.1917626924e-14 4.5784599402e-15 7.3391669841e-15
2.7758789062e+02 1.1867507865e-14 4.5703218293e-15 7.2971860360e-15
2.7783203125e+02 1.1824785502e-14 4.5679958213e-15 7.2567896803e-15
2.7807617188e+02 1.1885077792e-14 4.5734586024e-15 7.3116191897e-15
2.7832031250e+02 1.1898562780e-14 4.5753933950e-15 7.3231693847e-15
2.7856445312e+02 1.1868876202e-14 4.5780099779e-15 7.2908662244e-15
2.7880859375e+02 1.1865294488e-14 4.5810784444e-15 7.2842160431e-15
2.7905273438e+02 1.1863057664e-14 4.5732066280e-15 7.2898510359e-15
2.7929687500e+02 1.1914993896e-14 4.5676689532e-15 7.3473249429e-15
2.7954101562e+02 1.1919172657e-14 4.5766135653e-15 7.3425590921e-15
2.7978515625e+02 1.1925664412e-14 4.5695838885e-15 7.3560805232e-15
2.8002929688e+02 1.1908484625e-14 4.5649948690e-15 7.3434897560e-15
2.8027343750e+02 1.1900538955e-14 4.5844548084e-15 7.3160841462e-15
2.8051757812e+02 1.1914724495e-14 4.5909313780e-15 7.3237931168e-15
2.8076171875e+02 1.1918825937e-14 4.5956477641e-15 7.3231781728e-15
2.8100585938e+02 1.1887941596e-14 4.5690951117e-15 7.3188464841e-15
2.8125000000e+02 1.1942066925e-14 4.5687613530e-15 7.3733055719e-15
2.8149414062e+02 1.1952448316e-14 4.5822233458e-15 7.3702249700e-15
2.8173828125e+02 1.1917327715e-14 4.5917817650e-15 7.3255459503e-15
2.8198242188e+02 1.1898929902e-14 4.5833131535e-15 7.3156167487e-15
2.8222656250e+02 1.1925951314e-14 4.5754584822e-15 7.3504928318e-15
2.8247070312e+02 1.1914934211e-14 4.5631807089e-15 7.3517535022e-15
2.8271484375e+02 1.1898227625e-14 4.5669400524e-15 7.3312875722e-15
2.8295898438e+02 1.1882223433e-14 4.5778530379e-15 7.3043703954e-15
2.8320312500e+02 1.1894230371e-14 4.5678930633e-15 7.3263373077e-15
2.8344726562e+02 1.1912328533e-14 4.5793169444e-15 7.3330115886e-15
2.8369140625e+02 1.1934784482e-14 4.6003680628e-15 7.3344164190e-15
2.8393554688e+02 1.1916406896e-14 4.6065269604e-15 7.3098799358e-15
2.8417968750e+02 1.1860606406e-14 4.5843549997e-15 7.2762514060e-15
2.8442382812e+02 1.1850907577e-14 4.5674393871e-15 7.2834681902e-15
2.8466796875e+02 1.1887357097e-14 4.5715893124e-15 7.3157677845e-15
2.8491210938e+02 1.1886501563e-14 4.5682549466e-15 7.3182466162e-15
2.8515625000e+02 1.1877777377e-14 4.5778867340e-15 7.2998906428e-15
2.8540039062e+02 1.1874121053e-14 4.5796586886e-15 7.2944623640e-15
2.8564453125e+02 1.1904737063e-14 4.5866339812e-15 7.3181030820e-15
2.8588867188e+02 1.1895791680e-14 4.5919847255e-15 7.3038069546e-15
2.8613281250e+02 1.1869585128e-14 4.5806340144e-15 7.2889511141e-15
2.8637695312e+02 1.1860097153e-14 4.5761767028e-15 7.2839204506e-15
2.8662109375e+02 1.1873624529e-14 4.5724225488e-15 7.3012019798e-15
2.8686523438e+02 1.1888964125e-14 4.5666556103e-15 7.3223085150e-15
2.8710937500e+02 1.1905270128e-14 4.5836405138e-15 7.3216296142e-15
2.8735351562e+02 1.1912798548e-14 4.5952380339e-15 7.3175605142e-15
2.8759765625e+02 1.1895952217e-14 4.5836450849e-15 7.3123071321e-15
2.8784179688e+02 1.1857959515e-14 4.5732989816e-15 7.2846605333e-15
2.8808593750e+02 1.1870151298e-14 4.5858845906e-15 7.2842667074e-15
2.8833007812e+02 1.1898182385e-14 4.5882064904e-15 7.3099758943e-15
2.8857421875e+02 1.1881491552e-14 4.5726309828e-15 7.3088605689e-15
2.8881835938e+02 1.1884355349e-14 4.5730244286e-15 7.3113309200e-15
2.8906250000e+02 1.1913024782e-14 4.5723595728e-15 7.3406652092e-15
2.8930664062e+02 1.1886624799e-14 4.5673727453e-15 7.3192520535e-15
2.8955078125e+02 1.1876886684e-14 4.5797009549e-15 7.2971857293e-15
2.8979492188e+02 1.1911582236e-14 4.5955321567e-15 7.3160500792e-15
2.9003906250e+02 1.1898789706e-14 4.5782056714e-15 7.3205840346e-15
2.9028320312e+02 1.1889006066e-14 4.5746926644e-15 7.3143134020e-15
2.9052734375e+02 1.1892285359e-14 4.5746542566e-15 7.3176311025e-15
2.9077148438e+02 1.1884368477e-14 4.5850164977e-15 7.2993519789e-15
2.9101562500e+02 1.1868290780e-14 4.5831553673e-15 7.2851354123e-15
2.9125976562e+02 1.1939760690e-14 4.5887658669e-15 7.3509948228e-15
2.9150390625e+02 1.1948545434e-14 4.5876180492e-15 7.3609273851e-15
2.9174804688e+02 1.1925675926e-14 4.5754100358e-15 7.3502658899e-15
2.9199218750e+02 1.1927542073e-14 4.5664662318e-15 7.3610758416e-15
2.9223632812e+02 1.1904234011e-14 4.5690064878e-15 7.3352275234e-15
2.9248046875e+02 1.1949497440e-14 4.5784123092e-15 7.3710851308e-15
2.9272460938e+02 1.1929362642e-14 4.5833965924e-15 7.3459660497e-15
2.9296875000e+02 1.1899357610e-14 4.5633937345e-15 7.3359638757e-15
2.9321289062e+02 1.1880020403e-14 4.5644183944e-15 7.3156020085e-15
2.9345703125e+02 1.1892597244e-14 4.5682447858e-15 7.3243524586e-15
2.9370117188e+02 1.1884459379e-14 4.5792363713e-15 7.3052230075e-15
2.9394531250e+02 1.1874211138e-14 4.5799183921e-15 7.2942927459e-15
2.9418945312e+02 1.1877397165e-14 4.5686720095e-15 7.3087251557e-15
2.9443359375e+02 1.1918079480e-14 4.5798926055e-15 7.3381868748e-15
2.9467773438e+02 1.1887742208e-14 4.5608851937e-15 7.3268570141e-15
2.9492187500e+02 1.1881368186e-14 4.5529470578e-15 7.3284211283e-15
2.9516601562e+02 1.1898905525e-14 4.5703892809e-15 7.3285162441e-15
2.9541015625e+02 1.1907636133e-14 4.5712114497e-15 7.3364246834e-15
2.9565429688e+02 1.1939462461e-14 4.5936990501e-15 7.3457634107e-15
2.9589843750e+02 1.1926794264e-14 4.5880872355e-15 7.3387070285e-15
2.9614257812e+02 1.1900931292e-14 4.5675075714e-15 7.3334237202e-15
2.9638671875e+02 1.1915825526e-14 4.5646421095e-15 7.3511834161e-15
2.9663085938e+02 1.1901318167e-14 4.5683339414e-15 7.3329842254e-15
2.9687500000e+02 1.1933818681e-14 4.5707535959e-15 7.3630650848e-15
2.9711914062e+02 1.1947680199e-14 4.5822238018e-15 7.3654563973e-15
2.9736328125e+02 1.1952405956e-14 4.5920732389e-15 7.3603327171e-15
2.9760742188e+02 1.1934876794e-14 4.5955180929e-15 7.3393587016e-15
2.9785156250e+02 1.1891953052e-14 4.5824965509e-15 7.3094565008e-15
2.9809570312e+02 1.1867134298e-14 4.5755293609e-15 7.2916049369e-15
2.9833984375e+02 1.1830954384e-14 4.5544712819e-15 7.2764831020e-15
2.9858398438e+02 1.1866182529e-14 4.5584328563e-15 7.3077496729e-15
2.9882812500e+02 1.1934836996e-14 4.5745411873e-15 7.3602958088e-15
2.9907226562e+02 1.1920063407e-14 4.5892054449e-15 7.3308579623e-15
2.9931640625e+02 1.1922598474e-14 4.5840884865e-15 7.3385099875e-15
2.9956054688e+02 1.1939664301e-14 4.5702748749e-15 7.3693894262e-15
2.9980468750e+02 1.1924887555e-14 4.5604767362e-15 7.3644108186e-15
3.0004882812e+02 1.1907652394e-14 4.5621267047e-15 7.3455256892e-15
3.0029296875e+02 1.1924911235e-14 4.5763298993e-15 7.3485813361e-15
3.0053710938e+02 1.1908686300e-14 4.5679177077e-15 7.3407685921e-15
3.0078125000e+02 1.1934738824e-14 4.5529529339e-15 7.3817858903e-15
3.0102539062e+02 1.1936028489e-14 4.5641332839e-15 7.3718952052e-15
3.0126953125e+02 1.1907964593e-14 4.5876013601e-15 7.3203632327e-15
3.0151367188e+02 1.1896970922e-14 4.5840063396e-15 7.3129645826e-15
3.0175781250e+02 1.1866229575e-14 4.5691743043e-15 7.2970552708e-15
3.0200195312e+02 1.1870841724e-14 4.5640040917e-15 7.3068376323e-15
3.0224609375e+02 1.1910812601e-14 4.5881644083e-15 7.3226481929e-15
3.0249023438e+02 1.1890870569e-14 4.5937314726e-15 7.2971390959e-15
3.0273437500e+02 1.1880058493e-14 4.5666696996e-15 7.3133887932e-15
3.0297851562e+02 1.1914959813e-14 4.5697442814e-15 7.3452155316e-15
3.0322265625e+02 1.1882284384e-14 4.5804827085e-15 7.3018016759e-15
3.0346679688e+02 1.1864604420e-14 4.5700177685e-15 7.2945866516e-15
3.0371093750e+02 1.1907246071e-14 4.5665360607e-15 7.3407100098e-15
3.0395507812e+02 1.1929311636e-14 4.5851260991e-15 7.3441855373e-15
3.0419921875e+02 1.1911760992e-14 4.5823501389e-15 7.3294108534e-15
3.0444335938e+02 1.1898576496e-14 4.5764346026e-15 7.3221418935e-15
3.0468750000e+02 1.1897010641e-14 4.5712199823e-15 7.3257906591e-15
3.0493164062e+02 1.1932589403e-14 4.5801615956e-15 7.3524278069e-15
3.0517578125e+02 1.1891338525e-14 4.5688457174e-15 7.3224928072e-15
3.0541992188e+02 1.1885931927e-14 4.5560050111e-15 7.3299269161e-15
3.0566406250e+02 1.1868530593e-14 4.5674859872e-15 7.3010446053e-15
3.0590820312e+02 1.1899430207e-14 4.5789227921e-15 7.3205074153e-15
3.0615234375e+02 1.1930682427e-14 4.5765127527e-15 7.3541696747e-15
3.0639648438e+02 1.1913324362e-14 4.5795991016e-15 7.3337252604e-15
3.0664062500e+02 1.1886381721e-14 4.5819129043e-15 7.3044688170e-15
3.0688476562e+02 1.1929014848e-14 4.5777296245e-15 7.3512852235e-15
3.0712890625e+02 1.1917307863e-14 4.5619765250e-15 7.3553313381e-15
3.0737304688e+02 1.1912333141e-14 4.5700885168e-15 7.3422446243e-15
3.0761718750e+02 1.1910891596e-14 4.5662839126e-15 7.3446076832e-15
3.0786132812e+02 1.1932094631e-14 4.5669860430e-15 7.3651085879e-15
3.0810546875e+02 1.1954189608e-14 4.5717750018e-15 7.3824146061e-15
3.0834960938e+02 1.1921441633e-14 4.5736268333e-15 7.3478147993e-15
3.0859375000e+02 1.1891955960e-14 4.5631520177e-15 7.3288039427e-15
3.0883789062e+02 1.1939964794e-14 4.5704530035e-15 7.3695117909e-15
3.0908203125e+02 1.1949805013e-14 4.5922476546e-15 7.3575573582e-15
3.0932617188e+02 1.1920796765e-14 4.5849989143e-15 7.3357978505e-15
3.0957031250e+02 1.1884387773e-14 4.5683893628e-15 7.3159984104e-15
3.0981445312e+02 1.1902745050e-14 4.5667636082e-15 7.3359814416e-15
3.1005859375e+02 1.1868807664e-14 4.5430299347e-15 7.3257777296e-15
3.1030273438e+02 1.1876204703e-14 4.5390336633e-15 7.3371710399e-15
3.1054687500e+02 1.1902248541e-14 4.5483601144e-15 7.3538884262e-15
3.1079101562e+02 1.1875254785e-14 4.5542951222e-15 7.3209596627e-15
3.1103515625e+02 1.1906090535e-14 4.5794404354e-15 7.3266500993e-15
3.1127929688e+02 1.1940547617e-14 4.5794953559e-15 7.3610522615e-15
3.1152343750e+02 1.1920557177e-14 4.5698488766e-15 7.3507083007e-15
3.1176757812e+02 1.1940698755e-14 4.5559993424e-15 7.3846994128e-15
3.1201171875e+02 1.1928847230e-14 4.5643187173e-15 7.3645285129e-15
3.1225585938e+02 1.1913096125e-14 4.5834129932e-15 7.3296831314e-15
3.1250000000e+02 1.1897775713e-14 4.5622962030e-15 7.3354795099e-15
3.1274414062e+02 1.1893989153e-14 4.5556011853e-15 7.3383879679e-15
3.1298828125e+02 1.1897196602e-14 4.5556315859e-15 7.3415650157e-15
3.1323242188e+02 1.1911885708e-14 4.5566824088e-15 7.3552032988e-15
3.1347656250e+02 1.1891339723e-14 4.5463181580e-15 7.3450215646e-15
3.1372070312e+02 1.1883676531e-14 4.5529112151e-15 7.3307653157e-15
3.1396484375e+02 1.1873951607e-14 4.5515910057e-15 7.3223606010e-15
3.1420898438e+02 1.1878384766e-14 4.5701347318e-15 7.3082500344e-15
3.1445312500e+02 1.1896278017e-14 4.5653469682e-15 7.3309310492e-15
3.1469726562e+02 1.1879525729e-14 4.5568255087e-15 7.3227002200e-15
3.1494140625e+02 1.1880075029e-14 4.5455606779e-15 7.3345143516e-15
3.1518554688e+02 1.1897128813e-14 4.5632117440e-15 7.3339170692e-15
3.1542968750e+02 1.1909024991e-14 4.5469514381e-15 7.3620735526e-15
3.1567382812e+02 1.1900046803e-14 4.5664659605e-15 7.3335808427e-15
3.1591796875e+02 1.1904499563e-14 4.5822215708e-15 7.3222779919e-15
3.1616210938e+02 1.1937727925e-14 4.5815790824e-15 7.3561488427e-15
3.1640625000e+02 1.1906989459e-14 4.5613010238e-15 7.3456884356e-15
3.1665039062e+02 1.1927181912e-14 4.5684468847e-15 7.3587350271e-15
3.1689453125e+02 1.1912321984e-14 4.5663353128e-15 7.3459866714e-15
3.1713867188e+02 1.1913060980e-14 4.5527224990e-15 7.3603384813e-15
3.1738281250e+02 1.1887410354e-14 4.5447916496e-15 7.3426187043e-15
3.1762695312e+02 1.1905645632e-14 4.5561765839e-15 7.3494690483e-15
3.1787109375e+02 1.1947965147e-14 4.5727435650e-15 7.3752215820e-15
3.1811523438e+02 1.1938862833e-14 4.5723688387e-15 7.3664939946e-15
3.1835937500e+02 1.1921025570e-14 4.5788544110e-15 7.3421711585e-15
3.1860351562e+02 1.1938962132e-14 4.5845796336e-15 7.3543824979e-15
3.1884765625e+02 1.1939721830e-14 4.5865768938e-15 7.3531449358e-15
3.1909179688e+02 1.1923249817e-14 4.5682014075e-15 7.3550484095e-15
3.1933593750e+02 1.1922304894e-14 4.5677678202e-15 7.3545370738e-15
3.1958007812e+02 1.1945409633e-14 4.5853819752e-15 7.3600276583e-15
3.1982421875e+02 1.1912734360e-14 4.5871381399e-15 7.3255962196e-15
3.2006835938e+02 1.1874249895e-14 4.5640920359e-15 7.3101578587e-15
3.2031250000e+02 1.1874803120e-14 4.5659334964e-15 7.3088696234e-15
3.2055664062e+02 1.1872873396e-14 4.5643362624e-15 7.3085371337e-15
3.2080078125e+02 1.1895320968e-14 4.5698737584e-15 7.3254472096e-15
3.2104492188e+02 1.1909983160e-14 4.5715993076e-15 7.3383838528e-15
3.2128906250e+02 1.1946608868e-14 4.5936127432e-15 7.3529961246e-15
3.2153320312e+02 1.1905606487e-14 4.5891176372e-15 7.3164888495e-15
3.2177734375e+02 1.1917964546e-14 4.5805779910e-15 7.3373865548e-15
3.2202148438e+02 1.1909909647e-14 4.5727296287e-15 7.3371800185e-15
3.2226562500e+02 1.1907692906e-14 4.5798233867e-15 7.3278695189e-15
3.2250976562e+02 1.1889445598e-14 4.5669540791e-15 7.3224915185e-15
3.2275390625e+02 1.1915802219e-14 4.5847867305e-15 7.3310154881e-15
3.2299804688e+02 1.1882004217e-14 4.5699282775e-15 7.3120759394e-15
3.2324218750e+02 1.1862183788e-14 4.5556496908e-15 7.3065340973e-15
3.2348632812e+02 1.1856841764e-14 4.5451739693e-15 7.3116677947e-15
3.2373046875e+02 1.1873491680e-14 4.5550522630e-15 7.3184394169e-15
3.2397460938e+02 1.1916094789e-14 4.5698310399e-15 7.3462637494e-15
3.2421875000e+02 1.1934223264e-14 4.5675416247e-15 7.3666816398e-15
3.2446289062e+02 1.1898719025e-14 4.5631345948e-15 7.3355844300e-15
3.2470703125e+02 1.1901793666e-14 4.5618142552e-15 7.3399794113e-15
3.2495117188e+02 1.1920137361e-14 4.5613047149e-15 7.3588326466e-15
3.2519531250e+02 1.1922484889e-14 4.5748990857e-15 7.3475858029e-15
3.2543945312e+02 1.1872842810e-14 4.5536942121e-15 7.3191485981e-15
3.2568359375e+02 1.1878694411e-14 4.5616497572e-15 7.3170446534e-15
3.2592773438e+02 1.1926151006e-14 4.5775969072e-15 7.3485540985e-15
3.2617187500e+02 1.1889543919e-14 4.5626448382e-15 7.3268990805e-15
3.2641601562e+02 1.1860518445e-14 4.5647259725e-15 7.2957924725e-15
3.2666015625e+02 1.1860800011e-14 4.5633971288e-15 7.2974028825e-15
3.2690429688e+02 1.1866633932e-14 4.5563481575e-15 7.3102857745e-15
3.2714843750e+02 1.1882229806e-14 4.5642958798e-15 7.3179339263e-15
3.2739257812e+02 1.1867782288e-14 4.5540931567e-15 7.3136891309e-15
3.2763671875e+02 1.1878948773e-14 4.5662929029e-15 7.3126558703e-15
3.2788085938e+02 1.1911103832e-14 4.5795111269e-15 7.3315927054e-15
3.2812500000e+02 1.1898751714e-14 4.5751781514e-15 7.3235735630e-15
3.2836914062e+02 1.1885185946e-14 4.5715284439e-15 7.3136575023e-15
3.2861328125e+02 1.1888785067e-14 4.5637068864e-15 7.3250781805e-15
3.2885742188e+02 1.1876470245e-14 4.5675702952e-15 7.3088999502e-15
3.2910156250e+02 1.1928633745e-14 4.5821007875e-15 7.3465329575e-15
3.2934570312e+02 1.1902866044e-14 4.5714649768e-15 7.3314010674e-15
3.2958984375e+02 1.1901512607e-14 4.5795262048e-15 7.3219864024e-15
3.2983398438e+02 1.1926710983e-14 4.5770840744e-15 7.3496269091e-15
3.3007812500e+02 1.1904462581e-14 4.5712441542e-15 7.3332184266e-15
3.3032226562e+02 1.1897789113e-14 4.5691564629e-15 7.3286326503e-15
3.3056640625e+02 1.1902654523e-14 4.5683446958e-15 7.3343098277e-15
3.3081054688e+02 1.1881792284e-14 4.5637346396e-15 7.3180576446e-15
3.3105468750e+02 1.1922650522e-14 4.5758741551e-15 7.3467763664e-15
3.3129882812e+02 1.1901528094e-14 4.5761830412e-15 7.3253450524e-15
3.3154296875e+02 1.1896281861e-14 4.5698560676e-15 7.3264257936e-15
3.3178710938e+02 1.1887388309e-14 4.5724047735e-15 7.3149835358e-15
3.3203125000e+02 1.1888327541e-14 4.5686783821e-15 7.3196491586e-15
3.3227539062e+02 1.1899492436e-14 4.5740098168e-15 7.3254826192e-15
3.3251953125e+02 1.1891327049e-14 4.5750176339e-15 7.3163094147e-15
3.3276367188e+02 1.1912148769e-14 4.5639529266e-15 7.3481958428e-15
3.3300781250e+02 1.1948518503e-14 4.5692395686e-15 7.3792789347e-15
3.3325195312e+02 1.1939632846e-14 4.5900175920e-15 7.3496152536e-15
3.3349609375e+02 1.1923802401e-14 4.5993755644e-15 7.3244268363e-15
3.3374023438e+02 1.1919104021e-14 4.5653692448e-15 7.3537347761e-15
3.3398437500e+02 1.1931188170e-14 4.5625533024e-15 7.3686348672e-15
3.3422851562e+02 1.1915550793e-14 4.5744067809e-15 7.3411440118e-15
3.3447265625e+02 1.1915123711e-14 4.5772912845e-15 7.3378324265e-15
3.3471679688e+02 1.1966903919e-14 4.5821912225e-15 7.3847126963e-15
3.3496093750e+02 1.1919874653e-14 4.5586259991e-15 7.3612486543e-15
3.3520507812e+02 1.1895857348e-14 4.5621318374e-15 7.3337255102e-15
3.3544921875e+02 1.1905252995e-14 4.5851696389e-15 7.3200833560e-15
3.3569335938e+02 1.1904376177e-14 4.5927038884e-15 7.3116722885e-15
3.3593750000e+02 1.1926249063e-14 4.5847038182e-15 7.3415452447e-15
3.3618164062e+02 1.1922498038e-14 4.5643141811e-15 7.3581838568e-15
3.3642578125e+02 1.1895448431e-14 4.5636762834e-15 7.3317721475e-15
3.3666992188e+02 1.1911459430e-14 4.5786743494e-15 7.3327850808e-15
3.3691406250e+02 1.1926556707e-14 4.5796445568e-15 7.3469121497e-15
3.3715820312e+02 1.1934080100e-14 4.5792095116e-15 7.3548705884e-15
3.3740234375e+02 1.1915145768e-14 4.5729226149e-15 7.3422231530e-15
3.3764648438e+02 1.1935332231e-14 4.5876012426e-15 7.3477309886e-15
3.3789062500e+02 1.1916013305e-14 4.5877610106e-15 7.3282522948e-15
3.3813476562e+02 1.1897995252e-14 4.5809116489e-15 7.3170836035e-15
3.3837890625e+02 1.1890660987e-14 4.5748646457e-15 7.3157963416e-15
3.3862304688e+02 1.1880268666e-14 4.5623073384e-15 7.3179613275e-15
3.3886718750e+02 1.1866289141e-14 4.5574169071e-15 7.3088722343e-15
3.3911132812e+02 1.1905288968e-14 4.5736658212e-15 7.3316231466e-15
3.3935546875e+02 1.1923720561e-14 4.5729112521e-15 7.3508093090e-15
3.3959960938e+02 1.1920980982e-14 4.5685596756e-15 7.3524213067e-15
3.3984375000e+02 1.1890408457e-14 4.5673292132e-15 7.3230792441e-15
3.4008789062e+02 1.1941132991e-14 4.5876631600e-15 7.3534698307e-15
3.4033203125e+02 1.1944870278e-14 4.5916671756e-15 7.3532031024e-15
3.4057617188e+02 1.1894761342e-14 4.5908803688e-15 7.3038809729e-15
3.4082031250e+02 1.1887438475e-14 4.5838092381e-15 7.3036292372e-15
3.4106445312e+02 1.1879893742e-14 4.5615837665e-15 7.3183099755e-15
3.4130859375e+02 1.1883142179e-14 4.5736168914e-15 7.3095252878e-15
3.4155273438e+02 1.1910460211e-14 4.5804313098e-15 7.3300289012e-15
3.4179687500e+02 1.1912448434e-14 4.5853035126e-15 7.3271449218e-15
3.4204101562e+02 1.1879714364e-14 4.5620236484e-15 7.3176907160e-15
3.4228515625e+02 1.1886464433e-14 4.5524300361e-15 7.3340343972e-15
3.4252929688e+02 1.1872873542e-14 4.5700805272e-15 7.3027930148e-15
3.4277343750e+02 1.1864507343e-14 4.5765090915e-15 7.2879982512e-15
3.4301757812e+02 1.1909598302e-14 4.5836534429e-15 7.3259448587e-15
3.4326171875e+02 1.1900489880e-14 4.5807870046e-15 7.3197028756e-15
3.4350585938e+02 1.1904430501e-14 4.5715541845e-15 7.3328763165e-15
3.4375000000e+02 1.1900485405e-14 4.5727857366e-15 7.3276996685e-15
3.4399414062e+02 1.1902855940e-14 4.5771945794e-15 7.3256613601e-15
3.4423828125e+02 1.1899557269e-14 4.5973758558e-15 7.3021814134e-15
3.4448242188e+02 1.1904397859e-14 4.5913882657e-15 7.3130095937e-15
3.4472656250e+02 1.1884890049e-14 4.5652601609e-15 7.3196298881e-15
3.4497070312e+02 1.1878626179e-14 4.5594719794e-15 7.3191542000e-15
3.4521484375e+02 1.1897115927e-14 4.5619074765e-15 7.3352084506e-15
3.4545898438e+02 1.1906475389e-14 4.5635755777e-15 7.3428998117e-15
3.4570312500e+02 1.1898735142e-14 4.5734789918e-15 7.3252561503e-15
3.4594726562e+02 1.1875200994e-14 4.5634463155e-15 7.3117546781e-15
3.4619140625e+02 1.1894418983e-14 4.5695737752e-15 7.3248452076e-15
3.4643554688e+02 1.1917152537e-14 4.5823564597e-15 7.3347960773e-15
3.4667968750e+02 1.1901352377e-14 4.5857585274e-15 7.3155938499e-15
3.4692382812e+02 1.1910840292e-14 4.5763434911e-15 7.3344968006e-15
3.4716796875e+02 1.1919184503e-14 4.5793037100e-15 7.3398807928e-15
3.4741210938e+02 1.1865252144e-14 4.5742804019e-15 7.2909717425e-15
3.4765625000e+02 1.1879110059e-14 4.5742127288e-15 7.3048973302e-15
3.4790039062e+02 1.1910543927e-14 4.5736539794e-15 7.3368899476e-15
3.4814453125e+02 1.1931950463e-14 4.5709649503e-15 7.3609855131e-15
3.4838867188e+02 1.1958870566e-14 4.5692181388e-15 7.3896524276e-15
3.4863281250e+02 1.1920242828e-14 4.5645804072e-15 7.3556624204e-15
3.4887695312e+02 1.1903880175e-14 4.5647402756e-15 7.3391398991e-15
3.4912109375e+02 1.1898553665e-14 4.5674521287e-15 7.3311015368e-15
3.4936523438e+02 1.1910034813e-14 4.5688755132e-15 7.3411592999e-15
3.4960937500e+02 1.1932680416e-14 4.5624183684e-15 7.3702620480e-15
3.4985351562e+02 1.1886818223e-14 4.5510967941e-15 7.3357214287e-15
3.5009765625e+02 1.1900714117e-14 4.5549822291e-15 7.3457318879e-15
3.5034179688e+02 1.1911017256e-14 4.5617799821e-15 7.3492372739e-15
3.5058593750e+02 1.1888098365e-14 4.5640365807e-15 7.3240617846e-15
3.5083007812e+02 1.1898209974e-14 4.5624035920e-15 7.3358063816e-15
3.5107421875e+02 1.1885979330e-14 4.5735809612e-15 7.3123983691e-15
3.5131835938e+02 1.1884078360e-14 4.5680905664e-15 7.3159877934e-15
3.5156250000e+02 1.1932980099e-14 4.5678628748e-15 7.3651172244e-15
3.5180664062e+02 1.1906779268e-14 4.5732158146e-15 7.3335634533e-15
3.5205078125e+02 1.1905055892e-14 4.5838852239e-15 7.3211706679e-15
3.5229492188e+02 1.1916620398e-14 4.5723408742e-15 7.3442795239e-15
3.5253906250e+02 1.1920617620e-14 4.5646125791e-15 7.3560050405e-15
3.5278320312e+02 1.1949532434e-14 4.5715635548e-15 7.3779688795e-15
3.5302734375e+02 1.1967196809e-14 4.5884331507e-15 7.3787636578e-15
3.5327148438e+02 1.1965739861e-14 4.5882193020e-15 7.3775205593e-15
3.5351562500e+02 1.1961426903e-14 4.5794600718e-15 7.3819668310e-15
3.5375976562e+02 1.1932019976e-14 4.5705673257e-15 7.3614526498e-15
3.5400390625e+02 1.1889991407e-14 4.5680005472e-15 7.3219908602e-15
3.5424804688e+02 1.1912788801e-14 4.5998225437e-15 7.3129662570e-15
3.5449218750e+02 1.1949901730e-14 4.6017678641e-15 7.3481338656e-15
3.5473632812e+02 1.1907524779e-14 4.5777916281e-15 7.3297331510e-15
3.5498046875e+02 1.1930964152e-14 4.5917059858e-15 7.3392581663e-15
3.5522460938e+02 1.1911085933e-14 4.5847624386e-15 7.3263234944e-15
3.5546875000e+02 1.1899010995e-14 4.5697631702e-15 7.3292478246e-15
3.5571289062e+02 1.1895837776e-14 4.5702242064e-15 7.3256135696e-15
3.5595703125e+02 1.1888571300e-14 4.5747901282e-15 7.3137811713e-15
3.5620117188e+02 1.1862840559e-14 4.5665427290e-15 7.2962978303e-15
3.5644531250e+02 1.1869346223e-14 4.5716372370e-15 7.2977089864e-15
3.5668945312e+02 1.1918782964e-14 4.5726882058e-15 7.3460947584e-15
3.5693359375e+02 1.1931420771e-14 4.5674126827e-15 7.3640080879e-15
3.5717773438e+02 1.1915446272e-14 4.5804193142e-15 7.3350269576e-15
3.5742187500e+02 1.1924944437e-14 4.5836557535e-15 7.3412886839e-15
3.5766601562e+02 1.1982133368e-14 4.5845729534e-15 7.3975604150e-15
3.5791015625e+02 1.1945757289e-14 4.5770403042e-15 7.3687169853e-15
3.5815429688e+02 1.1928353685e-14 4.5801151821e-15 7.3482385033e-15
3.5839843750e+02 1.1936632599e-14 4.5855188580e-15 7.3511137413e-15
3.5864257812e+02 1.1918529174e-14 4.5705346742e-15 7.3479944998e-15
3.5888671875e+02 1.1905158981e-14 4.5618020221e-15 7.3433569589e-15
3.5913085938e+02 1.1913731882e-14 4.5603191658e-15 7.3534127160e-15
3.5937500000e+02 1.1909025158e-14 4.5586283425e-15 7.3503968154e-15
3.5961914062e+02 1.1937418052e-14 4.5715964435e-15 7.3658216089e-15
3.5986328125e+02 1.1928767698e-14 4.5735484664e-15 7.3552192311e-15
3.6010742188e+02 1.1916215023e-14 4.5714932688e-15 7.3447217543e-15
3.6035156250e+02 1.1915042371e-14 4.5672454417e-15 7.3477969295e-15
3.6059570312e+02 1.1903293568e-14 4.5697949152e-15 7.3334986533e-15
3.6083984375e+02 1.1906423978e-14 4.5713770752e-15 7.3350469024e-15
3.6108398438e+02 1.1902320738e-14 4.5775676184e-15 7.3247531199e-15
3.6132812500e+02 1.1901037336e-14 4.5803865779e-15 7.3206507585e-15
3.6157226562e+02 1.1898464462e-14 4.5710161316e-15 7.3274483300e-15
3.6181640625e+02 1.1892688422e-14 4.5811133685e-15 7.3115750538e-15
3.6206054688e+02 1.1884030468e-14 4.5813376718e-15 7.3026927961e-15
3.6230468750e+02 1.1938002559e-14 4.5834977750e-15 7.3545047839e-15
3.6254882812e+02 1.1926806963e-14 4.5477624116e-15 7.3790445513e-15
3.6279296875e+02 1.1918816246e-14 4.5620791132e-15 7.3567371332e-15
3.6303710938e+02 1.1893395836e-14 4.5815930093e-15 7.3118028267e-15
3.6328125000e+02 1.1913272767e-14 4.5757189882e-15 7.3375537786e-15
3.6352539062e+02 1.1923606288e-14 4.5772452841e-15 7.3463610040e-15
3.6376953125e+02 1.1937379095e-14 4.5899600358e-15 7.3474190596e-15
3.6401367188e+02 1.1942668461e-14 4.5983134828e-15 7.3443549781e-15
3.6425781250e+02 1.1915358506e-14 4.5846143026e-15 7.3307442037e-15
3.6450195312e+02 1.1909513357e-14 4.5739382934e-15 7.3355750639e-15
3.6474609375e+02 1.1942394431e-14 4.5815398710e-15 7.3608545604e-15
3.6499023438e+02 1.1945236246e-14 4.5829909879e-15 7.3622452580e-15
3.6523437500e+02 1.1956550263e-14 4.5913178338e-15 7.3652324296e-15
3.6547851562e+02 1.1954138106e-14 4.5761264477e-15 7.3780116587e-15
3.6572265625e+02 1.1950585937e-14 4.5764682673e-15 7.3741176700e-15
3.6596679688e+02 1.1945897569e-14 4.5880020491e-15 7.3578955197e-15
3.6621093750e+02 1.1910237252e-14 4.5912700300e-15 7.3189672218e-15
3.6645507812e+02 1.1898762832e-14 4.5853263010e-15 7.3134365310e-15
3.6669921875e+02 1.1885549293e-14 4.5748589308e-15 7.3106903623e-15
3.6694335938e+02 1.1908747730e-14 4.5777696513e-15 7.3309780784e-15
3.6718750000e+02 1.1894094921e-14 4.5830100300e-15 7.3110848908e-15
3.6743164062e+02 1.1892607111e-14 4.5700674618e-15 7.3225396496e-15
3.6767578125e+02 1.1913512846e-14 4.5781828387e-15 7.3353300074e-15
3.6791992188e+02 1.1920334205e-14 4.5696104487e-15 7.3507237567e-15
3.6816406250e+02 1.1920469039e-14 4.5657992444e-15 7.3546697941e-15
3.6840820312e+02 1.1895483145e-14 4.5768410358e-15 7.3186421090e-15
3.6865234375e+02 1.1893080854e-14 4.5824292096e-15 7.3106516449e-15
3.6889648438e+02 1.1903208802e-14 4.5722495015e-15 7.3309593007e-15
3.6914062500e+02 1.1921711523e-14 4.5694706895e-15 7.3522408336e-15
3.6938476562e+02 1.1941864639e-14 4.5723461039e-15 7.3695185352e-15
3.6962890625e+02 1.1957847159e-14 4.5895481861e-15 7.3682989734e-15
3.6987304688e+02 1.1895738639e-14 4.5712651846e-15 7.3244734543e-15
3.7011718750e+02 1.1915900561e-14 4.5694076318e-15 7.3464929292e-15
3.7036132812e+02 1.1927887921e-14 4.5786408937e-15 7.3492470269e-15
3.7060546875e+02 1.1921232643e-14 4.5952399647e-15 7.3259926786e-15
3.7084960938e+02 1.1931426548e-14 4.5860075995e-15 7.3454189489e-15
3.7109375000e+02 1.1924313598e-14 4.5797505150e-15 7.3445630831e-15
3.7133789062e+02 1.1939230736e-14 4.5888198693e-15 7.3504108665e-15
3.7158203125e+02 1.1934013702e-14 4.5803029537e-15 7.3537107479e-15
3.7182617188e+02 1.1925148237e-14 4.5761006012e-15 7.3490476363e-15
3.7207031250e+02 1.1888141225e-14 4.5760769690e-15 7.3120642558e-15
3.7231445312e+02 1.1907769640e-14 4.5672073903e-15 7.3405622495e-15
3.7255859375e+02 1.1885531725e-14 4.5633229391e-15 7.3222087862e-15
3.7280273438e+02 1.1898268127e-14 4.5760119694e-15 7.3222561579e-15
3.7304687500e+02 1.1894803297e-14 4.5788158079e-15 7.3159874896e-15
3.7329101562e+02 1.1894187686e-14 4.5756541371e-15 7.3185335488e-15
3.7353515625e+02 1.1904834396e-14 4.5756929935e-15 7.3291414027e-15
3.7377929688e+02 1.1887142199e-14 4.5639984545e-15 7.3231437448e-15
3.7402343750e+02 1.1901053624e-14 4.5703126542e-15 7.3307409693e-15
3.7426757812e+02 1.1903333237e-14 4.5793843268e-15 7.3239489100e-15
3.7451171875e+02 1.1926780429e-14 4.5718312410e-15 7.3549491884e-15
3.7475585938e+02 1.1909336442e-14 4.5626397728e-15 7.3466966694e-15
3.7500000000e+02 1.1886117572e-14 4.5597060430e-15 7.3264115287e-15
3.7524414062e+02 1.1883461563e-14 4.5671633910e-15 7.3162981721e-15
3.7548828125e+02 1.1910009381e-14 4.5713068854e-15 7.3387024954e-15
3.7573242188e+02 1.1928531133e-14 4.5774038775e-15 7.3511272558e-15
3.7597656250e+02 1.1881280529e-14 4.5637627318e-15 7.3175177971e-15
3.7622070312e+02 1.1861407474e-14 4.5706822435e-15 7.2907252303e-15
3.7646484375e+02 1.1877229416e-14 4.5823841979e-15 7.2948452177e-15
3.7670898438e+02 1.1865505020e-14 4.5506203848e-15 7.3148846353e-15
3.7695312500e+02 1.1874489206e-14 4.5530979712e-15 7.3213912347e-15
3.7719726562e+02 1.1901706254e-14 4.5768137886e-15 7.3248924653e-15
3.7744140625e+02 1.1892002270e-14 4.5774827954e-15 7.3145194747e-15
3.7768554688e+02 1.1946407710e-14 4.5808194390e-15 7.3655882705e-15
3.7792968750e+02 1.1952105982e-14 4.5686227639e-15 7.3834832179e-15
3.7817382812e+02 1.1898772590e-14 4.5698427474e-15 7.3289298431e-15
3.7841796875e+02 1.1897117445e-14 4.5625394999e-15 7.3345779451e-15
3.7866210938e+02 1.1921970029e-14 4.5709606343e-15 7.3510093948e-15
3.7890625000e+02 1.1949576389e-14 4.5921800999e-15 7.3573962888e-15
3.7915039062e+02 1.1896096111e-14 4.5709730655e-15 7.3251230458e-15
3.7939453125e+02 1.1858469597e-14 4.5569610550e-15 7.3015085422e-15
3.7963867188e+02 1.1871669855e-14 4.5760712211e-15 7.2955986341e-15
3.7988281250e+02 1.1877658314e-14 4.5763199410e-15 7.3013383730e-15
3.8012695312e+02 1.1902671614e-14 4.5747227587e-15 7.3279488548e-15
3.8037109375e+02 1.1931275749e-14 4.6014305132e-15 7.3298452354e-15
3.8061523438e+02 1.1911028093e-14 4.6004321111e-15 7.3105959823e-15
3.8085937500e+02 1.1872577494e-14 4.5794037314e-15 7.2931737624e-15
3.8110351562e+02 1.1906305004e-14 4.5792184070e-15 7.3270865969e-15
3.8134765625e+02 1.1901787341e-14 4.5681731134e-15 7.3336142274e-15
3.8159179688e+02 1.1880351052e-14 4.5594647062e-15 7.3208863453e-15
3.8183593750e+02 1.1886039359e-14 4.5522609205e-15 7.3337784390e-15
3.8208007812e+02 1.1896316386e-14 4.5733019377e-15 7.3230144488e-15
3.8232421875e+02 1.1929191560e-14 4.5986590632e-15 7.3305324966e-15
3.8256835938e+02 1.1898331181e-14 4.5828486074e-15 7.3154825736e-15
3.8281250000e+02 1.1858519476e-14 4.5664653256e-15 7.2920541501e-15
3.8305664062e+02 1.1864695277e-14 4.5644409679e-15 7.3002543088e-15
3.8330078125e+02 1.1885660226e-14 4.5733756301e-15 7.3122845961e-15
3.8354492188e+02 1.1893068401e-14 4.5837387992e-15 7.3093296017e-15
3.8378906250e+02 1.1863977123e-14 4.5601865933e-15 7.3037905292e-15
3.8403320312e+02 1.1886460288e-14 4.5705679049e-15 7.3158923835e-15
3.8427734375e+02 1.1857178922e-14 4.5642540431e-15 7.2929248790e-15
3.8452148438e+02 1.1851075380e-14 4.5691820258e-15 7.2818933546e-15
3.8476562500e+02 1.1888810463e-14 4.5799561524e-15 7.3088543106e-15
3.8500976562e+02 1.1878682463e-14 4.5721823622e-15 7.3065001003e-15
3.8525390625e+02 1.1841196444e-14 4.5733444091e-15 7.2678520346e-15
3.8549804688e+02 1.1830619778e-14 4.5692985107e-15 7.2613212676e-15
3.8574218750e+02 1.1893341679e-14 4.5763609362e-15 7.3169807424e-15
3.8598632812e+02 1.1925797849e-14 4.5854848443e-15 7.3403130044e-15
3.8623046875e+02 1.1908024249e-14 4.5708398039e-15 7.3371844450e-15
3.8647460938e+02 1.1883838772e-14 4.5771096953e-15 7.3067290764e-15
3.8671875000e+02 1.1865126864e-14 4.5523624201e-15 7.3127644442e-15
3.8696289062e+02 1.1876815085e-14 4.5670540838e-15 7.3097610008e-15
3.8720703125e+02 1.1891369834e-14 4.5929310133e-15 7.2984388205e-15
3.8745117188e+02 1.1866876652e-14 4.5684937006e-15 7.2983829517e-15
3.8769531250e+02 1.1886859735e-14 4.5755127401e-15 7.3113469945e-15
3.8793945312e+02 1.1916889220e-14 4.5939233875e-15 7.3229658327e-15
3.8818359375e+02 1.1927768583e-14 4.5789522944e-15 7.3488162891e-15
3.8842773438e+02 1.1935610111e-14 4.5782789440e-15 7.3573311667e-15
3.8867187500e+02 1.1910968595e-14 4.5779181060e-15 7.3330504886e-15
3.8891601562e+02 1.1926348641e-14 4.5890273435e-15 7.3373212975e-15
3.8916015625e+02 1.1923905533e-14 4.5877581225e-15 7.3361474101e-15
3.8940429688e+02 1.1930823243e-14 4.5776306669e-15 7.3531925760e-15
3.8964843750e+02 1.1882224652e-14 4.5582964072e-15 7.3239282450e-15
3.8989257812e+02 1.1869757028e-14 4.5523895212e-15 7.3173675072e-15
3.9013671875e+02 1.1874362924e-14 4.5706837788e-15 7.3036791456e-15
3.9038085938e+02 1.1875947286e-14 4.5666651491e-15 7.3092821367e-15
3.9062500000e+02 1.1919964349e-14 4.5768722096e-15 7.3430921395e-15
3.9086914062e+02 1.1912178752e-14 4.5835856610e-15 7.3285930910e-15
3.9111328125e+02 1.1902041215e-14 4.5741892022e-15 7.3278520126e-15
3.9135742188e+02 1.1894171858e-14 4.5865987028e-15 7.3075731555e-15
3.9160156250e+02 1.1914457439e-14 4.6024161428e-15 7.3120412961e-15
3.9184570312e+02 1.1903930413e-14 4.5924099211e-15 7.3115204919e-15
3.9208984375e+02 1.1893862711e-14 4.5714584717e-15 7.3224042391e-15
3.9233398438e+02 1.1952191647e-14 4.5812067567e-15 7.3709848900e-15
3.9257812500e+02 1.1945711093e-14 4.5939933346e-15 7.3517177579e-15
3.9282226562e+02 1.1888514809e-14 4.5702927304e-15 7.3182220782e-15
3.9306640625e+02 1.1876091228e-14 4.5505924583e-15 7.3254987693e-15
3.9331054688e+02 1.1908072265e-14 4.5539205592e-15 7.3541517056e-15
3.9355468750e+02 1.1867412018e-14 4.5704078234e-15 7.2970041944e-15
3.9379882812e+02 1.1904855229e-14 4.5902678817e-15 7.3145873476e-15
3.9404296875e+02 1.1905105766e-14 4.5820800938e-15 7.3230256722e-15
3.9428710938e+02 1.1896281580e-14 4.5782726540e-15 7.3180089257e-15
3.9453125000e+02 1.1892275474e-14 4.5781889467e-15 7.3140865274e-15
3.9477539062e+02 1.1880940188e-14 4.5816966116e-15 7.2992435762e-15
3.9501953125e+02 1.1906051700e-14 4.5835951091e-15 7.3224565906e-15
3.9526367188e+02 1.1873977908e-14 4.5685287521e-15 7.3054491561e-15
3.9550781250e+02 1.1878529867e-14 4.5637259228e-15 7.3148039437e-15
3.9575195312e+02 1.1863417645e-14 4.5654707005e-15 7.2979469449e-15
3.9599609375e+02 1.1870039938e-14 4.5745398182e-15 7.2955001200e-15
3.9624023438e+02 1.1866777292e-14 4.5704595488e-15 7.2963177432e-15
3.9648437500e+02 1.1863873819e-14 4.5636793407e-15 7.3001944782e-15
3.9672851562e+02 1.1916971573e-14 4.5905702383e-15 7.3264013346e-15
3.9697265625e+02 1.1942443992e-14 4.5940134052e-15 7.3484305867e-15
3.9721679688e+02 1.1899607175e-14 4.5911209820e-15 7.3084861934e-15
3.9746093750e+02 1.1874026486e-14 4.5807445082e-15 7.2932819777e-15
3.9770507812e+02 1.1886564509e-14 4.5792310754e-15 7.3073334334e-15
3.9794921875e+02 1.1883544643e-14 4.5867896394e-15 7.2967550041e-15
3.9819335938e+02 1.1922882714e-14 4.5752564846e-15 7.3476262290e-15
3.9843750000e+02 1.1905986083e-14 4.5716953633e-15 7.3342907194e-15
3.9868164062e+02 1.1909350377e-14 4.5770862097e-15 7.3322641677e-15
3.9892578125e+02 1.1906629831e-14 4.5667161219e-15 7.3399137096e-15
3.9916992188e+02 1.1870056533e-14 4.5600294493e-15 7.3100270834e-15
3.9941406250e+02 1.1911941016e-14 4.5758918517e-15 7.3360491641e-15
3.9965820312e+02 1.1861268152e-14 4.5672044757e-15 7.2940636765e-15
3.9990234375e+02 1.1848083736e-14 4.5522222300e-15 7.2958615065e-15
4.0014648438e+02 1.1870286931e-14 4.5748836904e-15 7.2954032410e-15
4.0039062500e+02 1.1878087532e-14 4.5833111609e-15 7.2947763716e-15
4.0063476562e+02 1.1872866472e-14 4.5728848041e-15 7.2999816674e-15
4.0087890625e+02 1.1893135485e-14 4.5595899863e-15 7.3335454988e-15
4.0112304688e+02 1.1907548291e-14 4.5809917335e-15 7.3265565575e-15
4.0136718750e+02 1.1904072632e-14 4.5921712063e-15 7.3119014254e-15
4.0161132812e+02 1.1884671064e-14 4.5658875534e-15 7.3187835108e-15
4.0185546875e+02 1.1868725944e-14 4.5740570789e-15 7.2946688654e-15
4.0209960938e+02 1.1898713966e-14 4.5951213991e-15 7.3035925669e-15
4.0234375000e+02 1.1873933308e-14 4.5641727046e-15 7.3097606030e-15
4.0258789062e+02 1.1867708185e-14 4.5518535508e-15 7.3158546337e-15
4.0283203125e+02 1.1894893304e-14 4.5742526654e-15 7.3206406389e-15
4.0307617188e+02 1.1883238436e-14 4.5682354990e-15 7.3150029369e-15
4.0332031250e+02 1.1882574382e-14 4.5714016367e-15 7.3111727450e-15
4.0356445312e+02 1.1867843789e-14 4.5594973279e-15 7.3083464608e-15
4.0380859375e+02 1.1884316405e-14 4.5751447193e-15 7.3091716856e-15
4.0405273438e+02 1.1931846050e-14 4.5857441836e-15 7.3461018669e-15
4.0429687500e+02 1.1910508888e-14 4.5756415166e-15 7.3348673716e-15
4.0454101562e+02 1.1883822534e-14 4.5597094146e-15 7.3241131196e-15
4.0478515625e+02 1.1898017671e-14 4.5796335024e-15 7.3183841690e-15
4.0502929688e+02 1.1890038723e-14 4.5820192424e-15 7.3080194807e-15
4.0527343750e+02 1.1894189266e-14 4.5644045955e-15 7.3297846701e-15
4.0551757812e+02 1.1872182449e-14 4.5585066888e-15 7.3136757598e-15
4.0576171875e+02 1.1856704272e-14 4.5507195023e-15 7.3059847693e-15
4.0600585938e+02 1.1873385492e-14 4.5556508109e-15 7.3177346814e-15
4.0625000000e+02 1.1932657403e-14 4.5678410932e-15 7.3648163099e-15
4.0649414062e+02 1.1946886792e-14 4.5711590501e-15 7.3757277420e-15
4.0673828125e+02 1.1906441241e-14 4.5829278037e-15 7.3235134374e-15
4.0698242188e+02 1.1875615907e-14 4.5612621117e-15 7.3143537950e-15
4.0722656250e+02 1.1879166736e-14 4.5579843525e-15 7.3211823835e-15
4.0747070312e+02 1.1902227381e-14 4.5690609659e-15 7.3331664154e-15
4.0771484375e+02 1.1912229143e-14 4.5845391126e-15 7.3276900301e-15
4.0795898438e+02 1.1882116922e-14 4.5724386972e-15 7.3096782252e-15
4.0820312500e+02 1.1870762501e-14 4.5440258103e-15 7.3267366908e-15
4.0844726562e+02 1.1905780015e-14 4.5648936638e-15 7.3408863514e-15
4.0869140625e+02 1.1856810619e-14 4.5610510081e-15 7.2957596108e-15
4.0893554688e+02 1.1877650897e-14 4.5713349419e-15 7.3063159553e-15
4.0917968750e+02 1.1919243414e-14 4.5758464610e-15 7.3433969528e-15
4.0942382812e+02 1.1915981231e-14 4.5671069008e-15 7.3488743298e-15
4.0966796875e+02 1.1887841917e-14 4.5617528523e-15 7.3260890647e-15
4.0991210938e+02 1.1908393034e-14 4.5669618936e-15 7.3414311408e-15
4.1015625000e+02 1.1928917809e-14 4.5742013257e-15 7.3547164832e-15
4.1040039062e+02 1.1921517995e-14 4.5653626039e-15 7.3561553913e-15
4.1064453125e+02 1.1902587539e-14 4.5629802207e-15 7.3396073184e-15
4.1088867188e+02 1.1843477210e-14 4.5511953480e-15 7.2922818617e-15
4.1113281250e+02 1.1851460498e-14 4.5477644706e-15 7.3036960273e-15
4.1137695312e+02 1.1873883737e-14 4.5585410028e-15 7.3153427337e-15
4.1162109375e+02 1.1940336016e-14 4.5694501355e-15 7.3708858802e-15
4.1186523438e+02 1.1953974137e-14 4.5723711742e-15 7.3816029633e-15
4.1210937500e+02 1.1929128864e-14 4.5737996163e-15 7.3553292478e-15
4.1235351562e+02 1.1932918029e-14 4.5700271867e-15 7.3628908425e-15
4.1259765625e+02 1.1935441249e-14 4.5732367194e-15 7.3622045298e-15
4.1284179688e+02 1.1905925244e-14 4.5514044069e-15 7.3545208370e-15
4.1308593750e+02 1.1924167382e-14 4.5571163310e-15 7.3670510507e-15
4.1333007812e+02 1.1928944560e-14 4.5690918916e-15 7.3598526679e-15
4.1357421875e+02 1.1905137976e-14 4.5705549147e-15 7.3345830616e-15
4.1381835938e+02 1.1886953314e-14 4.5679139203e-15 7.3190393939e-15
4.1406250000e+02 1.1940398808e-14 4.5640801786e-15 7.3763186292e-15
4.1430664062e+02 1.1922183781e-14 4.5652228523e-15 7.3569609282e-15
4.1455078125e+02 1.1924752512e-14 4.5764523103e-15 7.3483002015e-15
4.1479492188e+02 1.1877454557e-14 4.5652969461e-15 7.3121576112e-15
4.1503906250e+02 1.1880003895e-14 4.5697520818e-15 7.3102518131e-15
4.1528320312e+02 1.1899956536e-14 4.5563790197e-15 7.3435775167e-15
4.1552734375e+02 1.1874634145e-14 4.5571411188e-15 7.3174930264e-15
4.1577148438e+02 1.1872317865e-14 4.5612312158e-15 7.3110866488e-15
4.1601562500e+02 1.1921848758e-14 4.5772306808e-15 7.3446180769e-15
4.1625976562e+02 1.1901338196e-14 4.5700752734e-15 7.3312629229e-15
4.1650390625e+02 1.1889892389e-14 4.5701248235e-15 7.3197675654e-15
4.1674804688e+02 1.1838220547e-14 4.5772665955e-15 7.2609539516e-15
4.1699218750e+02 1.1794022076e-14 4.5407128515e-15 7.2533092244e-15
4.1723632812e+02 1.1915111673e-14 4.5598735039e-15 7.3552381695e-15
4.1748046875e+02 1.1905116683e-14 4.5662277616e-15 7.3388889214e-15
4.1772460938e+02 1.1904308722e-14 4.5630266770e-15 7.3412820451e-15
4.1796875000e+02 1.1917503305e-14 4.5634364327e-15 7.3540668728e-15
4.1821289062e+02 1.1904159451e-14 4.5724749521e-15 7.3316844993e-15
4.1845703125e+02 1.1940097178e-14 4.5912451655e-15 7.3488520128e-15
4.1870117188e+02 1.1906845707e-14 4.5701719893e-15 7.3366737172e-15
4.1894531250e+02 1.1919036978e-14 4.5726799544e-15 7.3463570233e-15
4.1918945312e+02 1.1922671921e-14 4.5852925028e-15 7.3373794180e-15
4.1943359375e+02 1.1865443746e-14 4.5723101711e-15 7.2931335751e-15
4.1967773438e+02 1.1840930856e-14 4.5696977174e-15 7.2712331391e-15
4.1992187500e+02 1.1861857421e-14 4.5702410121e-15 7.2916164092e-15
4.2016601562e+02 1.1870370522e-14 4.5729481260e-15 7.2974223957e-15
4.2041015625e+02 1.1908471518e-14 4.5619367635e-15 7.3465347544e-15
4.2065429688e+02 1.1904135008e-14 4.5521206038e-15 7.3520144042e-15
4.2089843750e+02 1.1901603636e-14 4.5570837713e-15 7.3445198647e-15
4.2114257812e+02 1.1868224868e-14 4.5481838902e-15 7.3200409782e-15
4.2138671875e+02 1.1872310808e-14 4.5649588374e-15 7.3073519710e-15
4.2163085938e+02 1.1916444260e-14 4.5801407724e-15 7.3363034877e-15
4.2187500000e+02 1.1929892790e-14 4.5864933110e-15 7.3433994795e-15
4.2211914062e+02 1.1926482840e-14 4.5907775742e-15 7.3357052661e-15
4.2236328125e+02 1.1919390569e-14 4.5853377328e-15 7.3340528361e-15
4.2260742188e+02 1.1881776921e-14 4.5717553946e-15 7.3100215266e-15
4.2285156250e+02 1.1892563480e-14 4.5815295984e-15 7.3110338814e-15
4.2309570312e+02 1.1932917522e-14 4.5896488116e-15 7.3432687103e-15
4.2333984375e+02 1.1919420825e-14 4.5798877936e-15 7.3395330310e-15
4.2358398438e+02 1.1923040390e-14 4.5756834396e-15 7.3473569506e-15
4.2382812500e+02 1.1867206039e-14 4.5579817895e-15 7.3092242499e-15
4.2407226562e+02 1.1848710621e-14 4.5687171522e-15 7.2799934684e-15
4.2431640625e+02 1.1908052394e-14 4.5925813794e-15 7.3154710149e-15
4.2456054688e+02 1.1905979432e-14 4.5649268813e-15 7.3410525509e-15
4.2480468750e+02 1.1882627722e-14 4.5512936669e-15 7.3313340554e-15
4.2504882812e+02 1.1891015296e-14 4.5617542175e-15 7.3292610782e-15
4.2529296875e+02 1.1899103525e-14 4.5792928537e-15 7.3198106708e-15
4.2553710938e+02 1.1930217550e-14 4.5883929863e-15 7.3418245637e-15
4.2578125000e+02 1.1959203617e-14 4.5861219542e-15 7.3730816633e-15
4.2602539062e+02 1.1929719014e-14 4.5697273041e-15 7.3599917103e-15
4.2626953125e+02 1.1889537779e-14 4.5614036892e-15 7.3281340899e-15
4.2651367188e+02 1.1898026932e-14 4.5681052137e-15 7.3299217186e-15
4.2675781250e+02 1.1879452567e-14 4.5616698840e-15 7.3177826833e-15
4.2700195312e+02 1.1854290359e-14 4.5545467084e-15 7.2997436505e-15
4.2724609375e+02 1.1882011316e-14 4.5570400107e-15 7.3249713050e-15
4.2749023438e+02 1.1896545369e-14 4.5811602511e-15 7.3153851179e-15
4.2773437500e+02 1.1891552461e-14 4.5868028537e-15 7.3047496074e-15
4.2797851562e+02 1.1901992976e-14 4.5588812367e-15 7.3431117391e-15
4.2822265625e+02 1.1904067494e-14 4.5505559385e-15 7.3535115553e-15
4.2846679688e+02 1.1893135574e-14 4.5714979018e-15 7.3216376726e-15
4.2871093750e+02 1.1872776491e-14 4.5568092071e-15 7.3159672842e-15
4.2895507812e+02 1.1878187131e-14 4.5578188805e-15 7.3203682503e-15
4.2919921875e+02 1.1893885794e-14 4.5507971391e-15 7.3430886549e-15
4.2944335938e+02 1.1870488892e-14 4.5634466808e-15 7.3070422107e-15
4.2968750000e+02 1.1893013066e-14 4.5524686997e-15 7.3405443661e-15
4.2993164062e+02 1.1856655408e-14 4.5444144969e-15 7.3122409111e-15
4.3017578125e+02 1.1886263902e-14 4.5587421200e-15 7.3275217820e-15
4.3041992188e+02 1.1894716063e-14 4.5799368264e-15 7.3147792364e-15
4.3066406250e+02 1.1873350941e-14 4.5835590366e-15 7.2897919048e-15
4.3090820312e+02 1.1886067382e-14 4.5658347457e-15 7.3202326362e-15
4.3115234375e+02 1.1882079035e-14 4.5802447363e-15 7.3018342989e-15
4.3139648438e+02 1.1876024483e-14 4.5770786544e-15 7.2989458288e-15
4.3164062500e+02 1.1890868445e-14 4.5708532737e-15 7.3200151711e-15
4.3188476562e+02 1.1918683475e-14 4.5761677586e-15 7.3425157166e-15
4.3212890625e+02 1.1890475861e-14 4.5807384604e-15 7.3097374001e-15
4.3237304688e+02 1.1886183648e-14 4.5845825065e-15 7.3016011418e-15
4.3261718750e+02 1.1900783291e-14 4.5707885193e-15 7.3299947713e-15
4.3286132812e+02 1.1879181055e-14 4.5550209934e-15 7.3241600618e-15
4.3310546875e+02 1.1883000775e-14 4.5703010860e-15 7.3126996887e-15
4.3334960938e+02 1.1878181501e-14 4.5802555508e-15 7.2979259500e-15
4.3359375000e+02 1.1895982358e-14 4.5908828312e-15 7.3050995268e-15
4.3383789062e+02 1.1910715392e-14 4.5981169618e-15 7.3125984298e-15
4.3408203125e+02 1.1887054849e-14 4.5854943979e-15 7.3015604514e-15
4.3432617188e+02 1.1875456748e-14 4.5676289260e-15 7.3078278219e-15
4.3457031250e+02 1.1861632620e-14 4.5696845112e-15 7.2919481084e-15
4.3481445312e+02 1.1879873636e-14 4.5715326533e-15 7.3083409827e-15
4.3505859375e+02 1.1849897531e-14 4.5626063717e-15 7.2872911591e-15
4.3530273438e+02 1.1867449256e-14 4.5754293502e-15 7.2920199058e-15
4.3554687500e+02 1.1877406581e-14 4.5961621118e-15 7.2812444690e-15
4.3579101562e+02 1.1865213027e-14 4.5826078737e-15 7.2826051532e-15
4.3603515625e+02 1.1868067936e-14 4.5591421370e-15 7.3089257988e-15
4.3627929688e+02 1.1843697967e-14 4.5608368470e-15 7.2828611196e-15
4.3652343750e+02 1.1849115992e-14 4.5801890376e-15 7.2689269543e-15
4.3676757812e+02 1.1856855959e-14 4.5782587799e-15 7.2785971796e-15
4.3701171875e+02 1.1874439473e-14 4.5675494512e-15 7.3068900218e-15
4.3725585938e+02 1.1882391445e-14 4.5665278925e-15 7.3158635522e-15
4.3750000000e+02 1.1901811796e-14 4.5825304783e-15 7.3192813182e-15
4.3774414062e+02 1.1874412401e-14 4.5724527075e-15 7.3019596936e-15
4.3798828125e+02 1.1874214050e-14 4.5749697361e-15 7.2992443140e-15
4.3823242188e+02 1.1924566553e-14 4.5896877955e-15 7.3348787572e-15
4.3847656250e+02 1.1935598705e-14 4.5998586776e-15 7.3357400277e-15
4.3872070312e+02 1.1919606071e-14 4.5777422891e-15 7.3418637821e-15
4.3896484375e+02 1.1891475696e-14 4.5620813280e-15 7.3293943678e-15
4.3920898438e+02 1.1873042048e-14 4.5559793656e-15 7.3170626820e-15
4.3945312500e+02 1.1897469930e-14 4.5661765524e-15 7.3312933773e-15
4.3969726562e+02 1.1899214887e-14 4.5653193037e-15 7.3338955836e-15
4.3994140625e+02 1.1932703859e-14 4.5542231531e-15 7.3784807063e-15
4.4018554688e+02 1.1932797313e-14 4.5691825879e-15 7.3636147251e-15
4.4042968750e+02 1.1897284756e-14 4.5568923893e-15 7.3403923669e-15
4.4067382812e+02 1.1892143519e-14 4.5489355442e-15 7.3432079751e-15
4.4091796875e+02 1.1900379796e-14 4.5634560679e-15 7.3369237283e-15
4.4116210938e+02 1.1878114266e-14 4.5545186514e-15 7.3235956148e-15
4.4140625000e+02 1.1880999432e-14 4.5745407031e-15 7.3064587287e-15
4.4165039062e+02 1.1916074633e-14 4.5694770526e-15 7.3465975808e-15
4.4189453125e+02 1.1897903968e-14 4.5598727259e-15 7.3380312419e-15
4.4213867188e+02 1.1914452596e-14 4.5670838279e-15 7.3473687682e-15
4.4238281250e+02 1.1910968502e-14 4.5689984929e-15 7.3419700087e-15
4.4262695312e+02 1.1897891203e-14 4.5707562685e-15 7.3271349348e-15
4.4287109375e+02 1.1917019719e-14 4.5681882151e-15 7.3488315042e-15
4.4311523438e+02 1.1910421842e-14 4.5669834227e-15 7.3434384191e-15
4.4335937500e+02 1.1898311652e-14 4.5704956093e-15 7.3278160426e-15
4.4360351562e+02 1.1896319491e-14 4.5779089988e-15 7.3184104921e-15
4.4384765625e+02 1.1888674781e-14 4.5796670296e-15 7.3090077517e-15
4.4409179688e+02 1.1889983651e-14 4.5803123251e-15 7.3096713258e-15
4.4433593750e+02 1.1851379174e-14 4.5647471392e-15 7.2866320352e-15
4.4458007812e+02 1.1886022928e-14 4.5464980466e-15 7.3395248817e-15
4.4482421875e+02 1.1943550246e-14 4.5852437779e-15 7.3583064677e-15
4.4506835938e+02 1.1909858850e-14 4.5862780187e-15 7.3235808311e-15
4.4531250000e+02 1.1922257541e-14 4.5809691633e-15 7.3412883780e-15
4.4555664062e+02 1.1917143097e-14 4.5610370321e-15 7.3561060646e-15
4.4580078125e+02 1.1889736641e-14 4.5551675518e-15 7.3345690892e-15
4.4604492188e+02 1.1891014686e-14 4.5582990216e-15 7.3327156647e-15
4.4628906250e+02 1.1921562211e-14 4.5846518232e-15 7.3369103877e-15
4.4653320312e+02 1.1910737123e-14 4.5934910204e-15 7.3172461022e-15
4.4677734375e+02 1.1890211767e-14 4.5616783145e-15 7.3285334524e-15
4.4702148438e+02 1.1896916073e-14 4.5415785478e-15 7.3553375251e-15
4.4726562500e+02 1.1899818078e-14 4.5569569513e-15 7.3428611263e-15
4.4750976562e+02 1.1888896125e-14 4.5719977069e-15 7.3168984185e-15
4.4775390625e+02 1.1900114197e-14 4.5744159748e-15 7.3256982224e-15
4.4799804688e+02 1.1906740019e-14 4.5688251717e-15 7.3379148471e-15
4.4824218750e+02 1.1903441664e-14 4.5562263861e-15 7.3472152782e-15
4.4848632812e+02 1.1912685634e-14 4.5645160152e-15 7.3481696191e-15
4.4873046875e+02 1.1925045223e-14 4.5684363947e-15 7.3566088288e-15
4.4897460938e+02 1.1919047018e-14 4.5753697324e-15 7.3436772854e-15
4.4921875000e+02 1.1924242185e-14 4.5783680614e-15 7.3458741239e-15
4.4946289062e+02 1.1904001729e-14 4.5622264161e-15 7.3417753129e-15
4.4970703125e+02 1.1910599180e-14 4.5725006454e-15 7.3380985350e-15
4.4995117188e+02 1.1908895404e-14 4.5644284036e-15 7.3444670008e-15
4.5019531250e+02 1.1886483781e-14 4.5652952159e-15 7.3211885648e-15
4.5043945312e+02 1.1900679377e-14 4.5759966280e-15 7.3246827489e-15
4.5068359375e+02 1.1900829589e-14 4.5809402558e-15 7.3198893330e-15
4.5092773438e+02 1.1923447818e-14 4.5909147524e-15 7.3325330652e-15
4.5117187500e+02 1.1934441242e-14 4.5827453378e-15 7.3516959043e-15
4.5141601562e+02 1.1946059741e-14 4.5717601715e-15 7.3742995693e-15
4.5166015625e+02 1.1936907238e-14 4.5669590607e-15 7.3699481769e-15
4.5190429688e+02 1.1878611864e-14 4.5598532588e-15 7.3187586054e-15
4.5214843750e+02 1.1886729179e-14 4.5629081830e-15 7.3238209962e-15
4.5239257812e+02 1.1926827703e-14 4.5722793798e-15 7.3545483230e-15
4.5263671875e+02 1.1913919367e-14 4.5661833258e-15 7.3477360415e-15
4.5288085938e+02 1.1905179452e-14 4.5751490163e-15 7.3300304358e-15
4.5312500000e+02 1.1922692182e-14 4.5853611585e-15 7.3373310233e-15
4.5336914062e+02 1.1951462826e-14 4.5858757570e-15 7.3655870691e-15
4.5361328125e+02 1.1939879713e-14 4.5882534023e-15 7.3516263103e-15
4.5385742188e+02 1.1942794188e-14 4.5899255093e-15 7.3528686787e-15
4.5410156250e+02 1.1933870478e-14 4.5828419313e-15 7.3510285468e-15
4.5434570312e+02 1.1927417798e-14 4.5839485012e-15 7.3434692971e-15
4.5458984375e+02 1.1918236249e-14 4.5744908450e-15 7.3437454036e-15
4.5483398438e+02 1.1953317327e-14 4.5912211252e-15 7.3620962018e-15
4.5507812500e+02 1.1919210148e-14 4.5783882009e-15 7.3408219474e-15
4.5532226562e+02 1.1951705572e-14 4.5857098793e-15 7.3659956927e-15
4.5556640625e+02 1.1954495800e-14 4.5661361627e-15 7.3883596374e-15
4.5581054688e+02 1.1958675235e-14 4.5579057037e-15 7.4007695314e-15
4.5605468750e+02 1.1911261453e-14 4.5554437182e-15 7.3558177347e-15
4.5629882812e+02 1.1938751951e-14 4.5716471856e-15 7.3671047656e-15
4.5654296875e+02 1.1925568358e-14 4.5825516589e-15 7.3430166990e-15
4.5678710938e+02 1.1912756235e-14 4.5752386081e-15 7.3375176266e-15
4.5703125000e+02 1.1912381741e-14 4.5574540642e-15 7.3549276767e-15
4.5727539062e+02 1.1920021539e-14 4.5702407373e-15 7.3497808015e-15
4.5751953125e+02 1.1889527191e-14 4.5920128690e-15 7.2975143222e-15
4.5776367188e+02 1.1897510733e-14 4.5596751377e-15 7.3378355948e-15
4.5800781250e+02 1.1912990919e-14 4.5472650191e-15 7.3657258997e-15
4.5825195312e+02 1.1933051909e-14 4.5720964721e-15 7.3609554365e-15
4.5849609375e+02 1.1932928994e-14 4.5866435053e-15 7.3462854884e-15
4.5874023438e+02 1.1948541846e-14 4.5716794851e-15 7.3768623613e-15
4.5898437500e+02 1.1943941838e-14 4.5848796246e-15 7.3590622139e-15
4.5922851562e+02 1.1916898677e-14 4.5712239309e-15 7.3456747464e-15
4.5947265625e+02 1.1903375987e-14 4.5804101171e-15 7.3229658704e-15
4.5971679688e+02 1.1935304375e-14 4.6020152898e-15 7.3332890850e-15
4.5996093750e+02 1.1940832890e-14 4.6009471787e-15 7.3398857110e-15
4.6020507812e+02 1.1900720469e-14 4.5876619960e-15 7.3130584733e-15
4.6044921875e+02 1.1884573078e-14 4.5568839829e-15 7.3276890947e-15
4.6069335938e+02 1.1889758588e-14 4.5679607858e-15 7.3217978021e-15
4.6093750000e+02 1.1883661423e-14 4.5756411052e-15 7.3080203183e-15
4.6118164062e+02 1.1839187756e-14 4.5576461469e-15 7.2815416089e-15
4.6142578125e+02 1.1856232320e-14 4.5764942739e-15 7.2797380460e-15
4.6166992188e+02 1.1899108512e-14 4.5956997169e-15 7.3034087953e-15
4.6191406250e+02 1.1872863914e-14 4.5801618638e-15 7.2927020507e-15
4.6215820312e+02 1.1882628189e-14 4.5643959843e-15 7.3182322046e-15
4.6240234375e+02 1.1897912139e-14 4.5679172651e-15 7.3299948735e-15
4.6264648438e+02 1.1913457903e-14 4.5704002214e-15 7.3430576820e-15
4.6289062500e+02 1.1900251038e-14 4.5611549850e-15 7.3390960532e-15
4.6313476562e+02 1.1947611067e-14 4.5901222300e-15 7.3574888368e-15
4.6337890625e+02 1.1952212313e-14 4.5785307706e-15 7.3736815426e-15
4.6362304688e+02 1.1919908695e-14 4.5829360105e-15 7.3369726840e-15
4.6386718750e+02 1.1868063079e-14 4.5674112702e-15 7.3006518092e-15
4.6411132812e+02 1.1881497450e-14 4.5745983696e-15 7.3068990803e-15
4.6435546875e+02 1.1877682368e-14 4.5579148833e-15 7.3197674842e-15
4.6459960938e+02 1.1889736049e-14 4.5567948129e-15 7.3329412364e-15
4.6484375000e+02 1.1890291265e-14 4.5718465895e-15 7.3184446755e-15
4.6508789062e+02 1.1904590960e-14 4.5631868960e-15 7.3414040641e-15
4.6533203125e+02 1.1888403086e-14 4.5628448352e-15 7.3255582504e-15
4.6557617188e+02 1.1916939557e-14 4.5609386515e-15 7.3560009057e-15
4.6582031250e+02 1.1922367766e-14 4.5735017428e-15 7.3488660233e-15
4.6606445312e+02 1.1928418523e-14 4.5907509702e-15 7.3376675525e-15
4.6630859375e+02 1.1943593693e-14 4.5862842020e-15 7.3573094911e-15
4.6655273438e+02 1.1919325241e-14 4.5785440358e-15 7.3407812051e-15
4.6679687500e+02 1.1909056215e-14 4.5511041112e-15 7.3579521043e-15
4.6704101562e+02 1.1906824850e-14 4.5630760081e-15 7.3437488418e-15
4.6728515625e+02 1.1910347317e-14 4.5690048169e-15 7.3413425000e-15
4.6752929688e+02 1.1885936166e-14 4.5501054699e-15 7.3358306964e-15
4.6777343750e+02 1.1924279829e-14 4.5545571510e-15 7.3697226777e-15
4.6801757812e+02 1.1944914281e-14 4.5703261796e-15 7.3745881015e-15
4.6826171875e+02 1.1900713787e-14 4.5736256767e-15 7.3270881099e-15
4.6850585938e+02 1.1918202825e-14 4.5818938804e-15 7.3363089442e-15
4.6875000000e+02 1.1894975347e-14 4.5727090313e-15 7.3222663160e-15
4.6899414062e+02 1.1899334791e-14 4.5734727427e-15 7.3258620485e-15
4.6923828125e+02 1.1889219781e-14 4.5824541160e-15 7.3067656648e-15
4.6948242188e+02 1.1897872753e-14 4.5816337838e-15 7.3162389694e-15
4.6972656250e+02 1.1897986162e-14 4.5687299478e-15 7.3292562141e-15
4.6997070312e+02 1.1916384162e-14 4.5569201539e-15 7.3594640083e-15
4.7021484375e+02 1.1898213351e-14 4.5484626433e-15 7.3497507072e-15
4.7045898438e+02 1.1928609938e-14 4.5684329431e-15 7.3601769948e-15
4.7070312500e+02 1.1947195383e-14 4.5924193923e-15 7.3547759911e-15
4.7094726562e+02 1.1940810019e-14 4.5806088273e-15 7.3602011921e-15
4.7119140625e+02 1.1895008468e-14 4.5764016602e-15 7.3186068081e-15
4.7143554688e+02 1.1895391491e-14 4.5709557691e-15 7.3244357220e-15
4.7167968750e+02 1.1863774445e-14 4.5458536031e-15 7.3179208420e-15
4.7192382812e+02 1.1874142925e-14 4.5570801478e-15 7.3170627775e-15
4.7216796875e+02 1.1876876677e-14 4.5539733008e-15 7.3229033765e-15
4.7241210938e+02 1.1884723514e-14 4.5663434088e-15 7.3183801050e-15
4.7265625000e+02 1.1903942821e-14 4.5818308524e-15 7.3221119688e-15
4.7290039062e+02 1.1915540388e-14 4.5715117061e-15 7.3440286818e-15
4.7314453125e+02 1.1943139848e-14 4.5722900198e-15 7.3708498283e-15
4.7338867188e+02 1.1901569162e-14 4.5633567954e-15 7.3382123666e-15
4.7363281250e+02 1.1891369036e-14 4.5590701504e-15 7.3322988854e-15
4.7387695312e+02 1.1905069919e-14 4.5592624605e-15 7.3458074582e-15
4.7412109375e+02 1.1891626425e-14 4.5493608253e-15 7.3422655995e-15
4.7436523438e+02 1.1903980573e-14 4.5597494104e-15 7.3442311622e-15
4.7460937500e+02 1.1916249871e-14 4.5674902525e-15 7.3487596188e-15
4.7485351562e+02 1.1939639872e-14 4.5776677986e-15 7.3619720738e-15
4.7509765625e+02 1.1914148807e-14 4.5770860606e-15 7.3370627465e-15
4.7534179688e+02 1.1934056419e-14 4.5886754598e-15 7.3453809592e-15
4.7558593750e+02 1.1920133117e-14 4.5839192268e-15 7.3362138907e-15
4.7583007812e+02 1.1926279013e-14 4.5801780093e-15 7.3461010039e-15
4.7607421875e+02 1.1916962786e-14 4.5908348768e-15 7.3261279088e-15
4.7631835938e+02 1.1915179209e-14 4.5845916445e-15 7.3305875640e-15
4.7656250000e+02 1.1891871630e-14 4.5751365028e-15 7.3167351273e-15
4.7680664062e+02 1.1886610957e-14 4.5651359494e-15 7.3214750074e-15
4.7705078125e+02 1.1882473129e-14 4.5453639784e-15 7.3371091506e-15
4.7729492188e+02 1.1861194773e-14 4.5484484048e-15 7.3127463684e-15
4.7753906250e+02 1.1859854506e-14 4.5534789027e-15 7.3063756031e-15
4.7778320312e+02 1.1862781750e-14 4.5511990510e-15 7.3115826991e-15
4.7802734375e+02 1.1854670032e-14 4.5710002445e-15 7.2836697877e-15
4.7827148438e+02 1.1871147467e-14 4.5559237130e-15 7.3152237540e-15
4.7851562500e+02 1.1892143847e-14 4.5403285488e-15 7.3518152985e-15
4.7875976562e+02 1.1890955259e-14 4.5698207682e-15 7.3211344903e-15
4.7900390625e+02 1.1893974503e-14 4.5631054479e-15 7.3308690551e-15
4.7924804688e+02 1.1917160407e-14 4.5664677945e-15 7.3506926125e-15
4.7949218750e+02 1.1910504807e-14 4.5754208896e-15 7.3350839169e-15
4.7973632812e+02 1.1909649711e-14 4.5741410190e-15 7.3355086915e-15
4.7998046875e+02 1.1882192598e-14 4.5486627492e-15 7.3335298488e-15
4.8022460938e+02 1.1849172624e-14 4.5520209609e-15 7.2971516631e-15
4.8046875000e+02 1.1862939303e-14 4.5551686497e-15 7.3077706529e-15
4.8071289062e+02 1.1864064000e-14 4.5458145821e-15 7.3182494183e-15
4.8095703125e+02 1.1907125228e-14 4.5603552275e-15 7.3467700008e-15
4.8120117188e+02 1.1921762710e-14 4.5730587355e-15 7.3487039743e-15
4.8144531250e+02 1.1914753552e-14 4.5749881383e-15 7.3397654140e-15
4.8168945312e+02 1.1891452632e-14 4.5664795822e-15 7.3249730500e-15
4.8193359375e+02 1.1862612602e-14 4.5523332089e-15 7.3102793927e-15
4.8217773438e+02 1.1922994816e-14 4.5805727238e-15 7.3424220921e-15
4.8242187500e+02 1.1936670664e-14 4.5933925444e-15 7.3432781193e-15
4.8266601562e+02 1.1872200189e-14 4.5771266155e-15 7.2950735732e-15
4.8291015625e+02 1.1852213007e-14 4.5676875654e-15 7.2845254412e-15
4.8315429688e+02 1.1891177748e-14 4.5684944666e-15 7.3226832809e-15
4.8339843750e+02 1.1876144694e-14 4.5671780973e-15 7.3089665969e-15
4.8364257812e+02 1.1884196592e-14 4.5564167958e-15 7.3277797964e-15
4.8388671875e+02 1.1893641370e-14 4.5584322215e-15 7.3352091482e-15
4.8413085938e+02 1.1864046569e-14 4.5546653780e-15 7.3093811910e-15
4.8437500000e+02 1.1892177740e-14 4.5597183391e-15 7.3324594010e-15
4.8461914062e+02 1.1912577198e-14 4.5797464541e-15 7.3328307434e-15
4.8486328125e+02 1.1888538090e-14 4.5952051822e-15 7.2933329082e-15
4.8510742188e+02 1.1875136978e-14 4.5934021974e-15 7.2817347810e-15
4.8535156250e+02 1.1911130588e-14 4.5713138478e-15 7.3398167398e-15
4.8559570312e+02 1.1915201345e-14 4.5442271051e-15 7.3709742400e-15
4.8583984375e+02 1.1891886161e-14 4.5448956393e-15 7.3469905218e-15
4.8608398438e+02 1.1912159925e-14 4.5659079883e-15 7.3462519368e-15
4.8632812500e+02 1.1902747651e-14 4.5735332675e-15 7.3292143839e-15
4.8657226562e+02 1.1907265091e-14 4.5804710252e-15 7.3267940655e-15
4.8681640625e+02 1.1905709240e-14 4.5730834007e-15 7.3326258390e-15
4.8706054688e+02 1.1870802205e-14 4.5510155398e-15 7.3197866648e-15
4.8730468750e+02 1.1847842371e-14 4.5623190253e-15 7.2855233455e-15
4.8754882812e+02 1.1850149071e-14 4.5469453305e-15 7.3032037409e-15
4.8779296875e+02 1.1825319123e-14 4.5396726926e-15 7.2856464300e-15
4.8803710938e+02 1.1877764993e-14 4.5524211631e-15 7.3253438301e-15
4.8828125000e+02 1.1930204406e-14 4.5741027227e-15 7.3561016837e-15
4.8852539062e+02 1.1933614000e-14 4.5805203456e-15 7.3530936542e-15
4.8876953125e+02 1.1906419634e-14 4.5669524741e-15 7.3394671603e-15
4.8901367188e+02 1.1867721836e-14 4.5653179960e-15 7.3024038396e-15
4.8925781250e+02 1.1889340935e-14 4.5733783655e-15 7.3159625694e-15
4.8950195312e+02 1.1909968686e-14 4.5766284226e-15 7.3333402631e-15
4.8974609375e+02 1.1900197539e-14 4.5763403356e-15 7.3238572030e-15
4.8999023438e+02 1.1881361085e-14 4.5799167737e-15 7.3014443111e-15
4.9023437500e+02 1.1913187709e-14 4.5771104722e-15 7.3360772370e-15
4.9047851562e+02 1.1941455962e-14 4.5659841926e-15 7.3754717692e-15
4.9072265625e+02 1.1943966028e-14 4.5592725323e-15 7.3846934959e-15
4.9096679688e+02 1.1900215907e-14 4.5518206634e-15 7.3483952440e-15
4.9121093750e+02 1.1886014378e-14 4.5500379081e-15 7.3359764697e-15
4.9145507812e+02 1.1872786206e-14 4.5588038699e-15 7.3139823361e-15
4.9169921875e+02 1.1892769882e-14 4.5739429079e-15 7.3188269736e-15
4.9194335938e+02 1.1894205414e-14 4.5666283728e-15 7.3275770414e-15
4.9218750000e+02 1.1877608920e-14 4.5607228192e-15 7.3168861012e-15
4.9243164062e+02 1.1893339212e-14 4.5643170779e-15 7.3290221344e-15
4.9267578125e+02 1.1923511321e-14 4.5631341478e-15 7.3603771729e-15
4.9291992188e+02 1.1913318376e-14 4.5717978039e-15 7.3415205724e-15
4.9316406250e+02 1.1905374906e-14 4.5762177496e-15 7.3291571564e-15
4.9340820312e+02 1.1868652715e-14 4.5668859976e-15 7.3017667170e-15
4.9365234375e+02 1.1897252245e-14 4.5750055597e-15 7.3222466851e-15
4.9389648438e+02 1.1931237045e-14 4.5832666986e-15 7.3479703461e-15
4.9414062500e+02 1.1934612538e-14 4.5798487124e-15 7.3547638259e-15
4.9438476562e+02 1.1905606170e-14 4.5620580724e-15 7.3435480978e-15
4.9462890625e+02 1.1889355296e-14 4.5583262460e-15 7.3310290501e-15
4.9487304688e+02 1.1900273948e-14 4.5710317708e-15 7.3292421771e-15
4.9511718750e+02 1.1899592705e-14 4.5768696893e-15 7.3227230153e-15
4.9536132812e+02 1.1910504257e-14 4.5735885724e-15 7.3369156849e-15
4.9560546875e+02 1.1884405783e-14 4.5601678496e-15 7.3242379338e-15
4.9584960938e+02 1.1921383140e-14 4.5637261812e-15 7.3576569588e-15
4.9609375000e+02 1.1915382860e-14 4.5701275047e-15 7.3452553554e-15
4.9633789062e+02 1.1894019853e-14 4.5740537629e-15 7.3199660900e-15
4.9658203125e+02 1.1911725643e-14 4.5877215086e-15 7.3240041340e-15
4.9682617188e+02 1.1925754036e-14 4.5837061776e-15 7.3420478580e-15
4.9707031250e+02 1.1869649539e-14 4.5640050154e-15 7.3056445231e-15
4.9731445312e+02 1.1880945270e-14 4.5621759261e-15 7.3187693442e-15
4.9755859375e+02 1.1881266637e-14 4.5650325605e-15 7.3162340763e-15
4.9780273438e+02 1.1871355331e-14 4.5602840988e-15 7.3110712320e-15
4.9804687500e+02 1.1877451166e-14 4.5529647752e-15 7.3244863909e-15
4.9829101562e+02 1.1922227434e-14 4.5786316910e-15 7.3435957425e-15
4.9853515625e+02 1.1898705982e-14 4.5861849830e-15 7.3125209992e-15
4.9877929688e+02 1.1891833554e-14 4.5734703693e-15 7.3183631844e-15
4.9902343750e+02 1.1900233580e-14 4.5724851912e-15 7.3277483892e-15
4.9926757812e+02 1.1929751206e-14 4.5863377722e-15 7.3434134340e-15
4.9951171875e+02 1.1904616973e-14 4.5560869260e-15 7.3485300470e-15
4.9975585938e+02 1.1883209155e-14 4.5579281365e-15 7.3252810189e-15
5.0000000000e+02 1.1902746879e-14 4.5822312518e-15 7.3205156270e-15
