# freq_THz  G_total_s  G_Al_s  G_N_s
# Smoothed MD-derived velocity power spectrum. Common normalization: integral(G_total_s) = 3*primitive_atoms.
# Gaussian_sigma_THz=0.38; mass_weighted=True; primitive_atoms=2; total_equals_sum_of_partials=True
0.0000000000e+00 0.0000000000e+00 0.0000000000e+00 0.0000000000e+00
2.4414062500e-01 1.1617535195e-01 7.5958175250e-02 4.0217176704e-02
4.8828125000e-01 1.3912475447e-01 9.0826959388e-02 4.8297795083e-02
7.3242187500e-01 1.6081867615e-01 1.0479184881e-01 5.6026827342e-02
9.7656250000e-01 1.7556178043e-01 1.1416636511e-01 6.1395415324e-02
1.2207031250e+00 1.8515179853e-01 1.2017213983e-01 6.4979658698e-02
1.4648437500e+00 1.9283283250e-01 1.2496174732e-01 6.7871085184e-02
1.7089843750e+00 2.0071803687e-01 1.2993142389e-01 7.0786612986e-02
1.9531250000e+00 2.0979586273e-01 1.3573816000e-01 7.4057702732e-02
2.1972656250e+00 2.2063873511e-01 1.4277694641e-01 7.7861788692e-02
2.4414062500e+00 2.3383457232e-01 1.5146940307e-01 8.2365169252e-02
2.6855468750e+00 2.5020622942e-01 1.6241406759e-01 8.7792161827e-02
2.9296875000e+00 2.7134365309e-01 1.7675094034e-01 9.4592712748e-02
3.1738281250e+00 2.9862601606e-01 1.9552375475e-01 1.0310226130e-01
3.4179687500e+00 3.2886677930e-01 2.1676568891e-01 1.1210109039e-01
3.6621093750e+00 3.5067746681e-01 2.3299211347e-01 1.1768535334e-01
3.9062500000e+00 3.5006844387e-01 2.3482032041e-01 1.1524812346e-01
4.1503906250e+00 3.2364360667e-01 2.1975641479e-01 1.0388719187e-01
4.3945312500e+00 2.8265391717e-01 1.9499705454e-01 8.7656862628e-02
4.6386718750e+00 2.4156600775e-01 1.6982577465e-01 7.1740233093e-02
4.8828125000e+00 2.0702244097e-01 1.4814399228e-01 5.8878448691e-02
5.1269531250e+00 1.7865408487e-01 1.2910162796e-01 4.9552456916e-02
5.3710937500e+00 1.5581154283e-01 1.1209576717e-01 4.3715775657e-02
5.6152343750e+00 1.4084421059e-01 9.9237486680e-02 4.1606723908e-02
5.8593750000e+00 1.3685250481e-01 9.3065590573e-02 4.3786914237e-02
6.1035156250e+00 1.4497944452e-01 9.3749168235e-02 5.1230276285e-02
6.3476562500e+00 1.6480179624e-01 9.9901554237e-02 6.4900241999e-02
6.5917968750e+00 1.9526604810e-01 1.1079549194e-01 8.4470556158e-02
6.8359375000e+00 2.3519377529e-01 1.2690527556e-01 1.0828849973e-01
7.0800781250e+00 2.8496632524e-01 1.4946911911e-01 1.3549720614e-01
7.3242187500e+00 3.4628534180e-01 1.7934236618e-01 1.6694297562e-01
7.5683593750e+00 4.1615080134e-01 2.1403626265e-01 2.0211453868e-01
7.8125000000e+00 4.7980514965e-01 2.4509654116e-01 2.3470860849e-01
8.0566406250e+00 5.1497070111e-01 2.6140241764e-01 2.5356828347e-01
8.3007812500e+00 5.0988947854e-01 2.5819406017e-01 2.5169541838e-01
8.5449218750e+00 4.7494777070e-01 2.4140466356e-01 2.3354310714e-01
8.7890625000e+00 4.3164775571e-01 2.2134161529e-01 2.1030614042e-01
9.0332031250e+00 3.9450830399e-01 2.0442486605e-01 1.9008343794e-01
9.2773437500e+00 3.6684264328e-01 1.9188758199e-01 1.7495506129e-01
9.5214843750e+00 3.4690711930e-01 1.8286899335e-01 1.6403812595e-01
9.7656250000e+00 3.3231367780e-01 1.7633976589e-01 1.5597391192e-01
1.0009765625e+01 3.2117039088e-01 1.7149840161e-01 1.4967198927e-01
1.0253906250e+01 3.1216391767e-01 1.6771291537e-01 1.4445100231e-01
1.0498046875e+01 3.0399465113e-01 1.6418986386e-01 1.3980478727e-01
1.0742187500e+01 2.9558925587e-01 1.6025738154e-01 1.3533187433e-01
1.0986328125e+01 2.8636290903e-01 1.5560996015e-01 1.3075294888e-01
1.1230468750e+01 2.7485202855e-01 1.4945382026e-01 1.2539820829e-01
1.1474609375e+01 2.5779911532e-01 1.4011034353e-01 1.1768877179e-01
1.1718750000e+01 2.3187361367e-01 1.2635851044e-01 1.0551510323e-01
1.1962890625e+01 1.9719228266e-01 1.0937051632e-01 8.7821766337e-02
1.2207031250e+01 1.5954621576e-01 9.2954194355e-02 6.6592021401e-02
1.2451171875e+01 1.2789317308e-01 8.1176944500e-02 4.6716228584e-02
1.2695312500e+01 1.0837775631e-01 7.5751762181e-02 3.2625994128e-02
1.2939453125e+01 1.0089459350e-01 7.5737172988e-02 2.5157420514e-02
1.3183593750e+01 1.0123913424e-01 7.9089305970e-02 2.2149828273e-02
1.3427734375e+01 1.0552348295e-01 8.4378589072e-02 2.1144893878e-02
1.3671875000e+01 1.1231176592e-01 9.1482709392e-02 2.0829056529e-02
1.3916015625e+01 1.2200137673e-01 1.0121920582e-01 2.0782170918e-02
1.4160156250e+01 1.3584028898e-01 1.1497095059e-01 2.0869338389e-02
1.4404296875e+01 1.5579115830e-01 1.3482783623e-01 2.0963322072e-02
1.4648437500e+01 1.8372376538e-01 1.6282884171e-01 2.0894923670e-02
1.4892578125e+01 2.1762850159e-01 1.9720056209e-01 2.0427939496e-02
1.5136718750e+01 2.4740570821e-01 2.2811148131e-01 1.9294226899e-02
1.5380859375e+01 2.5785555006e-01 2.4052194858e-01 1.7333601473e-02
1.5625000000e+01 2.3935057905e-01 2.2474638396e-01 1.4604195084e-02
1.5869140625e+01 1.9483361019e-01 1.8345089228e-01 1.1382717906e-02
1.6113281250e+01 1.3721307792e-01 1.2909153520e-01 8.1215427209e-03
1.6357421875e+01 8.2563523491e-02 7.7219370321e-02 5.3441531704e-03
1.6601562500e+01 4.2694603226e-02 3.9289444213e-02 3.4051590123e-03
1.6845703125e+01 2.0099060966e-02 1.7794985422e-02 2.3040755439e-03
1.7089843750e+01 9.8968296581e-03 8.1151876019e-03 1.7816420561e-03
1.7333984375e+01 5.9492757083e-03 4.3888072100e-03 1.5604684983e-03
1.7578125000e+01 4.4389200588e-03 2.9672755168e-03 1.4716445420e-03
1.7822265625e+01 3.7688422394e-03 2.3286900329e-03 1.4401522065e-03
1.8066406250e+01 3.4050422337e-03 1.9703956252e-03 1.4346466085e-03
1.8310546875e+01 3.1686963127e-03 1.7296238719e-03 1.4390724408e-03
1.8554687500e+01 2.9902679213e-03 1.5452464602e-03 1.4450214610e-03
1.8798828125e+01 2.8429138317e-03 1.3929730931e-03 1.4499407386e-03
1.9042968750e+01 2.7174746490e-03 1.2631494047e-03 1.4543252444e-03
1.9287109375e+01 2.6096955307e-03 1.1498141154e-03 1.4598814153e-03
1.9531250000e+01 2.5174537368e-03 1.0473537632e-03 1.4700999736e-03
1.9775390625e+01 2.4427895751e-03 9.5180881996e-04 1.4909807552e-03
2.0019531250e+01 2.3941880237e-03 8.6251047285e-04 1.5316775508e-03
2.0263671875e+01 2.3912505645e-03 7.8170897365e-04 1.6095415908e-03
2.0507812500e+01 2.4928977098e-03 7.1376604670e-04 1.7791316631e-03
2.0751953125e+01 2.9478724696e-03 6.6661135926e-04 2.2812611103e-03
2.0996093750e+01 4.7279871740e-03 6.6013291099e-04 4.0678542630e-03
2.1240234375e+01 1.0540880421e-02 7.5356811785e-04 9.7873123034e-03
2.1484375000e+01 2.5013217954e-02 1.0919606924e-03 2.3921257262e-02
2.1728515625e+01 5.1543228593e-02 1.9178001584e-03 4.9625428435e-02
2.1972656250e+01 8.7392666167e-02 3.4768957764e-03 8.3915770391e-02
2.2216796875e+01 1.2449193965e-01 5.8749074528e-03 1.1861703220e-01
2.2460937500e+01 1.5726127679e-01 9.0561344162e-03 1.4820514238e-01
2.2705078125e+01 1.8704297345e-01 1.2922337330e-02 1.7412063612e-01
2.2949218750e+01 2.1697464297e-01 1.7379242777e-02 1.9959540019e-01
2.3193359375e+01 2.4420954012e-01 2.2192861929e-02 2.2201667819e-01
2.3437500000e+01 2.5976472238e-01 2.6895488665e-02 2.3286923372e-01
2.3681640625e+01 2.5777100414e-01 3.1025425035e-02 2.2674557910e-01
2.3925781250e+01 2.4268016939e-01 3.4454442929e-02 2.0822572646e-01
2.4169921875e+01 2.2446371390e-01 3.7345265034e-02 1.8711844886e-01
2.4414062500e+01 2.0969091286e-01 3.9910732009e-02 1.6978018085e-01
2.4658203125e+01 2.0011014356e-01 4.2463030869e-02 1.5764711270e-01
2.4902343750e+01 1.9722151197e-01 4.5837579399e-02 1.5138393258e-01
2.5146484375e+01 2.0806753301e-01 5.2453834495e-02 1.5561369852e-01
2.5390625000e+01 2.5318141112e-01 6.8530960394e-02 1.8465045073e-01
2.5634765625e+01 3.6901105373e-01 1.0482109689e-01 2.6418995683e-01
2.5878906250e+01 5.7912534823e-01 1.6829614755e-01 4.1082920068e-01
2.6123046875e+01 8.3292772565e-01 2.4438723711e-01 5.8854048854e-01
2.6367187500e+01 9.8964573453e-01 2.9211272497e-01 6.9753300955e-01
2.6611328125e+01 9.2464677535e-01 2.7461423190e-01 6.5003254344e-01
2.6855468750e+01 6.6426121094e-01 1.9874430193e-01 4.6551690901e-01
2.7099609375e+01 3.6394661079e-01 1.0982386062e-01 2.5412275017e-01
2.7343750000e+01 1.5333800814e-01 4.6679729058e-02 1.0665827909e-01
2.7587890625e+01 5.2148114592e-02 1.5984937331e-02 3.6163177260e-02
2.7832031250e+01 1.6843080620e-02 5.1660759912e-03 1.1677004629e-02
2.8076171875e+01 7.1397250807e-03 2.1760596382e-03 4.9636654424e-03
2.8320312500e+01 4.5634328307e-03 1.3870348707e-03 3.1763979601e-03
2.8564453125e+01 3.6100789938e-03 1.1000640538e-03 2.5100149400e-03
2.8808593750e+01 3.0647838549e-03 9.3751697864e-04 2.1272668763e-03
2.9052734375e+01 2.6859540955e-03 8.2479211646e-04 1.8611619790e-03
2.9296875000e+01 2.4046389345e-03 7.4113750609e-04 1.6635014284e-03
2.9541015625e+01 2.1877760086e-03 6.7668713346e-04 1.5110888751e-03
2.9785156250e+01 2.0175698348e-03 6.2605562079e-04 1.3915142140e-03
3.0029296875e+01 1.8771259811e-03 5.8398148137e-04 1.2931444997e-03
3.0273437500e+01 1.7494430231e-03 5.4493725039e-04 1.2045057727e-03
3.0517578125e+01 1.6261545413e-03 5.0595481488e-04 1.1201997265e-03
3.0761718750e+01 1.5076140685e-03 4.6703851820e-04 1.0405755503e-03
3.1005859375e+01 1.3977250251e-03 4.2973290605e-04 9.6799211903e-04
3.1250000000e+01 1.3012738534e-03 3.9611904925e-04 9.0515480420e-04
3.1494140625e+01 1.2202954534e-03 3.6748757457e-04 8.5280787884e-04
3.1738281250e+01 1.1523930882e-03 3.4368575900e-04 8.0870732919e-04
3.1982421875e+01 1.0952296576e-03 3.2433704041e-04 7.7089261721e-04
3.2226562500e+01 1.0489328728e-03 3.0951004426e-04 7.3942282852e-04
3.2470703125e+01 1.0127109882e-03 2.9883015687e-04 7.1388083135e-04
3.2714843750e+01 9.8386082257e-04 2.9129975660e-04 6.9256106597e-04
3.2958984375e+01 9.6058200170e-04 2.8609081234e-04 6.7449118937e-04
3.3203125000e+01 9.4250599412e-04 2.8270522340e-04 6.5980077071e-04
3.3447265625e+01 9.2947392886e-04 2.8077799966e-04 6.4869592920e-04
3.3691406250e+01 9.2122825682e-04 2.8007616133e-04 6.4115209549e-04
3.3935546875e+01 9.1650783271e-04 2.8007060788e-04 6.3643722484e-04
3.4179687500e+01 9.1240766176e-04 2.7952553440e-04 6.3288212737e-04
3.4423828125e+01 9.0581375123e-04 2.7702700658e-04 6.2878674465e-04
3.4667968750e+01 8.9481169714e-04 2.7185716425e-04 6.2295453289e-04
3.4912109375e+01 8.7898970532e-04 2.6434282325e-04 6.1464688208e-04
3.5156250000e+01 8.5973765884e-04 2.5563593747e-04 6.0410172137e-04
3.5400390625e+01 8.3964230934e-04 2.4704015986e-04 5.9260214948e-04
3.5644531250e+01 8.2101216485e-04 2.3941164242e-04 5.8160052244e-04
3.5888671875e+01 8.0566298215e-04 2.3325060486e-04 5.7241237729e-04
3.6132812500e+01 7.9524901688e-04 2.2895924159e-04 5.6628977530e-04
3.6376953125e+01 7.9109156729e-04 2.2683992408e-04 5.6425164321e-04
3.6621093750e+01 7.9457469744e-04 2.2722229194e-04 5.6735240550e-04
3.6865234375e+01 8.0681261454e-04 2.3037182940e-04 5.7644078514e-04
3.7109375000e+01 8.2678889426e-04 2.3593535058e-04 5.9085354368e-04
3.7353515625e+01 8.5068758899e-04 2.4272385456e-04 6.0796373443e-04
3.7597656250e+01 8.7323614693e-04 2.4909094941e-04 6.2414519752e-04
3.7841796875e+01 8.8976323221e-04 2.5356241645e-04 6.3620081576e-04
3.8085937500e+01 8.9794285268e-04 2.5540681904e-04 6.4253603364e-04
3.8330078125e+01 8.9760459585e-04 2.5460905539e-04 6.4299554046e-04
3.8574218750e+01 8.8897897711e-04 2.5131561307e-04 6.3766336405e-04
3.8818359375e+01 8.7212767684e-04 2.4558342627e-04 6.2654425058e-04
3.9062500000e+01 8.4800737420e-04 2.3765690466e-04 6.1035046954e-04
3.9306640625e+01 8.1900197408e-04 2.2818837636e-04 5.9081359771e-04
3.9550781250e+01 7.8820769653e-04 2.1808573290e-04 5.7012196363e-04
3.9794921875e+01 7.5895295955e-04 2.0832824237e-04 5.5062471717e-04
4.0039062500e+01 7.3510449454e-04 1.9999375198e-04 5.3511074256e-04
4.0283203125e+01 7.2096322209e-04 1.9422801010e-04 5.2673521200e-04
4.0527343750e+01 7.2064108972e-04 1.9207232706e-04 5.2856876267e-04
4.0771484375e+01 7.3754119917e-04 1.9431845048e-04 5.4322274868e-04
4.1015625000e+01 7.7199394807e-04 2.0095491256e-04 5.7103903551e-04
4.1259765625e+01 8.1519174699e-04 2.0973826546e-04 6.0545348153e-04
4.1503906250e+01 8.4456513967e-04 2.1511808506e-04 6.2944705461e-04
4.1748046875e+01 8.3043196103e-04 2.0987140912e-04 6.2056055190e-04
4.1992187500e+01 7.5406920393e-04 1.8948047199e-04 5.6458873194e-04
4.2236328125e+01 6.2186594138e-04 1.5559065862e-04 4.6627528276e-04
4.2480468750e+01 4.6218711583e-04 1.1527158640e-04 3.4691552943e-04
4.2724609375e+01 3.0959211387e-04 7.7100657545e-05 2.3249145632e-04
4.2968750000e+01 1.8951533913e-04 4.7300227567e-05 1.4221511156e-04
4.3212890625e+01 1.1074705356e-04 2.7874909685e-05 8.2872143874e-05
4.3457031250e+01 6.7298481383e-05 1.7166001656e-05 5.0132479728e-05
4.3701171875e+01 4.6811546560e-05 1.2014713291e-05 3.4796833268e-05
4.3945312500e+01 3.8528062519e-05 9.7475575751e-06 2.8780504944e-05
4.4189453125e+01 3.6133192742e-05 8.8498811136e-06 2.7283311628e-05
4.4433593750e+01 3.6783800847e-05 8.6840506309e-06 2.8099750216e-05
4.4677734375e+01 3.9451789028e-05 9.0495465977e-06 3.0402242430e-05
4.4921875000e+01 4.3838653732e-05 9.9108336903e-06 3.3927820042e-05
4.5166015625e+01 4.9753714381e-05 1.1258072868e-05 3.8495641513e-05
4.5410156250e+01 5.6786699219e-05 1.3034647832e-05 4.3752051387e-05
4.5654296875e+01 6.4312254324e-05 1.5125252308e-05 4.9187002016e-05
4.5898437500e+01 7.1761159725e-05 1.7402348234e-05 5.4358811491e-05
4.6142578125e+01 7.8840004809e-05 1.9780356435e-05 5.9059648374e-05
4.6386718750e+01 8.5487841085e-05 2.2220856227e-05 6.3266984858e-05
4.6630859375e+01 9.1716578489e-05 2.4700630753e-05 6.7015947736e-05
4.6875000000e+01 9.7617640167e-05 2.7223046562e-05 7.0394593604e-05
4.7119140625e+01 1.0370718094e-04 2.9953588670e-05 7.3753592268e-05
4.7363281250e+01 1.1162555086e-04 3.3499656140e-05 7.8125894718e-05
4.7607421875e+01 1.2482798243e-04 3.9183595133e-05 8.5644387294e-05
4.7851562500e+01 1.4800008629e-04 4.8801767888e-05 9.9198318397e-05
4.8095703125e+01 1.8393891088e-04 6.3379404364e-05 1.2055950651e-04
4.8339843750e+01 2.2967629483e-04 8.1640831924e-05 1.4803546290e-04
4.8583984375e+01 2.7673177671e-04 1.0015511324e-04 1.7657666346e-04
4.8828125000e+01 3.1695132476e-04 1.1570610287e-04 2.0124522190e-04
4.9072265625e+01 3.4772880987e-04 1.2733983061e-04 2.2038897926e-04
4.9316406250e+01 3.7037364518e-04 1.3563529699e-04 2.3473834819e-04
4.9560546875e+01 3.8443773247e-04 1.4044890654e-04 2.4398882593e-04
4.9804687500e+01 3.8584107554e-04 1.4024735054e-04 2.4559372500e-04
5.0048828125e+01 3.7128572148e-04 1.3386064387e-04 2.3742507761e-04
5.0292968750e+01 3.4344606750e-04 1.2242910413e-04 2.2101696337e-04
5.0537109375e+01 3.1038457643e-04 1.0911647304e-04 2.0126810339e-04
5.0781250000e+01 2.7998610871e-04 9.6973161900e-05 1.8301294681e-04
5.1025390625e+01 2.5617898624e-04 8.7465005973e-05 1.6871398027e-04
5.1269531250e+01 2.4022471416e-04 8.0882324313e-05 1.5934238984e-04
5.1513671875e+01 2.3431456338e-04 7.7637286140e-05 1.5667727724e-04
5.1757812500e+01 2.4399675922e-04 7.9166854095e-05 1.6482990513e-04
5.2001953125e+01 2.7666324038e-04 8.7553159773e-05 1.8911008061e-04
5.2246093750e+01 3.3328454838e-04 1.0309522523e-04 2.3018932315e-04
5.2490234375e+01 3.9691435235e-04 1.2088452543e-04 2.7602982693e-04
5.2734375000e+01 4.3252586767e-04 1.3064993899e-04 3.0187592868e-04
5.2978515625e+01 4.0862720200e-04 1.2304039026e-04 2.8558681174e-04
5.3222656250e+01 3.2490809132e-04 9.7828946423e-05 2.2707914490e-04
5.3466796875e+01 2.1508990818e-04 6.4892394228e-05 1.5019751395e-04
5.3710937500e+01 1.1972344725e-04 3.6244321509e-05 8.3479125737e-05
5.3955078125e+01 5.8695343363e-05 1.7845886430e-05 4.0849456933e-05
5.4199218750e+01 2.8358514850e-05 8.6576015259e-06 1.9700913324e-05
5.4443359375e+01 1.5900086281e-05 4.8642842371e-06 1.1035802044e-05
5.4687500000e+01 1.1144896970e-05 3.4085463108e-06 7.7363506590e-06
5.4931640625e+01 9.0910640020e-06 2.7769175819e-06 6.3141464201e-06
5.5175781250e+01 7.9353274712e-06 2.4203213209e-06 5.5150061503e-06
5.5419921875e+01 7.1403950230e-06 2.1739950024e-06 4.9664000206e-06
5.5664062500e+01 6.5444231536e-06 1.9879283827e-06 4.5564947709e-06
5.5908203125e+01 6.0789172810e-06 1.8413696958e-06 4.2375475852e-06
5.6152343750e+01 5.7014674208e-06 1.7222463730e-06 3.9792210478e-06
5.6396484375e+01 5.3802726116e-06 1.6214666897e-06 3.7588059218e-06
5.6640625000e+01 5.0895803982e-06 1.5310142987e-06 3.5585660996e-06
5.6884765625e+01 4.8116298058e-06 1.4453871790e-06 3.3662426268e-06
5.7128906250e+01 4.5388908876e-06 1.3628039929e-06 3.1760868946e-06
5.7373046875e+01 4.2726120761e-06 1.2840512234e-06 2.9885608527e-06
5.7617187500e+01 4.0192267587e-06 1.2107970680e-06 2.8084296907e-06
5.7861328125e+01 3.7863131229e-06 1.1445677228e-06 2.6417454001e-06
5.8105468750e+01 3.5797051811e-06 1.0863055744e-06 2.4933996067e-06
5.8349609375e+01 3.4026127034e-06 1.0364342467e-06 2.3661784567e-06
5.8593750000e+01 3.2557507780e-06 9.9496111559e-07 2.2607896625e-06
5.8837890625e+01 3.1375005973e-06 9.6127029817e-07 2.1762302991e-06
5.9082031250e+01 3.0443366192e-06 9.3416702294e-07 2.1101695963e-06
5.9326171875e+01 2.9719439931e-06 9.1250297074e-07 2.0594410223e-06
5.9570312500e+01 2.9166897336e-06 8.9561673199e-07 2.0210730016e-06
5.9814453125e+01 2.8761201957e-06 8.8302968432e-07 1.9930905114e-06
6.0058593750e+01 2.8472794116e-06 8.7380408385e-07 1.9734753277e-06
6.0302734375e+01 2.8246537475e-06 8.6626901229e-07 1.9583847352e-06
6.0546875000e+01 2.8008503889e-06 8.5843819386e-07 1.9424121951e-06
6.0791015625e+01 2.7694495497e-06 8.4874143861e-07 1.9207081111e-06
6.1035156250e+01 2.7272858290e-06 8.3643523328e-07 1.8908505957e-06
6.1279296875e+01 2.6750037996e-06 8.2155980213e-07 1.8534439975e-06
6.1523437500e+01 2.6159154137e-06 8.0470781645e-07 1.8112075972e-06
6.1767578125e+01 2.5541951390e-06 7.8679078774e-07 1.7674043513e-06
6.2011718750e+01 2.4937578290e-06 7.6884589853e-07 1.7249119304e-06
6.2255859375e+01 2.4376638527e-06 7.5181889399e-07 1.6858449587e-06
6.2500000000e+01 2.3883161037e-06 7.3650154088e-07 1.6518145628e-06
6.2744140625e+01 2.3488044683e-06 7.2380694107e-07 1.6249975273e-06
6.2988281250e+01 2.3229018250e-06 7.1481735278e-07 1.6080844723e-06
6.3232421875e+01 2.3122277730e-06 7.1009826098e-07 1.6021295120e-06
6.3476562500e+01 2.3135072955e-06 7.0885203410e-07 1.6046552614e-06
6.3720703125e+01 2.3185920886e-06 7.0871447130e-07 1.6098776173e-06
6.3964843750e+01 2.3169425110e-06 7.0639111287e-07 1.6105513982e-06
6.4208984375e+01 2.2991224714e-06 6.9879446188e-07 1.6003280095e-06
6.4453125000e+01 2.2595191345e-06 6.8403778631e-07 1.5754813482e-06
6.4697265625e+01 2.1967154497e-06 6.6171181952e-07 1.5350036302e-06
6.4941406250e+01 2.1117979400e-06 6.3237698859e-07 1.4794209514e-06
6.5185546875e+01 2.0070645675e-06 5.9694492417e-07 1.4101196433e-06
6.5429687500e+01 1.8864224478e-06 5.5663493069e-07 1.3297875171e-06
6.5673828125e+01 1.7559566511e-06 5.1328545693e-07 1.2426711941e-06
6.5917968750e+01 1.6234740742e-06 4.6934874800e-07 1.1541253262e-06
6.6162109375e+01 1.4971558534e-06 4.2740818823e-07 1.0697476651e-06
6.6406250000e+01 1.3838042907e-06 3.8962198929e-07 9.9418230140e-07
6.6650390625e+01 1.2877845648e-06 3.5740648914e-07 9.3037807561e-07
6.6894531250e+01 1.2110964658e-06 3.3132991614e-07 8.7976654967e-07
6.7138671875e+01 1.1534618459e-06 3.1106699619e-07 8.4239484975e-07
6.7382812500e+01 1.1111885122e-06 2.9524344590e-07 8.1594506627e-07
6.7626953125e+01 1.0750379552e-06 2.8119725453e-07 7.9384070066e-07
6.7871093750e+01 1.0300031802e-06 2.6519390029e-07 7.6480927986e-07
6.8115234375e+01 9.6005145256e-07 2.4363266776e-07 7.1641878480e-07
6.8359375000e+01 8.5620718292e-07 2.1484422772e-07 6.4136295521e-07
6.8603515625e+01 7.2241246829e-07 1.8025295530e-07 5.4215951299e-07
6.8847656250e+01 5.7481005666e-07 1.4392443981e-07 4.3088561686e-07
6.9091796875e+01 4.3466442033e-07 1.1070492901e-07 3.2395949132e-07
6.9335937500e+01 3.1938171751e-07 8.4220195186e-08 2.3516152233e-07
6.9580078125e+01 2.3692482463e-07 6.5887841186e-08 1.7103698344e-07
6.9824218750e+01 1.8580031034e-07 5.5136204764e-08 1.3066410557e-07
7.0068359375e+01 1.5892231565e-07 5.0307564699e-08 1.0861475095e-07
7.0312500000e+01 1.4815365644e-07 4.9595264721e-08 9.8558391717e-08
7.0556640625e+01 1.4717297911e-07 5.1590156159e-08 9.5582822947e-08
7.0800781250e+01 1.5214263778e-07 5.5391702646e-08 9.6750935138e-08
7.1044921875e+01 1.6106552097e-07 6.0487944408e-08 1.0057757657e-07
7.1289062500e+01 1.7288598617e-07 6.6569999749e-08 1.0631598642e-07
7.1533203125e+01 1.8679858517e-07 7.3344034081e-08 1.1345455109e-07
7.1777343750e+01 2.0184286059e-07 8.0405303366e-08 1.2143755722e-07
7.2021484375e+01 2.1684045594e-07 8.7243090063e-08 1.2959736588e-07
7.2265625000e+01 2.3063665545e-07 9.3366016866e-08 1.3727063859e-07
7.2509765625e+01 2.4240284234e-07 9.8441660061e-08 1.4396118228e-07
7.2753906250e+01 2.5180109123e-07 1.0236431735e-07 1.4943677389e-07
7.2998046875e+01 2.5896288930e-07 1.0523953416e-07 1.5372335514e-07
7.3242187500e+01 2.6434176918e-07 1.0730290451e-07 1.5703886466e-07
7.3486328125e+01 2.6869852552e-07 1.0886929095e-07 1.5982923457e-07
7.3730468750e+01 2.7338202912e-07 1.1042850162e-07 1.6295352751e-07
7.3974609375e+01 2.8056008583e-07 1.1278818949e-07 1.6777189634e-07
7.4218750000e+01 2.9267490129e-07 1.1693692798e-07 1.7573797331e-07
7.4462890625e+01 3.1078713823e-07 1.2342984911e-07 1.8735728912e-07
7.4707031250e+01 3.3289475636e-07 1.3167853382e-07 2.0121622254e-07
7.4951171875e+01 3.5425444819e-07 1.3994550254e-07 2.1430894565e-07
7.5195312500e+01 3.7002521973e-07 1.4627372159e-07 2.2375149814e-07
7.5439453125e+01 3.7769908778e-07 1.4949506041e-07 2.2820402738e-07
7.5683593750e+01 3.7698785216e-07 1.4935621871e-07 2.2763163345e-07
7.5927734375e+01 3.6805548593e-07 1.4589184745e-07 2.2216363848e-07
7.6171875000e+01 3.5065684146e-07 1.3899149355e-07 2.1166534791e-07
7.6416015625e+01 3.2507688928e-07 1.2870146925e-07 1.9637542002e-07
7.6660156250e+01 2.9344953065e-07 1.1581169397e-07 1.7763783668e-07
7.6904296875e+01 2.5970013835e-07 1.0191123214e-07 1.5778890621e-07
7.7148437500e+01 2.2797221003e-07 8.8740327396e-08 1.3923188263e-07
7.7392578125e+01 2.0099017401e-07 7.7467896169e-08 1.2352227784e-07
7.7636718750e+01 1.7972462083e-07 6.8518646729e-08 1.1120597410e-07
7.7880859375e+01 1.6424228039e-07 6.1896129680e-08 1.0234615071e-07
7.8125000000e+01 1.5449250682e-07 5.7516993380e-08 9.6975513440e-08
7.8369140625e+01 1.5009934036e-07 5.5211485081e-08 9.4887855274e-08
7.8613281250e+01 1.4933191581e-07 5.4377859231e-08 9.4954056582e-08
7.8857421875e+01 1.4837898057e-07 5.3663045934e-08 9.4715934638e-08
7.9101562500e+01 1.4227437689e-07 5.1245340015e-08 9.1029036872e-08
7.9345703125e+01 1.2759930011e-07 4.5822669797e-08 8.1776630317e-08
7.9589843750e+01 1.0499677869e-07 3.7564541189e-08 6.7432237496e-08
7.9833984375e+01 7.9076852116e-08 2.8114540558e-08 5.0962311558e-08
8.0078125000e+01 5.5565123487e-08 1.9559264646e-08 3.6005858841e-08
8.0322265625e+01 3.8103936180e-08 1.3233557294e-08 2.4870378886e-08
8.0566406250e+01 2.7125026526e-08 9.2873298331e-09 1.7837696693e-08
8.0810546875e+01 2.0965207918e-08 7.1004955988e-09 1.3864712320e-08
8.1054687500e+01 1.7595738593e-08 5.9260710311e-09 1.1669667562e-08
8.1298828125e+01 1.5593371173e-08 5.2437021172e-09 1.0349669056e-08
8.1542968750e+01 1.4226542842e-08 4.7866090897e-09 9.4399337518e-09
8.1787109375e+01 1.3181359746e-08 4.4411632011e-09 8.7401965449e-09
8.2031250000e+01 1.2327439500e-08 4.1618983405e-09 8.1655411594e-09
8.2275390625e+01 1.1608332023e-08 3.9298212219e-09 7.6785108014e-09
8.2519531250e+01 1.0994337534e-08 3.7342287968e-09 7.2601087375e-09
8.2763671875e+01 1.0457578253e-08 3.5651087289e-09 6.8924695240e-09
8.3007812500e+01 9.9684709615e-09 3.4127871558e-09 6.5556838057e-09
8.3251953125e+01 9.5022746414e-09 3.2692680399e-09 6.2330066014e-09
8.3496093750e+01 9.0412924184e-09 3.1283066696e-09 5.9129857488e-09
8.3740234375e+01 8.5771225243e-09 2.9869265811e-09 5.5901959432e-09
8.3984375000e+01 8.1149867401e-09 2.8473420967e-09 5.2676446434e-09
8.4228515625e+01 7.6701753909e-09 2.7147100397e-09 4.9554653512e-09
8.4472656250e+01 7.2578801902e-09 2.5928064895e-09 4.6650737007e-09
8.4716796875e+01 6.8890275535e-09 2.4832259340e-09 4.4058016195e-09
8.4960937500e+01 6.5724976273e-09 2.3874325805e-09 4.1850650468e-09
8.5205078125e+01 6.3137815323e-09 2.3071014621e-09 4.0066800702e-09
8.5449218750e+01 6.1090884160e-09 2.2420405729e-09 3.8670478431e-09
8.5693359375e+01 5.9450641124e-09 2.1895681827e-09 3.7554959297e-09
8.5937500000e+01 5.8087302581e-09 2.1467663955e-09 3.6619638626e-09
8.6181640625e+01 5.6946975750e-09 2.1117769605e-09 3.5829206144e-09
8.6425781250e+01 5.5986897718e-09 2.0822754018e-09 3.5164143701e-09
8.6669921875e+01 5.5097108081e-09 2.0544072870e-09 3.4553035212e-09
8.6914062500e+01 5.4141455186e-09 2.0239610434e-09 3.3901844752e-09
8.7158203125e+01 5.3038881676e-09 1.9877487094e-09 3.3161394583e-09
8.7402343750e+01 5.1779676909e-09 1.9443639645e-09 3.2336037264e-09
8.7646484375e+01 5.0388483497e-09 1.8943240643e-09 3.1445242854e-09
8.7890625000e+01 4.8884662837e-09 1.8389131045e-09 3.0495531792e-09
8.8134765625e+01 4.7283961344e-09 1.7792596695e-09 2.9491364649e-09
8.8378906250e+01 4.5629189533e-09 1.7168521111e-09 2.8460668422e-09
8.8623046875e+01 4.3984699810e-09 1.6537763454e-09 2.7446936356e-09
8.8867187500e+01 4.2398325455e-09 1.5919903757e-09 2.6478421698e-09
8.9111328125e+01 4.0892071352e-09 1.5328461933e-09 2.5563609419e-09
8.9355468750e+01 3.9481397560e-09 1.4772694950e-09 2.4708702611e-09
8.9599609375e+01 3.8176115535e-09 1.4257933646e-09 2.3918181888e-09
8.9843750000e+01 3.6962873761e-09 1.3780358564e-09 2.3182515197e-09
9.0087890625e+01 3.5795305403e-09 1.3322746395e-09 2.2472559008e-09
9.0332031250e+01 3.4595211593e-09 1.2858212303e-09 2.1736999290e-09
9.0576171875e+01 3.3279519514e-09 1.2360645181e-09 2.0918874333e-09
9.0820312500e+01 3.1807261570e-09 1.1814967710e-09 1.9992293860e-09
9.1064453125e+01 3.0192176676e-09 1.1221637024e-09 1.8970539652e-09
9.1308593750e+01 2.8469053728e-09 1.0592317054e-09 1.7876736675e-09
9.1552734375e+01 2.6666528485e-09 9.9403890770e-10 1.6726139408e-09
9.1796875000e+01 2.4814384781e-09 9.2771215656e-10 1.5537263216e-09
9.2041015625e+01 2.2960375590e-09 8.6164982946e-10 1.4343877296e-09
9.2285156250e+01 2.1172051753e-09 7.9794315660e-10 1.3192620187e-09
9.2529296875e+01 1.9519801891e-09 7.3901912960e-10 1.2129610595e-09
9.2773437500e+01 1.8052367797e-09 6.8674390944e-10 1.1184928702e-09
9.3017578125e+01 1.6787517989e-09 6.4181805425e-10 1.0369337446e-09
9.3261718750e+01 1.5720164633e-09 6.0395985907e-10 9.6805660424e-10
9.3505859375e+01 1.4827060340e-09 5.7234911987e-10 9.1035691413e-10
9.3750000000e+01 1.4061745089e-09 5.4552842439e-10 8.6064608452e-10
9.3994140625e+01 1.3352167351e-09 5.2082046196e-10 8.1439627309e-10
9.4238281250e+01 1.2611706291e-09 4.9436191855e-10 7.6680871050e-10
9.4482421875e+01 1.1767247393e-09 4.6259980890e-10 7.1412493036e-10
9.4726562500e+01 1.0792825785e-09 4.2419901485e-10 6.5508356369e-10
9.4970703125e+01 9.7245587684e-10 3.8061001539e-10 5.9184586145e-10
9.5214843750e+01 8.6475380659e-10 3.3533125456e-10 5.2942255203e-10
9.5458984375e+01 7.6645680792e-10 2.9278742484e-10 4.7366938309e-10
9.5703125000e+01 6.8618327440e-10 2.5700000814e-10 4.2918326626e-10
9.5947265625e+01 6.2863594366e-10 2.3034640433e-10 3.9828953933e-10
9.6191406250e+01 5.9418643157e-10 2.1314136699e-10 3.8104506459e-10
9.6435546875e+01 5.7989653948e-10 2.0413135718e-10 3.7576518230e-10
9.6679687500e+01 5.8120005760e-10 2.0133801982e-10 3.7986203778e-10
9.6923828125e+01 5.9347943075e-10 2.0279211763e-10 3.9068731312e-10
9.7167968750e+01 6.1307737584e-10 2.0697288928e-10 4.0610448656e-10
9.7412109375e+01 6.3759932078e-10 2.1289899846e-10 4.2470032232e-10
9.7656250000e+01 6.6539850945e-10 2.1990443564e-10 4.4549407382e-10
9.7900390625e+01 6.9460205831e-10 2.2730414812e-10 4.6729791020e-10
9.8144531250e+01 7.2263416550e-10 2.3424961938e-10 4.8838454612e-10
9.8388671875e+01 7.4670609180e-10 2.3986857809e-10 5.0683751371e-10
9.8632812500e+01 7.6474433406e-10 2.4353211058e-10 5.2121222348e-10
9.8876953125e+01 7.7595529498e-10 2.4504582072e-10 5.3090947426e-10
9.9121093750e+01 7.8065202332e-10 2.4458915046e-10 5.3606287286e-10
9.9365234375e+01 7.7976544822e-10 2.4246801557e-10 5.3729743265e-10
9.9609375000e+01 7.7462082996e-10 2.3901179989e-10 5.3560903006e-10
9.9853515625e+01 7.6679706147e-10 2.3463761209e-10 5.3215944938e-10
1.0009765625e+02 7.5792947278e-10 2.2985603064e-10 5.2807344215e-10
1.0034179688e+02 7.4983123166e-10 2.2528314601e-10 5.2454808565e-10
1.0058593750e+02 7.4456432939e-10 2.2162104600e-10 5.2294328339e-10
1.0083007812e+02 7.4345988921e-10 2.1930015326e-10 5.2415973595e-10
1.0107421875e+02 7.4552202683e-10 2.1799042706e-10 5.2753159976e-10
1.0131835938e+02 7.4725435847e-10 2.1667049986e-10 5.3058385861e-10
1.0156250000e+02 7.4456647669e-10 2.1432268681e-10 5.3024378988e-10
1.0180664062e+02 7.3471654485e-10 2.1043653377e-10 5.2428001107e-10
1.0205078125e+02 7.1658696599e-10 2.0486206883e-10 5.1172489716e-10
1.0229492188e+02 6.8994462386e-10 1.9750891821e-10 4.9243570565e-10
1.0253906250e+02 6.5497078846e-10 1.8832920526e-10 4.6664158319e-10
1.0278320312e+02 6.1262840183e-10 1.7747703573e-10 4.3515136610e-10
1.0302734375e+02 5.6550298890e-10 1.6548626484e-10 4.0001672406e-10
1.0327148438e+02 5.1767459813e-10 1.5327360316e-10 3.6440099497e-10
1.0351562500e+02 4.7304394173e-10 1.4179469235e-10 3.3124924938e-10
1.0375976562e+02 4.3389725781e-10 1.3166757952e-10 3.0222967829e-10
1.0400390625e+02 4.0107208162e-10 1.2316242241e-10 2.7790965920e-10
1.0424804688e+02 3.7473023232e-10 1.1638946673e-10 2.5834076559e-10
1.0449218750e+02 3.5456346712e-10 1.1133179761e-10 2.4323166951e-10
1.0473632812e+02 3.3941684578e-10 1.0767901497e-10 2.3173783080e-10
1.0498046875e+02 3.2674783430e-10 1.0462247560e-10 2.2212535870e-10
1.0522460938e+02 3.1252919383e-10 1.0083348035e-10 2.1169571348e-10
1.0546875000e+02 2.9230168312e-10 9.4847359786e-11 1.9745432333e-10
1.0571289062e+02 2.6331765280e-10 8.5803125930e-11 1.7751452687e-10
1.0595703125e+02 2.2635599692e-10 7.4022475133e-11 1.5233352179e-10
1.0620117188e+02 1.8562789996e-10 6.0923988098e-11 1.2470391186e-10
1.0644531250e+02 1.4676026999e-10 4.8349415545e-11 9.8410854445e-11
1.0668945312e+02 1.1428309050e-10 3.7778452061e-11 7.6504638436e-11
1.0693359375e+02 9.0123164782e-11 2.9861333519e-11 6.0261831263e-11
1.0717773438e+02 7.3688357100e-11 2.4438901295e-11 4.9249455805e-11
1.0742187500e+02 6.3033051665e-11 2.0904453793e-11 4.2128597872e-11
1.0766601562e+02 5.6086651427e-11 1.8594189618e-11 3.7492461809e-11
1.0791015625e+02 5.1291558246e-11 1.6999687940e-11 3.4291870307e-11
1.0815429688e+02 4.7688368040e-11 1.5802978384e-11 3.1885389656e-11
1.0839843750e+02 4.4769728647e-11 1.4830247086e-11 2.9939481561e-11
1.0864257812e+02 4.2305431593e-11 1.3999494328e-11 2.8305937266e-11
1.0888671875e+02 4.0199216977e-11 1.3279896605e-11 2.6919320372e-11
1.0913085938e+02 3.8389409513e-11 1.2654940228e-11 2.5734469285e-11
1.0937500000e+02 3.6798832969e-11 1.2100127653e-11 2.4698705316e-11
1.0961914062e+02 3.5336791263e-11 1.1586450647e-11 2.3750340617e-11
1.0986328125e+02 3.3931002291e-11 1.1092552535e-11 2.2838449756e-11
1.1010742188e+02 3.2552731121e-11 1.0609559163e-11 2.1943171958e-11
1.1035156250e+02 3.1218416007e-11 1.0141520679e-11 2.1076895328e-11
1.1059570312e+02 2.9964117626e-11 9.6994866061e-12 2.0264631020e-11
1.1083984375e+02 2.8810296289e-11 9.2892505076e-12 1.9521045782e-11
1.1108398438e+02 2.7755982050e-11 8.9092574234e-12 1.8846724626e-11
1.1132812500e+02 2.6800482599e-11 8.5604254396e-12 1.8240057159e-11
1.1157226562e+02 2.5949653168e-11 8.2478619399e-12 1.7701791228e-11
1.1181640625e+02 2.5203219593e-11 7.9734459223e-12 1.7229773670e-11
1.1206054688e+02 2.4549984126e-11 7.7345825681e-12 1.6815401558e-11
1.1230468750e+02 2.3970673804e-11 7.5274658205e-12 1.6443207984e-11
1.1254882812e+02 2.3441411520e-11 7.3464758523e-12 1.6094935668e-11
1.1279296875e+02 2.2939891425e-11 7.1823618163e-12 1.5757529608e-11
1.1303710938e+02 2.2449096267e-11 7.0238886896e-12 1.5425207577e-11
1.1328125000e+02 2.1953943843e-11 6.8615187638e-12 1.5092425079e-11
1.1352539062e+02 2.1437258594e-11 6.6899074256e-12 1.4747351168e-11
1.1376953125e+02 2.0884936343e-11 6.5086424148e-12 1.4376293928e-11
1.1401367188e+02 2.0294649894e-11 6.3204375463e-12 1.3974212347e-11
1.1425781250e+02 1.9672954352e-11 6.1280704422e-12 1.3544883909e-11
1.1450195312e+02 1.9028379468e-11 5.9341065521e-12 1.3094272916e-11
1.1474609375e+02 1.8373523421e-11 5.7414656378e-12 1.2632057783e-11
1.1499023438e+02 1.7724661302e-11 5.5514951518e-12 1.2173166150e-11
1.1523437500e+02 1.7094722795e-11 5.3640943262e-12 1.1730628469e-11
1.1547851562e+02 1.6490880813e-11 5.1813110229e-12 1.1309569790e-11
1.1572265625e+02 1.5913567155e-11 5.0068878623e-12 1.0906679293e-11
1.1596679688e+02 1.5354446368e-11 4.8412240820e-12 1.0513222286e-11
1.1621093750e+02 1.4801055667e-11 4.6799869160e-12 1.0121068751e-11
1.1645507812e+02 1.4243854710e-11 4.5180264370e-12 9.7258282731e-12
1.1669921875e+02 1.3675977695e-11 4.3523501483e-12 9.3236275465e-12
1.1694335938e+02 1.3089504660e-11 4.1810417289e-12 8.9084629312e-12
1.1718750000e+02 1.2475362749e-11 4.0011910777e-12 8.4741716715e-12
1.1743164062e+02 1.1827630439e-11 3.8094956774e-12 8.0181347618e-12
1.1767578125e+02 1.1150989150e-11 3.6059112249e-12 7.5450779250e-12
1.1791992188e+02 1.0462949546e-11 3.3957803273e-12 7.0671692189e-12
1.1816406250e+02 9.7840430343e-12 3.1865017224e-12 6.5975413119e-12
1.1840820312e+02 9.1267201971e-12 2.9826417366e-12 6.1440784605e-12
1.1865234375e+02 8.4956456624e-12 2.7852542684e-12 5.7103913939e-12
1.1889648438e+02 7.8965479951e-12 2.5952785913e-12 5.3012694038e-12
1.1914062500e+02 7.3413671279e-12 2.4163478481e-12 4.9250192798e-12
1.1938476562e+02 6.8424767806e-12 2.2533206165e-12 4.5891561640e-12
1.1962890625e+02 6.4029330495e-12 2.1083966450e-12 4.2945364045e-12
1.1987304688e+02 6.0141640520e-12 1.9794371646e-12 4.0347268874e-12
1.2011718750e+02 5.6612409021e-12 1.8614622581e-12 3.7997786440e-12
1.2036132812e+02 5.3281840533e-12 1.7489957615e-12 3.5791882919e-12
1.2060546875e+02 5.0006633728e-12 1.6376243927e-12 3.3630389801e-12
1.2084960938e+02 4.6694452554e-12 1.5249379578e-12 3.1445072977e-12
1.2109375000e+02 4.3349790115e-12 1.4113234056e-12 2.9236556059e-12
1.2133789062e+02 4.0077837475e-12 1.2998972860e-12 2.7078864615e-12
1.2158203125e+02 3.7023304769e-12 1.1949720202e-12 2.5073584567e-12
1.2182617188e+02 3.4300834125e-12 1.1002906014e-12 2.3297928111e-12
1.2207031250e+02 3.1978125778e-12 1.0185529903e-12 2.1792595875e-12
1.2231445312e+02 3.0095706679e-12 9.5169888105e-13 2.0578717869e-12
1.2255859375e+02 2.8671907508e-12 9.0060545898e-13 1.9665852918e-12
1.2280273438e+02 2.7688530106e-12 8.6456638020e-13 1.9042866304e-12
1.2304687500e+02 2.7082937019e-12 8.4135076986e-13 1.8669429320e-12
1.2329101562e+02 2.6758132642e-12 8.2764042593e-13 1.8481728383e-12
1.2353515625e+02 2.6612473801e-12 8.1995630370e-13 1.8412910764e-12
1.2377929688e+02 2.6574775937e-12 8.1597851736e-13 1.8414990764e-12
1.2402343750e+02 2.6613115275e-12 8.1494598491e-13 1.8463655426e-12
1.2426757812e+02 2.6708769988e-12 8.1654421338e-13 1.8543327854e-12
1.2451171875e+02 2.6823878609e-12 8.1952532757e-13 1.8628625334e-12
1.2475585938e+02 2.6896058313e-12 8.2160340879e-13 1.8680024225e-12
1.2500000000e+02 2.6866431418e-12 8.2079212530e-13 1.8658510165e-12
1.2524414062e+02 2.6709192966e-12 8.1658256795e-13 1.8543367286e-12
1.2548828125e+02 2.6431556844e-12 8.0962509447e-13 1.8335305899e-12
1.2573242188e+02 2.6060233733e-12 8.0083016142e-13 1.8051932119e-12
1.2597656250e+02 2.5635373811e-12 7.9107120812e-13 1.7724661730e-12
1.2622070312e+02 2.5196313084e-12 7.8105315241e-13 1.7385781560e-12
1.2646484375e+02 2.4760953041e-12 7.7104494006e-13 1.7050503641e-12
1.2670898438e+02 2.4328635426e-12 7.6107712701e-13 1.6717864156e-12
1.2695312500e+02 2.3899819531e-12 7.5140910245e-13 1.6385728506e-12
1.2719726562e+02 2.3479562560e-12 7.4232082853e-13 1.6056354275e-12
1.2744140625e+02 2.3061160637e-12 7.3339047506e-13 1.5727255886e-12
1.2768554688e+02 2.2611838446e-12 7.2323936382e-13 1.5379444808e-12
1.2792968750e+02 2.2081216219e-12 7.1001422930e-13 1.4981073926e-12
1.2817382812e+02 2.1430180406e-12 6.9223635593e-13 1.4507816846e-12
1.2841796875e+02 2.0648555363e-12 6.6936885492e-13 1.3954866814e-12
1.2866210938e+02 1.9742805296e-12 6.4158636854e-13 1.3326941611e-12
1.2890625000e+02 1.8719164767e-12 6.0931101288e-13 1.2626054638e-12
1.2915039062e+02 1.7593036293e-12 5.7342355164e-13 1.1858800777e-12
1.2939453125e+02 1.6409397157e-12 5.3566882534e-13 1.1052708903e-12
1.2963867188e+02 1.5235265193e-12 4.9827007955e-13 1.0252564398e-12
1.2988281250e+02 1.4128022815e-12 4.6308749769e-13 9.4971478377e-13
1.3012695312e+02 1.3118166679e-12 4.3117357585e-13 8.8064309202e-13
1.3037109375e+02 1.2215979319e-12 4.0279072528e-13 8.1880720658e-13
1.3061523438e+02 1.1420176412e-12 3.7763582971e-13 7.6438181146e-13
1.3085937500e+02 1.0717135514e-12 3.5511899490e-13 7.1659455653e-13
1.3110351562e+02 1.0076246249e-12 3.3437616951e-13 6.7324845537e-13
1.3134765625e+02 9.4502792133e-13 3.1403604924e-13 6.3099187209e-13
1.3159179688e+02 8.7879339919e-13 2.9237846296e-13 5.8641493623e-13
1.3183593750e+02 8.0549864808e-13 2.6808994592e-13 5.3740870216e-13
1.3208007812e+02 7.2502784560e-13 2.4104569848e-13 4.8398214712e-13
1.3232421875e+02 6.4074384716e-13 2.1252295917e-13 4.2822088799e-13
1.3256835938e+02 5.5815669214e-13 1.8464105808e-13 3.7351563406e-13
1.3281250000e+02 4.8276919677e-13 1.5940498516e-13 3.2336421161e-13
1.3305664062e+02 4.1832755510e-13 1.3803921267e-13 2.8028834244e-13
1.3330078125e+02 3.6619156992e-13 1.2087581306e-13 2.4531575686e-13
1.3354492188e+02 3.2565375310e-13 1.0756757909e-13 2.1808617401e-13
1.3378906250e+02 2.9473295413e-13 9.7389519956e-14 1.9734343417e-13
1.3403320312e+02 2.7102475125e-13 8.9528221338e-14 1.8149652992e-13
1.3427734375e+02 2.5231749711e-13 8.3277034202e-14 1.6904046291e-13
1.3452148438e+02 2.3692390813e-13 7.8115234298e-14 1.5880867383e-13
1.3476562500e+02 2.2377832066e-13 7.3716814014e-14 1.5006150665e-13
1.3500976562e+02 2.1231728869e-13 6.9908706533e-14 1.4240858216e-13
1.3525390625e+02 2.0226478930e-13 6.6593890176e-14 1.3567089912e-13
1.3549804688e+02 1.9342669566e-13 6.3679147742e-14 1.2974754792e-13
1.3574218750e+02 1.8554155094e-13 6.1049833234e-14 1.2449171771e-13
1.3598632812e+02 1.7828609582e-13 5.8602295045e-14 1.1968380078e-13
1.3623046875e+02 1.7140815450e-13 5.6282159260e-14 1.1512599524e-13
1.3647460938e+02 1.6483819688e-13 5.4089358895e-14 1.1074883798e-13
1.3671875000e+02 1.5866590373e-13 5.2058655364e-14 1.0660724837e-13
1.3696289062e+02 1.5297656263e-13 5.0216991478e-14 1.0275957116e-13
1.3720703125e+02 1.4772672560e-13 4.8544262768e-14 9.9182462832e-14
1.3745117188e+02 1.4281637576e-13 4.6993482622e-14 9.5822893135e-14
1.3769531250e+02 1.3823164364e-13 4.5544887369e-14 9.2686756267e-14
1.3793945312e+02 1.3403060607e-13 4.4206633241e-14 8.9823972830e-14
1.3818359375e+02 1.3020841927e-13 4.2974454508e-14 8.7233964767e-14
1.3842773438e+02 1.2667137184e-13 4.1828171610e-14 8.4843200226e-14
1.3867187500e+02 1.2332643354e-13 4.0748992586e-14 8.2577440959e-14
1.3891601562e+02 1.2010432660e-13 3.9714433364e-14 8.0389893232e-14
1.3916015625e+02 1.1694499921e-13 3.8706019631e-14 7.8238979576e-14
1.3940429688e+02 1.1384941877e-13 3.7736569437e-14 7.6112849332e-14
1.3964843750e+02 1.1087064245e-13 3.6832144649e-14 7.4038497799e-14
1.3989257812e+02 1.0797786196e-13 3.5972167544e-14 7.2005694419e-14
1.4013671875e+02 1.0499963115e-13 3.5077818252e-14 6.9921812894e-14
1.4038085938e+02 1.0176388288e-13 3.4073819456e-14 6.7690063428e-14
1.4062500000e+02 9.8265335389e-14 3.2951030327e-14 6.5314305062e-14
1.4086914062e+02 9.4664413123e-14 3.1769903701e-14 6.2894509422e-14
1.4111328125e+02 9.1131296795e-14 3.0608115651e-14 6.0523181144e-14
1.4135742188e+02 8.7734491148e-14 2.9507805999e-14 5.8226685149e-14
1.4160156250e+02 8.4482768013e-14 2.8473246565e-14 5.6009521448e-14
1.4184570312e+02 8.1383273741e-14 2.7494261537e-14 5.3889012204e-14
1.4208984375e+02 7.8414356956e-14 2.6550297621e-14 5.1864059335e-14
1.4233398438e+02 7.5502537440e-14 2.5606574435e-14 4.9895963005e-14
1.4257812500e+02 7.2563775377e-14 2.4630000634e-14 4.7933774743e-14
1.4282226562e+02 6.9555457385e-14 2.3615259937e-14 4.5940197448e-14
1.4306640625e+02 6.6492168553e-14 2.2587124901e-14 4.3905043652e-14
1.4331054688e+02 6.3426812686e-14 2.1573651949e-14 4.1853160737e-14
1.4355468750e+02 6.0417744829e-14 2.0587636855e-14 3.9830107973e-14
1.4379882812e+02 5.7503637662e-14 1.9631697977e-14 3.7871939684e-14
1.4404296875e+02 5.4696794844e-14 1.8705127614e-14 3.5991667230e-14
1.4428710938e+02 5.1995771203e-14 1.7807084026e-14 3.4188687177e-14
1.4453125000e+02 4.9401285704e-14 1.6940223891e-14 3.2461061813e-14
1.4477539062e+02 4.6910350832e-14 1.6108642321e-14 3.0801708512e-14
1.4501953125e+02 4.4506974481e-14 1.5314958099e-14 2.9192016382e-14
1.4526367188e+02 4.2189614943e-14 1.4564157818e-14 2.7625457125e-14
1.4550781250e+02 4.0003002100e-14 1.3865634316e-14 2.6137367784e-14
1.4575195312e+02 3.8012711765e-14 1.3226892502e-14 2.4785819263e-14
1.4599609375e+02 3.6247223319e-14 1.2647638888e-14 2.3599584431e-14
1.4624023438e+02 3.4678971083e-14 1.2121225453e-14 2.2557745629e-14
1.4648437500e+02 3.3257597992e-14 1.1639702050e-14 2.1617895943e-14
1.4672851562e+02 3.1949668352e-14 1.1198381096e-14 2.0751287255e-14
1.4697265625e+02 3.0743597182e-14 1.0796121985e-14 1.9947475197e-14
1.4721679688e+02 2.9629865288e-14 1.0430240085e-14 1.9199625203e-14
1.4746093750e+02 2.8596537503e-14 1.0095113485e-14 1.8501424019e-14
1.4770507812e+02 2.7641454130e-14 9.7874709378e-15 1.7853983192e-14
1.4794921875e+02 2.6770935677e-14 9.5076376204e-15 1.7263298057e-14
1.4819335938e+02 2.5986873238e-14 9.2547678560e-15 1.6732105382e-14
1.4843750000e+02 2.5284876162e-14 9.0261154659e-15 1.6258760696e-14
1.4868164062e+02 2.4661344433e-14 8.8213047454e-15 1.5840039688e-14
1.4892578125e+02 2.4115477652e-14 8.6433287256e-15 1.5472148926e-14
1.4916992188e+02 2.3645925260e-14 8.4941446727e-15 1.5151780587e-14
1.4941406250e+02 2.3249564130e-14 8.3715773419e-15 1.4877986788e-14
1.4965820312e+02 2.2922005366e-14 8.2721166900e-15 1.4649888676e-14
1.4990234375e+02 2.2653403910e-14 8.1934738138e-15 1.4459930096e-14
1.5014648438e+02 2.2426980851e-14 8.1318655524e-15 1.4295115299e-14
1.5039062500e+02 2.2229031837e-14 8.0805103639e-15 1.4148521473e-14
1.5063476562e+02 2.2052870683e-14 8.0321941827e-15 1.4020676501e-14
1.5087890625e+02 2.1886522150e-14 7.9809326992e-15 1.3905589451e-14
1.5112304688e+02 2.1707421541e-14 7.9225934867e-15 1.3784828055e-14
1.5136718750e+02 2.1494777554e-14 7.8551867774e-15 1.3639590777e-14
1.5161132812e+02 2.1242015247e-14 7.7780270906e-15 1.3463988156e-14
1.5185546875e+02 2.0959276408e-14 7.6926488319e-15 1.3266627576e-14
1.5209960938e+02 2.0667055638e-14 7.6038895232e-15 1.3063166115e-14
1.5234375000e+02 2.0382219831e-14 7.5160932777e-15 1.2866126554e-14
1.5258789062e+02 2.0107294766e-14 7.4288807024e-15 1.2678414064e-14
1.5283203125e+02 1.9833633644e-14 7.3389079492e-15 1.2494725695e-14
1.5307617188e+02 1.9551687279e-14 7.2440771121e-15 1.2307610167e-14
1.5332031250e+02 1.9259516556e-14 7.1451077129e-15 1.2114408843e-14
1.5356445312e+02 1.8965127481e-14 7.0446545817e-15 1.1920472899e-14
1.5380859375e+02 1.8677109477e-14 6.9449962903e-15 1.1732113187e-14
1.5405273438e+02 1.8392668930e-14 6.8455544933e-15 1.1547114437e-14
1.5429687500e+02 1.8100769123e-14 6.7434328320e-15 1.1357336291e-14
1.5454101562e+02 1.7795115939e-14 6.6370739372e-15 1.1158042001e-14
1.5478515625e+02 1.7476117772e-14 6.5276122331e-15 1.0948505538e-14
1.5502929688e+02 1.7144227912e-14 6.4163096680e-15 1.0727918244e-14
1.5527343750e+02 1.6801315124e-14 6.3028202614e-15 1.0498494863e-14
1.5551757812e+02 1.6454388244e-14 6.1860732857e-15 1.0268314959e-14
1.5576171875e+02 1.6113567764e-14 6.0664969148e-15 1.0047070850e-14
1.5600585938e+02 1.5792035816e-14 5.9486203299e-15 9.8434154857e-15
1.5625000000e+02 1.5503758778e-14 5.8400440717e-15 9.6637147061e-15
1.5649414062e+02 1.5252633543e-14 5.7454436852e-15 9.5071898581e-15
1.5673828125e+02 1.5028002755e-14 5.6629057695e-15 9.3650969850e-15
1.5698242188e+02 1.4815531510e-14 5.5872910129e-15 9.2282404966e-15
1.5722656250e+02 1.4609535782e-14 5.5155743212e-15 9.0939614611e-15
1.5747070312e+02 1.4414397151e-14 5.4478888019e-15 8.9665083495e-15
1.5771484375e+02 1.4235768039e-14 5.3845737335e-15 8.8511943052e-15
1.5795898438e+02 1.4071466478e-14 5.3250113209e-15 8.7464551573e-15
1.5820312500e+02 1.3914266406e-14 5.2694650066e-15 8.6448013994e-15
1.5844726562e+02 1.3760983515e-14 5.2181970528e-15 8.5427864622e-15
1.5869140625e+02 1.3613657660e-14 5.1691632280e-15 8.4444944317e-15
1.5893554688e+02 1.3475198194e-14 5.1205270696e-15 8.3546711243e-15
1.5917968750e+02 1.3347418591e-14 5.0739958433e-15 8.2734227479e-15
1.5942382812e+02 1.3232022205e-14 5.0330494859e-15 8.1989727193e-15
1.5966796875e+02 1.3131568761e-14 4.9994397576e-15 8.1321290030e-15
1.5991210938e+02 1.3047403594e-14 4.9723753387e-15 8.0750282557e-15
1.6015625000e+02 1.2977199681e-14 4.9496432813e-15 8.0275563994e-15
1.6040039062e+02 1.2916990548e-14 4.9288536876e-15 7.9881368607e-15
1.6064453125e+02 1.2864648247e-14 4.9084338341e-15 7.9562144125e-15
1.6088867188e+02 1.2819304503e-14 4.8881896353e-15 7.9311148677e-15
1.6113281250e+02 1.2778596706e-14 4.8693901539e-15 7.9092065521e-15
1.6137695312e+02 1.2739625786e-14 4.8545131456e-15 7.8851126401e-15
1.6162109375e+02 1.2702147313e-14 4.8459584729e-15 7.8561888400e-15
1.6186523438e+02 1.2667248720e-14 4.8432264185e-15 7.8240223020e-15
1.6210937500e+02 1.2634404729e-14 4.8416522380e-15 7.7927524909e-15
1.6235351562e+02 1.2602847899e-14 4.8360869850e-15 7.7667609142e-15
1.6259765625e+02 1.2573596633e-14 4.8253403353e-15 7.7482562975e-15
1.6284179688e+02 1.2548318616e-14 4.8115909597e-15 7.7367276566e-15
1.6308593750e+02 1.2527360337e-14 4.7973562635e-15 7.7300040732e-15
1.6333007812e+02 1.2509803018e-14 4.7846948112e-15 7.7251082072e-15
1.6357421875e+02 1.2494338537e-14 4.7756025025e-15 7.7187360344e-15
1.6381835938e+02 1.2478464164e-14 4.7707706438e-15 7.7076935206e-15
1.6406250000e+02 1.2458903115e-14 4.7682629372e-15 7.6906401778e-15
1.6430664062e+02 1.2435156001e-14 4.7649563496e-15 7.6701996509e-15
1.6455078125e+02 1.2410120313e-14 4.7587360371e-15 7.6513842760e-15
1.6479492188e+02 1.2385601505e-14 4.7488198207e-15 7.6367816841e-15
1.6503906250e+02 1.2360635487e-14 4.7360401843e-15 7.6245953022e-15
1.6528320312e+02 1.2335531355e-14 4.7233108614e-15 7.6122204932e-15
1.6552734375e+02 1.2314022593e-14 4.7136767359e-15 7.6003458567e-15
1.6577148438e+02 1.2299936151e-14 4.7078982975e-15 7.5920378537e-15
1.6601562500e+02 1.2292917634e-14 4.7045824924e-15 7.5883351413e-15
1.6625976562e+02 1.2287486541e-14 4.7015024104e-15 7.5859841309e-15
1.6650390625e+02 1.2276599289e-14 4.6968514460e-15 7.5797478426e-15
1.6674804688e+02 1.2256981131e-14 4.6906012512e-15 7.5663798799e-15
1.6699218750e+02 1.2231766431e-14 4.6845822154e-15 7.5471842154e-15
1.6723632812e+02 1.2208254621e-14 4.6801640515e-15 7.5280905696e-15
1.6748046875e+02 1.2191775277e-14 4.6766146755e-15 7.5151606015e-15
1.6772460938e+02 1.2182343247e-14 4.6729254273e-15 7.5094178201e-15
1.6796875000e+02 1.2178115208e-14 4.6694829440e-15 7.5086322642e-15
1.6821289062e+02 1.2178748294e-14 4.6670404655e-15 7.5117078280e-15
1.6845703125e+02 1.2183373565e-14 4.6658487772e-15 7.5175247882e-15
1.6870117188e+02 1.2187519057e-14 4.6655835887e-15 7.5219354686e-15
1.6894531250e+02 1.2184300376e-14 4.6649709114e-15 7.5193294642e-15
1.6918945312e+02 1.2170028544e-14 4.6624497414e-15 7.5075788027e-15
1.6943359375e+02 1.2148115994e-14 4.6577704170e-15 7.4903455766e-15
1.6967773438e+02 1.2125458757e-14 4.6520564084e-15 7.4734023488e-15
1.6992187500e+02 1.2106326897e-14 4.6462998117e-15 7.4600270848e-15
1.7016601562e+02 1.2091716183e-14 4.6407716656e-15 7.4509445174e-15
1.7041015625e+02 1.2081483736e-14 4.6359643969e-15 7.4455193388e-15
1.7065429688e+02 1.2074020469e-14 4.6328539898e-15 7.4411664792e-15
1.7089843750e+02 1.2067030145e-14 4.6316696925e-15 7.4353604527e-15
1.7114257812e+02 1.2060943656e-14 4.6315381632e-15 7.4294054930e-15
1.7138671875e+02 1.2058195263e-14 4.6313667814e-15 7.4268284818e-15
1.7163085938e+02 1.2058512164e-14 4.6299199458e-15 7.4285922184e-15
1.7187500000e+02 1.2057871690e-14 4.6257649079e-15 7.4321067823e-15
1.7211914062e+02 1.2052186656e-14 4.6185603242e-15 7.4336263316e-15
1.7236328125e+02 1.2041044727e-14 4.6104245738e-15 7.4306201537e-15
1.7260742188e+02 1.2028374873e-14 4.6050030994e-15 7.4233717734e-15
1.7285156250e+02 1.2018995366e-14 4.6041862527e-15 7.4148091128e-15
1.7309570312e+02 1.2013642747e-14 4.6063851846e-15 7.4072575624e-15
1.7333984375e+02 1.2008528274e-14 4.6084639024e-15 7.4000643718e-15
1.7358398438e+02 1.2000543713e-14 4.6083330848e-15 7.3922106285e-15
1.7382812500e+02 1.1991373875e-14 4.6061188015e-15 7.3852550736e-15
1.7407226562e+02 1.1985141347e-14 4.6037512347e-15 7.3813901123e-15
1.7431640625e+02 1.1982838817e-14 4.6027437051e-15 7.3800951124e-15
1.7456054688e+02 1.1981638776e-14 4.6022353164e-15 7.3794034591e-15
1.7480468750e+02 1.1979629890e-14 4.6000676707e-15 7.3795622189e-15
1.7504882812e+02 1.1977170511e-14 4.5955755118e-15 7.3815949994e-15
1.7529296875e+02 1.1973423457e-14 4.5901368556e-15 7.3832866011e-15
1.7553710938e+02 1.1966829142e-14 4.5853857364e-15 7.3814434057e-15
1.7578125000e+02 1.1960029871e-14 4.5822300464e-15 7.3777998244e-15
1.7602539062e+02 1.1959614174e-14 4.5812937627e-15 7.3783204109e-15
1.7626953125e+02 1.1968005269e-14 4.5826779465e-15 7.3853273221e-15
1.7651367188e+02 1.1978063573e-14 4.5847572461e-15 7.3933063264e-15
1.7675781250e+02 1.1980355621e-14 4.5853876052e-15 7.3949680162e-15
1.7700195312e+02 1.1974686414e-14 4.5853257559e-15 7.3893606583e-15
1.7724609375e+02 1.1969272950e-14 4.5875382297e-15 7.3817347200e-15
1.7749023438e+02 1.1969932436e-14 4.5922563537e-15 7.3776760826e-15
1.7773437500e+02 1.1975225602e-14 4.5962470607e-15 7.3789785416e-15
1.7797851562e+02 1.1981001957e-14 4.5975011711e-15 7.3835007856e-15
1.7822265625e+02 1.1984914403e-14 4.5971078299e-15 7.3878065728e-15
1.7846679688e+02 1.1985728441e-14 4.5965876073e-15 7.3891408337e-15
1.7871093750e+02 1.1981930589e-14 4.5964551192e-15 7.3854754701e-15
1.7895507812e+02 1.1973457955e-14 4.5967223024e-15 7.3767356531e-15
1.7919921875e+02 1.1963245060e-14 4.5966642741e-15 7.3665807858e-15
1.7944335938e+02 1.1955967319e-14 4.5950203105e-15 7.3609470086e-15
1.7968750000e+02 1.1955729702e-14 4.5917257190e-15 7.3640039829e-15
1.7993164062e+02 1.1963887644e-14 4.5887942281e-15 7.3750934163e-15
1.8017578125e+02 1.1977411946e-14 4.5882629731e-15 7.3891489731e-15
1.8041992188e+02 1.1989186600e-14 4.5893617850e-15 7.3998248152e-15
1.8066406250e+02 1.1991764035e-14 4.5892967607e-15 7.4024672745e-15
1.8090820312e+02 1.1983320573e-14 4.5868767520e-15 7.3964438211e-15
1.8115234375e+02 1.1970074355e-14 4.5834862944e-15 7.3865880604e-15
1.8139648438e+02 1.1960885194e-14 4.5808978431e-15 7.3799873509e-15
1.8164062500e+02 1.1959384936e-14 4.5802991418e-15 7.3790857938e-15
1.8188476562e+02 1.1962997294e-14 4.5826076836e-15 7.3803896108e-15
1.8212890625e+02 1.1967176088e-14 4.5871717357e-15 7.3800043522e-15
1.8237304688e+02 1.1967752078e-14 4.5909646532e-15 7.3767874245e-15
1.8261718750e+02 1.1962481323e-14 4.5912767560e-15 7.3712045672e-15
1.8286132812e+02 1.1953024136e-14 4.5882874944e-15 7.3647366421e-15
1.8310546875e+02 1.1944198955e-14 4.5838979424e-15 7.3603010126e-15
1.8334960938e+02 1.1940608103e-14 4.5797625348e-15 7.3608455681e-15
1.8359375000e+02 1.1943757623e-14 4.5772974307e-15 7.3664601921e-15
1.8383789062e+02 1.1951690468e-14 4.5775587794e-15 7.3741316883e-15
1.8408203125e+02 1.1960334339e-14 4.5797017257e-15 7.3806326135e-15
1.8432617188e+02 1.1965167919e-14 4.5807668327e-15 7.3844010864e-15
1.8457031250e+02 1.1963818751e-14 4.5783563796e-15 7.3854623716e-15
1.8481445312e+02 1.1958165202e-14 4.5733213284e-15 7.3848438734e-15
1.8505859375e+02 1.1951920058e-14 4.5688843992e-15 7.3830356592e-15
1.8530273438e+02 1.1946822716e-14 4.5673426664e-15 7.3794800492e-15
1.8554687500e+02 1.1943228217e-14 4.5686653575e-15 7.3745628596e-15
1.8579101562e+02 1.1941441654e-14 4.5715006897e-15 7.3699409639e-15
1.8603515625e+02 1.1940424129e-14 4.5743354083e-15 7.3660887208e-15
1.8627929688e+02 1.1937821743e-14 4.5762640018e-15 7.3615577411e-15
1.8652343750e+02 1.1933491970e-14 4.5773908499e-15 7.3561011200e-15
1.8676757812e+02 1.1931831852e-14 4.5783531764e-15 7.3534786755e-15
1.8701171875e+02 1.1936896552e-14 4.5790343162e-15 7.3578622358e-15
1.8725585938e+02 1.1946380167e-14 4.5783903145e-15 7.3679898523e-15
1.8750000000e+02 1.1954457190e-14 4.5761171227e-15 7.3783400674e-15
1.8774414062e+02 1.1958062746e-14 4.5735200769e-15 7.3845426695e-15
1.8798828125e+02 1.1958408746e-14 4.5725036882e-15 7.3859050577e-15
1.8823242188e+02 1.1959291931e-14 4.5740772277e-15 7.3852147035e-15
1.8847656250e+02 1.1962806115e-14 4.5771841340e-15 7.3856219815e-15
1.8872070312e+02 1.1965157224e-14 4.5792806217e-15 7.3858766022e-15
1.8896484375e+02 1.1961257179e-14 4.5788658221e-15 7.3823913573e-15
1.8920898438e+02 1.1953021027e-14 4.5770391154e-15 7.3759819118e-15
1.8945312500e+02 1.1947118813e-14 4.5762752991e-15 7.3708435142e-15
1.8969726562e+02 1.1946472762e-14 4.5779535824e-15 7.3685191792e-15
1.8994140625e+02 1.1949502283e-14 4.5816615623e-15 7.3678407204e-15
1.9018554688e+02 1.1954646004e-14 4.5862234522e-15 7.3684225515e-15
1.9042968750e+02 1.1959954626e-14 4.5901967329e-15 7.3697578935e-15
1.9067382812e+02 1.1960913662e-14 4.5922648359e-15 7.3686488257e-15
1.9091796875e+02 1.1954089978e-14 4.5919951199e-15 7.3620948584e-15
1.9116210938e+02 1.1941772158e-14 4.5898913868e-15 7.3518807709e-15
1.9140625000e+02 1.1929899143e-14 4.5867071642e-15 7.3431919793e-15
1.9165039062e+02 1.1923013818e-14 4.5830123976e-15 7.3400014201e-15
1.9189453125e+02 1.1923397263e-14 4.5796237180e-15 7.3437735451e-15
1.9213867188e+02 1.1931295684e-14 4.5776615034e-15 7.3536341808e-15
1.9238281250e+02 1.1941722592e-14 4.5770229626e-15 7.3646996289e-15
1.9262695312e+02 1.1945429124e-14 4.5756335669e-15 7.3697955571e-15
1.9287109375e+02 1.1937743456e-14 4.5717303937e-15 7.3660130619e-15
1.9311523438e+02 1.1923718734e-14 4.5661544285e-15 7.3575643053e-15
1.9335937500e+02 1.1913547705e-14 4.5617867437e-15 7.3517609616e-15
1.9360351562e+02 1.1914452716e-14 4.5614796057e-15 7.3529731100e-15
1.9384765625e+02 1.1925040778e-14 4.5659387246e-15 7.3591020535e-15
1.9409179688e+02 1.1937660490e-14 4.5727855712e-15 7.3648749191e-15
1.9433593750e+02 1.1947010914e-14 4.5781771993e-15 7.3688337146e-15
1.9458007812e+02 1.1953120061e-14 4.5798156331e-15 7.3733044275e-15
1.9482421875e+02 1.1957649079e-14 4.5786025897e-15 7.3790464891e-15
1.9506835938e+02 1.1961684764e-14 4.5773943037e-15 7.3842904601e-15
1.9531250000e+02 1.1965280007e-14 4.5779254602e-15 7.3873545466e-15
1.9555664062e+02 1.1966830109e-14 4.5792694256e-15 7.3875606836e-15
1.9580078125e+02 1.1963855466e-14 4.5796109655e-15 7.3842445008e-15
1.9604492188e+02 1.1955931629e-14 4.5787315959e-15 7.3772000328e-15
1.9628906250e+02 1.1947190689e-14 4.5777926521e-15 7.3693980370e-15
1.9653320312e+02 1.1943871481e-14 4.5773760932e-15 7.3664953876e-15
1.9677734375e+02 1.1948053782e-14 4.5771777676e-15 7.3708760143e-15
1.9702148438e+02 1.1955329544e-14 4.5769791083e-15 7.3783504357e-15
1.9726562500e+02 1.1959714653e-14 4.5767478383e-15 7.3829668151e-15
1.9750976562e+02 1.1959753404e-14 4.5764953991e-15 7.3832580046e-15
1.9775390625e+02 1.1958615086e-14 4.5763612587e-15 7.3822538274e-15
1.9799804688e+02 1.1959323358e-14 4.5763302205e-15 7.3829931373e-15
1.9824218750e+02 1.1960988647e-14 4.5761567417e-15 7.3848319055e-15
1.9848632812e+02 1.1959003200e-14 4.5755955757e-15 7.3834076244e-15
1.9873046875e+02 1.1950156289e-14 4.5749313847e-15 7.3752249042e-15
1.9897460938e+02 1.1938060317e-14 4.5748487326e-15 7.3632115840e-15
1.9921875000e+02 1.1930291575e-14 4.5747944905e-15 7.3554970850e-15
1.9946289062e+02 1.1929235489e-14 4.5733339257e-15 7.3559015635e-15
1.9970703125e+02 1.1929555117e-14 4.5707839448e-15 7.3587711724e-15
1.9995117188e+02 1.1926539304e-14 4.5686774492e-15 7.3578618551e-15
2.0019531250e+02 1.1922568439e-14 4.5671334368e-15 7.3554350026e-15
2.0043945312e+02 1.1922726409e-14 4.5654968079e-15 7.3572296006e-15
2.0068359375e+02 1.1927767172e-14 4.5636880664e-15 7.3640791061e-15
2.0092773438e+02 1.1933661168e-14 4.5611781671e-15 7.3724830005e-15
2.0117187500e+02 1.1936279160e-14 4.5574864683e-15 7.3787926916e-15
2.0141601562e+02 1.1934976201e-14 4.5543495620e-15 7.3806266394e-15
2.0166015625e+02 1.1931679135e-14 4.5547323186e-15 7.3769468161e-15
2.0190429688e+02 1.1928272858e-14 4.5596558531e-15 7.3686170053e-15
2.0214843750e+02 1.1925481786e-14 4.5668908559e-15 7.3585909297e-15
2.0239257812e+02 1.1923116744e-14 4.5724418797e-15 7.3506748643e-15
2.0263671875e+02 1.1921533034e-14 4.5741763401e-15 7.3473566939e-15
2.0288085938e+02 1.1922566746e-14 4.5739486330e-15 7.3486181129e-15
2.0312500000e+02 1.1927899581e-14 4.5750283755e-15 7.3528712055e-15
2.0336914062e+02 1.1936293826e-14 4.5782449530e-15 7.3580488735e-15
2.0361328125e+02 1.1943026431e-14 4.5813501171e-15 7.3616763137e-15
2.0385742188e+02 1.1943406547e-14 4.5817406273e-15 7.3616659193e-15
2.0410156250e+02 1.1937572688e-14 4.5796029100e-15 7.3579697779e-15
2.0434570312e+02 1.1930726405e-14 4.5778385106e-15 7.3528878941e-15
2.0458984375e+02 1.1927294511e-14 4.5787041596e-15 7.3485903511e-15
2.0483398438e+02 1.1925886738e-14 4.5812791765e-15 7.3446075619e-15
2.0507812500e+02 1.1923274783e-14 4.5828864514e-15 7.3403883317e-15
2.0532226562e+02 1.1920965111e-14 4.5822033493e-15 7.3387617619e-15
2.0556640625e+02 1.1921489234e-14 4.5795960512e-15 7.3418931827e-15
2.0581054688e+02 1.1921974420e-14 4.5758045311e-15 7.3461698890e-15
2.0605468750e+02 1.1918679146e-14 4.5722071299e-15 7.3464720164e-15
2.0629882812e+02 1.1913540035e-14 4.5707242689e-15 7.3428157662e-15
2.0654296875e+02 1.1910847472e-14 4.5720994373e-15 7.3387480350e-15
2.0678710938e+02 1.1911378930e-14 4.5749841280e-15 7.3363948024e-15
2.0703125000e+02 1.1913090486e-14 4.5772581796e-15 7.3358323066e-15
2.0727539062e+02 1.1914666451e-14 4.5782017240e-15 7.3364647268e-15
2.0751953125e+02 1.1916272167e-14 4.5786087583e-15 7.3376634087e-15
2.0776367188e+02 1.1918633256e-14 4.5789327470e-15 7.3397005094e-15
2.0800781250e+02 1.1921851908e-14 4.5784750272e-15 7.3433768807e-15
2.0825195312e+02 1.1924590858e-14 4.5766708068e-15 7.3479200510e-15
2.0849609375e+02 1.1925896226e-14 4.5745667402e-15 7.3513294854e-15
2.0874023438e+02 1.1926927038e-14 4.5738438872e-15 7.3530831510e-15
2.0898437500e+02 1.1927938783e-14 4.5739480169e-15 7.3539907657e-15
2.0922851562e+02 1.1925972475e-14 4.5721786267e-15 7.3537938485e-15
2.0947265625e+02 1.1920033518e-14 4.5683095344e-15 7.3517239841e-15
2.0971679688e+02 1.1915244920e-14 4.5665819567e-15 7.3486629631e-15
2.0996093750e+02 1.1916440951e-14 4.5702865898e-15 7.3461543610e-15
2.1020507812e+02 1.1921824972e-14 4.5767936198e-15 7.3450313524e-15
2.1044921875e+02 1.1927432077e-14 4.5808005837e-15 7.3466314933e-15
2.1069335938e+02 1.1931769448e-14 4.5803947510e-15 7.3513746971e-15
2.1093750000e+02 1.1933807162e-14 4.5774479806e-15 7.3563591813e-15
2.1118164062e+02 1.1933055395e-14 4.5740113070e-15 7.3590440878e-15
2.1142578125e+02 1.1930828940e-14 4.5709980153e-15 7.3598309251e-15
2.1166992188e+02 1.1926658448e-14 4.5689969738e-15 7.3576614738e-15
2.1191406250e+02 1.1917669644e-14 4.5678208283e-15 7.3498488160e-15
2.1215820312e+02 1.1904614188e-14 4.5660172964e-15 7.3385968917e-15
2.1240234375e+02 1.1893817361e-14 4.5628046514e-15 7.3310127098e-15
2.1264648438e+02 1.1891141735e-14 4.5598231733e-15 7.3313185622e-15
2.1289062500e+02 1.1896559605e-14 4.5594944038e-15 7.3370652016e-15
2.1313476562e+02 1.1905189952e-14 4.5625231762e-15 7.3426667762e-15
2.1337890625e+02 1.1912006553e-14 4.5680056059e-15 7.3440009469e-15
2.1362304688e+02 1.1915766444e-14 4.5745647359e-15 7.3412017078e-15
2.1386718750e+02 1.1919233841e-14 4.5805168609e-15 7.3387169797e-15
2.1411132812e+02 1.1924679509e-14 4.5841894607e-15 7.3404900485e-15
2.1435546875e+02 1.1930215886e-14 4.5847321845e-15 7.3454837012e-15
2.1459960938e+02 1.1933049786e-14 4.5826800220e-15 7.3503697645e-15
2.1484375000e+02 1.1934176613e-14 4.5798502673e-15 7.3543263459e-15
2.1508789062e+02 1.1935514007e-14 4.5777065242e-15 7.3578074828e-15
2.1533203125e+02 1.1934738095e-14 4.5759782022e-15 7.3587598926e-15
2.1557617188e+02 1.1929202757e-14 4.5744075640e-15 7.3547951932e-15
2.1582031250e+02 1.1923524849e-14 4.5745497619e-15 7.3489750876e-15
2.1606445312e+02 1.1926065351e-14 4.5779450757e-15 7.3481202749e-15
2.1630859375e+02 1.1937416632e-14 4.5834035455e-15 7.3540130867e-15
2.1655273438e+02 1.1948770566e-14 4.5872929296e-15 7.3614776369e-15
2.1679687500e+02 1.1952313655e-14 4.5866742462e-15 7.3656394084e-15
2.1704101562e+02 1.1948615770e-14 4.5822152156e-15 7.3664005546e-15
2.1728515625e+02 1.1943899226e-14 4.5779882123e-15 7.3659110133e-15
2.1752929688e+02 1.1942868592e-14 4.5774839371e-15 7.3653846553e-15
2.1777343750e+02 1.1944901385e-14 4.5796880642e-15 7.3652133210e-15
2.1801757812e+02 1.1945819414e-14 4.5806627423e-15 7.3651566719e-15
2.1826171875e+02 1.1942186568e-14 4.5785290298e-15 7.3636575384e-15
2.1850585938e+02 1.1935062059e-14 4.5747135042e-15 7.3603485548e-15
2.1875000000e+02 1.1930199097e-14 4.5711460168e-15 7.3590530801e-15
2.1899414062e+02 1.1932883925e-14 4.5686470584e-15 7.3642368664e-15
2.1923828125e+02 1.1942039836e-14 4.5675304449e-15 7.3745093908e-15
2.1948242188e+02 1.1951470458e-14 4.5680001892e-15 7.3834702686e-15
2.1972656250e+02 1.1957058989e-14 4.5699846885e-15 7.3870743008e-15
2.1997070312e+02 1.1959299081e-14 4.5728193861e-15 7.3864796947e-15
2.2021484375e+02 1.1959571453e-14 4.5752541272e-15 7.3843173254e-15
2.2045898438e+02 1.1959138203e-14 4.5767370524e-15 7.3824011505e-15
2.2070312500e+02 1.1960999153e-14 4.5782525426e-15 7.3827466101e-15
2.2094726562e+02 1.1967467088e-14 4.5804447719e-15 7.3870223160e-15
2.2119140625e+02 1.1975334134e-14 4.5817454618e-15 7.3935886722e-15
2.2143554688e+02 1.1977371910e-14 4.5801908817e-15 7.3971810279e-15
2.2167968750e+02 1.1970291757e-14 4.5769126346e-15 7.3933791221e-15
2.2192382812e+02 1.1957968224e-14 4.5758861730e-15 7.3820820510e-15
2.2216796875e+02 1.1945598296e-14 4.5790582890e-15 7.3665400073e-15
2.2241210938e+02 1.1935869214e-14 4.5837364447e-15 7.3521327696e-15
2.2265625000e+02 1.1931223400e-14 4.5862762314e-15 7.3449471689e-15
2.2290039062e+02 1.1933173086e-14 4.5859064380e-15 7.3472666476e-15
2.2314453125e+02 1.1939170118e-14 4.5841326034e-15 7.3550375141e-15
2.2338867188e+02 1.1944063565e-14 4.5823906271e-15 7.3616729379e-15
2.2363281250e+02 1.1944494657e-14 4.5807162325e-15 7.3637784242e-15
2.2387695312e+02 1.1941328395e-14 4.5787916191e-15 7.3625367763e-15
2.2412109375e+02 1.1937840842e-14 4.5780659720e-15 7.3597748701e-15
2.2436523438e+02 1.1936156290e-14 4.5810137426e-15 7.3551425470e-15
2.2460937500e+02 1.1936751510e-14 4.5877846370e-15 7.3489668735e-15
2.2485351562e+02 1.1938715875e-14 4.5947451653e-15 7.3439707094e-15
2.2509765625e+02 1.1939188787e-14 4.5971020270e-15 7.3420867602e-15
2.2534179688e+02 1.1936345094e-14 4.5929105642e-15 7.3434345300e-15
2.2558593750e+02 1.1932424854e-14 4.5843270938e-15 7.3480977606e-15
2.2583007812e+02 1.1931020668e-14 4.5759059769e-15 7.3551146912e-15
2.2607421875e+02 1.1932824107e-14 4.5717192508e-15 7.3611048567e-15
2.2631835938e+02 1.1935981335e-14 4.5723790389e-15 7.3636022963e-15
2.2656250000e+02 1.1940045698e-14 4.5753909167e-15 7.3646547815e-15
2.2680664062e+02 1.1947016713e-14 4.5793727630e-15 7.3676439496e-15
2.2705078125e+02 1.1957177793e-14 4.5852210611e-15 7.3719567315e-15
2.2729492188e+02 1.1965654366e-14 4.5921771884e-15 7.3734771771e-15
2.2753906250e+02 1.1965408564e-14 4.5965064840e-15 7.3689020799e-15
2.2778320312e+02 1.1954335658e-14 4.5953710182e-15 7.3589646399e-15
2.2802734375e+02 1.1938056860e-14 4.5896466169e-15 7.3484102428e-15
2.2827148438e+02 1.1925554721e-14 4.5828532541e-15 7.3427014668e-15
2.2851562500e+02 1.1922805361e-14 4.5783135290e-15 7.3444918320e-15
2.2875976562e+02 1.1928636459e-14 4.5766005475e-15 7.3520359116e-15
2.2900390625e+02 1.1935063386e-14 4.5753987991e-15 7.3596645869e-15
2.2924804688e+02 1.1934342767e-14 4.5724538163e-15 7.3618889509e-15
2.2949218750e+02 1.1928852113e-14 4.5686426893e-15 7.3602094239e-15
2.2973632812e+02 1.1931207045e-14 4.5673855264e-15 7.3638215186e-15
2.2998046875e+02 1.1949379857e-14 4.5706647172e-15 7.3787151401e-15
2.3022460938e+02 1.1973735507e-14 4.5762762654e-15 7.3974592420e-15
2.3046875000e+02 1.1985216491e-14 4.5798906181e-15 7.4053258732e-15
2.3071289062e+02 1.1975839388e-14 4.5798099025e-15 7.3960294850e-15
2.3095703125e+02 1.1955472372e-14 4.5784392093e-15 7.3770331623e-15
2.3120117188e+02 1.1938461523e-14 4.5781754126e-15 7.3602861100e-15
2.3144531250e+02 1.1930067375e-14 4.5781316181e-15 7.3519357568e-15
2.3168945312e+02 1.1928098869e-14 4.5770473292e-15 7.3510515400e-15
2.3193359375e+02 1.1929839232e-14 4.5763521011e-15 7.3534871312e-15
2.3217773438e+02 1.1931998943e-14 4.5777029726e-15 7.3542959708e-15
2.3242187500e+02 1.1930838357e-14 4.5804631036e-15 7.3503752539e-15
2.3266601562e+02 1.1926754787e-14 4.5831688947e-15 7.3435858920e-15
2.3291015625e+02 1.1923679014e-14 4.5849257937e-15 7.3387532205e-15
2.3315429688e+02 1.1923842591e-14 4.5853846286e-15 7.3384579627e-15
2.3339843750e+02 1.1927105831e-14 4.5849462150e-15 7.3421596162e-15
2.3364257812e+02 1.1933152668e-14 4.5840752489e-15 7.3490774193e-15
2.3388671875e+02 1.1941157248e-14 4.5825541721e-15 7.3586030763e-15
2.3413085938e+02 1.1948377550e-14 4.5805344074e-15 7.3678431423e-15
2.3437500000e+02 1.1951333175e-14 4.5789432375e-15 7.3723899371e-15
2.3461914062e+02 1.1948789859e-14 4.5779895087e-15 7.3708003505e-15
2.3486328125e+02 1.1942521499e-14 4.5766821495e-15 7.3658393500e-15
2.3510742188e+02 1.1935426196e-14 4.5739383093e-15 7.3614878866e-15
2.3535156250e+02 1.1929247376e-14 4.5695130049e-15 7.3597343711e-15
2.3559570312e+02 1.1923126642e-14 4.5647524332e-15 7.3583742087e-15
2.3583984375e+02 1.1915392293e-14 4.5624967107e-15 7.3528955822e-15
2.3608398438e+02 1.1908352820e-14 4.5648676479e-15 7.3434851721e-15
2.3632812500e+02 1.1907371044e-14 4.5708597428e-15 7.3365113014e-15
2.3657226562e+02 1.1912567147e-14 4.5768872365e-15 7.3356799110e-15
2.3681640625e+02 1.1916886274e-14 4.5799357157e-15 7.3369505583e-15
2.3706054688e+02 1.1914498956e-14 4.5796191228e-15 7.3348798329e-15
2.3730468750e+02 1.1907808409e-14 4.5776422240e-15 7.3301661849e-15
2.3754882812e+02 1.1905528199e-14 4.5764528712e-15 7.3290753281e-15
2.3779296875e+02 1.1913661913e-14 4.5777768778e-15 7.3358850353e-15
2.3803710938e+02 1.1928213257e-14 4.5808051668e-15 7.3474080904e-15
2.3828125000e+02 1.1938662011e-14 4.5823152702e-15 7.3563467410e-15
2.3852539062e+02 1.1939021178e-14 4.5803244177e-15 7.3586967604e-15
2.3876953125e+02 1.1933283743e-14 4.5768054208e-15 7.3564783225e-15
2.3901367188e+02 1.1928951666e-14 4.5751994621e-15 7.3537522039e-15
2.3925781250e+02 1.1928136914e-14 4.5764396351e-15 7.3516972794e-15
2.3950195312e+02 1.1928588397e-14 4.5793947154e-15 7.3491936813e-15
2.3974609375e+02 1.1930376302e-14 4.5834955327e-15 7.3468807688e-15
2.3999023438e+02 1.1935565992e-14 4.5881618570e-15 7.3474041353e-15
2.4023437500e+02 1.1942912494e-14 4.5917568961e-15 7.3511555980e-15
2.4047851562e+02 1.1947821146e-14 4.5931422927e-15 7.3546788535e-15
2.4072265625e+02 1.1947451140e-14 4.5925144390e-15 7.3549367011e-15
2.4096679688e+02 1.1943395269e-14 4.5907023640e-15 7.3526929048e-15
2.4121093750e+02 1.1938485644e-14 4.5888150721e-15 7.3496705719e-15
2.4145507812e+02 1.1932689844e-14 4.5873758605e-15 7.3453139831e-15
2.4169921875e+02 1.1924273980e-14 4.5853803275e-15 7.3388936526e-15
2.4194335938e+02 1.1914490247e-14 4.5817283043e-15 7.3327619422e-15
2.4218750000e+02 1.1909212684e-14 4.5776244930e-15 7.3315881908e-15
2.4243164062e+02 1.1913449230e-14 4.5756921279e-15 7.3377571019e-15
2.4267578125e+02 1.1924499442e-14 4.5765904170e-15 7.3479090249e-15
2.4291992188e+02 1.1934161233e-14 4.5785687632e-15 7.3555924701e-15
2.4316406250e+02 1.1936732310e-14 4.5797736565e-15 7.3569586533e-15
2.4340820312e+02 1.1932824987e-14 4.5795713634e-15 7.3532536237e-15
2.4365234375e+02 1.1927637503e-14 4.5790023108e-15 7.3486351919e-15
2.4389648438e+02 1.1925973677e-14 4.5798160634e-15 7.3461576135e-15
2.4414062500e+02 1.1928574643e-14 4.5819260164e-15 7.3466486266e-15
2.4438476562e+02 1.1934444582e-14 4.5836148648e-15 7.3508297167e-15
2.4462890625e+02 1.1943390814e-14 4.5841874411e-15 7.3592033725e-15
2.4487304688e+02 1.1953087913e-14 4.5838003604e-15 7.3692875523e-15
2.4511718750e+02 1.1958492069e-14 4.5823212792e-15 7.3761707894e-15
2.4536132812e+02 1.1956863284e-14 4.5804994788e-15 7.3763638052e-15
2.4560546875e+02 1.1949560236e-14 4.5798333722e-15 7.3697268637e-15
2.4584960938e+02 1.1939039164e-14 4.5806411575e-15 7.3583980065e-15
2.4609375000e+02 1.1927385887e-14 4.5819318759e-15 7.3454540107e-15
2.4633789062e+02 1.1917588708e-14 4.5826618431e-15 7.3349268652e-15
2.4658203125e+02 1.1914412414e-14 4.5830742145e-15 7.3313381990e-15
2.4682617188e+02 1.1921846596e-14 4.5846464078e-15 7.3372001881e-15
2.4707031250e+02 1.1937860759e-14 4.5875726263e-15 7.3502881327e-15
2.4731445312e+02 1.1953401954e-14 4.5896830373e-15 7.3637189166e-15
2.4755859375e+02 1.1959625443e-14 4.5894272733e-15 7.3701981699e-15
2.4780273438e+02 1.1956150446e-14 4.5883089567e-15 7.3678414893e-15
2.4804687500e+02 1.1949775654e-14 4.5885613887e-15 7.3612142650e-15
2.4829101562e+02 1.1945588470e-14 4.5898689146e-15 7.3557195556e-15
2.4853515625e+02 1.1942407979e-14 4.5899871288e-15 7.3524208506e-15
2.4877929688e+02 1.1935364545e-14 4.5871438403e-15 7.3482207044e-15
2.4902343750e+02 1.1921268776e-14 4.5815170141e-15 7.3397517619e-15
2.4926757812e+02 1.1904111923e-14 4.5760731308e-15 7.3280387922e-15
2.4951171875e+02 1.1893045454e-14 4.5747381866e-15 7.3183072671e-15
2.4975585938e+02 1.1891525023e-14 4.5777196786e-15 7.3138053446e-15
2.5000000000e+02 1.1894082407e-14 4.5807030514e-15 7.3133793554e-15
2.5024414062e+02 1.1896410109e-14 4.5806800245e-15 7.3157300842e-15
2.5048828125e+02 1.1901106265e-14 4.5799325232e-15 7.3211737419e-15
2.5073242188e+02 1.1911161915e-14 4.5823689721e-15 7.3287929431e-15
2.5097656250e+02 1.1924249068e-14 4.5883353294e-15 7.3359137387e-15
2.5122070312e+02 1.1935175304e-14 4.5942324861e-15 7.3409428175e-15
2.5146484375e+02 1.1940608648e-14 4.5959448854e-15 7.3446637628e-15
2.5170898438e+02 1.1941683777e-14 4.5928924895e-15 7.3487912872e-15
2.5195312500e+02 1.1942131138e-14 4.5888273332e-15 7.3533038048e-15
2.5219726562e+02 1.1942727906e-14 4.5871373316e-15 7.3555905746e-15
2.5244140625e+02 1.1940496617e-14 4.5866958436e-15 7.3538007731e-15
2.5268554688e+02 1.1934731259e-14 4.5848842921e-15 7.3498469673e-15
2.5292968750e+02 1.1929410298e-14 4.5819323908e-15 7.3474779076e-15
2.5317382812e+02 1.1927561009e-14 4.5792224090e-15 7.3483385996e-15
2.5341796875e+02 1.1927738891e-14 4.5766367112e-15 7.3511021799e-15
2.5366210938e+02 1.1927962690e-14 4.5738846772e-15 7.3540780133e-15
2.5390625000e+02 1.1928688807e-14 4.5719772778e-15 7.3567115296e-15
2.5415039062e+02 1.1930866636e-14 4.5725023311e-15 7.3583643047e-15
2.5439453125e+02 1.1934455893e-14 4.5761249465e-15 7.3583309466e-15
2.5463867188e+02 1.1939294957e-14 4.5812956683e-15 7.3579992887e-15
2.5488281250e+02 1.1945072906e-14 4.5846869618e-15 7.3603859447e-15
2.5512695312e+02 1.1949685490e-14 4.5841782117e-15 7.3655072787e-15
2.5537109375e+02 1.1949430412e-14 4.5811142949e-15 7.3683161170e-15
2.5561523438e+02 1.1942832265e-14 4.5786301411e-15 7.3642021243e-15
2.5585937500e+02 1.1933409258e-14 4.5784464706e-15 7.3549627876e-15
2.5610351562e+02 1.1926065334e-14 4.5797713247e-15 7.3462940090e-15
2.5634765625e+02 1.1922104900e-14 4.5808193101e-15 7.3412855894e-15
2.5659179688e+02 1.1921136651e-14 4.5811876366e-15 7.3399490140e-15
2.5683593750e+02 1.1924425181e-14 4.5820747715e-15 7.3423504098e-15
2.5708007812e+02 1.1931420848e-14 4.5838314303e-15 7.3475894181e-15
2.5732421875e+02 1.1937319131e-14 4.5848927488e-15 7.3524263826e-15
2.5756835938e+02 1.1938394296e-14 4.5837500223e-15 7.3546442741e-15
2.5781250000e+02 1.1935601332e-14 4.5802461537e-15 7.3553551778e-15
2.5805664062e+02 1.1931259308e-14 4.5751215725e-15 7.3561377358e-15
2.5830078125e+02 1.1926858733e-14 4.5701997699e-15 7.3566589633e-15
2.5854492188e+02 1.1924988082e-14 4.5683626096e-15 7.3566254726e-15
2.5878906250e+02 1.1928992466e-14 4.5716408572e-15 7.3573516086e-15
2.5903320312e+02 1.1938425346e-14 4.5791088928e-15 7.3593164537e-15
2.5927734375e+02 1.1947018942e-14 4.5868483041e-15 7.3601706379e-15
2.5952148438e+02 1.1948059056e-14 4.5907095689e-15 7.3573494867e-15
2.5976562500e+02 1.1941773395e-14 4.5896304105e-15 7.3521429846e-15
2.6000976562e+02 1.1935018313e-14 4.5857520912e-15 7.3492662222e-15
2.6025390625e+02 1.1933255677e-14 4.5820099857e-15 7.3512456917e-15
2.6049804688e+02 1.1935640323e-14 4.5802016741e-15 7.3554386486e-15
2.6074218750e+02 1.1939114113e-14 4.5802077321e-15 7.3589063807e-15
2.6098632812e+02 1.1942794322e-14 4.5804604346e-15 7.3623338876e-15
2.6123046875e+02 1.1945097134e-14 4.5794477289e-15 7.3656494047e-15
2.6147460938e+02 1.1941688248e-14 4.5769161875e-15 7.3647720608e-15
2.6171875000e+02 1.1930580216e-14 4.5737024470e-15 7.3568777693e-15
2.6196289062e+02 1.1916107369e-14 4.5707154819e-15 7.3453918875e-15
2.6220703125e+02 1.1905479892e-14 4.5684292759e-15 7.3370506163e-15
2.6245117188e+02 1.1903101684e-14 4.5672817090e-15 7.3358199752e-15
2.6269531250e+02 1.1908385034e-14 4.5680100947e-15 7.3403749389e-15
2.6293945312e+02 1.1916784698e-14 4.5709722157e-15 7.3458124824e-15
2.6318359375e+02 1.1922805587e-14 4.5752693329e-15 7.3475362538e-15
2.6342773438e+02 1.1923950901e-14 4.5789915939e-15 7.3449593074e-15
2.6367187500e+02 1.1922273273e-14 4.5806020623e-15 7.3416712110e-15
2.6391601562e+02 1.1921560208e-14 4.5803542632e-15 7.3412059448e-15
2.6416015625e+02 1.1923381905e-14 4.5803543833e-15 7.3430275213e-15
2.6440429688e+02 1.1926263510e-14 4.5827040964e-15 7.3435594133e-15
2.6464843750e+02 1.1928382965e-14 4.5871663532e-15 7.3412166114e-15
2.6489257812e+02 1.1930325395e-14 4.5915012926e-15 7.3388241019e-15
2.6513671875e+02 1.1933296248e-14 4.5942158731e-15 7.3390803752e-15
2.6538085938e+02 1.1936446579e-14 4.5957347307e-15 7.3407118481e-15
2.6562500000e+02 1.1939316447e-14 4.5969896871e-15 7.3423267596e-15
2.6586914062e+02 1.1942701190e-14 4.5975070585e-15 7.3451941318e-15
2.6611328125e+02 1.1945285385e-14 4.5953607722e-15 7.3499246125e-15
2.6635742188e+02 1.1944798479e-14 4.5899323888e-15 7.3548660906e-15
2.6660156250e+02 1.1942086267e-14 4.5840358128e-15 7.3580504542e-15
2.6684570312e+02 1.1940461096e-14 4.5815273939e-15 7.3589337022e-15
2.6708984375e+02 1.1942196582e-14 4.5831444633e-15 7.3590521191e-15
2.6733398438e+02 1.1946363392e-14 4.5864465810e-15 7.3599168114e-15
2.6757812500e+02 1.1949011722e-14 4.5891780097e-15 7.3598337121e-15
2.6782226562e+02 1.1946163035e-14 4.5907331129e-15 7.3554299221e-15
2.6806640625e+02 1.1937086489e-14 4.5907576381e-15 7.3463288508e-15
2.6831054688e+02 1.1924862497e-14 4.5880537614e-15 7.3368087352e-15
2.6855468750e+02 1.1915255310e-14 4.5823655784e-15 7.3328897317e-15
2.6879882812e+02 1.1913822661e-14 4.5764382352e-15 7.3373844254e-15
2.6904296875e+02 1.1920738364e-14 4.5734855749e-15 7.3472527886e-15
2.6928710938e+02 1.1929092797e-14 4.5734669284e-15 7.3556258681e-15
2.6953125000e+02 1.1931474293e-14 4.5744932477e-15 7.3569810458e-15
2.6977539062e+02 1.1927302584e-14 4.5761244220e-15 7.3511781621e-15
2.7001953125e+02 1.1920986138e-14 4.5786952266e-15 7.3422909113e-15
2.7026367188e+02 1.1916286048e-14 4.5812438830e-15 7.3350421650e-15
2.7050781250e+02 1.1915214819e-14 4.5823926624e-15 7.3328221570e-15
2.7075195312e+02 1.1917290542e-14 4.5819990579e-15 7.3352914843e-15
2.7099609375e+02 1.1918983508e-14 4.5808075611e-15 7.3381759470e-15
2.7124023438e+02 1.1918347778e-14 4.5793966081e-15 7.3389511697e-15
2.7148437500e+02 1.1918095183e-14 4.5780959272e-15 7.3399992556e-15
2.7172851562e+02 1.1921461812e-14 4.5774737189e-15 7.3439880928e-15
2.7197265625e+02 1.1927382454e-14 4.5782659870e-15 7.3491164667e-15
2.7221679688e+02 1.1931419713e-14 4.5808170156e-15 7.3506026973e-15
2.7246093750e+02 1.1931283492e-14 4.5844067722e-15 7.3468767202e-15
2.7270507812e+02 1.1929385579e-14 4.5871647894e-15 7.3422207897e-15
2.7294921875e+02 1.1928290633e-14 4.5875077913e-15 7.3407828416e-15
2.7319335938e+02 1.1926567580e-14 4.5855366291e-15 7.3410309505e-15
2.7343750000e+02 1.1921765299e-14 4.5826295043e-15 7.3391357943e-15
2.7368164062e+02 1.1915018853e-14 4.5802255595e-15 7.3347932940e-15
2.7392578125e+02 1.1911081679e-14 4.5790963788e-15 7.3319853005e-15
2.7416992188e+02 1.1913880541e-14 4.5791853076e-15 7.3346952330e-15
2.7441406250e+02 1.1921785378e-14 4.5799216363e-15 7.3418637413e-15
2.7465820312e+02 1.1929549839e-14 4.5810395276e-15 7.3485103113e-15
2.7490234375e+02 1.1934671744e-14 4.5825788049e-15 7.3520929392e-15
2.7514648438e+02 1.1937906696e-14 4.5836173166e-15 7.3542893799e-15
2.7539062500e+02 1.1939908661e-14 4.5827941719e-15 7.3571144895e-15
2.7563476562e+02 1.1941439328e-14 4.5808856245e-15 7.3605537035e-15
2.7587890625e+02 1.1942766365e-14 4.5803087895e-15 7.3624575759e-15
2.7612304688e+02 1.1941469607e-14 4.5813339010e-15 7.3601357064e-15
2.7636718750e+02 1.1936027078e-14 4.5817677677e-15 7.3542593100e-15
2.7661132812e+02 1.1929858885e-14 4.5808712769e-15 7.3489876078e-15
2.7685546875e+02 1.1926612104e-14 4.5803665212e-15 7.3462455830e-15
2.7709960938e+02 1.1923765201e-14 4.5811597778e-15 7.3426054232e-15
2.7734375000e+02 1.1915949043e-14 4.5820414480e-15 7.3339075953e-15
2.7758789062e+02 1.1904359972e-14 4.5821187815e-15 7.3222411900e-15
2.7783203125e+02 1.1897079113e-14 4.5821949409e-15 7.3148841719e-15
2.7807617188e+02 1.1897726463e-14 4.5832104496e-15 7.3145160132e-15
2.7832031250e+02 1.1900835644e-14 4.5848538870e-15 7.3159817574e-15
2.7856445312e+02 1.1901760534e-14 4.5859899868e-15 7.3157705476e-15
2.7880859375e+02 1.1903672157e-14 4.5857488109e-15 7.3179233462e-15
2.7905273438e+02 1.1911460330e-14 4.5843406878e-15 7.3271196423e-15
2.7929687500e+02 1.1923810760e-14 4.5828375816e-15 7.3409731784e-15
2.7954101562e+02 1.1934330832e-14 4.5821027457e-15 7.3522280860e-15
2.7978515625e+02 1.1938636307e-14 4.5827563431e-15 7.3558799643e-15
2.8002929688e+02 1.1937990406e-14 4.5855582647e-15 7.3524321410e-15
2.8027343750e+02 1.1936453236e-14 4.5899397165e-15 7.3465135200e-15
2.8051757812e+02 1.1936475760e-14 4.5930716963e-15 7.3434040637e-15
2.8076171875e+02 1.1938683016e-14 4.5926178420e-15 7.3460651739e-15
2.8100585938e+02 1.1943667116e-14 4.5899737818e-15 7.3536933340e-15
2.8125000000e+02 1.1949763940e-14 4.5887632511e-15 7.3610006890e-15
2.8149414062e+02 1.1952093690e-14 4.5900630917e-15 7.3620305979e-15
2.8173828125e+02 1.1948725834e-14 4.5911911806e-15 7.3575346529e-15
2.8198242188e+02 1.1943321782e-14 4.5894900525e-15 7.3538317293e-15
2.8222656250e+02 1.1938670071e-14 4.5854971299e-15 7.3531729415e-15
2.8247070312e+02 1.1933572820e-14 4.5820090903e-15 7.3515637292e-15
2.8271484375e+02 1.1927881744e-14 4.5811181988e-15 7.3467635452e-15
2.8295898438e+02 1.1925088143e-14 4.5830176499e-15 7.3420704931e-15
2.8320312500e+02 1.1927765115e-14 4.5873537649e-15 7.3404113496e-15
2.8344726562e+02 1.1932735015e-14 4.5935052822e-15 7.3392297325e-15
2.8369140625e+02 1.1932659066e-14 4.5987829883e-15 7.3338760781e-15
2.8393554688e+02 1.1923659713e-14 4.5993698001e-15 7.3242899133e-15
2.8417968750e+02 1.1910782014e-14 4.5946035942e-15 7.3161784202e-15
2.8442382812e+02 1.1902828936e-14 4.5881631810e-15 7.3146657550e-15
2.8466796875e+02 1.1902356174e-14 4.5841912651e-15 7.3181649088e-15
2.8491210938e+02 1.1905155639e-14 4.5840257628e-15 7.3211298764e-15
2.8515625000e+02 1.1907959185e-14 4.5866496673e-15 7.3213095175e-15
2.8540039062e+02 1.1910658744e-14 4.5902734284e-15 7.3203853152e-15
2.8564453125e+02 1.1912019694e-14 4.5930174351e-15 7.3190022594e-15
2.8588867188e+02 1.1909570789e-14 4.5933550289e-15 7.3162157598e-15
2.8613281250e+02 1.1904506110e-14 4.5910907781e-15 7.3134153315e-15
2.8637695312e+02 1.1902013347e-14 4.5878247663e-15 7.3141885808e-15
2.8662109375e+02 1.1905609668e-14 4.5859843349e-15 7.3196253326e-15
2.8686523438e+02 1.1913460453e-14 4.5871335093e-15 7.3263269438e-15
2.8710937500e+02 1.1920048433e-14 4.5904163290e-15 7.3296321043e-15
2.8735351562e+02 1.1920463423e-14 4.5930042835e-15 7.3274591397e-15
2.8759765625e+02 1.1914675408e-14 4.5932861498e-15 7.3213892577e-15
2.8784179688e+02 1.1908157542e-14 4.5923998016e-15 7.3157577407e-15
2.8808593750e+02 1.1906260750e-14 4.5915197661e-15 7.3147409843e-15
2.8833007812e+02 1.1908881480e-14 4.5899873526e-15 7.3188941278e-15
2.8857421875e+02 1.1912877423e-14 4.5873277437e-15 7.3255496792e-15
2.8881835938e+02 1.1916322933e-14 4.5847446844e-15 7.3315782491e-15
2.8906250000e+02 1.1918231787e-14 4.5839096291e-15 7.3343221577e-15
2.8930664062e+02 1.1918638220e-14 4.5855794113e-15 7.3330588085e-15
2.8955078125e+02 1.1919281798e-14 4.5887356707e-15 7.3305461275e-15
2.8979492188e+02 1.1920614918e-14 4.5908504803e-15 7.3297644373e-15
2.9003906250e+02 1.1920659880e-14 4.5905544627e-15 7.3301054173e-15
2.9028320312e+02 1.1918614861e-14 4.5893911326e-15 7.3292237286e-15
2.9052734375e+02 1.1916689031e-14 4.5895922333e-15 7.3270967977e-15
2.9077148438e+02 1.1918853786e-14 4.5913913297e-15 7.3274624559e-15
2.9101562500e+02 1.1927970939e-14 4.5932693881e-15 7.3347015510e-15
2.9125976562e+02 1.1941284482e-14 4.5934962410e-15 7.3477882406e-15
2.9150390625e+02 1.1951254405e-14 4.5912096093e-15 7.3600447953e-15
2.9174804688e+02 1.1953885066e-14 4.5872994862e-15 7.3665855798e-15
2.9199218750e+02 1.1952379968e-14 4.5841465085e-15 7.3682334591e-15
2.9223632812e+02 1.1951037604e-14 4.5833038609e-15 7.3677337431e-15
2.9248046875e+02 1.1949019777e-14 4.5836368997e-15 7.3653828768e-15
2.9272460938e+02 1.1942533887e-14 4.5828857729e-15 7.3596481138e-15
2.9296875000e+02 1.1931724953e-14 4.5809232586e-15 7.3508016944e-15
2.9321289062e+02 1.1921203448e-14 4.5799241392e-15 7.3412793092e-15
2.9345703125e+02 1.1914217187e-14 4.5811614020e-15 7.3330557853e-15
2.9370117188e+02 1.1910803894e-14 4.5832973358e-15 7.3275065581e-15
2.9394531250e+02 1.1910797925e-14 4.5841620284e-15 7.3266358969e-15
2.9418945312e+02 1.1913849623e-14 4.5828443066e-15 7.3310053167e-15
2.9443359375e+02 1.1917345386e-14 4.5798026062e-15 7.3375427799e-15
2.9467773438e+02 1.1919209399e-14 4.5766742131e-15 7.3425351855e-15
2.9492187500e+02 1.1921597203e-14 4.5760530781e-15 7.3455441244e-15
2.9516601562e+02 1.1927674362e-14 4.5793609653e-15 7.3483133967e-15
2.9541015625e+02 1.1936348953e-14 4.5848731592e-15 7.3514757937e-15
2.9565429688e+02 1.1942792602e-14 4.5887379521e-15 7.3540546504e-15
2.9589843750e+02 1.1943793535e-14 4.5882523411e-15 7.3555411934e-15
2.9614257812e+02 1.1941503829e-14 4.5845437632e-15 7.3569600661e-15
2.9638671875e+02 1.1941075571e-14 4.5814091830e-15 7.3596663878e-15
2.9663085938e+02 1.1945667438e-14 4.5816377788e-15 7.3640296594e-15
2.9687500000e+02 1.1953829702e-14 4.5853703270e-15 7.3684593754e-15
2.9711914062e+02 1.1959901081e-14 4.5907508713e-15 7.3691502093e-15
2.9736328125e+02 1.1957420730e-14 4.5948247671e-15 7.3625959632e-15
2.9760742188e+02 1.1943868811e-14 4.5948970912e-15 7.3489717199e-15
2.9785156250e+02 1.1923338923e-14 4.5903745577e-15 7.3329643651e-15
2.9809570312e+02 1.1905410507e-14 4.5835788188e-15 7.3218316880e-15
2.9833984375e+02 1.1900008941e-14 4.5786551574e-15 7.3213537834e-15
2.9858398438e+02 1.1909751107e-14 4.5786814907e-15 7.3310696161e-15
2.9882812500e+02 1.1926970702e-14 4.5827288614e-15 7.3442418404e-15
2.9907226562e+02 1.1941452214e-14 4.5863976763e-15 7.3550545382e-15
2.9931640625e+02 1.1949122981e-14 4.5861043479e-15 7.3630186327e-15
2.9956054688e+02 1.1950951772e-14 4.5823955138e-15 7.3685562580e-15
2.9980468750e+02 1.1949044042e-14 4.5786432712e-15 7.3704007712e-15
3.0004882812e+02 1.1946311652e-14 4.5769844390e-15 7.3693272130e-15
3.0029296875e+02 1.1945484148e-14 4.5765181501e-15 7.3689659975e-15
3.0053710938e+02 1.1946871086e-14 4.5759975569e-15 7.3708735292e-15
3.0078125000e+02 1.1947702675e-14 4.5766345922e-15 7.3710680830e-15
3.0102539062e+02 1.1943928271e-14 4.5798935221e-15 7.3640347494e-15
3.0126953125e+02 1.1934181694e-14 4.5839774625e-15 7.3502042318e-15
3.0151367188e+02 1.1922050241e-14 4.5858582971e-15 7.3361919439e-15
3.0175781250e+02 1.1913581221e-14 4.5858452097e-15 7.3277360108e-15
3.0200195312e+02 1.1911983509e-14 4.5866699910e-15 7.3253135180e-15
3.0224609375e+02 1.1914742782e-14 4.5885464081e-15 7.3261963740e-15
3.0249023438e+02 1.1917370850e-14 4.5888711416e-15 7.3284997082e-15
3.0273437500e+02 1.1918138233e-14 4.5868774642e-15 7.3312607685e-15
3.0297851562e+02 1.1917271837e-14 4.5846337825e-15 7.3326380547e-15
3.0322265625e+02 1.1916338077e-14 4.5835626855e-15 7.3327753919e-15
3.0346679688e+02 1.1918900248e-14 4.5836572286e-15 7.3352430196e-15
3.0371093750e+02 1.1925895485e-14 4.5849607356e-15 7.3409347492e-15
3.0395507812e+02 1.1932547175e-14 4.5868629971e-15 7.3456841784e-15
3.0419921875e+02 1.1934574093e-14 4.5877369455e-15 7.3468371477e-15
3.0444335938e+02 1.1933451974e-14 4.5868663472e-15 7.3465856271e-15
3.0468750000e+02 1.1932039773e-14 4.5848827086e-15 7.3471570643e-15
3.0493164062e+02 1.1929342579e-14 4.5822381903e-15 7.3471043887e-15
3.0517578125e+02 1.1923766995e-14 4.5794257506e-15 7.3443412442e-15
3.0541992188e+02 1.1918447108e-14 4.5781235320e-15 7.3403235761e-15
3.0566406250e+02 1.1918679630e-14 4.5796722774e-15 7.3390073530e-15
3.0590820312e+02 1.1924932890e-14 4.5830614863e-15 7.3418714034e-15
3.0615234375e+02 1.1931837660e-14 4.5861146030e-15 7.3457230573e-15
3.0639648438e+02 1.1935233194e-14 4.5874665133e-15 7.3477666807e-15
3.0664062500e+02 1.1936674644e-14 4.5866256239e-15 7.3500490197e-15
3.0688476562e+02 1.1938724578e-14 4.5838903771e-15 7.3548342007e-15
3.0712890625e+02 1.1941042337e-14 4.5806912847e-15 7.3603510525e-15
3.0737304688e+02 1.1943545381e-14 4.5786120879e-15 7.3649332930e-15
3.0761718750e+02 1.1947649246e-14 4.5780908468e-15 7.3695583991e-15
3.0786132812e+02 1.1952340535e-14 4.5786106691e-15 7.3737298661e-15
3.0810546875e+02 1.1953841929e-14 4.5794239029e-15 7.3744180258e-15
3.0834960938e+02 1.1951625569e-14 4.5802923020e-15 7.3713332668e-15
3.0859375000e+02 1.1950176212e-14 4.5820531347e-15 7.3681230771e-15
3.0883789062e+02 1.1951203364e-14 4.5851640756e-15 7.3660392883e-15
3.0908203125e+02 1.1949644696e-14 4.5875522170e-15 7.3620924791e-15
3.0932617188e+02 1.1941396517e-14 4.5860427315e-15 7.3553537859e-15
3.0957031250e+02 1.1929216759e-14 4.5798414547e-15 7.3493753043e-15
3.0981445312e+02 1.1918440382e-14 4.5711230946e-15 7.3473172873e-15
3.1005859375e+02 1.1912192240e-14 4.5634313574e-15 7.3487608830e-15
3.1030273438e+02 1.1911294240e-14 4.5601701807e-15 7.3511240590e-15
3.1054687500e+02 1.1915110978e-14 4.5627923008e-15 7.3523186775e-15
3.1079101562e+02 1.1922895799e-14 4.5695818385e-15 7.3533139610e-15
3.1103515625e+02 1.1933723653e-14 4.5764151689e-15 7.3573084844e-15
3.1127929688e+02 1.1944488910e-14 4.5795600146e-15 7.3649288950e-15
3.1152343750e+02 1.1951287822e-14 4.5788370710e-15 7.3724507513e-15
3.1176757812e+02 1.1952289121e-14 4.5773240055e-15 7.3749651155e-15
3.1201171875e+02 1.1947723717e-14 4.5770778741e-15 7.3706458424e-15
3.1225585938e+02 1.1939641820e-14 4.5766457199e-15 7.3629961006e-15
3.1250000000e+02 1.1931707027e-14 4.5740634366e-15 7.3576435901e-15
3.1274414062e+02 1.1926865600e-14 4.5700401860e-15 7.3568254140e-15
3.1298828125e+02 1.1924826111e-14 4.5664273499e-15 7.3583987613e-15
3.1323242188e+02 1.1922586187e-14 4.5639843558e-15 7.3586018307e-15
3.1347656250e+02 1.1918044554e-14 4.5630196324e-15 7.3550249217e-15
3.1372070312e+02 1.1912532145e-14 4.5640991941e-15 7.3484329506e-15
3.1396484375e+02 1.1909032377e-14 4.5669132472e-15 7.3421191294e-15
3.1420898438e+02 1.1908649797e-14 4.5694708428e-15 7.3391789542e-15
3.1445312500e+02 1.1909943945e-14 4.5696723110e-15 7.3402716344e-15
3.1469726562e+02 1.1911825082e-14 4.5677510030e-15 7.3440740785e-15
3.1494140625e+02 1.1915178847e-14 4.5660635349e-15 7.3491153126e-15
3.1518554688e+02 1.1920458822e-14 4.5666614763e-15 7.3537973456e-15
3.1542968750e+02 1.1926336316e-14 4.5701892486e-15 7.3561470675e-15
3.1567382812e+02 1.1931930646e-14 4.5757228836e-15 7.3562077620e-15
3.1591796875e+02 1.1937355170e-14 4.5804360361e-15 7.3569191339e-15
3.1616210938e+02 1.1941672434e-14 4.5815993308e-15 7.3600731033e-15
3.1640625000e+02 1.1943366974e-14 4.5793360833e-15 7.3640308910e-15
3.1665039062e+02 1.1942165553e-14 4.5754980189e-15 7.3666675336e-15
3.1689453125e+02 1.1938856418e-14 4.5711938349e-15 7.3676625827e-15
3.1713867188e+02 1.1935578416e-14 4.5675616483e-15 7.3680167672e-15
3.1738281250e+02 1.1936105354e-14 4.5668365329e-15 7.3692688211e-15
3.1762695312e+02 1.1942339637e-14 4.5702591678e-15 7.3720804689e-15
3.1787109375e+02 1.1950842409e-14 4.5763159051e-15 7.3745265038e-15
3.1811523438e+02 1.1956525810e-14 4.5824213088e-15 7.3741045016e-15
3.1835937500e+02 1.1958483726e-14 4.5869402015e-15 7.3715435242e-15
3.1860351562e+02 1.1958602599e-14 4.5889800833e-15 7.3696225154e-15
3.1884765625e+02 1.1957609470e-14 4.5883765516e-15 7.3692329180e-15
3.1909179688e+02 1.1955548001e-14 4.5867467201e-15 7.3688012814e-15
3.1933593750e+02 1.1952107476e-14 4.5862835022e-15 7.3658239736e-15
3.1958007812e+02 1.1945046438e-14 4.5866354291e-15 7.3584110091e-15
3.1982421875e+02 1.1932927676e-14 4.5853957030e-15 7.3475319730e-15
3.2006835938e+02 1.1919608898e-14 4.5821125599e-15 7.3374963376e-15
3.2031250000e+02 1.1911923871e-14 4.5792011129e-15 7.3327227581e-15
3.2055664062e+02 1.1913556645e-14 4.5789938434e-15 7.3345628018e-15
3.2080078125e+02 1.1922808881e-14 4.5819737350e-15 7.3408351465e-15
3.2104492188e+02 1.1934116251e-14 4.5869420551e-15 7.3471741961e-15
3.2128906250e+02 1.1941434952e-14 4.5913358406e-15 7.3500991112e-15
3.2153320312e+02 1.1942530485e-14 4.5927006028e-15 7.3498298819e-15
3.2177734375e+02 1.1939586378e-14 4.5909501325e-15 7.3486362453e-15
3.2202148438e+02 1.1935317516e-14 4.5881370294e-15 7.3471804866e-15
3.2226562500e+02 1.1930787979e-14 4.5859623088e-15 7.3448256704e-15
3.2250976562e+02 1.1925787122e-14 4.5843040894e-15 7.3414830323e-15
3.2275390625e+02 1.1918950025e-14 4.5815784919e-15 7.3373715328e-15
3.2299804688e+02 1.1909919405e-14 4.5766069179e-15 7.3333124866e-15
3.2324218750e+02 1.1902552535e-14 4.5708653252e-15 7.3316872101e-15
3.2348632812e+02 1.1902786612e-14 4.5677131109e-15 7.3350735011e-15
3.2373046875e+02 1.1912158811e-14 4.5686525850e-15 7.3435062258e-15
3.2397460938e+02 1.1924988601e-14 4.5716308512e-15 7.3533577500e-15
3.2421875000e+02 1.1933585762e-14 4.5736768190e-15 7.3599089426e-15
3.2446289062e+02 1.1935976634e-14 4.5740282060e-15 7.3619484278e-15
3.2470703125e+02 1.1935467543e-14 4.5738480056e-15 7.3616195376e-15
3.2495117188e+02 1.1933510803e-14 4.5739091504e-15 7.3596016523e-15
3.2519531250e+02 1.1928904925e-14 4.5739356491e-15 7.3549692761e-15
3.2543945312e+02 1.1923350513e-14 4.5740505538e-15 7.3492999590e-15
3.2568359375e+02 1.1920107720e-14 4.5748645889e-15 7.3452431316e-15
3.2592773438e+02 1.1917374547e-14 4.5757751934e-15 7.3415993540e-15
3.2617187500e+02 1.1910934336e-14 4.5755043013e-15 7.3354300346e-15
3.2641601562e+02 1.1902164987e-14 4.5740184022e-15 7.3281465850e-15
3.2666015625e+02 1.1896484138e-14 4.5722613552e-15 7.3242227831e-15
3.2690429688e+02 1.1896123117e-14 4.5710871086e-15 7.3250360083e-15
3.2714843750e+02 1.1899330584e-14 4.5711956370e-15 7.3281349470e-15
3.2739257812e+02 1.1904556576e-14 4.5732069295e-15 7.3313496465e-15
3.2763671875e+02 1.1911158317e-14 4.5768707698e-15 7.3342875471e-15
3.2788085938e+02 1.1916795213e-14 4.5803444811e-15 7.3364507318e-15
3.2812500000e+02 1.1918706173e-14 4.5816568225e-15 7.3370493502e-15
3.2836914062e+02 1.1917808772e-14 4.5809979152e-15 7.3368108571e-15
3.2861328125e+02 1.1918167791e-14 4.5804573928e-15 7.3377103987e-15
3.2885742188e+02 1.1922205071e-14 4.5815033959e-15 7.3407016752e-15
3.2910156250e+02 1.1928077661e-14 4.5835251543e-15 7.3445525071e-15
3.2934570312e+02 1.1932578045e-14 4.5850660199e-15 7.3475120248e-15
3.2958984375e+02 1.1934749506e-14 4.5853602945e-15 7.3493892114e-15
3.2983398438e+02 1.1934672976e-14 4.5843143593e-15 7.3503586163e-15
3.3007812500e+02 1.1932184584e-14 4.5823282762e-15 7.3498563076e-15
3.3032226562e+02 1.1928532273e-14 4.5803338007e-15 7.3481984727e-15
3.3056640625e+02 1.1926179728e-14 4.5793551331e-15 7.3468245948e-15
3.3081054688e+02 1.1926297931e-14 4.5798569515e-15 7.3464409795e-15
3.3105468750e+02 1.1927203495e-14 4.5812066842e-15 7.3459968103e-15
3.3129882812e+02 1.1926109501e-14 4.5821084105e-15 7.3440010906e-15
3.3154296875e+02 1.1922795391e-14 4.5820383643e-15 7.3407570265e-15
3.3178710938e+02 1.1919858950e-14 4.5816151679e-15 7.3382437825e-15
3.3203125000e+02 1.1919738278e-14 4.5814645617e-15 7.3382737159e-15
3.3227539062e+02 1.1923435285e-14 4.5814912670e-15 7.3419440181e-15
3.3251953125e+02 1.1931276956e-14 4.5816431714e-15 7.3496337850e-15
3.3276367188e+02 1.1942054821e-14 4.5829706977e-15 7.3590841231e-15
3.3300781250e+02 1.1951536994e-14 4.5863339889e-15 7.3652030056e-15
3.3325195312e+02 1.1955482044e-14 4.5897501199e-15 7.3657319240e-15
3.3349609375e+02 1.1954240614e-14 4.5897469948e-15 7.3644936191e-15
3.3374023438e+02 1.1951535867e-14 4.5862878195e-15 7.3652480473e-15
3.3398437500e+02 1.1950175717e-14 4.5831619458e-15 7.3670137714e-15
3.3422851562e+02 1.1951131657e-14 4.5826475986e-15 7.3684840584e-15
3.3447265625e+02 1.1953425658e-14 4.5830459475e-15 7.3703797103e-15
3.3471679688e+02 1.1953163588e-14 4.5822735614e-15 7.3708900270e-15
3.3496093750e+02 1.1947534002e-14 4.5814898056e-15 7.3660441965e-15
3.3520507812e+02 1.1939883760e-14 4.5833853671e-15 7.3564983929e-15
3.3544921875e+02 1.1935935349e-14 4.5874979178e-15 7.3484374312e-15
3.3569335938e+02 1.1936811577e-14 4.5899011982e-15 7.3469103784e-15
3.3593750000e+02 1.1938938490e-14 4.5882145957e-15 7.3507238946e-15
3.3618164062e+02 1.1939335291e-14 4.5846576512e-15 7.3546776400e-15
3.3642578125e+02 1.1939269299e-14 4.5830424498e-15 7.3562268494e-15
3.3666992188e+02 1.1941587470e-14 4.5842921265e-15 7.3572953436e-15
3.3691406250e+02 1.1945864875e-14 4.5865058408e-15 7.3593590337e-15
3.3715820312e+02 1.1949023041e-14 4.5883239035e-15 7.3606991377e-15
3.3740234375e+02 1.1949050124e-14 4.5900256761e-15 7.3590244479e-15
3.3764648438e+02 1.1945370659e-14 4.5915068798e-15 7.3538637789e-15
3.3789062500e+02 1.1937881470e-14 4.5912840661e-15 7.3465974041e-15
3.3813476562e+02 1.1927956934e-14 4.5882365135e-15 7.3397204200e-15
3.3837890625e+02 1.1918763369e-14 4.5832622823e-15 7.3355010868e-15
3.3862304688e+02 1.1914066125e-14 4.5788745323e-15 7.3351915928e-15
3.3886718750e+02 1.1916499808e-14 4.5772167222e-15 7.3392830860e-15
3.3911132812e+02 1.1924732104e-14 4.5781524032e-15 7.3465797007e-15
3.3935546875e+02 1.1933509579e-14 4.5800360836e-15 7.3534734956e-15
3.3959960938e+02 1.1939355075e-14 4.5824339274e-15 7.3569211477e-15
3.3984375000e+02 1.1943349586e-14 4.5862795118e-15 7.3570700739e-15
3.4008789062e+02 1.1945554935e-14 4.5911434617e-15 7.3544114731e-15
3.4033203125e+02 1.1942268381e-14 4.5943974619e-15 7.3478709192e-15
3.4057617188e+02 1.1932673941e-14 4.5938028264e-15 7.3388711143e-15
3.4082031250e+02 1.1922341512e-14 4.5900628055e-15 7.3322787069e-15
3.4106445312e+02 1.1917350132e-14 4.5863830076e-15 7.3309671239e-15
3.4130859375e+02 1.1918543726e-14 4.5850454051e-15 7.3334983213e-15
3.4155273438e+02 1.1921505663e-14 4.5847197092e-15 7.3367859536e-15
3.4179687500e+02 1.1921006261e-14 4.5826251902e-15 7.3383810710e-15
3.4204101562e+02 1.1916086936e-14 4.5789926573e-15 7.3370942787e-15
3.4228515625e+02 1.1910262799e-14 4.5772224351e-15 7.3330403636e-15
3.4252929688e+02 1.1907832438e-14 4.5793540288e-15 7.3284784092e-15
3.4277343750e+02 1.1910871494e-14 4.5835601946e-15 7.3273112995e-15
3.4301757812e+02 1.1917544649e-14 4.5866100250e-15 7.3309346239e-15
3.4326171875e+02 1.1923604946e-14 4.5872371053e-15 7.3363678410e-15
3.4350585938e+02 1.1926654197e-14 4.5869436048e-15 7.3397105920e-15
3.4375000000e+02 1.1927276219e-14 4.5880762436e-15 7.3391999750e-15
3.4399414062e+02 1.1926593545e-14 4.5908373570e-15 7.3357561879e-15
3.4423828125e+02 1.1924687579e-14 4.5922996477e-15 7.3323879312e-15
3.4448242188e+02 1.1921414555e-14 4.5894493793e-15 7.3319651762e-15
3.4472656250e+02 1.1918148480e-14 4.5831429910e-15 7.3350054892e-15
3.4497070312e+02 1.1917308114e-14 4.5773836508e-15 7.3399244634e-15
3.4521484375e+02 1.1919074058e-14 4.5749553163e-15 7.3441187413e-15
3.4545898438e+02 1.1920594706e-14 4.5754787801e-15 7.3451159259e-15
3.4570312500e+02 1.1920234659e-14 4.5772844395e-15 7.3429502196e-15
3.4594726562e+02 1.1920313093e-14 4.5797376909e-15 7.3405754016e-15
3.4619140625e+02 1.1923353693e-14 4.5831036224e-15 7.3402500709e-15
3.4643554688e+02 1.1927981462e-14 4.5866765496e-15 7.3413049127e-15
3.4667968750e+02 1.1930775830e-14 4.5887674749e-15 7.3420083548e-15
3.4692382812e+02 1.1929570982e-14 4.5887049523e-15 7.3408660292e-15
3.4716796875e+02 1.1924761876e-14 4.5873293558e-15 7.3374325197e-15
3.4741210938e+02 1.1920811234e-14 4.5856551266e-15 7.3351561073e-15
3.4765625000e+02 1.1923972936e-14 4.5840630384e-15 7.3399098975e-15
3.4790039062e+02 1.1935072577e-14 4.5824382460e-15 7.3526343306e-15
3.4814453125e+02 1.1947220518e-14 4.5805827984e-15 7.3666377200e-15
3.4838867188e+02 1.1952213140e-14 4.5786219396e-15 7.3735912004e-15
3.4863281250e+02 1.1948228084e-14 4.5770515198e-15 7.3711765640e-15
3.4887695312e+02 1.1940824336e-14 4.5761807681e-15 7.3646435680e-15
3.4912109375e+02 1.1936272166e-14 4.5754568639e-15 7.3608153022e-15
3.4936523438e+02 1.1935204277e-14 4.5738008462e-15 7.3614034307e-15
3.4960937500e+02 1.1934032458e-14 4.5710687691e-15 7.3629636885e-15
3.4985351562e+02 1.1931076945e-14 4.5687419645e-15 7.3623349801e-15
3.5009765625e+02 1.1927859282e-14 4.5684364255e-15 7.3594228570e-15
3.5034179688e+02 1.1925163659e-14 4.5701638642e-15 7.3549997949e-15
3.5058593750e+02 1.1922468732e-14 4.5727921532e-15 7.3496765786e-15
3.5083007812e+02 1.1920536900e-14 4.5754218018e-15 7.3451150983e-15
3.5107421875e+02 1.1921465860e-14 4.5776214585e-15 7.3438444015e-15
3.5131835938e+02 1.1926073455e-14 4.5793848318e-15 7.3466886230e-15
3.5156250000e+02 1.1931944614e-14 4.5811988408e-15 7.3507457732e-15
3.5180664062e+02 1.1936192853e-14 4.5830569570e-15 7.3531358964e-15
3.5205078125e+02 1.1939785800e-14 4.5839286187e-15 7.3558571809e-15
3.5229492188e+02 1.1946145450e-14 4.5835772977e-15 7.3625681523e-15
3.5253906250e+02 1.1956682938e-14 4.5838320685e-15 7.3728508695e-15
3.5278320312e+02 1.1969019609e-14 4.5862479901e-15 7.3827716189e-15
3.5302734375e+02 1.1978137842e-14 4.5894461736e-15 7.3886916688e-15
3.5327148438e+02 1.1979340958e-14 4.5906624490e-15 7.3886785089e-15
3.5351562500e+02 1.1971461642e-14 4.5895696818e-15 7.3818919600e-15
3.5375976562e+02 1.1958733038e-14 4.5890743726e-15 7.3696586658e-15
3.5400390625e+02 1.1948890041e-14 4.5917575429e-15 7.3571324984e-15
3.5424804688e+02 1.1946219829e-14 4.5962465069e-15 7.3499733221e-15
3.5449218750e+02 1.1947434165e-14 4.5988065009e-15 7.3486276640e-15
3.5473632812e+02 1.1947032868e-14 4.5979697873e-15 7.3490630810e-15
3.5498046875e+02 1.1943101640e-14 4.5949013659e-15 7.3482002742e-15
3.5522460938e+02 1.1936365278e-14 4.5907318194e-15 7.3456334581e-15
3.5546875000e+02 1.1928050023e-14 4.5864257211e-15 7.3416243021e-15
3.5571289062e+02 1.1919403355e-14 4.5832021410e-15 7.3362012141e-15
3.5595703125e+02 1.1912318273e-14 4.5814639647e-15 7.3308543080e-15
3.5620117188e+02 1.1910489377e-14 4.5808005768e-15 7.3296888006e-15
3.5644531250e+02 1.1916978912e-14 4.5809460982e-15 7.3360328134e-15
3.5668945312e+02 1.1929508849e-14 4.5820058352e-15 7.3475030142e-15
3.5693359375e+02 1.1942365055e-14 4.5842071616e-15 7.3581578938e-15
3.5717773438e+02 1.1953276054e-14 4.5872090273e-15 7.3660670271e-15
3.5742187500e+02 1.1963013501e-14 4.5897386427e-15 7.3732748580e-15
3.5766601562e+02 1.1969453365e-14 4.5907523359e-15 7.3787010291e-15
3.5791015625e+02 1.1969136218e-14 4.5904119602e-15 7.3787242582e-15
3.5815429688e+02 1.1962990277e-14 4.5890548493e-15 7.3739354281e-15
3.5839843750e+02 1.1954801328e-14 4.5861540770e-15 7.3686472512e-15
3.5864257812e+02 1.1947253005e-14 4.5815594212e-15 7.3656935836e-15
3.5888671875e+02 1.1942310790e-14 4.5768817436e-15 7.3654290468e-15
3.5913085938e+02 1.1941546653e-14 4.5743836288e-15 7.3671630246e-15
3.5937500000e+02 1.1944375461e-14 4.5749217835e-15 7.3694536780e-15
3.5961914062e+02 1.1947577650e-14 4.5772831090e-15 7.3702945408e-15
3.5986328125e+02 1.1947748237e-14 4.5793601491e-15 7.3683880876e-15
3.6010742188e+02 1.1944298139e-14 4.5801261764e-15 7.3641719628e-15
3.6035156250e+02 1.1939220552e-14 4.5802986868e-15 7.3589218649e-15
3.6059570312e+02 1.1934568767e-14 4.5810991773e-15 7.3534695901e-15
3.6083984375e+02 1.1931077937e-14 4.5828461833e-15 7.3482317533e-15
3.6108398438e+02 1.1928388963e-14 4.5848084881e-15 7.3435804752e-15
3.6132812500e+02 1.1926010135e-14 4.5862205987e-15 7.3397895360e-15
3.6157226562e+02 1.1924491405e-14 4.5870881587e-15 7.3374032458e-15
3.6181640625e+02 1.1925877404e-14 4.5873276566e-15 7.3385497470e-15
3.6206054688e+02 1.1931558639e-14 4.5857962775e-15 7.3457623610e-15
3.6230468750e+02 1.1938789879e-14 4.5820687480e-15 7.3567211314e-15
3.6254882812e+02 1.1942345540e-14 4.5786734879e-15 7.3636720521e-15
3.6279296875e+02 1.1941092307e-14 4.5788260213e-15 7.3622662855e-15
3.6303710938e+02 1.1939583629e-14 4.5824230597e-15 7.3571605698e-15
3.6328125000e+02 1.1942185201e-14 4.5871324588e-15 7.3550527422e-15
3.6352539062e+02 1.1948157306e-14 4.5916900304e-15 7.3564672755e-15
3.6376953125e+02 1.1953102824e-14 4.5953307413e-15 7.3577720825e-15
3.6401367188e+02 1.1954042506e-14 4.5965344473e-15 7.3575080584e-15
3.6425781250e+02 1.1952940256e-14 4.5949668902e-15 7.3579733662e-15
3.6450195312e+02 1.1954617386e-14 4.5927645828e-15 7.3618528029e-15
3.6474609375e+02 1.1960853601e-14 4.5920534013e-15 7.3688001992e-15
3.6499023438e+02 1.1968625793e-14 4.5925196579e-15 7.3761061349e-15
3.6523437500e+02 1.1973895138e-14 4.5926207034e-15 7.3812744342e-15
3.6547851562e+02 1.1974359145e-14 4.5922357590e-15 7.3821233857e-15
3.6572265625e+02 1.1969083028e-14 4.5926437474e-15 7.3764392810e-15
3.6596679688e+02 1.1958318254e-14 4.5939535775e-15 7.3643646766e-15
3.6621093750e+02 1.1944706730e-14 4.5944431379e-15 7.3502635923e-15
3.6645507812e+02 1.1932911750e-14 4.5930181175e-15 7.3398936324e-15
3.6669921875e+02 1.1926231597e-14 4.5906421176e-15 7.3355894792e-15
3.6694335938e+02 1.1924328654e-14 4.5886514527e-15 7.3356772012e-15
3.6718750000e+02 1.1925400044e-14 4.5870835225e-15 7.3383165218e-15
3.6743164062e+02 1.1928777745e-14 4.5854020001e-15 7.3433757447e-15
3.6767578125e+02 1.1933405108e-14 4.5836411403e-15 7.3497639677e-15
3.6791992188e+02 1.1936215806e-14 4.5824703532e-15 7.3537454532e-15
3.6816406250e+02 1.1934982820e-14 4.5826547923e-15 7.3523280273e-15
3.6840820312e+02 1.1931750260e-14 4.5839020418e-15 7.3478482183e-15
3.6865234375e+02 1.1931462679e-14 4.5847417001e-15 7.3467209784e-15
3.6889648438e+02 1.1937070271e-14 4.5845715407e-15 7.3524987300e-15
3.6914062500e+02 1.1946408874e-14 4.5845560923e-15 7.3618527818e-15
3.6938476562e+02 1.1953525701e-14 4.5854638038e-15 7.3680618977e-15
3.6962890625e+02 1.1953992113e-14 4.5863140971e-15 7.3676780163e-15
3.6987304688e+02 1.1949858940e-14 4.5865590451e-15 7.3632998952e-15
3.7011718750e+02 1.1946973335e-14 4.5876513696e-15 7.3593219657e-15
3.7036132812e+02 1.1947740659e-14 4.5905407423e-15 7.3571999167e-15
3.7060546875e+02 1.1950358424e-14 4.5936018472e-15 7.3567565772e-15
3.7084960938e+02 1.1953029867e-14 4.5948465288e-15 7.3581833387e-15
3.7109375000e+02 1.1955017019e-14 4.5942605577e-15 7.3607564612e-15
3.7133789062e+02 1.1954959742e-14 4.5926502466e-15 7.3623094956e-15
3.7158203125e+02 1.1950881292e-14 4.5901997823e-15 7.3606815093e-15
3.7182617188e+02 1.1942694672e-14 4.5870138409e-15 7.3556808311e-15
3.7207031250e+02 1.1933372444e-14 4.5837048344e-15 7.3496676097e-15
3.7231445312e+02 1.1926261100e-14 4.5813794193e-15 7.3448816804e-15
3.7255859375e+02 1.1922427110e-14 4.5811133434e-15 7.3413137666e-15
3.7280273438e+02 1.1921174589e-14 4.5826430104e-15 7.3385315786e-15
3.7304687500e+02 1.1921365659e-14 4.5841612667e-15 7.3372043920e-15
3.7329101562e+02 1.1921999729e-14 4.5841410266e-15 7.3378587023e-15
3.7353515625e+02 1.1922691422e-14 4.5828095806e-15 7.3398818414e-15
3.7377929688e+02 1.1924157840e-14 4.5816305898e-15 7.3425272506e-15
3.7402343750e+02 1.1927385952e-14 4.5813923100e-15 7.3459936419e-15
3.7426757812e+02 1.1931328252e-14 4.5810513252e-15 7.3502769265e-15
3.7451171875e+02 1.1932689564e-14 4.5793390680e-15 7.3533504962e-15
3.7475585938e+02 1.1929786964e-14 4.5769933231e-15 7.3527936412e-15
3.7500000000e+02 1.1925714615e-14 4.5760269848e-15 7.3496876298e-15
3.7524414062e+02 1.1924768327e-14 4.5771686850e-15 7.3475996422e-15
3.7548828125e+02 1.1925839622e-14 4.5791167244e-15 7.3467228980e-15
3.7573242188e+02 1.1923216578e-14 4.5802775406e-15 7.3429390371e-15
3.7597656250e+02 1.1914870150e-14 4.5803181011e-15 7.3345520490e-15
3.7622070312e+02 1.1905576753e-14 4.5793582821e-15 7.3262184711e-15
3.7646484375e+02 1.1900798706e-14 4.5771707439e-15 7.3236279623e-15
3.7670898438e+02 1.1902241949e-14 4.5749799037e-15 7.3272620457e-15
3.7695312500e+02 1.1909419499e-14 4.5755037329e-15 7.3339157666e-15
3.7719726562e+02 1.1921167610e-14 4.5790834656e-15 7.3420841442e-15
3.7744140625e+02 1.1934912811e-14 4.5826556088e-15 7.3522572020e-15
3.7768554688e+02 1.1945582196e-14 4.5835412016e-15 7.3620409941e-15
3.7792968750e+02 1.1948325564e-14 4.5820481759e-15 7.3662773878e-15
3.7817382812e+02 1.1944815529e-14 4.5804919385e-15 7.3643235909e-15
3.7841796875e+02 1.1941837600e-14 4.5808664843e-15 7.3609711156e-15
3.7866210938e+02 1.1940989161e-14 4.5828554820e-15 7.3581336788e-15
3.7890625000e+02 1.1936300506e-14 4.5839451439e-15 7.3523553625e-15
3.7915039062e+02 1.1924712009e-14 4.5828365197e-15 7.3418754895e-15
3.7939453125e+02 1.1912550832e-14 4.5816667401e-15 7.3308840919e-15
3.7963867188e+02 1.1908362370e-14 4.5830833946e-15 7.3252789755e-15
3.7988281250e+02 1.1913897366e-14 4.5873560914e-15 7.3265412746e-15
3.8012695312e+02 1.1923556216e-14 4.5930242956e-15 7.3305319208e-15
3.8037109375e+02 1.1929624976e-14 4.5974844171e-15 7.3321405587e-15
3.8061523438e+02 1.1928903201e-14 4.5978488859e-15 7.3310543155e-15
3.8085937500e+02 1.1924840105e-14 4.5935439333e-15 7.3312961715e-15
3.8110351562e+02 1.1921597194e-14 4.5867057095e-15 7.3348914846e-15
3.8134765625e+02 1.1919487176e-14 4.5801015557e-15 7.3393856199e-15
3.8159179688e+02 1.1918458184e-14 4.5764270855e-15 7.3420310988e-15
3.8183593750e+02 1.1920140019e-14 4.5777700777e-15 7.3423699414e-15
3.8208007812e+02 1.1923526928e-14 4.5830728077e-15 7.3404541198e-15
3.8232421875e+02 1.1923425300e-14 4.5875835676e-15 7.3358417328e-15
3.8256835938e+02 1.1916794086e-14 4.5875723616e-15 7.3292217248e-15
3.8281250000e+02 1.1907951454e-14 4.5844633187e-15 7.3234881348e-15
3.8305664062e+02 1.1903383763e-14 4.5821228846e-15 7.3212608787e-15
3.8330078125e+02 1.1903566125e-14 4.5816685090e-15 7.3218976163e-15
3.8354492188e+02 1.1903979865e-14 4.5812586234e-15 7.3227212415e-15
3.8378906250e+02 1.1901740025e-14 4.5798714078e-15 7.3218686177e-15
3.8403320312e+02 1.1897660604e-14 4.5786897194e-15 7.3189708851e-15
3.8427734375e+02 1.1894266317e-14 4.5790182012e-15 7.3152481159e-15
3.8452148438e+02 1.1893284968e-14 4.5806959195e-15 7.3125890484e-15
3.8476562500e+02 1.1892928617e-14 4.5824151330e-15 7.3105134842e-15
3.8500976562e+02 1.1890290773e-14 4.5831721964e-15 7.3071185766e-15
3.8525390625e+02 1.1888239362e-14 4.5833901433e-15 7.3048492187e-15
3.8549804688e+02 1.1893756101e-14 4.5841301036e-15 7.3096259975e-15
3.8574218750e+02 1.1907032324e-14 4.5853277956e-15 7.3217045286e-15
3.8598632812e+02 1.1918685024e-14 4.5855081510e-15 7.3331768733e-15
3.8623046875e+02 1.1920584986e-14 4.5836112840e-15 7.3369737020e-15
3.8647460938e+02 1.1914458982e-14 4.5807344675e-15 7.3337245141e-15
3.8671875000e+02 1.1907804658e-14 4.5795598739e-15 7.3282447837e-15
3.8696289062e+02 1.1905248449e-14 4.5814679574e-15 7.3237804914e-15
3.8720703125e+02 1.1906688679e-14 4.5848067635e-15 7.3218819151e-15
3.8745117188e+02 1.1911784682e-14 4.5875696188e-15 7.3242150636e-15
3.8769531250e+02 1.1921293321e-14 4.5896879636e-15 7.3316053570e-15
3.8793945312e+02 1.1933399471e-14 4.5911576731e-15 7.3422417983e-15
3.8818359375e+02 1.1943349476e-14 4.5914660186e-15 7.3518834574e-15
3.8842773438e+02 1.1948083164e-14 4.5913250531e-15 7.3567581107e-15
3.8867187500e+02 1.1948714361e-14 4.5917636754e-15 7.3569506860e-15
3.8891601562e+02 1.1947353086e-14 4.5918378442e-15 7.3555152422e-15
3.8916015625e+02 1.1943162095e-14 4.5892925041e-15 7.3538695909e-15
3.8940429688e+02 1.1933971279e-14 4.5836423977e-15 7.3503288817e-15
3.8964843750e+02 1.1921435363e-14 4.5776238075e-15 7.3438115554e-15
3.8989257812e+02 1.1911683986e-14 4.5748119069e-15 7.3368720796e-15
3.9013671875e+02 1.1909934107e-14 4.5762093677e-15 7.3337247391e-15
3.9038085938e+02 1.1915886000e-14 4.5801148241e-15 7.3357711763e-15
3.9062500000e+02 1.1924184816e-14 4.5844953474e-15 7.3396894685e-15
3.9086914062e+02 1.1929261197e-14 4.5884908170e-15 7.3407703805e-15
3.9111328125e+02 1.1930268902e-14 4.5924180465e-15 7.3378508559e-15
3.9135742188e+02 1.1930221152e-14 4.5962412609e-15 7.3339798909e-15
3.9160156250e+02 1.1931612373e-14 4.5982282217e-15 7.3333841511e-15
3.9184570312e+02 1.1935491344e-14 4.5970396017e-15 7.3384517421e-15
3.9208984375e+02 1.1941662295e-14 4.5941135009e-15 7.3475487946e-15
3.9233398438e+02 1.1946040819e-14 4.5911268040e-15 7.3549140149e-15
3.9257812500e+02 1.1942791898e-14 4.5870048239e-15 7.3557870741e-15
3.9282226562e+02 1.1932558839e-14 4.5808701367e-15 7.3516887023e-15
3.9306640625e+02 1.1922515266e-14 4.5757398659e-15 7.3467753997e-15
3.9331054688e+02 1.1917609780e-14 4.5756999278e-15 7.3419098525e-15
3.9355468750e+02 1.1917628690e-14 4.5806765658e-15 7.3369521242e-15
3.9379882812e+02 1.1920132563e-14 4.5864948374e-15 7.3336377253e-15
3.9404296875e+02 1.1921968080e-14 4.5896414525e-15 7.3323266273e-15
3.9428710938e+02 1.1921207149e-14 4.5901508063e-15 7.3310563430e-15
3.9453125000e+02 1.1918716184e-14 4.5896672856e-15 7.3290488983e-15
3.9477539062e+02 1.1915971223e-14 4.5885449008e-15 7.3274263220e-15
3.9501953125e+02 1.1912562082e-14 4.5860181851e-15 7.3265438970e-15
3.9526367188e+02 1.1907546955e-14 4.5824031143e-15 7.3251438405e-15
3.9550781250e+02 1.1901844950e-14 4.5795653134e-15 7.3222796367e-15
3.9575195312e+02 1.1897631256e-14 4.5788463052e-15 7.3187849510e-15
3.9599609375e+02 1.1896914659e-14 4.5799084157e-15 7.3170062438e-15
3.9624023438e+02 1.1901622110e-14 4.5823238842e-15 7.3192982253e-15
3.9648437500e+02 1.1912353808e-14 4.5865439501e-15 7.3258098577e-15
3.9672851562e+02 1.1924741430e-14 4.5919192141e-15 7.3328222162e-15
3.9697265625e+02 1.1930663335e-14 4.5958053412e-15 7.3348579936e-15
3.9721679688e+02 1.1927108495e-14 4.5963613235e-15 7.3307471713e-15
3.9746093750e+02 1.1920251000e-14 4.5945326550e-15 7.3257183452e-15
3.9770507812e+02 1.1917965146e-14 4.5922058855e-15 7.3257592608e-15
3.9794921875e+02 1.1921913212e-14 4.5899188442e-15 7.3319943673e-15
3.9819335938e+02 1.1927859356e-14 4.5873367554e-15 7.3405226006e-15
3.9843750000e+02 1.1930851925e-14 4.5845270318e-15 7.3463248937e-15
3.9868164062e+02 1.1929065376e-14 4.5817590054e-15 7.3473063707e-15
3.9892578125e+02 1.1923678866e-14 4.5793584909e-15 7.3443203750e-15
3.9916992188e+02 1.1916529928e-14 4.5778011128e-15 7.3387288148e-15
3.9941406250e+02 1.1908260130e-14 4.5769482006e-15 7.3313119299e-15
3.9965820312e+02 1.1899823893e-14 4.5765492481e-15 7.3232746451e-15
3.9990234375e+02 1.1894591813e-14 4.5774842181e-15 7.3171075953e-15
4.0014648438e+02 1.1895151801e-14 4.5800251082e-15 7.3151266930e-15
4.0039062500e+02 1.1900325602e-14 4.5822818041e-15 7.3180437978e-15
4.0063476562e+02 1.1907676159e-14 4.5830980616e-15 7.3245780976e-15
4.0087890625e+02 1.1915098401e-14 4.5839885884e-15 7.3311098124e-15
4.0112304688e+02 1.1919642454e-14 4.5859219390e-15 7.3337205154e-15
4.0136718750e+02 1.1919051060e-14 4.5874265595e-15 7.3316245008e-15
4.0161132812e+02 1.1914768617e-14 4.5875553820e-15 7.3272132350e-15
4.0185546875e+02 1.1910459202e-14 4.5867668385e-15 7.3236923639e-15
4.0209960938e+02 1.1907771387e-14 4.5845479090e-15 7.3232234779e-15
4.0234375000e+02 1.1906357736e-14 4.5807199991e-15 7.3256377371e-15
4.0258789062e+02 1.1906363869e-14 4.5775996298e-15 7.3287642392e-15
4.0283203125e+02 1.1907402024e-14 4.5769652900e-15 7.3304367345e-15
4.0307617188e+02 1.1907930443e-14 4.5777136092e-15 7.3302168339e-15
4.0332031250e+02 1.1908382134e-14 4.5786169593e-15 7.3297651744e-15
4.0356445312e+02 1.1911848784e-14 4.5802191122e-15 7.3316296720e-15
4.0380859375e+02 1.1919288681e-14 4.5826835939e-15 7.3366050874e-15
4.0405273438e+02 1.1926219503e-14 4.5843282919e-15 7.3418912108e-15
4.0429687500e+02 1.1927619332e-14 4.5840873372e-15 7.3435319952e-15
4.0454101562e+02 1.1924179112e-14 4.5832544050e-15 7.3409247070e-15
4.0478515625e+02 1.1919692373e-14 4.5826779594e-15 7.3370144138e-15
4.0502929688e+02 1.1915240654e-14 4.5807869587e-15 7.3344536951e-15
4.0527343750e+02 1.1909941041e-14 4.5764970641e-15 7.3334439769e-15
4.0551757812e+02 1.1905639242e-14 4.5716663183e-15 7.3339729238e-15
4.0576171875e+02 1.1907601524e-14 4.5693247946e-15 7.3382767295e-15
4.0600585938e+02 1.1918366275e-14 4.5708285620e-15 7.3475377125e-15
4.0625000000e+02 1.1931738754e-14 4.5748540371e-15 7.3568847169e-15
4.0649414062e+02 1.1937283409e-14 4.5784308121e-15 7.3588525967e-15
4.0673828125e+02 1.1931958029e-14 4.5793035682e-15 7.3526544605e-15
4.0698242188e+02 1.1923137789e-14 4.5781222426e-15 7.3450155467e-15
4.0722656250e+02 1.1918884989e-14 4.5776639031e-15 7.3412210859e-15
4.0747070312e+02 1.1919194857e-14 4.5788356719e-15 7.3403591854e-15
4.0771484375e+02 1.1918802534e-14 4.5790976715e-15 7.3397048620e-15
4.0795898438e+02 1.1915407821e-14 4.5765107801e-15 7.3388970404e-15
4.0820312500e+02 1.1911258518e-14 4.5731778369e-15 7.3380806810e-15
4.0844726562e+02 1.1908822045e-14 4.5724018295e-15 7.3364202150e-15
4.0869140625e+02 1.1909876001e-14 4.5745199373e-15 7.3353560634e-15
4.0893554688e+02 1.1915633900e-14 4.5772807801e-15 7.3383531196e-15
4.0917968750e+02 1.1923572751e-14 4.5785439565e-15 7.3450287941e-15
4.0942382812e+02 1.1929265465e-14 4.5780669949e-15 7.3511984702e-15
4.0966796875e+02 1.1932499517e-14 4.5772836508e-15 7.3552158667e-15
4.0991210938e+02 1.1935483203e-14 4.5771030704e-15 7.3583801323e-15
4.1015625000e+02 1.1936243128e-14 4.5765536052e-15 7.3596895229e-15
4.1040039062e+02 1.1929874483e-14 4.5742502293e-15 7.3556242542e-15
4.1064453125e+02 1.1916424140e-14 4.5704429275e-15 7.3459812127e-15
4.1088867188e+02 1.1904375795e-14 4.5672158562e-15 7.3371599385e-15
4.1113281250e+02 1.1904347494e-14 4.5669293733e-15 7.3374181210e-15
4.1137695312e+02 1.1918789147e-14 4.5701183447e-15 7.3486708023e-15
4.1162109375e+02 1.1939075608e-14 4.5748985602e-15 7.3641770478e-15
4.1186523438e+02 1.1953803967e-14 4.5786937659e-15 7.3751102008e-15
4.1210937500e+02 1.1958700484e-14 4.5800495721e-15 7.3786509120e-15
4.1235351562e+02 1.1956840503e-14 4.5787983401e-15 7.3780421633e-15
4.1259765625e+02 1.1952525963e-14 4.5758005477e-15 7.3767254151e-15
4.1284179688e+02 1.1948431678e-14 4.5731106742e-15 7.3753210034e-15
4.1308593750e+02 1.1945250239e-14 4.5727733782e-15 7.3724768608e-15
4.1333007812e+02 1.1942018006e-14 4.5745630880e-15 7.3674549182e-15
4.1357421875e+02 1.1939233998e-14 4.5763866296e-15 7.3628473679e-15
4.1381835938e+02 1.1939363332e-14 4.5770647379e-15 7.3622985945e-15
4.1406250000e+02 1.1941570405e-14 4.5772725201e-15 7.3642978846e-15
4.1430664062e+02 1.1940596305e-14 4.5777903845e-15 7.3628059207e-15
4.1455078125e+02 1.1933485924e-14 4.5780582310e-15 7.3554276928e-15
4.1479492188e+02 1.1923571025e-14 4.5770114744e-15 7.3465595506e-15
4.1503906250e+02 1.1916039289e-14 4.5746901661e-15 7.3413491227e-15
4.1528320312e+02 1.1912596904e-14 4.5725798875e-15 7.3400170169e-15
4.1552734375e+02 1.1912734329e-14 4.5725159196e-15 7.3402184098e-15
4.1577148438e+02 1.1915797764e-14 4.5748679030e-15 7.3409298611e-15
4.1601562500e+02 1.1918056152e-14 4.5778895875e-15 7.3401665643e-15
4.1625976562e+02 1.1913200450e-14 4.5793027113e-15 7.3338977390e-15
4.1650390625e+02 1.1900234406e-14 4.5779757389e-15 7.3222586675e-15
4.1674804688e+02 1.1888188734e-14 4.5744386461e-15 7.3137500874e-15
4.1699218750e+02 1.1888646040e-14 4.5710279720e-15 7.3176180683e-15
4.1723632812e+02 1.1902391434e-14 4.5701673719e-15 7.3322240622e-15
4.1748046875e+02 1.1919025684e-14 4.5718560098e-15 7.3471696746e-15
4.1772460938e+02 1.1930473118e-14 4.5747797745e-15 7.3556933435e-15
4.1796875000e+02 1.1936960597e-14 4.5785600064e-15 7.3584005907e-15
4.1821289062e+02 1.1941073960e-14 4.5827418264e-15 7.3583321338e-15
4.1845703125e+02 1.1943040710e-14 4.5857103096e-15 7.3573304005e-15
4.1870117188e+02 1.1941495774e-14 4.5866336344e-15 7.3548621395e-15
4.1894531250e+02 1.1934865098e-14 4.5864263173e-15 7.3484387804e-15
4.1918945312e+02 1.1922197645e-14 4.5856802743e-15 7.3365173702e-15
4.1943359375e+02 1.1906544459e-14 4.5841151702e-15 7.3224292888e-15
4.1967773438e+02 1.1895732151e-14 4.5819707043e-15 7.3137614464e-15
4.1992187500e+02 1.1895583470e-14 4.5795748157e-15 7.3160086544e-15
4.2016601562e+02 1.1904208443e-14 4.5764259101e-15 7.3277825325e-15
4.2041015625e+02 1.1914188377e-14 4.5723480180e-15 7.3418403594e-15
4.2065429688e+02 1.1918833359e-14 4.5686718791e-15 7.3501614801e-15
4.2089843750e+02 1.1917432340e-14 4.5674661697e-15 7.3499661706e-15
4.2114257812e+02 1.1915785934e-14 4.5701958494e-15 7.3455900847e-15
4.2138671875e+02 1.1920255671e-14 4.5766987958e-15 7.3435568757e-15
4.2163085938e+02 1.1930414357e-14 4.5846713926e-15 7.3457429643e-15
4.2187500000e+02 1.1939329398e-14 4.5908784538e-15 7.3484509437e-15
4.2211914062e+02 1.1941153428e-14 4.5933969876e-15 7.3477564403e-15
4.2236328125e+02 1.1936730723e-14 4.5928501937e-15 7.3438805296e-15
4.2260742188e+02 1.1932363351e-14 4.5916289122e-15 7.3407344392e-15
4.2285156250e+02 1.1933045149e-14 4.5912277552e-15 7.3418173934e-15
4.2309570312e+02 1.1936403764e-14 4.5905719688e-15 7.3458317956e-15
4.2333984375e+02 1.1935293339e-14 4.5880156351e-15 7.3472777039e-15
4.2358398438e+02 1.1926586837e-14 4.5842512631e-15 7.3423355736e-15
4.2382812500e+02 1.1915667485e-14 4.5818335634e-15 7.3338339213e-15
4.2407226562e+02 1.1910834320e-14 4.5815719224e-15 7.3292623973e-15
4.2431640625e+02 1.1913411208e-14 4.5809915288e-15 7.3324196797e-15
4.2456054688e+02 1.1917700668e-14 4.5784314016e-15 7.3392692668e-15
4.2480468750e+02 1.1920814388e-14 4.5765680088e-15 7.3442463797e-15
4.2504882812e+02 1.1925993706e-14 4.5787574996e-15 7.3472362059e-15
4.2529296875e+02 1.1935849252e-14 4.5839636978e-15 7.3518855546e-15
4.2553710938e+02 1.1946781900e-14 4.5877717697e-15 7.3590101299e-15
4.2578125000e+02 1.1951210472e-14 4.5871522178e-15 7.3640582540e-15
4.2602539062e+02 1.1945183123e-14 4.5829649025e-15 7.3622182207e-15
4.2626953125e+02 1.1932252858e-14 4.5781397116e-15 7.3541131462e-15
4.2651367188e+02 1.1918719647e-14 4.5744854176e-15 7.3442342295e-15
4.2675781250e+02 1.1908753026e-14 4.5724039100e-15 7.3363491157e-15
4.2700195312e+02 1.1904849144e-14 4.5726806546e-15 7.3321684891e-15
4.2724609375e+02 1.1907437992e-14 4.5757798435e-15 7.3316581485e-15
4.2749023438e+02 1.1913487255e-14 4.5793660497e-15 7.3341212052e-15
4.2773437500e+02 1.1918976900e-14 4.5797282205e-15 7.3392486793e-15
4.2797851562e+02 1.1921555804e-14 4.5765015396e-15 7.3450542642e-15
4.2822265625e+02 1.1920272424e-14 4.5728569372e-15 7.3474154869e-15
4.2846679688e+02 1.1915837212e-14 4.5706769310e-15 7.3451602808e-15
4.2871093750e+02 1.1911076253e-14 4.5691281730e-15 7.3419480800e-15
4.2895507812e+02 1.1908411027e-14 4.5675525823e-15 7.3408584447e-15
4.2919921875e+02 1.1907356496e-14 4.5662805362e-15 7.3410759599e-15
4.2944335938e+02 1.1906174482e-14 4.5653460898e-15 7.3408283923e-15
4.2968750000e+02 1.1904734585e-14 4.5650993014e-15 7.3396352832e-15
4.2993164062e+02 1.1904513951e-14 4.5672459159e-15 7.3372680350e-15
4.3017578125e+02 1.1906099401e-14 4.5727047741e-15 7.3333946271e-15
4.3041992188e+02 1.1907847515e-14 4.5792080880e-15 7.3286394272e-15
4.3066406250e+02 1.1908323118e-14 4.5835105557e-15 7.3248125627e-15
4.3090820312e+02 1.1908250247e-14 4.5850459388e-15 7.3232043085e-15
4.3115234375e+02 1.1909296523e-14 4.5853204649e-15 7.3239760583e-15
4.3139648438e+02 1.1912678475e-14 4.5853836615e-15 7.3272948135e-15
4.3164062500e+02 1.1917675279e-14 4.5857289040e-15 7.3319463749e-15
4.3188476562e+02 1.1921179903e-14 4.5865654890e-15 7.3346144142e-15
4.3212890625e+02 1.1921063413e-14 4.5869137268e-15 7.3341496862e-15
4.3237304688e+02 1.1918485791e-14 4.5852601808e-15 7.3332256103e-15
4.3261718750e+02 1.1915320216e-14 4.5821183690e-15 7.3332018472e-15
4.3286132812e+02 1.1912564434e-14 4.5806282426e-15 7.3319361910e-15
4.3310546875e+02 1.1911622109e-14 4.5833309587e-15 7.3282911500e-15
4.3334960938e+02 1.1913560700e-14 4.5891607067e-15 7.3243999934e-15
4.3359375000e+02 1.1916661106e-14 4.5943299164e-15 7.3223311897e-15
4.3383789062e+02 1.1916920314e-14 4.5954137720e-15 7.3215065424e-15
4.3408203125e+02 1.1912233664e-14 4.5919066447e-15 7.3203270191e-15
4.3432617188e+02 1.1904779036e-14 4.5864631491e-15 7.3183158866e-15
4.3457031250e+02 1.1898113941e-14 4.5823135727e-15 7.3158003686e-15
4.3481445312e+02 1.1893817392e-14 4.5810338374e-15 7.3127835544e-15
4.3505859375e+02 1.1892000888e-14 4.5827876605e-15 7.3092132273e-15
4.3530273438e+02 1.1892203609e-14 4.5862311252e-15 7.3059724837e-15
4.3554687500e+02 1.1892498138e-14 4.5880712440e-15 7.3044268939e-15
4.3579101562e+02 1.1890542347e-14 4.5860534415e-15 7.3044889052e-15
4.3603515625e+02 1.1886300874e-14 4.5823122309e-15 7.3039886434e-15
4.3627929688e+02 1.1882596834e-14 4.5806684934e-15 7.3019283407e-15
4.3652343750e+02 1.1882902156e-14 4.5815114892e-15 7.3013906671e-15
4.3676757812e+02 1.1888392844e-14 4.5824133804e-15 7.3059794633e-15
4.3701171875e+02 1.1896992176e-14 4.5824955488e-15 7.3144966273e-15
4.3725585938e+02 1.1905026242e-14 4.5829951141e-15 7.3220311278e-15
4.3750000000e+02 1.1910327280e-14 4.5846199849e-15 7.3257072956e-15
4.3774414062e+02 1.1914894944e-14 4.5871979355e-15 7.3276970088e-15
4.3798828125e+02 1.1922632877e-14 4.5905745863e-15 7.3320582904e-15
4.3823242188e+02 1.1932564197e-14 4.5933296769e-15 7.3392345202e-15
4.3847656250e+02 1.1937990112e-14 4.5925105856e-15 7.3454795263e-15
4.3872070312e+02 1.1934708204e-14 4.5870672721e-15 7.3476409320e-15
4.3896484375e+02 1.1926638610e-14 4.5799216981e-15 7.3467169114e-15
4.3920898438e+02 1.1921731330e-14 4.5748545805e-15 7.3468767498e-15
4.3945312500e+02 1.1924320135e-14 4.5727147883e-15 7.3516053470e-15
4.3969726562e+02 1.1932089126e-14 4.5719360227e-15 7.3601531036e-15
4.3994140625e+02 1.1938641730e-14 4.5711817190e-15 7.3674600113e-15
4.4018554688e+02 1.1938751054e-14 4.5699967399e-15 7.3687543138e-15
4.4042968750e+02 1.1932721769e-14 4.5685609306e-15 7.3641608380e-15
4.4067382812e+02 1.1925021824e-14 4.5679634157e-15 7.3570584078e-15
4.4091796875e+02 1.1919324178e-14 4.5692449817e-15 7.3500791965e-15
4.4116210938e+02 1.1917344967e-14 4.5720210903e-15 7.3453238766e-15
4.4140625000e+02 1.1919722596e-14 4.5746859873e-15 7.3450366086e-15
4.4165039062e+02 1.1924888172e-14 4.5759483547e-15 7.3489398168e-15
4.4189453125e+02 1.1929758154e-14 4.5762086318e-15 7.3535495226e-15
4.4213867188e+02 1.1932561074e-14 4.5767123356e-15 7.3558487380e-15
4.4238281250e+02 1.1933517912e-14 4.5776801966e-15 7.3558377153e-15
4.4262695312e+02 1.1933635774e-14 4.5784797593e-15 7.3551560151e-15
4.4287109375e+02 1.1933071234e-14 4.5790521794e-15 7.3540190543e-15
4.4311523438e+02 1.1930797851e-14 4.5801532203e-15 7.3506446311e-15
4.4335937500e+02 1.1926396086e-14 4.5822170075e-15 7.3441790785e-15
4.4360351562e+02 1.1920661501e-14 4.5843378435e-15 7.3363236577e-15
4.4384765625e+02 1.1914630854e-14 4.5846829726e-15 7.3299478813e-15
4.4409179688e+02 1.1910459366e-14 4.5824224419e-15 7.3280369242e-15
4.4433593750e+02 1.1912221688e-14 4.5795918880e-15 7.3326297996e-15
4.4458007812e+02 1.1921496157e-14 4.5796735748e-15 7.3418225821e-15
4.4482421875e+02 1.1933041188e-14 4.5828883931e-15 7.3501527953e-15
4.4506835938e+02 1.1939730966e-14 4.5850656441e-15 7.3546653221e-15
4.4531250000e+02 1.1939541053e-14 4.5829570082e-15 7.3565840447e-15
4.4555664062e+02 1.1935114410e-14 4.5784179792e-15 7.3566964313e-15
4.4580078125e+02 1.1930725398e-14 4.5761720562e-15 7.3545533420e-15
4.4604492188e+02 1.1929428372e-14 4.5784195491e-15 7.3510088226e-15
4.4628906250e+02 1.1930040836e-14 4.5819707682e-15 7.3480700680e-15
4.4653320312e+02 1.1929149956e-14 4.5815215657e-15 7.3476283906e-15
4.4677734375e+02 1.1926243626e-14 4.5763475438e-15 7.3498960817e-15
4.4702148438e+02 1.1923541026e-14 4.5715381829e-15 7.3520028429e-15
4.4726562500e+02 1.1922460371e-14 4.5714008280e-15 7.3510595427e-15
4.4750976562e+02 1.1923197571e-14 4.5745205235e-15 7.3486770470e-15
4.4775390625e+02 1.1925679311e-14 4.5767195908e-15 7.3489597201e-15
4.4799804688e+02 1.1929438883e-14 4.5763868769e-15 7.3530520065e-15
4.4824218750e+02 1.1933936477e-14 4.5754256543e-15 7.3585108231e-15
4.4848632812e+02 1.1938652680e-14 4.5761324901e-15 7.3625201899e-15
4.4873046875e+02 1.1942320296e-14 4.5785018716e-15 7.3638184247e-15
4.4897460938e+02 1.1943373508e-14 4.5806317868e-15 7.3627417214e-15
4.4921875000e+02 1.1941449608e-14 4.5809814443e-15 7.3604681639e-15
4.4946289062e+02 1.1937666962e-14 4.5798413366e-15 7.3578256254e-15
4.4970703125e+02 1.1933334392e-14 4.5786697842e-15 7.3546646079e-15
4.4995117188e+02 1.1929321011e-14 4.5787836768e-15 7.3505373343e-15
4.5019531250e+02 1.1927190386e-14 4.5809655954e-15 7.3462247902e-15
4.5043945312e+02 1.1929146116e-14 4.5849678918e-15 7.3441782239e-15
4.5068359375e+02 1.1935852623e-14 4.5889912116e-15 7.3468614116e-15
4.5092773438e+02 1.1945087356e-14 4.5905647006e-15 7.3545226557e-15
4.5117187500e+02 1.1952204964e-14 4.5884548146e-15 7.3637501490e-15
4.5141601562e+02 1.1952351392e-14 4.5837485496e-15 7.3686028425e-15
4.5166015625e+02 1.1944797907e-14 4.5789548353e-15 7.3658430720e-15
4.5190429688e+02 1.1935512766e-14 4.5762144393e-15 7.3592983266e-15
4.5214843750e+02 1.1931772520e-14 4.5762016125e-15 7.3555709078e-15
4.5239257812e+02 1.1934249294e-14 4.5782936271e-15 7.3559556671e-15
4.5263671875e+02 1.1939012231e-14 4.5817490199e-15 7.3572632108e-15
4.5288085938e+02 1.1944789182e-14 4.5861714607e-15 7.3586177217e-15
4.5312500000e+02 1.1952336634e-14 4.5907509108e-15 7.3615857234e-15
4.5336914062e+02 1.1959747730e-14 4.5942732320e-15 7.3654744976e-15
4.5361328125e+02 1.1963648596e-14 4.5959866329e-15 7.3676619633e-15
4.5385742188e+02 1.1963147724e-14 4.5958627585e-15 7.3672849655e-15
4.5410156250e+02 1.1960216820e-14 4.5945140117e-15 7.3657028087e-15
4.5434570312e+02 1.1957826910e-14 4.5930532695e-15 7.3647736400e-15
4.5458984375e+02 1.1957990218e-14 4.5922985262e-15 7.3656916920e-15
4.5483398438e+02 1.1960628209e-14 4.5917582637e-15 7.3688699456e-15
4.5507812500e+02 1.1964686798e-14 4.5898742757e-15 7.3748125220e-15
4.5532226562e+02 1.1968802452e-14 4.5856298681e-15 7.3831725842e-15
4.5556640625e+02 1.1970278523e-14 4.5800125702e-15 7.3902659531e-15
4.5581054688e+02 1.1967076533e-14 4.5759143201e-15 7.3911622128e-15
4.5605468750e+02 1.1960866315e-14 4.5757286714e-15 7.3851376441e-15
4.5629882812e+02 1.1954681377e-14 4.5786092669e-15 7.3760721105e-15
4.5654296875e+02 1.1949255207e-14 4.5811532644e-15 7.3681019427e-15
4.5678710938e+02 1.1944109905e-14 4.5814469817e-15 7.3626629235e-15
4.5703125000e+02 1.1939175782e-14 4.5809351214e-15 7.3582406608e-15
4.5727539062e+02 1.1934618940e-14 4.5809336876e-15 7.3536852522e-15
4.5751953125e+02 1.1931970454e-14 4.5799897632e-15 7.3519806908e-15
4.5776367188e+02 1.1933979926e-14 4.5775675717e-15 7.3564123542e-15
4.5800781250e+02 1.1941194739e-14 4.5767393119e-15 7.3644554266e-15
4.5825195312e+02 1.1950603519e-14 4.5796257818e-15 7.3709777373e-15
4.5849609375e+02 1.1958128967e-14 4.5840097305e-15 7.3741192366e-15
4.5874023438e+02 1.1960780697e-14 4.5870207370e-15 7.3737599600e-15
4.5898437500e+02 1.1957903764e-14 4.5887666773e-15 7.3691370867e-15
4.5922851562e+02 1.1952546813e-14 4.5912669291e-15 7.3612798839e-15
4.5947265625e+02 1.1949101003e-14 4.5954184308e-15 7.3536825719e-15
4.5971679688e+02 1.1947428780e-14 4.5989259036e-15 7.3485028768e-15
4.5996093750e+02 1.1942784004e-14 4.5980118634e-15 7.3447721409e-15
4.6020507812e+02 1.1933001593e-14 4.5920464727e-15 7.3409551202e-15
4.6044921875e+02 1.1921040861e-14 4.5848404344e-15 7.3362004268e-15
4.6069335938e+02 1.1909759084e-14 4.5804248090e-15 7.3293342752e-15
4.6093750000e+02 1.1900060761e-14 4.5797005803e-15 7.3203601810e-15
4.6118164062e+02 1.1894383289e-14 4.5819046744e-15 7.3124786144e-15
4.6142578125e+02 1.1895343542e-14 4.5856523770e-15 7.3096911651e-15
4.6166992188e+02 1.1901051562e-14 4.5879994505e-15 7.3130521118e-15
4.6191406250e+02 1.1907680166e-14 4.5866596561e-15 7.3210205097e-15
4.6215820312e+02 1.1914644685e-14 4.5830238028e-15 7.3316208824e-15
4.6240234375e+02 1.1923120970e-14 4.5803431018e-15 7.3427778677e-15
4.6264648438e+02 1.1933151009e-14 4.5804088210e-15 7.3527421876e-15
4.6289062500e+02 1.1943583788e-14 4.5829880555e-15 7.3605957330e-15
4.6313476562e+02 1.1950783078e-14 4.5862428163e-15 7.3645402613e-15
4.6337890625e+02 1.1949091516e-14 4.5876906100e-15 7.3614009059e-15
4.6362304688e+02 1.1937366402e-14 4.5862203980e-15 7.3511460039e-15
4.6386718750e+02 1.1922501112e-14 4.5826363722e-15 7.3398647393e-15
4.6411132812e+02 1.1912795856e-14 4.5784385552e-15 7.3343573013e-15
4.6435546875e+02 1.1910651307e-14 4.5751250387e-15 7.3355262682e-15
4.6459960938e+02 1.1913446536e-14 4.5737265976e-15 7.3397199387e-15
4.6484375000e+02 1.1918053818e-14 4.5738472060e-15 7.3442066116e-15
4.6508789062e+02 1.1923212888e-14 4.5743915808e-15 7.3488213076e-15
4.6533203125e+02 1.1929486470e-14 4.5756420851e-15 7.3538443850e-15
4.6557617188e+02 1.1937353115e-14 4.5789508426e-15 7.3584022723e-15
4.6582031250e+02 1.1945383798e-14 4.5840826522e-15 7.3613011460e-15
4.6606445312e+02 1.1950781505e-14 4.5880652873e-15 7.3627162180e-15
4.6630859375e+02 1.1951254133e-14 4.5876500530e-15 7.3636040800e-15
4.6655273438e+02 1.1946910733e-14 4.5828340502e-15 7.3640766831e-15
4.6679687500e+02 1.1940580545e-14 4.5769501121e-15 7.3636304325e-15
4.6704101562e+02 1.1935468024e-14 4.5728689634e-15 7.3625990605e-15
4.6728515625e+02 1.1933576354e-14 4.5707069673e-15 7.3628693865e-15
4.6752929688e+02 1.1935866957e-14 4.5701626389e-15 7.3657043185e-15
4.6777343750e+02 1.1940616907e-14 4.5721459313e-15 7.3684709762e-15
4.6801757812e+02 1.1943112407e-14 4.5765812067e-15 7.3665312005e-15
4.6826171875e+02 1.1940567694e-14 4.5813431396e-15 7.3592245543e-15
4.6850585938e+02 1.1934772165e-14 4.5844385610e-15 7.3503336039e-15
4.6875000000e+02 1.1928787452e-14 4.5858222920e-15 7.3429651603e-15
4.6899414062e+02 1.1924513554e-14 4.5864608417e-15 7.3380527124e-15
4.6923828125e+02 1.1922966703e-14 4.5861369231e-15 7.3368297798e-15
4.6948242188e+02 1.1924417115e-14 4.5834644020e-15 7.3409527127e-15
4.6972656250e+02 1.1928268874e-14 4.5785354384e-15 7.3497334357e-15
4.6997070312e+02 1.1933835060e-14 4.5743902880e-15 7.3594447722e-15
4.7021484375e+02 1.1941028836e-14 4.5746968162e-15 7.3663320203e-15
4.7045898438e+02 1.1948469073e-14 4.5796467568e-15 7.3688223160e-15
4.7070312500e+02 1.1951545383e-14 4.5850536003e-15 7.3664917822e-15
4.7094726562e+02 1.1945963812e-14 4.5864146612e-15 7.3595491507e-15
4.7119140625e+02 1.1933008837e-14 4.5827449033e-15 7.3502639334e-15
4.7143554688e+02 1.1918600323e-14 4.5763054020e-15 7.3422949210e-15
4.7167968750e+02 1.1908359540e-14 4.5706511101e-15 7.3377084300e-15
4.7192382812e+02 1.1904962994e-14 4.5687002572e-15 7.3362627366e-15
4.7216796875e+02 1.1908315896e-14 4.5710595569e-15 7.3372563387e-15
4.7241210938e+02 1.1916758235e-14 4.5758009826e-15 7.3409572526e-15
4.7265625000e+02 1.1927536424e-14 4.5797499316e-15 7.3477864919e-15
4.7290039062e+02 1.1936368020e-14 4.5806456326e-15 7.3557223870e-15
4.7314453125e+02 1.1939002101e-14 4.5784925847e-15 7.3605095159e-15
4.7338867188e+02 1.1935255320e-14 4.5747744421e-15 7.3604808784e-15
4.7363281250e+02 1.1929704913e-14 4.5710757320e-15 7.3586291807e-15
4.7387695312e+02 1.1926920369e-14 4.5686897776e-15 7.3582305919e-15
4.7412109375e+02 1.1928483101e-14 4.5688013773e-15 7.3596817234e-15
4.7436523438e+02 1.1933971384e-14 4.5720071563e-15 7.3619642277e-15
4.7460937500e+02 1.1941281632e-14 4.5774832923e-15 7.3637983393e-15
4.7485351562e+02 1.1947211588e-14 4.5834519792e-15 7.3637596089e-15
4.7509765625e+02 1.1950063826e-14 4.5884492000e-15 7.3616146257e-15
4.7534179688e+02 1.1950429369e-14 4.5917811588e-15 7.3586482105e-15
4.7558593750e+02 1.1949150724e-14 4.5934705257e-15 7.3556801981e-15
4.7583007812e+02 1.1946137885e-14 4.5939276003e-15 7.3522102847e-15
4.7607421875e+02 1.1940779827e-14 4.5928726174e-15 7.3479072098e-15
4.7631835938e+02 1.1932831632e-14 4.5891375725e-15 7.3436940591e-15
4.7656250000e+02 1.1923137243e-14 4.5822819490e-15 7.3408552941e-15
4.7680664062e+02 1.1913087921e-14 4.5738438773e-15 7.3392440433e-15
4.7705078125e+02 1.1903622168e-14 4.5667380199e-15 7.3368841482e-15
4.7729492188e+02 1.1895646586e-14 4.5632780067e-15 7.3323685792e-15
4.7753906250e+02 1.1890512265e-14 4.5635343903e-15 7.3269778746e-15
4.7778320312e+02 1.1889336940e-14 4.5655309035e-15 7.3238060368e-15
4.7802734375e+02 1.1892630231e-14 4.5668472566e-15 7.3257829740e-15
4.7827148438e+02 1.1899818635e-14 4.5668904306e-15 7.3329282041e-15
4.7851562500e+02 1.1908767034e-14 4.5675404507e-15 7.3412265834e-15
4.7875976562e+02 1.1917319339e-14 4.5702256191e-15 7.3470937201e-15
4.7900390625e+02 1.1924552186e-14 4.5739122327e-15 7.3506399533e-15
4.7924804688e+02 1.1929112015e-14 4.5766925127e-15 7.3524195026e-15
4.7949218750e+02 1.1928308144e-14 4.5769739786e-15 7.3513341649e-15
4.7973632812e+02 1.1920625238e-14 4.5739938428e-15 7.3466313956e-15
4.7998046875e+02 1.1908725998e-14 4.5691388216e-15 7.3395871764e-15
4.8022460938e+02 1.1899221197e-14 4.5652283029e-15 7.3339928945e-15
4.8046875000e+02 1.1898267797e-14 4.5641040329e-15 7.3341637639e-15
4.8071289062e+02 1.1906714006e-14 4.5661652110e-15 7.3405487945e-15
4.8095703125e+02 1.1919127306e-14 4.5706331775e-15 7.3484941287e-15
4.8120117188e+02 1.1927549576e-14 4.5751646664e-15 7.3523849098e-15
4.8144531250e+02 1.1928113195e-14 4.5774648399e-15 7.3506483549e-15
4.8168945312e+02 1.1924743874e-14 4.5781783810e-15 7.3465654930e-15
4.8193359375e+02 1.1924113725e-14 4.5802200969e-15 7.3438936277e-15
4.8217773438e+02 1.1926047739e-14 4.5842525070e-15 7.3417952316e-15
4.8242187500e+02 1.1923673713e-14 4.5870963128e-15 7.3365774000e-15
4.8266601562e+02 1.1915070956e-14 4.5860978752e-15 7.3289730808e-15
4.8291015625e+02 1.1906940098e-14 4.5823064428e-15 7.3246336556e-15
4.8315429688e+02 1.1904499502e-14 4.5780401138e-15 7.3264593880e-15
4.8339843750e+02 1.1906011847e-14 4.5742239021e-15 7.3317879453e-15
4.8364257812e+02 1.1907868304e-14 4.5711779056e-15 7.3366903981e-15
4.8388671875e+02 1.1909123166e-14 4.5699442051e-15 7.3391789606e-15
4.8413085938e+02 1.1911263903e-14 4.5720007602e-15 7.3392631427e-15
4.8437500000e+02 1.1914966481e-14 4.5778976162e-15 7.3370688645e-15
4.8461914062e+02 1.1918112434e-14 4.5855415301e-15 7.3325709037e-15
4.8486328125e+02 1.1919498608e-14 4.5902088128e-15 7.3292897948e-15
4.8510742188e+02 1.1921414147e-14 4.5879721580e-15 7.3334419886e-15
4.8535156250e+02 1.1925153651e-14 4.5798445735e-15 7.3453090774e-15
4.8559570312e+02 1.1928545601e-14 4.5717452488e-15 7.3568003526e-15
4.8583984375e+02 1.1930015435e-14 4.5693019118e-15 7.3607135229e-15
4.8608398438e+02 1.1930208416e-14 4.5727983495e-15 7.3574100663e-15
4.8632812500e+02 1.1929037098e-14 4.5777454193e-15 7.3512916790e-15
4.8657226562e+02 1.1924487197e-14 4.5794956596e-15 7.3449915372e-15
4.8681640625e+02 1.1914642089e-14 4.5767084442e-15 7.3379336445e-15
4.8706054688e+02 1.1900679624e-14 4.5712719585e-15 7.3294076653e-15
4.8730468750e+02 1.1887718464e-14 4.5658065922e-15 7.3219118722e-15
4.8754882812e+02 1.1882355783e-14 4.5623450185e-15 7.3200107649e-15
4.8779296875e+02 1.1889153142e-14 4.5628243375e-15 7.3263288043e-15
4.8803710938e+02 1.1906363863e-14 4.5677900536e-15 7.3385738098e-15
4.8828125000e+02 1.1924157877e-14 4.5744919945e-15 7.3496658826e-15
4.8852539062e+02 1.1931887581e-14 4.5790165677e-15 7.3528710137e-15
4.8876953125e+02 1.1928439489e-14 4.5804304907e-15 7.3480089982e-15
4.8901367188e+02 1.1922081690e-14 4.5809405153e-15 7.3411411752e-15
4.8925781250e+02 1.1919993490e-14 4.5823687496e-15 7.3376247404e-15
4.8950195312e+02 1.1921862041e-14 4.5843680529e-15 7.3374939882e-15
4.8974609375e+02 1.1925034676e-14 4.5856101231e-15 7.3394245533e-15
4.8999023438e+02 1.1930432140e-14 4.5849442782e-15 7.3454878618e-15
4.9023437500e+02 1.1938826749e-14 4.5817599657e-15 7.3570667837e-15
4.9047851562e+02 1.1945385811e-14 4.5765403776e-15 7.3688454334e-15
4.9072265625e+02 1.1943622564e-14 4.5710474940e-15 7.3725750695e-15
4.9096679688e+02 1.1933513409e-14 4.5675438540e-15 7.3659695555e-15
4.9121093750e+02 1.1921823245e-14 4.5674975287e-15 7.3543257163e-15
4.9145507812e+02 1.1914811195e-14 4.5702978842e-15 7.3445133113e-15
4.9169921875e+02 1.1913230565e-14 4.5733921448e-15 7.3398384202e-15
4.9194335938e+02 1.1914710202e-14 4.5747194699e-15 7.3399907323e-15
4.9218750000e+02 1.1918415382e-14 4.5746943370e-15 7.3437210454e-15
4.9243164062e+02 1.1924337735e-14 4.5750762053e-15 7.3492615295e-15
4.9267578125e+02 1.1929556999e-14 4.5767432884e-15 7.3528137110e-15
4.9291992188e+02 1.1930065790e-14 4.5791131393e-15 7.3509526503e-15
4.9316406250e+02 1.1926661807e-14 4.5812412890e-15 7.3454205179e-15
4.9340820312e+02 1.1925395228e-14 4.5830368933e-15 7.3423583344e-15
4.9365234375e+02 1.1930252468e-14 4.5846231035e-15 7.3456293649e-15
4.9389648438e+02 1.1937352816e-14 4.5849124494e-15 7.3524403664e-15
4.9414062500e+02 1.1939535745e-14 4.5827748336e-15 7.3567609115e-15
4.9438476562e+02 1.1935275745e-14 4.5794988070e-15 7.3557769383e-15
4.9462890625e+02 1.1929446301e-14 4.5778926811e-15 7.3515536200e-15
4.9487304688e+02 1.1926461480e-14 4.5786831862e-15 7.3477782937e-15
4.9511718750e+02 1.1926403859e-14 4.5797011682e-15 7.3467026911e-15
4.9536132812e+02 1.1927669185e-14 4.5790952055e-15 7.3485739797e-15
4.9560546875e+02 1.1929786150e-14 4.5778078400e-15 7.3519783096e-15
4.9584960938e+02 1.1932209871e-14 4.5781541433e-15 7.3540557277e-15
4.9609375000e+02 1.1933480129e-14 4.5809823249e-15 7.3524978046e-15
4.9633789062e+02 1.1933091315e-14 4.5847709531e-15 7.3483203622e-15
4.9658203125e+02 1.1930813890e-14 4.5867245669e-15 7.3440893234e-15
4.9682617188e+02 1.1925267696e-14 4.5850011904e-15 7.3402665052e-15
4.9707031250e+02 1.1917036770e-14 4.5805789187e-15 7.3364578516e-15
4.9731445312e+02 1.1909881157e-14 4.5761565381e-15 7.3337246192e-15
4.9755859375e+02 1.1906888542e-14 4.5735325142e-15 7.3333560276e-15
4.9780273438e+02 1.1908907098e-14 4.5734381856e-15 7.3354689122e-15
4.9804687500e+02 1.1914937268e-14 4.5763339359e-15 7.3386033325e-15
4.9829101562e+02 1.1921523916e-14 4.5811260745e-15 7.3403978412e-15
4.9853515625e+02 1.1925564311e-14 4.5849449038e-15 7.3406194075e-15
4.9877929688e+02 1.1927966044e-14 4.5859998988e-15 7.3419661450e-15
4.9902343750e+02 1.1930521047e-14 4.5846519248e-15 7.3458691225e-15
4.9926757812e+02 1.1931546029e-14 4.5817398590e-15 7.3498061699e-15
4.9951171875e+02 1.1928948440e-14 4.5785216221e-15 7.3504268178e-15
4.9975585938e+02 1.1924697868e-14 4.5766232722e-15 7.3480745961e-15
5.0000000000e+02 1.1922707918e-14 4.5761753346e-15 7.3465325837e-15
