# freq_THz  G_total_s  G_Al_s  G_N_s  G_Ga_s
# Smoothed MD-derived velocity power spectrum. Common normalization: integral(G_total_s) = 3*primitive_atoms.
# Gaussian_sigma_THz=0.38; mass_weighted=True; primitive_atoms=2; total_equals_sum_of_partials=True
0.0000000000e+00 0.0000000000e+00 0.0000000000e+00 0.0000000000e+00 0.0000000000e+00
2.4414062500e-01 1.2913609895e-01 6.6575273623e-02 4.0700984982e-02 2.1859840347e-02
4.8828125000e-01 1.5432581737e-01 7.9885994811e-02 4.9152495286e-02 2.5287327276e-02
7.3242187500e-01 1.7738850587e-01 9.2333603428e-02 5.7278955465e-02 2.7775946976e-02
9.7656250000e-01 1.9236220121e-01 1.0077244038e-01 6.3120739279e-02 2.8469021552e-02
1.2207031250e+00 2.0247189544e-01 1.0674143987e-01 6.7594514583e-02 2.8135940992e-02
1.4648437500e+00 2.1220778452e-01 1.1245057497e-01 7.2054136039e-02 2.7703073514e-02
1.7089843750e+00 2.2349349104e-01 1.1883503086e-01 7.7066592049e-02 2.7591868123e-02
1.9531250000e+00 2.3632268306e-01 1.2589755389e-01 8.2575067668e-02 2.7850061500e-02
2.1972656250e+00 2.5056171724e-01 1.3367179176e-01 8.8448010361e-02 2.8441915113e-02
2.4414062500e+00 2.6635273914e-01 1.4244363798e-01 9.4591369747e-02 2.9317731407e-02
2.6855468750e+00 2.8380519140e-01 1.5256762932e-01 1.0085362390e-01 3.0383938181e-02
2.9296875000e+00 3.0285475739e-01 1.6435497795e-01 1.0700983632e-01 3.1489943129e-02
3.1738281250e+00 3.2229462168e-01 1.7739824961e-01 1.1246909129e-01 3.2427280777e-02
3.4179687500e+00 3.3842968747e-01 1.8942865539e-01 1.1586783434e-01 3.3133197737e-02
3.6621093750e+00 3.4518643820e-01 1.9605391172e-01 1.1520310764e-01 3.3929418841e-02
3.9062500000e+00 3.3701835650e-01 1.9283373186e-01 1.0890010919e-01 3.5284515443e-02
4.1503906250e+00 3.1363612587e-01 1.7897466371e-01 9.7350405916e-02 3.7311056247e-02
4.3945312500e+00 2.8128447652e-01 1.5847854534e-01 8.3186878411e-02 3.9619052764e-02
4.6386718750e+00 2.4799444111e-01 1.3680417159e-01 6.9669477030e-02 4.1520792493e-02
4.8828125000e+00 2.1915986284e-01 1.1748816165e-01 5.9297268803e-02 4.2374432389e-02
5.1269531250e+00 1.9854660986e-01 1.0249981955e-01 5.4048220868e-02 4.1998569441e-02
5.3710937500e+00 1.9036062864e-01 9.3840222127e-02 5.5739533154e-02 4.0780873360e-02
5.6152343750e+00 1.9722049099e-01 9.2909947679e-02 6.5090994585e-02 3.9219548726e-02
5.8593750000e+00 2.1698520836e-01 9.8935414309e-02 8.0636888159e-02 3.7412905894e-02
6.1035156250e+00 2.4376312345e-01 1.0946954778e-01 9.9209109560e-02 3.5084466112e-02
6.3476562500e+00 2.7187841084e-01 1.2237810201e-01 1.1753142031e-01 3.1968888517e-02
6.5917968750e+00 2.9839089994e-01 1.3681728896e-01 1.3346896383e-01 2.8104647157e-02
6.8359375000e+00 3.2304582431e-01 1.5257275211e-01 1.4661948956e-01 2.3853582650e-02
7.0800781250e+00 3.4686076083e-01 1.6894722997e-01 1.5822223013e-01 1.9691300726e-02
7.3242187500e+00 3.7063183956e-01 1.8453558939e-01 1.7009644378e-01 1.5999806393e-02
7.5683593750e+00 3.9372799182e-01 1.9771408951e-01 1.8299831390e-01 1.3015588416e-02
7.8125000000e+00 4.1287299649e-01 2.0680740447e-01 1.9524339485e-01 1.0822197170e-02
8.0566406250e+00 4.2266342798e-01 2.1035141920e-01 2.0297141858e-01 9.3405901977e-03
8.3007812500e+00 4.1949954801e-01 2.0809230219e-01 2.0302339710e-01 8.3838487144e-03
8.5449218750e+00 4.0500816492e-01 2.0143937111e-01 1.9583194570e-01 7.7368481045e-03
8.7890625000e+00 3.8450057638e-01 1.9252858165e-01 1.8475131153e-01 7.2206831942e-03
9.0332031250e+00 3.6305826737e-01 1.8319749297e-01 1.7311469460e-01 6.7460798005e-03
9.2773437500e+00 3.4358308493e-01 1.7468167383e-01 1.6259046652e-01 6.3109445873e-03
9.5214843750e+00 3.2694002413e-01 1.6750237083e-01 1.5349930724e-01 5.9383460594e-03
9.7656250000e+00 3.1288204708e-01 1.6153574378e-01 1.4571692078e-01 5.6293825168e-03
1.0009765625e+01 3.0080795916e-01 1.5637380534e-01 1.3907147249e-01 5.3626813224e-03
1.0253906250e+01 2.8988890520e-01 1.5155307035e-01 1.3321987312e-01 5.1159617316e-03
1.0498046875e+01 2.7923140823e-01 1.4663864558e-01 1.2770611154e-01 4.8866511019e-03
1.0742187500e+01 2.6812486634e-01 1.4123671545e-01 1.2220055967e-01 4.6875912204e-03
1.0986328125e+01 2.5572287501e-01 1.3485841785e-01 1.1633447572e-01 4.5299814454e-03
1.1230468750e+01 2.4075545727e-01 1.2700766137e-01 1.0931706849e-01 4.4307274047e-03
1.1474609375e+01 2.2200157067e-01 1.1765910464e-01 9.9919175249e-02 4.4232907836e-03
1.1718750000e+01 1.9907255821e-01 1.0753900680e-01 8.6998111016e-02 4.5354403929e-03
1.1962890625e+01 1.7326249994e-01 9.7858249665e-02 7.0648043850e-02 4.7562064299e-03
1.2207031250e+01 1.4831241404e-01 8.9994470690e-02 5.3283581188e-02 5.0343621651e-03
1.2451171875e+01 1.2930031148e-01 8.5255782878e-02 3.8735698108e-02 5.3088304973e-03
1.2695312500e+01 1.1933912962e-01 8.4360958944e-02 2.9439165979e-02 5.5390046941e-03
1.2939453125e+01 1.1782625840e-01 8.7132333602e-02 2.4979842266e-02 5.7140825348e-03
1.3183593750e+01 1.2209696260e-01 9.2854540999e-02 2.3408392686e-02 5.8340289155e-03
1.3427734375e+01 1.2963727561e-01 1.0073027639e-01 2.3032240569e-02 5.8747586523e-03
1.3671875000e+01 1.3883720283e-01 1.1011303292e-01 2.2942224111e-02 5.7819458002e-03
1.3916015625e+01 1.4904078046e-01 1.2078773327e-01 2.2745658851e-02 5.5073883310e-03
1.4160156250e+01 1.6072525602e-01 1.3338027821e-01 2.2300312695e-02 5.0446651167e-03
1.4404296875e+01 1.7528489612e-01 1.4925070437e-01 2.1603069599e-02 4.4311221519e-03
1.4648437500e+01 1.9298603283e-01 1.6858837297e-01 2.0672015977e-02 3.7256438759e-03
1.4892578125e+01 2.0954776918e-01 1.8716082958e-01 1.9397272039e-02 2.9896675557e-03
1.5136718750e+01 2.1554847476e-01 1.9571955468e-01 1.7545565457e-02 2.2833546183e-03
1.5380859375e+01 2.0174851358e-01 1.8512828958e-01 1.4962049580e-02 1.6581744205e-03
1.5625000000e+01 1.6652234652e-01 1.5360495965e-01 1.1775636051e-02 1.1417508200e-03
1.5869140625e+01 1.1844750765e-01 1.0926609921e-01 8.4411297370e-03 7.4027870252e-04
1.6113281250e+01 7.1621361326e-02 6.5609590383e-02 5.5586715232e-03 4.5309941892e-04
1.6357421875e+01 3.7147447189e-02 3.3335315268e-02 3.5402129844e-03 2.7191893641e-04
1.6601562500e+01 1.7600375927e-02 1.5029174638e-02 2.3982250940e-03 1.7297619514e-04
1.6845703125e+01 8.8204354137e-03 6.8362878512e-03 1.8600209543e-03 1.2412660822e-04
1.7089843750e+01 5.4535779174e-03 3.7229334971e-03 1.6311444308e-03 9.9499989484e-05
1.7333984375e+01 4.1638462424e-03 2.5458234291e-03 1.5330354546e-03 8.4987358665e-05
1.7578125000e+01 3.5708760605e-03 2.0067318217e-03 1.4893731802e-03 7.4771058635e-05
1.7822265625e+01 3.2310551518e-03 1.6914788728e-03 1.4728789808e-03 6.6697298193e-05
1.8066406250e+01 3.0060868803e-03 1.4741947129e-03 1.4720521888e-03 5.9839978627e-05
1.8310546875e+01 2.8422534604e-03 1.3088692099e-03 1.4795727421e-03 5.3811508430e-05
1.8554687500e+01 2.7152326134e-03 1.1756851780e-03 1.4910023060e-03 4.8545129388e-05
1.8798828125e+01 2.6146476998e-03 1.0657572600e-03 1.5048792830e-03 4.4011156827e-05
1.9042968750e+01 2.5367415648e-03 9.7486332262e-04 1.5217479003e-03 4.0130341854e-05
1.9287109375e+01 2.4814426854e-03 9.0045136999e-04 1.5440803052e-03 3.6911010177e-05
1.9531250000e+01 2.4505841219e-03 8.3916992312e-04 1.5769478305e-03 3.4466368223e-05
1.9775390625e+01 2.4466715538e-03 7.8591641034e-04 1.6278670194e-03 3.2888124087e-05
2.0019531250e+01 2.4758631974e-03 7.3604203235e-04 1.7076166390e-03 3.2204525983e-05
2.0263671875e+01 2.5576436424e-03 6.8846095711e-04 1.8367455190e-03 3.2437166336e-05
2.0507812500e+01 2.7618150701e-03 6.4677472954e-04 2.0813301876e-03 3.3710152980e-05
2.0751953125e+01 3.3905717732e-03 6.1987381349e-04 2.7340972846e-03 3.6600675147e-05
2.0996093750e+01 5.5920722511e-03 6.2934495374e-04 4.9192669157e-03 4.3460381640e-05
2.1240234375e+01 1.2432168404e-02 7.3459463684e-04 1.1635393525e-02 6.2180242130e-05
2.1484375000e+01 2.8906787616e-02 1.0702947020e-03 2.7723933234e-02 1.1255968062e-04
2.1728515625e+01 5.8469760686e-02 1.8469113275e-03 5.6392575257e-02 2.3027410136e-04
2.1972656250e+01 9.8226272756e-02 3.2627701628e-03 9.4502601070e-02 4.6090152289e-04
2.2216796875e+01 1.4011434481e-01 5.3822110084e-03 1.3388749308e-01 8.4464071759e-04
2.2460937500e+01 1.7827662467e-01 8.1166316657e-03 1.6875982600e-01 1.4001669979e-03
2.2705078125e+01 2.1275941417e-01 1.1337898812e-02 1.9931089837e-01 2.1106169941e-03
2.2949218750e+01 2.4526922562e-01 1.4980124022e-02 2.2737747018e-01 2.9116314174e-03
2.3193359375e+01 2.7318845283e-01 1.8980887475e-02 2.5052028030e-01 3.6872850570e-03
2.3437500000e+01 2.8900699922e-01 2.3126295756e-02 2.6159780997e-01 4.2828934932e-03
2.3681640625e+01 2.8686610261e-01 2.7060645219e-02 2.5524907204e-01 4.5563853461e-03
2.3925781250e+01 2.6946489195e-01 3.0545819501e-02 2.3444493798e-01 4.4741344671e-03
2.4169921875e+01 2.4674035711e-01 3.3685260337e-02 2.0888665393e-01 4.1684428475e-03
2.4414062500e+01 2.2839094025e-01 3.6871212641e-02 1.8765709813e-01 3.8626294844e-03
2.4658203125e+01 2.1958191513e-01 4.0704462546e-02 1.7514614758e-01 3.7313050071e-03
2.4902343750e+01 2.2372384413e-01 4.6397795135e-02 1.7348385534e-01 3.8421936584e-03
2.5146484375e+01 2.4861090306e-01 5.6776470943e-02 1.8767862344e-01 4.1558086683e-03
2.5390625000e+01 3.1018730788e-01 7.7128322506e-02 2.2858296656e-01 4.4760188114e-03
2.5634765625e+01 4.2603773487e-01 1.1329127922e-01 3.0826974388e-01 4.4767117712e-03
2.5878906250e+01 5.8894209584e-01 1.6362912308e-01 4.2135641155e-01 3.9565612075e-03
2.6123046875e+01 7.3847549580e-01 2.1046720043e-01 5.2495407771e-01 3.0542176573e-03
2.6367187500e+01 7.8721319895e-01 2.2784818716e-01 5.5725989180e-01 2.1051199826e-03
2.6611328125e+01 7.0172378536e-01 2.0539929196e-01 4.9497888072e-01 1.3456126709e-03
2.6855468750e+01 5.3350203418e-01 1.5765377209e-01 3.7502660081e-01 8.2166127511e-04
2.7099609375e+01 3.5679034911e-01 1.0625592887e-01 2.5005111836e-01 4.8330187617e-04
2.7343750000e+01 2.1186392696e-01 6.3416375379e-02 1.4817439064e-01 2.7316094172e-04
2.7587890625e+01 1.0972699015e-01 3.2911726038e-02 7.6664843163e-02 1.5042095439e-04
2.7832031250e+01 4.9158047831e-02 1.4727649250e-02 3.4344892853e-02 8.5505728010e-05
2.8076171875e+01 2.0161175250e-02 6.0067112468e-03 1.4099676046e-02 5.4787956656e-05
2.8320312500e+01 8.9581537181e-03 2.6409646383e-03 6.2761214777e-03 4.1067602078e-05
2.8564453125e+01 5.1996355280e-03 1.5177853461e-03 3.6474045298e-03 3.4445652100e-05
2.8808593750e+01 3.8700492142e-03 1.1249504726e-03 2.7145609259e-03 3.0537815744e-05
2.9052734375e+01 3.2383813541e-03 9.4068765883e-04 2.2699318303e-03 2.7761864935e-05
2.9296875000e+01 2.8341373870e-03 8.2359721307e-04 1.9849796824e-03 2.5560491520e-05
2.9541015625e+01 2.5359979293e-03 7.3723218320e-04 1.7750664826e-03 2.3699263569e-05
2.9785156250e+01 2.3023982402e-03 6.6881565282e-04 1.6114977473e-03 2.2084840073e-05
3.0029296875e+01 2.1117706225e-03 6.1157275337e-04 1.4795073053e-03 2.0690563873e-05
3.0273437500e+01 1.9490043750e-03 5.6098008344e-04 1.3685384938e-03 1.9485797745e-05
3.0517578125e+01 1.8027129061e-03 5.1399769649e-04 1.2702863854e-03 1.8428824266e-05
3.0761718750e+01 1.6684548935e-03 4.6995430224e-04 1.1810011462e-03 1.7499445096e-05
3.1005859375e+01 1.5480518237e-03 4.3021451811e-04 1.1011439949e-03 1.6693310660e-05
3.1250000000e+01 1.4439785328e-03 3.9622016079e-04 1.0317511302e-03 1.6007241807e-05
3.1494140625e+01 1.3567145524e-03 3.6842981320e-04 9.7283743241e-04 1.5447306798e-05
3.1738281250e+01 1.2852549487e-03 3.4650776720e-04 9.2374333799e-04 1.5003843558e-05
3.1982421875e+01 1.2272262401e-03 3.2960976014e-04 8.8300706003e-04 1.4609419909e-05
3.2226562500e+01 1.1792824020e-03 3.1659628215e-04 8.4850726384e-04 1.4178856032e-05
3.2470703125e+01 1.1384276472e-03 3.0632987173e-04 8.1840684939e-04 1.3690926116e-05
3.2714843750e+01 1.1029809106e-03 2.9797643178e-04 7.9181673580e-04 1.3187743027e-05
3.2958984375e+01 1.0724442373e-03 2.9111775489e-04 7.6861235106e-04 1.2714131370e-05
3.3203125000e+01 1.0464985387e-03 2.8550336950e-04 7.4870438823e-04 1.2290780984e-05
3.3447265625e+01 1.0240977208e-03 2.8068324207e-04 7.3148645949e-04 1.1928019227e-05
3.3691406250e+01 1.0036616744e-03 2.7596846141e-04 7.1606067231e-04 1.1632540727e-05
3.3935546875e+01 9.8405875338e-04 2.7074217456e-04 7.0191696793e-04 1.1399610894e-05
3.4179687500e+01 9.6508982879e-04 2.6474679419e-04 6.8912428342e-04 1.1218751176e-05
3.4423828125e+01 9.4695679533e-04 2.5809595957e-04 6.7778079557e-04 1.1080040198e-05
3.4667968750e+01 9.2956406079e-04 2.5109959146e-04 6.6750458822e-04 1.0959881105e-05
3.4912109375e+01 9.1271854957e-04 2.4414731811e-04 6.5774875032e-04 1.0822481131e-05
3.5156250000e+01 8.9703675404e-04 2.3774345278e-04 6.4863843368e-04 1.0654867575e-05
3.5400390625e+01 8.8410607473e-04 2.3247639818e-04 6.4114515271e-04 1.0484523841e-05
3.5644531250e+01 8.7537269180e-04 2.2877581676e-04 6.3625151210e-04 1.0345362934e-05
3.5888671875e+01 8.7132537969e-04 2.2675622247e-04 6.3433084612e-04 1.0238311099e-05
3.6132812500e+01 8.7210504574e-04 2.2639780344e-04 6.3556572407e-04 1.0141518234e-05
3.6376953125e+01 8.7820038614e-04 2.2776898064e-04 6.4039440767e-04 1.0036997838e-05
3.6621093750e+01 8.8983757029e-04 2.3092385943e-04 6.4900498275e-04 9.9087281101e-06
3.6865234375e+01 9.0582219416e-04 2.3555392650e-04 6.6052728888e-04 9.7409787756e-06
3.7109375000e+01 9.2303669686e-04 2.4073100218e-04 6.7277410024e-04 9.5315944445e-06
3.7353515625e+01 9.3698986245e-04 2.4505079120e-04 6.8265077657e-04 9.2882946828e-06
3.7597656250e+01 9.4351713392e-04 2.4722510165e-04 6.8728223800e-04 9.0097942653e-06
3.7841796875e+01 9.4068783438e-04 2.4667240434e-04 6.8532979970e-04 8.6856303422e-06
3.8085937500e+01 9.2896877305e-04 2.4352631763e-04 6.7713123705e-04 8.3112183736e-06
3.8330078125e+01 9.0942345077e-04 2.3811402400e-04 6.6342322773e-04 7.8861990397e-06
3.8574218750e+01 8.8244255712e-04 2.3061083434e-04 6.4443092066e-04 7.4008021303e-06
3.8818359375e+01 8.4873860904e-04 2.2127973378e-04 6.2061408412e-04 6.8447911463e-06
3.9062500000e+01 8.1092331113e-04 2.1084751260e-04 5.9384174606e-04 6.2340524656e-06
3.9306640625e+01 7.7340690633e-04 2.0048601362e-04 5.6731314799e-04 5.6077447236e-06
3.9550781250e+01 7.4084050878e-04 1.9144676387e-04 5.4440086657e-04 4.9928783427e-06
3.9794921875e+01 7.1657450590e-04 1.8464792861e-04 5.2753655763e-04 4.3900196683e-06
4.0039062500e+01 7.0190557243e-04 1.8042633602e-04 5.1768429221e-04 3.7949442047e-06
4.0283203125e+01 6.9632286928e-04 1.7858106972e-04 5.1452490724e-04 3.2168923262e-06
4.0527343750e+01 6.9857763923e-04 1.7866944938e-04 5.1723411497e-04 2.6740748807e-06
4.0771484375e+01 7.0666231175e-04 1.8006309974e-04 5.2441737903e-04 2.1818329797e-06
4.1015625000e+01 7.1462248029e-04 1.8123590419e-04 5.3163910580e-04 1.7474703028e-06
4.1259765625e+01 7.0929171641e-04 1.7899251443e-04 5.2892666948e-04 1.3725324973e-06
4.1503906250e+01 6.7378917116e-04 1.6929257470e-04 5.0343856535e-04 1.0580311102e-06
4.1748046875e+01 5.9817302315e-04 1.4981208099e-04 4.4755465008e-04 8.0629208798e-07
4.1992187500e+01 4.8809216250e-04 1.2201877911e-04 3.6545637440e-04 6.1700898088e-07
4.2236328125e+01 3.6333925820e-04 9.0790446443e-05 2.7206564406e-04 4.8316769852e-07
4.2480468750e+01 2.4774662746e-04 6.1962133712e-05 1.8539205760e-04 3.9243614592e-07
4.2724609375e+01 1.5802039251e-04 3.9618209800e-05 1.1807024092e-04 3.3194179563e-07
4.2968750000e+01 9.8549140083e-05 2.4806132031e-05 7.3451440639e-05 2.9156741262e-07
4.3212890625e+01 6.4129052007e-05 1.6195177800e-05 4.7669131952e-05 2.6474225588e-07
4.3457031250e+01 4.6369681436e-05 1.1664518557e-05 3.4456972178e-05 2.4819070109e-07
4.3701171875e+01 3.8296077060e-05 9.4479038596e-06 2.8606547796e-05 2.4162540490e-07
4.3945312500e+01 3.5593550243e-05 8.4543683753e-06 2.6891762213e-05 2.4741965439e-07
4.4189453125e+01 3.6035956933e-05 8.1428449222e-06 2.7622977974e-05 2.7013403651e-07
4.4433593750e+01 3.8637686229e-05 8.3058149342e-06 3.0015474440e-05 3.1639685444e-07
4.4677734375e+01 4.3052804865e-05 8.8967197393e-06 3.3761238224e-05 3.9484690099e-07
4.4921875000e+01 4.9180804354e-05 9.9249041653e-06 3.8741629848e-05 5.1427034056e-07
4.5166015625e+01 5.6874743317e-05 1.1397143466e-05 4.4798605360e-05 6.7899449181e-07
4.5410156250e+01 6.5750196295e-05 1.3278348849e-05 5.1588717940e-05 8.8312950579e-07
4.5654296875e+01 7.5168492073e-05 1.5477188305e-05 5.8584573584e-05 1.1067301829e-06
4.5898437500e+01 8.4429567053e-05 1.7877932798e-05 6.5233490619e-05 1.3181436358e-06
4.6142578125e+01 9.3044467736e-05 2.0397850496e-05 7.1161899570e-05 1.4847176699e-06
4.6386718750e+01 1.0086039920e-04 2.3019008123e-05 7.6257459486e-05 1.5839315914e-06
4.6630859375e+01 1.0800268297e-04 2.5789872518e-05 8.0607503290e-05 1.6053071611e-06
4.6875000000e+01 1.1489850932e-04 2.8860452300e-05 8.4489582721e-05 1.5484742942e-06
4.7119140625e+01 1.2265615897e-04 3.2624785092e-05 8.8606427476e-05 1.4249463977e-06
4.7363281250e+01 1.3366660189e-04 3.7938146871e-05 9.4469201393e-05 1.2592536242e-06
4.7607421875e+01 1.5161285281e-04 4.6119415100e-05 1.0440961172e-04 1.0838259908e-06
4.7851562500e+01 1.7977647206e-04 5.8296442362e-05 1.2055175402e-04 9.2827567599e-07
4.8095703125e+01 2.1797411324e-04 7.4214206395e-05 1.4294967904e-04 8.1022780049e-07
4.8339843750e+01 2.6121077066e-04 9.1748250694e-05 1.6872815597e-04 7.3436399674e-07
4.8583984375e+01 3.0262589137e-04 1.0813817895e-04 1.9379047019e-04 6.9724222850e-07
4.8828125000e+01 3.3787312409e-04 1.2173994679e-04 2.1544226913e-04 6.9090816355e-07
4.9072265625e+01 3.6576863539e-04 1.3222417014e-04 2.3284087252e-04 7.0359272705e-07
4.9316406250e+01 3.8547622621e-04 1.3938029481e-04 2.4537435144e-04 7.2157996050e-07
4.9560546875e+01 3.9487941555e-04 1.4243446393e-04 2.5171161409e-04 7.3333753321e-07
4.9804687500e+01 3.9210233427e-04 1.4067769378e-04 2.5069312594e-04 7.3151455627e-07
5.0048828125e+01 3.7800564535e-04 1.3448073657e-04 2.4281344876e-04 7.1146001905e-07
5.0292968750e+01 3.5671578534e-04 1.2548075484e-04 2.3056449448e-04 6.7053602355e-07
5.0537109375e+01 3.3349736057e-04 1.1571421954e-04 2.1717331266e-04 6.0982836930e-07
5.0781250000e+01 3.1236572613e-04 1.0667923087e-04 2.0515097479e-04 5.3552046882e-07
5.1025390625e+01 2.9594023019e-04 9.9258702983e-05 1.9622371439e-04 4.5781281500e-07
5.1269531250e+01 2.8710988741e-04 9.4283885528e-05 1.9243901253e-04 3.8698935585e-07
5.1513671875e+01 2.9026263300e-04 9.2931141109e-05 1.9700232974e-04 3.2916214433e-07
5.1757812500e+01 3.1000140761e-04 9.6359877927e-05 2.1335612451e-04 2.8540516722e-07
5.2001953125e+01 3.4613242321e-04 1.0435014709e-04 2.4152773408e-04 2.5454203918e-07
5.2246093750e+01 3.8725529588e-04 1.1365652121e-04 2.7336209240e-04 2.3668226682e-07
5.2490234375e+01 4.1123047994e-04 1.1829407030e-04 2.9270158404e-04 2.3482560411e-07
5.2734375000e+01 3.9833916265e-04 1.1316052502e-04 2.8492482706e-04 2.5381056659e-07
5.2978515625e+01 3.4739428088e-04 9.8225158377e-05 2.4887187715e-04 2.9724535898e-07
5.3222656250e+01 2.7690607593e-04 7.8569356217e-05 1.9797331620e-04 3.6340351195e-07
5.3466796875e+01 2.0941950418e-04 6.0066263755e-05 1.4891323645e-04 4.4000397484e-07
5.3710937500e+01 1.5637106464e-04 4.5478744874e-05 1.1039232584e-04 4.9999392840e-07
5.3955078125e+01 1.1671664542e-04 3.4322657399e-05 8.1884110552e-05 5.0987747196e-07
5.4199218750e+01 8.5254396021e-05 2.5187609273e-05 5.9611372178e-05 4.5541457077e-07
5.4443359375e+01 5.9448631476e-05 1.7521024471e-05 4.1569561344e-05 3.5804566100e-07
5.4687500000e+01 3.9677407973e-05 1.1587345936e-05 2.7833170909e-05 2.5689112813e-07
5.4931640625e+01 2.6263323176e-05 7.5633998465e-06 1.8521510766e-05 1.7841256416e-07
5.5175781250e+01 1.8126757673e-05 5.1453877006e-06 1.2853775472e-05 1.2759449996e-07
5.5419921875e+01 1.3529819535e-05 3.7994932398e-06 9.6323149718e-06 9.8011323220e-08
5.5664062500e+01 1.0978062575e-05 3.0628657860e-06 7.8335567222e-06 8.1640067226e-08
5.5908203125e+01 9.4934532471e-06 2.6377921241e-06 6.7832174012e-06 7.2443721784e-08
5.6152343750e+01 8.5319541556e-06 2.3636191570e-06 6.1015956235e-06 6.6739375099e-08
5.6396484375e+01 7.8247380268e-06 2.1635004096e-06 5.5986172761e-06 6.2620341029e-08
5.6640625000e+01 7.2496443025e-06 2.0032113514e-06 5.1871933857e-06 5.9239565429e-08
5.6884765625e+01 6.7529800239e-06 1.8671504948e-06 4.8295318065e-06 5.6297722557e-08
5.7128906250e+01 6.3081004228e-06 1.7464973457e-06 4.5078879720e-06 5.3715105035e-08
5.7373046875e+01 5.9004190397e-06 1.6362058732e-06 4.2128134133e-06 5.1399753159e-08
5.7617187500e+01 5.5271639319e-06 1.5359202581e-06 3.9420586515e-06 4.9185022277e-08
5.7861328125e+01 5.1944947829e-06 1.4480778802e-06 3.6994699025e-06 4.6947000151e-08
5.8105468750e+01 4.9077483198e-06 1.3736572935e-06 3.4893853242e-06 4.4705702065e-08
5.8349609375e+01 4.6650516997e-06 1.3109706123e-06 3.3115329293e-06 4.2548158115e-08
5.8593750000e+01 4.4591391059e-06 1.2574928912e-06 3.1611399398e-06 4.0506274856e-08
5.8837890625e+01 4.2821962773e-06 1.2111460581e-06 3.0324586317e-06 3.8591587499e-08
5.9082031250e+01 4.1288577171e-06 1.1704758129e-06 2.9215118894e-06 3.6870014799e-08
5.9326171875e+01 3.9958145375e-06 1.1345403825e-06 2.8258944905e-06 3.5379664534e-08
5.9570312500e+01 3.8795479554e-06 1.1025553440e-06 2.7429604992e-06 3.4032112188e-08
5.9814453125e+01 3.7763221269e-06 1.0738543358e-06 2.6697671245e-06 3.2700666697e-08
6.0058593750e+01 3.6837701322e-06 1.0480554197e-06 2.6043470693e-06 3.1367643232e-08
6.0302734375e+01 3.5994584445e-06 1.0244634616e-06 2.5448811273e-06 3.0113855531e-08
6.0546875000e+01 3.5187093103e-06 1.0016437144e-06 2.4880722723e-06 2.8993323584e-08
6.0791015625e+01 3.4364733462e-06 9.7829471672e-07 2.4301996666e-06 2.7978962854e-08
6.1035156250e+01 3.3504273419e-06 9.5409377336e-07 2.3693210855e-06 2.7012482990e-08
6.1279296875e+01 3.2613953364e-06 9.2946554479e-07 2.3058780698e-06 2.6051721860e-08
6.1523437500e+01 3.1717797164e-06 9.0489802087e-07 2.2418013738e-06 2.5080321704e-08
6.1767578125e+01 3.0843620545e-06 8.8075500787e-07 2.1794946765e-06 2.4112370151e-08
6.2011718750e+01 3.0029915471e-06 8.5789517688e-07 2.1219090940e-06 2.3187276210e-08
6.2255859375e+01 2.9324784303e-06 8.3775134836e-07 2.0723908043e-06 2.2336277734e-08
6.2500000000e+01 2.8756865421e-06 8.2121925046e-07 2.0329089737e-06 2.1558317854e-08
6.2744140625e+01 2.8315452184e-06 8.0796892590e-07 2.0027358321e-06 2.0840460383e-08
6.2988281250e+01 2.7960671629e-06 7.9682675539e-07 1.9790805134e-06 2.0159894140e-08
6.3232421875e+01 2.7636666367e-06 7.8623295016e-07 1.9579788617e-06 1.9454824794e-08
6.3476562500e+01 2.7270820080e-06 7.7426417506e-07 1.9341480197e-06 1.8669813253e-08
6.3720703125e+01 2.6782101596e-06 7.5877913848e-07 1.9015975821e-06 1.7833438992e-08
6.3964843750e+01 2.6113927641e-06 7.3813847071e-07 1.8562350146e-06 1.7019278809e-08
6.4208984375e+01 2.5254023266e-06 7.1168995814e-07 1.7974592363e-06 1.6253132110e-08
6.4453125000e+01 2.4214712752e-06 6.7941754720e-07 1.7265416963e-06 1.5512031613e-08
6.4697265625e+01 2.3007604773e-06 6.4150974350e-07 1.6444755236e-06 1.4775210198e-08
6.4941406250e+01 2.1650213872e-06 5.9864814536e-07 1.5523382751e-06 1.4034966673e-08
6.5185546875e+01 2.0188913515e-06 5.5257758654e-07 1.4530272164e-06 1.3286548570e-08
6.5429687500e+01 1.8699304052e-06 5.0592578205e-07 1.3514715680e-06 1.2533055159e-08
6.5673828125e+01 1.7264155032e-06 4.6134696457e-07 1.2532814591e-06 1.1787079552e-08
6.5917968750e+01 1.5949174998e-06 4.2074311370e-07 1.1631144849e-06 1.1059901143e-08
6.6162109375e+01 1.4787575372e-06 3.8492385813e-07 1.0834732846e-06 1.0360394492e-08
6.6406250000e+01 1.3784123908e-06 3.5386297345e-07 1.0148397877e-06 9.7096296161e-09
6.6650390625e+01 1.2930609428e-06 3.2724653765e-07 9.5666484863e-07 9.1495565284e-09
6.6894531250e+01 1.2208815307e-06 3.0461100054e-07 9.0754322445e-07 8.7273056708e-09
6.7138671875e+01 1.1578707075e-06 2.8496835808e-07 8.6443616113e-07 8.4661882990e-09
6.7382812500e+01 1.0970688843e-06 2.6650592038e-07 8.2220688933e-07 8.3560746020e-09
6.7626953125e+01 1.0297508861e-06 2.4690571140e-07 7.7446879884e-07 8.3763758903e-09
6.7871093750e+01 9.4887291302e-07 2.2432938485e-07 7.1601247307e-07 8.5310551099e-09
6.8115234375e+01 8.5323194112e-07 1.9849589290e-07 6.4588054172e-07 8.8555064944e-09
6.8359375000e+01 7.4922889838e-07 1.7104920766e-07 5.6879731779e-07 9.3823729255e-09
6.8603515625e+01 6.4847549678e-07 1.4489230532e-07 4.9347048875e-07 1.0112702712e-08
6.8847656250e+01 5.6292431769e-07 1.2291029765e-07 4.2899165532e-07 1.1022364720e-08
6.9091796875e+01 5.0051367632e-07 1.0685824215e-07 3.8158117377e-07 1.2074260410e-08
6.9335937500e+01 4.6338231447e-07 9.7022581843e-08 3.5313391846e-07 1.3225814167e-08
6.9580078125e+01 4.4925512805e-07 9.2724047610e-08 3.4207413740e-07 1.4456943039e-08
6.9824218750e+01 4.5418700361e-07 9.3053176259e-08 3.4533802286e-07 1.5795804492e-08
7.0068359375e+01 4.7418662502e-07 9.7200792147e-08 3.5969510365e-07 1.7290729216e-08
7.0312500000e+01 5.0574111539e-07 1.0445078146e-07 3.8233168277e-07 1.8958651154e-08
7.0556640625e+01 5.4645476946e-07 1.1423137764e-07 4.1143559086e-07 2.0787800954e-08
7.0800781250e+01 5.9564727348e-07 1.2625463457e-07 4.4660260943e-07 2.2790029483e-08
7.1044921875e+01 6.5393001973e-07 1.4046359820e-07 4.8843739128e-07 2.5029030260e-08
7.1289062500e+01 7.2170381473e-07 1.5672884914e-07 5.3739437888e-07 2.7580586716e-08
7.1533203125e+01 7.9782322433e-07 1.7460824035e-07 5.9276001110e-07 3.0454972882e-08
7.1777343750e+01 8.7967880124e-07 1.9341223444e-07 6.5268936242e-07 3.3577204381e-08
7.2021484375e+01 9.6449756302e-07 2.1244949677e-07 7.1519613204e-07 3.6851934217e-08
7.2265625000e+01 1.0507024511e-06 2.3124053865e-07 7.7924065818e-07 4.0221254258e-08
7.2509765625e+01 1.1386629528e-06 2.4965856421e-07 8.4531949035e-07 4.3684898221e-08
7.2753906250e+01 1.2298214170e-06 2.6783186734e-07 9.1471153628e-07 4.7278013366e-08
7.2998046875e+01 1.3238063174e-06 2.8568636863e-07 9.8716015156e-07 5.0959797192e-08
7.3242187500e+01 1.4170270083e-06 3.0274547614e-07 1.0597321790e-06 5.4549353157e-08
7.3486328125e+01 1.5057463725e-06 3.1872857479e-07 1.1291471073e-06 5.7870690464e-08
7.3730468750e+01 1.5899971270e-06 3.3420186445e-07 1.1948859377e-06 6.0909324827e-08
7.3974609375e+01 1.6731223337e-06 3.5025200203e-07 1.2591355807e-06 6.3734750924e-08
7.4218750000e+01 1.7576847488e-06 3.6742375893e-07 1.3239186588e-06 6.6342331066e-08
7.4462890625e+01 1.8422345114e-06 3.8504624487e-07 1.3885454764e-06 6.8642790123e-08
7.4707031250e+01 1.9213056549e-06 4.0153965038e-07 1.4492475254e-06 7.0518479081e-08
7.4951171875e+01 1.9886999140e-06 4.1542267147e-07 1.5014132152e-06 7.1864027341e-08
7.5195312500e+01 2.0414123575e-06 4.2615692282e-07 1.5426035841e-06 7.2651850596e-08
7.5439453125e+01 2.0789431442e-06 4.3384149467e-07 1.5721959305e-06 7.2905718988e-08
7.5683593750e+01 2.0997331252e-06 4.3821359337e-07 1.5889051735e-06 7.2614358340e-08
7.5927734375e+01 2.1023612620e-06 4.3861768940e-07 1.5919476698e-06 7.1795902758e-08
7.6171875000e+01 2.0889031194e-06 4.3489438544e-07 1.5834372722e-06 7.0571461828e-08
7.6416015625e+01 2.0624747108e-06 4.2753826561e-07 1.5658808909e-06 6.9055554244e-08
7.6660156250e+01 2.0232637526e-06 4.1711998503e-07 1.5388984581e-06 6.7245309565e-08
7.6904296875e+01 1.9700676850e-06 4.0416443217e-07 1.5008532463e-06 6.5050006448e-08
7.7148437500e+01 1.9024071672e-06 3.8923602123e-07 1.4508527581e-06 6.2318387876e-08
7.7392578125e+01 1.8200413177e-06 3.7280969843e-07 1.3883741211e-06 5.8857498203e-08
7.7636718750e+01 1.7247007538e-06 3.5542574939e-07 1.3146703691e-06 5.4604635351e-08
7.7880859375e+01 1.6212643179e-06 3.3770515767e-07 1.2337916605e-06 4.9767499742e-08
7.8125000000e+01 1.5140124594e-06 3.1975843575e-07 1.1495637866e-06 4.4690237059e-08
7.8369140625e+01 1.4045376230e-06 3.0103068337e-07 1.0638080378e-06 3.9698901796e-08
7.8613281250e+01 1.2942353374e-06 2.8092288147e-07 9.7819922296e-07 3.5113232967e-08
7.8857421875e+01 1.1851182597e-06 2.5916243973e-07 8.9475466098e-07 3.1201158957e-08
7.9101562500e+01 1.0778907117e-06 2.3575811213e-07 8.1411673246e-07 2.8015867077e-08
7.9345703125e+01 9.7166690142e-07 2.1108570834e-07 7.3523464199e-07 2.5346551095e-08
7.9589843750e+01 8.6585920028e-07 1.8597802576e-07 6.5699712356e-07 2.2884050970e-08
7.9833984375e+01 7.6122395985e-07 1.6147843625e-07 5.7933055036e-07 2.0414973236e-08
8.0078125000e+01 6.5935338185e-07 1.3846071640e-07 5.0302216442e-07 1.7870501030e-08
8.0322265625e+01 5.6246141006e-07 1.1747622932e-07 4.2968427103e-07 1.5300909706e-08
8.0566406250e+01 4.7331413842e-07 9.8783446253e-08 3.6167634161e-07 1.2854350552e-08
8.0810546875e+01 3.9428716573e-07 8.2418414027e-08 3.0116016430e-07 1.0708587407e-08
8.1054687500e+01 3.2666404277e-07 6.8339897489e-08 2.4935124692e-07 8.9728983671e-09
8.1298828125e+01 2.7081023200e-07 5.6547682997e-08 2.0661254587e-07 7.6500031371e-09
8.1542968750e+01 2.2636050682e-07 4.7041937903e-08 1.7265058222e-07 6.6679866939e-09
8.1787109375e+01 1.9220310402e-07 3.9702400091e-08 1.4656754269e-07 5.9331612416e-09
8.2031250000e+01 1.6664025573e-07 3.4222788549e-08 1.2704721388e-07 5.3702533042e-09
8.2275390625e+01 1.4775404425e-07 3.0172384426e-08 1.1264756537e-07 4.9340944572e-09
8.2519531250e+01 1.3375231218e-07 2.7141567940e-08 1.0201589316e-07 4.5948510810e-09
8.2763671875e+01 1.2314162041e-07 2.4829020681e-08 9.3989402639e-08 4.3231970844e-09
8.3007812500e+01 1.1475664109e-07 2.3021165474e-08 8.7643174412e-08 4.0923012066e-09
8.3251953125e+01 1.0775305095e-07 2.1551646365e-08 8.2317445117e-08 3.8839594632e-09
8.3496093750e+01 1.0163812001e-07 2.0301122335e-08 7.7646029996e-08 3.6909676804e-09
8.3740234375e+01 9.6215122141e-08 1.9199480387e-08 7.3500740028e-08 3.5149017262e-09
8.3984375000e+01 9.1325499576e-08 1.8197417048e-08 6.9772716442e-08 3.3553660854e-09
8.4228515625e+01 8.6728615119e-08 1.7254234609e-08 6.6269723588e-08 3.2046569217e-09
8.4472656250e+01 8.2321464132e-08 1.6364097198e-08 6.2900181403e-08 3.0571855314e-09
8.4716796875e+01 7.8206635051e-08 1.5550580743e-08 5.9742366097e-08 2.9136882114e-09
8.4960937500e+01 7.4418183660e-08 1.4815012298e-08 5.6829591946e-08 2.7735794170e-09
8.5205078125e+01 7.0842655338e-08 1.4127274602e-08 5.4080362025e-08 2.6350187108e-09
8.5449218750e+01 6.7442021449e-08 1.3471294852e-08 5.1468631086e-08 2.5020955107e-09
8.5693359375e+01 6.4304506157e-08 1.2861267142e-08 4.9062106222e-08 2.3811327929e-09
8.5937500000e+01 6.1473549530e-08 1.2311380602e-08 4.6890492991e-08 2.2716759376e-09
8.6181640625e+01 5.8854905664e-08 1.1810240462e-08 4.4877537715e-08 2.1671274860e-09
8.6425781250e+01 5.6278549531e-08 1.1325514017e-08 4.2891896866e-08 2.0611386485e-09
8.6669921875e+01 5.3658814303e-08 1.0833552109e-08 4.0872381467e-08 1.9528807272e-09
8.6914062500e+01 5.1084894108e-08 1.0341509418e-08 3.8895278955e-08 1.8481057350e-09
8.7158203125e+01 4.8696284606e-08 9.8720613502e-09 3.7071146233e-08 1.7530770229e-09
8.7402343750e+01 4.6535309169e-08 9.4373823854e-09 3.5428792585e-08 1.6691341991e-09
8.7646484375e+01 4.4553165399e-08 9.0341531876e-09 3.3924704188e-08 1.5943080237e-09
8.7890625000e+01 4.2669658514e-08 8.6503929143e-09 3.2493673788e-08 1.5255918108e-09
8.8134765625e+01 4.0821367139e-08 8.2746659439e-09 3.1087439322e-08 1.4592618733e-09
8.8378906250e+01 3.9002408324e-08 7.9044815278e-09 2.9704939945e-08 1.3929868519e-09
8.8623046875e+01 3.7251237281e-08 7.5448428334e-09 2.8378551689e-08 1.3278427590e-09
8.8867187500e+01 3.5600777809e-08 7.2018829505e-09 2.7132175583e-08 1.2667192751e-09
8.9111328125e+01 3.4063312529e-08 6.8817540025e-09 2.5970526659e-08 1.2110318670e-09
8.9355468750e+01 3.2637816700e-08 6.5883849805e-09 2.4889686810e-08 1.1597449100e-09
8.9599609375e+01 3.1302981846e-08 6.3177429471e-09 2.3873986787e-08 1.1112521120e-09
8.9843750000e+01 3.0016065556e-08 6.0583399972e-09 2.2893077882e-08 1.0646476768e-09
9.0087890625e+01 2.8734661790e-08 5.7982223045e-09 2.1917249270e-08 1.0191902152e-09
9.0332031250e+01 2.7449888017e-08 5.5326697341e-09 2.0942196516e-08 9.7502176708e-10
9.0576171875e+01 2.6207305664e-08 5.2695531617e-09 2.0002939011e-08 9.3481349062e-10
9.0820312500e+01 2.5074156769e-08 5.0233580191e-09 1.9149000470e-08 9.0179827990e-10
9.1064453125e+01 2.4075432442e-08 4.8002473634e-09 1.8399200764e-08 8.7598431467e-10
9.1308593750e+01 2.3186104798e-08 4.5951245043e-09 1.7736448041e-08 8.5453225299e-10
9.1552734375e+01 2.2375410504e-08 4.4024736316e-09 1.7137871535e-08 8.3506533700e-10
9.1796875000e+01 2.1633810393e-08 4.2233760372e-09 1.6592978017e-08 8.1745633808e-10
9.2041015625e+01 2.0973625009e-08 4.0643489397e-09 1.6106018524e-08 8.0325754535e-10
9.2285156250e+01 2.0423832970e-08 3.9334602269e-09 1.5696454919e-08 7.9391782444e-10
9.2529296875e+01 2.0011786977e-08 3.8349494480e-09 1.5387502829e-08 7.8933469910e-10
9.2773437500e+01 1.9738144016e-08 3.7655226046e-09 1.5184575183e-08 7.8804622828e-10
9.3017578125e+01 1.9589191627e-08 3.7190120986e-09 1.5080797143e-08 7.8938238611e-10
9.3261718750e+01 1.9578393809e-08 3.6955197175e-09 1.5087537384e-08 7.9533670734e-10
9.3505859375e+01 1.9742750846e-08 3.7016450896e-09 1.5232003807e-08 8.0910194972e-10
9.3750000000e+01 2.0096020783e-08 3.7412021130e-09 1.5522580092e-08 8.3223857838e-10
9.3994140625e+01 2.0620665335e-08 3.8108287598e-09 1.5945276988e-08 8.6455958770e-10
9.4238281250e+01 2.1305264941e-08 3.9061617903e-09 1.6493667500e-08 9.0543565130e-10
9.4482421875e+01 2.2159750334e-08 4.0279216375e-09 1.7177884216e-08 9.5394448081e-10
9.4726562500e+01 2.3197646453e-08 4.1805743488e-09 1.8007778106e-08 1.0092939989e-09
9.4970703125e+01 2.4437324460e-08 4.3699701108e-09 1.8994856438e-08 1.0724979112e-09
9.5214843750e+01 2.5923419227e-08 4.6037751833e-09 2.0172842161e-08 1.1468018828e-09
9.5458984375e+01 2.7700183317e-08 4.8881737007e-09 2.1577642241e-08 1.2343673751e-09
9.5703125000e+01 2.9750047882e-08 5.2218516339e-09 2.3195262536e-08 1.3329337128e-09
9.5947265625e+01 3.2011661277e-08 5.5982833894e-09 2.4974465167e-08 1.4389127198e-09
9.6191406250e+01 3.4467374002e-08 6.0145984510e-09 2.6899673696e-08 1.5531018544e-09
9.6435546875e+01 3.7156862803e-08 6.4722028666e-09 2.9004960655e-08 1.6796992815e-09
9.6679687500e+01 4.0097570115e-08 6.9671692416e-09 3.1310566312e-08 1.8198345613e-09
9.6923828125e+01 4.3247829691e-08 7.4882366065e-09 3.3790260846e-08 1.9693322383e-09
9.7167968750e+01 4.6564177908e-08 8.0294836188e-09 3.6411017040e-08 2.1236772500e-09
9.7412109375e+01 5.0050732970e-08 8.5973992419e-09 3.9170598962e-08 2.2827347669e-09
9.7656250000e+01 5.3736692510e-08 9.1994366915e-09 4.2087644295e-08 2.4496115237e-09
9.7900390625e+01 5.7621722697e-08 9.8301445918e-09 4.5165720370e-08 2.6258577358e-09
9.8144531250e+01 6.1647199985e-08 1.0474335168e-08 4.8364263500e-08 2.8086013170e-09
9.8388671875e+01 6.5733527131e-08 1.1123217266e-08 5.1617307603e-08 2.9930022613e-09
9.8632812500e+01 6.9845544069e-08 1.1781520246e-08 5.4887481968e-08 3.1765418556e-09
9.8876953125e+01 7.3986127240e-08 1.2455236381e-08 5.8171651428e-08 3.3592394309e-09
9.9121093750e+01 7.8121322885e-08 1.3134558758e-08 6.1446145805e-08 3.5406183215e-09
9.9365234375e+01 8.2161387325e-08 1.3794686048e-08 6.4647309792e-08 3.7193914854e-09
9.9609375000e+01 8.6038626701e-08 1.4418325881e-08 6.7724429695e-08 3.8958711246e-09
9.9853515625e+01 8.9754906301e-08 1.5011716764e-08 7.0672628761e-08 4.0705607756e-09
1.0009765625e+02 9.3297740597e-08 1.5586791160e-08 7.3472690465e-08 4.2382589719e-09
1.0034179688e+02 9.6533206803e-08 1.6131460672e-08 7.6015969999e-08 4.3857761320e-09
1.0058593750e+02 9.9289638215e-08 1.6614491735e-08 7.8173345941e-08 4.5018005394e-09
1.0083007812e+02 1.0157939331e-07 1.7021990066e-08 7.9966120459e-08 4.5912827834e-09
1.0107421875e+02 1.0357042249e-07 1.7367295514e-08 8.1531943575e-08 4.6711834049e-09
1.0131835938e+02 1.0527087210e-07 1.7655770992e-08 8.2866552134e-08 4.7485489757e-09
1.0156250000e+02 1.0646160336e-07 1.7869851993e-08 8.3780617018e-08 4.8111343444e-09
1.0180664062e+02 1.0697320467e-07 1.7996450532e-08 8.4137448346e-08 4.8393057955e-09
1.0205078125e+02 1.0679698985e-07 1.8034142184e-08 8.3942407318e-08 4.8204403459e-09
1.0229492188e+02 1.0596927653e-07 1.7974116935e-08 8.3239212141e-08 4.7559474507e-09
1.0253906250e+02 1.0453510160e-07 1.7801243312e-08 8.2074485080e-08 4.6593732109e-09
1.0278320312e+02 1.0254969624e-07 1.7507352897e-08 8.0497425851e-08 4.5449174908e-09
1.0302734375e+02 1.0004869488e-07 1.7095352758e-08 7.8535484506e-08 4.4178576205e-09
1.0327148438e+02 9.7090153769e-08 1.6584417916e-08 7.6228181525e-08 4.2775543281e-09
1.0351562500e+02 9.3788938805e-08 1.6008564210e-08 7.3654749213e-08 4.1256253816e-09
1.0375976562e+02 9.0225328063e-08 1.5394682024e-08 7.0866071363e-08 3.9645746760e-09
1.0400390625e+02 8.6314975656e-08 1.4736681271e-08 6.7790231953e-08 3.7880624322e-09
1.0424804688e+02 8.1848512770e-08 1.3995873989e-08 6.4268935395e-08 3.5837033861e-09
1.0449218750e+02 7.6770271702e-08 1.3146143757e-08 6.0272503799e-08 3.3516241462e-09
1.0473632812e+02 7.1339606008e-08 1.2217562130e-08 5.6012430301e-08 3.1096135772e-09
1.0498046875e+02 6.5890327503e-08 1.1273172929e-08 5.1743514373e-08 2.8736402008e-09
1.0522460938e+02 6.0545782353e-08 1.0353769454e-08 4.7549675725e-08 2.6423371736e-09
1.0546875000e+02 5.5246818796e-08 9.4610715749e-09 4.3379968047e-08 2.4057791734e-09
1.0571289062e+02 4.9942452886e-08 8.5833700911e-09 3.9197137987e-08 2.1619448076e-09
1.0595703125e+02 4.4690544138e-08 7.7233461103e-09 3.5048370914e-08 1.9188271137e-09
1.0620117188e+02 3.9611693694e-08 6.8955897222e-09 3.1030429039e-08 1.6856749327e-09
1.0644531250e+02 3.4828540398e-08 6.1134377901e-09 2.7245795101e-08 1.4693075066e-09
1.0668945312e+02 3.0470962883e-08 5.3913133308e-09 2.3802964213e-08 1.2766853391e-09
1.0693359375e+02 2.6642850814e-08 4.7425204038e-09 2.0786785078e-08 1.1135453325e-09
1.0717773438e+02 2.3358225557e-08 4.1693409026e-09 1.8209065871e-08 9.7981878306e-10
1.0742187500e+02 2.0559431819e-08 3.6668807884e-09 1.6022738325e-08 8.6981270583e-10
1.0766601562e+02 1.8177997526e-08 3.2315172239e-09 1.4169716932e-08 7.7676337006e-10
1.0791015625e+02 1.6160522972e-08 2.8603056183e-09 1.2603600394e-08 6.9661696014e-10
1.0815429688e+02 1.4461466860e-08 2.5481497819e-09 1.1285260595e-08 6.2805648236e-10
1.0839843750e+02 1.3028061223e-08 2.2873493384e-09 1.0170750553e-08 5.6996133146e-10
1.0864257812e+02 1.1807116798e-08 2.0688766375e-09 9.2177391119e-09 5.2050104848e-10
1.0888671875e+02 1.0766197883e-08 1.8847131412e-09 8.4032266490e-09 4.7825809315e-10
1.0913085938e+02 9.8929386439e-09 1.7294584542e-09 7.7209329880e-09 4.4254720175e-10
1.0937500000e+02 9.1773647685e-09 1.6005618545e-09 7.1640711206e-09 4.1273179337e-10
1.0961914062e+02 8.5965991050e-09 1.4958012363e-09 6.7131498366e-09 3.8764803216e-10
1.0986328125e+02 8.1090153167e-09 1.4094851891e-09 6.3338257801e-09 3.6570434759e-10
1.1010742188e+02 7.6695501046e-09 1.3334407304e-09 5.9904403488e-09 3.4566902545e-10
1.1035156250e+02 7.2550550600e-09 1.2620965745e-09 5.6657743803e-09 3.2718410521e-10
1.1059570312e+02 6.8674774196e-09 1.1944793680e-09 5.3625716472e-09 3.1042640438e-10
1.1083984375e+02 6.5124302814e-09 1.1313692756e-09 5.0857305804e-09 2.9533042545e-10
1.1108398438e+02 6.1858250521e-09 1.0727772440e-09 4.8317172065e-09 2.8133060155e-10
1.1132812500e+02 5.8833978396e-09 1.0187910595e-09 4.5966116223e-09 2.6799515780e-10
1.1157226562e+02 5.6076399285e-09 9.7017485346e-10 4.3820536053e-09 2.5541146970e-10
1.1181640625e+02 5.3556953417e-09 9.2617012134e-10 4.1859527969e-09 2.4357242351e-10
1.1206054688e+02 5.1115949479e-09 8.8358099028e-10 3.9961532501e-09 2.3186070762e-10
1.1230468750e+02 4.8612282948e-09 8.3992555625e-10 3.8016455209e-09 2.1965721760e-10
1.1254882812e+02 4.6082938231e-09 7.9607800635e-10 3.6049559380e-09 2.0725987870e-10
1.1279296875e+02 4.3678423820e-09 7.5459204153e-10 3.4175516759e-09 1.9569866455e-10
1.1303710938e+02 4.1498667811e-09 7.1693438620e-10 3.2472979917e-09 1.8563440315e-10
1.1328125000e+02 3.9539222413e-09 6.8308831688e-10 3.0940257550e-09 1.7680816937e-10
1.1352539062e+02 3.7749513103e-09 6.5261441649e-10 2.9537747906e-09 1.6856210323e-10
1.1376953125e+02 3.6087746777e-09 6.2507729224e-10 2.8231749260e-09 1.6052245948e-10
1.1401367188e+02 3.4514943686e-09 5.9947763980e-10 2.6993357169e-09 1.5268101188e-10
1.1425781250e+02 3.2990910019e-09 5.7432489378e-10 2.5795847650e-09 1.4518134314e-10
1.1450195312e+02 3.1508813481e-09 5.4876657970e-10 2.4638552049e-09 1.3825956357e-10
1.1474609375e+02 3.0095765839e-09 5.2305096247e-10 2.3544142163e-09 1.3211140516e-10
1.1499023438e+02 2.8765927308e-09 4.9795812648e-10 2.2520166841e-09 1.2661792021e-10
1.1523437500e+02 2.7496907322e-09 4.7416870778e-10 2.1541702946e-09 1.2135172981e-10
1.1547851562e+02 2.6256606583e-09 4.5199207503e-10 2.0577264674e-09 1.1594211585e-10
1.1572265625e+02 2.5038092686e-09 4.3139952104e-10 1.9620455118e-09 1.1036423576e-10
1.1596679688e+02 2.3857691896e-09 4.1209644982e-10 1.8688171392e-09 1.0485560050e-10
1.1621093750e+02 2.2738488400e-09 3.9371232752e-10 1.7804375886e-09 9.9698923869e-11
1.1645507812e+02 2.1708985520e-09 3.7621477838e-10 1.6995463526e-09 9.5137421005e-11
1.1669921875e+02 2.0800293830e-09 3.6010734168e-10 1.6285977609e-09 9.1324280426e-11
1.1694335938e+02 2.0021282725e-09 3.4587727665e-10 1.5680552309e-09 8.8195764923e-11
1.1718750000e+02 1.9334738180e-09 3.3322035069e-10 1.5148102211e-09 8.5443246182e-11
1.1743164062e+02 1.8677143849e-09 3.2120954900e-10 1.4637723082e-09 8.2732527727e-11
1.1767578125e+02 1.8004612625e-09 3.0914495555e-10 1.4113989784e-09 7.9917328534e-11
1.1791992188e+02 1.7324649079e-09 2.9718906955e-10 1.3582356976e-09 7.7040140779e-11
1.1816406250e+02 1.6696004744e-09 2.8642986832e-10 1.3089055261e-09 7.4265079988e-11
1.1840820312e+02 1.6183050286e-09 2.7804732771e-10 1.2684282360e-09 7.1829464855e-11
1.1865234375e+02 1.5803821409e-09 2.7225417177e-10 1.2381762704e-09 6.9951698679e-11
1.1889648438e+02 1.5531184549e-09 2.6828237786e-10 1.2161216641e-09 6.8714413002e-11
1.1914062500e+02 1.5333621174e-09 2.6530299339e-10 1.2000265214e-09 6.8032602603e-11
1.1938476562e+02 1.5210731384e-09 2.6325009317e-10 1.1900422311e-09 6.7780814171e-11
1.1962890625e+02 1.5195822050e-09 2.6279530177e-10 1.1888244052e-09 6.7962497994e-11
1.1987304688e+02 1.5317377797e-09 2.6450429735e-10 1.1985640826e-09 6.8669399729e-11
1.2011718750e+02 1.5562219905e-09 2.6820376624e-10 1.2181287061e-09 6.9889518103e-11
1.2036132812e+02 1.5889789101e-09 2.7329763429e-10 1.2442061862e-09 7.1475089645e-11
1.2060546875e+02 1.6269067681e-09 2.7938135013e-10 1.2742589867e-09 7.3266431221e-11
1.2084960938e+02 1.6691129745e-09 2.8641732782e-10 1.3075057436e-09 7.5189903127e-11
1.2109375000e+02 1.7168038748e-09 2.9464531712e-10 1.3448368765e-09 7.7321681097e-11
1.2133789062e+02 1.7728209067e-09 3.0441468273e-10 1.3885292440e-09 7.9876979901e-11
1.2158203125e+02 1.8395210059e-09 3.1591733340e-10 1.4405804956e-09 8.3023176943e-11
1.2182617188e+02 1.9170631941e-09 3.2904645661e-10 1.5012957585e-09 8.6720978926e-11
1.2207031250e+02 2.0046342078e-09 3.4353654616e-10 1.5702532971e-09 9.0844364534e-11
1.2231445312e+02 2.1024035000e-09 3.5930801918e-10 1.6477335964e-09 9.5361884480e-11
1.2255859375e+02 2.2118287642e-09 3.7677013689e-10 1.7347113436e-09 1.0034728372e-10
1.2280273438e+02 2.3337274994e-09 3.9645780556e-10 1.8314128019e-09 1.0585689198e-10
1.2304687500e+02 2.4650617490e-09 4.1811771253e-10 1.9351830614e-09 1.1176097509e-10
1.2329101562e+02 2.5994274966e-09 4.4065137461e-10 2.0410013341e-09 1.1777478791e-10
1.2353515625e+02 2.7323876322e-09 4.6313332756e-10 2.1454870816e-09 1.2376722310e-10
1.2377929688e+02 2.8640252574e-09 4.8530486453e-10 2.2488243083e-09 1.2989608462e-10
1.2402343750e+02 2.9957991005e-09 5.0716198330e-10 2.3523311117e-09 1.3630600546e-10
1.2426757812e+02 3.1283617318e-09 5.2889245054e-10 2.4565928939e-09 1.4287638733e-10
1.2451171875e+02 3.2627746470e-09 5.5114438484e-10 2.5622398458e-09 1.4939041638e-10
1.2475585938e+02 3.4014617752e-09 5.7473761676e-10 2.6709578486e-09 1.5576630986e-10
1.2500000000e+02 3.5464144485e-09 6.0000877809e-10 2.7844144288e-09 1.6199124166e-10
1.2524414062e+02 3.6945020904e-09 6.2614787229e-10 2.9003608995e-09 1.6799331865e-10
1.2548828125e+02 3.8366060496e-09 6.5111773813e-10 3.0116966791e-09 1.7379163239e-10
1.2573242188e+02 3.9653374425e-09 6.7309055253e-10 3.1126736644e-09 1.7957322563e-10
1.2597656250e+02 4.0812248638e-09 6.9213811422e-10 3.2037265856e-09 1.8536016388e-10
1.2622070312e+02 4.1875357937e-09 7.0956774747e-10 3.2872393702e-09 1.9072867600e-10
1.2646484375e+02 4.2834576494e-09 7.2591539570e-10 3.3623973470e-09 1.9514490670e-10
1.2670898438e+02 4.3685064944e-09 7.4094241128e-10 3.4288822989e-09 1.9868178430e-10
1.2695312500e+02 4.4477081731e-09 7.5491864840e-10 3.4908299336e-09 2.0195959111e-10
1.2719726562e+02 4.5240470631e-09 7.6805338150e-10 3.5508087074e-09 2.0518497420e-10
1.2744140625e+02 4.5899995866e-09 7.7900255395e-10 3.6031401505e-09 2.0785688217e-10
1.2768554688e+02 4.6325260187e-09 7.8555297991e-10 3.6374978223e-09 2.0947521650e-10
1.2792968750e+02 4.6438963402e-09 7.8673720424e-10 3.6472157640e-09 2.0994337199e-10
1.2817382812e+02 4.6250302460e-09 7.8326562044e-10 3.6324726723e-09 2.0929195330e-10
1.2841796875e+02 4.5818600370e-09 7.7610347272e-10 3.5982097959e-09 2.0754676839e-10
1.2866210938e+02 4.5226210675e-09 7.6594214195e-10 3.5516683002e-09 2.0501062543e-10
1.2890625000e+02 4.4539751676e-09 7.5369347865e-10 3.4981470706e-09 2.0213461833e-10
1.2915039062e+02 4.3738898029e-09 7.3962970392e-10 3.4354340751e-09 1.9882602389e-10
1.2939453125e+02 4.2748237696e-09 7.2272861354e-10 3.3576006986e-09 1.9449445747e-10
1.2963867188e+02 4.1567824775e-09 7.0241761893e-10 3.2653726575e-09 1.8899220107e-10
1.2988281250e+02 4.0275427642e-09 6.7967598068e-10 3.1650314853e-09 1.8283529828e-10
1.3012695312e+02 3.8896531908e-09 6.5535862730e-10 3.0578873279e-09 1.7640723561e-10
1.3037109375e+02 3.7369057087e-09 6.2888545629e-10 2.9385388136e-09 1.6948143880e-10
1.3061523438e+02 3.5650201044e-09 5.9964400777e-10 2.8037227903e-09 1.6165330632e-10
1.3085937500e+02 3.3788411547e-09 5.6846086784e-10 2.6573807039e-09 1.5299958294e-10
1.3110351562e+02 3.1840061691e-09 5.3627070895e-10 2.5037883328e-09 1.4394712739e-10
1.3134765625e+02 2.9786341735e-09 5.0265356405e-10 2.3413903021e-09 1.3459030733e-10
1.3159179688e+02 2.7623425554e-09 4.6747520979e-10 2.1701093432e-09 1.2475800240e-10
1.3183593750e+02 2.5452280941e-09 4.3244522597e-10 1.9981493605e-09 1.1463350756e-10
1.3208007812e+02 2.3397498361e-09 3.9952792347e-10 1.8354618836e-09 1.0476002907e-10
1.3232421875e+02 2.1506852559e-09 3.6911635734e-10 1.6859867851e-09 9.5582113383e-11
1.3256835938e+02 1.9757122157e-09 3.4039426132e-10 1.5480896696e-09 8.7228284725e-11
1.3281250000e+02 1.8099370234e-09 3.1244505450e-10 1.4179100357e-09 7.9581933162e-11
1.3305664062e+02 1.6494470665e-09 2.8482665854e-10 1.2921653686e-09 7.2455039361e-11
1.3330078125e+02 1.4948044439e-09 2.5792818672e-10 1.1711033333e-09 6.5772923913e-11
1.3354492188e+02 1.3515054942e-09 2.3297600617e-10 1.0588942333e-09 5.9635254725e-11
1.3378906250e+02 1.2245749199e-09 2.1107065121e-10 9.5933630466e-10 5.4167963994e-11
1.3403320312e+02 1.1135807562e-09 1.9219886992e-10 8.7204017071e-10 4.9341715569e-11
1.3427734375e+02 1.0150449718e-09 1.7562392184e-10 7.9439269776e-10 4.5028352153e-11
1.3452148438e+02 9.2747304895e-10 1.6084704393e-10 7.2542424693e-10 4.1201758090e-11
1.3476562500e+02 8.5106605622e-10 1.4768635939e-10 6.6545481229e-10 3.7924884535e-11
1.3500976562e+02 7.8444601579e-10 1.3586281118e-10 6.1342400503e-10 3.5159199580e-11
1.3525390625e+02 7.2473584550e-10 1.2503932349e-10 5.6696179897e-10 3.2734723036e-11
1.3549804688e+02 6.7014451177e-10 1.1510782136e-10 5.2454806870e-10 3.0488621705e-11
1.3574218750e+02 6.2059852397e-10 1.0616785020e-10 4.8607687125e-10 2.8353802522e-11
1.3598632812e+02 5.7647053410e-10 9.8329331917e-11 4.5178636316e-10 2.6354839023e-11
1.3623046875e+02 5.3814698138e-10 9.1666839297e-11 4.2190092344e-10 2.4579218639e-11
1.3647460938e+02 5.0601003484e-10 8.6182642960e-11 3.9671937561e-10 2.3108016271e-11
1.3671875000e+02 4.7925271396e-10 8.1631510697e-11 3.7570736817e-10 2.1913835094e-11
1.3696289062e+02 4.5548415144e-10 7.7550754579e-11 3.5707082032e-10 2.0862576543e-11
1.3720703125e+02 4.3264659740e-10 7.3619302202e-11 3.3918468059e-10 1.9842614604e-11
1.3745117188e+02 4.1049804685e-10 6.9855372323e-11 3.2179822998e-10 1.8844444550e-11
1.3769531250e+02 3.8972940097e-10 6.6407144676e-11 3.0541659606e-10 1.7905660240e-11
1.3793945312e+02 3.7056255872e-10 6.3291869366e-11 2.9023920499e-10 1.7031484367e-11
1.3818359375e+02 3.5263361851e-10 6.0393233997e-11 2.7604479205e-10 1.6195592466e-11
1.3842773438e+02 3.3574800587e-10 5.7627985847e-11 2.6272670416e-10 1.5393315863e-11
1.3867187500e+02 3.2011502438e-10 5.5013457858e-11 2.5045172874e-10 1.4649837781e-11
1.3891601562e+02 3.0568970944e-10 5.2559445823e-11 2.3915827743e-10 1.3971986192e-11
1.3916015625e+02 2.9189983246e-10 5.0199660506e-11 2.2837031443e-10 1.3329857515e-11
1.3940429688e+02 2.7828968403e-10 4.7870152690e-11 2.1772752726e-10 1.2692004082e-11
1.3964843750e+02 2.6501267151e-10 4.5591396942e-11 2.0736386620e-10 1.2057408367e-11
1.3989257812e+02 2.5264851095e-10 4.3455570206e-11 1.9773880174e-10 1.1454139004e-11
1.4013671875e+02 2.4178578952e-10 4.1555153278e-11 1.8930922947e-10 1.0921406766e-11
1.4038085938e+02 2.3263375277e-10 3.9914264194e-11 1.8223212597e-10 1.0487362602e-11
1.4062500000e+02 2.2477678710e-10 3.8465019555e-11 1.7616891860e-10 1.0142848943e-11
1.4086914062e+02 2.1728390371e-10 3.7077685132e-11 1.7037396282e-10 9.8322557580e-12
1.4111328125e+02 2.0917525534e-10 3.5620457074e-11 1.6406928539e-10 9.4855128707e-12
1.4135742188e+02 1.9999121210e-10 3.4034125495e-11 1.5688818338e-10 9.0689032285e-12
1.4160156250e+02 1.9008077975e-10 3.2380540272e-11 1.4909586398e-10 8.6043754932e-12
1.4184570312e+02 1.8037365142e-10 3.0798444642e-11 1.4142874715e-10 8.1464596264e-12
1.4208984375e+02 1.7183375574e-10 2.9402251221e-11 1.3468382242e-10 7.7476820930e-12
1.4233398438e+02 1.6496575759e-10 2.8224415261e-11 1.2930510119e-10 7.4362411443e-12
1.4257812500e+02 1.5962425211e-10 2.7225506736e-11 1.2518917193e-10 7.2095734485e-12
1.4282226562e+02 1.5515756254e-10 2.6326092700e-11 1.2179412394e-10 7.0373458991e-12
1.4306640625e+02 1.5070050124e-10 2.5430992672e-11 1.1840089869e-10 6.8686098781e-12
1.4331054688e+02 1.4557292287e-10 2.4474477914e-11 1.1444693255e-10 6.6515124003e-12
1.4355468750e+02 1.3971251289e-10 2.3474158001e-11 1.0987025702e-10 6.3680978705e-12
1.4379882812e+02 1.3366723994e-10 2.2511299956e-11 1.0510443498e-10 6.0515050032e-12
1.4404296875e+02 1.2805222777e-10 2.1648179355e-11 1.0064690512e-10 5.7571432964e-12
1.4428710938e+02 1.2311033637e-10 2.0881851910e-11 9.6711303773e-11 5.5171806829e-12
1.4453125000e+02 1.1876597813e-10 2.0171910674e-11 9.3266670972e-11 5.3273964888e-12
1.4477539062e+02 1.1490146757e-10 1.9501412348e-11 9.0231745713e-11 5.1683095138e-12
1.4501953125e+02 1.1151878483e-10 1.8907044191e-11 8.7585599507e-11 5.0261411346e-12
1.4526367188e+02 1.0876742686e-10 1.8450078305e-11 8.5416538153e-11 4.9008104063e-12
1.4550781250e+02 1.0685085265e-10 1.8161438691e-11 8.3884590324e-11 4.8048236357e-12
1.4575195312e+02 1.0580356973e-10 1.8013207443e-11 8.3040528862e-11 4.7498334269e-12
1.4599609375e+02 1.0537569844e-10 1.7940420355e-11 8.2702182367e-11 4.7330957154e-12
1.4624023438e+02 1.0521494341e-10 1.7892937162e-11 8.2582070795e-11 4.7399354502e-12
1.4648437500e+02 1.0515051305e-10 1.7871466225e-11 8.2524169936e-11 4.7548768932e-12
1.4672851562e+02 1.0525029074e-10 1.7913263815e-11 8.2568964089e-11 4.7680628395e-12
1.4697265625e+02 1.0563914732e-10 1.8040528514e-11 8.2821749937e-11 4.7768688716e-12
1.4721679688e+02 1.0637185934e-10 1.8232279242e-11 8.3351332647e-11 4.7882474549e-12
1.4746093750e+02 1.0745581595e-10 1.8450734030e-11 8.4188374043e-11 4.8167078810e-12
1.4770507812e+02 1.0886066162e-10 1.8677830325e-11 8.5310693884e-11 4.8721374118e-12
1.4794921875e+02 1.1052424625e-10 1.8922862070e-11 8.6650017656e-11 4.9513665265e-12
1.4819335938e+02 1.1244156967e-10 1.9210523079e-11 8.8184528422e-11 5.0465181685e-12
1.4843750000e+02 1.1469215230e-10 1.9564730297e-11 8.9973261632e-11 5.1541603679e-12
1.4868164062e+02 1.1733976802e-10 1.9998265182e-11 9.2068541999e-11 5.2729608377e-12
1.4892578125e+02 1.2038232340e-10 2.0509714487e-11 9.4469747555e-11 5.4028613552e-12
1.4916992188e+02 1.2374875189e-10 2.1077770898e-11 9.7125872789e-11 5.5451081987e-12
1.4941406250e+02 1.2727381059e-10 2.1664210313e-11 9.9912401632e-11 5.6971986481e-12
1.4965820312e+02 1.3085513080e-10 2.2252515068e-11 1.0274479931e-10 5.8578164204e-12
1.4990234375e+02 1.3461107632e-10 2.2870560483e-11 1.0570744209e-10 6.0330737506e-12
1.5014648438e+02 1.3860397586e-10 2.3534495679e-11 1.0884844484e-10 6.2210353422e-12
1.5039062500e+02 1.4264495826e-10 2.4215237325e-11 1.1202341857e-10 6.4063023688e-12
1.5063476562e+02 1.4662205853e-10 2.4899791774e-11 1.1513874878e-10 6.5835179799e-12
1.5087890625e+02 1.5060043785e-10 2.5613171165e-11 1.1822839041e-10 6.7588762749e-12
1.5112304688e+02 1.5448750355e-10 2.6349495674e-11 1.2121241294e-10 6.9255949370e-12
1.5136718750e+02 1.5802224402e-10 2.7046076326e-11 1.2390928205e-10 7.0668856437e-12
1.5161132812e+02 1.6113411696e-10 2.7647473152e-11 1.2630441517e-10 7.1822286449e-12
1.5185546875e+02 1.6403460894e-10 2.8162771025e-11 1.2858191453e-10 7.2899233845e-12
1.5209960938e+02 1.6690839650e-10 2.8642339260e-11 1.3086210568e-10 7.4039515639e-12
1.5234375000e+02 1.6968241335e-10 2.9111070640e-11 1.3304797913e-10 7.5233635798e-12
1.5258789062e+02 1.7218135414e-10 2.9551706752e-11 1.3498660884e-10 7.6430385500e-12
1.5283203125e+02 1.7439615258e-10 2.9949276227e-11 1.3668545830e-10 7.7614180524e-12
1.5307617188e+02 1.7645318963e-10 3.0310380546e-11 1.3826814152e-10 7.8746675632e-12
1.5332031250e+02 1.7838891934e-10 3.0636193271e-11 1.3978039208e-10 7.9723339894e-12
1.5356445312e+02 1.8015881951e-10 3.0919623314e-11 1.4119152799e-10 8.0476682026e-12
1.5380859375e+02 1.8178916463e-10 3.1167264108e-11 1.4251374267e-10 8.1081578572e-12
1.5405273438e+02 1.8327959969e-10 3.1377203568e-11 1.4373230532e-10 8.1700907992e-12
1.5429687500e+02 1.8438070331e-10 3.1492887622e-11 1.4464866994e-10 8.2391457418e-12
1.5454101562e+02 1.8461914969e-10 3.1421994001e-11 1.4490557887e-10 8.2915768217e-12
1.5478515625e+02 1.8359961203e-10 3.1114474338e-11 1.4419852678e-10 8.2866109118e-12
1.5502929688e+02 1.8127092266e-10 3.0600115329e-11 1.4246386157e-10 8.2069457634e-12
1.5527343750e+02 1.7787240495e-10 2.9948325328e-11 1.3985575882e-10 8.0683207994e-12
1.5551757812e+02 1.7378700303e-10 2.9231034938e-11 1.3666407265e-10 7.8918954407e-12
1.5576171875e+02 1.6956194132e-10 2.8535462394e-11 1.3333233049e-10 7.6941484313e-12
1.5600585938e+02 1.6567484364e-10 2.7935327650e-11 1.3024889269e-10 7.4906232927e-12
1.5625000000e+02 1.6203205404e-10 2.7403274479e-11 1.2734159207e-10 7.2871874895e-12
1.5649414062e+02 1.5802445413e-10 2.6815624705e-11 1.2413425832e-10 7.0745711045e-12
1.5673828125e+02 1.5321342770e-10 2.6081881233e-11 1.2029425038e-10 6.8372960851e-12
1.5698242188e+02 1.4772293588e-10 2.5219201741e-11 1.1593309477e-10 6.5706393728e-12
1.5722656250e+02 1.4185067341e-10 2.4274841719e-11 1.1129072500e-10 6.2851066887e-12
1.5747070312e+02 1.3561855559e-10 2.3249999326e-11 1.0637883083e-10 5.9897254320e-12
1.5771484375e+02 1.2901384671e-10 2.2148629295e-11 1.0117750369e-10 5.6877137229e-12
1.5795898438e+02 1.2228389371e-10 2.1018187921e-11 9.5878009410e-11 5.3876963798e-12
1.5820312500e+02 1.1566060648e-10 1.9892116453e-11 9.0669772544e-11 5.0987174877e-12
1.5844726562e+02 1.0917949832e-10 1.8765960398e-11 8.5589766894e-11 4.8237710294e-12
1.5869140625e+02 1.0291411868e-10 1.7651659156e-11 8.0694572843e-11 4.5678866822e-12
1.5893554688e+02 9.7047846734e-11 1.6592879326e-11 7.6118565408e-11 4.3364019993e-12
1.5917968750e+02 9.1638949831e-11 1.5618356814e-11 7.1899441796e-11 4.1211512213e-12
1.5942382812e+02 8.6473571125e-11 1.4709879439e-11 6.7862290253e-11 3.9014014328e-12
1.5966796875e+02 8.1237970934e-11 1.3820012096e-11 6.3754383595e-11 3.6635752434e-12
1.5991210938e+02 7.5838019315e-11 1.2918746330e-11 5.9504385170e-11 3.4148878146e-12
1.6015625000e+02 7.0485745904e-11 1.2020090450e-11 5.5290988253e-11 3.1746672002e-12
1.6040039062e+02 6.5500985680e-11 1.1166793335e-11 5.1376696341e-11 2.9574960035e-12
1.6064453125e+02 6.1075357487e-11 1.0393678258e-11 4.7915003253e-11 2.7666759772e-12
1.6088867188e+02 5.7151352375e-11 9.6998057876e-12 4.4855513946e-11 2.5960326415e-12
1.6113281250e+02 5.3515371060e-11 9.0600661796e-12 4.2019892795e-11 2.4354120856e-12
1.6137695312e+02 5.0024737697e-11 8.4601267480e-12 3.9285604754e-11 2.2790061953e-12
1.6162109375e+02 4.6696081757e-11 7.9042557816e-12 3.6662903455e-11 2.1289225205e-12
1.6186523438e+02 4.3618685008e-11 7.3987956106e-12 3.4229310092e-11 1.9905793056e-12
1.6210937500e+02 4.0861979568e-11 6.9443564272e-12 3.2050767378e-11 1.8668557630e-12
1.6235351562e+02 3.8444003470e-11 6.5373196790e-12 3.0148939530e-11 1.7577442609e-12
1.6259765625e+02 3.6334652052e-11 6.1719923324e-12 2.8499713271e-11 1.6629464482e-12
1.6284179688e+02 3.4461563463e-11 5.8428389204e-12 2.7037906550e-11 1.5808179929e-12
1.6308593750e+02 3.2744966802e-11 5.5464890250e-12 2.5691640694e-11 1.5068370822e-12
1.6333007812e+02 3.1163274803e-11 5.2835130107e-12 2.4442961645e-11 1.4368001470e-12
1.6357421875e+02 2.9735209048e-11 5.0524930565e-12 2.3313317700e-11 1.3693982907e-12
1.6381835938e+02 2.8428923546e-11 4.8405513554e-12 2.2283916940e-11 1.3044552498e-12
1.6406250000e+02 2.7172498501e-11 4.6304304806e-12 2.1299680552e-11 1.2423874683e-12
1.6430664062e+02 2.5950889068e-11 4.4173293411e-12 2.0347909322e-11 1.1856504042e-12
1.6455078125e+02 2.4808523690e-11 4.2095553401e-12 1.9462532755e-11 1.1364355947e-12
1.6479492188e+02 2.3760421324e-11 4.0148934525e-12 1.8652710395e-11 1.0928174769e-12
1.6503906250e+02 2.2767818602e-11 3.8349535408e-12 1.7882854768e-11 1.0500102938e-12
1.6528320312e+02 2.1808128558e-11 3.6714370817e-12 1.7131302452e-11 1.0053890247e-12
1.6552734375e+02 2.0919543619e-11 3.5285669479e-12 1.6429736443e-11 9.6124022813e-13
1.6577148438e+02 2.0152913912e-11 3.4059396259e-12 1.5824398756e-11 9.2257552967e-13
1.6601562500e+02 1.9509301697e-11 3.2949326228e-12 1.5321872093e-11 8.9249698161e-13
1.6625976562e+02 1.8952255872e-11 3.1873998981e-12 1.4894750323e-11 8.7010565176e-13
1.6650390625e+02 1.8459807912e-11 3.0848486007e-12 1.4522444264e-11 8.5251504698e-13
1.6674804688e+02 1.8018667676e-11 2.9929194145e-12 1.4189024992e-11 8.3672326887e-13
1.6699218750e+02 1.7575094528e-11 2.9092108195e-12 1.3846894718e-11 8.1898899085e-13
1.6723632812e+02 1.7052171356e-11 2.8241448044e-12 1.3432866418e-11 7.9516013415e-13
1.6748046875e+02 1.6424644579e-11 2.7320497671e-12 1.2929215412e-11 7.6337940014e-13
1.6772460938e+02 1.5745495371e-11 2.6352401145e-12 1.2383782307e-11 7.2647294976e-13
1.6796875000e+02 1.5104689657e-11 2.5396696031e-12 1.1873801196e-11 6.9121885760e-13
1.6821289062e+02 1.4571844511e-11 2.4508522852e-12 1.1457055688e-11 6.6393653781e-13
1.6845703125e+02 1.4160058184e-11 2.3718140360e-12 1.1141979751e-11 6.4626439627e-13
1.6870117188e+02 1.3824686473e-11 2.3016255593e-12 1.0888203611e-11 6.3485730347e-13
1.6894531250e+02 1.3499231769e-11 2.2364616005e-12 1.0638453855e-11 6.2431631377e-13
1.6918945312e+02 1.3147484408e-11 2.1743484300e-12 1.0362273033e-11 6.1086294549e-13
1.6943359375e+02 1.2786084173e-11 2.1182162218e-12 1.0073580249e-11 5.9428770253e-13
1.6967773438e+02 1.2458002956e-11 2.0722119057e-12 9.8087498000e-12 5.7704125015e-13
1.6992187500e+02 1.2187035282e-11 2.0356584172e-12 9.5896904263e-12 5.6168643853e-13
1.7016601562e+02 1.1956704045e-11 2.0020742409e-12 9.4054808837e-12 5.4914892048e-13
1.7041015625e+02 1.1730355758e-11 1.9639936698e-12 9.2275324304e-12 5.3882965795e-13
1.7065429688e+02 1.1489563541e-11 1.9190339423e-12 9.0408816307e-12 5.2964796824e-13
1.7089843750e+02 1.1246625777e-11 1.8715492443e-12 8.8542785736e-12 5.2079795924e-13
1.7114257812e+02 1.1022576340e-11 1.8283232863e-12 8.6822373672e-12 5.1201568687e-13
1.7138671875e+02 1.0834353156e-11 1.7942507111e-12 8.5361334816e-12 5.0396896294e-13
1.7163085938e+02 1.0694157366e-11 1.7704971145e-12 8.4257977417e-12 4.9786251016e-13
1.7187500000e+02 1.0595095610e-11 1.7534485053e-12 8.3477981757e-12 4.9384892899e-13
1.7211914062e+02 1.0515888643e-11 1.7380817873e-12 8.2869245653e-12 4.9088229079e-13
1.7236328125e+02 1.0453286346e-11 1.7238976747e-12 8.2408306057e-12 4.8855806589e-13
1.7260742188e+02 1.0426079458e-11 1.7147542170e-12 8.2236964220e-12 4.8762881929e-13
1.7285156250e+02 1.0444191478e-11 1.7136261727e-12 8.2421926450e-12 4.8837266066e-13
1.7309570312e+02 1.0496866273e-11 1.7202688312e-12 8.2865908302e-12 4.9000661147e-13
1.7333984375e+02 1.0572623587e-11 1.7332198880e-12 8.3472964353e-12 4.9210726353e-13
1.7358398438e+02 1.0671603358e-11 1.7513891445e-12 8.4248824256e-12 4.9533178797e-13
1.7382812500e+02 1.0799307876e-11 1.7737361853e-12 8.5249761964e-12 5.0059549441e-13
1.7407226562e+02 1.0958927990e-11 1.7987460145e-12 8.6517347446e-12 5.0844723047e-13
1.7431640625e+02 1.1140839496e-11 1.8237857080e-12 8.7983482905e-12 5.1870549748e-13
1.7456054688e+02 1.1315382121e-11 1.8456102944e-12 8.9401553200e-12 5.2961650707e-13
1.7480468750e+02 1.1450816777e-11 1.8629981283e-12 9.0494576837e-12 5.3836096475e-13
1.7504882812e+02 1.1548327920e-11 1.8788448674e-12 9.1255355434e-12 5.4394750909e-13
1.7529296875e+02 1.1648866877e-11 1.8985944409e-12 9.2015529561e-12 5.4871947999e-13
1.7553710938e+02 1.1795511518e-11 1.9260396370e-12 9.3137499600e-12 5.5572192073e-13
1.7578125000e+02 1.2003624087e-11 1.9621606567e-12 9.4755618031e-12 5.6590162705e-13
1.7602539062e+02 1.2267872319e-11 2.0070976132e-12 9.6823068364e-12 5.7846786994e-13
1.7626953125e+02 1.2565755308e-11 2.0590189288e-12 9.9150511850e-12 5.9168519405e-13
1.7651367188e+02 1.2856698018e-11 2.1124200118e-12 1.0141024364e-11 6.0325364271e-13
1.7675781250e+02 1.3112997178e-11 2.1621867775e-12 1.0338308952e-11 6.1250144829e-13
1.7700195312e+02 1.3342684024e-11 2.2075198169e-12 1.0513804909e-11 6.2135929777e-13
1.7724609375e+02 1.3561039766e-11 2.2490267216e-12 1.0680688691e-11 6.3132435292e-13
1.7749023438e+02 1.3771009751e-11 2.2867187611e-12 1.0842505052e-11 6.4178593719e-13
1.7773437500e+02 1.3984156684e-11 2.3230488679e-12 1.1008921360e-11 6.5218645661e-13
1.7797851562e+02 1.4213977529e-11 2.3609151553e-12 1.1190345436e-11 6.6271693765e-13
1.7822265625e+02 1.4439641828e-11 2.3971999859e-12 1.1369786749e-11 6.7265509280e-13
1.7846679688e+02 1.4616102788e-11 2.4240480566e-12 1.1511442886e-11 6.8061184484e-13
1.7871093750e+02 1.4724113780e-11 2.4370124198e-12 1.1600723230e-11 6.8637813015e-13
1.7895507812e+02 1.4788851901e-11 2.4397316062e-12 1.1658076812e-11 6.9104348225e-13
1.7919921875e+02 1.4847946751e-11 2.4403672762e-12 1.1711992248e-11 6.9558722675e-13
1.7944335938e+02 1.4917709122e-11 2.4440305717e-12 1.1773172803e-11 7.0050574750e-13
1.7968750000e+02 1.5000958409e-11 2.4506013516e-12 1.1843733268e-11 7.0662378917e-13
1.7993164062e+02 1.5109882070e-11 2.4597640727e-12 1.1935423401e-11 7.1469459623e-13
1.8017578125e+02 1.5251555788e-11 2.4726780272e-12 1.2055043719e-11 7.2383404220e-13
1.8041992188e+02 1.5393564935e-11 2.4865370451e-12 1.2175433262e-11 7.3159462818e-13
1.8066406250e+02 1.5474757057e-11 2.4935324119e-12 1.2245326622e-11 7.3589802327e-13
1.8090820312e+02 1.5452328128e-11 2.4874515569e-12 1.2229144441e-11 7.3573213011e-13
1.8115234375e+02 1.5318751320e-11 2.4672558683e-12 1.2121381331e-11 7.3011412006e-13
1.8139648438e+02 1.5088321582e-11 2.4348449404e-12 1.1934914426e-11 7.1856221507e-13
1.8164062500e+02 1.4790493719e-11 2.3934768591e-12 1.1694452916e-11 7.0256394461e-13
1.8188476562e+02 1.4458372137e-11 2.3472152968e-12 1.1426722809e-11 6.8443403104e-13
1.8212890625e+02 1.4106473181e-11 2.2984995313e-12 1.1142904102e-11 6.6506954755e-13
1.8237304688e+02 1.3736270705e-11 2.2477067972e-12 1.0843924325e-11 6.4463958319e-13
1.8261718750e+02 1.3368808978e-11 2.1971040875e-12 1.0546869496e-11 6.2483539434e-13
1.8286132812e+02 1.3041863366e-11 2.1513252249e-12 1.0282450123e-11 6.0808801847e-13
1.8310546875e+02 1.2762523823e-11 2.1109276280e-12 1.0057070929e-11 5.9452526585e-13
1.8334960938e+02 1.2492129875e-11 2.0697194005e-12 9.8406204132e-12 5.8179006079e-13
1.8359375000e+02 1.2188134967e-11 2.0209724573e-12 9.5992553194e-12 5.6790719071e-13
1.8383789062e+02 1.1837205253e-11 1.9627565638e-12 9.3217859460e-12 5.5266274349e-13
1.8408203125e+02 1.1445265598e-11 1.8962973040e-12 9.0127244185e-12 5.3624387568e-13
1.8432617188e+02 1.1016060854e-11 1.8225032894e-12 8.6755426473e-12 5.1801491738e-13
1.8457031250e+02 1.0552325882e-11 1.7423187334e-12 8.3125231060e-12 4.9748404295e-13
1.8481445312e+02 1.0072322042e-11 1.6591910159e-12 7.9373713193e-12 4.7575970698e-13
1.8505859375e+02 9.6018707887e-12 1.5778366351e-12 7.5695330833e-12 4.5450107023e-13
1.8530273438e+02 9.1483405871e-12 1.5007740707e-12 7.2137711623e-12 4.3379535407e-13
1.8554687500e+02 8.7066445543e-12 1.4286230999e-12 6.8652953011e-12 4.1272615333e-13
1.8579101562e+02 8.2835861983e-12 1.3619834492e-12 6.5300582826e-12 3.9154446660e-13
1.8603515625e+02 7.8929815048e-12 1.3006622913e-12 6.2205552535e-12 3.7176396003e-13
1.8627929688e+02 7.5357691387e-12 1.2428560551e-12 5.9385477037e-12 3.5436537992e-13
1.8652343750e+02 7.1978299301e-12 1.1862929124e-12 5.6727409899e-12 3.3879602784e-13
1.8676757812e+02 6.8609536391e-12 1.1294269089e-12 5.4079486130e-12 3.2357811720e-13
1.8701171875e+02 6.5128261565e-12 1.0718353951e-12 5.1335343584e-12 3.0745640304e-13
1.8725585938e+02 6.1515280549e-12 1.0139703625e-12 4.8474293728e-12 2.9012831967e-13
1.8750000000e+02 5.7860302345e-12 9.5672639040e-13 4.5569506939e-12 2.7235315025e-13
1.8774414062e+02 5.4344683740e-12 9.0144858373e-13 4.2775159534e-12 2.5550383683e-13
1.8798828125e+02 5.1149743602e-12 8.4947816642e-13 4.0247910019e-12 2.4070519192e-13
1.8823242188e+02 4.8318566508e-12 8.0100511132e-13 3.8027178996e-12 2.2813363988e-13
1.8847656250e+02 4.5747960049e-12 7.5521215801e-13 3.6024700794e-12 2.1711376749e-13
1.8872070312e+02 4.3336023052e-12 7.1211088870e-13 3.4146616698e-12 2.0682974675e-13
1.8896484375e+02 4.1088364601e-12 6.7336520905e-13 3.2385764542e-12 1.9689479688e-13
1.8920898438e+02 3.9071857847e-12 6.4058848290e-13 3.0792181301e-12 1.8737917172e-13
1.8945312500e+02 3.7318031393e-12 6.1342517553e-13 2.9398384688e-12 1.7853949504e-13
1.8969726562e+02 3.5803662966e-12 5.8985101542e-13 2.8198177319e-12 1.7069754928e-13
1.8994140625e+02 3.4483140767e-12 5.6779290397e-13 2.7163723946e-12 1.6414877813e-13
1.9018554688e+02 3.3291931303e-12 5.4610896417e-13 2.6242997906e-12 1.5878437554e-13
1.9042968750e+02 3.2146509142e-12 5.2467600147e-13 2.5360309553e-12 1.5394395743e-13
1.9067382812e+02 3.0979793088e-12 5.0402999485e-13 2.4450754924e-12 1.4887382161e-13
1.9091796875e+02 2.9770135190e-12 4.8467158126e-13 2.3491447545e-12 1.4319718319e-13
1.9116210938e+02 2.8530993652e-12 4.6646316875e-13 2.2496800538e-12 1.3695614267e-13
1.9140625000e+02 2.7293135345e-12 4.4880740877e-13 2.1500435522e-12 1.3046257357e-13
1.9165039062e+02 2.6109162430e-12 4.3149456336e-13 2.0552182530e-12 1.2420342657e-13
1.9189453125e+02 2.5058363208e-12 4.1512738209e-13 1.9719112912e-12 1.1879764751e-13
1.9213867188e+02 2.4214976297e-12 4.0056693365e-13 1.9060850086e-12 1.1484568746e-13
1.9238281250e+02 2.3595893374e-12 3.8827055052e-13 1.8588017545e-12 1.1251703231e-13
1.9262695312e+02 2.3141012089e-12 3.7819363049e-13 1.8246927012e-12 1.1121487717e-13
1.9287109375e+02 2.2731756887e-12 3.6969440922e-13 1.7936830309e-12 1.0979824858e-13
1.9311523438e+02 2.2246876719e-12 3.6159643390e-13 1.7557421181e-12 1.0734911994e-13
1.9335937500e+02 2.1647332068e-12 3.5304900086e-13 1.7078289572e-12 1.0385524866e-13
1.9360351562e+02 2.0995092105e-12 3.4408160893e-13 1.6553888438e-12 1.0003875773e-13
1.9384765625e+02 2.0371674093e-12 3.3493632358e-13 1.6056208665e-12 9.6610219262e-14
1.9409179688e+02 1.9801747304e-12 3.2534958639e-13 1.5609839006e-12 9.3841243348e-14
1.9433593750e+02 1.9252388232e-12 3.1483665808e-13 1.5188070155e-12 9.1595149714e-14
1.9458007812e+02 1.8681468102e-12 3.0342686606e-13 1.4752060786e-12 8.9513865565e-14
1.9482421875e+02 1.8079789915e-12 2.9191599827e-13 1.4288489242e-12 8.7214068969e-14
1.9506835938e+02 1.7470033397e-12 2.8141309708e-13 1.3811517701e-12 8.4438472464e-14
1.9531250000e+02 1.6879008116e-12 2.7258574907e-13 1.3341167585e-12 8.1198304042e-14
1.9555664062e+02 1.6330977480e-12 2.6531821197e-13 1.2899011794e-12 7.7878356616e-14
1.9580078125e+02 1.5859417758e-12 2.5908266526e-13 1.2517726417e-12 7.5086468885e-14
1.9604492188e+02 1.5492087065e-12 2.5347242583e-13 1.2225218826e-12 7.3214398063e-14
1.9628906250e+02 1.5223454923e-12 2.4839934297e-13 1.2017892619e-12 7.2156887476e-14
1.9653320312e+02 1.5021573532e-12 2.4398459775e-13 1.1866525663e-12 7.1520189121e-14
1.9677734375e+02 1.4853830950e-12 2.4030555020e-13 1.1740999954e-12 7.0977549415e-14
1.9702148438e+02 1.4689784673e-12 2.3715277156e-13 1.1614999424e-12 7.0325753358e-14
1.9726562500e+02 1.4493690664e-12 2.3397764191e-13 1.1459981931e-12 6.9393231438e-14
1.9750976562e+02 1.4246145901e-12 2.3022080848e-13 1.1262316148e-12 6.8162166811e-14
1.9775390625e+02 1.3966911548e-12 2.2578706807e-13 1.1040426540e-12 6.6861432688e-14
1.9799804688e+02 1.3694824290e-12 2.2114967916e-13 1.0826023769e-12 6.5730372952e-14
1.9824218750e+02 1.3458980843e-12 2.1703526894e-13 1.0640419598e-12 6.4820855613e-14
1.9848632812e+02 1.3267608540e-12 2.1391206684e-13 1.0488070721e-12 6.4041715127e-14
1.9873046875e+02 1.3103337323e-12 2.1165965213e-13 1.0354498884e-12 6.3224191747e-14
1.9897460938e+02 1.2942339135e-12 2.0988992916e-13 1.0221187269e-12 6.2225257459e-14
1.9921875000e+02 1.2795194772e-12 2.0859398565e-13 1.0097699402e-12 6.1155551347e-14
1.9946289062e+02 1.2715615868e-12 2.0829495245e-13 1.0028272351e-12 6.0439399202e-14
1.9970703125e+02 1.2751112766e-12 2.0951993766e-13 1.0051435031e-12 6.0447835877e-14
1.9995117188e+02 1.2891413220e-12 2.1214681211e-13 1.0158700492e-12 6.1124460695e-14
2.0019531250e+02 1.3076966099e-12 2.1535532907e-13 1.0302462345e-12 6.2095046402e-14
2.0043945312e+02 1.3249729740e-12 2.1827733317e-13 1.0436887330e-12 6.3006907811e-14
2.0068359375e+02 1.3388979887e-12 2.2061953119e-13 1.0545802752e-12 6.3698182299e-14
2.0092773438e+02 1.3504736953e-12 2.2254907208e-13 1.0637159001e-12 6.4208723099e-14
2.0117187500e+02 1.3609653192e-12 2.2416518791e-13 1.0720934911e-12 6.4706640181e-14
2.0141601562e+02 1.3705043480e-12 2.2537462293e-13 1.0798053111e-12 6.5324413966e-14
2.0166015625e+02 1.3783972755e-12 2.2608741781e-13 1.0863004348e-12 6.6009422836e-14
2.0190429688e+02 1.3842015980e-12 2.2634778498e-13 1.0912573062e-12 6.6596506777e-14
2.0214843750e+02 1.3889094370e-12 2.2642212719e-13 1.0954571644e-12 6.7030145409e-14
2.0239257812e+02 1.3944068596e-12 2.2671873317e-13 1.1003001545e-12 6.7387971920e-14
2.0263671875e+02 1.4022109910e-12 2.2758161090e-13 1.1068836913e-12 6.7745688739e-14
2.0288085938e+02 1.4134325923e-12 2.2920844224e-13 1.1160908633e-12 6.8133286694e-14
2.0312500000e+02 1.4280313692e-12 2.3158450272e-13 1.1279142009e-12 6.8532665605e-14
2.0336914062e+02 1.4439330729e-12 2.3440110427e-13 1.1406211183e-12 6.8910850258e-14
2.0361328125e+02 1.4594773957e-12 2.3730735502e-13 1.1528241742e-12 6.9345866552e-14
2.0385742188e+02 1.4760799412e-12 2.4032071921e-13 1.1657096935e-12 7.0049528480e-14
2.0410156250e+02 1.4959710790e-12 2.4369209812e-13 1.1811292483e-12 7.1149732572e-14
2.0434570312e+02 1.5188298855e-12 2.4744660166e-13 1.1988802196e-12 7.2503064214e-14
2.0458984375e+02 1.5420573225e-12 2.5127467536e-13 1.2169728114e-12 7.3809835745e-14
2.0483398438e+02 1.5621477815e-12 2.5465958168e-13 1.2326530894e-12 7.4835110424e-14
2.0507812500e+02 1.5756227878e-12 2.5704215978e-13 1.2431136638e-12 7.5466964193e-14
2.0532226562e+02 1.5811752904e-12 2.5810694925e-13 1.2473502567e-12 7.5718084503e-14
2.0556640625e+02 1.5814676131e-12 2.5803960897e-13 1.2476555452e-12 7.5772458880e-14
2.0581054688e+02 1.5811905843e-12 2.5744528701e-13 1.2478448212e-12 7.5900476048e-14
2.0605468750e+02 1.5827163676e-12 2.5690500260e-13 1.2495969802e-12 7.6214384830e-14
2.0629882812e+02 1.5846208472e-12 2.5656851855e-13 1.2514848908e-12 7.6567437854e-14
2.0654296875e+02 1.5841866264e-12 2.5619294587e-13 1.2512736933e-12 7.6719987187e-14
2.0678710938e+02 1.5807177660e-12 2.5564804675e-13 1.2484930935e-12 7.6576625767e-14
2.0703125000e+02 1.5766981204e-12 2.5524732702e-13 1.2451508164e-12 7.6299977003e-14
2.0727539062e+02 1.5741350510e-12 2.5516211036e-13 1.2428626743e-12 7.6110266355e-14
2.0751953125e+02 1.5695431398e-12 2.5466650670e-13 1.2389649942e-12 7.5911638886e-14
2.0776367188e+02 1.5559651955e-12 2.5265898845e-13 1.2279964037e-12 7.5309803431e-14
2.0800781250e+02 1.5307183408e-12 2.4893143580e-13 1.2077063126e-12 7.4080592461e-14
2.0825195312e+02 1.4977570017e-12 2.4428491299e-13 1.1810733292e-12 7.2398759439e-14
2.0849609375e+02 1.4616734534e-12 2.3937387032e-13 1.1517837017e-12 7.0515881412e-14
2.0874023438e+02 1.4240465930e-12 2.3417009671e-13 1.1213440215e-12 6.8532474783e-14
2.0898437500e+02 1.3870756485e-12 2.2869420623e-13 1.0917727900e-12 6.6608652270e-14
2.0922851562e+02 1.3552401559e-12 2.2352469240e-13 1.0666901641e-12 6.5025299340e-14
2.0947265625e+02 1.3309762206e-12 2.1929540496e-13 1.0478049812e-12 6.3875834461e-14
2.0971679688e+02 1.3118191371e-12 2.1604418386e-13 1.0328498585e-12 6.2925094728e-14
2.0996093750e+02 1.2929474494e-12 2.1315218619e-13 1.0179097241e-12 6.1885539142e-14
2.1020507812e+02 1.2712412250e-12 2.0982579841e-13 1.0007078727e-12 6.0707553925e-14
2.1044921875e+02 1.2465256493e-12 2.0566383130e-13 9.8134588404e-13 5.9515933955e-14
2.1069335938e+02 1.2192017260e-12 2.0068515728e-13 9.6017895519e-13 5.8337613495e-14
2.1093750000e+02 1.1876009700e-12 1.9488870108e-13 9.3572866814e-13 5.6983600755e-14
2.1118164062e+02 1.1489647665e-12 1.8812858216e-13 9.0561344961e-13 5.5222734750e-14
2.1142578125e+02 1.1027415522e-12 1.8042793673e-13 8.6928100126e-13 5.3032614221e-14
2.1166992188e+02 1.0523416673e-12 1.7221578784e-13 8.2946808361e-13 5.0657795876e-14
2.1191406250e+02 1.0035337428e-12 1.6419443827e-13 7.9090652169e-13 4.8432782895e-14
2.1215820312e+02 9.6050547240e-13 1.5693273239e-13 7.5703049782e-13 4.6542242184e-14
2.1240234375e+02 9.2366072815e-13 1.5061030137e-13 7.2810245475e-13 4.4947972042e-14
2.1264648438e+02 8.9078903250e-13 1.4508811158e-13 7.0221180751e-13 4.3489113410e-14
2.1289062500e+02 8.5888793042e-13 1.4005373636e-13 6.7685847853e-13 4.1975715540e-14
2.1313476562e+02 8.2558686507e-13 1.3515423650e-13 6.5017505847e-13 4.0257570103e-14
2.1337890625e+02 7.9062311540e-13 1.3015422645e-13 6.2211678292e-13 3.8352106035e-14
2.1362304688e+02 7.5612631283e-13 1.2502324178e-13 5.9460096023e-13 3.6502110828e-14
2.1386718750e+02 7.2442492319e-13 1.1983970984e-13 5.6960979498e-13 3.4975418371e-14
2.1411132812e+02 6.9507598510e-13 1.1457691305e-13 5.4672476584e-13 3.3774306219e-14
2.1435546875e+02 6.6511503157e-13 1.0911398863e-13 5.2337314147e-13 3.2627901474e-14
2.1459960938e+02 6.3261951639e-13 1.0353403952e-13 4.9781551428e-13 3.1269962588e-14
2.1484375000e+02 5.9872977056e-13 9.8200744713e-14 4.7087878744e-13 2.9650238410e-14
2.1508789062e+02 5.6594601088e-13 9.3408294861e-14 4.4463526369e-13 2.7902452333e-14
2.1533203125e+02 5.3596138178e-13 8.9131963235e-14 4.2061729853e-13 2.6212120011e-14
2.1557617188e+02 5.0985845553e-13 8.5252759063e-14 3.9984580954e-13 2.4759886928e-14
2.1582031250e+02 4.8876532662e-13 8.1810262578e-14 3.8326274589e-13 2.3692318145e-14
2.1606445312e+02 4.7267748100e-13 7.8853828464e-14 3.7080601264e-13 2.3017639894e-14
2.1630859375e+02 4.5967075817e-13 7.6278012049e-14 3.6083116076e-13 2.2561585358e-14
2.1655273438e+02 4.4750041300e-13 7.3979059323e-14 3.5142248202e-13 2.2098871658e-14
2.1679687500e+02 4.3511542931e-13 7.1968192370e-14 3.4165065508e-13 2.1496581860e-14
2.1704101562e+02 4.2212807163e-13 7.0189935440e-14 3.3121034524e-13 2.0727790958e-14
2.1728515625e+02 4.0804615734e-13 6.8394690326e-14 3.1981794879e-13 1.9833518223e-14
2.1752929688e+02 3.9294678447e-13 6.6347963866e-14 3.0768169159e-13 1.8917129006e-14
2.1777343750e+02 3.7812403846e-13 6.4067740059e-14 2.9593582721e-13 1.8120471195e-14
2.1801757812e+02 3.6512805540e-13 6.1747325796e-14 2.8584044990e-13 1.7540279705e-14
2.1826171875e+02 3.5432968186e-13 5.9529995712e-14 2.7764418700e-13 1.7155499147e-14
2.1850585938e+02 3.4475498719e-13 5.7443522142e-14 2.7046392377e-13 1.6847541275e-14
2.1875000000e+02 3.3524964239e-13 5.5508202391e-14 2.6324590124e-13 1.6495538761e-14
2.1899414062e+02 3.2547360416e-13 5.3794001413e-14 2.5563459631e-13 1.6045006440e-14
2.1923828125e+02 3.1574749109e-13 5.2340024109e-14 2.4790072972e-13 1.5506737257e-14
2.1948242188e+02 3.0662807216e-13 5.1107968709e-14 2.4057039383e-13 1.4949709619e-14
2.1972656250e+02 2.9882077842e-13 5.0032493680e-14 2.3429592155e-13 1.4492363188e-14
2.1997070312e+02 2.9273176232e-13 4.9037908927e-14 2.2947089310e-13 1.4222960286e-14
2.2021484375e+02 2.8777623844e-13 4.8020144227e-14 2.2565560339e-13 1.4100490830e-14
2.2045898438e+02 2.8254664848e-13 4.6890265681e-14 2.2168352732e-13 1.3972855477e-14
2.2070312500e+02 2.7584495993e-13 4.5635421132e-14 2.1649996149e-13 1.3709577307e-14
2.2094726562e+02 2.6743587690e-13 4.4317473264e-14 2.0982909350e-13 1.3289310138e-14
2.2119140625e+02 2.5788875804e-13 4.3013985899e-14 2.0211193994e-13 1.2762832199e-14
2.2143554688e+02 2.4795659287e-13 4.1749389242e-14 1.9401531127e-13 1.2191892353e-14
2.2167968750e+02 2.3839600824e-13 4.0509210886e-14 1.8623725302e-13 1.1649544333e-14
2.2192382812e+02 2.3015187928e-13 3.9331871777e-14 1.7959585457e-13 1.1224152933e-14
2.2216796875e+02 2.2393056065e-13 3.8307910180e-14 1.7465923474e-13 1.0963415728e-14
2.2241210938e+02 2.1955792387e-13 3.7478894997e-14 1.7125036532e-13 1.0828663553e-14
2.2265625000e+02 2.1620076712e-13 3.6812591857e-14 1.6865719967e-13 1.0730975594e-14
2.2290039062e+02 2.1308926587e-13 3.6266193909e-14 1.6622474357e-13 1.0598328393e-14
2.2314453125e+02 2.0988393803e-13 3.5812243331e-14 1.6366161855e-13 1.0410076142e-14
2.2338867188e+02 2.0656296262e-13 3.5403738971e-14 1.6096847321e-13 1.0190750437e-14
2.2363281250e+02 2.0322456560e-13 3.4972741397e-14 1.5827020341e-13 9.9816207974e-15
2.2387695312e+02 1.9997516574e-13 3.4480809180e-14 1.5568505095e-13 9.8093056050e-15
2.2412109375e+02 1.9679840417e-13 3.3927537567e-14 1.5320004044e-13 9.6708261682e-15
2.2436523438e+02 1.9355996840e-13 3.3316780856e-14 1.5069465249e-13 9.5485350523e-15
2.2460937500e+02 1.9015244002e-13 3.2655969686e-14 1.4806986855e-13 9.4266017808e-15
2.2485351562e+02 1.8652670784e-13 3.1977587043e-14 1.4526322126e-13 9.2858995278e-15
2.2509765625e+02 1.8270051972e-13 3.1331781598e-14 1.4225977229e-13 9.1089658339e-15
2.2534179688e+02 1.7891361378e-13 3.0761584474e-14 1.3924601978e-13 8.9060095291e-15
2.2558593750e+02 1.7562409109e-13 3.0290018114e-14 1.3661680201e-13 8.7172709663e-15
2.2583007812e+02 1.7317140609e-13 2.9914763625e-14 1.3467566075e-13 8.5809817141e-15
2.2607421875e+02 1.7165662533e-13 2.9630835124e-14 1.3351316652e-13 8.5126236841e-15
2.2631835938e+02 1.7116926694e-13 2.9466764684e-14 1.3319342802e-13 8.5090742362e-15
2.2656250000e+02 1.7176039647e-13 2.9462209498e-14 1.3374105543e-13 8.5571315419e-15
2.2680664062e+02 1.7319679919e-13 2.9615123853e-14 1.3494168368e-13 8.6399916646e-15
2.2705078125e+02 1.7496129257e-13 2.9866964117e-14 1.3635754848e-13 8.7367799713e-15
2.2729492188e+02 1.7647878852e-13 3.0123365969e-14 1.3753601148e-13 8.8194110685e-15
2.2753906250e+02 1.7738618780e-13 3.0304280855e-14 1.3821672090e-13 8.8651860370e-15
2.2778320312e+02 1.7770768820e-13 3.0394954792e-14 1.3843652510e-13 8.8762083145e-15
2.2802734375e+02 1.7777523884e-13 3.0446534400e-14 1.3845466286e-13 8.8740415784e-15
2.2827148438e+02 1.7793408982e-13 3.0525418417e-14 1.3853433927e-13 8.8743321296e-15
2.2851562500e+02 1.7824896092e-13 3.0647398663e-14 1.3872640958e-13 8.8751526818e-15
2.2875976562e+02 1.7845962251e-13 3.0759488779e-14 1.3883397330e-13 8.8661604275e-15
2.2900390625e+02 1.7826971290e-13 3.0803903277e-14 1.3862471905e-13 8.8410905705e-15
2.2924804688e+02 1.7767826021e-13 3.0790789310e-14 1.3808569520e-13 8.8017757005e-15
2.2949218750e+02 1.7700483783e-13 3.0788603356e-14 1.3745854649e-13 8.7576879869e-15
2.2973632812e+02 1.7670289349e-13 3.0863217521e-14 1.3711221527e-13 8.7274607025e-15
2.2998046875e+02 1.7718847500e-13 3.1045955980e-14 1.3740785287e-13 8.7346661481e-15
2.3022460938e+02 1.7862407640e-13 3.1324935480e-14 1.3850871421e-13 8.7904267130e-15
2.3046875000e+02 1.8079786732e-13 3.1650383353e-14 1.4026335948e-13 8.8841244876e-15
2.3071289062e+02 1.8329320996e-13 3.1970475140e-14 1.4232458309e-13 8.9981517253e-15
2.3095703125e+02 1.8569985026e-13 3.2263371538e-14 1.4431905020e-13 9.1174285264e-15
2.3120117188e+02 1.8774427467e-13 3.2533557668e-14 1.4598518295e-13 9.2255340545e-15
2.3144531250e+02 1.8934056921e-13 3.2777609337e-14 1.4725272916e-13 9.3102307116e-15
2.3168945312e+02 1.9039860926e-13 3.2952072330e-14 1.4808090364e-13 9.3656332901e-15
2.3193359375e+02 1.9062635749e-13 3.2985334873e-14 1.4825844144e-13 9.3825811778e-15
2.3217773438e+02 1.8978081425e-13 3.2835456267e-14 1.4759145540e-13 9.3539025836e-15
2.3242187500e+02 1.8807842763e-13 3.2538209895e-14 1.4625037658e-13 9.2898411488e-15
2.3266601562e+02 1.8610749209e-13 3.2187937699e-14 1.4470731123e-13 9.2122431673e-15
2.3291015625e+02 1.8441012975e-13 3.1877288555e-14 1.4339324599e-13 9.1395952075e-15
2.3315429688e+02 1.8326274233e-13 3.1654585178e-14 1.4252237617e-13 9.0857809753e-15
2.3339843750e+02 1.8260406208e-13 3.1508118343e-14 1.4203884688e-13 9.0570968626e-15
2.3364257812e+02 1.8205614533e-13 3.1381537240e-14 1.4163386666e-13 9.0407414378e-15
2.3388671875e+02 1.8121596418e-13 3.1223075731e-14 1.4098451893e-13 9.0083695161e-15
2.3413085938e+02 1.7997024808e-13 3.1018425167e-14 1.4000772497e-13 8.9440979442e-15
2.3437500000e+02 1.7839343290e-13 3.0764928901e-14 1.3876751671e-13 8.8609872977e-15
2.3461914062e+02 1.7641962610e-13 3.0439378979e-14 1.3720573173e-13 8.7745153866e-15
2.3486328125e+02 1.7388898260e-13 3.0021022674e-14 1.3519209031e-13 8.6758696177e-15
2.3510742188e+02 1.7087183550e-13 2.9527585072e-14 1.3279494531e-13 8.5493051202e-15
2.3535156250e+02 1.6762675287e-13 2.8996680071e-14 1.3023430350e-13 8.3957693020e-15
2.3559570312e+02 1.6428575455e-13 2.8445961365e-14 1.2761206091e-13 8.2277322730e-15
2.3583984375e+02 1.6091914982e-13 2.7893199710e-14 1.2496619510e-13 8.0597550132e-15
2.3608398438e+02 1.5785934117e-13 2.7404976986e-14 1.2254423540e-13 7.9101287805e-15
2.3632812500e+02 1.5556881784e-13 2.7065579430e-14 1.2070734420e-13 7.7958942110e-15
2.3657226562e+02 1.5412343327e-13 2.6883640558e-14 1.1951978788e-13 7.7200048348e-15
2.3681640625e+02 1.5305884856e-13 2.6767973555e-14 1.1862445832e-13 7.6664166863e-15
2.3706054688e+02 1.5171752204e-13 2.6600907261e-14 1.1751199329e-13 7.6046214870e-15
2.3730468750e+02 1.4963076585e-13 2.6310103929e-14 1.1581555262e-13 7.5051093026e-15
2.3754882812e+02 1.4666428359e-13 2.5875222786e-14 1.1342805687e-13 7.3610039343e-15
2.3779296875e+02 1.4295594794e-13 2.5303210580e-14 1.1046303068e-13 7.1897066830e-15
2.3803710938e+02 1.3873250895e-13 2.4619341684e-14 1.0710576428e-13 7.0074029895e-15
2.3828125000e+02 1.3412135261e-13 2.3861852567e-14 1.0345164152e-13 6.8078585221e-15
2.3852539062e+02 1.2916650051e-13 2.3069640375e-14 9.9524288912e-14 6.5725712192e-15
2.3876953125e+02 1.2402118834e-13 2.2281378042e-14 9.5441785325e-14 6.2980249723e-15
2.3901367188e+02 1.1900192578e-13 2.1535132993e-14 9.1459161425e-14 6.0076313585e-15
2.3925781250e+02 1.1446212530e-13 2.0857462218e-14 8.7864967049e-14 5.7396960290e-15
2.3950195312e+02 1.1067248591e-13 2.0255027654e-14 8.4889435361e-14 5.5280228928e-15
2.3974609375e+02 1.0770886956e-13 1.9715026944e-14 8.2605846968e-14 5.3879956497e-15
2.3999023438e+02 1.0532940857e-13 1.9211636590e-14 8.0810699618e-14 5.3070723641e-15
2.4023437500e+02 1.0302128006e-13 1.8713617923e-14 7.9062420432e-14 5.2452417088e-15
2.4047851562e+02 1.0028870684e-13 1.8193917827e-14 7.6940105404e-14 5.1546836077e-15
2.4072265625e+02 9.6923270533e-14 1.7639718954e-14 7.4277241063e-14 5.0063105160e-15
2.4096679688e+02 9.3031799131e-14 1.7054689487e-14 7.1174799289e-14 4.8023103554e-15
2.4121093750e+02 8.8919907253e-14 1.6455870951e-14 6.7892045125e-14 4.5719911778e-15
2.4145507812e+02 8.4970819352e-14 1.5869146997e-14 6.4746037769e-14 4.3556345857e-15
2.4169921875e+02 8.1491775425e-14 1.5319054517e-14 6.1991683315e-14 4.1810375923e-15
2.4194335938e+02 7.8556204515e-14 1.4816117963e-14 5.9690962234e-14 4.0491243185e-15
2.4218750000e+02 7.6016972049e-14 1.4358586004e-14 5.7716489118e-14 3.9418969261e-15
2.4243164062e+02 7.3723193785e-14 1.3953349094e-14 5.5927733785e-14 3.8421109058e-15
2.4267578125e+02 7.1666385769e-14 1.3622650575e-14 5.4300855008e-14 3.7428801866e-15
2.4291992188e+02 6.9876030726e-14 1.3374499705e-14 5.2859154350e-14 3.6423766711e-15
2.4316406250e+02 6.8297064868e-14 1.3180149503e-14 5.1576739701e-14 3.5401756639e-15
2.4340820312e+02 6.6870466993e-14 1.3000609073e-14 5.0425942998e-14 3.4439149224e-15
2.4365234375e+02 6.5640328988e-14 1.2823431093e-14 4.9446088630e-14 3.3708092646e-15
2.4389648438e+02 6.4649174777e-14 1.2652371938e-14 4.8665703657e-14 3.3310991822e-15
2.4414062500e+02 6.3758168743e-14 1.2474887218e-14 4.7971997032e-14 3.3112844934e-15
2.4438476562e+02 6.2681827383e-14 1.2266252355e-14 4.7133996389e-14 3.2815786401e-15
2.4462890625e+02 6.1212973933e-14 1.2017968686e-14 4.5975910084e-14 3.2190951637e-15
2.4487304688e+02 5.9384105042e-14 1.1743990921e-14 4.4517612305e-14 3.1225018161e-15
2.4511718750e+02 5.7414516844e-14 1.1463295240e-14 4.2941325803e-14 3.0098958013e-15
2.4536132812e+02 5.5530973375e-14 1.1187088388e-14 4.1438394665e-14 2.9054903224e-15
2.4560546875e+02 5.3880522273e-14 1.0923188331e-14 4.0130829987e-14 2.8265039548e-15
2.4584960938e+02 5.2564809347e-14 1.0683413580e-14 3.9102610640e-14 2.7787851269e-15
2.4609375000e+02 5.1619687411e-14 1.0478621359e-14 3.8383419717e-14 2.7576463352e-15
2.4633789062e+02 5.0927252261e-14 1.0307627064e-14 3.7871767237e-14 2.7478579604e-15
2.4658203125e+02 5.0251020785e-14 1.0156973809e-14 3.7365700534e-14 2.7283464414e-15
2.4682617188e+02 4.9401609535e-14 1.0011579012e-14 3.6704584480e-14 2.6854460426e-15
2.4707031250e+02 4.8326478571e-14 9.8598867434e-15 3.5845872784e-14 2.6207190435e-15
2.4731445312e+02 4.7081491994e-14 9.6925608186e-15 3.4843635833e-14 2.5452953421e-15
2.4755859375e+02 4.5786032591e-14 9.5044415607e-15 3.3809373054e-14 2.4722179763e-15
2.4780273438e+02 4.4575643647e-14 9.2992288453e-15 3.2864450682e-14 2.4119641200e-15
2.4804687500e+02 4.3534921081e-14 9.0911702508e-15 3.2076201399e-14 2.3675494318e-15
2.4829101562e+02 4.2639226996e-14 8.8961301990e-15 3.1410574599e-14 2.3325221986e-15
2.4853515625e+02 4.1773671456e-14 8.7191028058e-15 3.0758736513e-14 2.2958321374e-15
2.4877929688e+02 4.0842319954e-14 8.5571736169e-15 3.0034879845e-14 2.2502664917e-15
2.4902343750e+02 3.9848443491e-14 8.4109220190e-15 2.9240892679e-14 2.1966287932e-15
2.4926757812e+02 3.8871012572e-14 8.2844853033e-15 2.8445584951e-14 2.1409423178e-15
2.4951171875e+02 3.8010891090e-14 8.1799144328e-15 2.7740040641e-14 2.0909360163e-15
2.4975585938e+02 3.7353643709e-14 8.0969395616e-15 2.7203041151e-14 2.0536629965e-15
2.5000000000e+02 3.6918649578e-14 8.0323987810e-15 2.6855382263e-14 2.0308685342e-15
2.5024414062e+02 3.6631096922e-14 7.9783083913e-15 2.6635587443e-14 2.0172010878e-15
2.5048828125e+02 3.6376395045e-14 7.9257121196e-15 2.6444875316e-14 2.0058076100e-15
2.5073242188e+02 3.6077018400e-14 7.8696271196e-15 2.6214100680e-14 1.9932906010e-15
2.5097656250e+02 3.5705140415e-14 7.8079741938e-15 2.5919304657e-14 1.9778615642e-15
2.5122070312e+02 3.5252247218e-14 7.7404796138e-15 2.5554862571e-14 1.9569050338e-15
2.5146484375e+02 3.4724523510e-14 7.6707665152e-15 2.5124312354e-14 1.9294446401e-15
2.5170898438e+02 3.4159088196e-14 7.6040261912e-15 2.4656189610e-14 1.8988723948e-15
2.5195312500e+02 3.3612659776e-14 7.5407826923e-15 2.4200928276e-14 1.8709488077e-15
2.5219726562e+02 3.3141086994e-14 7.4789322341e-15 2.3812258998e-14 1.8498957625e-15
2.5244140625e+02 3.2793343385e-14 7.4229670625e-15 2.3533368584e-14 1.8370077391e-15
2.5268554688e+02 3.2589234976e-14 7.3826894285e-15 2.3374937080e-14 1.8316084677e-15
2.5292968750e+02 3.2495025063e-14 7.3617730852e-15 2.3301729390e-14 1.8315225884e-15
2.5317382812e+02 3.2447351936e-14 7.3555985950e-15 2.3258913867e-14 1.8328394734e-15
2.5341796875e+02 3.2403773009e-14 7.3586562743e-15 2.3213452083e-14 1.8316646519e-15
2.5366210938e+02 3.2361507449e-14 7.3678243467e-15 2.3166935610e-14 1.8267474931e-15
2.5390625000e+02 3.2341774726e-14 7.3812008346e-15 2.3140725562e-14 1.8198483299e-15
2.5415039062e+02 3.2364800680e-14 7.3966202225e-15 2.3153897981e-14 1.8142824769e-15
2.5439453125e+02 3.2423362755e-14 7.4095292497e-15 2.3201250491e-14 1.8125830145e-15
2.5463867188e+02 3.2476775526e-14 7.4132754624e-15 2.3248700425e-14 1.8147996381e-15
2.5488281250e+02 3.2481012934e-14 7.4036898910e-15 2.3258599189e-14 1.8187238537e-15
2.5512695312e+02 3.2420529261e-14 7.3831062123e-15 2.3216929545e-14 1.8204935032e-15
2.5537109375e+02 3.2305578275e-14 7.3583425841e-15 2.3131478365e-14 1.8157573263e-15
2.5561523438e+02 3.2149085006e-14 7.3330238326e-15 2.3013142561e-14 1.8029186118e-15
2.5585937500e+02 3.1965862810e-14 7.3054871285e-15 2.2874283945e-14 1.7860917364e-15
2.5610351562e+02 3.1794290552e-14 7.2764556935e-15 2.2744356794e-14 1.7734780645e-15
2.5634765625e+02 3.1687627234e-14 7.2513520172e-15 2.2665153137e-14 1.7711220791e-15
2.5659179688e+02 3.1675747282e-14 7.2355112461e-15 2.2661961847e-14 1.7782741888e-15
2.5683593750e+02 3.1753017360e-14 7.2341029712e-15 2.2729384759e-14 1.7895296300e-15
2.5708007812e+02 3.1893720371e-14 7.2515046409e-15 2.2841952384e-14 1.8002633460e-15
2.5732421875e+02 3.2068418461e-14 7.2856367774e-15 2.2973691522e-14 1.8090901615e-15
2.5756835938e+02 3.2251643984e-14 7.3263241432e-15 2.3108939519e-14 1.8163803215e-15
2.5781250000e+02 3.2413986568e-14 7.3606491410e-15 2.3231672044e-14 1.8216653832e-15
2.5805664062e+02 3.2521466418e-14 7.3804668574e-15 2.3317542025e-14 1.8234575353e-15
2.5830078125e+02 3.2554874059e-14 7.3858111276e-15 2.3347465342e-14 1.8215975899e-15
2.5854492188e+02 3.2512102597e-14 7.3797911889e-15 2.3314333654e-14 1.8179777540e-15
2.5878906250e+02 3.2390052187e-14 7.3617023388e-15 2.3214598836e-14 1.8137510119e-15
2.5903320312e+02 3.2192205977e-14 7.3299640028e-15 2.3055000085e-14 1.8072418889e-15
2.5927734375e+02 3.1951241923e-14 7.2894417391e-15 2.2865337630e-14 1.7964625534e-15
2.5952148438e+02 3.1710180606e-14 7.2491707999e-15 2.2678483264e-14 1.7825265419e-15
2.5976562500e+02 3.1490721948e-14 7.2150969947e-15 2.2506595573e-14 1.7690293802e-15
2.6000976562e+02 3.1308522817e-14 7.1893381859e-15 2.2360209289e-14 1.7589753422e-15
2.6025390625e+02 3.1190570456e-14 7.1728783379e-15 2.2264518024e-14 1.7531740947e-15
2.6049804688e+02 3.1145841919e-14 7.1644332899e-15 2.2230449926e-14 1.7509587026e-15
2.6074218750e+02 3.1142814873e-14 7.1581779869e-15 2.2233531421e-14 1.7511054658e-15
2.6098632812e+02 3.1131799832e-14 7.1467478184e-15 2.2233151165e-14 1.7519008484e-15
2.6123046875e+02 3.1064500886e-14 7.1264152749e-15 2.2187204219e-14 1.7508813923e-15
2.6147460938e+02 3.0894979135e-14 7.0964240802e-15 2.2053801634e-14 1.7447534207e-15
2.6171875000e+02 3.0602591293e-14 7.0559791136e-15 2.1815155108e-14 1.7314570714e-15
2.6196289062e+02 3.0217807677e-14 7.0063667585e-15 2.1498530322e-14 1.7129105973e-15
2.6220703125e+02 2.9802301149e-14 6.9529546835e-15 2.1156204223e-14 1.6931422421e-15
2.6245117188e+02 2.9407985444e-14 6.9013077787e-15 2.0832510993e-14 1.6741666722e-15
2.6269531250e+02 2.9067265379e-14 6.8549045345e-15 2.0555522889e-14 1.6568379557e-15
2.6293945312e+02 2.8805739418e-14 6.8180604891e-15 2.0344313848e-14 1.6433650803e-15
2.6318359375e+02 2.8631549776e-14 6.7939822656e-15 2.0203155321e-14 1.6344121899e-15
2.6342773438e+02 2.8517132230e-14 6.7775802162e-15 2.0112546191e-14 1.6270058223e-15
2.6367187500e+02 2.8417154950e-14 6.7564876074e-15 2.0041691543e-14 1.6189757989e-15
2.6391601562e+02 2.8287497090e-14 6.7209306944e-15 1.9955523604e-14 1.6110427908e-15
2.6416015625e+02 2.8074636599e-14 6.6686181441e-15 1.9803250960e-14 1.6027674951e-15
2.6440429688e+02 2.7724856170e-14 6.6009246431e-15 1.9533392906e-14 1.5905386210e-15
2.6464843750e+02 2.7227639390e-14 6.5199992668e-15 1.9136924474e-14 1.5707156486e-15
2.6489257812e+02 2.6634317028e-14 6.4303776154e-15 1.8660297229e-14 1.5436421842e-15
2.6513671875e+02 2.6021714024e-14 6.3385665385e-15 1.8168993260e-14 1.5141542257e-15
2.6538085938e+02 2.5446122210e-14 6.2492608102e-15 1.7709229161e-14 1.4876322387e-15
2.6562500000e+02 2.4937689612e-14 6.1645092362e-15 1.7306880518e-14 1.4662998585e-15
2.6586914062e+02 2.4511682542e-14 6.0860682214e-15 1.6976058132e-14 1.4495561886e-15
2.6611328125e+02 2.4157559864e-14 6.0162602542e-15 1.6705993837e-14 1.4353057726e-15
2.6635742188e+02 2.3834542286e-14 5.9564845497e-15 1.6457598439e-14 1.4204592972e-15
2.6660156250e+02 2.3504348430e-14 5.9055838201e-15 1.6196225209e-14 1.4025394011e-15
2.6684570312e+02 2.3165669986e-14 5.8606436279e-15 1.5923050448e-14 1.3819759101e-15
2.6708984375e+02 2.2846840625e-14 5.8185974933e-15 1.5665893413e-14 1.3623497183e-15
2.6733398438e+02 2.2566082990e-14 5.7760735957e-15 1.5442964648e-14 1.3470447462e-15
2.6757812500e+02 2.2304792497e-14 5.7294013955e-15 1.5239976027e-14 1.3354150749e-15
2.6782226562e+02 2.2022822020e-14 5.6765002475e-15 1.5022800980e-14 1.3235207921e-15
2.6806640625e+02 2.1696484715e-14 5.6190359985e-15 1.4769288065e-14 1.3081606510e-15
2.6831054688e+02 2.1335834096e-14 5.5620219024e-15 1.4485113037e-14 1.2886991569e-15
2.6855468750e+02 2.0967673372e-14 5.5102417670e-15 1.4191134261e-14 1.2662973441e-15
2.6879882812e+02 2.0612071720e-14 5.4650560498e-15 1.3903532374e-14 1.2434832959e-15
2.6904296875e+02 2.0283245566e-14 5.4255571004e-15 1.3633873214e-14 1.2238152509e-15
2.6928710938e+02 2.0005874543e-14 5.3915634106e-15 1.3404175704e-14 1.2101354278e-15
2.6953125000e+02 1.9807613555e-14 5.3630908162e-15 1.3241963587e-14 1.2025591515e-15
2.6977539062e+02 1.9688632078e-14 5.3385106498e-15 1.3151477983e-14 1.1986434457e-15
2.7001953125e+02 1.9612737821e-14 5.3156513915e-15 1.3101784832e-14 1.1953015967e-15
2.7026367188e+02 1.9532514952e-14 5.2933002970e-15 1.3049058033e-14 1.1901566215e-15
2.7050781250e+02 1.9417294891e-14 5.2707851448e-15 1.2964267606e-14 1.1822421403e-15
2.7075195312e+02 1.9258825663e-14 5.2469088237e-15 1.2839707247e-14 1.1722095918e-15
2.7099609375e+02 1.9061378699e-14 5.2193704858e-15 1.2680790447e-14 1.1612177660e-15
2.7124023438e+02 1.8835891658e-14 5.1860367400e-15 1.2499684924e-14 1.1501699942e-15
2.7148437500e+02 1.8599110772e-14 5.1470684715e-15 1.2311492239e-14 1.1405500616e-15
2.7172851562e+02 1.8367568855e-14 5.1046289745e-15 1.2129039681e-14 1.1339001991e-15
2.7197265625e+02 1.8149706955e-14 5.0612117802e-15 1.1959092450e-14 1.1294027256e-15
2.7221679688e+02 1.7944623827e-14 5.0192730807e-15 1.1801183316e-14 1.1241674303e-15
2.7246093750e+02 1.7746609315e-14 4.9814966231e-15 1.1648779997e-14 1.1163326950e-15
2.7270507812e+02 1.7552604976e-14 4.9505551761e-15 1.1496013201e-14 1.1060365987e-15
2.7294921875e+02 1.7367264975e-14 4.9275638755e-15 1.1345424021e-14 1.0942770789e-15
2.7319335938e+02 1.7199707204e-14 4.9106920422e-15 1.1206339145e-14 1.0826760171e-15
2.7343750000e+02 1.7059030492e-14 4.8967800706e-15 1.1088912172e-14 1.0733382490e-15
2.7368164062e+02 1.6950779252e-14 4.8834613768e-15 1.0999640167e-14 1.0676777079e-15
2.7392578125e+02 1.6868093498e-14 4.8687965604e-15 1.0934069656e-14 1.0652272816e-15
2.7416992188e+02 1.6788821509e-14 4.8505625507e-15 1.0874935632e-14 1.0633233266e-15
2.7441406250e+02 1.6686613071e-14 4.8271177848e-15 1.0800818979e-14 1.0586763070e-15
2.7465820312e+02 1.6545195797e-14 4.7991554174e-15 1.0695613230e-14 1.0504271501e-15
2.7490234375e+02 1.6368443203e-14 4.7701496813e-15 1.0557385745e-14 1.0409077767e-15
2.7514648438e+02 1.6178553629e-14 4.7440007167e-15 1.0401955025e-14 1.0325978870e-15
2.7539062500e+02 1.5998931609e-14 4.7222276848e-15 1.0251090525e-14 1.0256133991e-15
2.7563476562e+02 1.5841217261e-14 4.7037248968e-15 1.0118789300e-14 1.0187030647e-15
2.7587890625e+02 1.5709792220e-14 4.6865687115e-15 1.0011792752e-14 1.0114307569e-15
2.7612304688e+02 1.5608820121e-14 4.6700331493e-15 9.9342170270e-15 1.0045699452e-15
2.7636718750e+02 1.5539146010e-14 4.6549423676e-15 9.8852269141e-15 9.9897672801e-16
2.7661132812e+02 1.5491971746e-14 4.6417333016e-15 9.8553031010e-15 9.9493534339e-16
2.7685546875e+02 1.5449690532e-14 4.6292691549e-15 9.8281035620e-15 9.9231781538e-16
2.7709960938e+02 1.5397107392e-14 4.6165910260e-15 9.7895078998e-15 9.9100846591e-16
2.7734375000e+02 1.5332948386e-14 4.6045883196e-15 9.7373706451e-15 9.9098942092e-16
2.7758789062e+02 1.5266372099e-14 4.5948480177e-15 9.6797337983e-15 9.9179028319e-16
2.7783203125e+02 1.5203233410e-14 4.5876884255e-15 9.6232328312e-15 9.9231215358e-16
2.7807617188e+02 1.5141512967e-14 4.5816248001e-15 9.5683622393e-15 9.9152592727e-16
2.7832031250e+02 1.5079228480e-14 4.5744234397e-15 9.5155218059e-15 9.8928323441e-16
2.7856445312e+02 1.5017729629e-14 4.5647126754e-15 9.4667179081e-15 9.8629904581e-16
2.7880859375e+02 1.4956743129e-14 4.5527898298e-15 9.4207339733e-15 9.8321932620e-16
2.7905273438e+02 1.4896392110e-14 4.5409444416e-15 9.3756138973e-15 9.7983377095e-16
2.7929687500e+02 1.4842810689e-14 4.5329022744e-15 9.3344435031e-15 9.7546491154e-16
2.7954101562e+02 1.4801819564e-14 4.5308954727e-15 9.3005191716e-15 9.7040492012e-16
2.7978515625e+02 1.4769612930e-14 4.5328131838e-15 9.2704887052e-15 9.6631104061e-16
2.8002929688e+02 1.4740186214e-14 4.5341430814e-15 9.2418740686e-15 9.6416906438e-16
2.8027343750e+02 1.4718522156e-14 4.5326790123e-15 9.2229640402e-15 9.6287910325e-16
2.8051757812e+02 1.4713589029e-14 4.5289163677e-15 9.2236308274e-15 9.6104183398e-16
2.8076171875e+02 1.4721998072e-14 4.5234478171e-15 9.2396928509e-15 9.5885740357e-16
2.8100585938e+02 1.4730002578e-14 4.5173742308e-15 9.2553550542e-15 9.5727329268e-16
2.8125000000e+02 1.4727838300e-14 4.5129558557e-15 9.2586760355e-15 9.5620640835e-16
2.8149414062e+02 1.4713875546e-14 4.5109193073e-15 9.2483500887e-15 9.5460615035e-16
2.8173828125e+02 1.4688582508e-14 4.5090874386e-15 9.2270485093e-15 9.5244656051e-16
2.8198242188e+02 1.4653614394e-14 4.5053008972e-15 9.1969071535e-15 9.5140634335e-16
2.8222656250e+02 1.4615517636e-14 4.5001070688e-15 9.1629522374e-15 9.5245832943e-16
2.8247070312e+02 1.4582278187e-14 4.4952502645e-15 9.1329622814e-15 9.5406564150e-16
2.8271484375e+02 1.4556489204e-14 4.4910839435e-15 9.1114341822e-15 9.5397107821e-16
2.8295898438e+02 1.4536409821e-14 4.4875480959e-15 9.0972053993e-15 9.5165632614e-16
2.8320312500e+02 1.4521979704e-14 4.4859888150e-15 9.0876094176e-15 9.4838147086e-16
2.8344726562e+02 1.4515127486e-14 4.4873402847e-15 9.0818418040e-15 9.4594539730e-16
2.8369140625e+02 1.4515295373e-14 4.4902511088e-15 9.0796594041e-15 9.4538485984e-16
2.8393554688e+02 1.4520446417e-14 4.4932598142e-15 9.0811449968e-15 9.4604160603e-16
2.8417968750e+02 1.4531319069e-14 4.4968336229e-15 9.0877871923e-15 9.4669825359e-16
2.8442382812e+02 1.4549863666e-14 4.5016943571e-15 9.1006047164e-15 9.4756459262e-16
2.8466796875e+02 1.4574874956e-14 4.5070024308e-15 9.1183478921e-15 9.4952463361e-16
2.8491210938e+02 1.4599066756e-14 4.5111821066e-15 9.1357923717e-15 9.5209227731e-16
2.8515625000e+02 1.4610967056e-14 4.5135248868e-15 9.1437536281e-15 9.5368854084e-16
2.8540039062e+02 1.4604337118e-14 4.5143122371e-15 9.1367114421e-15 9.5331343859e-16
2.8564453125e+02 1.4582828134e-14 4.5131076523e-15 9.1185285417e-15 9.5119193970e-16
2.8588867188e+02 1.4553156673e-14 4.5080692176e-15 9.0967086421e-15 9.4837881289e-16
2.8613281250e+02 1.4520877521e-14 4.4991406080e-15 9.0756470806e-15 9.4608983206e-16
2.8637695312e+02 1.4492280300e-14 4.4902270845e-15 9.0569141858e-15 9.4513902960e-16
2.8662109375e+02 1.4471175089e-14 4.4846499632e-15 9.0407854291e-15 9.4573969626e-16
2.8686523438e+02 1.4456447659e-14 4.4810683798e-15 9.0277612203e-15 9.4761805885e-16
2.8710937500e+02 1.4448742002e-14 4.4775571235e-15 9.0211433702e-15 9.5004150833e-16
2.8735351562e+02 1.4450477200e-14 4.4758799886e-15 9.0227531991e-15 9.5184401253e-16
2.8759765625e+02 1.4455672972e-14 4.4780223195e-15 9.0253278552e-15 9.5232279721e-16
2.8784179688e+02 1.4452072976e-14 4.4816431562e-15 9.0184048052e-15 9.5202501457e-16
2.8808593750e+02 1.4435143124e-14 4.4825092259e-15 9.0008956453e-15 9.5173825317e-16
2.8833007812e+02 1.4410667806e-14 4.4798170437e-15 8.9793912493e-15 9.5145951335e-16
2.8857421875e+02 1.4384268002e-14 4.4757259844e-15 8.9575292681e-15 9.5101274974e-16
2.8881835938e+02 1.4354435182e-14 4.4705950523e-15 8.9333788602e-15 9.5046126920e-16
2.8906250000e+02 1.4316448145e-14 4.4621584152e-15 8.9049780562e-15 9.4931167376e-16
2.8930664062e+02 1.4270492604e-14 4.4493478803e-15 8.8745258390e-15 9.4661888459e-16
2.8955078125e+02 1.4223840741e-14 4.4349069219e-15 8.8463111459e-15 9.4262267314e-16
2.8979492188e+02 1.4185853647e-14 4.4239700726e-15 8.8229917453e-15 9.3889182895e-16
2.9003906250e+02 1.4161053363e-14 4.4202267718e-15 8.8047055592e-15 9.3612103206e-16
2.9028320312e+02 1.4144917653e-14 4.4229326038e-15 8.7886677797e-15 9.3331726933e-16
2.9052734375e+02 1.4127218519e-14 4.4274253054e-15 8.7700235217e-15 9.2976969173e-16
2.9077148438e+02 1.4100340481e-14 4.4290623421e-15 8.7450365281e-15 9.2624161043e-16
2.9101562500e+02 1.4063367606e-14 4.4265684667e-15 8.7130209746e-15 9.2377816427e-16
2.9125976562e+02 1.4019629396e-14 4.4211406655e-15 8.6761426167e-15 9.2234611377e-16
2.9150390625e+02 1.3972516124e-14 4.4139096072e-15 8.6377749631e-15 9.2083155367e-16
2.9174804688e+02 1.3923739521e-14 4.4051443773e-15 8.6002200102e-15 9.1837513302e-16
2.9199218750e+02 1.3872761000e-14 4.3945058776e-15 8.5629449106e-15 9.1531021215e-16
2.9223632812e+02 1.3816479251e-14 4.3824147308e-15 8.5216069006e-15 9.1245761984e-16
2.9248046875e+02 1.3754242074e-14 4.3716740551e-15 8.4720581033e-15 9.1050991579e-16
2.9272460938e+02 1.3694209973e-14 4.3654907292e-15 8.4185985533e-15 9.1012069035e-16
2.9296875000e+02 1.3647946688e-14 4.3630246125e-15 8.3735120024e-15 9.1141007353e-16
2.9321289062e+02 1.3617618307e-14 4.3592662036e-15 8.3450855435e-15 9.1326655984e-16
2.9345703125e+02 1.3595250758e-14 4.3508888117e-15 8.3306547733e-15 9.1370717324e-16
2.9370117188e+02 1.3574463240e-14 4.3406452470e-15 8.3222398196e-15 9.1157817307e-16
2.9394531250e+02 1.3554785843e-14 4.3339708331e-15 8.3127355642e-15 9.0807944536e-16
2.9418945312e+02 1.3534026177e-14 4.3323625498e-15 8.2960749687e-15 9.0558865852e-16
2.9443359375e+02 1.3505304112e-14 4.3322549029e-15 8.2684083722e-15 9.0464083724e-16
2.9467773438e+02 1.3465020398e-14 4.3295898293e-15 8.2321209287e-15 9.0330964008e-16
2.9492187500e+02 1.3417836221e-14 4.3232359599e-15 8.1946963061e-15 8.9990395468e-16
2.9516601562e+02 1.3371434105e-14 4.3144157895e-15 8.1616807501e-15 8.9533756530e-16
2.9541015625e+02 1.3331134018e-14 4.3053985391e-15 8.1335068248e-15 8.9222865412e-16
2.9565429688e+02 1.3299721592e-14 4.2985131310e-15 8.1095043074e-15 8.9170415332e-16
2.9589843750e+02 1.3277780528e-14 4.2943787245e-15 8.0912326803e-15 8.9216912333e-16
2.9614257812e+02 1.3263353806e-14 4.2916133947e-15 8.0797818121e-15 8.9195859941e-16
2.9638671875e+02 1.3252702891e-14 4.2888732991e-15 8.0720508484e-15 8.9177874377e-16
2.9663085938e+02 1.3242372759e-14 4.2862965958e-15 8.0628404623e-15 8.9323570120e-16
2.9687500000e+02 1.3230620238e-14 4.2843734557e-15 8.0502596506e-15 8.9598713162e-16
2.9711914062e+02 1.3215948834e-14 4.2821515949e-15 8.0360566807e-15 8.9774055874e-16
2.9736328125e+02 1.3196233656e-14 4.2783584108e-15 8.0211298755e-15 8.9674536993e-16
2.9760742188e+02 1.3171154592e-14 4.2737734151e-15 8.0042162608e-15 8.9316491571e-16
2.9785156250e+02 1.3142521637e-14 4.2702100646e-15 7.9841613144e-15 8.8815025793e-16
2.9809570312e+02 1.3111604863e-14 4.2677473297e-15 7.9610469118e-15 8.8281062096e-16
2.9833984375e+02 1.3079040593e-14 4.2648882792e-15 7.9360221836e-15 8.7813013018e-16
2.9858398438e+02 1.3046158156e-14 4.2611220035e-15 7.9100850277e-15 8.7495112498e-16
2.9882812500e+02 1.3015182438e-14 4.2576612355e-15 7.8836979426e-15 8.7382325956e-16
2.9907226562e+02 1.2988727956e-14 4.2548302218e-15 7.8591448195e-15 8.7475291444e-16
2.9931640625e+02 1.2966717984e-14 4.2505828961e-15 7.8393430189e-15 8.7679206865e-16
2.9956054688e+02 1.2944778970e-14 4.2435726443e-15 7.8229112011e-15 8.7829512420e-16
2.9980468750e+02 1.2919544705e-14 4.2354337602e-15 7.8060319695e-15 8.7807897509e-16
3.0004882812e+02 1.2893393733e-14 4.2285249552e-15 7.7886671033e-15 8.7620167449e-16
3.0029296875e+02 1.2871072819e-14 4.2239328016e-15 7.7734837570e-15 8.7365626028e-16
3.0053710938e+02 1.2853768152e-14 4.2217254291e-15 7.7605637560e-15 8.7147896684e-16
3.0078125000e+02 1.2838467156e-14 4.2211685753e-15 7.7472133838e-15 8.7008519656e-16
3.0102539062e+02 1.2821407391e-14 4.2208386351e-15 7.7311263636e-15 8.6944239192e-16
3.0126953125e+02 1.2801086223e-14 4.2193054556e-15 7.7122579485e-15 8.6952281867e-16
3.0151367188e+02 1.2779784699e-14 4.2163008481e-15 7.6934035643e-15 8.7008028704e-16
3.0175781250e+02 1.2762015199e-14 4.2130652476e-15 7.6784229450e-15 8.7052700610e-16
3.0200195312e+02 1.2749626640e-14 4.2109387386e-15 7.6680206868e-15 8.7066721439e-16
3.0224609375e+02 1.2739154525e-14 4.2099275419e-15 7.6585215239e-15 8.7070545956e-16
3.0249023438e+02 1.2726793002e-14 4.2090470861e-15 7.6474757309e-15 8.7027018467e-16
3.0273437500e+02 1.2715021714e-14 4.2074356352e-15 7.6386633312e-15 8.6892274754e-16
3.0297851562e+02 1.2708726202e-14 4.2045880876e-15 7.6366252757e-15 8.6751283889e-16
3.0322265625e+02 1.2705525323e-14 4.2005282428e-15 7.6378391828e-15 8.6715789776e-16
3.0346679688e+02 1.2697471656e-14 4.1962308992e-15 7.6338058734e-15 8.6743488353e-16
3.0371093750e+02 1.2682172517e-14 4.1927576705e-15 7.6223764512e-15 8.6703839575e-16
3.0395507812e+02 1.2665519726e-14 4.1900197117e-15 7.6100394390e-15 8.6546057534e-16
3.0419921875e+02 1.2653775264e-14 4.1875158536e-15 7.6028381131e-15 8.6342129752e-16
3.0444335938e+02 1.2647589844e-14 4.1855452427e-15 7.5999883507e-15 8.6205625107e-16
3.0468750000e+02 1.2643096650e-14 4.1844673145e-15 7.5968463236e-15 8.6178301231e-16
3.0493164062e+02 1.2635697191e-14 4.1839479173e-15 7.5897008110e-15 8.6204846298e-16
3.0517578125e+02 1.2622492211e-14 4.1836451400e-15 7.5768440820e-15 8.6200298893e-16
3.0541992188e+02 1.2603872036e-14 4.1832511960e-15 7.5596072903e-15 8.6101354980e-16
3.0566406250e+02 1.2584541868e-14 4.1817447862e-15 7.5437674103e-15 8.5902967140e-16
3.0590820312e+02 1.2570823994e-14 4.1782455045e-15 7.5356731735e-15 8.5690531559e-16
3.0615234375e+02 1.2565628380e-14 4.1739776123e-15 7.5358967624e-15 8.5575400484e-16
3.0639648438e+02 1.2566752145e-14 4.1717798259e-15 7.5390089751e-15 8.5596334353e-16
3.0664062500e+02 1.2569239948e-14 4.1728737894e-15 7.5391294307e-15 8.5723672795e-16
3.0688476562e+02 1.2569623654e-14 4.1753929317e-15 7.5349740907e-15 8.5925663125e-16
3.0712890625e+02 1.2568978014e-14 4.1769690482e-15 7.5300319551e-15 8.6197701094e-16
3.0737304688e+02 1.2570987186e-14 4.1778669636e-15 7.5280761420e-15 8.6504408033e-16
3.0761718750e+02 1.2576695897e-14 4.1799773336e-15 7.5293701647e-15 8.6734839911e-16
3.0786132812e+02 1.2581475658e-14 4.1825803465e-15 7.5309683277e-15 8.6792698403e-16
3.0810546875e+02 1.2578070239e-14 4.1818493660e-15 7.5293851048e-15 8.6683576778e-16
3.0834960938e+02 1.2563726227e-14 4.1759117470e-15 7.5229116554e-15 8.6490282411e-16
3.0859375000e+02 1.2542827906e-14 4.1679728672e-15 7.5118179899e-15 8.6303704909e-16
3.0883789062e+02 1.2522801635e-14 4.1633070348e-15 7.4980212611e-15 8.6147333926e-16
3.0908203125e+02 1.2509638317e-14 4.1643344904e-15 7.4855400262e-15 8.5976380001e-16
3.0932617188e+02 1.2504985173e-14 4.1689486318e-15 7.4783438164e-15 8.5769272505e-16
3.0957031250e+02 1.2505403667e-14 4.1730950965e-15 7.4765154581e-15 8.5579311254e-16
3.0981445312e+02 1.2506544786e-14 4.1745642981e-15 7.4770794952e-15 8.5490099289e-16
3.1005859375e+02 1.2507496593e-14 4.1737846772e-15 7.4785470592e-15 8.5516485693e-16
3.1030273438e+02 1.2508867478e-14 4.1714844230e-15 7.4818062714e-15 8.5557678382e-16
3.1054687500e+02 1.2510039434e-14 4.1680079415e-15 7.4871790446e-15 8.5485244763e-16
3.1079101562e+02 1.2511912877e-14 4.1652466942e-15 7.4939057147e-15 8.5276046797e-16
3.1103515625e+02 1.2518091186e-14 4.1661609144e-15 7.5013709543e-15 8.5055931694e-16
3.1127929688e+02 1.2529595963e-14 4.1711095167e-15 7.5084301618e-15 8.5005628480e-16
3.1152343750e+02 1.2542160113e-14 4.1767439978e-15 7.5135377833e-15 8.5187833168e-16
3.1176757812e+02 1.2550342796e-14 4.1796611414e-15 7.5159560824e-15 8.5472557211e-16
3.1201171875e+02 1.2552424662e-14 4.1796080593e-15 7.5162632181e-15 8.5655338450e-16
3.1225585938e+02 1.2551137764e-14 4.1784481255e-15 7.5162410553e-15 8.5644858326e-16
3.1250000000e+02 1.2548691776e-14 4.1776180005e-15 7.5156135398e-15 8.5546023538e-16
3.1274414062e+02 1.2542400847e-14 4.1771655753e-15 7.5097656315e-15 8.5546964041e-16
3.1298828125e+02 1.2529377416e-14 4.1762816453e-15 7.4960861211e-15 8.5700964926e-16
3.1323242188e+02 1.2513944369e-14 4.1747064836e-15 7.4805642917e-15 8.5867359402e-16
3.1347656250e+02 1.2505686537e-14 4.1735119848e-15 7.4732602343e-15 8.5891431805e-16
3.1372070312e+02 1.2510314718e-14 4.1737624204e-15 7.4787284663e-15 8.5782383156e-16
3.1396484375e+02 1.2524369743e-14 4.1749351275e-15 7.4926960795e-15 8.5673853574e-16
3.1420898438e+02 1.2538059344e-14 4.1752430615e-15 7.5061145987e-15 8.5670168359e-16
3.1445312500e+02 1.2541859593e-14 4.1731295645e-15 7.5108083599e-15 8.5792166917e-16
3.1469726562e+02 1.2533076007e-14 4.1689409785e-15 7.5043970228e-15 8.5973800598e-16
3.1494140625e+02 1.2517726845e-14 4.1650291831e-15 7.4920232237e-15 8.6067443812e-16
3.1518554688e+02 1.2503812342e-14 4.1633614951e-15 7.4807295974e-15 8.5972124980e-16
3.1542968750e+02 1.2494906308e-14 4.1640854871e-15 7.4733979014e-15 8.5742291908e-16
3.1567382812e+02 1.2491157163e-14 4.1663258330e-15 7.4700105868e-15 8.5482074349e-16
3.1591796875e+02 1.2491416622e-14 4.1686864281e-15 7.4705786872e-15 8.5215150698e-16
3.1616210938e+02 1.2494319399e-14 4.1699202070e-15 7.4749056771e-15 8.4949351468e-16
3.1640625000e+02 1.2499443877e-14 4.1700654972e-15 7.4816484208e-15 8.4772995898e-16
3.1665039062e+02 1.2504572041e-14 4.1697223101e-15 7.4871536433e-15 8.4769608775e-16
3.1689453125e+02 1.2503485776e-14 4.1686810359e-15 7.4857871580e-15 8.4901758172e-16
3.1713867188e+02 1.2493152872e-14 4.1666721395e-15 7.4758334575e-15 8.5064727448e-16
3.1738281250e+02 1.2480465668e-14 4.1645317839e-15 7.4640794506e-15 8.5185443383e-16
3.1762695312e+02 1.2474811514e-14 4.1633564723e-15 7.4592138143e-15 8.5224122716e-16
3.1787109375e+02 1.2476292259e-14 4.1632652956e-15 7.4614403729e-15 8.5158659058e-16
3.1811523438e+02 1.2475978046e-14 4.1636091265e-15 7.4623896312e-15 8.4997928870e-16
3.1835937500e+02 1.2466497704e-14 4.1637176758e-15 7.4549566474e-15 8.4782338105e-16
3.1860351562e+02 1.2450526355e-14 4.1635463515e-15 7.4411083041e-15 8.4587169984e-16
3.1884765625e+02 1.2438505098e-14 4.1639543511e-15 7.4295872518e-15 8.4496349533e-16
3.1909179688e+02 1.2437479151e-14 4.1656243975e-15 7.4265157034e-15 8.4533905005e-16
3.1933593750e+02 1.2443583912e-14 4.1675768635e-15 7.4293991409e-15 8.4660790797e-16
3.1958007812e+02 1.2447341577e-14 4.1677378197e-15 7.4313661449e-15 8.4823761211e-16
3.1982421875e+02 1.2444715558e-14 4.1653661348e-15 7.4296081129e-15 8.4974131029e-16
3.2006835938e+02 1.2439429732e-14 4.1619719642e-15 7.4268282186e-15 8.5062954880e-16
3.2031250000e+02 1.2435127391e-14 4.1593722493e-15 7.4253316382e-15 8.5042350343e-16
3.2055664062e+02 1.2430930792e-14 4.1580278158e-15 7.4237163884e-15 8.4918658772e-16
3.2080078125e+02 1.2426630490e-14 4.1580220692e-15 7.4207215621e-15 8.4788685861e-16
3.2104492188e+02 1.2425710328e-14 4.1598583909e-15 7.4185563957e-15 8.4729554163e-16
3.2128906250e+02 1.2428441415e-14 4.1624112118e-15 7.4192369192e-15 8.4679328412e-16
3.2153320312e+02 1.2428117889e-14 4.1625512787e-15 7.4203009737e-15 8.4526563616e-16
3.2177734375e+02 1.2419448200e-14 4.1592417114e-15 7.4174874049e-15 8.4271908324e-16
3.2202148438e+02 1.2405915673e-14 4.1553946539e-15 7.4101690643e-15 8.4035195432e-16
3.2226562500e+02 1.2395883947e-14 4.1540103046e-15 7.4024023118e-15 8.3947133082e-16
3.2250976562e+02 1.2394374118e-14 4.1546484096e-15 7.3993526185e-15 8.4037308946e-16
3.2275390625e+02 1.2398933551e-14 4.1550124286e-15 7.4017800112e-15 8.4214111156e-16
3.2299804688e+02 1.2402166756e-14 4.1541760324e-15 7.4042042545e-15 8.4378646925e-16
3.2324218750e+02 1.2399429960e-14 4.1525074593e-15 7.4016839016e-15 8.4523859878e-16
3.2348632812e+02 1.2393886500e-14 4.1500942722e-15 7.3970969500e-15 8.4669527780e-16
3.2373046875e+02 1.2392255643e-14 4.1470697342e-15 7.3974745644e-15 8.4771134411e-16
3.2397460938e+02 1.2397347793e-14 4.1447204049e-15 7.4048037452e-15 8.4782364276e-16
3.2421875000e+02 1.2405764483e-14 4.1449251546e-15 7.4133677580e-15 8.4747157085e-16
3.2446289062e+02 1.2410772373e-14 4.1479258549e-15 7.4153491217e-15 8.4749739636e-16
3.2470703125e+02 1.2407365566e-14 4.1512327255e-15 7.4080764886e-15 8.4805635223e-16
3.2495117188e+02 1.2395345398e-14 4.1518981330e-15 7.3948335952e-15 8.4861366970e-16
3.2519531250e+02 1.2377759454e-14 4.1494251254e-15 7.3796357095e-15 8.4869861941e-16
3.2543945312e+02 1.2357824356e-14 4.1455404873e-15 7.3641712280e-15 8.4811264073e-16
3.2568359375e+02 1.2338711809e-14 4.1423113098e-15 7.3494594420e-15 8.4694105689e-16
3.2592773438e+02 1.2324919919e-14 4.1410805312e-15 7.3382156721e-15 8.4562371554e-16
3.2617187500e+02 1.2320022680e-14 4.1415279058e-15 7.3339719670e-15 8.4452280668e-16
3.2641601562e+02 1.2322528297e-14 4.1415904945e-15 7.3369685600e-15 8.4396924237e-16
3.2666015625e+02 1.2327034503e-14 4.1396597637e-15 7.3426694283e-15 8.4470531108e-16
3.2690429688e+02 1.2329964182e-14 4.1365861443e-15 7.3464103420e-15 8.4696769553e-16
3.2714843750e+02 1.2331483713e-14 4.1349162817e-15 7.3472538997e-15 8.4931353189e-16
3.2739257812e+02 1.2331339705e-14 4.1364329937e-15 7.3451086677e-15 8.4979804403e-16
3.2763671875e+02 1.2327547770e-14 4.1408284278e-15 7.3383334133e-15 8.4838592922e-16
3.2788085938e+02 1.2321439620e-14 4.1465066164e-15 7.3281240505e-15 8.4680895364e-16
3.2812500000e+02 1.2318661780e-14 4.1515966749e-15 7.3208526398e-15 8.4621246484e-16
3.2836914062e+02 1.2322187976e-14 4.1541452834e-15 7.3215734229e-15 8.4646926947e-16
3.2861328125e+02 1.2328695089e-14 4.1529737109e-15 7.3284043828e-15 8.4731699552e-16
3.2885742188e+02 1.2333704366e-14 4.1489252357e-15 7.3359724581e-15 8.4880667215e-16
3.2910156250e+02 1.2336448447e-14 4.1442808527e-15 7.3412591799e-15 8.5090841418e-16
3.2934570312e+02 1.2338485971e-14 4.1408942643e-15 7.3441902776e-15 8.5340142878e-16
3.2958984375e+02 1.2340389007e-14 4.1391638795e-15 7.3453968562e-15 8.5582827121e-16
3.2983398438e+02 1.2341256594e-14 4.1382611164e-15 7.3457029743e-15 8.5729250345e-16
3.3007812500e+02 1.2340436326e-14 4.1369502267e-15 7.3464563367e-15 8.5702976289e-16
3.3032226562e+02 1.2338320592e-14 4.1345986293e-15 7.3483686852e-15 8.5535327710e-16
3.3056640625e+02 1.2335248955e-14 4.1321408640e-15 7.3498201137e-15 8.5328797733e-16
3.3081054688e+02 1.2331107941e-14 4.1315848163e-15 7.3483309569e-15 8.5119216757e-16
3.3105468750e+02 1.2326218377e-14 4.1334035230e-15 7.3442120548e-15 8.4860279876e-16
3.3129882812e+02 1.2320986548e-14 4.1352040476e-15 7.3400980838e-15 8.4568441643e-16
3.3154296875e+02 1.2315513724e-14 4.1345524229e-15 7.3373053465e-15 8.4365595510e-16
3.3178710938e+02 1.2309735970e-14 4.1318271363e-15 7.3349211346e-15 8.4298769959e-16
3.3203125000e+02 1.2302938956e-14 4.1287862399e-15 7.3316317534e-15 8.4252096288e-16
3.3227539062e+02 1.2295536997e-14 4.1265867028e-15 7.3274826198e-15 8.4146767446e-16
3.3251953125e+02 1.2291304738e-14 4.1264942643e-15 7.3240969967e-15 8.4071347664e-16
3.3276367188e+02 1.2293959806e-14 4.1297666389e-15 7.3230480388e-15 8.4114512798e-16
3.3300781250e+02 1.2301133453e-14 4.1353458701e-15 7.3235840420e-15 8.4220354046e-16
3.3325195312e+02 1.2305117508e-14 4.1393777030e-15 7.3227979571e-15 8.4294184800e-16
3.3349609375e+02 1.2301441945e-14 4.1386086908e-15 7.3195436815e-15 8.4328957251e-16
3.3374023438e+02 1.2293304859e-14 4.1336054846e-15 7.3161477945e-15 8.4355157974e-16
3.3398437500e+02 1.2285639700e-14 4.1274774472e-15 7.3143098333e-15 8.4385241920e-16
3.3422851562e+02 1.2280166801e-14 4.1227057786e-15 7.3129198572e-15 8.4454116554e-16
3.3447265625e+02 1.2277516348e-14 4.1203751139e-15 7.3112361205e-15 8.4590511351e-16
3.3471679688e+02 1.2278066811e-14 4.1210536550e-15 7.3097197763e-15 8.4729337951e-16
3.3496093750e+02 1.2280478973e-14 4.1248621597e-15 7.3081517721e-15 8.4746504095e-16
3.3520507812e+02 1.2283941890e-14 4.1305580421e-15 7.3072247283e-15 8.4615911966e-16
3.3544921875e+02 1.2289359839e-14 4.1352202962e-15 7.3092653138e-15 8.4487422885e-16
3.3569335938e+02 1.2295284959e-14 4.1359076004e-15 7.3140414762e-15 8.4533588191e-16
3.3593750000e+02 1.2296422699e-14 4.1319735727e-15 7.3171767883e-15 8.4727233826e-16
3.3618164062e+02 1.2289184936e-14 4.1251655112e-15 7.3155881995e-15 8.4843122505e-16
3.3642578125e+02 1.2277646575e-14 4.1180084511e-15 7.3125917052e-15 8.4704641836e-16
3.3666992188e+02 1.2271020871e-14 4.1133531121e-15 7.3137568919e-15 8.4391086648e-16
3.3691406250e+02 1.2274246876e-14 4.1140653403e-15 7.3185245140e-15 8.4165702118e-16
3.3715820312e+02 1.2283280748e-14 4.1206489387e-15 7.3205410530e-15 8.4209075674e-16
3.3740234375e+02 1.2289755952e-14 4.1299330670e-15 7.3154767065e-15 8.4434617822e-16
3.3764648438e+02 1.2288283756e-14 4.1373234027e-15 7.3052501410e-15 8.4571021222e-16
3.3789062500e+02 1.2280081499e-14 4.1400331462e-15 7.2956698786e-15 8.4437847424e-16
3.3813476562e+02 1.2271671088e-14 4.1387235462e-15 7.2914680890e-15 8.4147945301e-16
3.3837890625e+02 1.2269448419e-14 4.1363707992e-15 7.2929744054e-15 8.4010321439e-16
3.3862304688e+02 1.2274535714e-14 4.1356306864e-15 7.2967883623e-15 8.4211666531e-16
3.3886718750e+02 1.2283489015e-14 4.1374759552e-15 7.2995771377e-15 8.4643592185e-16
3.3911132812e+02 1.2292497389e-14 4.1408104290e-15 7.3012150897e-15 8.5047187006e-16
3.3935546875e+02 1.2299165746e-14 4.1431862270e-15 7.3036351337e-15 8.5234438524e-16
3.3959960938e+02 1.2301901439e-14 4.1430649796e-15 7.3072272745e-15 8.5160918507e-16
3.3984375000e+02 1.2299856443e-14 4.1406888747e-15 7.3102627222e-15 8.4890484584e-16
3.4008789062e+02 1.2293766539e-14 4.1372689742e-15 7.3111457240e-15 8.4535184076e-16
3.4033203125e+02 1.2285872630e-14 4.1344851840e-15 7.3092238397e-15 8.4216360611e-16
3.4057617188e+02 1.2278151799e-14 4.1334428030e-15 7.3042439188e-15 8.4046507756e-16
3.4082031250e+02 1.2270689451e-14 4.1335581373e-15 7.2966173098e-15 8.4051400423e-16
3.4106445312e+02 1.2263182045e-14 4.1334546294e-15 7.2885676392e-15 8.4115977622e-16
3.4130859375e+02 1.2257646089e-14 4.1327116906e-15 7.2838271557e-15 8.4110724284e-16
3.4155273438e+02 1.2256834736e-14 4.1317755036e-15 7.2844830292e-15 8.4057620296e-16
3.4179687500e+02 1.2259981493e-14 4.1306350951e-15 7.2885712816e-15 8.4077511609e-16
3.4204101562e+02 1.2262991594e-14 4.1288903192e-15 7.2924515781e-15 8.4164969640e-16
3.4228515625e+02 1.2263810460e-14 4.1265868839e-15 7.2957970682e-15 8.4142650777e-16
3.4252929688e+02 1.2264721067e-14 4.1242509403e-15 7.3013320507e-15 8.3913807567e-16
3.4277343750e+02 1.2266980671e-14 4.1225752118e-15 7.3083202915e-15 8.3608516812e-16
3.4301757812e+02 1.2267403345e-14 4.1218192258e-15 7.3114840607e-15 8.3410005825e-16
3.4326171875e+02 1.2263779175e-14 4.1217393983e-15 7.3080957781e-15 8.3394399849e-16
3.4350585938e+02 1.2258395545e-14 4.1227504478e-15 7.3001598434e-15 8.3548525382e-16
3.4375000000e+02 1.2253720824e-14 4.1260329074e-15 7.2896739444e-15 8.3801397183e-16
3.4399414062e+02 1.2249979427e-14 4.1316409547e-15 7.2780252959e-15 8.4031317657e-16
3.4423828125e+02 1.2247857821e-14 4.1376341261e-15 7.2689607201e-15 8.4126297467e-16
3.4448242188e+02 1.2249735412e-14 4.1414741197e-15 7.2676473658e-15 8.4061392641e-16
3.4472656250e+02 1.2257423845e-14 4.1415622466e-15 7.2768407089e-15 8.3902088911e-16
3.4497070312e+02 1.2268754311e-14 4.1378119423e-15 7.2932752854e-15 8.3766708340e-16
3.4521484375e+02 1.2277308884e-14 4.1315163912e-15 7.3079838533e-15 8.3780863975e-16
3.4545898438e+02 1.2278388502e-14 4.1247130275e-15 7.3138129432e-15 8.3986253098e-16
3.4570312500e+02 1.2274200499e-14 4.1193908088e-15 7.3120017956e-15 8.4280789492e-16
3.4594726562e+02 1.2270291180e-14 4.1168840711e-15 7.3085749868e-15 8.4483212196e-16
3.4619140625e+02 1.2269376200e-14 4.1176549760e-15 7.3068627680e-15 8.4485845646e-16
3.4643554688e+02 1.2271334338e-14 4.1214117410e-15 7.3063680595e-15 8.4355453723e-16
3.4667968750e+02 1.2275757361e-14 4.1269268746e-15 7.3064459577e-15 8.4238452875e-16
3.4692382812e+02 1.2281641064e-14 4.1315982892e-15 7.3082619226e-15 8.4178085192e-16
3.4716796875e+02 1.2287259798e-14 4.1326546312e-15 7.3134046322e-15 8.4120053489e-16
3.4741210938e+02 1.2291496969e-14 4.1302006788e-15 7.3207073458e-15 8.4058894480e-16
3.4765625000e+02 1.2293443754e-14 4.1275833017e-15 7.3255165823e-15 8.4034387039e-16
3.4790039062e+02 1.2292737901e-14 4.1275125413e-15 7.3247794673e-15 8.4044589212e-16
3.4814453125e+02 1.2291491259e-14 4.1296738538e-15 7.3210586809e-15 8.4075872462e-16
3.4838867188e+02 1.2291932289e-14 4.1325016461e-15 7.3180586082e-15 8.4137203516e-16
3.4863281250e+02 1.2292753470e-14 4.1348897488e-15 7.3155541108e-15 8.4230961057e-16
3.4887695312e+02 1.2292288520e-14 4.1360429465e-15 7.3126988726e-15 8.4354670061e-16
3.4912109375e+02 1.2292781352e-14 4.1358221992e-15 7.3117944497e-15 8.4516470357e-16
3.4936523438e+02 1.2296621196e-14 4.1352119578e-15 7.3144891701e-15 8.4692006862e-16
3.4960937500e+02 1.2300521944e-14 4.1350633884e-15 7.3178606852e-15 8.4759787070e-16
3.4985351562e+02 1.2298362227e-14 4.1349700838e-15 7.3174299418e-15 8.4596220164e-16
3.5009765625e+02 1.2290310906e-14 4.1345223046e-15 7.3128626243e-15 8.4292597705e-16
3.5034179688e+02 1.2284846767e-14 4.1348797884e-15 7.3090819781e-15 8.4088500079e-16
3.5058593750e+02 1.2288370173e-14 4.1374162966e-15 7.3104180898e-15 8.4053578654e-16
3.5083007812e+02 1.2296190137e-14 4.1411303024e-15 7.3144807450e-15 8.4057908953e-16
3.5107421875e+02 1.2298955168e-14 4.1433074559e-15 7.3153602557e-15 8.4028745613e-16
3.5131835938e+02 1.2295082246e-14 4.1427881878e-15 7.3122470505e-15 8.4004700767e-16
3.5156250000e+02 1.2290297275e-14 4.1409866953e-15 7.3095989667e-15 8.3971161273e-16
3.5180664062e+02 1.2288016284e-14 4.1396074609e-15 7.3098131602e-15 8.3859566236e-16
3.5205078125e+02 1.2287047679e-14 4.1388633164e-15 7.3112237764e-15 8.3696058568e-16
3.5229492188e+02 1.2285650296e-14 4.1382025012e-15 7.3116947419e-15 8.3575305303e-16
3.5253906250e+02 1.2283062997e-14 4.1374600462e-15 7.3103803695e-15 8.3522258133e-16
3.5278320312e+02 1.2279753386e-14 4.1368244533e-15 7.3077277588e-15 8.3520117427e-16
3.5302734375e+02 1.2277821785e-14 4.1363185598e-15 7.3053712299e-15 8.3613199541e-16
3.5327148438e+02 1.2278820746e-14 4.1356446878e-15 7.3047612488e-15 8.3841480903e-16
3.5351562500e+02 1.2280954454e-14 4.1344457550e-15 7.3055689411e-15 8.4093975815e-16
3.5375976562e+02 1.2280340198e-14 4.1324647720e-15 7.3061336437e-15 8.4174178180e-16
3.5400390625e+02 1.2275540460e-14 4.1295652279e-15 7.3055281212e-15 8.4044711109e-16
3.5424804688e+02 1.2269445309e-14 4.1261531340e-15 7.3045876485e-15 8.3870452675e-16
3.5449218750e+02 1.2265919533e-14 4.1235151385e-15 7.3044271894e-15 8.3797720523e-16
3.5473632812e+02 1.2265951285e-14 4.1233594911e-15 7.3043712826e-15 8.3822051159e-16
3.5498046875e+02 1.2268214553e-14 4.1265356935e-15 7.3029795983e-15 8.3869926069e-16
3.5522460938e+02 1.2271808961e-14 4.1315452909e-15 7.3012120738e-15 8.3905159657e-16
3.5546875000e+02 1.2276088324e-14 4.1352738728e-15 7.3014557858e-15 8.3935866541e-16
3.5571289062e+02 1.2279378144e-14 4.1365592105e-15 7.3031157042e-15 8.3970322925e-16
3.5595703125e+02 1.2280237285e-14 4.1374818016e-15 7.3026462855e-15 8.4010919781e-16
3.5620117188e+02 1.2278805376e-14 4.1395662786e-15 7.2984525740e-15 8.4078652297e-16
3.5644531250e+02 1.2276545953e-14 4.1409402675e-15 7.2933901023e-15 8.4221558279e-16
3.5668945312e+02 1.2276036576e-14 4.1392927852e-15 7.2920236595e-15 8.4472013083e-16
3.5693359375e+02 1.2279395339e-14 4.1354893060e-15 7.2963922421e-15 8.4751379097e-16
3.5717773438e+02 1.2284482993e-14 4.1319599758e-15 7.3035758252e-15 8.4894719232e-16
3.5742187500e+02 1.2285313508e-14 4.1294432350e-15 7.3072625058e-15 8.4860776739e-16
3.5766601562e+02 1.2279179429e-14 4.1276962370e-15 7.3037911171e-15 8.4769207514e-16
3.5791015625e+02 1.2271643718e-14 4.1281683507e-15 7.2967400112e-15 8.4673535633e-16
3.5815429688e+02 1.2272231465e-14 4.1333792626e-15 7.2937918011e-15 8.4506040133e-16
3.5839843750e+02 1.2283739561e-14 4.1428087385e-15 7.2985471099e-15 8.4238371249e-16
3.5864257812e+02 1.2296811161e-14 4.1511379692e-15 7.3063005292e-15 8.3937266223e-16
3.5888671875e+02 1.2299056726e-14 4.1529443402e-15 7.3091774324e-15 8.3693495300e-16
3.5913085938e+02 1.2288720792e-14 4.1484406164e-15 7.3046497960e-15 8.3563037926e-16
3.5937500000e+02 1.2275649691e-14 4.1423767525e-15 7.2975227208e-15 8.3575021731e-16
3.5961914062e+02 1.2270052987e-14 4.1384636336e-15 7.2941504987e-15 8.3743885450e-16
3.5986328125e+02 1.2272170650e-14 4.1368996400e-15 7.2951848524e-15 8.4008615807e-16
3.6010742188e+02 1.2273771995e-14 4.1363788823e-15 7.2953946404e-15 8.4199847231e-16
3.6035156250e+02 1.2269780134e-14 4.1364080946e-15 7.2917174022e-15 8.4165463694e-16
3.6059570312e+02 1.2264733627e-14 4.1372406984e-15 7.2882825908e-15 8.3921033764e-16
3.6083984375e+02 1.2266394405e-14 4.1390735785e-15 7.2911175477e-15 8.3620327920e-16
3.6108398438e+02 1.2275930514e-14 4.1416134675e-15 7.3000952417e-15 8.3422180458e-16
3.6132812500e+02 1.2286876847e-14 4.1436700645e-15 7.3090104154e-15 8.3419636706e-16
3.6157226562e+02 1.2293149086e-14 4.1438012415e-15 7.3130483249e-15 8.3629951974e-16
3.6181640625e+02 1.2294502975e-14 4.1417612490e-15 7.3128066716e-15 8.3993505427e-16
3.6206054688e+02 1.2293505239e-14 4.1389951160e-15 7.3108117309e-15 8.4369839181e-16
3.6230468750e+02 1.2290890607e-14 4.1374356789e-15 7.3077217343e-15 8.4573319363e-16
3.6254882812e+02 1.2286165449e-14 4.1379809631e-15 7.3031488224e-15 8.4503566333e-16
3.6279296875e+02 1.2281049015e-14 4.1403411203e-15 7.2980361231e-15 8.4267177148e-16
3.6303710938e+02 1.2278374967e-14 4.1431780094e-15 7.2942247410e-15 8.4097221709e-16
3.6328125000e+02 1.2277304668e-14 4.1445100513e-15 7.2916921297e-15 8.4110248742e-16
3.6352539062e+02 1.2273776720e-14 4.1434836721e-15 7.2884696152e-15 8.4182343294e-16
3.6376953125e+02 1.2266018931e-14 4.1407215788e-15 7.2841064303e-15 8.4119092156e-16
3.6401367188e+02 1.2257330620e-14 4.1366851167e-15 7.2812875169e-15 8.3935798633e-16
3.6425781250e+02 1.2253274335e-14 4.1319275838e-15 7.2826783643e-15 8.3866838659e-16
3.6450195312e+02 1.2255544083e-14 4.1281126484e-15 7.2867527442e-15 8.4067869072e-16
3.6474609375e+02 1.2259018558e-14 4.1262542580e-15 7.2883228391e-15 8.4444146062e-16
3.6499023438e+02 1.2257159185e-14 4.1254287448e-15 7.2836977301e-15 8.4803271003e-16
3.6523437500e+02 1.2250003404e-14 4.1247643598e-15 7.2751207735e-15 8.5011827047e-16
3.6547851562e+02 1.2244531991e-14 4.1246360058e-15 7.2697243798e-15 8.5017160551e-16
3.6572265625e+02 1.2246956561e-14 4.1253592173e-15 7.2727170881e-15 8.4888025521e-16
3.6596679688e+02 1.2256593748e-14 4.1268610985e-15 7.2819512524e-15 8.4778139753e-16
3.6621093750e+02 1.2267701812e-14 4.1293882286e-15 7.2908283479e-15 8.4748523499e-16
3.6645507812e+02 1.2275357334e-14 4.1325841377e-15 7.2956343116e-15 8.4713888433e-16
3.6669921875e+02 1.2278447154e-14 4.1349925111e-15 7.2976380831e-15 8.4581656025e-16
3.6694335938e+02 1.2277437856e-14 4.1358232125e-15 7.2981494810e-15 8.4346516277e-16
3.6718750000e+02 1.2271155788e-14 4.1354011662e-15 7.2952478813e-15 8.4050674034e-16
3.6743164062e+02 1.2259180540e-14 4.1336685577e-15 7.2880534977e-15 8.3745848461e-16
3.6767578125e+02 1.2247025782e-14 4.1306512651e-15 7.2810504937e-15 8.3532402309e-16
3.6791992188e+02 1.2243707031e-14 4.1279377142e-15 7.2804228200e-15 8.3534649627e-16
3.6816406250e+02 1.2252433595e-14 4.1275052121e-15 7.2874620189e-15 8.3746636440e-16
3.6840820312e+02 1.2266402688e-14 4.1295209393e-15 7.2970998167e-15 8.3978193206e-16
3.6865234375e+02 1.2275525132e-14 4.1327102988e-15 7.3024406056e-15 8.4037422724e-16
3.6889648438e+02 1.2276002082e-14 4.1363682541e-15 7.3004068830e-15 8.3922694508e-16
3.6914062500e+02 1.2271278561e-14 4.1400558877e-15 7.2932843421e-15 8.3793833166e-16
3.6938476562e+02 1.2266568667e-14 4.1421987813e-15 7.2863490354e-15 8.3802084999e-16
3.6962890625e+02 1.2265573978e-14 4.1418592838e-15 7.2840524571e-15 8.3966223697e-16
3.6987304688e+02 1.2269167456e-14 4.1405615360e-15 7.2869768168e-15 8.4162910311e-16
3.7011718750e+02 1.2275167893e-14 4.1400503774e-15 7.2924495819e-15 8.4266793373e-16
3.7036132812e+02 1.2280700730e-14 4.1401136616e-15 7.2974289722e-15 8.4315809643e-16
3.7060546875e+02 1.2284302389e-14 4.1400169165e-15 7.3000264990e-15 8.4425897368e-16
3.7084960938e+02 1.2285817459e-14 4.1400307105e-15 7.2999773672e-15 8.4580938092e-16
3.7109375000e+02 1.2285157662e-14 4.1404289482e-15 7.2980660429e-15 8.4666267057e-16
3.7133789062e+02 1.2281889928e-14 4.1405898145e-15 7.2947042747e-15 8.4659583864e-16
3.7158203125e+02 1.2276779274e-14 4.1399931234e-15 7.2903546086e-15 8.4643154179e-16
3.7182617188e+02 1.2271929023e-14 4.1392747926e-15 7.2861171315e-15 8.4653709851e-16
3.7207031250e+02 1.2268585142e-14 4.1395151795e-15 7.2825118875e-15 8.4655807538e-16
3.7231445312e+02 1.2266264060e-14 4.1404298486e-15 7.2791936922e-15 8.4664051886e-16
3.7255859375e+02 1.2262999722e-14 4.1401503199e-15 7.2755010190e-15 8.4734838330e-16
3.7280273438e+02 1.2256769613e-14 4.1376830491e-15 7.2708851983e-15 8.4820136521e-16
3.7304687500e+02 1.2248877122e-14 4.1346056365e-15 7.2665771726e-15 8.4769431262e-16
3.7329101562e+02 1.2243730593e-14 4.1329141816e-15 7.2659444857e-15 8.4487192522e-16
3.7353515625e+02 1.2244117213e-14 4.1321844088e-15 7.2715535372e-15 8.4037926652e-16
3.7377929688e+02 1.2249275405e-14 4.1306895125e-15 7.2823208282e-15 8.3626506440e-16
3.7402343750e+02 1.2256434983e-14 4.1284293629e-15 7.2936348461e-15 8.3437077433e-16
3.7426757812e+02 1.2262377862e-14 4.1272551160e-15 7.3007199050e-15 8.3440284115e-16
3.7451171875e+02 1.2265625748e-14 4.1287178291e-15 7.3021858941e-15 8.3472202482e-16
3.7475585938e+02 1.2267584713e-14 4.1325666887e-15 7.2999863745e-15 8.3503164957e-16
3.7500000000e+02 1.2269847725e-14 4.1363634177e-15 7.2972227300e-15 8.3626157719e-16
3.7524414062e+02 1.2270976939e-14 4.1369665270e-15 7.2958972183e-15 8.3811319331e-16
3.7548828125e+02 1.2268239199e-14 4.1338946678e-15 7.2953194935e-15 8.3902503737e-16
3.7573242188e+02 1.2262725784e-14 4.1301370183e-15 7.2941008895e-15 8.3848787598e-16
3.7597656250e+02 1.2258935919e-14 4.1280188278e-15 7.2933103757e-15 8.3760671554e-16
3.7622070312e+02 1.2258377146e-14 4.1263613142e-15 7.2945552165e-15 8.3746061559e-16
3.7646484375e+02 1.2258345969e-14 4.1238340476e-15 7.2962636607e-15 8.3824826060e-16
3.7670898438e+02 1.2257861432e-14 4.1223220708e-15 7.2955572991e-15 8.3998206249e-16
3.7695312500e+02 1.2259904394e-14 4.1245794571e-15 7.2925092230e-15 8.4281571412e-16
3.7719726562e+02 1.2266353866e-14 4.1305384210e-15 7.2894823886e-15 8.4633305604e-16
3.7744140625e+02 1.2274262201e-14 4.1373645443e-15 7.2875154209e-15 8.4938223536e-16
3.7768554688e+02 1.2278477323e-14 4.1420943265e-15 7.2853504585e-15 8.5103253761e-16
3.7792968750e+02 1.2276902222e-14 4.1436099019e-15 7.2821911445e-15 8.5110117586e-16
3.7817382812e+02 1.2272183779e-14 4.1425055374e-15 7.2801003016e-15 8.4957793981e-16
3.7841796875e+02 1.2267230196e-14 4.1395157768e-15 7.2813138949e-15 8.4640052431e-16
3.7866210938e+02 1.2262188515e-14 4.1350359483e-15 7.2848278553e-15 8.4232471159e-16
3.7890625000e+02 1.2258444993e-14 4.1307967713e-15 7.2884121706e-15 8.3923605105e-16
3.7915039062e+02 1.2260106844e-14 4.1298496668e-15 7.2915318027e-15 8.3872537485e-16
3.7939453125e+02 1.2268147444e-14 4.1330100839e-15 7.2944840362e-15 8.4065332429e-16
3.7963867188e+02 1.2277711901e-14 4.1374481726e-15 7.2968015289e-15 8.4346219928e-16
3.7988281250e+02 1.2283262513e-14 4.1402509388e-15 7.2974829738e-15 8.4552860005e-16
3.8012695312e+02 1.2283500476e-14 4.1406637920e-15 7.2966054483e-15 8.4623123537e-16
3.8037109375e+02 1.2280884720e-14 4.1383800769e-15 7.2965338133e-15 8.4597083022e-16
3.8061523438e+02 1.2279006976e-14 4.1334170281e-15 7.3002123316e-15 8.4537761655e-16
3.8085937500e+02 1.2280354038e-14 4.1278116707e-15 7.3076675792e-15 8.4487478817e-16
3.8110351562e+02 1.2284285340e-14 4.1243948236e-15 7.3153543832e-15 8.4453613276e-16
3.8134765625e+02 1.2287372090e-14 4.1242703767e-15 7.3191185717e-15 8.4398314125e-16
3.8159179688e+02 1.2287336421e-14 4.1270485470e-15 7.3171066009e-15 8.4318127269e-16
3.8183593750e+02 1.2285719981e-14 4.1322257537e-15 7.3103577017e-15 8.4313652526e-16
3.8208007812e+02 1.2284629194e-14 4.1385670386e-15 7.3012574718e-15 8.4480468414e-16
3.8232421875e+02 1.2282983641e-14 4.1430637254e-15 7.2921957979e-15 8.4772411745e-16
3.8256835938e+02 1.2279164867e-14 4.1430254997e-15 7.2859071061e-15 8.5023226142e-16
3.8281250000e+02 1.2273744568e-14 4.1391788504e-15 7.2837498908e-15 8.5081582668e-16
3.8305664062e+02 1.2267345840e-14 4.1346863130e-15 7.2830850663e-15 8.4957446048e-16
3.8330078125e+02 1.2260610149e-14 4.1317870702e-15 7.2808209067e-15 8.4800217226e-16
3.8354492188e+02 1.2256117436e-14 4.1308198091e-15 7.2784168015e-15 8.4688082579e-16
3.8378906250e+02 1.2255971018e-14 4.1315499366e-15 7.2788844997e-15 8.4553658116e-16
3.8403320312e+02 1.2259251121e-14 4.1337804007e-15 7.2819026583e-15 8.4356806217e-16
3.8427734375e+02 1.2263366347e-14 4.1365519666e-15 7.2850131803e-15 8.4180119971e-16
3.8452148438e+02 1.2265547900e-14 4.1384294829e-15 7.2861140981e-15 8.4100431946e-16
3.8476562500e+02 1.2264823750e-14 4.1394107199e-15 7.2843423119e-15 8.4107071825e-16
3.8500976562e+02 1.2263878846e-14 4.1411185003e-15 7.2811387901e-15 8.4162155579e-16
3.8525390625e+02 1.2265750332e-14 4.1440370914e-15 7.2794465288e-15 8.4226671139e-16
3.8549804688e+02 1.2268766797e-14 4.1458344364e-15 7.2803703011e-15 8.4256205976e-16
3.8574218750e+02 1.2268166779e-14 4.1439719237e-15 7.2819060484e-15 8.4228880708e-16
3.8598632812e+02 1.2263221305e-14 4.1394034267e-15 7.2821317003e-15 8.4168617764e-16
3.8623046875e+02 1.2259821276e-14 4.1360719031e-15 7.2824243831e-15 8.4132499005e-16
3.8647460938e+02 1.2263531443e-14 4.1363234765e-15 7.2858734227e-15 8.4133454385e-16
3.8671875000e+02 1.2272259676e-14 4.1381490009e-15 7.2931682603e-15 8.4094241492e-16
3.8696289062e+02 1.2279261747e-14 4.1381701591e-15 7.3014695013e-15 8.3962208614e-16
3.8720703125e+02 1.2280799492e-14 4.1357868998e-15 7.3068135381e-15 8.3819905412e-16
3.8745117188e+02 1.2278325603e-14 4.1330979967e-15 7.3074514465e-15 8.3777616020e-16
3.8769531250e+02 1.2275991584e-14 4.1325353396e-15 7.3053545556e-15 8.3810168861e-16
3.8793945312e+02 1.2276910570e-14 4.1349162288e-15 7.3039692531e-15 8.3802508854e-16
3.8818359375e+02 1.2280957739e-14 4.1384288421e-15 7.3051275108e-15 8.3740138609e-16
3.8842773438e+02 1.2285489977e-14 4.1400299837e-15 7.3080653544e-15 8.3739463846e-16
3.8867187500e+02 1.2287023779e-14 4.1385735974e-15 7.3100854103e-15 8.3836477170e-16
3.8891601562e+02 1.2283600478e-14 4.1355795518e-15 7.3091316347e-15 8.3888929198e-16
3.8916015625e+02 1.2276511720e-14 4.1327924782e-15 7.3059184485e-15 8.3780079328e-16
3.8940429688e+02 1.2269294454e-14 4.1311683778e-15 7.3024341857e-15 8.3569188999e-16
3.8964843750e+02 1.2265390145e-14 4.1320886972e-15 7.2995403431e-15 8.3376110429e-16
3.8989257812e+02 1.2265471515e-14 4.1363761711e-15 7.2964483241e-15 8.3264701936e-16
3.9013671875e+02 1.2266247432e-14 4.1421028523e-15 7.2914001281e-15 8.3274445121e-16
3.9038085938e+02 1.2263787698e-14 4.1456446188e-15 7.2837335493e-15 8.3440952984e-16
3.9062500000e+02 1.2258341660e-14 4.1449922024e-15 7.2760548136e-15 8.3729464432e-16
3.9086914062e+02 1.2254734666e-14 4.1416435658e-15 7.2730016466e-15 8.4008945380e-16
3.9111328125e+02 1.2257467727e-14 4.1390024879e-15 7.2768765112e-15 8.4158872775e-16
3.9135742188e+02 1.2265024453e-14 4.1385460266e-15 7.2845107522e-15 8.4196767385e-16
3.9160156250e+02 1.2270339570e-14 4.1386049476e-15 7.2893190853e-15 8.4241553710e-16
3.9184570312e+02 1.2267947513e-14 4.1370625627e-15 7.2876085775e-15 8.4327637295e-16
3.9208984375e+02 1.2258576936e-14 4.1332963768e-15 7.2818456850e-15 8.4343487427e-16
3.9233398438e+02 1.2246764148e-14 4.1276981904e-15 7.2767690078e-15 8.4229694952e-16
3.9257812500e+02 1.2237571989e-14 4.1222599451e-15 7.2742989817e-15 8.4101306238e-16
3.9282226562e+02 1.2235324337e-14 4.1210978224e-15 7.2735035313e-15 8.4072298365e-16
3.9306640625e+02 1.2241006989e-14 4.1264209281e-15 7.2733845596e-15 8.4120150154e-16
3.9331054688e+02 1.2249999286e-14 4.1344350218e-15 7.2738258710e-15 8.4173839318e-16
3.9355468750e+02 1.2255582780e-14 4.1390655420e-15 7.2746106265e-15 8.4190661124e-16
3.9379882812e+02 1.2255333101e-14 4.1392737088e-15 7.2746649048e-15 8.4139448714e-16
3.9404296875e+02 1.2252171462e-14 4.1395019195e-15 7.2727303947e-15 8.3993914804e-16
3.9428710938e+02 1.2250406383e-14 4.1430948340e-15 7.2694071053e-15 8.3790444352e-16
3.9453125000e+02 1.2252554763e-14 4.1481788590e-15 7.2678629300e-15 8.3651297383e-16
3.9477539062e+02 1.2257560902e-14 4.1508579780e-15 7.2701005992e-15 8.3660232443e-16
3.9501953125e+02 1.2261534271e-14 4.1500249668e-15 7.2735874694e-15 8.3792183429e-16
3.9526367188e+02 1.2261933019e-14 4.1469820695e-15 7.2747001397e-15 8.4025080973e-16
3.9550781250e+02 1.2259888656e-14 4.1425365912e-15 7.2736983054e-15 8.4365375925e-16
3.9575195312e+02 1.2258901564e-14 4.1374021835e-15 7.2743017393e-15 8.4719764155e-16
3.9599609375e+02 1.2261802694e-14 4.1335731817e-15 7.2792615094e-15 8.4896800296e-16
3.9624023438e+02 1.2267040306e-14 4.1326529314e-15 7.2864380806e-15 8.4794929404e-16
3.9648437500e+02 1.2269510877e-14 4.1338654407e-15 7.2906677259e-15 8.4497771021e-16
3.9672851562e+02 1.2267609262e-14 4.1350621995e-15 7.2910412362e-15 8.4150582669e-16
3.9697265625e+02 1.2266706616e-14 4.1353305761e-15 7.2930634756e-15 8.3831256446e-16
3.9721679688e+02 1.2272275379e-14 4.1360841963e-15 7.3005180890e-15 8.3567309341e-16
3.9746093750e+02 1.2282341889e-14 4.1391968037e-15 7.3089962360e-15 8.3414884897e-16
3.9770507812e+02 1.2290483165e-14 4.1443520167e-15 7.3115505287e-15 8.3458062003e-16
3.9794921875e+02 1.2293151183e-14 4.1490260508e-15 7.3071612381e-15 8.3696389377e-16
3.9819335938e+02 1.2290696164e-14 4.1504573139e-15 7.3002779438e-15 8.3996090652e-16
3.9843750000e+02 1.2285064419e-14 4.1473387479e-15 7.2955327491e-15 8.4219292243e-16
3.9868164062e+02 1.2279446808e-14 4.1411276581e-15 7.2949633862e-15 8.4335576387e-16
3.9892578125e+02 1.2276780855e-14 4.1353064334e-15 7.2978486326e-15 8.4362578939e-16
3.9916992188e+02 1.2276785571e-14 4.1321627645e-15 7.3017245325e-15 8.4289827394e-16
3.9941406250e+02 1.2276811976e-14 4.1316710250e-15 7.3039066372e-15 8.4123431402e-16
3.9965820312e+02 1.2275884801e-14 4.1329053986e-15 7.3034231869e-15 8.3955621533e-16
3.9990234375e+02 1.2276170513e-14 4.1340987263e-15 7.3028455551e-15 8.3922623180e-16
4.0014648438e+02 1.2280434694e-14 4.1334896510e-15 7.3061643558e-15 8.4078068719e-16
4.0039062500e+02 1.2288383231e-14 4.1321973168e-15 7.3128755795e-15 8.4331033503e-16
4.0063476562e+02 1.2295863272e-14 4.1332000535e-15 7.3175143348e-15 8.4514888392e-16
4.0087890625e+02 1.2298539907e-14 4.1368809726e-15 7.3165298119e-15 8.4512912279e-16
4.0112304688e+02 1.2295565406e-14 4.1406409500e-15 7.3116709435e-15 8.4325351294e-16
4.0136718750e+02 1.2289504772e-14 4.1425353183e-15 7.3064859949e-15 8.4048345835e-16
4.0161132812e+02 1.2283677690e-14 4.1427863624e-15 7.3026862110e-15 8.3820511688e-16
4.0185546875e+02 1.2278541754e-14 4.1420036060e-15 7.2991807287e-15 8.3735741884e-16
4.0209960938e+02 1.2271384038e-14 4.1402477035e-15 7.2934830248e-15 8.3765330942e-16
4.0234375000e+02 1.2261383189e-14 4.1377589157e-15 7.2853290924e-15 8.3829518113e-16
4.0258789062e+02 1.2252414015e-14 4.1349612121e-15 7.2783773389e-15 8.3907546395e-16
4.0283203125e+02 1.2248970991e-14 4.1327523937e-15 7.2763495706e-15 8.3986902707e-16
4.0307617188e+02 1.2251407242e-14 4.1324575096e-15 7.2784587674e-15 8.4049096545e-16
4.0332031250e+02 1.2256064946e-14 4.1334619745e-15 7.2808842354e-15 8.4171873615e-16
4.0356445312e+02 1.2259762752e-14 4.1333642464e-15 7.2821153484e-15 8.4428315757e-16
4.0380859375e+02 1.2263430889e-14 4.1318908419e-15 7.2844779309e-15 8.4706211589e-16
4.0405273438e+02 1.2269687283e-14 4.1312789498e-15 7.2900230711e-15 8.4838526205e-16
4.0429687500e+02 1.2278241115e-14 4.1328250763e-15 7.2974503565e-15 8.4796568267e-16
4.0454101562e+02 1.2285854097e-14 4.1358576819e-15 7.3037036671e-15 8.4629274769e-16
4.0478515625e+02 1.2289415972e-14 4.1391448307e-15 7.3064289699e-15 8.4384217112e-16
4.0502929688e+02 1.2287883737e-14 4.1414058146e-15 7.3050775404e-15 8.4140038204e-16
4.0527343750e+02 1.2282707883e-14 4.1415422440e-15 7.3011507725e-15 8.4001486684e-16
4.0551757812e+02 1.2278136810e-14 4.1399158819e-15 7.2976925719e-15 8.4052835575e-16
4.0576171875e+02 1.2278892311e-14 4.1384171497e-15 7.2975793310e-15 8.4289583074e-16
4.0600585938e+02 1.2284095943e-14 4.1380489728e-15 7.3004805417e-15 8.4556642870e-16
4.0625000000e+02 1.2286452630e-14 4.1377096501e-15 7.3021880985e-15 8.4655488108e-16
4.0649414062e+02 1.2281117506e-14 4.1362567999e-15 7.2993466963e-15 8.4551401004e-16
4.0673828125e+02 1.2272088640e-14 4.1346328028e-15 7.2935966226e-15 8.4385921454e-16
4.0698242188e+02 1.2266717738e-14 4.1349390493e-15 7.2886435368e-15 8.4313515237e-16
4.0722656250e+02 1.2267183229e-14 4.1375709038e-15 7.2856052264e-15 8.4400709930e-16
4.0747070312e+02 1.2270405372e-14 4.1403972079e-15 7.2839806148e-15 8.4602754939e-16
4.0771484375e+02 1.2273457678e-14 4.1414605798e-15 7.2842258008e-15 8.4777129752e-16
4.0795898438e+02 1.2275828510e-14 4.1411860979e-15 7.2866956225e-15 8.4794678992e-16
4.0820312500e+02 1.2278040950e-14 4.1409857515e-15 7.2905104369e-15 8.4654476185e-16
4.0844726562e+02 1.2279982080e-14 4.1411186777e-15 7.2943093736e-15 8.4455402900e-16
4.0869140625e+02 1.2279766054e-14 4.1406066250e-15 7.2962870909e-15 8.4287233769e-16
4.0893554688e+02 1.2275282269e-14 4.1385758271e-15 7.2947357631e-15 8.4197067896e-16
4.0917968750e+02 1.2267819420e-14 4.1355443849e-15 7.2901147873e-15 8.4216024754e-16
4.0942382812e+02 1.2261013940e-14 4.1325450824e-15 7.2852879681e-15 8.4318088980e-16
4.0966796875e+02 1.2256634599e-14 4.1292347617e-15 7.2836104432e-15 8.4378939421e-16
4.0991210938e+02 1.2255699896e-14 4.1252920969e-15 7.2875133819e-15 8.4289441688e-16
4.1015625000e+02 1.2260908460e-14 4.1225269818e-15 7.2971376327e-15 8.4124384573e-16
4.1040039062e+02 1.2273010320e-14 4.1227040908e-15 7.3093734620e-15 8.4093276732e-16
4.1064453125e+02 1.2286962451e-14 4.1250279062e-15 7.3191551146e-15 8.4277943021e-16
4.1088867188e+02 1.2295711336e-14 4.1278644473e-15 7.3224513956e-15 8.4539549271e-16
4.1113281250e+02 1.2297807201e-14 4.1309576165e-15 7.3193276405e-15 8.4752194364e-16
4.1137695312e+02 1.2297390332e-14 4.1342101709e-15 7.3137212347e-15 8.4945892669e-16
4.1162109375e+02 1.2296519853e-14 4.1361297016e-15 7.3092819467e-15 8.5110820452e-16
4.1186523438e+02 1.2293601843e-14 4.1353751297e-15 7.3070308600e-15 8.5119585360e-16
4.1210937500e+02 1.2289192001e-14 4.1326943391e-15 7.3067446828e-15 8.4975297944e-16
4.1235351562e+02 1.2286679160e-14 4.1304126391e-15 7.3076057949e-15 8.4866072607e-16
4.1259765625e+02 1.2286728107e-14 4.1305929778e-15 7.3074497367e-15 8.4868539224e-16
4.1284179688e+02 1.2286311175e-14 4.1332979544e-15 7.3048471930e-15 8.4816602715e-16
4.1308593750e+02 1.2284269543e-14 4.1365484488e-15 7.3022117332e-15 8.4550936147e-16
4.1333007812e+02 1.2282919274e-14 4.1383622594e-15 7.3030835022e-15 8.4147351209e-16
4.1357421875e+02 1.2282897989e-14 4.1377210415e-15 7.3069846079e-15 8.3819233991e-16
4.1381835938e+02 1.2282002107e-14 4.1341135426e-15 7.3109269459e-15 8.3696161843e-16
4.1406250000e+02 1.2280309225e-14 4.1283683063e-15 7.3141726188e-15 8.3776829961e-16
4.1430664062e+02 1.2280770102e-14 4.1234849168e-15 7.3170798706e-15 8.4020531438e-16
4.1455078125e+02 1.2284305744e-14 4.1226055316e-15 7.3180244610e-15 8.4367575176e-16
4.1479492188e+02 1.2288641679e-14 4.1254596207e-15 7.3163845746e-15 8.4679748400e-16
4.1503906250e+02 1.2291270869e-14 4.1284117086e-15 7.3151455398e-15 8.4771362067e-16
4.1528320312e+02 1.2290571057e-14 4.1286691045e-15 7.3162361457e-15 8.4566580674e-16
4.1552734375e+02 1.2285575513e-14 4.1267239512e-15 7.3167846870e-15 8.4206687440e-16
4.1577148438e+02 1.2277483606e-14 4.1249444716e-15 7.3131467183e-15 8.3939241652e-16
4.1601562500e+02 1.2270635863e-14 4.1255260799e-15 7.3063073421e-15 8.3880244064e-16
4.1625976562e+02 1.2269042446e-14 4.1291887696e-15 7.3004691791e-15 8.3938449733e-16
4.1650390625e+02 1.2271095737e-14 4.1344491414e-15 7.2969329166e-15 8.3971367906e-16
4.1674804688e+02 1.2271704114e-14 4.1391953188e-15 7.2931995974e-15 8.3930919826e-16
4.1699218750e+02 1.2270545523e-14 4.1432688079e-15 7.2886560719e-15 8.3862064299e-16
4.1723632812e+02 1.2271606153e-14 4.1470323427e-15 7.2860752074e-15 8.3849860293e-16
4.1748046875e+02 1.2275114322e-14 4.1484785255e-15 7.2869586400e-15 8.3967715664e-16
4.1772460938e+02 1.2278490608e-14 4.1456505833e-15 7.2908832746e-15 8.4195674982e-16
4.1796875000e+02 1.2283191771e-14 4.1407837591e-15 7.2984311120e-15 8.4397689983e-16
4.1821289062e+02 1.2291782968e-14 4.1382848906e-15 7.3089819340e-15 8.4451614372e-16
4.1845703125e+02 1.2300787845e-14 4.1392451159e-15 7.3176253355e-15 8.4391739366e-16
4.1870117188e+02 1.2303531271e-14 4.1406671239e-15 7.3193071687e-15 8.4355697801e-16
4.1894531250e+02 1.2297034357e-14 4.1393566743e-15 7.3137883858e-15 8.4388929732e-16
4.1918945312e+02 1.2282789914e-14 4.1349797154e-15 7.3039004063e-15 8.4390979276e-16
4.1943359375e+02 1.2265363515e-14 4.1301134441e-15 7.2925621084e-15 8.4268796252e-16
4.1967773438e+02 1.2251504882e-14 4.1279817707e-15 7.2831171300e-15 8.4040598114e-16
4.1992187500e+02 1.2246353432e-14 4.1295922927e-15 7.2787541048e-15 8.3800703473e-16
4.2016601562e+02 1.2248857810e-14 4.1328021062e-15 7.2792955707e-15 8.3676013349e-16
4.2041015625e+02 1.2253000145e-14 4.1345721342e-15 7.2809617359e-15 8.3746627485e-16
4.2065429688e+02 1.2255139887e-14 4.1337823510e-15 7.2820249762e-15 8.3933255936e-16
4.2089843750e+02 1.2257937381e-14 4.1314083410e-15 7.2859358689e-15 8.4059317089e-16
4.2114257812e+02 1.2264659790e-14 4.1289306093e-15 7.2953136064e-15 8.4041557386e-16
4.2138671875e+02 1.2273221738e-14 4.1274083948e-15 7.3064516012e-15 8.3936174208e-16
4.2163085938e+02 1.2279140909e-14 4.1278529103e-15 7.3130065990e-15 8.3828139929e-16
4.2187500000e+02 1.2280444096e-14 4.1309023594e-15 7.3121470537e-15 8.3739468274e-16
4.2211914062e+02 1.2277704558e-14 4.1349651205e-15 7.3060480812e-15 8.3669135640e-16
4.2236328125e+02 1.2273072902e-14 4.1368353735e-15 7.2994376834e-15 8.3679984553e-16
4.2260742188e+02 1.2269303783e-14 4.1354143095e-15 7.2954747672e-15 8.3841470583e-16
4.2285156250e+02 1.2267060748e-14 4.1325940838e-15 7.2934109596e-15 8.4105570451e-16
4.2309570312e+02 1.2265354535e-14 4.1304241741e-15 7.2915617747e-15 8.4336858644e-16
4.2333984375e+02 1.2265681273e-14 4.1297603287e-15 7.2913545710e-15 8.4456637321e-16
4.2358398438e+02 1.2271225864e-14 4.1311841855e-15 7.2951967439e-15 8.4484493479e-16
4.2382812500e+02 1.2281349053e-14 4.1349519870e-15 7.3018254004e-15 8.4457166545e-16
4.2407226562e+02 1.2290998259e-14 4.1398479505e-15 7.3070221600e-15 8.4412814886e-16
4.2431640625e+02 1.2295059888e-14 4.1434614513e-15 7.3073284808e-15 8.4426995597e-16
4.2456054688e+02 1.2291449091e-14 4.1442034084e-15 7.3018816388e-15 8.4536404419e-16
4.2480468750e+02 1.2282828808e-14 4.1426349744e-15 7.2935663248e-15 8.4662750906e-16
4.2504882812e+02 1.2276309524e-14 4.1407869697e-15 7.2885575553e-15 8.4696499885e-16
4.2529296875e+02 1.2277853190e-14 4.1405060651e-15 7.2911575483e-15 8.4618957693e-16
4.2553710938e+02 1.2285835559e-14 4.1418633447e-15 7.2987643460e-15 8.4520786835e-16
4.2578125000e+02 1.2292588525e-14 4.1426547216e-15 7.3049765758e-15 8.4495722813e-16
4.2602539062e+02 1.2293133380e-14 4.1403021003e-15 7.3075923757e-15 8.4523890431e-16
4.2626953125e+02 1.2289390933e-14 4.1347728558e-15 7.3092963115e-15 8.4532176594e-16
4.2651367188e+02 1.2283977553e-14 4.1288025428e-15 7.3100359421e-15 8.4513906818e-16
4.2675781250e+02 1.2275572552e-14 4.1249085390e-15 7.3057457335e-15 8.4491827980e-16
4.2700195312e+02 1.2263926177e-14 4.1232578636e-15 7.2962221894e-15 8.4444612411e-16
4.2724609375e+02 1.2253344507e-14 4.1228704205e-15 7.2870278185e-15 8.4344626838e-16
4.2749023438e+02 1.2248582827e-14 4.1237176748e-15 7.2828194657e-15 8.4204568639e-16
4.2773437500e+02 1.2250803784e-14 4.1266216251e-15 7.2836574528e-15 8.4052470658e-16
4.2797851562e+02 1.2256846474e-14 4.1309047151e-15 7.2868083849e-15 8.3913337368e-16
4.2822265625e+02 1.2261151605e-14 4.1336100594e-15 7.2892807693e-15 8.3826077611e-16
4.2846679688e+02 1.2260720757e-14 4.1325709944e-15 7.2896754232e-15 8.3847433939e-16
4.2871093750e+02 1.2256988436e-14 4.1289164135e-15 7.2881318299e-15 8.3994019237e-16
4.2895507812e+02 1.2251448646e-14 4.1255496064e-15 7.2841109616e-15 8.4178807825e-16
4.2919921875e+02 1.2243887836e-14 4.1243751056e-15 7.2765902042e-15 8.4292252662e-16
4.2944335938e+02 1.2236436320e-14 4.1254314476e-15 7.2675562518e-15 8.4344862092e-16
4.2968750000e+02 1.2234338877e-14 4.1278069550e-15 7.2622743122e-15 8.4425760964e-16
4.2993164062e+02 1.2239814434e-14 4.1303743342e-15 7.2640912506e-15 8.4534884917e-16
4.3017578125e+02 1.2248936924e-14 4.1318919933e-15 7.2713723839e-15 8.4567254667e-16
4.3041992188e+02 1.2257811304e-14 4.1318631163e-15 7.2813629661e-15 8.4458522124e-16
4.3066406250e+02 1.2266981909e-14 4.1313381294e-15 7.2929767700e-15 8.4266701008e-16
4.3090820312e+02 1.2277346160e-14 4.1321859083e-15 7.3038128243e-15 8.4134742767e-16
4.3115234375e+02 1.2287603524e-14 4.1355526990e-15 7.3101972936e-15 8.4185353155e-16
4.3139648438e+02 1.2295774267e-14 4.1403723874e-15 7.3116860007e-15 8.4371587933e-16
4.3164062500e+02 1.2299257622e-14 4.1435251710e-15 7.3108364277e-15 8.4489602295e-16
4.3188476562e+02 1.2296964044e-14 4.1428453288e-15 7.3097715161e-15 8.4434719915e-16
4.3212890625e+02 1.2292293367e-14 4.1394240333e-15 7.3098194783e-15 8.4304985483e-16
4.3237304688e+02 1.2288638556e-14 4.1356218041e-15 7.3110621495e-15 8.4195460257e-16
4.3261718750e+02 1.2284440088e-14 4.1324383047e-15 7.3110490935e-15 8.4095269023e-16
4.3286132812e+02 1.2277915423e-14 4.1303296769e-15 7.3076246113e-15 8.3996113483e-16
4.3310546875e+02 1.2272441566e-14 4.1303401720e-15 7.3029757519e-15 8.3912564163e-16
4.3334960938e+02 1.2272966963e-14 4.1326385767e-15 7.3018718298e-15 8.3845655605e-16
4.3359375000e+02 1.2279219981e-14 4.1353678613e-15 7.3056128965e-15 8.3823922291e-16
4.3383789062e+02 1.2284704558e-14 4.1360613186e-15 7.3097523120e-15 8.3889092786e-16
4.3408203125e+02 1.2283973150e-14 4.1339840825e-15 7.3096488591e-15 8.4034020804e-16
4.3432617188e+02 1.2279220281e-14 4.1308727848e-15 7.3063353574e-15 8.4201213903e-16
4.3457031250e+02 1.2275884899e-14 4.1291996304e-15 7.3037426250e-15 8.4294264376e-16
4.3481445312e+02 1.2274798966e-14 4.1297524761e-15 7.3028705853e-15 8.4217590435e-16
4.3505859375e+02 1.2273036416e-14 4.1311156674e-15 7.3023180518e-15 8.3960269695e-16
4.3530273438e+02 1.2269595740e-14 4.1314336241e-15 7.3018832840e-15 8.3627883150e-16
4.3554687500e+02 1.2267042085e-14 4.1302377156e-15 7.3027625171e-15 8.3404185255e-16
4.3579101562e+02 1.2268964881e-14 4.1285405448e-15 7.3060692457e-15 8.3435509019e-16
4.3603515625e+02 1.2275873316e-14 4.1274224257e-15 7.3117659656e-15 8.3668492461e-16
4.3627929688e+02 1.2282136070e-14 4.1265368897e-15 7.3170548204e-15 8.3854435980e-16
4.3652343750e+02 1.2279685286e-14 4.1245412013e-15 7.3172309141e-15 8.3791317063e-16
4.3676757812e+02 1.2267175601e-14 4.1213050469e-15 7.3106594566e-15 8.3521109792e-16
4.3701171875e+02 1.2252734598e-14 4.1185530797e-15 7.3016118759e-15 8.3256964213e-16
4.3725585938e+02 1.2246104760e-14 4.1178564866e-15 7.2964782306e-15 8.3177004262e-16
4.3750000000e+02 1.2249627510e-14 4.1188285844e-15 7.2975851114e-15 8.3321381404e-16
4.3774414062e+02 1.2257003532e-14 4.1195286860e-15 7.3014575166e-15 8.3601732919e-16
4.3798828125e+02 1.2260722849e-14 4.1187383541e-15 7.3034437030e-15 8.3854079178e-16
4.3823242188e+02 1.2259802707e-14 4.1178759331e-15 7.3025017540e-15 8.3942501997e-16
4.3847656250e+02 1.2257674937e-14 4.1193640343e-15 7.2998902873e-15 8.3842061558e-16
4.3872070312e+02 1.2254759899e-14 4.1227808630e-15 7.2955693024e-15 8.3640973375e-16
4.3896484375e+02 1.2248394020e-14 4.1247548419e-15 7.2887974429e-15 8.3484173505e-16
4.3920898438e+02 1.2238663881e-14 4.1230348263e-15 7.2810446245e-15 8.3458443035e-16
4.3945312500e+02 1.2229826991e-14 4.1185386728e-15 7.2760631366e-15 8.3522518179e-16
4.3969726562e+02 1.2226891482e-14 4.1138361916e-15 7.2770865517e-15 8.3596873864e-16
4.3994140625e+02 1.2231867993e-14 4.1113675261e-15 7.2836775126e-15 8.3682295457e-16
4.4018554688e+02 1.2241717102e-14 4.1123599282e-15 7.2910824831e-15 8.3827469092e-16
4.4042968750e+02 1.2250885892e-14 4.1163170626e-15 7.2947038688e-15 8.3986496093e-16
4.4067382812e+02 1.2255720634e-14 4.1210667767e-15 7.2945088558e-15 8.4014500148e-16
4.4091796875e+02 1.2255315426e-14 4.1235432529e-15 7.2929125534e-15 8.3885961948e-16
4.4116210938e+02 1.2250907311e-14 4.1220754615e-15 7.2912737379e-15 8.3755811112e-16
4.4140625000e+02 1.2244876981e-14 4.1184245752e-15 7.2894270893e-15 8.3702531607e-16
4.4165039062e+02 1.2239174027e-14 4.1163669331e-15 7.2863727292e-15 8.3643436497e-16
4.4189453125e+02 1.2236633866e-14 4.1178251980e-15 7.2830474720e-15 8.3576119648e-16
4.4213867188e+02 1.2241100148e-14 4.1211895533e-15 7.2833913393e-15 8.3651925588e-16
4.4238281250e+02 1.2252708498e-14 4.1238590990e-15 7.2893920597e-15 8.3945733876e-16
4.4262695312e+02 1.2266396123e-14 4.1252103031e-15 7.2980210947e-15 8.4316472534e-16
4.4287109375e+02 1.2276981722e-14 4.1260787688e-15 7.3054987667e-15 8.4540418642e-16
4.4311523438e+02 1.2282751351e-14 4.1268321358e-15 7.3107238014e-15 8.4519541366e-16
4.4335937500e+02 1.2283131202e-14 4.1271216166e-15 7.3124242886e-15 8.4358529664e-16
4.4360351562e+02 1.2277229911e-14 4.1270419810e-15 7.3076603126e-15 8.4252761737e-16
4.4384765625e+02 1.2267428894e-14 4.1279807984e-15 7.2966590857e-15 8.4278901024e-16
4.4409179688e+02 1.2259462479e-14 4.1312002258e-15 7.2848959804e-15 8.4336627238e-16
4.4433593750e+02 1.2255938592e-14 4.1356735626e-15 7.2771377942e-15 8.4312723562e-16
4.4458007812e+02 1.2254340505e-14 4.1389603713e-15 7.2732714573e-15 8.4210867609e-16
4.4482421875e+02 1.2252198623e-14 4.1395223659e-15 7.2716387559e-15 8.4103750069e-16
4.4506835938e+02 1.2251503158e-14 4.1375332642e-15 7.2735555755e-15 8.4041431833e-16
4.4531250000e+02 1.2258445191e-14 4.1350865476e-15 7.2827720438e-15 8.4058659925e-16
4.4555664062e+02 1.2276492927e-14 4.1349889110e-15 7.2993520835e-15 8.4215193286e-16
4.4580078125e+02 1.2298422827e-14 4.1375002038e-15 7.3157137744e-15 8.4520884892e-16
4.4604492188e+02 1.2310582396e-14 4.1397940662e-15 7.3222587668e-15 8.4852956291e-16
4.4628906250e+02 1.2306217370e-14 4.1398959907e-15 7.3157290804e-15 8.5059229853e-16
4.4653320312e+02 1.2290479817e-14 4.1387884382e-15 7.3005149607e-15 8.5117641776e-16
4.4677734375e+02 1.2273827972e-14 4.1381100731e-15 7.2847133583e-15 8.5100454096e-16
4.4702148438e+02 1.2263863266e-14 4.1384045491e-15 7.2752599652e-15 8.5019875129e-16
4.4726562500e+02 1.2261673624e-14 4.1394722184e-15 7.2739195309e-15 8.4828187507e-16
4.4750976562e+02 1.2263309845e-14 4.1405163782e-15 7.2774554664e-15 8.4533800088e-16
4.4775390625e+02 1.2264285287e-14 4.1405946561e-15 7.2816328241e-15 8.4205780634e-16
4.4799804688e+02 1.2263137725e-14 4.1395671501e-15 7.2840554587e-15 8.3951511642e-16
4.4824218750e+02 1.2261026494e-14 4.1374949301e-15 7.2845157947e-15 8.3901576956e-16
4.4848632812e+02 1.2258225204e-14 4.1335339871e-15 7.2841398360e-15 8.4055138101e-16
4.4873046875e+02 1.2253199430e-14 4.1271963576e-15 7.2835697646e-15 8.4243330785e-16
4.4897460938e+02 1.2246183603e-14 4.1204670269e-15 7.2822758094e-15 8.4344076707e-16
4.4921875000e+02 1.2240618354e-14 4.1168240790e-15 7.2802598315e-15 8.4353444372e-16
4.4946289062e+02 1.2240017296e-14 4.1179377307e-15 7.2791659327e-15 8.4291363274e-16
4.4970703125e+02 1.2245467419e-14 4.1225897902e-15 7.2806464787e-15 8.4223114994e-16
4.4995117188e+02 1.2255283799e-14 4.1279656814e-15 7.2847583011e-15 8.4255981637e-16
4.5019531250e+02 1.2265340157e-14 4.1310995494e-15 7.2904131525e-15 8.4382745558e-16
4.5043945312e+02 1.2271108714e-14 4.1309234401e-15 7.2956681772e-15 8.4451709696e-16
4.5068359375e+02 1.2271503782e-14 4.1290168655e-15 7.2985390849e-15 8.4394783191e-16
4.5092773438e+02 1.2270025402e-14 4.1272564360e-15 7.2994564303e-15 8.4331253532e-16
4.5117187500e+02 1.2270500096e-14 4.1261804706e-15 7.3007466825e-15 8.4357294261e-16
4.5141601562e+02 1.2273615024e-14 4.1261890698e-15 7.3030951542e-15 8.4433079957e-16
4.5166015625e+02 1.2278368676e-14 4.1280643210e-15 7.3053983801e-15 8.4490597457e-16
4.5190429688e+02 1.2283980150e-14 4.1313966270e-15 7.3078922351e-15 8.4469128829e-16
4.5214843750e+02 1.2289413623e-14 4.1341527275e-15 7.3121301393e-15 8.4313075630e-16
4.5239257812e+02 1.2292395589e-14 4.1346461020e-15 7.3173631769e-15 8.4038631033e-16
4.5263671875e+02 1.2289985403e-14 4.1332508705e-15 7.3191372247e-15 8.3759730802e-16
4.5288085938e+02 1.2281349658e-14 4.1318684378e-15 7.3133332370e-15 8.3614798358e-16
4.5312500000e+02 1.2270448707e-14 4.1318594182e-15 7.3022814321e-15 8.3630785712e-16
4.5336914062e+02 1.2263388632e-14 4.1323342530e-15 7.2939679675e-15 8.3708641156e-16
4.5361328125e+02 1.2261886239e-14 4.1309611059e-15 7.2930197975e-15 8.3790533586e-16
4.5385742188e+02 1.2263028510e-14 4.1273218182e-15 7.2964060942e-15 8.3930059811e-16
4.5410156250e+02 1.2264920605e-14 4.1240409786e-15 7.2991762643e-15 8.4170336193e-16
4.5434570312e+02 1.2266806232e-14 4.1230980642e-15 7.2991827512e-15 8.4452541626e-16
4.5458984375e+02 1.2265943353e-14 4.1231727905e-15 7.2962072571e-15 8.4656330582e-16
4.5483398438e+02 1.2260678367e-14 4.1223194262e-15 7.2913792743e-15 8.4697966608e-16
4.5507812500e+02 1.2254075446e-14 4.1212566876e-15 7.2866460770e-15 8.4617268151e-16
4.5532226562e+02 1.2250043779e-14 4.1221286012e-15 7.2823451950e-15 8.4556998273e-16
4.5556640625e+02 1.2249369565e-14 4.1252459839e-15 7.2780393794e-15 8.4608420214e-16
4.5581054688e+02 1.2252789722e-14 4.1288101216e-15 7.2766747075e-15 8.4730489336e-16
4.5605468750e+02 1.2262465789e-14 4.1310427174e-15 7.2830514168e-15 8.4837165499e-16
4.5629882812e+02 1.2276657543e-14 4.1315342593e-15 7.2965005436e-15 8.4862273969e-16
4.5654296875e+02 1.2288089428e-14 4.1308906203e-15 7.3097003122e-15 8.4749849582e-16
4.5678710938e+02 1.2290627838e-14 4.1296053928e-15 7.3160380216e-15 8.4498442320e-16
4.5703125000e+02 1.2284453176e-14 4.1276891262e-15 7.3145262766e-15 8.4223777285e-16
4.5727539062e+02 1.2273672872e-14 4.1249323710e-15 7.3080612326e-15 8.4067926833e-16
4.5751953125e+02 1.2262261165e-14 4.1211378416e-15 7.3008266635e-15 8.4029665958e-16
4.5776367188e+02 1.2253836763e-14 4.1170981870e-15 7.2967673051e-15 8.3997127108e-16
4.5800781250e+02 1.2251340622e-14 4.1147884959e-15 7.2973629789e-15 8.3918914681e-16
4.5825195312e+02 1.2254668131e-14 4.1151612335e-15 7.3011613542e-15 8.3834554335e-16
4.5849609375e+02 1.2261792470e-14 4.1171273580e-15 7.3067077892e-15 8.3795732237e-16
4.5874023438e+02 1.2271791808e-14 4.1199034284e-15 7.3137420801e-15 8.3814629921e-16
4.5898437500e+02 1.2283378435e-14 4.1241617984e-15 7.3207800015e-15 8.3843663530e-16
4.5922851562e+02 1.2293187796e-14 4.1293873527e-15 7.3254993723e-15 8.3830107116e-16
4.5947265625e+02 1.2298509398e-14 4.1328249766e-15 7.3276487177e-15 8.3803570399e-16
4.5971679688e+02 1.2299312445e-14 4.1329977449e-15 7.3280377633e-15 8.3827693653e-16
4.5996093750e+02 1.2296982808e-14 4.1316132196e-15 7.3263330618e-15 8.3903652670e-16
4.6020507812e+02 1.2293018209e-14 4.1307511246e-15 7.3222170753e-15 8.4005000904e-16
4.6044921875e+02 1.2289757303e-14 4.1308038896e-15 7.3175805909e-15 8.4137282259e-16
4.6069335938e+02 1.2290973657e-14 4.1315088324e-15 7.3164228335e-15 8.4304199121e-16
4.6093750000e+02 1.2297729095e-14 4.1325442242e-15 7.3206393164e-15 8.4454555468e-16
4.6118164062e+02 1.2304012604e-14 4.1330264168e-15 7.3259602162e-15 8.4502597116e-16
4.6142578125e+02 1.2302969613e-14 4.1324317186e-15 7.3262613187e-15 8.4427657528e-16
4.6166992188e+02 1.2296051188e-14 4.1314627009e-15 7.3212197014e-15 8.4336878592e-16
4.6191406250e+02 1.2289056500e-14 4.1301565241e-15 7.3154295366e-15 8.4347043890e-16
4.6215820312e+02 1.2283464979e-14 4.1268646447e-15 7.3124272509e-15 8.4417308339e-16
4.6240234375e+02 1.2277996416e-14 4.1208835401e-15 7.3128680223e-15 8.4424485335e-16
4.6264648438e+02 1.2274115425e-14 4.1144992599e-15 7.3158013074e-15 8.4381485777e-16
4.6289062500e+02 1.2274697874e-14 4.1112867967e-15 7.3192759427e-15 8.4413513417e-16
4.6313476562e+02 1.2278824534e-14 4.1126150274e-15 7.3210001998e-15 8.4520930664e-16
4.6337890625e+02 1.2282365795e-14 4.1162791378e-15 7.3204682160e-15 8.4561844113e-16
4.6362304688e+02 1.2284702153e-14 4.1190780533e-15 7.3206359886e-15 8.4498811083e-16
4.6386718750e+02 1.2289592315e-14 4.1200824005e-15 7.3250100996e-15 8.4449981502e-16
4.6411132812e+02 1.2297907781e-14 4.1208083339e-15 7.3326257202e-15 8.4447372704e-16
4.6435546875e+02 1.2305076329e-14 4.1229826142e-15 7.3383494553e-15 8.4374425934e-16
4.6459960938e+02 1.2305546669e-14 4.1264977585e-15 7.3370230583e-15 8.4202585244e-16
4.6484375000e+02 1.2297177576e-14 4.1297478798e-15 7.3268802598e-15 8.4054943684e-16
4.6508789062e+02 1.2284169952e-14 4.1317486518e-15 7.3125230591e-15 8.3989824094e-16
4.6533203125e+02 1.2275148219e-14 4.1324230759e-15 7.3031175462e-15 8.3960759697e-16
4.6557617188e+02 1.2275027934e-14 4.1313137078e-15 7.3037479487e-15 8.3996627701e-16
4.6582031250e+02 1.2281521468e-14 4.1285243296e-15 7.3110496917e-15 8.4194744683e-16
4.6606445312e+02 1.2290513438e-14 4.1263839321e-15 7.3187704198e-15 8.4535908612e-16
4.6630859375e+02 1.2299852657e-14 4.1275049472e-15 7.3237313134e-15 8.4861639616e-16
4.6655273438e+02 1.2307387036e-14 4.1315493409e-15 7.3256102989e-15 8.5022739618e-16
4.6679687500e+02 1.2309838729e-14 4.1356880417e-15 7.3246212522e-15 8.4952943551e-16
4.6704101562e+02 1.2305965280e-14 4.1377806854e-15 7.3214615909e-15 8.4672300357e-16
4.6728515625e+02 1.2298983517e-14 4.1377199105e-15 7.3180115315e-15 8.4325207493e-16
4.6752929688e+02 1.2294019690e-14 4.1360714500e-15 7.3168057723e-15 8.4114246744e-16
4.6777343750e+02 1.2293159379e-14 4.1330713750e-15 7.3190893485e-15 8.4099865600e-16
4.6801757812e+02 1.2292961613e-14 4.1293277613e-15 7.3220727876e-15 8.4156106450e-16
4.6826171875e+02 1.2288917835e-14 4.1266280178e-15 7.3204982345e-15 8.4179158294e-16
4.6850585938e+02 1.2282195046e-14 4.1268610748e-15 7.3132911897e-15 8.4204278182e-16
4.6875000000e+02 1.2277693752e-14 4.1299120644e-15 7.3052767175e-15 8.4250497015e-16
4.6899414062e+02 1.2276772255e-14 4.1336539565e-15 7.3007652294e-15 8.4235306955e-16
4.6923828125e+02 1.2276554588e-14 4.1360180268e-15 7.2992868065e-15 8.4124975512e-16
4.6948242188e+02 1.2275213547e-14 4.1364859451e-15 7.2988224675e-15 8.3990513412e-16
4.6972656250e+02 1.2274672951e-14 4.1361429160e-15 7.2995630523e-15 8.3896698278e-16
4.6997070312e+02 1.2278479080e-14 4.1365820141e-15 7.3030914231e-15 8.3880564248e-16
4.7021484375e+02 1.2287287847e-14 4.1380737764e-15 7.3094399541e-15 8.3977411635e-16
4.7045898438e+02 1.2295646649e-14 4.1391047940e-15 7.3150920723e-15 8.4144978277e-16
4.7070312500e+02 1.2296009802e-14 4.1383199610e-15 7.3153945383e-15 8.4229530276e-16
4.7094726562e+02 1.2287763039e-14 4.1358632913e-15 7.3106820111e-15 8.4121773626e-16
4.7119140625e+02 1.2278209010e-14 4.1323230337e-15 7.3067977547e-15 8.3908822121e-16
4.7143554688e+02 1.2273934618e-14 4.1279645721e-15 7.3081667600e-15 8.3780328611e-16
4.7167968750e+02 1.2275260833e-14 4.1236007165e-15 7.3133919410e-15 8.3826817509e-16
4.7192382812e+02 1.2278153440e-14 4.1207872772e-15 7.3174369234e-15 8.3992923981e-16
4.7216796875e+02 1.2279571677e-14 4.1210356734e-15 7.3168002765e-15 8.4173572690e-16
4.7241210938e+02 1.2280635116e-14 4.1251861014e-15 7.3127534391e-15 8.4269557541e-16
4.7265625000e+02 1.2282902034e-14 4.1323249517e-15 7.3086020260e-15 8.4197505589e-16
4.7290039062e+02 1.2284895388e-14 4.1398312648e-15 7.3052320071e-15 8.3983211646e-16
4.7314453125e+02 1.2285721376e-14 4.1455541407e-15 7.3021062129e-15 8.3806102235e-16
4.7338867188e+02 1.2285837928e-14 4.1484150720e-15 7.2992782458e-15 8.3814461007e-16
4.7363281250e+02 1.2282469488e-14 4.1470531137e-15 7.2960240462e-15 8.3939232788e-16
4.7387695312e+02 1.2273205681e-14 4.1408581541e-15 7.2922055108e-15 8.4014201619e-16
4.7412109375e+02 1.2263075361e-14 4.1325051224e-15 7.2904263630e-15 8.4014387571e-16
4.7436523438e+02 1.2258714413e-14 4.1264621612e-15 7.2918944131e-15 8.4035783892e-16
4.7460937500e+02 1.2259516893e-14 4.1246751776e-15 7.2935675745e-15 8.4127414039e-16
4.7485351562e+02 1.2261131388e-14 4.1254674655e-15 7.2929796597e-15 8.4268426259e-16
4.7509765625e+02 1.2261080199e-14 4.1258394495e-15 7.2912273058e-15 8.4401344347e-16
4.7534179688e+02 1.2258707501e-14 4.1242646822e-15 7.2902231288e-15 8.4421968946e-16
4.7558593750e+02 1.2256235840e-14 4.1218173713e-15 7.2917882420e-15 8.4263022692e-16
4.7583007812e+02 1.2257993399e-14 4.1199477216e-15 7.2978111864e-15 8.4023449114e-16
4.7607421875e+02 1.2264620465e-14 4.1183356009e-15 7.3072827727e-15 8.3900209170e-16
4.7631835938e+02 1.2271516313e-14 4.1165335935e-15 7.3153598116e-15 8.3962290795e-16
4.7656250000e+02 1.2273068116e-14 4.1156423645e-15 7.3165711395e-15 8.4085461170e-16
4.7680664062e+02 1.2266550071e-14 4.1166018655e-15 7.3087413335e-15 8.4120687206e-16
4.7705078125e+02 1.2255584531e-14 4.1187012934e-15 7.2962894644e-15 8.4059377350e-16
4.7729492188e+02 1.2249431698e-14 4.1208380712e-15 7.2883953653e-15 8.4019826136e-16
4.7753906250e+02 1.2254079771e-14 4.1226008764e-15 7.2906379758e-15 8.4084091848e-16
4.7778320312e+02 1.2265281457e-14 4.1238913863e-15 7.2995125713e-15 8.4187749962e-16
4.7802734375e+02 1.2273480750e-14 4.1246871828e-15 7.3065613459e-15 8.4223222129e-16
4.7827148438e+02 1.2274076402e-14 4.1252167122e-15 7.3067689763e-15 8.4209071386e-16
4.7851562500e+02 1.2269706900e-14 4.1259783509e-15 7.3012088654e-15 8.4251968416e-16
4.7875976562e+02 1.2263481538e-14 4.1272495182e-15 7.2926013831e-15 8.4363063671e-16
4.7900390625e+02 1.2256105252e-14 4.1285571062e-15 7.2831323681e-15 8.4441577740e-16
4.7924804688e+02 1.2250518534e-14 4.1291170206e-15 7.2771641694e-15 8.4423734388e-16
4.7949218750e+02 1.2251663441e-14 4.1285997256e-15 7.2796745417e-15 8.4338917391e-16
4.7973632812e+02 1.2259942184e-14 4.1274796340e-15 7.2901023483e-15 8.4236020206e-16
4.7998046875e+02 1.2270774881e-14 4.1272637742e-15 7.3022566836e-15 8.4125442345e-16
4.8022460938e+02 1.2280252360e-14 4.1294606694e-15 7.3107898636e-15 8.4000182724e-16
4.8046875000e+02 1.2286889407e-14 4.1334503354e-15 7.3147471727e-15 8.3869189852e-16
4.8071289062e+02 1.2290138270e-14 4.1366914310e-15 7.3159145530e-15 8.3753228583e-16
4.8095703125e+02 1.2290343552e-14 4.1373796374e-15 7.3161754434e-15 8.3678847109e-16
4.8120117188e+02 1.2288185172e-14 4.1356651331e-15 7.3155822714e-15 8.3693776786e-16
4.8144531250e+02 1.2284213129e-14 4.1328358944e-15 7.3129095377e-15 8.3846769677e-16
4.8168945312e+02 1.2279405636e-14 4.1303361142e-15 7.3081320501e-15 8.4093747151e-16
4.8193359375e+02 1.2274456221e-14 4.1289498353e-15 7.3027197794e-15 8.4278660672e-16
4.8217773438e+02 1.2269903392e-14 4.1286949782e-15 7.2982908197e-15 8.4291759402e-16
4.8242187500e+02 1.2267686100e-14 4.1295523910e-15 7.2962053736e-15 8.4192833590e-16
4.8266601562e+02 1.2270173034e-14 4.1315998562e-15 7.2974027176e-15 8.4117046019e-16
4.8291015625e+02 1.2277021111e-14 4.1341070882e-15 7.3015462398e-15 8.4136778290e-16
4.8315429688e+02 1.2284467166e-14 4.1352646410e-15 7.3067912303e-15 8.4241129478e-16
4.8339843750e+02 1.2288453247e-14 4.1338155003e-15 7.3112090653e-15 8.4342868159e-16
4.8364257812e+02 1.2288253866e-14 4.1306856468e-15 7.3141596387e-15 8.4340858045e-16
4.8388671875e+02 1.2286792452e-14 4.1278255686e-15 7.3165645188e-15 8.4240236414e-16
4.8413085938e+02 1.2286638348e-14 4.1259483177e-15 7.3196206251e-15 8.4106940490e-16
4.8437500000e+02 1.2286551239e-14 4.1247331712e-15 7.3223375175e-15 8.3948054991e-16
4.8461914062e+02 1.2284203602e-14 4.1242227258e-15 7.3222939886e-15 8.3768688775e-16
4.8486328125e+02 1.2280416821e-14 4.1248669274e-15 7.3190582080e-15 8.3649168558e-16
4.8510742188e+02 1.2277384090e-14 4.1266362233e-15 7.3142362897e-15 8.3651157689e-16
4.8535156250e+02 1.2275348389e-14 4.1285673659e-15 7.3095242245e-15 8.3725679815e-16
4.8559570312e+02 1.2274347510e-14 4.1294913946e-15 7.3068716198e-15 8.3798449515e-16
4.8583984375e+02 1.2275727690e-14 4.1290669870e-15 7.3080015606e-15 8.3865914276e-16
4.8608398438e+02 1.2279544266e-14 4.1279476491e-15 7.3121206896e-15 8.3947592763e-16
4.8632812500e+02 1.2284362205e-14 4.1275156108e-15 7.3164033337e-15 8.4044326053e-16
4.8657226562e+02 1.2289628988e-14 4.1290544331e-15 7.3188833809e-15 8.4169117421e-16
4.8681640625e+02 1.2294536411e-14 4.1323261474e-15 7.3190220663e-15 8.4318819715e-16
4.8706054688e+02 1.2297129916e-14 4.1358269525e-15 7.3169694344e-15 8.4433352863e-16
4.8730468750e+02 1.2297362932e-14 4.1386973974e-15 7.3140525664e-15 8.4461296827e-16
4.8754882812e+02 1.2296707990e-14 4.1408136474e-15 7.3117770136e-15 8.4411732875e-16
4.8779296875e+02 1.2293506565e-14 4.1414176923e-15 7.3090945241e-15 8.4299434866e-16
4.8803710938e+02 1.2284725666e-14 4.1402966034e-15 7.3032519287e-15 8.4117713381e-16
4.8828125000e+02 1.2273264729e-14 4.1394132652e-15 7.2948355394e-15 8.3901592448e-16
4.8852539062e+02 1.2267341405e-14 4.1405010949e-15 7.2894014300e-15 8.3743887958e-16
4.8876953125e+02 1.2271171840e-14 4.1425575136e-15 7.2915737330e-15 8.3704059318e-16
4.8901367188e+02 1.2279920991e-14 4.1431784494e-15 7.2992145622e-15 8.3752797929e-16
4.8925781250e+02 1.2285949668e-14 4.1409540442e-15 7.3065783790e-15 8.3841724507e-16
4.8950195312e+02 1.2287848251e-14 4.1365478511e-15 7.3114590397e-15 8.3984135992e-16
4.8974609375e+02 1.2289712654e-14 4.1319365574e-15 7.3157918140e-15 8.4198428304e-16
4.8999023438e+02 1.2293897332e-14 4.1287257008e-15 7.3213570080e-15 8.4381462310e-16
4.9023437500e+02 1.2298788996e-14 4.1274889107e-15 7.3278992664e-15 8.4340081865e-16
4.9047851562e+02 1.2301651881e-14 4.1275635263e-15 7.3339292058e-15 8.4015914942e-16
4.9072265625e+02 1.2300483153e-14 4.1272540018e-15 7.3371352693e-15 8.3609388153e-16
4.9096679688e+02 1.2294592632e-14 4.1256225468e-15 7.3352913970e-15 8.3367868814e-16
4.9121093750e+02 1.2286012459e-14 4.1238237365e-15 7.3288839535e-15 8.3330476918e-16
4.9145507812e+02 1.2279525553e-14 4.1239959207e-15 7.3215426906e-15 8.3398694172e-16
4.9169921875e+02 1.2278424416e-14 4.1268784916e-15 7.3161500351e-15 8.3539588885e-16
4.9194335938e+02 1.2280982710e-14 4.1306415715e-15 7.3125679502e-15 8.3777318788e-16
4.9218750000e+02 1.2283467372e-14 4.1326320206e-15 7.3103507176e-15 8.4048463333e-16
4.9243164062e+02 1.2284220179e-14 4.1320640688e-15 7.3100891454e-15 8.4206696439e-16
4.9267578125e+02 1.2284002335e-14 4.1305871141e-15 7.3113671838e-15 8.4204803718e-16
4.9291992188e+02 1.2286174622e-14 4.1306169553e-15 7.3137142939e-15 8.4184337310e-16
4.9316406250e+02 1.2294328044e-14 4.1326162866e-15 7.3186415683e-15 8.4307018878e-16
4.9340820312e+02 1.2305646058e-14 4.1340767394e-15 7.3260269763e-15 8.4554234213e-16
4.9365234375e+02 1.2311428216e-14 4.1325565939e-15 7.3311928400e-15 8.4767878227e-16
4.9389648438e+02 1.2307510359e-14 4.1289881520e-15 7.3302530474e-15 8.4826915959e-16
4.9414062500e+02 1.2299415488e-14 4.1267479812e-15 7.3253461568e-15 8.4732134992e-16
4.9438476562e+02 1.2295725688e-14 4.1282046334e-15 7.3217286218e-15 8.4579243335e-16
4.9462890625e+02 1.2299608078e-14 4.1321982628e-15 7.3224205930e-15 8.4498922254e-16
4.9487304688e+02 1.2307280485e-14 4.1348644824e-15 7.3265210109e-15 8.4589499204e-16
4.9511718750e+02 1.2312535430e-14 4.1336428456e-15 7.3306389213e-15 8.4825366348e-16
4.9536132812e+02 1.2311565729e-14 4.1294691734e-15 7.3318526595e-15 8.5024389572e-16
4.9560546875e+02 1.2305495254e-14 4.1250400215e-15 7.3304427566e-15 8.5001247541e-16
4.9584960938e+02 1.2299617963e-14 4.1225016917e-15 7.3294299804e-15 8.4768629086e-16
4.9609375000e+02 1.2298176555e-14 4.1222885019e-15 7.3307228806e-15 8.4516517247e-16
4.9633789062e+02 1.2300631257e-14 4.1234363310e-15 7.3330541285e-15 8.4414079743e-16
4.9658203125e+02 1.2304351860e-14 4.1247994196e-15 7.3346852113e-15 8.4486722908e-16
4.9682617188e+02 1.2307229331e-14 4.1256430915e-15 7.3353831408e-15 8.4620309848e-16
4.9707031250e+02 1.2306554014e-14 4.1258411268e-15 7.3343692242e-15 8.4634366283e-16
4.9731445312e+02 1.2300275870e-14 4.1256044611e-15 7.3301279964e-15 8.4454341253e-16
4.9755859375e+02 1.2290501878e-14 4.1247170282e-15 7.3232907412e-15 8.4249410862e-16
4.9780273438e+02 1.2281954727e-14 4.1227506900e-15 7.3167013460e-15 8.4250269123e-16
4.9804687500e+02 1.2277233710e-14 4.1200238027e-15 7.3130447053e-15 8.4416520173e-16
4.9829101562e+02 1.2276422618e-14 4.1177552742e-15 7.3136755252e-15 8.4499181865e-16
4.9853515625e+02 1.2279408157e-14 4.1170275916e-15 7.3180447571e-15 8.4433580828e-16
4.9877929688e+02 1.2285359626e-14 4.1179696662e-15 7.3233856672e-15 8.4400429254e-16
4.9902343750e+02 1.2291962231e-14 4.1206705140e-15 7.3262667610e-15 8.4502495600e-16
4.9926757812e+02 1.2297888023e-14 4.1256079639e-15 7.3256856360e-15 8.4659442311e-16
4.9951171875e+02 1.2304119716e-14 4.1321358787e-15 7.3241047485e-15 8.4787908909e-16
4.9975585938e+02 1.2310536457e-14 4.1379287780e-15 7.3239121121e-15 8.4869556719e-16
5.0000000000e+02 1.2313532462e-14 4.1402729259e-15 7.3242749295e-15 8.4898460703e-16
