# freq_THz  G_total  G_Al  G_N  G_Ga
# MD-derived velocity power spectrum. Common normalization: integral(G_total) = 3*primitive_atoms.
# mass_weighted=True; primitive_atoms=2; block_duration_ps=4.09600000; df_THz=0.24414062; total_equals_sum_of_partials=True
0.0000000000e+00 0.0000000000e+00 0.0000000000e+00 0.0000000000e+00 0.0000000000e+00
2.4414062500e-01 1.3863410187e-01 7.1073226896e-02 4.2988095434e-02 2.4572779540e-02
4.8828125000e-01 1.7816026172e-01 9.1750678099e-02 5.6084925280e-02 3.0324658342e-02
7.3242187500e-01 1.8942037976e-01 9.8258872190e-02 6.0816286687e-02 3.0345220887e-02
9.7656250000e-01 1.9640685337e-01 1.0291748710e-01 6.4256262614e-02 2.9233103655e-02
1.2207031250e+00 2.0029093493e-01 1.0572695760e-01 6.6818262057e-02 2.7745715274e-02
1.4648437500e+00 2.0347467057e-01 1.0809014714e-01 6.9129385513e-02 2.6255137917e-02
1.7089843750e+00 2.2693387618e-01 1.2082931975e-01 7.8119734279e-02 2.7984822151e-02
1.9531250000e+00 2.3288282326e-01 1.2431174517e-01 8.1581805385e-02 2.6989272709e-02
2.1972656250e+00 2.4589384747e-01 1.3105377358e-01 8.7037568825e-02 2.7802505060e-02
2.4414062500e+00 2.6632927764e-01 1.4177280895e-01 9.5124682790e-02 2.9431785897e-02
2.6855468750e+00 2.8073874902e-01 1.5017113997e-01 1.0064514693e-01 2.9922462115e-02
2.9296875000e+00 2.9672083096e-01 1.5956723893e-01 1.0588594393e-01 3.1267648110e-02
3.1738281250e+00 3.2526160385e-01 1.7686902362e-01 1.1476812499e-01 3.3624455234e-02
3.4179687500e+00 3.4509846129e-01 1.9206455719e-01 1.1938620667e-01 3.3647697437e-02
3.6621093750e+00 3.6668337224e-01 2.1115397008e-01 1.2367932048e-01 3.1850081682e-02
3.9062500000e+00 3.7026448349e-01 2.1611861016e-01 1.2003909272e-01 3.4106780605e-02
4.1503906250e+00 3.2278166164e-01 1.8618715239e-01 9.9736971550e-02 3.6857537699e-02
4.3945312500e+00 2.7229473153e-01 1.5331855290e-01 7.9412265529e-02 3.9563913108e-02
4.6386718750e+00 2.4162629788e-01 1.3250436433e-01 6.5831051904e-02 4.3290881648e-02
4.8828125000e+00 2.1281845913e-01 1.1403670995e-01 5.4007463566e-02 4.4774285611e-02
5.1269531250e+00 1.8549569258e-01 9.6767679278e-02 4.5465078768e-02 4.3262934533e-02
5.3710937500e+00 1.6014549185e-01 7.7917044170e-02 4.2361580341e-02 3.9866867343e-02
5.6152343750e+00 1.7705298310e-01 8.2715712666e-02 5.5214779754e-02 3.9122490683e-02
5.8593750000e+00 2.1150033203e-01 9.5231745680e-02 7.8048821609e-02 3.8219764739e-02
6.1035156250e+00 2.4390026258e-01 1.0754913094e-01 1.0025069229e-01 3.6100439345e-02
6.3476562500e+00 2.7628793870e-01 1.2177569712e-01 1.2111400593e-01 3.3398235656e-02
6.5917968750e+00 3.0140123487e-01 1.3349507921e-01 1.3929065963e-01 2.8615496038e-02
6.8359375000e+00 3.2173539098e-01 1.4957847316e-01 1.4891064004e-01 2.3246277782e-02
7.0800781250e+00 3.4522571685e-01 1.7062860118e-01 1.5547864392e-01 1.9118471742e-02
7.3242187500e+00 3.7053487926e-01 1.8763854117e-01 1.6780642542e-01 1.5089912676e-02
7.5683593750e+00 3.8998080931e-01 2.0000083905e-01 1.7835949792e-01 1.1620472345e-02
7.8125000000e+00 4.2366515182e-01 2.1482208553e-01 1.9885529688e-01 9.9877694000e-03
8.0566406250e+00 4.4913639070e-01 2.2029931794e-01 2.2015944001e-01 8.6776327553e-03
8.3007812500e+00 4.3591624210e-01 2.1292833469e-01 2.1506235916e-01 7.9255482479e-03
8.5449218750e+00 4.0639715783e-01 2.0187521848e-01 1.9679439693e-01 7.7275424145e-03
8.7890625000e+00 3.8444900607e-01 1.9333212632e-01 1.8384089947e-01 7.2759802867e-03
9.0332031250e+00 3.5724766044e-01 1.8106093162e-01 1.6950655059e-01 6.6801782305e-03
9.2773437500e+00 3.3740552835e-01 1.7072719236e-01 1.6056081207e-01 6.1175239164e-03
9.5214843750e+00 3.2518596544e-01 1.6689032204e-01 1.5238695609e-01 5.9086873056e-03
9.7656250000e+00 3.0847285502e-01 1.5967877376e-01 1.4330398909e-01 5.4900921659e-03
1.0009765625e+01 2.9740268759e-01 1.5508421880e-01 1.3694184820e-01 5.3766205796e-03
1.0253906250e+01 2.9148326094e-01 1.5254134632e-01 1.3377754308e-01 5.1643715412e-03
1.0498046875e+01 2.7787212199e-01 1.4587806613e-01 1.2726249261e-01 4.7315632394e-03
1.0742187500e+01 2.6831607698e-01 1.4211358943e-01 1.2153774822e-01 4.6647393214e-03
1.0986328125e+01 2.5773362574e-01 1.3636195281e-01 1.1687974202e-01 4.4919309136e-03
1.1230468750e+01 2.4666841821e-01 1.3016295098e-01 1.1219032771e-01 4.3151395245e-03
1.1474609375e+01 2.2684246735e-01 1.1876684459e-01 1.0387042880e-01 4.2051939589e-03
1.1718750000e+01 2.0340585568e-01 1.0555851505e-01 9.3512904629e-02 4.3344360064e-03
1.1962890625e+01 1.7842653935e-01 9.6973385615e-02 7.6780375394e-02 4.6727783412e-03
1.2207031250e+01 1.3671986717e-01 8.5302115892e-02 4.6339273705e-02 5.0784775779e-03
1.2451171875e+01 1.1006117889e-01 7.8069534390e-02 2.6653716899e-02 5.3379275983e-03
1.2695312500e+01 1.0972090913e-01 8.0399609448e-02 2.3641749964e-02 5.6795497183e-03
1.2939453125e+01 1.1142666946e-01 8.3145018235e-02 2.2587851850e-02 5.6937993770e-03
1.3183593750e+01 1.1845721412e-01 8.9976676229e-02 2.2629432003e-02 5.8511058832e-03
1.3427734375e+01 1.2816618274e-01 9.9148823783e-02 2.2976174583e-02 6.0411843747e-03
1.3671875000e+01 1.3788414027e-01 1.0873912661e-01 2.3086862774e-02 6.0581508879e-03
1.3916015625e+01 1.4822781407e-01 1.1937604475e-01 2.3102297729e-02 5.7494715975e-03
1.4160156250e+01 1.5858947271e-01 1.3054547904e-01 2.2787703643e-02 5.2562900238e-03
1.4404296875e+01 1.6629584434e-01 1.4026077886e-01 2.1541081930e-02 4.4939835520e-03
1.4648437500e+01 1.8431931570e-01 1.5986251466e-01 2.0703611747e-02 3.7531892905e-03
1.4892578125e+01 2.1914234980e-01 1.9589258409e-01 2.0258663061e-02 2.9911026487e-03
1.5136718750e+01 2.5077649286e-01 2.3000904198e-01 1.8660437694e-02 2.1070131848e-03
1.5380859375e+01 2.3936537942e-01 2.2184760771e-01 1.6022436955e-02 1.4953347533e-03
1.5625000000e+01 1.8730793373e-01 1.7410366523e-01 1.2177622607e-02 1.0266458843e-03
1.5869140625e+01 1.1623661445e-01 1.0785105251e-01 7.7838264542e-03 6.0173548715e-04
1.6113281250e+01 3.9697304328e-02 3.5700650381e-02 3.7164967890e-03 2.8015715850e-04
1.6357421875e+01 1.2652029043e-02 1.0251308079e-02 2.2330319299e-03 1.6768903447e-04
1.6601562500e+01 7.3124020058e-03 5.3601080386e-03 1.8225848724e-03 1.2970909475e-04
1.6845703125e+01 5.3044603271e-03 3.5644600210e-03 1.6340249249e-03 1.0597538123e-04
1.7089843750e+01 4.3352769862e-03 2.6999870251e-03 1.5421946954e-03 9.3095265790e-05
1.7333984375e+01 3.7701696614e-03 2.1962525156e-03 1.4923588238e-03 8.1558322034e-05
1.7578125000e+01 3.3540002445e-03 1.8266776650e-03 1.4555984114e-03 7.1724168064e-05
1.7822265625e+01 3.1186393923e-03 1.6029090966e-03 1.4499309975e-03 6.5799298277e-05
1.8066406250e+01 2.9494126151e-03 1.4284388675e-03 1.4616385894e-03 5.9335158266e-05
1.8310546875e+01 2.7991276520e-03 1.2700866033e-03 1.4766307887e-03 5.2410259957e-05
1.8554687500e+01 2.6789239336e-03 1.1472047724e-03 1.4845031053e-03 4.7216055930e-05
1.8798828125e+01 2.5828299051e-03 1.0435510620e-03 1.4958022111e-03 4.3476631958e-05
1.9042968750e+01 2.5105533663e-03 9.5189385066e-04 1.5190908363e-03 3.9568679369e-05
1.9287109375e+01 2.4401805291e-03 8.7702210717e-04 1.5276612371e-03 3.5497184747e-05
1.9531250000e+01 2.4110494671e-03 8.2716107485e-04 1.5505339190e-03 3.3354473220e-05
1.9775390625e+01 2.4150142876e-03 7.8657472140e-04 1.5966172609e-03 3.1822305242e-05
2.0019531250e+01 2.4212917284e-03 7.3479250848e-04 1.6556223376e-03 3.0876882305e-05
2.0263671875e+01 2.4679730135e-03 6.8354158479e-04 1.7530004017e-03 3.1431027056e-05
2.0507812500e+01 2.5687770983e-03 6.3080185260e-04 1.9056842778e-03 3.2290967904e-05
2.0751953125e+01 2.7628107446e-03 5.8977600590e-04 2.1389689868e-03 3.4065751876e-05
2.0996093750e+01 3.1234815801e-03 5.7339272916e-04 2.5123325942e-03 3.7756256762e-05
2.1240234375e+01 3.7388964226e-03 5.7656478889e-04 3.1197943688e-03 4.2537264865e-05
2.1484375000e+01 5.4294766969e-03 6.1265851139e-04 4.7664030249e-03 5.0415160651e-05
2.1728515625e+01 2.8302845954e-02 8.5133891207e-04 2.7367734575e-02 8.3772466540e-05
2.1972656250e+01 1.0690487283e-01 2.1622911517e-03 1.0449144786e-01 2.5113381420e-04
2.2216796875e+01 1.5536550545e-01 4.6109025401e-03 1.5014074258e-01 6.1386032330e-04
2.2460937500e+01 1.8138304934e-01 7.6628684359e-03 1.7255446561e-01 1.1657152946e-03
2.2705078125e+01 2.0973302727e-01 1.0933401956e-02 1.9686590420e-01 1.9337211161e-03
2.2949218750e+01 2.4161069368e-01 1.4336502399e-02 2.2435470989e-01 2.9194813865e-03
2.3193359375e+01 2.8262198931e-01 1.8260623569e-02 2.6051235322e-01 3.8490125151e-03
2.3437500000e+01 3.2939225248e-01 2.3555505928e-02 3.0111973305e-01 4.7170135010e-03
2.3681640625e+01 3.1396164974e-01 2.8029146263e-02 2.8066395024e-01 5.2685532363e-03
2.3925781250e+01 2.7037969309e-01 3.1308518393e-02 2.3420405879e-01 4.8671159015e-03
2.4169921875e+01 2.3314788397e-01 3.3402265282e-02 1.9571989295e-01 4.0257257354e-03
2.4414062500e+01 2.1225094883e-01 3.5896692623e-02 1.7292504413e-01 3.4292120798e-03
2.4658203125e+01 2.1020184229e-01 3.9923999955e-02 1.6680159263e-01 3.4762496993e-03
2.4902343750e+01 2.0716725865e-01 4.2976285454e-02 1.6061877618e-01 3.5721970127e-03
2.5146484375e+01 2.0977814374e-01 4.7224304639e-02 1.5890238079e-01 3.6514583145e-03
2.5390625000e+01 2.4789293018e-01 5.8884849157e-02 1.8414057003e-01 4.8675110004e-03
2.5634765625e+01 3.0888898536e-01 7.7165128750e-02 2.2581399270e-01 5.9098639029e-03
2.5878906250e+01 4.8372767096e-01 1.3263961749e-01 3.4645151112e-01 4.6365423462e-03
2.6123046875e+01 9.2613080207e-01 2.6544676588e-01 6.5801271904e-01 2.6713171483e-03
2.6367187500e+01 1.1863793226e+00 3.4412512272e-01 8.4056509199e-01 1.6891079111e-03
2.6611328125e+01 7.4341257943e-01 2.2053976240e-01 5.2183229502e-01 1.0405220128e-03
2.6855468750e+01 4.2884002568e-01 1.2874540525e-01 2.9948451592e-01 6.1010451249e-04
2.7099609375e+01 3.5572946372e-01 1.0693326222e-01 2.4844098020e-01 3.5522130038e-04
2.7343750000e+01 1.4383270054e-01 4.3349929038e-02 1.0031515939e-01 1.6761210430e-04
2.7587890625e+01 3.9228122830e-02 1.1736084229e-02 2.7411437492e-02 8.0601109297e-05
2.7832031250e+01 1.1597705126e-02 3.4049231212e-03 8.1408214130e-03 5.1960592118e-05
2.8076171875e+01 6.7748179069e-03 1.9707265906e-03 4.7617009131e-03 4.2390403202e-05
2.8320312500e+01 5.0564442994e-03 1.4688124849e-03 3.5509930026e-03 3.6638811904e-05
2.8564453125e+01 4.0885078266e-03 1.1863852613e-03 2.8694720294e-03 3.2650535866e-05
2.8808593750e+01 3.5558241436e-03 1.0322345780e-03 2.4941479338e-03 2.9441631713e-05
2.9052734375e+01 3.0580125668e-03 8.8779754832e-04 2.1430641593e-03 2.7150859183e-05
2.9296875000e+01 2.7102074724e-03 7.8712389763e-04 1.8979328315e-03 2.5150743279e-05
2.9541015625e+01 2.4775310185e-03 7.2148636687e-04 1.7324946858e-03 2.3549965888e-05
2.9785156250e+01 2.2475529864e-03 6.5509753929e-04 1.5708374001e-03 2.1618047075e-05
3.0029296875e+01 2.0585024677e-03 5.9812239415e-04 1.4400431284e-03 2.0336945142e-05
3.0273437500e+01 1.9446215130e-03 5.6112049416e-04 1.3640709622e-03 1.9430056644e-05
3.0517578125e+01 1.7949793520e-03 5.1330488562e-04 1.2634789954e-03 1.8195471015e-05
3.0761718750e+01 1.6373161819e-03 4.6015581381e-04 1.1599015641e-03 1.7258803979e-05
3.1005859375e+01 1.5239493486e-03 4.2167014533e-04 1.0857486210e-03 1.6530582327e-05
3.1250000000e+01 1.4225744550e-03 3.8781612330e-04 1.0188238748e-03 1.5934456853e-05
3.1494140625e+01 1.3304921433e-03 3.5943251990e-04 9.5597852858e-04 1.5081094785e-05
3.1738281250e+01 1.2643710838e-03 3.3954786609e-04 9.1004450544e-04 1.4778712258e-05
3.1982421875e+01 1.2140800517e-03 3.2421309550e-04 8.7497280473e-04 1.4894151430e-05
3.2226562500e+01 1.1682119603e-03 3.1247845938e-04 8.4150731533e-04 1.4226185605e-05
3.2470703125e+01 1.1317455929e-03 3.0425573872e-04 8.1383777411e-04 1.3652080080e-05
3.2714843750e+01 1.0941080488e-03 2.9559871344e-04 7.8544069781e-04 1.3068637502e-05
3.2958984375e+01 1.0631690571e-03 2.8848432163e-04 7.6206286310e-04 1.2621872342e-05
3.3203125000e+01 1.0381589809e-03 2.8333865150e-04 7.4258648629e-04 1.2233843135e-05
3.3447265625e+01 1.0205177660e-03 2.8007217929e-04 7.2867753595e-04 1.1768050784e-05
3.3691406250e+01 1.0017820704e-03 2.7645426221e-04 7.1383751800e-04 1.1490290154e-05
3.3935546875e+01 9.8135246757e-04 2.7138945021e-04 6.9856485800e-04 1.1398159353e-05
3.4179687500e+01 9.6096245336e-04 2.6508530778e-04 6.8478723556e-04 1.1089910023e-05
3.4423828125e+01 9.4277723976e-04 2.5776630712e-04 6.7404714185e-04 1.0963790781e-05
3.4667968750e+01 9.2771375576e-04 2.5045409227e-04 6.6624043756e-04 1.1019225923e-05
3.4912109375e+01 9.1178694322e-04 2.4342215530e-04 6.5748497026e-04 1.0879817660e-05
3.5156250000e+01 8.9107786030e-04 2.3558294911e-04 6.4479990060e-04 1.0695010589e-05
3.5400390625e+01 8.7440157839e-04 2.2934216966e-04 6.3475784116e-04 1.0301567570e-05
3.5644531250e+01 8.6686576350e-04 2.2602317017e-04 6.3061109728e-04 1.0231496055e-05
3.5888671875e+01 8.6625218698e-04 2.2476565556e-04 6.3116615505e-04 1.0320376371e-05
3.6132812500e+01 8.6273298585e-04 2.2372950302e-04 6.2894403024e-04 1.0059452586e-05
3.6376953125e+01 8.6766929076e-04 2.2477531246e-04 6.3286423794e-04 1.0029740350e-05
3.6621093750e+01 8.8067415796e-04 2.2789267637e-04 6.4281030003e-04 9.9711815647e-06
3.6865234375e+01 9.0071787203e-04 2.3360726121e-04 6.5730909281e-04 9.8015180051e-06
3.7109375000e+01 9.2340802462e-04 2.4105945762e-04 6.7283694895e-04 9.5116180564e-06
3.7353515625e+01 9.4779112937e-04 2.4830947764e-04 6.9020612847e-04 9.2755232599e-06
3.7597656250e+01 9.5564091256e-04 2.5075296782e-04 6.9580512824e-04 9.0828165018e-06
3.7841796875e+01 9.5042704051e-04 2.4954280931e-04 6.9214139113e-04 8.7428400639e-06
3.8085937500e+01 9.3196453603e-04 2.4460213207e-04 6.7903886454e-04 8.3235394233e-06
3.8330078125e+01 9.1684695451e-04 2.4027888818e-04 6.6866023899e-04 7.9078273318e-06
3.8574218750e+01 8.9196464353e-04 2.3315439327e-04 6.5130004996e-04 7.5102002881e-06
3.8818359375e+01 8.5367513099e-04 2.2243112680e-04 6.2426138267e-04 6.9826215198e-06
3.9062500000e+01 8.0862618274e-04 2.1042540052e-04 5.9202500244e-04 6.1757797771e-06
3.9306640625e+01 7.6380736907e-04 1.9799287049e-04 5.6029405384e-04 5.5204447388e-06
3.9550781250e+01 7.2725517355e-04 1.8765160096e-04 5.3461018788e-04 4.9933847068e-06
3.9794921875e+01 7.0134797713e-04 1.8060742483e-04 5.1634977846e-04 4.3907738300e-06
4.0039062500e+01 6.8730131016e-04 1.7652459704e-04 5.0699905806e-04 3.7776550646e-06
4.0283203125e+01 6.8815882615e-04 1.7659756739e-04 5.0841154810e-04 3.1497106565e-06
4.0527343750e+01 6.8887866045e-04 1.7639893102e-04 5.0987312996e-04 2.6065994763e-06
4.0771484375e+01 6.9429463205e-04 1.7750943375e-04 5.1469352893e-04 2.0916693765e-06
4.1015625000e+01 7.1838052674e-04 1.8229385685e-04 5.3440947591e-04 1.6771939790e-06
4.1259765625e+01 7.5149197771e-04 1.8939281188e-04 5.6079742409e-04 1.3017417412e-06
4.1503906250e+01 7.4231664268e-04 1.8609465792e-04 5.5524360975e-04 9.7837500960e-07
4.1748046875e+01 6.5404780551e-04 1.6315463849e-04 4.9017639701e-04 7.1677000777e-07
4.1992187500e+01 5.0802170764e-04 1.2665620176e-04 3.8082360110e-04 5.4190477375e-07
4.2236328125e+01 3.4283989455e-04 8.5727366833e-05 2.5667891587e-04 4.3361184888e-07
4.2480468750e+01 1.9923864322e-04 4.9773301250e-05 1.4910825369e-04 3.5708827882e-07
4.2724609375e+01 1.1152001536e-04 2.8045517625e-05 8.3164003906e-05 3.1049383276e-07
4.2968750000e+01 6.8160941052e-05 1.7317831327e-05 5.0565831588e-05 2.7727813780e-07
4.3212890625e+01 4.6766391812e-05 1.1930009611e-05 3.4583003830e-05 2.5337837093e-07
4.3457031250e+01 3.7279240829e-05 9.5090166726e-06 2.7531387829e-05 2.3883632785e-07
4.3701171875e+01 3.3366559775e-05 8.4153410404e-06 2.4723458294e-05 2.2776044055e-07
4.3945312500e+01 3.2485083575e-05 7.8465748289e-06 2.4412042539e-05 2.2646620747e-07
4.4189453125e+01 3.3882951273e-05 7.6605657643e-06 2.5977749853e-05 2.4463565572e-07
4.4433593750e+01 3.6476893707e-05 7.7736246084e-06 2.8424844464e-05 2.7842463486e-07
4.4677734375e+01 4.0858744683e-05 8.3629451064e-06 3.2154044932e-05 3.4175464462e-07
4.4921875000e+01 4.6875294053e-05 9.3233216043e-06 3.7103672749e-05 4.4829969986e-07
4.5166015625e+01 5.4980812988e-05 1.0796573304e-05 4.3567923889e-05 6.1631579482e-07
4.5410156250e+01 6.4784899837e-05 1.2807640008e-05 5.1132996669e-05 8.4426315968e-07
4.5654296875e+01 7.5457355845e-05 1.5256443698e-05 5.9094136812e-05 1.1067753343e-06
4.5898437500e+01 8.5523800005e-05 1.7788768209e-05 6.6338677404e-05 1.3963543928e-06
4.6142578125e+01 9.3938083806e-05 2.0246262479e-05 7.2114707823e-05 1.5771135041e-06
4.6386718750e+01 1.0146103386e-04 2.2838012444e-05 7.6961682731e-05 1.6613386835e-06
4.6630859375e+01 1.0839208641e-04 2.5464819664e-05 8.1201571548e-05 1.7256951955e-06
4.6875000000e+01 1.1468130930e-04 2.8349439616e-05 8.4707469354e-05 1.6244003321e-06
4.7119140625e+01 1.2041260094e-04 3.1383495243e-05 8.7535424148e-05 1.4936815523e-06
4.7363281250e+01 1.2597679758e-04 3.4781251527e-05 8.9934125145e-05 1.2614209095e-06
4.7607421875e+01 1.3633309705e-04 4.0164014835e-05 9.5129047024e-05 1.0400351946e-06
4.7851562500e+01 1.5900271362e-04 5.0322977829e-05 1.0781204048e-04 8.6769530577e-07
4.8095703125e+01 2.0723686742e-04 7.0595025422e-05 1.3589071030e-04 7.5113168994e-07
4.8339843750e+01 2.6972150634e-04 9.5855232086e-05 1.7317839834e-04 6.8787591767e-07
4.8583984375e+01 3.1512526411e-04 1.1350955863e-04 2.0096381477e-04 6.5189071300e-07
4.8828125000e+01 3.4358936047e-04 1.2433531168e-04 2.1859272416e-04 6.6132463598e-07
4.9072265625e+01 3.7133284681e-04 1.3439095709e-04 2.3624274404e-04 6.9914567556e-07
4.9316406250e+01 3.9751681767e-04 1.4418392540e-04 2.5259661942e-04 7.3627284475e-07
4.9560546875e+01 4.1120640189e-04 1.4902481040e-04 2.6143306321e-04 7.4852828114e-07
4.9804687500e+01 4.1059180596e-04 1.4791463227e-04 2.6193030146e-04 7.4687222680e-07
5.0048828125e+01 3.8685989518e-04 1.3788361213e-04 2.4823028587e-04 7.4599717786e-07
5.0292968750e+01 3.5447150784e-04 1.2461308376e-04 2.2916719571e-04 6.9122836804e-07
5.0537109375e+01 3.2844449952e-04 1.1387112285e-04 2.1393848964e-04 6.3488703102e-07
5.0781250000e+01 3.0639578640e-04 1.0459469163e-04 2.0126349294e-04 5.3760183573e-07
5.1025390625e+01 2.8867644538e-04 9.6744579343e-05 1.9149002292e-04 4.4184312055e-07
5.1269531250e+01 2.7341778883e-04 9.0025556777e-05 1.8302770948e-04 3.6452256673e-07
5.1513671875e+01 2.6835066892e-04 8.6504498243e-05 1.8153749337e-04 3.0867730310e-07
5.1757812500e+01 2.7918515097e-04 8.7726905274e-05 1.9118587382e-04 2.7237188330e-07
5.2001953125e+01 3.1886619122e-04 9.7190661624e-05 2.2143386538e-04 2.4166422061e-07
5.2246093750e+01 4.0265383051e-04 1.1818664618e-04 2.8424839857e-04 2.1878576044e-07
5.2490234375e+01 4.8277151657e-04 1.3757797868e-04 3.4498379037e-04 2.0974751960e-07
5.2734375000e+01 4.7591189398e-04 1.3320769027e-04 3.4248689737e-04 2.1730634911e-07
5.2978515625e+01 3.6919022518e-04 1.0290280570e-04 2.6602541638e-04 2.6200310239e-07
5.3222656250e+01 2.5072798868e-04 7.0988573174e-05 1.7939905846e-04 3.4035704834e-07
5.3466796875e+01 1.7743706958e-04 5.1739376864e-05 1.2526739241e-04 4.3030031168e-07
5.3710937500e+01 1.3819869395e-04 4.0929898326e-05 9.6702440704e-05 5.6635492145e-07
5.3955078125e+01 1.1451677974e-04 3.4057099055e-05 7.9793291410e-05 6.6638927042e-07
5.4199218750e+01 8.2588769188e-05 2.4648546431e-05 5.7414652734e-05 5.2557002308e-07
5.4443359375e+01 4.8305673626e-05 1.4212439143e-05 3.3775915100e-05 3.1731938271e-07
5.4687500000e+01 3.0139925374e-05 8.6442886698e-06 2.1287956128e-05 2.0768057549e-07
5.4931640625e+01 1.9925699829e-05 5.6085177074e-06 1.4175675349e-05 1.4150677226e-07
5.5175781250e+01 1.4242941390e-05 3.9904946459e-06 1.0150061646e-05 1.0238509835e-07
5.5419921875e+01 1.1571436142e-05 3.2289390520e-06 8.2581922515e-06 8.4304838919e-08
5.5664062500e+01 1.0037554679e-05 2.7958609083e-06 7.1666439325e-06 7.5049837889e-08
5.5908203125e+01 9.0337473475e-06 2.5065690625e-06 6.4575820555e-06 6.9596229449e-08
5.6152343750e+01 8.2945967837e-06 2.2941013912e-06 5.9352178772e-06 6.5277515293e-08
5.6396484375e+01 7.7027867089e-06 2.1251651830e-06 5.5157027919e-06 6.1918734026e-08
5.6640625000e+01 7.1422353437e-06 1.9693056826e-06 5.1139970105e-06 5.8932650663e-08
5.6884765625e+01 6.6721755860e-06 1.8419031548e-06 4.7747986496e-06 5.5473781688e-08
5.7128906250e+01 6.2658342849e-06 1.7392284607e-06 4.4734581067e-06 5.3147717527e-08
5.7373046875e+01 5.8626184046e-06 1.6271285150e-06 4.1843725685e-06 5.1117321145e-08
5.7617187500e+01 5.4562217979e-06 1.5090119285e-06 3.8977743266e-06 4.9435542820e-08
5.7861328125e+01 5.1142115743e-06 1.4249703021e-06 3.6422310590e-06 4.7010213274e-08
5.8105468750e+01 4.8391110500e-06 1.3580811666e-06 3.4368550315e-06 4.4174851876e-08
5.8349609375e+01 4.6120125717e-06 1.2975551763e-06 3.2722518382e-06 4.2205557229e-08
5.8593750000e+01 4.4127127255e-06 1.2445724272e-06 3.1275430067e-06 4.0597291580e-08
5.8837890625e+01 4.2529514730e-06 1.2040692143e-06 3.0105924234e-06 3.8289835240e-08
5.9082031250e+01 4.0889018648e-06 1.1613305576e-06 2.8914976891e-06 3.6073618100e-08
5.9326171875e+01 3.9619127657e-06 1.1254930992e-06 2.8013171306e-06 3.5102535873e-08
5.9570312500e+01 3.8609701292e-06 1.0982395415e-06 2.7285224581e-06 3.4208129576e-08
5.9814453125e+01 3.7595682460e-06 1.0685516298e-06 2.6582535143e-06 3.2763101917e-08
6.0058593750e+01 3.6515261584e-06 1.0383875093e-06 2.5819967014e-06 3.1141947682e-08
6.0302734375e+01 3.5888905316e-06 1.0228981604e-06 2.5363974878e-06 2.9594883449e-08
6.0546875000e+01 3.5205072550e-06 1.0024067350e-06 2.4891356521e-06 2.8964867841e-08
6.0791015625e+01 3.4288453623e-06 9.7542779667e-07 2.4256201477e-06 2.7797417881e-08
6.1035156250e+01 3.3556885396e-06 9.5498448462e-07 2.3737087548e-06 2.6995300216e-08
6.1279296875e+01 3.2467565811e-06 9.2414838421e-07 2.2966090381e-06 2.5999158866e-08
6.1523437500e+01 3.1624523379e-06 9.0270520711e-07 2.2346739878e-06 2.5073143008e-08
6.1767578125e+01 3.0788629912e-06 8.8136400937e-07 2.1734686747e-06 2.4030307131e-08
6.2011718750e+01 2.9756990925e-06 8.4913066754e-07 2.1036324561e-06 2.2935968923e-08
6.2255859375e+01 2.9032042573e-06 8.3010844647e-07 2.0509673735e-06 2.2128437280e-08
6.2500000000e+01 2.8534498539e-06 8.1551730607e-07 2.0162765466e-06 2.1656001176e-08
6.2744140625e+01 2.8114449438e-06 8.0214702718e-07 1.9887691260e-06 2.0528790640e-08
6.2988281250e+01 2.7893266761e-06 7.9602652895e-07 1.9732777019e-06 2.0022445198e-08
6.3232421875e+01 2.7524167351e-06 7.8300695738e-07 1.9495845617e-06 1.9825215965e-08
6.3476562500e+01 2.7409806814e-06 7.7832503881e-07 1.9438964286e-06 1.8759214023e-08
6.3720703125e+01 2.7026179722e-06 7.6509146131e-07 1.9199864361e-06 1.7540074822e-08
6.3964843750e+01 2.6270812112e-06 7.4296877456e-07 1.8672275189e-06 1.6884917771e-08
6.4208984375e+01 2.5424654681e-06 7.1793032020e-07 1.8082602300e-06 1.6274917986e-08
6.4453125000e+01 2.4288411221e-06 6.8283936941e-07 1.7305377594e-06 1.5463993254e-08
6.4697265625e+01 2.3243777823e-06 6.4923835500e-07 1.6604318190e-06 1.4707608265e-08
6.4941406250e+01 2.1733190684e-06 6.0159676457e-07 1.5576802843e-06 1.4042019508e-08
6.5185546875e+01 2.0167783087e-06 5.5151071731e-07 1.4519820571e-06 1.3285534343e-08
6.5429687500e+01 1.8598737097e-06 5.0193337672e-07 1.3454595699e-06 1.2480763109e-08
6.5673828125e+01 1.7021396893e-06 4.5396966569e-07 1.2364640299e-06 1.1705993670e-08
6.5917968750e+01 1.5687086890e-06 4.1272759829e-07 1.1449412519e-06 1.1039838845e-08
6.6162109375e+01 1.4574856027e-06 3.7869688499e-07 1.0685115248e-06 1.0277192946e-08
6.6406250000e+01 1.3569373780e-06 3.4791617190e-07 9.9938516345e-07 9.6360426518e-09
6.6650390625e+01 1.2716029791e-06 3.2093940243e-07 9.4177110539e-07 8.8924712478e-09
6.6894531250e+01 1.2035792356e-06 2.9946184333e-07 8.9564403831e-07 8.4733539795e-09
6.7138671875e+01 1.1497097655e-06 2.8178431471e-07 8.5966552224e-07 8.2599285602e-09
6.7382812500e+01 1.1026850297e-06 2.6763709453e-07 8.2687686744e-07 8.1710677147e-09
6.7626953125e+01 1.0495426565e-06 2.5158322636e-07 7.8964599658e-07 8.3134335800e-09
6.7871093750e+01 9.7430509657e-07 2.3004211328e-07 7.3599323566e-07 8.2697476296e-09
6.8115234375e+01 8.6692435411e-07 2.0135228346e-07 6.5705720380e-07 8.5148668532e-09
6.8359375000e+01 7.4218392280e-07 1.6885523008e-07 5.6421762935e-07 9.1110633696e-09
6.8603515625e+01 6.2524391279e-07 1.3824935706e-07 4.7710718901e-07 9.8873667237e-09
6.8847656250e+01 5.2632521682e-07 1.1363601727e-07 4.0189388357e-07 1.0795315976e-08
6.9091796875e+01 4.6307896829e-07 9.7947362148e-08 3.5323969217e-07 1.1891913976e-08
6.9335937500e+01 4.3633150898e-07 9.0687228184e-08 3.3241022951e-07 1.3234051286e-08
6.9580078125e+01 4.2476024736e-07 8.6987171396e-08 3.2345073904e-07 1.4322336923e-08
6.9824218750e+01 4.3495301440e-07 8.8210955065e-08 3.3124144572e-07 1.5500613621e-08
7.0068359375e+01 4.5974023447e-07 9.3156778798e-08 3.4965321934e-07 1.6930236331e-08
7.0312500000e+01 4.9561567424e-07 1.0152318640e-07 3.7525934379e-07 1.8833144050e-08
7.0556640625e+01 5.3705801076e-07 1.1178899161e-07 4.0471906568e-07 2.0549953472e-08
7.0800781250e+01 5.8270167813e-07 1.2309162312e-07 4.3708301612e-07 2.2527038884e-08
7.1044921875e+01 6.3899177683e-07 1.3717215820e-07 4.7727634994e-07 2.4543268690e-08
7.1289062500e+01 7.0722742227e-07 1.5405010639e-07 5.2630795934e-07 2.6869356538e-08
7.1533203125e+01 7.8936206229e-07 1.7320307754e-07 5.8601896970e-07 3.0140015044e-08
7.1777343750e+01 8.7639658687e-07 1.9301601152e-07 6.4988422388e-07 3.3496351462e-08
7.2021484375e+01 9.5968188808e-07 2.1210966797e-07 7.1114097917e-07 3.6431240940e-08
7.2265625000e+01 1.0518692107e-06 2.3213467844e-07 7.7940131825e-07 4.0333214009e-08
7.2509765625e+01 1.1300292921e-06 2.4930959704e-07 8.3735518153e-07 4.3364513516e-08
7.2753906250e+01 1.2151231979e-06 2.6594437224e-07 9.0250900208e-07 4.6669823610e-08
7.2998046875e+01 1.3205828426e-06 2.8623042855e-07 9.8353168853e-07 5.0820725496e-08
7.3242187500e+01 1.4275966557e-06 3.0493764778e-07 1.0673037282e-06 5.5355279682e-08
7.3486328125e+01 1.5117633883e-06 3.1953027037e-07 1.1342009123e-06 5.8032205579e-08
7.3730468750e+01 1.5867931728e-06 3.3206115409e-07 1.1938428745e-06 6.0889144215e-08
7.3974609375e+01 1.6588577518e-06 3.4579087274e-07 1.2495859251e-06 6.3480953952e-08
7.4218750000e+01 1.7545041050e-06 3.6586988659e-07 1.3215186055e-06 6.7115612859e-08
7.4462890625e+01 1.8357953149e-06 3.8449632530e-07 1.3828859839e-06 6.8413005723e-08
7.4707031250e+01 1.9392472677e-06 4.0575906668e-07 1.4622198389e-06 7.1268362140e-08
7.4951171875e+01 2.0120217639e-06 4.2001865646e-07 1.5191492861e-06 7.2853821402e-08
7.5195312500e+01 2.0442385998e-06 4.2722481506e-07 1.5445964571e-06 7.2417327614e-08
7.5439453125e+01 2.0885196182e-06 4.3494208240e-07 1.5799595877e-06 7.3617948042e-08
7.5683593750e+01 2.1315665425e-06 4.4378365208e-07 1.6143602966e-06 7.3422593782e-08
7.5927734375e+01 2.1208238027e-06 4.4456849597e-07 1.6042013919e-06 7.2053914820e-08
7.6171875000e+01 2.0841009634e-06 4.3630438588e-07 1.5773803266e-06 7.0416250924e-08
7.6416015625e+01 2.0727696908e-06 4.3013972804e-07 1.5733977975e-06 6.9232165233e-08
7.6660156250e+01 2.0488839167e-06 4.2103399061e-07 1.5601180389e-06 6.7731887255e-08
7.6904296875e+01 1.9712775293e-06 4.0377642109e-07 1.5022382987e-06 6.5262809560e-08
7.7148437500e+01 1.9137019179e-06 3.8994881662e-07 1.4609301239e-06 6.2822977339e-08
7.7392578125e+01 1.8508167506e-06 3.7524000621e-07 1.4148703364e-06 6.0706407904e-08
7.7636718750e+01 1.7216663959e-06 3.5348122714e-07 1.3131486689e-06 5.5036499806e-08
7.7880859375e+01 1.6108931380e-06 3.3506723635e-07 1.2262965809e-06 4.9529320814e-08
7.8125000000e+01 1.5227374006e-06 3.2148447900e-07 1.1564094497e-06 4.4843471974e-08
7.8369140625e+01 1.4023011054e-06 3.0228468842e-07 1.0609260369e-06 3.9090380101e-08
7.8613281250e+01 1.2864633746e-06 2.8185402398e-07 9.7063952506e-07 3.3969825542e-08
7.8857421875e+01 1.1769972489e-06 2.6108222143e-07 8.8606563699e-07 2.9849390529e-08
7.9101562500e+01 1.0746934076e-06 2.3729613983e-07 8.1025190996e-07 2.7145357768e-08
7.9345703125e+01 9.7378925475e-07 2.1158621353e-07 7.3677788626e-07 2.5425154965e-08
7.9589843750e+01 8.6025009731e-07 1.8420923989e-07 6.5313730346e-07 2.2903553961e-08
7.9833984375e+01 7.5537189897e-07 1.5886495157e-07 5.7606440694e-07 2.0442540449e-08
8.0078125000e+01 6.5639258730e-07 1.3589104314e-07 5.0242729213e-07 1.8074252037e-08
8.0322265625e+01 5.4864312437e-07 1.1370612219e-07 4.1976334158e-07 1.5173660604e-08
8.0566406250e+01 4.5876958468e-07 9.5888589595e-08 3.5058284022e-07 1.2298154867e-08
8.0810546875e+01 3.7948447209e-07 7.9635261692e-08 2.8975997290e-07 1.0089237499e-08
8.1054687500e+01 3.1112857125e-07 6.5390299609e-08 2.3735304729e-07 8.3852243512e-09
8.1298828125e+01 2.5526562707e-07 5.3516258213e-08 1.9454250291e-07 7.2068659488e-09
8.1542968750e+01 2.1319777888e-07 4.4158344081e-08 1.6265524819e-07 6.3841866109e-09
8.1787109375e+01 1.8071547457e-07 3.7043837317e-08 1.3792103116e-07 5.7506060974e-09
8.2031250000e+01 1.5891704181e-07 3.2608077485e-08 1.2107139559e-07 5.2375687356e-09
8.2275390625e+01 1.4138242190e-07 2.8996578449e-08 1.0763678489e-07 4.7490585524e-09
8.2519531250e+01 1.2989720260e-07 2.6297226687e-08 9.9062798639e-08 4.5371772732e-09
8.2763671875e+01 1.2032519328e-07 2.4125248694e-08 9.1927644606e-08 4.2722999830e-09
8.3007812500e+01 1.1288476919e-07 2.2607105738e-08 8.6236071616e-08 4.0415918410e-09
8.3251953125e+01 1.0714842103e-07 2.1323144162e-08 8.1929937646e-08 3.8953392189e-09
8.3496093750e+01 1.0064990242e-07 2.0105900563e-08 7.6886236579e-08 3.6577652759e-09
8.3740234375e+01 9.4480632202e-08 1.8928832763e-08 7.2106235246e-08 3.4455641931e-09
8.3984375000e+01 9.1114128615e-08 1.8162254925e-08 6.9598590305e-08 3.3532833849e-09
8.4228515625e+01 8.7255780514e-08 1.7276892231e-08 6.6752194315e-08 3.2266939683e-09
8.4472656250e+01 8.1166189982e-08 1.6135341010e-08 6.2013180072e-08 3.0176688996e-09
8.4716796875e+01 7.7013450858e-08 1.5301614135e-08 5.8820573468e-08 2.8912632544e-09
8.4960937500e+01 7.4575244380e-08 1.4825114537e-08 5.6960647034e-08 2.7894828093e-09
8.5205078125e+01 7.0807868507e-08 1.4115234069e-08 5.4054507745e-08 2.6381266926e-09
8.5449218750e+01 6.6462145601e-08 1.3336147854e-08 5.0683454627e-08 2.4425431209e-09
8.5693359375e+01 6.3870789534e-08 1.2742257966e-08 4.8758189370e-08 2.3703421985e-09
8.5937500000e+01 6.0932759917e-08 1.2200920171e-08 4.6467492565e-08 2.2643471809e-09
8.6181640625e+01 5.8444115615e-08 1.1717808916e-08 4.4573178418e-08 2.1531282805e-09
8.6425781250e+01 5.6951704859e-08 1.1429988587e-08 4.3434146539e-08 2.0875697334e-09
8.6669921875e+01 5.3337834211e-08 1.0800412192e-08 4.0597655156e-08 1.9397668632e-09
8.6914062500e+01 5.0375806832e-08 1.0237376305e-08 3.8326240925e-08 1.8121896024e-09
8.7158203125e+01 4.8440971935e-08 9.8232180977e-09 3.6875250741e-08 1.7425030963e-09
8.7402343750e+01 4.6116461721e-08 9.3560809929e-09 3.5104040368e-08 1.6563403607e-09
8.7646484375e+01 4.4305828354e-08 8.9851329820e-09 3.3745775814e-08 1.5749195577e-09
8.7890625000e+01 4.2615746845e-08 8.6350288487e-09 3.2459197820e-08 1.5215201765e-09
8.8134765625e+01 4.0848476168e-08 8.2767836235e-09 3.1107163520e-08 1.4645290242e-09
8.8378906250e+01 3.8649277348e-08 7.8368588161e-09 2.9425815969e-08 1.3866025628e-09
8.8623046875e+01 3.7092376998e-08 7.5283261080e-09 2.8242199375e-08 1.3218515145e-09
8.8867187500e+01 3.5366329179e-08 7.1583214371e-09 2.6961111778e-08 1.2468959636e-09
8.9111328125e+01 3.3848799816e-08 6.8176735013e-09 2.5823750640e-08 1.2073756745e-09
8.9355468750e+01 3.2360986885e-08 6.5291342582e-09 2.4677160116e-08 1.1546925109e-09
8.9599609375e+01 3.1232507782e-08 6.3029889965e-09 2.3822246652e-08 1.1072721343e-09
8.9843750000e+01 2.9924069029e-08 6.0421225102e-09 2.2826684546e-08 1.0552619731e-09
9.0087890625e+01 2.8711528328e-08 5.7956763206e-09 2.1893801791e-08 1.0220502163e-09
9.0332031250e+01 2.7517514452e-08 5.5637185130e-09 2.0977249485e-08 9.7654645366e-10
9.0576171875e+01 2.5792382763e-08 5.1916963138e-09 1.9692741788e-08 9.0794466074e-10
9.0820312500e+01 2.4819149514e-08 4.9672330201e-09 1.8960247521e-08 8.9166897295e-10
9.1064453125e+01 2.3924329956e-08 4.7813980496e-09 1.8271779802e-08 8.7115210416e-10
9.1308593750e+01 2.3056194986e-08 4.5759232488e-09 1.7629629166e-08 8.5064257041e-10
9.1552734375e+01 2.2251288716e-08 4.3780205913e-09 1.7037564748e-08 8.3570337697e-10
9.1796875000e+01 2.1490963946e-08 4.1917593526e-09 1.6490420998e-08 8.0878359547e-10
9.2041015625e+01 2.0829949188e-08 4.0213472250e-09 1.6014139237e-08 7.9446272623e-10
9.2285156250e+01 2.0167802771e-08 3.8719637027e-09 1.5511429849e-08 7.8440921947e-10
9.2529296875e+01 1.9691622426e-08 3.7774880050e-09 1.5132877432e-08 7.8125698849e-10
9.2773437500e+01 1.9645963324e-08 3.7455601877e-09 1.5110637735e-08 7.8976540087e-10
9.3017578125e+01 1.9460977650e-08 3.6997156195e-09 1.4975113829e-08 7.8614820199e-10
9.3261718750e+01 1.9225927454e-08 3.6396241264e-09 1.4809800396e-08 7.7650293186e-10
9.3505859375e+01 1.9389803159e-08 3.6373837002e-09 1.4959022878e-08 7.9339658122e-10
9.3750000000e+01 1.9898435469e-08 3.6937305226e-09 1.5380597600e-08 8.2410734655e-10
9.3994140625e+01 2.0431955941e-08 3.7895948449e-09 1.5793722835e-08 8.4863826115e-10
9.4238281250e+01 2.1018500351e-08 3.8630753297e-09 1.6262488879e-08 8.9293614157e-10
9.4482421875e+01 2.1864257232e-08 3.9768470781e-09 1.6940157920e-08 9.4725223390e-10
9.4726562500e+01 2.2906314454e-08 4.1281735636e-09 1.7780984730e-08 9.9715616111e-10
9.4970703125e+01 2.4252429424e-08 4.3211676174e-09 1.8865114900e-08 1.0661469066e-09
9.5214843750e+01 2.5301625736e-08 4.5071375750e-09 1.9683590660e-08 1.1108975009e-09
9.5458984375e+01 2.7176733837e-08 4.8075990328e-09 2.1155108226e-08 1.2140265783e-09
9.5703125000e+01 2.9575202491e-08 5.1696252511e-09 2.3070280242e-08 1.3352969977e-09
9.5947265625e+01 3.1832324739e-08 5.5484407273e-09 2.4854799137e-08 1.4290848751e-09
9.6191406250e+01 3.4058490149e-08 5.9516797531e-09 2.6573657782e-08 1.5331526140e-09
9.6435546875e+01 3.6551479993e-08 6.3698015025e-09 2.8540874072e-08 1.6408044186e-09
9.6679687500e+01 3.9823287423e-08 6.9407004911e-09 3.1071577611e-08 1.8110093207e-09
9.6923828125e+01 4.3068296162e-08 7.4748760266e-09 3.3627464339e-08 1.9659557960e-09
9.7167968750e+01 4.6211815482e-08 7.9750592544e-09 3.6121024286e-08 2.1157319416e-09
9.7412109375e+01 4.9707527518e-08 8.5160455462e-09 3.8922987349e-08 2.2684946234e-09
9.7656250000e+01 5.3276795871e-08 9.1165815399e-09 4.1737617745e-08 2.4225965862e-09
9.7900390625e+01 5.7193166135e-08 9.8074410194e-09 4.4779034046e-08 2.6066910700e-09
9.8144531250e+01 6.1598067467e-08 1.0472414630e-08 4.8315594872e-08 2.8100579652e-09
9.8388671875e+01 6.5601622845e-08 1.1086149473e-08 5.1528596185e-08 2.9868771868e-09
9.8632812500e+01 6.9631607111e-08 1.1714129612e-08 5.4742657535e-08 3.1748199644e-09
9.8876953125e+01 7.3565077192e-08 1.2385832875e-08 5.7843310448e-08 3.3359338691e-09
9.9121093750e+01 7.8182274130e-08 1.3127253811e-08 6.1502422056e-08 3.5525982639e-09
9.9365234375e+01 8.2270273999e-08 1.3859130816e-08 6.4700387965e-08 3.7107552178e-09
9.9609375000e+01 8.6128164785e-08 1.4453445880e-08 6.7791315788e-08 3.8834031170e-09
9.9853515625e+01 8.9484818030e-08 1.4924661300e-08 7.0498782138e-08 4.0613745923e-09
1.0009765625e+02 9.3232255195e-08 1.5561998235e-08 7.3436431705e-08 4.2338252544e-09
1.0034179688e+02 9.7035162186e-08 1.6166227951e-08 7.6426266060e-08 4.4426681748e-09
1.0058593750e+02 1.0047360099e-07 1.6779541179e-08 7.9126655328e-08 4.5674044809e-09
1.0083007812e+02 1.0116470264e-07 1.7038303623e-08 7.9570468847e-08 4.5559301661e-09
1.0107421875e+02 1.0280181991e-07 1.7245546024e-08 8.0930254028e-08 4.6260198613e-09
1.0131835938e+02 1.0627362250e-07 1.7816756831e-08 8.3693783525e-08 4.7630821481e-09
1.0156250000e+02 1.0747120806e-07 1.7959665004e-08 8.4658299371e-08 4.8532436819e-09
1.0180664062e+02 1.0701869557e-07 1.7995946292e-08 8.4139221666e-08 4.8835276138e-09
1.0205078125e+02 1.0752856486e-07 1.8101004548e-08 8.4527767558e-08 4.8997927553e-09
1.0229492188e+02 1.0670486301e-07 1.8121871947e-08 8.3806270869e-08 4.7767201943e-09
1.0253906250e+02 1.0454188183e-07 1.7879415987e-08 8.2015993839e-08 4.6464720055e-09
1.0278320312e+02 1.0306266916e-07 1.7604590782e-08 8.0908384160e-08 4.5496942189e-09
1.0302734375e+02 1.0063129154e-07 1.7262512301e-08 7.8948048814e-08 4.4207304225e-09
1.0327148438e+02 9.7050379502e-08 1.6553513793e-08 7.6191771046e-08 4.3050946631e-09
1.0351562500e+02 9.3934686111e-08 1.6025830150e-08 7.3799284959e-08 4.1095710017e-09
1.0375976562e+02 8.9952716980e-08 1.5352469095e-08 7.0663044829e-08 3.9372030561e-09
1.0400390625e+02 8.6725627253e-08 1.4726604394e-08 6.8158513114e-08 3.8405097457e-09
1.0424804688e+02 8.3494469340e-08 1.4296265406e-08 6.5541637904e-08 3.6565660305e-09
1.0449218750e+02 7.6870753844e-08 1.3226130462e-08 6.0303950476e-08 3.3406729063e-09
1.0473632812e+02 7.0546558800e-08 1.2115316414e-08 5.5373304151e-08 3.0579382355e-09
1.0498046875e+02 6.5664341821e-08 1.1218831159e-08 5.1597698588e-08 2.8478120741e-09
1.0522460938e+02 6.0260385580e-08 1.0224961762e-08 4.7364366289e-08 2.6710575289e-09
1.0546875000e+02 5.5363218743e-08 9.4948956361e-09 4.3448614789e-08 2.4197083178e-09
1.0571289062e+02 4.9960549994e-08 8.5795544550e-09 3.9226693796e-08 2.1543017423e-09
1.0595703125e+02 4.3985470875e-08 7.5805905088e-09 3.4520597466e-08 1.8842829001e-09
1.0620117188e+02 3.9441083859e-08 6.8761327127e-09 3.0888611760e-08 1.6763393859e-09
1.0644531250e+02 3.4278567572e-08 6.0482383672e-09 2.6790391794e-08 1.4399374108e-09
1.0668945312e+02 2.9428591227e-08 5.2231487601e-09 2.2984623547e-08 1.2208189202e-09
1.0693359375e+02 2.5960028266e-08 4.6579603556e-09 2.0228367288e-08 1.0737006222e-09
1.0717773438e+02 2.2741326524e-08 4.0868193617e-09 1.7706685663e-08 9.4782149927e-10
1.0742187500e+02 1.9973217189e-08 3.5639311556e-09 1.5560091367e-08 8.4919466660e-10
1.0766601562e+02 1.7771928978e-08 3.1500288651e-09 1.3853148981e-08 7.6875113146e-10
1.0791015625e+02 1.5688931119e-08 2.7806790959e-09 1.2232482478e-08 6.7576954505e-10
1.0815429688e+02 1.4055024049e-08 2.4708023720e-09 1.0973921233e-08 6.1030044408e-10
1.0839843750e+02 1.2837504560e-08 2.2406730471e-09 1.0032959452e-08 5.6387206121e-10
1.0864257812e+02 1.1563629954e-08 2.0208077034e-09 9.0340198747e-09 5.0880237581e-10
1.0888671875e+02 1.0508876226e-08 1.8454008039e-09 8.1941483279e-09 4.6932709384e-10
1.0913085938e+02 9.7191089900e-09 1.7066081410e-09 7.5768963216e-09 4.3560452735e-10
1.0937500000e+02 8.9180044150e-09 1.5507922219e-09 6.9654431263e-09 4.0176906688e-10
1.0961914062e+02 8.4692544665e-09 1.4678671267e-09 6.6147491618e-09 3.8663817797e-10
1.0986328125e+02 8.0572296969e-09 1.3987581281e-09 6.2967241732e-09 3.6174739552e-10
1.1010742188e+02 7.6770446640e-09 1.3326326298e-09 5.9997463665e-09 3.4466566773e-10
1.1035156250e+02 7.1932162576e-09 1.2561081478e-09 5.6131112922e-09 3.2399681768e-10
1.1059570312e+02 6.7761516043e-09 1.1799053645e-09 5.2905874696e-09 3.0565877024e-10
1.1083984375e+02 6.4635686659e-09 1.1237168596e-09 5.0461021926e-09 2.9374961372e-10
1.1108398438e+02 6.1843573965e-09 1.0710468365e-09 4.8313662915e-09 2.8194426859e-10
1.1132812500e+02 5.8191517239e-09 1.0064924321e-09 4.5468603191e-09 2.6579897266e-10
1.1157226562e+02 5.5332865112e-09 9.5569518910e-10 4.3250891561e-09 2.5250216602e-10
1.1181640625e+02 5.3235137484e-09 9.2149647843e-10 4.1598334444e-09 2.4218382560e-10
1.1206054688e+02 5.1639232775e-09 8.9422717643e-10 4.0357486972e-09 2.3394740385e-10
1.1230468750e+02 4.8558353438e-09 8.3683162187e-10 3.7980857411e-09 2.2091798081e-10
1.1254882812e+02 4.5644725849e-09 7.8752884136e-10 3.5722593681e-09 2.0468437547e-10
1.1279296875e+02 4.3208649199e-09 7.4841945376e-10 3.3808999706e-09 1.9154549556e-10
1.1303710938e+02 4.1051506883e-09 7.0850742621e-10 3.2128954136e-09 1.8374784852e-10
1.1328125000e+02 3.9344011134e-09 6.8041385339e-10 3.0778122737e-09 1.7617498630e-10
1.1352539062e+02 3.7553032271e-09 6.4628396959e-10 2.9400126104e-09 1.6900664715e-10
1.1376953125e+02 3.5699734720e-09 6.1759450735e-10 2.7935587931e-09 1.5882017155e-10
1.1401367188e+02 3.4545000532e-09 6.0102679763e-10 2.7008889359e-09 1.5258431969e-10
1.1425781250e+02 3.2944335643e-09 5.7492325177e-10 2.5749871269e-09 1.4452318560e-10
1.1450195312e+02 3.1214460295e-09 5.4611184243e-10 2.4393618155e-09 1.3597237162e-10
1.1474609375e+02 2.9993801673e-09 5.2352701540e-10 2.3448789509e-09 1.3097420097e-10
1.1499023438e+02 2.8444267552e-09 4.9163634678e-10 2.2271998907e-09 1.2559051768e-10
1.1523437500e+02 2.7614000783e-09 4.7352281862e-10 2.1654576204e-09 1.2241963934e-10
1.1547851562e+02 2.6100132489e-09 4.4715818730e-10 2.0469971688e-09 1.1585789278e-10
1.1572265625e+02 2.4927749742e-09 4.2897332676e-10 1.9540138069e-09 1.0978784056e-10
1.1596679688e+02 2.3776310226e-09 4.1075197145e-10 1.8624807153e-09 1.0439833586e-10
1.1621093750e+02 2.2513308483e-09 3.9125678764e-10 1.7616357818e-09 9.8438278852e-11
1.1645507812e+02 2.1618686496e-09 3.7647884136e-10 1.6910889847e-09 9.4300823579e-11
1.1669921875e+02 2.0413403449e-09 3.5308143702e-10 1.5989614472e-09 8.9297460669e-11
1.1694335938e+02 1.9855782046e-09 3.4299911178e-10 1.5548187333e-09 8.7760359497e-11
1.1718750000e+02 1.9330773544e-09 3.3301240407e-10 1.5143616276e-09 8.5703322688e-11
1.1743164062e+02 1.8627597800e-09 3.1997671868e-10 1.4602287473e-09 8.2554313995e-11
1.1767578125e+02 1.8087650057e-09 3.1024896987e-10 1.4185212030e-09 7.9994832805e-11
1.1791992188e+02 1.7269637512e-09 2.9636578109e-10 1.3538279647e-09 7.6770005473e-11
1.1816406250e+02 1.6359050834e-09 2.7953651306e-10 1.2825739659e-09 7.3794604507e-11
1.1840820312e+02 1.5971269824e-09 2.7401477508e-10 1.2524260593e-09 7.0686148015e-11
1.1865234375e+02 1.5639669748e-09 2.6908162839e-10 1.2259358439e-09 6.8949502507e-11
1.1889648438e+02 1.5422261398e-09 2.6749197304e-10 1.2071594406e-09 6.7574726172e-11
1.1914062500e+02 1.5278436083e-09 2.6502539087e-10 1.1951704728e-09 6.7647744695e-11
1.1938476562e+02 1.5066994129e-09 2.6063691691e-10 1.1784500381e-09 6.7612457901e-11
1.1962890625e+02 1.4882784990e-09 2.5763751847e-10 1.1640962946e-09 6.6544685922e-11
1.1987304688e+02 1.5081381650e-09 2.6094406529e-10 1.1794346675e-09 6.7759432196e-11
1.2011718750e+02 1.5516960873e-09 2.6727203159e-10 1.2149182848e-09 6.9505770915e-11
1.2036132812e+02 1.5769997526e-09 2.7106443565e-10 1.2350014448e-09 7.0933872200e-11
1.2060546875e+02 1.6193389443e-09 2.7801550424e-10 1.2681193897e-09 7.3204050365e-11
1.2084960938e+02 1.6615757046e-09 2.8457375931e-10 1.3022599573e-09 7.4741988021e-11
1.2109375000e+02 1.7058277134e-09 2.9191985948e-10 1.3366737607e-09 7.7234093257e-11
1.2133789062e+02 1.7454141654e-09 3.0085145700e-10 1.3667777021e-09 7.7785006220e-11
1.2158203125e+02 1.8240954342e-09 3.1334026812e-10 1.4283003411e-09 8.2454824911e-11
1.2182617188e+02 1.9046511344e-09 3.2669634432e-10 1.4915676338e-09 8.6387156299e-11
1.2207031250e+02 1.9833185974e-09 3.4098642582e-10 1.5525090431e-09 8.9823128435e-11
1.2231445312e+02 2.0908358283e-09 3.5895204224e-10 1.6368519190e-09 9.5031867058e-11
1.2255859375e+02 2.1849139233e-09 3.7061076103e-10 1.7151752110e-09 9.9127951270e-11
1.2280273438e+02 2.3051350605e-09 3.9151934573e-10 1.8090617110e-09 1.0455400378e-10
1.2304687500e+02 2.4617485270e-09 4.1657322976e-10 1.9335121890e-09 1.1166310832e-10
1.2329101562e+02 2.6062742987e-09 4.4225224539e-10 2.0458410292e-09 1.1818102417e-10
1.2353515625e+02 2.7275771404e-09 4.6127691296e-10 2.1426361735e-09 1.2366405401e-10
1.2377929688e+02 2.8429824409e-09 4.8324574990e-10 2.2320842639e-09 1.2765242711e-10
1.2402343750e+02 3.0059276473e-09 5.0941173983e-10 2.3597215924e-09 1.3679431509e-10
1.2426757812e+02 3.1035498634e-09 5.2534748407e-10 2.4362245954e-09 1.4197778396e-10
1.2451171875e+02 3.2637843363e-09 5.4834173662e-10 2.5650645514e-09 1.5037804830e-10
1.2475585938e+02 3.3805789588e-09 5.7100794466e-10 2.6551264825e-09 1.5444453162e-10
1.2500000000e+02 3.5123663315e-09 5.9489665628e-10 2.7556330236e-09 1.6183665167e-10
1.2524414062e+02 3.7018066427e-09 6.2491393011e-10 2.9075119237e-09 1.6938078889e-10
1.2548828125e+02 3.8545048853e-09 6.5681581927e-10 3.0256454266e-09 1.7204363946e-10
1.2573242188e+02 3.9891340150e-09 6.7980469420e-10 3.1299535911e-09 1.7937572965e-10
1.2597656250e+02 4.0535205957e-09 6.8681852833e-10 3.1823663323e-09 1.8433573502e-10
1.2622070312e+02 4.1888620523e-09 7.0799105526e-10 3.2891091726e-09 1.9176182452e-10
1.2646484375e+02 4.3144610157e-09 7.2812601798e-10 3.3872169350e-09 1.9911806280e-10
1.2670898438e+02 4.3623750783e-09 7.4365634631e-10 3.4228183091e-09 1.9590042290e-10
1.2695312500e+02 4.4106714622e-09 7.4753982145e-10 3.4629861732e-09 2.0014546750e-10
1.2719726562e+02 4.5246942573e-09 7.6847168793e-10 3.5498668876e-09 2.0635568177e-10
1.2744140625e+02 4.6171007663e-09 7.8474020590e-10 3.6229202512e-09 2.0944030918e-10
1.2768554688e+02 4.6719123616e-09 7.9322481298e-10 3.6685116223e-09 2.1017592634e-10
1.2792968750e+02 4.6751022501e-09 7.9147931320e-10 3.6732440360e-09 2.1037890089e-10
1.2817382812e+02 4.6269589697e-09 7.7947129103e-10 3.6375046235e-09 2.0998305518e-10
1.2841796875e+02 4.6190612543e-09 7.8428083299e-10 3.6246858621e-09 2.1009455919e-10
1.2866210938e+02 4.5007876456e-09 7.6651767663e-10 3.5309015867e-09 2.0336838227e-10
1.2890625000e+02 4.4269316538e-09 7.4682575578e-10 3.4801126752e-09 1.9999322290e-10
1.2915039062e+02 4.4171006551e-09 7.4392064617e-10 3.4718156509e-09 2.0136435806e-10
1.2939453125e+02 4.3149424357e-09 7.3069757718e-10 3.3866901766e-09 1.9755468189e-10
1.2963867188e+02 4.1281599839e-09 7.0152062847e-10 3.2391379678e-09 1.8750138761e-10
1.2988281250e+02 4.0210805039e-09 6.7667128962e-10 3.1619202282e-09 1.8248898613e-10
1.3012695312e+02 3.8968854069e-09 6.5523303200e-10 3.0657463376e-09 1.7590603735e-10
1.3037109375e+02 3.7700536422e-09 6.3536575261e-10 2.9641068946e-09 1.7058099506e-10
1.3061523438e+02 3.5970840120e-09 6.0359090203e-10 2.8286644366e-09 1.6482867335e-10
1.3085937500e+02 3.3292579938e-09 5.5971748987e-10 2.6189223234e-09 1.5061818047e-10
1.3110351562e+02 3.1959655662e-09 5.3755982220e-10 2.5152617489e-09 1.4314399515e-10
1.3134765625e+02 3.0299379272e-09 5.1170894066e-10 2.3813457688e-09 1.3688321773e-10
1.3159179688e+02 2.7399947895e-09 4.6301598959e-10 2.1522164747e-09 1.2476232520e-10
1.3183593750e+02 2.5108367030e-09 4.2583486710e-10 1.9713504633e-09 1.1365137264e-10
1.3208007812e+02 2.3118364569e-09 3.9503186443e-10 1.8133971072e-09 1.0340748522e-10
1.3232421875e+02 2.1282644134e-09 3.6673306728e-10 1.6674113814e-09 9.4119964685e-11
1.3256835938e+02 1.9581458164e-09 3.3913172961e-10 1.5329545049e-09 8.6059581886e-11
1.3281250000e+02 1.8019225231e-09 3.1107291570e-10 1.4119668463e-09 7.8882761105e-11
1.3305664062e+02 1.6508928192e-09 2.8548059737e-10 1.2933129049e-09 7.2099316954e-11
1.3330078125e+02 1.4784723762e-09 2.5570142587e-10 1.1577421397e-09 6.5028810595e-11
1.3354492188e+02 1.3139449924e-09 2.2539392702e-10 1.0301340950e-09 5.8416970361e-11
1.3378906250e+02 1.1970040104e-09 2.0599011268e-10 9.3820495218e-10 5.2808945505e-11
1.3403320312e+02 1.1068096303e-09 1.9091620694e-10 8.6684560129e-10 4.9047822099e-11
1.3427734375e+02 1.0022152970e-09 1.7319010744e-10 7.8427517609e-10 4.4750013453e-11
1.3452148438e+02 9.0511583717e-10 1.5776958763e-10 7.0749019466e-10 3.9856054881e-11
1.3476562500e+02 8.3370000190e-10 1.4539940119e-10 6.5116187881e-10 3.7138721900e-11
1.3500976562e+02 7.7927181899e-10 1.3526921276e-10 6.0926183620e-10 3.4740770027e-11
1.3525390625e+02 7.1906192824e-10 1.2366641851e-10 5.6279664359e-10 3.2598866145e-11
1.3549804688e+02 6.6188675429e-10 1.1359316209e-10 5.1796840256e-10 3.0325189647e-11
1.3574218750e+02 6.0951928695e-10 1.0418457211e-10 4.7721811559e-10 2.8116599253e-11
1.3598632812e+02 5.7302520815e-10 9.7325880199e-11 4.4948095027e-10 2.6218377682e-11
1.3623046875e+02 5.2721367118e-10 8.9497360274e-11 4.1379093019e-10 2.3925380716e-11
1.3647460938e+02 4.9290184185e-10 8.4106790799e-11 3.8634701589e-10 2.2448035163e-11
1.3671875000e+02 4.7620580674e-10 8.1319446816e-11 3.7306455934e-10 2.1821800587e-11
1.3696289062e+02 4.5803350667e-10 7.7907072752e-11 3.5913088048e-10 2.0995553440e-11
1.3720703125e+02 4.3046753390e-10 7.3237775312e-11 3.3745924197e-10 1.9770516617e-11
1.3745117188e+02 4.0618631551e-10 6.8901274452e-11 3.1864565018e-10 1.8639390875e-11
1.3769531250e+02 3.8683890901e-10 6.5820895384e-11 3.0328742905e-10 1.7730584580e-11
1.3793945312e+02 3.6699069465e-10 6.2690569490e-11 2.8735675428e-10 1.6943370881e-11
1.3818359375e+02 3.5398966774e-10 6.0720033471e-11 2.7694112956e-10 1.6328504718e-11
1.3842773438e+02 3.3141178698e-10 5.6984692254e-11 2.5932831407e-10 1.5098780655e-11
1.3867187500e+02 3.1661001237e-10 5.4521189154e-11 2.4755131943e-10 1.4537503782e-11
1.3891601562e+02 3.0486035997e-10 5.2407346441e-11 2.3858606238e-10 1.3866951143e-11
1.3916015625e+02 2.9235486625e-10 5.0155175122e-11 2.2881933207e-10 1.3380359057e-11
1.3940429688e+02 2.7696098766e-10 4.7797678536e-11 2.1650022617e-10 1.2663082955e-11
1.3964843750e+02 2.6356074031e-10 4.5266952518e-11 2.0629809274e-10 1.1995695059e-11
1.3989257812e+02 2.4997441202e-10 4.3045291118e-11 1.9557834582e-10 1.1350775087e-11
1.4013671875e+02 2.3819517577e-10 4.0961900035e-11 1.8649252158e-10 1.0740754151e-11
1.4038085938e+02 2.3000679789e-10 3.9574522899e-11 1.8014897672e-10 1.0283298268e-11
1.4062500000e+02 2.2371213145e-10 3.8305731809e-11 1.7536973304e-10 1.0036666598e-11
1.4086914062e+02 2.1788403339e-10 3.7051761823e-11 1.7091395754e-10 9.9183140211e-12
1.4111328125e+02 2.1124146459e-10 3.5921138534e-11 1.6568578945e-10 9.6345366010e-12
1.4135742188e+02 2.0097903485e-10 3.4173917183e-11 1.5769379281e-10 9.1113248572e-12
1.4160156250e+02 1.8915229238e-10 3.2054710114e-11 1.4851906255e-10 8.5785197132e-12
1.4184570312e+02 1.7835506350e-10 3.0489464617e-11 1.3984411084e-10 8.0214880510e-12
1.4208984375e+02 1.6824953575e-10 2.8912947667e-11 1.3174400353e-10 7.5925845519e-12
1.4233398438e+02 1.6246389022e-10 2.7991190967e-11 1.2717542853e-10 7.2972707235e-12
1.4257812500e+02 1.5821926827e-10 2.7025491005e-11 1.2408533966e-10 7.1084375976e-12
1.4282226562e+02 1.5436947737e-10 2.6157048850e-11 1.2121401164e-10 6.9984168840e-12
1.4306640625e+02 1.5194813435e-10 2.5652048359e-11 1.1937597402e-10 6.9201119664e-12
1.4331054688e+02 1.4762080144e-10 2.4589793436e-11 1.1619257074e-10 6.8384372655e-12
1.4355468750e+02 1.3889825476e-10 2.3248478336e-11 1.0925939766e-10 6.3903787657e-12
1.4379882812e+02 1.3252240975e-10 2.2296451783e-11 1.0423659924e-10 5.9893587247e-12
1.4404296875e+02 1.2624124835e-10 2.1392114233e-11 9.9260039223e-11 5.5890948968e-12
1.4428710938e+02 1.2253927660e-10 2.0811297248e-11 9.6263570823e-11 5.4644085242e-12
1.4453125000e+02 1.1793432740e-10 2.0184521450e-11 9.2450931996e-11 5.2988739578e-12
1.4477539062e+02 1.1399642370e-10 1.9369460302e-11 8.9513125110e-11 5.1138382878e-12
1.4501953125e+02 1.1099678713e-10 1.8676311168e-11 8.7276472526e-11 5.0440034364e-12
1.4526367188e+02 1.0712917048e-10 1.8101309653e-11 8.4176487688e-11 4.8513731392e-12
1.4550781250e+02 1.0506337890e-10 1.7910681306e-11 8.2454147620e-11 4.6985499740e-12
1.4575195312e+02 1.0469050254e-10 1.7894766205e-11 8.2094721147e-11 4.7010151852e-12
1.4599609375e+02 1.0503005824e-10 1.7943559573e-11 8.2408744358e-11 4.6777543125e-12
1.4624023438e+02 1.0544013790e-10 1.7875545967e-11 8.2816049990e-11 4.7485419391e-12
1.4648437500e+02 1.0453544342e-10 1.7750163393e-11 8.2055299894e-11 4.7299801333e-12
1.4672851562e+02 1.0436784509e-10 1.7638375271e-11 8.1950952508e-11 4.7785173066e-12
1.4697265625e+02 1.0510598341e-10 1.7923656292e-11 8.2406319411e-11 4.7760077053e-12
1.4721679688e+02 1.0577870718e-10 1.8231721989e-11 8.2785686166e-11 4.7612990277e-12
1.4746093750e+02 1.0647545045e-10 1.8370344054e-11 8.3368915370e-11 4.7361910223e-12
1.4770507812e+02 1.0842545972e-10 1.8674967352e-11 8.4935972749e-11 4.8145196191e-12
1.4794921875e+02 1.1031706634e-10 1.8788461307e-11 8.6553098340e-11 4.9755066953e-12
1.4819335938e+02 1.1157757134e-10 1.9085564223e-11 8.7509011870e-11 4.9829952450e-12
1.4843750000e+02 1.1366541883e-10 1.9404149689e-11 8.9132533698e-11 5.1287354396e-12
1.4868164062e+02 1.1686039906e-10 1.9845885293e-11 9.1739483177e-11 5.2750305908e-12
1.4892578125e+02 1.1967661720e-10 2.0397754936e-11 9.3916953475e-11 5.3619087874e-12
1.4916992188e+02 1.2235968008e-10 2.0874424115e-11 9.6006743337e-11 5.4785126329e-12
1.4941406250e+02 1.2827110734e-10 2.1873700863e-11 1.0066172268e-10 5.7356837985e-12
1.4965820312e+02 1.3064906096e-10 2.2151983985e-11 1.0264821784e-10 5.8488591360e-12
1.4990234375e+02 1.3189746265e-10 2.2469580610e-11 1.0356420152e-10 5.8636805201e-12
1.5014648438e+02 1.3939277734e-10 2.3595851223e-11 1.0948897480e-10 6.3079513177e-12
1.5039062500e+02 1.4332089009e-10 2.4357814725e-11 1.1251020342e-10 6.4528719449e-12
1.5063476562e+02 1.4502974288e-10 2.4616266689e-11 1.1393543498e-10 6.4780412131e-12
1.5087890625e+02 1.5020970729e-10 2.5441396153e-11 1.1801394484e-10 6.7543663004e-12
1.5112304688e+02 1.5490957117e-10 2.6355186229e-11 1.2159470296e-10 6.9596819830e-12
1.5136718750e+02 1.5883094274e-10 2.7204457015e-11 1.2448091255e-10 7.1455731693e-12
1.5161132812e+02 1.6088517137e-10 2.7773034735e-11 1.2597270673e-10 7.1394299098e-12
1.5185546875e+02 1.6295553288e-10 2.8075367622e-11 1.2766308062e-10 7.2170846438e-12
1.5209960938e+02 1.6667188263e-10 2.8455431911e-11 1.3079346801e-10 7.4229827139e-12
1.5234375000e+02 1.6973301124e-10 2.9128611327e-11 1.3313213510e-10 7.4722648200e-12
1.5258789062e+02 1.7289139252e-10 2.9638826299e-11 1.3557348644e-10 7.6790797757e-12
1.5283203125e+02 1.7346564741e-10 2.9850013544e-11 1.3593967943e-10 7.6759544409e-12
1.5307617188e+02 1.7585886711e-10 3.0212965743e-11 1.3773951774e-10 7.9063836286e-12
1.5332031250e+02 1.7884388877e-10 3.0713358356e-11 1.4012455826e-10 8.0059721519e-12
1.5356445312e+02 1.7982777351e-10 3.0915752517e-11 1.4086851084e-10 8.0435101549e-12
1.5380859375e+02 1.8105655712e-10 3.1031710686e-11 1.4193012842e-10 8.0947180203e-12
1.5405273438e+02 1.8299536098e-10 3.1291288821e-11 1.4358859130e-10 8.1154808566e-12
1.5429687500e+02 1.8507142266e-10 3.1776052896e-11 1.4513652430e-10 8.1588454645e-12
1.5454101562e+02 1.8598693697e-10 3.1706955566e-11 1.4589792253e-10 8.3820588796e-12
1.5478515625e+02 1.8581105410e-10 3.1409449755e-11 1.4590098828e-10 8.5006160557e-12
1.5502929688e+02 1.8108535640e-10 3.0520584173e-11 1.4242160872e-10 8.1431635001e-12
1.5527343750e+02 1.7876649192e-10 3.0010775577e-11 1.4065323036e-10 8.1024859839e-12
1.5551757812e+02 1.7464608942e-10 2.9324930259e-11 1.3735325932e-10 7.9678998413e-12
1.5576171875e+02 1.6699915234e-10 2.8090352331e-11 1.3130751876e-10 7.6012812467e-12
1.5600585938e+02 1.6418161481e-10 2.7597275740e-11 1.2909263367e-10 7.4917053956e-12
1.5625000000e+02 1.6268097167e-10 2.7480436888e-11 1.2792930789e-10 7.2712268957e-12
1.5649414062e+02 1.5933711215e-10 2.7172150538e-11 1.2510921634e-10 7.0557452658e-12
1.5673828125e+02 1.5476725828e-10 2.6267027735e-11 1.2154599514e-10 6.9542354022e-12
1.5698242188e+02 1.4593256660e-10 2.4939631068e-11 1.1444808965e-10 6.5448458815e-12
1.5722656250e+02 1.4186630983e-10 2.4368243005e-11 1.1129481960e-10 6.2032472238e-12
1.5747070312e+02 1.3760015580e-10 2.3555638590e-11 1.0795147629e-10 6.0930409190e-12
1.5771484375e+02 1.2796317776e-10 2.1984520809e-11 1.0034645853e-10 5.6321984248e-12
1.5795898438e+02 1.2103910275e-10 2.0795334279e-11 9.4921022350e-11 5.3227461185e-12
1.5820312500e+02 1.1600158285e-10 1.9998478541e-11 9.0894734311e-11 5.1083699950e-12
1.5844726562e+02 1.0884435256e-10 1.8782937886e-11 8.5262268141e-11 4.7991465375e-12
1.5869140625e+02 1.0181394980e-10 1.7435546737e-11 7.9881874910e-11 4.4965281567e-12
1.5893554688e+02 9.6129459072e-11 1.6465218348e-11 7.5383685070e-11 4.2805556531e-12
1.5917968750e+02 9.0534719950e-11 1.5391042255e-11 7.1015301158e-11 4.1283765372e-12
1.5942382812e+02 8.6935190906e-11 1.4701789315e-11 6.8284327941e-11 3.9490736506e-12
1.5966796875e+02 8.1877971837e-11 1.3907220241e-11 6.4276553335e-11 3.6941982605e-12
1.5991210938e+02 7.5234642879e-11 1.2840305645e-11 5.9034439755e-11 3.3598974789e-12
1.6015625000e+02 7.0080451217e-11 1.2005365536e-11 5.4934756133e-11 3.1403295471e-12
1.6040039062e+02 6.4243202654e-11 1.0946813793e-11 5.0381898458e-11 2.9144904037e-12
1.6064453125e+02 5.9887026216e-11 1.0216417621e-11 4.6955853686e-11 2.7147549081e-12
1.6088867188e+02 5.7064243517e-11 9.6766972719e-12 4.4792318518e-11 2.5952277268e-12
1.6113281250e+02 5.3481194061e-11 9.0327796104e-12 4.2012623242e-11 2.4357912081e-12
1.6137695312e+02 4.9551788571e-11 8.3336177044e-12 3.8953521781e-11 2.2646490858e-12
1.6162109375e+02 4.6420801900e-11 7.8468019393e-12 3.6462312362e-11 2.1116875985e-12
1.6186523438e+02 4.2921311943e-11 7.3132772416e-12 3.3658937195e-11 1.9490975064e-12
1.6210937500e+02 4.0383716923e-11 6.8518602574e-12 3.1669733012e-11 1.8621236539e-12
1.6235351562e+02 3.8006371779e-11 6.4969134786e-12 2.9777001622e-11 1.7324566786e-12
1.6259765625e+02 3.5763657885e-11 6.0959588122e-12 2.8035416399e-11 1.6322826741e-12
1.6284179688e+02 3.4341650709e-11 5.7907917436e-12 2.6981939837e-11 1.5689191288e-12
1.6308593750e+02 3.2753170214e-11 5.5305816500e-12 2.5712075591e-11 1.5105129724e-12
1.6333007812e+02 3.0630618795e-11 5.1771066371e-12 2.4026806238e-11 1.4267059195e-12
1.6357421875e+02 2.9380683552e-11 5.0112832485e-12 2.3013583196e-11 1.3558171071e-12
1.6381835938e+02 2.8510627294e-11 4.8566614103e-12 2.2344760848e-11 1.3092050364e-12
1.6406250000e+02 2.7223243181e-11 4.6493073253e-12 2.1337719612e-11 1.2362162438e-12
1.6430664062e+02 2.5626222687e-11 4.3836031493e-12 2.0083308207e-11 1.1593113313e-12
1.6455078125e+02 2.4555777122e-11 4.1687230803e-12 1.9260154288e-11 1.1268997544e-12
1.6479492188e+02 2.3625717623e-11 3.9915134620e-12 1.8543859012e-11 1.0903451498e-12
1.6503906250e+02 2.2883752011e-11 3.8241988585e-12 1.8000682026e-11 1.0588711265e-12
1.6528320312e+02 2.1638590347e-11 3.6260156861e-12 1.7007312267e-11 1.0052623935e-12
1.6552734375e+02 2.0623413880e-11 3.4787685932e-12 1.6194453588e-11 9.5019169851e-13
1.6577148438e+02 1.9887651079e-11 3.3797437501e-12 1.5605989534e-11 9.0191779494e-13
1.6601562500e+02 1.9390682303e-11 3.3048784745e-12 1.5207756985e-11 8.7804684348e-13
1.6625976562e+02 1.8987296477e-11 3.1926951919e-12 1.4924040532e-11 8.7056075361e-13
1.6650390625e+02 1.8171949638e-11 3.0355980460e-12 1.4293900692e-11 8.4245089978e-13
1.6674804688e+02 1.7882286258e-11 2.9586641730e-12 1.4090128582e-11 8.3349350290e-13
1.6699218750e+02 1.7807497288e-11 2.9247450100e-12 1.4050959365e-11 8.3179291276e-13
1.6723632812e+02 1.7190984719e-11 2.8366540061e-12 1.3552722522e-11 8.0160819114e-13
1.6748046875e+02 1.6492842672e-11 2.7258013519e-12 1.2987515876e-11 7.7952544451e-13
1.6772460938e+02 1.5637674013e-11 2.6317224141e-12 1.2284843377e-11 7.2110822181e-13
1.6796875000e+02 1.4849867603e-11 2.5196980651e-12 1.1660731428e-11 6.6943810964e-13
1.6821289062e+02 1.4368845549e-11 2.4338194657e-12 1.1284497771e-11 6.5052831313e-13
1.6845703125e+02 1.3941459180e-11 2.3454358731e-12 1.0966151890e-11 6.2987141756e-13
1.6870117188e+02 1.3869647435e-11 2.2915915217e-12 1.0939397449e-11 6.3865846449e-13
1.6894531250e+02 1.3559103132e-11 2.2411157459e-12 1.0689401214e-11 6.2858617250e-13
1.6918945312e+02 1.3161265827e-11 2.1622493494e-12 1.0381361395e-11 6.1765508288e-13
1.6943359375e+02 1.2694403099e-11 2.0940294006e-12 1.0006780580e-11 5.9359311870e-13
1.6967773438e+02 1.2269891645e-11 2.0434864711e-12 9.6584230404e-12 5.6798213307e-13
1.6992187500e+02 1.2122771151e-11 2.0334234527e-12 9.5299450269e-12 5.5940267133e-13
1.7016601562e+02 1.1892138526e-11 1.9988256732e-12 9.3529250925e-12 5.4038776006e-13
1.7041015625e+02 1.1850518706e-11 1.9880817754e-12 9.3209818371e-12 5.4145509317e-13
1.7065429688e+02 1.1430058168e-11 1.9168993999e-12 8.9878648804e-12 5.2529388796e-13
1.7089843750e+02 1.1115823251e-11 1.8471301502e-12 8.7491826627e-12 5.1951043779e-13
1.7114257812e+02 1.1077035948e-11 1.8272245501e-12 8.7342971831e-12 5.1551421491e-13
1.7138671875e+02 1.0669076002e-11 1.7621317813e-12 8.4110987147e-12 4.9584550629e-13
1.7163085938e+02 1.0547337527e-11 1.7488287433e-12 8.3074710924e-12 4.9103769163e-13
1.7187500000e+02 1.0632463274e-11 1.7663195506e-12 8.3728423583e-12 4.9330136476e-13
1.7211914062e+02 1.0508414134e-11 1.7345601605e-12 8.2802881704e-12 4.9356580300e-13
1.7236328125e+02 1.0363381138e-11 1.7117484835e-12 8.1683256981e-12 4.8330695629e-13
1.7260742188e+02 1.0275060949e-11 1.6928203101e-12 8.1019642217e-12 4.8027641689e-13
1.7285156250e+02 1.0405749822e-11 1.6999853753e-12 8.2171062372e-12 4.8865820960e-13
1.7309570312e+02 1.0496020302e-11 1.7165684842e-12 8.2882589174e-12 4.9119290022e-13
1.7333984375e+02 1.0464693233e-11 1.7128335209e-12 8.2636851489e-12 4.8817456350e-13
1.7358398438e+02 1.0650851877e-11 1.7495511394e-12 8.4110340378e-12 4.9026670023e-13
1.7382812500e+02 1.0721838211e-11 1.7633913701e-12 8.4603456199e-12 4.9810122137e-13
1.7407226562e+02 1.0863069955e-11 1.7881546981e-12 8.5723557827e-12 5.0255947406e-13
1.7431640625e+02 1.1112837797e-11 1.8312068560e-12 8.7694507453e-12 5.1218019582e-13
1.7456054688e+02 1.1357990192e-11 1.8459243478e-12 8.9797384117e-12 5.3232743223e-13
1.7480468750e+02 1.1569800232e-11 1.8701658140e-12 9.1499274874e-12 5.4970693097e-13
1.7504882812e+02 1.1523362227e-11 1.8669077641e-12 9.1114854808e-12 5.4496898195e-13
1.7529296875e+02 1.1442916372e-11 1.8697491504e-12 9.0378089929e-12 5.3535822849e-13
1.7553710938e+02 1.1733074430e-11 1.9231050349e-12 9.2577362478e-12 5.5223314770e-13
1.7578125000e+02 1.1928785243e-11 1.9464759614e-12 9.4183699778e-12 5.6393930387e-13
1.7602539062e+02 1.2111117075e-11 1.9807628517e-12 9.5585941458e-12 5.7176007710e-13
1.7626953125e+02 1.2528869670e-11 2.0505030492e-12 9.8886697754e-12 5.8969684586e-13
1.7651367188e+02 1.3017600734e-11 2.1278600925e-12 1.0270514462e-11 6.1922617979e-13
1.7675781250e+02 1.3097740044e-11 2.1658033139e-12 1.0325943754e-11 6.0599297540e-13
1.7700195312e+02 1.3202448899e-11 2.1866970689e-12 1.0406422389e-11 6.0932944174e-13
1.7724609375e+02 1.3614839979e-11 2.2618984766e-12 1.0717719688e-11 6.3522181432e-13
1.7749023438e+02 1.3830207360e-11 2.2998895569e-12 1.0885758660e-11 6.4455914327e-13
1.7773437500e+02 1.3765114786e-11 2.2845597232e-12 1.0836172379e-11 6.4438268439e-13
1.7797851562e+02 1.4175505312e-11 2.3601987971e-12 1.1155364120e-11 6.5994239504e-13
1.7822265625e+02 1.4510996193e-11 2.4047717783e-12 1.1427638948e-11 6.7858546680e-13
1.7846679688e+02 1.4733384757e-11 2.4472040857e-12 1.1604490787e-11 6.8168988385e-13
1.7871093750e+02 1.4774943832e-11 2.4529598200e-12 1.1634709947e-11 6.8727406509e-13
1.7895507812e+02 1.4671146792e-11 2.4284940479e-12 1.1557936038e-11 6.8471670573e-13
1.7919921875e+02 1.4793260995e-11 2.4201391533e-12 1.1676232512e-11 6.9688932971e-13
1.7944335938e+02 1.4890528685e-11 2.4303687859e-12 1.1760648844e-11 6.9951105555e-13
1.7968750000e+02 1.4994996376e-11 2.4659987103e-12 1.1831186255e-11 6.9781141066e-13
1.7993164062e+02 1.4932108309e-11 2.4308113818e-12 1.1790993881e-11 7.1030304598e-13
1.8017578125e+02 1.5134144144e-11 2.4530856438e-12 1.1958754197e-11 7.2230430358e-13
1.8041992188e+02 1.5513982198e-11 2.4977078775e-12 1.2274607542e-11 7.4166677820e-13
1.8066406250e+02 1.5631301499e-11 2.5156199277e-12 1.2380671333e-11 7.3501023787e-13
1.8090820312e+02 1.5498269571e-11 2.4935927200e-12 1.2267317854e-11 7.3735899671e-13
1.8115234375e+02 1.5440148871e-11 2.4759743034e-12 1.2220222946e-11 7.4395162210e-13
1.8139648438e+02 1.5171290293e-11 2.4463738589e-12 1.2002448694e-11 7.2246773936e-13
1.8164062500e+02 1.4746105750e-11 2.3918161468e-12 1.1654659736e-11 6.9962986719e-13
1.8188476562e+02 1.4399070216e-11 2.3350053550e-12 1.1383330367e-11 6.8073449370e-13
1.8212890625e+02 1.4124902767e-11 2.2966618830e-12 1.1158682798e-11 6.6955808568e-13
1.8237304688e+02 1.3813197162e-11 2.2600525107e-12 1.0905645049e-11 6.4749960206e-13
1.8261718750e+02 1.3201331687e-11 2.1757962274e-12 1.0412883779e-11 6.1265168128e-13
1.8286132812e+02 1.2839734169e-11 2.1206846759e-12 1.0121667997e-11 5.9738149591e-13
1.8310546875e+02 1.2762228980e-11 2.1125713351e-12 1.0053869572e-11 5.9578807308e-13
1.8334960938e+02 1.2575114995e-11 2.0866745846e-12 9.9026851518e-12 5.8575525895e-13
1.8359375000e+02 1.2197663560e-11 2.0247206705e-12 9.6063618752e-12 5.6658101428e-13
1.8383789062e+02 1.1882152295e-11 1.9709908890e-12 9.3587880040e-12 5.5237340233e-13
1.8408203125e+02 1.1403741477e-11 1.8912939674e-12 8.9788557195e-12 5.3359178989e-13
1.8432617188e+02 1.1072006619e-11 1.8349889896e-12 8.7118785633e-12 5.2513906593e-13
1.8457031250e+02 1.0624035143e-11 1.7496651907e-12 8.3735958848e-12 5.0077406716e-13
1.8481445312e+02 9.9381041710e-12 1.6398104706e-12 7.8306604151e-12 4.6763328528e-13
1.8505859375e+02 9.5239601296e-12 1.5678106581e-12 7.5054378372e-12 4.5071163425e-13
1.8530273438e+02 9.1956961074e-12 1.4982848352e-12 7.2599287258e-12 4.3748254636e-13
1.8554687500e+02 8.6614226035e-12 1.4152475748e-12 6.8318092280e-12 4.1436580072e-13
1.8579101562e+02 8.1776242671e-12 1.3463801455e-12 6.4447772321e-12 3.8646688957e-13
1.8603515625e+02 7.8376874248e-12 1.2981627892e-12 6.1732643482e-12 3.6626028738e-13
1.8627929688e+02 7.4826747432e-12 1.2361679273e-12 5.8964143842e-12 3.5009243169e-13
1.8652343750e+02 7.1890665879e-12 1.1856767465e-12 5.6649114491e-12 3.3847839233e-13
1.8676757812e+02 6.8739251017e-12 1.1302421549e-12 5.4189327935e-12 3.2475015330e-13
1.8701171875e+02 6.5166284748e-12 1.0670474888e-12 5.1402451319e-12 3.0933585409e-13
1.8725585938e+02 6.1472102661e-12 1.0121662953e-12 4.8443711036e-12 2.9067286721e-13
1.8750000000e+02 5.7805158178e-12 9.5422533288e-13 4.5555286010e-12 2.7076188386e-13
1.8774414062e+02 5.3484397208e-12 8.9241972859e-13 4.2054370621e-12 2.5058293016e-13
1.8798828125e+02 5.0327014756e-12 8.4064617642e-13 3.9555307598e-12 2.3652453943e-13
1.8823242188e+02 4.7973628909e-12 7.9692036022e-13 3.7747602722e-12 2.2568225852e-13
1.8847656250e+02 4.5672907299e-12 7.5493536679e-13 3.5956597209e-12 2.1669564222e-13
1.8872070312e+02 4.3091711399e-12 7.0478968127e-13 3.3983640604e-12 2.0601739827e-13
1.8896484375e+02 4.0632398184e-12 6.6048235565e-13 3.2059940676e-12 1.9676339513e-13
1.8920898438e+02 3.8474758306e-12 6.2986540484e-13 3.0331139725e-12 1.8449645317e-13
1.8945312500e+02 3.7117517015e-12 6.0952128148e-13 2.9232563961e-12 1.7897402390e-13
1.8969726562e+02 3.5378803898e-12 5.8715963629e-13 2.7833359659e-12 1.6738478762e-13
1.8994140625e+02 3.4204739784e-12 5.6677867610e-13 2.6924631901e-12 1.6123211223e-13
1.9018554688e+02 3.3175937728e-12 5.4567621080e-13 2.6138566104e-12 1.5806095154e-13
1.9042968750e+02 3.2182023763e-12 5.2221455619e-13 2.5415721306e-12 1.5441568951e-13
1.9067382812e+02 3.0994802770e-12 5.0063559413e-13 2.4489365391e-12 1.4990814377e-13
1.9091796875e+02 2.9687213565e-12 4.8048338075e-13 2.3452121124e-12 1.4302586335e-13
1.9116210938e+02 2.8528086677e-12 4.6581699503e-13 2.2489647683e-12 1.3802690429e-13
1.9140625000e+02 2.7143200876e-12 4.4857237341e-13 2.1368884978e-12 1.2885921635e-13
1.9165039062e+02 2.5995538248e-12 4.3020736289e-13 2.0453547511e-12 1.2399171089e-13
1.9189453125e+02 2.4605075091e-12 4.0997513190e-13 1.9343036096e-12 1.1622876761e-13
1.9213867188e+02 2.3772003342e-12 3.9664098799e-13 1.8694905509e-12 1.1106879538e-13
1.9238281250e+02 2.3425296594e-12 3.8623429141e-13 1.8450844326e-12 1.1121093547e-13
1.9262695312e+02 2.2812405645e-12 3.7145674785e-13 1.7998292976e-12 1.0995451906e-13
1.9287109375e+02 2.2960053553e-12 3.7001673518e-13 1.8128772567e-12 1.1311136344e-13
1.9311523438e+02 2.2545766225e-12 3.6345308145e-13 1.7817165982e-12 1.0940694288e-13
1.9335937500e+02 2.1587961769e-12 3.5246473002e-13 1.7033145305e-12 1.0301691638e-13
1.9360351562e+02 2.0826880308e-12 3.4198523130e-13 1.6416547029e-12 9.9048096552e-14
1.9384765625e+02 2.0202532384e-12 3.3438363818e-13 1.5905635663e-12 9.5306033937e-14
1.9409179688e+02 1.9696299879e-12 3.2664763315e-13 1.5504629140e-12 9.2519440673e-14
1.9433593750e+02 1.9324232101e-12 3.1617301926e-13 1.5247419821e-12 9.1508208793e-14
1.9458007812e+02 1.8698192580e-12 3.0307849905e-13 1.4772705998e-12 8.9470159205e-14
1.9482421875e+02 1.8061927556e-12 2.9001434604e-13 1.4283406990e-12 8.7837710619e-14
1.9506835938e+02 1.7318663094e-12 2.7659987369e-13 1.3701123624e-12 8.5154073215e-14
1.9531250000e+02 1.6871776015e-12 2.7026108783e-13 1.3352992008e-12 8.1617312865e-14
1.9555664062e+02 1.6228043938e-12 2.6389081731e-13 1.2818853776e-12 7.7028198926e-14
1.9580078125e+02 1.5573456955e-12 2.5763950914e-13 1.2272421864e-12 7.2463999923e-14
1.9604492188e+02 1.5349260894e-12 2.5305523236e-13 1.2097161213e-12 7.2154735735e-14
1.9628906250e+02 1.5094069080e-12 2.4637578205e-13 1.1915013653e-12 7.1529760650e-14
1.9653320312e+02 1.4999974460e-12 2.4263546121e-13 1.1855339158e-12 7.1828069002e-14
1.9677734375e+02 1.4767657816e-12 2.3858076301e-13 1.1676612627e-12 7.0523755879e-14
1.9702148438e+02 1.4632722041e-12 2.3584956061e-13 1.1573036370e-12 7.0119006428e-14
1.9726562500e+02 1.4707334213e-12 2.3556699631e-13 1.1640505030e-12 7.1115921943e-14
1.9750976562e+02 1.4206152118e-12 2.3086758130e-13 1.1224145574e-12 6.7333073084e-14
1.9775390625e+02 1.3862417832e-12 2.2547137725e-13 1.0946717179e-12 6.6098688106e-14
1.9799804688e+02 1.3694377990e-12 2.2053067706e-13 1.0832527454e-12 6.5654376538e-14
1.9824218750e+02 1.3271704065e-12 2.1379071831e-13 1.0492617741e-12 6.4117914120e-14
1.9848632812e+02 1.3196549728e-12 2.1161986015e-13 1.0439736396e-12 6.4061473026e-14
1.9873046875e+02 1.3107241151e-12 2.1207660657e-13 1.0354755057e-12 6.3172002809e-14
1.9897460938e+02 1.2979296916e-12 2.0880272968e-13 1.0259919617e-12 6.3135000149e-14
1.9921875000e+02 1.2718111863e-12 2.0790045182e-13 1.0032144245e-12 6.0696310014e-14
1.9946289062e+02 1.2384312113e-12 2.0431080366e-13 9.7593059348e-13 5.8189814118e-14
1.9970703125e+02 1.2573959476e-12 2.0655171591e-13 9.9153538325e-13 5.9308848456e-14
1.9995117188e+02 1.2803035910e-12 2.1081647943e-13 1.0084515283e-12 6.1035583249e-14
2.0019531250e+02 1.3122083984e-12 2.1599343116e-13 1.0342417071e-12 6.1973260057e-14
2.0043945312e+02 1.3316175071e-12 2.2002051324e-13 1.0481785613e-12 6.3418432566e-14
2.0068359375e+02 1.3352136843e-12 2.1919564880e-13 1.0520699291e-12 6.3948106462e-14
2.0092773438e+02 1.3454809417e-12 2.2202196473e-13 1.0595034700e-12 6.3955506895e-14
2.0117187500e+02 1.3629855109e-12 2.2530992740e-13 1.0732468343e-12 6.4428749246e-14
2.0141601562e+02 1.3630668708e-12 2.2420976614e-13 1.0745684111e-12 6.4288693556e-14
2.0166015625e+02 1.3825911116e-12 2.2716837405e-13 1.0887897247e-12 6.6633012857e-14
2.0190429688e+02 1.3878303442e-12 2.2631466755e-13 1.0944563579e-12 6.7059318817e-14
2.0214843750e+02 1.3743920803e-12 2.2484305990e-13 1.0833613911e-12 6.6187629296e-14
2.0239257812e+02 1.3949577312e-12 2.2593448153e-13 1.1012362678e-12 6.7786981838e-14
2.0263671875e+02 1.3937208288e-12 2.2558272888e-13 1.1008844314e-12 6.7253668530e-14
2.0288085938e+02 1.4018440380e-12 2.2810328423e-13 1.1058576794e-12 6.7883074438e-14
2.0312500000e+02 1.4168234112e-12 2.2885069120e-13 1.1195420806e-12 6.8430639456e-14
2.0336914062e+02 1.4554618956e-12 2.3559332278e-13 1.1506950911e-12 6.9173481655e-14
2.0361328125e+02 1.4551518104e-12 2.3719391884e-13 1.1491992523e-12 6.8758639260e-14
2.0385742188e+02 1.4569392646e-12 2.3773480916e-13 1.1503581697e-12 6.8846285828e-14
2.0410156250e+02 1.4921782893e-12 2.4313839418e-13 1.1786905871e-12 7.0349308099e-14
2.0434570312e+02 1.5148637349e-12 2.4641388381e-13 1.1955125050e-12 7.2937346040e-14
2.0458984375e+02 1.5384852421e-12 2.5092758148e-13 1.2136537235e-12 7.3903937041e-14
2.0483398438e+02 1.5692297574e-12 2.5561438593e-13 1.2384973162e-12 7.5118055206e-14
2.0507812500e+02 1.5861582259e-12 2.5844691790e-13 1.2517326680e-12 7.5978640035e-14
2.0532226562e+02 1.5901152236e-12 2.5967259167e-13 1.2543452630e-12 7.6097368888e-14
2.0556640625e+02 1.5736297912e-12 2.5804560253e-13 1.2402302195e-12 7.5353969189e-14
2.0581054688e+02 1.5644288422e-12 2.5577284260e-13 1.2339968058e-12 7.4659193834e-14
2.0605468750e+02 1.5856706267e-12 2.5607839562e-13 1.2531725408e-12 7.6419690361e-14
2.0629882812e+02 1.5789193241e-12 2.5510288204e-13 1.2473249941e-12 7.6491447987e-14
2.0654296875e+02 1.5913431279e-12 2.5749253731e-13 1.2567241425e-12 7.7126448025e-14
2.0678710938e+02 1.5855590284e-12 2.5562506512e-13 1.2525026891e-12 7.7431274204e-14
2.0703125000e+02 1.5539787018e-12 2.5151835216e-13 1.2275916437e-12 7.4868705883e-14
2.0727539062e+02 1.5674466509e-12 2.5420221497e-13 1.2376670689e-12 7.5577367051e-14
2.0751953125e+02 1.5821524338e-12 2.5754227602e-13 1.2483736576e-12 7.6236500152e-14
2.0776367188e+02 1.5835809013e-12 2.5672296401e-13 1.2497417523e-12 7.7116184928e-14
2.0800781250e+02 1.5360679937e-12 2.4850918267e-13 1.2130038043e-12 7.4555006707e-14
2.0825195312e+02 1.4781949947e-12 2.4141961682e-13 1.1657467385e-12 7.1028639397e-14
2.0849609375e+02 1.4708283849e-12 2.4029388264e-13 1.1590649993e-12 7.1469502975e-14
2.0874023438e+02 1.4283727060e-12 2.3547999047e-13 1.1243287648e-12 6.8563950762e-14
2.0898437500e+02 1.3707945306e-12 2.2739039281e-13 1.0776863292e-12 6.5717808566e-14
2.0922851562e+02 1.3344660232e-12 2.2086437704e-13 1.0499552921e-12 6.3646354041e-14
2.0947265625e+02 1.3201854349e-12 2.1708689236e-13 1.0397221951e-12 6.3376347513e-14
2.0971679688e+02 1.3121123600e-12 2.1458121324e-13 1.0338619806e-12 6.3669166149e-14
2.0996093750e+02 1.2960948278e-12 2.1363742582e-13 1.0205818452e-12 6.1875556693e-14
2.1020507812e+02 1.2769166858e-12 2.1200056366e-13 1.0042841835e-12 6.0631938637e-14
2.1044921875e+02 1.2380421642e-12 2.0495721889e-13 9.7433311294e-13 5.8751832338e-14
2.1069335938e+02 1.2189624994e-12 2.0081374112e-13 9.5976685128e-13 5.8381906990e-14
2.1093750000e+02 1.2006149440e-12 1.9640816447e-13 9.4641950371e-13 5.7787275787e-14
2.1118164062e+02 1.1544276298e-12 1.8859362479e-13 9.1006783118e-13 5.5766173790e-14
2.1142578125e+02 1.1145754841e-12 1.8177116090e-13 8.7932558533e-13 5.3478737904e-14
2.1166992188e+02 1.0436407882e-12 1.7103060879e-13 8.2265101056e-13 4.9959168840e-14
2.1191406250e+02 9.8510107579e-13 1.6208418078e-13 7.7543631208e-13 4.7580582937e-14
2.1215820312e+02 9.5306148054e-13 1.5553856977e-13 7.5144763269e-13 4.6075278084e-14
2.1240234375e+02 9.1535438121e-13 1.4910904831e-13 7.2147260894e-13 4.4772723955e-14
2.1264648438e+02 8.8580476451e-13 1.4379842150e-13 6.9873923510e-13 4.3267107899e-14
2.1289062500e+02 8.6340244645e-13 1.4012645856e-13 6.8097167062e-13 4.2304317272e-14
2.1313476562e+02 8.2615506988e-13 1.3472860126e-13 6.5067336812e-13 4.0753100500e-14
2.1337890625e+02 7.9299688937e-13 1.3063721725e-13 6.2388774406e-13 3.8471928054e-14
2.1362304688e+02 7.4469506621e-13 1.2451096806e-13 5.8473503323e-13 3.5449064917e-14
2.1386718750e+02 7.1332621838e-13 1.1894551527e-13 5.6040424791e-13 3.3976455200e-14
2.1411132812e+02 6.9820182323e-13 1.1512995657e-13 5.4920640843e-13 3.3865458226e-14
2.1435546875e+02 6.7234061361e-13 1.0965644779e-13 5.2957591905e-13 3.3108246769e-14
2.1459960938e+02 6.3374380006e-13 1.0285741429e-13 4.9915353506e-13 3.1732850708e-14
2.1484375000e+02 5.9285371506e-13 9.6529418086e-14 4.6661497348e-13 2.9709323493e-14
2.1508789062e+02 5.5874978053e-13 9.2220160562e-14 4.3895716839e-13 2.7572451578e-14
2.1533203125e+02 5.3472449337e-13 8.9496034078e-14 4.1909591615e-13 2.6132543145e-14
2.1557617188e+02 5.0146240531e-13 8.4358769703e-14 3.9301801881e-13 2.4085616799e-14
2.1582031250e+02 4.7468674189e-13 8.0229930408e-14 3.7178837701e-13 2.2668434472e-14
2.1606445312e+02 4.7020796951e-13 7.8570100034e-14 3.6881858485e-13 2.2819284626e-14
2.1630859375e+02 4.5988997466e-13 7.6078810877e-14 3.6114983489e-13 2.2661328899e-14
2.1655273438e+02 4.4786480139e-13 7.3475429799e-14 3.5201849195e-13 2.2370879647e-14
2.1679687500e+02 4.3230076659e-13 7.0855344695e-14 3.3988425213e-13 2.1561169770e-14
2.1704101562e+02 4.2237238340e-13 6.9965442762e-14 3.3146619567e-13 2.0940744973e-14
2.1728515625e+02 4.1286505148e-13 6.9373474751e-14 3.2357020601e-13 1.9921370716e-14
2.1752929688e+02 3.9033660172e-13 6.6396088547e-14 3.0527944503e-13 1.8661068145e-14
2.1777343750e+02 3.7400066326e-13 6.3951261743e-14 2.9238360189e-13 1.7665799622e-14
2.1801757812e+02 3.5923305078e-13 6.1128950301e-14 2.8098956554e-13 1.7114534936e-14
2.1826171875e+02 3.5140399982e-13 5.9272765509e-14 2.7510552683e-13 1.7025707487e-14
2.1850585938e+02 3.4682767896e-13 5.7452137103e-14 2.7234396756e-13 1.7031574292e-14
2.1875000000e+02 3.3484854809e-13 5.4928421489e-14 2.6330387937e-13 1.6616247230e-14
2.1899414062e+02 3.2352338240e-13 5.3132508920e-14 2.5436451668e-13 1.6026356798e-14
2.1923828125e+02 3.1558848399e-13 5.2046373064e-14 2.4781108298e-13 1.5731027946e-14
2.1948242188e+02 3.0451320415e-13 5.0915116953e-14 2.3885808268e-13 1.4740004511e-14
2.1972656250e+02 2.9429909668e-13 4.9553592134e-14 2.3067700061e-13 1.4068503934e-14
2.1997070312e+02 2.8894614566e-13 4.9040003170e-14 2.2613041767e-13 1.3775724814e-14
2.2021484375e+02 2.8840488859e-13 4.8174913727e-14 2.2609595989e-13 1.4134014971e-14
2.2045898438e+02 2.8496224169e-13 4.6963899484e-14 2.2362017030e-13 1.4378171907e-14
2.2070312500e+02 2.7790647652e-13 4.5642729578e-14 2.1840937573e-13 1.3854371205e-14
2.2094726562e+02 2.6899750337e-13 4.4207444321e-14 2.1142525847e-13 1.3364800578e-14
2.2119140625e+02 2.5541588345e-13 4.2553839171e-14 2.0012455668e-13 1.2737487606e-14
2.2143554688e+02 2.4909528264e-13 4.1819318367e-14 1.9501186175e-13 1.2264102523e-14
2.2167968750e+02 2.3680650881e-13 4.0651673074e-14 1.8468057728e-13 1.1474258452e-14
2.2192382812e+02 2.2384413054e-13 3.8656078800e-14 1.7445871722e-13 1.0729334518e-14
2.2216796875e+02 2.2192606773e-13 3.8029325927e-14 1.7304123235e-13 1.0855509444e-14
2.2241210938e+02 2.1726677774e-13 3.7134195353e-14 1.6939990269e-13 1.0732679693e-14
2.2265625000e+02 2.1653748638e-13 3.6709657007e-14 1.6899384815e-13 1.0833981223e-14
2.2290039062e+02 2.1302623341e-13 3.6044133320e-14 1.6627987220e-13 1.0702227889e-14
2.2314453125e+02 2.0876207783e-13 3.5463098267e-14 1.6291161801e-13 1.0387361562e-14
2.2338867188e+02 2.0714618215e-13 3.5543204074e-14 1.6139630548e-13 1.0206672601e-14
2.2363281250e+02 2.0190854488e-13 3.5028794484e-14 1.5707226686e-13 9.8074835362e-15
2.2387695312e+02 1.9902493532e-13 3.4355199164e-14 1.5493395824e-13 9.7357779133e-15
2.2412109375e+02 1.9707092816e-13 3.3978671849e-14 1.5339489249e-13 9.6973638218e-15
2.2436523438e+02 1.9295122550e-13 3.3275842707e-14 1.5019721769e-13 9.4781651041e-15
2.2460937500e+02 1.9026636493e-13 3.2734034203e-14 1.4812078202e-13 9.4115487013e-15
2.2485351562e+02 1.8580899239e-13 3.1711123410e-14 1.4477282214e-13 9.3250468408e-15
2.2509765625e+02 1.8366887838e-13 3.1226500811e-14 1.4320633440e-13 9.2360431743e-15
2.2534179688e+02 1.7734573013e-13 3.0585371091e-14 1.3796119483e-13 8.7991642080e-15
2.2558593750e+02 1.7291609560e-13 2.9901383913e-14 1.3442286109e-13 8.5918506058e-15
2.2583007812e+02 1.7276878677e-13 2.9978844249e-14 1.3427830440e-13 8.5116381161e-15
2.2607421875e+02 1.7002334727e-13 2.9416900859e-14 1.3224938093e-13 8.3570654764e-15
2.2631835938e+02 1.6855390810e-13 2.9035257972e-14 1.3106397868e-13 8.4546714488e-15
2.2656250000e+02 1.7033137738e-13 2.9259175989e-14 1.3257797146e-13 8.4942299277e-15
2.2680664062e+02 1.7235321473e-13 2.9333135432e-14 1.3443565730e-13 8.5844219977e-15
2.2705078125e+02 1.7470719347e-13 2.9737811598e-14 1.3625695902e-13 8.7124228472e-15
2.2729492188e+02 1.7771267021e-13 3.0346539511e-14 1.3847527310e-13 8.8908575928e-15
2.2753906250e+02 1.7772173975e-13 3.0318793171e-14 1.3845886695e-13 8.9440796321e-15
2.2778320312e+02 1.7778075176e-13 3.0449669388e-14 1.3851994347e-13 8.8111389079e-15
2.2802734375e+02 1.7686848836e-13 3.0292611398e-14 1.3772569414e-13 8.8501828184e-15
2.2827148438e+02 1.7672932572e-13 3.0218116057e-14 1.3768109639e-13 8.8301132750e-15
2.2851562500e+02 1.7789814660e-13 3.0619666984e-14 1.3839536853e-13 8.8831110829e-15
2.2875976562e+02 1.7895726502e-13 3.0843304056e-14 1.3923268009e-13 8.8812808714e-15
2.2900390625e+02 1.7905743697e-13 3.0991010648e-14 1.3924703937e-13 8.8193869522e-15
2.2924804688e+02 1.7690366883e-13 3.0538469705e-14 1.3754449632e-13 8.8207028051e-15
2.2949218750e+02 1.7623068707e-13 3.0615081837e-14 1.3691763154e-13 8.6979736991e-15
2.2973632812e+02 1.7581338540e-13 3.0736468582e-14 1.3635850427e-13 8.7184125518e-15
2.2998046875e+02 1.7386681871e-13 3.0603595834e-14 1.3473246860e-13 8.5307542736e-15
2.3022460938e+02 1.7813426416e-13 3.1376756139e-14 1.3799353039e-13 8.7639776303e-15
2.3046875000e+02 1.7975218311e-13 3.1509520276e-14 1.3935343703e-13 8.8892258007e-15
2.3071289062e+02 1.8280856755e-13 3.2023237253e-14 1.4189577553e-13 8.8895547637e-15
2.3095703125e+02 1.8631365312e-13 3.2211516832e-14 1.4495185087e-13 9.1502854158e-15
2.3120117188e+02 1.8798265983e-13 3.2388747621e-14 1.4633598078e-13 9.2579314323e-15
2.3144531250e+02 1.8888842012e-13 3.2780902725e-14 1.4680471859e-13 9.3027988073e-15
2.3168945312e+02 1.9052618783e-13 3.3000480937e-14 1.4817660022e-13 9.3491066707e-15
2.3193359375e+02 1.9258641949e-13 3.3295901160e-14 1.4980538875e-13 9.4851295835e-15
2.3217773438e+02 1.9123287869e-13 3.3026591674e-14 1.4880688241e-13 9.3994046104e-15
2.3242187500e+02 1.8689462445e-13 3.2427736666e-14 1.4524941116e-13 9.2174766237e-15
2.3266601562e+02 1.8552084125e-13 3.2079898438e-14 1.4421724183e-13 9.2237009907e-15
2.3291015625e+02 1.8320475948e-13 3.1611507605e-14 1.4250306826e-13 9.0901836200e-15
2.3315429688e+02 1.8135824728e-13 3.1424113125e-14 1.4093053003e-13 9.0036041195e-15
2.3339843750e+02 1.8216381627e-13 3.1394880538e-14 1.4176851379e-13 9.0004219365e-15
2.3364257812e+02 1.8235758863e-13 3.1454399494e-14 1.4188781819e-13 9.0153709426e-15
2.3388671875e+02 1.8206246183e-13 3.1248756092e-14 1.4169015417e-13 9.1235515686e-15
2.3413085938e+02 1.7918642236e-13 3.0861153566e-14 1.3935635435e-13 8.9689144434e-15
2.3437500000e+02 1.7790008993e-13 3.0822409297e-14 1.3836015291e-13 8.7175277295e-15
2.3461914062e+02 1.7746451512e-13 3.0519646890e-14 1.3814609343e-13 8.7987747972e-15
2.3486328125e+02 1.7471645807e-13 3.0151034693e-14 1.3582065108e-13 8.7447722953e-15
2.3510742188e+02 1.6993113463e-13 2.9368036858e-14 1.3201442194e-13 8.5486758305e-15
2.3535156250e+02 1.6696956800e-13 2.8918441791e-14 1.2966725182e-13 8.3838743868e-15
2.3559570312e+02 1.6457948948e-13 2.8487308647e-14 1.2788095983e-13 8.2112210052e-15
2.3583984375e+02 1.6108615667e-13 2.7887173041e-14 1.2513971470e-13 8.0592689281e-15
2.3608398438e+02 1.5534409733e-13 2.6976486031e-14 1.2058507801e-13 7.7825332950e-15
2.3632812500e+02 1.5345807572e-13 2.6638356590e-14 1.1907919196e-13 7.7405271726e-15
2.3657226562e+02 1.5342713812e-13 2.6777332148e-14 1.1898696009e-13 7.6628458738e-15
2.3681640625e+02 1.5309108880e-13 2.6819955207e-14 1.1865228214e-13 7.6188514529e-15
2.3706054688e+02 1.5289216437e-13 2.6791613291e-14 1.1840858504e-13 7.6919660419e-15
2.3730468750e+02 1.5032960252e-13 2.6375478443e-14 1.1638454479e-13 7.5695792860e-15
2.3754882812e+02 1.4751290913e-13 2.5983016722e-14 1.1414336136e-13 7.3865310558e-15
2.3779296875e+02 1.4311967566e-13 2.5484877798e-14 1.1050812825e-13 7.1266696170e-15
2.3803710938e+02 1.3820264318e-13 2.4528688925e-14 1.0668148142e-13 6.9924728388e-15
2.3828125000e+02 1.3489201322e-13 2.3916279780e-14 1.0410796378e-13 6.8677696599e-15
2.3852539062e+02 1.2920878752e-13 2.3007820614e-14 9.9564047355e-14 6.6369195524e-15
2.3876953125e+02 1.2349761239e-13 2.2142138055e-14 9.5029115873e-14 6.3263584593e-15
2.3901367188e+02 1.1804334850e-13 2.1409591604e-14 9.0695202850e-14 5.9385540463e-15
2.3925781250e+02 1.1328183139e-13 2.0670503276e-14 8.6955780688e-14 5.6555474297e-15
2.3950195312e+02 1.0904730178e-13 2.0134784706e-14 8.3508897395e-14 5.4036196823e-15
2.3974609375e+02 1.0621747027e-13 1.9626942772e-14 8.1327974401e-14 5.2625531019e-15
2.3999023438e+02 1.0505402750e-13 1.9131399846e-14 8.0670732217e-14 5.2518954398e-15
2.4023437500e+02 1.0379073788e-13 1.8745494016e-14 7.9736384810e-14 5.3088590553e-15
2.4047851562e+02 1.0116232638e-13 1.8191705057e-14 7.7728876768e-14 5.2417445503e-15
2.4072265625e+02 9.7284397166e-14 1.7642025898e-14 7.4562938794e-14 5.0794324739e-15
2.4096679688e+02 9.3320708474e-14 1.7053439337e-14 7.1417111728e-14 4.8501574090e-15
2.4121093750e+02 8.8422960478e-14 1.6390857839e-14 6.7503633430e-14 4.5284692092e-15
2.4145507812e+02 8.3987826034e-14 1.5789063510e-14 6.3950780229e-14 4.2479822945e-15
2.4169921875e+02 8.0180694255e-14 1.5178057097e-14 6.0897868614e-14 4.1047685446e-15
2.4194335938e+02 7.7887470748e-14 1.4731377971e-14 5.9147994787e-14 4.0080979893e-15
2.4218750000e+02 7.6065236215e-14 1.4334276616e-14 5.7771192909e-14 3.9597666901e-15
2.4243164062e+02 7.3230571283e-14 1.3812681222e-14 5.5594130767e-14 3.8237592947e-15
2.4267578125e+02 7.0813690287e-14 1.3399727136e-14 5.3687810973e-14 3.7261521780e-15
2.4291992188e+02 6.9474257017e-14 1.3256914205e-14 5.2573920803e-14 3.6434220102e-15
2.4316406250e+02 6.8200492066e-14 1.3202819332e-14 5.1448447320e-14 3.5492254152e-15
2.4340820312e+02 6.6722393865e-14 1.3030723182e-14 5.0274062790e-14 3.4176078923e-15
2.4365234375e+02 6.4627375892e-14 1.2686724392e-14 4.8676850207e-14 3.2638012927e-15
2.4389648438e+02 6.4206349142e-14 1.2613853767e-14 4.8313229034e-14 3.2792663406e-15
2.4414062500e+02 6.4001882998e-14 1.2539246679e-14 4.8122493098e-14 3.3401432211e-15
2.4438476562e+02 6.3236329136e-14 1.2300958893e-14 4.7605626786e-14 3.3297434562e-15
2.4462890625e+02 6.1911603263e-14 1.2031643795e-14 4.6598932528e-14 3.2810269402e-15
2.4487304688e+02 5.9229515748e-14 1.1690936444e-14 4.4399377510e-14 3.1392017950e-15
2.4511718750e+02 5.6950461600e-14 1.1428974644e-14 4.2545415882e-14 2.9760710749e-15
2.4536132812e+02 5.5212349850e-14 1.1168303345e-14 4.1186805059e-14 2.8572414458e-15
2.4560546875e+02 5.3400816974e-14 1.0861141834e-14 3.9764766259e-14 2.7749088808e-15
2.4584960938e+02 5.1791767852e-14 1.0613427635e-14 3.8439189479e-14 2.7391507374e-15
2.4609375000e+02 5.0789137715e-14 1.0368333006e-14 3.7710074419e-14 2.7107302896e-15
2.4633789062e+02 5.1082902273e-14 1.0280424105e-14 3.8040401738e-14 2.7620764304e-15
2.4658203125e+02 5.0565761696e-14 1.0144525247e-14 3.7629440879e-14 2.7917955702e-15
2.4682617188e+02 4.9448579408e-14 9.9614933932e-15 3.6791536224e-14 2.6955497906e-15
2.4707031250e+02 4.8639655682e-14 9.8920787070e-15 3.6121378990e-14 2.6261979845e-15
2.4731445312e+02 4.6957275578e-14 9.6768497810e-15 3.4734118270e-14 2.5463075274e-15
2.4755859375e+02 4.5567030744e-14 9.5231142783e-15 3.3609006070e-14 2.4349103955e-15
2.4780273438e+02 4.4193043288e-14 9.3063076274e-15 3.2508909441e-14 2.3778262192e-15
2.4804687500e+02 4.2992659165e-14 9.0103668507e-15 3.1637623845e-14 2.3446684685e-15
2.4829101562e+02 4.2588738418e-14 8.8391549387e-15 3.1419868431e-14 2.3297150481e-15
2.4853515625e+02 4.1964857290e-14 8.7067583811e-15 3.0936392374e-14 2.3217065349e-15
2.4877929688e+02 4.0854854884e-14 8.5262822006e-15 3.0073585964e-14 2.2549867198e-15
2.4902343750e+02 3.9683036217e-14 8.3397110002e-15 2.9157402056e-14 2.1859231607e-15
2.4926757812e+02 3.8683197327e-14 8.2538935050e-15 2.8287598627e-14 2.1417051954e-15
2.4951171875e+02 3.7670344261e-14 8.1321568080e-15 2.7474770108e-14 2.0634173449e-15
2.4975585938e+02 3.6756296488e-14 8.0446307770e-15 2.6698693230e-14 2.0129724814e-15
2.5000000000e+02 3.6637472293e-14 7.9896081053e-15 2.6630833252e-14 2.0170309356e-15
2.5024414062e+02 3.6620904302e-14 7.9836872860e-15 2.6615090626e-14 2.0221263903e-15
2.5048828125e+02 3.6377319381e-14 7.9020652450e-15 2.6473303268e-14 2.0019508681e-15
2.5073242188e+02 3.6116928917e-14 7.8546056070e-15 2.6277753089e-14 1.9845702210e-15
2.5097656250e+02 3.5606702231e-14 7.8045333985e-15 2.5821257719e-14 1.9809111141e-15
2.5122070312e+02 3.5421443903e-14 7.7346177224e-15 2.5715577051e-14 1.9712491297e-15
2.5146484375e+02 3.4679754505e-14 7.6391098439e-15 2.5110767686e-14 1.9298769751e-15
2.5170898438e+02 3.3981666799e-14 7.5619859766e-15 2.4533363719e-14 1.8863171035e-15
2.5195312500e+02 3.3502545626e-14 7.5384686956e-15 2.4107593775e-14 1.8564831552e-15
2.5219726562e+02 3.2913867967e-14 7.4829553888e-15 2.3599614167e-14 1.8312984108e-15
2.5244140625e+02 3.2416149257e-14 7.3563933043e-15 2.3231748168e-14 1.8280077844e-15
2.5268554688e+02 3.2343016742e-14 7.3233906874e-15 2.3203508005e-14 1.8161180504e-15
2.5292968750e+02 3.2415370787e-14 7.3480998992e-15 2.3248397969e-14 1.8188729190e-15
2.5317382812e+02 3.2439864382e-14 7.3194358687e-15 2.3274175319e-14 1.8462531944e-15
2.5341796875e+02 3.2294191337e-14 7.3361148134e-15 2.3132660920e-14 1.8254156037e-15
2.5366210938e+02 3.2295911286e-14 7.3455913962e-15 2.3119265338e-14 1.8310545512e-15
2.5390625000e+02 3.2190594214e-14 7.3647254262e-15 2.3011039804e-14 1.8148289835e-15
2.5415039062e+02 3.2149373183e-14 7.3630837937e-15 2.2990363911e-14 1.7959254780e-15
2.5439453125e+02 3.2373553870e-14 7.4197701329e-15 2.3147365985e-14 1.8064177518e-15
2.5463867188e+02 3.2508998853e-14 7.4099998371e-15 2.3291761226e-14 1.8072377899e-15
2.5488281250e+02 3.2509348739e-14 7.4100149721e-15 2.3287483455e-14 1.8118503117e-15
2.5512695312e+02 3.2421195595e-14 7.3790240214e-15 2.3213660931e-14 1.8285106418e-15
2.5537109375e+02 3.2207434747e-14 7.3018819604e-15 2.3079255553e-14 1.8262972339e-15
2.5561523438e+02 3.2162475736e-14 7.3373984575e-15 2.3011739768e-14 1.8133375107e-15
2.5585937500e+02 3.1977526342e-14 7.3190111352e-15 2.2885567145e-14 1.7729480613e-15
2.5610351562e+02 3.1513970828e-14 7.2152533135e-15 2.2551945963e-14 1.7467715516e-15
2.5634765625e+02 3.1469951902e-14 7.2409731633e-15 2.2484565037e-14 1.7444137015e-15
2.5659179688e+02 3.1533372473e-14 7.2107962939e-15 2.2541003627e-14 1.7815725526e-15
2.5683593750e+02 3.1513323624e-14 7.1716358374e-15 2.2559682386e-14 1.7820054009e-15
2.5708007812e+02 3.1863844617e-14 7.2112998058e-15 2.2845440615e-14 1.8071041960e-15
2.5732421875e+02 3.1964028231e-14 7.2552303422e-15 2.2907666925e-14 1.8011309642e-15
2.5756835938e+02 3.2130964575e-14 7.3194914239e-15 2.3001045706e-14 1.8104274447e-15
2.5781250000e+02 3.2466584012e-14 7.3761896882e-15 2.3264329841e-14 1.8260644832e-15
2.5805664062e+02 3.2571495249e-14 7.3867964295e-15 2.3358644701e-14 1.8260541187e-15
2.5830078125e+02 3.2549318764e-14 7.3728017375e-15 2.3353713225e-14 1.8228038016e-15
2.5854492188e+02 3.2466678435e-14 7.3552219739e-15 2.3308169275e-14 1.8032871860e-15
2.5878906250e+02 3.2503814639e-14 7.3961541921e-15 2.3296418392e-14 1.8112420547e-15
2.5903320312e+02 3.2240997225e-14 7.3216553627e-15 2.3100670734e-14 1.8186711283e-15
2.5927734375e+02 3.1716316192e-14 7.2600539106e-15 2.2661009797e-14 1.7952524840e-15
2.5952148438e+02 3.1632663071e-14 7.2196711310e-15 2.2634722603e-14 1.7782693369e-15
2.5976562500e+02 3.1463786854e-14 7.1940931942e-15 2.2513502528e-14 1.7561911323e-15
2.6000976562e+02 3.1114939473e-14 7.1587266307e-15 2.2209750984e-14 1.7464618590e-15
2.6025390625e+02 3.0928663600e-14 7.1401284586e-15 2.2037152052e-14 1.7513830895e-15
2.6049804688e+02 3.1011569809e-14 7.1336906963e-15 2.2143205309e-14 1.7346738034e-15
2.6074218750e+02 3.1171077026e-14 7.1618768188e-15 2.2255783092e-14 1.7534171154e-15
2.6098632812e+02 3.1034292107e-14 7.1496609292e-15 2.2139044347e-14 1.7455868304e-15
2.6123046875e+02 3.1122277167e-14 7.1044018076e-15 2.2269555077e-14 1.7483202825e-15
2.6147460938e+02 3.1103013135e-14 7.0994741370e-15 2.2243177619e-14 1.7603613788e-15
2.6171875000e+02 3.0644502344e-14 7.0587318579e-15 2.1846326476e-14 1.7394440107e-15
2.6196289062e+02 3.0167233560e-14 7.0005997760e-15 2.1464769873e-14 1.7018639110e-15
2.6220703125e+02 2.9643408979e-14 6.9104317824e-15 2.1052967459e-14 1.6800097375e-15
2.6245117188e+02 2.9292428644e-14 6.8936797319e-15 2.0716904667e-14 1.6818442450e-15
2.6269531250e+02 2.8966554055e-14 6.8360351941e-15 2.0479134964e-14 1.6513838966e-15
2.6293945312e+02 2.8478652313e-14 6.7664756575e-15 2.0102857041e-14 1.6093196139e-15
2.6318359375e+02 2.8491045044e-14 6.7529449833e-15 2.0097260278e-14 1.6408397826e-15
2.6342773438e+02 2.8529234437e-14 6.7763314542e-15 2.0116618715e-14 1.6362842683e-15
2.6367187500e+02 2.8306553582e-14 6.7764880389e-15 1.9927233172e-14 1.6028323717e-15
2.6391601562e+02 2.8283212601e-14 6.7196960218e-15 1.9957979518e-14 1.6055370609e-15
2.6416015625e+02 2.8248914052e-14 6.6692220557e-15 1.9976880408e-14 1.6028115882e-15
2.6440429688e+02 2.7916675791e-14 6.6023969042e-15 1.9713336149e-14 1.6009427381e-15
2.6464843750e+02 2.7332830307e-14 6.5281743847e-15 1.9222843492e-14 1.5818124306e-15
2.6489257812e+02 2.6512604963e-14 6.4073399125e-15 1.8556322490e-14 1.5489425610e-15
2.6513671875e+02 2.5865831785e-14 6.3114833766e-15 1.8063071316e-14 1.4912770921e-15
2.6538085938e+02 2.5364267723e-14 6.2429879183e-15 1.7639681949e-14 1.4815978556e-15
2.6562500000e+02 2.4742540113e-14 6.1286167020e-15 1.7155637523e-14 1.4582858883e-15
2.6586914062e+02 2.4280972096e-14 6.0755986671e-15 1.6769065453e-14 1.4363079762e-15
2.6611328125e+02 2.4083920007e-14 5.9749403103e-15 1.6672020118e-14 1.4369595783e-15
2.6635742188e+02 2.3841942518e-14 5.9319619753e-15 1.6489225131e-14 1.4207554114e-15
2.6660156250e+02 2.3514629222e-14 5.8901712464e-15 1.6215335627e-14 1.4091223487e-15
2.6684570312e+02 2.3059288397e-14 5.8375520959e-15 1.5841933135e-14 1.3798031662e-15
2.6708984375e+02 2.2692335385e-14 5.8070099713e-15 1.5540008003e-14 1.3453174098e-15
2.6733398438e+02 2.2441153203e-14 5.7656926362e-15 1.5343145115e-14 1.3323154520e-15
2.6757812500e+02 2.2317851363e-14 5.7293434857e-15 1.5250609009e-14 1.3378988688e-15
2.6782226562e+02 2.2081903183e-14 5.6732202678e-15 1.5078407007e-14 1.3302759081e-15
2.6806640625e+02 2.1690757615e-14 5.6055036585e-15 1.4779523456e-14 1.3057304998e-15
2.6831054688e+02 2.1287684987e-14 5.5369542547e-15 1.4456611636e-14 1.2941190962e-15
2.6855468750e+02 2.0853694619e-14 5.4810073353e-15 1.4109909254e-14 1.2627780304e-15
2.6879882812e+02 2.0570510196e-14 5.4534258587e-15 1.3877246647e-14 1.2398376905e-15
2.6904296875e+02 2.0224277761e-14 5.4101444502e-15 1.3606690202e-14 1.2074431088e-15
2.6928710938e+02 1.9785872262e-14 5.3591086570e-15 1.3230386876e-14 1.1963767288e-15
2.6953125000e+02 1.9622115835e-14 5.3511527935e-15 1.3074573601e-14 1.1963894404e-15
2.6977539062e+02 1.9580396570e-14 5.3263458574e-15 1.3056383304e-14 1.1976674089e-15
2.7001953125e+02 1.9600855907e-14 5.2992571494e-15 1.3110499918e-14 1.1910988402e-15
2.7026367188e+02 1.9566905492e-14 5.2835261597e-15 1.3085522306e-14 1.1978570262e-15
2.7050781250e+02 1.9414471612e-14 5.2579239663e-15 1.2975912393e-14 1.1806352530e-15
2.7075195312e+02 1.9261258286e-14 5.2338406186e-15 1.2859322121e-14 1.1680955464e-15
2.7099609375e+02 1.9066356657e-14 5.2214998732e-15 1.2686791071e-14 1.1580657128e-15
2.7124023438e+02 1.8807615009e-14 5.1850305375e-15 1.2469084547e-14 1.1534999246e-15
2.7148437500e+02 1.8528907902e-14 5.1311819814e-15 1.2271296523e-14 1.1264293979e-15
2.7172851562e+02 1.8299076317e-14 5.0998695376e-15 1.2076874378e-14 1.1223324012e-15
2.7197265625e+02 1.8095046827e-14 5.0450023013e-15 1.1916403133e-14 1.1336413933e-15
2.7221679688e+02 1.7876040102e-14 5.0004390487e-15 1.1745876015e-14 1.1297250382e-15
2.7246093750e+02 1.7729180865e-14 4.9684782864e-15 1.1649942334e-14 1.1107602446e-15
2.7270507812e+02 1.7509468214e-14 4.9159857246e-15 1.1484442146e-14 1.1090403439e-15
2.7294921875e+02 1.7268147229e-14 4.9084945619e-15 1.1266635079e-14 1.0930175878e-15
2.7319335938e+02 1.7169166033e-14 4.9036357876e-15 1.1190697499e-14 1.0748327463e-15
2.7343750000e+02 1.6949107789e-14 4.8781468557e-15 1.1005190427e-14 1.0657705072e-15
2.7368164062e+02 1.6844608824e-14 4.8763686285e-15 1.0909499574e-14 1.0587406205e-15
2.7392578125e+02 1.6838577146e-14 4.8591668027e-15 1.0920341874e-14 1.0590684698e-15
2.7416992188e+02 1.6782908509e-14 4.8480064627e-15 1.0869080705e-14 1.0658213408e-15
2.7441406250e+02 1.6697969102e-14 4.8256045395e-15 1.0801575636e-14 1.0707889262e-15
2.7465820312e+02 1.6603591567e-14 4.7920720260e-15 1.0765185640e-14 1.0463339009e-15
2.7490234375e+02 1.6330426598e-14 4.7470225814e-15 1.0552556527e-14 1.0308474899e-15
2.7514648438e+02 1.6097387778e-14 4.7270782046e-15 1.0340598401e-14 1.0297111722e-15
2.7539062500e+02 1.5931491115e-14 4.7064255286e-15 1.0203254496e-14 1.0218110904e-15
2.7563476562e+02 1.5788374559e-14 4.6894327250e-15 1.0075256658e-14 1.0236851762e-15
2.7587890625e+02 1.5626828273e-14 4.6824444721e-15 9.9415110201e-15 1.0028727809e-15
2.7612304688e+02 1.5520279703e-14 4.6535676492e-15 9.8642894647e-15 1.0024225892e-15
2.7636718750e+02 1.5472615611e-14 4.6387985703e-15 9.8391230103e-15 9.9469403055e-16
2.7661132812e+02 1.5424039002e-14 4.6269196004e-15 9.8093667132e-15 9.8775268832e-16
2.7685546875e+02 1.5475150178e-14 4.6277131202e-15 9.8535697333e-15 9.9386732410e-16
2.7709960938e+02 1.5375120261e-14 4.6021929094e-15 9.7907657019e-15 9.8216164941e-16
2.7734375000e+02 1.5298999803e-14 4.5880430823e-15 9.7219946032e-15 9.8896211723e-16
2.7758789062e+02 1.5198538856e-14 4.5824165182e-15 9.6274206499e-15 9.8870168800e-16
2.7783203125e+02 1.5167042786e-14 4.5683602215e-15 9.6060647243e-15 9.9261784015e-16
2.7807617188e+02 1.5141570067e-14 4.5793875401e-15 9.5687845247e-15 9.9339800234e-16
2.7832031250e+02 1.5009307633e-14 4.5653549664e-15 9.4573696630e-15 9.8658300405e-16
2.7856445312e+02 1.4979327759e-14 4.5566833538e-15 9.4395745733e-15 9.8306983228e-16
2.7880859375e+02 1.4945810834e-14 4.5478473493e-15 9.4173250030e-15 9.8063848171e-16
2.7905273438e+02 1.4853558570e-14 4.5230717200e-15 9.3530440583e-15 9.7744279145e-16
2.7929687500e+02 1.4775183295e-14 4.5107773379e-15 9.2843079738e-15 9.8009798284e-16
2.7954101562e+02 1.4723116755e-14 4.5039694423e-15 9.2527739095e-15 9.6637340347e-16
2.7978515625e+02 1.4782841064e-14 4.5329834602e-15 9.2955660257e-15 9.5429157847e-16
2.8002929688e+02 1.4710584877e-14 4.5359503134e-15 9.2135249149e-15 9.6110964876e-16
2.8027343750e+02 1.4614966118e-14 4.5127498358e-15 9.1341127656e-15 9.6810351630e-16
2.8051757812e+02 1.4656467691e-14 4.5223398103e-15 9.1777007201e-15 9.5642716027e-16
2.8076171875e+02 1.4697372192e-14 4.5228123292e-15 9.2178953663e-15 9.5666449657e-16
2.8100585938e+02 1.4730310474e-14 4.4984051150e-15 9.2817113127e-15 9.5019404602e-16
2.8125000000e+02 1.4696386854e-14 4.4927982703e-15 9.2486259818e-15 9.5496260187e-16
2.8149414062e+02 1.4680557146e-14 4.5010487120e-15 9.2188380223e-15 9.6067041198e-16
2.8173828125e+02 1.4689080889e-14 4.5060760519e-15 9.2369162154e-15 9.4608862147e-16
2.8198242188e+02 1.4624964017e-14 4.5008184715e-15 9.1831485912e-15 9.4099695393e-16
2.8222656250e+02 1.4556995109e-14 4.4814940950e-15 9.1280823577e-15 9.4741865614e-16
2.8247070312e+02 1.4535181067e-14 4.4806759292e-15 9.0934471591e-15 9.6105797858e-16
2.8271484375e+02 1.4517614402e-14 4.4886653823e-15 9.0751965880e-15 9.5375243129e-16
2.8295898438e+02 1.4508427004e-14 4.4744728541e-15 9.0836246681e-15 9.5032948183e-16
2.8320312500e+02 1.4469333563e-14 4.4618883651e-15 9.0611444865e-15 9.4630071168e-16
2.8344726562e+02 1.4452189630e-14 4.4757627580e-15 9.0368093492e-15 9.3961752263e-16
2.8369140625e+02 1.4506464630e-14 4.4883144002e-15 9.0835983280e-15 9.3455190189e-16
2.8393554688e+02 1.4467617526e-14 4.4788654790e-15 9.0351315002e-15 9.5362054712e-16
2.8417968750e+02 1.4476702434e-14 4.4801891292e-15 9.0526603019e-15 9.4385300324e-16
2.8442382812e+02 1.4525200933e-14 4.4914592647e-15 9.0942121751e-15 9.3952949288e-16
2.8466796875e+02 1.4503541919e-14 4.4983551357e-15 9.0604417361e-15 9.4474504732e-16
2.8491210938e+02 1.4596338623e-14 4.5041390871e-15 9.1378810188e-15 9.5431851729e-16
2.8515625000e+02 1.4625494761e-14 4.5067892969e-15 9.1648148773e-15 9.5389058640e-16
2.8540039062e+02 1.4580848668e-14 4.4994436154e-15 9.1273548100e-15 9.5405024228e-16
2.8564453125e+02 1.4540432113e-14 4.5044789882e-15 9.0852534609e-15 9.5069966404e-16
2.8588867188e+02 1.4537815993e-14 4.5162752843e-15 9.0781789307e-15 9.4336177759e-16
2.8613281250e+02 1.4492519677e-14 4.4924798827e-15 9.0565316260e-15 9.4350816886e-16
2.8637695312e+02 1.4409505752e-14 4.4528852190e-15 9.0182427314e-15 9.3837780135e-16
2.8662109375e+02 1.4443102554e-14 4.4756795191e-15 9.0236161312e-15 9.4380690332e-16
2.8686523438e+02 1.4445566249e-14 4.4842226689e-15 9.0176161293e-15 9.4372745063e-16
2.8710937500e+02 1.4367837264e-14 4.4626830037e-15 8.9600471065e-15 9.4510715338e-16
2.8735351562e+02 1.4386896040e-14 4.4511082580e-15 8.9772073944e-15 9.5858038792e-16
2.8759765625e+02 1.4468069297e-14 4.4589595728e-15 9.0597934142e-15 9.4931630994e-16
2.8784179688e+02 1.4444798434e-14 4.4847690727e-15 9.0139558054e-15 9.4607355582e-16
2.8808593750e+02 1.4403272247e-14 4.4850870340e-15 8.9670330511e-15 9.5115216215e-16
2.8833007812e+02 1.4367778308e-14 4.4609898843e-15 8.9563209049e-15 9.5046751905e-16
2.8857421875e+02 1.4345828357e-14 4.4606992381e-15 8.9360497103e-15 9.4907940893e-16
2.8881835938e+02 1.4338753840e-14 4.4689740339e-15 8.9256170084e-15 9.4416279720e-16
2.8906250000e+02 1.4311084012e-14 4.4609903531e-15 8.8979787229e-15 9.5211493592e-16
2.8930664062e+02 1.4224011598e-14 4.4444199989e-15 8.8287165106e-15 9.5087508870e-16
2.8955078125e+02 1.4189446804e-14 4.4191576041e-15 8.8330955213e-15 9.3719367907e-16
2.8979492188e+02 1.4116863500e-14 4.3970065044e-15 8.7893017797e-15 9.3055521600e-16
2.9003906250e+02 1.4103597875e-14 4.3995707746e-15 8.7696445780e-15 9.3438252255e-16
2.9028320312e+02 1.4128122228e-14 4.4049271694e-15 8.7832874736e-15 9.3990758546e-16
2.9052734375e+02 1.4108565436e-14 4.4318175108e-15 8.7554823901e-15 9.2126553517e-16
2.9077148438e+02 1.4084534714e-14 4.4263524052e-15 8.7324440224e-15 9.2573828642e-16
2.9101562500e+02 1.4038814016e-14 4.4122724363e-15 8.7098087216e-15 9.1673285812e-16
2.9125976562e+02 1.3978282299e-14 4.4173509169e-15 8.6423860206e-15 9.1854536167e-16
2.9150390625e+02 1.3954063913e-14 4.4032260986e-15 8.6240576902e-15 9.2678012377e-16
2.9174804688e+02 1.3881727592e-14 4.3933220310e-15 8.5744144548e-15 9.1399110674e-16
2.9199218750e+02 1.3836740991e-14 4.3925042933e-15 8.5329862111e-15 9.1125048705e-16
2.9223632812e+02 1.3816504393e-14 4.3755141364e-15 8.5285023687e-15 9.1248788821e-16
2.9248046875e+02 1.3728863039e-14 4.3462297186e-15 8.4782369974e-15 9.0439632261e-16
2.9272460938e+02 1.3628748804e-14 4.3437594341e-15 8.3803090474e-15 9.0468032245e-16
2.9296875000e+02 1.3563422218e-14 4.3532272115e-15 8.3025952948e-15 9.0759971123e-16
2.9321289062e+02 1.3597032396e-14 4.3698045556e-15 8.3154582572e-15 9.1176958307e-16
2.9345703125e+02 1.3574803417e-14 4.3469503770e-15 8.3090418296e-15 9.1881121066e-16
2.9370117188e+02 1.3535392395e-14 4.3165743474e-15 8.3031645000e-15 9.1565354727e-16
2.9394531250e+02 1.3502574083e-14 4.3082062453e-15 8.2943120814e-15 9.0005575585e-16
2.9418945312e+02 1.3519751953e-14 4.3229156862e-15 8.3016353373e-15 8.9520092956e-16
2.9443359375e+02 1.3510198257e-14 4.3306750914e-15 8.2730083809e-15 9.0651478461e-16
2.9467773438e+02 1.3437535138e-14 4.3278531239e-15 8.2042095213e-15 9.0547249300e-16
2.9492187500e+02 1.3371484319e-14 4.3074002125e-15 8.1597088821e-15 9.0437522447e-16
2.9516601562e+02 1.3342427871e-14 4.3173891843e-15 8.1359803433e-15 8.8905834302e-16
2.9541015625e+02 1.3280338589e-14 4.2815679326e-15 8.1193205281e-15 8.7945012867e-16
2.9565429688e+02 1.3254714513e-14 4.2841992946e-15 8.0817244416e-15 8.8879077673e-16
2.9589843750e+02 1.3238110185e-14 4.2836708696e-15 8.0565270669e-15 8.9791224841e-16
2.9614257812e+02 1.3220909047e-14 4.2821437132e-15 8.0478730899e-15 8.9089224358e-16
2.9638671875e+02 1.3229478665e-14 4.2831926488e-15 8.0632541437e-15 8.8303187289e-16
2.9663085938e+02 1.3214957762e-14 4.2697748697e-15 8.0592260857e-15 8.8595680676e-16
2.9687500000e+02 1.3191080542e-14 4.2697089199e-15 8.0249048823e-15 8.9646673950e-16
2.9711914062e+02 1.3195842877e-14 4.2831885495e-15 8.0087452555e-15 9.0390907208e-16
2.9736328125e+02 1.3184624423e-14 4.2709490743e-15 8.0163673354e-15 8.9730801288e-16
2.9760742188e+02 1.3129709932e-14 4.2557356708e-15 7.9835363755e-15 8.9043788528e-16
2.9785156250e+02 1.3114513135e-14 4.2573052257e-15 7.9681445770e-15 8.8906333245e-16
2.9809570312e+02 1.3093271462e-14 4.2593402940e-15 7.9558643316e-15 8.7806683668e-16
2.9833984375e+02 1.3035670527e-14 4.2600359469e-15 7.9010699623e-15 8.7456461829e-16
2.9858398438e+02 1.3021107880e-14 4.2527628092e-15 7.8983578504e-15 8.6998722086e-16
2.9882812500e+02 1.2984528354e-14 4.2361580314e-15 7.8790852842e-15 8.6928503876e-16
2.9907226562e+02 1.2927438110e-14 4.2451846382e-15 7.8146581025e-15 8.6759536914e-16
2.9931640625e+02 1.2945108558e-14 4.2605017136e-15 7.8064848733e-15 8.7812197105e-16
2.9956054688e+02 1.2930156593e-14 4.2258958761e-15 7.8249556005e-15 8.7930511618e-16
2.9980468750e+02 1.2891104535e-14 4.2210886077e-15 7.7912077604e-15 8.7880816682e-16
3.0004882812e+02 1.2853154050e-14 4.2213328876e-15 7.7562911248e-15 8.7553003739e-16
3.0029296875e+02 1.2820043445e-14 4.2034032235e-15 7.7471812193e-15 8.6945900179e-16
3.0053710938e+02 1.2834599068e-14 4.2141847381e-15 7.7526904755e-15 8.6772385424e-16
3.0078125000e+02 1.2799899963e-14 4.2075728640e-15 7.7246829426e-15 8.6764415618e-16
3.0102539062e+02 1.2805953070e-14 4.2126850900e-15 7.7249950672e-15 8.6827291264e-16
3.0126953125e+02 1.2775087018e-14 4.2173106451e-15 7.6952493771e-15 8.6252699630e-16
3.0151367188e+02 1.2741430816e-14 4.2025463828e-15 7.6682975671e-15 8.7058686596e-16
3.0175781250e+02 1.2718418455e-14 4.2032507328e-15 7.6442895862e-15 8.7087813611e-16
3.0200195312e+02 1.2705102074e-14 4.1928991336e-15 7.6447056914e-15 8.6749724902e-16
3.0224609375e+02 1.2730014223e-14 4.2062874432e-15 7.6596865748e-15 8.6404020471e-16
3.0249023438e+02 1.2710533692e-14 4.1974305152e-15 7.6367159136e-15 8.7638726271e-16
3.0273437500e+02 1.2654443551e-14 4.1978764987e-15 7.5873704022e-15 8.6919664961e-16
3.0297851562e+02 1.2658063245e-14 4.1995266470e-15 7.6030560980e-15 8.5548050012e-16
3.0322265625e+02 1.2699277420e-14 4.1914143298e-15 7.6408601969e-15 8.6700289324e-16
3.0346679688e+02 1.2696011974e-14 4.1827876603e-15 7.6461813838e-15 8.6704292989e-16
3.0371093750e+02 1.2640357226e-14 4.1773360598e-15 7.5957561693e-15 8.6726499648e-16
3.0395507812e+02 1.2626116501e-14 4.1878685643e-15 7.5725351730e-15 8.6571276351e-16
3.0419921875e+02 1.2608962133e-14 4.1743244088e-15 7.5758079122e-15 8.5882981203e-16
3.0444335938e+02 1.2617689276e-14 4.1706454453e-15 7.5904988593e-15 8.5654497094e-16
3.0468750000e+02 1.2620810353e-14 4.1767772851e-15 7.5843752471e-15 8.5965782026e-16
3.0493164062e+02 1.2609203810e-14 4.1746600242e-15 7.5725796155e-15 8.6196416989e-16
3.0517578125e+02 1.2607048474e-14 4.1714501509e-15 7.5770908194e-15 8.5850750392e-16
3.0541992188e+02 1.2583263005e-14 4.1725361934e-15 7.5470934432e-15 8.6363336804e-16
3.0566406250e+02 1.2534682161e-14 4.1778480051e-15 7.4982920647e-15 8.5854209105e-16
3.0590820312e+02 1.2526651260e-14 4.1748173704e-15 7.5024591323e-15 8.4937475754e-16
3.0615234375e+02 1.2529208296e-14 4.1580752944e-15 7.5174774655e-15 8.5365553618e-16
3.0639648438e+02 1.2527105102e-14 4.1502984325e-15 7.5248021129e-15 8.5200455638e-16
3.0664062500e+02 1.2557953469e-14 4.1625671661e-15 7.5416741054e-15 8.5371219774e-16
3.0688476562e+02 1.2542007245e-14 4.1693075529e-15 7.5123626942e-15 8.6033699745e-16
3.0712890625e+02 1.2529670765e-14 4.1746294007e-15 7.5023706716e-15 8.5267069299e-16
3.0737304688e+02 1.2534680825e-14 4.1635405637e-15 7.5046670675e-15 8.6647319337e-16
3.0761718750e+02 1.2534519583e-14 4.1540593025e-15 7.5099070158e-15 8.7055326470e-16
3.0786132812e+02 1.2569279094e-14 4.1868885255e-15 7.5170683792e-15 8.6532218921e-16
3.0810546875e+02 1.2582110565e-14 4.1855089314e-15 7.5282094465e-15 8.6839218748e-16
3.0834960938e+02 1.2530340820e-14 4.1704086185e-15 7.4978502622e-15 8.6208193886e-16
3.0859375000e+02 1.2515630565e-14 4.1500034515e-15 7.5094197745e-15 8.5620733866e-16
3.0883789062e+02 1.2482339577e-14 4.1385338440e-15 7.4797794219e-15 8.6402631074e-16
3.0908203125e+02 1.2460130103e-14 4.1498076035e-15 7.4537201875e-15 8.5660231217e-16
3.0932617188e+02 1.2461096794e-14 4.1596691357e-15 7.4443489295e-15 8.5707872860e-16
3.0957031250e+02 1.2493772980e-14 4.1761521614e-15 7.4650705131e-15 8.5255030502e-16
3.0981445312e+02 1.2473438747e-14 4.1637758600e-15 7.4619483430e-15 8.4771454359e-16
3.1005859375e+02 1.2472803677e-14 4.1600084891e-15 7.4592052492e-15 8.5358993827e-16
3.1030273438e+02 1.2470492482e-14 4.1689419666e-15 7.4451786579e-15 8.5637185770e-16
3.1054687500e+02 1.2507909651e-14 4.1617783856e-15 7.4903543211e-15 8.5577694386e-16
3.1079101562e+02 1.2458040662e-14 4.1465204726e-15 7.4588092418e-15 8.5271094712e-16
3.1103515625e+02 1.2471923395e-14 4.1420324610e-15 7.4847233632e-15 8.4516757102e-16
3.1127929688e+02 1.2506058631e-14 4.1617889648e-15 7.5034076918e-15 8.4086197469e-16
3.1152343750e+02 1.2514528303e-14 4.1778801545e-15 7.4878204797e-15 8.4882766916e-16
3.1176757812e+02 1.2538400296e-14 4.1752480927e-15 7.5079521292e-15 8.5520007447e-16
3.1201171875e+02 1.2532124916e-14 4.1665148583e-15 7.5066311975e-15 8.5897886015e-16
3.1225585938e+02 1.2505208857e-14 4.1694057568e-15 7.4774886179e-15 8.5831448237e-16
3.1250000000e+02 1.2515541171e-14 4.1647745110e-15 7.5007422180e-15 8.5002444237e-16
3.1274414062e+02 1.2546652642e-14 4.1668327965e-15 7.5339088541e-15 8.4591099096e-16
3.1298828125e+02 1.2502153894e-14 4.1721588973e-15 7.4721499368e-15 8.5784505995e-16
3.1323242188e+02 1.2475665279e-14 4.1647867883e-15 7.4529476993e-15 8.5793079116e-16
3.1347656250e+02 1.2440642877e-14 4.1561891729e-15 7.4194402500e-15 8.6501345381e-16
3.1372070312e+02 1.2463574601e-14 4.1629258850e-15 7.4507495834e-15 8.4989913227e-16
3.1396484375e+02 1.2505110919e-14 4.1681637734e-15 7.4832155931e-15 8.5373155226e-16
3.1420898438e+02 1.2507483212e-14 4.1635957877e-15 7.4885588427e-15 8.5532858137e-16
3.1445312500e+02 1.2560369158e-14 4.1782015923e-15 7.5316868707e-15 8.5048069536e-16
3.1469726562e+02 1.2508890345e-14 4.1529380559e-15 7.4971124430e-15 8.5883984604e-16
3.1494140625e+02 1.2462485515e-14 4.1468458409e-15 7.4491598031e-15 8.6647987119e-16
3.1518554688e+02 1.2480642165e-14 4.1546040217e-15 7.4674653360e-15 8.5857280707e-16
3.1542968750e+02 1.2455032573e-14 4.1520089414e-15 7.4497151310e-15 8.5330850049e-16
3.1567382812e+02 1.2450795598e-14 4.1500739980e-15 7.4493164187e-15 8.5140518154e-16
3.1591796875e+02 1.2462470966e-14 4.1686699772e-15 7.4396282649e-15 8.5417272342e-16
3.1616210938e+02 1.2473294165e-14 4.1605362348e-15 7.4659046611e-15 8.4685326931e-16
3.1640625000e+02 1.2445189399e-14 4.1573241878e-15 7.4487516213e-15 8.3911359010e-16
3.1665039062e+02 1.2481306299e-14 4.1593701069e-15 7.4778415538e-15 8.4409463826e-16
3.1689453125e+02 1.2516993781e-14 4.1650602672e-15 7.5031916135e-15 8.4874190074e-16
3.1713867188e+02 1.2468301984e-14 4.1566845023e-15 7.4627985277e-15 8.4881895365e-16
3.1738281250e+02 1.2419381563e-14 4.1496235188e-15 7.4201486510e-15 8.4960939329e-16
3.1762695312e+02 1.2424422946e-14 4.1524911694e-15 7.4184315942e-15 8.5350018234e-16
3.1787109375e+02 1.2454864366e-14 4.1544556914e-15 7.4498191059e-15 8.5058956869e-16
3.1811523438e+02 1.2466609596e-14 4.1507439126e-15 7.4690387964e-15 8.4682688693e-16
3.1835937500e+02 1.2464600890e-14 4.1593565113e-15 7.4551189979e-15 8.5012538067e-16
3.1860351562e+02 1.2407762367e-14 4.1517482016e-15 7.4178214735e-15 8.3819269226e-16
3.1884765625e+02 1.2376140674e-14 4.1503143394e-15 7.3848028779e-15 8.4102345648e-16
3.1909179688e+02 1.2389805772e-14 4.1521714761e-15 7.3930237784e-15 8.4461051781e-16
3.1933593750e+02 1.2426477344e-14 4.1607965210e-15 7.4246781187e-15 8.4100270377e-16
3.1958007812e+02 1.2447871695e-14 4.1687495299e-15 7.4296495892e-15 8.4947257627e-16
3.1982421875e+02 1.2408030078e-14 4.1530976906e-15 7.4085001280e-15 8.4643225889e-16
3.2006835938e+02 1.2398851740e-14 4.1503323760e-15 7.3987363418e-15 8.4978302189e-16
3.2031250000e+02 1.2399634217e-14 4.1434913121e-15 7.4036309118e-15 8.5251199297e-16
3.2055664062e+02 1.2426765234e-14 4.1530058173e-15 7.4256971523e-15 8.4806226425e-16
3.2080078125e+02 1.2385860435e-14 4.1476277776e-15 7.3970552032e-15 8.4117745463e-16
3.2104492188e+02 1.2365019162e-14 4.1326870901e-15 7.3900494329e-15 8.4228263941e-16
3.2128906250e+02 1.2409171895e-14 4.1658175153e-15 7.3904187908e-15 8.5293558909e-16
3.2153320312e+02 1.2433979371e-14 4.1656480859e-15 7.4268865719e-15 8.4144471273e-16
3.2177734375e+02 1.2389203705e-14 4.1461167396e-15 7.3995959455e-15 8.4349101952e-16
3.2202148438e+02 1.2375208447e-14 4.1392802658e-15 7.4018005892e-15 8.3412759219e-16
3.2226562500e+02 1.2338550588e-14 4.1317071916e-15 7.3733850731e-15 8.3345832293e-16
3.2250976562e+02 1.2359906911e-14 4.1586748445e-15 7.3644851461e-15 8.3674692022e-16
3.2275390625e+02 1.2358535819e-14 4.1428136351e-15 7.3729841346e-15 8.4273804889e-16
3.2299804688e+02 1.2410223618e-14 4.1447574349e-15 7.4211746138e-15 8.4429156978e-16
3.2324218750e+02 1.2370432069e-14 4.1416969989e-15 7.3907911835e-15 8.3794388677e-16
3.2348632812e+02 1.2349246356e-14 4.1452524175e-15 7.3567746661e-15 8.4721927186e-16
3.2373046875e+02 1.2352041273e-14 4.1356582781e-15 7.3684894654e-15 8.4789352990e-16
3.2397460938e+02 1.2357773148e-14 4.1333091191e-15 7.3763883235e-15 8.4807570588e-16
3.2421875000e+02 1.2379081231e-14 4.1237362049e-15 7.4127081394e-15 8.4263688631e-16
3.2446289062e+02 1.2406829347e-14 4.1363729174e-15 7.4269945132e-15 8.4346191662e-16
3.2470703125e+02 1.2383065469e-14 4.1514124961e-15 7.3847092954e-15 8.4694367723e-16
3.2495117188e+02 1.2378874164e-14 4.1489101991e-15 7.3804782604e-15 8.4948570413e-16
3.2519531250e+02 1.2339798073e-14 4.1372885780e-15 7.3596475399e-15 8.4286195559e-16
3.2543945312e+02 1.2337060927e-14 4.1358021336e-15 7.3488261504e-15 8.5243264295e-16
3.2568359375e+02 1.2307314923e-14 4.1321830048e-15 7.3320877735e-15 8.4304414454e-16
3.2592773438e+02 1.2269702422e-14 4.1191778988e-15 7.3104300516e-15 8.4009447194e-16
3.2617187500e+02 1.2279064738e-14 4.1376193378e-15 7.2940019915e-15 8.4744340842e-16
3.2641601562e+02 1.2290402044e-14 4.1359483653e-15 7.3163408139e-15 8.3811286449e-16
3.2666015625e+02 1.2314014107e-14 4.1345724229e-15 7.3403681457e-15 8.3907353823e-16
3.2690429688e+02 1.2300076396e-14 4.1238718974e-15 7.3351566325e-15 8.4104786562e-16
3.2714843750e+02 1.2287856784e-14 4.1161826535e-15 7.3180157573e-15 8.5365837318e-16
3.2739257812e+02 1.2317191283e-14 4.1231272372e-15 7.3371272609e-15 8.5693678519e-16
3.2763671875e+02 1.2314900682e-14 4.1303580972e-15 7.3446439413e-15 8.3989864327e-16
3.2788085938e+02 1.2282796643e-14 4.1377195226e-15 7.3025132188e-15 8.4256390127e-16
3.2812500000e+02 1.2260645503e-14 4.1406013324e-15 7.2751378021e-15 8.4490636867e-16
3.2836914062e+02 1.2296941773e-14 4.1564612116e-15 7.2966579248e-15 8.4382263678e-16
3.2861328125e+02 1.2307996601e-14 4.1467948378e-15 7.3164754359e-15 8.4472632759e-16
3.2885742188e+02 1.2309333866e-14 4.1377630063e-15 7.3278246513e-15 8.4374620826e-16
3.2910156250e+02 1.2303917944e-14 4.1327476518e-15 7.3192438204e-15 8.5192647213e-16
3.2934570312e+02 1.2306134092e-14 4.1254775928e-15 7.3329001436e-15 8.4775635522e-16
3.2958984375e+02 1.2315032569e-14 4.1306302811e-15 7.3290314076e-15 8.5537088071e-16
3.2983398438e+02 1.2313056536e-14 4.1269917489e-15 7.3269297477e-15 8.5913503988e-16
3.3007812500e+02 1.2319267667e-14 4.1307869865e-15 7.3296190870e-15 8.5886159361e-16
3.3032226562e+02 1.2296355429e-14 4.1277064833e-15 7.3164920343e-15 8.5215691121e-16
3.3056640625e+02 1.2319224697e-14 4.1201562377e-15 7.3509963742e-15 8.4807208507e-16
3.3081054688e+02 1.2301368932e-14 4.1105117885e-15 7.3391345657e-15 8.5172257791e-16
3.3105468750e+02 1.2286485105e-14 4.1215423459e-15 7.3153771526e-15 8.4956560663e-16
3.3129882812e+02 1.2307418668e-14 4.1391556774e-15 7.3241368513e-15 8.4412613960e-16
3.3154296875e+02 1.2275340888e-14 4.1281275058e-15 7.3161268740e-15 8.3108650868e-16
3.3178710938e+02 1.2278688427e-14 4.1137815663e-15 7.3208509145e-15 8.4405594657e-16
3.3203125000e+02 1.2289176842e-14 4.1230254017e-15 7.3194812146e-15 8.4667022543e-16
3.3227539062e+02 1.2260503902e-14 4.1171990072e-15 7.3059118975e-15 8.3739299700e-16
3.3251953125e+02 1.2246145363e-14 4.1064938593e-15 7.3061296845e-15 8.3352181884e-16
3.3276367188e+02 1.2247557556e-14 4.1153777545e-15 7.2944920569e-15 8.3768774415e-16
3.3300781250e+02 1.2272566400e-14 4.1212065763e-15 7.3069040868e-15 8.4445573675e-16
3.3325195312e+02 1.2317610372e-14 4.1498502894e-15 7.3258033655e-15 8.4195671707e-16
3.3349609375e+02 1.2266243053e-14 4.1333459061e-15 7.2959010986e-15 8.3699604842e-16
3.3374023438e+02 1.2252460173e-14 4.1222039443e-15 7.2850430500e-15 8.4521317856e-16
3.3398437500e+02 1.2256469548e-14 4.1136511743e-15 7.3006446373e-15 8.4217373692e-16
3.3422851562e+02 1.2259393134e-14 4.1117781754e-15 7.3099996440e-15 8.3761531467e-16
3.3447265625e+02 1.2226877827e-14 4.1059996193e-15 7.2755602271e-15 8.4531798079e-16
3.3471679688e+02 1.2246729386e-14 4.1068767869e-15 7.2952624190e-15 8.4459017967e-16
3.3496093750e+02 1.2270755154e-14 4.1102065013e-15 7.3071466921e-15 8.5340196098e-16
3.3520507812e+02 1.2233063239e-14 4.1189133409e-15 7.2701359093e-15 8.4401398915e-16
3.3544921875e+02 1.2259950767e-14 4.1363928818e-15 7.2866888087e-15 8.3686907621e-16
3.3569335938e+02 1.2266742719e-14 4.1338993367e-15 7.2937417988e-15 8.3910158326e-16
3.3593750000e+02 1.2290496377e-14 4.1267864851e-15 7.3189072555e-15 8.4480263657e-16
3.3618164062e+02 1.2280269348e-14 4.1094140483e-15 7.3141877376e-15 8.5666756193e-16
3.3642578125e+02 1.2230473845e-14 4.1150980414e-15 7.2681618727e-15 8.4721393134e-16
3.3666992188e+02 1.2213882996e-14 4.0914582780e-15 7.2806473240e-15 8.4177739415e-16
3.3691406250e+02 1.2236869581e-14 4.0885006388e-15 7.3176931558e-15 8.3067578681e-16
3.3715820312e+02 1.2261046064e-14 4.1099458718e-15 7.3152288865e-15 8.3587130554e-16
3.3740234375e+02 1.2279381279e-14 4.1240692578e-15 7.3107747481e-15 8.4453727347e-16
3.3764648438e+02 1.2269297824e-14 4.1336417229e-15 7.2851522086e-15 8.5050389285e-16
3.3789062500e+02 1.2259864531e-14 4.1465175900e-15 7.2640102021e-15 8.4933673918e-16
3.3813476562e+02 1.2218466949e-14 4.1193477018e-15 7.2644526035e-15 8.3466664332e-16
3.3837890625e+02 1.2225526081e-14 4.1269694433e-15 7.2701803377e-15 8.2837629956e-16
3.3862304688e+02 1.2248360265e-14 4.1239646578e-15 7.2883115769e-15 8.3608402994e-16
3.3886718750e+02 1.2250886411e-14 4.1155801265e-15 7.2875762632e-15 8.4773002123e-16
3.3911132812e+02 1.2271371622e-14 4.1389847998e-15 7.2801876148e-15 8.5219920704e-16
3.3935546875e+02 1.2267685629e-14 4.1410865838e-15 7.2735453338e-15 8.5305371156e-16
3.3959960938e+02 1.2287078237e-14 4.1293369630e-15 7.3024825018e-15 8.5525877255e-16
3.3984375000e+02 1.2272107678e-14 4.1380595261e-15 7.2901218820e-15 8.4392627032e-16
3.4008789062e+02 1.2270948180e-14 4.1262835281e-15 7.2989028822e-15 8.4576177010e-16
3.4033203125e+02 1.2252130403e-14 4.1168204420e-15 7.2969305326e-15 8.3837942791e-16
3.4057617188e+02 1.2241257184e-14 4.1234327594e-15 7.2861870608e-15 8.3163736391e-16
3.4082031250e+02 1.2252953729e-14 4.1232845084e-15 7.2915751928e-15 8.3809402745e-16
3.4106445312e+02 1.2233490104e-14 4.1307426744e-15 7.2597390703e-15 8.4300835953e-16
3.4130859375e+02 1.2215244896e-14 4.1176317776e-15 7.2557998400e-15 8.4181327878e-16
3.4155273438e+02 1.2215868199e-14 4.1201445209e-15 7.2588579132e-15 8.3686576495e-16
3.4179687500e+02 1.2232419706e-14 4.1286469921e-15 7.2722600275e-15 8.3151268657e-16
3.4204101562e+02 1.2248657553e-14 4.1129498188e-15 7.2939526335e-15 8.4175510102e-16
3.4228515625e+02 1.2240323486e-14 4.1221367449e-15 7.2666239125e-15 8.5156282865e-16
3.4252929688e+02 1.2206015225e-14 4.1118866754e-15 7.2606110182e-15 8.3351753167e-16
3.4277343750e+02 1.2249815435e-14 4.1090174370e-15 7.3099325854e-15 8.3086541280e-16
3.4301757812e+02 1.2261061086e-14 4.1118312393e-15 7.3181716219e-15 8.3105822440e-16
3.4326171875e+02 1.2227255780e-14 4.1157882087e-15 7.2828735812e-15 8.2859399036e-16
3.4350585938e+02 1.2218161706e-14 4.1071908064e-15 7.2787996417e-15 8.3217125811e-16
3.4375000000e+02 1.2234334195e-14 4.1073859808e-15 7.2919195164e-15 8.3502869746e-16
3.4399414062e+02 1.2217841728e-14 4.1250117811e-15 7.2508370220e-15 8.4199292506e-16
3.4423828125e+02 1.2212223106e-14 4.1290154074e-15 7.2399164686e-15 8.4329122957e-16
3.4448242188e+02 1.2216291062e-14 4.1392708630e-15 7.2401339783e-15 8.3688622104e-16
3.4472656250e+02 1.2207893058e-14 4.1364378326e-15 7.2308591289e-15 8.4059609613e-16
3.4497070312e+02 1.2243742593e-14 4.1332483742e-15 7.2789658804e-15 8.3152833798e-16
3.4521484375e+02 1.2274564333e-14 4.1199993020e-15 7.3237024093e-15 8.3086262183e-16
3.4545898438e+02 1.2261996445e-14 4.1150178936e-15 7.3093875872e-15 8.3759096404e-16
3.4570312500e+02 1.2228511660e-14 4.1021618398e-15 7.2865863935e-15 8.3976342648e-16
3.4594726562e+02 1.2237808283e-14 4.1054296564e-15 7.2817130679e-15 8.5066555907e-16
3.4619140625e+02 1.2239962535e-14 4.1012456046e-15 7.2940842159e-15 8.4463271399e-16
3.4643554688e+02 1.2241893933e-14 4.1114728331e-15 7.2896735920e-15 8.4074750815e-16
3.4667968750e+02 1.2230863825e-14 4.1115297519e-15 7.2856284204e-15 8.3370565262e-16
3.4692382812e+02 1.2267021266e-14 4.1305126739e-15 7.2914500307e-15 8.4505856178e-16
3.4716796875e+02 1.2256743107e-14 4.1376456913e-15 7.2778832141e-15 8.4121420187e-16
3.4741210938e+02 1.2256073302e-14 4.1162642991e-15 7.3074902930e-15 8.3231870945e-16
3.4765625000e+02 1.2277958407e-14 4.1060314568e-15 7.3309180263e-15 8.4100892404e-16
3.4790039062e+02 1.2272505421e-14 4.1173463705e-15 7.3158832527e-15 8.3927579738e-16
3.4814453125e+02 1.2240728755e-14 4.1219127745e-15 7.2830094360e-15 8.3580654405e-16
3.4838867188e+02 1.2261418496e-14 4.1215125480e-15 7.2993389761e-15 8.4056697178e-16
3.4863281250e+02 1.2281359183e-14 4.1241347020e-15 7.3175205908e-15 8.3970389029e-16
3.4887695312e+02 1.2262167128e-14 4.1349650518e-15 7.2865436279e-15 8.4065844865e-16
3.4912109375e+02 1.2245368474e-14 4.1235174940e-15 7.2775560072e-15 8.4429497263e-16
3.4936523438e+02 1.2261104193e-14 4.1227107523e-15 7.2987481342e-15 8.3964530662e-16
3.4960937500e+02 1.2284037016e-14 4.1232365640e-15 7.3065117911e-15 8.5428866121e-16
3.4985351562e+02 1.2300864975e-14 4.1299859642e-15 7.3178085281e-15 8.5307048229e-16
3.5009765625e+02 1.2253182268e-14 4.1273977835e-15 7.2945552319e-15 8.3122925300e-16
3.5034179688e+02 1.2223063998e-14 4.1149076094e-15 7.2752069317e-15 8.3294945672e-16
3.5058593750e+02 1.2236922738e-14 4.1226944594e-15 7.2723071633e-15 8.4192111536e-16
3.5083007812e+02 1.2299012580e-14 4.1368166542e-15 7.3192673848e-15 8.4292854103e-16
3.5107421875e+02 1.2296269438e-14 4.1425371828e-15 7.3191002086e-15 8.3463204664e-16
3.5131835938e+02 1.2245912196e-14 4.1335035295e-15 7.2773866216e-15 8.3502204488e-16
3.5156250000e+02 1.2249323251e-14 4.1256319738e-15 7.2809132266e-15 8.4277805017e-16
3.5180664062e+02 1.2271532045e-14 4.1297246988e-15 7.3013932839e-15 8.4041406208e-16
3.5205078125e+02 1.2250541118e-14 4.1306227611e-15 7.2911450179e-15 8.2877333911e-16
3.5229492188e+02 1.2258695695e-14 4.1280098315e-15 7.2968611800e-15 8.3382468344e-16
3.5253906250e+02 1.2260120248e-14 4.1273428256e-15 7.2987556992e-15 8.3402172339e-16
3.5278320312e+02 1.2250174175e-14 4.1266239019e-15 7.2895777278e-15 8.3397254576e-16
3.5302734375e+02 1.2236199089e-14 4.1252116898e-15 7.2818758995e-15 8.2911149977e-16
3.5327148438e+02 1.2246570772e-14 4.1293237508e-15 7.2846567019e-15 8.3259031880e-16
3.5351562500e+02 1.2253950531e-14 4.1228081004e-15 7.2871932112e-15 8.4394921920e-16
3.5375976562e+02 1.2271763621e-14 4.1247908282e-15 7.2976987661e-15 8.4927402631e-16
3.5400390625e+02 1.2241215638e-14 4.1228236192e-15 7.2838807665e-15 8.3451125198e-16
3.5424804688e+02 1.2237771366e-14 4.1140276474e-15 7.2905434598e-15 8.3320025848e-16
3.5449218750e+02 1.2220703262e-14 4.1117931018e-15 7.2734949252e-15 8.3541523530e-16
3.5473632812e+02 1.2243187732e-14 4.1076705012e-15 7.2998471005e-15 8.3567013057e-16
3.5498046875e+02 1.2240879855e-14 4.1078678839e-15 7.2937621768e-15 8.3924979417e-16
3.5522460938e+02 1.2229011846e-14 4.1252144253e-15 7.2687440897e-15 8.3505333051e-16
3.5546875000e+02 1.2256817445e-14 4.1401454549e-15 7.2790001935e-15 8.3767179687e-16
3.5571289062e+02 1.2251489300e-14 4.1237292228e-15 7.2892841123e-15 8.3847596512e-16
3.5595703125e+02 1.2257826611e-14 4.1176934694e-15 7.3030797938e-15 8.3705334763e-16
3.5620117188e+02 1.2244742779e-14 4.1276389034e-15 7.2782051464e-15 8.3889872881e-16
3.5644531250e+02 1.2255207921e-14 4.1462943333e-15 7.2700490087e-15 8.3886457927e-16
3.5668945312e+02 1.2236008541e-14 4.1341879190e-15 7.2640921529e-15 8.3772846917e-16
3.5693359375e+02 1.2230425481e-14 4.1166644124e-15 7.2665015786e-15 8.4725948979e-16
3.5717773438e+02 1.2272561266e-14 4.1210520635e-15 7.2911659593e-15 8.6034324314e-16
3.5742187500e+02 1.2275090657e-14 4.1212203181e-15 7.3154166390e-15 8.3845369966e-16
3.5766601562e+02 1.2257311701e-14 4.1210510996e-15 7.2930568673e-15 8.4320373439e-16
3.5791015625e+02 1.2230976420e-14 4.1076452799e-15 7.2720839718e-15 8.5124716846e-16
3.5815429688e+02 1.2204879838e-14 4.1106574280e-15 7.2524167001e-15 8.4180570982e-16
3.5839843750e+02 1.2237275320e-14 4.1273807031e-15 7.2665691152e-15 8.4332550151e-16
3.5864257812e+02 1.2314791476e-14 4.1660484289e-15 7.3141113861e-15 8.3463166088e-16
3.5888671875e+02 1.2294570267e-14 4.1567507539e-15 7.3047762876e-15 8.3304322563e-16
3.5913085938e+02 1.2259731009e-14 4.1325156205e-15 7.2939154199e-15 8.3329996818e-16
3.5937500000e+02 1.2232168830e-14 4.1282430688e-15 7.2726927940e-15 8.3123296742e-16
3.5961914062e+02 1.2200098641e-14 4.1199676629e-15 7.2482039571e-15 8.3192702097e-16
3.5986328125e+02 1.2260892843e-14 4.1335805572e-15 7.2898948208e-15 8.3741746524e-16
3.6010742188e+02 1.2270179412e-14 4.1248987835e-15 7.2976280275e-15 8.4765260118e-16
3.6035156250e+02 1.2239428320e-14 4.1211259659e-15 7.2747473544e-15 8.4355499948e-16
3.6059570312e+02 1.2225347313e-14 4.1333225665e-15 7.2561064578e-15 8.3591828844e-16
3.6083984375e+02 1.2201105058e-14 4.1203964193e-15 7.2472690194e-15 8.3343961955e-16
3.6108398438e+02 1.2257202429e-14 4.1345416582e-15 7.2939246267e-15 8.2873614440e-16
3.6132812500e+02 1.2273096556e-14 4.1376718618e-15 7.3065752223e-15 8.2884947145e-16
3.6157226562e+02 1.2273429334e-14 4.1369361790e-15 7.3039106406e-15 8.3258251447e-16
3.6181640625e+02 1.2258352035e-14 4.1374619035e-15 7.2849303550e-15 8.3595977661e-16
3.6206054688e+02 1.2267920557e-14 4.1220705696e-15 7.3019049473e-15 8.4394503970e-16
3.6230468750e+02 1.2259492718e-14 4.1227744588e-15 7.2863581423e-15 8.5036011729e-16
3.6254882812e+02 1.2279604563e-14 4.1329553810e-15 7.2982301358e-15 8.4841904629e-16
3.6279296875e+02 1.2225065335e-14 4.1178797975e-15 7.2704806160e-15 8.3670492149e-16
3.6303710938e+02 1.2245877364e-14 4.1426589454e-15 7.2691786816e-15 8.3403973690e-16
3.6328125000e+02 1.2257523781e-14 4.1412407836e-15 7.2813306363e-15 8.3495236070e-16
3.6352539062e+02 1.2255074402e-14 4.1328362845e-15 7.2760594902e-15 8.4617862700e-16
3.6376953125e+02 1.2240287122e-14 4.1267379200e-15 7.2681582260e-15 8.4539097631e-16
3.6401367188e+02 1.2225374534e-14 4.1383370110e-15 7.2517767534e-15 8.3526076927e-16
3.6425781250e+02 1.2194639372e-14 4.1188747898e-15 7.2506896329e-15 8.2507494926e-16
3.6450195312e+02 1.2227353326e-14 4.1060932330e-15 7.2830959454e-15 8.3816414774e-16
3.6474609375e+02 1.2243702434e-14 4.1206173582e-15 7.2763167101e-15 8.4676836559e-16
3.6499023438e+02 1.2250899014e-14 4.1183726424e-15 7.2882650579e-15 8.4426131396e-16
3.6523437500e+02 1.2213883854e-14 4.1135549780e-15 7.2482073942e-15 8.5212148220e-16
3.6547851562e+02 1.2192818890e-14 4.1075920670e-15 7.2300832128e-15 8.5514360964e-16
3.6572265625e+02 1.2203185432e-14 4.1222716366e-15 7.2386760658e-15 8.4223772934e-16
3.6596679688e+02 1.2229945984e-14 4.1144333624e-15 7.2740283539e-15 8.4148426807e-16
3.6621093750e+02 1.2247376138e-14 4.1115911526e-15 7.2878525078e-15 8.4793247740e-16
3.6645507812e+02 1.2256171074e-14 4.1274576775e-15 7.2819518177e-15 8.4676157906e-16
3.6669921875e+02 1.2250096716e-14 4.1329597401e-15 7.2705574106e-15 8.4657956521e-16
3.6694335938e+02 1.2242889549e-14 4.1222208460e-15 7.2805181392e-15 8.4015056370e-16
3.6718750000e+02 1.2267560435e-14 4.1231800921e-15 7.3052300854e-15 8.3915025716e-16
3.6743164062e+02 1.2240118845e-14 4.1358558674e-15 7.2667872092e-15 8.3747576805e-16
3.6767578125e+02 1.2192156240e-14 4.1161706427e-15 7.2474279179e-15 8.2855767973e-16
3.6791992188e+02 1.2190782113e-14 4.1152700857e-15 7.2494459866e-15 8.2606604087e-16
3.6816406250e+02 1.2202394162e-14 4.1090015437e-15 7.2572640578e-15 8.3612856015e-16
3.6840820312e+02 1.2262113954e-14 4.1203570959e-15 7.2987415342e-15 8.4301532399e-16
3.6865234375e+02 1.2271730742e-14 4.1307440077e-15 7.2975431059e-15 8.4344362842e-16
3.6889648438e+02 1.2239128389e-14 4.1142825881e-15 7.2893426942e-15 8.3550310639e-16
3.6914062500e+02 1.2246327313e-14 4.1333843058e-15 7.2802960637e-15 8.3264694375e-16
3.6938476562e+02 1.2235312468e-14 4.1459822391e-15 7.2545610187e-15 8.3476921005e-16
3.6962890625e+02 1.2215126993e-14 4.1301879249e-15 7.2533624209e-15 8.3157664682e-16
3.6987304688e+02 1.2245279367e-14 4.1238113722e-15 7.2733657618e-15 8.4810223256e-16
3.7011718750e+02 1.2247650723e-14 4.1290611983e-15 7.2752596380e-15 8.4332988681e-16
3.7036132812e+02 1.2250653586e-14 4.1369666124e-15 7.2785816824e-15 8.3510529092e-16
3.7060546875e+02 1.2265841971e-14 4.1269772645e-15 7.2993482418e-15 8.3951646437e-16
3.7084960938e+02 1.2248817986e-14 4.1274413707e-15 7.2727487747e-15 8.4862784046e-16
3.7109375000e+02 1.2262009434e-14 4.1312917337e-15 7.2835857893e-15 8.4713191047e-16
3.7133789062e+02 1.2265898150e-14 4.1342376313e-15 7.2874259044e-15 8.4423461405e-16
3.7158203125e+02 1.2235309471e-14 4.1306555925e-15 7.2649088977e-15 8.3974498084e-16
3.7182617188e+02 1.2241566166e-14 4.1283574361e-15 7.2659750358e-15 8.4723369403e-16
3.7207031250e+02 1.2243389414e-14 4.1223092147e-15 7.2725472895e-15 8.4853291024e-16
3.7231445312e+02 1.2226063702e-14 4.1339790623e-15 7.2536008393e-15 8.3848380064e-16
3.7255859375e+02 1.2244152080e-14 4.1387124510e-15 7.2614902290e-15 8.4394939954e-16
3.7280273438e+02 1.2245916959e-14 4.1309939139e-15 7.2651768395e-15 8.4974620602e-16
3.7304687500e+02 1.2200477378e-14 4.1159305742e-15 7.2343230331e-15 8.5022377076e-16
3.7329101562e+02 1.2205877302e-14 4.1173188018e-15 7.2433193442e-15 8.4523915616e-16
3.7353515625e+02 1.2211975299e-14 4.1313449016e-15 7.2397938926e-15 8.4083650451e-16
3.7377929688e+02 1.2214441379e-14 4.1234406731e-15 7.2628762628e-15 8.2812444292e-16
3.7402343750e+02 1.2225051720e-14 4.1146980194e-15 7.2880611513e-15 8.2229254924e-16
3.7426757812e+02 1.2252071845e-14 4.1126826616e-15 7.2988239310e-15 8.4056525227e-16
3.7451171875e+02 1.2228543706e-14 4.1163471214e-15 7.2771729487e-15 8.3502363553e-16
3.7475585938e+02 1.2241738450e-14 4.1155821427e-15 7.2980475146e-15 8.2810879246e-16
3.7500000000e+02 1.2227942937e-14 4.1363095631e-15 7.2630776489e-15 8.2855572464e-16
3.7524414062e+02 1.2255904302e-14 4.1378866673e-15 7.2758830088e-15 8.4213462545e-16
3.7548828125e+02 1.2259157571e-14 4.1285347056e-15 7.2884074579e-15 8.4221540763e-16
3.7573242188e+02 1.2215725964e-14 4.1018361552e-15 7.2794807401e-15 8.3440906823e-16
3.7597656250e+02 1.2217563307e-14 4.1203744332e-15 7.2637790232e-15 8.3340985009e-16
3.7622070312e+02 1.2231517609e-14 4.1289507673e-15 7.2687985470e-15 8.3376829505e-16
3.7646484375e+02 1.2246380272e-14 4.1112449855e-15 7.2970358515e-15 8.3809943523e-16
3.7670898438e+02 1.2217717117e-14 4.1016551848e-15 7.2817667626e-15 8.3429516935e-16
3.7695312500e+02 1.2213893527e-14 4.1077605822e-15 7.2676451174e-15 8.3848782745e-16
3.7719726562e+02 1.2239724265e-14 4.1195714282e-15 7.2749948148e-15 8.4515802156e-16
3.7744140625e+02 1.2244740624e-14 4.1339757785e-15 7.2589109589e-15 8.5185388684e-16
3.7768554688e+02 1.2271260119e-14 4.1364826331e-15 7.2848414120e-15 8.4993607420e-16
3.7792968750e+02 1.2255145295e-14 4.1399811995e-15 7.2651886243e-15 8.4997547104e-16
3.7817382812e+02 1.2223000483e-14 4.1287308773e-15 7.2444895811e-15 8.4978002434e-16
3.7841796875e+02 1.2243412140e-14 4.1332576490e-15 7.2608826231e-15 8.4927186747e-16
3.7866210938e+02 1.2251984636e-14 4.1334953951e-15 7.2796796115e-15 8.3880962938e-16
3.7890625000e+02 1.2204972391e-14 4.1119744155e-15 7.2630896079e-15 8.2990836763e-16
3.7915039062e+02 1.2217061550e-14 4.1056934986e-15 7.2783661128e-15 8.3300193914e-16
3.7939453125e+02 1.2232624255e-14 4.1207298753e-15 7.2734885968e-15 8.3840578308e-16
3.7963867188e+02 1.2269904681e-14 4.1443306234e-15 7.2838933389e-15 8.4168071829e-16
3.7988281250e+02 1.2255973485e-14 4.1235299003e-15 7.2828181639e-15 8.4962542060e-16
3.8012695312e+02 1.2261682418e-14 4.1323907414e-15 7.2863246086e-15 8.4296706834e-16
3.8037109375e+02 1.2247618125e-14 4.1399507725e-15 7.2641550649e-15 8.4351228803e-16
3.8061523438e+02 1.2247615459e-14 4.1258825131e-15 7.2758335449e-15 8.4589940089e-16
3.8085937500e+02 1.2234536120e-14 4.1084889455e-15 7.2867605869e-15 8.3928658741e-16
3.8110351562e+02 1.2264624403e-14 4.1095831777e-15 7.3123959786e-15 8.4264524714e-16
3.8134765625e+02 1.2261561945e-14 4.1138570830e-15 7.3019714499e-15 8.4573341248e-16
3.8159179688e+02 1.2275561641e-14 4.1132478720e-15 7.3204014408e-15 8.4191232775e-16
3.8183593750e+02 1.2232302816e-14 4.1201890201e-15 7.2800200288e-15 8.3209376698e-16
3.8208007812e+02 1.2257452163e-14 4.1213773954e-15 7.2912762348e-15 8.4479853267e-16
3.8232421875e+02 1.2275568762e-14 4.1546784837e-15 7.2778317957e-15 8.4305848212e-16
3.8256835938e+02 1.2237842844e-14 4.1369894024e-15 7.2487758850e-15 8.5207755631e-16
3.8281250000e+02 1.2242666320e-14 4.1266574130e-15 7.2582191304e-15 8.5778977654e-16
3.8305664062e+02 1.2249736107e-14 4.1212344886e-15 7.2856472966e-15 8.4285432140e-16
3.8330078125e+02 1.2232791976e-14 4.1176245745e-15 7.2718248717e-15 8.4334252949e-16
3.8354492188e+02 1.2198533442e-14 4.1238421008e-15 7.2303402073e-15 8.4435113395e-16
3.8378906250e+02 1.2240543900e-14 4.1159956122e-15 7.2739517934e-15 8.5059649433e-16
3.8403320312e+02 1.2220552107e-14 4.1213979675e-15 7.2599367973e-15 8.3921734178e-16
3.8427734375e+02 1.2232545971e-14 4.1292461105e-15 7.2694388351e-15 8.3386102558e-16
3.8452148438e+02 1.2254172634e-14 4.1361528118e-15 7.2753452104e-15 8.4267461150e-16
3.8476562500e+02 1.2236738845e-14 4.1255860209e-15 7.2746794096e-15 8.3647341439e-16
3.8500976562e+02 1.2220570866e-14 4.1243725983e-15 7.2578593084e-15 8.3833895959e-16
3.8525390625e+02 1.2226996277e-14 4.1321062560e-15 7.2515376618e-15 8.4335235932e-16
3.8549804688e+02 1.2251809687e-14 4.1498820054e-15 7.2627262368e-15 8.3920144490e-16
3.8574218750e+02 1.2255280947e-14 4.1401997483e-15 7.2723631047e-15 8.4271809356e-16
3.8598632812e+02 1.2239658576e-14 4.1287358891e-15 7.2710614158e-15 8.3986127099e-16
3.8623046875e+02 1.2199551005e-14 4.1112188626e-15 7.2529013753e-15 8.3543076683e-16
3.8647460938e+02 1.2217073992e-14 4.1195124112e-15 7.2583352937e-15 8.3922628661e-16
3.8671875000e+02 1.2267714763e-14 4.1442999574e-15 7.2786582249e-15 8.4475658061e-16
3.8696289062e+02 1.2249885275e-14 4.1291183464e-15 7.2822144697e-15 8.3855245912e-16
3.8720703125e+02 1.2262574982e-14 4.1250842926e-15 7.3072645018e-15 8.3022618723e-16
3.8745117188e+02 1.2254471633e-14 4.1236928230e-15 7.2955704831e-15 8.3520832702e-16
3.8769531250e+02 1.2222455147e-14 4.1111686352e-15 7.2757883869e-15 8.3549812494e-16
3.8793945312e+02 1.2258642736e-14 4.1238994184e-15 7.2911732996e-15 8.4357001775e-16
3.8818359375e+02 1.2238800220e-14 4.1302342032e-15 7.2766402882e-15 8.3192572875e-16
3.8842773438e+02 1.2263385409e-14 4.1443345822e-15 7.2904633948e-15 8.2858743224e-16
3.8867187500e+02 1.2271787439e-14 4.1270353687e-15 7.3072227611e-15 8.3752930885e-16
3.8891601562e+02 1.2258299343e-14 4.1188796627e-15 7.2932893729e-15 8.4613030739e-16
3.8916015625e+02 1.2244847048e-14 4.1276944591e-15 7.2832311283e-15 8.3392146034e-16
3.8940429688e+02 1.2241672655e-14 4.1218101590e-15 7.2874238566e-15 8.3243863913e-16
3.8964843750e+02 1.2216311320e-14 4.1067602998e-15 7.2787336085e-15 8.3081741158e-16
3.8989257812e+02 1.2236322411e-14 4.1257980854e-15 7.2798007256e-15 8.3072360041e-16
3.9013671875e+02 1.2249104236e-14 4.1374096625e-15 7.2843019882e-15 8.2739258546e-16
3.9038085938e+02 1.2243111805e-14 4.1423072278e-15 7.2713575033e-15 8.2944707437e-16
3.9062500000e+02 1.2228352523e-14 4.1471548225e-15 7.2468829397e-15 8.3431476068e-16
3.9086914062e+02 1.2212258108e-14 4.1241987623e-15 7.2449479757e-15 8.4311136963e-16
3.9111328125e+02 1.2205135643e-14 4.1202904636e-15 7.2428330092e-15 8.4201217067e-16
3.9135742188e+02 1.2245422177e-14 4.1283407869e-15 7.2767637098e-15 8.4031768019e-16
3.9160156250e+02 1.2265008622e-14 4.1378131220e-15 7.2928390546e-15 8.3435644505e-16
3.9184570312e+02 1.2246062590e-14 4.1272420358e-15 7.2769647149e-15 8.4185583911e-16
3.9208984375e+02 1.2228789673e-14 4.1225028519e-15 7.2549622951e-15 8.5132452625e-16
3.9233398438e+02 1.2217032295e-14 4.1270308326e-15 7.2518992231e-15 8.3810223951e-16
3.9257812500e+02 1.2201735902e-14 4.1102960413e-15 7.2599141778e-15 8.3152568341e-16
3.9282226562e+02 1.2182604528e-14 4.0854144253e-15 7.2547706866e-15 8.4241941592e-16
3.9306640625e+02 1.2204152707e-14 4.1100747357e-15 7.2561133525e-15 8.3796461922e-16
3.9331054688e+02 1.2232003626e-14 4.1388701999e-15 7.2536496553e-15 8.3948377062e-16
3.9355468750e+02 1.2248308552e-14 4.1471717016e-15 7.2579716226e-15 8.4316522740e-16
3.9379882812e+02 1.2219927369e-14 4.1234197931e-15 7.2604845208e-15 8.3602305493e-16
3.9404296875e+02 1.2220697231e-14 4.1156645309e-15 7.2595086376e-15 8.4552406212e-16
3.9428710938e+02 1.2223471279e-14 4.1278985201e-15 7.2620348718e-15 8.3353788699e-16
3.9453125000e+02 1.2196028401e-14 4.1486655882e-15 7.2200826945e-15 8.2728011865e-16
3.9477539062e+02 1.2246997108e-14 4.1538322632e-15 7.2573129731e-15 8.3585187215e-16
3.9501953125e+02 1.2238829042e-14 4.1314252437e-15 7.2692729470e-15 8.3813085080e-16
3.9526367188e+02 1.2231382937e-14 4.1405001263e-15 7.2586948542e-15 8.3218795674e-16
3.9550781250e+02 1.2238786995e-14 4.1398167451e-15 7.2579840740e-15 8.4098617623e-16
3.9575195312e+02 1.2215924698e-14 4.1247631695e-15 7.2449439034e-15 8.4621762475e-16
3.9599609375e+02 1.2218472259e-14 4.1138325293e-15 7.2470157014e-15 8.5762402824e-16
3.9624023438e+02 1.2246408558e-14 4.1204295956e-15 7.2803651112e-15 8.4561385088e-16
3.9648437500e+02 1.2261959419e-14 4.1244084175e-15 7.2951241421e-15 8.4242685923e-16
3.9672851562e+02 1.2241923214e-14 4.1309467031e-15 7.2717488731e-15 8.3922763765e-16
3.9697265625e+02 1.2207065253e-14 4.1269690910e-15 7.2451305640e-15 8.3496559815e-16
3.9721679688e+02 1.2230438089e-14 4.1188795600e-15 7.2766901926e-15 8.3486833695e-16
3.9746093750e+02 1.2270757302e-14 4.1205937915e-15 7.3211753429e-15 8.2898816805e-16
3.9770507812e+02 1.2271554618e-14 4.1414246692e-15 7.3040473896e-15 8.2608255887e-16
3.9794921875e+02 1.2262466854e-14 4.1402504271e-15 7.2876024470e-15 8.3461397956e-16
3.9819335938e+02 1.2271254634e-14 4.1473763372e-15 7.2811940042e-15 8.4268429262e-16
3.9843750000e+02 1.2260440212e-14 4.1510787696e-15 7.2682608793e-15 8.4110056268e-16
3.9868164062e+02 1.2236970654e-14 4.1253882010e-15 7.2712147734e-15 8.4036767951e-16
3.9892578125e+02 1.2238835563e-14 4.1133684882e-15 7.2816191146e-15 8.4384795981e-16
3.9916992188e+02 1.2253802839e-14 4.1264818797e-15 7.2848444217e-15 8.4247653765e-16
3.9941406250e+02 1.2254097737e-14 4.1199845293e-15 7.2922749221e-15 8.4183828533e-16
3.9965820312e+02 1.2242563695e-14 4.1118232467e-15 7.2973434024e-15 8.3339704609e-16
3.9990234375e+02 1.2244100143e-14 4.1373969694e-15 7.2734277917e-15 8.3327538157e-16
4.0014648438e+02 1.2234375078e-14 4.1334553278e-15 7.2639613458e-15 8.3695840396e-16
4.0039062500e+02 1.2259266188e-14 4.1059949078e-15 7.3113182588e-15 8.4195302112e-16
4.0063476562e+02 1.2285579145e-14 4.1180459620e-15 7.3188316958e-15 8.4870148691e-16
4.0087890625e+02 1.2270537835e-14 4.1288077163e-15 7.2971086387e-15 8.4462147959e-16
4.0112304688e+02 1.2276321308e-14 4.1387173927e-15 7.2946110319e-15 8.4299288353e-16
4.0136718750e+02 1.2259439567e-14 4.1348932519e-15 7.2858335255e-15 8.3871278935e-16
4.0161132812e+02 1.2237975627e-14 4.1261578340e-15 7.2791730802e-15 8.3264471321e-16
4.0185546875e+02 1.2257573761e-14 4.1412399536e-15 7.2868410880e-15 8.2949271946e-16
4.0209960938e+02 1.2260451355e-14 4.1308798652e-15 7.2878043033e-15 8.4176718668e-16
4.0234375000e+02 1.2225938763e-14 4.1195513439e-15 7.2708089106e-15 8.3557850857e-16
4.0258789062e+02 1.2209543098e-14 4.1384514171e-15 7.2399615923e-15 8.3113008865e-16
4.0283203125e+02 1.2211323180e-14 4.1144857588e-15 7.2531265177e-15 8.4371090302e-16
4.0307617188e+02 1.2211929587e-14 4.1078465953e-15 7.2620604014e-15 8.4202258994e-16
4.0332031250e+02 1.2242313783e-14 4.1381670594e-15 7.2762091993e-15 8.2793752443e-16
4.0356445312e+02 1.2236259267e-14 4.1304523901e-15 7.2636826636e-15 8.4212421371e-16
4.0380859375e+02 1.2215169632e-14 4.1133923096e-15 7.2473174417e-15 8.5445988043e-16
4.0405273438e+02 1.2241605550e-14 4.1162413916e-15 7.2795877471e-15 8.4577641140e-16
4.0429687500e+02 1.2246950088e-14 4.1246726245e-15 7.2772738970e-15 8.4500356653e-16
4.0454101562e+02 1.2266464114e-14 4.1236094168e-15 7.2933720964e-15 8.4948260090e-16
4.0478515625e+02 1.2269458313e-14 4.1314434182e-15 7.2978105391e-15 8.4020435571e-16
4.0502929688e+02 1.2257386722e-14 4.1310353429e-15 7.2891335250e-15 8.3721785443e-16
4.0527343750e+02 1.2268703362e-14 4.1445999305e-15 7.2863607052e-15 8.3774272611e-16
4.0551757812e+02 1.2231379588e-14 4.1235019832e-15 7.2751302621e-15 8.3274734246e-16
4.0576171875e+02 1.2225256193e-14 4.1232970014e-15 7.2647506100e-15 8.3720858171e-16
4.0600585938e+02 1.2263931799e-14 4.1286145045e-15 7.2843126658e-15 8.5100462861e-16
4.0625000000e+02 1.2286830030e-14 4.1331725380e-15 7.3041360920e-15 8.4952140018e-16
4.0649414062e+02 1.2261878462e-14 4.1294129963e-15 7.2897265055e-15 8.4273895983e-16
4.0673828125e+02 1.2221167430e-14 4.1197973272e-15 7.2630484187e-15 8.3832168433e-16
4.0698242188e+02 1.2224510855e-14 4.1167957468e-15 7.2657640586e-15 8.4195104948e-16
4.0722656250e+02 1.2238682555e-14 4.1255585585e-15 7.2776758213e-15 8.3544817513e-16
4.0747070312e+02 1.2249348890e-14 4.1428781323e-15 7.2608531985e-15 8.4561755924e-16
4.0771484375e+02 1.2237404535e-14 4.1310797580e-15 7.2558275677e-15 8.5049720889e-16
4.0795898438e+02 1.2252688419e-14 4.1276993967e-15 7.2770735232e-15 8.4791549874e-16
4.0820312500e+02 1.2245569547e-14 4.1311212665e-15 7.2678765523e-15 8.4657172828e-16
4.0844726562e+02 1.2247101048e-14 4.1316881246e-15 7.2777522177e-15 8.3766070608e-16
4.0869140625e+02 1.2259888310e-14 4.1309925149e-15 7.2846971492e-15 8.4419864584e-16
4.0893554688e+02 1.2268652448e-14 4.1403255846e-15 7.2917590764e-15 8.3656778727e-16
4.0917968750e+02 1.2215744312e-14 4.1149141406e-15 7.2631245526e-15 8.3770561894e-16
4.0942382812e+02 1.2228878562e-14 4.1199275925e-15 7.2686120188e-15 8.4033895029e-16
4.0966796875e+02 1.2239311272e-14 4.1331247122e-15 7.2595979434e-15 8.4658861592e-16
4.0991210938e+02 1.2210609544e-14 4.1114031320e-15 7.2528456307e-15 8.4636078091e-16
4.1015625000e+02 1.2214720065e-14 4.1005582278e-15 7.2795908666e-15 8.3457097045e-16
4.1040039062e+02 1.2236921794e-14 4.1112928782e-15 7.2944139574e-15 8.3121495863e-16
4.1064453125e+02 1.2265721049e-14 4.1186652582e-15 7.3081919196e-15 8.3886387079e-16
4.1088867188e+02 1.2304666354e-14 4.1209293634e-15 7.3315238263e-15 8.5221316440e-16
4.1113281250e+02 1.2249228518e-14 4.1116217907e-15 7.2927800948e-15 8.4482663254e-16
4.1137695312e+02 1.2258728281e-14 4.1284122860e-15 7.2930509315e-15 8.3726506372e-16
4.1162109375e+02 1.2282673378e-14 4.1349669685e-15 7.2884542401e-15 8.5925216948e-16
4.1186523438e+02 1.2272463190e-14 4.1273564930e-15 7.2901768319e-15 8.5492986479e-16
4.1210937500e+02 1.2253088605e-14 4.1218249607e-15 7.2861052238e-15 8.4515842050e-16
4.1235351562e+02 1.2237975671e-14 4.1187533453e-15 7.2816995608e-15 8.3752276519e-16
4.1259765625e+02 1.2268130065e-14 4.1094063533e-15 7.3088716206e-15 8.4985209143e-16
4.1284179688e+02 1.2268965666e-14 4.1241747993e-15 7.2918220392e-15 8.5296882754e-16
4.1308593750e+02 1.2253081513e-14 4.1378933263e-15 7.2672040566e-15 8.4798413039e-16
4.1333007812e+02 1.2228600443e-14 4.1191655921e-15 7.2750326335e-15 8.3440221729e-16
4.1357421875e+02 1.2275117565e-14 4.1416744902e-15 7.3006705925e-15 8.3277248248e-16
4.1381835938e+02 1.2258066048e-14 4.1239502896e-15 7.3020667946e-15 8.3204896391e-16
4.1406250000e+02 1.2240825763e-14 4.1238047925e-15 7.2806374707e-15 8.3638349979e-16
4.1430664062e+02 1.2239115196e-14 4.1041099950e-15 7.3015598596e-15 8.3344534091e-16
4.1455078125e+02 1.2261140224e-14 4.0950161150e-15 7.3241182384e-15 8.4200587078e-16
4.1479492188e+02 1.2263270616e-14 4.1253010032e-15 7.2905626324e-15 8.4740698089e-16
4.1503906250e+02 1.2260015996e-14 4.1245919976e-15 7.2818536799e-15 8.5357031884e-16
4.1528320312e+02 1.2272213133e-14 4.1233834105e-15 7.3017495591e-15 8.4708016387e-16
4.1552734375e+02 1.2262602505e-14 4.1143550422e-15 7.3103845642e-15 8.3786289837e-16
4.1577148438e+02 1.2251081603e-14 4.1122841648e-15 7.3104347779e-15 8.2836266012e-16
4.1601562500e+02 1.2230518269e-14 4.1117422854e-15 7.2805762951e-15 8.3819968876e-16
4.1625976562e+02 1.2211731044e-14 4.1078222025e-15 7.2656870223e-15 8.3822181916e-16
4.1650390625e+02 1.2262519334e-14 4.1353186019e-15 7.2865478676e-15 8.4065286458e-16
4.1674804688e+02 1.2266038679e-14 4.1360360616e-15 7.2941725389e-15 8.3583007881e-16
4.1699218750e+02 1.2213250794e-14 4.1197333754e-15 7.2556675854e-15 8.3784983349e-16
4.1723632812e+02 1.2229698118e-14 4.1403079743e-15 7.2552959020e-15 8.3409424177e-16
4.1748046875e+02 1.2265937032e-14 4.1530203524e-15 7.2800777352e-15 8.3283894399e-16
4.1772460938e+02 1.2257941265e-14 4.1463507253e-15 7.2705538107e-15 8.4103672904e-16
4.1796875000e+02 1.2222891459e-14 4.1165378072e-15 7.2604915101e-15 8.4586214206e-16
4.1821289062e+02 1.2255763849e-14 4.1167066098e-15 7.2921205156e-15 8.4693672369e-16
4.1845703125e+02 1.2302867896e-14 4.1353643273e-15 7.3276759276e-15 8.3982764112e-16
4.1870117188e+02 1.2276639754e-14 4.1326822453e-15 7.3081510988e-15 8.3580641006e-16
4.1894531250e+02 1.2280446753e-14 4.1411921525e-15 7.2949007681e-15 8.4435383259e-16
4.1918945312e+02 1.2264224753e-14 4.1233066620e-15 7.2944184234e-15 8.4649966795e-16
4.1943359375e+02 1.2230609615e-14 4.1167338084e-15 7.2731790704e-15 8.4069673634e-16
4.1967773438e+02 1.2203929130e-14 4.1076806437e-15 7.2581565572e-15 8.3809192953e-16
4.1992187500e+02 1.2196596709e-14 4.1140678287e-15 7.2444650461e-15 8.3806383463e-16
4.2016601562e+02 1.2220330270e-14 4.1333998106e-15 7.2591291838e-15 8.2780127536e-16
4.2041015625e+02 1.2242062735e-14 4.1268259419e-15 7.2847637391e-15 8.3047305439e-16
4.2065429688e+02 1.2231722935e-14 4.1268146821e-15 7.2615662724e-15 8.4334198067e-16
4.2089843750e+02 1.2198483171e-14 4.1213631016e-15 7.2361447031e-15 8.4097536608e-16
4.2114257812e+02 1.2237098247e-14 4.1140607628e-15 7.2843245360e-15 8.3871294794e-16
4.2138671875e+02 1.2257586927e-14 4.1219692172e-15 7.2968479769e-15 8.3876973267e-16
4.2163085938e+02 1.2253726499e-14 4.1109075320e-15 7.3122434317e-15 8.3057553532e-16
4.2187500000e+02 1.2251876859e-14 4.1095447386e-15 7.3008437697e-15 8.4148835119e-16
4.2211914062e+02 1.2262150584e-14 4.1370737871e-15 7.2925307386e-15 8.3254605829e-16
4.2236328125e+02 1.2236421074e-14 4.1373167300e-15 7.2683897154e-15 8.3071462869e-16
4.2260742188e+02 1.2227124825e-14 4.1229338394e-15 7.2707082547e-15 8.3348273047e-16
4.2285156250e+02 1.2246514782e-14 4.1184767629e-15 7.2875430030e-15 8.4049501629e-16
4.2309570312e+02 1.2246164649e-14 4.1219593615e-15 7.2782954038e-15 8.4590988347e-16
4.2333984375e+02 1.2214297867e-14 4.1173623169e-15 7.2543361326e-15 8.4259941721e-16
4.2358398438e+02 1.2227822338e-14 4.1163269371e-15 7.2707557366e-15 8.4073966413e-16
4.2382812500e+02 1.2262970880e-14 4.1204914208e-15 7.2954822337e-15 8.4699722592e-16
4.2407226562e+02 1.2265619133e-14 4.1328624063e-15 7.2917955135e-15 8.4096121297e-16
4.2431640625e+02 1.2278943577e-14 4.1417941370e-15 7.3003104405e-15 8.3683899979e-16
4.2456054688e+02 1.2275790431e-14 4.1369884001e-15 7.2950331380e-15 8.4376889247e-16
4.2480468750e+02 1.2258170704e-14 4.1333411495e-15 7.2760968627e-15 8.4873269188e-16
4.2504882812e+02 1.2215032828e-14 4.1276796598e-15 7.2433598623e-15 8.4399330618e-16
4.2529296875e+02 1.2239840712e-14 4.1255806656e-15 7.2640866528e-15 8.5017339413e-16
4.2553710938e+02 1.2250794818e-14 4.1287182965e-15 7.2862656897e-15 8.3581083201e-16
4.2578125000e+02 1.2297981268e-14 4.1435028423e-15 7.3133371588e-15 8.4114126634e-16
4.2602539062e+02 1.2268557909e-14 4.1368799017e-15 7.2827885968e-15 8.4888941011e-16
4.2626953125e+02 1.2235759730e-14 4.1283716437e-15 7.2663239338e-15 8.4106415249e-16
4.2651367188e+02 1.2270937541e-14 4.1055687390e-15 7.3218282645e-15 8.4354053712e-16
4.2675781250e+02 1.2264191619e-14 4.1165674830e-15 7.3070330700e-15 8.4059106584e-16
4.2700195312e+02 1.2226015141e-14 4.1110961383e-15 7.2667833636e-15 8.4813563908e-16
4.2724609375e+02 1.2209641990e-14 4.1143392401e-15 7.2573202672e-15 8.3798248318e-16
4.2749023438e+02 1.2216828492e-14 4.1134751586e-15 7.2612180213e-15 8.4213531250e-16
4.2773437500e+02 1.2202733410e-14 4.1030275616e-15 7.2616379773e-15 8.3806787133e-16
4.2797851562e+02 1.2232622937e-14 4.1274773060e-15 7.2693945939e-15 8.3575103749e-16
4.2822265625e+02 1.2256932371e-14 4.1359677394e-15 7.2833023144e-15 8.3766231737e-16
4.2846679688e+02 1.2227153957e-14 4.1254453192e-15 7.2708506184e-15 8.3085801973e-16
4.2871093750e+02 1.2218556844e-14 4.1168985764e-15 7.2652785606e-15 8.3637970654e-16
4.2895507812e+02 1.2236172839e-14 4.1111200772e-15 7.2810200318e-15 8.4403273045e-16
4.2919921875e+02 1.2218271830e-14 4.1088414488e-15 7.2654877822e-15 8.4394259945e-16
4.2944335938e+02 1.2205549661e-14 4.1190576890e-15 7.2481394421e-15 8.3835252939e-16
4.2968750000e+02 1.2171353256e-14 4.1132986099e-15 7.2192673557e-15 8.3878729009e-16
4.2993164062e+02 1.2206691174e-14 4.1215353445e-15 7.2385958330e-15 8.4655999687e-16
4.3017578125e+02 1.2247266800e-14 4.1307985233e-15 7.2686881960e-15 8.4778008101e-16
4.3041992188e+02 1.2213601844e-14 4.1186408062e-15 7.2527149735e-15 8.4224606412e-16
4.3066406250e+02 1.2226517905e-14 4.1222230121e-15 7.2626574003e-15 8.4163749305e-16
4.3090820312e+02 1.2262765515e-14 4.1166792180e-15 7.3091039205e-15 8.3698237608e-16
4.3115234375e+02 1.2255906283e-14 4.1195895985e-15 7.3059318748e-15 8.3038480923e-16
4.3139648438e+02 1.2257621932e-14 4.1305285827e-15 7.2810888146e-15 8.4600453437e-16
4.3164062500e+02 1.2303055488e-14 4.1490409520e-15 7.3020255321e-15 8.5198900393e-16
4.3188476562e+02 1.2270534208e-14 4.1372910004e-15 7.2925930017e-15 8.4065020623e-16
4.3212890625e+02 1.2239844900e-14 4.1226247590e-15 7.2825986419e-15 8.3462149924e-16
4.3237304688e+02 1.2259729980e-14 4.1246383688e-15 7.2896151304e-15 8.4547648086e-16
4.3261718750e+02 1.2282127274e-14 4.1282791259e-15 7.3145023547e-15 8.3934579319e-16
4.3286132812e+02 1.2236956072e-14 4.1137320776e-15 7.2903257634e-15 8.3289823050e-16
4.3310546875e+02 1.2235368778e-14 4.1135310511e-15 7.2806465155e-15 8.4119121137e-16
4.3334960938e+02 1.2226489887e-14 4.1238150770e-15 7.2661724899e-15 8.3650232006e-16
4.3359375000e+02 1.2238851948e-14 4.1266661720e-15 7.2808048730e-15 8.3138090318e-16
4.3383789062e+02 1.2294084108e-14 4.1377928373e-15 7.3183458822e-15 8.3794538810e-16
4.3408203125e+02 1.2260142630e-14 4.1222385194e-15 7.2997743353e-15 8.3812977495e-16
4.3432617188e+02 1.2232075278e-14 4.1205582781e-15 7.2743561034e-15 8.3716089664e-16
4.3457031250e+02 1.2238774548e-14 4.1090497079e-15 7.2816244706e-15 8.4810036953e-16
4.3481445312e+02 1.2255550241e-14 4.1218010616e-15 7.2926466014e-15 8.4110257823e-16
4.3505859375e+02 1.2250145284e-14 4.1233155539e-15 7.2870337572e-15 8.3979597245e-16
4.3530273438e+02 1.2235693263e-14 4.1265304252e-15 7.2750153273e-15 8.3414751090e-16
4.3554687500e+02 1.2236900608e-14 4.1196652269e-15 7.2904419223e-15 8.2679345888e-16
4.3579101562e+02 1.2222861443e-14 4.1187595631e-15 7.2799159227e-15 8.2418595711e-16
4.3603515625e+02 1.2235148377e-14 4.1103040988e-15 7.2872060131e-15 8.3763826550e-16
4.3627929688e+02 1.2275569127e-14 4.1230840505e-15 7.3092501725e-15 8.4323490405e-16
4.3652343750e+02 1.2284519588e-14 4.1202644792e-15 7.3230581790e-15 8.4119692976e-16
4.3676757812e+02 1.2234285740e-14 4.1093101689e-15 7.2935687129e-15 8.3140685849e-16
4.3701171875e+02 1.2205514212e-14 4.1025612153e-15 7.2779180343e-15 8.2503496239e-16
4.3725585938e+02 1.2194436318e-14 4.1057904852e-15 7.2591328020e-15 8.2951303111e-16
4.3750000000e+02 1.2205549170e-14 4.1068503915e-15 7.2736104365e-15 8.2508834239e-16
4.3774414062e+02 1.2252637884e-14 4.1173028256e-15 7.2991056002e-15 8.3622945837e-16
4.3798828125e+02 1.2246905519e-14 4.1137339455e-15 7.2925013853e-15 8.4067018808e-16
4.3823242188e+02 1.2218283521e-14 4.0996822632e-15 7.2793125185e-15 8.3928873903e-16
4.3847656250e+02 1.2219035159e-14 4.0973553874e-15 7.2826841063e-15 8.3899566478e-16
4.3872070312e+02 1.2242277390e-14 4.1203335314e-15 7.2867863173e-15 8.3515754175e-16
4.3896484375e+02 1.2232297658e-14 4.1286768914e-15 7.2777352223e-15 8.2588554384e-16
4.3920898438e+02 1.2196618263e-14 4.1091960248e-15 7.2546247023e-15 8.3279753559e-16
4.3945312500e+02 1.2204262732e-14 4.1155055869e-15 7.2539863963e-15 8.3477074915e-16
4.3969726562e+02 1.2174112380e-14 4.0962522721e-15 7.2435961784e-15 8.3426392906e-16
4.3994140625e+02 1.2188212103e-14 4.0962697578e-15 7.2571391020e-15 8.3480324292e-16
4.4018554688e+02 1.2228630003e-14 4.0989172871e-15 7.2990180673e-15 8.3069464825e-16
4.4042968750e+02 1.2226207621e-14 4.1027499724e-15 7.2833842765e-15 8.4007337189e-16
4.4067382812e+02 1.2223938028e-14 4.1131889010e-15 7.2608591052e-15 8.4989002160e-16
4.4091796875e+02 1.2252579235e-14 4.1258680842e-15 7.2947965790e-15 8.3191457167e-16
4.4116210938e+02 1.2204811866e-14 4.1185651420e-15 7.2587221230e-15 8.2752460108e-16
4.4140625000e+02 1.2216030342e-14 4.1023308666e-15 7.2732666491e-15 8.4043282652e-16
4.4165039062e+02 1.2225931893e-14 4.0981642467e-15 7.2885065533e-15 8.3926109265e-16
4.4189453125e+02 1.2180063407e-14 4.0995780790e-15 7.2522629080e-15 8.2822242038e-16
4.4213867188e+02 1.2198852260e-14 4.1236378867e-15 7.2462522356e-15 8.2896213762e-16
4.4238281250e+02 1.2218751911e-14 4.1139862960e-15 7.2700292885e-15 8.3473632672e-16
4.4262695312e+02 1.2253505175e-14 4.1132331474e-15 7.2935873549e-15 8.4668467309e-16
4.4287109375e+02 1.2253901349e-14 4.1172008868e-15 7.2898767403e-15 8.4682372234e-16
4.4311523438e+02 1.2250262203e-14 4.1168067036e-15 7.2852907842e-15 8.4816471512e-16
4.4335937500e+02 1.2263033116e-14 4.1180724861e-15 7.3054812427e-15 8.3947938715e-16
4.4360351562e+02 1.2275534633e-14 4.1236775189e-15 7.3192333752e-15 8.3262373861e-16
4.4384765625e+02 1.2220747191e-14 4.1041269204e-15 7.2731775996e-15 8.4344267086e-16
4.4409179688e+02 1.2207334731e-14 4.1181942551e-15 7.2449096505e-15 8.4423082569e-16
4.4433593750e+02 1.2243061409e-14 4.1350349825e-15 7.2660475512e-15 8.4197887564e-16
4.4458007812e+02 1.2217669493e-14 4.1283595502e-15 7.2484767871e-15 8.4083315549e-16
4.4482421875e+02 1.2231737492e-14 4.1353243891e-15 7.2615259926e-15 8.3488711050e-16
4.4506835938e+02 1.2221584750e-14 4.1334093732e-15 7.2463826805e-15 8.4179269644e-16
4.4531250000e+02 1.2192403720e-14 4.1194190439e-15 7.2371888842e-15 8.3579579182e-16
4.4555664062e+02 1.2221483380e-14 4.1104355957e-15 7.2754416609e-15 8.3560612310e-16
4.4580078125e+02 1.2305267232e-14 4.1322584873e-15 7.3322970483e-15 8.4071169606e-16
4.4604492188e+02 1.2317679513e-14 4.1431754672e-15 7.3215378195e-15 8.5296622600e-16
4.4628906250e+02 1.2289058428e-14 4.1262598991e-15 7.3120711486e-15 8.5072737996e-16
4.4653320312e+02 1.2260900621e-14 4.1249571284e-15 7.2859077152e-15 8.5003577720e-16
4.4677734375e+02 1.2227484240e-14 4.1308963588e-15 7.2524529046e-15 8.4413497715e-16
4.4702148438e+02 1.2217395309e-14 4.1255493857e-15 7.2367408088e-15 8.5510511454e-16
4.4726562500e+02 1.2231156775e-14 4.1265676753e-15 7.2556332259e-15 8.4895587406e-16
4.4750976562e+02 1.2236482676e-14 4.1359237476e-15 7.2634615994e-15 8.3709732890e-16
4.4775390625e+02 1.2244196891e-14 4.1340917555e-15 7.2624347052e-15 8.4767043069e-16
4.4799804688e+02 1.2235648957e-14 4.1254874663e-15 7.2776261640e-15 8.3253532699e-16
4.4824218750e+02 1.2219262382e-14 4.1302346885e-15 7.2637604894e-15 8.2526720391e-16
4.4848632812e+02 1.2238979672e-14 4.1303360137e-15 7.2641034031e-15 8.4454025573e-16
4.4873046875e+02 1.2236983388e-14 4.1232198579e-15 7.2677372082e-15 8.4602632182e-16
4.4897460938e+02 1.2208454100e-14 4.1032483887e-15 7.2702054029e-15 8.3500030809e-16
4.4921875000e+02 1.2201323471e-14 4.0908047147e-15 7.2633979411e-15 8.4712081560e-16
4.4946289062e+02 1.2207991636e-14 4.1142457585e-15 7.2516012873e-15 8.4214459003e-16
4.4970703125e+02 1.2199100792e-14 4.1018970127e-15 7.2595617477e-15 8.3764203169e-16
4.4995117188e+02 1.2234445841e-14 4.1249563252e-15 7.2741147961e-15 8.3537471982e-16
4.5019531250e+02 1.2230593419e-14 4.1331787067e-15 7.2563705257e-15 8.4104418640e-16
4.5043945312e+02 1.2272401274e-14 4.1210045692e-15 7.2963894683e-15 8.5500723683e-16
4.5068359375e+02 1.2236187581e-14 4.1134866349e-15 7.2857079733e-15 8.3699297254e-16
4.5092773438e+02 1.2228976588e-14 4.1182698734e-15 7.2765707944e-15 8.3413591985e-16
4.5117187500e+02 1.2242459732e-14 4.1195093230e-15 7.2756047420e-15 8.4734566693e-16
4.5141601562e+02 1.2241432060e-14 4.1100887082e-15 7.2902094142e-15 8.4113393742e-16
4.5166015625e+02 1.2250041868e-14 4.1127644751e-15 7.2975612807e-15 8.3971611167e-16
4.5190429688e+02 1.2250234245e-14 4.1236818580e-15 7.2755396778e-15 8.5101270971e-16
4.5214843750e+02 1.2264580543e-14 4.1303013326e-15 7.2957062079e-15 8.3857300205e-16
4.5239257812e+02 1.2266912950e-14 4.1293503468e-15 7.2953228536e-15 8.4223974921e-16
4.5263671875e+02 1.2275728486e-14 4.1218350272e-15 7.3204721437e-15 8.3342131546e-16
4.5288085938e+02 1.2264296880e-14 4.1189778946e-15 7.3201651084e-15 8.2515387706e-16
4.5312500000e+02 1.2230456966e-14 4.1167101185e-15 7.2754112494e-15 8.3833559810e-16
4.5336914062e+02 1.2203081239e-14 4.1245060862e-15 7.2414259960e-15 8.3714915699e-16
4.5361328125e+02 1.2250845334e-14 4.1368043897e-15 7.2802227110e-15 8.3381823356e-16
4.5385742188e+02 1.2236817974e-14 4.1133253699e-15 7.2891806089e-15 8.3431199561e-16
4.5410156250e+02 1.2219038853e-14 4.1009511068e-15 7.2793065665e-15 8.3878117997e-16
4.5434570312e+02 1.2243130574e-14 4.1146157618e-15 7.2842053788e-15 8.4430943389e-16
4.5458984375e+02 1.2256453879e-14 4.1177189073e-15 7.2925830927e-15 8.4615187912e-16
4.5483398438e+02 1.2236557174e-14 4.1209860762e-15 7.2649479943e-15 8.5062310377e-16
4.5507812500e+02 1.2203687946e-14 4.0978006283e-15 7.2628373145e-15 8.4305000295e-16
4.5532226562e+02 1.2218573266e-14 4.1100910290e-15 7.2717456109e-15 8.3673662615e-16
4.5556640625e+02 1.2233226601e-14 4.1155241722e-15 7.2715809471e-15 8.4612148216e-16
4.5581054688e+02 1.2203516317e-14 4.1219244440e-15 7.2356782841e-15 8.4591358857e-16
4.5605468750e+02 1.2211269524e-14 4.1251075799e-15 7.2402486873e-15 8.4591325659e-16
4.5629882812e+02 1.2260332426e-14 4.1236890686e-15 7.2874752341e-15 8.4916812283e-16
4.5654296875e+02 1.2276805627e-14 4.1163160665e-15 7.3130607439e-15 8.4742881707e-16
4.5678710938e+02 1.2281569617e-14 4.1271558885e-15 7.3063370193e-15 8.4807670928e-16
4.5703125000e+02 1.2248894643e-14 4.1138734649e-15 7.3018957387e-15 8.3312543980e-16
4.5727539062e+02 1.2246943346e-14 4.1162526333e-15 7.2965527592e-15 8.3413795391e-16
4.5751953125e+02 1.2237559103e-14 4.1189791295e-15 7.2753058453e-15 8.4327412814e-16
4.5776367188e+02 1.2208178566e-14 4.1021480803e-15 7.2676453486e-15 8.3838513756e-16
4.5800781250e+02 1.2204959353e-14 4.0948858811e-15 7.2738021887e-15 8.3627128359e-16
4.5825195312e+02 1.2235460071e-14 4.1050728517e-15 7.2942102287e-15 8.3617699089e-16
4.5849609375e+02 1.2229965609e-14 4.1128796067e-15 7.2816060668e-15 8.3547993590e-16
4.5874023438e+02 1.2222535255e-14 4.1078439988e-15 7.2823192669e-15 8.3237198972e-16
4.5898437500e+02 1.2269611305e-14 4.1013658890e-15 7.3271317895e-15 8.4111362673e-16
4.5922851562e+02 1.2269886644e-14 4.1259501971e-15 7.3054460645e-15 8.3849038273e-16
4.5947265625e+02 1.2274314436e-14 4.1386787199e-15 7.3058804189e-15 8.2975529723e-16
4.5971679688e+02 1.2275640441e-14 4.1194876891e-15 7.3177240584e-15 8.3842869345e-16
4.5996093750e+02 1.2265531749e-14 4.1164854222e-15 7.3123928774e-15 8.3665344976e-16
4.6020507812e+02 1.2267532552e-14 4.1223685699e-15 7.3068855573e-15 8.3827842506e-16
4.6044921875e+02 1.2261905950e-14 4.1208982341e-15 7.3037131511e-15 8.3729456499e-16
4.6069335938e+02 1.2238711182e-14 4.1206077546e-15 7.2767809379e-15 8.4132248918e-16
4.6093750000e+02 1.2247809270e-14 4.1175771087e-15 7.2871037558e-15 8.4312840589e-16
4.6118164062e+02 1.2324500424e-14 4.1348862465e-15 7.3424597047e-15 8.4715447248e-16
4.6142578125e+02 1.2282989074e-14 4.1214295136e-15 7.3163820551e-15 8.4517750495e-16
4.6166992188e+02 1.2242499390e-14 4.1110661515e-15 7.2967012089e-15 8.3473202922e-16
4.6191406250e+02 1.2261352814e-14 4.1305192229e-15 7.2921715386e-15 8.3866205289e-16
4.6215820312e+02 1.2261907390e-14 4.1226031836e-15 7.2931077776e-15 8.4619642900e-16
4.6240234375e+02 1.2251044110e-14 4.1144385227e-15 7.2888182880e-15 8.4778729961e-16
4.6264648438e+02 1.2232451624e-14 4.0983686053e-15 7.2977907736e-15 8.3629224548e-16
4.6289062500e+02 1.2231405159e-14 4.0894935215e-15 7.3049899137e-15 8.3692172349e-16
4.6313476562e+02 1.2249191069e-14 4.0962310980e-15 7.3067609432e-15 8.4619902810e-16
4.6337890625e+02 1.2287983818e-14 4.1169980287e-15 7.3185839530e-15 8.5240183645e-16
4.6362304688e+02 1.2224432981e-14 4.1106688610e-15 7.2760193168e-15 8.3774480284e-16
4.6386718750e+02 1.2250781534e-14 4.1116975670e-15 7.3016340644e-15 8.3744990279e-16
4.6411132812e+02 1.2277943164e-14 4.1086224991e-15 7.3242753388e-15 8.4504532613e-16
4.6435546875e+02 1.2282078900e-14 4.1033862797e-15 7.3276432390e-15 8.5104938152e-16
4.6459960938e+02 1.2288126518e-14 4.1232720573e-15 7.3304834836e-15 8.3437097716e-16
4.6484375000e+02 1.2294759842e-14 4.1236465097e-15 7.3387554966e-15 8.3235783623e-16
4.6508789062e+02 1.2240851573e-14 4.1208376115e-15 7.2758954827e-15 8.4411847887e-16
4.6533203125e+02 1.2210059945e-14 4.1199535774e-15 7.2529238585e-15 8.3718250954e-16
4.6557617188e+02 1.2251774175e-14 4.1338465800e-15 7.2838275249e-15 8.3410007033e-16
4.6582031250e+02 1.2250966315e-14 4.1186326206e-15 7.2985763304e-15 8.3375736430e-16
4.6606445312e+02 1.2259433526e-14 4.1039638688e-15 7.3091458225e-15 8.4632383417e-16
4.6630859375e+02 1.2270280542e-14 4.1131369323e-15 7.3062422735e-15 8.5090133653e-16
4.6655273438e+02 1.2277593460e-14 4.1199947290e-15 7.3096180976e-15 8.4798063387e-16
4.6679687500e+02 1.2311079211e-14 4.1384836218e-15 7.3193403951e-15 8.5325519443e-16
4.6704101562e+02 1.2267162576e-14 4.1238196130e-15 7.2952285113e-15 8.4811445215e-16
4.6728515625e+02 1.2274741699e-14 4.1323752264e-15 7.3053744687e-15 8.3699200435e-16
4.6752929688e+02 1.2249604951e-14 4.1259910790e-15 7.2915834534e-15 8.3203041875e-16
4.6777343750e+02 1.2247768449e-14 4.1260026364e-15 7.2830898909e-15 8.3867592194e-16
4.6801757812e+02 1.2292933532e-14 4.1225833360e-15 7.3246643914e-15 8.4568580421e-16
4.6826171875e+02 1.2268591489e-14 4.1067520816e-15 7.3226580775e-15 8.3918133017e-16
4.6850585938e+02 1.2236670298e-14 4.1106259019e-15 7.2931295281e-15 8.3291486834e-16
4.6875000000e+02 1.2236648865e-14 4.1215024326e-15 7.2700136969e-15 8.4513273517e-16
4.6899414062e+02 1.2252294745e-14 4.1268604554e-15 7.2792847427e-15 8.4614954710e-16
4.6923828125e+02 1.2256873937e-14 4.1299510929e-15 7.2926213078e-15 8.3430153634e-16
4.6948242188e+02 1.2240466620e-14 4.1283059342e-15 7.2739231298e-15 8.3823755613e-16
4.6972656250e+02 1.2245780575e-14 4.1265939504e-15 7.2810233706e-15 8.3816325370e-16
4.6997070312e+02 1.2230145205e-14 4.1168955674e-15 7.2795796038e-15 8.3367003358e-16
4.7021484375e+02 1.2250192864e-14 4.1326994695e-15 7.2822621660e-15 8.3523122849e-16
4.7045898438e+02 1.2282122040e-14 4.1340708961e-15 7.3099874318e-15 8.3806371191e-16
4.7070312500e+02 1.2311404515e-14 4.1319306471e-15 7.3298097954e-15 8.4966407264e-16
4.7094726562e+02 1.2233331089e-14 4.1218762956e-15 7.2707670554e-15 8.4068773793e-16
4.7119140625e+02 1.2243240979e-14 4.1265403853e-15 7.2835671178e-15 8.3313347577e-16
4.7143554688e+02 1.2234646412e-14 4.1224918672e-15 7.2792478674e-15 8.3290667737e-16
4.7167968750e+02 1.2236149966e-14 4.1053771860e-15 7.2983863155e-15 8.3238646459e-16
4.7192382812e+02 1.2267118081e-14 4.1110477101e-15 7.3131351832e-15 8.4293518790e-16
4.7216796875e+02 1.2256405854e-14 4.1072261592e-15 7.3137749083e-15 8.3540478628e-16
4.7241210938e+02 1.2227646499e-14 4.1007024185e-15 7.2815913250e-15 8.4535275565e-16
4.7265625000e+02 1.2257446386e-14 4.1294889732e-15 7.2829293154e-15 8.4502809691e-16
4.7290039062e+02 1.2281982053e-14 4.1347112445e-15 7.3088756205e-15 8.3839518828e-16
4.7314453125e+02 1.2232505379e-14 4.1358904133e-15 7.2685080200e-15 8.2810694520e-16
4.7338867188e+02 1.2249915335e-14 4.1403823079e-15 7.2775034045e-15 8.3202962309e-16
4.7363281250e+02 1.2290534147e-14 4.1495492730e-15 7.2980626486e-15 8.4292222528e-16
4.7387695312e+02 1.2257337877e-14 4.1433300951e-15 7.2710713948e-15 8.4293638698e-16
4.7412109375e+02 1.2184743793e-14 4.1069637187e-15 7.2458678181e-15 8.3191225601e-16
4.7436523438e+02 1.2232500257e-14 4.1089576554e-15 7.2851026624e-15 8.3843993937e-16
4.7460937500e+02 1.2246825168e-14 4.1149370627e-15 7.2910788285e-15 8.4080927665e-16
4.7485351562e+02 1.2217377813e-14 4.1100284059e-15 7.2700285037e-15 8.3732090392e-16
4.7509765625e+02 1.2237653658e-14 4.1295623497e-15 7.2644117930e-15 8.4367951570e-16
4.7534179688e+02 1.2251432543e-14 4.1159786654e-15 7.2889228418e-15 8.4653103571e-16
4.7558593750e+02 1.2202852575e-14 4.1017106818e-15 7.2551368963e-15 8.4600499707e-16
4.7583007812e+02 1.2211386216e-14 4.1120883528e-15 7.2665125301e-15 8.3278533307e-16
4.7607421875e+02 1.2247907145e-14 4.1141736751e-15 7.3031010689e-15 8.3063240083e-16
4.7631835938e+02 1.2244051465e-14 4.1064429837e-15 7.2988080787e-15 8.3880040274e-16
4.7656250000e+02 1.2252532140e-14 4.0943170454e-15 7.3174339735e-15 8.4078112113e-16
4.7680664062e+02 1.2269321736e-14 4.1100632015e-15 7.3160488121e-15 8.4320972253e-16
4.7705078125e+02 1.2208751241e-14 4.1106871955e-15 7.2598509150e-15 8.3821313040e-16
4.7729492188e+02 1.2189247513e-14 4.1086566310e-15 7.2476362127e-15 8.3295466975e-16
4.7753906250e+02 1.2209520181e-14 4.1152809298e-15 7.2564604804e-15 8.3777877047e-16
4.7778320312e+02 1.2248124091e-14 4.1143605142e-15 7.2909486757e-15 8.4281490094e-16
4.7802734375e+02 1.2271529940e-14 4.1145413763e-15 7.3119896121e-15 8.4499895203e-16
4.7827148438e+02 1.2249009158e-14 4.1178187612e-15 7.2956565053e-15 8.3553389133e-16
4.7851562500e+02 1.2221467010e-14 4.1115829849e-15 7.2740747254e-15 8.3580929926e-16
4.7875976562e+02 1.2249652255e-14 4.1170660917e-15 7.2859380430e-15 8.4664812054e-16
4.7900390625e+02 1.2239921784e-14 4.1226146409e-15 7.2745695168e-15 8.4273762615e-16
4.7924804688e+02 1.2192822627e-14 4.1190446760e-15 7.2292092198e-15 8.4456873117e-16
4.7949218750e+02 1.2206245162e-14 4.1197610902e-15 7.2470668077e-15 8.3941726367e-16
4.7973632812e+02 1.2233787628e-14 4.1220799985e-15 7.2712387805e-15 8.4046884918e-16
4.7998046875e+02 1.2255520026e-14 4.1081592568e-15 7.3062827382e-15 8.4107803087e-16
4.8022460938e+02 1.2236497524e-14 4.1127573465e-15 7.2874470331e-15 8.3629314474e-16
4.8046875000e+02 1.2276047798e-14 4.1277534236e-15 7.3098483681e-15 8.3844600640e-16
4.8071289062e+02 1.2264994650e-14 4.1358515761e-15 7.2963093926e-15 8.3283368145e-16
4.8095703125e+02 1.2249579509e-14 4.1247827481e-15 7.2883386903e-15 8.3645807077e-16
4.8120117188e+02 1.2280074468e-14 4.1332994311e-15 7.3144209039e-15 8.3235413339e-16
4.8144531250e+02 1.2243974920e-14 4.1183264801e-15 7.2947483671e-15 8.3090007315e-16
4.8168945312e+02 1.2250058942e-14 4.1182316231e-15 7.2902808772e-15 8.4154644190e-16
4.8193359375e+02 1.2250525732e-14 4.1188768789e-15 7.2861285700e-15 8.4552028299e-16
4.8217773438e+02 1.2238129567e-14 4.1174920157e-15 7.2753116642e-15 8.4532588744e-16
4.8242187500e+02 1.2231299595e-14 4.1194350822e-15 7.2780181606e-15 8.3384635257e-16
4.8266601562e+02 1.2224947167e-14 4.1155742973e-15 7.2693346572e-15 8.4003821279e-16
4.8291015625e+02 1.2251967470e-14 4.1290871490e-15 7.2833596979e-15 8.3952062315e-16
4.8315429688e+02 1.2260063887e-14 4.1280282066e-15 7.2982142593e-15 8.3382142073e-16
4.8339843750e+02 1.2271443105e-14 4.1364071451e-15 7.2856619137e-15 8.4937404593e-16
4.8364257812e+02 1.2263667722e-14 4.1072216588e-15 7.3118121506e-15 8.4463391268e-16
4.8388671875e+02 1.2244234164e-14 4.1212749035e-15 7.2886066924e-15 8.3435256811e-16
4.8413085938e+02 1.2251261169e-14 4.1155244652e-15 7.2935606647e-15 8.4217603894e-16
4.8437500000e+02 1.2275051770e-14 4.1142930067e-15 7.3217286950e-15 8.3903006783e-16
4.8461914062e+02 1.2258148598e-14 4.1131169800e-15 7.3089409042e-15 8.3609071392e-16
4.8486328125e+02 1.2240447443e-14 4.1119558037e-15 7.2996411028e-15 8.2885053688e-16
4.8510742188e+02 1.2242385145e-14 4.1145973653e-15 7.2948166557e-15 8.3297112418e-16
4.8535156250e+02 1.2264174150e-14 4.1237547583e-15 7.3006469382e-15 8.3977245386e-16
4.8559570312e+02 1.2227615154e-14 4.1215312371e-15 7.2716609814e-15 8.3442293539e-16
4.8583984375e+02 1.2239361033e-14 4.1182112529e-15 7.2863908033e-15 8.3475897711e-16
4.8608398438e+02 1.2257011980e-14 4.1223528089e-15 7.2956854492e-15 8.3897372166e-16
4.8632812500e+02 1.2260724106e-14 4.1106284013e-15 7.3105466512e-15 8.3954905337e-16
4.8657226562e+02 1.2239296253e-14 4.1129876659e-15 7.2910820032e-15 8.3522658347e-16
4.8681640625e+02 1.2285281409e-14 4.1262169749e-15 7.3161179637e-15 8.4294647056e-16
4.8706054688e+02 1.2272303115e-14 4.1288434275e-15 7.2976461758e-15 8.4581351127e-16
4.8730468750e+02 1.2268481556e-14 4.1296223532e-15 7.2966454146e-15 8.4221378788e-16
4.8754882812e+02 1.2244948543e-14 4.1215330927e-15 7.2813008967e-15 8.4211455340e-16
4.8779296875e+02 1.2301516724e-14 4.1531454918e-15 7.3066236242e-15 8.4174760836e-16
4.8803710938e+02 1.2262018687e-14 4.1229366055e-15 7.2963150152e-15 8.4276706647e-16
4.8828125000e+02 1.2231581947e-14 4.1196267604e-15 7.2774023913e-15 8.3455279582e-16
4.8852539062e+02 1.2212352110e-14 4.1324066896e-15 7.2477978119e-15 8.3214760807e-16
4.8876953125e+02 1.2223754695e-14 4.1350245153e-15 7.2542679484e-15 8.3446223152e-16
4.8901367188e+02 1.2273984064e-14 4.1361118586e-15 7.3030387086e-15 8.3483349715e-16
4.8925781250e+02 1.2275062941e-14 4.1425037337e-15 7.2924557097e-15 8.4010349791e-16
4.8950195312e+02 1.2241524792e-14 4.1183972723e-15 7.2926092643e-15 8.3051825567e-16
4.8974609375e+02 1.2256504051e-14 4.1222095648e-15 7.2920414461e-15 8.4225304026e-16
4.8999023438e+02 1.2263975910e-14 4.1186064234e-15 7.3042944514e-15 8.4107503535e-16
4.9023437500e+02 1.2274825314e-14 4.1085596802e-15 7.3120674039e-15 8.5419822996e-16
4.9047851562e+02 1.2274742535e-14 4.1213575161e-15 7.3140878496e-15 8.3929716942e-16
4.9072265625e+02 1.2280018222e-14 4.1244119422e-15 7.3301713114e-15 8.2543496790e-16
4.9096679688e+02 1.2272459069e-14 4.1133358485e-15 7.3313044738e-15 8.2781874682e-16
4.9121093750e+02 1.2261308628e-14 4.1147600415e-15 7.3129146274e-15 8.3363395869e-16
4.9145507812e+02 1.2223802529e-14 4.1030429470e-15 7.2884663990e-15 8.3229318329e-16
4.9169921875e+02 1.2243533328e-14 4.1144540075e-15 7.2989311538e-15 8.3014816644e-16
4.9194335938e+02 1.2266933460e-14 4.1289729146e-15 7.3053706479e-15 8.3258989720e-16
4.9218750000e+02 1.2248892743e-14 4.1270820000e-15 7.2801412114e-15 8.4166953148e-16
4.9243164062e+02 1.2254182835e-14 4.1233335049e-15 7.2854073519e-15 8.4544197816e-16
4.9267578125e+02 1.2270461434e-14 4.1216788291e-15 7.3061935640e-15 8.4258904048e-16
4.9291992188e+02 1.2234659555e-14 4.1074381142e-15 7.2955900578e-15 8.3163138294e-16
4.9316406250e+02 1.2238252117e-14 4.1233840532e-15 7.2759794252e-15 8.3888863877e-16
4.9340820312e+02 1.2299517713e-14 4.1379435795e-15 7.3158374586e-15 8.4573667438e-16
4.9365234375e+02 1.2313538401e-14 4.1260703666e-15 7.3390155525e-15 8.4845248233e-16
4.9389648438e+02 1.2279152356e-14 4.1140793420e-15 7.3158613047e-15 8.4921170936e-16
4.9414062500e+02 1.2260028958e-14 4.1134997615e-15 7.3002471596e-15 8.4628203707e-16
4.9438476562e+02 1.2243701224e-14 4.1038230385e-15 7.2979742020e-15 8.4190398350e-16
4.9462890625e+02 1.2265335175e-14 4.1278820385e-15 7.2952915215e-15 8.4216161497e-16
4.9487304688e+02 1.2290083602e-14 4.1417414241e-15 7.3111557930e-15 8.3718638521e-16
4.9511718750e+02 1.2284662600e-14 4.1198766708e-15 7.3182958265e-15 8.4649010255e-16
4.9536132812e+02 1.2304624068e-14 4.1240259068e-15 7.3262323789e-15 8.5436578274e-16
4.9560546875e+02 1.2274866056e-14 4.1109649516e-15 7.3092009122e-15 8.5470019228e-16
4.9584960938e+02 1.2247533932e-14 4.1027343912e-15 7.3019072706e-15 8.4289226975e-16
4.9609375000e+02 1.2266537682e-14 4.1186906487e-15 7.3080648808e-15 8.3978215247e-16
4.9633789062e+02 1.2278735948e-14 4.1084744003e-15 7.3306526708e-15 8.3960887734e-16
4.9658203125e+02 1.2270175764e-14 4.1171716721e-15 7.3121191906e-15 8.4088490169e-16
4.9682617188e+02 1.2274128765e-14 4.1200603279e-15 7.3095427501e-15 8.4452568725e-16
4.9707031250e+02 1.2299266121e-14 4.1125438349e-15 7.3351091471e-15 8.5161313931e-16
4.9731445312e+02 1.2279333273e-14 4.1159464660e-15 7.3157606643e-15 8.4762614237e-16
4.9755859375e+02 1.2251741761e-14 4.1197941203e-15 7.3013955371e-15 8.3055210342e-16
4.9780273438e+02 1.2240756167e-14 4.1115985067e-15 7.2970347538e-15 8.3212290650e-16
4.9804687500e+02 1.2251957645e-14 4.1139359987e-15 7.2894442748e-15 8.4857737170e-16
4.9829101562e+02 1.2242151587e-14 4.1016282137e-15 7.2867980672e-15 8.5372530560e-16
4.9853515625e+02 1.2236376012e-14 4.1009793794e-15 7.2996094811e-15 8.3578715159e-16
4.9877929688e+02 1.2261234206e-14 4.1186973977e-15 7.3089011516e-15 8.3363565652e-16
4.9902343750e+02 1.2267223668e-14 4.0961370532e-15 7.3210908537e-15 8.4999576153e-16
4.9926757812e+02 1.2271546686e-14 4.1155503197e-15 7.3135293334e-15 8.4246703317e-16
4.9951171875e+02 1.2262365935e-14 4.1249063858e-15 7.2911707340e-15 8.4628881523e-16
4.9975585938e+02 1.2278323658e-14 4.1263634899e-15 7.3036632636e-15 8.4829690426e-16
5.0000000000e+02 1.2318171150e-14 4.1490680302e-15 7.3223935141e-15 8.4670960555e-16
