# freq_THz  G_total  G_Al  G_N
# MD-derived velocity power spectrum. Common normalization: integral(G_total) = 3*primitive_atoms.
# mass_weighted=True; primitive_atoms=2; block_duration_ps=16.38400000; df_THz=0.06103516; total_equals_sum_of_species=True
0.0000000000e+00 0.0000000000e+00 0.0000000000e+00 0.0000000000e+00
6.1035156250e-02 2.3167052274e-02 1.5278774074e-02 7.8882781998e-03
1.2207031250e-01 5.9304944620e-02 3.9147181936e-02 2.0157762684e-02
1.8310546875e-01 9.5895511156e-02 6.3222316583e-02 3.2673194573e-02
2.4414062500e-01 9.4504642519e-02 6.2203364447e-02 3.2301278072e-02
3.0517578125e-01 1.0370874085e-01 6.8223280630e-02 3.5485460218e-02
3.6621093750e-01 1.3653152763e-01 8.9641158972e-02 4.6890368656e-02
4.2724609375e-01 1.4789435418e-01 9.6784960017e-02 5.1109394168e-02
4.8828125000e-01 1.3263164261e-01 8.5975779223e-02 4.6655863390e-02
5.4931640625e-01 1.3835411872e-01 8.9631621312e-02 4.8722497404e-02
6.1035156250e-01 1.4468169052e-01 9.4254616915e-02 5.0427073607e-02
6.7138671875e-01 1.4452072050e-01 9.4233845728e-02 5.0286874773e-02
7.3242187500e-01 1.1963319144e-01 7.7845062546e-02 4.1788128894e-02
7.9345703125e-01 1.1376310711e-01 7.4224319600e-02 3.9538787513e-02
8.5449218750e-01 1.7869340186e-01 1.1696087210e-01 6.1732529762e-02
9.1552734375e-01 1.9361270851e-01 1.2671556795e-01 6.6897140558e-02
9.7656250000e-01 1.8200377957e-01 1.1843025710e-01 6.3573522466e-02
1.0375976562e+00 1.6123715056e-01 1.0485836861e-01 5.6378781950e-02
1.0986328125e+00 1.9289475827e-01 1.2578822207e-01 6.7106536197e-02
1.1596679688e+00 1.6218272514e-01 1.0585138558e-01 5.6331339554e-02
1.2207031250e+00 1.4943549294e-01 9.7979442346e-02 5.1456050593e-02
1.2817382812e+00 1.8067850549e-01 1.1828802344e-01 6.2390482054e-02
1.3427734375e+00 1.8989305176e-01 1.2431086905e-01 6.5582182708e-02
1.4038085938e+00 1.6052586814e-01 1.0509316150e-01 5.5432706642e-02
1.4648437500e+00 1.6562823879e-01 1.0828710313e-01 5.7341135658e-02
1.5258789062e+00 1.7461477066e-01 1.1432597340e-01 6.0288797253e-02
1.5869140625e+00 1.9197307025e-01 1.2573886317e-01 6.6234207086e-02
1.6479492188e+00 1.7567877317e-01 1.1482114918e-01 6.0857623989e-02
1.7089843750e+00 1.2775658856e-01 8.3672273514e-02 4.4084315041e-02
1.7700195312e+00 1.8664769630e-01 1.2263604026e-01 6.4011656049e-02
1.8310546875e+00 2.5402251233e-01 1.6692257838e-01 8.7099933945e-02
1.8920898438e+00 2.2165722066e-01 1.4555401123e-01 7.6103209434e-02
1.9531250000e+00 1.7135376323e-01 1.1258308725e-01 5.8770675984e-02
2.0141601562e+00 1.9288980867e-01 1.2668761445e-01 6.6202194220e-02
2.0751953125e+00 2.1355920508e-01 1.4011422882e-01 7.3444976265e-02
2.1362304688e+00 1.7307933709e-01 1.1318840120e-01 5.9890935890e-02
2.1972656250e+00 1.6121571331e-01 1.0556232912e-01 5.5653384186e-02
2.2583007812e+00 2.5908079154e-01 1.7032477882e-01 8.8756012726e-02
2.3193359375e+00 2.4945787916e-01 1.6408049862e-01 8.5377380538e-02
2.3803710938e+00 2.0171577940e-01 1.3241497383e-01 6.9300805572e-02
2.4414062500e+00 2.1702209626e-01 1.4259282051e-01 7.4429275749e-02
2.5024414062e+00 2.3422658957e-01 1.5425732050e-01 7.9969269067e-02
2.5634765625e+00 2.6987840585e-01 1.7749738366e-01 9.2381022189e-02
2.6245117188e+00 2.5536920919e-01 1.6772613518e-01 8.7643074018e-02
2.6855468750e+00 2.2856831310e-01 1.5037903381e-01 7.8189279285e-02
2.7465820312e+00 2.1589109791e-01 1.4171318716e-01 7.4177910749e-02
2.8076171875e+00 2.3988901623e-01 1.5788434878e-01 8.2004667457e-02
2.8686523438e+00 2.3986387494e-01 1.5835989547e-01 8.1503979467e-02
2.9296875000e+00 2.5139651113e-01 1.6612184370e-01 8.5274667434e-02
2.9907226562e+00 2.9172035821e-01 1.9315806674e-01 9.8562291466e-02
3.0517578125e+00 2.8601724821e-01 1.8938677796e-01 9.6630470249e-02
3.1127929688e+00 2.6336449288e-01 1.7470479431e-01 8.8659698571e-02
3.1738281250e+00 2.3823451349e-01 1.5851867197e-01 7.9715841521e-02
3.2348632812e+00 2.6017492483e-01 1.7275703609e-01 8.7417888745e-02
3.2958984375e+00 2.7211001799e-01 1.8032383473e-01 9.1786183261e-02
3.3569335938e+00 3.0626346920e-01 2.0363898433e-01 1.0262448487e-01
3.4179687500e+00 2.8614320675e-01 1.9104076682e-01 9.5102439927e-02
3.4790039062e+00 2.8173217018e-01 1.8886213928e-01 9.2870030903e-02
3.5400390625e+00 2.8099209176e-01 1.8867385601e-01 9.2318235752e-02
3.6010742188e+00 2.7501475144e-01 1.8488507287e-01 9.0129678576e-02
3.6621093750e+00 2.7762630756e-01 1.8676956253e-01 9.0856745028e-02
3.7231445312e+00 3.3586011983e-01 2.2592884517e-01 1.0993127466e-01
3.7841796875e+00 3.1633298544e-01 2.1358556652e-01 1.0274741892e-01
3.8452148438e+00 2.9428381880e-01 1.9943490816e-01 9.4848910638e-02
3.9062500000e+00 3.3704098491e-01 2.2882023390e-01 1.0822075101e-01
3.9672851562e+00 3.6818391991e-01 2.5182142148e-01 1.1636249843e-01
4.0283203125e+00 4.5050169622e-01 3.0915634871e-01 1.4134534751e-01
4.0893554688e+00 4.0139429731e-01 2.7544360181e-01 1.2595069550e-01
4.1503906250e+00 3.5798986246e-01 2.4565173999e-01 1.1233812248e-01
4.2114257812e+00 3.6808407519e-01 2.5343102103e-01 1.1465305416e-01
4.2724609375e+00 3.5369501981e-01 2.4530112757e-01 1.0839389224e-01
4.3334960938e+00 2.9549265885e-01 2.0532611738e-01 9.0166541466e-02
4.3945312500e+00 2.7870369137e-01 1.9345980653e-01 8.5243884840e-02
4.4555664062e+00 3.3808890712e-01 2.3697024806e-01 1.0111865905e-01
4.5166015625e+00 2.7794337069e-01 1.9575458207e-01 8.2188788625e-02
4.5776367188e+00 2.7463984096e-01 1.9399547271e-01 8.0644368251e-02
4.6386718750e+00 3.7844066668e-01 2.6814209784e-01 1.1029856884e-01
4.6997070312e+00 3.3137350662e-01 2.3430677700e-01 9.7066729628e-02
4.7607421875e+00 2.9403687430e-01 2.0899192365e-01 8.5044950651e-02
4.8217773438e+00 3.2312484681e-01 2.3162556927e-01 9.1499277539e-02
4.8828125000e+00 3.2088839244e-01 2.3146488901e-01 8.9423503429e-02
4.9438476562e+00 2.4359754553e-01 1.7589135716e-01 6.7706188375e-02
5.0048828125e+00 2.8128816274e-01 2.0426033425e-01 7.7027828493e-02
5.0659179688e+00 3.2762522071e-01 2.3974809209e-01 8.7877128621e-02
5.1269531250e+00 2.6069138840e-01 1.9029285658e-01 7.0398531819e-02
5.1879882812e+00 2.7840586846e-01 2.0587277453e-01 7.2533093936e-02
5.2490234375e+00 3.4764842058e-01 2.6002581437e-01 8.7622606205e-02
5.3100585938e+00 2.8585018308e-01 2.1337446822e-01 7.2475714863e-02
5.3710937500e+00 3.0959522660e-01 2.3360343487e-01 7.5991791732e-02
5.4321289062e+00 2.7473391780e-01 2.0972172263e-01 6.5012195171e-02
5.4931640625e+00 2.4022628843e-01 1.8367704322e-01 5.6549245208e-02
5.5541992188e+00 2.4697813818e-01 1.8970473031e-01 5.7273407873e-02
5.6152343750e+00 2.2057133821e-01 1.6878791316e-01 5.1783425048e-02
5.6762695312e+00 1.7543570131e-01 1.3473827326e-01 4.0697428044e-02
5.7373046875e+00 2.3438723909e-01 1.8512893688e-01 4.9258302212e-02
5.7983398438e+00 2.0704360834e-01 1.5870889499e-01 4.8334713350e-02
5.8593750000e+00 1.8954219232e-01 1.3606184045e-01 5.3480351874e-02
5.9204101562e+00 1.9951288264e-01 1.4046691545e-01 5.9045967187e-02
5.9814453125e+00 1.8573004083e-01 1.3007235121e-01 5.5657689624e-02
6.0424804688e+00 1.4687022523e-01 1.0248721923e-01 4.4383006005e-02
6.1035156250e+00 1.2147991413e-01 8.3584614528e-02 3.7895299607e-02
6.1645507812e+00 1.4267905963e-01 9.6338972753e-02 4.6340086882e-02
6.2255859375e+00 1.8341540932e-01 1.2104944007e-01 6.2365969253e-02
6.2866210938e+00 2.3424156922e-01 1.5203891268e-01 8.2202656548e-02
6.3476562500e+00 2.9644553516e-01 1.9025561517e-01 1.0618992000e-01
6.4086914062e+00 2.6021471827e-01 1.6565962767e-01 9.4555090603e-02
6.4697265625e+00 2.2394176178e-01 1.4798127289e-01 7.5960488895e-02
6.5307617188e+00 2.1005545959e-01 1.4300994661e-01 6.7045512976e-02
6.5917968750e+00 2.3710295963e-01 1.5960407731e-01 7.7498882326e-02
6.6528320312e+00 2.9562696685e-01 1.9076383780e-01 1.0486312905e-01
6.7138671875e+00 2.3407246095e-01 1.5315768087e-01 8.0914780081e-02
6.7749023438e+00 2.1031416986e-01 1.4493018193e-01 6.5383987927e-02
6.8359375000e+00 1.9344392747e-01 1.3516858879e-01 5.8275338677e-02
6.8969726562e+00 1.9462240837e-01 1.3644855180e-01 5.8173856572e-02
6.9580078125e+00 1.9015832347e-01 1.3297953407e-01 5.7178789398e-02
7.0190429688e+00 2.0629699174e-01 1.4390069076e-01 6.2396300980e-02
7.0800781250e+00 2.1841332654e-01 1.5225190285e-01 6.6161423692e-02
7.1411132812e+00 2.2037226611e-01 1.5257276521e-01 6.7799500901e-02
7.2021484375e+00 2.2512419751e-01 1.5430146145e-01 7.0822736061e-02
7.2631835938e+00 2.4507326754e-01 1.6210086315e-01 8.2972404385e-02
7.3242187500e+00 2.7886220648e-01 1.6297220412e-01 1.1589000236e-01
7.3852539062e+00 3.0809621016e-01 1.6852043682e-01 1.3957577334e-01
7.4462890625e+00 3.0649408929e-01 1.8837008315e-01 1.1812400614e-01
7.5073242188e+00 3.5274684103e-01 2.1838784605e-01 1.3435899498e-01
7.5683593750e+00 4.1319254978e-01 2.4336029716e-01 1.6983225262e-01
7.6293945312e+00 3.3017664442e-01 1.9028464097e-01 1.3989200345e-01
7.6904296875e+00 3.4693049657e-01 1.9730947019e-01 1.4962102638e-01
7.7514648438e+00 3.7036873024e-01 2.0184840715e-01 1.6852032309e-01
7.8125000000e+00 3.5013453620e-01 1.7878751801e-01 1.7134701819e-01
7.8735351562e+00 4.0196639537e-01 2.0652468329e-01 1.9544171207e-01
7.9345703125e+00 3.7675026323e-01 2.0247995134e-01 1.7427031190e-01
7.9956054688e+00 4.1234168851e-01 2.2394577906e-01 1.8839590945e-01
8.0566406250e+00 4.8259615040e-01 2.5342930573e-01 2.2916684467e-01
8.1176757812e+00 4.3374989417e-01 2.1329179190e-01 2.2045810227e-01
8.1787109375e+00 3.9572378832e-01 1.9732774916e-01 1.9839603916e-01
8.2397460938e+00 4.1316918052e-01 2.0341814350e-01 2.0975103703e-01
8.3007812500e+00 4.7871549079e-01 2.3336089893e-01 2.4535459186e-01
8.3618164062e+00 5.1327298797e-01 2.4365334036e-01 2.6961964761e-01
8.4228515625e+00 5.1557808685e-01 2.3724854663e-01 2.7832954022e-01
8.4838867188e+00 5.3295757737e-01 2.4736517205e-01 2.8559240532e-01
8.5449218750e+00 5.3135101067e-01 2.4226060583e-01 2.8909040484e-01
8.6059570312e+00 5.4451660638e-01 2.3929026402e-01 3.0522634237e-01
8.6669921875e+00 5.3440324665e-01 2.3003429852e-01 3.0436894813e-01
8.7280273438e+00 5.4116104766e-01 2.3422920375e-01 3.0693184391e-01
8.7890625000e+00 5.3907841826e-01 2.4896382985e-01 2.9011458841e-01
8.8500976562e+00 5.0506881934e-01 2.3965073087e-01 2.6541808848e-01
8.9111328125e+00 4.7388322466e-01 2.1845853096e-01 2.5542469370e-01
8.9721679688e+00 4.1920962187e-01 1.9476798410e-01 2.2444163778e-01
9.0332031250e+00 4.4173889311e-01 2.1048516921e-01 2.3125372390e-01
9.0942382812e+00 4.4498434506e-01 2.1536338696e-01 2.2962095810e-01
9.1552734375e+00 4.3785165562e-01 2.2022396755e-01 2.1762768807e-01
9.2163085938e+00 4.7575301927e-01 2.3996607671e-01 2.3578694256e-01
9.2773437500e+00 4.4094855175e-01 2.2190134226e-01 2.1904720949e-01
9.3383789062e+00 3.8245648724e-01 1.9500794916e-01 1.8744853808e-01
9.3994140625e+00 3.9489431667e-01 1.9648847259e-01 1.9840584408e-01
9.4604492188e+00 4.0087416319e-01 1.9639388082e-01 2.0448028236e-01
9.5214843750e+00 3.9926131099e-01 2.0163450712e-01 1.9762680387e-01
9.5825195312e+00 4.0642350173e-01 2.0680431788e-01 1.9961918384e-01
9.6435546875e+00 3.7400588601e-01 1.9051382006e-01 1.8349206595e-01
9.7045898438e+00 3.6496454843e-01 1.9090535428e-01 1.7405919414e-01
9.7656250000e+00 3.9540464677e-01 2.0340105046e-01 1.9200359631e-01
9.8266601562e+00 3.7618969674e-01 1.9685057045e-01 1.7933912629e-01
9.8876953125e+00 3.3418321481e-01 1.7422596204e-01 1.5995725277e-01
9.9487304688e+00 3.4691832410e-01 1.8111595262e-01 1.6580237148e-01
1.0009765625e+01 3.4220726357e-01 1.8490911336e-01 1.5729815021e-01
1.0070800781e+01 3.5958306104e-01 1.8674763855e-01 1.7283542249e-01
1.0131835938e+01 3.5975114970e-01 1.8370228890e-01 1.7604886080e-01
1.0192871094e+01 3.1522020210e-01 1.5941455883e-01 1.5580564327e-01
1.0253906250e+01 3.0898493321e-01 1.5579029939e-01 1.5319463382e-01
1.0314941406e+01 3.3695716738e-01 1.7849907234e-01 1.5845809504e-01
1.0375976562e+01 3.6431476905e-01 2.0083099093e-01 1.6348377813e-01
1.0437011719e+01 3.5979565350e-01 1.9976714405e-01 1.6002850945e-01
1.0498046875e+01 3.3896811500e-01 1.8641885032e-01 1.5254926468e-01
1.0559082031e+01 3.3499234118e-01 1.7945403576e-01 1.5553830542e-01
1.0620117188e+01 2.9827290990e-01 1.6045161547e-01 1.3782129443e-01
1.0681152344e+01 3.0546920411e-01 1.6652725711e-01 1.3894194701e-01
1.0742187500e+01 2.9581320745e-01 1.5793454248e-01 1.3787866496e-01
1.0803222656e+01 2.7222188205e-01 1.3802882922e-01 1.3419305283e-01
1.0864257812e+01 3.0311805727e-01 1.5886262081e-01 1.4425543646e-01
1.0925292969e+01 3.0237305597e-01 1.6260692058e-01 1.3976613539e-01
1.0986328125e+01 3.0666873786e-01 1.7005342769e-01 1.3661531017e-01
1.1047363281e+01 3.0740602695e-01 1.6695651998e-01 1.4044950697e-01
1.1108398438e+01 2.8858591015e-01 1.5182430274e-01 1.3676160740e-01
1.1169433594e+01 2.8184000505e-01 1.5894844997e-01 1.2289155507e-01
1.1230468750e+01 3.1188824296e-01 1.7465571505e-01 1.3723252792e-01
1.1291503906e+01 2.8763182624e-01 1.4628232021e-01 1.4134950603e-01
1.1352539062e+01 2.1886744252e-01 1.1098149262e-01 1.0788594990e-01
1.1413574219e+01 2.4074553989e-01 1.2640535207e-01 1.1434018782e-01
1.1474609375e+01 2.7311783355e-01 1.4117584592e-01 1.3194198763e-01
1.1535644531e+01 2.5765411911e-01 1.3753783466e-01 1.2011628445e-01
1.1596679688e+01 2.6431209436e-01 1.3787025958e-01 1.2644183478e-01
1.1657714844e+01 2.5707743101e-01 1.3014308182e-01 1.2693434919e-01
1.1718750000e+01 2.1622388778e-01 1.1167036880e-01 1.0455351898e-01
1.1779785156e+01 2.3764506987e-01 1.2098040712e-01 1.1666466275e-01
1.1840820312e+01 2.1592535429e-01 1.1092662902e-01 1.0499872527e-01
1.1901855469e+01 2.2326899592e-01 1.1442041404e-01 1.0884858188e-01
1.1962890625e+01 2.5838798410e-01 1.3226617313e-01 1.2612181097e-01
1.2023925781e+01 2.4950833727e-01 1.3367760229e-01 1.1583073499e-01
1.2084960938e+01 2.5536380193e-01 1.4098026474e-01 1.1438353718e-01
1.2145996094e+01 2.3937974613e-01 1.3542356445e-01 1.0395618168e-01
1.2207031250e+01 2.4547176538e-01 1.3697867002e-01 1.0849309537e-01
1.2268066406e+01 2.6822381674e-01 1.4226576858e-01 1.2595804816e-01
1.2329101562e+01 2.3117465763e-01 1.2648617863e-01 1.0468847901e-01
1.2390136719e+01 1.8968494170e-01 1.1653812046e-01 7.3146821239e-02
1.2451171875e+01 1.9350913759e-01 1.1780820120e-01 7.5700936382e-02
1.2512207031e+01 1.5060094028e-01 1.1132322355e-01 3.9277716726e-02
1.2573242188e+01 1.3279069236e-01 1.0602514019e-01 2.6765552169e-02
1.2634277344e+01 1.2269159167e-01 9.8903276333e-02 2.3788315339e-02
1.2695312500e+01 1.1783883065e-01 9.5543737054e-02 2.2295093598e-02
1.2756347656e+01 1.1389239071e-01 9.2778572120e-02 2.1113818592e-02
1.2817382812e+01 1.3391414602e-01 1.0989336138e-01 2.4020784643e-02
1.2878417969e+01 1.5253572050e-01 1.2627925604e-01 2.6256464459e-02
1.2939453125e+01 1.6532301915e-01 1.3814368379e-01 2.7179335354e-02
1.3000488281e+01 1.4869241769e-01 1.2483400952e-01 2.3858408169e-02
1.3061523438e+01 1.5172327287e-01 1.2788215469e-01 2.3841118181e-02
1.3122558594e+01 1.5823278617e-01 1.3378187288e-01 2.4450913284e-02
1.3183593750e+01 1.5636786082e-01 1.3299045653e-01 2.3377404293e-02
1.3244628906e+01 1.5047869347e-01 1.2882242737e-01 2.1656266098e-02
1.3305664062e+01 1.7043911946e-01 1.4805117533e-01 2.2387944139e-02
1.3366699219e+01 1.9013145282e-01 1.6579294792e-01 2.4338504902e-02
1.3427734375e+01 1.9021202296e-01 1.6633445469e-01 2.3877568277e-02
1.3488769531e+01 1.9601105613e-01 1.7339007203e-01 2.2620984092e-02
1.3549804688e+01 2.0925574599e-01 1.8541290242e-01 2.3842843570e-02
1.3610839844e+01 2.2199019378e-01 1.9750622173e-01 2.4483972057e-02
1.3671875000e+01 2.4708058668e-01 2.2157983966e-01 2.5500747017e-02
1.3732910156e+01 2.7446746557e-01 2.4833882489e-01 2.6128640686e-02
1.3793945312e+01 2.6251764842e-01 2.3871874460e-01 2.3798903821e-02
1.3854980469e+01 2.3382325477e-01 2.1083064789e-01 2.2992606880e-02
1.3916015625e+01 2.2866896552e-01 2.0558628818e-01 2.3082677340e-02
1.3977050781e+01 2.4247541846e-01 2.1881962799e-01 2.3655790470e-02
1.4038085938e+01 2.4053550050e-01 2.1777787140e-01 2.2757629094e-02
1.4099121094e+01 2.1106684474e-01 1.9124042731e-01 1.9826417435e-02
1.4160156250e+01 2.0632539229e-01 1.8663652020e-01 1.9688872097e-02
1.4221191406e+01 1.9437133092e-01 1.7586519035e-01 1.8506140578e-02
1.4282226562e+01 1.9782421869e-01 1.7943405674e-01 1.8390161950e-02
1.4343261719e+01 1.9440478518e-01 1.7665488534e-01 1.7749899840e-02
1.4404296875e+01 1.9456470521e-01 1.7704474094e-01 1.7519964274e-02
1.4465332031e+01 1.9231659285e-01 1.7514713801e-01 1.7169454833e-02
1.4526367188e+01 1.9520703626e-01 1.7849387031e-01 1.6713165958e-02
1.4587402344e+01 1.7691690196e-01 1.6221585742e-01 1.4701044541e-02
1.4648437500e+01 1.4111343632e-01 1.2950716614e-01 1.1606270174e-02
1.4709472656e+01 1.3199258224e-01 1.2124456512e-01 1.0748017115e-02
1.4770507812e+01 1.5371183385e-01 1.4169615102e-01 1.2015682828e-02
1.4831542969e+01 1.6960167521e-01 1.5673677921e-01 1.2864895994e-02
1.4892578125e+01 1.3530026927e-01 1.2450480825e-01 1.0795461020e-02
1.4953613281e+01 9.3372730974e-02 8.5472270827e-02 7.9004601474e-03
1.5014648438e+01 1.0140341470e-01 9.3048555337e-02 8.3548593673e-03
1.5075683594e+01 9.9156167080e-02 9.0922268355e-02 8.2338987255e-03
1.5136718750e+01 8.0114221201e-02 7.3183747305e-02 6.9304738959e-03
1.5197753906e+01 6.3286203910e-02 5.7464125231e-02 5.8220786789e-03
1.5258789062e+01 6.6570232813e-02 6.0663483780e-02 5.9067490330e-03
1.5319824219e+01 9.3641460087e-02 8.6062270593e-02 7.5791894934e-03
1.5380859375e+01 6.8869362038e-02 6.2612883072e-02 6.2564789663e-03
1.5441894531e+01 3.6695733931e-02 3.2262575380e-02 4.4331585512e-03
1.5502929688e+01 3.7091857507e-02 3.2055163213e-02 5.0366942948e-03
1.5563964844e+01 4.2295642607e-02 3.6420701766e-02 5.8749408410e-03
1.5625000000e+01 2.8402205464e-02 2.3891724955e-02 4.5104805088e-03
1.5686035156e+01 1.5577406982e-02 1.2395883188e-02 3.1815237932e-03
1.5747070312e+01 1.1745065972e-02 8.9556106776e-03 2.7894552945e-03
1.5808105469e+01 9.2381790732e-03 6.6907142731e-03 2.5474648001e-03
1.5869140625e+01 7.9048265893e-03 5.4813113952e-03 2.4235151942e-03
1.5930175781e+01 7.1340298563e-03 4.7501740200e-03 2.3838558363e-03
1.5991210938e+01 6.4140054251e-03 4.0998070983e-03 2.3141983269e-03
1.6052246094e+01 6.0806733834e-03 3.7896606523e-03 2.2910127312e-03
1.6113281250e+01 5.7085906555e-03 3.4361583481e-03 2.2724323074e-03
1.6174316406e+01 5.5433379442e-03 3.2148626241e-03 2.3284753201e-03
1.6235351562e+01 5.3858944081e-03 3.0471637361e-03 2.3387306720e-03
1.6296386719e+01 5.0895161145e-03 2.7975690502e-03 2.2919470643e-03
1.6357421875e+01 4.9186258347e-03 2.6363117461e-03 2.2823140885e-03
1.6418457031e+01 4.8627787999e-03 2.5324575477e-03 2.3303212523e-03
1.6479492188e+01 4.7252349231e-03 2.3814296857e-03 2.3438052374e-03
1.6540527344e+01 4.6577229964e-03 2.2812815469e-03 2.3764414496e-03
1.6601562500e+01 4.6859650605e-03 2.2306992688e-03 2.4552657917e-03
1.6662597656e+01 4.7020320884e-03 2.1811793788e-03 2.5208527096e-03
1.6723632812e+01 4.7153507361e-03 2.1511791908e-03 2.5641715453e-03
1.6784667969e+01 4.8595070398e-03 2.1548683113e-03 2.7046387285e-03
1.6845703125e+01 5.0188017310e-03 2.1817089331e-03 2.8370927979e-03
1.6906738281e+01 5.1540550727e-03 2.1840871553e-03 2.9699679174e-03
1.6967773438e+01 5.1690912863e-03 2.1527725542e-03 3.0163187321e-03
1.7028808594e+01 5.4691500083e-03 2.1977896899e-03 3.2713603184e-03
1.7089843750e+01 5.8038460547e-03 2.2783598003e-03 3.5254862544e-03
1.7150878906e+01 6.3163034128e-03 2.4328196461e-03 3.8834837667e-03
1.7211914062e+01 7.2517234423e-03 2.7061592774e-03 4.5455641649e-03
1.7272949219e+01 9.1863891572e-03 3.3247395658e-03 5.8616495914e-03
1.7333984375e+01 1.3320269966e-02 4.7089434272e-03 8.6113265387e-03
1.7395019531e+01 2.5609966659e-02 8.9024416739e-03 1.6707524985e-02
1.7456054688e+01 4.3038278165e-02 1.4768455788e-02 2.8269822378e-02
1.7517089844e+01 5.2025708139e-02 1.7606718557e-02 3.4418989582e-02
1.7578125000e+01 4.1124399679e-02 1.3824367856e-02 2.7300031823e-02
1.7639160156e+01 2.5743093821e-02 8.5111366570e-03 1.7231957164e-02
1.7700195312e+01 1.7062024386e-02 5.5758134626e-03 1.1486210924e-02
1.7761230469e+01 1.1066224436e-02 3.5787098519e-03 7.4875145838e-03
1.7822265625e+01 7.5923981675e-03 2.3948118574e-03 5.1975863101e-03
1.7883300781e+01 6.6404459896e-03 2.0927585152e-03 4.5476874744e-03
1.7944335938e+01 6.2710919408e-03 1.9616526314e-03 4.3094393094e-03
1.8005371094e+01 6.0536529365e-03 1.8345948082e-03 4.2190581283e-03
1.8066406250e+01 5.8081386008e-03 1.7298089305e-03 4.0783296703e-03
1.8127441406e+01 5.8819552507e-03 1.7241410066e-03 4.1578142441e-03
1.8188476562e+01 5.9977683702e-03 1.7214371968e-03 4.2763311735e-03
1.8249511719e+01 6.1320436085e-03 1.7509996938e-03 4.3810439147e-03
1.8310546875e+01 6.3097396120e-03 1.7565604540e-03 4.5531791580e-03
1.8371582031e+01 6.8357988893e-03 1.8691293329e-03 4.9666695563e-03
1.8432617188e+01 7.1700515347e-03 1.9361269060e-03 5.2339246286e-03
1.8493652344e+01 7.6910502633e-03 2.0406147561e-03 5.6504355072e-03
1.8554687500e+01 9.0532032745e-03 2.4029248112e-03 6.6502784634e-03
1.8615722656e+01 1.1083717199e-02 2.9666119018e-03 8.1171052972e-03
1.8676757812e+01 1.5275762111e-02 4.2552748305e-03 1.1020487280e-02
1.8737792969e+01 2.7485153360e-02 7.9705277154e-03 1.9514625645e-02
1.8798828125e+01 5.8032097980e-02 1.7549321850e-02 4.0482776130e-02
1.8859863281e+01 8.0227172426e-02 2.4428386876e-02 5.5798785550e-02
1.8920898438e+01 6.0067568082e-02 1.7568586184e-02 4.2498981899e-02
1.8981933594e+01 5.3120329483e-02 1.3448096349e-02 3.9672233134e-02
1.9042968750e+01 8.5049614887e-02 2.0557134755e-02 6.4492480132e-02
1.9104003906e+01 1.1573562204e-01 2.9890282237e-02 8.5845339801e-02
1.9165039062e+01 1.0210071313e-01 2.8022929170e-02 7.4077783962e-02
1.9226074219e+01 4.9296253422e-02 1.3073857313e-02 3.6222396109e-02
1.9287109375e+01 2.4780147669e-02 6.0253704005e-03 1.8754777269e-02
1.9348144531e+01 1.7193239991e-02 3.7673769309e-03 1.3425863060e-02
1.9409179688e+01 1.3988875887e-02 2.7816920883e-03 1.1207183798e-02
1.9470214844e+01 1.3627144107e-02 2.4334657310e-03 1.1193678376e-02
1.9531250000e+01 1.5719676149e-02 2.4145726386e-03 1.3305103510e-02
1.9592285156e+01 2.0166377522e-02 2.4113579164e-03 1.7755019605e-02
1.9653320312e+01 4.2587874884e-02 3.0167706091e-03 3.9571104275e-02
1.9714355469e+01 7.8479498174e-02 4.4884670384e-03 7.3991031136e-02
1.9775390625e+01 8.7497448773e-02 5.8668658320e-03 8.1630582941e-02
1.9836425781e+01 9.7400995877e-02 6.2030468483e-03 9.1197949029e-02
1.9897460938e+01 1.0240932056e-01 7.0903386096e-03 9.5318981953e-02
1.9958496094e+01 1.1710576007e-01 1.0282277121e-02 1.0682348294e-01
2.0019531250e+01 1.4143749748e-01 1.2705812217e-02 1.2873168526e-01
2.0080566406e+01 1.4070348607e-01 1.2114649568e-02 1.2858883650e-01
2.0141601562e+01 1.5747852360e-01 1.3369754489e-02 1.4410876911e-01
2.0202636719e+01 1.5480662583e-01 1.2479291040e-02 1.4232733479e-01
2.0263671875e+01 1.6038585278e-01 1.4179523861e-02 1.4620632892e-01
2.0324707031e+01 1.6829010288e-01 1.6381623272e-02 1.5190847961e-01
2.0385742188e+01 1.6095100767e-01 1.5594219680e-02 1.4535678799e-01
2.0446777344e+01 1.4823406231e-01 1.4565417323e-02 1.3366864499e-01
2.0507812500e+01 1.6386961992e-01 1.6322902608e-02 1.4754671731e-01
2.0568847656e+01 1.6466684069e-01 1.6501815199e-02 1.4816502549e-01
2.0629882812e+01 1.4356345253e-01 1.4414729531e-02 1.2914872300e-01
2.0690917969e+01 1.5302397334e-01 1.5890352486e-02 1.3713362086e-01
2.0751953125e+01 1.6603083813e-01 1.8291517917e-02 1.4773932021e-01
2.0812988281e+01 1.4891482597e-01 1.6784776215e-02 1.3213004976e-01
2.0874023438e+01 1.7095980038e-01 1.9922587021e-02 1.5103721336e-01
2.0935058594e+01 2.3076303753e-01 2.7637746896e-02 2.0312529063e-01
2.0996093750e+01 2.1571749177e-01 2.6608467025e-02 1.8910902474e-01
2.1057128906e+01 2.0823064964e-01 2.6824931862e-02 1.8140571778e-01
2.1118164062e+01 2.2953152717e-01 3.0174987819e-02 1.9935653935e-01
2.1179199219e+01 2.2878165445e-01 2.9723104328e-02 1.9905855012e-01
2.1240234375e+01 1.9262048238e-01 2.5650242863e-02 1.6697023952e-01
2.1301269531e+01 1.9872555723e-01 2.7964654364e-02 1.7076090286e-01
2.1362304688e+01 2.3416267970e-01 3.3495009207e-02 2.0066767049e-01
2.1423339844e+01 2.3971628677e-01 3.3890751534e-02 2.0582553524e-01
2.1484375000e+01 2.4487154595e-01 3.5295355652e-02 2.0957619030e-01
2.1545410156e+01 2.4092104001e-01 3.7183132370e-02 2.0373790765e-01
2.1606445312e+01 2.4242480537e-01 3.8810137053e-02 2.0361466831e-01
2.1667480469e+01 2.4109381727e-01 3.9327734028e-02 2.0176608325e-01
2.1728515625e+01 2.7200577643e-01 4.5179822242e-02 2.2682595419e-01
2.1789550781e+01 2.7534659040e-01 4.6780087895e-02 2.2856650251e-01
2.1850585938e+01 2.8796281722e-01 5.0616435144e-02 2.3734638208e-01
2.1911621094e+01 2.9898373273e-01 5.3441002101e-02 2.4554273063e-01
2.1972656250e+01 2.6288165808e-01 4.9775360075e-02 2.1310629800e-01
2.2033691406e+01 2.3626149212e-01 4.6018896357e-02 1.9024259576e-01
2.2094726562e+01 2.6242743966e-01 5.1398397500e-02 2.1102904216e-01
2.2155761719e+01 2.6431390100e-01 5.3654610763e-02 2.1065929023e-01
2.2216796875e+01 2.4593701749e-01 5.1096711071e-02 1.9484030642e-01
2.2277832031e+01 2.2432321161e-01 4.7593243805e-02 1.7672996780e-01
2.2338867188e+01 2.3176047981e-01 4.9963570765e-02 1.8179690904e-01
2.2399902344e+01 2.4982026577e-01 5.2960198695e-02 1.9686006707e-01
2.2460937500e+01 2.9546866598e-01 6.3103389426e-02 2.3236527656e-01
2.2521972656e+01 2.9197819537e-01 6.4346565486e-02 2.2763162988e-01
2.2583007812e+01 2.7001283885e-01 6.2154492489e-02 2.0785834636e-01
2.2644042969e+01 3.1043684284e-01 7.4023696984e-02 2.3641314586e-01
2.2705078125e+01 3.6120002911e-01 8.8139276509e-02 2.7306075260e-01
2.2766113281e+01 3.0648295426e-01 7.6844931246e-02 2.2963802301e-01
2.2827148438e+01 2.8757667523e-01 7.3080407060e-02 2.1449626817e-01
2.2888183594e+01 2.8202784028e-01 7.1724100609e-02 2.1030373967e-01
2.2949218750e+01 2.5472640475e-01 6.6095414855e-02 1.8863098989e-01
2.3010253906e+01 2.5132398884e-01 6.5655401630e-02 1.8566858721e-01
2.3071289062e+01 2.8992436498e-01 7.5032879164e-02 2.1489148582e-01
2.3132324219e+01 3.0098389761e-01 7.7720826724e-02 2.2326307089e-01
2.3193359375e+01 2.9634834268e-01 7.7508212106e-02 2.1884013057e-01
2.3254394531e+01 2.8472489096e-01 7.3982259455e-02 2.1074263150e-01
2.3315429688e+01 3.4231031404e-01 8.8067633574e-02 2.5424268047e-01
2.3376464844e+01 3.5165824397e-01 8.8798674148e-02 2.6285956982e-01
2.3437500000e+01 3.8919144089e-01 9.9150712951e-02 2.9004072794e-01
2.3498535156e+01 3.5989845997e-01 9.2378834488e-02 2.6751962549e-01
2.3559570312e+01 3.5670616329e-01 9.2079054038e-02 2.6462710925e-01
2.3620605469e+01 4.3473594179e-01 1.1304466199e-01 3.2169127980e-01
2.3681640625e+01 4.7051032380e-01 1.2161267608e-01 3.4889764771e-01
2.3742675781e+01 4.5359223204e-01 1.1802846351e-01 3.3556376853e-01
2.3803710938e+01 4.4477405580e-01 1.1803565461e-01 3.2673840119e-01
2.3864746094e+01 5.0264073919e-01 1.3358120700e-01 3.6905953218e-01
2.3925781250e+01 5.4284319742e-01 1.4339071816e-01 3.9945247926e-01
2.3986816406e+01 4.9516057167e-01 1.3177509264e-01 3.6338547903e-01
2.4047851562e+01 4.5537626021e-01 1.2217798924e-01 3.3319827098e-01
2.4108886719e+01 4.8854699938e-01 1.3182603186e-01 3.5672096753e-01
2.4169921875e+01 5.2944442113e-01 1.4474869353e-01 3.8469572759e-01
2.4230957031e+01 5.2331734685e-01 1.4312739990e-01 3.8018994695e-01
2.4291992188e+01 5.1488038178e-01 1.4050307567e-01 3.7437730610e-01
2.4353027344e+01 5.2031189890e-01 1.4344067334e-01 3.7687122556e-01
2.4414062500e+01 4.5005233052e-01 1.2647223790e-01 3.2358009262e-01
2.4475097656e+01 4.5145727079e-01 1.2818781426e-01 3.2326945653e-01
2.4536132812e+01 4.3223606435e-01 1.2360247369e-01 3.0863359066e-01
2.4597167969e+01 4.4974979551e-01 1.2879207055e-01 3.2095772497e-01
2.4658203125e+01 4.7502693565e-01 1.3655373391e-01 3.3847320174e-01
2.4719238281e+01 4.5388271625e-01 1.3091678467e-01 3.2296593158e-01
2.4780273438e+01 4.5957228412e-01 1.3315142527e-01 3.2642085885e-01
2.4841308594e+01 4.1481869887e-01 1.2054469248e-01 2.9427400638e-01
2.4902343750e+01 3.6461451095e-01 1.0716494110e-01 2.5744956985e-01
2.4963378906e+01 3.6603385926e-01 1.0832053377e-01 2.5771332549e-01
2.5024414062e+01 3.2082677037e-01 9.5187685976e-02 2.2563908440e-01
2.5085449219e+01 3.2405092900e-01 9.6743662163e-02 2.2730726683e-01
2.5146484375e+01 3.3032158996e-01 9.8830996395e-02 2.3149059357e-01
2.5207519531e+01 3.7234717981e-01 1.1199138414e-01 2.6035579567e-01
2.5268554688e+01 3.8749732240e-01 1.1719026527e-01 2.7030705713e-01
2.5329589844e+01 3.0157917715e-01 9.0458688978e-02 2.1112048817e-01
2.5390625000e+01 2.6251182525e-01 7.8693728794e-02 1.8381809646e-01
2.5451660156e+01 2.8326153561e-01 8.4732095378e-02 1.9852944023e-01
2.5512695312e+01 2.8601835751e-01 8.5132471784e-02 2.0088588572e-01
2.5573730469e+01 2.2650725146e-01 6.7585631157e-02 1.5892162030e-01
2.5634765625e+01 1.9381551033e-01 5.7551983498e-02 1.3626352683e-01
2.5695800781e+01 1.4012049355e-01 4.1618721843e-02 9.8501771708e-02
2.5756835938e+01 1.4314720881e-01 4.3454321053e-02 9.9692887757e-02
2.5817871094e+01 1.6454632949e-01 5.1076455766e-02 1.1346987372e-01
2.5878906250e+01 1.2627179933e-01 3.9627117402e-02 8.6644681926e-02
2.5939941406e+01 1.0521999523e-01 3.3004008084e-02 7.2215987149e-02
2.6000976562e+01 1.2081530328e-01 3.8064117006e-02 8.2751186278e-02
2.6062011719e+01 1.4179763886e-01 4.4886775365e-02 9.6910863490e-02
2.6123046875e+01 1.0551287813e-01 3.3750955966e-02 7.1761922161e-02
2.6184082031e+01 8.8218439704e-02 2.9196465979e-02 5.9021973725e-02
2.6245117188e+01 1.0054064720e-01 3.3729439907e-02 6.6811207298e-02
2.6306152344e+01 1.0204554114e-01 3.3953633883e-02 6.8091907259e-02
2.6367187500e+01 7.5547735889e-02 2.4718383622e-02 5.0829352266e-02
2.6428222656e+01 6.4288868135e-02 2.0734847335e-02 4.3554020800e-02
2.6489257812e+01 3.8353541025e-02 1.2274613360e-02 2.6078927665e-02
2.6550292969e+01 2.0848165968e-02 6.5922913197e-03 1.4255874648e-02
2.6611328125e+01 1.4914555434e-02 4.6668817836e-03 1.0247673650e-02
2.6672363281e+01 1.1965475463e-02 3.6831571921e-03 8.2823182712e-03
2.6733398438e+01 1.0270505434e-02 3.0861237654e-03 7.1843816691e-03
2.6794433594e+01 1.0733784734e-02 3.1316099191e-03 7.6021748147e-03
2.6855468750e+01 1.1908034888e-02 3.3607878435e-03 8.5472470440e-03
2.6916503906e+01 1.5943572588e-02 4.2635740283e-03 1.1679998559e-02
2.6977539062e+01 2.6249273779e-02 6.7020146118e-03 1.9547259167e-02
2.7038574219e+01 3.0235210445e-02 7.6398260019e-03 2.2595384443e-02
2.7099609375e+01 2.1280682887e-02 5.5321695494e-03 1.5748513337e-02
2.7160644531e+01 1.3334749023e-02 3.6528233752e-03 9.6819256477e-03
2.7221679688e+01 1.1131241107e-02 3.1526749815e-03 7.9785661253e-03
2.7282714844e+01 9.0163276414e-03 2.6615637959e-03 6.3547638454e-03
2.7343750000e+01 8.2313146816e-03 2.5530314793e-03 5.6782832023e-03
2.7404785156e+01 1.0051533109e-02 3.2675425564e-03 6.7839905529e-03
2.7465820312e+01 1.4290062897e-02 4.8732770868e-03 9.4167858104e-03
2.7526855469e+01 2.4630562034e-02 8.6310821857e-03 1.5999479848e-02
2.7587890625e+01 3.6734212727e-02 1.2998369746e-02 2.3735842980e-02
2.7648925781e+01 4.3048161157e-02 1.5194928746e-02 2.7853232411e-02
2.7709960938e+01 4.8349559320e-02 1.6709979861e-02 3.1639579459e-02
2.7770996094e+01 4.7931482984e-02 1.6390961426e-02 3.1540521558e-02
2.7832031250e+01 2.8983354886e-02 9.8496054082e-03 1.9133749478e-02
2.7893066406e+01 1.3916708836e-02 4.6659766810e-03 9.2507321549e-03
2.7954101562e+01 8.3926022151e-03 2.7670795293e-03 5.6255226858e-03
2.8015136719e+01 7.1383505046e-03 2.3355577666e-03 4.8027927380e-03
2.8076171875e+01 6.9004435270e-03 2.2404064713e-03 4.6600370557e-03
2.8137207031e+01 8.2929677982e-03 2.7114072653e-03 5.5815605329e-03
2.8198242188e+01 1.1892134631e-02 3.9496353193e-03 7.9424993115e-03
2.8259277344e+01 2.1388354343e-02 7.2031133663e-03 1.4185240977e-02
2.8320312500e+01 3.9258820766e-02 1.3324677468e-02 2.5934143298e-02
2.8381347656e+01 3.6534136756e-02 1.2388165729e-02 2.4145971027e-02
2.8442382812e+01 1.9563160297e-02 6.5730273065e-03 1.2990132990e-02
2.8503417969e+01 9.9835253324e-03 3.2704754551e-03 6.7130498773e-03
2.8564453125e+01 1.0138132001e-02 3.2742374209e-03 6.8638945804e-03
2.8625488281e+01 1.7386802385e-02 5.6227031324e-03 1.1764099252e-02
2.8686523438e+01 3.0480087077e-02 9.8694226279e-03 2.0610664449e-02
2.8747558594e+01 3.2148424587e-02 1.0408265141e-02 2.1740159445e-02
2.8808593750e+01 2.0760525252e-02 6.7062406094e-03 1.4054284643e-02
2.8869628906e+01 1.0092924428e-02 3.2290708408e-03 6.8638535868e-03
2.8930664062e+01 6.0064618304e-03 1.8990268399e-03 4.1074349905e-03
2.8991699219e+01 5.0868772757e-03 1.6011241090e-03 3.4857531668e-03
2.9052734375e+01 4.7765963947e-03 1.4969727176e-03 3.2796236771e-03
2.9113769531e+01 5.3830870142e-03 1.7102621660e-03 3.6728248482e-03
2.9174804688e+01 7.7729834432e-03 2.5166867091e-03 5.2562967341e-03
2.9235839844e+01 1.1337484590e-02 3.7201468236e-03 7.6173377663e-03
2.9296875000e+01 1.7281129974e-02 5.7285276146e-03 1.1552602360e-02
2.9357910156e+01 2.2242691775e-02 7.4139747377e-03 1.4828717037e-02
2.9418945312e+01 2.3948683635e-02 7.9947984977e-03 1.5953885137e-02
2.9479980469e+01 1.4888773593e-02 4.9361983981e-03 9.9525751948e-03
2.9541015625e+01 7.5935680572e-03 2.4741719280e-03 5.1193961292e-03
2.9602050781e+01 5.4462350120e-03 1.7497198429e-03 3.6965151691e-03
2.9663085938e+01 4.2897328831e-03 1.3623199454e-03 2.9274129377e-03
2.9724121094e+01 3.3714628610e-03 1.0564137652e-03 2.3150490958e-03
2.9785156250e+01 3.2191227959e-03 1.0075299559e-03 2.2115928400e-03
2.9846191406e+01 2.6684582137e-03 8.2392106605e-04 1.8445371476e-03
2.9907226562e+01 2.2821753911e-03 6.9587037555e-04 1.5863050156e-03
2.9968261719e+01 2.1221415804e-03 6.4293692071e-04 1.4792046597e-03
3.0029296875e+01 1.9851715006e-03 5.9592460351e-04 1.3892468971e-03
3.0090332031e+01 1.9054470536e-03 5.6877674573e-04 1.3366703079e-03
3.0151367188e+01 1.8950070372e-03 5.6638217489e-04 1.3286248623e-03
3.0212402344e+01 1.8992178608e-03 5.6821761035e-04 1.3310002505e-03
3.0273437500e+01 1.7740408346e-03 5.2619487448e-04 1.2478459601e-03
3.0334472656e+01 1.7351236807e-03 5.1401406035e-04 1.2211096203e-03
3.0395507812e+01 1.7274690698e-03 5.1129926559e-04 1.2161698042e-03
3.0456542969e+01 1.6623566127e-03 4.8960273861e-04 1.1727538741e-03
3.0517578125e+01 1.6039000492e-03 4.7047515756e-04 1.1334248916e-03
3.0578613281e+01 1.5801037488e-03 4.6276698418e-04 1.1173367646e-03
3.0639648438e+01 1.5581388244e-03 4.5556943266e-04 1.1025693917e-03
3.0700683594e+01 1.5288668954e-03 4.4824335521e-04 1.0806235402e-03
3.0761718750e+01 1.4809759480e-03 4.3378507323e-04 1.0471908747e-03
3.0822753906e+01 1.4857476032e-03 4.3475374459e-04 1.0509938586e-03
3.0883789062e+01 1.4736423418e-03 4.3074453951e-04 1.0428978023e-03
3.0944824219e+01 1.4474385283e-03 4.2314925226e-04 1.0242892761e-03
3.1005859375e+01 1.4504233568e-03 4.2467580093e-04 1.0257475558e-03
3.1066894531e+01 1.4431061107e-03 4.2187045013e-04 1.0212356605e-03
3.1127929688e+01 1.4188247396e-03 4.1462859415e-04 1.0041961454e-03
3.1188964844e+01 1.4065913585e-03 4.1100811520e-04 9.9558324326e-04
3.1250000000e+01 1.4036395761e-03 4.1031134628e-04 9.9332822986e-04
3.1311035156e+01 1.3741889318e-03 4.0183749676e-04 9.7235143500e-04
3.1372070312e+01 1.3732184638e-03 4.0259329062e-04 9.7062517314e-04
3.1433105469e+01 1.3499665725e-03 3.9565709524e-04 9.5430947727e-04
3.1494140625e+01 1.3426199687e-03 3.9369133459e-04 9.4892863414e-04
3.1555175781e+01 1.3494613597e-03 3.9647774072e-04 9.5298361893e-04
3.1616210938e+01 1.3445204420e-03 3.9490188598e-04 9.4961855602e-04
3.1677246094e+01 1.3352275821e-03 3.9267007319e-04 9.4255750891e-04
3.1738281250e+01 1.3249760951e-03 3.8884612552e-04 9.3612996961e-04
3.1799316406e+01 1.3152091559e-03 3.8590283891e-04 9.2930631701e-04
3.1860351562e+01 1.2974769630e-03 3.7997233302e-04 9.1750462999e-04
3.1921386719e+01 1.3087178959e-03 3.8220555267e-04 9.2651234322e-04
3.1982421875e+01 1.2987635704e-03 3.7881178013e-04 9.1995179026e-04
3.2043457031e+01 1.2802998209e-03 3.7542158450e-04 9.0487823642e-04
3.2104492188e+01 1.2676935755e-03 3.7255574875e-04 8.9513782675e-04
3.2165527344e+01 1.2577851733e-03 3.6895660938e-04 8.8882856388e-04
3.2226562500e+01 1.2550480731e-03 3.6762599953e-04 8.8742207356e-04
3.2287597656e+01 1.2616677709e-03 3.6935509673e-04 8.9231267421e-04
3.2348632812e+01 1.2357963931e-03 3.6197359869e-04 8.7382279442e-04
3.2409667969e+01 1.2321396989e-03 3.6037660435e-04 8.7176309456e-04
3.2470703125e+01 1.2347161334e-03 3.6171149565e-04 8.7300463772e-04
3.2531738281e+01 1.2380489010e-03 3.6440078620e-04 8.7364811480e-04
3.2592773438e+01 1.2329684507e-03 3.6260059410e-04 8.7036785661e-04
3.2653808594e+01 1.2251522861e-03 3.6045420888e-04 8.6469807718e-04
3.2714843750e+01 1.2212115492e-03 3.5927724746e-04 8.6193430171e-04
3.2775878906e+01 1.2304292307e-03 3.6192337673e-04 8.6850585397e-04
3.2836914062e+01 1.2244913003e-03 3.6076386519e-04 8.6372743509e-04
3.2897949219e+01 1.2314763705e-03 3.6249405433e-04 8.6898231620e-04
3.2958984375e+01 1.2264416309e-03 3.6047610545e-04 8.6596552546e-04
3.3020019531e+01 1.2158291529e-03 3.5736792382e-04 8.5846122911e-04
3.3081054688e+01 1.2086063036e-03 3.5482016826e-04 8.5378613533e-04
3.3142089844e+01 1.2170247930e-03 3.5585957664e-04 8.6116521634e-04
3.3203125000e+01 1.2163373106e-03 3.5547525319e-04 8.6086205738e-04
3.3264160156e+01 1.1940433821e-03 3.4914886812e-04 8.4489451396e-04
3.3325195312e+01 1.1835597648e-03 3.4646777007e-04 8.3709199475e-04
3.3386230469e+01 1.2018377233e-03 3.5060582643e-04 8.5123189688e-04
3.3447265625e+01 1.2070096079e-03 3.5203532653e-04 8.5497428134e-04
3.3508300781e+01 1.1965061600e-03 3.4810230099e-04 8.4840385898e-04
3.3569335938e+01 1.1919561716e-03 3.4703286733e-04 8.4492330427e-04
3.3630371094e+01 1.2052545314e-03 3.5092309370e-04 8.5433143772e-04
3.3691406250e+01 1.2077136122e-03 3.5038213838e-04 8.5733147378e-04
3.3752441406e+01 1.2027220100e-03 3.4866715574e-04 8.5405485431e-04
3.3813476562e+01 1.2196788082e-03 3.5298622369e-04 8.6669258456e-04
3.3874511719e+01 1.2212904914e-03 3.5247979527e-04 8.6881069609e-04
3.3935546875e+01 1.2102757453e-03 3.4938109292e-04 8.6089465237e-04
3.3996582031e+01 1.2079668411e-03 3.4831713476e-04 8.5964970638e-04
3.4057617188e+01 1.2112932929e-03 3.4942812552e-04 8.6186516735e-04
3.4118652344e+01 1.2033382771e-03 3.4604606589e-04 8.5729221121e-04
3.4179687500e+01 1.1882290898e-03 3.4220658659e-04 8.4602250324e-04
3.4240722656e+01 1.1729845116e-03 3.3800748023e-04 8.3497703142e-04
3.4301757812e+01 1.1762769421e-03 3.3774407589e-04 8.3853286617e-04
3.4362792969e+01 1.1668761437e-03 3.3377604960e-04 8.3310009412e-04
3.4423828125e+01 1.1741685281e-03 3.3551169852e-04 8.3865682955e-04
3.4484863281e+01 1.1643547694e-03 3.3249054517e-04 8.3186422423e-04
3.4545898438e+01 1.1558398022e-03 3.2929848679e-04 8.2654131540e-04
3.4606933594e+01 1.1543114056e-03 3.2866046388e-04 8.2565094168e-04
3.4667968750e+01 1.1535758374e-03 3.2771602290e-04 8.2585981448e-04
3.4729003906e+01 1.1409131345e-03 3.2247698142e-04 8.1843615308e-04
3.4790039062e+01 1.1310103335e-03 3.2029916968e-04 8.1071116383e-04
3.4851074219e+01 1.1311930227e-03 3.2098783245e-04 8.1020519023e-04
3.4912109375e+01 1.1374685031e-03 3.2370239254e-04 8.1376611060e-04
3.4973144531e+01 1.1264249415e-03 3.2022663133e-04 8.0619831021e-04
3.5034179688e+01 1.1241822576e-03 3.1936002481e-04 8.0482223277e-04
3.5095214844e+01 1.1138753953e-03 3.1553962203e-04 7.9833577324e-04
3.5156250000e+01 1.0899845080e-03 3.0749316837e-04 7.8249133959e-04
3.5217285156e+01 1.0845071007e-03 3.0485753089e-04 7.7964956982e-04
3.5278320312e+01 1.0772204582e-03 3.0211239018e-04 7.7510806803e-04
3.5339355469e+01 1.0635587061e-03 2.9755925376e-04 7.6599945236e-04
3.5400390625e+01 1.0671556308e-03 2.9724479267e-04 7.6991083813e-04
3.5461425781e+01 1.0639387280e-03 2.9533142280e-04 7.6860730524e-04
3.5522460938e+01 1.0589493980e-03 2.9402837321e-04 7.6492102483e-04
3.5583496094e+01 1.0586486154e-03 2.9422717257e-04 7.6442144285e-04
3.5644531250e+01 1.0437547240e-03 2.8915592960e-04 7.5459879439e-04
3.5705566406e+01 1.0193729490e-03 2.8231745207e-04 7.3705549698e-04
3.5766601562e+01 1.0105466364e-03 2.7858075245e-04 7.3196588393e-04
3.5827636719e+01 9.9856695629e-04 2.7464830432e-04 7.2391865197e-04
3.5888671875e+01 1.0035253039e-03 2.7657464513e-04 7.2695065877e-04
3.5949707031e+01 9.9757871767e-04 2.7482587063e-04 7.2275284704e-04
3.6010742188e+01 9.8560357920e-04 2.6924998906e-04 7.1635359014e-04
3.6071777344e+01 9.7327162415e-04 2.6462576875e-04 7.0864585540e-04
3.6132812500e+01 9.6010395096e-04 2.6084756298e-04 6.9925638797e-04
3.6193847656e+01 9.6670565955e-04 2.6274566557e-04 7.0395999398e-04
3.6254882812e+01 9.6509462400e-04 2.6188725062e-04 7.0320737338e-04
3.6315917969e+01 9.5203315832e-04 2.5733155205e-04 6.9470160627e-04
3.6376953125e+01 9.3496289200e-04 2.5179513074e-04 6.8316776126e-04
3.6437988281e+01 9.4041640580e-04 2.5384474361e-04 6.8657166219e-04
3.6499023438e+01 9.3039980169e-04 2.5135432813e-04 6.7904547357e-04
3.6560058594e+01 9.2431461117e-04 2.4932559554e-04 6.7498901563e-04
3.6621093750e+01 9.1554725162e-04 2.4541263168e-04 6.7013461993e-04
3.6682128906e+01 9.0694904965e-04 2.4326113458e-04 6.6368791507e-04
3.6743164062e+01 8.9555192089e-04 2.4029198827e-04 6.5525993262e-04
3.6804199219e+01 8.8472907500e-04 2.3724578866e-04 6.4748328634e-04
3.6865234375e+01 8.8676026804e-04 2.3615233659e-04 6.5060793144e-04
3.6926269531e+01 8.8298059786e-04 2.3517229073e-04 6.4780830713e-04
3.6987304688e+01 8.8532790188e-04 2.3576459415e-04 6.4956330772e-04
3.7048339844e+01 8.7493690143e-04 2.3251573766e-04 6.4242116378e-04
3.7109375000e+01 8.6386369450e-04 2.3067581220e-04 6.3318788230e-04
3.7170410156e+01 8.6823748990e-04 2.3216178171e-04 6.3607570819e-04
3.7231445312e+01 8.5752582703e-04 2.2858703305e-04 6.2893879397e-04
3.7292480469e+01 8.4162703527e-04 2.2517216981e-04 6.1645486546e-04
3.7353515625e+01 8.3613967823e-04 2.2443286369e-04 6.1170681454e-04
3.7414550781e+01 8.1766887842e-04 2.1962276864e-04 5.9804610978e-04
3.7475585938e+01 8.0203937344e-04 2.1532577239e-04 5.8671360105e-04
3.7536621094e+01 8.1159629779e-04 2.1861951349e-04 5.9297678429e-04
3.7597656250e+01 8.1792889024e-04 2.2203486957e-04 5.9589402067e-04
3.7658691406e+01 8.1102842606e-04 2.2194081511e-04 5.8908761095e-04
3.7719726562e+01 7.9566091705e-04 2.1808369906e-04 5.7757721798e-04
3.7780761719e+01 7.7739512206e-04 2.1144218241e-04 5.6595293966e-04
3.7841796875e+01 7.6770024447e-04 2.0795194931e-04 5.5974829515e-04
3.7902832031e+01 7.4384610455e-04 2.0133793945e-04 5.4250816510e-04
3.7963867188e+01 7.3083600637e-04 1.9715567218e-04 5.3368033419e-04
3.8024902344e+01 7.2291248537e-04 1.9606778399e-04 5.2684470138e-04
3.8085937500e+01 7.1089798475e-04 1.9336399833e-04 5.1753398642e-04
3.8146972656e+01 7.0154042572e-04 1.9182737544e-04 5.0971305029e-04
3.8208007812e+01 6.9262053838e-04 1.9161436962e-04 5.0100616876e-04
3.8269042969e+01 6.6688183066e-04 1.8380307831e-04 4.8307875234e-04
3.8330078125e+01 6.4344279984e-04 1.7580057361e-04 4.6764222624e-04
3.8391113281e+01 6.2331976062e-04 1.6916357656e-04 4.5415618405e-04
3.8452148438e+01 6.0473735035e-04 1.6288355364e-04 4.4185379672e-04
3.8513183594e+01 5.9501695057e-04 1.6027747054e-04 4.3473948003e-04
3.8574218750e+01 5.7055474905e-04 1.5333895687e-04 4.1721579219e-04
3.8635253906e+01 5.5324977339e-04 1.4841744467e-04 4.0483232871e-04
3.8696289062e+01 5.3862773365e-04 1.4417064232e-04 3.9445709134e-04
3.8757324219e+01 5.3011361170e-04 1.4241711331e-04 3.8769649839e-04
3.8818359375e+01 5.1701846972e-04 1.3871951614e-04 3.7829895359e-04
3.8879394531e+01 5.0401823530e-04 1.3486214365e-04 3.6915609166e-04
3.8940429688e+01 4.9349345244e-04 1.3252874187e-04 3.6096471056e-04
3.9001464844e+01 4.7678198694e-04 1.2827548796e-04 3.4850649898e-04
3.9062500000e+01 4.6206321633e-04 1.2452229658e-04 3.3754091974e-04
3.9123535156e+01 4.4881995124e-04 1.2117669177e-04 3.2764325947e-04
3.9184570312e+01 4.3724460158e-04 1.1823087421e-04 3.1901372736e-04
3.9245605469e+01 4.2429033185e-04 1.1489643691e-04 3.0939389494e-04
3.9306640625e+01 4.0526819978e-04 1.0888686398e-04 2.9638133580e-04
3.9367675781e+01 3.9284667490e-04 1.0513100177e-04 2.8771567313e-04
3.9428710938e+01 3.8294530167e-04 1.0216256350e-04 2.8078273817e-04
3.9489746094e+01 3.7985442844e-04 1.0122725318e-04 2.7862717526e-04
3.9550781250e+01 3.6890039136e-04 9.8083608516e-05 2.7081678284e-04
3.9611816406e+01 3.5300981599e-04 9.3911086369e-05 2.5909872962e-04
3.9672851562e+01 3.4346652934e-04 9.1756009612e-05 2.5171051972e-04
3.9733886719e+01 3.3133036689e-04 8.8486015347e-05 2.4284435155e-04
3.9794921875e+01 3.2444334077e-04 8.6920055363e-05 2.3752328541e-04
3.9855957031e+01 3.1882992830e-04 8.4676964327e-05 2.3415296397e-04
3.9916992188e+01 3.1374716159e-04 8.2832667119e-05 2.3091449447e-04
3.9978027344e+01 3.1730104261e-04 8.3632954931e-05 2.3366808768e-04
4.0039062500e+01 3.1719174255e-04 8.3249318803e-05 2.3394242375e-04
4.0100097656e+01 3.1004378839e-04 8.1222085915e-05 2.2882170247e-04
4.0161132812e+01 3.0366319980e-04 8.0345374873e-05 2.2331782493e-04
4.0222167969e+01 3.0312200999e-04 8.0115147115e-05 2.2300686288e-04
4.0283203125e+01 3.0433842054e-04 8.0315722918e-05 2.2402269762e-04
4.0344238281e+01 2.9523672676e-04 7.7682976610e-05 2.1755375015e-04
4.0405273438e+01 2.7736473704e-04 7.3672280591e-05 2.0369245645e-04
4.0466308594e+01 2.6486723125e-04 7.1009428259e-05 1.9385780299e-04
4.0527343750e+01 2.6229577229e-04 7.0408026208e-05 1.9188774608e-04
4.0588378906e+01 2.5337931217e-04 6.8494270347e-05 1.8488504182e-04
4.0649414062e+01 2.3471207807e-04 6.4070656421e-05 1.7064142165e-04
4.0710449219e+01 2.2352314484e-04 6.1399337740e-05 1.6212380710e-04
4.0771484375e+01 2.2424943845e-04 6.1574769138e-05 1.6267466931e-04
4.0832519531e+01 2.1731139748e-04 6.0300225787e-05 1.5701117170e-04
4.0893554688e+01 2.0732980524e-04 5.8253287880e-05 1.4907651736e-04
4.0954589844e+01 1.9946811729e-04 5.6736638883e-05 1.4273147840e-04
4.1015625000e+01 1.9069314528e-04 5.4963923996e-05 1.3572922129e-04
4.1076660156e+01 1.8413670448e-04 5.3514703145e-05 1.3062200134e-04
4.1137695312e+01 1.7911600001e-04 5.2005570118e-05 1.2711042989e-04
4.1198730469e+01 1.7387880245e-04 5.1004258806e-05 1.2287454364e-04
4.1259765625e+01 1.6869925546e-04 5.0339269422e-05 1.1835998604e-04
4.1320800781e+01 1.6685678223e-04 5.0001296548e-05 1.1685548568e-04
4.1381835938e+01 1.6202433907e-04 4.8740490376e-05 1.1328384870e-04
4.1442871094e+01 1.5795951989e-04 4.8290631008e-05 1.0966888888e-04
4.1503906250e+01 1.5803323671e-04 4.8821122145e-05 1.0921211457e-04
4.1564941406e+01 1.6402035249e-04 5.0576278605e-05 1.1344407388e-04
4.1625976562e+01 1.6265486001e-04 5.0568765713e-05 1.1208609430e-04
4.1687011719e+01 1.6094229570e-04 5.0471197905e-05 1.1047109779e-04
4.1748046875e+01 1.6316745771e-04 5.1466975558e-05 1.1170048215e-04
4.1809082031e+01 1.6087422970e-04 5.1330025943e-05 1.0954420376e-04
4.1870117188e+01 1.5642704666e-04 5.0406462385e-05 1.0602058427e-04
4.1931152344e+01 1.5819656795e-04 5.1566094867e-05 1.0663047308e-04
4.1992187500e+01 1.5665706734e-04 5.1631890506e-05 1.0502517683e-04
4.2053222656e+01 1.5568208559e-04 5.1631398481e-05 1.0405068711e-04
4.2114257812e+01 1.5957535131e-04 5.3371491564e-05 1.0620385975e-04
4.2175292969e+01 1.6521371586e-04 5.5249990032e-05 1.0996372583e-04
4.2236328125e+01 1.7022991879e-04 5.6918590112e-05 1.1331132868e-04
4.2297363281e+01 1.7254599064e-04 5.7935402818e-05 1.1461058782e-04
4.2358398438e+01 1.7283245674e-04 5.9378075687e-05 1.1345438105e-04
4.2419433594e+01 1.7283172564e-04 6.0070108413e-05 1.1276161722e-04
4.2480468750e+01 1.7760526744e-04 6.1441812154e-05 1.1616345529e-04
4.2541503906e+01 1.8394874706e-04 6.3660161012e-05 1.2028858605e-04
4.2602539062e+01 1.8366442209e-04 6.3916600922e-05 1.1974782117e-04
4.2663574219e+01 1.8522107649e-04 6.4826264756e-05 1.2039481173e-04
4.2724609375e+01 1.8771189726e-04 6.6036463626e-05 1.2167543363e-04
4.2785644531e+01 1.8926736948e-04 6.6804672438e-05 1.2246269704e-04
4.2846679688e+01 1.9023114574e-04 6.7510033200e-05 1.2272111254e-04
4.2907714844e+01 1.8918668052e-04 6.7231616202e-05 1.2195506432e-04
4.2968750000e+01 1.9164734162e-04 6.8394240471e-05 1.2325310115e-04
4.3029785156e+01 2.0124987008e-04 7.1914245472e-05 1.2933562461e-04
4.3090820312e+01 2.1143292773e-04 7.5747629567e-05 1.3568529816e-04
4.3151855469e+01 2.1648601563e-04 7.8410165497e-05 1.3807585013e-04
4.3212890625e+01 2.2359082204e-04 8.0656989823e-05 1.4293383222e-04
4.3273925781e+01 2.3852486763e-04 8.5739522540e-05 1.5278534509e-04
4.3334960938e+01 2.5280022961e-04 9.0258022192e-05 1.6254220742e-04
4.3395996094e+01 2.6471354571e-04 9.4489453181e-05 1.7022409252e-04
4.3457031250e+01 2.7534282738e-04 9.8499239497e-05 1.7684358789e-04
4.3518066406e+01 2.9027525985e-04 1.0310511081e-04 1.8717014904e-04
4.3579101562e+01 3.0790392413e-04 1.0844877934e-04 1.9945514478e-04
4.3640136719e+01 3.2003477390e-04 1.1151433317e-04 2.0852044073e-04
4.3701171875e+01 3.2499411613e-04 1.1333433901e-04 2.1165977711e-04
4.3762207031e+01 3.2697037253e-04 1.1385736307e-04 2.1311300947e-04
4.3823242188e+01 3.2724888919e-04 1.1453494278e-04 2.1271394642e-04
4.3884277344e+01 3.2878198874e-04 1.1593949340e-04 2.1284249534e-04
4.3945312500e+01 3.2605656995e-04 1.1485059995e-04 2.1120597000e-04
4.4006347656e+01 3.2272855157e-04 1.1342928868e-04 2.0929926289e-04
4.4067382812e+01 3.1703346927e-04 1.1166000051e-04 2.0537346876e-04
4.4128417969e+01 3.1778106391e-04 1.1217166900e-04 2.0560939491e-04
4.4189453125e+01 3.1364515560e-04 1.1086857682e-04 2.0277657878e-04
4.4250488281e+01 3.1186345738e-04 1.1012661585e-04 2.0173684153e-04
4.4311523438e+01 3.1472121944e-04 1.1128908883e-04 2.0343213061e-04
4.4372558594e+01 3.1892097741e-04 1.1307348003e-04 2.0584749738e-04
4.4433593750e+01 3.1857633374e-04 1.1257766476e-04 2.0599866897e-04
4.4494628906e+01 3.2370875026e-04 1.1380764847e-04 2.0990110179e-04
4.4555664062e+01 3.2497579314e-04 1.1373323294e-04 2.1124256021e-04
4.4616699219e+01 3.2232603022e-04 1.1325945112e-04 2.0906657910e-04
4.4677734375e+01 3.2646370451e-04 1.1439210861e-04 2.1207159590e-04
4.4738769531e+01 3.2695687864e-04 1.1460782292e-04 2.1234905572e-04
4.4799804688e+01 3.2866494360e-04 1.1498447677e-04 2.1368046683e-04
4.4860839844e+01 3.3463616549e-04 1.1629894516e-04 2.1833722033e-04
4.4921875000e+01 3.3676416186e-04 1.1655488754e-04 2.2020927432e-04
4.4982910156e+01 3.3851256116e-04 1.1613702208e-04 2.2237553908e-04
4.5043945312e+01 3.3939463673e-04 1.1626614124e-04 2.2312849549e-04
4.5104980469e+01 3.4377810017e-04 1.1697675689e-04 2.2680134328e-04
4.5166015625e+01 3.4445636251e-04 1.1736396595e-04 2.2709239656e-04
4.5227050781e+01 3.4529620119e-04 1.1755640364e-04 2.2773979755e-04
4.5288085938e+01 3.5377592861e-04 1.1987595957e-04 2.3389996905e-04
4.5349121094e+01 3.5924048126e-04 1.2107756194e-04 2.3816291932e-04
4.5410156250e+01 3.6043992750e-04 1.2020925023e-04 2.4023067728e-04
4.5471191406e+01 3.6413976221e-04 1.2120889383e-04 2.4293086838e-04
4.5532226562e+01 3.6535567576e-04 1.2212495157e-04 2.4323072420e-04
4.5593261719e+01 3.6044416281e-04 1.2019273998e-04 2.4025142283e-04
4.5654296875e+01 3.5840735622e-04 1.1864996690e-04 2.3975738932e-04
4.5715332031e+01 3.5341647903e-04 1.1720257591e-04 2.3621390312e-04
4.5776367188e+01 3.5596218058e-04 1.1782014005e-04 2.3814204053e-04
4.5837402344e+01 3.5509086693e-04 1.1746919656e-04 2.3762167037e-04
4.5898437500e+01 3.5241642360e-04 1.1595534671e-04 2.3646107689e-04
4.5959472656e+01 3.5535061206e-04 1.1613314359e-04 2.3921746848e-04
4.6020507812e+01 3.5774782529e-04 1.1694454556e-04 2.4080327973e-04
4.6081542969e+01 3.5602961829e-04 1.1554781617e-04 2.4048180212e-04
4.6142578125e+01 3.5317865947e-04 1.1459823527e-04 2.3858042420e-04
4.6203613281e+01 3.5931858996e-04 1.1607126761e-04 2.4324732235e-04
4.6264648438e+01 3.6289115802e-04 1.1602261614e-04 2.4686854188e-04
4.6325683594e+01 3.6398061214e-04 1.1601275289e-04 2.4796785924e-04
4.6386718750e+01 3.6687747804e-04 1.1692581778e-04 2.4995166026e-04
4.6447753906e+01 3.6847506655e-04 1.1754881033e-04 2.5092625622e-04
4.6508789062e+01 3.7555184158e-04 1.1977230098e-04 2.5577954060e-04
4.6569824219e+01 3.7729914181e-04 1.2003146674e-04 2.5726767507e-04
4.6630859375e+01 3.7335898991e-04 1.1831933703e-04 2.5503965288e-04
4.6691894531e+01 3.5982305505e-04 1.1367194410e-04 2.4615111094e-04
4.6752929688e+01 3.5272465859e-04 1.1129101901e-04 2.4143363957e-04
4.6813964844e+01 3.4752580934e-04 1.1000048342e-04 2.3752532592e-04
4.6875000000e+01 3.5068432643e-04 1.1074818813e-04 2.3993613831e-04
4.6936035156e+01 3.5124612844e-04 1.1108373589e-04 2.4016239255e-04
4.6997070312e+01 3.4811445168e-04 1.1069114901e-04 2.3742330266e-04
4.7058105469e+01 3.5037203998e-04 1.1215654200e-04 2.3821549798e-04
4.7119140625e+01 3.4946126970e-04 1.1180667831e-04 2.3765459138e-04
4.7180175781e+01 3.4559870253e-04 1.1036512444e-04 2.3523357808e-04
4.7241210938e+01 3.4878588775e-04 1.1143470150e-04 2.3735118626e-04
4.7302246094e+01 3.4922445702e-04 1.1172348726e-04 2.3750096976e-04
4.7363281250e+01 3.5374053934e-04 1.1316907779e-04 2.4057146155e-04
4.7424316406e+01 3.5036993912e-04 1.1268175643e-04 2.3768818269e-04
4.7485351562e+01 3.5062589955e-04 1.1277507242e-04 2.3785082713e-04
4.7546386719e+01 3.4503580487e-04 1.1109753282e-04 2.3393827205e-04
4.7607421875e+01 3.3510791540e-04 1.0826470032e-04 2.2684321507e-04
4.7668457031e+01 3.3005517164e-04 1.0722405129e-04 2.2283112035e-04
4.7729492188e+01 3.2305581749e-04 1.0550242488e-04 2.1755339261e-04
4.7790527344e+01 3.1935446761e-04 1.0381562971e-04 2.1553883791e-04
4.7851562500e+01 3.1969375822e-04 1.0408136522e-04 2.1561239301e-04
4.7912597656e+01 3.2265095131e-04 1.0579227408e-04 2.1685867723e-04
4.7973632812e+01 3.1626340063e-04 1.0365508832e-04 2.1260831231e-04
4.8034667969e+01 3.0950319734e-04 1.0133786540e-04 2.0816533193e-04
4.8095703125e+01 3.0488278536e-04 9.9442213118e-05 2.0544057225e-04
4.8156738281e+01 3.0028302205e-04 9.8332075937e-05 2.0195094612e-04
4.8217773438e+01 2.9789115757e-04 9.8009795930e-05 1.9988136164e-04
4.8278808594e+01 2.9496946500e-04 9.6970384240e-05 1.9799908076e-04
4.8339843750e+01 2.8559891518e-04 9.3897172881e-05 1.9170174230e-04
4.8400878906e+01 2.7572067079e-04 9.0568940558e-05 1.8515173023e-04
4.8461914062e+01 2.6933915542e-04 8.8468880536e-05 1.8087027489e-04
4.8522949219e+01 2.6274756401e-04 8.6135496924e-05 1.7661206709e-04
4.8583984375e+01 2.5896199109e-04 8.5023089642e-05 1.7393890145e-04
4.8645019531e+01 2.5387973905e-04 8.3803667774e-05 1.7007607128e-04
4.8706054688e+01 2.4415758796e-04 7.9885972394e-05 1.6427161556e-04
4.8767089844e+01 2.3349315320e-04 7.6693299493e-05 1.5679985371e-04
4.8828125000e+01 2.2738592994e-04 7.5318643068e-05 1.5206728687e-04
4.8889160156e+01 2.2380425710e-04 7.4005479736e-05 1.4979877736e-04
4.8950195312e+01 2.2031814050e-04 7.3191878285e-05 1.4712626221e-04
4.9011230469e+01 2.1883866541e-04 7.2782913238e-05 1.4605575218e-04
4.9072265625e+01 2.1792238700e-04 7.2312482638e-05 1.4560990436e-04
4.9133300781e+01 2.1273102447e-04 7.0585576840e-05 1.4214544763e-04
4.9194335938e+01 2.0700340498e-04 6.8556726973e-05 1.3844667801e-04
4.9255371094e+01 2.0039621402e-04 6.6596742137e-05 1.3379947189e-04
4.9316406250e+01 1.9180084801e-04 6.3700045855e-05 1.2810080216e-04
4.9377441406e+01 1.8555944860e-04 6.1554454454e-05 1.2400499415e-04
4.9438476562e+01 1.8441234748e-04 6.1410040597e-05 1.2300230688e-04
4.9499511719e+01 1.7920052044e-04 5.9535070172e-05 1.1966545026e-04
4.9560546875e+01 1.7392828672e-04 5.7644041495e-05 1.1628424522e-04
4.9621582031e+01 1.7286812754e-04 5.7000530437e-05 1.1586759711e-04
4.9682617188e+01 1.6486978716e-04 5.4237174243e-05 1.1063261291e-04
4.9743652344e+01 1.5523751439e-04 5.1059037387e-05 1.0417847700e-04
4.9804687500e+01 1.4650849575e-04 4.8381526814e-05 9.8126968939e-05
4.9865722656e+01 1.4411559507e-04 4.7457610970e-05 9.6657984095e-05
4.9926757812e+01 1.3853904206e-04 4.5532079704e-05 9.3006962352e-05
4.9987792969e+01 1.3426904041e-04 4.3742234532e-05 9.0526805881e-05
5.0048828125e+01 1.3190576784e-04 4.2302452268e-05 8.9603315571e-05
5.0109863281e+01 1.2913961551e-04 4.1301563915e-05 8.7838051598e-05
5.0170898438e+01 1.2460104462e-04 3.9976998762e-05 8.4624045857e-05
5.0231933594e+01 1.2108663894e-04 3.8848105645e-05 8.2238533293e-05
5.0292968750e+01 1.1913488068e-04 3.8076035311e-05 8.1058845368e-05
5.0354003906e+01 1.1816408375e-04 3.7572971021e-05 8.0591112725e-05
5.0415039062e+01 1.1656074820e-04 3.6623170312e-05 7.9937577891e-05
5.0476074219e+01 1.1565431628e-04 3.6280976088e-05 7.9373340196e-05
5.0537109375e+01 1.1573971452e-04 3.6307043815e-05 7.9432670707e-05
5.0598144531e+01 1.1448748373e-04 3.5553260923e-05 7.8934222812e-05
5.0659179688e+01 1.1180505799e-04 3.4627742315e-05 7.7177315670e-05
5.0720214844e+01 1.1146726290e-04 3.4885800834e-05 7.6581462067e-05
5.0781250000e+01 1.0850435691e-04 3.4274181842e-05 7.4230175065e-05
5.0842285156e+01 1.0453458131e-04 3.2759449363e-05 7.1775131947e-05
5.0903320312e+01 1.0332399110e-04 3.2329147592e-05 7.0994843510e-05
5.0964355469e+01 9.9593569568e-05 3.1420627694e-05 6.8172941874e-05
5.1025390625e+01 9.4953974481e-05 3.0270283475e-05 6.4683691006e-05
5.1086425781e+01 8.9821926085e-05 2.8167585340e-05 6.1654340745e-05
5.1147460938e+01 8.4281034961e-05 2.6496198464e-05 5.7784836497e-05
5.1208496094e+01 7.7649447411e-05 2.4309328309e-05 5.3340119102e-05
5.1269531250e+01 6.9819728346e-05 2.1775540577e-05 4.8044187769e-05
5.1330566406e+01 6.4456840138e-05 2.0261744075e-05 4.4195096063e-05
5.1391601562e+01 6.0050763667e-05 1.9465235509e-05 4.0585528158e-05
5.1452636719e+01 5.5980314016e-05 1.8633326922e-05 3.7346987094e-05
5.1513671875e+01 5.0798510595e-05 1.6950430449e-05 3.3848080145e-05
5.1574707031e+01 4.8290763258e-05 1.6278651841e-05 3.2012111418e-05
5.1635742188e+01 4.4643801795e-05 1.5212196479e-05 2.9431605315e-05
5.1696777344e+01 3.9554736952e-05 1.3513027682e-05 2.6041709269e-05
5.1757812500e+01 3.7464769063e-05 1.2809455512e-05 2.4655313551e-05
5.1818847656e+01 3.7532491197e-05 1.2874847186e-05 2.4657644012e-05
5.1879882812e+01 3.6526826697e-05 1.2772075072e-05 2.3754751626e-05
5.1940917969e+01 3.6135616950e-05 1.2710762428e-05 2.3424854522e-05
5.2001953125e+01 3.5203918027e-05 1.2054959785e-05 2.3148958242e-05
5.2062988281e+01 3.4977307548e-05 1.1747380893e-05 2.3229926654e-05
5.2124023438e+01 3.3082210726e-05 1.0928940579e-05 2.2153270148e-05
5.2185058594e+01 3.1866102056e-05 1.0493769452e-05 2.1372332605e-05
5.2246093750e+01 3.2482609504e-05 1.0768361456e-05 2.1714248048e-05
5.2307128906e+01 3.1741879845e-05 1.0475023705e-05 2.1266856140e-05
5.2368164062e+01 3.1762424623e-05 1.0193534231e-05 2.1568890392e-05
5.2429199219e+01 3.2537890601e-05 1.0415399866e-05 2.2122490735e-05
5.2490234375e+01 3.1631311537e-05 1.0119546879e-05 2.1511764658e-05
5.2551269531e+01 2.9863148257e-05 9.7580657550e-06 2.0105082502e-05
5.2612304688e+01 2.8706301994e-05 9.7274829955e-06 1.8978818999e-05
5.2673339844e+01 2.6850045276e-05 9.3426921185e-06 1.7507353157e-05
5.2734375000e+01 2.5914886967e-05 9.3191205508e-06 1.6595766416e-05
5.2795410156e+01 2.4244167225e-05 8.7469575032e-06 1.5497209722e-05
5.2856445312e+01 2.2680717741e-05 8.1041166266e-06 1.4576601115e-05
5.2917480469e+01 2.1629124661e-05 7.8536644548e-06 1.3775460206e-05
5.2978515625e+01 2.0585860710e-05 7.4802316215e-06 1.3105629089e-05
5.3039550781e+01 2.0467959581e-05 7.4251316709e-06 1.3042827910e-05
5.3100585938e+01 1.9229347922e-05 6.9877812042e-06 1.2241566718e-05
5.3161621094e+01 1.7798413273e-05 6.4521503643e-06 1.1346262909e-05
5.3222656250e+01 1.6023752236e-05 5.7757966242e-06 1.0247955612e-05
5.3283691406e+01 1.5761524456e-05 5.6114388299e-06 1.0150085626e-05
5.3344726562e+01 1.4722621568e-05 5.2518673500e-06 9.4707542182e-06
5.3405761719e+01 1.3839705539e-05 4.8735052586e-06 8.9662002801e-06
5.3466796875e+01 1.3398850662e-05 4.6557204010e-06 8.7431302609e-06
5.3527832031e+01 1.3329350494e-05 4.7048502890e-06 8.6245002046e-06
5.3588867188e+01 1.2920371594e-05 4.5765260174e-06 8.3438455764e-06
5.3649902344e+01 1.2313851823e-05 4.2988242480e-06 8.0150275751e-06
5.3710937500e+01 1.1955475776e-05 4.1147910237e-06 7.8406847526e-06
5.3771972656e+01 1.1926343646e-05 4.0704372189e-06 7.8559064273e-06
5.3833007812e+01 1.1428424277e-05 3.8572507360e-06 7.5711735414e-06
5.3894042969e+01 1.0943312149e-05 3.6440692943e-06 7.2992428552e-06
5.3955078125e+01 1.0769001249e-05 3.5706746843e-06 7.1983265643e-06
5.4016113281e+01 1.1190151548e-05 3.6721559966e-06 7.5179955518e-06
5.4077148438e+01 1.0524165720e-05 3.3849586811e-06 7.1392070390e-06
5.4138183594e+01 1.0469455886e-05 3.3228082779e-06 7.1466476084e-06
5.4199218750e+01 1.0812453048e-05 3.4213554919e-06 7.3910975563e-06
5.4260253906e+01 1.1006316231e-05 3.3828065487e-06 7.6235096824e-06
5.4321289062e+01 1.1637808849e-05 3.4745263574e-06 8.1632824920e-06
5.4382324219e+01 1.1797823581e-05 3.4381822562e-06 8.3596413251e-06
5.4443359375e+01 1.1578270449e-05 3.3353909943e-06 8.2428794548e-06
5.4504394531e+01 1.2104695458e-05 3.4721593285e-06 8.6325361298e-06
5.4565429688e+01 1.3225456068e-05 3.6773197975e-06 9.5481362707e-06
5.4626464844e+01 1.4387450484e-05 3.9269535921e-06 1.0460496892e-05
5.4687500000e+01 1.5602808176e-05 4.1698917750e-06 1.1432916401e-05
5.4748535156e+01 1.6094413116e-05 4.3780103452e-06 1.1716402771e-05
5.4809570312e+01 1.4425471229e-05 3.9892796203e-06 1.0436191608e-05
5.4870605469e+01 1.3956190528e-05 3.9168504446e-06 1.0039340083e-05
5.4931640625e+01 1.3762814127e-05 3.8818297988e-06 9.8809843281e-06
5.4992675781e+01 1.3906972497e-05 3.7877677395e-06 1.0119204757e-05
5.5053710938e+01 1.4915921851e-05 3.9259680394e-06 1.0989953811e-05
5.5114746094e+01 1.5773347441e-05 3.9357587027e-06 1.1837588739e-05
5.5175781250e+01 1.5342860219e-05 3.7490864454e-06 1.1593773774e-05
5.5236816406e+01 1.4952050519e-05 3.6314574714e-06 1.1320593047e-05
5.5297851562e+01 1.4178490911e-05 3.3948949907e-06 1.0783595920e-05
5.5358886719e+01 1.2991745945e-05 3.1062347300e-06 9.8855112151e-06
5.5419921875e+01 1.2221437220e-05 2.9208543318e-06 9.3005828878e-06
5.5480957031e+01 1.1512624177e-05 2.7427594486e-06 8.7698647286e-06
5.5541992188e+01 9.9748688260e-06 2.4688354526e-06 7.5060333735e-06
5.5603027344e+01 8.6812900116e-06 2.2359278914e-06 6.4453621203e-06
5.5664062500e+01 7.7543917330e-06 2.0871278638e-06 5.6672638692e-06
5.5725097656e+01 7.1739529417e-06 1.9995662020e-06 5.1743867397e-06
5.5786132812e+01 6.5768524402e-06 1.8856766688e-06 4.6911757713e-06
5.5847167969e+01 6.3345441293e-06 1.8716706352e-06 4.4628734941e-06
5.5908203125e+01 6.1965997679e-06 1.9013309509e-06 4.2952688170e-06
5.5969238281e+01 6.0808464198e-06 1.8904240742e-06 4.1904223456e-06
5.6030273438e+01 6.0624783715e-06 1.8990222092e-06 4.1634561623e-06
5.6091308594e+01 6.2263535049e-06 2.0182122712e-06 4.2081412337e-06
5.6152343750e+01 6.6149980229e-06 2.2296122383e-06 4.3853857846e-06
5.6213378906e+01 6.3405252689e-06 2.1162123628e-06 4.2243129062e-06
5.6274414062e+01 6.3619599046e-06 2.1185845118e-06 4.2433753928e-06
5.6335449219e+01 6.7033073708e-06 2.2350839804e-06 4.4682233904e-06
5.6396484375e+01 7.2671672146e-06 2.4149286054e-06 4.8522386091e-06
5.6457519531e+01 7.4285608513e-06 2.3796387944e-06 5.0489220569e-06
5.6518554688e+01 7.5566593871e-06 2.2943523335e-06 5.2623070536e-06
5.6579589844e+01 7.6478252558e-06 2.2795970569e-06 5.3682281989e-06
5.6640625000e+01 8.0424286292e-06 2.4223432134e-06 5.6200854158e-06
5.6701660156e+01 8.2409540898e-06 2.4422152023e-06 5.7987388875e-06
5.6762695312e+01 8.1964744960e-06 2.3908433671e-06 5.8056311290e-06
5.6823730469e+01 8.7505766208e-06 2.5851955231e-06 6.1653810977e-06
5.6884765625e+01 8.3760011689e-06 2.4975744177e-06 5.8784267512e-06
5.6945800781e+01 7.7371488381e-06 2.3376372720e-06 5.3995115660e-06
5.7006835938e+01 8.3587133680e-06 2.5487071171e-06 5.8100062508e-06
5.7067871094e+01 8.6066001249e-06 2.6860905963e-06 5.9205095286e-06
5.7128906250e+01 7.6161040584e-06 2.4049164947e-06 5.2111875637e-06
5.7189941406e+01 7.2923776495e-06 2.2888016041e-06 5.0035760455e-06
5.7250976562e+01 6.6435506948e-06 2.0866945023e-06 4.5568561925e-06
5.7312011719e+01 6.1192216374e-06 1.9369021080e-06 4.1823195293e-06
5.7373046875e+01 6.0727542846e-06 1.8859190523e-06 4.1868352323e-06
5.7434082031e+01 6.0151620342e-06 1.8540766487e-06 4.1610853855e-06
5.7495117188e+01 5.7879656242e-06 1.7720841120e-06 4.0158815122e-06
5.7556152344e+01 5.1605105018e-06 1.5831157695e-06 3.5773947323e-06
5.7617187500e+01 4.8069442044e-06 1.4789385542e-06 3.3280056502e-06
5.7678222656e+01 4.5149386208e-06 1.3836955428e-06 3.1312430781e-06
5.7739257812e+01 4.3192985578e-06 1.3260468944e-06 2.9932516634e-06
5.7800292969e+01 4.2210815245e-06 1.2950907891e-06 2.9259907354e-06
5.7861328125e+01 4.0896515325e-06 1.2384029281e-06 2.8512486044e-06
5.7922363281e+01 4.0178549912e-06 1.2212165079e-06 2.7966384833e-06
5.7983398438e+01 3.9856886003e-06 1.1979115531e-06 2.7877770472e-06
5.8044433594e+01 3.9484345534e-06 1.1830466415e-06 2.7653879118e-06
5.8105468750e+01 3.9172807774e-06 1.1662519334e-06 2.7510288441e-06
5.8166503906e+01 3.9693552379e-06 1.1647612608e-06 2.8045939771e-06
5.8227539062e+01 3.9900843969e-06 1.1678769868e-06 2.8222074100e-06
5.8288574219e+01 4.0052377327e-06 1.1687579036e-06 2.8364798291e-06
5.8349609375e+01 3.9600930985e-06 1.1521782638e-06 2.8079148347e-06
5.8410644531e+01 4.1885654835e-06 1.1828934691e-06 3.0056720144e-06
5.8471679688e+01 4.4291099941e-06 1.2109630854e-06 3.2181469087e-06
5.8532714844e+01 4.3387039000e-06 1.1968609249e-06 3.1418429751e-06
5.8593750000e+01 4.4801067221e-06 1.2152256396e-06 3.2648810824e-06
5.8654785156e+01 4.3619844522e-06 1.1799333878e-06 3.1820510644e-06
5.8715820312e+01 4.1593199367e-06 1.1374311759e-06 3.0218887608e-06
5.8776855469e+01 4.0783136305e-06 1.1229893248e-06 2.9553243057e-06
5.8837890625e+01 4.3162951144e-06 1.1600783621e-06 3.1562167524e-06
5.8898925781e+01 4.3507729843e-06 1.1566498240e-06 3.1941231603e-06
5.8959960938e+01 3.9714380528e-06 1.0799330418e-06 2.8915050111e-06
5.9020996094e+01 3.6823097027e-06 1.0309944248e-06 2.6513152778e-06
5.9082031250e+01 3.6096193066e-06 1.0146690973e-06 2.5949502093e-06
5.9143066406e+01 3.4569872119e-06 9.8292691894e-07 2.4740602930e-06
5.9204101562e+01 3.3449488169e-06 9.5257736272e-07 2.3923714542e-06
5.9265136719e+01 3.1569501821e-06 9.1803493826e-07 2.2389152438e-06
5.9326171875e+01 3.0719071054e-06 9.0506088680e-07 2.1668462186e-06
5.9387207031e+01 3.0548834058e-06 8.9481822576e-07 2.1600651800e-06
5.9448242188e+01 2.9565972077e-06 8.6037632772e-07 2.0962208800e-06
5.9509277344e+01 2.9401263263e-06 8.6166985294e-07 2.0784564734e-06
5.9570312500e+01 2.8843803596e-06 8.4943858988e-07 2.0349417698e-06
5.9631347656e+01 2.8497088854e-06 8.3481158030e-07 2.0148973051e-06
5.9692382812e+01 2.8325243317e-06 8.2717903270e-07 2.0053452990e-06
5.9753417969e+01 2.7703506007e-06 8.1184790502e-07 1.9585026957e-06
5.9814453125e+01 2.7086932827e-06 7.8926738419e-07 1.9194258986e-06
5.9875488281e+01 2.6397777177e-06 7.7375053786e-07 1.8660271799e-06
5.9936523438e+01 2.6128365881e-06 7.7096473782e-07 1.8418718502e-06
5.9997558594e+01 2.5633121518e-06 7.5641140848e-07 1.8069007433e-06
6.0058593750e+01 2.5350223766e-06 7.4499838919e-07 1.7900239874e-06
6.0119628906e+01 2.5095887659e-06 7.3167665052e-07 1.7779121154e-06
6.0180664062e+01 2.4507688369e-06 7.1298460300e-07 1.7377842339e-06
6.0241699219e+01 2.4325765185e-06 7.0796501438e-07 1.7246115041e-06
6.0302734375e+01 2.4297320079e-06 7.0972641962e-07 1.7200055883e-06
6.0363769531e+01 2.3987272281e-06 6.9755033378e-07 1.7011768944e-06
6.0424804688e+01 2.3331740810e-06 6.8092044918e-07 1.6522536318e-06
6.0485839844e+01 2.2546040135e-06 6.5777695244e-07 1.5968270611e-06
6.0546875000e+01 2.2525653087e-06 6.5622666561e-07 1.5963386431e-06
6.0607910156e+01 2.2353636027e-06 6.4924209187e-07 1.5861215109e-06
6.0668945312e+01 2.2155954812e-06 6.4348645119e-07 1.5721090300e-06
6.0729980469e+01 2.1989327445e-06 6.3689758671e-07 1.5620351578e-06
6.0791015625e+01 2.1615730584e-06 6.2531108333e-07 1.5362619750e-06
6.0852050781e+01 2.1302175490e-06 6.1550618945e-07 1.5147113596e-06
6.0913085938e+01 2.1020217538e-06 6.0903256164e-07 1.4929891922e-06
6.0974121094e+01 2.0752007429e-06 6.0108697494e-07 1.4741137680e-06
6.1035156250e+01 2.0691263280e-06 5.9613713309e-07 1.4729891949e-06
6.1096191406e+01 2.0336011050e-06 5.8538261575e-07 1.4482184893e-06
6.1157226562e+01 1.9959087089e-06 5.7538080977e-07 1.4205278991e-06
6.1218261719e+01 1.9571412868e-06 5.6217025505e-07 1.3949710317e-06
6.1279296875e+01 1.9130898728e-06 5.5277579830e-07 1.3603140745e-06
6.1340332031e+01 1.9039524403e-06 5.4910815512e-07 1.3548442852e-06
6.1401367188e+01 1.8938036845e-06 5.4552917495e-07 1.3482745095e-06
6.1462402344e+01 1.8595400775e-06 5.3532840344e-07 1.3242116741e-06
6.1523437500e+01 1.8223666279e-06 5.2355317374e-07 1.2988134542e-06
6.1584472656e+01 1.8011544968e-06 5.1842179907e-07 1.2827326977e-06
6.1645507812e+01 1.7540868166e-06 5.0588506349e-07 1.2482017531e-06
6.1706542969e+01 1.7009841328e-06 4.9067277466e-07 1.2103113581e-06
6.1767578125e+01 1.6479754520e-06 4.7487381647e-07 1.1731016355e-06
6.1828613281e+01 1.6435623495e-06 4.7300876272e-07 1.1705535867e-06
6.1889648438e+01 1.6337839020e-06 4.6672204867e-07 1.1670618534e-06
6.1950683594e+01 1.6061535805e-06 4.5927419380e-07 1.1468793868e-06
6.2011718750e+01 1.5741802233e-06 4.5179912044e-07 1.1223811028e-06
6.2072753906e+01 1.5619429709e-06 4.4692746750e-07 1.1150155034e-06
6.2133789062e+01 1.5274421975e-06 4.3997707699e-07 1.0874651205e-06
6.2194824219e+01 1.4952564862e-06 4.2742411135e-07 1.0678323749e-06
6.2255859375e+01 1.4756150328e-06 4.2114163870e-07 1.0544733941e-06
6.2316894531e+01 1.4570589906e-06 4.1503700317e-07 1.0420219874e-06
6.2377929688e+01 1.4284426325e-06 4.0605669231e-07 1.0223859402e-06
6.2438964844e+01 1.3978136453e-06 3.9886719993e-07 9.9894644541e-07
6.2500000000e+01 1.3710936305e-06 3.9450124206e-07 9.7659238841e-07
6.2561035156e+01 1.3589217203e-06 3.9033181745e-07 9.6858990288e-07
6.2622070312e+01 1.3325904590e-06 3.8063247877e-07 9.5195798020e-07
6.2683105469e+01 1.2972692818e-06 3.7085892886e-07 9.2641035296e-07
6.2744140625e+01 1.2642790693e-06 3.6351815703e-07 9.0076091224e-07
6.2805175781e+01 1.2500615974e-06 3.6185241921e-07 8.8820917816e-07
6.2866210938e+01 1.2251441907e-06 3.5450846456e-07 8.7063572611e-07
6.2927246094e+01 1.2045598344e-06 3.4728600071e-07 8.5727383372e-07
6.2988281250e+01 1.1873269321e-06 3.4421021196e-07 8.4311672013e-07
6.3049316406e+01 1.1478378831e-06 3.3452514159e-07 8.1331274151e-07
6.3110351562e+01 1.1263779955e-06 3.2669985310e-07 7.9967814241e-07
6.3171386719e+01 1.1087850492e-06 3.2126090137e-07 7.8752414779e-07
6.3232421875e+01 1.0846125144e-06 3.1431831514e-07 7.7029419926e-07
6.3293457031e+01 1.0576468043e-06 3.0632619009e-07 7.5132061422e-07
6.3354492188e+01 1.0382877068e-06 3.0146076512e-07 7.3682694170e-07
6.3415527344e+01 1.0095948373e-06 2.9475674641e-07 7.1483809090e-07
6.3476562500e+01 9.9577122778e-07 2.9213091207e-07 7.0364031570e-07
6.3537597656e+01 9.7651392878e-07 2.8615605734e-07 6.9035787144e-07
6.3598632812e+01 9.6205312379e-07 2.8448663201e-07 6.7756649178e-07
6.3659667969e+01 9.3640654342e-07 2.7844078596e-07 6.5796575746e-07
6.3720703125e+01 9.2082461929e-07 2.7267339129e-07 6.4815122800e-07
6.3781738281e+01 9.0451078334e-07 2.6970387708e-07 6.3480690626e-07
6.3842773438e+01 8.8820766343e-07 2.6612192852e-07 6.2208573491e-07
6.3903808594e+01 8.7237036326e-07 2.5967302535e-07 6.1269733791e-07
6.3964843750e+01 8.6624898521e-07 2.5910559709e-07 6.0714338812e-07
6.4025878906e+01 8.5328038337e-07 2.5646617209e-07 5.9681421128e-07
6.4086914062e+01 8.3972341781e-07 2.5053354880e-07 5.8918986901e-07
6.4147949219e+01 8.2350337085e-07 2.4725114091e-07 5.7625222994e-07
6.4208984375e+01 8.1843839446e-07 2.4607634314e-07 5.7236205132e-07
6.4270019531e+01 8.1025660191e-07 2.4234691267e-07 5.6790968924e-07
6.4331054688e+01 7.9317023954e-07 2.3955395527e-07 5.5361628427e-07
6.4392089844e+01 7.8344081765e-07 2.3916665316e-07 5.4427416449e-07
6.4453125000e+01 7.7783433513e-07 2.3737478899e-07 5.4045954614e-07
6.4514160156e+01 7.6221852484e-07 2.3227556844e-07 5.2994295640e-07
6.4575195312e+01 7.6184893157e-07 2.3278838713e-07 5.2906054443e-07
6.4636230469e+01 7.5930421502e-07 2.3249051218e-07 5.2681370284e-07
6.4697265625e+01 7.5113150013e-07 2.3036824342e-07 5.2076325671e-07
6.4758300781e+01 7.4975591371e-07 2.2964777326e-07 5.2010814046e-07
6.4819335938e+01 7.3670085581e-07 2.2681487570e-07 5.0988598011e-07
6.4880371094e+01 7.3549663908e-07 2.2796993253e-07 5.0752670654e-07
6.4941406250e+01 7.1969006763e-07 2.2328982584e-07 4.9640024179e-07
6.5002441406e+01 7.1376539205e-07 2.2113193840e-07 4.9263345364e-07
6.5063476562e+01 7.1743379705e-07 2.2189621299e-07 4.9553758406e-07
6.5124511719e+01 7.1891025897e-07 2.2154643469e-07 4.9736382428e-07
6.5185546875e+01 7.1955002086e-07 2.2481439688e-07 4.9473562398e-07
6.5246582031e+01 7.2115320258e-07 2.2528325931e-07 4.9586994327e-07
6.5307617188e+01 7.1787133780e-07 2.2486115980e-07 4.9301017799e-07
6.5368652344e+01 7.1238307262e-07 2.2356325405e-07 4.8881981857e-07
6.5429687500e+01 7.1334323233e-07 2.2447362255e-07 4.8886960978e-07
6.5490722656e+01 7.0464235175e-07 2.2239865465e-07 4.8224369711e-07
6.5551757812e+01 6.8837768701e-07 2.1928935054e-07 4.6908833647e-07
6.5612792969e+01 6.7705571865e-07 2.1648078143e-07 4.6057493722e-07
6.5673828125e+01 6.6123372427e-07 2.1253988781e-07 4.4869383646e-07
6.5734863281e+01 6.5280299007e-07 2.1068881183e-07 4.4211417824e-07
6.5795898438e+01 6.4410000259e-07 2.0730730427e-07 4.3679269832e-07
6.5856933594e+01 6.4660967764e-07 2.0909195293e-07 4.3751772472e-07
6.5917968750e+01 6.3183613864e-07 2.0496105231e-07 4.2687508634e-07
6.5979003906e+01 6.1907889363e-07 2.0167065956e-07 4.1740823408e-07
6.6040039062e+01 6.0967904154e-07 2.0204643392e-07 4.0763260762e-07
6.6101074219e+01 6.1227315571e-07 2.0285823535e-07 4.0941492035e-07
6.6162109375e+01 6.0708049654e-07 2.0316986127e-07 4.0391063528e-07
6.6223144531e+01 5.9734022490e-07 1.9983381064e-07 3.9750641426e-07
6.6284179688e+01 5.9158378277e-07 1.9894076084e-07 3.9264302193e-07
6.6345214844e+01 5.8868116335e-07 2.0042876147e-07 3.8825240189e-07
6.6406250000e+01 5.7994883541e-07 1.9696481062e-07 3.8298402479e-07
6.6467285156e+01 5.7534967520e-07 1.9555677843e-07 3.7979289677e-07
6.6528320312e+01 5.7300765523e-07 1.9434522017e-07 3.7866243507e-07
6.6589355469e+01 5.6900175232e-07 1.9410870838e-07 3.7489304393e-07
6.6650390625e+01 5.6135993647e-07 1.9298689965e-07 3.6837303682e-07
6.6711425781e+01 5.5764758744e-07 1.9294039169e-07 3.6470719575e-07
6.6772460938e+01 5.5014567994e-07 1.9075337757e-07 3.5939230238e-07
6.6833496094e+01 5.4819129710e-07 1.9000703034e-07 3.5818426675e-07
6.6894531250e+01 5.4051903812e-07 1.8757088331e-07 3.5294815481e-07
6.6955566406e+01 5.4085258007e-07 1.8877529714e-07 3.5207728293e-07
6.7016601562e+01 5.4411496175e-07 1.9197579640e-07 3.5213916535e-07
6.7077636719e+01 5.3266633751e-07 1.8776281362e-07 3.4490352389e-07
6.7138671875e+01 5.3211934312e-07 1.8736676672e-07 3.4475257640e-07
6.7199707031e+01 5.3206453949e-07 1.8779616704e-07 3.4426837246e-07
6.7260742188e+01 5.3093116732e-07 1.8756369836e-07 3.4336746896e-07
6.7321777344e+01 5.2328418346e-07 1.8467445436e-07 3.3860972910e-07
6.7382812500e+01 5.2235294590e-07 1.8561819697e-07 3.3673474893e-07
6.7443847656e+01 5.2314496504e-07 1.8610393384e-07 3.3704103120e-07
6.7504882812e+01 5.1481553174e-07 1.8294425790e-07 3.3187127384e-07
6.7565917969e+01 5.1057303336e-07 1.8197240990e-07 3.2860062346e-07
6.7626953125e+01 5.1211095571e-07 1.8292601182e-07 3.2918494389e-07
6.7687988281e+01 5.0896270478e-07 1.8237868995e-07 3.2658401484e-07
6.7749023438e+01 5.0540698091e-07 1.8248618970e-07 3.2292079121e-07
6.7810058594e+01 4.9810855312e-07 1.8089852817e-07 3.1721002495e-07
6.7871093750e+01 5.0126005292e-07 1.8235591641e-07 3.1890413651e-07
6.7932128906e+01 5.0387129058e-07 1.8316736332e-07 3.2070392726e-07
6.7993164062e+01 4.9896376250e-07 1.8160676351e-07 3.1735699899e-07
6.8054199219e+01 4.9715688865e-07 1.8131121314e-07 3.1584567551e-07
6.8115234375e+01 4.9640807718e-07 1.8106210043e-07 3.1534597675e-07
6.8176269531e+01 4.9218762759e-07 1.8042873714e-07 3.1175889046e-07
6.8237304688e+01 4.8731076299e-07 1.7913141773e-07 3.0817934525e-07
6.8298339844e+01 4.9030420935e-07 1.8001501955e-07 3.1028918981e-07
6.8359375000e+01 4.9261659891e-07 1.8195655041e-07 3.1066004850e-07
6.8420410156e+01 4.8759937683e-07 1.8115099762e-07 3.0644837921e-07
6.8481445312e+01 4.8687805798e-07 1.7933767388e-07 3.0754038410e-07
6.8542480469e+01 4.8818037120e-07 1.8017387968e-07 3.0800649152e-07
6.8603515625e+01 4.8302013940e-07 1.7928988535e-07 3.0373025405e-07
6.8664550781e+01 4.7955877060e-07 1.7797001158e-07 3.0158875902e-07
6.8725585938e+01 4.7889544388e-07 1.7783691052e-07 3.0105853336e-07
6.8786621094e+01 4.7565234885e-07 1.7825223069e-07 2.9740011816e-07
6.8847656250e+01 4.6934524657e-07 1.7673295822e-07 2.9261228835e-07
6.8908691406e+01 4.6525088796e-07 1.7488760011e-07 2.9036328784e-07
6.8969726562e+01 4.6412380513e-07 1.7540704556e-07 2.8871675957e-07
6.9030761719e+01 4.6316458716e-07 1.7478843214e-07 2.8837615502e-07
6.9091796875e+01 4.6100266275e-07 1.7356442233e-07 2.8743824041e-07
6.9152832031e+01 4.5634870201e-07 1.7200888731e-07 2.8433981470e-07
6.9213867188e+01 4.5557560040e-07 1.7170453860e-07 2.8387106180e-07
6.9274902344e+01 4.5616768137e-07 1.7216605608e-07 2.8400162530e-07
6.9335937500e+01 4.5216766736e-07 1.7165989526e-07 2.8050777210e-07
6.9396972656e+01 4.4372971667e-07 1.6835355473e-07 2.7537616194e-07
6.9458007812e+01 4.4186516979e-07 1.6736986938e-07 2.7449530041e-07
6.9519042969e+01 4.3893033918e-07 1.6632897407e-07 2.7260136511e-07
6.9580078125e+01 4.4174575179e-07 1.6814647345e-07 2.7359927833e-07
6.9641113281e+01 4.3916360390e-07 1.6689385430e-07 2.7226974960e-07
6.9702148438e+01 4.3711521151e-07 1.6494919091e-07 2.7216602060e-07
6.9763183594e+01 4.3256004813e-07 1.6407502920e-07 2.6848501893e-07
6.9824218750e+01 4.2580062565e-07 1.6300299573e-07 2.6279762991e-07
6.9885253906e+01 4.2478843970e-07 1.6314912561e-07 2.6163931409e-07
6.9946289062e+01 4.2093371185e-07 1.6216826422e-07 2.5876544764e-07
7.0007324219e+01 4.1517126172e-07 1.5794105184e-07 2.5723020988e-07
7.0068359375e+01 4.0725425336e-07 1.5647749586e-07 2.5077675750e-07
7.0129394531e+01 4.0102984618e-07 1.5493193135e-07 2.4609791483e-07
7.0190429688e+01 3.9617918671e-07 1.5273721947e-07 2.4344196724e-07
7.0251464844e+01 3.8976329969e-07 1.5140261204e-07 2.3836068764e-07
7.0312500000e+01 3.8552791312e-07 1.4850995879e-07 2.3701795433e-07
7.0373535156e+01 3.8192159628e-07 1.4715402925e-07 2.3476756703e-07
7.0434570312e+01 3.7795026769e-07 1.4664980835e-07 2.3130045935e-07
7.0495605469e+01 3.7260072853e-07 1.4454535954e-07 2.2805536899e-07
7.0556640625e+01 3.6940025747e-07 1.4380881998e-07 2.2559143749e-07
7.0617675781e+01 3.6309442677e-07 1.4218083036e-07 2.2091359640e-07
7.0678710938e+01 3.5677951276e-07 1.3847930992e-07 2.1830020285e-07
7.0739746094e+01 3.5257203673e-07 1.3707682825e-07 2.1549520849e-07
7.0800781250e+01 3.4737382350e-07 1.3612975917e-07 2.1124406433e-07
7.0861816406e+01 3.4369058366e-07 1.3468014176e-07 2.0901044191e-07
7.0922851562e+01 3.4080876652e-07 1.3315605641e-07 2.0765271012e-07
7.0983886719e+01 3.3597242910e-07 1.3114355324e-07 2.0482887587e-07
7.1044921875e+01 3.2821306314e-07 1.2777267537e-07 2.0044038777e-07
7.1105957031e+01 3.2750792988e-07 1.2679994785e-07 2.0070798203e-07
7.1166992188e+01 3.2519821720e-07 1.2628050887e-07 1.9891770834e-07
7.1228027344e+01 3.1934685810e-07 1.2576029440e-07 1.9358656369e-07
7.1289062500e+01 3.1108371352e-07 1.2227014284e-07 1.8881357068e-07
7.1350097656e+01 3.0871860595e-07 1.1889918910e-07 1.8981941684e-07
7.1411132812e+01 3.0965432492e-07 1.1947009737e-07 1.9018422755e-07
7.1472167969e+01 3.0379751938e-07 1.1843614558e-07 1.8536137380e-07
7.1533203125e+01 2.9710577247e-07 1.1516131869e-07 1.8194445377e-07
7.1594238281e+01 2.9142384144e-07 1.1206890203e-07 1.7935493941e-07
7.1655273438e+01 2.8592150587e-07 1.1006040470e-07 1.7586110117e-07
7.1716308594e+01 2.8017174057e-07 1.0811445858e-07 1.7205728199e-07
7.1777343750e+01 2.7654922667e-07 1.0666852029e-07 1.6988070638e-07
7.1838378906e+01 2.7115698273e-07 1.0340180502e-07 1.6775517771e-07
7.1899414062e+01 2.6838986862e-07 1.0231627813e-07 1.6607359050e-07
7.1960449219e+01 2.6246429363e-07 9.9403893603e-08 1.6306040003e-07
7.2021484375e+01 2.5948778123e-07 9.7848653135e-08 1.6163912810e-07
7.2082519531e+01 2.5276434507e-07 9.5009922483e-08 1.5775442258e-07
7.2143554688e+01 2.4905700342e-07 9.3580064365e-08 1.5547693905e-07
7.2204589844e+01 2.4470679032e-07 9.2861963881e-08 1.5184482644e-07
7.2265625000e+01 2.3872309018e-07 9.0196977972e-08 1.4852611221e-07
7.2326660156e+01 2.3278022805e-07 8.7358581966e-08 1.4542164609e-07
7.2387695312e+01 2.3168285511e-07 8.7470048353e-08 1.4421280676e-07
7.2448730469e+01 2.2788443696e-07 8.5733991753e-08 1.4215044521e-07
7.2509765625e+01 2.2331442909e-07 8.4243436071e-08 1.3907099302e-07
7.2570800781e+01 2.1901655963e-07 8.2116287157e-08 1.3690027247e-07
7.2631835938e+01 2.1604505578e-07 8.0240801965e-08 1.3580425382e-07
7.2692871094e+01 2.0617894985e-07 7.6838146193e-08 1.2934080366e-07
7.2753906250e+01 2.0394370319e-07 7.5979996789e-08 1.2796370640e-07
7.2814941406e+01 2.0169948221e-07 7.5057151699e-08 1.2664233051e-07
7.2875976562e+01 1.9738531663e-07 7.2749809242e-08 1.2463550739e-07
7.2937011719e+01 1.9211397245e-07 7.1225651194e-08 1.2088832126e-07
7.2998046875e+01 1.8881874888e-07 7.0012527998e-08 1.1880622088e-07
7.3059082031e+01 1.8379389605e-07 6.8465619310e-08 1.1532827674e-07
7.3120117188e+01 1.7889980830e-07 6.6244840626e-08 1.1265496767e-07
7.3181152344e+01 1.7725588227e-07 6.4842886095e-08 1.1241299617e-07
7.3242187500e+01 1.7342626224e-07 6.3640994229e-08 1.0978526801e-07
7.3303222656e+01 1.6978016300e-07 6.2934572149e-08 1.0684559085e-07
7.3364257812e+01 1.6785398252e-07 6.1708902790e-08 1.0614507973e-07
7.3425292969e+01 1.6631048921e-07 6.1418112648e-08 1.0489237657e-07
7.3486328125e+01 1.6244031939e-07 5.9831834955e-08 1.0260848443e-07
7.3547363281e+01 1.5894554282e-07 5.8196004602e-08 1.0074953822e-07
7.3608398438e+01 1.5380956391e-07 5.6036801772e-08 9.7772762142e-08
7.3669433594e+01 1.4996006769e-07 5.4665221316e-08 9.5294846373e-08
7.3730468750e+01 1.4816309778e-07 5.4141743969e-08 9.4021353810e-08
7.3791503906e+01 1.4667947845e-07 5.3306414779e-08 9.3373063669e-08
7.3852539062e+01 1.4488688931e-07 5.2043222079e-08 9.2843667234e-08
7.3913574219e+01 1.4401904247e-07 5.1860288568e-08 9.2158753906e-08
7.3974609375e+01 1.4272189264e-07 5.0885541701e-08 9.1836350938e-08
7.4035644531e+01 1.3834537748e-07 4.9280988803e-08 8.9064388680e-08
7.4096679688e+01 1.3644886967e-07 4.8287587643e-08 8.8161282023e-08
7.4157714844e+01 1.3267809329e-07 4.6959800685e-08 8.5718292609e-08
7.4218750000e+01 1.2863793302e-07 4.5405263938e-08 8.3232669081e-08
7.4279785156e+01 1.2863826813e-07 4.5221267671e-08 8.3417000458e-08
7.4340820312e+01 1.2530814573e-07 4.3472613385e-08 8.1835532350e-08
7.4401855469e+01 1.2022345944e-07 4.1516820791e-08 7.8706638650e-08
7.4462890625e+01 1.1542818389e-07 4.0293718350e-08 7.5134465541e-08
7.4523925781e+01 1.0916126544e-07 3.8492923787e-08 7.0668341655e-08
7.4584960938e+01 1.0637140321e-07 3.7532040881e-08 6.8839362325e-08
7.4645996094e+01 1.0397634138e-07 3.6541174527e-08 6.7435166855e-08
7.4707031250e+01 1.0165431202e-07 3.5702739845e-08 6.5951572180e-08
7.4768066406e+01 9.8109692156e-08 3.4161023652e-08 6.3948668504e-08
7.4829101562e+01 9.4708013987e-08 3.2916023030e-08 6.1791990958e-08
7.4890136719e+01 9.3085483819e-08 3.2612381830e-08 6.0473101989e-08
7.4951171875e+01 8.9996088284e-08 3.1513897873e-08 5.8482190411e-08
7.5012207031e+01 8.8430319056e-08 3.1164301626e-08 5.7266017430e-08
7.5073242188e+01 8.5295064508e-08 3.0189831867e-08 5.5105232641e-08
7.5134277344e+01 8.3200904830e-08 2.9027313414e-08 5.4173591416e-08
7.5195312500e+01 8.1361430642e-08 2.8255519060e-08 5.3105911582e-08
7.5256347656e+01 7.9898036166e-08 2.7412560723e-08 5.2485475443e-08
7.5317382812e+01 7.8974319980e-08 2.7014558915e-08 5.1959761065e-08
7.5378417969e+01 7.6159849253e-08 2.6415544694e-08 4.9744304559e-08
7.5439453125e+01 7.4076216215e-08 2.5890442521e-08 4.8185773694e-08
7.5500488281e+01 7.2902351184e-08 2.5570961152e-08 4.7331390031e-08
7.5561523438e+01 7.2125690662e-08 2.5040474513e-08 4.7085216149e-08
7.5622558594e+01 7.0548317641e-08 2.4329246728e-08 4.6219070913e-08
7.5683593750e+01 6.8548581665e-08 2.3875675685e-08 4.4672905980e-08
7.5744628906e+01 6.7786532811e-08 2.3838617946e-08 4.3947914865e-08
7.5805664062e+01 6.6842044000e-08 2.3527735163e-08 4.3314308837e-08
7.5866699219e+01 6.4319389664e-08 2.2516499222e-08 4.1802890442e-08
7.5927734375e+01 6.3355346210e-08 2.2087411748e-08 4.1267934461e-08
7.5988769531e+01 6.2940088325e-08 2.2170010074e-08 4.0770078251e-08
7.6049804688e+01 6.0821803914e-08 2.1679537121e-08 3.9142266793e-08
7.6110839844e+01 5.9721574451e-08 2.1395716549e-08 3.8325857903e-08
7.6171875000e+01 5.8929064480e-08 2.1067930461e-08 3.7861134019e-08
7.6232910156e+01 5.7444720437e-08 2.0428414560e-08 3.7016305877e-08
7.6293945312e+01 5.5228000262e-08 1.9648130314e-08 3.5579869948e-08
7.6354980469e+01 5.3695004502e-08 1.9187704966e-08 3.4507299535e-08
7.6416015625e+01 5.3120570644e-08 1.9103431141e-08 3.4017139502e-08
7.6477050781e+01 5.1371720515e-08 1.8626405083e-08 3.2745315432e-08
7.6538085938e+01 5.0039674920e-08 1.8093891913e-08 3.1945783007e-08
7.6599121094e+01 4.9017986090e-08 1.7738346767e-08 3.1279639324e-08
7.6660156250e+01 4.7121046189e-08 1.7048464720e-08 3.0072581470e-08
7.6721191406e+01 4.5743873396e-08 1.6335150128e-08 2.9408723268e-08
7.6782226562e+01 4.4712817139e-08 1.6023414497e-08 2.8689402641e-08
7.6843261719e+01 4.3137081037e-08 1.5536969492e-08 2.7600111545e-08
7.6904296875e+01 4.1982230170e-08 1.5142072198e-08 2.6840157971e-08
7.6965332031e+01 4.1601480827e-08 1.4933623601e-08 2.6667857225e-08
7.7026367188e+01 4.0834095560e-08 1.4642369589e-08 2.6191725971e-08
7.7087402344e+01 3.9352740023e-08 1.3939189481e-08 2.5413550542e-08
7.7148437500e+01 3.7636512200e-08 1.3237811553e-08 2.4398700647e-08
7.7209472656e+01 3.6984557697e-08 1.3094563020e-08 2.3889994677e-08
7.7270507812e+01 3.6056742398e-08 1.2758307859e-08 2.3298434539e-08
7.7331542969e+01 3.4791272173e-08 1.2226399589e-08 2.2564872583e-08
7.7392578125e+01 3.4315946982e-08 1.1889432827e-08 2.2426514155e-08
7.7453613281e+01 3.3370094019e-08 1.1571333743e-08 2.1798760276e-08
7.7514648438e+01 3.2208285207e-08 1.1316446550e-08 2.0891838657e-08
7.7575683594e+01 3.1426281640e-08 1.0911357160e-08 2.0514924480e-08
7.7636718750e+01 3.0769497612e-08 1.0535995141e-08 2.0233502470e-08
7.7697753906e+01 3.0473348208e-08 1.0361647934e-08 2.0111700273e-08
7.7758789062e+01 3.0357901916e-08 1.0466891080e-08 1.9891010836e-08
7.7819824219e+01 3.0262516515e-08 1.0386039090e-08 1.9876477424e-08
7.7880859375e+01 2.9117213010e-08 1.0010961117e-08 1.9106251893e-08
7.7941894531e+01 2.8906544654e-08 9.9500288929e-09 1.8956515761e-08
7.8002929688e+01 2.9307415938e-08 9.8815015340e-09 1.9425914404e-08
7.8063964844e+01 2.9088501908e-08 9.8880125911e-09 1.9200489317e-08
7.8125000000e+01 2.9007799703e-08 9.9182866607e-09 1.9089513043e-08
7.8186035156e+01 2.8355638879e-08 9.7803509813e-09 1.8575287898e-08
7.8247070312e+01 2.8402577364e-08 9.7950175303e-09 1.8607559834e-08
7.8308105469e+01 2.8912133024e-08 1.0184812364e-08 1.8727320659e-08
7.8369140625e+01 2.9152092603e-08 1.0207893327e-08 1.8944199276e-08
7.8430175781e+01 2.8415838649e-08 1.0028539271e-08 1.8387299378e-08
7.8491210938e+01 2.8439632557e-08 9.8572366721e-09 1.8582395885e-08
7.8552246094e+01 2.9093258649e-08 9.9932580242e-09 1.9100000624e-08
7.8613281250e+01 2.8781566524e-08 9.8589718867e-09 1.8922594637e-08
7.8674316406e+01 2.8797381516e-08 9.9601862189e-09 1.8837195297e-08
7.8735351562e+01 2.8349016423e-08 9.5682992463e-09 1.8780717177e-08
7.8796386719e+01 2.7041347763e-08 9.1818618930e-09 1.7859485870e-08
7.8857421875e+01 2.5657608081e-08 8.8753272534e-09 1.6782280828e-08
7.8918457031e+01 2.5260852354e-08 8.8393535083e-09 1.6421498846e-08
7.8979492188e+01 2.3985940830e-08 8.4132863042e-09 1.5572654526e-08
7.9040527344e+01 2.2945596119e-08 7.8652986585e-09 1.5080297460e-08
7.9101562500e+01 2.1991384968e-08 7.5666688866e-09 1.4424716081e-08
7.9162597656e+01 2.1839799890e-08 7.3835569333e-09 1.4456242957e-08
7.9223632812e+01 2.1360012625e-08 7.1961333595e-09 1.4163879266e-08
7.9284667969e+01 2.0807801333e-08 7.0011014760e-09 1.3806699857e-08
7.9345703125e+01 2.0499005438e-08 6.8977897576e-09 1.3601215680e-08
7.9406738281e+01 2.0717637435e-08 6.7531042782e-09 1.3964533157e-08
7.9467773438e+01 2.0460315454e-08 6.7325762407e-09 1.3727739214e-08
7.9528808594e+01 2.0683675152e-08 6.8088938817e-09 1.3874781270e-08
7.9589843750e+01 2.0459949047e-08 6.6622242181e-09 1.3797724829e-08
7.9650878906e+01 1.9945029329e-08 6.4831060567e-09 1.3461923273e-08
7.9711914062e+01 2.0204416025e-08 6.4387342977e-09 1.3765681727e-08
7.9772949219e+01 1.9732446446e-08 6.2975170849e-09 1.3434929361e-08
7.9833984375e+01 1.9037677742e-08 6.1689408711e-09 1.2868736871e-08
7.9895019531e+01 1.8858460470e-08 6.0096720118e-09 1.2848788458e-08
7.9956054688e+01 1.8648475762e-08 5.9613516326e-09 1.2687124129e-08
8.0017089844e+01 1.8485294103e-08 5.9734370360e-09 1.2511857067e-08
8.0078125000e+01 1.8949266892e-08 6.1407169206e-09 1.2808549972e-08
8.0139160156e+01 1.8865425071e-08 6.0581620230e-09 1.2807263048e-08
8.0200195312e+01 1.7921491212e-08 5.7537142763e-09 1.2167776936e-08
8.0261230469e+01 1.7199127411e-08 5.5997110698e-09 1.1599416341e-08
8.0322265625e+01 1.7193271926e-08 5.6526867339e-09 1.1540585192e-08
8.0383300781e+01 1.6935267089e-08 5.5648596183e-09 1.1370407471e-08
8.0444335938e+01 1.6429203910e-08 5.3825535591e-09 1.1046650351e-08
8.0505371094e+01 1.6372525583e-08 5.4407544292e-09 1.0931771153e-08
8.0566406250e+01 1.6164305502e-08 5.3766799232e-09 1.0787625579e-08
8.0627441406e+01 1.5647292306e-08 5.3198027593e-09 1.0327489546e-08
8.0688476562e+01 1.5548060826e-08 5.2647899543e-09 1.0283270871e-08
8.0749511719e+01 1.5500642556e-08 5.2188995901e-09 1.0281742966e-08
8.0810546875e+01 1.4887526167e-08 5.0935219109e-09 9.7940042557e-09
8.0871582031e+01 1.4673001115e-08 5.0138108238e-09 9.6591902912e-09
8.0932617188e+01 1.4756235890e-08 4.9743218899e-09 9.7819139997e-09
8.0993652344e+01 1.4679395076e-08 4.8908772344e-09 9.7885178420e-09
8.1054687500e+01 1.5052997225e-08 5.0298172801e-09 1.0023179945e-08
8.1115722656e+01 1.4734111271e-08 4.8613308819e-09 9.8727803887e-09
8.1176757812e+01 1.4503287231e-08 4.8184736510e-09 9.6848135805e-09
8.1237792969e+01 1.4194527019e-08 4.7950865129e-09 9.3994405064e-09
8.1298828125e+01 1.4115452914e-08 4.7313566473e-09 9.3840962670e-09
8.1359863281e+01 1.3933833690e-08 4.7240609688e-09 9.2097727212e-09
8.1420898438e+01 1.3681136374e-08 4.6739792502e-09 9.0071571242e-09
8.1481933594e+01 1.3457482730e-08 4.6085497122e-09 8.8489330176e-09
8.1542968750e+01 1.3487820210e-08 4.5102612281e-09 8.9775589820e-09
8.1604003906e+01 1.2890329394e-08 4.3185796145e-09 8.5717497794e-09
8.1665039062e+01 1.3001090982e-08 4.4704420843e-09 8.5306488974e-09
8.1726074219e+01 1.2895287001e-08 4.5229622915e-09 8.3723247095e-09
8.1787109375e+01 1.2690576525e-08 4.5133688183e-09 8.1772077065e-09
8.1848144531e+01 1.2599574994e-08 4.3779476909e-09 8.2216273031e-09
8.1909179688e+01 1.2502167281e-08 4.3680777493e-09 8.1340895320e-09
8.1970214844e+01 1.2746895805e-08 4.4174953755e-09 8.3294004293e-09
8.2031250000e+01 1.2256956728e-08 4.3058074102e-09 7.9511493175e-09
8.2092285156e+01 1.1820438400e-08 4.2077803346e-09 7.6126580658e-09
8.2153320312e+01 1.2011579858e-08 4.2794105605e-09 7.7321692974e-09
8.2214355469e+01 1.1929473560e-08 4.3920804723e-09 7.5373930881e-09
8.2275390625e+01 1.1880226445e-08 4.4098508406e-09 7.4703756045e-09
8.2336425781e+01 1.2109864027e-08 4.4469617850e-09 7.6629022424e-09
8.2397460938e+01 1.1870914053e-08 4.3601080130e-09 7.5108060400e-09
8.2458496094e+01 1.1867814363e-08 4.4381695309e-09 7.4296448317e-09
8.2519531250e+01 1.1649224624e-08 4.3946957601e-09 7.2545288637e-09
8.2580566406e+01 1.1407154656e-08 4.3202606964e-09 7.0868939601e-09
8.2641601562e+01 1.1375933104e-08 4.4082606418e-09 6.9676724619e-09
8.2702636719e+01 1.1284158366e-08 4.4429304415e-09 6.8412279240e-09
8.2763671875e+01 1.0918171678e-08 4.2877116982e-09 6.6304599798e-09
8.2824707031e+01 1.0934367318e-08 4.3019763334e-09 6.6323909843e-09
8.2885742188e+01 1.1108506989e-08 4.3743145340e-09 6.7341924547e-09
8.2946777344e+01 1.1144683018e-08 4.4005824644e-09 6.7441005538e-09
8.3007812500e+01 1.0828678425e-08 4.2931629806e-09 6.5355154443e-09
8.3068847656e+01 1.0404009424e-08 4.1753225906e-09 6.2286868338e-09
8.3129882812e+01 1.0050106394e-08 4.0305762248e-09 6.0195301696e-09
8.3190917969e+01 9.9205709974e-09 3.9292264535e-09 5.9913445439e-09
8.3251953125e+01 9.7786120978e-09 3.8444104149e-09 5.9342016828e-09
8.3312988281e+01 9.5155641319e-09 3.7391775870e-09 5.7763865449e-09
8.3374023438e+01 8.9577361531e-09 3.5366562837e-09 5.4210798694e-09
8.3435058594e+01 8.3739854026e-09 3.2584263648e-09 5.1155590378e-09
8.3496093750e+01 8.2548242080e-09 3.1331463107e-09 5.1216778973e-09
8.3557128906e+01 8.0595889248e-09 3.0494094264e-09 5.0101794984e-09
8.3618164062e+01 7.9303538799e-09 2.9720287581e-09 4.9583251219e-09
8.3679199219e+01 7.7961835146e-09 2.9111229228e-09 4.8850605918e-09
8.3740234375e+01 7.6606730070e-09 2.8404066992e-09 4.8202663078e-09
8.3801269531e+01 7.4818744202e-09 2.7780402378e-09 4.7038341824e-09
8.3862304688e+01 7.0098235186e-09 2.6348580151e-09 4.3749655034e-09
8.3923339844e+01 6.8881634924e-09 2.5659598205e-09 4.3222036720e-09
8.3984375000e+01 6.8055513040e-09 2.5508813825e-09 4.2546699215e-09
8.4045410156e+01 6.6660224149e-09 2.5097383393e-09 4.1562840756e-09
8.4106445312e+01 6.5999407086e-09 2.4305543126e-09 4.1693863960e-09
8.4167480469e+01 6.5626895369e-09 2.4045732442e-09 4.1581162927e-09
8.4228515625e+01 6.4240677655e-09 2.3785603457e-09 4.0455074198e-09
8.4289550781e+01 6.3429793926e-09 2.3615404505e-09 3.9814389422e-09
8.4350585938e+01 6.3679565444e-09 2.3382482087e-09 4.0297083357e-09
8.4411621094e+01 6.1361845947e-09 2.2305933586e-09 3.9055912362e-09
8.4472656250e+01 6.0063807836e-09 2.1954670467e-09 3.8109137369e-09
8.4533691406e+01 5.9811684115e-09 2.2300533762e-09 3.7511150353e-09
8.4594726562e+01 6.0360975353e-09 2.2563574776e-09 3.7797400577e-09
8.4655761719e+01 6.1803839737e-09 2.3290354949e-09 3.8513484789e-09
8.4716796875e+01 6.1984135644e-09 2.3202743221e-09 3.8781392423e-09
8.4777832031e+01 6.1164218943e-09 2.2965887388e-09 3.8198331555e-09
8.4838867188e+01 6.0614271021e-09 2.2757993908e-09 3.7856277113e-09
8.4899902344e+01 6.0565441387e-09 2.2729574820e-09 3.7835866568e-09
8.4960937500e+01 6.4458375917e-09 2.4076769206e-09 4.0381606711e-09
8.5021972656e+01 6.9815807774e-09 2.5935415979e-09 4.3880391795e-09
8.5083007812e+01 6.8727892624e-09 2.5413050469e-09 4.3314842155e-09
8.5144042969e+01 6.8568332370e-09 2.5244944533e-09 4.3323387838e-09
8.5205078125e+01 6.4148746041e-09 2.3571607262e-09 4.0577138778e-09
8.5266113281e+01 6.1510039240e-09 2.2148045963e-09 3.9361993277e-09
8.5327148438e+01 6.3934331737e-09 2.2824967565e-09 4.1109364171e-09
8.5388183594e+01 6.2929648415e-09 2.2365658026e-09 4.0563990389e-09
8.5449218750e+01 6.2977663855e-09 2.2168318024e-09 4.0809345831e-09
8.5510253906e+01 6.0920866274e-09 2.1473242452e-09 3.9447623822e-09
8.5571289062e+01 5.8786987390e-09 2.0777377536e-09 3.8009609854e-09
8.5632324219e+01 5.6270435013e-09 1.9841085433e-09 3.6429349580e-09
8.5693359375e+01 5.3195694961e-09 1.8628204232e-09 3.4567490729e-09
8.5754394531e+01 5.2044628314e-09 1.8328227049e-09 3.3716401265e-09
8.5815429688e+01 5.2041906752e-09 1.8279954345e-09 3.3761952407e-09
8.5876464844e+01 5.1017271640e-09 1.7730521494e-09 3.3286750146e-09
8.5937500000e+01 4.8662227424e-09 1.6605131724e-09 3.2057095701e-09
8.5998535156e+01 4.5361758231e-09 1.5584190736e-09 2.9777567495e-09
8.6059570312e+01 4.5433119186e-09 1.5688338248e-09 2.9744780938e-09
8.6120605469e+01 4.5285771061e-09 1.5850574026e-09 2.9435197036e-09
8.6181640625e+01 4.3980718397e-09 1.5424205943e-09 2.8556512454e-09
8.6242675781e+01 4.2267426899e-09 1.4716417929e-09 2.7551008971e-09
8.6303710938e+01 3.9888183199e-09 1.4080282211e-09 2.5807900988e-09
8.6364746094e+01 3.8721089281e-09 1.3578914418e-09 2.5142174863e-09
8.6425781250e+01 3.7936833172e-09 1.3314283910e-09 2.4622549262e-09
8.6486816406e+01 3.7373061330e-09 1.3097495797e-09 2.4275565533e-09
8.6547851562e+01 3.7554356949e-09 1.3124756492e-09 2.4429600458e-09
8.6608886719e+01 3.6782671095e-09 1.2936848803e-09 2.3845822293e-09
8.6669921875e+01 3.6317662080e-09 1.2647804359e-09 2.3669857721e-09
8.6730957031e+01 3.5089461089e-09 1.2354087804e-09 2.2735373285e-09
8.6791992188e+01 3.3750921044e-09 1.2014762040e-09 2.1736159005e-09
8.6853027344e+01 3.2907803595e-09 1.1672597357e-09 2.1235206238e-09
8.6914062500e+01 3.1589410520e-09 1.1205568981e-09 2.0383841539e-09
8.6975097656e+01 3.1357651492e-09 1.1120886251e-09 2.0236765241e-09
8.7036132812e+01 3.1261782507e-09 1.1173699335e-09 2.0088083172e-09
8.7097167969e+01 3.0514520849e-09 1.0886136295e-09 1.9628384554e-09
8.7158203125e+01 3.0460234440e-09 1.0886579377e-09 1.9573655063e-09
8.7219238281e+01 2.9695938178e-09 1.0676484392e-09 1.9019453786e-09
8.7280273438e+01 2.9368677406e-09 1.0628212797e-09 1.8740464609e-09
8.7341308594e+01 2.9471407493e-09 1.0663278484e-09 1.8808129009e-09
8.7402343750e+01 2.9386543976e-09 1.0685136025e-09 1.8701407951e-09
8.7463378906e+01 2.9685820583e-09 1.0699139546e-09 1.8986681037e-09
8.7524414062e+01 2.9058500176e-09 1.0371778884e-09 1.8686721291e-09
8.7585449219e+01 2.8964142560e-09 1.0432117472e-09 1.8532025088e-09
8.7646484375e+01 2.9038008142e-09 1.0482508302e-09 1.8555499840e-09
8.7707519531e+01 2.9112993976e-09 1.0537121277e-09 1.8575872699e-09
8.7768554688e+01 2.9596794318e-09 1.0833332291e-09 1.8763462027e-09
8.7829589844e+01 2.9423818601e-09 1.0714531875e-09 1.8709286726e-09
8.7890625000e+01 2.8850977870e-09 1.0543674004e-09 1.8307303865e-09
8.7951660156e+01 2.8045997987e-09 1.0219060892e-09 1.7826937095e-09
8.8012695312e+01 2.6944371194e-09 9.8135542793e-10 1.7130816915e-09
8.8073730469e+01 2.6662787900e-09 9.7114955388e-10 1.6951292362e-09
8.8134765625e+01 2.7126429927e-09 9.8271957050e-10 1.7299234222e-09
8.8195800781e+01 2.6061869856e-09 9.3144644378e-10 1.6747405418e-09
8.8256835938e+01 2.5945654936e-09 9.2930752175e-10 1.6652579718e-09
8.8317871094e+01 2.6484028397e-09 9.6063433352e-10 1.6877685062e-09
8.8378906250e+01 2.6574209397e-09 9.6378950159e-10 1.6936314381e-09
8.8439941406e+01 2.5211272339e-09 9.0353903189e-10 1.6175882020e-09
8.8500976562e+01 2.4813884504e-09 8.8313581841e-10 1.5982526320e-09
8.8562011719e+01 2.4846231837e-09 8.8471937318e-10 1.5999038106e-09
8.8623046875e+01 2.4203313435e-09 8.6084475062e-10 1.5594865929e-09
8.8684082031e+01 2.3677445080e-09 8.3879782987e-10 1.5289466781e-09
8.8745117188e+01 2.3233330736e-09 8.2108556159e-10 1.5022475120e-09
8.8806152344e+01 2.2977849884e-09 8.1151744049e-10 1.4862675479e-09
8.8867187500e+01 2.2760824144e-09 7.9884233088e-10 1.4772400835e-09
8.8928222656e+01 2.2719761020e-09 7.9728248878e-10 1.4746936132e-09
8.8989257812e+01 2.2707273905e-09 8.0190010987e-10 1.4688272806e-09
8.9050292969e+01 2.2189046923e-09 7.7726787160e-10 1.4416368207e-09
8.9111328125e+01 2.1691428168e-09 7.5777565821e-10 1.4113671586e-09
8.9172363281e+01 2.1214035463e-09 7.4103634168e-10 1.3803672046e-09
8.9233398438e+01 2.1365888816e-09 7.5439282622e-10 1.3821960554e-09
8.9294433594e+01 2.1187156682e-09 7.4872715089e-10 1.3699885174e-09
8.9355468750e+01 2.0877000269e-09 7.3742240816e-10 1.3502776187e-09
8.9416503906e+01 2.0333329412e-09 7.1482677029e-10 1.3185061709e-09
8.9477539062e+01 2.0081106608e-09 7.0220421714e-10 1.3059064437e-09
8.9538574219e+01 1.9875813709e-09 6.9210765256e-10 1.2954737184e-09
8.9599609375e+01 1.9861872437e-09 6.8827403005e-10 1.2979132137e-09
8.9660644531e+01 1.9942444817e-09 6.9398891205e-10 1.3002555696e-09
8.9721679688e+01 1.9671763830e-09 6.8602965476e-10 1.2811467282e-09
8.9782714844e+01 1.9526592314e-09 6.7623514494e-10 1.2764240865e-09
8.9843750000e+01 1.9527536055e-09 6.7695628667e-10 1.2757973189e-09
8.9904785156e+01 1.9243002065e-09 6.6724648906e-10 1.2570537175e-09
8.9965820312e+01 1.8893176806e-09 6.5182523171e-10 1.2374924488e-09
9.0026855469e+01 1.8806784972e-09 6.4606075787e-10 1.2346177393e-09
9.0087890625e+01 1.8736522170e-09 6.4874266267e-10 1.2249095544e-09
9.0148925781e+01 1.8708694226e-09 6.4567873391e-10 1.2251906887e-09
9.0209960938e+01 1.8493254641e-09 6.3904430182e-10 1.2102811623e-09
9.0270996094e+01 1.8332489699e-09 6.3553998215e-10 1.1977089878e-09
9.0332031250e+01 1.8048911414e-09 6.1992632668e-10 1.1849648148e-09
9.0393066406e+01 1.8141135447e-09 6.2297185511e-10 1.1911416896e-09
9.0454101562e+01 1.8109761526e-09 6.1520661718e-10 1.1957695355e-09
9.0515136719e+01 1.7875096450e-09 6.0154367673e-10 1.1859659683e-09
9.0576171875e+01 1.7726645712e-09 6.0372825390e-10 1.1689363173e-09
9.0637207031e+01 1.7630996965e-09 6.0008483517e-10 1.1630148613e-09
9.0698242188e+01 1.7255140785e-09 5.8868859638e-10 1.1368254821e-09
9.0759277344e+01 1.7182236471e-09 5.8771180815e-10 1.1305118390e-09
9.0820312500e+01 1.7098672898e-09 5.7815857740e-10 1.1317087124e-09
9.0881347656e+01 1.7090690850e-09 5.7492220594e-10 1.1341468791e-09
9.0942382812e+01 1.7068099005e-09 5.8029424693e-10 1.1265156535e-09
9.1003417969e+01 1.7030550120e-09 5.7348614434e-10 1.1295688676e-09
9.1064453125e+01 1.6795590545e-09 5.6287682529e-10 1.1166822292e-09
9.1125488281e+01 1.6674136625e-09 5.6164590589e-10 1.1057677566e-09
9.1186523438e+01 1.6604769685e-09 5.6106316328e-10 1.0994138052e-09
9.1247558594e+01 1.6508268354e-09 5.5467319739e-10 1.0961536380e-09
9.1308593750e+01 1.6308455464e-09 5.4382744139e-10 1.0870181050e-09
9.1369628906e+01 1.6341757196e-09 5.4648735513e-10 1.0876883645e-09
9.1430664062e+01 1.6183343110e-09 5.3590552314e-10 1.0824287879e-09
9.1491699219e+01 1.6319317521e-09 5.3672306889e-10 1.0952086832e-09
9.1552734375e+01 1.6236020568e-09 5.3454421446e-10 1.0890578423e-09
9.1613769531e+01 1.5853414968e-09 5.1738173440e-10 1.0679597624e-09
9.1674804688e+01 1.5756171810e-09 5.1683044952e-10 1.0587867315e-09
9.1735839844e+01 1.5677117531e-09 5.1748411373e-10 1.0502276394e-09
9.1796875000e+01 1.5537270595e-09 5.1288778281e-10 1.0408392767e-09
9.1857910156e+01 1.5491004734e-09 5.0937771572e-10 1.0397227577e-09
9.1918945312e+01 1.5292467911e-09 5.0031423106e-10 1.0289325600e-09
9.1979980469e+01 1.5030348875e-09 4.8844831500e-10 1.0145865725e-09
9.2041015625e+01 1.5039392887e-09 4.9220181452e-10 1.0117374742e-09
9.2102050781e+01 1.4976761440e-09 4.9044063479e-10 1.0072355092e-09
9.2163085938e+01 1.4856217891e-09 4.8530027139e-10 1.0003215177e-09
9.2224121094e+01 1.4875810478e-09 4.8600296398e-10 1.0015780839e-09
9.2285156250e+01 1.4759108677e-09 4.7966938057e-10 9.9624148708e-10
9.2346191406e+01 1.4570741278e-09 4.7177035837e-10 9.8530376944e-10
9.2407226562e+01 1.4311575387e-09 4.6522426979e-10 9.6593326891e-10
9.2468261719e+01 1.4358870114e-09 4.6810446175e-10 9.6778254969e-10
9.2529296875e+01 1.4236715332e-09 4.6104278057e-10 9.6262875265e-10
9.2590332031e+01 1.4285106498e-09 4.6053867594e-10 9.6797197386e-10
9.2651367188e+01 1.4339456784e-09 4.6251393891e-10 9.7143173952e-10
9.2712402344e+01 1.4181911704e-09 4.5620496188e-10 9.6198620850e-10
9.2773437500e+01 1.4130501198e-09 4.5681491824e-10 9.5623520154e-10
9.2834472656e+01 1.3907691529e-09 4.5062710134e-10 9.4014205160e-10
9.2895507812e+01 1.3713663065e-09 4.4586647829e-10 9.2549982823e-10
9.2956542969e+01 1.3599702953e-09 4.4075610762e-10 9.1921418770e-10
9.3017578125e+01 1.3414580360e-09 4.3314405019e-10 9.0831398582e-10
9.3078613281e+01 1.3334921888e-09 4.3197814611e-10 9.0151404271e-10
9.3139648438e+01 1.3316354439e-09 4.3212579206e-10 8.9950965180e-10
9.3200683594e+01 1.3138506773e-09 4.2578209678e-10 8.8806858051e-10
9.3261718750e+01 1.2886177112e-09 4.1534611133e-10 8.7327159987e-10
9.3322753906e+01 1.2758286006e-09 4.0902211854e-10 8.6680648209e-10
9.3383789062e+01 1.2668055912e-09 4.0938215866e-10 8.5742343250e-10
9.3444824219e+01 1.2527471154e-09 4.0653945862e-10 8.4620765674e-10
9.3505859375e+01 1.2382723293e-09 4.0037150422e-10 8.3790082512e-10
9.3566894531e+01 1.2179532790e-09 3.9379936535e-10 8.2415391366e-10
9.3627929688e+01 1.2083471970e-09 3.8879359606e-10 8.1955360097e-10
9.3688964844e+01 1.1959492745e-09 3.8500659147e-10 8.1094268300e-10
9.3750000000e+01 1.1720478744e-09 3.8054407562e-10 7.9150379874e-10
9.3811035156e+01 1.1604747942e-09 3.7505843521e-10 7.8541635899e-10
9.3872070312e+01 1.1734465906e-09 3.7777165759e-10 7.9567493304e-10
9.3933105469e+01 1.1578948578e-09 3.7026681164e-10 7.8762804620e-10
9.3994140625e+01 1.1539327751e-09 3.7069300692e-10 7.8323976815e-10
9.4055175781e+01 1.1432334035e-09 3.6630070430e-10 7.7693269916e-10
9.4116210938e+01 1.1353244199e-09 3.6191973260e-10 7.7340468730e-10
9.4177246094e+01 1.1291606538e-09 3.5978116377e-10 7.6937949002e-10
9.4238281250e+01 1.1140497372e-09 3.5682376075e-10 7.5722597644e-10
9.4299316406e+01 1.1113456790e-09 3.5472546273e-10 7.5662021628e-10
9.4360351562e+01 1.0826257813e-09 3.4424408257e-10 7.3838169872e-10
9.4421386719e+01 1.0656406767e-09 3.3878612873e-10 7.2685454795e-10
9.4482421875e+01 1.0483696510e-09 3.3736559543e-10 7.1100405554e-10
9.4543457031e+01 1.0404506547e-09 3.3420741984e-10 7.0624323485e-10
9.4604492188e+01 1.0350970508e-09 3.3200077746e-10 7.0309627338e-10
9.4665527344e+01 1.0262788428e-09 3.2756713162e-10 6.9871171115e-10
9.4726562500e+01 1.0202089307e-09 3.2429901550e-10 6.9590991519e-10
9.4787597656e+01 1.0167953709e-09 3.2439328857e-10 6.9240208234e-10
9.4848632812e+01 1.0101565165e-09 3.2333534258e-10 6.8682117397e-10
9.4909667969e+01 9.9469087345e-10 3.1697629934e-10 6.7771457411e-10
9.4970703125e+01 9.9700076827e-10 3.1556069174e-10 6.8144007652e-10
9.5031738281e+01 9.8715346703e-10 3.1424648493e-10 6.7290698209e-10
9.5092773438e+01 9.6596929444e-10 3.0974980253e-10 6.5621949191e-10
9.5153808594e+01 9.4634482352e-10 3.0033159124e-10 6.4601323227e-10
9.5214843750e+01 9.4389658078e-10 2.9862006753e-10 6.4527651325e-10
9.5275878906e+01 9.3557490492e-10 2.9546375222e-10 6.4011115270e-10
9.5336914062e+01 9.3113194621e-10 2.9464053905e-10 6.3649140716e-10
9.5397949219e+01 9.3302665916e-10 2.9496380603e-10 6.3806285313e-10
9.5458984375e+01 9.2124863239e-10 2.9231975356e-10 6.2892887883e-10
9.5520019531e+01 9.1467220573e-10 2.9212289173e-10 6.2254931400e-10
9.5581054688e+01 9.0326247911e-10 2.8861314526e-10 6.1464933385e-10
9.5642089844e+01 8.8269232536e-10 2.8305610665e-10 5.9963621871e-10
9.5703125000e+01 8.7195460968e-10 2.7632307809e-10 5.9563153159e-10
9.5764160156e+01 8.6037715889e-10 2.7289897060e-10 5.8747818829e-10
9.5825195312e+01 8.5325114053e-10 2.6967561929e-10 5.8357552124e-10
9.5886230469e+01 8.4563876134e-10 2.6579763650e-10 5.7984112484e-10
9.5947265625e+01 8.3881547862e-10 2.6348489157e-10 5.7533058705e-10
9.6008300781e+01 8.2786628386e-10 2.6003966813e-10 5.6782661573e-10
9.6069335938e+01 8.1362062630e-10 2.5601284108e-10 5.5760778522e-10
9.6130371094e+01 8.1359084354e-10 2.5670564068e-10 5.5688520286e-10
9.6191406250e+01 8.0548754128e-10 2.5541934012e-10 5.5006820116e-10
9.6252441406e+01 7.8589921349e-10 2.4852507542e-10 5.3737413807e-10
9.6313476562e+01 7.7395861221e-10 2.4447770834e-10 5.2948090387e-10
9.6374511719e+01 7.5462052103e-10 2.3891440060e-10 5.1570612042e-10
9.6435546875e+01 7.6008870917e-10 2.4040418275e-10 5.1968452642e-10
9.6496582031e+01 7.5724318436e-10 2.3780561917e-10 5.1943756519e-10
9.6557617188e+01 7.3773968321e-10 2.3099497388e-10 5.0674470933e-10
9.6618652344e+01 7.1887871373e-10 2.2601680208e-10 4.9286191165e-10
9.6679687500e+01 7.1199466740e-10 2.2326106412e-10 4.8873360328e-10
9.6740722656e+01 7.0299360791e-10 2.2175180531e-10 4.8124180259e-10
9.6801757812e+01 6.9824886315e-10 2.1874126605e-10 4.7950759710e-10
9.6862792969e+01 6.8667014340e-10 2.1536137347e-10 4.7130876993e-10
9.6923828125e+01 6.7812613378e-10 2.1118953745e-10 4.6693659633e-10
9.6984863281e+01 6.6725730967e-10 2.0858311405e-10 4.5867419562e-10
9.7045898438e+01 6.5299814335e-10 2.0517230321e-10 4.4782584013e-10
9.7106933594e+01 6.4183398433e-10 2.0039924420e-10 4.4143474012e-10
9.7167968750e+01 6.3947147456e-10 1.9939400005e-10 4.4007747451e-10
9.7229003906e+01 6.2012657005e-10 1.9579690842e-10 4.2432966163e-10
9.7290039062e+01 6.0889431424e-10 1.9158180393e-10 4.1731251032e-10
9.7351074219e+01 6.0450381381e-10 1.9005034746e-10 4.1445346635e-10
9.7412109375e+01 5.9932082295e-10 1.8834344507e-10 4.1097737788e-10
9.7473144531e+01 5.9904464884e-10 1.8795403602e-10 4.1109061282e-10
9.7534179688e+01 5.9979205585e-10 1.8878184199e-10 4.1101021385e-10
9.7595214844e+01 5.8693324287e-10 1.8490445577e-10 4.0202878710e-10
9.7656250000e+01 5.7251683050e-10 1.8070232950e-10 3.9181450100e-10
9.7717285156e+01 5.6708773835e-10 1.7709571490e-10 3.8999202345e-10
9.7778320312e+01 5.6041916010e-10 1.7482106025e-10 3.8559809985e-10
9.7839355469e+01 5.5350663025e-10 1.7287630483e-10 3.8063032541e-10
9.7900390625e+01 5.4112253174e-10 1.7015055246e-10 3.7097197927e-10
9.7961425781e+01 5.3691068552e-10 1.6835906264e-10 3.6855162289e-10
9.8022460938e+01 5.3345437468e-10 1.6727101905e-10 3.6618335563e-10
9.8083496094e+01 5.2303947605e-10 1.6552642528e-10 3.5751305077e-10
9.8144531250e+01 5.0748167422e-10 1.6072946694e-10 3.4675220729e-10
9.8205566406e+01 4.9696032742e-10 1.5632304702e-10 3.4063728040e-10
9.8266601562e+01 4.9691780828e-10 1.5686225298e-10 3.4005555530e-10
9.8327636719e+01 4.9073771711e-10 1.5466946872e-10 3.3606824839e-10
9.8388671875e+01 4.8470700370e-10 1.5282357593e-10 3.3188342777e-10
9.8449707031e+01 4.8133971289e-10 1.5226865982e-10 3.2907105307e-10
9.8510742188e+01 4.6581990407e-10 1.4802885080e-10 3.1779105327e-10
9.8571777344e+01 4.6274544770e-10 1.4597264575e-10 3.1677280195e-10
9.8632812500e+01 4.5538682132e-10 1.4435951426e-10 3.1102730705e-10
9.8693847656e+01 4.5739161338e-10 1.4494055408e-10 3.1245105930e-10
9.8754882812e+01 4.5395328629e-10 1.4305951950e-10 3.1089376678e-10
9.8815917969e+01 4.4616008503e-10 1.4177961050e-10 3.0438047454e-10
9.8876953125e+01 4.3850543542e-10 1.3947889617e-10 2.9902653924e-10
9.8937988281e+01 4.3294737634e-10 1.3722707614e-10 2.9572030020e-10
9.8999023438e+01 4.2707594205e-10 1.3585643558e-10 2.9121950646e-10
9.9060058594e+01 4.2159811869e-10 1.3414212271e-10 2.8745599598e-10
9.9121093750e+01 4.0968630184e-10 1.3026787001e-10 2.7941843183e-10
9.9182128906e+01 4.0786482404e-10 1.2918780094e-10 2.7867702310e-10
9.9243164062e+01 4.0250459760e-10 1.2882543138e-10 2.7367916622e-10
9.9304199219e+01 3.9536033668e-10 1.2658402440e-10 2.6877631228e-10
9.9365234375e+01 3.9036393377e-10 1.2462697893e-10 2.6573695485e-10
9.9426269531e+01 3.8198673998e-10 1.2303441678e-10 2.5895232319e-10
9.9487304688e+01 3.7052552051e-10 1.1908212515e-10 2.5144339537e-10
9.9548339844e+01 3.6412818609e-10 1.1661394714e-10 2.4751423895e-10
9.9609375000e+01 3.5965088703e-10 1.1532112215e-10 2.4432976488e-10
9.9670410156e+01 3.5557903107e-10 1.1402922738e-10 2.4154980368e-10
9.9731445312e+01 3.5320247709e-10 1.1397011255e-10 2.3923236454e-10
9.9792480469e+01 3.4583331646e-10 1.1134649067e-10 2.3448682579e-10
9.9853515625e+01 3.4384314266e-10 1.1065742032e-10 2.3318572234e-10
9.9914550781e+01 3.4038230318e-10 1.0998728415e-10 2.3039501903e-10
9.9975585938e+01 3.3290857540e-10 1.0765150213e-10 2.2525707327e-10
1.0003662109e+02 3.2343165503e-10 1.0466262987e-10 2.1876902516e-10
1.0009765625e+02 3.2557841502e-10 1.0495694071e-10 2.2062147432e-10
1.0015869141e+02 3.2259280430e-10 1.0464729515e-10 2.1794550914e-10
1.0021972656e+02 3.1939374484e-10 1.0349708758e-10 2.1589665726e-10
1.0028076172e+02 3.1344822112e-10 1.0142030674e-10 2.1202791437e-10
1.0034179688e+02 3.0499379799e-10 9.9644370875e-11 2.0534942711e-10
1.0040283203e+02 3.0292367105e-10 9.9876527955e-11 2.0304714309e-10
1.0046386719e+02 3.0082591263e-10 9.8937051257e-11 2.0188886138e-10
1.0052490234e+02 2.9610497664e-10 9.7322062184e-11 1.9878291446e-10
1.0058593750e+02 2.9190825856e-10 9.6198270617e-11 1.9570998795e-10
1.0064697266e+02 2.8838709457e-10 9.5380934009e-11 1.9300616056e-10
1.0070800781e+02 2.8806226976e-10 9.4999849653e-11 1.9306242011e-10
1.0076904297e+02 2.8683269897e-10 9.3994056938e-11 1.9283864203e-10
1.0083007812e+02 2.7732909335e-10 9.0654449781e-11 1.8667464357e-10
1.0089111328e+02 2.7554494699e-10 9.0579831447e-11 1.8496511555e-10
1.0095214844e+02 2.7609476326e-10 9.0550114662e-11 1.8554464860e-10
1.0101318359e+02 2.6537590414e-10 8.6909609156e-11 1.7846629499e-10
1.0107421875e+02 2.6401660716e-10 8.6843068243e-11 1.7717353892e-10
1.0113525391e+02 2.6464816706e-10 8.7544843179e-11 1.7710332388e-10
1.0119628906e+02 2.5716813989e-10 8.5010743779e-11 1.7215739611e-10
1.0125732422e+02 2.5635446413e-10 8.4968002065e-11 1.7138646206e-10
1.0131835938e+02 2.5412686813e-10 8.4335511813e-11 1.6979135631e-10
1.0137939453e+02 2.4883202134e-10 8.1893539902e-11 1.6693848144e-10
1.0144042969e+02 2.4739699541e-10 8.1434833599e-11 1.6596216182e-10
1.0150146484e+02 2.4682114151e-10 8.1667500218e-11 1.6515364129e-10
1.0156250000e+02 2.4381110016e-10 8.1107302125e-11 1.6270379804e-10
1.0162353516e+02 2.4011801735e-10 7.9489440793e-11 1.6062857656e-10
1.0168457031e+02 2.3798808855e-10 7.8170190932e-11 1.5981789762e-10
1.0174560547e+02 2.3281756792e-10 7.6712208971e-11 1.5610535895e-10
1.0180664062e+02 2.2994265047e-10 7.5722651132e-11 1.5421999934e-10
1.0186767578e+02 2.2642678235e-10 7.4379263526e-11 1.5204751883e-10
1.0192871094e+02 2.1935849062e-10 7.1910400757e-11 1.4744808987e-10
1.0198974609e+02 2.2035504371e-10 7.2159470555e-11 1.4819557315e-10
1.0205078125e+02 2.2228136005e-10 7.3179565745e-11 1.4910179431e-10
1.0211181641e+02 2.1812758510e-10 7.1755427982e-11 1.4637215711e-10
1.0217285156e+02 2.1101320057e-10 6.9167736498e-11 1.4184546407e-10
1.0223388672e+02 2.0576698072e-10 6.7113000031e-11 1.3865398069e-10
1.0229492188e+02 2.0310572772e-10 6.6304886730e-11 1.3680084099e-10
1.0235595703e+02 2.0140591892e-10 6.5402619101e-11 1.3600329982e-10
1.0241699219e+02 1.9759670373e-10 6.4153868835e-11 1.3344283489e-10
1.0247802734e+02 1.9574320654e-10 6.3615714012e-11 1.3212749253e-10
1.0253906250e+02 1.9310901973e-10 6.2376239144e-11 1.3073278058e-10
1.0260009766e+02 1.9106825613e-10 6.1892241783e-11 1.2917601435e-10
1.0266113281e+02 1.8704185652e-10 6.1010502104e-11 1.2603135441e-10
1.0272216797e+02 1.8333762577e-10 5.9330169308e-11 1.2400745646e-10
1.0278320312e+02 1.8084135510e-10 5.8498098299e-11 1.2234325680e-10
1.0284423828e+02 1.7987997489e-10 5.8226500597e-11 1.2165347429e-10
1.0290527344e+02 1.7726710033e-10 5.6878562688e-11 1.2038853764e-10
1.0296630859e+02 1.7346865335e-10 5.6047882050e-11 1.1742077130e-10
1.0302734375e+02 1.7340935374e-10 5.6347295530e-11 1.1706205821e-10
1.0308837891e+02 1.7253958832e-10 5.5973649981e-11 1.1656593834e-10
1.0314941406e+02 1.6902731038e-10 5.4786522878e-11 1.1424078750e-10
1.0321044922e+02 1.6700647770e-10 5.3939247537e-11 1.1306723016e-10
1.0327148438e+02 1.6668541568e-10 5.3706372822e-11 1.1297904285e-10
1.0333251953e+02 1.6558231173e-10 5.3294330809e-11 1.1228798092e-10
1.0339355469e+02 1.6307461948e-10 5.2540682900e-11 1.1053393658e-10
1.0345458984e+02 1.6074900388e-10 5.1962718993e-11 1.0878628489e-10
1.0351562500e+02 1.5944030645e-10 5.1377424383e-11 1.0806288207e-10
1.0357666016e+02 1.5672684257e-10 5.0521108638e-11 1.0620573393e-10
1.0363769531e+02 1.5368706017e-10 4.9697351805e-11 1.0398970837e-10
1.0369873047e+02 1.5100874425e-10 4.9326693605e-11 1.0168205065e-10
1.0375976562e+02 1.5056567211e-10 4.9199009849e-11 1.0136666226e-10
1.0382080078e+02 1.4928285186e-10 4.8833714703e-11 1.0044913716e-10
1.0388183594e+02 1.4704714297e-10 4.7785014541e-11 9.9262128433e-11
1.0394287109e+02 1.4584057988e-10 4.7352746624e-11 9.8487833255e-11
1.0400390625e+02 1.4596801142e-10 4.7210480741e-11 9.8757530680e-11
1.0406494141e+02 1.4650447371e-10 4.7554614932e-11 9.8949858783e-11
1.0412597656e+02 1.4484309071e-10 4.6862258459e-11 9.7980832253e-11
1.0418701172e+02 1.4319803303e-10 4.6384005121e-11 9.6814027905e-11
1.0424804688e+02 1.4259201382e-10 4.6547158779e-11 9.6044855036e-11
1.0430908203e+02 1.4135500792e-10 4.5774239199e-11 9.5580768722e-11
1.0437011719e+02 1.3986931239e-10 4.5184691260e-11 9.4684621132e-11
1.0443115234e+02 1.3888484575e-10 4.4935911817e-11 9.3948933928e-11
1.0449218750e+02 1.3872862802e-10 4.4943886397e-11 9.3784741623e-11
1.0455322266e+02 1.3986649578e-10 4.5302211820e-11 9.4564283957e-11
1.0461425781e+02 1.3852706043e-10 4.4930883790e-11 9.3596176639e-11
1.0467529297e+02 1.3772802233e-10 4.4809160582e-11 9.2918861744e-11
1.0473632812e+02 1.3716504825e-10 4.4462803103e-11 9.2702245148e-11
1.0479736328e+02 1.3503309510e-10 4.3810580270e-11 9.1222514834e-11
1.0485839844e+02 1.3430926227e-10 4.3816580571e-11 9.0492681694e-11
1.0491943359e+02 1.3369999797e-10 4.3755940670e-11 8.9944057298e-11
1.0498046875e+02 1.3133088759e-10 4.2805268280e-11 8.8525619312e-11
1.0504150391e+02 1.3183428811e-10 4.3119707466e-11 8.8714580646e-11
1.0510253906e+02 1.3089667202e-10 4.2751504513e-11 8.8145167504e-11
1.0516357422e+02 1.2831420248e-10 4.2131851880e-11 8.6182350603e-11
1.0522460938e+02 1.2864331998e-10 4.2542385627e-11 8.6100934353e-11
1.0528564453e+02 1.2935213057e-10 4.2875541729e-11 8.6476588839e-11
1.0534667969e+02 1.2749346362e-10 4.1993049782e-11 8.5500413836e-11
1.0540771484e+02 1.2650253145e-10 4.1585943253e-11 8.4916588202e-11
1.0546875000e+02 1.2545608976e-10 4.1620293141e-11 8.3835796620e-11
1.0552978516e+02 1.2401591820e-10 4.1158799097e-11 8.2857119106e-11
1.0559082031e+02 1.2379392007e-10 4.1306005762e-11 8.2487914305e-11
1.0565185547e+02 1.2453550166e-10 4.1663320964e-11 8.2872180693e-11
1.0571289062e+02 1.2262985282e-10 4.0865691905e-11 8.1764160920e-11
1.0577392578e+02 1.1977440666e-10 3.9874542088e-11 7.9899864575e-11
1.0583496094e+02 1.1895709268e-10 3.9678025399e-11 7.9279067277e-11
1.0589599609e+02 1.1937187894e-10 3.9952891001e-11 7.9418987941e-11
1.0595703125e+02 1.1845031210e-10 3.9659622631e-11 7.8790689467e-11
1.0601806641e+02 1.1802032392e-10 3.9696523722e-11 7.8323800200e-11
1.0607910156e+02 1.1904959278e-10 3.9887197918e-11 7.9162394857e-11
1.0614013672e+02 1.1794973669e-10 3.9536639551e-11 7.8413097141e-11
1.0620117188e+02 1.1670990964e-10 3.9060341243e-11 7.7649568399e-11
1.0626220703e+02 1.1653394944e-10 3.9079332767e-11 7.7454616669e-11
1.0632324219e+02 1.1547211150e-10 3.8746446356e-11 7.6725665145e-11
1.0638427734e+02 1.1638140746e-10 3.9182215293e-11 7.7199192162e-11
1.0644531250e+02 1.1612135280e-10 3.9171621892e-11 7.6949730905e-11
1.0650634766e+02 1.1367366272e-10 3.8083161707e-11 7.5590501010e-11
1.0656738281e+02 1.1098264082e-10 3.7248990421e-11 7.3733650394e-11
1.0662841797e+02 1.1066115369e-10 3.7085134021e-11 7.3576019667e-11
1.0668945312e+02 1.0954327307e-10 3.6694207522e-11 7.2849065546e-11
1.0675048828e+02 1.0914960697e-10 3.6638375174e-11 7.2511231798e-11
1.0681152344e+02 1.0847581455e-10 3.6336546775e-11 7.2139267776e-11
1.0687255859e+02 1.0741389373e-10 3.6041363415e-11 7.1372530313e-11
1.0693359375e+02 1.0756083825e-10 3.6128971598e-11 7.1431866652e-11
1.0699462891e+02 1.0685438978e-10 3.5795641923e-11 7.1058747857e-11
1.0705566406e+02 1.0657420153e-10 3.5633247935e-11 7.0940953592e-11
1.0711669922e+02 1.0691312633e-10 3.5717878933e-11 7.1195247401e-11
1.0717773438e+02 1.0568844905e-10 3.5273840946e-11 7.0414608106e-11
1.0723876953e+02 1.0502016562e-10 3.5101918512e-11 6.9918247112e-11
1.0729980469e+02 1.0417041499e-10 3.4963657912e-11 6.9206757076e-11
1.0736083984e+02 1.0419811183e-10 3.4891660324e-11 6.9306451503e-11
1.0742187500e+02 1.0363569499e-10 3.4613641650e-11 6.9022053336e-11
1.0748291016e+02 1.0292020797e-10 3.4452349338e-11 6.8467858636e-11
1.0754394531e+02 1.0130448353e-10 3.3865621210e-11 6.7438862317e-11
1.0760498047e+02 1.0202770113e-10 3.4323765502e-11 6.7703935624e-11
1.0766601562e+02 1.0190134983e-10 3.4239253901e-11 6.7662095927e-11
1.0772705078e+02 1.0083738298e-10 3.3958023149e-11 6.6879359827e-11
1.0778808594e+02 1.0060210718e-10 3.3828181500e-11 6.6773925684e-11
1.0784912109e+02 9.9674076567e-11 3.3516151875e-11 6.6157924692e-11
1.0791015625e+02 1.0070130937e-10 3.3949590225e-11 6.6751719147e-11
1.0797119141e+02 9.9626901706e-11 3.3403824420e-11 6.6223077285e-11
1.0803222656e+02 9.9442037506e-11 3.3381240650e-11 6.6060796856e-11
1.0809326172e+02 9.7941680871e-11 3.2716173831e-11 6.5225507040e-11
1.0815429688e+02 9.6547713350e-11 3.2568108718e-11 6.3979604632e-11
1.0821533203e+02 9.6239358916e-11 3.2564996927e-11 6.3674361989e-11
1.0827636719e+02 9.5810056197e-11 3.2408830684e-11 6.3401225513e-11
1.0833740234e+02 9.6798674071e-11 3.2581079018e-11 6.4217595053e-11
1.0839843750e+02 9.6268114145e-11 3.2482034676e-11 6.3786079469e-11
1.0845947266e+02 9.3596962539e-11 3.1380364553e-11 6.2216597986e-11
1.0852050781e+02 9.2313040461e-11 3.0819359978e-11 6.1493680483e-11
1.0858154297e+02 9.2373592696e-11 3.1138520788e-11 6.1235071909e-11
1.0864257812e+02 9.2443671062e-11 3.1076264401e-11 6.1367406661e-11
1.0870361328e+02 9.3125654350e-11 3.1366717755e-11 6.1758936595e-11
1.0876464844e+02 9.2825103652e-11 3.1194056330e-11 6.1631047322e-11
1.0882568359e+02 9.0661233048e-11 3.0249166225e-11 6.0412066823e-11
1.0888671875e+02 8.9440816352e-11 2.9796261487e-11 5.9644554866e-11
1.0894775391e+02 8.9080716456e-11 2.9706566867e-11 5.9374149589e-11
1.0900878906e+02 8.9658615975e-11 2.9982880271e-11 5.9675735704e-11
1.0906982422e+02 8.8992822355e-11 2.9878595750e-11 5.9114226605e-11
1.0913085938e+02 8.7179245902e-11 2.9228194218e-11 5.7951051684e-11
1.0919189453e+02 8.7545200782e-11 2.9301436356e-11 5.8243764426e-11
1.0925292969e+02 8.8512386201e-11 2.9748928280e-11 5.8763457920e-11
1.0931396484e+02 8.8677010055e-11 2.9661066599e-11 5.9015943456e-11
1.0937500000e+02 8.7334177838e-11 2.9169819907e-11 5.8164357931e-11
1.0943603516e+02 8.6145746674e-11 2.8719319356e-11 5.7426427318e-11
1.0949707031e+02 8.5690285482e-11 2.8506627637e-11 5.7183657844e-11
1.0955810547e+02 8.5806633026e-11 2.8555016110e-11 5.7251616916e-11
1.0961914062e+02 8.6002242803e-11 2.8611914277e-11 5.7390328526e-11
1.0968017578e+02 8.5208779415e-11 2.8385379150e-11 5.6823400265e-11
1.0974121094e+02 8.4269184055e-11 2.8145770402e-11 5.6123413653e-11
1.0980224609e+02 8.3791099944e-11 2.7866181935e-11 5.5924918008e-11
1.0986328125e+02 8.4331921910e-11 2.8102285233e-11 5.6229636676e-11
1.0992431641e+02 8.4374371862e-11 2.7958238959e-11 5.6416132903e-11
1.0998535156e+02 8.3813847410e-11 2.7723598031e-11 5.6090249379e-11
1.1004638672e+02 8.2859457003e-11 2.7452624190e-11 5.5406832813e-11
1.1010742188e+02 8.2253715687e-11 2.7253151878e-11 5.5000563809e-11
1.1016845703e+02 8.1996010485e-11 2.7264660562e-11 5.4731349924e-11
1.1022949219e+02 8.1497253651e-11 2.7114577563e-11 5.4382676088e-11
1.1029052734e+02 8.0715403005e-11 2.6950089314e-11 5.3765313692e-11
1.1035156250e+02 7.9364685713e-11 2.6450789744e-11 5.2913895968e-11
1.1041259766e+02 7.9090598809e-11 2.6154731163e-11 5.2935867647e-11
1.1047363281e+02 7.9631561586e-11 2.6301416869e-11 5.3330144717e-11
1.1053466797e+02 7.8872991007e-11 2.6120642829e-11 5.2752348178e-11
1.1059570312e+02 7.7408355437e-11 2.5590054663e-11 5.1818300773e-11
1.1065673828e+02 7.6840249450e-11 2.5477386150e-11 5.1362863301e-11
1.1071777344e+02 7.6606909816e-11 2.5265626520e-11 5.1341283296e-11
1.1077880859e+02 7.6248656821e-11 2.5141285093e-11 5.1107371728e-11
1.1083984375e+02 7.5138505963e-11 2.4829873608e-11 5.0308632355e-11
1.1090087891e+02 7.4657924773e-11 2.4715599814e-11 4.9942324959e-11
1.1096191406e+02 7.4727956687e-11 2.4762641812e-11 4.9965314875e-11
1.1102294922e+02 7.4198259420e-11 2.4618779769e-11 4.9579479651e-11
1.1108398438e+02 7.3624968953e-11 2.4472631097e-11 4.9152337856e-11
1.1114501953e+02 7.3340142412e-11 2.4394538042e-11 4.8945604370e-11
1.1120605469e+02 7.2570174058e-11 2.4102073095e-11 4.8468100963e-11
1.1126708984e+02 7.2390131888e-11 2.4024643954e-11 4.8365487934e-11
1.1132812500e+02 7.1860743886e-11 2.3890333225e-11 4.7970410661e-11
1.1138916016e+02 7.1984489848e-11 2.3879083314e-11 4.8105406535e-11
1.1145019531e+02 7.1590232123e-11 2.3754864314e-11 4.7835367810e-11
1.1151123047e+02 7.1610762175e-11 2.3710139133e-11 4.7900623042e-11
1.1157226562e+02 7.1988335989e-11 2.3777253207e-11 4.8211082782e-11
1.1163330078e+02 7.1796175063e-11 2.3776105478e-11 4.8020069585e-11
1.1169433594e+02 7.0684422114e-11 2.3412968215e-11 4.7271453899e-11
1.1175537109e+02 6.9625905784e-11 2.3083586142e-11 4.6542319643e-11
1.1181640625e+02 6.9229672289e-11 2.2963486374e-11 4.6266185915e-11
1.1187744141e+02 6.8650604326e-11 2.2822958386e-11 4.5827645940e-11
1.1193847656e+02 6.8666924997e-11 2.2907134868e-11 4.5759790129e-11
1.1199951172e+02 6.8248895311e-11 2.2769858100e-11 4.5479037211e-11
1.1206054688e+02 6.7867689781e-11 2.2590874430e-11 4.5276815351e-11
1.1212158203e+02 6.7405927546e-11 2.2420971796e-11 4.4984955749e-11
1.1218261719e+02 6.7124422825e-11 2.2338647657e-11 4.4785775168e-11
1.1224365234e+02 6.7282216273e-11 2.2400921890e-11 4.4881294382e-11
1.1230468750e+02 6.7328930575e-11 2.2439533736e-11 4.4889396839e-11
1.1236572266e+02 6.6689105858e-11 2.2261182681e-11 4.4427923177e-11
1.1242675781e+02 6.6200786963e-11 2.2120723173e-11 4.4080063791e-11
1.1248779297e+02 6.6016858408e-11 2.2015544590e-11 4.4001313819e-11
1.1254882812e+02 6.5554186886e-11 2.1823743758e-11 4.3730443128e-11
1.1260986328e+02 6.5441437216e-11 2.1781061958e-11 4.3660375258e-11
1.1267089844e+02 6.5077201732e-11 2.1709945170e-11 4.3367256562e-11
1.1273193359e+02 6.4743521091e-11 2.1647871766e-11 4.3095649325e-11
1.1279296875e+02 6.4379869612e-11 2.1523554518e-11 4.2856315093e-11
1.1285400391e+02 6.4508418087e-11 2.1582523240e-11 4.2925894847e-11
1.1291503906e+02 6.4506739340e-11 2.1577687036e-11 4.2929052305e-11
1.1297607422e+02 6.4050980433e-11 2.1383737956e-11 4.2667242477e-11
1.1303710938e+02 6.3332740800e-11 2.1159140751e-11 4.2173600049e-11
1.1309814453e+02 6.3025868754e-11 2.1010895163e-11 4.2014973591e-11
1.1315917969e+02 6.3166231556e-11 2.1050924388e-11 4.2115307168e-11
1.1322021484e+02 6.3326142020e-11 2.1068457755e-11 4.2257684265e-11
1.1328125000e+02 6.3188982614e-11 2.0974290987e-11 4.2214691627e-11
1.1334228516e+02 6.3151113958e-11 2.0946929039e-11 4.2204184919e-11
1.1340332031e+02 6.3010298679e-11 2.0928865241e-11 4.2081433438e-11
1.1346435547e+02 6.2511462522e-11 2.0763738008e-11 4.1747724514e-11
1.1352539062e+02 6.2471490323e-11 2.0694502788e-11 4.1776987536e-11
1.1358642578e+02 6.2112500843e-11 2.0623644953e-11 4.1488855889e-11
1.1364746094e+02 6.2195178576e-11 2.0682675438e-11 4.1512503138e-11
1.1370849609e+02 6.2244759966e-11 2.0675229573e-11 4.1569530393e-11
1.1376953125e+02 6.1660854598e-11 2.0503407196e-11 4.1157447402e-11
1.1383056641e+02 6.1038121529e-11 2.0352188396e-11 4.0685933134e-11
1.1389160156e+02 6.0732234674e-11 2.0296976015e-11 4.0435258659e-11
1.1395263672e+02 6.0227198356e-11 2.0166857193e-11 4.0060341164e-11
1.1401367188e+02 6.0027104832e-11 2.0053092532e-11 3.9974012301e-11
1.1407470703e+02 5.9970101986e-11 2.0027281823e-11 3.9942820163e-11
1.1413574219e+02 5.9675230871e-11 1.9953530907e-11 3.9721699964e-11
1.1419677734e+02 5.9262364101e-11 1.9847487230e-11 3.9414876871e-11
1.1425781250e+02 5.9055277579e-11 1.9799304352e-11 3.9255973227e-11
1.1431884766e+02 5.8756210210e-11 1.9603616806e-11 3.9152593404e-11
1.1437988281e+02 5.8475950980e-11 1.9519735464e-11 3.8956215516e-11
1.1444091797e+02 5.8313668017e-11 1.9506414026e-11 3.8807253991e-11
1.1450195312e+02 5.8061144379e-11 1.9391695503e-11 3.8669448876e-11
1.1456298828e+02 5.7902988278e-11 1.9333215882e-11 3.8569772396e-11
1.1462402344e+02 5.7707475057e-11 1.9291238871e-11 3.8416236186e-11
1.1468505859e+02 5.7291655218e-11 1.9124155265e-11 3.8167499954e-11
1.1474609375e+02 5.6913373601e-11 1.9060834396e-11 3.7852539205e-11
1.1480712891e+02 5.6841508537e-11 1.9037009486e-11 3.7804499051e-11
1.1486816406e+02 5.6653029455e-11 1.8944936219e-11 3.7708093235e-11
1.1492919922e+02 5.6377029462e-11 1.8884376845e-11 3.7492652617e-11
1.1499023438e+02 5.6191855144e-11 1.8857010085e-11 3.7334845059e-11
1.1505126953e+02 5.5977498430e-11 1.8771401038e-11 3.7206097392e-11
1.1511230469e+02 5.5661275025e-11 1.8614546642e-11 3.7046728383e-11
1.1517333984e+02 5.5302354612e-11 1.8513647662e-11 3.6788706950e-11
1.1523437500e+02 5.5475929535e-11 1.8550485320e-11 3.6925444214e-11
1.1529541016e+02 5.5405700990e-11 1.8510622244e-11 3.6895078745e-11
1.1535644531e+02 5.5192849616e-11 1.8404302406e-11 3.6788547211e-11
1.1541748047e+02 5.4971397400e-11 1.8379928741e-11 3.6591468659e-11
1.1547851562e+02 5.4751976540e-11 1.8292183737e-11 3.6459792804e-11
1.1553955078e+02 5.4539120123e-11 1.8271846441e-11 3.6267273682e-11
1.1560058594e+02 5.4439824439e-11 1.8254657911e-11 3.6185166528e-11
1.1566162109e+02 5.4195824584e-11 1.8146579455e-11 3.6049245129e-11
1.1572265625e+02 5.4008049689e-11 1.8075723233e-11 3.5932326457e-11
1.1578369141e+02 5.3776307341e-11 1.8023278268e-11 3.5753029073e-11
1.1584472656e+02 5.3781661363e-11 1.8010097301e-11 3.5771564062e-11
1.1590576172e+02 5.3744111246e-11 1.8011228144e-11 3.5732883101e-11
1.1596679688e+02 5.3445616438e-11 1.7895999428e-11 3.5549617010e-11
1.1602783203e+02 5.3277331294e-11 1.7831418793e-11 3.5445912501e-11
1.1608886719e+02 5.3035710385e-11 1.7720231650e-11 3.5315478734e-11
1.1614990234e+02 5.2903959740e-11 1.7685898322e-11 3.5218061418e-11
1.1621093750e+02 5.2744129047e-11 1.7625322415e-11 3.5118806633e-11
1.1627197266e+02 5.2542215199e-11 1.7575844107e-11 3.4966371092e-11
1.1633300781e+02 5.2285884909e-11 1.7488407937e-11 3.4797476972e-11
1.1639404297e+02 5.2149770447e-11 1.7449893410e-11 3.4699877037e-11
1.1645507812e+02 5.1813467913e-11 1.7327568498e-11 3.4485899415e-11
1.1651611328e+02 5.1743618605e-11 1.7351315921e-11 3.4392302685e-11
1.1657714844e+02 5.1651130323e-11 1.7318878571e-11 3.4332251752e-11
1.1663818359e+02 5.1429357085e-11 1.7215156644e-11 3.4214200441e-11
1.1669921875e+02 5.1369083377e-11 1.7211560091e-11 3.4157523286e-11
1.1676025391e+02 5.1188002996e-11 1.7159967041e-11 3.4028035955e-11
1.1682128906e+02 5.0925443987e-11 1.7069438871e-11 3.3856005116e-11
1.1688232422e+02 5.0777797889e-11 1.6985217683e-11 3.3792580206e-11
1.1694335938e+02 5.0725110695e-11 1.6981141872e-11 3.3743968824e-11
1.1700439453e+02 5.0466922974e-11 1.6857412784e-11 3.3609510189e-11
1.1706542969e+02 5.0360617944e-11 1.6810282128e-11 3.3550335816e-11
1.1712646484e+02 5.0291384295e-11 1.6822810279e-11 3.3468574016e-11
1.1718750000e+02 5.0188058142e-11 1.6799475082e-11 3.3388583060e-11
1.1724853516e+02 5.0053624192e-11 1.6731986647e-11 3.3321637545e-11
1.1730957031e+02 4.9959307514e-11 1.6698962690e-11 3.3260344824e-11
1.1737060547e+02 4.9686370560e-11 1.6623366611e-11 3.3063003949e-11
1.1743164062e+02 4.9460678074e-11 1.6558009383e-11 3.2902668691e-11
1.1749267578e+02 4.9416086481e-11 1.6584664310e-11 3.2831422170e-11
1.1755371094e+02 4.9304761191e-11 1.6568014934e-11 3.2736746257e-11
1.1761474609e+02 4.9087833759e-11 1.6494944706e-11 3.2592889053e-11
1.1767578125e+02 4.8933404530e-11 1.6433047097e-11 3.2500357433e-11
1.1773681641e+02 4.8780881314e-11 1.6369368875e-11 3.2411512439e-11
1.1779785156e+02 4.8555458575e-11 1.6301437668e-11 3.2254020907e-11
1.1785888672e+02 4.8500482445e-11 1.6271111382e-11 3.2229371064e-11
1.1791992188e+02 4.8409652922e-11 1.6217821796e-11 3.2191831126e-11
1.1798095703e+02 4.8273504696e-11 1.6172362929e-11 3.2101141767e-11
1.1804199219e+02 4.8140778423e-11 1.6137388523e-11 3.2003389900e-11
1.1810302734e+02 4.7990963312e-11 1.6084308164e-11 3.1906655148e-11
1.1816406250e+02 4.7822244437e-11 1.6049573994e-11 3.1772670443e-11
1.1822509766e+02 4.7594799538e-11 1.5971832919e-11 3.1622966619e-11
1.1828613281e+02 4.7382710310e-11 1.5905933029e-11 3.1476777281e-11
1.1834716797e+02 4.7278796543e-11 1.5857187770e-11 3.1421608773e-11
1.1840820312e+02 4.7140299594e-11 1.5799805242e-11 3.1340494352e-11
1.1846923828e+02 4.7052735723e-11 1.5805156250e-11 3.1247579473e-11
1.1853027344e+02 4.6929474203e-11 1.5768159299e-11 3.1161314904e-11
1.1859130859e+02 4.6689864963e-11 1.5693067445e-11 3.0996797518e-11
1.1865234375e+02 4.6500604903e-11 1.5631217101e-11 3.0869387802e-11
1.1871337891e+02 4.6429695160e-11 1.5610656531e-11 3.0819038629e-11
1.1877441406e+02 4.6324271324e-11 1.5571563985e-11 3.0752707339e-11
1.1883544922e+02 4.6133534895e-11 1.5493718471e-11 3.0639816425e-11
1.1889648438e+02 4.5956378121e-11 1.5415144550e-11 3.0541233571e-11
1.1895751953e+02 4.5845689150e-11 1.5385523167e-11 3.0460165983e-11
1.1901855469e+02 4.5807092195e-11 1.5364944884e-11 3.0442147311e-11
1.1907958984e+02 4.5704731083e-11 1.5338051659e-11 3.0366679423e-11
1.1914062500e+02 4.5582443727e-11 1.5308535993e-11 3.0273907734e-11
1.1920166016e+02 4.5372759921e-11 1.5242424931e-11 3.0130334990e-11
1.1926269531e+02 4.5266057530e-11 1.5204079913e-11 3.0061977617e-11
1.1932373047e+02 4.5187715384e-11 1.5179598467e-11 3.0008116917e-11
1.1938476562e+02 4.4969304361e-11 1.5118087079e-11 2.9851217283e-11
1.1944580078e+02 4.4825851905e-11 1.5075466334e-11 2.9750385571e-11
1.1950683594e+02 4.4691869933e-11 1.5031376377e-11 2.9660493556e-11
1.1956787109e+02 4.4647271187e-11 1.5028294343e-11 2.9618976844e-11
1.1962890625e+02 4.4541673530e-11 1.4973590689e-11 2.9568082841e-11
1.1968994141e+02 4.4457201367e-11 1.4956019642e-11 2.9501181725e-11
1.1975097656e+02 4.4344827731e-11 1.4911322224e-11 2.9433505507e-11
1.1981201172e+02 4.4301491399e-11 1.4898505975e-11 2.9402985424e-11
1.1987304688e+02 4.4088437358e-11 1.4822485570e-11 2.9265951788e-11
1.1993408203e+02 4.3989194082e-11 1.4781969562e-11 2.9207224521e-11
1.1999511719e+02 4.3888080574e-11 1.4735114868e-11 2.9152965706e-11
1.2005615234e+02 4.3733372756e-11 1.4687772463e-11 2.9045600293e-11
1.2011718750e+02 4.3565023788e-11 1.4652548170e-11 2.8912475619e-11
1.2017822266e+02 4.3461737568e-11 1.4629226218e-11 2.8832511350e-11
1.2023925781e+02 4.3301462007e-11 1.4583783794e-11 2.8717678213e-11
1.2030029297e+02 4.3112245802e-11 1.4523037840e-11 2.8589207962e-11
1.2036132812e+02 4.3044688585e-11 1.4500478411e-11 2.8544210174e-11
1.2042236328e+02 4.2923901410e-11 1.4439457267e-11 2.8484444144e-11
1.2048339844e+02 4.2865245027e-11 1.4417893454e-11 2.8447351573e-11
1.2054443359e+02 4.2809665632e-11 1.4397437205e-11 2.8412228427e-11
1.2060546875e+02 4.2695447014e-11 1.4361840458e-11 2.8333606556e-11
1.2066650391e+02 4.2597912140e-11 1.4330811918e-11 2.8267100222e-11
1.2072753906e+02 4.2509996934e-11 1.4290239819e-11 2.8219757115e-11
1.2078857422e+02 4.2379810636e-11 1.4256436806e-11 2.8123373830e-11
1.2084960938e+02 4.2242771636e-11 1.4215671815e-11 2.8027099820e-11
1.2091064453e+02 4.2093440586e-11 1.4160682329e-11 2.7932758257e-11
1.2097167969e+02 4.1993598859e-11 1.4126904442e-11 2.7866694417e-11
1.2103271484e+02 4.1882420867e-11 1.4094698123e-11 2.7787722744e-11
1.2109375000e+02 4.1718445307e-11 1.4024734567e-11 2.7693710740e-11
1.2115478516e+02 4.1623999564e-11 1.4010513200e-11 2.7613486364e-11
1.2121582031e+02 4.1505133003e-11 1.3971520779e-11 2.7533612224e-11
1.2127685547e+02 4.1349290673e-11 1.3933112220e-11 2.7416178453e-11
1.2133789062e+02 4.1253890734e-11 1.3906908308e-11 2.7346982426e-11
1.2139892578e+02 4.1158543692e-11 1.3880724947e-11 2.7277818745e-11
1.2145996094e+02 4.1031568229e-11 1.3836241236e-11 2.7195326993e-11
1.2152099609e+02 4.0909362931e-11 1.3777279765e-11 2.7132083166e-11
1.2158203125e+02 4.0841555823e-11 1.3742478318e-11 2.7099077506e-11
1.2164306641e+02 4.0781392689e-11 1.3721311750e-11 2.7060080939e-11
1.2170410156e+02 4.0689551574e-11 1.3687632267e-11 2.7001919307e-11
1.2176513672e+02 4.0611929821e-11 1.3665141303e-11 2.6946788518e-11
1.2182617188e+02 4.0491529255e-11 1.3639972272e-11 2.6851556982e-11
1.2188720703e+02 4.0364701013e-11 1.3590839470e-11 2.6773861543e-11
1.2194824219e+02 4.0260224795e-11 1.3564682833e-11 2.6695541962e-11
1.2200927734e+02 4.0174621063e-11 1.3542476184e-11 2.6632144879e-11
1.2207031250e+02 4.0052283427e-11 1.3499577449e-11 2.6552705978e-11
1.2213134766e+02 3.9984775666e-11 1.3483840634e-11 2.6500935032e-11
1.2219238281e+02 3.9854760518e-11 1.3449216845e-11 2.6405543673e-11
1.2225341797e+02 3.9700103861e-11 1.3392752203e-11 2.6307351659e-11
1.2231445312e+02 3.9580368783e-11 1.3353266097e-11 2.6227102686e-11
1.2237548828e+02 3.9493271323e-11 1.3323046811e-11 2.6170224512e-11
1.2243652344e+02 3.9389417424e-11 1.3284836304e-11 2.6104581120e-11
1.2249755859e+02 3.9257399538e-11 1.3239388760e-11 2.6018010778e-11
1.2255859375e+02 3.9182097536e-11 1.3222321680e-11 2.5959775857e-11
1.2261962891e+02 3.9107424226e-11 1.3187955462e-11 2.5919468765e-11
1.2268066406e+02 3.9044016541e-11 1.3159030653e-11 2.5884985888e-11
1.2274169922e+02 3.8941982635e-11 1.3121790942e-11 2.5820191693e-11
1.2280273438e+02 3.8823294411e-11 1.3090668201e-11 2.5732626209e-11
1.2286376953e+02 3.8690290103e-11 1.3046505762e-11 2.5643784341e-11
1.2292480469e+02 3.8608449316e-11 1.3025531888e-11 2.5582917428e-11
1.2298583984e+02 3.8522644448e-11 1.3007586707e-11 2.5515057741e-11
1.2304687500e+02 3.8445560294e-11 1.2981679485e-11 2.5463880809e-11
1.2310791016e+02 3.8308662971e-11 1.2926117213e-11 2.5382545757e-11
1.2316894531e+02 3.8215119831e-11 1.2890455247e-11 2.5324664585e-11
1.2322998047e+02 3.8130946561e-11 1.2866941812e-11 2.5264004749e-11
1.2329101562e+02 3.8086517388e-11 1.2848671304e-11 2.5237846083e-11
1.2335205078e+02 3.8043255685e-11 1.2839938569e-11 2.5203317116e-11
1.2341308594e+02 3.7930483920e-11 1.2787063389e-11 2.5143420531e-11
1.2347412109e+02 3.7806291505e-11 1.2747077100e-11 2.5059214406e-11
1.2353515625e+02 3.7724314121e-11 1.2721865783e-11 2.5002448339e-11
1.2359619141e+02 3.7625505643e-11 1.2692740245e-11 2.4932765399e-11
1.2365722656e+02 3.7480022230e-11 1.2640258690e-11 2.4839763540e-11
1.2371826172e+02 3.7383826400e-11 1.2607833172e-11 2.4775993229e-11
1.2377929688e+02 3.7275697837e-11 1.2581285054e-11 2.4694412784e-11
1.2384033203e+02 3.7222417039e-11 1.2565751282e-11 2.4656665757e-11
1.2390136719e+02 3.7158176551e-11 1.2550562142e-11 2.4607614410e-11
1.2396240234e+02 3.7050639016e-11 1.2514029954e-11 2.4536609063e-11
1.2402343750e+02 3.6957988656e-11 1.2487707828e-11 2.4470280828e-11
1.2408447266e+02 3.6883802323e-11 1.2447882230e-11 2.4435920093e-11
1.2414550781e+02 3.6793254858e-11 1.2419254923e-11 2.4373999936e-11
1.2420654297e+02 3.6723390429e-11 1.2398869193e-11 2.4324521236e-11
1.2426757812e+02 3.6624084427e-11 1.2359506809e-11 2.4264577618e-11
1.2432861328e+02 3.6517148114e-11 1.2319854877e-11 2.4197293237e-11
1.2438964844e+02 3.6427733431e-11 1.2285304931e-11 2.4142428500e-11
1.2445068359e+02 3.6352386352e-11 1.2264246338e-11 2.4088140014e-11
1.2451171875e+02 3.6279724482e-11 1.2239467697e-11 2.4040256786e-11
1.2457275391e+02 3.6164930810e-11 1.2207458076e-11 2.3957472734e-11
1.2463378906e+02 3.6079040966e-11 1.2175890938e-11 2.3903150028e-11
1.2469482422e+02 3.5958924423e-11 1.2138534566e-11 2.3820389858e-11
1.2475585938e+02 3.5860277036e-11 1.2106325924e-11 2.3753951113e-11
1.2481689453e+02 3.5768780248e-11 1.2081871447e-11 2.3686908800e-11
1.2487792969e+02 3.5672566944e-11 1.2049433011e-11 2.3623133934e-11
1.2493896484e+02 3.5564043718e-11 1.2017558096e-11 2.3546485622e-11
1.2500000000e+02 3.5484409442e-11 1.1992146651e-11 2.3492262791e-11
1.2506103516e+02 3.5401818420e-11 1.1963054037e-11 2.3438764383e-11
1.2512207031e+02 3.5335421349e-11 1.1940976397e-11 2.3394444952e-11
1.2518310547e+02 3.5259365466e-11 1.1907558916e-11 2.3351806550e-11
1.2524414062e+02 3.5206529638e-11 1.1881748894e-11 2.3324780745e-11
1.2530517578e+02 3.5122497133e-11 1.1850883024e-11 2.3271614109e-11
1.2536621094e+02 3.5022225333e-11 1.1820016479e-11 2.3202208854e-11
1.2542724609e+02 3.4972953335e-11 1.1812992856e-11 2.3159960478e-11
1.2548828125e+02 3.4856343506e-11 1.1774705463e-11 2.3081638043e-11
1.2554931641e+02 3.4763620343e-11 1.1749685986e-11 2.3013934357e-11
1.2561035156e+02 3.4636755265e-11 1.1708309804e-11 2.2928445461e-11
1.2567138672e+02 3.4558277069e-11 1.1681981980e-11 2.2876295089e-11
1.2573242188e+02 3.4469040041e-11 1.1647870415e-11 2.2821169625e-11
1.2579345703e+02 3.4389872318e-11 1.1616383610e-11 2.2773488708e-11
1.2585449219e+02 3.4307709078e-11 1.1592545668e-11 2.2715163410e-11
1.2591552734e+02 3.4228957876e-11 1.1570897762e-11 2.2658060114e-11
1.2597656250e+02 3.4168137165e-11 1.1541559286e-11 2.2626577879e-11
1.2603759766e+02 3.4114528546e-11 1.1520347726e-11 2.2594180820e-11
1.2609863281e+02 3.4033666049e-11 1.1500180632e-11 2.2533485416e-11
1.2615966797e+02 3.3954945561e-11 1.1470564861e-11 2.2484380700e-11
1.2622070312e+02 3.3900429109e-11 1.1447467770e-11 2.2452961339e-11
1.2628173828e+02 3.3799384200e-11 1.1402433517e-11 2.2396950684e-11
1.2634277344e+02 3.3721594084e-11 1.1381460767e-11 2.2340133318e-11
1.2640380859e+02 3.3652474495e-11 1.1361880068e-11 2.2290594428e-11
1.2646484375e+02 3.3599774972e-11 1.1347759519e-11 2.2252015453e-11
1.2652587891e+02 3.3494495794e-11 1.1314759417e-11 2.2179736377e-11
1.2658691406e+02 3.3403655427e-11 1.1279051322e-11 2.2124604105e-11
1.2664794922e+02 3.3332912289e-11 1.1257609063e-11 2.2075303226e-11
1.2670898438e+02 3.3245084721e-11 1.1229383971e-11 2.2015700751e-11
1.2677001953e+02 3.3159338506e-11 1.1196433377e-11 2.1962905129e-11
1.2683105469e+02 3.3076740123e-11 1.1174026871e-11 2.1902713252e-11
1.2689208984e+02 3.3002308013e-11 1.1157665199e-11 2.1844642814e-11
1.2695312500e+02 3.2935626719e-11 1.1131558957e-11 2.1804067762e-11
1.2701416016e+02 3.2881662642e-11 1.1110954876e-11 2.1770707766e-11
1.2707519531e+02 3.2818574952e-11 1.1084193306e-11 2.1734381647e-11
1.2713623047e+02 3.2747678335e-11 1.1060078959e-11 2.1687599376e-11
1.2719726562e+02 3.2667763351e-11 1.1034293380e-11 2.1633469971e-11
1.2725830078e+02 3.2609428388e-11 1.1006972136e-11 2.1602456253e-11
1.2731933594e+02 3.2520819951e-11 1.0978553323e-11 2.1542266628e-11
1.2738037109e+02 3.2421852100e-11 1.0943990625e-11 2.1477861475e-11
1.2744140625e+02 3.2356140482e-11 1.0930186398e-11 2.1425954084e-11
1.2750244141e+02 3.2296157277e-11 1.0909602372e-11 2.1386554906e-11
1.2756347656e+02 3.2205499585e-11 1.0882641974e-11 2.1322857611e-11
1.2762451172e+02 3.2128417950e-11 1.0861084646e-11 2.1267333304e-11
1.2768554688e+02 3.2046158539e-11 1.0839962616e-11 2.1206195923e-11
1.2774658203e+02 3.1956961606e-11 1.0804309734e-11 2.1152651872e-11
1.2780761719e+02 3.1875042567e-11 1.0771394523e-11 2.1103648044e-11
1.2786865234e+02 3.1834888101e-11 1.0757841584e-11 2.1077046516e-11
1.2792968750e+02 3.1761069908e-11 1.0726350450e-11 2.1034719457e-11
1.2799072266e+02 3.1708454059e-11 1.0713083490e-11 2.0995370570e-11
1.2805175781e+02 3.1641889779e-11 1.0689275642e-11 2.0952614137e-11
1.2811279297e+02 3.1560343245e-11 1.0663030909e-11 2.0897312335e-11
1.2817382812e+02 3.1487000559e-11 1.0637067359e-11 2.0849933200e-11
1.2823486328e+02 3.1403853803e-11 1.0607416912e-11 2.0796436891e-11
1.2829589844e+02 3.1343400982e-11 1.0585950606e-11 2.0757450376e-11
1.2835693359e+02 3.1268797208e-11 1.0570499681e-11 2.0698297526e-11
1.2841796875e+02 3.1209677786e-11 1.0550586982e-11 2.0659090803e-11
1.2847900391e+02 3.1157926990e-11 1.0530036621e-11 2.0627890369e-11
1.2854003906e+02 3.1071718485e-11 1.0502642493e-11 2.0569075992e-11
1.2860107422e+02 3.0984650123e-11 1.0477487766e-11 2.0507162358e-11
1.2866210938e+02 3.0944355791e-11 1.0464554697e-11 2.0479801094e-11
1.2872314453e+02 3.0867656523e-11 1.0432782547e-11 2.0434873975e-11
1.2878417969e+02 3.0783488081e-11 1.0405674309e-11 2.0377813771e-11
1.2884521484e+02 3.0719011288e-11 1.0384945000e-11 2.0334066288e-11
1.2890625000e+02 3.0657465921e-11 1.0359579204e-11 2.0297886717e-11
1.2896728516e+02 3.0592698379e-11 1.0339615321e-11 2.0253083058e-11
1.2902832031e+02 3.0527563740e-11 1.0316619432e-11 2.0210944308e-11
1.2908935547e+02 3.0473656204e-11 1.0302603194e-11 2.0171053010e-11
1.2915039062e+02 3.0413314682e-11 1.0284217370e-11 2.0129097312e-11
1.2921142578e+02 3.0339088354e-11 1.0260950191e-11 2.0078138163e-11
1.2927246094e+02 3.0281913581e-11 1.0235761693e-11 2.0046151888e-11
1.2933349609e+02 3.0220748562e-11 1.0218399619e-11 2.0002348943e-11
1.2939453125e+02 3.0137608998e-11 1.0190492011e-11 1.9947116987e-11
1.2945556641e+02 3.0060739542e-11 1.0162762909e-11 1.9897976634e-11
1.2951660156e+02 2.9992869194e-11 1.0141407827e-11 1.9851461368e-11
1.2957763672e+02 2.9940727881e-11 1.0125762638e-11 1.9814965243e-11
1.2963867188e+02 2.9889224825e-11 1.0111713819e-11 1.9777511006e-11
1.2969970703e+02 2.9822013316e-11 1.0082819583e-11 1.9739193733e-11
1.2976074219e+02 2.9753521956e-11 1.0062489258e-11 1.9691032698e-11
1.2982177734e+02 2.9690221070e-11 1.0037360439e-11 1.9652860631e-11
1.2988281250e+02 2.9650040131e-11 1.0025915386e-11 1.9624124745e-11
1.2994384766e+02 2.9590885578e-11 1.0006341976e-11 1.9584543603e-11
1.3000488281e+02 2.9507964104e-11 9.9765453673e-12 1.9531418737e-11
1.3006591797e+02 2.9438996063e-11 9.9540367836e-12 1.9484959279e-11
1.3012695312e+02 2.9380840535e-11 9.9392832609e-12 1.9441557274e-11
1.3018798828e+02 2.9299014736e-11 9.9135766390e-12 1.9385438097e-11
1.3024902344e+02 2.9233955530e-11 9.8934047445e-12 1.9340550785e-11
1.3031005859e+02 2.9173239033e-11 9.8719426131e-12 1.9301296420e-11
1.3037109375e+02 2.9109512642e-11 9.8510214402e-12 1.9258491202e-11
1.3043212891e+02 2.9039387027e-11 9.8256611640e-12 1.9213725863e-11
1.3049316406e+02 2.8987825313e-11 9.8063371958e-12 1.9181488117e-11
1.3055419922e+02 2.8931346836e-11 9.7864348914e-12 1.9144911945e-11
1.3061523438e+02 2.8878660646e-11 9.7703263112e-12 1.9108334335e-11
1.3067626953e+02 2.8825346688e-11 9.7516514035e-12 1.9073695285e-11
1.3073730469e+02 2.8771146002e-11 9.7332679462e-12 1.9037878056e-11
1.3079833984e+02 2.8699147816e-11 9.7058038589e-12 1.8993343957e-11
1.3085937500e+02 2.8646070381e-11 9.6864280808e-12 1.8959642300e-11
1.3092041016e+02 2.8581037144e-11 9.6639932274e-12 1.8917043917e-11
1.3098144531e+02 2.8523780725e-11 9.6462866243e-12 1.8877494100e-11
1.3104248047e+02 2.8451162190e-11 9.6249674760e-12 1.8826194714e-11
1.3110351562e+02 2.8390976220e-11 9.6051805377e-12 1.8785795683e-11
1.3116455078e+02 2.8333354159e-11 9.5888747483e-12 1.8744479411e-11
1.3122558594e+02 2.8255930113e-11 9.5614347641e-12 1.8694495349e-11
1.3128662109e+02 2.8209840984e-11 9.5460384231e-12 1.8663802561e-11
1.3134765625e+02 2.8147988659e-11 9.5235537692e-12 1.8624434890e-11
1.3140869141e+02 2.8089581949e-11 9.5068820624e-12 1.8582699886e-11
1.3146972656e+02 2.8017376780e-11 9.4797320767e-12 1.8537644704e-11
1.3153076172e+02 2.7956523471e-11 9.4582222349e-12 1.8498301236e-11
1.3159179688e+02 2.7894343914e-11 9.4382690234e-12 1.8456074891e-11
1.3165283203e+02 2.7839048934e-11 9.4218502178e-12 1.8417198716e-11
1.3171386719e+02 2.7794797238e-11 9.4041860394e-12 1.8390611198e-11
1.3177490234e+02 2.7741585080e-11 9.3813615943e-12 1.8360223486e-11
1.3183593750e+02 2.7677036363e-11 9.3604673205e-12 1.8316569043e-11
1.3189697266e+02 2.7623642074e-11 9.3449105804e-12 1.8278731494e-11
1.3195800781e+02 2.7562033313e-11 9.3213846610e-12 1.8240648652e-11
1.3201904297e+02 2.7503619314e-11 9.3041184607e-12 1.8199500853e-11
1.3208007812e+02 2.7434945730e-11 9.2848100195e-12 1.8150135711e-11
1.3214111328e+02 2.7372198185e-11 9.2653177162e-12 1.8106880469e-11
1.3220214844e+02 2.7314689297e-11 9.2445345677e-12 1.8070154729e-11
1.3226318359e+02 2.7246974967e-11 9.2211608096e-12 1.8025814158e-11
1.3232421875e+02 2.7196940586e-11 9.1999105829e-12 1.7997030003e-11
1.3238525391e+02 2.7147566505e-11 9.1838234181e-12 1.7963743087e-11
1.3244628906e+02 2.7091426829e-11 9.1636850761e-12 1.7927741753e-11
1.3250732422e+02 2.7034704976e-11 9.1436783587e-12 1.7891026618e-11
1.3256835938e+02 2.6979369747e-11 9.1222698927e-12 1.7857099854e-11
1.3262939453e+02 2.6926314448e-11 9.1065411418e-12 1.7819773306e-11
1.3269042969e+02 2.6873904532e-11 9.0871732551e-12 1.7786731277e-11
1.3275146484e+02 2.6827624814e-11 9.0714903256e-12 1.7756134489e-11
1.3281250000e+02 2.6771847498e-11 9.0522376295e-12 1.7719609868e-11
1.3287353516e+02 2.6701450957e-11 9.0298208179e-12 1.7671630139e-11
1.3293457031e+02 2.6644302512e-11 9.0126350572e-12 1.7631667455e-11
1.3299560547e+02 2.6589103105e-11 8.9923857981e-12 1.7596717307e-11
1.3305664062e+02 2.6524750623e-11 8.9736351269e-12 1.7551115496e-11
1.3311767578e+02 2.6476753884e-11 8.9568224231e-12 1.7519931461e-11
1.3317871094e+02 2.6418898811e-11 8.9384923566e-12 1.7480406454e-11
1.3323974609e+02 2.6361401628e-11 8.9201158990e-12 1.7441285729e-11
1.3330078125e+02 2.6309554923e-11 8.9047041737e-12 1.7404850749e-11
1.3336181641e+02 2.6263503019e-11 8.8869124069e-12 1.7376590612e-11
1.3342285156e+02 2.6211115490e-11 8.8695872089e-12 1.7341528281e-11
1.3348388672e+02 2.6156438602e-11 8.8481629268e-12 1.7308275675e-11
1.3354492188e+02 2.6100989025e-11 8.8261476395e-12 1.7274841385e-11
1.3360595703e+02 2.6049735210e-11 8.8088355803e-12 1.7240899630e-11
1.3366699219e+02 2.5992060780e-11 8.7888912582e-12 1.7203169522e-11
1.3372802734e+02 2.5941422258e-11 8.7739364630e-12 1.7167485795e-11
1.3378906250e+02 2.5888043379e-11 8.7558699956e-12 1.7132173383e-11
1.3385009766e+02 2.5831430748e-11 8.7395360698e-12 1.7091894678e-11
1.3391113281e+02 2.5783417166e-11 8.7241346774e-12 1.7059282489e-11
1.3397216797e+02 2.5719287302e-11 8.7010187625e-12 1.7018268540e-11
1.3403320312e+02 2.5661378498e-11 8.6826436118e-12 1.6978734886e-11
1.3409423828e+02 2.5606822998e-11 8.6640698450e-12 1.6942753153e-11
1.3415527344e+02 2.5559437311e-11 8.6474158418e-12 1.6912021469e-11
1.3421630859e+02 2.5506241212e-11 8.6301565294e-12 1.6876084683e-11
1.3427734375e+02 2.5450139775e-11 8.6114388309e-12 1.6838700944e-11
1.3433837891e+02 2.5392628396e-11 8.5891849819e-12 1.6803443414e-11
1.3439941406e+02 2.5349077002e-11 8.5726919324e-12 1.6776385070e-11
1.3446044922e+02 2.5303805558e-11 8.5587475303e-12 1.6745058028e-11
1.3452148438e+02 2.5243965809e-11 8.5368639705e-12 1.6707101838e-11
1.3458251953e+02 2.5184200822e-11 8.5165389234e-12 1.6667661899e-11
1.3464355469e+02 2.5134618754e-11 8.5005319415e-12 1.6634086812e-11
1.3470458984e+02 2.5082270702e-11 8.4857134163e-12 1.6596557286e-11
1.3476562500e+02 2.5025243049e-11 8.4677532814e-12 1.6557489767e-11
1.3482666016e+02 2.4968635444e-11 8.4478598163e-12 1.6520775628e-11
1.3488769531e+02 2.4910002533e-11 8.4310340646e-12 1.6478968468e-11
1.3494873047e+02 2.4853346043e-11 8.4100041517e-12 1.6443341892e-11
1.3500976562e+02 2.4800714851e-11 8.3937355571e-12 1.6406979294e-11
1.3507080078e+02 2.4762448607e-11 8.3822424883e-12 1.6380206118e-11
1.3513183594e+02 2.4707927061e-11 8.3634250376e-12 1.6344502024e-11
1.3519287109e+02 2.4662561903e-11 8.3461830043e-12 1.6316378898e-11
1.3525390625e+02 2.4611101193e-11 8.3282857190e-12 1.6282815474e-11
1.3531494141e+02 2.4558331347e-11 8.3099428924e-12 1.6248388454e-11
1.3537597656e+02 2.4514891402e-11 8.2941335851e-12 1.6220757817e-11
1.3543701172e+02 2.4472322182e-11 8.2799852728e-12 1.6192336909e-11
1.3549804688e+02 2.4412040524e-11 8.2622261900e-12 1.6149814334e-11
1.3555908203e+02 2.4355019647e-11 8.2433414871e-12 1.6111678160e-11
1.3562011719e+02 2.4311354062e-11 8.2286855107e-12 1.6082668551e-11
1.3568115234e+02 2.4258183181e-11 8.2121964639e-12 1.6045986717e-11
1.3574218750e+02 2.4199232368e-11 8.1923786419e-12 1.6006853726e-11
1.3580322266e+02 2.4148741404e-11 8.1756578229e-12 1.5973083581e-11
1.3586425781e+02 2.4090667713e-11 8.1544242025e-12 1.5936243510e-11
1.3592529297e+02 2.4038492305e-11 8.1362813606e-12 1.5902210944e-11
1.3598632812e+02 2.3991553862e-11 8.1206769534e-12 1.5870876909e-11
1.3604736328e+02 2.3941410355e-11 8.1033453929e-12 1.5838064962e-11
1.3610839844e+02 2.3884743663e-11 8.0837245546e-12 1.5801019108e-11
1.3616943359e+02 2.3837625151e-11 8.0684454036e-12 1.5769179748e-11
1.3623046875e+02 2.3795550982e-11 8.0530188957e-12 1.5742532087e-11
1.3629150391e+02 2.3744835798e-11 8.0338090868e-12 1.5711026711e-11
1.3635253906e+02 2.3693107852e-11 8.0152376434e-12 1.5677870208e-11
1.3641357422e+02 2.3647336295e-11 8.0005029283e-12 1.5646833367e-11
1.3647460938e+02 2.3604773339e-11 7.9888753354e-12 1.5615898004e-11
1.3653564453e+02 2.3558235409e-11 7.9711153530e-12 1.5587120056e-11
1.3659667969e+02 2.3513267461e-11 7.9558104273e-12 1.5557457034e-11
1.3665771484e+02 2.3465946583e-11 7.9412672859e-12 1.5524679297e-11
1.3671875000e+02 2.3411288836e-11 7.9238026775e-12 1.5487486158e-11
1.3677978516e+02 2.3361137558e-11 7.9064449480e-12 1.5454692610e-11
1.3684082031e+02 2.3309626699e-11 7.8892381861e-12 1.5420388513e-11
1.3690185547e+02 2.3256687002e-11 7.8695832372e-12 1.5387103765e-11
1.3696289062e+02 2.3209014229e-11 7.8564210392e-12 1.5352593190e-11
1.3702392578e+02 2.3164159313e-11 7.8413409002e-12 1.5322818413e-11
1.3708496094e+02 2.3120445453e-11 7.8233036970e-12 1.5297141756e-11
1.3714599609e+02 2.3079945663e-11 7.8100130652e-12 1.5269932598e-11
1.3720703125e+02 2.3036364395e-11 7.7950699641e-12 1.5241294431e-11
1.3726806641e+02 2.2992667276e-11 7.7821953895e-12 1.5210471886e-11
1.3732910156e+02 2.2937891492e-11 7.7630918577e-12 1.5174799635e-11
1.3739013672e+02 2.2876603133e-11 7.7428092809e-12 1.5133793852e-11
1.3745117188e+02 2.2824681181e-11 7.7268579625e-12 1.5097823219e-11
1.3751220703e+02 2.2779498127e-11 7.7135293530e-12 1.5065968774e-11
1.3757324219e+02 2.2732652015e-11 7.6975819160e-12 1.5035070099e-11
1.3763427734e+02 2.2686248333e-11 7.6838141180e-12 1.5002434215e-11
1.3769531250e+02 2.2641526765e-11 7.6665924918e-12 1.4974934273e-11
1.3775634766e+02 2.2595837049e-11 7.6489366042e-12 1.4946900445e-11
1.3781738281e+02 2.2552463265e-11 7.6334061534e-12 1.4919057111e-11
1.3787841797e+02 2.2509104418e-11 7.6186384514e-12 1.4890465967e-11
1.3793945312e+02 2.2469093070e-11 7.6070493107e-12 1.4862043759e-11
1.3800048828e+02 2.2419410682e-11 7.5883766988e-12 1.4831033983e-11
1.3806152344e+02 2.2363586393e-11 7.5678518306e-12 1.4795734563e-11
1.3812255859e+02 2.2317944241e-11 7.5556873591e-12 1.4762256882e-11
1.3818359375e+02 2.2270074703e-11 7.5400874395e-12 1.4729987263e-11
1.3824462891e+02 2.2223861590e-11 7.5227933379e-12 1.4701068253e-11
1.3830566406e+02 2.2176917039e-11 7.5064778585e-12 1.4670439180e-11
1.3836669922e+02 2.2132649854e-11 7.4905616708e-12 1.4642088183e-11
1.3842773438e+02 2.2082249351e-11 7.4737056542e-12 1.4608543697e-11
1.3848876953e+02 2.2037202780e-11 7.4618000706e-12 1.4575402710e-11
1.3854980469e+02 2.1986773512e-11 7.4450304793e-12 1.4541743032e-11
1.3861083984e+02 2.1940487799e-11 7.4294277805e-12 1.4511060019e-11
1.3867187500e+02 2.1892467085e-11 7.4138800584e-12 1.4478587026e-11
1.3873291016e+02 2.1844703839e-11 7.3980965852e-12 1.4446607254e-11
1.3879394531e+02 2.1796997962e-11 7.3829520594e-12 1.4414045903e-11
1.3885498047e+02 2.1748757297e-11 7.3665692025e-12 1.4382188095e-11
1.3891601562e+02 2.1708327943e-11 7.3523613269e-12 1.4355966616e-11
1.3897705078e+02 2.1671449475e-11 7.3400827662e-12 1.4331366709e-11
1.3903808594e+02 2.1632834830e-11 7.3256869242e-12 1.4307147906e-11
1.3909912109e+02 2.1587245192e-11 7.3097995144e-12 1.4277445678e-11
1.3916015625e+02 2.1539857598e-11 7.2917765469e-12 1.4248081051e-11
1.3922119141e+02 2.1489764741e-11 7.2757931573e-12 1.4213971584e-11
1.3928222656e+02 2.1446840910e-11 7.2599360914e-12 1.4186904819e-11
1.3934326172e+02 2.1397094270e-11 7.2455465408e-12 1.4151547730e-11
1.3940429688e+02 2.1345907301e-11 7.2303895021e-12 1.4115517799e-11
1.3946533203e+02 2.1303736453e-11 7.2153093903e-12 1.4088427062e-11
1.3952636719e+02 2.1266327064e-11 7.2021716852e-12 1.4064155378e-11
1.3958740234e+02 2.1219455719e-11 7.1871585772e-12 1.4032297141e-11
1.3964843750e+02 2.1173913169e-11 7.1708257799e-12 1.4003087389e-11
1.3970947266e+02 2.1131610031e-11 7.1544032382e-12 1.3977206793e-11
1.3977050781e+02 2.1094895839e-11 7.1434903666e-12 1.3951405473e-11
1.3983154297e+02 2.1046393991e-11 7.1255791321e-12 1.3920814858e-11
1.3989257812e+02 2.1009418884e-11 7.1141449339e-12 1.3895273950e-11
1.3995361328e+02 2.0963581221e-11 7.0964023198e-12 1.3867178901e-11
1.4001464844e+02 2.0912865632e-11 7.0803761240e-12 1.3832489508e-11
1.4007568359e+02 2.0867557399e-11 7.0636781644e-12 1.3803879235e-11
1.4013671875e+02 2.0829619950e-11 7.0540582994e-12 1.3775561650e-11
1.4019775391e+02 2.0789221765e-11 7.0390838228e-12 1.3750137942e-11
1.4025878906e+02 2.0751645936e-11 7.0257757746e-12 1.3725870161e-11
1.4031982422e+02 2.0704345054e-11 7.0080348528e-12 1.3696310201e-11
1.4038085938e+02 2.0657260243e-11 6.9940313119e-12 1.3663228932e-11
1.4044189453e+02 2.0618855378e-11 6.9824436579e-12 1.3636411720e-11
1.4050292969e+02 2.0569559026e-11 6.9653296527e-12 1.3604229373e-11
1.4056396484e+02 2.0522871232e-11 6.9499627466e-12 1.3572908485e-11
1.4062500000e+02 2.0481009531e-11 6.9365288037e-12 1.3544480727e-11
1.4068603516e+02 2.0441539383e-11 6.9218981878e-12 1.3519641195e-11
1.4074707031e+02 2.0399060385e-11 6.9081968235e-12 1.3490863561e-11
1.4080810547e+02 2.0353961779e-11 6.8935538940e-12 1.3460407885e-11
1.4086914062e+02 2.0309259907e-11 6.8789466182e-12 1.3430313289e-11
1.4093017578e+02 2.0266170699e-11 6.8638467878e-12 1.3402323911e-11
1.4099121094e+02 2.0225227251e-11 6.8479632440e-12 1.3377264007e-11
1.4105224609e+02 2.0184167478e-11 6.8343548459e-12 1.3349812633e-11
1.4111328125e+02 2.0145044109e-11 6.8224938283e-12 1.3322550280e-11
1.4117431641e+02 2.0099546610e-11 6.8054448630e-12 1.3294101747e-11
1.4123535156e+02 2.0053966914e-11 6.7923086351e-12 1.3261658279e-11
1.4129638672e+02 2.0014317232e-11 6.7805408272e-12 1.3233776405e-11
1.4135742188e+02 1.9972273325e-11 6.7661954991e-12 1.3206077826e-11
1.4141845703e+02 1.9935413232e-11 6.7519198150e-12 1.3183493417e-11
1.4147949219e+02 1.9896484684e-11 6.7395622051e-12 1.3156922479e-11
1.4154052734e+02 1.9853689821e-11 6.7248582872e-12 1.3128831533e-11
1.4160156250e+02 1.9811480540e-11 6.7090067748e-12 1.3102473765e-11
1.4166259766e+02 1.9767875297e-11 6.6951286139e-12 1.3072746683e-11
1.4172363281e+02 1.9728646919e-11 6.6810062860e-12 1.3047640633e-11
1.4178466797e+02 1.9684917584e-11 6.6670600085e-12 1.3017857576e-11
1.4184570312e+02 1.9642174890e-11 6.6520461474e-12 1.2990128742e-11
1.4190673828e+02 1.9598618974e-11 6.6393302285e-12 1.2959288746e-11
1.4196777344e+02 1.9556431545e-11 6.6254910132e-12 1.2930940531e-11
1.4202880859e+02 1.9515588757e-11 6.6121092633e-12 1.2903479494e-11
1.4208984375e+02 1.9479835147e-11 6.5991639561e-12 1.2880671191e-11
1.4215087891e+02 1.9441385276e-11 6.5819750322e-12 1.2859410244e-11
1.4221191406e+02 1.9404546553e-11 6.5685517153e-12 1.2835994838e-11
1.4227294922e+02 1.9363194061e-11 6.5561291452e-12 1.2807064916e-11
1.4233398438e+02 1.9317896532e-11 6.5430764816e-12 1.2774820050e-11
1.4239501953e+02 1.9276376581e-11 6.5300174043e-12 1.2746359177e-11
1.4245605469e+02 1.9236222176e-11 6.5171521746e-12 1.2719070001e-11
1.4251708984e+02 1.9200475548e-11 6.5042900018e-12 1.2696185547e-11
1.4257812500e+02 1.9159778411e-11 6.4896830888e-12 1.2670095322e-11
1.4263916016e+02 1.9119533619e-11 6.4763323753e-12 1.2643201244e-11
1.4270019531e+02 1.9079484183e-11 6.4611717817e-12 1.2618312401e-11
1.4276123047e+02 1.9035138978e-11 6.4491495949e-12 1.2585989384e-11
1.4282226562e+02 1.8993789888e-11 6.4373947109e-12 1.2556395177e-11
1.4288330078e+02 1.8952778633e-11 6.4221048487e-12 1.2530673784e-11
1.4294433594e+02 1.8914587108e-11 6.4097232797e-12 1.2504863828e-11
1.4300537109e+02 1.8872943543e-11 6.3946673873e-12 1.2478276156e-11
1.4306640625e+02 1.8833102890e-11 6.3807952858e-12 1.2452307604e-11
1.4312744141e+02 1.8794984956e-11 6.3678655144e-12 1.2427119442e-11
1.4318847656e+02 1.8756233192e-11 6.3554308216e-12 1.2400802371e-11
1.4324951172e+02 1.8713577023e-11 6.3419533918e-12 1.2371623631e-11
1.4331054688e+02 1.8677560648e-11 6.3266977847e-12 1.2350862863e-11
1.4337158203e+02 1.8638528128e-11 6.3116699663e-12 1.2326858161e-11
1.4343261719e+02 1.8601846824e-11 6.3017663612e-12 1.2300080462e-11
1.4349365234e+02 1.8564189001e-11 6.2887824074e-12 1.2275406593e-11
1.4355468750e+02 1.8523350826e-11 6.2748293611e-12 1.2248521465e-11
1.4361572266e+02 1.8485477441e-11 6.2625436097e-12 1.2222933831e-11
1.4367675781e+02 1.8445684648e-11 6.2508857972e-12 1.2194798851e-11
1.4373779297e+02 1.8407171210e-11 6.2378675614e-12 1.2169303649e-11
1.4379882812e+02 1.8367831285e-11 6.2250354006e-12 1.2142795885e-11
1.4385986328e+02 1.8325421580e-11 6.2115688753e-12 1.2113852705e-11
1.4392089844e+02 1.8288336668e-11 6.1990255188e-12 1.2089311149e-11
1.4398193359e+02 1.8246757191e-11 6.1847564473e-12 1.2062000743e-11
1.4404296875e+02 1.8210308697e-11 6.1723111439e-12 1.2037997553e-11
1.4410400391e+02 1.8175801905e-11 6.1586864820e-12 1.2017115423e-11
1.4416503906e+02 1.8135917297e-11 6.1458757766e-12 1.1990041520e-11
1.4422607422e+02 1.8098189353e-11 6.1345909161e-12 1.1963598436e-11
1.4428710938e+02 1.8061226179e-11 6.1210547612e-12 1.1940171417e-11
1.4434814453e+02 1.8022092296e-11 6.1057770662e-12 1.1916315230e-11
1.4440917969e+02 1.7990428991e-11 6.0947601163e-12 1.1895668875e-11
1.4447021484e+02 1.7951101543e-11 6.0824877676e-12 1.1868613775e-11
1.4453125000e+02 1.7917001557e-11 6.0700886986e-12 1.1846912858e-11
1.4459228516e+02 1.7880092366e-11 6.0591781134e-12 1.1820914252e-11
1.4465332031e+02 1.7840411754e-11 6.0463146138e-12 1.1794097140e-11
1.4471435547e+02 1.7801526660e-11 6.0312943064e-12 1.1770232353e-11
1.4477539062e+02 1.7764462109e-11 6.0191663312e-12 1.1745295778e-11
1.4483642578e+02 1.7725411588e-11 6.0061853607e-12 1.1719226227e-11
1.4489746094e+02 1.7691160788e-11 5.9950459782e-12 1.1696114810e-11
1.4495849609e+02 1.7654849823e-11 5.9823411747e-12 1.1672508648e-11
1.4501953125e+02 1.7618940649e-11 5.9716738512e-12 1.1647266798e-11
1.4508056641e+02 1.7579940422e-11 5.9603190629e-12 1.1619621359e-11
1.4514160156e+02 1.7543201147e-11 5.9477339601e-12 1.1595467187e-11
1.4520263672e+02 1.7502084946e-11 5.9324147454e-12 1.1569670201e-11
1.4526367188e+02 1.7468027236e-11 5.9196997770e-12 1.1548327459e-11
1.4532470703e+02 1.7432246611e-11 5.9073195153e-12 1.1524927096e-11
1.4538574219e+02 1.7399123835e-11 5.8973056101e-12 1.1501818225e-11
1.4544677734e+02 1.7357675996e-11 5.8831675210e-12 1.1474508475e-11
1.4550781250e+02 1.7321888691e-11 5.8695795589e-12 1.1452309132e-11
1.4556884766e+02 1.7285927160e-11 5.8559328575e-12 1.1429994303e-11
1.4562988281e+02 1.7249797826e-11 5.8456359215e-12 1.1404161905e-11
1.4569091797e+02 1.7209864001e-11 5.8321994922e-12 1.1377664508e-11
1.4575195312e+02 1.7176964971e-11 5.8205939155e-12 1.1356371055e-11
1.4581298828e+02 1.7144465765e-11 5.8090767565e-12 1.1335389008e-11
1.4587402344e+02 1.7106283464e-11 5.7979845285e-12 1.1308298935e-11
1.4593505859e+02 1.7074559097e-11 5.7864222825e-12 1.1288136814e-11
1.4599609375e+02 1.7035669036e-11 5.7730854251e-12 1.1262583610e-11
1.4605712891e+02 1.6999766139e-11 5.7594868576e-12 1.1240279281e-11
1.4611816406e+02 1.6962654836e-11 5.7472668865e-12 1.1215387949e-11
1.4617919922e+02 1.6924752618e-11 5.7345237252e-12 1.1190228892e-11
1.4624023438e+02 1.6889680410e-11 5.7240297666e-12 1.1165650644e-11
1.4630126953e+02 1.6854265690e-11 5.7123203215e-12 1.1141945369e-11
1.4636230469e+02 1.6820893933e-11 5.7028510806e-12 1.1118042853e-11
1.4642333984e+02 1.6785089052e-11 5.6915176331e-12 1.1093571419e-11
1.4648437500e+02 1.6748770273e-11 5.6772207983e-12 1.1071549475e-11
1.4654541016e+02 1.6718429325e-11 5.6655591540e-12 1.1052870171e-11
1.4660644531e+02 1.6684681786e-11 5.6540843313e-12 1.1030597455e-11
1.4666748047e+02 1.6646986659e-11 5.6411336780e-12 1.1005852981e-11
1.4672851562e+02 1.6609604287e-11 5.6297034426e-12 1.0979900845e-11
1.4678955078e+02 1.6574792427e-11 5.6183291645e-12 1.0956463263e-11
1.4685058594e+02 1.6540151947e-11 5.6085581098e-12 1.0931593837e-11
1.4691162109e+02 1.6501518681e-11 5.5950013673e-12 1.0906517314e-11
1.4697265625e+02 1.6467756896e-11 5.5820557532e-12 1.0885701143e-11
1.4703369141e+02 1.6433672058e-11 5.5703073280e-12 1.0863364730e-11
1.4709472656e+02 1.6398917703e-11 5.5596282080e-12 1.0839289495e-11
1.4715576172e+02 1.6365902526e-11 5.5476788767e-12 1.0818223650e-11
1.4721679688e+02 1.6333045368e-11 5.5342807020e-12 1.0798764666e-11
1.4727783203e+02 1.6299129861e-11 5.5220021224e-12 1.0777127739e-11
1.4733886719e+02 1.6266975909e-11 5.5111421048e-12 1.0755833805e-11
1.4739990234e+02 1.6230817495e-11 5.5000157699e-12 1.0730801726e-11
1.4746093750e+02 1.6195472091e-11 5.4894101178e-12 1.0706061973e-11
1.4752197266e+02 1.6161244735e-11 5.4794127912e-12 1.0681831944e-11
1.4758300781e+02 1.6124745684e-11 5.4665012218e-12 1.0658244462e-11
1.4764404297e+02 1.6091985302e-11 5.4545711282e-12 1.0637414174e-11
1.4770507812e+02 1.6057608390e-11 5.4432111655e-12 1.0614397224e-11
1.4776611328e+02 1.6020519529e-11 5.4295463602e-12 1.0590973169e-11
1.4782714844e+02 1.5990478720e-11 5.4188700360e-12 1.0571608684e-11
1.4788818359e+02 1.5956065222e-11 5.4080584087e-12 1.0548006814e-11
1.4794921875e+02 1.5923475812e-11 5.3984749852e-12 1.0525000826e-11
1.4801025391e+02 1.5889053721e-11 5.3852645615e-12 1.0503789160e-11
1.4807128906e+02 1.5857212466e-11 5.3762644650e-12 1.0480948001e-11
1.4813232422e+02 1.5818381630e-11 5.3634868617e-12 1.0454894768e-11
1.4819335938e+02 1.5787071256e-11 5.3516198027e-12 1.0435451454e-11
1.4825439453e+02 1.5751601212e-11 5.3410063994e-12 1.0410594813e-11
1.4831542969e+02 1.5718239682e-11 5.3298113041e-12 1.0388428378e-11
1.4837646484e+02 1.5687278232e-11 5.3168057271e-12 1.0370472505e-11
1.4843750000e+02 1.5655379082e-11 5.3047018318e-12 1.0350677250e-11
1.4849853516e+02 1.5624231185e-11 5.2951328985e-12 1.0329098286e-11
1.4855957031e+02 1.5593303246e-11 5.2844953379e-12 1.0308807908e-11
1.4862060547e+02 1.5560831213e-11 5.2721024169e-12 1.0288728797e-11
1.4868164062e+02 1.5526766753e-11 5.2616246461e-12 1.0265142107e-11
1.4874267578e+02 1.5493199072e-11 5.2513202401e-12 1.0241878832e-11
1.4880371094e+02 1.5458486318e-11 5.2396954135e-12 1.0218790904e-11
1.4886474609e+02 1.5428236946e-11 5.2289638803e-12 1.0199273066e-11
1.4892578125e+02 1.5396532480e-11 5.2186492971e-12 1.0177883183e-11
1.4898681641e+02 1.5361098113e-11 5.2062353324e-12 1.0154862781e-11
1.4904785156e+02 1.5330202311e-11 5.1963238725e-12 1.0133878438e-11
1.4910888672e+02 1.5296832491e-11 5.1841617413e-12 1.0112670749e-11
1.4916992188e+02 1.5262059736e-11 5.1737167937e-12 1.0088342942e-11
1.4923095703e+02 1.5229115824e-11 5.1623663371e-12 1.0066749487e-11
1.4929199219e+02 1.5196212958e-11 5.1518497871e-12 1.0044363171e-11
1.4935302734e+02 1.5163512667e-11 5.1396844586e-12 1.0023828208e-11
1.4941406250e+02 1.5130828546e-11 5.1303952403e-12 1.0000433306e-11
1.4947509766e+02 1.5098728816e-11 5.1192965416e-12 9.9794322746e-12
1.4953613281e+02 1.5066573871e-11 5.1062253743e-12 9.9603484966e-12
1.4959716797e+02 1.5037276693e-11 5.0953927269e-12 9.9418839656e-12
1.4965820312e+02 1.5007582475e-11 5.0861703225e-12 9.9214121527e-12
1.4971923828e+02 1.4972174185e-11 5.0738181622e-12 9.8983560229e-12
1.4978027344e+02 1.4942608744e-11 5.0649608969e-12 9.8776478470e-12
1.4984130859e+02 1.4911930339e-11 5.0540096289e-12 9.8579207102e-12
1.4990234375e+02 1.4879572429e-11 5.0442331923e-12 9.8353392363e-12
1.4996337891e+02 1.4846567117e-11 5.0338255761e-12 9.8127415413e-12
1.5002441406e+02 1.4815588047e-11 5.0225749495e-12 9.7930130979e-12
1.5008544922e+02 1.4783645392e-11 5.0115459763e-12 9.7720994159e-12
1.5014648438e+02 1.4752539356e-11 5.0024603897e-12 9.7500789666e-12
1.5020751953e+02 1.4720748050e-11 4.9919293632e-12 9.7288186871e-12
1.5026855469e+02 1.4692845959e-11 4.9822576318e-12 9.7105883274e-12
1.5032958984e+02 1.4661789208e-11 4.9713937720e-12 9.6903954357e-12
1.5039062500e+02 1.4627942378e-11 4.9598985064e-12 9.6680438719e-12
1.5045166016e+02 1.4600333076e-11 4.9505706209e-12 9.6497624556e-12
1.5051269531e+02 1.4567506884e-11 4.9395066027e-12 9.6280002810e-12
1.5057373047e+02 1.4536575399e-11 4.9306848703e-12 9.6058905289e-12
1.5063476562e+02 1.4507388722e-11 4.9193131933e-12 9.5880755284e-12
1.5069580078e+02 1.4474845948e-11 4.9076904333e-12 9.5671555144e-12
1.5075683594e+02 1.4444724262e-11 4.8982453589e-12 9.5464789028e-12
1.5081787109e+02 1.4413552960e-11 4.8871018020e-12 9.5264511581e-12
1.5087890625e+02 1.4383138194e-11 4.8765763910e-12 9.5065618029e-12
1.5093994141e+02 1.4351716140e-11 4.8668586939e-12 9.4848574462e-12
1.5100097656e+02 1.4319189002e-11 4.8564336658e-12 9.4627553357e-12
1.5106201172e+02 1.4292568552e-11 4.8466212177e-12 9.4459473346e-12
1.5112304688e+02 1.4263621659e-11 4.8370118484e-12 9.4266098105e-12
1.5118408203e+02 1.4233431660e-11 4.8248560105e-12 9.4085756499e-12
1.5124511719e+02 1.4204937558e-11 4.8160559175e-12 9.3888816407e-12
1.5130615234e+02 1.4176074600e-11 4.8059890080e-12 9.3700855922e-12
1.5136718750e+02 1.4142341992e-11 4.7962284040e-12 9.3461135884e-12
1.5142822266e+02 1.4113102756e-11 4.7840203527e-12 9.3290824029e-12
1.5148925781e+02 1.4082717514e-11 4.7745411378e-12 9.3081763764e-12
1.5155029297e+02 1.4053035355e-11 4.7637341485e-12 9.2893012063e-12
1.5161132812e+02 1.4025353011e-11 4.7548824179e-12 9.2704705933e-12
1.5167236328e+02 1.3996237225e-11 4.7454982484e-12 9.2507389764e-12
1.5173339844e+02 1.3967279068e-11 4.7357703462e-12 9.2315087217e-12
1.5179443359e+02 1.3935594822e-11 4.7237715152e-12 9.2118233065e-12
1.5185546875e+02 1.3903722905e-11 4.7143930973e-12 9.1893298078e-12
1.5191650391e+02 1.3871259985e-11 4.7047414400e-12 9.1665185452e-12
1.5197753906e+02 1.3841213217e-11 4.6954265475e-12 9.1457866698e-12
1.5203857422e+02 1.3814122140e-11 4.6846334487e-12 9.1294886912e-12
1.5209960938e+02 1.3784211312e-11 4.6729517170e-12 9.1112595951e-12
1.5216064453e+02 1.3754875561e-11 4.6640016975e-12 9.0908738634e-12
1.5222167969e+02 1.3726986031e-11 4.6547382531e-12 9.0722477783e-12
1.5228271484e+02 1.3696246108e-11 4.6436793059e-12 9.0525668025e-12
1.5234375000e+02 1.3669189507e-11 4.6346764306e-12 9.0345130767e-12
1.5240478516e+02 1.3639757617e-11 4.6257346940e-12 9.0140229231e-12
1.5246582031e+02 1.3612107880e-11 4.6167239989e-12 8.9953838815e-12
1.5252685547e+02 1.3583059993e-11 4.6056551066e-12 8.9774048868e-12
1.5258789062e+02 1.3556283468e-11 4.5961800331e-12 8.9601034349e-12
1.5264892578e+02 1.3525350647e-11 4.5852339848e-12 8.9401166626e-12
1.5270996094e+02 1.3497193052e-11 4.5771631764e-12 8.9200298753e-12
1.5277099609e+02 1.3466454642e-11 4.5674515791e-12 8.8990030630e-12
1.5283203125e+02 1.3436643776e-11 4.5577486610e-12 8.8788951151e-12
1.5289306641e+02 1.3408796812e-11 4.5451538560e-12 8.8636429556e-12
1.5295410156e+02 1.3378996256e-11 4.5357435067e-12 8.8432527493e-12
1.5301513672e+02 1.3349327088e-11 4.5266121366e-12 8.8227149518e-12
1.5307617188e+02 1.3321754315e-11 4.5193420989e-12 8.8024122159e-12
1.5313720703e+02 1.3295580004e-11 4.5105108160e-12 8.7850691877e-12
1.5319824219e+02 1.3267320214e-11 4.4982521300e-12 8.7690680839e-12
1.5325927734e+02 1.3236670903e-11 4.4875257709e-12 8.7491451320e-12
1.5332031250e+02 1.3206169113e-11 4.4778063779e-12 8.7283627346e-12
1.5338134766e+02 1.3175802870e-11 4.4676394235e-12 8.7081634468e-12
1.5344238281e+02 1.3150107453e-11 4.4575294824e-12 8.6925779703e-12
1.5350341797e+02 1.3123527184e-11 4.4481559137e-12 8.6753712704e-12
1.5356445312e+02 1.3097357123e-11 4.4412607889e-12 8.6560963341e-12
1.5362548828e+02 1.3070597885e-11 4.4324054604e-12 8.6381924250e-12
1.5368652344e+02 1.3042847349e-11 4.4227083305e-12 8.6201390186e-12
1.5374755859e+02 1.3014720819e-11 4.4127590767e-12 8.6019617427e-12
1.5380859375e+02 1.2982814665e-11 4.4019486839e-12 8.5808659807e-12
1.5386962891e+02 1.2956443375e-11 4.3925824083e-12 8.5638609670e-12
1.5393066406e+02 1.2929897732e-11 4.3849890473e-12 8.5449086847e-12
1.5399169922e+02 1.2902281645e-11 4.3755869254e-12 8.5266947194e-12
1.5405273438e+02 1.2873499539e-11 4.3647338358e-12 8.5087657029e-12
1.5411376953e+02 1.2847106278e-11 4.3554870541e-12 8.4916192237e-12
1.5417480469e+02 1.2819731624e-11 4.3471212215e-12 8.4726104030e-12
1.5423583984e+02 1.2790675852e-11 4.3389664408e-12 8.4517094114e-12
1.5429687500e+02 1.2765572177e-11 4.3297674594e-12 8.4358047175e-12
1.5435791016e+02 1.2732989632e-11 4.3192309909e-12 8.4137586411e-12
1.5441894531e+02 1.2706305140e-11 4.3103251381e-12 8.3959800021e-12
1.5447998047e+02 1.2681861134e-11 4.3011142784e-12 8.3807468558e-12
1.5454101562e+02 1.2658584524e-11 4.2936559216e-12 8.3649286027e-12
1.5460205078e+02 1.2632925824e-11 4.2849831557e-12 8.3479426683e-12
1.5466308594e+02 1.2605908465e-11 4.2765283225e-12 8.3293801428e-12
1.5472412109e+02 1.2576926067e-11 4.2655015480e-12 8.3114245193e-12
1.5478515625e+02 1.2547930526e-11 4.2563966009e-12 8.2915339255e-12
1.5484619141e+02 1.2517656648e-11 4.2460861199e-12 8.2715705285e-12
1.5490722656e+02 1.2493693334e-11 4.2380165200e-12 8.2556768136e-12
1.5496826172e+02 1.2465806129e-11 4.2279496809e-12 8.2378564481e-12
1.5502929688e+02 1.2440149043e-11 4.2192181301e-12 8.2209309126e-12
1.5509033203e+02 1.2412645100e-11 4.2099642545e-12 8.2026808455e-12
1.5515136719e+02 1.2385300558e-11 4.2003468030e-12 8.1849537551e-12
1.5521240234e+02 1.2358104900e-11 4.1910906744e-12 8.1670142252e-12
1.5527343750e+02 1.2330559402e-11 4.1826110548e-12 8.1479483476e-12
1.5533447266e+02 1.2305817235e-11 4.1734203952e-12 8.1323968401e-12
1.5539550781e+02 1.2282736853e-11 4.1650283949e-12 8.1177084582e-12
1.5545654297e+02 1.2254257316e-11 4.1566146125e-12 8.0976427040e-12
1.5551757812e+02 1.2222891476e-11 4.1462077308e-12 8.0766837455e-12
1.5557861328e+02 1.2196283538e-11 4.1360741151e-12 8.0602094225e-12
1.5563964844e+02 1.2168931494e-11 4.1282918882e-12 8.0406396054e-12
1.5570068359e+02 1.2142786298e-11 4.1204489847e-12 8.0223373130e-12
1.5576171875e+02 1.2119447886e-11 4.1115222779e-12 8.0079256082e-12
1.5582275391e+02 1.2097370049e-11 4.1028234266e-12 7.9945466227e-12
1.5588378906e+02 1.2072611833e-11 4.0936118778e-12 7.9789999551e-12
1.5594482422e+02 1.2044944943e-11 4.0847980530e-12 7.9601468898e-12
1.5600585938e+02 1.2015600014e-11 4.0755328021e-12 7.9400672118e-12
1.5606689453e+02 1.1988271169e-11 4.0664255120e-12 7.9218456574e-12
1.5612792969e+02 1.1968041844e-11 4.0597143874e-12 7.9083274567e-12
1.5618896484e+02 1.1943883853e-11 4.0512695923e-12 7.8926142607e-12
1.5625000000e+02 1.1918270046e-11 4.0425644332e-12 7.8757056126e-12
1.5631103516e+02 1.1891239808e-11 4.0336812448e-12 7.8575585630e-12
1.5637207031e+02 1.1863800225e-11 4.0249075380e-12 7.8388926869e-12
1.5643310547e+02 1.1838075867e-11 4.0162421488e-12 7.8218337183e-12
1.5649414062e+02 1.1811964014e-11 4.0067718822e-12 7.8051921320e-12
1.5655517578e+02 1.1786666175e-11 3.9975991093e-12 7.7890670659e-12
1.5661621094e+02 1.1760620275e-11 3.9886152795e-12 7.7720049957e-12
1.5667724609e+02 1.1737121832e-11 3.9802393173e-12 7.7568825145e-12
1.5673828125e+02 1.1714343757e-11 3.9735657695e-12 7.7407779873e-12
1.5679931641e+02 1.1687053562e-11 3.9646481809e-12 7.7224053807e-12
1.5686035156e+02 1.1661055054e-11 3.9554348832e-12 7.7056201706e-12
1.5692138672e+02 1.1634637776e-11 3.9468124867e-12 7.6878252895e-12
1.5698242188e+02 1.1608355386e-11 3.9376494409e-12 7.6707059453e-12
1.5704345703e+02 1.1585088978e-11 3.9294780561e-12 7.6556109219e-12
1.5710449219e+02 1.1561117363e-11 3.9215617379e-12 7.6395556247e-12
1.5716552734e+02 1.1534784014e-11 3.9126801373e-12 7.6221038769e-12
1.5722656250e+02 1.1507760102e-11 3.9036513664e-12 7.6041087356e-12
1.5728759766e+02 1.1481446841e-11 3.8945814717e-12 7.5868653688e-12
1.5734863281e+02 1.1457991879e-11 3.8872906297e-12 7.5707012495e-12
1.5740966797e+02 1.1435101772e-11 3.8798426271e-12 7.5552591445e-12
1.5747070312e+02 1.1412272405e-11 3.8728900327e-12 7.5393823727e-12
1.5753173828e+02 1.1387967285e-11 3.8643982124e-12 7.5235690722e-12
1.5759277344e+02 1.1363481535e-11 3.8546142853e-12 7.5088672497e-12
1.5765380859e+02 1.1335970883e-11 3.8451250235e-12 7.4908458599e-12
1.5771484375e+02 1.1312809902e-11 3.8377930226e-12 7.4750168797e-12
1.5777587891e+02 1.1287327873e-11 3.8304841547e-12 7.4568437186e-12
1.5783691406e+02 1.1262396040e-11 3.8224686953e-12 7.4399273448e-12
1.5789794922e+02 1.1235547152e-11 3.8121412058e-12 7.4234059458e-12
1.5795898438e+02 1.1214816865e-11 3.8042933474e-12 7.4105235175e-12
1.5802001953e+02 1.1190472786e-11 3.7967888232e-12 7.3936839626e-12
1.5808105469e+02 1.1167598765e-11 3.7895632173e-12 7.3780355476e-12
1.5814208984e+02 1.1143680094e-11 3.7821049160e-12 7.3615751780e-12
1.5820312500e+02 1.1120903864e-11 3.7728754072e-12 7.3480284566e-12
1.5826416016e+02 1.1095328461e-11 3.7651584255e-12 7.3301700359e-12
1.5832519531e+02 1.1069441762e-11 3.7563452337e-12 7.3130965286e-12
1.5838623047e+02 1.1044131555e-11 3.7470722980e-12 7.2970592566e-12
1.5844726562e+02 1.1018287252e-11 3.7380142060e-12 7.2802730457e-12
1.5850830078e+02 1.0994027762e-11 3.7303287768e-12 7.2636989852e-12
1.5856933594e+02 1.0970565453e-11 3.7223711114e-12 7.2481943416e-12
1.5863037109e+02 1.0949214682e-11 3.7154037913e-12 7.2338108904e-12
1.5869140625e+02 1.0929054785e-11 3.7084704204e-12 7.2205843651e-12
1.5875244141e+02 1.0903310588e-11 3.7004322782e-12 7.2028783095e-12
1.5881347656e+02 1.0881906891e-11 3.6921711592e-12 7.1897357314e-12
1.5887451172e+02 1.0859578324e-11 3.6829120118e-12 7.1766663123e-12
1.5893554688e+02 1.0835045775e-11 3.6753475463e-12 7.1596982292e-12
1.5899658203e+02 1.0811314724e-11 3.6666349385e-12 7.1446797857e-12
1.5905761719e+02 1.0788601977e-11 3.6586995182e-12 7.1299024590e-12
1.5911865234e+02 1.0764163771e-11 3.6511025608e-12 7.1130612101e-12
1.5917968750e+02 1.0738761618e-11 3.6431027349e-12 7.0956588833e-12
1.5924072266e+02 1.0715286305e-11 3.6346970106e-12 7.0805892945e-12
1.5930175781e+02 1.0693870415e-11 3.6275166042e-12 7.0663538109e-12
1.5936279297e+02 1.0670135460e-11 3.6192814386e-12 7.0508540210e-12
1.5942382812e+02 1.0650124603e-11 3.6129594069e-12 7.0371651957e-12
1.5948486328e+02 1.0626174693e-11 3.6030482108e-12 7.0231264820e-12
1.5954589844e+02 1.0598208809e-11 3.5960165097e-12 7.0021922993e-12
1.5960693359e+02 1.0571821358e-11 3.5876886547e-12 6.9841327030e-12
1.5966796875e+02 1.0549272432e-11 3.5791488347e-12 6.9701235971e-12
1.5972900391e+02 1.0528044383e-11 3.5716156712e-12 6.9564287118e-12
1.5979003906e+02 1.0507392177e-11 3.5646749226e-12 6.9427172541e-12
1.5985107422e+02 1.0484414480e-11 3.5556659891e-12 6.9287484908e-12
1.5991210938e+02 1.0465004042e-11 3.5500194653e-12 6.9149845770e-12
1.5997314453e+02 1.0444004148e-11 3.5435061992e-12 6.9004979483e-12
1.6003417969e+02 1.0417540691e-11 3.5326663392e-12 6.8848743519e-12
1.6009521484e+02 1.0394556479e-11 3.5246922538e-12 6.8698642247e-12
1.6015625000e+02 1.0373917888e-11 3.5187741914e-12 6.8551436964e-12
1.6021728516e+02 1.0351811571e-11 3.5105875591e-12 6.8412240118e-12
1.6027832031e+02 1.0328970998e-11 3.5034825456e-12 6.8254884526e-12
1.6033935547e+02 1.0304907172e-11 3.4957774722e-12 6.8091296999e-12
1.6040039062e+02 1.0277754074e-11 3.4868878563e-12 6.7908662179e-12
1.6046142578e+02 1.0256138863e-11 3.4799377752e-12 6.7762010883e-12
1.6052246094e+02 1.0235167047e-11 3.4733406957e-12 6.7618263511e-12
1.6058349609e+02 1.0213313673e-11 3.4656608956e-12 6.7476527778e-12
1.6064453125e+02 1.0191956151e-11 3.4573488340e-12 6.7346073170e-12
1.6070556641e+02 1.0167607647e-11 3.4490400191e-12 6.7185676283e-12
1.6076660156e+02 1.0144557063e-11 3.4412938397e-12 6.7032632237e-12
1.6082763672e+02 1.0122953643e-11 3.4347220293e-12 6.6882316139e-12
1.6088867188e+02 1.0100511135e-11 3.4270294120e-12 6.6734817234e-12
1.6094970703e+02 1.0080530488e-11 3.4204551609e-12 6.6600753274e-12
1.6101074219e+02 1.0058087757e-11 3.4131533014e-12 6.6449344552e-12
1.6107177734e+02 1.0038154971e-11 3.4055231993e-12 6.6326317719e-12
1.6113281250e+02 1.0013690243e-11 3.3967468513e-12 6.6169433921e-12
1.6119384766e+02 9.9891404296e-12 3.3895607862e-12 6.5995796434e-12
1.6125488281e+02 9.9704406193e-12 3.3835875288e-12 6.5868530906e-12
1.6131591797e+02 9.9474337638e-12 3.3755072693e-12 6.5719264945e-12
1.6137695312e+02 9.9249792499e-12 3.3678496131e-12 6.5571296368e-12
1.6143798828e+02 9.9026755807e-12 3.3613156402e-12 6.5413599405e-12
1.6149902344e+02 9.8840085577e-12 3.3545463696e-12 6.5294621881e-12
1.6156005859e+02 9.8635730320e-12 3.3472646699e-12 6.5163083621e-12
1.6162109375e+02 9.8411100890e-12 3.3400145500e-12 6.5010955390e-12
1.6168212891e+02 9.8221416277e-12 3.3321945384e-12 6.4899470894e-12
1.6174316406e+02 9.8018517234e-12 3.3257245759e-12 6.4761271475e-12
1.6180419922e+02 9.7785085456e-12 3.3181165533e-12 6.4603919923e-12
1.6186523438e+02 9.7555284742e-12 3.3091027134e-12 6.4464257608e-12
1.6192626953e+02 9.7380184288e-12 3.3025818012e-12 6.4354366275e-12
1.6198730469e+02 9.7157791039e-12 3.2963337228e-12 6.4194453811e-12
1.6204833984e+02 9.6912133800e-12 3.2875777592e-12 6.4036356208e-12
1.6210937500e+02 9.6685928611e-12 3.2810545318e-12 6.3875383293e-12
1.6217041016e+02 9.6487633786e-12 3.2750272399e-12 6.3737361387e-12
1.6223144531e+02 9.6264568956e-12 3.2679367103e-12 6.3585201853e-12
1.6229248047e+02 9.6056618208e-12 3.2600144135e-12 6.3456474073e-12
1.6235351562e+02 9.5860231524e-12 3.2527139327e-12 6.3333092197e-12
1.6241455078e+02 9.5643375737e-12 3.2460241726e-12 6.3183134011e-12
1.6247558594e+02 9.5425534226e-12 3.2378702611e-12 6.3046831615e-12
1.6253662109e+02 9.5226524277e-12 3.2308202300e-12 6.2918321977e-12
1.6259765625e+02 9.5024178889e-12 3.2242652042e-12 6.2781526846e-12
1.6265869141e+02 9.4770397695e-12 3.2155240703e-12 6.2615156992e-12
1.6271972656e+02 9.4602781211e-12 3.2094797341e-12 6.2507983870e-12
1.6278076172e+02 9.4439537923e-12 3.2032979033e-12 6.2406558890e-12
1.6284179688e+02 9.4221673228e-12 3.1974473789e-12 6.2247199439e-12
1.6290283203e+02 9.4002712014e-12 3.1892260697e-12 6.2110451317e-12
1.6296386719e+02 9.3806232155e-12 3.1821895481e-12 6.1984336675e-12
1.6302490234e+02 9.3578366173e-12 3.1753651086e-12 6.1824715087e-12
1.6308593750e+02 9.3345682432e-12 3.1681282858e-12 6.1664399574e-12
1.6314697266e+02 9.3119210733e-12 3.1612582418e-12 6.1506628315e-12
1.6320800781e+02 9.2883219663e-12 3.1526136442e-12 6.1357083221e-12
1.6326904297e+02 9.2673266445e-12 3.1458973524e-12 6.1214292921e-12
1.6333007812e+02 9.2506891134e-12 3.1398390319e-12 6.1108500814e-12
1.6339111328e+02 9.2328685276e-12 3.1343747861e-12 6.0984937415e-12
1.6345214844e+02 9.2089297709e-12 3.1266185104e-12 6.0823112605e-12
1.6351318359e+02 9.1884710015e-12 3.1200453147e-12 6.0684256868e-12
1.6357421875e+02 9.1720265439e-12 3.1134127073e-12 6.0586138366e-12
1.6363525391e+02 9.1474092444e-12 3.1056096777e-12 6.0417995667e-12
1.6369628906e+02 9.1275665905e-12 3.0985934796e-12 6.0289731110e-12
1.6375732422e+02 9.1091231292e-12 3.0928590749e-12 6.0162640543e-12
1.6381835938e+02 9.0891575295e-12 3.0864625446e-12 6.0026949849e-12
1.6387939453e+02 9.0680398943e-12 3.0801378863e-12 5.9879020080e-12
1.6394042969e+02 9.0485795302e-12 3.0728948104e-12 5.9756847198e-12
1.6400146484e+02 9.0289352131e-12 3.0642335650e-12 5.9647016481e-12
1.6406250000e+02 9.0079444165e-12 3.0576152938e-12 5.9503291228e-12
1.6412353516e+02 8.9934007207e-12 3.0529621753e-12 5.9404385454e-12
1.6418457031e+02 8.9730245911e-12 3.0463539391e-12 5.9266706520e-12
1.6424560547e+02 8.9500044913e-12 3.0382572000e-12 5.9117472913e-12
1.6430664062e+02 8.9261980873e-12 3.0312512930e-12 5.8949467944e-12
1.6436767578e+02 8.9051537986e-12 3.0231956425e-12 5.8819581561e-12
1.6442871094e+02 8.8877047458e-12 3.0174808003e-12 5.8702239455e-12
1.6448974609e+02 8.8694472011e-12 3.0101466023e-12 5.8593005988e-12
1.6455078125e+02 8.8536533349e-12 3.0038986612e-12 5.8497546737e-12
1.6461181641e+02 8.8356444444e-12 2.9977700648e-12 5.8378743796e-12
1.6467285156e+02 8.8157954372e-12 2.9911799211e-12 5.8246155161e-12
1.6473388672e+02 8.7967063127e-12 2.9844415628e-12 5.8122647499e-12
1.6479492188e+02 8.7778637675e-12 2.9782089092e-12 5.7996548583e-12
1.6485595703e+02 8.7554760824e-12 2.9719163164e-12 5.7835597660e-12
1.6491699219e+02 8.7342786263e-12 2.9661628998e-12 5.7681157264e-12
1.6497802734e+02 8.7150772917e-12 2.9592727206e-12 5.7558045711e-12
1.6503906250e+02 8.6962737674e-12 2.9519584142e-12 5.7443153532e-12
1.6510009766e+02 8.6776884114e-12 2.9459570000e-12 5.7317314114e-12
1.6516113281e+02 8.6574840049e-12 2.9393154335e-12 5.7181685714e-12
1.6522216797e+02 8.6385468684e-12 2.9325489332e-12 5.7059979352e-12
1.6528320312e+02 8.6189691430e-12 2.9253662974e-12 5.6936028456e-12
1.6534423828e+02 8.6022097698e-12 2.9196861712e-12 5.6825235986e-12
1.6540527344e+02 8.5844357265e-12 2.9144502467e-12 5.6699854798e-12
1.6546630859e+02 8.5641979538e-12 2.9065588227e-12 5.6576391311e-12
1.6552734375e+02 8.5448867814e-12 2.9006169445e-12 5.6442698369e-12
1.6558837891e+02 8.5261699281e-12 2.8941586617e-12 5.6320112665e-12
1.6564941406e+02 8.5044897720e-12 2.8870745887e-12 5.6174151833e-12
1.6571044922e+02 8.4859799122e-12 2.8816158062e-12 5.6043641060e-12
1.6577148438e+02 8.4673421508e-12 2.8747909766e-12 5.5925511742e-12
1.6583251953e+02 8.4504208198e-12 2.8692370741e-12 5.5811837457e-12
1.6589355469e+02 8.4280710067e-12 2.8616144538e-12 5.5664565529e-12
1.6595458984e+02 8.4116743096e-12 2.8550473510e-12 5.5566269586e-12
1.6601562500e+02 8.3946340532e-12 2.8490565034e-12 5.5455775498e-12
1.6607666016e+02 8.3732024243e-12 2.8415429564e-12 5.5316594679e-12
1.6613769531e+02 8.3552504401e-12 2.8358434870e-12 5.5194069531e-12
1.6619873047e+02 8.3367474877e-12 2.8303402660e-12 5.5064072217e-12
1.6625976562e+02 8.3169096611e-12 2.8228897692e-12 5.4940198918e-12
1.6632080078e+02 8.2983483806e-12 2.8167769696e-12 5.4815714110e-12
1.6638183594e+02 8.2801869971e-12 2.8112006441e-12 5.4689863529e-12
1.6644287109e+02 8.2614105128e-12 2.8048130365e-12 5.4565974763e-12
1.6650390625e+02 8.2425439503e-12 2.7993191183e-12 5.4432248321e-12
1.6656494141e+02 8.2258204723e-12 2.7923153538e-12 5.4335051184e-12
1.6662597656e+02 8.2099188770e-12 2.7858834509e-12 5.4240354261e-12
1.6668701172e+02 8.1925050643e-12 2.7799707391e-12 5.4125343252e-12
1.6674804688e+02 8.1738326449e-12 2.7749081105e-12 5.3989245344e-12
1.6680908203e+02 8.1565569316e-12 2.7679459127e-12 5.3886110189e-12
1.6687011719e+02 8.1395100861e-12 2.7617017190e-12 5.3778083672e-12
1.6693115234e+02 8.1187788037e-12 2.7550264289e-12 5.3637523748e-12
1.6699218750e+02 8.0995316368e-12 2.7496189318e-12 5.3499127051e-12
1.6705322266e+02 8.0817593402e-12 2.7424903984e-12 5.3392689418e-12
1.6711425781e+02 8.0643717124e-12 2.7367139953e-12 5.3276577170e-12
1.6717529297e+02 8.0469918260e-12 2.7316372342e-12 5.3153545918e-12
1.6723632812e+02 8.0283116468e-12 2.7252836242e-12 5.3030280226e-12
1.6729736328e+02 8.0116646844e-12 2.7189876031e-12 5.2926770814e-12
1.6735839844e+02 7.9925520424e-12 2.7135859418e-12 5.2789661006e-12
1.6741943359e+02 7.9757254831e-12 2.7074201097e-12 5.2683053734e-12
1.6748046875e+02 7.9577001796e-12 2.7009203911e-12 5.2567797885e-12
1.6754150391e+02 7.9399827914e-12 2.6952614817e-12 5.2447213098e-12
1.6760253906e+02 7.9215328884e-12 2.6896039517e-12 5.2319289367e-12
1.6766357422e+02 7.9028404696e-12 2.6819256107e-12 5.2209148588e-12
1.6772460938e+02 7.8860293080e-12 2.6774506095e-12 5.2085786986e-12
1.6778564453e+02 7.8675192542e-12 2.6709539283e-12 5.1965653258e-12
1.6784667969e+02 7.8508587293e-12 2.6649306162e-12 5.1859281131e-12
1.6790771484e+02 7.8306087252e-12 2.6589020536e-12 5.1717066716e-12
1.6796875000e+02 7.8122387488e-12 2.6525126847e-12 5.1597260641e-12
1.6802978516e+02 7.7973558123e-12 2.6470949500e-12 5.1502608623e-12
1.6809082031e+02 7.7828316880e-12 2.6403137168e-12 5.1425179712e-12
1.6815185547e+02 7.7658066546e-12 2.6344920157e-12 5.1313146389e-12
1.6821289062e+02 7.7480710985e-12 2.6297120879e-12 5.1183590105e-12
1.6827392578e+02 7.7312794953e-12 2.6236287688e-12 5.1076507264e-12
1.6833496094e+02 7.7116857889e-12 2.6179308663e-12 5.0937549226e-12
1.6839599609e+02 7.6934593521e-12 2.6126877297e-12 5.0807716224e-12
1.6845703125e+02 7.6758552352e-12 2.6063907049e-12 5.0694645303e-12
1.6851806641e+02 7.6602031716e-12 2.6001816314e-12 5.0600215403e-12
1.6857910156e+02 7.6434305068e-12 2.5948534538e-12 5.0485770530e-12
1.6864013672e+02 7.6261470432e-12 2.5891897337e-12 5.0369573095e-12
1.6870117188e+02 7.6093839763e-12 2.5835478294e-12 5.0258361468e-12
1.6876220703e+02 7.5899152570e-12 2.5764055371e-12 5.0135097199e-12
1.6882324219e+02 7.5738312989e-12 2.5710036225e-12 5.0028276764e-12
1.6888427734e+02 7.5588359921e-12 2.5658174396e-12 4.9930185525e-12
1.6894531250e+02 7.5405391085e-12 2.5599678205e-12 4.9805712880e-12
1.6900634766e+02 7.5204551827e-12 2.5546580435e-12 4.9657971392e-12
1.6906738281e+02 7.5045180601e-12 2.5486034681e-12 4.9559145920e-12
1.6912841797e+02 7.4895283561e-12 2.5429321914e-12 4.9465961647e-12
1.6918945312e+02 7.4731591406e-12 2.5379095319e-12 4.9352496087e-12
1.6925048828e+02 7.4561393420e-12 2.5317371395e-12 4.9244022025e-12
1.6931152344e+02 7.4379936543e-12 2.5252443587e-12 4.9127492956e-12
1.6937255859e+02 7.4228041047e-12 2.5195400775e-12 4.9032640272e-12
1.6943359375e+02 7.4049951116e-12 2.5146110069e-12 4.8903841047e-12
1.6949462891e+02 7.3861068727e-12 2.5082468517e-12 4.8778600209e-12
1.6955566406e+02 7.3708857543e-12 2.5025287505e-12 4.8683570037e-12
1.6961669922e+02 7.3547776062e-12 2.4967408562e-12 4.8580367500e-12
1.6967773438e+02 7.3386317310e-12 2.4917376743e-12 4.8468940567e-12
1.6973876953e+02 7.3211006033e-12 2.4865701521e-12 4.8345304513e-12
1.6979980469e+02 7.3046755448e-12 2.4801857287e-12 4.8244898161e-12
1.6986083984e+02 7.2884476468e-12 2.4743796896e-12 4.8140679572e-12
1.6992187500e+02 7.2718301779e-12 2.4683225967e-12 4.8035075812e-12
1.6998291016e+02 7.2550227708e-12 2.4635782714e-12 4.7914444994e-12
1.7004394531e+02 7.2387137737e-12 2.4576070044e-12 4.7811067693e-12
1.7010498047e+02 7.2244426407e-12 2.4518685282e-12 4.7725741125e-12
1.7016601562e+02 7.2059755089e-12 2.4465467838e-12 4.7594287251e-12
1.7022705078e+02 7.1874827845e-12 2.4403492997e-12 4.7471334848e-12
1.7028808594e+02 7.1701921161e-12 2.4352279881e-12 4.7349641280e-12
1.7034912109e+02 7.1559616669e-12 2.4315704154e-12 4.7243912515e-12
1.7041015625e+02 7.1421131005e-12 2.4268671245e-12 4.7152459761e-12
1.7047119141e+02 7.1275708361e-12 2.4204972105e-12 4.7070736255e-12
1.7053222656e+02 7.1106901648e-12 2.4147061950e-12 4.6959839698e-12
1.7059326172e+02 7.0919703952e-12 2.4087568867e-12 4.6832135085e-12
1.7065429688e+02 7.0752038359e-12 2.4030894858e-12 4.6721143501e-12
1.7071533203e+02 7.0595616706e-12 2.3969846688e-12 4.6625770018e-12
1.7077636719e+02 7.0439196272e-12 2.3919395809e-12 4.6519800464e-12
1.7083740234e+02 7.0300178574e-12 2.3870608200e-12 4.6429570375e-12
1.7089843750e+02 7.0153562124e-12 2.3823710852e-12 4.6329851271e-12
1.7095947266e+02 7.0003229987e-12 2.3771984112e-12 4.6231245875e-12
1.7102050781e+02 6.9843343065e-12 2.3722411772e-12 4.6120931293e-12
1.7108154297e+02 6.9705691338e-12 2.3669807937e-12 4.6035883401e-12
1.7114257812e+02 6.9555813737e-12 2.3615993381e-12 4.5939820357e-12
1.7120361328e+02 6.9377892521e-12 2.3562595671e-12 4.5815296850e-12
1.7126464844e+02 6.9197337363e-12 2.3496539507e-12 4.5700797856e-12
1.7132568359e+02 6.9027876426e-12 2.3436468198e-12 4.5591408228e-12
1.7138671875e+02 6.8883326524e-12 2.3395929754e-12 4.5487396770e-12
1.7144775391e+02 6.8725965609e-12 2.3349383192e-12 4.5376582418e-12
1.7150878906e+02 6.8570391410e-12 2.3300440852e-12 4.5269950558e-12
1.7156982422e+02 6.8396751562e-12 2.3237502948e-12 4.5159248614e-12
1.7163085938e+02 6.8237068138e-12 2.3177758290e-12 4.5059309848e-12
1.7169189453e+02 6.8079073962e-12 2.3136275908e-12 4.4942798054e-12
1.7175292969e+02 6.7924467798e-12 2.3081628234e-12 4.4842839564e-12
1.7181396484e+02 6.7769722432e-12 2.3025521504e-12 4.4744200927e-12
1.7187500000e+02 6.7630325586e-12 2.2971939991e-12 4.4658385594e-12
1.7193603516e+02 6.7482992939e-12 2.2927183307e-12 4.4555809632e-12
1.7199707031e+02 6.7318598780e-12 2.2871750889e-12 4.4446847891e-12
1.7205810547e+02 6.7163468998e-12 2.2824813838e-12 4.4338655160e-12
1.7211914062e+02 6.7016045032e-12 2.2784430244e-12 4.4231614788e-12
1.7218017578e+02 6.6876848486e-12 2.2732738829e-12 4.4144109657e-12
1.7224121094e+02 6.6729104239e-12 2.2671662929e-12 4.4057441311e-12
1.7230224609e+02 6.6573634324e-12 2.2624256611e-12 4.3949377712e-12
1.7236328125e+02 6.6419320377e-12 2.2560769522e-12 4.3858550855e-12
1.7242431641e+02 6.6265189830e-12 2.2503181797e-12 4.3762008033e-12
1.7248535156e+02 6.6106828379e-12 2.2450827260e-12 4.3656001119e-12
1.7254638672e+02 6.5953156710e-12 2.2399738850e-12 4.3553417860e-12
1.7260742188e+02 6.5818581976e-12 2.2352025871e-12 4.3466556105e-12
1.7266845703e+02 6.5674771027e-12 2.2297672770e-12 4.3377098257e-12
1.7272949219e+02 6.5499782105e-12 2.2248866337e-12 4.3250915768e-12
1.7279052734e+02 6.5337042527e-12 2.2197221321e-12 4.3139821206e-12
1.7285156250e+02 6.5175446887e-12 2.2150408222e-12 4.3025038665e-12
1.7291259766e+02 6.5019209169e-12 2.2095932348e-12 4.2923276821e-12
1.7297363281e+02 6.4904898004e-12 2.2053468138e-12 4.2851429866e-12
1.7303466797e+02 6.4798541489e-12 2.1998928368e-12 4.2799613120e-12
1.7309570312e+02 6.4646305335e-12 2.1942166216e-12 4.2704139120e-12
1.7315673828e+02 6.4504907058e-12 2.1891030192e-12 4.2613876865e-12
1.7321777344e+02 6.4373920956e-12 2.1850537967e-12 4.2523382989e-12
1.7327880859e+02 6.4205608944e-12 2.1796034498e-12 4.2409574446e-12
1.7333984375e+02 6.4053778603e-12 2.1748144234e-12 4.2305634369e-12
1.7340087891e+02 6.3918294793e-12 2.1693870926e-12 4.2224423867e-12
1.7346191406e+02 6.3800070857e-12 2.1649067734e-12 4.2151003123e-12
1.7352294922e+02 6.3625915871e-12 2.1600254074e-12 4.2025661797e-12
1.7358398438e+02 6.3489916680e-12 2.1551118112e-12 4.1938798568e-12
1.7364501953e+02 6.3350058350e-12 2.1507969324e-12 4.1842089026e-12
1.7370605469e+02 6.3208935473e-12 2.1465937168e-12 4.1742998305e-12
1.7376708984e+02 6.3053011510e-12 2.1416094710e-12 4.1636916800e-12
1.7382812500e+02 6.2922150726e-12 2.1369952711e-12 4.1552198015e-12
1.7388916016e+02 6.2772937110e-12 2.1314850740e-12 4.1458086370e-12
1.7395019531e+02 6.2637354425e-12 2.1265865620e-12 4.1371488805e-12
1.7401123047e+02 6.2469060694e-12 2.1213951693e-12 4.1255109001e-12
1.7407226562e+02 6.2327809637e-12 2.1166564113e-12 4.1161245523e-12
1.7413330078e+02 6.2164494200e-12 2.1109042534e-12 4.1055451666e-12
1.7419433594e+02 6.2027454332e-12 2.1058089636e-12 4.0969364696e-12
1.7425537109e+02 6.1895937030e-12 2.1015353744e-12 4.0880583286e-12
1.7431640625e+02 6.1785228125e-12 2.0982085234e-12 4.0803142891e-12
1.7437744141e+02 6.1652472829e-12 2.0935505786e-12 4.0716967043e-12
1.7443847656e+02 6.1488569752e-12 2.0877194842e-12 4.0611374910e-12
1.7449951172e+02 6.1336323939e-12 2.0820484525e-12 4.0515839413e-12
1.7456054688e+02 6.1191273694e-12 2.0785960087e-12 4.0405313607e-12
1.7462158203e+02 6.1039776617e-12 2.0745834217e-12 4.0293942400e-12
1.7468261719e+02 6.0909529839e-12 2.0698616706e-12 4.0210913133e-12
1.7474365234e+02 6.0769081222e-12 2.0643147433e-12 4.0125933789e-12
1.7480468750e+02 6.0603978516e-12 2.0580553509e-12 4.0023425007e-12
1.7486572266e+02 6.0498192794e-12 2.0548101306e-12 3.9950091489e-12
1.7492675781e+02 6.0365239439e-12 2.0496997813e-12 3.9868241626e-12
1.7498779297e+02 6.0222744295e-12 2.0444727874e-12 3.9778016421e-12
1.7504882812e+02 6.0062123169e-12 2.0398116804e-12 3.9664006364e-12
1.7510986328e+02 5.9932160773e-12 2.0349154618e-12 3.9583006155e-12
1.7517089844e+02 5.9806821239e-12 2.0309245814e-12 3.9497575425e-12
1.7523193359e+02 5.9674113163e-12 2.0266015573e-12 3.9408097591e-12
1.7529296875e+02 5.9544980800e-12 2.0218063638e-12 3.9326917162e-12
1.7535400391e+02 5.9410720973e-12 2.0172907116e-12 3.9237813857e-12
1.7541503906e+02 5.9272517306e-12 2.0129981840e-12 3.9142535466e-12
1.7547607422e+02 5.9134921924e-12 2.0083875664e-12 3.9051046260e-12
1.7553710938e+02 5.8996723498e-12 2.0036522175e-12 3.8960201323e-12
1.7559814453e+02 5.8869102424e-12 1.9981271849e-12 3.8887830575e-12
1.7565917969e+02 5.8714447024e-12 1.9938176648e-12 3.8776270376e-12
1.7572021484e+02 5.8576774700e-12 1.9901609534e-12 3.8675165166e-12
1.7578125000e+02 5.8428240554e-12 1.9852239925e-12 3.8576000629e-12
1.7584228516e+02 5.8305987041e-12 1.9810329117e-12 3.8495657924e-12
1.7590332031e+02 5.8144753463e-12 1.9751093788e-12 3.8393659675e-12
1.7596435547e+02 5.8020576241e-12 1.9705557548e-12 3.8315018693e-12
1.7602539062e+02 5.7917616702e-12 1.9672817245e-12 3.8244799457e-12
1.7608642578e+02 5.7785030420e-12 1.9630887470e-12 3.8154142950e-12
1.7614746094e+02 5.7656243920e-12 1.9566813019e-12 3.8089430901e-12
1.7620849609e+02 5.7543807384e-12 1.9533446513e-12 3.8010360871e-12
1.7626953125e+02 5.7416566855e-12 1.9492414902e-12 3.7924151953e-12
1.7633056641e+02 5.7280332352e-12 1.9435279370e-12 3.7845052983e-12
1.7639160156e+02 5.7119421341e-12 1.9394175657e-12 3.7725245685e-12
1.7645263672e+02 5.6980468943e-12 1.9353540428e-12 3.7626928514e-12
1.7651367188e+02 5.6832285143e-12 1.9306396699e-12 3.7525888444e-12
1.7657470703e+02 5.6704753628e-12 1.9268967307e-12 3.7435786320e-12
1.7663574219e+02 5.6581852044e-12 1.9219553883e-12 3.7362298160e-12
1.7669677734e+02 5.6439725869e-12 1.9167879733e-12 3.7271846137e-12
1.7675781250e+02 5.6304511488e-12 1.9109207087e-12 3.7195304401e-12
1.7681884766e+02 5.6199316724e-12 1.9084387347e-12 3.7114929377e-12
1.7687988281e+02 5.6065952611e-12 1.9037525100e-12 3.7028427511e-12
1.7694091797e+02 5.5943689276e-12 1.8994025211e-12 3.6949664065e-12
1.7700195312e+02 5.5807319723e-12 1.8948636317e-12 3.6858683407e-12
1.7706298828e+02 5.5652450960e-12 1.8906087656e-12 3.6746363304e-12
1.7712402344e+02 5.5534023492e-12 1.8870414907e-12 3.6663608585e-12
1.7718505859e+02 5.5418187183e-12 1.8825320614e-12 3.6592866569e-12
1.7724609375e+02 5.5280586374e-12 1.8778561213e-12 3.6502025161e-12
1.7730712891e+02 5.5145266500e-12 1.8732421968e-12 3.6412844532e-12
1.7736816406e+02 5.5022607959e-12 1.8685297763e-12 3.6337310196e-12
1.7742919922e+02 5.4925281025e-12 1.8652450457e-12 3.6272830568e-12
1.7749023438e+02 5.4802484260e-12 1.8608988590e-12 3.6193495670e-12
1.7755126953e+02 5.4688311739e-12 1.8569627370e-12 3.6118684368e-12
1.7761230469e+02 5.4545234550e-12 1.8524834722e-12 3.6020399828e-12
1.7767333984e+02 5.4388596054e-12 1.8470080948e-12 3.5918515106e-12
1.7773437500e+02 5.4243455916e-12 1.8426887888e-12 3.5816568027e-12
1.7779541016e+02 5.4114265944e-12 1.8393071587e-12 3.5721194357e-12
1.7785644531e+02 5.3989680065e-12 1.8356368518e-12 3.5633311547e-12
1.7791748047e+02 5.3864812483e-12 1.8302592972e-12 3.5562219511e-12
1.7797851562e+02 5.3769750064e-12 1.8259290260e-12 3.5510459804e-12
1.7803955078e+02 5.3649105706e-12 1.8215397685e-12 3.5433708021e-12
1.7810058594e+02 5.3514933889e-12 1.8175083072e-12 3.5339850817e-12
1.7816162109e+02 5.3384711671e-12 1.8132826484e-12 3.5251885187e-12
1.7822265625e+02 5.3261586433e-12 1.8093459167e-12 3.5168127266e-12
1.7828369141e+02 5.3155355514e-12 1.8058703273e-12 3.5096652241e-12
1.7834472656e+02 5.3037740947e-12 1.8020975449e-12 3.5016765498e-12
1.7840576172e+02 5.2921499384e-12 1.7975360695e-12 3.4946138689e-12
1.7846679688e+02 5.2783907287e-12 1.7930834479e-12 3.4853072808e-12
1.7852783203e+02 5.2657802524e-12 1.7896568246e-12 3.4761234278e-12
1.7858886719e+02 5.2532705666e-12 1.7858494001e-12 3.4674211665e-12
1.7864990234e+02 5.2402936466e-12 1.7810706671e-12 3.4592229795e-12
1.7871093750e+02 5.2276233604e-12 1.7759568294e-12 3.4516665310e-12
1.7877197266e+02 5.2165013681e-12 1.7717016019e-12 3.4447997662e-12
1.7883300781e+02 5.2046022873e-12 1.7675809361e-12 3.4370213512e-12
1.7889404297e+02 5.1921514606e-12 1.7639840485e-12 3.4281674121e-12
1.7895507812e+02 5.1808606945e-12 1.7605329502e-12 3.4203277443e-12
1.7901611328e+02 5.1683878401e-12 1.7565563040e-12 3.4118315360e-12
1.7907714844e+02 5.1545232100e-12 1.7510513289e-12 3.4034718812e-12
1.7913818359e+02 5.1413538240e-12 1.7472031504e-12 3.3941506735e-12
1.7919921875e+02 5.1303359870e-12 1.7428940115e-12 3.3874419755e-12
1.7926025391e+02 5.1188556163e-12 1.7386453294e-12 3.3802102869e-12
1.7932128906e+02 5.1065872312e-12 1.7347259873e-12 3.3718612438e-12
1.7938232422e+02 5.0950385169e-12 1.7309005669e-12 3.3641379501e-12
1.7944335938e+02 5.0857984882e-12 1.7282304711e-12 3.3575680172e-12
1.7950439453e+02 5.0740476290e-12 1.7240287178e-12 3.3500189112e-12
1.7956542969e+02 5.0621409125e-12 1.7191898323e-12 3.3429510802e-12
1.7962646484e+02 5.0501737921e-12 1.7143725213e-12 3.3358012708e-12
1.7968750000e+02 5.0378834675e-12 1.7102300774e-12 3.3276533900e-12
1.7974853516e+02 5.0241847499e-12 1.7061195889e-12 3.3180651610e-12
1.7980957031e+02 5.0119112731e-12 1.7033108165e-12 3.3086004567e-12
1.7987060547e+02 4.9988863244e-12 1.6993239643e-12 3.2995623601e-12
1.7993164062e+02 4.9856534796e-12 1.6945628079e-12 3.2910906717e-12
1.7999267578e+02 4.9737646623e-12 1.6901922536e-12 3.2835724087e-12
1.8005371094e+02 4.9627952419e-12 1.6865873469e-12 3.2762078950e-12
1.8011474609e+02 4.9522315599e-12 1.6831301914e-12 3.2691013685e-12
1.8017578125e+02 4.9426288141e-12 1.6797839438e-12 3.2628448703e-12
1.8023681641e+02 4.9319885556e-12 1.6757186767e-12 3.2562698789e-12
1.8029785156e+02 4.9221303409e-12 1.6720098016e-12 3.2501205393e-12
1.8035888672e+02 4.9075800570e-12 1.6680131846e-12 3.2395668724e-12
1.8041992188e+02 4.8932475635e-12 1.6637121772e-12 3.2295353863e-12
1.8048095703e+02 4.8817936799e-12 1.6597812050e-12 3.2220124749e-12
1.8054199219e+02 4.8721293496e-12 1.6560236443e-12 3.2161057053e-12
1.8060302734e+02 4.8610244940e-12 1.6520937286e-12 3.2089307654e-12
1.8066406250e+02 4.8506953261e-12 1.6482041766e-12 3.2024911494e-12
1.8072509766e+02 4.8407877591e-12 1.6442985228e-12 3.1964892363e-12
1.8078613281e+02 4.8272999506e-12 1.6407497689e-12 3.1865501817e-12
1.8084716797e+02 4.8142669015e-12 1.6361921741e-12 3.1780747274e-12
1.8090820312e+02 4.8001530291e-12 1.6321118957e-12 3.1680411334e-12
1.8096923828e+02 4.7905972501e-12 1.6284726725e-12 3.1621245776e-12
1.8103027344e+02 4.7813773384e-12 1.6245539511e-12 3.1568233873e-12
1.8109130859e+02 4.7718618248e-12 1.6208432968e-12 3.1510185280e-12
1.8115234375e+02 4.7597870067e-12 1.6172893351e-12 3.1424976716e-12
1.8121337891e+02 4.7491972954e-12 1.6137932467e-12 3.1354040487e-12
1.8127441406e+02 4.7395342323e-12 1.6096195209e-12 3.1299147114e-12
1.8133544922e+02 4.7287213806e-12 1.6060966308e-12 3.1226247499e-12
1.8139648438e+02 4.7172378237e-12 1.6022558292e-12 3.1149819945e-12
1.8145751953e+02 4.7063275848e-12 1.5991814327e-12 3.1071461521e-12
1.8151855469e+02 4.6962855425e-12 1.5959451419e-12 3.1003404006e-12
1.8157958984e+02 4.6847298590e-12 1.5921436324e-12 3.0925862267e-12
1.8164062500e+02 4.6733726749e-12 1.5870884453e-12 3.0862842296e-12
1.8170166016e+02 4.6637773209e-12 1.5838461335e-12 3.0799311874e-12
1.8176269531e+02 4.6508349335e-12 1.5800509621e-12 3.0707839714e-12
1.8182373047e+02 4.6381343073e-12 1.5760196667e-12 3.0621146405e-12
1.8188476562e+02 4.6264651341e-12 1.5715496709e-12 3.0549154632e-12
1.8194580078e+02 4.6179573678e-12 1.5680753415e-12 3.0498820262e-12
1.8200683594e+02 4.6076569584e-12 1.5647433480e-12 3.0429136105e-12
1.8206787109e+02 4.5969614806e-12 1.5605770471e-12 3.0363844335e-12
1.8212890625e+02 4.5850217582e-12 1.5575252155e-12 3.0274965427e-12
1.8218994141e+02 4.5737474014e-12 1.5545030621e-12 3.0192443392e-12
1.8225097656e+02 4.5648321342e-12 1.5508547643e-12 3.0139773699e-12
1.8231201172e+02 4.5523693426e-12 1.5461353431e-12 3.0062339995e-12
1.8237304688e+02 4.5413695087e-12 1.5424574574e-12 2.9989120513e-12
1.8243408203e+02 4.5301309580e-12 1.5391203351e-12 2.9910106228e-12
1.8249511719e+02 4.5196819778e-12 1.5354544220e-12 2.9842275558e-12
1.8255615234e+02 4.5102068497e-12 1.5318329185e-12 2.9783739312e-12
1.8261718750e+02 4.4993583425e-12 1.5278317775e-12 2.9715265651e-12
1.8267822266e+02 4.4868444717e-12 1.5248079847e-12 2.9620364870e-12
1.8273925781e+02 4.4762658926e-12 1.5203858556e-12 2.9558800370e-12
1.8280029297e+02 4.4656981435e-12 1.5159213197e-12 2.9497768238e-12
1.8286132812e+02 4.4553872573e-12 1.5136495792e-12 2.9417376781e-12
1.8292236328e+02 4.4462623135e-12 1.5107164267e-12 2.9355458868e-12
1.8298339844e+02 4.4352800113e-12 1.5068612181e-12 2.9284187931e-12
1.8304443359e+02 4.4231196418e-12 1.5032442088e-12 2.9198754330e-12
1.8310546875e+02 4.4128820278e-12 1.4998212753e-12 2.9130607525e-12
1.8316650391e+02 4.4046340200e-12 1.4966343775e-12 2.9079996425e-12
1.8322753906e+02 4.3919040126e-12 1.4915285694e-12 2.9003754433e-12
1.8328857422e+02 4.3828259328e-12 1.4887430582e-12 2.8940828746e-12
1.8334960938e+02 4.3723015144e-12 1.4855971210e-12 2.8867043934e-12
1.8341064453e+02 4.3610598093e-12 1.4819933621e-12 2.8790664472e-12
1.8347167969e+02 4.3498888970e-12 1.4780734612e-12 2.8718154358e-12
1.8353271484e+02 4.3411105486e-12 1.4754445832e-12 2.8656659654e-12
1.8359375000e+02 4.3303995008e-12 1.4721245697e-12 2.8582749311e-12
1.8365478516e+02 4.3192213011e-12 1.4689215016e-12 2.8502997995e-12
1.8371582031e+02 4.3078597816e-12 1.4639679966e-12 2.8438917850e-12
1.8377685547e+02 4.2987144150e-12 1.4606640647e-12 2.8380503503e-12
1.8383789062e+02 4.2895122070e-12 1.4574765015e-12 2.8320357054e-12
1.8389892578e+02 4.2802077029e-12 1.4542478008e-12 2.8259599021e-12
1.8395996094e+02 4.2709566321e-12 1.4500052820e-12 2.8209513501e-12
1.8402099609e+02 4.2630754956e-12 1.4472750118e-12 2.8158004838e-12
1.8408203125e+02 4.2537142189e-12 1.4443031765e-12 2.8094110424e-12
1.8414306641e+02 4.2408944127e-12 1.4405316566e-12 2.8003627561e-12
1.8420410156e+02 4.2301212628e-12 1.4366322486e-12 2.7934890142e-12
1.8426513672e+02 4.2198285283e-12 1.4332276523e-12 2.7866008759e-12
1.8432617188e+02 4.2115911062e-12 1.4302668907e-12 2.7813242154e-12
1.8438720703e+02 4.2021693192e-12 1.4275354682e-12 2.7746338510e-12
1.8444824219e+02 4.1910843304e-12 1.4232691655e-12 2.7678151650e-12
1.8450927734e+02 4.1806278537e-12 1.4197674426e-12 2.7608604111e-12
1.8457031250e+02 4.1704668651e-12 1.4164215779e-12 2.7540452872e-12
1.8463134766e+02 4.1607604809e-12 1.4135615985e-12 2.7471988824e-12
1.8469238281e+02 4.1503143454e-12 1.4102798009e-12 2.7400345444e-12
1.8475341797e+02 4.1399325564e-12 1.4061127665e-12 2.7338197899e-12
1.8481445312e+02 4.1295856350e-12 1.4029577446e-12 2.7266278904e-12
1.8487548828e+02 4.1196615525e-12 1.4008400819e-12 2.7188214705e-12
1.8493652344e+02 4.1108761377e-12 1.3977565180e-12 2.7131196197e-12
1.8499755859e+02 4.1004284955e-12 1.3936413290e-12 2.7067871665e-12
1.8505859375e+02 4.0898527795e-12 1.3891835330e-12 2.7006692465e-12
1.8511962891e+02 4.0811849978e-12 1.3862746828e-12 2.6949103150e-12
1.8518066406e+02 4.0728708325e-12 1.3832749919e-12 2.6895958406e-12
1.8524169922e+02 4.0625238680e-12 1.3798448624e-12 2.6826790056e-12
1.8530273438e+02 4.0514123113e-12 1.3764741190e-12 2.6749381924e-12
1.8536376953e+02 4.0414351888e-12 1.3733081499e-12 2.6681270388e-12
1.8542480469e+02 4.0312768042e-12 1.3706977263e-12 2.6605790779e-12
1.8548583984e+02 4.0223963905e-12 1.3667930193e-12 2.6556033711e-12
1.8554687500e+02 4.0142163202e-12 1.3634060979e-12 2.6508102223e-12
1.8560791016e+02 4.0054063844e-12 1.3599053141e-12 2.6455010702e-12
1.8566894531e+02 3.9953037483e-12 1.3574344490e-12 2.6378692993e-12
1.8572998047e+02 3.9860057750e-12 1.3544197274e-12 2.6315860476e-12
1.8579101562e+02 3.9754752224e-12 1.3509549976e-12 2.6245202248e-12
1.8585205078e+02 3.9653056233e-12 1.3469529886e-12 2.6183526346e-12
1.8591308594e+02 3.9554222316e-12 1.3434678890e-12 2.6119543426e-12
1.8597412109e+02 3.9456430171e-12 1.3406628389e-12 2.6049801782e-12
1.8603515625e+02 3.9367572640e-12 1.3371726362e-12 2.5995846278e-12
1.8609619141e+02 3.9275637625e-12 1.3338335353e-12 2.5937302272e-12
1.8615722656e+02 3.9186591223e-12 1.3308458396e-12 2.5878132827e-12
1.8621826172e+02 3.9078298009e-12 1.3279879249e-12 2.5798418760e-12
1.8627929688e+02 3.8961744330e-12 1.3244373237e-12 2.5717371093e-12
1.8634033203e+02 3.8885160451e-12 1.3217650969e-12 2.5667509482e-12
1.8640136719e+02 3.8803981940e-12 1.3181804055e-12 2.5622177885e-12
1.8646240234e+02 3.8703532172e-12 1.3143591716e-12 2.5559940456e-12
1.8652343750e+02 3.8615744268e-12 1.3115917655e-12 2.5499826613e-12
1.8658447266e+02 3.8518046744e-12 1.3083241021e-12 2.5434805723e-12
1.8664550781e+02 3.8420250376e-12 1.3055580018e-12 2.5364670358e-12
1.8670654297e+02 3.8335682871e-12 1.3030534499e-12 2.5305148371e-12
1.8676757812e+02 3.8236644201e-12 1.2994350083e-12 2.5242294117e-12
1.8682861328e+02 3.8140811463e-12 1.2953484653e-12 2.5187326810e-12
1.8688964844e+02 3.8044903948e-12 1.2926431135e-12 2.5118472813e-12
1.8695068359e+02 3.7948170392e-12 1.2904174651e-12 2.5043995741e-12
1.8701171875e+02 3.7860592303e-12 1.2867603184e-12 2.4992989119e-12
1.8707275391e+02 3.7778642452e-12 1.2836601799e-12 2.4942040653e-12
1.8713378906e+02 3.7705171385e-12 1.2814421005e-12 2.4890750380e-12
1.8719482422e+02 3.7616241297e-12 1.2789812668e-12 2.4826428629e-12
1.8725585938e+02 3.7507575002e-12 1.2744341745e-12 2.4763233257e-12
1.8731689453e+02 3.7413935422e-12 1.2706823036e-12 2.4707112387e-12
1.8737792969e+02 3.7327276970e-12 1.2673495543e-12 2.4653781427e-12
1.8743896484e+02 3.7260873260e-12 1.2664675865e-12 2.4596197395e-12
1.8750000000e+02 3.7158758210e-12 1.2629886001e-12 2.4528872209e-12
1.8756103516e+02 3.7062126689e-12 1.2600528952e-12 2.4461597736e-12
1.8762207031e+02 3.6977893573e-12 1.2574658307e-12 2.4403235266e-12
1.8768310547e+02 3.6878162293e-12 1.2537799997e-12 2.4340362296e-12
1.8774414062e+02 3.6787854144e-12 1.2498517573e-12 2.4289336571e-12
1.8780517578e+02 3.6701555250e-12 1.2473782898e-12 2.4227772351e-12
1.8786621094e+02 3.6613459322e-12 1.2448344774e-12 2.4165114548e-12
1.8792724609e+02 3.6524154831e-12 1.2420242630e-12 2.4103912201e-12
1.8798828125e+02 3.6427764945e-12 1.2388100333e-12 2.4039664611e-12
1.8804931641e+02 3.6337468167e-12 1.2354125024e-12 2.3983343143e-12
1.8811035156e+02 3.6263417605e-12 1.2326523983e-12 2.3936893622e-12
1.8817138672e+02 3.6186513313e-12 1.2297063957e-12 2.3889449355e-12
1.8823242188e+02 3.6094555788e-12 1.2269830148e-12 2.3824725641e-12
1.8829345703e+02 3.6015013577e-12 1.2241049791e-12 2.3773963786e-12
1.8835449219e+02 3.5931602180e-12 1.2208277060e-12 2.3723325120e-12
1.8841552734e+02 3.5822792065e-12 1.2165398378e-12 2.3657393687e-12
1.8847656250e+02 3.5733510358e-12 1.2136488435e-12 2.3597021923e-12
1.8853759766e+02 3.5657312836e-12 1.2117830344e-12 2.3539482492e-12
1.8859863281e+02 3.5585330391e-12 1.2096921125e-12 2.3488409266e-12
1.8865966797e+02 3.5492172408e-12 1.2066704946e-12 2.3425467462e-12
1.8872070312e+02 3.5385670718e-12 1.2028625939e-12 2.3357044779e-12
1.8878173828e+02 3.5283980653e-12 1.1991511103e-12 2.3292469550e-12
1.8884277344e+02 3.5195742848e-12 1.1968438089e-12 2.3227304760e-12
1.8890380859e+02 3.5112902872e-12 1.1942474183e-12 2.3170428688e-12
1.8896484375e+02 3.5023800612e-12 1.1909800737e-12 2.3113999875e-12
1.8902587891e+02 3.4959237813e-12 1.1881542266e-12 2.3077695547e-12
1.8908691406e+02 3.4883447477e-12 1.1848790710e-12 2.3034656767e-12
1.8914794922e+02 3.4799104516e-12 1.1820440794e-12 2.2978663722e-12
1.8920898438e+02 3.4713372150e-12 1.1796723830e-12 2.2916648320e-12
1.8927001953e+02 3.4645878185e-12 1.1777854296e-12 2.2868023889e-12
1.8933105469e+02 3.4556386253e-12 1.1749884343e-12 2.2806501910e-12
1.8939208984e+02 3.4462953724e-12 1.1714214891e-12 2.2748738833e-12
1.8945312500e+02 3.4378567720e-12 1.1680600193e-12 2.2697967526e-12
1.8951416016e+02 3.4283571055e-12 1.1647381396e-12 2.2636189659e-12
1.8957519531e+02 3.4200705699e-12 1.1618362625e-12 2.2582343074e-12
1.8963623047e+02 3.4108417308e-12 1.1590424561e-12 2.2517992748e-12
1.8969726562e+02 3.4023607768e-12 1.1557675214e-12 2.2465932555e-12
1.8975830078e+02 3.3945535861e-12 1.1537419058e-12 2.2408116803e-12
1.8981933594e+02 3.3880193813e-12 1.1518490409e-12 2.2361703404e-12
1.8988037109e+02 3.3810588497e-12 1.1489585633e-12 2.2321002864e-12
1.8994140625e+02 3.3707279429e-12 1.1458402052e-12 2.2248877377e-12
1.9000244141e+02 3.3623460138e-12 1.1426641665e-12 2.2196818473e-12
1.9006347656e+02 3.3551798655e-12 1.1400233319e-12 2.2151565336e-12
1.9012451172e+02 3.3462479887e-12 1.1373412760e-12 2.2089067127e-12
1.9018554688e+02 3.3360705553e-12 1.1337566683e-12 2.2023138870e-12
1.9024658203e+02 3.3296146188e-12 1.1313035256e-12 2.1983110932e-12
1.9030761719e+02 3.3230667518e-12 1.1290400173e-12 2.1940267345e-12
1.9036865234e+02 3.3152366732e-12 1.1265179885e-12 2.1887186846e-12
1.9042968750e+02 3.3068205427e-12 1.1231301457e-12 2.1836903970e-12
1.9049072266e+02 3.2976006724e-12 1.1203517058e-12 2.1772489666e-12
1.9055175781e+02 3.2899082688e-12 1.1181941988e-12 2.1717140700e-12
1.9061279297e+02 3.2832900600e-12 1.1171081694e-12 2.1661818906e-12
1.9067382812e+02 3.2758466506e-12 1.1133164641e-12 2.1625301865e-12
1.9073486328e+02 3.2664585785e-12 1.1096228165e-12 2.1568357620e-12
1.9079589844e+02 3.2592974696e-12 1.1067822848e-12 2.1525151848e-12
1.9085693359e+02 3.2517768328e-12 1.1045370744e-12 2.1472397584e-12
1.9091796875e+02 3.2430107474e-12 1.1012568029e-12 2.1417539445e-12
1.9097900391e+02 3.2329915932e-12 1.0985350712e-12 2.1344565221e-12
1.9104003906e+02 3.2238091997e-12 1.0959650194e-12 2.1278441803e-12
1.9110107422e+02 3.2169161978e-12 1.0937725773e-12 2.1231436205e-12
1.9116210938e+02 3.2093392663e-12 1.0910867647e-12 2.1182525016e-12
1.9122314453e+02 3.2022779131e-12 1.0888711095e-12 2.1134068036e-12
1.9128417969e+02 3.1944944380e-12 1.0864236265e-12 2.1080708115e-12
1.9134521484e+02 3.1856821637e-12 1.0835734344e-12 2.1021087294e-12
1.9140625000e+02 3.1756040551e-12 1.0801202847e-12 2.0954837703e-12
1.9146728516e+02 3.1701228654e-12 1.0776457116e-12 2.0924771539e-12
1.9152832031e+02 3.1632774580e-12 1.0754789425e-12 2.0877985154e-12
1.9158935547e+02 3.1552363576e-12 1.0730739593e-12 2.0821623984e-12
1.9165039062e+02 3.1459019925e-12 1.0697582978e-12 2.0761436948e-12
1.9171142578e+02 3.1375253042e-12 1.0671028119e-12 2.0704224922e-12
1.9177246094e+02 3.1307423443e-12 1.0652701496e-12 2.0654721947e-12
1.9183349609e+02 3.1248986775e-12 1.0623228610e-12 2.0625758164e-12
1.9189453125e+02 3.1175778284e-12 1.0597980471e-12 2.0577797813e-12
1.9195556641e+02 3.1078502192e-12 1.0562936337e-12 2.0515565855e-12
1.9201660156e+02 3.0999495342e-12 1.0532773420e-12 2.0466721922e-12
1.9207763672e+02 3.0942256802e-12 1.0517244592e-12 2.0425012209e-12
1.9213867188e+02 3.0871148077e-12 1.0494728613e-12 2.0376419463e-12
1.9219970703e+02 3.0782612788e-12 1.0466355539e-12 2.0316257249e-12
1.9226074219e+02 3.0699081060e-12 1.0440437448e-12 2.0258643612e-12
1.9232177734e+02 3.0625071435e-12 1.0413272857e-12 2.0211798578e-12
1.9238281250e+02 3.0549441341e-12 1.0390058154e-12 2.0159383187e-12
1.9244384766e+02 3.0474334950e-12 1.0372049387e-12 2.0102285563e-12
1.9250488281e+02 3.0391960668e-12 1.0343638606e-12 2.0048322062e-12
1.9256591797e+02 3.0318211224e-12 1.0317369943e-12 2.0000841281e-12
1.9262695312e+02 3.0242938845e-12 1.0286612649e-12 1.9956326197e-12
1.9268798828e+02 3.0170244993e-12 1.0258176305e-12 1.9912068688e-12
1.9274902344e+02 3.0100227413e-12 1.0226957681e-12 1.9873269732e-12
1.9281005859e+02 3.0053381279e-12 1.0217481411e-12 1.9835899868e-12
1.9287109375e+02 2.9973899659e-12 1.0187576331e-12 1.9786323328e-12
1.9293212891e+02 2.9893252321e-12 1.0163248589e-12 1.9730003731e-12
1.9299316406e+02 2.9817815699e-12 1.0140240206e-12 1.9677575493e-12
1.9305419922e+02 2.9731097794e-12 1.0113408435e-12 1.9617689359e-12
1.9311523438e+02 2.9664671839e-12 1.0093242733e-12 1.9571429106e-12
1.9317626953e+02 2.9585421731e-12 1.0068645903e-12 1.9516775828e-12
1.9323730469e+02 2.9508889067e-12 1.0035902914e-12 1.9472986153e-12
1.9329833984e+02 2.9426776269e-12 1.0010095343e-12 1.9416680925e-12
1.9335937500e+02 2.9350935277e-12 9.9831876599e-13 1.9367747617e-12
1.9342041016e+02 2.9289781143e-12 9.9584666983e-13 1.9331314444e-12
1.9348144531e+02 2.9229632462e-12 9.9369324500e-13 1.9292700012e-12
1.9354248047e+02 2.9188946718e-12 9.9249211611e-13 1.9264025557e-12
1.9360351562e+02 2.9114893406e-12 9.9011067577e-13 1.9213786648e-12
1.9366455078e+02 2.9052524692e-12 9.8805349089e-13 1.9171989783e-12
1.9372558594e+02 2.8967357327e-12 9.8529525460e-13 1.9114404781e-12
1.9378662109e+02 2.8871665423e-12 9.8150203613e-13 1.9056645062e-12
1.9384765625e+02 2.8803866121e-12 9.7922287479e-13 1.9011637373e-12
1.9390869141e+02 2.8729254060e-12 9.7656770991e-13 1.8963576961e-12
1.9396972656e+02 2.8639988300e-12 9.7372392702e-13 1.8902749030e-12
1.9403076172e+02 2.8565628967e-12 9.7132212901e-13 1.8852407677e-12
1.9409179688e+02 2.8507315644e-12 9.6989174044e-13 1.8808398240e-12
1.9415283203e+02 2.8433082142e-12 9.6757383103e-13 1.8757343832e-12
1.9421386719e+02 2.8368425998e-12 9.6507513087e-13 1.8717674689e-12
1.9427490234e+02 2.8294091602e-12 9.6251342642e-13 1.8668957337e-12
1.9433593750e+02 2.8197650725e-12 9.5948992311e-13 1.8602751493e-12
1.9439697266e+02 2.8118001587e-12 9.5743051569e-13 1.8543696430e-12
1.9445800781e+02 2.8052149464e-12 9.5502252660e-13 1.8501924198e-12
1.9451904297e+02 2.7988998016e-12 9.5223580139e-13 1.8466640002e-12
1.9458007812e+02 2.7913716318e-12 9.4907394652e-13 1.8422976853e-12
1.9464111328e+02 2.7855491128e-12 9.4753244133e-13 1.8380166715e-12
1.9470214844e+02 2.7802826121e-12 9.4571480024e-13 1.8345678119e-12
1.9476318359e+02 2.7761813148e-12 9.4362510975e-13 1.8325562051e-12
1.9482421875e+02 2.7698438383e-12 9.4145165974e-13 1.8283921785e-12
1.9488525391e+02 2.7631684656e-12 9.3919901656e-13 1.8239694490e-12
1.9494628906e+02 2.7550260688e-12 9.3592686700e-13 1.8190992018e-12
1.9500732422e+02 2.7469756636e-12 9.3399799554e-13 1.8129776681e-12
1.9506835938e+02 2.7391238564e-12 9.3165195717e-13 1.8074718992e-12
1.9512939453e+02 2.7322136716e-12 9.2946162746e-13 1.8027520442e-12
1.9519042969e+02 2.7255912822e-12 9.2726198129e-13 1.7983293009e-12
1.9525146484e+02 2.7178274392e-12 9.2524178643e-13 1.7925856527e-12
1.9531250000e+02 2.7110704329e-12 9.2254471827e-13 1.7885257147e-12
1.9537353516e+02 2.7041413350e-12 9.1997615195e-13 1.7841651831e-12
1.9543457031e+02 2.6965844114e-12 9.1755046767e-13 1.7790339437e-12
1.9549560547e+02 2.6904463679e-12 9.1569006128e-13 1.7747563066e-12
1.9555664062e+02 2.6851037865e-12 9.1343916725e-13 1.7716646193e-12
1.9561767578e+02 2.6789138785e-12 9.1069785128e-13 1.7682160272e-12
1.9567871094e+02 2.6715109245e-12 9.0819368048e-13 1.7633172440e-12
1.9573974609e+02 2.6657151173e-12 9.0595708565e-13 1.7597580317e-12
1.9580078125e+02 2.6599231195e-12 9.0384520494e-13 1.7560779146e-12
1.9586181641e+02 2.6521800104e-12 9.0183990503e-13 1.7503401054e-12
1.9592285156e+02 2.6451479928e-12 9.0004571996e-13 1.7451022729e-12
1.9598388672e+02 2.6409560986e-12 8.9816230225e-13 1.7427937963e-12
1.9604492188e+02 2.6340335946e-12 8.9536342826e-13 1.7386701664e-12
1.9610595703e+02 2.6266876188e-12 8.9267395729e-13 1.7340136615e-12
1.9616699219e+02 2.6206579261e-12 8.9024607718e-13 1.7304118489e-12
1.9622802734e+02 2.6147448447e-12 8.8830567818e-13 1.7264391665e-12
1.9628906250e+02 2.6069773671e-12 8.8577447761e-13 1.7212028895e-12
1.9635009766e+02 2.5998922037e-12 8.8411104801e-13 1.7157811556e-12
1.9641113281e+02 2.5935588614e-12 8.8176087308e-13 1.7117979883e-12
1.9647216797e+02 2.5869036696e-12 8.7946585332e-13 1.7074378163e-12
1.9653320312e+02 2.5793514937e-12 8.7702246119e-13 1.7023290325e-12
1.9659423828e+02 2.5733954253e-12 8.7492066915e-13 1.6984747561e-12
1.9665527344e+02 2.5663720187e-12 8.7254475845e-13 1.6938272602e-12
1.9671630859e+02 2.5611643104e-12 8.7047145074e-13 1.6906928597e-12
1.9677734375e+02 2.5557722501e-12 8.6940373716e-13 1.6863685130e-12
1.9683837891e+02 2.5512905116e-12 8.6834851886e-13 1.6829419927e-12
1.9689941406e+02 2.5442657974e-12 8.6570448611e-13 1.6785613113e-12
1.9696044922e+02 2.5369685466e-12 8.6300423773e-13 1.6739643089e-12
1.9702148438e+02 2.5309551946e-12 8.6013754975e-13 1.6708176449e-12
1.9708251953e+02 2.5233283256e-12 8.5764452999e-13 1.6656837956e-12
1.9714355469e+02 2.5155074594e-12 8.5607747108e-13 1.6594299884e-12
1.9720458984e+02 2.5080143098e-12 8.5437205469e-13 1.6536422551e-12
1.9726562500e+02 2.5022032937e-12 8.5197060759e-13 1.6502326861e-12
1.9732666016e+02 2.4963441502e-12 8.4999595449e-13 1.6463481957e-12
1.9738769531e+02 2.4897677096e-12 8.4768475470e-13 1.6420829549e-12
1.9744873047e+02 2.4838553672e-12 8.4525802080e-13 1.6385973464e-12
1.9750976562e+02 2.4790568917e-12 8.4282058976e-13 1.6362363019e-12
1.9757080078e+02 2.4740903860e-12 8.4133521072e-13 1.6327551753e-12
1.9763183594e+02 2.4682812124e-12 8.3956502461e-13 1.6287161878e-12
1.9769287109e+02 2.4618063669e-12 8.3803283614e-13 1.6237735307e-12
1.9775390625e+02 2.4533996874e-12 8.3542087800e-13 1.6179788094e-12
1.9781494141e+02 2.4473277478e-12 8.3306121608e-13 1.6142665317e-12
1.9787597656e+02 2.4425653877e-12 8.3066777096e-13 1.6118976168e-12
1.9793701172e+02 2.4365846611e-12 8.2859276479e-13 1.6079918964e-12
1.9799804688e+02 2.4297297770e-12 8.2640858115e-13 1.6033211958e-12
1.9805908203e+02 2.4230397174e-12 8.2467922873e-13 1.5983604887e-12
1.9812011719e+02 2.4171446888e-12 8.2260834150e-13 1.5945363473e-12
1.9818115234e+02 2.4127595887e-12 8.2060353868e-13 1.5921560500e-12
1.9824218750e+02 2.4067242845e-12 8.1799253517e-13 1.5887317493e-12
1.9830322266e+02 2.3995041968e-12 8.1593376176e-13 1.5835704350e-12
1.9836425781e+02 2.3918351889e-12 8.1317371295e-13 1.5786614760e-12
1.9842529297e+02 2.3856337305e-12 8.1115236934e-13 1.5744813612e-12
1.9848632812e+02 2.3804249292e-12 8.0990672700e-13 1.5705182022e-12
1.9854736328e+02 2.3754032577e-12 8.0827363725e-13 1.5671296205e-12
1.9860839844e+02 2.3698482429e-12 8.0593550484e-13 1.5639127380e-12
1.9866943359e+02 2.3630096047e-12 8.0392174473e-13 1.5590878600e-12
1.9873046875e+02 2.3578289440e-12 8.0247278576e-13 1.5553561582e-12
1.9879150391e+02 2.3515754909e-12 7.9962162400e-13 1.5519538669e-12
1.9885253906e+02 2.3454820758e-12 7.9695352748e-13 1.5485285484e-12
1.9891357422e+02 2.3386486372e-12 7.9556468076e-13 1.5430839564e-12
1.9897460938e+02 2.3324279979e-12 7.9346379245e-13 1.5389642054e-12
1.9903564453e+02 2.3260105859e-12 7.9123659388e-13 1.5347739920e-12
1.9909667969e+02 2.3193515684e-12 7.8929000266e-13 1.5300615657e-12
1.9915771484e+02 2.3133214689e-12 7.8716436590e-13 1.5261571030e-12
1.9921875000e+02 2.3079956288e-12 7.8558065101e-13 1.5224149778e-12
1.9927978516e+02 2.3029579639e-12 7.8329103099e-13 1.5196669329e-12
1.9934082031e+02 2.2967819514e-12 7.8163034716e-13 1.5151516042e-12
1.9940185547e+02 2.2898771863e-12 7.7909110111e-13 1.5107860852e-12
1.9946289062e+02 2.2861414275e-12 7.7764233168e-13 1.5084990958e-12
1.9952392578e+02 2.2817404774e-12 7.7576706594e-13 1.5059734115e-12
1.9958496094e+02 2.2753133818e-12 7.7299422226e-13 1.5023191595e-12
1.9964599609e+02 2.2692461602e-12 7.7118641607e-13 1.4980597441e-12
1.9970703125e+02 2.2637310145e-12 7.6961853156e-13 1.4941124830e-12
1.9976806641e+02 2.2575704634e-12 7.6796463015e-13 1.4896058333e-12
1.9982910156e+02 2.2507855953e-12 7.6518366995e-13 1.4856019253e-12
1.9989013672e+02 2.2456494451e-12 7.6333626574e-13 1.4823131794e-12
1.9995117188e+02 2.2406191841e-12 7.6183718758e-13 1.4787819965e-12
2.0001220703e+02 2.2335450593e-12 7.5964730217e-13 1.4738977571e-12
2.0007324219e+02 2.2278468352e-12 7.5785207374e-13 1.4699947615e-12
2.0013427734e+02 2.2219309381e-12 7.5614136701e-13 1.4657895711e-12
2.0019531250e+02 2.2145571200e-12 7.5418940334e-13 1.4603677166e-12
2.0025634766e+02 2.2095965682e-12 7.5249556881e-13 1.4571009994e-12
2.0031738281e+02 2.2044266526e-12 7.5079095876e-13 1.4536356938e-12
2.0037841797e+02 2.1996123353e-12 7.4899127538e-13 1.4506210600e-12
2.0043945312e+02 2.1931480410e-12 7.4634363206e-13 1.4468044090e-12
2.0050048828e+02 2.1878728513e-12 7.4437100263e-13 1.4435018486e-12
2.0056152344e+02 2.1839911843e-12 7.4315988001e-13 1.4408313043e-12
2.0062255859e+02 2.1777767276e-12 7.4174526067e-13 1.4360314670e-12
2.0068359375e+02 2.1717360066e-12 7.3974324858e-13 1.4319927580e-12
2.0074462891e+02 2.1661583928e-12 7.3695252495e-13 1.4292058678e-12
2.0080566406e+02 2.1614563418e-12 7.3466558013e-13 1.4267907617e-12
2.0086669922e+02 2.1567875794e-12 7.3345617058e-13 1.4233314088e-12
2.0092773438e+02 2.1511446930e-12 7.3209858949e-13 1.4190461035e-12
2.0098876953e+02 2.1453618368e-12 7.3061558923e-13 1.4147462475e-12
2.0104980469e+02 2.1389385912e-12 7.2850820493e-13 1.4104303863e-12
2.0111083984e+02 2.1326692042e-12 7.2654807481e-13 1.4061211294e-12
2.0117187500e+02 2.1269947515e-12 7.2461333855e-13 1.4023814130e-12
2.0123291016e+02 2.1226065207e-12 7.2246024385e-13 1.4001462768e-12
2.0129394531e+02 2.1189550989e-12 7.2104964220e-13 1.3979054567e-12
2.0135498047e+02 2.1143681258e-12 7.1935084255e-13 1.3950172832e-12
2.0141601562e+02 2.1089892245e-12 7.1738011445e-13 1.3916091100e-12
2.0147705078e+02 2.1015937143e-12 7.1478405939e-13 1.3868096549e-12
2.0153808594e+02 2.0972850001e-12 7.1321307215e-13 1.3840719280e-12
2.0159912109e+02 2.0924915823e-12 7.1176219472e-13 1.3807293876e-12
2.0166015625e+02 2.0863011023e-12 7.0973221657e-13 1.3765688858e-12
2.0172119141e+02 2.0809889463e-12 7.0785552611e-13 1.3731334202e-12
2.0178222656e+02 2.0743353708e-12 7.0546628693e-13 1.3688690839e-12
2.0184326172e+02 2.0694783883e-12 7.0385725115e-13 1.3656211372e-12
2.0190429688e+02 2.0647408973e-12 7.0249979396e-13 1.3622411033e-12
2.0196533203e+02 2.0587213546e-12 7.0052220025e-13 1.3581991544e-12
2.0202636719e+02 2.0542027199e-12 6.9871018046e-13 1.3554925394e-12
2.0208740234e+02 2.0497066472e-12 6.9748098249e-13 1.3522256647e-12
2.0214843750e+02 2.0435229734e-12 6.9550874374e-13 1.3480142296e-12
2.0220947266e+02 2.0378432027e-12 6.9317899734e-13 1.3446642053e-12
2.0227050781e+02 2.0332602152e-12 6.9122829118e-13 1.3420319241e-12
2.0233154297e+02 2.0284880575e-12 6.8972521289e-13 1.3387628446e-12
2.0239257812e+02 2.0234895711e-12 6.8802787624e-13 1.3354616948e-12
2.0245361328e+02 2.0185732258e-12 6.8625916856e-13 1.3323140572e-12
2.0251464844e+02 2.0132543956e-12 6.8405353060e-13 1.3292008650e-12
2.0257568359e+02 2.0084804593e-12 6.8258920723e-13 1.3258912521e-12
2.0263671875e+02 2.0022624530e-12 6.8061840308e-13 1.3216440499e-12
2.0269775391e+02 1.9968131424e-12 6.7866245569e-13 1.3181506868e-12
2.0275878906e+02 1.9921485558e-12 6.7730069610e-13 1.3148478597e-12
2.0281982422e+02 1.9883581368e-12 6.7620959871e-13 1.3121485381e-12
2.0288085938e+02 1.9821550878e-12 6.7406625488e-13 1.3080888330e-12
2.0294189453e+02 1.9759707337e-12 6.7193223512e-13 1.3040384986e-12
2.0300292969e+02 1.9714661952e-12 6.7061544103e-13 1.3008507542e-12
2.0306396484e+02 1.9646115281e-12 6.6845679629e-13 1.2961547319e-12
2.0312500000e+02 1.9594193869e-12 6.6661799964e-13 1.2928013872e-12
2.0318603516e+02 1.9546970276e-12 6.6535843298e-13 1.2893385946e-12
2.0324707031e+02 1.9503156350e-12 6.6332701249e-13 1.2869886225e-12
2.0330810547e+02 1.9463872448e-12 6.6105235857e-13 1.2853348862e-12
2.0336914062e+02 1.9416306300e-12 6.5926263100e-13 1.2823679990e-12
2.0343017578e+02 1.9359114018e-12 6.5819760332e-13 1.2777137984e-12
2.0349121094e+02 1.9309247936e-12 6.5686388887e-13 1.2740609047e-12
2.0355224609e+02 1.9271051655e-12 6.5535614597e-13 1.2717490195e-12
2.0361328125e+02 1.9220895212e-12 6.5315626446e-13 1.2689332568e-12
2.0367431641e+02 1.9169819968e-12 6.5182703080e-13 1.2651549660e-12
2.0373535156e+02 1.9122413280e-12 6.5029235308e-13 1.2619489749e-12
2.0379638672e+02 1.9064168790e-12 6.4856490399e-13 1.2578519750e-12
2.0385742188e+02 1.9003693562e-12 6.4694929444e-13 1.2534200618e-12
2.0391845703e+02 1.8958701022e-12 6.4538378915e-13 1.2504863130e-12
2.0397949219e+02 1.8921800833e-12 6.4377705593e-13 1.2484030274e-12
2.0404052734e+02 1.8867487499e-12 6.4164827290e-13 1.2451004770e-12
2.0410156250e+02 1.8818535141e-12 6.4010205359e-13 1.2417514605e-12
2.0416259766e+02 1.8775485152e-12 6.3847605955e-13 1.2390724557e-12
2.0422363281e+02 1.8731946902e-12 6.3678313604e-13 1.2364115541e-12
2.0428466797e+02 1.8680319755e-12 6.3505826729e-13 1.2329737082e-12
2.0434570312e+02 1.8629297581e-12 6.3348922425e-13 1.2294405338e-12
2.0440673828e+02 1.8587383993e-12 6.3215720723e-13 1.2265811921e-12
2.0446777344e+02 1.8541843993e-12 6.3036330976e-13 1.2238210895e-12
2.0452880859e+02 1.8492335295e-12 6.2901666640e-13 1.2202168631e-12
2.0458984375e+02 1.8440631536e-12 6.2741211555e-13 1.2166510381e-12
2.0465087891e+02 1.8401350152e-12 6.2607980534e-13 1.2140552098e-12
2.0471191406e+02 1.8345787641e-12 6.2474047291e-13 1.2098382912e-12
2.0477294922e+02 1.8294159965e-12 6.2314008067e-13 1.2062759159e-12
2.0483398438e+02 1.8236632013e-12 6.2130477461e-13 1.2023584267e-12
2.0489501953e+02 1.8189586634e-12 6.1976325358e-13 1.1991954098e-12
2.0495605469e+02 1.8148722564e-12 6.1813095384e-13 1.1967413026e-12
2.0501708984e+02 1.8100556545e-12 6.1630419021e-13 1.1937514643e-12
2.0507812500e+02 1.8056428186e-12 6.1453008875e-13 1.1911127298e-12
2.0513916016e+02 1.8006978684e-12 6.1269342720e-13 1.1880044412e-12
2.0520019531e+02 1.7951742715e-12 6.1079493136e-13 1.1843793401e-12
2.0526123047e+02 1.7907505629e-12 6.0915672210e-13 1.1815938408e-12
2.0532226562e+02 1.7874176233e-12 6.0784882299e-13 1.1795688003e-12
2.0538330078e+02 1.7832381430e-12 6.0679177818e-13 1.1764463648e-12
2.0544433594e+02 1.7782757106e-12 6.0521813963e-13 1.1730575709e-12
2.0550537109e+02 1.7732021305e-12 6.0348026674e-13 1.1697218638e-12
2.0556640625e+02 1.7690380684e-12 6.0190167446e-13 1.1671363939e-12
2.0562744141e+02 1.7634290541e-12 5.9937665985e-13 1.1640523943e-12
2.0568847656e+02 1.7593338364e-12 5.9831173913e-13 1.1610220972e-12
2.0574951172e+02 1.7556805775e-12 5.9735846801e-13 1.1583221095e-12
2.0581054688e+02 1.7513426303e-12 5.9595818901e-13 1.1553844413e-12
2.0587158203e+02 1.7464972308e-12 5.9441868328e-13 1.1520785475e-12
2.0593261719e+02 1.7418220989e-12 5.9275531142e-13 1.1490667874e-12
2.0599365234e+02 1.7368980925e-12 5.9118036915e-13 1.1457177234e-12
2.0605468750e+02 1.7305635379e-12 5.8912936977e-13 1.1414341681e-12
2.0611572266e+02 1.7259402403e-12 5.8758979503e-13 1.1383504453e-12
2.0617675781e+02 1.7219154470e-12 5.8565359109e-13 1.1362618560e-12
2.0623779297e+02 1.7184754131e-12 5.8406444758e-13 1.1344109656e-12
2.0629882812e+02 1.7151227080e-12 5.8327381278e-13 1.1318488952e-12
2.0635986328e+02 1.7103985535e-12 5.8196433841e-13 1.1284342151e-12
2.0642089844e+02 1.7053189359e-12 5.8060539631e-13 1.1247135396e-12
2.0648193359e+02 1.6999498655e-12 5.7891709655e-13 1.1210327689e-12
2.0654296875e+02 1.6943717718e-12 5.7699406338e-13 1.1173777085e-12
2.0660400391e+02 1.6909550108e-12 5.7569146660e-13 1.1152635442e-12
2.0666503906e+02 1.6864578845e-12 5.7445833609e-13 1.1119995484e-12
2.0672607422e+02 1.6822204834e-12 5.7290463251e-13 1.1093158509e-12
2.0678710938e+02 1.6772572272e-12 5.7080408639e-13 1.1064531408e-12
2.0684814453e+02 1.6724909347e-12 5.6909226972e-13 1.1033986650e-12
2.0690917969e+02 1.6695765395e-12 5.6815066171e-13 1.1014258777e-12
2.0697021484e+02 1.6667428531e-12 5.6695041895e-13 1.0997924341e-12
2.0703125000e+02 1.6628568499e-12 5.6556566788e-13 1.0972911821e-12
2.0709228516e+02 1.6589289126e-12 5.6440695902e-13 1.0945219536e-12
2.0715332031e+02 1.6534545667e-12 5.6283257284e-13 1.0906219939e-12
2.0721435547e+02 1.6480642062e-12 5.6088239972e-13 1.0871818065e-12
2.0727539062e+02 1.6427269154e-12 5.5927302224e-13 1.0834538932e-12
2.0733642578e+02 1.6384658905e-12 5.5803408016e-13 1.0804318104e-12
2.0739746094e+02 1.6341646255e-12 5.5630544229e-13 1.0778591832e-12
2.0745849609e+02 1.6294462725e-12 5.5455746780e-13 1.0748888047e-12
2.0751953125e+02 1.6251500000e-12 5.5338055060e-13 1.0717694494e-12
2.0758056641e+02 1.6217107836e-12 5.5243436768e-13 1.0692764159e-12
2.0764160156e+02 1.6180224155e-12 5.5097028789e-13 1.0670521276e-12
2.0770263672e+02 1.6136991476e-12 5.4955865080e-13 1.0641404968e-12
2.0776367188e+02 1.6097757698e-12 5.4849207371e-13 1.0612836961e-12
2.0782470703e+02 1.6050800884e-12 5.4709067750e-13 1.0579894109e-12
2.0788574219e+02 1.5998776414e-12 5.4552473086e-13 1.0543529106e-12
2.0794677734e+02 1.5952222688e-12 5.4348574452e-13 1.0517365243e-12
2.0800781250e+02 1.5915735253e-12 5.4205943873e-13 1.0495140866e-12
2.0806884766e+02 1.5884208316e-12 5.4066285292e-13 1.0477579787e-12
2.0812988281e+02 1.5844254450e-12 5.3911542681e-13 1.0453100182e-12
2.0819091797e+02 1.5806410985e-12 5.3772984993e-13 1.0429112485e-12
2.0825195312e+02 1.5762019436e-12 5.3604321290e-13 1.0401587307e-12
2.0831298828e+02 1.5720242163e-12 5.3485396111e-13 1.0371702552e-12
2.0837402344e+02 1.5688896675e-12 5.3396665933e-13 1.0349230082e-12
2.0843505859e+02 1.5644607483e-12 5.3230114593e-13 1.0321596024e-12
2.0849609375e+02 1.5602219450e-12 5.3111993168e-13 1.0291020134e-12
2.0855712891e+02 1.5549763852e-12 5.2982494160e-13 1.0251514436e-12
2.0861816406e+02 1.5507051746e-12 5.2799108625e-13 1.0227140883e-12
2.0867919922e+02 1.5473261737e-12 5.2642567614e-13 1.0209004975e-12
2.0874023438e+02 1.5439247520e-12 5.2507176839e-13 1.0188529836e-12
2.0880126953e+02 1.5397798342e-12 5.2384020014e-13 1.0159396340e-12
2.0886230469e+02 1.5365463075e-12 5.2261977079e-13 1.0139265367e-12
2.0892333984e+02 1.5320716468e-12 5.2134010598e-13 1.0107315408e-12
2.0898437500e+02 1.5281003459e-12 5.2002813149e-13 1.0080722144e-12
2.0904541016e+02 1.5247951552e-12 5.1928989903e-13 1.0055052561e-12
2.0910644531e+02 1.5195948197e-12 5.1731138886e-13 1.0022834308e-12
2.0916748047e+02 1.5143318117e-12 5.1559612267e-13 9.9873568900e-13
2.0922851562e+02 1.5098993845e-12 5.1422420976e-13 9.9567517471e-13
2.0928955078e+02 1.5056346091e-12 5.1269111285e-13 9.9294349621e-13
2.0935058594e+02 1.5016687039e-12 5.1109208163e-13 9.9057662224e-13
2.0941162109e+02 1.4978566315e-12 5.0997505558e-13 9.8788157594e-13
2.0947265625e+02 1.4933225028e-12 5.0874944963e-13 9.8457305316e-13
2.0953369141e+02 1.4885689481e-12 5.0728946371e-13 9.8127948443e-13
2.0959472656e+02 1.4856033321e-12 5.0643805818e-13 9.7916527396e-13
2.0965576172e+02 1.4836560473e-12 5.0570189046e-13 9.7795415688e-13
2.0971679688e+02 1.4796282179e-12 5.0394399982e-13 9.7568421806e-13
2.0977783203e+02 1.4743827114e-12 5.0207388215e-13 9.7230882922e-13
2.0983886719e+02 1.4696384613e-12 5.0060768840e-13 9.6903077292e-13
2.0989990234e+02 1.4643447801e-12 4.9903997667e-13 9.6530480341e-13
2.0996093750e+02 1.4618103377e-12 4.9797638635e-13 9.6383395137e-13
2.1002197266e+02 1.4603440210e-12 4.9708397587e-13 9.6326004518e-13
2.1008300781e+02 1.4575606076e-12 4.9622664695e-13 9.6133396062e-13
2.1014404297e+02 1.4535293111e-12 4.9462547432e-13 9.5890383674e-13
2.1020507812e+02 1.4498987072e-12 4.9334265636e-13 9.5655605088e-13
2.1026611328e+02 1.4458663810e-12 4.9170709214e-13 9.5415928884e-13
2.1032714844e+02 1.4415645209e-12 4.9092700405e-13 9.5063751685e-13
2.1038818359e+02 1.4367558394e-12 4.8951104228e-13 9.4724479716e-13
2.1044921875e+02 1.4331188711e-12 4.8830365699e-13 9.4481521412e-13
2.1051025391e+02 1.4298533344e-12 4.8686149755e-13 9.4299183686e-13
2.1057128906e+02 1.4267779925e-12 4.8557878193e-13 9.4119921054e-13
2.1063232422e+02 1.4229654482e-12 4.8407494180e-13 9.3889050636e-13
2.1069335938e+02 1.4191152779e-12 4.8303974846e-13 9.3607552944e-13
2.1075439453e+02 1.4158554561e-12 4.8238561031e-13 9.3346984581e-13
2.1081542969e+02 1.4116422621e-12 4.8090057968e-13 9.3074168238e-13
2.1087646484e+02 1.4072669040e-12 4.7921843433e-13 9.2804846964e-13
2.1093750000e+02 1.4029145609e-12 4.7806047734e-13 9.2485408357e-13
2.1099853516e+02 1.3988979322e-12 4.7665375460e-13 9.2224417758e-13
2.1105957031e+02 1.3955478941e-12 4.7517549710e-13 9.2037239699e-13
2.1112060547e+02 1.3919254507e-12 4.7346793167e-13 9.1845751908e-13
2.1118164062e+02 1.3885519025e-12 4.7251323704e-13 9.1603866542e-13
2.1124267578e+02 1.3849806207e-12 4.7169503894e-13 9.1328558172e-13
2.1130371094e+02 1.3813621493e-12 4.7069565803e-13 9.1066649125e-13
2.1136474609e+02 1.3772369454e-12 4.6916768727e-13 9.0806925817e-13
2.1142578125e+02 1.3738819165e-12 4.6782609363e-13 9.0605582285e-13
2.1148681641e+02 1.3709452508e-12 4.6708343342e-13 9.0386181734e-13
2.1154785156e+02 1.3662008259e-12 4.6541157114e-13 9.0078925479e-13
2.1160888672e+02 1.3623400502e-12 4.6417415262e-13 8.9816589759e-13
2.1166992188e+02 1.3594479511e-12 4.6296201121e-13 8.9648593991e-13
2.1173095703e+02 1.3553877750e-12 4.6156225038e-13 8.9382552461e-13
2.1179199219e+02 1.3515407254e-12 4.6053358518e-13 8.9100714026e-13
2.1185302734e+02 1.3476732609e-12 4.5947507538e-13 8.8819818550e-13
2.1191406250e+02 1.3445210772e-12 4.5805614949e-13 8.8646492773e-13
2.1197509766e+02 1.3405271603e-12 4.5663391526e-13 8.8389324508e-13
2.1203613281e+02 1.3376377278e-12 4.5558364854e-13 8.8205407924e-13
2.1209716797e+02 1.3343034599e-12 4.5447611979e-13 8.7982734011e-13
2.1215820312e+02 1.3298181098e-12 4.5289073227e-13 8.7692737757e-13
2.1221923828e+02 1.3263070087e-12 4.5208053350e-13 8.7422647515e-13
2.1228027344e+02 1.3229137456e-12 4.5094494850e-13 8.7196879708e-13
2.1234130859e+02 1.3192709817e-12 4.4955853188e-13 8.6971244986e-13
2.1240234375e+02 1.3153828117e-12 4.4829636953e-13 8.6708644215e-13
2.1246337891e+02 1.3116307962e-12 4.4694082012e-13 8.6468997613e-13
2.1252441406e+02 1.3092805743e-12 4.4563111141e-13 8.6364946289e-13
2.1258544922e+02 1.3054538395e-12 4.4447561877e-13 8.6097822070e-13
2.1264648438e+02 1.3017497303e-12 4.4364688148e-13 8.5810284879e-13
2.1270751953e+02 1.2990902882e-12 4.4312339600e-13 8.5596689218e-13
2.1276855469e+02 1.2947936908e-12 4.4161762992e-13 8.5317606089e-13
2.1282958984e+02 1.2912263982e-12 4.4010281368e-13 8.5112358451e-13
2.1289062500e+02 1.2888498554e-12 4.3896606730e-13 8.4988378813e-13
2.1295166016e+02 1.2865494296e-12 4.3764792546e-13 8.4890150415e-13
2.1301269531e+02 1.2830831053e-12 4.3652138688e-13 8.4656171847e-13
2.1307373047e+02 1.2788529441e-12 4.3537873052e-13 8.4347421362e-13
2.1313476562e+02 1.2764838167e-12 4.3464283039e-13 8.4184098633e-13
2.1319580078e+02 1.2733361888e-12 4.3324720130e-13 8.4008898751e-13
2.1325683594e+02 1.2690609291e-12 4.3233963641e-13 8.3672129274e-13
2.1331787109e+02 1.2648114070e-12 4.3091561146e-13 8.3389579557e-13
2.1337890625e+02 1.2620651087e-12 4.2955622930e-13 8.3250887939e-13
2.1343994141e+02 1.2590715532e-12 4.2865540531e-13 8.3041614790e-13
2.1350097656e+02 1.2555783556e-12 4.2741394592e-13 8.2816440970e-13
2.1356201172e+02 1.2519553834e-12 4.2652215034e-13 8.2543323310e-13
2.1362304688e+02 1.2477436933e-12 4.2541536228e-13 8.2232833105e-13
2.1368408203e+02 1.2437575931e-12 4.2348100891e-13 8.2027658423e-13
2.1374511719e+02 1.2403960648e-12 4.2250278752e-13 8.1789327725e-13
2.1380615234e+02 1.2378956735e-12 4.2164823661e-13 8.1624743689e-13
2.1386718750e+02 1.2348155611e-12 4.2094358008e-13 8.1387198105e-13
2.1392822266e+02 1.2314869205e-12 4.2011648336e-13 8.1137043711e-13
2.1398925781e+02 1.2284963529e-12 4.1875034829e-13 8.0974600465e-13
2.1405029297e+02 1.2251472943e-12 4.1738509818e-13 8.0776219617e-13
2.1411132812e+02 1.2213899625e-12 4.1604742300e-13 8.0534253946e-13
2.1417236328e+02 1.2179591053e-12 4.1513848972e-13 8.0282061553e-13
2.1423339844e+02 1.2147706958e-12 4.1368133073e-13 8.0108936511e-13
2.1429443359e+02 1.2116653169e-12 4.1260607120e-13 7.9905924567e-13
2.1435546875e+02 1.2086906737e-12 4.1174647339e-13 7.9694420031e-13
2.1441650391e+02 1.2047530719e-12 4.1061540332e-13 7.9413766856e-13
2.1447753906e+02 1.2024594145e-12 4.0995024079e-13 7.9250917367e-13
2.1453857422e+02 1.1989364744e-12 4.0863315331e-13 7.9030332105e-13
2.1459960938e+02 1.1952496346e-12 4.0741758793e-13 7.8783204665e-13
2.1466064453e+02 1.1930227050e-12 4.0659413519e-13 7.8642856983e-13
2.1472167969e+02 1.1903253854e-12 4.0546830610e-13 7.8485707933e-13
2.1478271484e+02 1.1873514070e-12 4.0433073451e-13 7.8302067246e-13
2.1484375000e+02 1.1836858925e-12 4.0294538040e-13 7.8074051212e-13
2.1490478516e+02 1.1802637854e-12 4.0175353082e-13 7.7851025455e-13
2.1496582031e+02 1.1764447166e-12 4.0035062070e-13 7.7609409591e-13
2.1502685547e+02 1.1720830493e-12 3.9890556125e-13 7.7317748807e-13
2.1508789062e+02 1.1689667463e-12 3.9814466372e-13 7.7082208255e-13
2.1514892578e+02 1.1660754566e-12 3.9750907759e-13 7.6856637900e-13
2.1520996094e+02 1.1632181958e-12 3.9665494516e-13 7.6656325061e-13
2.1527099609e+02 1.1606737949e-12 3.9573933666e-13 7.6493445825e-13
2.1533203125e+02 1.1580438824e-12 3.9475149443e-13 7.6329238795e-13
2.1539306641e+02 1.1545007994e-12 3.9300888525e-13 7.6149191414e-13
2.1545410156e+02 1.1517025373e-12 3.9160207309e-13 7.6010046418e-13
2.1551513672e+02 1.1495446495e-12 3.9127352839e-13 7.5827112115e-13
2.1557617188e+02 1.1463665379e-12 3.9051322332e-13 7.5585331456e-13
2.1563720703e+02 1.1427965480e-12 3.8932500244e-13 7.5347154552e-13
2.1569824219e+02 1.1391619872e-12 3.8781255965e-13 7.5134942759e-13
2.1575927734e+02 1.1365739509e-12 3.8672938675e-13 7.4984456417e-13
2.1582031250e+02 1.1336842158e-12 3.8594261181e-13 7.4774160403e-13
2.1588134766e+02 1.1295858499e-12 3.8492769491e-13 7.4465815502e-13
2.1594238281e+02 1.1261194009e-12 3.8412577762e-13 7.4199362332e-13
2.1600341797e+02 1.1234391389e-12 3.8293961581e-13 7.4049952309e-13
2.1606445312e+02 1.1207032141e-12 3.8220859514e-13 7.3849461900e-13
2.1612548828e+02 1.1182662943e-12 3.8120758225e-13 7.3705871202e-13
2.1618652344e+02 1.1150501362e-12 3.8001774430e-13 7.3503239193e-13
2.1624755859e+02 1.1111163390e-12 3.7914586142e-13 7.3197047756e-13
2.1630859375e+02 1.1071979228e-12 3.7760984054e-13 7.2958808224e-13
2.1636962891e+02 1.1053215021e-12 3.7691620067e-13 7.2840530145e-13
2.1643066406e+02 1.1032598001e-12 3.7623098639e-13 7.2702881369e-13
2.1649169922e+02 1.0996176267e-12 3.7502455470e-13 7.2459307198e-13
2.1655273438e+02 1.0959849989e-12 3.7348010079e-13 7.2250489808e-13
2.1661376953e+02 1.0922089369e-12 3.7231191061e-13 7.1989702628e-13
2.1667480469e+02 1.0893060825e-12 3.7158222375e-13 7.1772385880e-13
2.1673583984e+02 1.0872075172e-12 3.7087394228e-13 7.1633357496e-13
2.1679687500e+02 1.0856037563e-12 3.6969320430e-13 7.1591055200e-13
2.1685791016e+02 1.0832343732e-12 3.6864125892e-13 7.1459311428e-13
2.1691894531e+02 1.0792691312e-12 3.6728046009e-13 7.1198867108e-13
2.1697998047e+02 1.0772609259e-12 3.6679717627e-13 7.1046374962e-13
2.1704101562e+02 1.0745989173e-12 3.6629524446e-13 7.0830367279e-13
2.1710205078e+02 1.0704701985e-12 3.6505374055e-13 7.0541645791e-13
2.1716308594e+02 1.0667688692e-12 3.6390561679e-13 7.0286325246e-13
2.1722412109e+02 1.0645918203e-12 3.6250719830e-13 7.0208462205e-13
2.1728515625e+02 1.0627638508e-12 3.6154380359e-13 7.0122004723e-13
2.1734619141e+02 1.0599655448e-12 3.6086915940e-13 6.9909638540e-13
2.1740722656e+02 1.0566901491e-12 3.5968389246e-13 6.9700625660e-13
2.1746826172e+02 1.0532667998e-12 3.5867259354e-13 6.9459420628e-13
2.1752929688e+02 1.0499305776e-12 3.5802998969e-13 6.9190058792e-13
2.1759033203e+02 1.0470716571e-12 3.5726218687e-13 6.8980947025e-13
2.1765136719e+02 1.0453253777e-12 3.5632249920e-13 6.8900287845e-13
2.1771240234e+02 1.0422801351e-12 3.5521181357e-13 6.8706832152e-13
2.1777343750e+02 1.0390500187e-12 3.5392744216e-13 6.8512257650e-13
2.1783447266e+02 1.0363496123e-12 3.5296398379e-13 6.8338562847e-13
2.1789550781e+02 1.0340092991e-12 3.5265828951e-13 6.8135100958e-13
2.1795654297e+02 1.0304439039e-12 3.5178294036e-13 6.7866096351e-13
2.1801757812e+02 1.0276557089e-12 3.5094444219e-13 6.7671126671e-13
2.1807861328e+02 1.0254411440e-12 3.4989809598e-13 6.7554304804e-13
2.1813964844e+02 1.0230292924e-12 3.4878770825e-13 6.7424158415e-13
2.1820068359e+02 1.0211427150e-12 3.4795224899e-13 6.7319046599e-13
2.1826171875e+02 1.0180381116e-12 3.4678796412e-13 6.7125014752e-13
2.1832275391e+02 1.0152649208e-12 3.4572391745e-13 6.6954100332e-13
2.1838378906e+02 1.0129823147e-12 3.4504156163e-13 6.6794075305e-13
2.1844482422e+02 1.0104104084e-12 3.4422282531e-13 6.6618758304e-13
2.1850585938e+02 1.0074122242e-12 3.4314671134e-13 6.6426551286e-13
2.1856689453e+02 1.0037601224e-12 3.4177400374e-13 6.6198611867e-13
2.1862792969e+02 1.0005930911e-12 3.4069733021e-13 6.5989576088e-13
2.1868896484e+02 9.9772269784e-13 3.3960189996e-13 6.5812079788e-13
2.1875000000e+02 9.9578966126e-13 3.3919706771e-13 6.5659259355e-13
2.1881103516e+02 9.9248121945e-13 3.3845956492e-13 6.5402165454e-13
2.1887207031e+02 9.8947162941e-13 3.3736109023e-13 6.5211053918e-13
2.1893310547e+02 9.8621173159e-13 3.3638933824e-13 6.4982239335e-13
2.1899414062e+02 9.8379805420e-13 3.3563337734e-13 6.4816467686e-13
2.1905517578e+02 9.8183049235e-13 3.3467740903e-13 6.4715308333e-13
2.1911621094e+02 9.7933654843e-13 3.3380634869e-13 6.4553019974e-13
2.1917724609e+02 9.7651814394e-13 3.3264545081e-13 6.4387269313e-13
2.1923828125e+02 9.7333952017e-13 3.3149168400e-13 6.4184783617e-13
2.1929931641e+02 9.7095555183e-13 3.3061558369e-13 6.4033996814e-13
2.1936035156e+02 9.6910598424e-13 3.3011050192e-13 6.3899548232e-13
2.1942138672e+02 9.6612227346e-13 3.2923575890e-13 6.3688651455e-13
2.1948242188e+02 9.6285055853e-13 3.2794918215e-13 6.3490137638e-13
2.1954345703e+02 9.6015702128e-13 3.2663346049e-13 6.3352356079e-13
2.1960449219e+02 9.5765833447e-13 3.2611867015e-13 6.3153966432e-13
2.1966552734e+02 9.5491534623e-13 3.2517489451e-13 6.2974045172e-13
2.1972656250e+02 9.5255106451e-13 3.2410498714e-13 6.2844607737e-13
2.1978759766e+02 9.5019009665e-13 3.2371787157e-13 6.2647222508e-13
2.1984863281e+02 9.4754028599e-13 3.2293102530e-13 6.2460926069e-13
2.1990966797e+02 9.4541481769e-13 3.2215957237e-13 6.2325524531e-13
2.1997070312e+02 9.4294720427e-13 3.2141275279e-13 6.2153445148e-13
2.2003173828e+02 9.3901144341e-13 3.2016794861e-13 6.1884349480e-13
2.2009277344e+02 9.3636068964e-13 3.1935386638e-13 6.1700682326e-13
2.2015380859e+02 9.3440839519e-13 3.1835182902e-13 6.1605656616e-13
2.2021484375e+02 9.3324240413e-13 3.1780643027e-13 6.1543597386e-13
2.2027587891e+02 9.3122536245e-13 3.1705355199e-13 6.1417181047e-13
2.2033691406e+02 9.2803853732e-13 3.1592848541e-13 6.1211005191e-13
2.2039794922e+02 9.2422205412e-13 3.1512180738e-13 6.0910024673e-13
2.2045898438e+02 9.2047757571e-13 3.1374524315e-13 6.0673233256e-13
2.2052001953e+02 9.1904660496e-13 3.1289196795e-13 6.0615463701e-13
2.2058105469e+02 9.1737800752e-13 3.1220617454e-13 6.0517183298e-13
2.2064208984e+02 9.1497289536e-13 3.1158035432e-13 6.0339254105e-13
2.2070312500e+02 9.1272935428e-13 3.1124531183e-13 6.0148404245e-13
2.2076416016e+02 9.1100107134e-13 3.1074704625e-13 6.0025402509e-13
2.2082519531e+02 9.0903971186e-13 3.0999452053e-13 5.9904519133e-13
2.2088623047e+02 9.0595329259e-13 3.0857102990e-13 5.9738226269e-13
2.2094726562e+02 9.0295211532e-13 3.0766611012e-13 5.9528600519e-13
2.2100830078e+02 9.0014511755e-13 3.0679754491e-13 5.9334757264e-13
2.2106933594e+02 8.9719795303e-13 3.0574082509e-13 5.9145712793e-13
2.2113037109e+02 8.9489788806e-13 3.0466215797e-13 5.9023573008e-13
2.2119140625e+02 8.9251126900e-13 3.0377562563e-13 5.8873564337e-13
2.2125244141e+02 8.8961489467e-13 3.0326562611e-13 5.8634926856e-13
2.2131347656e+02 8.8737163508e-13 3.0297885273e-13 5.8439278236e-13
2.2137451172e+02 8.8508741722e-13 3.0220665337e-13 5.8288076386e-13
2.2143554688e+02 8.8357142759e-13 3.0125606490e-13 5.8231536269e-13
2.2149658203e+02 8.8056025935e-13 2.9975851059e-13 5.8080174876e-13
2.2155761719e+02 8.7713349530e-13 2.9908286417e-13 5.7805063113e-13
2.2161865234e+02 8.7434585327e-13 2.9832989656e-13 5.7601595671e-13
2.2167968750e+02 8.7214505503e-13 2.9762955057e-13 5.7451550446e-13
2.2174072266e+02 8.7012055948e-13 2.9673971689e-13 5.7338084259e-13
2.2180175781e+02 8.6815013082e-13 2.9590615883e-13 5.7224397199e-13
2.2186279297e+02 8.6675597429e-13 2.9560514633e-13 5.7115082796e-13
2.2192382812e+02 8.6493476974e-13 2.9506570455e-13 5.6986906519e-13
2.2198486328e+02 8.6265605023e-13 2.9380441979e-13 5.6885163044e-13
2.2204589844e+02 8.5978091598e-13 2.9243904410e-13 5.6734187188e-13
2.2210693359e+02 8.5656646010e-13 2.9146778824e-13 5.6509867186e-13
2.2216796875e+02 8.5366989751e-13 2.9108317895e-13 5.6258671857e-13
2.2222900391e+02 8.5102100146e-13 2.9035295508e-13 5.6066804638e-13
2.2229003906e+02 8.4840427409e-13 2.8938757164e-13 5.5901670245e-13
2.2235107422e+02 8.4661724530e-13 2.8907924478e-13 5.5753800052e-13
2.2241210938e+02 8.4371159331e-13 2.8809672415e-13 5.5561486915e-13
2.2247314453e+02 8.4089101618e-13 2.8702246542e-13 5.5386855076e-13
2.2253417969e+02 8.3901538954e-13 2.8622929911e-13 5.5278609043e-13
2.2259521484e+02 8.3842491507e-13 2.8577937533e-13 5.5264553974e-13
2.2265625000e+02 8.3635237430e-13 2.8483638384e-13 5.5151599046e-13
2.2271728516e+02 8.3298489215e-13 2.8365298949e-13 5.4933190266e-13
2.2277832031e+02 8.3043870350e-13 2.8311082260e-13 5.4732788089e-13
2.2283935547e+02 8.2804724540e-13 2.8227735278e-13 5.4576989262e-13
2.2290039062e+02 8.2601975343e-13 2.8156937615e-13 5.4445037727e-13
2.2296142578e+02 8.2358483090e-13 2.8045717243e-13 5.4312765847e-13
2.2302246094e+02 8.2142263905e-13 2.7984457703e-13 5.4157806203e-13
2.2308349609e+02 8.1987367716e-13 2.7952974017e-13 5.4034393699e-13
2.2314453125e+02 8.1713753831e-13 2.7847063177e-13 5.3866690654e-13
2.2320556641e+02 8.1538622826e-13 2.7785367181e-13 5.3753255645e-13
2.2326660156e+02 8.1290804264e-13 2.7705586913e-13 5.3585217351e-13
2.2332763672e+02 8.0987895240e-13 2.7633047903e-13 5.3354847337e-13
2.2338867188e+02 8.0725675889e-13 2.7610980945e-13 5.3114694944e-13
2.2344970703e+02 8.0473033317e-13 2.7500398558e-13 5.2972634760e-13
2.2351074219e+02 8.0311320694e-13 2.7424822409e-13 5.2886498286e-13
2.2357177734e+02 8.0136495257e-13 2.7331834581e-13 5.2804660676e-13
2.2363281250e+02 7.9923479113e-13 2.7234073149e-13 5.2689405965e-13
2.2369384766e+02 7.9685545475e-13 2.7171113346e-13 5.2514432129e-13
2.2375488281e+02 7.9495214919e-13 2.7108474938e-13 5.2386739982e-13
2.2381591797e+02 7.9273375661e-13 2.7054465912e-13 5.2218909750e-13
2.2387695312e+02 7.9028909194e-13 2.6972022670e-13 5.2056886524e-13
2.2393798828e+02 7.8858897196e-13 2.6897511907e-13 5.1961385288e-13
2.2399902344e+02 7.8654025153e-13 2.6833341288e-13 5.1820683865e-13
2.2406005859e+02 7.8469464888e-13 2.6749797322e-13 5.1719667565e-13
2.2412109375e+02 7.8229911140e-13 2.6686692979e-13 5.1543218162e-13
2.2418212891e+02 7.7984461950e-13 2.6624983606e-13 5.1359478344e-13
2.2424316406e+02 7.7700232301e-13 2.6579707488e-13 5.1120524813e-13
2.2430419922e+02 7.7455953325e-13 2.6473100087e-13 5.0982853238e-13
2.2436523438e+02 7.7271683831e-13 2.6348265273e-13 5.0923418558e-13
2.2442626953e+02 7.7125785385e-13 2.6292973919e-13 5.0832811466e-13
2.2448730469e+02 7.6907369320e-13 2.6219733671e-13 5.0687635649e-13
2.2454833984e+02 7.6630101276e-13 2.6126313488e-13 5.0503787788e-13
2.2460937500e+02 7.6471018044e-13 2.6079684908e-13 5.0391333136e-13
2.2467041016e+02 7.6325855398e-13 2.6042502799e-13 5.0283352599e-13
2.2473144531e+02 7.6075762420e-13 2.5953623094e-13 5.0122139326e-13
2.2479248047e+02 7.5833996644e-13 2.5879301954e-13 4.9954694689e-13
2.2485351562e+02 7.5662304935e-13 2.5850336392e-13 4.9811968543e-13
2.2491455078e+02 7.5445056059e-13 2.5763220577e-13 4.9681835483e-13
2.2497558594e+02 7.5219468660e-13 2.5684735797e-13 4.9534732863e-13
2.2503662109e+02 7.5005082559e-13 2.5599969540e-13 4.9405113019e-13
2.2509765625e+02 7.4730587753e-13 2.5512408209e-13 4.9218179545e-13
2.2515869141e+02 7.4470936715e-13 2.5425994790e-13 4.9044941925e-13
2.2521972656e+02 7.4303746632e-13 2.5331387185e-13 4.8972359447e-13
2.2528076172e+02 7.4194988997e-13 2.5259422544e-13 4.8935566453e-13
2.2534179688e+02 7.4009709094e-13 2.5187770418e-13 4.8821938677e-13
2.2540283203e+02 7.3771716676e-13 2.5134286194e-13 4.8637430482e-13
2.2546386719e+02 7.3520097986e-13 2.5081291367e-13 4.8438806618e-13
2.2552490234e+02 7.3351437918e-13 2.5037589722e-13 4.8313848197e-13
2.2558593750e+02 7.3241641701e-13 2.5001909288e-13 4.8239732413e-13
2.2564697266e+02 7.3096700742e-13 2.4908468028e-13 4.8188232715e-13
2.2570800781e+02 7.2940981638e-13 2.4836777056e-13 4.8104204582e-13
2.2576904297e+02 7.2647523809e-13 2.4740109314e-13 4.7907414496e-13
2.2583007812e+02 7.2442138345e-13 2.4700793865e-13 4.7741344480e-13
2.2589111328e+02 7.2288801313e-13 2.4653297238e-13 4.7635504075e-13
2.2595214844e+02 7.2143120130e-13 2.4572864224e-13 4.7570255906e-13
2.2601318359e+02 7.1915034793e-13 2.4486653072e-13 4.7428381721e-13
2.2607421875e+02 7.1656034744e-13 2.4446620675e-13 4.7209414069e-13
2.2613525391e+02 7.1458149530e-13 2.4366230550e-13 4.7091918980e-13
2.2619628906e+02 7.1282870289e-13 2.4299238543e-13 4.6983631746e-13
2.2625732422e+02 7.1004188791e-13 2.4186549226e-13 4.6817639565e-13
2.2631835938e+02 7.0764348465e-13 2.4093371355e-13 4.6670977110e-13
2.2637939453e+02 7.0504175633e-13 2.4042494688e-13 4.6461680945e-13
2.2644042969e+02 7.0300877124e-13 2.3997351486e-13 4.6303525638e-13
2.2650146484e+02 7.0212986916e-13 2.3979615813e-13 4.6233371104e-13
2.2656250000e+02 7.0087039257e-13 2.3913768713e-13 4.6173270544e-13
2.2662353516e+02 6.9915801520e-13 2.3827068149e-13 4.6088733371e-13
2.2668457031e+02 6.9670473992e-13 2.3723497460e-13 4.5946976532e-13
2.2674560547e+02 6.9459470421e-13 2.3660570020e-13 4.5798900401e-13
2.2680664062e+02 6.9298866022e-13 2.3609807717e-13 4.5689058304e-13
2.2686767578e+02 6.9134311634e-13 2.3560247300e-13 4.5574064334e-13
2.2692871094e+02 6.8942609666e-13 2.3477523476e-13 4.5465086190e-13
2.2698974609e+02 6.8750403798e-13 2.3419737233e-13 4.5330666565e-13
2.2705078125e+02 6.8510353455e-13 2.3368913977e-13 4.5141439478e-13
2.2711181641e+02 6.8283909547e-13 2.3293345017e-13 4.4990564530e-13
2.2717285156e+02 6.8080373764e-13 2.3225628250e-13 4.4854745514e-13
2.2723388672e+02 6.7908201792e-13 2.3206469437e-13 4.4701732354e-13
2.2729492188e+02 6.7713187798e-13 2.3131215992e-13 4.4581971806e-13
2.2735595703e+02 6.7511430771e-13 2.3053155547e-13 4.4458275224e-13
2.2741699219e+02 6.7379610049e-13 2.3038065583e-13 4.4341544466e-13
2.2747802734e+02 6.7224433561e-13 2.2962779031e-13 4.4261654530e-13
2.2753906250e+02 6.7013809654e-13 2.2873430123e-13 4.4140379532e-13
2.2760009766e+02 6.6853149775e-13 2.2824029139e-13 4.4029120635e-13
2.2766113281e+02 6.6685035975e-13 2.2757812373e-13 4.3927223602e-13
2.2772216797e+02 6.6409332284e-13 2.2653942077e-13 4.3755390207e-13
2.2778320312e+02 6.6229295328e-13 2.2613641739e-13 4.3615653589e-13
2.2784423828e+02 6.6095727131e-13 2.2545696099e-13 4.3550031032e-13
2.2790527344e+02 6.5947344809e-13 2.2460788066e-13 4.3486556743e-13
2.2796630859e+02 6.5788593804e-13 2.2428933671e-13 4.3359660133e-13
2.2802734375e+02 6.5605132494e-13 2.2361339865e-13 4.3243792629e-13
2.2808837891e+02 6.5410430078e-13 2.2291419913e-13 4.3119010164e-13
2.2814941406e+02 6.5183563863e-13 2.2213807914e-13 4.2969755949e-13
2.2821044922e+02 6.4938566608e-13 2.2157203615e-13 4.2781362993e-13
2.2827148438e+02 6.4680409897e-13 2.2101067283e-13 4.2579342615e-13
2.2833251953e+02 6.4486392894e-13 2.2022684104e-13 4.2463708789e-13
2.2839355469e+02 6.4324990206e-13 2.1966934042e-13 4.2358056164e-13
2.2845458984e+02 6.4174375707e-13 2.1917850528e-13 4.2256525179e-13
2.2851562500e+02 6.4034390726e-13 2.1858347576e-13 4.2176043150e-13
2.2857666016e+02 6.3922634551e-13 2.1813419171e-13 4.2109215380e-13
2.2863769531e+02 6.3753371904e-13 2.1779035930e-13 4.1974335974e-13
2.2869873047e+02 6.3581232301e-13 2.1724184625e-13 4.1857047676e-13
2.2875976562e+02 6.3421617427e-13 2.1634635316e-13 4.1786982110e-13
2.2882080078e+02 6.3164711619e-13 2.1544495258e-13 4.1620216361e-13
2.2888183594e+02 6.2957974917e-13 2.1449433644e-13 4.1508541274e-13
2.2894287109e+02 6.2833823584e-13 2.1366656112e-13 4.1467167472e-13
2.2900390625e+02 6.2649140427e-13 2.1315560525e-13 4.1333579902e-13
2.2906494141e+02 6.2455085211e-13 2.1283617191e-13 4.1171468020e-13
2.2912597656e+02 6.2348084002e-13 2.1273717459e-13 4.1074366543e-13
2.2918701172e+02 6.2181320071e-13 2.1200556548e-13 4.0980763524e-13
2.2924804688e+02 6.1957678095e-13 2.1117530444e-13 4.0840147651e-13
2.2930908203e+02 6.1764393756e-13 2.1063158179e-13 4.0701235577e-13
2.2937011719e+02 6.1641028962e-13 2.1013190754e-13 4.0627838208e-13
2.2943115234e+02 6.1473895577e-13 2.0963834411e-13 4.0510061166e-13
2.2949218750e+02 6.1276611114e-13 2.0898422463e-13 4.0378188650e-13
2.2955322266e+02 6.1126817523e-13 2.0858326058e-13 4.0268491464e-13
2.2961425781e+02 6.0961480915e-13 2.0832280906e-13 4.0129200010e-13
2.2967529297e+02 6.0752991572e-13 2.0755231018e-13 3.9997760554e-13
2.2973632812e+02 6.0590290363e-13 2.0693681031e-13 3.9896609332e-13
2.2979736328e+02 6.0476104100e-13 2.0636828614e-13 3.9839275486e-13
2.2985839844e+02 6.0359542000e-13 2.0580932523e-13 3.9778609477e-13
2.2991943359e+02 6.0203099533e-13 2.0527364942e-13 3.9675734591e-13
2.2998046875e+02 5.9926780083e-13 2.0437129014e-13 3.9489651069e-13
2.3004150391e+02 5.9745495492e-13 2.0381325957e-13 3.9364169534e-13
2.3010253906e+02 5.9521229271e-13 2.0315351295e-13 3.9205877976e-13
2.3016357422e+02 5.9305649540e-13 2.0257544985e-13 3.9048104556e-13
2.3022460938e+02 5.9190335837e-13 2.0213641819e-13 3.8976694018e-13
2.3028564453e+02 5.9104008769e-13 2.0176238911e-13 3.8927769858e-13
2.3034667969e+02 5.9009000853e-13 2.0120851451e-13 3.8888149401e-13
2.3040771484e+02 5.8884579928e-13 2.0073416792e-13 3.8811163136e-13
2.3046875000e+02 5.8734375548e-13 2.0030760251e-13 3.8703615297e-13
2.3052978516e+02 5.8542775173e-13 1.9967987688e-13 3.8574787485e-13
2.3059082031e+02 5.8362246037e-13 1.9922253369e-13 3.8439992668e-13
2.3065185547e+02 5.8198167497e-13 1.9864608419e-13 3.8333559078e-13
2.3071289062e+02 5.8077589591e-13 1.9773651660e-13 3.8303937931e-13
2.3077392578e+02 5.7950501926e-13 1.9749666864e-13 3.8200835062e-13
2.3083496094e+02 5.7734167927e-13 1.9678438802e-13 3.8055729125e-13
2.3089599609e+02 5.7502805141e-13 1.9632090076e-13 3.7870715064e-13
2.3095703125e+02 5.7371035954e-13 1.9616745549e-13 3.7754290404e-13
2.3101806641e+02 5.7217240383e-13 1.9545033963e-13 3.7672206420e-13
2.3107910156e+02 5.7070765066e-13 1.9492894763e-13 3.7577870303e-13
2.3114013672e+02 5.6901770813e-13 1.9450425397e-13 3.7451345416e-13
2.3120117188e+02 5.6698362542e-13 1.9406410988e-13 3.7291951554e-13
2.3126220703e+02 5.6490777001e-13 1.9349673076e-13 3.7141103926e-13
2.3132324219e+02 5.6279894861e-13 1.9266197348e-13 3.7013697513e-13
2.3138427734e+02 5.6087849484e-13 1.9202323628e-13 3.6885525856e-13
2.3144531250e+02 5.5951907185e-13 1.9145511109e-13 3.6806396077e-13
2.3150634766e+02 5.5893843428e-13 1.9116535463e-13 3.6777307966e-13
2.3156738281e+02 5.5743287540e-13 1.9019273790e-13 3.6724013750e-13
2.3162841797e+02 5.5598564844e-13 1.8954333961e-13 3.6644230883e-13
2.3168945312e+02 5.5459887493e-13 1.8923929093e-13 3.6535958400e-13
2.3175048828e+02 5.5284279895e-13 1.8880535683e-13 3.6403744212e-13
2.3181152344e+02 5.5164794081e-13 1.8827567118e-13 3.6337226963e-13
2.3187255859e+02 5.5016044372e-13 1.8789075927e-13 3.6226968445e-13
2.3193359375e+02 5.4845284295e-13 1.8730759580e-13 3.6114524715e-13
2.3199462891e+02 5.4729758777e-13 1.8666095232e-13 3.6063663545e-13
2.3205566406e+02 5.4590299679e-13 1.8605782388e-13 3.5984517291e-13
2.3211669922e+02 5.4487803923e-13 1.8563739336e-13 3.5924064587e-13
2.3217773438e+02 5.4292602580e-13 1.8502593596e-13 3.5790008984e-13
2.3223876953e+02 5.4136715486e-13 1.8468889122e-13 3.5667826365e-13
2.3229980469e+02 5.4052315934e-13 1.8422163582e-13 3.5630152352e-13
2.3236083984e+02 5.3976806556e-13 1.8389999984e-13 3.5586806572e-13
2.3242187500e+02 5.3811539029e-13 1.8372309219e-13 3.5439229810e-13
2.3248291016e+02 5.3612018276e-13 1.8293475040e-13 3.5318543235e-13
2.3254394531e+02 5.3390469442e-13 1.8235168619e-13 3.5155300823e-13
2.3260498047e+02 5.3253983795e-13 1.8193935231e-13 3.5060048564e-13
2.3266601562e+02 5.3092534447e-13 1.8105025448e-13 3.4987509000e-13
2.3272705078e+02 5.2968581333e-13 1.8072035084e-13 3.4896546249e-13
2.3278808594e+02 5.2850622452e-13 1.8042644046e-13 3.4807978406e-13
2.3284912109e+02 5.2680511577e-13 1.7973602503e-13 3.4706909073e-13
2.3291015625e+02 5.2433257397e-13 1.7898238382e-13 3.4535019015e-13
2.3297119141e+02 5.2209950527e-13 1.7837903007e-13 3.4372047520e-13
2.3303222656e+02 5.2079004280e-13 1.7790173031e-13 3.4288831249e-13
2.3309326172e+02 5.1938260443e-13 1.7733584976e-13 3.4204675467e-13
2.3315429688e+02 5.1866674673e-13 1.7714322041e-13 3.4152352632e-13
2.3321533203e+02 5.1761329418e-13 1.7669771153e-13 3.4091558265e-13
2.3327636719e+02 5.1687129901e-13 1.7635344992e-13 3.4051784908e-13
2.3333740234e+02 5.1606485068e-13 1.7623150717e-13 3.3983334350e-13
2.3339843750e+02 5.1470486268e-13 1.7546634639e-13 3.3923851629e-13
2.3345947266e+02 5.1281201803e-13 1.7478396934e-13 3.3802804869e-13
2.3352050781e+02 5.1110999215e-13 1.7414356237e-13 3.3696642978e-13
2.3358154297e+02 5.1058807936e-13 1.7403627537e-13 3.3655180399e-13
2.3364257812e+02 5.0939855701e-13 1.7362711619e-13 3.3577144082e-13
2.3370361328e+02 5.0781976048e-13 1.7290225112e-13 3.3491750935e-13
2.3376464844e+02 5.0663141507e-13 1.7225691512e-13 3.3437449996e-13
2.3382568359e+02 5.0474449713e-13 1.7160730523e-13 3.3313719190e-13
2.3388671875e+02 5.0175457762e-13 1.7112895063e-13 3.3062562700e-13
2.3394775391e+02 4.9949731629e-13 1.7091126271e-13 3.2858605358e-13
2.3400878906e+02 4.9826408371e-13 1.7042318555e-13 3.2784089816e-13
2.3406982422e+02 4.9722024764e-13 1.6981556946e-13 3.2740467818e-13
2.3413085938e+02 4.9626989887e-13 1.6936705598e-13 3.2690284290e-13
2.3419189453e+02 4.9551960465e-13 1.6930034688e-13 3.2621925777e-13
2.3425292969e+02 4.9365031728e-13 1.6868023272e-13 3.2497008456e-13
2.3431396484e+02 4.9173941348e-13 1.6836085032e-13 3.2337856315e-13
2.3437500000e+02 4.9010621075e-13 1.6779551698e-13 3.2231069378e-13
2.3443603516e+02 4.8892091674e-13 1.6729007618e-13 3.2163084056e-13
2.3449707031e+02 4.8767568853e-13 1.6672852062e-13 3.2094716790e-13
2.3455810547e+02 4.8689584205e-13 1.6612113070e-13 3.2077471135e-13
2.3461914062e+02 4.8592339135e-13 1.6574704235e-13 3.2017634900e-13
2.3468017578e+02 4.8489198515e-13 1.6526360958e-13 3.1962837557e-13
2.3474121094e+02 4.8353912035e-13 1.6507106172e-13 3.1846805863e-13
2.3480224609e+02 4.8213710268e-13 1.6468213063e-13 3.1745497204e-13
2.3486328125e+02 4.8094739023e-13 1.6419494646e-13 3.1675244377e-13
2.3492431641e+02 4.7951562211e-13 1.6385174225e-13 3.1566387986e-13
2.3498535156e+02 4.7784803113e-13 1.6328772120e-13 3.1456030992e-13
2.3504638672e+02 4.7657544394e-13 1.6248889817e-13 3.1408654576e-13
2.3510742188e+02 4.7574720875e-13 1.6226435140e-13 3.1348285736e-13
2.3516845703e+02 4.7467340467e-13 1.6184755241e-13 3.1282585225e-13
2.3522949219e+02 4.7292487619e-13 1.6113635187e-13 3.1178852431e-13
2.3529052734e+02 4.7180267870e-13 1.6062366958e-13 3.1117900912e-13
2.3535156250e+02 4.7050213365e-13 1.6053428199e-13 3.0996785167e-13
2.3541259766e+02 4.6914830627e-13 1.6012854403e-13 3.0901976224e-13
2.3547363281e+02 4.6787263568e-13 1.5953451431e-13 3.0833812138e-13
2.3553466797e+02 4.6676010043e-13 1.5915262643e-13 3.0760747399e-13
2.3559570312e+02 4.6507473506e-13 1.5888224304e-13 3.0619249202e-13
2.3565673828e+02 4.6371120025e-13 1.5849078249e-13 3.0522041775e-13
2.3571777344e+02 4.6233153865e-13 1.5774762846e-13 3.0458391019e-13
2.3577880859e+02 4.6071131129e-13 1.5732283545e-13 3.0338847584e-13
2.3583984375e+02 4.5958399934e-13 1.5706552915e-13 3.0251847019e-13
2.3590087891e+02 4.5788676011e-13 1.5644381322e-13 3.0144294690e-13
2.3596191406e+02 4.5650446050e-13 1.5616879624e-13 3.0033566427e-13
2.3602294922e+02 4.5544358518e-13 1.5567924791e-13 2.9976433727e-13
2.3608398438e+02 4.5397063284e-13 1.5496492377e-13 2.9900570907e-13
2.3614501953e+02 4.5304542943e-13 1.5485380732e-13 2.9819162211e-13
2.3620605469e+02 4.5130415772e-13 1.5432915273e-13 2.9697500499e-13
2.3626708984e+02 4.4990361281e-13 1.5391699331e-13 2.9598661949e-13
2.3632812500e+02 4.4915963114e-13 1.5340225130e-13 2.9575737984e-13
2.3638916016e+02 4.4833131616e-13 1.5301779790e-13 2.9531351826e-13
2.3645019531e+02 4.4703764901e-13 1.5261448333e-13 2.9442316568e-13
2.3651123047e+02 4.4626385262e-13 1.5238854155e-13 2.9387531107e-13
2.3657226562e+02 4.4524705511e-13 1.5211000706e-13 2.9313704805e-13
2.3663330078e+02 4.4404194753e-13 1.5164127139e-13 2.9240067614e-13
2.3669433594e+02 4.4281938240e-13 1.5141489801e-13 2.9140448439e-13
2.3675537109e+02 4.4087113841e-13 1.5069257506e-13 2.9017856335e-13
2.3681640625e+02 4.3973972407e-13 1.5014471818e-13 2.8959500589e-13
2.3687744141e+02 4.3848424389e-13 1.4979529639e-13 2.8868894750e-13
2.3693847656e+02 4.3623325116e-13 1.4923412021e-13 2.8699913094e-13
2.3699951172e+02 4.3510198917e-13 1.4891083899e-13 2.8619115018e-13
2.3706054688e+02 4.3454928206e-13 1.4863705862e-13 2.8591222344e-13
2.3712158203e+02 4.3409432590e-13 1.4828018305e-13 2.8581414285e-13
2.3718261719e+02 4.3292583116e-13 1.4785764167e-13 2.8506818950e-13
2.3724365234e+02 4.3123038713e-13 1.4744551867e-13 2.8378486846e-13
2.3730468750e+02 4.2957847561e-13 1.4695763457e-13 2.8262084104e-13
2.3736572266e+02 4.2769164851e-13 1.4603801536e-13 2.8165363315e-13
2.3742675781e+02 4.2671104540e-13 1.4573283876e-13 2.8097820665e-13
2.3748779297e+02 4.2607827533e-13 1.4558353877e-13 2.8049473656e-13
2.3754882812e+02 4.2528599670e-13 1.4525929246e-13 2.8002670423e-13
2.3760986328e+02 4.2407586110e-13 1.4502190917e-13 2.7905395193e-13
2.3767089844e+02 4.2334812468e-13 1.4454631195e-13 2.7880181273e-13
2.3773193359e+02 4.2220233289e-13 1.4413871329e-13 2.7806361960e-13
2.3779296875e+02 4.2089788532e-13 1.4393634762e-13 2.7696153770e-13
2.3785400391e+02 4.1957876900e-13 1.4341563408e-13 2.7616313491e-13
2.3791503906e+02 4.1800084629e-13 1.4280860228e-13 2.7519224401e-13
2.3797607422e+02 4.1659540766e-13 1.4220785863e-13 2.7438754903e-13
2.3803710938e+02 4.1586879681e-13 1.4218179273e-13 2.7368700408e-13
2.3809814453e+02 4.1508586253e-13 1.4175042613e-13 2.7333543639e-13
2.3815917969e+02 4.1422395961e-13 1.4151093740e-13 2.7271302220e-13
2.3822021484e+02 4.1298561741e-13 1.4122858539e-13 2.7175703202e-13
2.3828125000e+02 4.1194893628e-13 1.4091102117e-13 2.7103791510e-13
2.3834228516e+02 4.1064153638e-13 1.4054997880e-13 2.7009155758e-13
2.3840332031e+02 4.0898435360e-13 1.3984695183e-13 2.6913740177e-13
2.3846435547e+02 4.0797481553e-13 1.3950829308e-13 2.6846652245e-13
2.3852539062e+02 4.0743705413e-13 1.3950264885e-13 2.6793440528e-13
2.3858642578e+02 4.0653412231e-13 1.3898474099e-13 2.6754938133e-13
2.3864746094e+02 4.0516392788e-13 1.3837858796e-13 2.6678533991e-13
2.3870849609e+02 4.0350581660e-13 1.3775516217e-13 2.6575065443e-13
2.3876953125e+02 4.0265361894e-13 1.3761790274e-13 2.6503571620e-13
2.3883056641e+02 4.0136386971e-13 1.3718260249e-13 2.6418126722e-13
2.3889160156e+02 3.9984524555e-13 1.3673712412e-13 2.6310812143e-13
2.3895263672e+02 3.9851720134e-13 1.3646725257e-13 2.6204994877e-13
2.3901367188e+02 3.9711435101e-13 1.3577749911e-13 2.6133685190e-13
2.3907470703e+02 3.9633751174e-13 1.3550717263e-13 2.6083033911e-13
2.3913574219e+02 3.9529176558e-13 1.3522417482e-13 2.6006759075e-13
2.3919677734e+02 3.9413875297e-13 1.3462637758e-13 2.5951237540e-13
2.3925781250e+02 3.9322651950e-13 1.3420242323e-13 2.5902409627e-13
2.3931884766e+02 3.9228000030e-13 1.3384840377e-13 2.5843159652e-13
2.3937988281e+02 3.9133666518e-13 1.3368594119e-13 2.5765072399e-13
2.3944091797e+02 3.9041135965e-13 1.3326353650e-13 2.5714782316e-13
2.3950195312e+02 3.8955172567e-13 1.3322546644e-13 2.5632625923e-13
2.3956298828e+02 3.8813407924e-13 1.3280514697e-13 2.5532893227e-13
2.3962402344e+02 3.8683256793e-13 1.3242727023e-13 2.5440529770e-13
2.3968505859e+02 3.8555742683e-13 1.3223385999e-13 2.5332356684e-13
2.3974609375e+02 3.8432385999e-13 1.3175537568e-13 2.5256848431e-13
2.3980712891e+02 3.8381482318e-13 1.3147067153e-13 2.5234415165e-13
2.3986816406e+02 3.8281270896e-13 1.3076619905e-13 2.5204650991e-13
2.3992919922e+02 3.8149279364e-13 1.3012509255e-13 2.5136770109e-13
2.3999023438e+02 3.8044948977e-13 1.2979423856e-13 2.5065525121e-13
2.4005126953e+02 3.7975064216e-13 1.2974451724e-13 2.5000612492e-13
2.4011230469e+02 3.7827179023e-13 1.2948849954e-13 2.4878329069e-13
2.4017333984e+02 3.7635217961e-13 1.2880494571e-13 2.4754723390e-13
2.4023437500e+02 3.7551040637e-13 1.2874357538e-13 2.4676683099e-13
2.4029541016e+02 3.7523049855e-13 1.2875209042e-13 2.4647840813e-13
2.4035644531e+02 3.7424923686e-13 1.2839040625e-13 2.4585883061e-13
2.4041748047e+02 3.7296060276e-13 1.2773421983e-13 2.4522638293e-13
2.4047851562e+02 3.7212577424e-13 1.2723190765e-13 2.4489386658e-13
2.4053955078e+02 3.7158325165e-13 1.2714550548e-13 2.4443774617e-13
2.4060058594e+02 3.7016719019e-13 1.2656021636e-13 2.4360697383e-13
2.4066162109e+02 3.6908486988e-13 1.2609803774e-13 2.4298683214e-13
2.4072265625e+02 3.6887563594e-13 1.2622373123e-13 2.4265190471e-13
2.4078369141e+02 3.6802328379e-13 1.2588743488e-13 2.4213584890e-13
2.4084472656e+02 3.6691855523e-13 1.2560564583e-13 2.4131290940e-13
2.4090576172e+02 3.6605857322e-13 1.2523003947e-13 2.4082853375e-13
2.4096679688e+02 3.6494852981e-13 1.2495595218e-13 2.3999257763e-13
2.4102783203e+02 3.6359127223e-13 1.2467699634e-13 2.3891427589e-13
2.4108886719e+02 3.6236837131e-13 1.2419750263e-13 2.3817086868e-13
2.4114990234e+02 3.6136792200e-13 1.2381277527e-13 2.3755514672e-13
2.4121093750e+02 3.6015510756e-13 1.2307706915e-13 2.3707803841e-13
2.4127197266e+02 3.5962615257e-13 1.2292283664e-13 2.3670331593e-13
2.4133300781e+02 3.5877323462e-13 1.2283405760e-13 2.3593917701e-13
2.4139404297e+02 3.5765143734e-13 1.2257071883e-13 2.3508071850e-13
2.4145507812e+02 3.5650142339e-13 1.2229394642e-13 2.3420747697e-13
2.4151611328e+02 3.5502569982e-13 1.2158350204e-13 2.3344219779e-13
2.4157714844e+02 3.5382211496e-13 1.2115464110e-13 2.3266747386e-13
2.4163818359e+02 3.5307038790e-13 1.2103328908e-13 2.3203709883e-13
2.4169921875e+02 3.5231093516e-13 1.2077229409e-13 2.3153864107e-13
2.4176025391e+02 3.5157811852e-13 1.2045084882e-13 2.3112726970e-13
2.4182128906e+02 3.5124148032e-13 1.2023065844e-13 2.3101082188e-13
2.4188232422e+02 3.5061481714e-13 1.1982683738e-13 2.3078797976e-13
2.4194335938e+02 3.4909560496e-13 1.1918320164e-13 2.2991240332e-13
2.4200439453e+02 3.4829979891e-13 1.1889153818e-13 2.2940826073e-13
2.4206542969e+02 3.4762794120e-13 1.1860597484e-13 2.2902196635e-13
2.4212646484e+02 3.4692113664e-13 1.1839393150e-13 2.2852720514e-13
2.4218750000e+02 3.4600556933e-13 1.1817740615e-13 2.2782816318e-13
2.4224853516e+02 3.4452772570e-13 1.1770745463e-13 2.2682027107e-13
2.4230957031e+02 3.4322732881e-13 1.1734235544e-13 2.2588497337e-13
2.4237060547e+02 3.4235112602e-13 1.1727728640e-13 2.2507383963e-13
2.4243164062e+02 3.4163516651e-13 1.1691710076e-13 2.2471806576e-13
2.4249267578e+02 3.4084013603e-13 1.1666627150e-13 2.2417386453e-13
2.4255371094e+02 3.3946495379e-13 1.1599572192e-13 2.2346923186e-13
2.4261474609e+02 3.3813238042e-13 1.1582505822e-13 2.2230732220e-13
2.4267578125e+02 3.3713147426e-13 1.1562736320e-13 2.2150411106e-13
2.4273681641e+02 3.3646504441e-13 1.1525941471e-13 2.2120562970e-13
2.4279785156e+02 3.3592209727e-13 1.1497035660e-13 2.2095174067e-13
2.4285888672e+02 3.3528224738e-13 1.1458903043e-13 2.2069321695e-13
2.4291992188e+02 3.3440900877e-13 1.1411013026e-13 2.2029887851e-13
2.4298095703e+02 3.3353205520e-13 1.1370521714e-13 2.1982683806e-13
2.4304199219e+02 3.3276151111e-13 1.1349434586e-13 2.1926716524e-13
2.4310302734e+02 3.3234023295e-13 1.1333417138e-13 2.1900606157e-13
2.4316406250e+02 3.3152587535e-13 1.1308586216e-13 2.1844001319e-13
2.4322509766e+02 3.3026181975e-13 1.1282519504e-13 2.1743662471e-13
2.4328613281e+02 3.2905488481e-13 1.1259263955e-13 2.1646224525e-13
2.4334716797e+02 3.2797936749e-13 1.1219485925e-13 2.1578450824e-13
2.4340820312e+02 3.2686487068e-13 1.1184416816e-13 2.1502070252e-13
2.4346923828e+02 3.2569723513e-13 1.1140238163e-13 2.1429485350e-13
2.4353027344e+02 3.2546713987e-13 1.1132232208e-13 2.1414481779e-13
2.4359130859e+02 3.2469749094e-13 1.1089478126e-13 2.1380270968e-13
2.4365234375e+02 3.2394647645e-13 1.1063338985e-13 2.1331308660e-13
2.4371337891e+02 3.2277920013e-13 1.1027531857e-13 2.1250388156e-13
2.4377441406e+02 3.2142276757e-13 1.0991703132e-13 2.1150573625e-13
2.4383544922e+02 3.2059049212e-13 1.0972569946e-13 2.1086479266e-13
2.4389648438e+02 3.2024126772e-13 1.0960704728e-13 2.1063422044e-13
2.4395751953e+02 3.1992752603e-13 1.0953938797e-13 2.1038813806e-13
2.4401855469e+02 3.1862346413e-13 1.0906296384e-13 2.0956050029e-13
2.4407958984e+02 3.1780043329e-13 1.0873355730e-13 2.0906687599e-13
2.4414062500e+02 3.1723525975e-13 1.0841770929e-13 2.0881755047e-13
2.4420166016e+02 3.1648353676e-13 1.0806350375e-13 2.0842003301e-13
2.4426269531e+02 3.1607626018e-13 1.0789525443e-13 2.0818100575e-13
2.4432373047e+02 3.1493291897e-13 1.0757841276e-13 2.0735450621e-13
2.4438476562e+02 3.1354296903e-13 1.0742654075e-13 2.0611642828e-13
2.4444580078e+02 3.1287031986e-13 1.0748313823e-13 2.0538718163e-13
2.4450683594e+02 3.1160136353e-13 1.0687181132e-13 2.0472955221e-13
2.4456787109e+02 3.1088341408e-13 1.0652588927e-13 2.0435752481e-13
2.4462890625e+02 3.0988905849e-13 1.0625206142e-13 2.0363699707e-13
2.4468994141e+02 3.0884864420e-13 1.0592757049e-13 2.0292107371e-13
2.4475097656e+02 3.0876407981e-13 1.0568674284e-13 2.0307733697e-13
2.4481201172e+02 3.0827375378e-13 1.0533950077e-13 2.0293425302e-13
2.4487304688e+02 3.0698980046e-13 1.0486206979e-13 2.0212773067e-13
2.4493408203e+02 3.0580415906e-13 1.0432665550e-13 2.0147750356e-13
2.4499511719e+02 3.0491301433e-13 1.0433435356e-13 2.0057866077e-13
2.4505615234e+02 3.0418499613e-13 1.0421499196e-13 1.9997000417e-13
2.4511718750e+02 3.0390997619e-13 1.0406328755e-13 1.9984668864e-13
2.4517822266e+02 3.0307264977e-13 1.0369115508e-13 1.9938149469e-13
2.4523925781e+02 3.0169667205e-13 1.0319448343e-13 1.9850218862e-13
2.4530029297e+02 3.0036642966e-13 1.0302893404e-13 1.9733749562e-13
2.4536132812e+02 2.9993954327e-13 1.0267487897e-13 1.9726466430e-13
2.4542236328e+02 2.9967613147e-13 1.0244579264e-13 1.9723033883e-13
2.4548339844e+02 2.9922331540e-13 1.0223387078e-13 1.9698944462e-13
2.4554443359e+02 2.9887895420e-13 1.0203693037e-13 1.9684202383e-13
2.4560546875e+02 2.9816497656e-13 1.0177376488e-13 1.9639121168e-13
2.4566650391e+02 2.9682544193e-13 1.0144729696e-13 1.9537814497e-13
2.4572753906e+02 2.9575204880e-13 1.0119671825e-13 1.9455533054e-13
2.4578857422e+02 2.9482221662e-13 1.0083080195e-13 1.9399141467e-13
2.4584960938e+02 2.9436526484e-13 1.0060230607e-13 1.9376295877e-13
2.4591064453e+02 2.9404100399e-13 1.0037938654e-13 1.9366161744e-13
2.4597167969e+02 2.9322025923e-13 1.0006652211e-13 1.9315373712e-13
2.4603271484e+02 2.9245395919e-13 9.9810436509e-14 1.9264352268e-13
2.4609375000e+02 2.9078354702e-13 9.9236731419e-14 1.9154681560e-13
2.4615478516e+02 2.8960885442e-13 9.9158032027e-14 1.9045082239e-13
2.4621582031e+02 2.8937521919e-13 9.9076492998e-14 1.9029872620e-13
2.4627685547e+02 2.8825416251e-13 9.8625424567e-14 1.8962873795e-13
2.4633789062e+02 2.8773461699e-13 9.8573856461e-14 1.8916076053e-13
2.4639892578e+02 2.8685628739e-13 9.8233724891e-14 1.8862256250e-13
2.4645996094e+02 2.8614403355e-13 9.8002695090e-14 1.8814133846e-13
2.4652099609e+02 2.8521532344e-13 9.7676025449e-14 1.8753929799e-13
2.4658203125e+02 2.8472791041e-13 9.7408992081e-14 1.8731891833e-13
2.4664306641e+02 2.8439057834e-13 9.7362152782e-14 1.8702842556e-13
2.4670410156e+02 2.8374647380e-13 9.7130649836e-14 1.8661582396e-13
2.4676513672e+02 2.8289938850e-13 9.6780072838e-14 1.8611931566e-13
2.4682617188e+02 2.8206611840e-13 9.6373408132e-14 1.8569271027e-13
2.4688720703e+02 2.8097805252e-13 9.6201087881e-14 1.8477696463e-13
2.4694824219e+02 2.8018397797e-13 9.6173386011e-14 1.8401059196e-13
2.4700927734e+02 2.7962750074e-13 9.5889158873e-14 1.8373834187e-13
2.4707031250e+02 2.7908095066e-13 9.5788935480e-14 1.8329201518e-13
2.4713134766e+02 2.7819940559e-13 9.5351820601e-14 1.8284758499e-13
2.4719238281e+02 2.7735456464e-13 9.4811340134e-14 1.8254322451e-13
2.4725341797e+02 2.7714729776e-13 9.4748453817e-14 1.8239884394e-13
2.4731445312e+02 2.7647716727e-13 9.4415813860e-14 1.8206135341e-13
2.4737548828e+02 2.7540737358e-13 9.4012168004e-14 1.8139520557e-13
2.4743652344e+02 2.7447456125e-13 9.3846171088e-14 1.8062839016e-13
2.4749755859e+02 2.7356476600e-13 9.3793079585e-14 1.7977168642e-13
2.4755859375e+02 2.7281675758e-13 9.3599680454e-14 1.7921707713e-13
2.4761962891e+02 2.7269071782e-13 9.3403945473e-14 1.7928677234e-13
2.4768066406e+02 2.7201915496e-13 9.3304635590e-14 1.7871451937e-13
2.4774169922e+02 2.7113958685e-13 9.2988633324e-14 1.7815095353e-13
2.4780273438e+02 2.7050075459e-13 9.2548389982e-14 1.7795236461e-13
2.4786376953e+02 2.6975012668e-13 9.2293531412e-14 1.7745659527e-13
2.4792480469e+02 2.6899073282e-13 9.2228892028e-14 1.7676184079e-13
2.4798583984e+02 2.6848825545e-13 9.2152868408e-14 1.7633538705e-13
2.4804687500e+02 2.6759678612e-13 9.1749218062e-14 1.7584756806e-13
2.4810791016e+02 2.6641864729e-13 9.1523499452e-14 1.7489514783e-13
2.4816894531e+02 2.6561575718e-13 9.1227934094e-14 1.7438782308e-13
2.4822998047e+02 2.6535642917e-13 9.1005488824e-14 1.7435094035e-13
2.4829101562e+02 2.6492554188e-13 9.0779078386e-14 1.7414646349e-13
2.4835205078e+02 2.6399150208e-13 9.0356374917e-14 1.7363512717e-13
2.4841308594e+02 2.6310789059e-13 9.0018580566e-14 1.7308931002e-13
2.4847412109e+02 2.6267500727e-13 8.9828687310e-14 1.7284631996e-13
2.4853515625e+02 2.6258838567e-13 8.9793562906e-14 1.7279482276e-13
2.4859619141e+02 2.6192367619e-13 8.9407626376e-14 1.7251604982e-13
2.4865722656e+02 2.6122761062e-13 8.9236312920e-14 1.7199129770e-13
2.4871826172e+02 2.6046783770e-13 8.9343494133e-14 1.7112434357e-13
2.4877929688e+02 2.5981535692e-13 8.8991472050e-14 1.7082388487e-13
2.4884033203e+02 2.5915475979e-13 8.8592501000e-14 1.7056225879e-13
2.4890136719e+02 2.5850587832e-13 8.8467545265e-14 1.7003833305e-13
2.4896240234e+02 2.5757733234e-13 8.8205308352e-14 1.6937202399e-13
2.4902343750e+02 2.5655219384e-13 8.7977256660e-14 1.6857493718e-13
2.4908447266e+02 2.5588080314e-13 8.7718435588e-14 1.6816236755e-13
2.4914550781e+02 2.5533707132e-13 8.7463557345e-14 1.6787351397e-13
2.4920654297e+02 2.5493626854e-13 8.7168453911e-14 1.6776781462e-13
2.4926757812e+02 2.5422812393e-13 8.6902221254e-14 1.6732590268e-13
2.4932861328e+02 2.5340501939e-13 8.6711828029e-14 1.6669319136e-13
2.4938964844e+02 2.5236936772e-13 8.6409893484e-14 1.6595947423e-13
2.4945068359e+02 2.5190256951e-13 8.6458049238e-14 1.6544452027e-13
2.4951171875e+02 2.5094476209e-13 8.6177813416e-14 1.6476694867e-13
2.4957275391e+02 2.5035260038e-13 8.5900773492e-14 1.6445182689e-13
2.4963378906e+02 2.5011768155e-13 8.5455415004e-14 1.6466226654e-13
2.4969482422e+02 2.4999129457e-13 8.5156218304e-14 1.6483507626e-13
2.4975585938e+02 2.4918101542e-13 8.5163397072e-14 1.6401761835e-13
2.4981689453e+02 2.4807729214e-13 8.4853017598e-14 1.6322427454e-13
2.4987792969e+02 2.4723712381e-13 8.4776309525e-14 1.6246081429e-13
2.4993896484e+02 2.4654684035e-13 8.4557193116e-14 1.6198964723e-13
2.5000000000e+02 2.4606471170e-13 8.4183313222e-14 1.6188139848e-13
2.5006103516e+02 2.4576383371e-13 8.4068870852e-14 1.6169496286e-13
2.5012207031e+02 2.4556574406e-13 8.4006492588e-14 1.6155925147e-13
2.5018310547e+02 2.4514794453e-13 8.4038581853e-14 1.6110936268e-13
2.5024414062e+02 2.4419050609e-13 8.3624129642e-14 1.6056637645e-13
2.5030517578e+02 2.4350450666e-13 8.3325771343e-14 1.6017873531e-13
2.5036621094e+02 2.4259493097e-13 8.3259915522e-14 1.5933501545e-13
2.5042724609e+02 2.4178233768e-13 8.3021648734e-14 1.5876068894e-13
2.5048828125e+02 2.4138259632e-13 8.2896384764e-14 1.5848621156e-13
2.5054931641e+02 2.4095931657e-13 8.2375115718e-14 1.5858420085e-13
2.5061035156e+02 2.4055167136e-13 8.2146897079e-14 1.5840477428e-13
2.5067138672e+02 2.4002029935e-13 8.2079616125e-14 1.5794068323e-13
2.5073242188e+02 2.3919893501e-13 8.1814131067e-14 1.5738480394e-13
2.5079345703e+02 2.3823829142e-13 8.1739337878e-14 1.5649895354e-13
2.5085449219e+02 2.3758809084e-13 8.1453284159e-14 1.5613480669e-13
2.5091552734e+02 2.3700550127e-13 8.1164094055e-14 1.5584140721e-13
2.5097656250e+02 2.3635067694e-13 8.0903027776e-14 1.5544764916e-13
2.5103759766e+02 2.3532675014e-13 8.0717663195e-14 1.5460908694e-13
2.5109863281e+02 2.3471689285e-13 8.0630678708e-14 1.5408621414e-13
2.5115966797e+02 2.3412381712e-13 8.0469679904e-14 1.5365413721e-13
2.5122070312e+02 2.3390921834e-13 8.0416392584e-14 1.5349282576e-13
2.5128173828e+02 2.3346103834e-13 8.0271376777e-14 1.5318966156e-13
2.5134277344e+02 2.3273712401e-13 8.0038535766e-14 1.5269858825e-13
2.5140380859e+02 2.3234175194e-13 7.9992821135e-14 1.5234893080e-13
2.5146484375e+02 2.3174742550e-13 7.9772101592e-14 1.5197532390e-13
2.5152587891e+02 2.3135244595e-13 7.9435217788e-14 1.5191722816e-13
2.5158691406e+02 2.3089775755e-13 7.9036870366e-14 1.5186088718e-13
2.5164794922e+02 2.3022776821e-13 7.9029579683e-14 1.5119818853e-13
2.5170898438e+02 2.2959832079e-13 7.9012627645e-14 1.5058569315e-13
2.5177001953e+02 2.2900741676e-13 7.8635611830e-14 1.5037180493e-13
2.5183105469e+02 2.2880949110e-13 7.8535657054e-14 1.5027383405e-13
2.5189208984e+02 2.2816537742e-13 7.8143822471e-14 1.5002155495e-13
2.5195312500e+02 2.2699107188e-13 7.7780632987e-14 1.4921043890e-13
2.5201416016e+02 2.2644562422e-13 7.7769815693e-14 1.4867580852e-13
2.5207519531e+02 2.2607770427e-13 7.7591536648e-14 1.4848616762e-13
2.5213623047e+02 2.2531074578e-13 7.7365119397e-14 1.4794562638e-13
2.5219726562e+02 2.2468127704e-13 7.7061293798e-14 1.4761998324e-13
2.5225830078e+02 2.2370601984e-13 7.6800655502e-14 1.4690536434e-13
2.5231933594e+02 2.2304379869e-13 7.6606303273e-14 1.4643749541e-13
2.5238037109e+02 2.2239307255e-13 7.6414651962e-14 1.4597842059e-13
2.5244140625e+02 2.2181700177e-13 7.6417318964e-14 1.4539968281e-13
2.5250244141e+02 2.2123720849e-13 7.6233025163e-14 1.4500418333e-13
2.5256347656e+02 2.2121798412e-13 7.6294146377e-14 1.4492383774e-13
2.5262451172e+02 2.2084237621e-13 7.5980373750e-14 1.4486200246e-13
2.5268554688e+02 2.2060998702e-13 7.5603875927e-14 1.4500611109e-13
2.5274658203e+02 2.2024076658e-13 7.5494723275e-14 1.4474604331e-13
2.5280761719e+02 2.1929299389e-13 7.5188807963e-14 1.4410418593e-13
2.5286865234e+02 2.1875978081e-13 7.4977557854e-14 1.4378222296e-13
2.5292968750e+02 2.1856394726e-13 7.5000083618e-14 1.4356386364e-13
2.5299072266e+02 2.1806999402e-13 7.4845207541e-14 1.4322478648e-13
2.5305175781e+02 2.1728270910e-13 7.4397128866e-14 1.4288558023e-13
2.5311279297e+02 2.1668317073e-13 7.4310345689e-14 1.4237282504e-13
2.5317382812e+02 2.1596066736e-13 7.4285284383e-14 1.4167538298e-13
2.5323486328e+02 2.1503999945e-13 7.3886594186e-14 1.4115340526e-13
2.5329589844e+02 2.1476358065e-13 7.3800794717e-14 1.4096278594e-13
2.5335693359e+02 2.1434516595e-13 7.3701611526e-14 1.4064355442e-13
2.5341796875e+02 2.1317602360e-13 7.3528047635e-14 1.3964797596e-13
2.5347900391e+02 2.1210670212e-13 7.3142062692e-14 1.3896463943e-13
2.5354003906e+02 2.1160502310e-13 7.2709575563e-14 1.3889544754e-13
2.5360107422e+02 2.1122924593e-13 7.2845826650e-14 1.3838341928e-13
2.5366210938e+02 2.1123131872e-13 7.2914088969e-14 1.3831722975e-13
2.5372314453e+02 2.1088059599e-13 7.2584686909e-14 1.3829590908e-13
2.5378417969e+02 2.1032813132e-13 7.2506832478e-14 1.3782129884e-13
2.5384521484e+02 2.1009469202e-13 7.2254033195e-14 1.3784065882e-13
2.5390625000e+02 2.1020550063e-13 7.2273267640e-14 1.3793223299e-13
2.5396728516e+02 2.1023948776e-13 7.2036039946e-14 1.3820344782e-13
2.5402832031e+02 2.0964492139e-13 7.1755893731e-14 1.3788902765e-13
2.5408935547e+02 2.0916712743e-13 7.1662975333e-14 1.3750415210e-13
2.5415039062e+02 2.0872540463e-13 7.1521519932e-14 1.3720388470e-13
2.5421142578e+02 2.0817831291e-13 7.1391014344e-14 1.3678729857e-13
2.5427246094e+02 2.0726266586e-13 7.1052342737e-14 1.3621032313e-13
2.5433349609e+02 2.0683688226e-13 7.0901496464e-14 1.3593538580e-13
2.5439453125e+02 2.0641656947e-13 7.0778418070e-14 1.3563815140e-13
2.5445556641e+02 2.0568138304e-13 7.0524272213e-14 1.3515711083e-13
2.5451660156e+02 2.0471313151e-13 7.0267899547e-14 1.3444523196e-13
2.5457763672e+02 2.0410791258e-13 7.0178721080e-14 1.3392919150e-13
2.5463867188e+02 2.0376415039e-13 7.0149876478e-14 1.3361427391e-13
2.5469970703e+02 2.0276053983e-13 6.9589838998e-14 1.3317070083e-13
2.5476074219e+02 2.0256845927e-13 6.9600388755e-14 1.3296807052e-13
2.5482177734e+02 2.0242918282e-13 6.9536402906e-14 1.3289277992e-13
2.5488281250e+02 2.0214896769e-13 6.9507778334e-14 1.3264118936e-13
2.5494384766e+02 2.0196128632e-13 6.9422253096e-14 1.3253903323e-13
2.5500488281e+02 2.0155047044e-13 6.9067730636e-14 1.3248273981e-13
2.5506591797e+02 2.0130324158e-13 6.8955115464e-14 1.3234812612e-13
2.5512695312e+02 2.0047313364e-13 6.8757243152e-14 1.3171589049e-13
2.5518798828e+02 1.9970100440e-13 6.8477409755e-14 1.3122359464e-13
2.5524902344e+02 1.9980385740e-13 6.8407387454e-14 1.3139646994e-13
2.5531005859e+02 1.9976664400e-13 6.8325850041e-14 1.3144079396e-13
2.5537109375e+02 1.9942327740e-13 6.8353594151e-14 1.3106968325e-13
2.5543212891e+02 1.9876526707e-13 6.8047031297e-14 1.3071823577e-13
2.5549316406e+02 1.9773874035e-13 6.7683983879e-14 1.3005475647e-13
2.5555419922e+02 1.9699283199e-13 6.7579853715e-14 1.2941297828e-13
2.5561523438e+02 1.9707093480e-13 6.7483944461e-14 1.2958699034e-13
2.5567626953e+02 1.9640959526e-13 6.7188706258e-14 1.2922088900e-13
2.5573730469e+02 1.9534120855e-13 6.7008997192e-14 1.2833221135e-13
2.5579833984e+02 1.9441011074e-13 6.6856895483e-14 1.2755321526e-13
2.5585937500e+02 1.9385947445e-13 6.6699750589e-14 1.2715972386e-13
2.5592041016e+02 1.9353974799e-13 6.6542593415e-14 1.2699715457e-13
2.5598144531e+02 1.9309949971e-13 6.6397305037e-14 1.2670219468e-13
2.5604248047e+02 1.9261623826e-13 6.6213649604e-14 1.2640258866e-13
2.5610351562e+02 1.9217788745e-13 6.6178585393e-14 1.2599930206e-13
2.5616455078e+02 1.9153429929e-13 6.5857094942e-14 1.2567720435e-13
2.5622558594e+02 1.9102797469e-13 6.5845972044e-14 1.2518200265e-13
2.5628662109e+02 1.9113028188e-13 6.5859277406e-14 1.2527100448e-13
2.5634765625e+02 1.9079703656e-13 6.5499945325e-14 1.2529709124e-13
2.5640869141e+02 1.9005576198e-13 6.5206256799e-14 1.2484950518e-13
2.5646972656e+02 1.8946518531e-13 6.5031340444e-14 1.2443384486e-13
2.5653076172e+02 1.8900504605e-13 6.5081059649e-14 1.2392398641e-13
2.5659179688e+02 1.8884320980e-13 6.5074269217e-14 1.2376894058e-13
2.5665283203e+02 1.8842384846e-13 6.4916347229e-14 1.2350750123e-13
2.5671386719e+02 1.8834622032e-13 6.4719425467e-14 1.2362679485e-13
2.5677490234e+02 1.8797026454e-13 6.4445560782e-14 1.2352470376e-13
2.5683593750e+02 1.8756612648e-13 6.4203979427e-14 1.2336214705e-13
2.5689697266e+02 1.8711616527e-13 6.4078186856e-14 1.2303797841e-13
2.5695800781e+02 1.8672331070e-13 6.3977099643e-14 1.2274621105e-13
2.5701904297e+02 1.8616495289e-13 6.3868481777e-14 1.2229647112e-13
2.5708007812e+02 1.8529270941e-13 6.3749209143e-14 1.2154350026e-13
2.5714111328e+02 1.8466897316e-13 6.3523792479e-14 1.2114518068e-13
2.5720214844e+02 1.8451043235e-13 6.3434934433e-14 1.2107549791e-13
2.5726318359e+02 1.8436210050e-13 6.3242325792e-14 1.2111977470e-13
2.5732421875e+02 1.8424958091e-13 6.3098995527e-14 1.2115058538e-13
2.5738525391e+02 1.8386888021e-13 6.3015696372e-14 1.2085318384e-13
2.5744628906e+02 1.8320915007e-13 6.3074701639e-14 1.2013444843e-13
2.5750732422e+02 1.8271848899e-13 6.3003119114e-14 1.1971536987e-13
2.5756835938e+02 1.8237054823e-13 6.2740424038e-14 1.1963012419e-13
2.5762939453e+02 1.8231399745e-13 6.2498978978e-14 1.1981501847e-13
2.5769042969e+02 1.8216461634e-13 6.2314311452e-14 1.1985030489e-13
2.5775146484e+02 1.8126151509e-13 6.2059865308e-14 1.1920164978e-13
2.5781250000e+02 1.8047687293e-13 6.2011195935e-14 1.1846567700e-13
2.5787353516e+02 1.7990701350e-13 6.1904844626e-14 1.1800216888e-13
2.5793457031e+02 1.7954644460e-13 6.1759099365e-14 1.1778734524e-13
2.5799560547e+02 1.7927100319e-13 6.1660557992e-14 1.1761044520e-13
2.5805664062e+02 1.7919675875e-13 6.1722119600e-14 1.1747463915e-13
2.5811767578e+02 1.7843757752e-13 6.1400266787e-14 1.1703731073e-13
2.5817871094e+02 1.7765801127e-13 6.1085506816e-14 1.1657250446e-13
2.5823974609e+02 1.7710376396e-13 6.1029081406e-14 1.1607468255e-13
2.5830078125e+02 1.7636152758e-13 6.0847999835e-14 1.1551352775e-13
2.5836181641e+02 1.7623982802e-13 6.0808359953e-14 1.1543146806e-13
2.5842285156e+02 1.7569561550e-13 6.0669718838e-14 1.1502589667e-13
2.5848388672e+02 1.7532858375e-13 6.0537243473e-14 1.1479134027e-13
2.5854492188e+02 1.7528385358e-13 6.0369827916e-14 1.1491402566e-13
2.5860595703e+02 1.7490424578e-13 6.0199270276e-14 1.1470497550e-13
2.5866699219e+02 1.7504160313e-13 6.0234181032e-14 1.1480742210e-13
2.5872802734e+02 1.7491533925e-13 6.0144834266e-14 1.1477050498e-13
2.5878906250e+02 1.7438897807e-13 5.9917355700e-14 1.1447162237e-13
2.5885009766e+02 1.7383192556e-13 5.9605812187e-14 1.1422611338e-13
2.5891113281e+02 1.7312207999e-13 5.9569916833e-14 1.1355216316e-13
2.5897216797e+02 1.7240432735e-13 5.9557871411e-14 1.1284645594e-13
2.5903320312e+02 1.7173617576e-13 5.9179923553e-14 1.1255625220e-13
2.5909423828e+02 1.7112339862e-13 5.9008879505e-14 1.1211451911e-13
2.5915527344e+02 1.7112169827e-13 5.8942626858e-14 1.1217907141e-13
2.5921630859e+02 1.7060108068e-13 5.8796376596e-14 1.1180470409e-13
2.5927734375e+02 1.7007525074e-13 5.8577201202e-14 1.1149804954e-13
2.5933837891e+02 1.6963729095e-13 5.8537523129e-14 1.1109976782e-13
2.5939941406e+02 1.6954600861e-13 5.8518399801e-14 1.1102760881e-13
2.5946044922e+02 1.6909942621e-13 5.8255942664e-14 1.1084348355e-13
2.5952148438e+02 1.6840627415e-13 5.8203981035e-14 1.1020229312e-13
2.5958251953e+02 1.6792332840e-13 5.8122872600e-14 1.0980045580e-13
2.5964355469e+02 1.6741380423e-13 5.8053322386e-14 1.0936048185e-13
2.5970458984e+02 1.6762439687e-13 5.7962458787e-14 1.0966193809e-13
2.5976562500e+02 1.6777023999e-13 5.7624813148e-14 1.1014542684e-13
2.5982666016e+02 1.6767562085e-13 5.7563819268e-14 1.1011180158e-13
2.5988769531e+02 1.6748984462e-13 5.7676152243e-14 1.0981369238e-13
2.5994873047e+02 1.6709914708e-13 5.7471004250e-14 1.0962814283e-13
2.6000976562e+02 1.6669097507e-13 5.7366999844e-14 1.0932397522e-13
2.6007080078e+02 1.6633522096e-13 5.7202935167e-14 1.0913228579e-13
2.6013183594e+02 1.6584860765e-13 5.7182725898e-14 1.0866588175e-13
2.6019287109e+02 1.6518910589e-13 5.6945420134e-14 1.0824368575e-13
2.6025390625e+02 1.6479660093e-13 5.6706062414e-14 1.0809053852e-13
2.6031494141e+02 1.6485648801e-13 5.6685888063e-14 1.0817059995e-13
2.6037597656e+02 1.6461155494e-13 5.6594097204e-14 1.0801745774e-13
2.6043701172e+02 1.6443257505e-13 5.6665797933e-14 1.0776677712e-13
2.6049804688e+02 1.6378308834e-13 5.6492767717e-14 1.0729032062e-13
2.6055908203e+02 1.6320214336e-13 5.6367852705e-14 1.0683429066e-13
2.6062011719e+02 1.6308257425e-13 5.6004476541e-14 1.0707809771e-13
2.6068115234e+02 1.6305236825e-13 5.5882862674e-14 1.0716950558e-13
2.6074218750e+02 1.6224778679e-13 5.5722926317e-14 1.0652486047e-13
2.6080322266e+02 1.6170228658e-13 5.5715619003e-14 1.0598666758e-13
2.6086425781e+02 1.6124688926e-13 5.5660883895e-14 1.0558600536e-13
2.6092529297e+02 1.6093126268e-13 5.5503514277e-14 1.0542774840e-13
2.6098632812e+02 1.6084980631e-13 5.5450461575e-14 1.0539934474e-13
2.6104736328e+02 1.6041577180e-13 5.5400462738e-14 1.0501530906e-13
2.6110839844e+02 1.6019822767e-13 5.5307601249e-14 1.0489062642e-13
2.6116943359e+02 1.6003253340e-13 5.5250085405e-14 1.0478244800e-13
2.6123046875e+02 1.5967964053e-13 5.5173107194e-14 1.0450653334e-13
2.6129150391e+02 1.5921820690e-13 5.4937310005e-14 1.0428089690e-13
2.6135253906e+02 1.5863438428e-13 5.4685594516e-14 1.0394878977e-13
2.6141357422e+02 1.5862082824e-13 5.4777314154e-14 1.0384351409e-13
2.6147460938e+02 1.5853952455e-13 5.4502563398e-14 1.0403696115e-13
2.6153564453e+02 1.5814464642e-13 5.4191667013e-14 1.0395297941e-13
2.6159667969e+02 1.5776225944e-13 5.4168811402e-14 1.0359344804e-13
2.6165771484e+02 1.5708392128e-13 5.3961547898e-14 1.0312237339e-13
2.6171875000e+02 1.5688696910e-13 5.3948756397e-14 1.0293821270e-13
2.6177978516e+02 1.5644438620e-13 5.3761980471e-14 1.0268240572e-13
2.6184082031e+02 1.5584289149e-13 5.3531158178e-14 1.0231173331e-13
2.6190185547e+02 1.5526391779e-13 5.3607680384e-14 1.0165623741e-13
2.6196289062e+02 1.5513958519e-13 5.3626311218e-14 1.0151327397e-13
2.6202392578e+02 1.5475344699e-13 5.3450387086e-14 1.0130305990e-13
2.6208496094e+02 1.5438804100e-13 5.3032526665e-14 1.0135551434e-13
2.6214599609e+02 1.5391073013e-13 5.2872913618e-14 1.0103781651e-13
2.6220703125e+02 1.5360379207e-13 5.2866544927e-14 1.0073724715e-13
2.6226806641e+02 1.5318788761e-13 5.2877968189e-14 1.0030991942e-13
2.6232910156e+02 1.5311084446e-13 5.2785832030e-14 1.0032501243e-13
2.6239013672e+02 1.5347297789e-13 5.2922949592e-14 1.0055002830e-13
2.6245117188e+02 1.5332805849e-13 5.2784942307e-14 1.0054311618e-13
2.6251220703e+02 1.5292183579e-13 5.2555183370e-14 1.0036665242e-13
2.6257324219e+02 1.5232119035e-13 5.2415176424e-14 9.9906013926e-14
2.6263427734e+02 1.5213610527e-13 5.2394967508e-14 9.9741137764e-14
2.6269531250e+02 1.5191750536e-13 5.2277960526e-14 9.9639544834e-14
2.6275634766e+02 1.5162164771e-13 5.2092795029e-14 9.9528852677e-14
2.6281738281e+02 1.5162546117e-13 5.2198417966e-14 9.9427043204e-14
2.6287841797e+02 1.5063725918e-13 5.1752319725e-14 9.8884939453e-14
2.6293945312e+02 1.5017159825e-13 5.1649436173e-14 9.8522162080e-14
2.6300048828e+02 1.5017076192e-13 5.1636471731e-14 9.8534290190e-14
2.6306152344e+02 1.5004900380e-13 5.1613388401e-14 9.8435615398e-14
2.6312255859e+02 1.4933186067e-13 5.1427744175e-14 9.7904116497e-14
2.6318359375e+02 1.4873660544e-13 5.1279999265e-14 9.7456606176e-14
2.6324462891e+02 1.4853791450e-13 5.1215001995e-14 9.7322912507e-14
2.6330566406e+02 1.4881789792e-13 5.1215314307e-14 9.7602583616e-14
2.6336669922e+02 1.4869505980e-13 5.1082902563e-14 9.7612157239e-14
2.6342773438e+02 1.4841750572e-13 5.1100965575e-14 9.7316540146e-14
2.6348876953e+02 1.4801426260e-13 5.0970077355e-14 9.7044185244e-14
2.6354980469e+02 1.4776943291e-13 5.0881742535e-14 9.6887690375e-14
2.6361083984e+02 1.4710379702e-13 5.0644001261e-14 9.6459795760e-14
2.6367187500e+02 1.4720957837e-13 5.0709210419e-14 9.6500367950e-14
2.6373291016e+02 1.4721460838e-13 5.0676819405e-14 9.6537788977e-14
2.6379394531e+02 1.4637393164e-13 5.0331089721e-14 9.6042841922e-14
2.6385498047e+02 1.4584678848e-13 5.0118338035e-14 9.5728450442e-14
2.6391601562e+02 1.4525227044e-13 5.0024753054e-14 9.5227517383e-14
2.6397705078e+02 1.4490383749e-13 5.0039163007e-14 9.4864674484e-14
2.6403808594e+02 1.4456607033e-13 4.9914368349e-14 9.4651701985e-14
2.6409912109e+02 1.4435973706e-13 4.9984274759e-14 9.4375462297e-14
2.6416015625e+02 1.4425093610e-13 4.9871426675e-14 9.4379509430e-14
2.6422119141e+02 1.4407667017e-13 4.9667592513e-14 9.4409077656e-14
2.6428222656e+02 1.4381246982e-13 4.9523918584e-14 9.4288551236e-14
2.6434326172e+02 1.4360022101e-13 4.9559959870e-14 9.4040261142e-14
2.6440429688e+02 1.4315900599e-13 4.9565110209e-14 9.3593895777e-14
2.6446533203e+02 1.4237370505e-13 4.9157940950e-14 9.3215764095e-14
2.6452636719e+02 1.4222482403e-13 4.9024797892e-14 9.3200026136e-14
2.6458740234e+02 1.4222009544e-13 4.8916846020e-14 9.3303249417e-14
2.6464843750e+02 1.4213668224e-13 4.8998160373e-14 9.3138521869e-14
2.6470947266e+02 1.4188686018e-13 4.9060558300e-14 9.2826301876e-14
2.6477050781e+02 1.4164000879e-13 4.9013606234e-14 9.2626402558e-14
2.6483154297e+02 1.4102468052e-13 4.8761222770e-14 9.2263457746e-14
2.6489257812e+02 1.4062389951e-13 4.8711821221e-14 9.1912078292e-14
2.6495361328e+02 1.4004502253e-13 4.8518048435e-14 9.1526974091e-14
2.6501464844e+02 1.3995556818e-13 4.8431276958e-14 9.1524291226e-14
2.6507568359e+02 1.3985842045e-13 4.8246167384e-14 9.1612253065e-14
2.6513671875e+02 1.3983851453e-13 4.8269797367e-14 9.1568717164e-14
2.6519775391e+02 1.3968277124e-13 4.8250574641e-14 9.1432196596e-14
2.6525878906e+02 1.3925641623e-13 4.7881541918e-14 9.1374874310e-14
2.6531982422e+02 1.3893237728e-13 4.7760939486e-14 9.1171437797e-14
2.6538085938e+02 1.3870021446e-13 4.7832148223e-14 9.0868066241e-14
2.6544189453e+02 1.3844379502e-13 4.7832525728e-14 9.0611269290e-14
2.6550292969e+02 1.3799716763e-13 4.7536707930e-14 9.0460459700e-14
2.6556396484e+02 1.3745412629e-13 4.7378678834e-14 9.0075447452e-14
2.6562500000e+02 1.3759692150e-13 4.7445159501e-14 9.0151761999e-14
2.6568603516e+02 1.3728734142e-13 4.7176235622e-14 9.0111105794e-14
2.6574707031e+02 1.3702497105e-13 4.6911499703e-14 9.0113471342e-14
2.6580810547e+02 1.3681622443e-13 4.6947250882e-14 8.9868973544e-14
2.6586914062e+02 1.3650147447e-13 4.7071608997e-14 8.9429865472e-14
2.6593017578e+02 1.3627791439e-13 4.7133428430e-14 8.9144485964e-14
2.6599121094e+02 1.3595641707e-13 4.6934496749e-14 8.9021920325e-14
2.6605224609e+02 1.3578522650e-13 4.6848965666e-14 8.8936260838e-14
2.6611328125e+02 1.3565057830e-13 4.6698458469e-14 8.8952119832e-14
2.6617431641e+02 1.3539585636e-13 4.6559914252e-14 8.8835942104e-14
2.6623535156e+02 1.3483882857e-13 4.6536140148e-14 8.8302688423e-14
2.6629638672e+02 1.3447497942e-13 4.6289757081e-14 8.8185222341e-14
2.6635742188e+02 1.3487954963e-13 4.6400330154e-14 8.8479219479e-14
2.6641845703e+02 1.3489840408e-13 4.6222364388e-14 8.8676039690e-14
2.6647949219e+02 1.3478164160e-13 4.6157940945e-14 8.8623700653e-14
2.6654052734e+02 1.3465879765e-13 4.6171797823e-14 8.8486999829e-14
2.6660156250e+02 1.3408622163e-13 4.6229726761e-14 8.7856494867e-14
2.6666259766e+02 1.3344633752e-13 4.6122365448e-14 8.7323972075e-14
2.6672363281e+02 1.3294204876e-13 4.5928736206e-14 8.7013312550e-14
2.6678466797e+02 1.3285657542e-13 4.5897364507e-14 8.6959210914e-14
2.6684570312e+02 1.3242472665e-13 4.5653193528e-14 8.6771533117e-14
2.6690673828e+02 1.3234950038e-13 4.5604724148e-14 8.6744776235e-14
2.6696777344e+02 1.3263080014e-13 4.5654424467e-14 8.6976375668e-14
2.6702880859e+02 1.3233734575e-13 4.5521770386e-14 8.6815575359e-14
2.6708984375e+02 1.3237978592e-13 4.5552703947e-14 8.6827081977e-14
2.6715087891e+02 1.3207229291e-13 4.5540081487e-14 8.6532211428e-14
2.6721191406e+02 1.3162180379e-13 4.5397218361e-14 8.6224585433e-14
2.6727294922e+02 1.3119755472e-13 4.5396504971e-14 8.5801049754e-14
2.6733398438e+02 1.3101308934e-13 4.5159264699e-14 8.5853824638e-14
2.6739501953e+02 1.3071127325e-13 4.5060244179e-14 8.5651029068e-14
2.6745605469e+02 1.3039782623e-13 4.5001175801e-14 8.5396650428e-14
2.6751708984e+02 1.3043837431e-13 4.4965534691e-14 8.5472839624e-14
2.6757812500e+02 1.3032517046e-13 4.4695916516e-14 8.5629253942e-14
2.6763916016e+02 1.3027319525e-13 4.4726047873e-14 8.5547147375e-14
2.6770019531e+02 1.2960278806e-13 4.4592706062e-14 8.5010081999e-14
2.6776123047e+02 1.2941850202e-13 4.4417572163e-14 8.5000929861e-14
2.6782226562e+02 1.2906205110e-13 4.4398188074e-14 8.4663863027e-14
2.6788330078e+02 1.2875587270e-13 4.4381403933e-14 8.4374468766e-14
2.6794433594e+02 1.2811021157e-13 4.4202732988e-14 8.3907478582e-14
2.6800537109e+02 1.2781758662e-13 4.4078312006e-14 8.3739274613e-14
2.6806640625e+02 1.2760088563e-13 4.3976150939e-14 8.3624734696e-14
2.6812744141e+02 1.2751339276e-13 4.4020983985e-14 8.3492408776e-14
2.6818847656e+02 1.2743701092e-13 4.3900655571e-14 8.3536355353e-14
2.6824951172e+02 1.2696663187e-13 4.3872234351e-14 8.3094397523e-14
2.6831054688e+02 1.2728567538e-13 4.3886346128e-14 8.3399329251e-14
2.6837158203e+02 1.2698847365e-13 4.3887264980e-14 8.3101208666e-14
2.6843261719e+02 1.2684287689e-13 4.3739939203e-14 8.3102937689e-14
2.6849365234e+02 1.2640025010e-13 4.3608107228e-14 8.2792142875e-14
2.6855468750e+02 1.2611760575e-13 4.3631270231e-14 8.2486335523e-14
2.6861572266e+02 1.2583134018e-13 4.3568144536e-14 8.2263195645e-14
2.6867675781e+02 1.2549334224e-13 4.3412647111e-14 8.2080695131e-14
2.6873779297e+02 1.2514284220e-13 4.3296712183e-14 8.1846130015e-14
2.6879882812e+02 1.2473846490e-13 4.3155533408e-14 8.1582931496e-14
2.6885986328e+02 1.2491508089e-13 4.3137448084e-14 8.1777632805e-14
2.6892089844e+02 1.2468074583e-13 4.2925504001e-14 8.1755241833e-14
2.6898193359e+02 1.2466173226e-13 4.2973128192e-14 8.1688604070e-14
2.6904296875e+02 1.2444869534e-13 4.2882064669e-14 8.1566630673e-14
2.6910400391e+02 1.2441224603e-13 4.2717043069e-14 8.1695202959e-14
2.6916503906e+02 1.2427966897e-13 4.2918306075e-14 8.1361362899e-14
2.6922607422e+02 1.2377221466e-13 4.2752683237e-14 8.1019531424e-14
2.6928710938e+02 1.2327447121e-13 4.2491162269e-14 8.0783308940e-14
2.6934814453e+02 1.2332327261e-13 4.2444305441e-14 8.0878967167e-14
2.6940917969e+02 1.2344385303e-13 4.2390019568e-14 8.1053833460e-14
2.6947021484e+02 1.2287049669e-13 4.2207696219e-14 8.0662800467e-14
2.6953125000e+02 1.2282576277e-13 4.2277540250e-14 8.0548222523e-14
2.6959228516e+02 1.2245713134e-13 4.2191841388e-14 8.0265289954e-14
2.6965332031e+02 1.2233485304e-13 4.2127693348e-14 8.0207159688e-14
2.6971435547e+02 1.2200601513e-13 4.2080820763e-14 7.9925194368e-14
2.6977539062e+02 1.2178397356e-13 4.2215562516e-14 7.9568411039e-14
2.6983642578e+02 1.2130521436e-13 4.1956264740e-14 7.9348949623e-14
2.6989746094e+02 1.2091055494e-13 4.1827644127e-14 7.9082910818e-14
2.6995849609e+02 1.2077309396e-13 4.1729524991e-14 7.9043568964e-14
2.7001953125e+02 1.2068660219e-13 4.1693461043e-14 7.8993141146e-14
2.7008056641e+02 1.2043418236e-13 4.1569749877e-14 7.8864432483e-14
2.7014160156e+02 1.1997779802e-13 4.1455298213e-14 7.8522499804e-14
2.7020263672e+02 1.2007961214e-13 4.1399474133e-14 7.8680138006e-14
2.7026367188e+02 1.2018964231e-13 4.1612511874e-14 7.8577130431e-14
2.7032470703e+02 1.2010721384e-13 4.1428669528e-14 7.8678544317e-14
2.7038574219e+02 1.1991539221e-13 4.1397441318e-14 7.8517950891e-14
2.7044677734e+02 1.1945102823e-13 4.1292279697e-14 7.8158748536e-14
2.7050781250e+02 1.1917821574e-13 4.1221273925e-14 7.7956941819e-14
2.7056884766e+02 1.1884085117e-13 4.1006626906e-14 7.7834224268e-14
2.7062988281e+02 1.1890359624e-13 4.1112152788e-14 7.7791443454e-14
2.7069091797e+02 1.1882095801e-13 4.0977264935e-14 7.7843693078e-14
2.7075195312e+02 1.1858939365e-13 4.0948363323e-14 7.7641030325e-14
2.7081298828e+02 1.1832788687e-13 4.1052050997e-14 7.7275835873e-14
2.7087402344e+02 1.1798641804e-13 4.0844636502e-14 7.7141781538e-14
2.7093505859e+02 1.1779325195e-13 4.0829863455e-14 7.6963388494e-14
2.7099609375e+02 1.1753919621e-13 4.0844105827e-14 7.6695090379e-14
2.7105712891e+02 1.1696918910e-13 4.0694662725e-14 7.6274526375e-14
2.7111816406e+02 1.1663037029e-13 4.0588269893e-14 7.6042100394e-14
2.7117919922e+02 1.1681621446e-13 4.0558691359e-14 7.6257523099e-14
2.7124023438e+02 1.1649249372e-13 4.0370050263e-14 7.6122443459e-14
2.7130126953e+02 1.1636530008e-13 4.0215969899e-14 7.6149330177e-14
2.7136230469e+02 1.1628861403e-13 4.0235399564e-14 7.6053214470e-14
2.7142333984e+02 1.1599155204e-13 4.0301270075e-14 7.5690281963e-14
2.7148437500e+02 1.1556733480e-13 4.0164526220e-14 7.5402808579e-14
2.7154541016e+02 1.1541586474e-13 4.0031532890e-14 7.5384331851e-14
2.7160644531e+02 1.1561844921e-13 4.0148750338e-14 7.5469698873e-14
2.7166748047e+02 1.1517622847e-13 3.9927499562e-14 7.5248728905e-14
2.7172851562e+02 1.1503643459e-13 3.9711276655e-14 7.5325157935e-14
2.7178955078e+02 1.1478990351e-13 3.9782062621e-14 7.5007840886e-14
2.7185058594e+02 1.1447143672e-13 3.9667116124e-14 7.4804320600e-14
2.7191162109e+02 1.1438866285e-13 3.9713802286e-14 7.4674860565e-14
2.7197265625e+02 1.1435736465e-13 3.9816731166e-14 7.4540633486e-14
2.7203369141e+02 1.1404869512e-13 3.9460439227e-14 7.4588255891e-14
2.7209472656e+02 1.1425394237e-13 3.9560631829e-14 7.4693310544e-14
2.7215576172e+02 1.1434250536e-13 3.9663755493e-14 7.4678749866e-14
2.7221679688e+02 1.1391039128e-13 3.9391942710e-14 7.4518448570e-14
2.7227783203e+02 1.1370430664e-13 3.9214089906e-14 7.4490216735e-14
2.7233886719e+02 1.1320429531e-13 3.9152888856e-14 7.4051406453e-14
2.7239990234e+02 1.1308467473e-13 3.9045519344e-14 7.4039155383e-14
2.7246093750e+02 1.1309452222e-13 3.9146069283e-14 7.3948452939e-14
2.7252197266e+02 1.1279160368e-13 3.8993209657e-14 7.3798394027e-14
2.7258300781e+02 1.1295484326e-13 3.9060901955e-14 7.3893941301e-14
2.7264404297e+02 1.1261966326e-13 3.8877240838e-14 7.3742422426e-14
2.7270507812e+02 1.1243619558e-13 3.8914715885e-14 7.3521479696e-14
2.7276611328e+02 1.1181309056e-13 3.8726142004e-14 7.3086948553e-14
2.7282714844e+02 1.1175627326e-13 3.8663915787e-14 7.3092357478e-14
2.7288818359e+02 1.1162016730e-13 3.8577356764e-14 7.3042810535e-14
2.7294921875e+02 1.1162315836e-13 3.8627760539e-14 7.2995397819e-14
2.7301025391e+02 1.1147714078e-13 3.8699293883e-14 7.2777846897e-14
2.7307128906e+02 1.1123345398e-13 3.8626012688e-14 7.2607441291e-14
2.7313232422e+02 1.1114426265e-13 3.8542985963e-14 7.2601276685e-14
2.7319335938e+02 1.1101478717e-13 3.8551869595e-14 7.2462917574e-14
2.7325439453e+02 1.1110563319e-13 3.8512737434e-14 7.2592895761e-14
2.7331542969e+02 1.1120930703e-13 3.8429557831e-14 7.2779749197e-14
2.7337646484e+02 1.1119844900e-13 3.8380673817e-14 7.2817775179e-14
2.7343750000e+02 1.1092595866e-13 3.8252475511e-14 7.2673483148e-14
2.7349853516e+02 1.1041185651e-13 3.8079354831e-14 7.2332501679e-14
2.7355957031e+02 1.1007753220e-13 3.8096529250e-14 7.1981002951e-14
2.7362060547e+02 1.0988353946e-13 3.7915522481e-14 7.1968016975e-14
2.7368164062e+02 1.0977249261e-13 3.7817400109e-14 7.1955092500e-14
2.7374267578e+02 1.0978341042e-13 3.7750880102e-14 7.2032530319e-14
2.7380371094e+02 1.0991114117e-13 3.7709700457e-14 7.2201440717e-14
2.7386474609e+02 1.0969430157e-13 3.7794813097e-14 7.1899488478e-14
2.7392578125e+02 1.0942658120e-13 3.7896650006e-14 7.1529931194e-14
2.7398681641e+02 1.0903387327e-13 3.7709340501e-14 7.1324532773e-14
2.7404785156e+02 1.0859095785e-13 3.7673627271e-14 7.0917330577e-14
2.7410888672e+02 1.0865160199e-13 3.7738444604e-14 7.0913157385e-14
2.7416992188e+02 1.0864952170e-13 3.7688342970e-14 7.0961178727e-14
2.7423095703e+02 1.0852214803e-13 3.7591607431e-14 7.0930540602e-14
2.7429199219e+02 1.0828442252e-13 3.7441025553e-14 7.0843396962e-14
2.7435302734e+02 1.0822916026e-13 3.7493277216e-14 7.0735883048e-14
2.7441406250e+02 1.0797307675e-13 3.7418208747e-14 7.0554868001e-14
2.7447509766e+02 1.0810529917e-13 3.7420786597e-14 7.0684512576e-14
2.7453613281e+02 1.0800103911e-13 3.7376419746e-14 7.0624619367e-14
2.7459716797e+02 1.0772311672e-13 3.7169044734e-14 7.0554071989e-14
2.7465820312e+02 1.0763871794e-13 3.7105785494e-14 7.0532932447e-14
2.7471923828e+02 1.0755475892e-13 3.7176670447e-14 7.0378088471e-14
2.7478027344e+02 1.0692982506e-13 3.7134218686e-14 6.9795606371e-14
2.7484130859e+02 1.0667793877e-13 3.6904185779e-14 6.9773752995e-14
2.7490234375e+02 1.0669607955e-13 3.6831649269e-14 6.9864430285e-14
2.7496337891e+02 1.0665203260e-13 3.6776630046e-14 6.9875402556e-14
2.7502441406e+02 1.0649012826e-13 3.6747772399e-14 6.9742355857e-14
2.7508544922e+02 1.0632615902e-13 3.6838386289e-14 6.9487772733e-14
2.7514648438e+02 1.0622338937e-13 3.6856956850e-14 6.9366432521e-14
2.7520751953e+02 1.0591804622e-13 3.6689288486e-14 6.9228757737e-14
2.7526855469e+02 1.0587554693e-13 3.6859175646e-14 6.9016371281e-14
2.7532958984e+02 1.0564297922e-13 3.6619085460e-14 6.9023893765e-14
2.7539062500e+02 1.0553004002e-13 3.6600218837e-14 6.8929821184e-14
2.7545166016e+02 1.0532476989e-13 3.6506554135e-14 6.8818215753e-14
2.7551269531e+02 1.0531108117e-13 3.6499969593e-14 6.8811111580e-14
2.7557373047e+02 1.0518605913e-13 3.6394110655e-14 6.8791948473e-14
2.7563476562e+02 1.0502113136e-13 3.6175962015e-14 6.8845169348e-14
2.7569580078e+02 1.0509414849e-13 3.6376417980e-14 6.8717730513e-14
2.7575683594e+02 1.0504258274e-13 3.6272682470e-14 6.8769900273e-14
2.7581787109e+02 1.0466352968e-13 3.6147624030e-14 6.8515905649e-14
2.7587890625e+02 1.0459771368e-13 3.6166011797e-14 6.8431701881e-14
2.7593994141e+02 1.0427946333e-13 3.6121749068e-14 6.8157714258e-14
2.7600097656e+02 1.0412209651e-13 3.6047618361e-14 6.8074478152e-14
2.7606201172e+02 1.0387729196e-13 3.5877752222e-14 6.7999539733e-14
2.7612304688e+02 1.0360295461e-13 3.5883333527e-14 6.7719621087e-14
2.7618408203e+02 1.0364842083e-13 3.5939824200e-14 6.7708596626e-14
2.7624511719e+02 1.0325201536e-13 3.5669186943e-14 6.7582828420e-14
2.7630615234e+02 1.0314332508e-13 3.5719128387e-14 6.7424196695e-14
2.7636718750e+02 1.0313161820e-13 3.5579215501e-14 6.7552402694e-14
2.7642822266e+02 1.0308612994e-13 3.5667136659e-14 6.7418993281e-14
2.7648925781e+02 1.0284811687e-13 3.5681456695e-14 6.7166660172e-14
2.7655029297e+02 1.0253177984e-13 3.5467577439e-14 6.7064202397e-14
2.7661132812e+02 1.0284760282e-13 3.5519026473e-14 6.7328576350e-14
2.7667236328e+02 1.0314070534e-13 3.5596777302e-14 6.7543928034e-14
2.7673339844e+02 1.0316938184e-13 3.5619117817e-14 6.7550264026e-14
2.7679443359e+02 1.0268040400e-13 3.5558860347e-14 6.7121543654e-14
2.7685546875e+02 1.0207371317e-13 3.5556961307e-14 6.6516751858e-14
2.7691650391e+02 1.0182214712e-13 3.5414314302e-14 6.6407832816e-14
2.7697753906e+02 1.0182615718e-13 3.5389852950e-14 6.6436304235e-14
2.7703857422e+02 1.0177757752e-13 3.5327546946e-14 6.6450030574e-14
2.7709960938e+02 1.0184485991e-13 3.5271877846e-14 6.6572982066e-14
2.7716064453e+02 1.0181445338e-13 3.5248100417e-14 6.6566352966e-14
2.7722167969e+02 1.0142946770e-13 3.5114712203e-14 6.6314755492e-14
2.7728271484e+02 1.0115285297e-13 3.4994109958e-14 6.6158743009e-14
2.7734375000e+02 1.0097798198e-13 3.4930605952e-14 6.6047376026e-14
2.7740478516e+02 1.0081075999e-13 3.4902075241e-14 6.5908684746e-14
2.7746582031e+02 1.0076021333e-13 3.4946691050e-14 6.5813522277e-14
2.7752685547e+02 1.0058057646e-13 3.4836083062e-14 6.5744493401e-14
2.7758789062e+02 1.0053899723e-13 3.4811998742e-14 6.5726998485e-14
2.7764892578e+02 1.0039101489e-13 3.4848822792e-14 6.5542192099e-14
2.7770996094e+02 1.0021549996e-13 3.4833618672e-14 6.5381881286e-14
2.7777099609e+02 1.0027401996e-13 3.4909117686e-14 6.5364902274e-14
2.7783203125e+02 1.0031863319e-13 3.4744314162e-14 6.5574319028e-14
2.7789306641e+02 1.0035070356e-13 3.4647499428e-14 6.5703204135e-14
2.7795410156e+02 1.0036339089e-13 3.4658187731e-14 6.5705203164e-14
2.7801513672e+02 9.9775813501e-14 3.4546318846e-14 6.5229494656e-14
2.7807617188e+02 9.9623979070e-14 3.4645318976e-14 6.4978660093e-14
2.7813720703e+02 9.9365354140e-14 3.4447709299e-14 6.4917644841e-14
2.7819824219e+02 9.9235752076e-14 3.4599339300e-14 6.4636412775e-14
2.7825927734e+02 9.8913634736e-14 3.4492868813e-14 6.4420765923e-14
2.7832031250e+02 9.9083702345e-14 3.4551520921e-14 6.4532181424e-14
2.7838134766e+02 9.9269788402e-14 3.4347931331e-14 6.4921857071e-14
2.7844238281e+02 9.9002118827e-14 3.4375659970e-14 6.4626458857e-14
2.7850341797e+02 9.8731954104e-14 3.4248534475e-14 6.4483419629e-14
2.7856445312e+02 9.8614345541e-14 3.4162373920e-14 6.4451971620e-14
2.7862548828e+02 9.8100359726e-14 3.4073132725e-14 6.4027227000e-14
2.7868652344e+02 9.8243763136e-14 3.4149988158e-14 6.4093774978e-14
2.7874755859e+02 9.8470767890e-14 3.4214812740e-14 6.4255955150e-14
2.7880859375e+02 9.8105384727e-14 3.4042702690e-14 6.4062682037e-14
2.7886962891e+02 9.7873514491e-14 3.4063439658e-14 6.3810074834e-14
2.7893066406e+02 9.7847329021e-14 3.3941270258e-14 6.3906058764e-14
2.7899169922e+02 9.7805131743e-14 3.3972784322e-14 6.3832347421e-14
2.7905273438e+02 9.7602042703e-14 3.3878767254e-14 6.3723275449e-14
2.7911376953e+02 9.7481007666e-14 3.3814247742e-14 6.3666759924e-14
2.7917480469e+02 9.7551112289e-14 3.3802778851e-14 6.3748333439e-14
2.7923583984e+02 9.7732071723e-14 3.3843173906e-14 6.3888897818e-14
2.7929687500e+02 9.7674068806e-14 3.3791056095e-14 6.3883012710e-14
2.7935791016e+02 9.7184012329e-14 3.3585409713e-14 6.3598602616e-14
2.7941894531e+02 9.7012105748e-14 3.3752362897e-14 6.3259742850e-14
2.7947998047e+02 9.6729186979e-14 3.3535743944e-14 6.3193443035e-14
2.7954101562e+02 9.6775983136e-14 3.3609368989e-14 6.3166614147e-14
2.7960205078e+02 9.6520220819e-14 3.3503519937e-14 6.3016700882e-14
2.7966308594e+02 9.6290675119e-14 3.3383205126e-14 6.2907469993e-14
2.7972412109e+02 9.6084929494e-14 3.3277237720e-14 6.2807691774e-14
2.7978515625e+02 9.6278655126e-14 3.3214846617e-14 6.3063808508e-14
2.7984619141e+02 9.6331568901e-14 3.3313111345e-14 6.3018457556e-14
2.7990722656e+02 9.6208954140e-14 3.3355201712e-14 6.2853752428e-14
2.7996826172e+02 9.5669654833e-14 3.3214357967e-14 6.2455296865e-14
2.8002929688e+02 9.5463640070e-14 3.3208624777e-14 6.2255015292e-14
2.8009033203e+02 9.5426530239e-14 3.3223690800e-14 6.2202839439e-14
2.8015136719e+02 9.5347742802e-14 3.3147946863e-14 6.2199795939e-14
2.8021240234e+02 9.5434103981e-14 3.3150749398e-14 6.2283354582e-14
2.8027343750e+02 9.4937568189e-14 3.2945679250e-14 6.1991888939e-14
2.8033447266e+02 9.5192947496e-14 3.3116313784e-14 6.2076633712e-14
2.8039550781e+02 9.5437570069e-14 3.3122078796e-14 6.2315491274e-14
2.8045654297e+02 9.5700588186e-14 3.3242286076e-14 6.2458302110e-14
2.8051757812e+02 9.4986747864e-14 3.2945130662e-14 6.2041617202e-14
2.8057861328e+02 9.4716796173e-14 3.2883591494e-14 6.1833204679e-14
2.8063964844e+02 9.4972358603e-14 3.3048303966e-14 6.1924054637e-14
2.8070068359e+02 9.4485940190e-14 3.2770283004e-14 6.1715657185e-14
2.8076171875e+02 9.4513028128e-14 3.2842415264e-14 6.1670612864e-14
2.8082275391e+02 9.4236317263e-14 3.2734981925e-14 6.1501335338e-14
2.8088378906e+02 9.3920249899e-14 3.2694356376e-14 6.1225893522e-14
2.8094482422e+02 9.4029148495e-14 3.2705151729e-14 6.1323996767e-14
2.8100585938e+02 9.3904677998e-14 3.2640302971e-14 6.1264375028e-14
2.8106689453e+02 9.3852723740e-14 3.2610357428e-14 6.1242366311e-14
2.8112792969e+02 9.3598536966e-14 3.2531731757e-14 6.1066805209e-14
2.8118896484e+02 9.3383622739e-14 3.2396458638e-14 6.0987164100e-14
2.8125000000e+02 9.3391333630e-14 3.2514527504e-14 6.0876806125e-14
2.8131103516e+02 9.3250174587e-14 3.2564949600e-14 6.0685224987e-14
2.8137207031e+02 9.3254439196e-14 3.2383660025e-14 6.0870779171e-14
2.8143310547e+02 9.3373968882e-14 3.2477582278e-14 6.0896386605e-14
2.8149414062e+02 9.3609457262e-14 3.2576783781e-14 6.1032673481e-14
2.8155517578e+02 9.3481814102e-14 3.2604876448e-14 6.0876937654e-14
2.8161621094e+02 9.3376919024e-14 3.2362049787e-14 6.1014869237e-14
2.8167724609e+02 9.3253757662e-14 3.2295989592e-14 6.0957768070e-14
2.8173828125e+02 9.2682842708e-14 3.2151309456e-14 6.0531533251e-14
2.8179931641e+02 9.2626385337e-14 3.2118990240e-14 6.0507395096e-14
2.8186035156e+02 9.2705537934e-14 3.2073475560e-14 6.0632062374e-14
2.8192138672e+02 9.2602351797e-14 3.2064067384e-14 6.0538284413e-14
2.8198242188e+02 9.2539061138e-14 3.2031639687e-14 6.0507421452e-14
2.8204345703e+02 9.2670047671e-14 3.2097517750e-14 6.0572529921e-14
2.8210449219e+02 9.2480178397e-14 3.1931219198e-14 6.0548959199e-14
2.8216552734e+02 9.2355344541e-14 3.1998490339e-14 6.0356854202e-14
2.8222656250e+02 9.2046313370e-14 3.1932364211e-14 6.0113949159e-14
2.8228759766e+02 9.1936642192e-14 3.1952813764e-14 5.9983828428e-14
2.8234863281e+02 9.1799544359e-14 3.2028107822e-14 5.9771436538e-14
2.8240966797e+02 9.1560739384e-14 3.1950917381e-14 5.9609822002e-14
2.8247070312e+02 9.1813860500e-14 3.1831320072e-14 5.9982540428e-14
2.8253173828e+02 9.1836038099e-14 3.1860732318e-14 5.9975305781e-14
2.8259277344e+02 9.1718075601e-14 3.1829242145e-14 5.9888833456e-14
2.8265380859e+02 9.1662819044e-14 3.1723392199e-14 5.9939426845e-14
2.8271484375e+02 9.1543103308e-14 3.1678540162e-14 5.9864563147e-14
2.8277587891e+02 9.1453786094e-14 3.1695843396e-14 5.9757942698e-14
2.8283691406e+02 9.1440721231e-14 3.1647319115e-14 5.9793402116e-14
2.8289794922e+02 9.1250924251e-14 3.1759131769e-14 5.9491792481e-14
2.8295898438e+02 9.0862491087e-14 3.1705091811e-14 5.9157399276e-14
2.8302001953e+02 9.0653273450e-14 3.1628718200e-14 5.9024555249e-14
2.8308105469e+02 9.0624771109e-14 3.1500483056e-14 5.9124288053e-14
2.8314208984e+02 9.0565298073e-14 3.1461137008e-14 5.9104161065e-14
2.8320312500e+02 9.0664240990e-14 3.1574315946e-14 5.9089925044e-14
2.8326416016e+02 9.0430238311e-14 3.1411107428e-14 5.9019130883e-14
2.8332519531e+02 9.0310508119e-14 3.1313608766e-14 5.8996899353e-14
2.8338623047e+02 9.0378746579e-14 3.1332667649e-14 5.9046078930e-14
2.8344726562e+02 9.0485461909e-14 3.1291463145e-14 5.9193998764e-14
2.8350830078e+02 9.0287536481e-14 3.1304323294e-14 5.8983213187e-14
2.8356933594e+02 8.9840433125e-14 3.1234227647e-14 5.8606205477e-14
2.8363037109e+02 8.9560162397e-14 3.1257343847e-14 5.8302818551e-14
2.8369140625e+02 8.9714569860e-14 3.1164102397e-14 5.8550467464e-14
2.8375244141e+02 8.9626029286e-14 3.1175155928e-14 5.8450873357e-14
2.8381347656e+02 8.9700764532e-14 3.1182831153e-14 5.8517933379e-14
2.8387451172e+02 8.9379167660e-14 3.0985162359e-14 5.8394005302e-14
2.8393554688e+02 8.9307330138e-14 3.0976371239e-14 5.8330958899e-14
2.8399658203e+02 8.9535311657e-14 3.1205278415e-14 5.8330033242e-14
2.8405761719e+02 8.9483662029e-14 3.1156465784e-14 5.8327196244e-14
2.8411865234e+02 8.9445846134e-14 3.1043995504e-14 5.8401850630e-14
2.8417968750e+02 8.9004198572e-14 3.0873238241e-14 5.8130960331e-14
2.8424072266e+02 8.8891366591e-14 3.0936423677e-14 5.7954942914e-14
2.8430175781e+02 8.8737724574e-14 3.0817210208e-14 5.7920514367e-14
2.8436279297e+02 8.9067649124e-14 3.0994948035e-14 5.8072701090e-14
2.8442382812e+02 8.8888173878e-14 3.0953239134e-14 5.7934934744e-14
2.8448486328e+02 8.8912417171e-14 3.0853639797e-14 5.8058777374e-14
2.8454589844e+02 8.9090144294e-14 3.0842640678e-14 5.8247503616e-14
2.8460693359e+02 8.8947585344e-14 3.0680175203e-14 5.8267410141e-14
2.8466796875e+02 8.8544090489e-14 3.0652912790e-14 5.7891177699e-14
2.8472900391e+02 8.8719611108e-14 3.0794817390e-14 5.7924793718e-14
2.8479003906e+02 8.8383808537e-14 3.0762293641e-14 5.7621514896e-14
2.8485107422e+02 8.8140446563e-14 3.0759582829e-14 5.7380863733e-14
2.8491210938e+02 8.8219200696e-14 3.0627624438e-14 5.7591576258e-14
2.8497314453e+02 8.8129363317e-14 3.0560433658e-14 5.7568929659e-14
2.8503417969e+02 8.7783034856e-14 3.0532250988e-14 5.7250783868e-14
2.8509521484e+02 8.7832283265e-14 3.0520440753e-14 5.7311842512e-14
2.8515625000e+02 8.7779484128e-14 3.0477338309e-14 5.7302145820e-14
2.8521728516e+02 8.7835663372e-14 3.0624054063e-14 5.7211609310e-14
2.8527832031e+02 8.7631054803e-14 3.0454743414e-14 5.7176311389e-14
2.8533935547e+02 8.7543587611e-14 3.0509120224e-14 5.7034467387e-14
2.8540039062e+02 8.7395385932e-14 3.0348643703e-14 5.7046742229e-14
2.8546142578e+02 8.7718699458e-14 3.0362046089e-14 5.7356653369e-14
2.8552246094e+02 8.7501965453e-14 3.0294910444e-14 5.7207055009e-14
2.8558349609e+02 8.7385748794e-14 3.0376600273e-14 5.7009148521e-14
2.8564453125e+02 8.6820785917e-14 3.0272469123e-14 5.6548316794e-14
2.8570556641e+02 8.7151975737e-14 3.0286371391e-14 5.6865604346e-14
2.8576660156e+02 8.7100044825e-14 3.0269168086e-14 5.6830876738e-14
2.8582763672e+02 8.7159886766e-14 3.0227185181e-14 5.6932701584e-14
2.8588867188e+02 8.7111546811e-14 3.0156680936e-14 5.6954865874e-14
2.8594970703e+02 8.6887219233e-14 3.0086343856e-14 5.6800875378e-14
2.8601074219e+02 8.6437007604e-14 2.9957248694e-14 5.6479758911e-14
2.8607177734e+02 8.6191922121e-14 3.0094943841e-14 5.6096978280e-14
2.8613281250e+02 8.6501726843e-14 3.0045329172e-14 5.6456397671e-14
2.8619384766e+02 8.6450690412e-14 3.0121524524e-14 5.6329165887e-14
2.8625488281e+02 8.6645351357e-14 3.0246833070e-14 5.6398518288e-14
2.8631591797e+02 8.6699191329e-14 3.0196841973e-14 5.6502349357e-14
2.8637695312e+02 8.6575058051e-14 3.0053375576e-14 5.6521682475e-14
2.8643798828e+02 8.6494395629e-14 3.0172488140e-14 5.6321907489e-14
2.8649902344e+02 8.6351523715e-14 3.0009573799e-14 5.6341949916e-14
2.8656005859e+02 8.6106336966e-14 2.9917814213e-14 5.6188522752e-14
2.8662109375e+02 8.6080013772e-14 2.9966236663e-14 5.6113777109e-14
2.8668212891e+02 8.5921871911e-14 2.9922571501e-14 5.5999300410e-14
2.8674316406e+02 8.6016101731e-14 2.9838250865e-14 5.6177850866e-14
2.8680419922e+02 8.5988213470e-14 2.9944713522e-14 5.6043499948e-14
2.8686523438e+02 8.5653983910e-14 2.9898044141e-14 5.5755939768e-14
2.8692626953e+02 8.5512434504e-14 2.9856067109e-14 5.5656367396e-14
2.8698730469e+02 8.5490653693e-14 2.9755006615e-14 5.5735647077e-14
2.8704833984e+02 8.5295750585e-14 2.9789327630e-14 5.5506422955e-14
2.8710937500e+02 8.5177283459e-14 2.9673373147e-14 5.5503910312e-14
2.8717041016e+02 8.5144344936e-14 2.9639809795e-14 5.5504535141e-14
2.8723144531e+02 8.5117431058e-14 2.9617269070e-14 5.5500161988e-14
2.8729248047e+02 8.4895303423e-14 2.9656322438e-14 5.5238980985e-14
2.8735351562e+02 8.5123781694e-14 2.9623743918e-14 5.5500037776e-14
2.8741455078e+02 8.5142120511e-14 2.9724509331e-14 5.5417611180e-14
2.8747558594e+02 8.5085110218e-14 2.9720987048e-14 5.5364123170e-14
2.8753662109e+02 8.5109172585e-14 2.9673317249e-14 5.5435855335e-14
2.8759765625e+02 8.4977186654e-14 2.9475804765e-14 5.5501381889e-14
2.8765869141e+02 8.4887721636e-14 2.9567914464e-14 5.5319807171e-14
2.8771972656e+02 8.4927867017e-14 2.9445101936e-14 5.5482765081e-14
2.8778076172e+02 8.5000546979e-14 2.9535768447e-14 5.5464778532e-14
2.8784179688e+02 8.4714560934e-14 2.9451545498e-14 5.5263015436e-14
2.8790283203e+02 8.4656844953e-14 2.9402117856e-14 5.5254727097e-14
2.8796386719e+02 8.4588159833e-14 2.9434616966e-14 5.5153542867e-14
2.8802490234e+02 8.4542393307e-14 2.9376280330e-14 5.5166112977e-14
2.8808593750e+02 8.4201498515e-14 2.9324841855e-14 5.4876656660e-14
2.8814697266e+02 8.4377974241e-14 2.9423852503e-14 5.4954121737e-14
2.8820800781e+02 8.4195857494e-14 2.9363150050e-14 5.4832707444e-14
2.8826904297e+02 8.4070074996e-14 2.9268730441e-14 5.4801344554e-14
2.8833007812e+02 8.3759242555e-14 2.9168164043e-14 5.4591078512e-14
2.8839111328e+02 8.3592165081e-14 2.9165414351e-14 5.4426750729e-14
2.8845214844e+02 8.3698561077e-14 2.9177291624e-14 5.4521269453e-14
2.8851318359e+02 8.3378992567e-14 2.8969335333e-14 5.4409657235e-14
2.8857421875e+02 8.3744848501e-14 2.9054712414e-14 5.4690136087e-14
2.8863525391e+02 8.3782178704e-14 2.9160683981e-14 5.4621494723e-14
2.8869628906e+02 8.3532704166e-14 2.9180278444e-14 5.4352425722e-14
2.8875732422e+02 8.3623900538e-14 2.9138458075e-14 5.4485442462e-14
2.8881835938e+02 8.3877373343e-14 2.9136205077e-14 5.4741168266e-14
2.8887939453e+02 8.3774732860e-14 2.9040831002e-14 5.4733901858e-14
2.8894042969e+02 8.3369097882e-14 2.8944500541e-14 5.4424597341e-14
2.8900146484e+02 8.3221549954e-14 2.8941611510e-14 5.4279938444e-14
2.8906250000e+02 8.2985874836e-14 2.8842998744e-14 5.4142876092e-14
2.8912353516e+02 8.3154652666e-14 2.8941975103e-14 5.4212677564e-14
2.8918457031e+02 8.3003793440e-14 2.8825208775e-14 5.4178584665e-14
2.8924560547e+02 8.2907850062e-14 2.8847706567e-14 5.4060143495e-14
2.8930664062e+02 8.2895641593e-14 2.8955048053e-14 5.3940593540e-14
2.8936767578e+02 8.2789959087e-14 2.8775905999e-14 5.4014053087e-14
2.8942871094e+02 8.2858470796e-14 2.8938514417e-14 5.3919956379e-14
2.8948974609e+02 8.2832549546e-14 2.8961736562e-14 5.3870812983e-14
2.8955078125e+02 8.2469287950e-14 2.8711622556e-14 5.3757665394e-14
2.8961181641e+02 8.2683429214e-14 2.8870151861e-14 5.3813277354e-14
2.8967285156e+02 8.2212819180e-14 2.8655290653e-14 5.3557528527e-14
2.8973388672e+02 8.2143772746e-14 2.8658699221e-14 5.3485073525e-14
2.8979492188e+02 8.2312980470e-14 2.8687772021e-14 5.3625208449e-14
2.8985595703e+02 8.2271865978e-14 2.8591264797e-14 5.3680601181e-14
2.8991699219e+02 8.2185645079e-14 2.8710681871e-14 5.3474963208e-14
2.8997802734e+02 8.2012836228e-14 2.8628833828e-14 5.3384002400e-14
2.9003906250e+02 8.1999545508e-14 2.8636742357e-14 5.3362803151e-14
2.9010009766e+02 8.1886317438e-14 2.8596170970e-14 5.3290146468e-14
2.9016113281e+02 8.2169080633e-14 2.8694993973e-14 5.3474086660e-14
2.9022216797e+02 8.1736416466e-14 2.8585340171e-14 5.3151076295e-14
2.9028320312e+02 8.1638432651e-14 2.8614251620e-14 5.3024181031e-14
2.9034423828e+02 8.1630074168e-14 2.8609933991e-14 5.3020140176e-14
2.9040527344e+02 8.1674904920e-14 2.8551689854e-14 5.3123215066e-14
2.9046630859e+02 8.1310017562e-14 2.8407806331e-14 5.2902211231e-14
2.9052734375e+02 8.1251888324e-14 2.8478902080e-14 5.2772986245e-14
2.9058837891e+02 8.1167094787e-14 2.8264097180e-14 5.2902997607e-14
2.9064941406e+02 8.1421027244e-14 2.8341702380e-14 5.3079324864e-14
2.9071044922e+02 8.1395103017e-14 2.8428385614e-14 5.2966717403e-14
2.9077148438e+02 8.1400224641e-14 2.8403066472e-14 5.2997158169e-14
2.9083251953e+02 8.1135098690e-14 2.8302250229e-14 5.2832848461e-14
2.9089355469e+02 8.1135941934e-14 2.8259412380e-14 5.2876529553e-14
2.9095458984e+02 8.1201054764e-14 2.8297255630e-14 5.2903799134e-14
2.9101562500e+02 8.0839739778e-14 2.8307546145e-14 5.2532193632e-14
2.9107666016e+02 8.0998859636e-14 2.8358207475e-14 5.2640652161e-14
2.9113769531e+02 8.0940283314e-14 2.8331552104e-14 5.2608731210e-14
2.9119873047e+02 8.0863755705e-14 2.8157971807e-14 5.2705783898e-14
2.9125976562e+02 8.1085192857e-14 2.8219346666e-14 5.2865846191e-14
2.9132080078e+02 8.0929066880e-14 2.8172824158e-14 5.2756242722e-14
2.9138183594e+02 8.0874763491e-14 2.8298634507e-14 5.2576128984e-14
2.9144287109e+02 8.0453501847e-14 2.8161725216e-14 5.2291776631e-14
2.9150390625e+02 8.0433349481e-14 2.8046936673e-14 5.2386412808e-14
2.9156494141e+02 8.0530703900e-14 2.8069639745e-14 5.2461064155e-14
2.9162597656e+02 8.0488973661e-14 2.7999273210e-14 5.2489700450e-14
2.9168701172e+02 8.0441997125e-14 2.8125806262e-14 5.2316190863e-14
2.9174804688e+02 8.0136985936e-14 2.7952639380e-14 5.2184346557e-14
2.9180908203e+02 8.0058964391e-14 2.7987172285e-14 5.2071792106e-14
2.9187011719e+02 8.0177069746e-14 2.7995792664e-14 5.2181277081e-14
2.9193115234e+02 8.0107086435e-14 2.8003653903e-14 5.2103432532e-14
2.9199218750e+02 7.9835656455e-14 2.7920442119e-14 5.1915214336e-14
2.9205322266e+02 7.9910839677e-14 2.7933918280e-14 5.1976921397e-14
2.9211425781e+02 7.9706123922e-14 2.7790778681e-14 5.1915345241e-14
2.9217529297e+02 7.9983171096e-14 2.7850802243e-14 5.2132368853e-14
2.9223632812e+02 7.9894186641e-14 2.7836557582e-14 5.2057629060e-14
2.9229736328e+02 7.9816126254e-14 2.7968379333e-14 5.1847746921e-14
2.9235839844e+02 7.9741776948e-14 2.7870994545e-14 5.1870782403e-14
2.9241943359e+02 7.9641671842e-14 2.7782674610e-14 5.1858997232e-14
2.9248046875e+02 7.9709283405e-14 2.7794946575e-14 5.1914336831e-14
2.9254150391e+02 7.9677778761e-14 2.7881385987e-14 5.1796392774e-14
2.9260253906e+02 7.9832996801e-14 2.7812041719e-14 5.2020955082e-14
2.9266357422e+02 7.9553091786e-14 2.7649501063e-14 5.1903590723e-14
2.9272460938e+02 7.9578270793e-14 2.7766554407e-14 5.1811716387e-14
2.9278564453e+02 7.9560091050e-14 2.7722078936e-14 5.1838012114e-14
2.9284667969e+02 7.9437626256e-14 2.7695290307e-14 5.1742335949e-14
2.9290771484e+02 7.9398734040e-14 2.7660263598e-14 5.1738470442e-14
2.9296875000e+02 7.9173515452e-14 2.7712462676e-14 5.1461052775e-14
2.9302978516e+02 7.9022554128e-14 2.7787550000e-14 5.1235004128e-14
2.9309082031e+02 7.8814277732e-14 2.7710648031e-14 5.1103629701e-14
2.9315185547e+02 7.8668313471e-14 2.7494606010e-14 5.1173707461e-14
2.9321289062e+02 7.8972039989e-14 2.7672793576e-14 5.1299246413e-14
2.9327392578e+02 7.8751409749e-14 2.7721126945e-14 5.1030282804e-14
2.9333496094e+02 7.8770237189e-14 2.7592647008e-14 5.1177590182e-14
2.9339599609e+02 7.8712921023e-14 2.7442092795e-14 5.1270828229e-14
2.9345703125e+02 7.8911360651e-14 2.7563565122e-14 5.1347795529e-14
2.9351806641e+02 7.8901848496e-14 2.7508866095e-14 5.1392982401e-14
2.9357910156e+02 7.9007339705e-14 2.7717003905e-14 5.1290335800e-14
2.9364013672e+02 7.8761909268e-14 2.7602052877e-14 5.1159856392e-14
2.9370117188e+02 7.8652921923e-14 2.7702771673e-14 5.0950150250e-14
2.9376220703e+02 7.8534704599e-14 2.7495243344e-14 5.1039461255e-14
2.9382324219e+02 7.8657263130e-14 2.7475683279e-14 5.1181579850e-14
2.9388427734e+02 7.8779426690e-14 2.7437283207e-14 5.1342143483e-14
2.9394531250e+02 7.8580547397e-14 2.7384472802e-14 5.1196074595e-14
2.9400634766e+02 7.8628345383e-14 2.7477527991e-14 5.1150817392e-14
2.9406738281e+02 7.8280194354e-14 2.7374589594e-14 5.0905604760e-14
2.9412841797e+02 7.8101060338e-14 2.7319593221e-14 5.0781467118e-14
2.9418945312e+02 7.8325994403e-14 2.7365741302e-14 5.0960253100e-14
2.9425048828e+02 7.8351596232e-14 2.7465924211e-14 5.0885672021e-14
2.9431152344e+02 7.8268970882e-14 2.7341999660e-14 5.0926971222e-14
2.9437255859e+02 7.7934638959e-14 2.7322715249e-14 5.0611923710e-14
2.9443359375e+02 7.7954862925e-14 2.7232440032e-14 5.0722422892e-14
2.9449462891e+02 7.7902749291e-14 2.7136462873e-14 5.0766286418e-14
2.9455566406e+02 7.8041940769e-14 2.7134787834e-14 5.0907152935e-14
2.9461669922e+02 7.8213205384e-14 2.7205330315e-14 5.1007875069e-14
2.9467773438e+02 7.8188251588e-14 2.7256316674e-14 5.0931934913e-14
2.9473876953e+02 7.7869799540e-14 2.7249219889e-14 5.0620579651e-14
2.9479980469e+02 7.7859615220e-14 2.7196684498e-14 5.0662930722e-14
2.9486083984e+02 7.7858992090e-14 2.7148758865e-14 5.0710233224e-14
2.9492187500e+02 7.7669344185e-14 2.7170085043e-14 5.0499259141e-14
2.9498291016e+02 7.7529773434e-14 2.7046554614e-14 5.0483218820e-14
2.9504394531e+02 7.7469750170e-14 2.6976907353e-14 5.0492842817e-14
2.9510498047e+02 7.7405115085e-14 2.7101487581e-14 5.0303627504e-14
2.9516601562e+02 7.7515057407e-14 2.7088902799e-14 5.0426154608e-14
2.9522705078e+02 7.7706839918e-14 2.7084449126e-14 5.0622390792e-14
2.9528808594e+02 7.7226433515e-14 2.6937966372e-14 5.0288467143e-14
2.9534912109e+02 7.7313535786e-14 2.6960397013e-14 5.0353138773e-14
2.9541015625e+02 7.7487707455e-14 2.7035256437e-14 5.0452451018e-14
2.9547119141e+02 7.7553166706e-14 2.7055537312e-14 5.0497629394e-14
2.9553222656e+02 7.7506527565e-14 2.6946791896e-14 5.0559735669e-14
2.9559326172e+02 7.7425692642e-14 2.6942004768e-14 5.0483687874e-14
2.9565429688e+02 7.7210831946e-14 2.6851876464e-14 5.0358955481e-14
2.9571533203e+02 7.7273240468e-14 2.6995722190e-14 5.0277518279e-14
2.9577636719e+02 7.7006625894e-14 2.6985689248e-14 5.0020936646e-14
2.9583740234e+02 7.7413695321e-14 2.7071173793e-14 5.0342521528e-14
2.9589843750e+02 7.7226865359e-14 2.6887583493e-14 5.0339281866e-14
2.9595947266e+02 7.6983822072e-14 2.6870443469e-14 5.0113378603e-14
2.9602050781e+02 7.6859765238e-14 2.6816900303e-14 5.0042864935e-14
2.9608154297e+02 7.7090945334e-14 2.6909477677e-14 5.0181467657e-14
2.9614257812e+02 7.7108279038e-14 2.7034132444e-14 5.0074146594e-14
2.9620361328e+02 7.7109020025e-14 2.6928630742e-14 5.0180389284e-14
2.9626464844e+02 7.6933540766e-14 2.6823056422e-14 5.0110484344e-14
2.9632568359e+02 7.6467017039e-14 2.6944311660e-14 4.9522705379e-14
2.9638671875e+02 7.6387221558e-14 2.6857069080e-14 4.9530152478e-14
2.9644775391e+02 7.6524510011e-14 2.6890720118e-14 4.9633789894e-14
2.9650878906e+02 7.6726648094e-14 2.6752275099e-14 4.9974372995e-14
2.9656982422e+02 7.6663358643e-14 2.6734371543e-14 4.9928987100e-14
2.9663085938e+02 7.6536068787e-14 2.6641837660e-14 4.9894231127e-14
2.9669189453e+02 7.6520345207e-14 2.6557454263e-14 4.9962890944e-14
2.9675292969e+02 7.6475300527e-14 2.6566257141e-14 4.9909043386e-14
2.9681396484e+02 7.6386694984e-14 2.6644081401e-14 4.9742613583e-14
2.9687500000e+02 7.6547149381e-14 2.6737866886e-14 4.9809282495e-14
2.9693603516e+02 7.6467471932e-14 2.6714187860e-14 4.9753284073e-14
2.9699707031e+02 7.6171646398e-14 2.6611226818e-14 4.9560419580e-14
2.9705810547e+02 7.6152672822e-14 2.6588999784e-14 4.9563673038e-14
2.9711914062e+02 7.6306138808e-14 2.6592289618e-14 4.9713849190e-14
2.9718017578e+02 7.6054048219e-14 2.6595413123e-14 4.9458635096e-14
2.9724121094e+02 7.6094881540e-14 2.6500949884e-14 4.9593931656e-14
2.9730224609e+02 7.6301597809e-14 2.6569914470e-14 4.9731683339e-14
2.9736328125e+02 7.6116441522e-14 2.6514192974e-14 4.9602248548e-14
2.9742431641e+02 7.6390214606e-14 2.6579212942e-14 4.9811001664e-14
2.9748535156e+02 7.5957323692e-14 2.6479020781e-14 4.9478302911e-14
2.9754638672e+02 7.5735205859e-14 2.6457749829e-14 4.9277456030e-14
2.9760742188e+02 7.5637852397e-14 2.6616793003e-14 4.9021059394e-14
2.9766845703e+02 7.5638413723e-14 2.6426126550e-14 4.9212287173e-14
2.9772949219e+02 7.5742012840e-14 2.6290449881e-14 4.9451562959e-14
2.9779052734e+02 7.6184260211e-14 2.6494802581e-14 4.9689457630e-14
2.9785156250e+02 7.5993613927e-14 2.6367534601e-14 4.9626079325e-14
2.9791259766e+02 7.5736946443e-14 2.6386901375e-14 4.9350045068e-14
2.9797363281e+02 7.5619651496e-14 2.6456243996e-14 4.9163407500e-14
2.9803466797e+02 7.5414043111e-14 2.6472934293e-14 4.8941108818e-14
2.9809570312e+02 7.5637479457e-14 2.6524775038e-14 4.9112704419e-14
2.9815673828e+02 7.5536737412e-14 2.6346346754e-14 4.9190390658e-14
2.9821777344e+02 7.5689114691e-14 2.6314724352e-14 4.9374390339e-14
2.9827880859e+02 7.5531988741e-14 2.6170113807e-14 4.9361874934e-14
2.9833984375e+02 7.5610782578e-14 2.6292742750e-14 4.9318039828e-14
2.9840087891e+02 7.5373087184e-14 2.6199477314e-14 4.9173609870e-14
2.9846191406e+02 7.5397911433e-14 2.6250603054e-14 4.9147308379e-14
2.9852294922e+02 7.5659589246e-14 2.6310271820e-14 4.9349317426e-14
2.9858398438e+02 7.5596785313e-14 2.6394181747e-14 4.9202603566e-14
2.9864501953e+02 7.5398953050e-14 2.6338912569e-14 4.9060040480e-14
2.9870605469e+02 7.5347791019e-14 2.6363846671e-14 4.8983944347e-14
2.9876708984e+02 7.5079212336e-14 2.6221170644e-14 4.8858041692e-14
2.9882812500e+02 7.4925783834e-14 2.6252400424e-14 4.8673383410e-14
2.9888916016e+02 7.4686064750e-14 2.6138225923e-14 4.8547838827e-14
2.9895019531e+02 7.4758609788e-14 2.6046724110e-14 4.8711885678e-14
2.9901123047e+02 7.4879996924e-14 2.6122423566e-14 4.8757573357e-14
2.9907226562e+02 7.4826454619e-14 2.6097467589e-14 4.8728987030e-14
2.9913330078e+02 7.5000687801e-14 2.6075534284e-14 4.8925153517e-14
2.9919433594e+02 7.4814318915e-14 2.6133338670e-14 4.8680980245e-14
2.9925537109e+02 7.4702890279e-14 2.6000213231e-14 4.8702677048e-14
2.9931640625e+02 7.4690609105e-14 2.6055391418e-14 4.8635217686e-14
2.9937744141e+02 7.4819524979e-14 2.6090342439e-14 4.8729182540e-14
2.9943847656e+02 7.4711098295e-14 2.6081554983e-14 4.8629543312e-14
2.9949951172e+02 7.4959861658e-14 2.6025574351e-14 4.8934287307e-14
2.9956054688e+02 7.4869542394e-14 2.5991630429e-14 4.8877911966e-14
2.9962158203e+02 7.4672475099e-14 2.5922982615e-14 4.8749492484e-14
2.9968261719e+02 7.4556002095e-14 2.5970540656e-14 4.8585461439e-14
2.9974365234e+02 7.4438042056e-14 2.5952923242e-14 4.8485118815e-14
2.9980468750e+02 7.4397825037e-14 2.5907648484e-14 4.8490176553e-14
2.9986572266e+02 7.4518135892e-14 2.6066060532e-14 4.8452075360e-14
2.9992675781e+02 7.4445376410e-14 2.6044015983e-14 4.8401360427e-14
2.9998779297e+02 7.4257903645e-14 2.5994434230e-14 4.8263469415e-14
3.0004882812e+02 7.4149051905e-14 2.5996188477e-14 4.8152863428e-14
3.0010986328e+02 7.4375835387e-14 2.5986598685e-14 4.8389236702e-14
3.0017089844e+02 7.4238201592e-14 2.5883493964e-14 4.8354707627e-14
3.0023193359e+02 7.4113441645e-14 2.5794853574e-14 4.8318588070e-14
3.0029296875e+02 7.3983713110e-14 2.5760784871e-14 4.8222928240e-14
3.0035400391e+02 7.4347581241e-14 2.5958658382e-14 4.8388922859e-14
3.0041503906e+02 7.4177320627e-14 2.5830983317e-14 4.8346337310e-14
3.0047607422e+02 7.3971446728e-14 2.5765546769e-14 4.8205899959e-14
3.0053710938e+02 7.3905318954e-14 2.5734175261e-14 4.8171143693e-14
3.0059814453e+02 7.3973878424e-14 2.5897757133e-14 4.8076121291e-14
3.0065917969e+02 7.3964692685e-14 2.5858960411e-14 4.8105732275e-14
3.0072021484e+02 7.3945552439e-14 2.5814443878e-14 4.8131108562e-14
3.0078125000e+02 7.3852088348e-14 2.5662354592e-14 4.8189733755e-14
3.0084228516e+02 7.3850524382e-14 2.5627147298e-14 4.8223377084e-14
3.0090332031e+02 7.3718764987e-14 2.5745846568e-14 4.7972918419e-14
3.0096435547e+02 7.4064450849e-14 2.5777763395e-14 4.8286687454e-14
3.0102539062e+02 7.3851285545e-14 2.5821721426e-14 4.8029564119e-14
3.0108642578e+02 7.3700688398e-14 2.5807227897e-14 4.7893460501e-14
3.0114746094e+02 7.3762064763e-14 2.5882244194e-14 4.7879820569e-14
3.0120849609e+02 7.3722329174e-14 2.5787984420e-14 4.7934344754e-14
3.0126953125e+02 7.3454926228e-14 2.5584209488e-14 4.7870716739e-14
3.0133056641e+02 7.3645959224e-14 2.5578966883e-14 4.8066992340e-14
3.0139160156e+02 7.3544546688e-14 2.5546302436e-14 4.7998244252e-14
3.0145263672e+02 7.3488290385e-14 2.5616493050e-14 4.7871797335e-14
3.0151367188e+02 7.3631598141e-14 2.5583680983e-14 4.8047917158e-14
3.0157470703e+02 7.3344229783e-14 2.5415740121e-14 4.7928489662e-14
3.0163574219e+02 7.3375172482e-14 2.5605017418e-14 4.7770155064e-14
3.0169677734e+02 7.3230207136e-14 2.5663092533e-14 4.7567114602e-14
3.0175781250e+02 7.3246766420e-14 2.5558501055e-14 4.7688265365e-14
3.0181884766e+02 7.3204527975e-14 2.5651421952e-14 4.7553106024e-14
3.0187988281e+02 7.3332743999e-14 2.5666826803e-14 4.7665917195e-14
3.0194091797e+02 7.3562427219e-14 2.5547029431e-14 4.8015397788e-14
3.0200195312e+02 7.3302243190e-14 2.5472517775e-14 4.7829725414e-14
3.0206298828e+02 7.3295481103e-14 2.5520299043e-14 4.7775182060e-14
3.0212402344e+02 7.3307106174e-14 2.5573255469e-14 4.7733850705e-14
3.0218505859e+02 7.3303373274e-14 2.5541095089e-14 4.7762278185e-14
3.0224609375e+02 7.2961409810e-14 2.5384886106e-14 4.7576523704e-14
3.0230712891e+02 7.3157997237e-14 2.5465479604e-14 4.7692517632e-14
3.0236816406e+02 7.3058407915e-14 2.5388395507e-14 4.7670012409e-14
3.0242919922e+02 7.2921953825e-14 2.5380342404e-14 4.7541611421e-14
3.0249023438e+02 7.2790896526e-14 2.5417680492e-14 4.7373216034e-14
3.0255126953e+02 7.2717020648e-14 2.5341138503e-14 4.7375882145e-14
3.0261230469e+02 7.2880551042e-14 2.5390403489e-14 4.7490147553e-14
3.0267333984e+02 7.2845108941e-14 2.5351454302e-14 4.7493654639e-14
3.0273437500e+02 7.2735340075e-14 2.5309677262e-14 4.7425662813e-14
3.0279541016e+02 7.2792543997e-14 2.5310731116e-14 4.7481812881e-14
3.0285644531e+02 7.2606600394e-14 2.5254262958e-14 4.7352337437e-14
3.0291748047e+02 7.2648908099e-14 2.5424563914e-14 4.7224344185e-14
3.0297851562e+02 7.2540948365e-14 2.5341871786e-14 4.7199076579e-14
3.0303955078e+02 7.2673725755e-14 2.5411656308e-14 4.7262069446e-14
3.0310058594e+02 7.2709026832e-14 2.5266773672e-14 4.7442253160e-14
3.0316162109e+02 7.2621852457e-14 2.5273622922e-14 4.7348229535e-14
3.0322265625e+02 7.2672734790e-14 2.5217614747e-14 4.7455120043e-14
3.0328369141e+02 7.2694172367e-14 2.5360791678e-14 4.7333380689e-14
3.0334472656e+02 7.2452581960e-14 2.5280592568e-14 4.7171989392e-14
3.0340576172e+02 7.2414455669e-14 2.5294013395e-14 4.7120442274e-14
3.0346679688e+02 7.2386227384e-14 2.5237096705e-14 4.7149130679e-14
3.0352783203e+02 7.2283255503e-14 2.5241516815e-14 4.7041738688e-14
3.0358886719e+02 7.2254553516e-14 2.5125401483e-14 4.7129152033e-14
3.0364990234e+02 7.2344451992e-14 2.5227137766e-14 4.7117314226e-14
3.0371093750e+02 7.2543261693e-14 2.5230765556e-14 4.7312496138e-14
3.0377197266e+02 7.2325091618e-14 2.5114157725e-14 4.7210933893e-14
3.0383300781e+02 7.2227318224e-14 2.5208124801e-14 4.7019193423e-14
3.0389404297e+02 7.2003012576e-14 2.5184732475e-14 4.6818280101e-14
3.0395507812e+02 7.1735769456e-14 2.5114063537e-14 4.6621705920e-14
3.0401611328e+02 7.1870522116e-14 2.5190205111e-14 4.6680317004e-14
3.0407714844e+02 7.1843497602e-14 2.5084347373e-14 4.6759150229e-14
3.0413818359e+02 7.1715986816e-14 2.5084003259e-14 4.6631983557e-14
3.0419921875e+02 7.1837841472e-14 2.5025200603e-14 4.6812640869e-14
3.0426025391e+02 7.1786727449e-14 2.5083242203e-14 4.6703485246e-14
3.0432128906e+02 7.1713557149e-14 2.4950767035e-14 4.6762790113e-14
3.0438232422e+02 7.1821461647e-14 2.4986219239e-14 4.6835242408e-14
3.0444335938e+02 7.1824294569e-14 2.5005882693e-14 4.6818411876e-14
3.0450439453e+02 7.1880660361e-14 2.4983626303e-14 4.6897034058e-14
3.0456542969e+02 7.1693120735e-14 2.4873810930e-14 4.6819309805e-14
3.0462646484e+02 7.1588294617e-14 2.4852311712e-14 4.6735982905e-14
3.0468750000e+02 7.1551506503e-14 2.4936004730e-14 4.6615501773e-14
3.0474853516e+02 7.1595876116e-14 2.4965555936e-14 4.6630320180e-14
3.0480957031e+02 7.1581924791e-14 2.4965280061e-14 4.6616644731e-14
3.0487060547e+02 7.1543158892e-14 2.4850356429e-14 4.6692802464e-14
3.0493164062e+02 7.1551323061e-14 2.4833500427e-14 4.6717822634e-14
3.0499267578e+02 7.1309823063e-14 2.4714718558e-14 4.6595104505e-14
3.0505371094e+02 7.1493030605e-14 2.4798888628e-14 4.6694141978e-14
3.0511474609e+02 7.1358389186e-14 2.4891501835e-14 4.6466887351e-14
3.0517578125e+02 7.1214098971e-14 2.4886349570e-14 4.6327749401e-14
3.0523681641e+02 7.1179559098e-14 2.4865895982e-14 4.6313663116e-14
3.0529785156e+02 7.1002501718e-14 2.4908189942e-14 4.6094311776e-14
3.0535888672e+02 7.1001831112e-14 2.4845960173e-14 4.6155870939e-14
3.0541992188e+02 7.1051853682e-14 2.4814904822e-14 4.6236948860e-14
3.0548095703e+02 7.1018332571e-14 2.4837592871e-14 4.6180739701e-14
3.0554199219e+02 7.0917808593e-14 2.4817965399e-14 4.6099843193e-14
3.0560302734e+02 7.1179543859e-14 2.4744283103e-14 4.6435260755e-14
3.0566406250e+02 7.1252082636e-14 2.4780845335e-14 4.6471237302e-14
3.0572509766e+02 7.0977930463e-14 2.4790007425e-14 4.6187923038e-14
3.0578613281e+02 7.1010766861e-14 2.4764758961e-14 4.6246007900e-14
3.0584716797e+02 7.0713233733e-14 2.4722634475e-14 4.5990599258e-14
3.0590820312e+02 7.1000582972e-14 2.4757443802e-14 4.6243139170e-14
3.0596923828e+02 7.0834562177e-14 2.4633267396e-14 4.6201294781e-14
3.0603027344e+02 7.0952269636e-14 2.4678154583e-14 4.6274115053e-14
3.0609130859e+02 7.0989412216e-14 2.4712568713e-14 4.6276843503e-14
3.0615234375e+02 7.0699146653e-14 2.4681153235e-14 4.6017993418e-14
3.0621337891e+02 7.0702218336e-14 2.4742107387e-14 4.5960110949e-14
3.0627441406e+02 7.0602797427e-14 2.4616956109e-14 4.5985841318e-14
3.0633544922e+02 7.0714017220e-14 2.4589503093e-14 4.6124514128e-14
3.0639648438e+02 7.0569164414e-14 2.4595541660e-14 4.5973622754e-14
3.0645751953e+02 7.0465462405e-14 2.4480547154e-14 4.5984915251e-14
3.0651855469e+02 7.0545160974e-14 2.4619083184e-14 4.5926077791e-14
3.0657958984e+02 7.0586098676e-14 2.4724453929e-14 4.5861644748e-14
3.0664062500e+02 7.0570285653e-14 2.4659543332e-14 4.5910742322e-14
3.0670166016e+02 7.0325289106e-14 2.4516127344e-14 4.5809161762e-14
3.0676269531e+02 7.0429851925e-14 2.4626836834e-14 4.5803015091e-14
3.0682373047e+02 7.0287452060e-14 2.4557808641e-14 4.5729643419e-14
3.0688476562e+02 7.0502316574e-14 2.4588517315e-14 4.5913799259e-14
3.0694580078e+02 7.0325182670e-14 2.4505756859e-14 4.5819425812e-14
3.0700683594e+02 7.0510689543e-14 2.4598992911e-14 4.5911696632e-14
3.0706787109e+02 7.0531513113e-14 2.4578213326e-14 4.5953299787e-14
3.0712890625e+02 7.0257887047e-14 2.4464168505e-14 4.5793718542e-14
3.0718994141e+02 7.0250868622e-14 2.4571568308e-14 4.5679300313e-14
3.0725097656e+02 7.0217394953e-14 2.4554102710e-14 4.5663292243e-14
3.0731201172e+02 7.0035828712e-14 2.4434376342e-14 4.5601452370e-14
3.0737304688e+02 7.0061961581e-14 2.4480793502e-14 4.5581168079e-14
3.0743408203e+02 7.0045604469e-14 2.4496456027e-14 4.5549148442e-14
3.0749511719e+02 7.0027612664e-14 2.4478091433e-14 4.5549521231e-14
3.0755615234e+02 7.0030044548e-14 2.4577408032e-14 4.5452636516e-14
3.0761718750e+02 6.9904930296e-14 2.4464431761e-14 4.5440498536e-14
3.0767822266e+02 6.9945377160e-14 2.4412435656e-14 4.5532941504e-14
3.0773925781e+02 7.0123312529e-14 2.4381806988e-14 4.5741505542e-14
3.0780029297e+02 6.9927450389e-14 2.4375884955e-14 4.5551565434e-14
3.0786132812e+02 7.0216791244e-14 2.4470499291e-14 4.5746291952e-14
3.0792236328e+02 6.9723928944e-14 2.4381588475e-14 4.5342340469e-14
3.0798339844e+02 6.9883164443e-14 2.4427685003e-14 4.5455479440e-14
3.0804443359e+02 6.9995470986e-14 2.4462777250e-14 4.5532693736e-14
3.0810546875e+02 6.9801607711e-14 2.4388551320e-14 4.5413056391e-14
3.0816650391e+02 6.9521627538e-14 2.4210911708e-14 4.5310715830e-14
3.0822753906e+02 6.9595560406e-14 2.4279754477e-14 4.5315805929e-14
3.0828857422e+02 6.9586823763e-14 2.4250792773e-14 4.5336030990e-14
3.0834960938e+02 6.9774793663e-14 2.4357448292e-14 4.5417345370e-14
3.0841064453e+02 6.9751913003e-14 2.4305556967e-14 4.5446356036e-14
3.0847167969e+02 6.9616137300e-14 2.4278703561e-14 4.5337433739e-14
3.0853271484e+02 6.9410197059e-14 2.4224086301e-14 4.5186110758e-14
3.0859375000e+02 6.9545757284e-14 2.4201164528e-14 4.5344592756e-14
3.0865478516e+02 6.9663514795e-14 2.4341972296e-14 4.5321542499e-14
3.0871582031e+02 6.9195345380e-14 2.4218079615e-14 4.4977265766e-14
3.0877685547e+02 6.9193437857e-14 2.4183317841e-14 4.5010120015e-14
3.0883789062e+02 6.9356084156e-14 2.4221551933e-14 4.5134532223e-14
3.0889892578e+02 6.9281093831e-14 2.4135265336e-14 4.5145828495e-14
3.0895996094e+02 6.9489505822e-14 2.4272025151e-14 4.5217480670e-14
3.0902099609e+02 6.9460432382e-14 2.4257491112e-14 4.5202941270e-14
3.0908203125e+02 6.9469516528e-14 2.4208196606e-14 4.5261319922e-14
3.0914306641e+02 6.9295047361e-14 2.4167838670e-14 4.5127208691e-14
3.0920410156e+02 6.9306778414e-14 2.4237667782e-14 4.5069110632e-14
3.0926513672e+02 6.9414408227e-14 2.4239863211e-14 4.5174545016e-14
3.0932617188e+02 6.9301630354e-14 2.4240106614e-14 4.5061523740e-14
3.0938720703e+02 6.9206460150e-14 2.4170066485e-14 4.5036393665e-14
3.0944824219e+02 6.9259785171e-14 2.4194872399e-14 4.5064912773e-14
3.0950927734e+02 6.9199426284e-14 2.4216301361e-14 4.4983124923e-14
3.0957031250e+02 6.9175957433e-14 2.4255666428e-14 4.4920291005e-14
3.0963134766e+02 6.9087384525e-14 2.4154280594e-14 4.4933103931e-14
3.0969238281e+02 6.9046981582e-14 2.4083883367e-14 4.4963098215e-14
3.0975341797e+02 6.9018339583e-14 2.4016221209e-14 4.5002118373e-14
3.0981445312e+02 6.9149977411e-14 2.4106863135e-14 4.5043114276e-14
3.0987548828e+02 6.9046569437e-14 2.4057610688e-14 4.4988958749e-14
3.0993652344e+02 6.8587386532e-14 2.3898896664e-14 4.4688489868e-14
3.0999755859e+02 6.8635798398e-14 2.4008065667e-14 4.4627732731e-14
3.1005859375e+02 6.8833569726e-14 2.4071422383e-14 4.4762147342e-14
3.1011962891e+02 6.8745558676e-14 2.4039423132e-14 4.4706135543e-14
3.1018066406e+02 6.8787149261e-14 2.3962886979e-14 4.4824262282e-14
3.1024169922e+02 6.8961550635e-14 2.4000328307e-14 4.4961222328e-14
3.1030273438e+02 6.8668262624e-14 2.3940157136e-14 4.4728105488e-14
3.1036376953e+02 6.8631015939e-14 2.3830610359e-14 4.4800405580e-14
3.1042480469e+02 6.8537668117e-14 2.3903071684e-14 4.4634596432e-14
3.1048583984e+02 6.8509052882e-14 2.3990848570e-14 4.4518204312e-14
3.1054687500e+02 6.8492721511e-14 2.3933013660e-14 4.4559707851e-14
3.1060791016e+02 6.8536240931e-14 2.3947099187e-14 4.4589141745e-14
3.1066894531e+02 6.8561418791e-14 2.3929155774e-14 4.4632263017e-14
3.1072998047e+02 6.8695994812e-14 2.3955321076e-14 4.4740673736e-14
3.1079101562e+02 6.8433519488e-14 2.3893335369e-14 4.4540184118e-14
3.1085205078e+02 6.8470657988e-14 2.3905577303e-14 4.4565080686e-14
3.1091308594e+02 6.8325633856e-14 2.3919672907e-14 4.4405960949e-14
3.1097412109e+02 6.8313656888e-14 2.3918712750e-14 4.4394944138e-14
3.1103515625e+02 6.8375137912e-14 2.3810227266e-14 4.4564910646e-14
3.1109619141e+02 6.8140322663e-14 2.3738298889e-14 4.4402023774e-14
3.1115722656e+02 6.8375698058e-14 2.3799163248e-14 4.4576534811e-14
3.1121826172e+02 6.8369453775e-14 2.3909682245e-14 4.4459771530e-14
3.1127929688e+02 6.8291722835e-14 2.3869341358e-14 4.4422381477e-14
3.1134033203e+02 6.8187070514e-14 2.3798138347e-14 4.4388932167e-14
3.1140136719e+02 6.8254348537e-14 2.3818444314e-14 4.4435904223e-14
3.1146240234e+02 6.8163462351e-14 2.3763245541e-14 4.4400216810e-14
3.1152343750e+02 6.8410107936e-14 2.3906638489e-14 4.4503469448e-14
3.1158447266e+02 6.8145710611e-14 2.3859893045e-14 4.4285817566e-14
3.1164550781e+02 6.8198054715e-14 2.3815421020e-14 4.4382633695e-14
3.1170654297e+02 6.8175955998e-14 2.3793465237e-14 4.4382490761e-14
3.1176757812e+02 6.7896408971e-14 2.3755995545e-14 4.4140413427e-14
3.1182861328e+02 6.8028840089e-14 2.3788792588e-14 4.4240047501e-14
3.1188964844e+02 6.7786401187e-14 2.3761739973e-14 4.4024661214e-14
3.1195068359e+02 6.7727346435e-14 2.3609594414e-14 4.4117752021e-14
3.1201171875e+02 6.7893087298e-14 2.3708996029e-14 4.4184091269e-14
3.1207275391e+02 6.7756111824e-14 2.3702758113e-14 4.4053353711e-14
3.1213378906e+02 6.7672429903e-14 2.3668648388e-14 4.4003781515e-14
3.1219482422e+02 6.7555122279e-14 2.3643579685e-14 4.3911542594e-14
3.1225585938e+02 6.7695132868e-14 2.3697860032e-14 4.3997272837e-14
3.1231689453e+02 6.7596784207e-14 2.3556088269e-14 4.4040695938e-14
3.1237792969e+02 6.7690005115e-14 2.3619743890e-14 4.4070261225e-14
3.1243896484e+02 6.7717149074e-14 2.3646426582e-14 4.4070722493e-14
3.1250000000e+02 6.7850111695e-14 2.3788624240e-14 4.4061487455e-14
3.1256103516e+02 6.7786064476e-14 2.3773422880e-14 4.4012641596e-14
3.1262207031e+02 6.7543348612e-14 2.3665686829e-14 4.3877661783e-14
3.1268310547e+02 6.7496970033e-14 2.3530400591e-14 4.3966569443e-14
3.1274414062e+02 6.7354576864e-14 2.3605281849e-14 4.3749295015e-14
3.1280517578e+02 6.7315106774e-14 2.3490244776e-14 4.3824861997e-14
3.1286621094e+02 6.7401483312e-14 2.3524498837e-14 4.3876984476e-14
3.1292724609e+02 6.7656505477e-14 2.3607592538e-14 4.4048912939e-14
3.1298828125e+02 6.7329537596e-14 2.3507151842e-14 4.3822385754e-14
3.1304931641e+02 6.7026145900e-14 2.3434088150e-14 4.3592057750e-14
3.1311035156e+02 6.7158103722e-14 2.3551848852e-14 4.3606254869e-14
3.1317138672e+02 6.7035538029e-14 2.3461836116e-14 4.3573701914e-14
3.1323242188e+02 6.7106564676e-14 2.3439292357e-14 4.3667272319e-14
3.1329345703e+02 6.7410602048e-14 2.3602155387e-14 4.3808446661e-14
3.1335449219e+02 6.7319249193e-14 2.3561237140e-14 4.3758012053e-14
3.1341552734e+02 6.7276642265e-14 2.3577838822e-14 4.3698803443e-14
3.1347656250e+02 6.7129810552e-14 2.3469070117e-14 4.3660740435e-14
3.1353759766e+02 6.6903521191e-14 2.3438060751e-14 4.3465460440e-14
3.1359863281e+02 6.7119679900e-14 2.3477306862e-14 4.3642373038e-14
3.1365966797e+02 6.7163589585e-14 2.3435649075e-14 4.3727940511e-14
3.1372070312e+02 6.7175196986e-14 2.3481115748e-14 4.3694081237e-14
3.1378173828e+02 6.6999490778e-14 2.3477108877e-14 4.3522381901e-14
3.1384277344e+02 6.6677727215e-14 2.3452009342e-14 4.3225717872e-14
3.1390380859e+02 6.6968283832e-14 2.3472343289e-14 4.3495940544e-14
3.1396484375e+02 6.6782756396e-14 2.3460328303e-14 4.3322428093e-14
3.1402587891e+02 6.6745751575e-14 2.3375791406e-14 4.3369960169e-14
3.1408691406e+02 6.6920179439e-14 2.3311080355e-14 4.3609099084e-14
3.1414794922e+02 6.6982194322e-14 2.3364461855e-14 4.3617732468e-14
3.1420898438e+02 6.6830364220e-14 2.3348811107e-14 4.3481553113e-14
3.1427001953e+02 6.6799056965e-14 2.3379156375e-14 4.3419900590e-14
3.1433105469e+02 6.6954888281e-14 2.3402688983e-14 4.3552199298e-14
3.1439208984e+02 6.6792361330e-14 2.3371598108e-14 4.3420763222e-14
3.1445312500e+02 6.6587829522e-14 2.3342902544e-14 4.3244926977e-14
3.1451416016e+02 6.6658540837e-14 2.3366022337e-14 4.3292518501e-14
3.1457519531e+02 6.6590534537e-14 2.3366626697e-14 4.3223907840e-14
3.1463623047e+02 6.6604923293e-14 2.3298490975e-14 4.3306432319e-14
3.1469726562e+02 6.6456849323e-14 2.3221458439e-14 4.3235390884e-14
3.1475830078e+02 6.6444488993e-14 2.3235282025e-14 4.3209206969e-14
3.1481933594e+02 6.6263471415e-14 2.3256548193e-14 4.3006923222e-14
3.1488037109e+02 6.6340945539e-14 2.3175412505e-14 4.3165533035e-14
3.1494140625e+02 6.6335906818e-14 2.3250399462e-14 4.3085507356e-14
3.1500244141e+02 6.6544302344e-14 2.3440571408e-14 4.3103730936e-14
3.1506347656e+02 6.6192889725e-14 2.3302586200e-14 4.2890303525e-14
3.1512451172e+02 6.6180618521e-14 2.3179930478e-14 4.3000688043e-14
3.1518554688e+02 6.6183862091e-14 2.3130164776e-14 4.3053697314e-14
3.1524658203e+02 6.6358299492e-14 2.3220619106e-14 4.3137680387e-14
3.1530761719e+02 6.6237675657e-14 2.3160067429e-14 4.3077608228e-14
3.1536865234e+02 6.6287400063e-14 2.3149329917e-14 4.3138070147e-14
3.1542968750e+02 6.6413744212e-14 2.3291050597e-14 4.3122693616e-14
3.1549072266e+02 6.6180834908e-14 2.3087716357e-14 4.3093118551e-14
3.1555175781e+02 6.6290830147e-14 2.3174897371e-14 4.3115932776e-14
3.1561279297e+02 6.6125199925e-14 2.3133755968e-14 4.2991443958e-14
3.1567382812e+02 6.6052994584e-14 2.3178764713e-14 4.2874229872e-14
3.1573486328e+02 6.6230128128e-14 2.3173195308e-14 4.3056932821e-14
3.1579589844e+02 6.5999962370e-14 2.3101924887e-14 4.2898037483e-14
3.1585693359e+02 6.5931608124e-14 2.3065905888e-14 4.2865702235e-14
3.1591796875e+02 6.6052047702e-14 2.3030402444e-14 4.3021645259e-14
3.1597900391e+02 6.6038028801e-14 2.3055153428e-14 4.2982875373e-14
3.1604003906e+02 6.5941130627e-14 2.3027674598e-14 4.2913456028e-14
3.1610107422e+02 6.5932681663e-14 2.3079920088e-14 4.2852761575e-14
3.1616210938e+02 6.5895788497e-14 2.3013572033e-14 4.2882216464e-14
3.1622314453e+02 6.5610576670e-14 2.2926054850e-14 4.2684521820e-14
3.1628417969e+02 6.5569808122e-14 2.2991401534e-14 4.2578406588e-14
3.1634521484e+02 6.5809277044e-14 2.2997925669e-14 4.2811351375e-14
3.1640625000e+02 6.5780351139e-14 2.3106892611e-14 4.2673458528e-14
3.1646728516e+02 6.5814108969e-14 2.2980961375e-14 4.2833147594e-14
3.1652832031e+02 6.5753175877e-14 2.2888558346e-14 4.2864617531e-14
3.1658935547e+02 6.5843292941e-14 2.2853471829e-14 4.2989821112e-14
3.1665039062e+02 6.5668465886e-14 2.2880754682e-14 4.2787711203e-14
3.1671142578e+02 6.5730104166e-14 2.2958196272e-14 4.2771907894e-14
3.1677246094e+02 6.5641425045e-14 2.2908002323e-14 4.2733422722e-14
3.1683349609e+02 6.5610895418e-14 2.2878649241e-14 4.2732246176e-14
3.1689453125e+02 6.5411253257e-14 2.2957334640e-14 4.2453918618e-14
3.1695556641e+02 6.5645247457e-14 2.3021122251e-14 4.2624125207e-14
3.1701660156e+02 6.5532517219e-14 2.2971548202e-14 4.2560969017e-14
3.1707763672e+02 6.5501604557e-14 2.2899987697e-14 4.2601616860e-14
3.1713867188e+02 6.5557062415e-14 2.3013240471e-14 4.2543821944e-14
3.1719970703e+02 6.5498329691e-14 2.2900299884e-14 4.2598029807e-14
3.1726074219e+02 6.5567946083e-14 2.2928633428e-14 4.2639312655e-14
3.1732177734e+02 6.5516502541e-14 2.2839695826e-14 4.2676806714e-14
3.1738281250e+02 6.5465156973e-14 2.2820951999e-14 4.2644204975e-14
3.1744384766e+02 6.5209894980e-14 2.2798575454e-14 4.2411319526e-14
3.1750488281e+02 6.5190167108e-14 2.2928486481e-14 4.2261680627e-14
3.1756591797e+02 6.5054836228e-14 2.2706386351e-14 4.2348449877e-14
3.1762695312e+02 6.5406255318e-14 2.2905712682e-14 4.2500542636e-14
3.1768798828e+02 6.5430408439e-14 2.2890575998e-14 4.2539832441e-14
3.1774902344e+02 6.5482197788e-14 2.2773675778e-14 4.2708522010e-14
3.1781005859e+02 6.5385462193e-14 2.2739055538e-14 4.2646406654e-14
3.1787109375e+02 6.5127054786e-14 2.2724186340e-14 4.2402868446e-14
3.1793212891e+02 6.4991306967e-14 2.2598881945e-14 4.2392425022e-14
3.1799316406e+02 6.5104308063e-14 2.2706150082e-14 4.2398157981e-14
3.1805419922e+02 6.5072879836e-14 2.2759868262e-14 4.2313011574e-14
3.1811523438e+02 6.5107270676e-14 2.2799335553e-14 4.2307935123e-14
3.1817626953e+02 6.5018836659e-14 2.2755934134e-14 4.2262902525e-14
3.1823730469e+02 6.5223898090e-14 2.2773443562e-14 4.2450454527e-14
3.1829833984e+02 6.4895927360e-14 2.2691908481e-14 4.2204018879e-14
3.1835937500e+02 6.4841006324e-14 2.2611162798e-14 4.2229843526e-14
3.1842041016e+02 6.4731488651e-14 2.2595322257e-14 4.2136166394e-14
3.1848144531e+02 6.4811730611e-14 2.2660243130e-14 4.2151487481e-14
3.1854248047e+02 6.4683760987e-14 2.2604918124e-14 4.2078842862e-14
3.1860351562e+02 6.4533456615e-14 2.2584913088e-14 4.1948543527e-14
3.1866455078e+02 6.4713637659e-14 2.2696589717e-14 4.2017047942e-14
3.1872558594e+02 6.4708752340e-14 2.2623954291e-14 4.2084798048e-14
3.1878662109e+02 6.4985438035e-14 2.2598346616e-14 4.2387091419e-14
3.1884765625e+02 6.4787638192e-14 2.2615005023e-14 4.2172633169e-14
3.1890869141e+02 6.4768367391e-14 2.2639630978e-14 4.2128736413e-14
3.1896972656e+02 6.4775320205e-14 2.2643947007e-14 4.2131373198e-14
3.1903076172e+02 6.4915796726e-14 2.2687358178e-14 4.2228438548e-14
3.1909179688e+02 6.4727153324e-14 2.2598488279e-14 4.2128665045e-14
3.1915283203e+02 6.4515726452e-14 2.2519660825e-14 4.1996065627e-14
3.1921386719e+02 6.4595122579e-14 2.2567260847e-14 4.2027861732e-14
3.1927490234e+02 6.4469071732e-14 2.2597743861e-14 4.1871327872e-14
3.1933593750e+02 6.4290445614e-14 2.2601839877e-14 4.1688605737e-14
3.1939697266e+02 6.4399336439e-14 2.2565558413e-14 4.1833778026e-14
3.1945800781e+02 6.4406024994e-14 2.2512078849e-14 4.1893946145e-14
3.1951904297e+02 6.4557784348e-14 2.2614534577e-14 4.1943249770e-14
3.1958007812e+02 6.4447067347e-14 2.2537070941e-14 4.1909996406e-14
3.1964111328e+02 6.4365466772e-14 2.2510082361e-14 4.1855384411e-14
3.1970214844e+02 6.4243921200e-14 2.2502932209e-14 4.1740988991e-14
3.1976318359e+02 6.4200421245e-14 2.2537269998e-14 4.1663151247e-14
3.1982421875e+02 6.4251681870e-14 2.2511030681e-14 4.1740651189e-14
3.1988525391e+02 6.4130990934e-14 2.2463947515e-14 4.1667043419e-14
3.1994628906e+02 6.4008521186e-14 2.2428118282e-14 4.1580402904e-14
3.2000732422e+02 6.4156022339e-14 2.2422051760e-14 4.1733970578e-14
3.2006835938e+02 6.4264307893e-14 2.2474516329e-14 4.1789791564e-14
3.2012939453e+02 6.4106599082e-14 2.2441529432e-14 4.1665069650e-14
3.2019042969e+02 6.4156774626e-14 2.2471024668e-14 4.1685749958e-14
3.2025146484e+02 6.3944494694e-14 2.2322391645e-14 4.1622103049e-14
3.2031250000e+02 6.3701889394e-14 2.2283520953e-14 4.1418368441e-14
3.2037353516e+02 6.3852450752e-14 2.2288575489e-14 4.1563875263e-14
3.2043457031e+02 6.4083110234e-14 2.2369501968e-14 4.1713608266e-14
3.2049560547e+02 6.4196197586e-14 2.2404225344e-14 4.1791972241e-14
3.2055664062e+02 6.4094231777e-14 2.2484144947e-14 4.1610086830e-14
3.2061767578e+02 6.4007337474e-14 2.2333179060e-14 4.1674158414e-14
3.2067871094e+02 6.3870654844e-14 2.2260599508e-14 4.1610055336e-14
3.2073974609e+02 6.3833790304e-14 2.2253560009e-14 4.1580230295e-14
3.2080078125e+02 6.3577330135e-14 2.2213611711e-14 4.1363718424e-14
3.2086181641e+02 6.3661003395e-14 2.2193543898e-14 4.1467459497e-14
3.2092285156e+02 6.3660465594e-14 2.2214303557e-14 4.1446162037e-14
3.2098388672e+02 6.3571964829e-14 2.2260691730e-14 4.1311273099e-14
3.2104492188e+02 6.3681834742e-14 2.2273626722e-14 4.1408208019e-14
3.2110595703e+02 6.3650770075e-14 2.2260240963e-14 4.1390529112e-14
3.2116699219e+02 6.3666752496e-14 2.2284407497e-14 4.1382344999e-14
3.2122802734e+02 6.3564353585e-14 2.2107281278e-14 4.1457072307e-14
3.2128906250e+02 6.3663502948e-14 2.2225299304e-14 4.1438203643e-14
3.2135009766e+02 6.3542173820e-14 2.2212195516e-14 4.1329978304e-14
3.2141113281e+02 6.3553417271e-14 2.2211104326e-14 4.1342312946e-14
3.2147216797e+02 6.3467224162e-14 2.2168781762e-14 4.1298442400e-14
3.2153320312e+02 6.3451616012e-14 2.2291387046e-14 4.1160228966e-14
3.2159423828e+02 6.3246775727e-14 2.2177206197e-14 4.1069569530e-14
3.2165527344e+02 6.3425619590e-14 2.2074437801e-14 4.1351181788e-14
3.2171630859e+02 6.3451995121e-14 2.2127337257e-14 4.1324657864e-14
3.2177734375e+02 6.3238955257e-14 2.2065019388e-14 4.1173935869e-14
3.2183837891e+02 6.3269010092e-14 2.2112700268e-14 4.1156309824e-14
3.2189941406e+02 6.3538599632e-14 2.2137019431e-14 4.1401580201e-14
3.2196044922e+02 6.3266746835e-14 2.2132577469e-14 4.1134169366e-14
3.2202148438e+02 6.3058602181e-14 2.2085158476e-14 4.0973443704e-14
3.2208251953e+02 6.3091377435e-14 2.1989144119e-14 4.1102233316e-14
3.2214355469e+02 6.3201864214e-14 2.2151954967e-14 4.1049909246e-14
3.2220458984e+02 6.3109570695e-14 2.2134908744e-14 4.0974661952e-14
3.2226562500e+02 6.3315735782e-14 2.2115336927e-14 4.1200398856e-14
3.2232666016e+02 6.3255700739e-14 2.2058746345e-14 4.1196954394e-14
3.2238769531e+02 6.3024260695e-14 2.1982129407e-14 4.1042131288e-14
3.2244873047e+02 6.3101440926e-14 2.2071218184e-14 4.1030222742e-14
3.2250976562e+02 6.3196253851e-14 2.2095039148e-14 4.1101214702e-14
3.2257080078e+02 6.3009820612e-14 2.2101018513e-14 4.0908802099e-14
3.2263183594e+02 6.3002920501e-14 2.2119762655e-14 4.0883157847e-14
3.2269287109e+02 6.2969427875e-14 2.2093403023e-14 4.0876024853e-14
3.2275390625e+02 6.2769738057e-14 2.1992929388e-14 4.0776808669e-14
3.2281494141e+02 6.2789481287e-14 2.1931019672e-14 4.0858461615e-14
3.2287597656e+02 6.2902187808e-14 2.1977314028e-14 4.0924873780e-14
3.2293701172e+02 6.2838788785e-14 2.1995988364e-14 4.0842800421e-14
3.2299804688e+02 6.2808351440e-14 2.2059439528e-14 4.0748911912e-14
3.2305908203e+02 6.2816237724e-14 2.1954501545e-14 4.0861736179e-14
3.2312011719e+02 6.2765190576e-14 2.1957503793e-14 4.0807686784e-14
3.2318115234e+02 6.2577652133e-14 2.1823463652e-14 4.0754188480e-14
3.2324218750e+02 6.2671703697e-14 2.2034779964e-14 4.0636923733e-14
3.2330322266e+02 6.2549692579e-14 2.1994255409e-14 4.0555437169e-14
3.2336425781e+02 6.2421153687e-14 2.1923274272e-14 4.0497879415e-14
3.2342529297e+02 6.2363298280e-14 2.1946235023e-14 4.0417063257e-14
3.2348632812e+02 6.2565028834e-14 2.1931722390e-14 4.0633306444e-14
3.2354736328e+02 6.2324197633e-14 2.1771681431e-14 4.0552516202e-14
3.2360839844e+02 6.2458402204e-14 2.1808392468e-14 4.0650009736e-14
3.2366943359e+02 6.2353507106e-14 2.1750872733e-14 4.0602634373e-14
3.2373046875e+02 6.2343750959e-14 2.1809876766e-14 4.0533874193e-14
3.2379150391e+02 6.2234884275e-14 2.1769785818e-14 4.0465098457e-14
3.2385253906e+02 6.2084756376e-14 2.1761337765e-14 4.0323418612e-14
3.2391357422e+02 6.2109888603e-14 2.1804600563e-14 4.0305288040e-14
3.2397460938e+02 6.2252029667e-14 2.1826618702e-14 4.0425410965e-14
3.2403564453e+02 6.2087025966e-14 2.1633149387e-14 4.0453876579e-14
3.2409667969e+02 6.2469873159e-14 2.1837537522e-14 4.0632335636e-14
3.2415771484e+02 6.2227267776e-14 2.1774280800e-14 4.0452986977e-14
3.2421875000e+02 6.1919219486e-14 2.1721303285e-14 4.0197916201e-14
3.2427978516e+02 6.2044815175e-14 2.1661594578e-14 4.0383220597e-14
3.2434082031e+02 6.1902110247e-14 2.1651684763e-14 4.0250425484e-14
3.2440185547e+02 6.1984327470e-14 2.1625642517e-14 4.0358684953e-14
3.2446289062e+02 6.2175724456e-14 2.1752647927e-14 4.0423076530e-14
3.2452392578e+02 6.2019644721e-14 2.1714062488e-14 4.0305582233e-14
3.2458496094e+02 6.2027117771e-14 2.1683192831e-14 4.0343924940e-14
3.2464599609e+02 6.2039471912e-14 2.1787766170e-14 4.0251705743e-14
3.2470703125e+02 6.2008687610e-14 2.1682348063e-14 4.0326339547e-14
3.2476806641e+02 6.2011742327e-14 2.1676251174e-14 4.0335491153e-14
3.2482910156e+02 6.2037784032e-14 2.1714773418e-14 4.0323010614e-14
3.2489013672e+02 6.1879979162e-14 2.1687940466e-14 4.0192038696e-14
3.2495117188e+02 6.1590374599e-14 2.1557629893e-14 4.0032744706e-14
3.2501220703e+02 6.1621408907e-14 2.1642948305e-14 3.9978460601e-14
3.2507324219e+02 6.1638149763e-14 2.1685746704e-14 3.9952403058e-14
3.2513427734e+02 6.1612458058e-14 2.1582970764e-14 4.0029487293e-14
3.2519531250e+02 6.1750348000e-14 2.1658312492e-14 4.0092035508e-14
3.2525634766e+02 6.1765528221e-14 2.1494644225e-14 4.0270883996e-14
3.2531738281e+02 6.1753898997e-14 2.1524297844e-14 4.0229601152e-14
3.2537841797e+02 6.1575327463e-14 2.1436550485e-14 4.0138776978e-14
3.2543945312e+02 6.1447786435e-14 2.1550146767e-14 3.9897639668e-14
3.2550048828e+02 6.1389286256e-14 2.1494855563e-14 3.9894430694e-14
3.2556152344e+02 6.1350000368e-14 2.1497334262e-14 3.9852666106e-14
3.2562255859e+02 6.1426469399e-14 2.1517647386e-14 3.9908822013e-14
3.2568359375e+02 6.1419867495e-14 2.1573869517e-14 3.9845997978e-14
3.2574462891e+02 6.1600519504e-14 2.1538000264e-14 4.0062519240e-14
3.2580566406e+02 6.1284514278e-14 2.1403118922e-14 3.9881395356e-14
3.2586669922e+02 6.1269412046e-14 2.1383057502e-14 3.9886354544e-14
3.2592773438e+02 6.1452714555e-14 2.1520070488e-14 3.9932644067e-14
3.2598876953e+02 6.1466737949e-14 2.1453096716e-14 4.0013641234e-14
3.2604980469e+02 6.1291580990e-14 2.1384271307e-14 3.9907309683e-14
3.2611083984e+02 6.1286095926e-14 2.1387912795e-14 3.9898183132e-14
3.2617187500e+02 6.1270733309e-14 2.1353199957e-14 3.9917533352e-14
3.2623291016e+02 6.1109703157e-14 2.1366263633e-14 3.9743439523e-14
3.2629394531e+02 6.0947969111e-14 2.1379612454e-14 3.9568356658e-14
3.2635498047e+02 6.0860157181e-14 2.1290471539e-14 3.9569685642e-14
3.2641601562e+02 6.1072565348e-14 2.1279723294e-14 3.9792842054e-14
3.2647705078e+02 6.1118216701e-14 2.1313562301e-14 3.9804654399e-14
3.2653808594e+02 6.1146573751e-14 2.1411565841e-14 3.9735007911e-14
3.2659912109e+02 6.1081979378e-14 2.1334394063e-14 3.9747585315e-14
3.2666015625e+02 6.0925968762e-14 2.1288395432e-14 3.9637573330e-14
3.2672119141e+02 6.1010340360e-14 2.1440978105e-14 3.9569362255e-14
3.2678222656e+02 6.0742672752e-14 2.1288081157e-14 3.9454591595e-14
3.2684326172e+02 6.0863415179e-14 2.1345607208e-14 3.9517807971e-14
3.2690429688e+02 6.0881363988e-14 2.1267029310e-14 3.9614334678e-14
3.2696533203e+02 6.0906273030e-14 2.1278785214e-14 3.9627487816e-14
3.2702636719e+02 6.0872731015e-14 2.1352349749e-14 3.9520381266e-14
3.2708740234e+02 6.0801187689e-14 2.1309426213e-14 3.9491761476e-14
3.2714843750e+02 6.0822456330e-14 2.1381157832e-14 3.9441298498e-14
3.2720947266e+02 6.0687800081e-14 2.1245804442e-14 3.9441995639e-14
3.2727050781e+02 6.0734836547e-14 2.1312116555e-14 3.9422719992e-14
3.2733154297e+02 6.0604697929e-14 2.1150248492e-14 3.9454449437e-14
3.2739257812e+02 6.0776384966e-14 2.1298168741e-14 3.9478216225e-14
3.2745361328e+02 6.0853366529e-14 2.1272667186e-14 3.9580699343e-14
3.2751464844e+02 6.0754756323e-14 2.1248026168e-14 3.9506730154e-14
3.2757568359e+02 6.0573391885e-14 2.1183224985e-14 3.9390166900e-14
3.2763671875e+02 6.0547931345e-14 2.1201019075e-14 3.9346912271e-14
3.2769775391e+02 6.0429532700e-14 2.1124034597e-14 3.9305498103e-14
3.2775878906e+02 6.0470730516e-14 2.1175745499e-14 3.9294985018e-14
3.2781982422e+02 6.0370301507e-14 2.1106538889e-14 3.9263762618e-14
3.2788085938e+02 6.0223744259e-14 2.1058141191e-14 3.9165603068e-14
3.2794189453e+02 6.0318452610e-14 2.1068375806e-14 3.9250076805e-14
3.2800292969e+02 6.0346724541e-14 2.1095372325e-14 3.9251352215e-14
3.2806396484e+02 6.0311495458e-14 2.1086541047e-14 3.9224954411e-14
3.2812500000e+02 6.0330231178e-14 2.1004885987e-14 3.9325345191e-14
3.2818603516e+02 6.0490432598e-14 2.1111670785e-14 3.9378761813e-14
3.2824707031e+02 6.0318836230e-14 2.1041598902e-14 3.9277237327e-14
3.2830810547e+02 6.0424386274e-14 2.1123297444e-14 3.9301088830e-14
3.2836914062e+02 6.0222267928e-14 2.1052717653e-14 3.9169550275e-14
3.2843017578e+02 5.9940856381e-14 2.1024217352e-14 3.8916639029e-14
3.2849121094e+02 5.9984893659e-14 2.1067716288e-14 3.8917177371e-14
3.2855224609e+02 5.9871819848e-14 2.1039706904e-14 3.8832112944e-14
3.2861328125e+02 6.0118245365e-14 2.1049965345e-14 3.9068280020e-14
3.2867431641e+02 5.9955357938e-14 2.1056598303e-14 3.8898759636e-14
3.2873535156e+02 6.0149804509e-14 2.1055032678e-14 3.9094771831e-14
3.2879638672e+02 5.9947769657e-14 2.0945482323e-14 3.9002287334e-14
3.2885742188e+02 5.9884992474e-14 2.0852768322e-14 3.9032224152e-14
3.2891845703e+02 5.9759611496e-14 2.0748655212e-14 3.9010956284e-14
3.2897949219e+02 5.9688377610e-14 2.0877665657e-14 3.8810711953e-14
3.2904052734e+02 5.9697474529e-14 2.0892676792e-14 3.8804797737e-14
3.2910156250e+02 5.9573334696e-14 2.0872725927e-14 3.8700608769e-14
3.2916259766e+02 5.9855933219e-14 2.0922993578e-14 3.8932939641e-14
3.2922363281e+02 5.9823140280e-14 2.0910734629e-14 3.8912405651e-14
3.2928466797e+02 5.9870864511e-14 2.0912922767e-14 3.8957941744e-14
3.2934570312e+02 5.9939670798e-14 2.0956737485e-14 3.8982933313e-14
3.2940673828e+02 5.9944816805e-14 2.0853050054e-14 3.9091766751e-14
3.2946777344e+02 5.9585254128e-14 2.0773799973e-14 3.8811454156e-14
3.2952880859e+02 5.9486550588e-14 2.0788091045e-14 3.8698459543e-14
3.2958984375e+02 5.9524489775e-14 2.0704844935e-14 3.8819644840e-14
3.2965087891e+02 5.9292522055e-14 2.0741232271e-14 3.8551289785e-14
3.2971191406e+02 5.9297552952e-14 2.0877527397e-14 3.8420025555e-14
3.2977294922e+02 5.9468718328e-14 2.0810104375e-14 3.8658613953e-14
3.2983398438e+02 5.9371569868e-14 2.0738153225e-14 3.8633416642e-14
3.2989501953e+02 5.9330818584e-14 2.0773451960e-14 3.8557366624e-14
3.2995605469e+02 5.9345604738e-14 2.0825978674e-14 3.8519626063e-14
3.3001708984e+02 5.9514765565e-14 2.0902697970e-14 3.8612067596e-14
3.3007812500e+02 5.9320124439e-14 2.0893699379e-14 3.8426425060e-14
3.3013916016e+02 5.9200508656e-14 2.0756636870e-14 3.8443871786e-14
3.3020019531e+02 5.9112292737e-14 2.0767082737e-14 3.8345210000e-14
3.3026123047e+02 5.9056762792e-14 2.0765640730e-14 3.8291122061e-14
3.3032226562e+02 5.8828424450e-14 2.0684787251e-14 3.8143637199e-14
3.3038330078e+02 5.9140313290e-14 2.0771452467e-14 3.8368860823e-14
3.3044433594e+02 5.9152031915e-14 2.0776161551e-14 3.8375870364e-14
3.3050537109e+02 5.9132332013e-14 2.0744797128e-14 3.8387534885e-14
3.3056640625e+02 5.9205440682e-14 2.0759813860e-14 3.8445626821e-14
3.3062744141e+02 5.9050275932e-14 2.0588177668e-14 3.8462098264e-14
3.3068847656e+02 5.8812386437e-14 2.0633298218e-14 3.8179088219e-14
3.3074951172e+02 5.9054296262e-14 2.0745567472e-14 3.8308728791e-14
3.3081054688e+02 5.8944746676e-14 2.0700616795e-14 3.8244129881e-14
3.3087158203e+02 5.8794373640e-14 2.0629967629e-14 3.8164406010e-14
3.3093261719e+02 5.8622267552e-14 2.0568485544e-14 3.8053782008e-14
3.3099365234e+02 5.8849257647e-14 2.0526833592e-14 3.8322424055e-14
3.3105468750e+02 5.8832784585e-14 2.0575489693e-14 3.8257294892e-14
3.3111572266e+02 5.8702215165e-14 2.0570089028e-14 3.8132126137e-14
3.3117675781e+02 5.8675745183e-14 2.0526213852e-14 3.8149531331e-14
3.3123779297e+02 5.8603763232e-14 2.0533494515e-14 3.8070268716e-14
3.3129882812e+02 5.8405185842e-14 2.0519830551e-14 3.7885355291e-14
3.3135986328e+02 5.8384254580e-14 2.0469416031e-14 3.7914838550e-14
3.3142089844e+02 5.8403925813e-14 2.0518476177e-14 3.7885449635e-14
3.3148193359e+02 5.8337802537e-14 2.0420105937e-14 3.7917696600e-14
3.3154296875e+02 5.8518802189e-14 2.0466725408e-14 3.8052076781e-14
3.3160400391e+02 5.8719030646e-14 2.0528213575e-14 3.8190817071e-14
3.3166503906e+02 5.8430107961e-14 2.0423321301e-14 3.8006786659e-14
3.3172607422e+02 5.8464012536e-14 2.0499308547e-14 3.7964703989e-14
3.3178710938e+02 5.8356366399e-14 2.0461857528e-14 3.7894508872e-14
3.3184814453e+02 5.8413398310e-14 2.0591375850e-14 3.7822022461e-14
3.3190917969e+02 5.8189753824e-14 2.0455875329e-14 3.7733878495e-14
3.3197021484e+02 5.8252690301e-14 2.0474957097e-14 3.7777733204e-14
3.3203125000e+02 5.8345097685e-14 2.0480590586e-14 3.7864507100e-14
3.3209228516e+02 5.8283644615e-14 2.0429405231e-14 3.7854239385e-14
3.3215332031e+02 5.8170105615e-14 2.0345803826e-14 3.7824301789e-14
3.3221435547e+02 5.8006133368e-14 2.0317702290e-14 3.7688431079e-14
3.3227539062e+02 5.8123102238e-14 2.0307586481e-14 3.7815515757e-14
3.3233642578e+02 5.8026357243e-14 2.0386360145e-14 3.7639997098e-14
3.3239746094e+02 5.8033608048e-14 2.0326695057e-14 3.7706912991e-14
3.3245849609e+02 5.7936651444e-14 2.0381806798e-14 3.7554844646e-14
3.3251953125e+02 5.7770100205e-14 2.0353510048e-14 3.7416590157e-14
3.3258056641e+02 5.7784331163e-14 2.0282142184e-14 3.7502188980e-14
3.3264160156e+02 5.7792455265e-14 2.0284752133e-14 3.7507703132e-14
3.3270263672e+02 5.7933229043e-14 2.0300000816e-14 3.7633228226e-14
3.3276367188e+02 5.7813012974e-14 2.0164682953e-14 3.7648330022e-14
3.3282470703e+02 5.8008659744e-14 2.0237225986e-14 3.7771433758e-14
3.3288574219e+02 5.8144715380e-14 2.0360186539e-14 3.7784528841e-14
3.3294677734e+02 5.7717463692e-14 2.0193030305e-14 3.7524433387e-14
3.3300781250e+02 5.7579427866e-14 2.0248925241e-14 3.7330502626e-14
3.3306884766e+02 5.7488103740e-14 2.0173696677e-14 3.7314407063e-14
3.3312988281e+02 5.7512663187e-14 2.0237074676e-14 3.7275588512e-14
3.3319091797e+02 5.7624715949e-14 2.0176388685e-14 3.7448327264e-14
3.3325195312e+02 5.7543378018e-14 2.0164482775e-14 3.7378895243e-14
3.3331298828e+02 5.7419741076e-14 2.0137847410e-14 3.7281893666e-14
3.3337402344e+02 5.7646312645e-14 2.0197329547e-14 3.7448983098e-14
3.3343505859e+02 5.7689566784e-14 2.0259947325e-14 3.7429619459e-14
3.3349609375e+02 5.7461201743e-14 2.0134280580e-14 3.7326921163e-14
3.3355712891e+02 5.7313335774e-14 2.0145809290e-14 3.7167526484e-14
3.3361816406e+02 5.7311356680e-14 2.0169066554e-14 3.7142290125e-14
3.3367919922e+02 5.7268662060e-14 2.0102530214e-14 3.7166131846e-14
3.3374023438e+02 5.7057529537e-14 1.9991012557e-14 3.7066516980e-14
3.3380126953e+02 5.7258562322e-14 2.0073265175e-14 3.7185297148e-14
3.3386230469e+02 5.7432009622e-14 2.0081871626e-14 3.7350137996e-14
3.3392333984e+02 5.7322271058e-14 2.0070275094e-14 3.7251995964e-14
3.3398437500e+02 5.7407077310e-14 2.0161728541e-14 3.7245348769e-14
3.3404541016e+02 5.7289265027e-14 2.0170458895e-14 3.7118806132e-14
3.3410644531e+02 5.7054207046e-14 2.0035952875e-14 3.7018254170e-14
3.3416748047e+02 5.7001636286e-14 2.0023007500e-14 3.6978628786e-14
3.3422851562e+02 5.7151006467e-14 2.0086445386e-14 3.7064561081e-14
3.3428955078e+02 5.7161838939e-14 1.9932010887e-14 3.7229828052e-14
3.3435058594e+02 5.7257531462e-14 1.9985909543e-14 3.7271621919e-14
3.3441162109e+02 5.7132431370e-14 1.9943580576e-14 3.7188850794e-14
3.3447265625e+02 5.7113415098e-14 2.0041629398e-14 3.7071785701e-14
3.3453369141e+02 5.6984033631e-14 2.0096953857e-14 3.6887079774e-14
3.3459472656e+02 5.6863183564e-14 1.9938106550e-14 3.6925077014e-14
3.3465576172e+02 5.6964703139e-14 1.9907266508e-14 3.7057436632e-14
3.3471679688e+02 5.7014847142e-14 1.9903697319e-14 3.7111149823e-14
3.3477783203e+02 5.6827227913e-14 1.9910605982e-14 3.6916621931e-14
3.3483886719e+02 5.6730726070e-14 1.9930953634e-14 3.6799772436e-14
3.3489990234e+02 5.6681410130e-14 1.9963754123e-14 3.6717656006e-14
3.3496093750e+02 5.6687988737e-14 1.9944663391e-14 3.6743325346e-14
3.3502197266e+02 5.6389357279e-14 1.9888612924e-14 3.6500744356e-14
3.3508300781e+02 5.6647300743e-14 1.9851087611e-14 3.6796213132e-14
3.3514404297e+02 5.6794426664e-14 1.9858247079e-14 3.6936179584e-14
3.3520507812e+02 5.6755468961e-14 1.9850715331e-14 3.6904753630e-14
3.3526611328e+02 5.6737344010e-14 1.9877320277e-14 3.6860023734e-14
3.3532714844e+02 5.6344165740e-14 1.9810499324e-14 3.6533666415e-14
3.3538818359e+02 5.6228388388e-14 1.9772653653e-14 3.6455734734e-14
3.3544921875e+02 5.6347512521e-14 1.9787672357e-14 3.6559840163e-14
3.3551025391e+02 5.6520600243e-14 1.9728529769e-14 3.6792070474e-14
3.3557128906e+02 5.6613878331e-14 1.9665145173e-14 3.6948733158e-14
3.3563232422e+02 5.6395098846e-14 1.9657210504e-14 3.6737888341e-14
3.3569335938e+02 5.6328006708e-14 1.9723478856e-14 3.6604527852e-14
3.3575439453e+02 5.6162374903e-14 1.9688697152e-14 3.6473677751e-14
3.3581542969e+02 5.6178076910e-14 1.9694397952e-14 3.6483678958e-14
3.3587646484e+02 5.6337398216e-14 1.9769788523e-14 3.6567609693e-14
3.3593750000e+02 5.6287743578e-14 1.9737757488e-14 3.6549986090e-14
3.3599853516e+02 5.6198601534e-14 1.9682096076e-14 3.6516505458e-14
3.3605957031e+02 5.6141748778e-14 1.9645451659e-14 3.6496297118e-14
3.3612060547e+02 5.6234741987e-14 1.9769887439e-14 3.6464854548e-14
3.3618164062e+02 5.6111100235e-14 1.9791741110e-14 3.6319359125e-14
3.3624267578e+02 5.6178871328e-14 1.9726402100e-14 3.6452469228e-14
3.3630371094e+02 5.6263797332e-14 1.9726700086e-14 3.6537097246e-14
3.3636474609e+02 5.6150377123e-14 1.9703066821e-14 3.6447310302e-14
3.3642578125e+02 5.6066120986e-14 1.9748858959e-14 3.6317262027e-14
3.3648681641e+02 5.6046144925e-14 1.9659848117e-14 3.6386296808e-14
3.3654785156e+02 5.5970318010e-14 1.9605240669e-14 3.6365077341e-14
3.3660888672e+02 5.5850925826e-14 1.9589736546e-14 3.6261189280e-14
3.3666992188e+02 5.5887696469e-14 1.9590235540e-14 3.6297460929e-14
3.3673095703e+02 5.5815142793e-14 1.9505290745e-14 3.6309852047e-14
3.3679199219e+02 5.5907199372e-14 1.9597521262e-14 3.6309678109e-14
3.3685302734e+02 5.5802990997e-14 1.9556511868e-14 3.6246479130e-14
3.3691406250e+02 5.5861409600e-14 1.9540170954e-14 3.6321238645e-14
3.3697509766e+02 5.5668522803e-14 1.9495384235e-14 3.6173138568e-14
3.3703613281e+02 5.5625658454e-14 1.9622950529e-14 3.6002707924e-14
3.3709716797e+02 5.5603275287e-14 1.9592150693e-14 3.6011124594e-14
3.3715820312e+02 5.5596787192e-14 1.9541072440e-14 3.6055714752e-14
3.3721923828e+02 5.5741222932e-14 1.9504015998e-14 3.6237206935e-14
3.3728027344e+02 5.5742287073e-14 1.9506881793e-14 3.6235405280e-14
3.3734130859e+02 5.5808429743e-14 1.9566299037e-14 3.6242130707e-14
3.3740234375e+02 5.5624815342e-14 1.9549827449e-14 3.6074987894e-14
3.3746337891e+02 5.5437121558e-14 1.9470973979e-14 3.5966147579e-14
3.3752441406e+02 5.5450961615e-14 1.9464168930e-14 3.5986792685e-14
3.3758544922e+02 5.5211360885e-14 1.9462459844e-14 3.5748901040e-14
3.3764648438e+02 5.5308363060e-14 1.9436915854e-14 3.5871447206e-14
3.3770751953e+02 5.5558521778e-14 1.9509428617e-14 3.6049093161e-14
3.3776855469e+02 5.5628173725e-14 1.9498346850e-14 3.6129826875e-14
3.3782958984e+02 5.5389168263e-14 1.9428863392e-14 3.5960304871e-14
3.3789062500e+02 5.5443630956e-14 1.9444068110e-14 3.5999562846e-14
3.3795166016e+02 5.5233775077e-14 1.9424141446e-14 3.5809633631e-14
3.3801269531e+02 5.5285449234e-14 1.9415816617e-14 3.5869632617e-14
3.3807373047e+02 5.5182358531e-14 1.9395037266e-14 3.5787321265e-14
3.3813476562e+02 5.5344767221e-14 1.9362076604e-14 3.5982690617e-14
3.3819580078e+02 5.5186753258e-14 1.9326198180e-14 3.5860555079e-14
3.3825683594e+02 5.5026107777e-14 1.9337442636e-14 3.5688665141e-14
3.3831787109e+02 5.5117688981e-14 1.9312725741e-14 3.5804963241e-14
3.3837890625e+02 5.4943669216e-14 1.9209124494e-14 3.5734544723e-14
3.3843994141e+02 5.4850773160e-14 1.9162566099e-14 3.5688207061e-14
3.3850097656e+02 5.5074965301e-14 1.9318353192e-14 3.5756612109e-14
3.3856201172e+02 5.5062656888e-14 1.9372460534e-14 3.5690196354e-14
3.3862304688e+02 5.5006205350e-14 1.9308411974e-14 3.5697793375e-14
3.3868408203e+02 5.4845815328e-14 1.9215350834e-14 3.5630464493e-14
3.3874511719e+02 5.4765747976e-14 1.9202978558e-14 3.5562769418e-14
3.3880615234e+02 5.4577850032e-14 1.9160616853e-14 3.5417233179e-14
3.3886718750e+02 5.4627030784e-14 1.9199293546e-14 3.5427737238e-14
3.3892822266e+02 5.4738033058e-14 1.9263525846e-14 3.5474507212e-14
3.3898925781e+02 5.4840278858e-14 1.9214230474e-14 3.5626048384e-14
3.3905029297e+02 5.4602631746e-14 1.9140886382e-14 3.5461745364e-14
3.3911132812e+02 5.4778393628e-14 1.9199963535e-14 3.5578430093e-14
3.3917236328e+02 5.4664246451e-14 1.9169152016e-14 3.5495094435e-14
3.3923339844e+02 5.4571796712e-14 1.9103673862e-14 3.5468122850e-14
3.3929443359e+02 5.4528027362e-14 1.9179528906e-14 3.5348498455e-14
3.3935546875e+02 5.4561480814e-14 1.9182781457e-14 3.5378699357e-14
3.3941650391e+02 5.4544034203e-14 1.9200966108e-14 3.5343068095e-14
3.3947753906e+02 5.4568810469e-14 1.9230258490e-14 3.5338551979e-14
3.3953857422e+02 5.4431805086e-14 1.9159605018e-14 3.5272200068e-14
3.3959960938e+02 5.4477275163e-14 1.9133919739e-14 3.5343355423e-14
3.3966064453e+02 5.4592988807e-14 1.9192324728e-14 3.5400664079e-14
3.3972167969e+02 5.4528377300e-14 1.9159206439e-14 3.5369170861e-14
3.3978271484e+02 5.4284067377e-14 1.9102725413e-14 3.5181341965e-14
3.3984375000e+02 5.4225114650e-14 1.9126833068e-14 3.5098281583e-14
3.3990478516e+02 5.4181201472e-14 1.9075304631e-14 3.5105896841e-14
3.3996582031e+02 5.4222271335e-14 1.9095858013e-14 3.5126413323e-14
3.4002685547e+02 5.4100990985e-14 1.9087119669e-14 3.5013871317e-14
3.4008789062e+02 5.4020066492e-14 1.8989835391e-14 3.5030231101e-14
3.4014892578e+02 5.4321009481e-14 1.9051050201e-14 3.5269959281e-14
3.4020996094e+02 5.4203821213e-14 1.8925257965e-14 3.5278563248e-14
3.4027099609e+02 5.4131292335e-14 1.8928061968e-14 3.5203230368e-14
3.4033203125e+02 5.4146636669e-14 1.8996958278e-14 3.5149678392e-14
3.4039306641e+02 5.4298820054e-14 1.9123678036e-14 3.5175142018e-14
3.4045410156e+02 5.3939970837e-14 1.8970830194e-14 3.4969140644e-14
3.4051513672e+02 5.3935222981e-14 1.8931771838e-14 3.5003451143e-14
3.4057617188e+02 5.3930628106e-14 1.8917811271e-14 3.5012816835e-14
3.4063720703e+02 5.3814590395e-14 1.8937581985e-14 3.4877008410e-14
3.4069824219e+02 5.3663731639e-14 1.8918982860e-14 3.4744748779e-14
3.4075927734e+02 5.3936741619e-14 1.8935532864e-14 3.5001208755e-14
3.4082031250e+02 5.3941730760e-14 1.8961115432e-14 3.4980615328e-14
3.4088134766e+02 5.3952128634e-14 1.8901889219e-14 3.5050239415e-14
3.4094238281e+02 5.3946466446e-14 1.8904295246e-14 3.5042171200e-14
3.4100341797e+02 5.3801391317e-14 1.8907625754e-14 3.4893765563e-14
3.4106445312e+02 5.3817703337e-14 1.8887708398e-14 3.4929994938e-14
3.4112548828e+02 5.3709385506e-14 1.8933169396e-14 3.4776216110e-14
3.4118652344e+02 5.3539424118e-14 1.8830756133e-14 3.4708667986e-14
3.4124755859e+02 5.3484174154e-14 1.8806066582e-14 3.4678107572e-14
3.4130859375e+02 5.3666985790e-14 1.8774764865e-14 3.4892220924e-14
3.4136962891e+02 5.3688014337e-14 1.8871791045e-14 3.4816223292e-14
3.4143066406e+02 5.3812026196e-14 1.8852724734e-14 3.4959301462e-14
3.4149169922e+02 5.3701145875e-14 1.8811942077e-14 3.4889203798e-14
3.4155273438e+02 5.3543416492e-14 1.8807877637e-14 3.4735538855e-14
3.4161376953e+02 5.3473018620e-14 1.8808693707e-14 3.4664324913e-14
3.4167480469e+02 5.3230321410e-14 1.8788523579e-14 3.4441797831e-14
3.4173583984e+02 5.3101675877e-14 1.8706852667e-14 3.4394823210e-14
3.4179687500e+02 5.3169737581e-14 1.8673349134e-14 3.4496388447e-14
3.4185791016e+02 5.3161642757e-14 1.8742890462e-14 3.4418752295e-14
3.4191894531e+02 5.3161130833e-14 1.8744552934e-14 3.4416577899e-14
3.4197998047e+02 5.3171634282e-14 1.8651802762e-14 3.4519831520e-14
3.4204101562e+02 5.3257918322e-14 1.8690745561e-14 3.4567172761e-14
3.4210205078e+02 5.3206111078e-14 1.8672939269e-14 3.4533171809e-14
3.4216308594e+02 5.3310414229e-14 1.8643893440e-14 3.4666520790e-14
3.4222412109e+02 5.3335306530e-14 1.8691515009e-14 3.4643791521e-14
3.4228515625e+02 5.3246756848e-14 1.8679552897e-14 3.4567203951e-14
3.4234619141e+02 5.2975249527e-14 1.8577905782e-14 3.4397343745e-14
3.4240722656e+02 5.2997342408e-14 1.8631096881e-14 3.4366245527e-14
3.4246826172e+02 5.2967173840e-14 1.8569288707e-14 3.4397885133e-14
3.4252929688e+02 5.2889861063e-14 1.8581082099e-14 3.4308778963e-14
3.4259033203e+02 5.2935612899e-14 1.8520282577e-14 3.4415330322e-14
3.4265136719e+02 5.3020661475e-14 1.8567177191e-14 3.4453484284e-14
3.4271240234e+02 5.2879363159e-14 1.8522632102e-14 3.4356731057e-14
3.4277343750e+02 5.2857468232e-14 1.8464348364e-14 3.4393119868e-14
3.4283447266e+02 5.2958125273e-14 1.8562317519e-14 3.4395807755e-14
3.4289550781e+02 5.2793155592e-14 1.8552010056e-14 3.4241145537e-14
3.4295654297e+02 5.2650930695e-14 1.8525656563e-14 3.4125274131e-14
3.4301757812e+02 5.2589575500e-14 1.8554472849e-14 3.4035102651e-14
3.4307861328e+02 5.2565145721e-14 1.8575650829e-14 3.3989494891e-14
3.4313964844e+02 5.2510163264e-14 1.8589408658e-14 3.3920754606e-14
3.4320068359e+02 5.2629454327e-14 1.8642751563e-14 3.3986702764e-14
3.4326171875e+02 5.2760387726e-14 1.8567008593e-14 3.4193379133e-14
3.4332275391e+02 5.2705549934e-14 1.8415263620e-14 3.4290286313e-14
3.4338378906e+02 5.2772435104e-14 1.8497462465e-14 3.4274972639e-14
3.4344482422e+02 5.2942322224e-14 1.8586604913e-14 3.4355717311e-14
3.4350585938e+02 5.2674125722e-14 1.8370258497e-14 3.4303867225e-14
3.4356689453e+02 5.2497357494e-14 1.8420978580e-14 3.4076378914e-14
3.4362792969e+02 5.2363073082e-14 1.8365425719e-14 3.3997647363e-14
3.4368896484e+02 5.2328187882e-14 1.8307736555e-14 3.4020451327e-14
3.4375000000e+02 5.2355383762e-14 1.8308507456e-14 3.4046876306e-14
3.4381103516e+02 5.2318623626e-14 1.8397206483e-14 3.3921417143e-14
3.4387207031e+02 5.2370944544e-14 1.8400872886e-14 3.3970071658e-14
3.4393310547e+02 5.2225002446e-14 1.8328942415e-14 3.3896060031e-14
3.4399414062e+02 5.2176850278e-14 1.8282240777e-14 3.3894609500e-14
3.4405517578e+02 5.2398822540e-14 1.8352844404e-14 3.4045978136e-14
3.4411621094e+02 5.2212445713e-14 1.8294527864e-14 3.3917917849e-14
3.4417724609e+02 5.2289217485e-14 1.8332241968e-14 3.3956975517e-14
3.4423828125e+02 5.2322123161e-14 1.8337839634e-14 3.3984283527e-14
3.4429931641e+02 5.2237858475e-14 1.8374146907e-14 3.3863711567e-14
3.4436035156e+02 5.2102914562e-14 1.8306004545e-14 3.3796910017e-14
3.4442138672e+02 5.2141974437e-14 1.8309583198e-14 3.3832391238e-14
3.4448242188e+02 5.2207681936e-14 1.8278200294e-14 3.3929481642e-14
3.4454345703e+02 5.1862044403e-14 1.8261075788e-14 3.3600968615e-14
3.4460449219e+02 5.1892062254e-14 1.8272306141e-14 3.3619756113e-14
3.4466552734e+02 5.2096365492e-14 1.8273509780e-14 3.3822855712e-14
3.4472656250e+02 5.2026894016e-14 1.8192029119e-14 3.3834864897e-14
3.4478759766e+02 5.2100477797e-14 1.8290064883e-14 3.3810412914e-14
3.4484863281e+02 5.1998665659e-14 1.8192081639e-14 3.3806584020e-14
3.4490966797e+02 5.1879368035e-14 1.8207810415e-14 3.3671557619e-14
3.4497070312e+02 5.1756332129e-14 1.8135774434e-14 3.3620557695e-14
3.4503173828e+02 5.1807640221e-14 1.8204791739e-14 3.3602848482e-14
3.4509277344e+02 5.1747170839e-14 1.8182884644e-14 3.3564286195e-14
3.4515380859e+02 5.1683936111e-14 1.8162808095e-14 3.3521128016e-14
3.4521484375e+02 5.1632434165e-14 1.8155197258e-14 3.3477236907e-14
3.4527587891e+02 5.1586200462e-14 1.8152967608e-14 3.3433232854e-14
3.4533691406e+02 5.1558810573e-14 1.8181437020e-14 3.3377373554e-14
3.4539794922e+02 5.1694668807e-14 1.8189772452e-14 3.3504896355e-14
3.4545898438e+02 5.1790624523e-14 1.8204081947e-14 3.3586542576e-14
3.4552001953e+02 5.1625834461e-14 1.8116441067e-14 3.3509393394e-14
3.4558105469e+02 5.1613217767e-14 1.8095025854e-14 3.3518191913e-14
3.4564208984e+02 5.1609882107e-14 1.8155232661e-14 3.3454649446e-14
3.4570312500e+02 5.1447855692e-14 1.8110937989e-14 3.3336917704e-14
3.4576416016e+02 5.1519582469e-14 1.8136731769e-14 3.3382850700e-14
3.4582519531e+02 5.1604384571e-14 1.8138586552e-14 3.3465798019e-14
3.4588623047e+02 5.1518562002e-14 1.8095479268e-14 3.3423082734e-14
3.4594726562e+02 5.1345238063e-14 1.7988795582e-14 3.3356442481e-14
3.4600830078e+02 5.1309997655e-14 1.8000897966e-14 3.3309099689e-14
3.4606933594e+02 5.1215832945e-14 1.7902332624e-14 3.3313500321e-14
3.4613037109e+02 5.1290873794e-14 1.7976696094e-14 3.3314177700e-14
3.4619140625e+02 5.1228011443e-14 1.8010890168e-14 3.3217121276e-14
3.4625244141e+02 5.1227891338e-14 1.8049826181e-14 3.3178065157e-14
3.4631347656e+02 5.1119567069e-14 1.8039183459e-14 3.3080383610e-14
3.4637451172e+02 5.1091621195e-14 1.8022351691e-14 3.3069269504e-14
3.4643554688e+02 5.1075100595e-14 1.7988211656e-14 3.3086888939e-14
3.4649658203e+02 5.1005756844e-14 1.7989452049e-14 3.3016304796e-14
3.4655761719e+02 5.0971966574e-14 1.7825911166e-14 3.3146055408e-14
3.4661865234e+02 5.1089187057e-14 1.7880674967e-14 3.3208512090e-14
3.4667968750e+02 5.1137899367e-14 1.7917953397e-14 3.3219945970e-14
3.4674072266e+02 5.1141842671e-14 1.7895559860e-14 3.3246282812e-14
3.4680175781e+02 5.1145311924e-14 1.7933374387e-14 3.3211937537e-14
3.4686279297e+02 5.1028438757e-14 1.7962439110e-14 3.3065999647e-14
3.4692382812e+02 5.0914663083e-14 1.7946081997e-14 3.2968581086e-14
3.4698486328e+02 5.0823320743e-14 1.7885120486e-14 3.2938200258e-14
3.4704589844e+02 5.0703449655e-14 1.7761064119e-14 3.2942385535e-14
3.4710693359e+02 5.0828473200e-14 1.7782126127e-14 3.3046347073e-14
3.4716796875e+02 5.0735903975e-14 1.7716405239e-14 3.3019498736e-14
3.4722900391e+02 5.0638562539e-14 1.7804287653e-14 3.2834274886e-14
3.4729003906e+02 5.0577269895e-14 1.7768226010e-14 3.2809043885e-14
3.4735107422e+02 5.0823612211e-14 1.7867435026e-14 3.2956177185e-14
3.4741210938e+02 5.0725503204e-14 1.7816680357e-14 3.2908822847e-14
3.4747314453e+02 5.0488163887e-14 1.7822458878e-14 3.2665705009e-14
3.4753417969e+02 5.0624776176e-14 1.7828700594e-14 3.2796075582e-14
3.4759521484e+02 5.0625184937e-14 1.7753693571e-14 3.2871491366e-14
3.4765625000e+02 5.0613025751e-14 1.7795605090e-14 3.2817420661e-14
3.4771728516e+02 5.0544237538e-14 1.7803357213e-14 3.2740880325e-14
3.4777832031e+02 5.0470466367e-14 1.7672574068e-14 3.2797892300e-14
3.4783935547e+02 5.0584185526e-14 1.7723337848e-14 3.2860847678e-14
3.4790039062e+02 5.0494781369e-14 1.7749526544e-14 3.2745254826e-14
3.4796142578e+02 5.0541146366e-14 1.7785104853e-14 3.2756041514e-14
3.4802246094e+02 5.0444956627e-14 1.7679803880e-14 3.2765152748e-14
3.4808349609e+02 5.0352884906e-14 1.7724210258e-14 3.2628674648e-14
3.4814453125e+02 5.0255793490e-14 1.7712677164e-14 3.2543116326e-14
3.4820556641e+02 5.0141552248e-14 1.7718081808e-14 3.2423470440e-14
3.4826660156e+02 5.0042641404e-14 1.7641334066e-14 3.2401307338e-14
3.4832763672e+02 5.0080971222e-14 1.7614433062e-14 3.2466538160e-14
3.4838867188e+02 5.0184819646e-14 1.7623919340e-14 3.2560900306e-14
3.4844970703e+02 5.0245595363e-14 1.7666900699e-14 3.2578694665e-14
3.4851074219e+02 5.0080131112e-14 1.7620656009e-14 3.2459475103e-14
3.4857177734e+02 5.0153307508e-14 1.7669319336e-14 3.2483988172e-14
3.4863281250e+02 5.0071835780e-14 1.7661690421e-14 3.2410145359e-14
3.4869384766e+02 5.0074776860e-14 1.7671880527e-14 3.2402896332e-14
3.4875488281e+02 4.9939144796e-14 1.7651071844e-14 3.2288072953e-14
3.4881591797e+02 4.9935417932e-14 1.7585542561e-14 3.2349875371e-14
3.4887695312e+02 4.9853884075e-14 1.7576652679e-14 3.2277231396e-14
3.4893798828e+02 4.9835616283e-14 1.7606764902e-14 3.2228851382e-14
3.4899902344e+02 5.0026483408e-14 1.7642719210e-14 3.2383764198e-14
3.4906005859e+02 4.9953468664e-14 1.7581586306e-14 3.2371882358e-14
3.4912109375e+02 4.9874552776e-14 1.7526497497e-14 3.2348055279e-14
3.4918212891e+02 4.9631735783e-14 1.7472435155e-14 3.2159300628e-14
3.4924316406e+02 4.9503644862e-14 1.7368647250e-14 3.2134997612e-14
3.4930419922e+02 4.9749552340e-14 1.7433783602e-14 3.2315768738e-14
3.4936523438e+02 4.9636445855e-14 1.7444057986e-14 3.2192387869e-14
3.4942626953e+02 4.9552616256e-14 1.7482541285e-14 3.2070074970e-14
3.4948730469e+02 4.9454578515e-14 1.7399155007e-14 3.2055423508e-14
3.4954833984e+02 4.9550461649e-14 1.7434155341e-14 3.2116306308e-14
3.4960937500e+02 4.9417002703e-14 1.7382831427e-14 3.2034171276e-14
3.4967041016e+02 4.9355183864e-14 1.7346701741e-14 3.2008482123e-14
3.4973144531e+02 4.9444086575e-14 1.7341175716e-14 3.2102910859e-14
3.4979248047e+02 4.9469771254e-14 1.7341710286e-14 3.2128060968e-14
3.4985351562e+02 4.9354255273e-14 1.7363848100e-14 3.1990407173e-14
3.4991455078e+02 4.9329762317e-14 1.7424530887e-14 3.1905231431e-14
3.4997558594e+02 4.9320595498e-14 1.7453428786e-14 3.1867166712e-14
3.5003662109e+02 4.9246486893e-14 1.7424849640e-14 3.1821637253e-14
3.5009765625e+02 4.9095707061e-14 1.7298276541e-14 3.1797430520e-14
3.5015869141e+02 4.9208373301e-14 1.7260138876e-14 3.1948234425e-14
3.5021972656e+02 4.9229719166e-14 1.7253929207e-14 3.1975789958e-14
3.5028076172e+02 4.9151140231e-14 1.7223612292e-14 3.1927527938e-14
3.5034179688e+02 4.9087592211e-14 1.7303386206e-14 3.1784206005e-14
3.5040283203e+02 4.8997996350e-14 1.7208203597e-14 3.1789792753e-14
3.5046386719e+02 4.8892418021e-14 1.7149385860e-14 3.1743032161e-14
3.5052490234e+02 4.9109721684e-14 1.7256569977e-14 3.1853151707e-14
3.5058593750e+02 4.9044584063e-14 1.7248224018e-14 3.1796360045e-14
3.5064697266e+02 4.8917543845e-14 1.7187736291e-14 3.1729807554e-14
3.5070800781e+02 4.8841545895e-14 1.7242778858e-14 3.1598767038e-14
3.5076904297e+02 4.8764018500e-14 1.7208345502e-14 3.1555672998e-14
3.5083007812e+02 4.8624844609e-14 1.7161024129e-14 3.1463820480e-14
3.5089111328e+02 4.8605695323e-14 1.7233403498e-14 3.1372291825e-14
3.5095214844e+02 4.8792221089e-14 1.7253743697e-14 3.1538477392e-14
3.5101318359e+02 4.8989107238e-14 1.7248520002e-14 3.1740587236e-14
3.5107421875e+02 4.8838471969e-14 1.7121219432e-14 3.1717252536e-14
3.5113525391e+02 4.8738631261e-14 1.7094684585e-14 3.1643946677e-14
3.5119628906e+02 4.8555699800e-14 1.7036551801e-14 3.1519148000e-14
3.5125732422e+02 4.8512241464e-14 1.7163870599e-14 3.1348370866e-14
3.5131835938e+02 4.8404317632e-14 1.7147939210e-14 3.1256378422e-14
3.5137939453e+02 4.8525886266e-14 1.7119226356e-14 3.1406659910e-14
3.5144042969e+02 4.8525537143e-14 1.7058617635e-14 3.1466919508e-14
3.5150146484e+02 4.8629845942e-14 1.7087314129e-14 3.1542531812e-14
3.5156250000e+02 4.8671149838e-14 1.7105239216e-14 3.1565910622e-14
3.5162353516e+02 4.8628231999e-14 1.7191110811e-14 3.1437121187e-14
3.5168457031e+02 4.8587365922e-14 1.7180636655e-14 3.1406729268e-14
3.5174560547e+02 4.8558313357e-14 1.7206481852e-14 3.1351831505e-14
3.5180664062e+02 4.8570737584e-14 1.7154042665e-14 3.1416694919e-14
3.5186767578e+02 4.8511244899e-14 1.7106805814e-14 3.1404439085e-14
3.5192871094e+02 4.8336702578e-14 1.7022554532e-14 3.1314148046e-14
3.5198974609e+02 4.8269839613e-14 1.6987554489e-14 3.1282285124e-14
3.5205078125e+02 4.8090241673e-14 1.6970383193e-14 3.1119858480e-14
3.5211181641e+02 4.8045358113e-14 1.6993772364e-14 3.1051585749e-14
3.5217285156e+02 4.8204039502e-14 1.7056066195e-14 3.1147973307e-14
3.5223388672e+02 4.8111715960e-14 1.6949092095e-14 3.1162623865e-14
3.5229492188e+02 4.8034391529e-14 1.6865027248e-14 3.1169364281e-14
3.5235595703e+02 4.8201593382e-14 1.6989079928e-14 3.1212513454e-14
3.5241699219e+02 4.8105591098e-14 1.6923006250e-14 3.1182584848e-14
3.5247802734e+02 4.8107080089e-14 1.6887993913e-14 3.1219086176e-14
3.5253906250e+02 4.7971896866e-14 1.6866527549e-14 3.1105369317e-14
3.5260009766e+02 4.7911982284e-14 1.6927820733e-14 3.0984161551e-14
3.5266113281e+02 4.7867373036e-14 1.6871802015e-14 3.0995571021e-14
3.5272216797e+02 4.7939360583e-14 1.6838297936e-14 3.1101062647e-14
3.5278320312e+02 4.8008219850e-14 1.6909950371e-14 3.1098269480e-14
3.5284423828e+02 4.7971041823e-14 1.6954095756e-14 3.1016946068e-14
3.5290527344e+02 4.7935988872e-14 1.6840747482e-14 3.1095241390e-14
3.5296630859e+02 4.7650145469e-14 1.6815700044e-14 3.0834445425e-14
3.5302734375e+02 4.7662084072e-14 1.6873216727e-14 3.0788867345e-14
3.5308837891e+02 4.7685549886e-14 1.6874906391e-14 3.0810643495e-14
3.5314941406e+02 4.7749117976e-14 1.6844746827e-14 3.0904371148e-14
3.5321044922e+02 4.7586299228e-14 1.6820610635e-14 3.0765688594e-14
3.5327148438e+02 4.7631955321e-14 1.6785388140e-14 3.0846567181e-14
3.5333251953e+02 4.7608347201e-14 1.6821921024e-14 3.0786426177e-14
3.5339355469e+02 4.7667809390e-14 1.6798776348e-14 3.0869033041e-14
3.5345458984e+02 4.7597098950e-14 1.6768454288e-14 3.0828644662e-14
3.5351562500e+02 4.7413266943e-14 1.6724607202e-14 3.0688659741e-14
3.5357666016e+02 4.7419019687e-14 1.6688574162e-14 3.0730445525e-14
3.5363769531e+02 4.7444634395e-14 1.6699614959e-14 3.0745019435e-14
3.5369873047e+02 4.7557576407e-14 1.6857405421e-14 3.0700170985e-14
3.5375976562e+02 4.7582329531e-14 1.6811224857e-14 3.0771104674e-14
3.5382080078e+02 4.7477685514e-14 1.6709867606e-14 3.0767817908e-14
3.5388183594e+02 4.7192441700e-14 1.6629066271e-14 3.0563375429e-14
3.5394287109e+02 4.7210119611e-14 1.6682040846e-14 3.0528078765e-14
3.5400390625e+02 4.7267556195e-14 1.6742372897e-14 3.0525183298e-14
3.5406494141e+02 4.7204452649e-14 1.6710043418e-14 3.0494409231e-14
3.5412597656e+02 4.7269762224e-14 1.6663861312e-14 3.0605900912e-14
3.5418701172e+02 4.7138556617e-14 1.6610443843e-14 3.0528112774e-14
3.5424804688e+02 4.7080618830e-14 1.6572007073e-14 3.0508611757e-14
3.5430908203e+02 4.7148256369e-14 1.6619978001e-14 3.0528278368e-14
3.5437011719e+02 4.7200515732e-14 1.6629839265e-14 3.0570676467e-14
3.5443115234e+02 4.6995992522e-14 1.6631856775e-14 3.0364135746e-14
3.5449218750e+02 4.6942443169e-14 1.6670967300e-14 3.0271475869e-14
3.5455322266e+02 4.6751000602e-14 1.6538432249e-14 3.0212568352e-14
3.5461425781e+02 4.6883247232e-14 1.6540517138e-14 3.0342730094e-14
3.5467529297e+02 4.6990280967e-14 1.6578271552e-14 3.0412009415e-14
3.5473632812e+02 4.6968608356e-14 1.6548830546e-14 3.0419777811e-14
3.5479736328e+02 4.6782868758e-14 1.6545044167e-14 3.0237824591e-14
3.5485839844e+02 4.6726962166e-14 1.6483178704e-14 3.0243783463e-14
3.5491943359e+02 4.6824505621e-14 1.6509682067e-14 3.0314823555e-14
3.5498046875e+02 4.6770595333e-14 1.6511346606e-14 3.0259248727e-14
3.5504150391e+02 4.6671258436e-14 1.6487335984e-14 3.0183922452e-14
3.5510253906e+02 4.6610198165e-14 1.6562598649e-14 3.0047599517e-14
3.5516357422e+02 4.6631802249e-14 1.6556069911e-14 3.0075732338e-14
3.5522460938e+02 4.6617473063e-14 1.6569058091e-14 3.0048414972e-14
3.5528564453e+02 4.6425691319e-14 1.6478503715e-14 2.9947187604e-14
3.5534667969e+02 4.6495744828e-14 1.6451237824e-14 3.0044507004e-14
3.5540771484e+02 4.6496866378e-14 1.6388425432e-14 3.0108440945e-14
3.5546875000e+02 4.6593639813e-14 1.6428738820e-14 3.0164900994e-14
3.5552978516e+02 4.6634359178e-14 1.6496469648e-14 3.0137889530e-14
3.5559082031e+02 4.6546406513e-14 1.6460053140e-14 3.0086353373e-14
3.5565185547e+02 4.6366941293e-14 1.6472873547e-14 2.9894067746e-14
3.5571289062e+02 4.6198460489e-14 1.6441154546e-14 2.9757305943e-14
3.5577392578e+02 4.6242396942e-14 1.6405509583e-14 2.9836887359e-14
3.5583496094e+02 4.6322514673e-14 1.6453456615e-14 2.9869058058e-14
3.5589599609e+02 4.6147116695e-14 1.6386216537e-14 2.9760900157e-14
3.5595703125e+02 4.6214188674e-14 1.6393866497e-14 2.9820322177e-14
3.5601806641e+02 4.6251280397e-14 1.6406008820e-14 2.9845271577e-14
3.5607910156e+02 4.6150914860e-14 1.6318400437e-14 2.9832514424e-14
3.5614013672e+02 4.6078850051e-14 1.6270552335e-14 2.9808297716e-14
3.5620117188e+02 4.6117708989e-14 1.6235290515e-14 2.9882418474e-14
3.5626220703e+02 4.5960984708e-14 1.6172315573e-14 2.9788669136e-14
3.5632324219e+02 4.5866096685e-14 1.6211200464e-14 2.9654896221e-14
3.5638427734e+02 4.5731325060e-14 1.6166878993e-14 2.9564446067e-14
3.5644531250e+02 4.5854893577e-14 1.6194136833e-14 2.9660756745e-14
3.5650634766e+02 4.5891567870e-14 1.6177499727e-14 2.9714068143e-14
3.5656738281e+02 4.5934140401e-14 1.6256152509e-14 2.9677987892e-14
3.5662841797e+02 4.5982311774e-14 1.6267453215e-14 2.9714858559e-14
3.5668945312e+02 4.5971890440e-14 1.6375353158e-14 2.9596537282e-14
3.5675048828e+02 4.5981835868e-14 1.6336909266e-14 2.9644926602e-14
3.5681152344e+02 4.5841304192e-14 1.6265235791e-14 2.9576068401e-14
3.5687255859e+02 4.5731266875e-14 1.6175781902e-14 2.9555484973e-14
3.5693359375e+02 4.5647506416e-14 1.6182589589e-14 2.9464916826e-14
3.5699462891e+02 4.5614824230e-14 1.6202955788e-14 2.9411868443e-14
3.5705566406e+02 4.5503736285e-14 1.6157647230e-14 2.9346089055e-14
3.5711669922e+02 4.5597536045e-14 1.6145536898e-14 2.9451999148e-14
3.5717773438e+02 4.5736593955e-14 1.6157923013e-14 2.9578670942e-14
3.5723876953e+02 4.5713274101e-14 1.6166012720e-14 2.9547261381e-14
3.5729980469e+02 4.5671665581e-14 1.6200278592e-14 2.9471386988e-14
3.5736083984e+02 4.5646817180e-14 1.6167112218e-14 2.9479704962e-14
3.5742187500e+02 4.5762869904e-14 1.6154067808e-14 2.9608802097e-14
3.5748291016e+02 4.5659773340e-14 1.6099385431e-14 2.9560387909e-14
3.5754394531e+02 4.5377599779e-14 1.6063069162e-14 2.9314530617e-14
3.5760498047e+02 4.5405255520e-14 1.6121387852e-14 2.9283867668e-14
3.5766601562e+02 4.5419842090e-14 1.6114099180e-14 2.9305742910e-14
3.5772705078e+02 4.5411786453e-14 1.6124124456e-14 2.9287661997e-14
3.5778808594e+02 4.5332536921e-14 1.6103134674e-14 2.9229402247e-14
3.5784912109e+02 4.5269909143e-14 1.6139898304e-14 2.9130010839e-14
3.5791015625e+02 4.5347156829e-14 1.6103743274e-14 2.9243413555e-14
3.5797119141e+02 4.5310900402e-14 1.6099415817e-14 2.9211484585e-14
3.5803222656e+02 4.5274843268e-14 1.6083681075e-14 2.9191162193e-14
3.5809326172e+02 4.5271138265e-14 1.6085545559e-14 2.9185592706e-14
3.5815429688e+02 4.5209427686e-14 1.6054391995e-14 2.9155035691e-14
3.5821533203e+02 4.5111623132e-14 1.5990614487e-14 2.9121008645e-14
3.5827636719e+02 4.5048012233e-14 1.5949508555e-14 2.9098503678e-14
3.5833740234e+02 4.5009198435e-14 1.6011691889e-14 2.8997506546e-14
3.5839843750e+02 4.5040810716e-14 1.5951421146e-14 2.9089389570e-14
3.5845947266e+02 4.5159633938e-14 1.6081776517e-14 2.9077857422e-14
3.5852050781e+02 4.5134452339e-14 1.6038870567e-14 2.9095581772e-14
3.5858154297e+02 4.4920185582e-14 1.5923417476e-14 2.8996768106e-14
3.5864257812e+02 4.5007814246e-14 1.5891240261e-14 2.9116573985e-14
3.5870361328e+02 4.4916855890e-14 1.5967061458e-14 2.8949794432e-14
3.5876464844e+02 4.4822183382e-14 1.5987617510e-14 2.8834565872e-14
3.5882568359e+02 4.4800820942e-14 1.5996288788e-14 2.8804532154e-14
3.5888671875e+02 4.4893759705e-14 1.6022032201e-14 2.8871727504e-14
3.5894775391e+02 4.4754878403e-14 1.5898550487e-14 2.8856327917e-14
3.5900878906e+02 4.4691853938e-14 1.5831541968e-14 2.8860311970e-14
3.5906982422e+02 4.4571442097e-14 1.5803892797e-14 2.8767549300e-14
3.5913085938e+02 4.4597879527e-14 1.5885447738e-14 2.8712431788e-14
3.5919189453e+02 4.4756907702e-14 1.5958399496e-14 2.8798508206e-14
3.5925292969e+02 4.4770432877e-14 1.5939156835e-14 2.8831276042e-14
3.5931396484e+02 4.4633090436e-14 1.5794530603e-14 2.8838559833e-14
3.5937500000e+02 4.4682983740e-14 1.5789520322e-14 2.8893463417e-14
3.5943603516e+02 4.4672817245e-14 1.5788020312e-14 2.8884796933e-14
3.5949707031e+02 4.4554801946e-14 1.5748036843e-14 2.8806765103e-14
3.5955810547e+02 4.4635650152e-14 1.5771356589e-14 2.8864293563e-14
3.5961914062e+02 4.4518082901e-14 1.5674298390e-14 2.8843784511e-14
3.5968017578e+02 4.4330421863e-14 1.5732399302e-14 2.8598022562e-14
3.5974121094e+02 4.4249458995e-14 1.5760277960e-14 2.8489181034e-14
3.5980224609e+02 4.4307076267e-14 1.5778426044e-14 2.8528650223e-14
3.5986328125e+02 4.4389600624e-14 1.5732839722e-14 2.8656760902e-14
3.5992431641e+02 4.4302602687e-14 1.5704011293e-14 2.8598591394e-14
3.5998535156e+02 4.4254847145e-14 1.5680311191e-14 2.8574535954e-14
3.6004638672e+02 4.4109099976e-14 1.5637264840e-14 2.8471835136e-14
3.6010742188e+02 4.4031788584e-14 1.5645273446e-14 2.8386515139e-14
3.6016845703e+02 4.4271672426e-14 1.5700613623e-14 2.8571058803e-14
3.6022949219e+02 4.4294726402e-14 1.5735451592e-14 2.8559274810e-14
3.6029052734e+02 4.4238225811e-14 1.5716297391e-14 2.8521928420e-14
3.6035156250e+02 4.4076782141e-14 1.5632130742e-14 2.8444651399e-14
3.6041259766e+02 4.4004839063e-14 1.5546014093e-14 2.8458824970e-14
3.6047363281e+02 4.4038969820e-14 1.5572025495e-14 2.8466944325e-14
3.6053466797e+02 4.4163955142e-14 1.5669401288e-14 2.8494553855e-14
3.6059570312e+02 4.4300574332e-14 1.5695422023e-14 2.8605152309e-14
3.6065673828e+02 4.4214706064e-14 1.5626375385e-14 2.8588330680e-14
3.6071777344e+02 4.4108499858e-14 1.5559229352e-14 2.8549270506e-14
3.6077880859e+02 4.4095992090e-14 1.5514980469e-14 2.8581011621e-14
3.6083984375e+02 4.3849257934e-14 1.5470178886e-14 2.8379079047e-14
3.6090087891e+02 4.3807123887e-14 1.5539682907e-14 2.8267440979e-14
3.6096191406e+02 4.3682814265e-14 1.5497049090e-14 2.8185765176e-14
3.6102294922e+02 4.3624235259e-14 1.5511191887e-14 2.8113043372e-14
3.6108398438e+02 4.3540583620e-14 1.5469409371e-14 2.8071174249e-14
3.6114501953e+02 4.3525130219e-14 1.5470912542e-14 2.8054217678e-14
3.6120605469e+02 4.3527261941e-14 1.5526346907e-14 2.8000915034e-14
3.6126708984e+02 4.3554911224e-14 1.5542990642e-14 2.8011920582e-14
3.6132812500e+02 4.3569169153e-14 1.5519861416e-14 2.8049307737e-14
3.6138916016e+02 4.3654150129e-14 1.5495173574e-14 2.8158976555e-14
3.6145019531e+02 4.3670393229e-14 1.5491705404e-14 2.8178687825e-14
3.6151123047e+02 4.3556516554e-14 1.5394196877e-14 2.8162319677e-14
3.6157226562e+02 4.3483371937e-14 1.5424869367e-14 2.8058502570e-14
3.6163330078e+02 4.3488950767e-14 1.5430497238e-14 2.8058453529e-14
3.6169433594e+02 4.3515089948e-14 1.5423679912e-14 2.8091410036e-14
3.6175537109e+02 4.3687305370e-14 1.5465028774e-14 2.8222276596e-14
3.6181640625e+02 4.3727712144e-14 1.5447101724e-14 2.8280610420e-14
3.6187744141e+02 4.3718880171e-14 1.5436900988e-14 2.8281979183e-14
3.6193847656e+02 4.3483536498e-14 1.5367789245e-14 2.8115747254e-14
3.6199951172e+02 4.3342654718e-14 1.5347284314e-14 2.7995370405e-14
3.6206054688e+02 4.3141591016e-14 1.5380905178e-14 2.7760685838e-14
3.6212158203e+02 4.3099677283e-14 1.5378989619e-14 2.7720687664e-14
3.6218261719e+02 4.3148932158e-14 1.5358847268e-14 2.7790084890e-14
3.6224365234e+02 4.3258345161e-14 1.5360393924e-14 2.7897951237e-14
3.6230468750e+02 4.3311861170e-14 1.5339849922e-14 2.7972011248e-14
3.6236572266e+02 4.3376610855e-14 1.5315551367e-14 2.8061059488e-14
3.6242675781e+02 4.3276506388e-14 1.5338945206e-14 2.7937561182e-14
3.6248779297e+02 4.3103337868e-14 1.5348371435e-14 2.7754966433e-14
3.6254882812e+02 4.3016800065e-14 1.5289710954e-14 2.7727089111e-14
3.6260986328e+02 4.3177377322e-14 1.5300340618e-14 2.7877036704e-14
3.6267089844e+02 4.3195997257e-14 1.5234958148e-14 2.7961039109e-14
3.6273193359e+02 4.3211430937e-14 1.5283163999e-14 2.7928266937e-14
3.6279296875e+02 4.3223894445e-14 1.5255783738e-14 2.7968110707e-14
3.6285400391e+02 4.3268556590e-14 1.5304540558e-14 2.7964016032e-14
3.6291503906e+02 4.3063253123e-14 1.5241102080e-14 2.7822151042e-14
3.6297607422e+02 4.3018234380e-14 1.5220549272e-14 2.7797685109e-14
3.6303710938e+02 4.3179474743e-14 1.5213618789e-14 2.7965855954e-14
3.6309814453e+02 4.3016647712e-14 1.5213112542e-14 2.7803535170e-14
3.6315917969e+02 4.2822923518e-14 1.5179715077e-14 2.7643208442e-14
3.6322021484e+02 4.2786910032e-14 1.5248220266e-14 2.7538689766e-14
3.6328125000e+02 4.2596827541e-14 1.5159692460e-14 2.7437135082e-14
3.6334228516e+02 4.2374743288e-14 1.5093679374e-14 2.7281063914e-14
3.6340332031e+02 4.2325508580e-14 1.5005145883e-14 2.7320362698e-14
3.6346435547e+02 4.2742006111e-14 1.5157835201e-14 2.7584170910e-14
3.6352539062e+02 4.2860231646e-14 1.5195458075e-14 2.7664773571e-14
3.6358642578e+02 4.2823486449e-14 1.5135637994e-14 2.7687848455e-14
3.6364746094e+02 4.2824955203e-14 1.5145353716e-14 2.7679601487e-14
3.6370849609e+02 4.2677689358e-14 1.5154043971e-14 2.7523645387e-14
3.6376953125e+02 4.2595919531e-14 1.5136270481e-14 2.7459649050e-14
3.6383056641e+02 4.2690785750e-14 1.5196594412e-14 2.7494191339e-14
3.6389160156e+02 4.2662920056e-14 1.5224700194e-14 2.7438219863e-14
3.6395263672e+02 4.2573707283e-14 1.5157525280e-14 2.7416182003e-14
3.6401367188e+02 4.2602834700e-14 1.5122805708e-14 2.7480028992e-14
3.6407470703e+02 4.2470896933e-14 1.5020040997e-14 2.7450855936e-14
3.6413574219e+02 4.2350356107e-14 1.4951912486e-14 2.7398443621e-14
3.6419677734e+02 4.2298391653e-14 1.4927783335e-14 2.7370608318e-14
3.6425781250e+02 4.2391092906e-14 1.5009754061e-14 2.7381338845e-14
3.6431884766e+02 4.2439756368e-14 1.5061424899e-14 2.7378331469e-14
3.6437988281e+02 4.2278908745e-14 1.4968648881e-14 2.7310259864e-14
3.6444091797e+02 4.2239537429e-14 1.4939125565e-14 2.7300411864e-14
3.6450195312e+02 4.2178005336e-14 1.4926985493e-14 2.7251019843e-14
3.6456298828e+02 4.2163538899e-14 1.4852568305e-14 2.7310970594e-14
3.6462402344e+02 4.1997083648e-14 1.4883082743e-14 2.7114000905e-14
3.6468505859e+02 4.2128941014e-14 1.4979016960e-14 2.7149924054e-14
3.6474609375e+02 4.2191045228e-14 1.4920328526e-14 2.7270716702e-14
3.6480712891e+02 4.2170815165e-14 1.4958690581e-14 2.7212124583e-14
3.6486816406e+02 4.2292731354e-14 1.4999777629e-14 2.7292953725e-14
3.6492919922e+02 4.2329018201e-14 1.4994194977e-14 2.7334823224e-14
3.6499023438e+02 4.2065522242e-14 1.4856877060e-14 2.7208645181e-14
3.6505126953e+02 4.1986325406e-14 1.4834620665e-14 2.7151704741e-14
3.6511230469e+02 4.2108402083e-14 1.4911769101e-14 2.7196632982e-14
3.6517333984e+02 4.2152901164e-14 1.5008764053e-14 2.7144137111e-14
3.6523437500e+02 4.2110189177e-14 1.5028245655e-14 2.7081943522e-14
3.6529541016e+02 4.2067336612e-14 1.4957434589e-14 2.7109902023e-14
3.6535644531e+02 4.1925006272e-14 1.4846565523e-14 2.7078440749e-14
3.6541748047e+02 4.1837241788e-14 1.4902953144e-14 2.6934288643e-14
3.6547851562e+02 4.1820629394e-14 1.4902173492e-14 2.6918455902e-14
3.6553955078e+02 4.1771875554e-14 1.4834531322e-14 2.6937344232e-14
3.6560058594e+02 4.1638993369e-14 1.4761637272e-14 2.6877356098e-14
3.6566162109e+02 4.1686155772e-14 1.4764270383e-14 2.6921885389e-14
3.6572265625e+02 4.1607899677e-14 1.4677031449e-14 2.6930868228e-14
3.6578369141e+02 4.1661370632e-14 1.4761280250e-14 2.6900090382e-14
3.6584472656e+02 4.1814775849e-14 1.4799809544e-14 2.7014966305e-14
3.6590576172e+02 4.1806287637e-14 1.4789166218e-14 2.7017121419e-14
3.6596679688e+02 4.1632696564e-14 1.4798313883e-14 2.6834382682e-14
3.6602783203e+02 4.1504579331e-14 1.4791020429e-14 2.6713558902e-14
3.6608886719e+02 4.1458288557e-14 1.4717909430e-14 2.6740379126e-14
3.6614990234e+02 4.1534409526e-14 1.4735467473e-14 2.6798942053e-14
3.6621093750e+02 4.1571756991e-14 1.4811362226e-14 2.6760394765e-14
3.6627197266e+02 4.1626126184e-14 1.4791324273e-14 2.6834801911e-14
3.6633300781e+02 4.1490136179e-14 1.4717748818e-14 2.6772387361e-14
3.6639404297e+02 4.1513144979e-14 1.4724736624e-14 2.6788408355e-14
3.6645507812e+02 4.1550673681e-14 1.4729353295e-14 2.6821320386e-14
3.6651611328e+02 4.1379664646e-14 1.4674578773e-14 2.6705085873e-14
3.6657714844e+02 4.1207229548e-14 1.4623601588e-14 2.6583627960e-14
3.6663818359e+02 4.1179810793e-14 1.4649656497e-14 2.6530154296e-14
3.6669921875e+02 4.1041788162e-14 1.4653725335e-14 2.6388062827e-14
3.6676025391e+02 4.0897329262e-14 1.4601110979e-14 2.6296218283e-14
3.6682128906e+02 4.0873497469e-14 1.4594387566e-14 2.6279109903e-14
3.6688232422e+02 4.0966299005e-14 1.4565713763e-14 2.6400585241e-14
3.6694335938e+02 4.1124904339e-14 1.4586492185e-14 2.6538412154e-14
3.6700439453e+02 4.1142521315e-14 1.4599657049e-14 2.6542864266e-14
3.6706542969e+02 4.1061818444e-14 1.4516193874e-14 2.6545624570e-14
3.6712646484e+02 4.1246741765e-14 1.4603545885e-14 2.6643195881e-14
3.6718750000e+02 4.1167820829e-14 1.4592185785e-14 2.6575635044e-14
3.6724853516e+02 4.1021664300e-14 1.4602149982e-14 2.6419514318e-14
3.6730957031e+02 4.0932991418e-14 1.4579357725e-14 2.6353633693e-14
3.6737060547e+02 4.0991787255e-14 1.4615255693e-14 2.6376531562e-14
3.6743164062e+02 4.0842622531e-14 1.4525882815e-14 2.6316739716e-14
3.6749267578e+02 4.0809644020e-14 1.4489565652e-14 2.6320078367e-14
3.6755371094e+02 4.0834890982e-14 1.4498236329e-14 2.6336654653e-14
3.6761474609e+02 4.0927524395e-14 1.4547163642e-14 2.6380360753e-14
3.6767578125e+02 4.0874846350e-14 1.4570570754e-14 2.6304275596e-14
3.6773681641e+02 4.0867099700e-14 1.4538349549e-14 2.6328750151e-14
3.6779785156e+02 4.0833358085e-14 1.4540976068e-14 2.6292382016e-14
3.6785888672e+02 4.0768937878e-14 1.4517094387e-14 2.6251843491e-14
3.6791992188e+02 4.0691376689e-14 1.4495090200e-14 2.6196286489e-14
3.6798095703e+02 4.0648165124e-14 1.4483182020e-14 2.6164983103e-14
3.6804199219e+02 4.0579502476e-14 1.4461773414e-14 2.6117729062e-14
3.6810302734e+02 4.0546796919e-14 1.4466224193e-14 2.6080572726e-14
3.6816406250e+02 4.0617440830e-14 1.4432872870e-14 2.6184567961e-14
3.6822509766e+02 4.0527171260e-14 1.4369680042e-14 2.6157491217e-14
3.6828613281e+02 4.0545340655e-14 1.4436339733e-14 2.6109000922e-14
3.6834716797e+02 4.0538841122e-14 1.4436408174e-14 2.6102432948e-14
3.6840820312e+02 4.0564080781e-14 1.4393650558e-14 2.6170430223e-14
3.6846923828e+02 4.0474521137e-14 1.4375100880e-14 2.6099420257e-14
3.6853027344e+02 4.0465121397e-14 1.4335017197e-14 2.6130104200e-14
3.6859130859e+02 4.0382362346e-14 1.4307905457e-14 2.6074456888e-14
3.6865234375e+02 4.0446498043e-14 1.4339670295e-14 2.6106827748e-14
3.6871337891e+02 4.0486576329e-14 1.4325379776e-14 2.6161196553e-14
3.6877441406e+02 4.0452456558e-14 1.4296724375e-14 2.6155732183e-14
3.6883544922e+02 4.0234159765e-14 1.4309521933e-14 2.5924637832e-14
3.6889648438e+02 4.0117098131e-14 1.4317866334e-14 2.5799231797e-14
3.6895751953e+02 4.0331683741e-14 1.4365128449e-14 2.5966555292e-14
3.6901855469e+02 4.0466336400e-14 1.4434357136e-14 2.6031979263e-14
3.6907958984e+02 4.0221316974e-14 1.4412476337e-14 2.5808840636e-14
3.6914062500e+02 4.0041130293e-14 1.4296901588e-14 2.5744228705e-14
3.6920166016e+02 4.0058374644e-14 1.4254968295e-14 2.5803406349e-14
3.6926269531e+02 4.0146668816e-14 1.4275182594e-14 2.5871486222e-14
3.6932373047e+02 4.0236552976e-14 1.4272764507e-14 2.5963788469e-14
3.6938476562e+02 4.0352491766e-14 1.4266256931e-14 2.6086234834e-14
3.6944580078e+02 4.0181362990e-14 1.4198482776e-14 2.5982880214e-14
3.6950683594e+02 4.0061378896e-14 1.4220837646e-14 2.5840541250e-14
3.6956787109e+02 3.9963373889e-14 1.4181333971e-14 2.5782039918e-14
3.6962890625e+02 3.9854853036e-14 1.4204234369e-14 2.5650618667e-14
3.6968994141e+02 3.9924491062e-14 1.4252351789e-14 2.5672139273e-14
3.6975097656e+02 3.9962491906e-14 1.4242950170e-14 2.5719541737e-14
3.6981201172e+02 3.9913281295e-14 1.4179106820e-14 2.5734174475e-14
3.6987304688e+02 3.9967233690e-14 1.4177516212e-14 2.5789717478e-14
3.6993408203e+02 3.9920524688e-14 1.4123139532e-14 2.5797385157e-14
3.6999511719e+02 3.9821478640e-14 1.4085208892e-14 2.5736269748e-14
3.7005615234e+02 3.9668073037e-14 1.4075204924e-14 2.5592868113e-14
3.7011718750e+02 3.9576973180e-14 1.4079013496e-14 2.5497959684e-14
3.7017822266e+02 3.9660348270e-14 1.4060206612e-14 2.5600141658e-14
3.7023925781e+02 3.9635488788e-14 1.4057926075e-14 2.5577562714e-14
3.7030029297e+02 3.9511514915e-14 1.4107063943e-14 2.5404450972e-14
3.7036132812e+02 3.9666954759e-14 1.4108190100e-14 2.5558764659e-14
3.7042236328e+02 3.9788770143e-14 1.4082438470e-14 2.5706331673e-14
3.7048339844e+02 3.9855820459e-14 1.4100105385e-14 2.5755715074e-14
3.7054443359e+02 3.9746411878e-14 1.4109645563e-14 2.5636766315e-14
3.7060546875e+02 3.9692087598e-14 1.4103111693e-14 2.5588975906e-14
3.7066650391e+02 3.9726722783e-14 1.4067157550e-14 2.5659565233e-14
3.7072753906e+02 3.9697421897e-14 1.4036494385e-14 2.5660927512e-14
3.7078857422e+02 3.9553525034e-14 1.4007023055e-14 2.5546501978e-14
3.7084960938e+02 3.9455309902e-14 1.4005649648e-14 2.5449660254e-14
3.7091064453e+02 3.9278213696e-14 1.3970197618e-14 2.5308016078e-14
3.7097167969e+02 3.9450970911e-14 1.4000536710e-14 2.5450434201e-14
3.7103271484e+02 3.9381782738e-14 1.3961408458e-14 2.5420374280e-14
3.7109375000e+02 3.9343802990e-14 1.3944095667e-14 2.5399707323e-14
3.7115478516e+02 3.9410630361e-14 1.4000509473e-14 2.5410120888e-14
3.7121582031e+02 3.9323671599e-14 1.3953084304e-14 2.5370587295e-14
3.7127685547e+02 3.9080288523e-14 1.3875983306e-14 2.5204305217e-14
3.7133789062e+02 3.9148231479e-14 1.3969271188e-14 2.5178960290e-14
3.7139892578e+02 3.9247756910e-14 1.4030618706e-14 2.5217138204e-14
3.7145996094e+02 3.9237700251e-14 1.3996111496e-14 2.5241588755e-14
3.7152099609e+02 3.9098534576e-14 1.3912200591e-14 2.5186333985e-14
3.7158203125e+02 3.9065974672e-14 1.3862465124e-14 2.5203509548e-14
3.7164306641e+02 3.9292164548e-14 1.3857074737e-14 2.5435089811e-14
3.7170410156e+02 3.9254292465e-14 1.3831566496e-14 2.5422725969e-14
3.7176513672e+02 3.9052517622e-14 1.3850715465e-14 2.5201802157e-14
3.7182617188e+02 3.8831566325e-14 1.3794487555e-14 2.5037078769e-14
3.7188720703e+02 3.8842200528e-14 1.3787320498e-14 2.5054880029e-14
3.7194824219e+02 3.8997534762e-14 1.3806862443e-14 2.5190672319e-14
3.7200927734e+02 3.8957847315e-14 1.3806614811e-14 2.5151232504e-14
3.7207031250e+02 3.9025981384e-14 1.3871833850e-14 2.5154147534e-14
3.7213134766e+02 3.9023606207e-14 1.3834966630e-14 2.5188639577e-14
3.7219238281e+02 3.9025344802e-14 1.3783767640e-14 2.5241577162e-14
3.7225341797e+02 3.9036877534e-14 1.3815943519e-14 2.5220934016e-14
3.7231445312e+02 3.8856463308e-14 1.3824462943e-14 2.5032000365e-14
3.7237548828e+02 3.8782795095e-14 1.3821973462e-14 2.4960821633e-14
3.7243652344e+02 3.8619803016e-14 1.3771763737e-14 2.4848039279e-14
3.7249755859e+02 3.8673446821e-14 1.3800460536e-14 2.4872986285e-14
3.7255859375e+02 3.8609544360e-14 1.3750514394e-14 2.4859029966e-14
3.7261962891e+02 3.8540693251e-14 1.3708070219e-14 2.4832623032e-14
3.7268066406e+02 3.8641635450e-14 1.3695891160e-14 2.4945744290e-14
3.7274169922e+02 3.8681321465e-14 1.3702278393e-14 2.4979043072e-14
3.7280273438e+02 3.8790377173e-14 1.3736818963e-14 2.5053558210e-14
3.7286376953e+02 3.8822774253e-14 1.3745047212e-14 2.5077727041e-14
3.7292480469e+02 3.8773192471e-14 1.3771847018e-14 2.5001345453e-14
3.7298583984e+02 3.8565238533e-14 1.3761341498e-14 2.4803897035e-14
3.7304687500e+02 3.8409328219e-14 1.3680917831e-14 2.4728410388e-14
3.7310791016e+02 3.8343915391e-14 1.3719370859e-14 2.4624544532e-14
3.7316894531e+02 3.8317632201e-14 1.3677754820e-14 2.4639877381e-14
3.7322998047e+02 3.8272040835e-14 1.3694305352e-14 2.4577735483e-14
3.7329101562e+02 3.8210110288e-14 1.3649490512e-14 2.4560619776e-14
3.7335205078e+02 3.8300357580e-14 1.3624912626e-14 2.4675444954e-14
3.7341308594e+02 3.8499306839e-14 1.3645143391e-14 2.4854163448e-14
3.7347412109e+02 3.8420607027e-14 1.3700686419e-14 2.4719920608e-14
3.7353515625e+02 3.8320497644e-14 1.3632714419e-14 2.4687783224e-14
3.7359619141e+02 3.8206196079e-14 1.3579470020e-14 2.4626726060e-14
3.7365722656e+02 3.8275212454e-14 1.3597701975e-14 2.4677510479e-14
3.7371826172e+02 3.8213909942e-14 1.3628006736e-14 2.4585903205e-14
3.7377929688e+02 3.8107376666e-14 1.3569017614e-14 2.4538359052e-14
3.7384033203e+02 3.7997806760e-14 1.3544953817e-14 2.4452852943e-14
3.7390136719e+02 3.7997200708e-14 1.3546202611e-14 2.4450998097e-14
3.7396240234e+02 3.8078354579e-14 1.3607339522e-14 2.4471015057e-14
3.7402343750e+02 3.8223331992e-14 1.3565423994e-14 2.4657907998e-14
3.7408447266e+02 3.8115867343e-14 1.3468791436e-14 2.4647075907e-14
3.7414550781e+02 3.7965389850e-14 1.3487609357e-14 2.4477780492e-14
3.7420654297e+02 3.7832201493e-14 1.3531735071e-14 2.4300466422e-14
3.7426757812e+02 3.7810176837e-14 1.3522788883e-14 2.4287387954e-14
3.7432861328e+02 3.7808055317e-14 1.3551287306e-14 2.4256768010e-14
3.7438964844e+02 3.7654332076e-14 1.3527136385e-14 2.4127195691e-14
3.7445068359e+02 3.7632354303e-14 1.3506073189e-14 2.4126281114e-14
3.7451171875e+02 3.7800485009e-14 1.3549022673e-14 2.4251462335e-14
3.7457275391e+02 3.7781750523e-14 1.3513033704e-14 2.4268716818e-14
3.7463378906e+02 3.7676569351e-14 1.3451868681e-14 2.4224700670e-14
3.7469482422e+02 3.7667429965e-14 1.3453215836e-14 2.4214214129e-14
3.7475585938e+02 3.7773316822e-14 1.3488575102e-14 2.4284741720e-14
3.7481689453e+02 3.7842205796e-14 1.3429015078e-14 2.4413190718e-14
3.7487792969e+02 3.7738433690e-14 1.3433790030e-14 2.4304643661e-14
3.7493896484e+02 3.7752789631e-14 1.3377192612e-14 2.4375597019e-14
3.7500000000e+02 3.7531041183e-14 1.3301209380e-14 2.4229831802e-14
3.7506103516e+02 3.7664337603e-14 1.3338630145e-14 2.4325707458e-14
3.7512207031e+02 3.7659481853e-14 1.3353672739e-14 2.4305809114e-14
3.7518310547e+02 3.7546184660e-14 1.3374459546e-14 2.4171725114e-14
3.7524414062e+02 3.7431761695e-14 1.3389614226e-14 2.4042147470e-14
3.7530517578e+02 3.7415669591e-14 1.3357550020e-14 2.4058119571e-14
3.7536621094e+02 3.7279490649e-14 1.3333157730e-14 2.3946332920e-14
3.7542724609e+02 3.7340403563e-14 1.3393866750e-14 2.3946536813e-14
3.7548828125e+02 3.7438891870e-14 1.3358417867e-14 2.4080474002e-14
3.7554931641e+02 3.7431716488e-14 1.3340089502e-14 2.4091626987e-14
3.7561035156e+02 3.7307038638e-14 1.3336258145e-14 2.3970780493e-14
3.7567138672e+02 3.7314450675e-14 1.3281521490e-14 2.4032929185e-14
3.7573242188e+02 3.7198547721e-14 1.3253270208e-14 2.3945277513e-14
3.7579345703e+02 3.7118465898e-14 1.3234932503e-14 2.3883533395e-14
3.7585449219e+02 3.7190480538e-14 1.3252727950e-14 2.3937752589e-14
3.7591552734e+02 3.7181504545e-14 1.3235420038e-14 2.3946084507e-14
3.7597656250e+02 3.7156801252e-14 1.3256635284e-14 2.3900165968e-14
3.7603759766e+02 3.7162978472e-14 1.3237653865e-14 2.3925324607e-14
3.7609863281e+02 3.7047953731e-14 1.3202821479e-14 2.3845132252e-14
3.7615966797e+02 3.6949524122e-14 1.3205559275e-14 2.3743964847e-14
3.7622070312e+02 3.6928372132e-14 1.3201387134e-14 2.3726984998e-14
3.7628173828e+02 3.6914610927e-14 1.3163337762e-14 2.3751273165e-14
3.7634277344e+02 3.7006503991e-14 1.3203179125e-14 2.3803324865e-14
3.7640380859e+02 3.7095722772e-14 1.3285486551e-14 2.3810236221e-14
3.7646484375e+02 3.7041793422e-14 1.3230594245e-14 2.3811199177e-14
3.7652587891e+02 3.6915759016e-14 1.3199421000e-14 2.3716338016e-14
3.7658691406e+02 3.6849631450e-14 1.3217874319e-14 2.3631757131e-14
3.7664794922e+02 3.6893646648e-14 1.3190107061e-14 2.3703539587e-14
3.7670898438e+02 3.7002019857e-14 1.3180224639e-14 2.3821795218e-14
3.7677001953e+02 3.7107616234e-14 1.3126528077e-14 2.3981088156e-14
3.7683105469e+02 3.6994117480e-14 1.3095714040e-14 2.3898403440e-14
3.7689208984e+02 3.6946879762e-14 1.3130216053e-14 2.3816663708e-14
3.7695312500e+02 3.6846044923e-14 1.3128199161e-14 2.3717845762e-14
3.7701416016e+02 3.6824401405e-14 1.3162876088e-14 2.3661525317e-14
3.7707519531e+02 3.6788498205e-14 1.3177656383e-14 2.3610841822e-14
3.7713623047e+02 3.6772964761e-14 1.3239491645e-14 2.3533473116e-14
3.7719726562e+02 3.6705642125e-14 1.3095016530e-14 2.3610625595e-14
3.7725830078e+02 3.6515067074e-14 1.2949701073e-14 2.3565366001e-14
3.7731933594e+02 3.6547132143e-14 1.2978339359e-14 2.3568792784e-14
3.7738037109e+02 3.6596961876e-14 1.3049236372e-14 2.3547725504e-14
3.7744140625e+02 3.6536865316e-14 1.3018717531e-14 2.3518147785e-14
3.7750244141e+02 3.6506642332e-14 1.2999173752e-14 2.3507468579e-14
3.7756347656e+02 3.6622632551e-14 1.3084325705e-14 2.3538306846e-14
3.7762451172e+02 3.6722467892e-14 1.3084988419e-14 2.3637479474e-14
3.7768554688e+02 3.6760655861e-14 1.3095183304e-14 2.3665472557e-14
3.7774658203e+02 3.6654099318e-14 1.3075930552e-14 2.3578168766e-14
3.7780761719e+02 3.6467489932e-14 1.3000452180e-14 2.3467037752e-14
3.7786865234e+02 3.6440489293e-14 1.2958058656e-14 2.3482430637e-14
3.7792968750e+02 3.6416719794e-14 1.2957097445e-14 2.3459622349e-14
3.7799072266e+02 3.6376222167e-14 1.2953560478e-14 2.3422661689e-14
3.7805175781e+02 3.6194483708e-14 1.2931505551e-14 2.3262978157e-14
3.7811279297e+02 3.6254106515e-14 1.2988455481e-14 2.3265651034e-14
3.7817382812e+02 3.6365291517e-14 1.3022191805e-14 2.3343099712e-14
3.7823486328e+02 3.6257121619e-14 1.2933511193e-14 2.3323610426e-14
3.7829589844e+02 3.6242227447e-14 1.2928917829e-14 2.3313309618e-14
3.7835693359e+02 3.6193054557e-14 1.2899255993e-14 2.3293798564e-14
3.7841796875e+02 3.6242411645e-14 1.2937384960e-14 2.3305026685e-14
3.7847900391e+02 3.6109943135e-14 1.2894841795e-14 2.3215101339e-14
3.7854003906e+02 3.6170515520e-14 1.2844929658e-14 2.3325585862e-14
3.7860107422e+02 3.6206721508e-14 1.2872311661e-14 2.3334409847e-14
3.7866210938e+02 3.6142894535e-14 1.2934826078e-14 2.3208068458e-14
3.7872314453e+02 3.6032503654e-14 1.2894304651e-14 2.3138199003e-14
3.7878417969e+02 3.5981997299e-14 1.2874568698e-14 2.3107428601e-14
3.7884521484e+02 3.6050770572e-14 1.2902998857e-14 2.3147771715e-14
3.7890625000e+02 3.6076472416e-14 1.2887125848e-14 2.3189346568e-14
3.7896728516e+02 3.6088754515e-14 1.2871642628e-14 2.3217111887e-14
3.7902832031e+02 3.6113846153e-14 1.2845774382e-14 2.3268071771e-14
3.7908935547e+02 3.6192514443e-14 1.2862191065e-14 2.3330323378e-14
3.7915039062e+02 3.6299095954e-14 1.2925474550e-14 2.3373621404e-14
3.7921142578e+02 3.6122218033e-14 1.2860110337e-14 2.3262107697e-14
3.7927246094e+02 3.5842451336e-14 1.2780780331e-14 2.3061671004e-14
3.7933349609e+02 3.5811355965e-14 1.2802083188e-14 2.3009272777e-14
3.7939453125e+02 3.5725502052e-14 1.2711967902e-14 2.3013534150e-14
3.7945556641e+02 3.5781902926e-14 1.2767670129e-14 2.3014232796e-14
3.7951660156e+02 3.5937655847e-14 1.2840417721e-14 2.3097238126e-14
3.7957763672e+02 3.5819802285e-14 1.2809514893e-14 2.3010287392e-14
3.7963867188e+02 3.5801273631e-14 1.2757915642e-14 2.3043357989e-14
3.7969970703e+02 3.5864603255e-14 1.2757489940e-14 2.3107113315e-14
3.7976074219e+02 3.5781010360e-14 1.2738436181e-14 2.3042574178e-14
3.7982177734e+02 3.5678112472e-14 1.2721881042e-14 2.2956231429e-14
3.7988281250e+02 3.5691729856e-14 1.2785532893e-14 2.2906196964e-14
3.7994384766e+02 3.5630163063e-14 1.2820905837e-14 2.2809257226e-14
3.8000488281e+02 3.5555823131e-14 1.2813249249e-14 2.2742573882e-14
3.8006591797e+02 3.5589091663e-14 1.2819605103e-14 2.2769486560e-14
3.8012695312e+02 3.5700930708e-14 1.2865575237e-14 2.2835355471e-14
3.8018798828e+02 3.5634201884e-14 1.2754966754e-14 2.2879235130e-14
3.8024902344e+02 3.5635292120e-14 1.2729440202e-14 2.2905851918e-14
3.8031005859e+02 3.5714410310e-14 1.2752304755e-14 2.2962105555e-14
3.8037109375e+02 3.5819473898e-14 1.2773263507e-14 2.3046210391e-14
3.8043212891e+02 3.5749176562e-14 1.2737819633e-14 2.3011356929e-14
3.8049316406e+02 3.5588524744e-14 1.2725864540e-14 2.2862660204e-14
3.8055419922e+02 3.5497113059e-14 1.2728234578e-14 2.2768878481e-14
3.8061523438e+02 3.5370990290e-14 1.2685423369e-14 2.2685566921e-14
3.8067626953e+02 3.5310406869e-14 1.2652990884e-14 2.2657415984e-14
3.8073730469e+02 3.5365727555e-14 1.2723864415e-14 2.2641863140e-14
3.8079833984e+02 3.5357074888e-14 1.2652255813e-14 2.2704819075e-14
3.8085937500e+02 3.5327400010e-14 1.2567815078e-14 2.2759584931e-14
3.8092041016e+02 3.5271925920e-14 1.2466598488e-14 2.2805327432e-14
3.8098144531e+02 3.5411762909e-14 1.2481075065e-14 2.2930687844e-14
3.8104248047e+02 3.5439443627e-14 1.2560998987e-14 2.2878444640e-14
3.8110351562e+02 3.5386672011e-14 1.2586181719e-14 2.2800490292e-14
3.8116455078e+02 3.5357913515e-14 1.2618370292e-14 2.2739543223e-14
3.8122558594e+02 3.5202722417e-14 1.2538168528e-14 2.2664553889e-14
3.8128662109e+02 3.5177141806e-14 1.2546681700e-14 2.2630460107e-14
3.8134765625e+02 3.5064114436e-14 1.2588312333e-14 2.2475802103e-14
3.8140869141e+02 3.5003172133e-14 1.2542700161e-14 2.2460471972e-14
3.8146972656e+02 3.5081181569e-14 1.2490174017e-14 2.2591007552e-14
3.8153076172e+02 3.5178777970e-14 1.2614093309e-14 2.2564684660e-14
3.8159179688e+02 3.5051446240e-14 1.2561421203e-14 2.2490025037e-14
3.8165283203e+02 3.4909917675e-14 1.2414142056e-14 2.2495775619e-14
3.8171386719e+02 3.5046670630e-14 1.2418979450e-14 2.2627691180e-14
3.8177490234e+02 3.5056788399e-14 1.2442976204e-14 2.2613812195e-14
3.8183593750e+02 3.5000828300e-14 1.2467392867e-14 2.2533435433e-14
3.8189697266e+02 3.4936069972e-14 1.2481266841e-14 2.2454803132e-14
3.8195800781e+02 3.4955686275e-14 1.2501843245e-14 2.2453843030e-14
3.8201904297e+02 3.4872402209e-14 1.2498070468e-14 2.2374331741e-14
3.8208007812e+02 3.4857028053e-14 1.2506496546e-14 2.2350531506e-14
3.8214111328e+02 3.4823795566e-14 1.2440602476e-14 2.2383193090e-14
3.8220214844e+02 3.4871264455e-14 1.2368918387e-14 2.2502346068e-14
3.8226318359e+02 3.4802946650e-14 1.2315093379e-14 2.2487853271e-14
3.8232421875e+02 3.4622146585e-14 1.2309315754e-14 2.2312830831e-14
3.8238525391e+02 3.4642975885e-14 1.2388444718e-14 2.2254531167e-14
3.8244628906e+02 3.4645794701e-14 1.2416225973e-14 2.2229568728e-14
3.8250732422e+02 3.4602199572e-14 1.2378193971e-14 2.2224005601e-14
3.8256835938e+02 3.4544046236e-14 1.2339009064e-14 2.2205037172e-14
3.8262939453e+02 3.4565442725e-14 1.2328870159e-14 2.2236572566e-14
3.8269042969e+02 3.4584302986e-14 1.2365185037e-14 2.2219117949e-14
3.8275146484e+02 3.4534625127e-14 1.2369444644e-14 2.2165180484e-14
3.8281250000e+02 3.4519936282e-14 1.2335454420e-14 2.2184481862e-14
3.8287353516e+02 3.4611290696e-14 1.2427083694e-14 2.2184207002e-14
3.8293457031e+02 3.4664186945e-14 1.2392628082e-14 2.2271558863e-14
3.8299560547e+02 3.4691034537e-14 1.2412746241e-14 2.2278288296e-14
3.8305664062e+02 3.4562291445e-14 1.2421760183e-14 2.2140531262e-14
3.8311767578e+02 3.4505223687e-14 1.2377627601e-14 2.2127596086e-14
3.8317871094e+02 3.4471258565e-14 1.2361188457e-14 2.2110070109e-14
3.8323974609e+02 3.4386834308e-14 1.2323867355e-14 2.2062966953e-14
3.8330078125e+02 3.4446649546e-14 1.2367080723e-14 2.2079568823e-14
3.8336181641e+02 3.4462610938e-14 1.2406478952e-14 2.2056131985e-14
3.8342285156e+02 3.4355559734e-14 1.2332043909e-14 2.2023515825e-14
3.8348388672e+02 3.4060420638e-14 1.2221928348e-14 2.1838492291e-14
3.8354492188e+02 3.4078250194e-14 1.2205590319e-14 2.1872659875e-14
3.8360595703e+02 3.4128472759e-14 1.2203068007e-14 2.1925404752e-14
3.8366699219e+02 3.4282860650e-14 1.2209421409e-14 2.2073439240e-14
3.8372802734e+02 3.4372772404e-14 1.2279966124e-14 2.2092806280e-14
3.8378906250e+02 3.4273295266e-14 1.2288566249e-14 2.1984729017e-14
3.8385009766e+02 3.4105856110e-14 1.2285734170e-14 2.1820121940e-14
3.8391113281e+02 3.3997971491e-14 1.2196910789e-14 2.1801060702e-14
3.8397216797e+02 3.4029112343e-14 1.2196108855e-14 2.1833003488e-14
3.8403320312e+02 3.4016238363e-14 1.2202991163e-14 2.1813247199e-14
3.8409423828e+02 3.3920682667e-14 1.2187727046e-14 2.1732955621e-14
3.8415527344e+02 3.4024953346e-14 1.2191035737e-14 2.1833917609e-14
3.8421630859e+02 3.4040031496e-14 1.2245545713e-14 2.1794485783e-14
3.8427734375e+02 3.3900014738e-14 1.2132685668e-14 2.1767329070e-14
3.8433837891e+02 3.3920244560e-14 1.2136595648e-14 2.1783648913e-14
3.8439941406e+02 3.3980883351e-14 1.2073305779e-14 2.1907577571e-14
3.8446044922e+02 3.3847601120e-14 1.2074508210e-14 2.1773092910e-14
3.8452148438e+02 3.3852215860e-14 1.2142727060e-14 2.1709488800e-14
3.8458251953e+02 3.3743107711e-14 1.2192109342e-14 2.1550998369e-14
3.8464355469e+02 3.3649305076e-14 1.2102329226e-14 2.1546975850e-14
3.8470458984e+02 3.3772703622e-14 1.2094890229e-14 2.1677813394e-14
3.8476562500e+02 3.3745851143e-14 1.2028018433e-14 2.1717832710e-14
3.8482666016e+02 3.3754274430e-14 1.2042703489e-14 2.1711570941e-14
3.8488769531e+02 3.3897227042e-14 1.2076849489e-14 2.1820377553e-14
3.8494873047e+02 3.3981328029e-14 1.2108355534e-14 2.1872972495e-14
3.8500976562e+02 3.3912167138e-14 1.2120418204e-14 2.1791748934e-14
3.8507080078e+02 3.3776035371e-14 1.2123441204e-14 2.1652594167e-14
3.8513183594e+02 3.3781019362e-14 1.2114146816e-14 2.1666872546e-14
3.8519287109e+02 3.3721878039e-14 1.2076885709e-14 2.1644992330e-14
3.8525390625e+02 3.3661481634e-14 1.2066623794e-14 2.1594857840e-14
3.8531494141e+02 3.3765099724e-14 1.2093555611e-14 2.1671544112e-14
3.8537597656e+02 3.3790201091e-14 1.2089786682e-14 2.1700414409e-14
3.8543701172e+02 3.3716623188e-14 1.2058518782e-14 2.1658104407e-14
3.8549804688e+02 3.3621374140e-14 1.1992576363e-14 2.1628797777e-14
3.8555908203e+02 3.3823885309e-14 1.2035683913e-14 2.1788201396e-14
3.8562011719e+02 3.3837422938e-14 1.2047001210e-14 2.1790421728e-14
3.8568115234e+02 3.3621903210e-14 1.1968826869e-14 2.1653076341e-14
3.8574218750e+02 3.3533838067e-14 1.1962186717e-14 2.1571651351e-14
3.8580322266e+02 3.3705105274e-14 1.1993643142e-14 2.1711462132e-14
3.8586425781e+02 3.3656908852e-14 1.2029777805e-14 2.1627131047e-14
3.8592529297e+02 3.3451491800e-14 1.1986445819e-14 2.1465045981e-14
3.8598632812e+02 3.3427259106e-14 1.1956495435e-14 2.1470763671e-14
3.8604736328e+02 3.3347309712e-14 1.1946139223e-14 2.1401170489e-14
3.8610839844e+02 3.3171724822e-14 1.1946909602e-14 2.1224815220e-14
3.8616943359e+02 3.3166347714e-14 1.1916674970e-14 2.1249672744e-14
3.8623046875e+02 3.3402449405e-14 1.1952631097e-14 2.1449818308e-14
3.8629150391e+02 3.3425444316e-14 1.1944654529e-14 2.1480789787e-14
3.8635253906e+02 3.3457997202e-14 1.1945000854e-14 2.1512996348e-14
3.8641357422e+02 3.3365870341e-14 1.1918606155e-14 2.1447264186e-14
3.8647460938e+02 3.3156758915e-14 1.1909788149e-14 2.1246970767e-14
3.8653564453e+02 3.3062879225e-14 1.1916851194e-14 2.1146028031e-14
3.8659667969e+02 3.3058874946e-14 1.1885231170e-14 2.1173643776e-14
3.8665771484e+02 3.3260906577e-14 1.1891294660e-14 2.1369611917e-14
3.8671875000e+02 3.3416647700e-14 1.1925780993e-14 2.1490866707e-14
3.8677978516e+02 3.3429949044e-14 1.1934515616e-14 2.1495433428e-14
3.8684082031e+02 3.3374585508e-14 1.1906350102e-14 2.1468235406e-14
3.8690185547e+02 3.3173635472e-14 1.1885316296e-14 2.1288319176e-14
3.8696289062e+02 3.3077382406e-14 1.1887810118e-14 2.1189572288e-14
3.8702392578e+02 3.2976848500e-14 1.1834318639e-14 2.1142529861e-14
3.8708496094e+02 3.3102615931e-14 1.1941490925e-14 2.1161125006e-14
3.8714599609e+02 3.3073009456e-14 1.1870891997e-14 2.1202117459e-14
3.8720703125e+02 3.3191355139e-14 1.1843745214e-14 2.1347609924e-14
3.8726806641e+02 3.3215542418e-14 1.1860569626e-14 2.1354972792e-14
3.8732910156e+02 3.3066996435e-14 1.1849991081e-14 2.1217005354e-14
3.8739013672e+02 3.2971419711e-14 1.1845105075e-14 2.1126314636e-14
3.8745117188e+02 3.2846739777e-14 1.1832780200e-14 2.1013959576e-14
3.8751220703e+02 3.2831907522e-14 1.1760227771e-14 2.1071679751e-14
3.8757324219e+02 3.2978732713e-14 1.1735443951e-14 2.1243288762e-14
3.8763427734e+02 3.3035024042e-14 1.1775285465e-14 2.1259738577e-14
3.8769531250e+02 3.2954836011e-14 1.1727165309e-14 2.1227670703e-14
3.8775634766e+02 3.2798683159e-14 1.1705622617e-14 2.1093060541e-14
3.8781738281e+02 3.2920907926e-14 1.1813118681e-14 2.1107789244e-14
3.8787841797e+02 3.2714440058e-14 1.1729132493e-14 2.0985307565e-14
3.8793945312e+02 3.2738438314e-14 1.1679749523e-14 2.1058688791e-14
3.8800048828e+02 3.2917559157e-14 1.1743109787e-14 2.1174449370e-14
3.8806152344e+02 3.3020877739e-14 1.1737340551e-14 2.1283537187e-14
3.8812255859e+02 3.3058059831e-14 1.1785865231e-14 2.1272194600e-14
3.8818359375e+02 3.2913790376e-14 1.1745205152e-14 2.1168585224e-14
3.8824462891e+02 3.2635394101e-14 1.1691955234e-14 2.0943438868e-14
3.8830566406e+02 3.2451366738e-14 1.1671966352e-14 2.0779400386e-14
3.8836669922e+02 3.2330898478e-14 1.1639187952e-14 2.0691710526e-14
3.8842773438e+02 3.2461838428e-14 1.1657233066e-14 2.0804605362e-14
3.8848876953e+02 3.2681860636e-14 1.1694959189e-14 2.0986901447e-14
3.8854980469e+02 3.2593054250e-14 1.1687449176e-14 2.0905605074e-14
3.8861083984e+02 3.2506004444e-14 1.1697061952e-14 2.0808942492e-14
3.8867187500e+02 3.2421243216e-14 1.1701096998e-14 2.0720146218e-14
3.8873291016e+02 3.2386906307e-14 1.1681316327e-14 2.0705589981e-14
3.8879394531e+02 3.2428037235e-14 1.1642385079e-14 2.0785652155e-14
3.8885498047e+02 3.2497932573e-14 1.1632499294e-14 2.0865433278e-14
3.8891601562e+02 3.2447216406e-14 1.1674510366e-14 2.0772706041e-14
3.8897705078e+02 3.2469796419e-14 1.1670625177e-14 2.0799171242e-14
3.8903808594e+02 3.2346404656e-14 1.1659159052e-14 2.0687245604e-14
3.8909912109e+02 3.2216921926e-14 1.1607426047e-14 2.0609495879e-14
3.8916015625e+02 3.2279778128e-14 1.1619225618e-14 2.0660552510e-14
3.8922119141e+02 3.2342627580e-14 1.1634449981e-14 2.0708177599e-14
3.8928222656e+02 3.2408329674e-14 1.1621142583e-14 2.0787187091e-14
3.8934326172e+02 3.2445453273e-14 1.1572254381e-14 2.0873198893e-14
3.8940429688e+02 3.2268189597e-14 1.1483755840e-14 2.0784433757e-14
3.8946533203e+02 3.2238325119e-14 1.1520476755e-14 2.0717848364e-14
3.8952636719e+02 3.2224454262e-14 1.1574876043e-14 2.0649578219e-14
3.8958740234e+02 3.2041719418e-14 1.1548685095e-14 2.0493034323e-14
3.8964843750e+02 3.2148018974e-14 1.1543001826e-14 2.0605017148e-14
3.8970947266e+02 3.2135702799e-14 1.1588420500e-14 2.0547282299e-14
3.8977050781e+02 3.2135048808e-14 1.1575008368e-14 2.0560040440e-14
3.8983154297e+02 3.2191854480e-14 1.1496015069e-14 2.0695839411e-14
3.8989257812e+02 3.2144151396e-14 1.1494894340e-14 2.0649257056e-14
3.8995361328e+02 3.2239338095e-14 1.1563377309e-14 2.0675960786e-14
3.9001464844e+02 3.2306161234e-14 1.1560030179e-14 2.0746131056e-14
3.9007568359e+02 3.2212345802e-14 1.1502952739e-14 2.0709393063e-14
3.9013671875e+02 3.2172873875e-14 1.1520150697e-14 2.0652723178e-14
3.9019775391e+02 3.2042025994e-14 1.1441935814e-14 2.0600090180e-14
3.9025878906e+02 3.1978688790e-14 1.1439492840e-14 2.0539195951e-14
3.9031982422e+02 3.1993392930e-14 1.1478850352e-14 2.0514542578e-14
3.9038085938e+02 3.1890948298e-14 1.1445725088e-14 2.0445223210e-14
3.9044189453e+02 3.1776373809e-14 1.1432396381e-14 2.0343977428e-14
3.9050292969e+02 3.1852971468e-14 1.1437990785e-14 2.0414980683e-14
3.9056396484e+02 3.1945532236e-14 1.1485328057e-14 2.0460204179e-14
3.9062500000e+02 3.2026311864e-14 1.1476878578e-14 2.0549433286e-14
3.9068603516e+02 3.1944147388e-14 1.1403978752e-14 2.0540168636e-14
3.9074707031e+02 3.1873394256e-14 1.1390664347e-14 2.0482729910e-14
3.9080810547e+02 3.1732092578e-14 1.1376133504e-14 2.0355959074e-14
3.9086914062e+02 3.1604205076e-14 1.1345480716e-14 2.0258724360e-14
3.9093017578e+02 3.1622662913e-14 1.1398191470e-14 2.0224471443e-14
3.9099121094e+02 3.1643045818e-14 1.1384295071e-14 2.0258750747e-14
3.9105224609e+02 3.1617810377e-14 1.1339505850e-14 2.0278304527e-14
3.9111328125e+02 3.1650304015e-14 1.1378855484e-14 2.0271448531e-14
3.9117431641e+02 3.1796616332e-14 1.1414276255e-14 2.0382340078e-14
3.9123535156e+02 3.1839592163e-14 1.1402407443e-14 2.0437184720e-14
3.9129638672e+02 3.1619853920e-14 1.1318288196e-14 2.0301565724e-14
3.9135742188e+02 3.1547711611e-14 1.1327845089e-14 2.0219866523e-14
3.9141845703e+02 3.1580993996e-14 1.1375103954e-14 2.0205890042e-14
3.9147949219e+02 3.1530121542e-14 1.1305553810e-14 2.0224567732e-14
3.9154052734e+02 3.1457981098e-14 1.1237378689e-14 2.0220602410e-14
3.9160156250e+02 3.1549164763e-14 1.1284839820e-14 2.0264324942e-14
3.9166259766e+02 3.1646161437e-14 1.1344663867e-14 2.0301497570e-14
3.9172363281e+02 3.1515853094e-14 1.1301137817e-14 2.0214715277e-14
3.9178466797e+02 3.1597226350e-14 1.1350168958e-14 2.0247057392e-14
3.9184570312e+02 3.1730386571e-14 1.1350466467e-14 2.0379920104e-14
3.9190673828e+02 3.1625358867e-14 1.1312603540e-14 2.0312755326e-14
3.9196777344e+02 3.1562824501e-14 1.1316978001e-14 2.0245846500e-14
3.9202880859e+02 3.1468814307e-14 1.1260468955e-14 2.0208345352e-14
3.9208984375e+02 3.1429363085e-14 1.1222991684e-14 2.0206371401e-14
3.9215087891e+02 3.1236693113e-14 1.1189707737e-14 2.0046985376e-14
3.9221191406e+02 3.1159151872e-14 1.1242324105e-14 1.9916827767e-14
3.9227294922e+02 3.1216992148e-14 1.1271230367e-14 1.9945761781e-14
3.9233398438e+02 3.1352406574e-14 1.1215783514e-14 2.0136623060e-14
3.9239501953e+02 3.1461434350e-14 1.1209966379e-14 2.0251467971e-14
3.9245605469e+02 3.1500014485e-14 1.1208671047e-14 2.0291343438e-14
3.9251708984e+02 3.1360175465e-14 1.1204675026e-14 2.0155500438e-14
3.9257812500e+02 3.1337481470e-14 1.1254993169e-14 2.0082488302e-14
3.9263916016e+02 3.1342076974e-14 1.1268089557e-14 2.0073987417e-14
3.9270019531e+02 3.1227796179e-14 1.1200175236e-14 2.0027620942e-14
3.9276123047e+02 3.1241023354e-14 1.1263590263e-14 1.9977433091e-14
3.9282226562e+02 3.1194566341e-14 1.1250854005e-14 1.9943712336e-14
3.9288330078e+02 3.1135454041e-14 1.1133302550e-14 2.0002151490e-14
3.9294433594e+02 3.1107032314e-14 1.1128360339e-14 1.9978671975e-14
3.9300537109e+02 3.1161245594e-14 1.1118446861e-14 2.0042798734e-14
3.9306640625e+02 3.1261976904e-14 1.1173477450e-14 2.0088499454e-14
3.9312744141e+02 3.1120417406e-14 1.1151680089e-14 1.9968737317e-14
3.9318847656e+02 3.1002443628e-14 1.1089838000e-14 1.9912605628e-14
3.9324951172e+02 3.0989510687e-14 1.1068761177e-14 1.9920749510e-14
3.9331054688e+02 3.0960702555e-14 1.1090649341e-14 1.9870053214e-14
3.9337158203e+02 3.0962478866e-14 1.1135555192e-14 1.9826923674e-14
3.9343261719e+02 3.0820835529e-14 1.1112659624e-14 1.9708175906e-14
3.9349365234e+02 3.0783168150e-14 1.1104597909e-14 1.9678570240e-14
3.9355468750e+02 3.0798411106e-14 1.1047676640e-14 1.9750734466e-14
3.9361572266e+02 3.0928919930e-14 1.1062347744e-14 1.9866572186e-14
3.9367675781e+02 3.1081414118e-14 1.1167037531e-14 1.9914376587e-14
3.9373779297e+02 3.1048157835e-14 1.1167068196e-14 1.9881089638e-14
3.9379882812e+02 3.1061563438e-14 1.1156406364e-14 1.9905157074e-14
3.9385986328e+02 3.0974918691e-14 1.1084629113e-14 1.9890289578e-14
3.9392089844e+02 3.0793002857e-14 1.1036322892e-14 1.9756679966e-14
3.9398193359e+02 3.0609252109e-14 1.0990314110e-14 1.9618937999e-14
3.9404296875e+02 3.0584664428e-14 1.1009981730e-14 1.9574682697e-14
3.9410400391e+02 3.0631613278e-14 1.1027763424e-14 1.9603849854e-14
3.9416503906e+02 3.0676207993e-14 1.1042232547e-14 1.9633975446e-14
3.9422607422e+02 3.0837998832e-14 1.1060511883e-14 1.9777486948e-14
3.9428710938e+02 3.0916230120e-14 1.1022231517e-14 1.9893998603e-14
3.9434814453e+02 3.0892419273e-14 1.0976876843e-14 1.9915542430e-14
3.9440917969e+02 3.0899850895e-14 1.0970094211e-14 1.9929756684e-14
3.9447021484e+02 3.0819608251e-14 1.0995445459e-14 1.9824162793e-14
3.9453125000e+02 3.0750989182e-14 1.1022532790e-14 1.9728456391e-14
3.9459228516e+02 3.0582492149e-14 1.0972581844e-14 1.9609910305e-14
3.9465332031e+02 3.0460999645e-14 1.0939715831e-14 1.9521283814e-14
3.9471435547e+02 3.0491945978e-14 1.0930279479e-14 1.9561666499e-14
3.9477539062e+02 3.0611680608e-14 1.1005192409e-14 1.9606488198e-14
3.9483642578e+02 3.0551634924e-14 1.1031066920e-14 1.9520568005e-14
3.9489746094e+02 3.0615092481e-14 1.1054640735e-14 1.9560451746e-14
3.9495849609e+02 3.0646411452e-14 1.1026869773e-14 1.9619541679e-14
3.9501953125e+02 3.0681171804e-14 1.0976561070e-14 1.9704610734e-14
3.9508056641e+02 3.0571897682e-14 1.0901943009e-14 1.9669954673e-14
3.9514160156e+02 3.0518761277e-14 1.0867713168e-14 1.9651048108e-14
3.9520263672e+02 3.0425375008e-14 1.0901681804e-14 1.9523693204e-14
3.9526367188e+02 3.0380490546e-14 1.0960859417e-14 1.9419631129e-14
3.9532470703e+02 3.0356372027e-14 1.0953000620e-14 1.9403371407e-14
3.9538574219e+02 3.0387280955e-14 1.0929996751e-14 1.9457284204e-14
3.9544677734e+02 3.0397645755e-14 1.0922448003e-14 1.9475197751e-14
3.9550781250e+02 3.0523606197e-14 1.0941869429e-14 1.9581736769e-14
3.9556884766e+02 3.0468628084e-14 1.0916656427e-14 1.9551971658e-14
3.9562988281e+02 3.0375277518e-14 1.0876525844e-14 1.9498751675e-14
3.9569091797e+02 3.0462818757e-14 1.0846658515e-14 1.9616160242e-14
3.9575195312e+02 3.0460356488e-14 1.0797503907e-14 1.9662852581e-14
3.9581298828e+02 3.0208875267e-14 1.0811090121e-14 1.9397785145e-14
3.9587402344e+02 3.0127764598e-14 1.0886684963e-14 1.9241079636e-14
3.9593505859e+02 3.0096888841e-14 1.0885436574e-14 1.9211452267e-14
3.9599609375e+02 3.0118802328e-14 1.0899958368e-14 1.9218843960e-14
3.9605712891e+02 3.0233069038e-14 1.0881002548e-14 1.9352066490e-14
3.9611816406e+02 3.0217639268e-14 1.0853509815e-14 1.9364129453e-14
3.9617919922e+02 3.0145873137e-14 1.0806306147e-14 1.9339566990e-14
3.9624023438e+02 3.0160987500e-14 1.0830222180e-14 1.9330765320e-14
3.9630126953e+02 3.0145130719e-14 1.0812272808e-14 1.9332857911e-14
3.9636230469e+02 3.0185949589e-14 1.0865650682e-14 1.9320298907e-14
3.9642333984e+02 3.0233388543e-14 1.0870515937e-14 1.9362872606e-14
3.9648437500e+02 3.0154933949e-14 1.0827722005e-14 1.9327211944e-14
3.9654541016e+02 3.0012049287e-14 1.0794302414e-14 1.9217746873e-14
3.9660644531e+02 2.9947036016e-14 1.0774568586e-14 1.9172467431e-14
3.9666748047e+02 2.9939296192e-14 1.0753725223e-14 1.9185570969e-14
3.9672851562e+02 3.0025038621e-14 1.0732344729e-14 1.9292693891e-14
3.9678955078e+02 3.0059764798e-14 1.0732418884e-14 1.9327345914e-14
3.9685058594e+02 2.9972883091e-14 1.0705775569e-14 1.9267107521e-14
3.9691162109e+02 3.0065690549e-14 1.0744836898e-14 1.9320853650e-14
3.9697265625e+02 3.0005508392e-14 1.0699550432e-14 1.9305957960e-14
3.9703369141e+02 2.9894046608e-14 1.0664264340e-14 1.9229782269e-14
3.9709472656e+02 2.9867854351e-14 1.0731951389e-14 1.9135902962e-14
3.9715576172e+02 2.9962591821e-14 1.0737929509e-14 1.9224662312e-14
3.9721679688e+02 2.9801557383e-14 1.0700565904e-14 1.9100991480e-14
3.9727783203e+02 2.9611368171e-14 1.0648631207e-14 1.8962736964e-14
3.9733886719e+02 2.9781240062e-14 1.0709441347e-14 1.9071798716e-14
3.9739990234e+02 2.9808444478e-14 1.0723988468e-14 1.9084456010e-14
3.9746093750e+02 2.9771788085e-14 1.0708371682e-14 1.9063416403e-14
3.9752197266e+02 2.9865235589e-14 1.0693523464e-14 1.9171712125e-14
3.9758300781e+02 2.9922950974e-14 1.0696387116e-14 1.9226563857e-14
3.9764404297e+02 2.9832013954e-14 1.0602302084e-14 1.9229711870e-14
3.9770507812e+02 2.9819931494e-14 1.0565662733e-14 1.9254268761e-14
3.9776611328e+02 2.9811310201e-14 1.0618590041e-14 1.9192720159e-14
3.9782714844e+02 2.9781973286e-14 1.0563462286e-14 1.9218510999e-14
3.9788818359e+02 2.9805122457e-14 1.0625087427e-14 1.9180035030e-14
3.9794921875e+02 2.9642160703e-14 1.0649966763e-14 1.8992193941e-14
3.9801025391e+02 2.9417664198e-14 1.0554611524e-14 1.8863052674e-14
3.9807128906e+02 2.9363894627e-14 1.0567526339e-14 1.8796368289e-14
3.9813232422e+02 2.9475808681e-14 1.0636280840e-14 1.8839527841e-14
3.9819335938e+02 2.9580178509e-14 1.0616098662e-14 1.8964079847e-14
3.9825439453e+02 2.9533594450e-14 1.0655863483e-14 1.8877730966e-14
3.9831542969e+02 2.9506035384e-14 1.0636507943e-14 1.8869527441e-14
3.9837646484e+02 2.9592623059e-14 1.0631319078e-14 1.8961303981e-14
3.9843750000e+02 2.9491673544e-14 1.0582346182e-14 1.8909327362e-14
3.9849853516e+02 2.9346591352e-14 1.0570146396e-14 1.8776444956e-14
3.9855957031e+02 2.9263860507e-14 1.0560922326e-14 1.8702938181e-14
3.9862060547e+02 2.9230273844e-14 1.0520415839e-14 1.8709858004e-14
3.9868164062e+02 2.9354035424e-14 1.0518609250e-14 1.8835426173e-14
3.9874267578e+02 2.9370789028e-14 1.0486545284e-14 1.8884243744e-14
3.9880371094e+02 2.9219018745e-14 1.0440534732e-14 1.8778484013e-14
3.9886474609e+02 2.9223196237e-14 1.0455005541e-14 1.8768190696e-14
3.9892578125e+02 2.9241099896e-14 1.0440109873e-14 1.8800990023e-14
3.9898681641e+02 2.9305620286e-14 1.0448751408e-14 1.8856868878e-14
3.9904785156e+02 2.9402630099e-14 1.0467988430e-14 1.8934641668e-14
3.9910888672e+02 2.9345899759e-14 1.0531792509e-14 1.8814107250e-14
3.9916992188e+02 2.9158572715e-14 1.0522840824e-14 1.8635731891e-14
3.9923095703e+02 2.9062373353e-14 1.0502676398e-14 1.8559696956e-14
3.9929199219e+02 2.9085985243e-14 1.0510744388e-14 1.8575240855e-14
3.9935302734e+02 2.9049289112e-14 1.0518656292e-14 1.8530632820e-14
3.9941406250e+02 2.9131628107e-14 1.0562556420e-14 1.8569071687e-14
3.9947509766e+02 2.9282939100e-14 1.0556281427e-14 1.8726657673e-14
3.9953613281e+02 2.9257235172e-14 1.0497095780e-14 1.8760139391e-14
3.9959716797e+02 2.9162843286e-14 1.0478196097e-14 1.8684647189e-14
3.9965820312e+02 2.9082812323e-14 1.0458003224e-14 1.8624809099e-14
3.9971923828e+02 2.9072245717e-14 1.0497899711e-14 1.8574346006e-14
3.9978027344e+02 2.9004126698e-14 1.0527530949e-14 1.8476595749e-14
3.9984130859e+02 2.9019685302e-14 1.0539220893e-14 1.8480464410e-14
3.9990234375e+02 2.8964745476e-14 1.0476890933e-14 1.8487854543e-14
3.9996337891e+02 2.8933922597e-14 1.0427199014e-14 1.8506723583e-14
4.0002441406e+02 2.9103101362e-14 1.0431636454e-14 1.8671464908e-14
4.0008544922e+02 2.9048340308e-14 1.0425320104e-14 1.8623020204e-14
4.0014648438e+02 2.8966376686e-14 1.0453778757e-14 1.8512597930e-14
4.0020751953e+02 2.8903547649e-14 1.0486682833e-14 1.8416864816e-14
4.0026855469e+02 2.8868244870e-14 1.0434232949e-14 1.8434011920e-14
4.0032958984e+02 2.8803013588e-14 1.0379167412e-14 1.8423846175e-14
4.0039062500e+02 2.8797343241e-14 1.0373738561e-14 1.8423604680e-14
4.0045166016e+02 2.8809139820e-14 1.0383657434e-14 1.8425482386e-14
4.0051269531e+02 2.8825308280e-14 1.0340546333e-14 1.8484761947e-14
4.0057373047e+02 2.8707198534e-14 1.0282272873e-14 1.8424925661e-14
4.0063476562e+02 2.8570728591e-14 1.0266780687e-14 1.8303947905e-14
4.0069580078e+02 2.8634875954e-14 1.0359897278e-14 1.8274978676e-14
4.0075683594e+02 2.8677867154e-14 1.0426722854e-14 1.8251144300e-14
4.0081787109e+02 2.8638221487e-14 1.0388385861e-14 1.8249835626e-14
4.0087890625e+02 2.8587282441e-14 1.0336773254e-14 1.8250509187e-14
4.0093994141e+02 2.8647997863e-14 1.0325457494e-14 1.8322540369e-14
4.0100097656e+02 2.8708637772e-14 1.0357680476e-14 1.8350957296e-14
4.0106201172e+02 2.8662233780e-14 1.0360522645e-14 1.8301711135e-14
4.0112304688e+02 2.8720089351e-14 1.0348776634e-14 1.8371312718e-14
4.0118408203e+02 2.8617451435e-14 1.0277342591e-14 1.8340108844e-14
4.0124511719e+02 2.8598708379e-14 1.0227082518e-14 1.8371625861e-14
4.0130615234e+02 2.8581371035e-14 1.0218724007e-14 1.8362647029e-14
4.0136718750e+02 2.8603115710e-14 1.0274574898e-14 1.8328540812e-14
4.0142822266e+02 2.8665017702e-14 1.0311668084e-14 1.8353349618e-14
4.0148925781e+02 2.8671844731e-14 1.0341522250e-14 1.8330322481e-14
4.0155029297e+02 2.8532935577e-14 1.0302587371e-14 1.8230348206e-14
4.0161132812e+02 2.8413169147e-14 1.0210923104e-14 1.8202246043e-14
4.0167236328e+02 2.8372900288e-14 1.0199968832e-14 1.8172931456e-14
4.0173339844e+02 2.8509569491e-14 1.0286185706e-14 1.8223383786e-14
4.0179443359e+02 2.8512257673e-14 1.0295293133e-14 1.8216964541e-14
4.0185546875e+02 2.8451339049e-14 1.0239755048e-14 1.8211584000e-14
4.0191650391e+02 2.8403565504e-14 1.0260370562e-14 1.8143194943e-14
4.0197753906e+02 2.8432369908e-14 1.0232779575e-14 1.8199590333e-14
4.0203857422e+02 2.8404302388e-14 1.0221782951e-14 1.8182519437e-14
4.0209960938e+02 2.8279832114e-14 1.0168676708e-14 1.8111155406e-14
4.0216064453e+02 2.8352991320e-14 1.0184474957e-14 1.8168516363e-14
4.0222167969e+02 2.8448726048e-14 1.0243688637e-14 1.8205037412e-14
4.0228271484e+02 2.8536309111e-14 1.0264699743e-14 1.8271609368e-14
4.0234375000e+02 2.8476528908e-14 1.0188849159e-14 1.8287679749e-14
4.0240478516e+02 2.8538028543e-14 1.0217896118e-14 1.8320132424e-14
4.0246582031e+02 2.8508743724e-14 1.0239196047e-14 1.8269547677e-14
4.0252685547e+02 2.8328485536e-14 1.0172562036e-14 1.8155923500e-14
4.0258789062e+02 2.8205686403e-14 1.0091208384e-14 1.8114478018e-14
4.0264892578e+02 2.8205815879e-14 1.0136014806e-14 1.8069801072e-14
4.0270996094e+02 2.8195260962e-14 1.0154208028e-14 1.8041052933e-14
4.0277099609e+02 2.8146415033e-14 1.0145288953e-14 1.8001126080e-14
4.0283203125e+02 2.8126484910e-14 1.0161967465e-14 1.7964517445e-14
4.0289306641e+02 2.8103018276e-14 1.0152346750e-14 1.7950671526e-14
4.0295410156e+02 2.8064962064e-14 1.0052926393e-14 1.8012035671e-14
4.0301513672e+02 2.8151395560e-14 1.0067262450e-14 1.8084133110e-14
4.0307617188e+02 2.8178184789e-14 1.0126457109e-14 1.8051727681e-14
4.0313720703e+02 2.8241090830e-14 1.0165977703e-14 1.8075113127e-14
4.0319824219e+02 2.8180110347e-14 1.0129945422e-14 1.8050164925e-14
4.0325927734e+02 2.7988928677e-14 1.0068609441e-14 1.7920319236e-14
4.0332031250e+02 2.7875038411e-14 1.0041046276e-14 1.7833992135e-14
4.0338134766e+02 2.7895250765e-14 1.0057046540e-14 1.7838204226e-14
4.0344238281e+02 2.8014951844e-14 1.0117082609e-14 1.7897869235e-14
4.0350341797e+02 2.7996999079e-14 1.0162026626e-14 1.7834972453e-14
4.0356445312e+02 2.7995356162e-14 1.0146060194e-14 1.7849295968e-14
4.0362548828e+02 2.7949725229e-14 1.0084452066e-14 1.7865273163e-14
4.0368652344e+02 2.7950996193e-14 1.0014273429e-14 1.7936722764e-14
4.0374755859e+02 2.7803493957e-14 1.0050953246e-14 1.7752540711e-14
4.0380859375e+02 2.7808350961e-14 1.0021966722e-14 1.7786384238e-14
4.0386962891e+02 2.7828434887e-14 1.0028237416e-14 1.7800197471e-14
4.0393066406e+02 2.7811847473e-14 1.0097442251e-14 1.7714405222e-14
4.0399169922e+02 2.7724599430e-14 1.0057641462e-14 1.7666957968e-14
4.0405273438e+02 2.7768921413e-14 1.0003604791e-14 1.7765316622e-14
4.0411376953e+02 2.7980178561e-14 1.0028550630e-14 1.7951627931e-14
4.0417480469e+02 2.8067344908e-14 1.0006143275e-14 1.8061201633e-14
4.0423583984e+02 2.7926314390e-14 9.9728581067e-15 1.7953456283e-14
4.0429687500e+02 2.7767831016e-14 1.0017658963e-14 1.7750172053e-14
4.0435791016e+02 2.7743034430e-14 1.0046544842e-14 1.7696489587e-14
4.0441894531e+02 2.7771701999e-14 1.0088449544e-14 1.7683252455e-14
4.0447998047e+02 2.7707742634e-14 1.0043277583e-14 1.7664465051e-14
4.0454101562e+02 2.7680100323e-14 9.9883046490e-15 1.7691795674e-14
4.0460205078e+02 2.7729107482e-14 1.0031567156e-14 1.7697540326e-14
4.0466308594e+02 2.7692800466e-14 1.0079398083e-14 1.7613402383e-14
4.0472412109e+02 2.7640108996e-14 1.0019320214e-14 1.7620788782e-14
4.0478515625e+02 2.7604418677e-14 1.0057233706e-14 1.7547184971e-14
4.0484619141e+02 2.7614413291e-14 1.0017625022e-14 1.7596788269e-14
4.0490722656e+02 2.7736596775e-14 1.0002922953e-14 1.7733673822e-14
4.0496826172e+02 2.7777923767e-14 9.9616286310e-15 1.7816295136e-14
4.0502929688e+02 2.7670634240e-14 9.9116870157e-15 1.7758947224e-14
4.0509033203e+02 2.7729520256e-14 1.0010388776e-14 1.7719131480e-14
4.0515136719e+02 2.7504713416e-14 9.9612627490e-15 1.7543450667e-14
4.0521240234e+02 2.7449976057e-14 9.9702266653e-15 1.7479749392e-14
4.0527343750e+02 2.7527525726e-14 9.9190153125e-15 1.7608510413e-14
4.0533447266e+02 2.7543330076e-14 9.9193277139e-15 1.7624002362e-14
4.0539550781e+02 2.7575096436e-14 9.9322169476e-15 1.7642879489e-14
4.0545654297e+02 2.7573260260e-14 9.9032043506e-15 1.7670055909e-14
4.0551757812e+02 2.7531571972e-14 9.8577936659e-15 1.7673778306e-14
4.0557861328e+02 2.7549983093e-14 9.8825780880e-15 1.7667405005e-14
4.0563964844e+02 2.7511602592e-14 9.9216267896e-15 1.7589975802e-14
4.0570068359e+02 2.7580893478e-14 9.9544139298e-15 1.7626479549e-14
4.0576171875e+02 2.7537345737e-14 9.8907054767e-15 1.7646640260e-14
4.0582275391e+02 2.7530464016e-14 9.8291899776e-15 1.7701274038e-14
4.0588378906e+02 2.7567616533e-14 9.8803156878e-15 1.7687300845e-14
4.0594482422e+02 2.7500852981e-14 9.8790610610e-15 1.7621791920e-14
4.0600585938e+02 2.7491958361e-14 9.8750477249e-15 1.7616910636e-14
4.0606689453e+02 2.7429920076e-14 9.9123290520e-15 1.7517591024e-14
4.0612792969e+02 2.7393305113e-14 9.8919510124e-15 1.7501354101e-14
4.0618896484e+02 2.7264752289e-14 9.8163485421e-15 1.7448403747e-14
4.0625000000e+02 2.7330298073e-14 9.8833611193e-15 1.7446936954e-14
4.0631103516e+02 2.7328984773e-14 9.8819992415e-15 1.7446985532e-14
4.0637207031e+02 2.7179502508e-14 9.8229338644e-15 1.7356568644e-14
4.0643310547e+02 2.7202223034e-14 9.8315942077e-15 1.7370628826e-14
4.0649414062e+02 2.7103238967e-14 9.8584740195e-15 1.7244764947e-14
4.0655517578e+02 2.7055195044e-14 9.8506165344e-15 1.7204578510e-14
4.0661621094e+02 2.7099488121e-14 9.8568554327e-15 1.7242632688e-14
4.0667724609e+02 2.7247122176e-14 9.8681748560e-15 1.7378947320e-14
4.0673828125e+02 2.7236294594e-14 9.8203936007e-15 1.7415900993e-14
4.0679931641e+02 2.7015944012e-14 9.6851205399e-15 1.7330823472e-14
4.0686035156e+02 2.7087727362e-14 9.7264163775e-15 1.7361310984e-14
4.0692138672e+02 2.7161873141e-14 9.7806735548e-15 1.7381199587e-14
4.0698242188e+02 2.7153695021e-14 9.7640735860e-15 1.7389621435e-14
4.0704345703e+02 2.7198800210e-14 9.7777214075e-15 1.7421078802e-14
4.0710449219e+02 2.7161863157e-14 9.7931802100e-15 1.7368682947e-14
4.0716552734e+02 2.6967629137e-14 9.7756608496e-15 1.7191968288e-14
4.0722656250e+02 2.7085195463e-14 9.8508816214e-15 1.7234313842e-14
4.0728759766e+02 2.7084800301e-14 9.8845063534e-15 1.7200293947e-14
4.0734863281e+02 2.6855774135e-14 9.8193365631e-15 1.7036437572e-14
4.0740966797e+02 2.6845002812e-14 9.7551467203e-15 1.7089856092e-14
4.0747070312e+02 2.7012144651e-14 9.7835949931e-15 1.7228549658e-14
4.0753173828e+02 2.7068278748e-14 9.7525283456e-15 1.7315750402e-14
4.0759277344e+02 2.7052139802e-14 9.7241224329e-15 1.7328017369e-14
4.0765380859e+02 2.7048367837e-14 9.7156604906e-15 1.7332707347e-14
4.0771484375e+02 2.7154166548e-14 9.7335195524e-15 1.7420646996e-14
4.0777587891e+02 2.7078250229e-14 9.7121528238e-15 1.7366097405e-14
4.0783691406e+02 2.6902619241e-14 9.7299582341e-15 1.7172661007e-14
4.0789794922e+02 2.6871535454e-14 9.6945634513e-15 1.7176972003e-14
4.0795898438e+02 2.6948683693e-14 9.6699150736e-15 1.7278768619e-14
4.0802001953e+02 2.6926180027e-14 9.6593500502e-15 1.7266829977e-14
4.0808105469e+02 2.6946473594e-14 9.7502295090e-15 1.7196244085e-14
4.0814208984e+02 2.6885815094e-14 9.7366342966e-15 1.7149180797e-14
4.0820312500e+02 2.6911168445e-14 9.6622857987e-15 1.7248882646e-14
4.0826416016e+02 2.6880648290e-14 9.6760781390e-15 1.7204570151e-14
4.0832519531e+02 2.6773767209e-14 9.7108703248e-15 1.7062896884e-14
4.0838623047e+02 2.6605859837e-14 9.6207320628e-15 1.6985127775e-14
4.0844726562e+02 2.6601176134e-14 9.5860590724e-15 1.7015117062e-14
4.0850830078e+02 2.6736310651e-14 9.6456999542e-15 1.7090610697e-14
4.0856933594e+02 2.6719658547e-14 9.6521994970e-15 1.7067459050e-14
4.0863037109e+02 2.6602711216e-14 9.6307333080e-15 1.6971977909e-14
4.0869140625e+02 2.6605724738e-14 9.6148582162e-15 1.6990866522e-14
4.0875244141e+02 2.6608323968e-14 9.5416705026e-15 1.7066653465e-14
4.0881347656e+02 2.6707148391e-14 9.6442846313e-15 1.7062863760e-14
4.0887451172e+02 2.6705766416e-14 9.6762927404e-15 1.7029473676e-14
4.0893554688e+02 2.6608060961e-14 9.6416913334e-15 1.6966369627e-14
4.0899658203e+02 2.6586533215e-14 9.6161205023e-15 1.6970412713e-14
4.0905761719e+02 2.6514595256e-14 9.5857382462e-15 1.6928857010e-14
4.0911865234e+02 2.6424642485e-14 9.5903612075e-15 1.6834281278e-14
4.0917968750e+02 2.6521220446e-14 9.6094698224e-15 1.6911750624e-14
4.0924072266e+02 2.6554001345e-14 9.6033767878e-15 1.6950624557e-14
4.0930175781e+02 2.6460786838e-14 9.5949948635e-15 1.6865791975e-14
4.0936279297e+02 2.6452881109e-14 9.6023676580e-15 1.6850513451e-14
4.0942382812e+02 2.6454618884e-14 9.5964647479e-15 1.6858154136e-14
4.0948486328e+02 2.6450262495e-14 9.5712381120e-15 1.6879024383e-14
4.0954589844e+02 2.6490668812e-14 9.5929065421e-15 1.6897762269e-14
4.0960693359e+02 2.6494348738e-14 9.5601566421e-15 1.6934192096e-14
4.0966796875e+02 2.6503865867e-14 9.5625877017e-15 1.6941278165e-14
4.0972900391e+02 2.6437057723e-14 9.5925202560e-15 1.6844537467e-14
4.0979003906e+02 2.6344502600e-14 9.5555163425e-15 1.6788986258e-14
4.0985107422e+02 2.6419826758e-14 9.5147296941e-15 1.6905097064e-14
4.0991210938e+02 2.6487760481e-14 9.4912056280e-15 1.6996554853e-14
4.0997314453e+02 2.6461099090e-14 9.4756432466e-15 1.6985455844e-14
4.1003417969e+02 2.6346860749e-14 9.5304866006e-15 1.6816374149e-14
4.1009521484e+02 2.6068342376e-14 9.5396347033e-15 1.6528707673e-14
4.1015625000e+02 2.6226364416e-14 9.5380234575e-15 1.6688340958e-14
4.1021728516e+02 2.6392859093e-14 9.5263064441e-15 1.6866552649e-14
4.1027832031e+02 2.6405656287e-14 9.4916817847e-15 1.6913974503e-14
4.1033935547e+02 2.6361900226e-14 9.4703085518e-15 1.6891591674e-14
4.1040039062e+02 2.6305685732e-14 9.4491654326e-15 1.6856520300e-14
4.1046142578e+02 2.6292606165e-14 9.4646080417e-15 1.6827998123e-14
4.1052246094e+02 2.6280400470e-14 9.4765543514e-15 1.6803846119e-14
4.1058349609e+02 2.6188587599e-14 9.5078680521e-15 1.6680719547e-14
4.1064453125e+02 2.6142162192e-14 9.5121173837e-15 1.6630044808e-14
4.1070556641e+02 2.6048105134e-14 9.4405502204e-15 1.6607554914e-14
4.1076660156e+02 2.6213129136e-14 9.4685000958e-15 1.6744629040e-14
4.1082763672e+02 2.6322924005e-14 9.4733611219e-15 1.6849562883e-14
4.1088867188e+02 2.6185102086e-14 9.4789159793e-15 1.6706186107e-14
4.1094970703e+02 2.5962976782e-14 9.4751711215e-15 1.6487805661e-14
4.1101074219e+02 2.5842459159e-14 9.3864646969e-15 1.6455994462e-14
4.1107177734e+02 2.5978658362e-14 9.4266124787e-15 1.6552045884e-14
4.1113281250e+02 2.6098481990e-14 9.4246883859e-15 1.6673793604e-14
4.1119384766e+02 2.6118165449e-14 9.4354421808e-15 1.6682723268e-14
4.1125488281e+02 2.5951154081e-14 9.4241904021e-15 1.6526963678e-14
4.1131591797e+02 2.5834598960e-14 9.4257995630e-15 1.6408799397e-14
4.1137695312e+02 2.5818633243e-14 9.4169201996e-15 1.6401713043e-14
4.1143798828e+02 2.5886790919e-14 9.4326064445e-15 1.6454184474e-14
4.1149902344e+02 2.5844687100e-14 9.4193172648e-15 1.6425369835e-14
4.1156005859e+02 2.6004541919e-14 9.4105346615e-15 1.6594007257e-14
4.1162109375e+02 2.6070248292e-14 9.4171409000e-15 1.6653107392e-14
4.1168212891e+02 2.6067297786e-14 9.3878128834e-15 1.6679484902e-14
4.1174316406e+02 2.6001643161e-14 9.3485413000e-15 1.6653101861e-14
4.1180419922e+02 2.5851658066e-14 9.3373639399e-15 1.6514294126e-14
4.1186523438e+02 2.5694866815e-14 9.3501234982e-15 1.6344743316e-14
4.1192626953e+02 2.5813515087e-14 9.3974279997e-15 1.6416087087e-14
4.1198730469e+02 2.5888699195e-14 9.3707422499e-15 1.6517956945e-14
4.1204833984e+02 2.5886960811e-14 9.3916427867e-15 1.6495318025e-14
4.1210937500e+02 2.5811244416e-14 9.3550590473e-15 1.6456185368e-14
4.1217041016e+02 2.5880457068e-14 9.3653295032e-15 1.6515127565e-14
4.1223144531e+02 2.6075672051e-14 9.4183478677e-15 1.6657324183e-14
4.1229248047e+02 2.6030162189e-14 9.3720486551e-15 1.6658113534e-14
4.1235351562e+02 2.5922603069e-14 9.3215957577e-15 1.6601007311e-14
4.1241455078e+02 2.5783692630e-14 9.3243319003e-15 1.6459360729e-14
4.1247558594e+02 2.5770103857e-14 9.3596053819e-15 1.6410498475e-14
4.1253662109e+02 2.5809406386e-14 9.3364736910e-15 1.6472932695e-14
4.1259765625e+02 2.5853422490e-14 9.3384676366e-15 1.6514954853e-14
4.1265869141e+02 2.5735444313e-14 9.3679078771e-15 1.6367536436e-14
4.1271972656e+02 2.5556793538e-14 9.3322691844e-15 1.6224524353e-14
4.1278076172e+02 2.5591178736e-14 9.3093273602e-15 1.6281851375e-14
4.1284179688e+02 2.5524754615e-14 9.2781858367e-15 1.6246568779e-14
4.1290283203e+02 2.5536278349e-14 9.2663108015e-15 1.6269967547e-14
4.1296386719e+02 2.5623884863e-14 9.2566301423e-15 1.6367254721e-14
4.1302490234e+02 2.5535756425e-14 9.1856466378e-15 1.6350109788e-14
4.1308593750e+02 2.5513143841e-14 9.2176374866e-15 1.6295506354e-14
4.1314697266e+02 2.5514594346e-14 9.2820743753e-15 1.6232519971e-14
4.1320800781e+02 2.5571725336e-14 9.3273542796e-15 1.6244371057e-14
4.1326904297e+02 2.5523414770e-14 9.2521144422e-15 1.6271300328e-14
4.1333007812e+02 2.5422808920e-14 9.2316300149e-15 1.6191178905e-14
4.1339111328e+02 2.5550525347e-14 9.2744920230e-15 1.6276033324e-14
4.1345214844e+02 2.5688882478e-14 9.2917426520e-15 1.6397139826e-14
4.1351318359e+02 2.5654563512e-14 9.2546015956e-15 1.6399961916e-14
4.1357421875e+02 2.5604142031e-14 9.2703624866e-15 1.6333779544e-14
4.1363525391e+02 2.5566228184e-14 9.2923153658e-15 1.6273912818e-14
4.1369628906e+02 2.5604829975e-14 9.3094046900e-15 1.6295425285e-14
4.1375732422e+02 2.5683342888e-14 9.2876388735e-15 1.6395704014e-14
4.1381835938e+02 2.5593363833e-14 9.2257220689e-15 1.6367641764e-14
4.1387939453e+02 2.5509212405e-14 9.1948025484e-15 1.6314409857e-14
4.1394042969e+02 2.5366700197e-14 9.1569930637e-15 1.6209707133e-14
4.1400146484e+02 2.5295957298e-14 9.1679849145e-15 1.6127972383e-14
4.1406250000e+02 2.5373333864e-14 9.1960013305e-15 1.6177332533e-14
4.1412353516e+02 2.5341038635e-14 9.1630487614e-15 1.6177989874e-14
4.1418457031e+02 2.5459032325e-14 9.1929459443e-15 1.6266086380e-14
4.1424560547e+02 2.5549393017e-14 9.2544514199e-15 1.6294941597e-14
4.1430664062e+02 2.5449486025e-14 9.1622753834e-15 1.6287210642e-14
4.1436767578e+02 2.5399337006e-14 9.1746510951e-15 1.6224685911e-14
4.1442871094e+02 2.5501488806e-14 9.1928504757e-15 1.6308638330e-14
4.1448974609e+02 2.5517705851e-14 9.1927261894e-15 1.6324979662e-14
4.1455078125e+02 2.5424658982e-14 9.1501574151e-15 1.6274501567e-14
4.1461181641e+02 2.5571243912e-14 9.1557157721e-15 1.6415528140e-14
4.1467285156e+02 2.5685483294e-14 9.1475791862e-15 1.6537904108e-14
4.1473388672e+02 2.5504519484e-14 9.1120356761e-15 1.6392483808e-14
4.1479492188e+02 2.5266508342e-14 9.1586317116e-15 1.6107876631e-14
4.1485595703e+02 2.5200552806e-14 9.1327581709e-15 1.6067794635e-14
4.1491699219e+02 2.5272251499e-14 9.0897067098e-15 1.6182544789e-14
4.1497802734e+02 2.5384601383e-14 9.1670055942e-15 1.6217595788e-14
4.1503906250e+02 2.5388058867e-14 9.1544021592e-15 1.6233656708e-14
4.1510009766e+02 2.5368017734e-14 9.1518576732e-15 1.6216160061e-14
4.1516113281e+02 2.5379809147e-14 9.1358445621e-15 1.6243964585e-14
4.1522216797e+02 2.5301924893e-14 9.1002376625e-15 1.6201687230e-14
4.1528320312e+02 2.5128369671e-14 9.0955071021e-15 1.6032862569e-14
4.1534423828e+02 2.4999240855e-14 9.1063087045e-15 1.5892932151e-14
4.1540527344e+02 2.4931305827e-14 9.0948868864e-15 1.5836418940e-14
4.1546630859e+02 2.5037948072e-14 9.1339069674e-15 1.5904041104e-14
4.1552734375e+02 2.5164418094e-14 9.1089196218e-15 1.6055498472e-14
4.1558837891e+02 2.5265879909e-14 9.0945965427e-15 1.6171283366e-14
4.1564941406e+02 2.5246831808e-14 9.1305374574e-15 1.6116294351e-14
4.1571044922e+02 2.5187396998e-14 9.1426668550e-15 1.6044730143e-14
4.1577148438e+02 2.5055768536e-14 9.1202031272e-15 1.5935565408e-14
4.1583251953e+02 2.5128676471e-14 9.1651908872e-15 1.5963485584e-14
4.1589355469e+02 2.5191544125e-14 9.1278178880e-15 1.6063726237e-14
4.1595458984e+02 2.5155714274e-14 9.0675478537e-15 1.6088166420e-14
4.1601562500e+02 2.5118079139e-14 9.0101235890e-15 1.6107955550e-14
4.1607666016e+02 2.5069621966e-14 9.0621289867e-15 1.6007492979e-14
4.1613769531e+02 2.5149484368e-14 9.0912162094e-15 1.6058268158e-14
4.1619873047e+02 2.5157619702e-14 9.0467362570e-15 1.6110883445e-14
4.1625976562e+02 2.5120613934e-14 9.0622910949e-15 1.6058322839e-14
4.1632080078e+02 2.5065578519e-14 9.0947015461e-15 1.5970876972e-14
4.1638183594e+02 2.5102397898e-14 9.1083831696e-15 1.5994014728e-14
4.1644287109e+02 2.4984641254e-14 9.0042063387e-15 1.5980434916e-14
4.1650390625e+02 2.4964193777e-14 8.9591119578e-15 1.6005081819e-14
4.1656494141e+02 2.4971226458e-14 9.0088090923e-15 1.5962417366e-14
4.1662597656e+02 2.4949476810e-14 9.0466110543e-15 1.5902865755e-14
4.1668701172e+02 2.4832166991e-14 9.0132320643e-15 1.5818934927e-14
4.1674804688e+02 2.4688223557e-14 8.9283887046e-15 1.5759834853e-14
4.1680908203e+02 2.4695345854e-14 8.8850907398e-15 1.5810255114e-14
4.1687011719e+02 2.4760818054e-14 8.9627602598e-15 1.5798057794e-14
4.1693115234e+02 2.4754004871e-14 8.9948969185e-15 1.5759107952e-14
4.1699218750e+02 2.4764421061e-14 9.0002038917e-15 1.5764217170e-14
4.1705322266e+02 2.4750204791e-14 8.9723010945e-15 1.5777903696e-14
4.1711425781e+02 2.4805361994e-14 8.9772219593e-15 1.5828140035e-14
4.1717529297e+02 2.4913924835e-14 9.0294098300e-15 1.5884515005e-14
4.1723632812e+02 2.4885950287e-14 9.0402999336e-15 1.5845650353e-14
4.1729736328e+02 2.4731090065e-14 8.9619067130e-15 1.5769183352e-14
4.1735839844e+02 2.4662257207e-14 8.9447631149e-15 1.5717494092e-14
4.1741943359e+02 2.4786976677e-14 8.9973517129e-15 1.5789624964e-14
4.1748046875e+02 2.4720564795e-14 8.9759309234e-15 1.5744633871e-14
4.1754150391e+02 2.4520544400e-14 8.9113253057e-15 1.5609219094e-14
4.1760253906e+02 2.4488531695e-14 8.9088291281e-15 1.5579702567e-14
4.1766357422e+02 2.4488974983e-14 8.9092497359e-15 1.5579725247e-14
4.1772460938e+02 2.4632108583e-14 8.9318370982e-15 1.5700271485e-14
4.1778564453e+02 2.4719990787e-14 8.9396424273e-15 1.5780348360e-14
4.1784667969e+02 2.4633275106e-14 8.9241714169e-15 1.5709103689e-14
4.1790771484e+02 2.4545684148e-14 8.8806753991e-15 1.5665008749e-14
4.1796875000e+02 2.4611360920e-14 8.8931801102e-15 1.5718180810e-14
4.1802978516e+02 2.4551046143e-14 8.8859247812e-15 1.5665121362e-14
4.1809082031e+02 2.4503622165e-14 8.9410918995e-15 1.5562530265e-14
4.1815185547e+02 2.4431923738e-14 8.9358444667e-15 1.5496079272e-14
4.1821289062e+02 2.4450472684e-14 8.8984790729e-15 1.5551993611e-14
4.1827392578e+02 2.4565905697e-14 8.9117803998e-15 1.5654125297e-14
4.1833496094e+02 2.4651833975e-14 8.9415690022e-15 1.5710264972e-14
4.1839599609e+02 2.4609777429e-14 8.8558335878e-15 1.5753943841e-14
4.1845703125e+02 2.4545204038e-14 8.8450169778e-15 1.5700187060e-14
4.1851806641e+02 2.4565500435e-14 8.8287962361e-15 1.5736704199e-14
4.1857910156e+02 2.4541315193e-14 8.8866055967e-15 1.5654709596e-14
4.1864013672e+02 2.4441398392e-14 8.8743147304e-15 1.5567083662e-14
4.1870117188e+02 2.4432802564e-14 8.9103463438e-15 1.5522456220e-14
4.1876220703e+02 2.4470085322e-14 8.8890207368e-15 1.5581064585e-14
4.1882324219e+02 2.4511019172e-14 8.9105468958e-15 1.5600472276e-14
4.1888427734e+02 2.4470742202e-14 8.8617118874e-15 1.5609030315e-14
4.1894531250e+02 2.4388801977e-14 8.8547323409e-15 1.5534069636e-14
4.1900634766e+02 2.4375282202e-14 8.8574327374e-15 1.5517849464e-14
4.1906738281e+02 2.4410806071e-14 8.8435349271e-15 1.5567271143e-14
4.1912841797e+02 2.4434971036e-14 8.8268232674e-15 1.5608147769e-14
4.1918945312e+02 2.4249723108e-14 8.7524758340e-15 1.5497247274e-14
4.1925048828e+02 2.4203040535e-14 8.7620488325e-15 1.5440991702e-14
4.1931152344e+02 2.4290103537e-14 8.8384671597e-15 1.5451636378e-14
4.1937255859e+02 2.4197637257e-14 8.8335183887e-15 1.5364118868e-14
4.1943359375e+02 2.4207140472e-14 8.8213988058e-15 1.5385741666e-14
4.1949462891e+02 2.4207660313e-14 8.8322472527e-15 1.5375413060e-14
4.1955566406e+02 2.4201363287e-14 8.8267584453e-15 1.5374604841e-14
4.1961669922e+02 2.4069309558e-14 8.8353436763e-15 1.5233965881e-14
4.1967773438e+02 2.4064959954e-14 8.8286841300e-15 1.5236275824e-14
4.1973876953e+02 2.4134844214e-14 8.8019614517e-15 1.5332882763e-14
4.1979980469e+02 2.4119422778e-14 8.8015588748e-15 1.5317863903e-14
4.1986083984e+02 2.4143068150e-14 8.8219629830e-15 1.5321105167e-14
4.1992187500e+02 2.4163599904e-14 8.8236634050e-15 1.5339936499e-14
4.1998291016e+02 2.4152412455e-14 8.7942752482e-15 1.5358137206e-14
4.2004394531e+02 2.4181893762e-14 8.8722044458e-15 1.5309689316e-14
4.2010498047e+02 2.4153477656e-14 8.8535790679e-15 1.5299898588e-14
4.2016601562e+02 2.4044197327e-14 8.7855354925e-15 1.5258661834e-14
4.2022705078e+02 2.4083379193e-14 8.7623270753e-15 1.5321052117e-14
4.2028808594e+02 2.4145806189e-14 8.7793071691e-15 1.5366499020e-14
4.2034912109e+02 2.4109583317e-14 8.7690297317e-15 1.5340553586e-14
4.2041015625e+02 2.4009805690e-14 8.7075408497e-15 1.5302264840e-14
4.2047119141e+02 2.4055846196e-14 8.7123497625e-15 1.5343496434e-14
4.2053222656e+02 2.4063662226e-14 8.7440536737e-15 1.5319608552e-14
4.2059326172e+02 2.3981872875e-14 8.6702641562e-15 1.5311608719e-14
4.2065429688e+02 2.4060877184e-14 8.7394702534e-15 1.5321406931e-14
4.2071533203e+02 2.4179381530e-14 8.7739005763e-15 1.5405480953e-14
4.2077636719e+02 2.4088699453e-14 8.7537953201e-15 1.5334904133e-14
4.2083740234e+02 2.3975200270e-14 8.7024978094e-15 1.5272702460e-14
4.2089843750e+02 2.3931174342e-14 8.6849045217e-15 1.5246269820e-14
4.2095947266e+02 2.4016700169e-14 8.6567526832e-15 1.5359947486e-14
4.2102050781e+02 2.4007589390e-14 8.7442775587e-15 1.5263311831e-14
4.2108154297e+02 2.3704158621e-14 8.6621982566e-15 1.5041960364e-14
4.2114257812e+02 2.3645577845e-14 8.5870821123e-15 1.5058495733e-14
4.2120361328e+02 2.3831296606e-14 8.6545451966e-15 1.5176751410e-14
4.2126464844e+02 2.3908041418e-14 8.7159007998e-15 1.5192140619e-14
4.2132568359e+02 2.3922156663e-14 8.7678206483e-15 1.5154336015e-14
4.2138671875e+02 2.3913783971e-14 8.7090348858e-15 1.5204749085e-14
4.2144775391e+02 2.3819162190e-14 8.6358397363e-15 1.5183322454e-14
4.2150878906e+02 2.3736526004e-14 8.5713986449e-15 1.5165127359e-14
4.2156982422e+02 2.3745201859e-14 8.6015481029e-15 1.5143653756e-14
4.2163085938e+02 2.3863477268e-14 8.6550707019e-15 1.5208406567e-14
4.2169189453e+02 2.3907305770e-14 8.6454259416e-15 1.5261879828e-14
4.2175292969e+02 2.3804307220e-14 8.6774255535e-15 1.5126881666e-14
4.2181396484e+02 2.3651586136e-14 8.6692912920e-15 1.4982294844e-14
4.2187500000e+02 2.3623318361e-14 8.6334519475e-15 1.4989866413e-14
4.2193603516e+02 2.3755269940e-14 8.6197736881e-15 1.5135496252e-14
4.2199707031e+02 2.3841651444e-14 8.6900543062e-15 1.5151597138e-14
4.2205810547e+02 2.3848326765e-14 8.7161767654e-15 1.5132150000e-14
4.2211914062e+02 2.3720861707e-14 8.6295793296e-15 1.5091282377e-14
4.2218017578e+02 2.3741926364e-14 8.6571861594e-15 1.5084740205e-14
4.2224121094e+02 2.3694817700e-14 8.6488099391e-15 1.5046007761e-14
4.2230224609e+02 2.3697479188e-14 8.6324996898e-15 1.5064979498e-14
4.2236328125e+02 2.3646042791e-14 8.6491058474e-15 1.4996936943e-14
4.2242431641e+02 2.3605873297e-14 8.6226435915e-15 1.4983229706e-14
4.2248535156e+02 2.3743210830e-14 8.6681671528e-15 1.5075043677e-14
4.2254638672e+02 2.3838490831e-14 8.6457631871e-15 1.5192727644e-14
4.2260742188e+02 2.3902780701e-14 8.6401287450e-15 1.5262651956e-14
4.2266845703e+02 2.3864152156e-14 8.5907969982e-15 1.5273355157e-14
4.2272949219e+02 2.3797055546e-14 8.5743348504e-15 1.5222720695e-14
4.2279052734e+02 2.3738071331e-14 8.6405524672e-15 1.5097518864e-14
4.2285156250e+02 2.3768055593e-14 8.6589993793e-15 1.5109056214e-14
4.2291259766e+02 2.3769752163e-14 8.6269254701e-15 1.5142826692e-14
4.2297363281e+02 2.3659138826e-14 8.6219007518e-15 1.5037238074e-14
4.2303466797e+02 2.3426943137e-14 8.5848457308e-15 1.4842097406e-14
4.2309570312e+02 2.3416285649e-14 8.6175910235e-15 1.4798694625e-14
4.2315673828e+02 2.3532114906e-14 8.5958245957e-15 1.4936290310e-14
4.2321777344e+02 2.3611173333e-14 8.6432960537e-15 1.4967877280e-14
4.2327880859e+02 2.3484992785e-14 8.6192724712e-15 1.4865720314e-14
4.2333984375e+02 2.3466351344e-14 8.5930651465e-15 1.4873286197e-14
4.2340087891e+02 2.3526331943e-14 8.6218277783e-15 1.4904504165e-14
4.2346191406e+02 2.3587773565e-14 8.5946547880e-15 1.4993118777e-14
4.2352294922e+02 2.3618002716e-14 8.5490635362e-15 1.5068939180e-14
4.2358398438e+02 2.3533191013e-14 8.5176371674e-15 1.5015553846e-14
4.2364501953e+02 2.3408824940e-14 8.4926479624e-15 1.4916176978e-14
4.2370605469e+02 2.3442905738e-14 8.5327251399e-15 1.4910180598e-14
4.2376708984e+02 2.3484035680e-14 8.5881201093e-15 1.4895915571e-14
4.2382812500e+02 2.3491296722e-14 8.6086297826e-15 1.4882666940e-14
4.2388916016e+02 2.3468658987e-14 8.5809730871e-15 1.4887685900e-14
4.2395019531e+02 2.3492535890e-14 8.5534204431e-15 1.4939115447e-14
4.2401123047e+02 2.3429880275e-14 8.5267013140e-15 1.4903178961e-14
4.2407226562e+02 2.3390861888e-14 8.4738509010e-15 1.4917010987e-14
4.2413330078e+02 2.3248051766e-14 8.4774857921e-15 1.4770565974e-14
4.2419433594e+02 2.3079037920e-14 8.4888567251e-15 1.4590181195e-14
4.2425537109e+02 2.3076217619e-14 8.4414200193e-15 1.4634797599e-14
4.2431640625e+02 2.3224445407e-14 8.4285948960e-15 1.4795850511e-14
4.2437744141e+02 2.3317538426e-14 8.4391114859e-15 1.4878426940e-14
4.2443847656e+02 2.3284684234e-14 8.4676041400e-15 1.4817080094e-14
4.2449951172e+02 2.3250208578e-14 8.4973691218e-15 1.4752839456e-14
4.2456054688e+02 2.3281985086e-14 8.5066441473e-15 1.4775340939e-14
4.2462158203e+02 2.3184780146e-14 8.4004077147e-15 1.4784372432e-14
4.2468261719e+02 2.3239823399e-14 8.3983101916e-15 1.4841513207e-14
4.2474365234e+02 2.3335156390e-14 8.4128164414e-15 1.4922339949e-14
4.2480468750e+02 2.3366469052e-14 8.4905793827e-15 1.4875889670e-14
4.2486572266e+02 2.3413366737e-14 8.5099518183e-15 1.4903414918e-14
4.2492675781e+02 2.3370359042e-14 8.4868687118e-15 1.4883490330e-14
4.2498779297e+02 2.3235579599e-14 8.4170295669e-15 1.4818550032e-14
4.2504882812e+02 2.3129020562e-14 8.3833566483e-15 1.4745663914e-14
4.2510986328e+02 2.3053693078e-14 8.3836778556e-15 1.4670015223e-14
4.2517089844e+02 2.3073795208e-14 8.3931971656e-15 1.4680598042e-14
4.2523193359e+02 2.3139103410e-14 8.4185192279e-15 1.4720584182e-14
4.2529296875e+02 2.3093931752e-14 8.3675544969e-15 1.4726377255e-14
4.2535400391e+02 2.2960751399e-14 8.3979852435e-15 1.4562766156e-14
4.2541503906e+02 2.3003805532e-14 8.4644108866e-15 1.4539394645e-14
4.2547607422e+02 2.3124252176e-14 8.4912491960e-15 1.4633002980e-14
4.2553710938e+02 2.3024584924e-14 8.4207129033e-15 1.4603872020e-14
4.2559814453e+02 2.2991607859e-14 8.3654017685e-15 1.4626206090e-14
4.2565917969e+02 2.3011364287e-14 8.4309739199e-15 1.4580390367e-14
4.2572021484e+02 2.3022609338e-14 8.4646987278e-15 1.4557910610e-14
4.2578125000e+02 2.3065406095e-14 8.4636390369e-15 1.4601767058e-14
4.2584228516e+02 2.3035838668e-14 8.4436938228e-15 1.4592144845e-14
4.2590332031e+02 2.3001621051e-14 8.4014367403e-15 1.4600184311e-14
4.2596435547e+02 2.2951990511e-14 8.4041895417e-15 1.4547800970e-14
4.2602539062e+02 2.2886059415e-14 8.4106305920e-15 1.4475428823e-14
4.2608642578e+02 2.2914345856e-14 8.3542207767e-15 1.4560125079e-14
4.2614746094e+02 2.2970555082e-14 8.4000666758e-15 1.4570488406e-14
4.2620849609e+02 2.3043915758e-14 8.4238050824e-15 1.4620110676e-14
4.2626953125e+02 2.3000216376e-14 8.4368952511e-15 1.4563321125e-14
4.2633056641e+02 2.2955772031e-14 8.4192323985e-15 1.4536539633e-14
4.2639160156e+02 2.2904621561e-14 8.3856393414e-15 1.4518982219e-14
4.2645263672e+02 2.2949286346e-14 8.3750137460e-15 1.4574272600e-14
4.2651367188e+02 2.2933911603e-14 8.3659570192e-15 1.4567954584e-14
4.2657470703e+02 2.2799139175e-14 8.3153325603e-15 1.4483806615e-14
4.2663574219e+02 2.2821723521e-14 8.3339964331e-15 1.4487727088e-14
4.2669677734e+02 2.2802715409e-14 8.3460455872e-15 1.4456669822e-14
4.2675781250e+02 2.2913581328e-14 8.3965123807e-15 1.4517068948e-14
4.2681884766e+02 2.2868673729e-14 8.3816512086e-15 1.4487022520e-14
4.2687988281e+02 2.2883402027e-14 8.4510360843e-15 1.4432365943e-14
4.2694091797e+02 2.2886253241e-14 8.3788042022e-15 1.4507449039e-14
4.2700195312e+02 2.2819776088e-14 8.2812806029e-15 1.4538495485e-14
4.2706298828e+02 2.2767637744e-14 8.2894778736e-15 1.4478159870e-14
4.2712402344e+02 2.2759533661e-14 8.3441459843e-15 1.4415387677e-14
4.2718505859e+02 2.2760245877e-14 8.3442438810e-15 1.4416001996e-14
4.2724609375e+02 2.2741012158e-14 8.2840893286e-15 1.4456922830e-14
4.2730712891e+02 2.2775366285e-14 8.2823746711e-15 1.4492991614e-14
4.2736816406e+02 2.2888845355e-14 8.3333030698e-15 1.4555542286e-14
4.2742919922e+02 2.2921003128e-14 8.3589977054e-15 1.4562005422e-14
4.2749023438e+02 2.2945116937e-14 8.3370962583e-15 1.4608020679e-14
4.2755126953e+02 2.2796621605e-14 8.2392042687e-15 1.4557417336e-14
4.2761230469e+02 2.2812313839e-14 8.2561577608e-15 1.4556156078e-14
4.2767333984e+02 2.2715844870e-14 8.2558870300e-15 1.4459957840e-14
4.2773437500e+02 2.2734885318e-14 8.2708091921e-15 1.4464076126e-14
4.2779541016e+02 2.2792699806e-14 8.2728964175e-15 1.4519803388e-14
4.2785644531e+02 2.2692594947e-14 8.2543366195e-15 1.4438258327e-14
4.2791748047e+02 2.2569336691e-14 8.2270485310e-15 1.4342288160e-14
4.2797851562e+02 2.2444844532e-14 8.1979066378e-15 1.4246937894e-14
4.2803955078e+02 2.2495264325e-14 8.2565389068e-15 1.4238725418e-14
4.2810058594e+02 2.2512810699e-14 8.3294781477e-15 1.4183332551e-14
4.2816162109e+02 2.2507760215e-14 8.2882497784e-15 1.4219510436e-14
4.2822265625e+02 2.2396326266e-14 8.1950335299e-15 1.4201292736e-14
4.2828369141e+02 2.2244815704e-14 8.1630764305e-15 1.4081739274e-14
4.2834472656e+02 2.2333975429e-14 8.1656743630e-15 1.4168301066e-14
4.2840576172e+02 2.2356520956e-14 8.1281556318e-15 1.4228365325e-14
4.2846679688e+02 2.2375317240e-14 8.1371487817e-15 1.4238168459e-14
4.2852783203e+02 2.2479982751e-14 8.1455441148e-15 1.4334438636e-14
4.2858886719e+02 2.2522797889e-14 8.1631901204e-15 1.4359607768e-14
4.2864990234e+02 2.2540657118e-14 8.1996502354e-15 1.4341006883e-14
4.2871093750e+02 2.2568597936e-14 8.2405379329e-15 1.4328060003e-14
4.2877197266e+02 2.2554492445e-14 8.2381621077e-15 1.4316330337e-14
4.2883300781e+02 2.2597553069e-14 8.2690953010e-15 1.4328457768e-14
4.2889404297e+02 2.2390020771e-14 8.2290827419e-15 1.4160938029e-14
4.2895507812e+02 2.2297866401e-14 8.1533096016e-15 1.4144556800e-14
4.2901611328e+02 2.2437815325e-14 8.2028972072e-15 1.4234918117e-14
4.2907714844e+02 2.2434192281e-14 8.2080625877e-15 1.4226129693e-14
4.2913818359e+02 2.2322524510e-14 8.1942930485e-15 1.4128231462e-14
4.2919921875e+02 2.2358678637e-14 8.1816995720e-15 1.4176979065e-14
4.2926025391e+02 2.2257872251e-14 8.1920284780e-15 1.4065843773e-14
4.2932128906e+02 2.2155215652e-14 8.2166079010e-15 1.3938607752e-14
4.2938232422e+02 2.2140181666e-14 8.1139466335e-15 1.4026235033e-14
4.2944335938e+02 2.2176638919e-14 8.1516506465e-15 1.4024988272e-14
4.2950439453e+02 2.2346953362e-14 8.2082159363e-15 1.4138737426e-14
4.2956542969e+02 2.2419135108e-14 8.1942064785e-15 1.4224928629e-14
4.2962646484e+02 2.2551545631e-14 8.1496295400e-15 1.4401916091e-14
4.2968750000e+02 2.2507623519e-14 8.1756577158e-15 1.4331965803e-14
4.2974853516e+02 2.2424047760e-14 8.1597705320e-15 1.4264277228e-14
4.2980957031e+02 2.2583335213e-14 8.1553825363e-15 1.4427952676e-14
4.2987060547e+02 2.2526811831e-14 8.1904847977e-15 1.4336327033e-14
4.2993164062e+02 2.2399769951e-14 8.2005720421e-15 1.4199197909e-14
4.2999267578e+02 2.2291383337e-14 8.1564475522e-15 1.4134935785e-14
4.3005371094e+02 2.2318333644e-14 8.1331663929e-15 1.4185167251e-14
4.3011474609e+02 2.2218337854e-14 8.0804497114e-15 1.4137888143e-14
4.3017578125e+02 2.2216369714e-14 8.0962837030e-15 1.4120086011e-14
4.3023681641e+02 2.2223069447e-14 8.0698963780e-15 1.4153173069e-14
4.3029785156e+02 2.2325302473e-14 8.1176772007e-15 1.4207625272e-14
4.3035888672e+02 2.2262842077e-14 8.1223295552e-15 1.4140512521e-14
4.3041992188e+02 2.2240552021e-14 8.1794616043e-15 1.4061090416e-14
4.3048095703e+02 2.2209538311e-14 8.1635688412e-15 1.4045969470e-14
4.3054199219e+02 2.2206858359e-14 8.1142450672e-15 1.4092613291e-14
4.3060302734e+02 2.2189782853e-14 8.0648458282e-15 1.4124937025e-14
4.3066406250e+02 2.2190591127e-14 8.0906311438e-15 1.4099959983e-14
4.3072509766e+02 2.2213461560e-14 8.0926778423e-15 1.4120783718e-14
4.3078613281e+02 2.2217211385e-14 8.0591596231e-15 1.4158051762e-14
4.3084716797e+02 2.2155392164e-14 8.0481434369e-15 1.4107248727e-14
4.3090820312e+02 2.2198126410e-14 8.0462912980e-15 1.4151835112e-14
4.3096923828e+02 2.2190992058e-14 8.0518207937e-15 1.4139171265e-14
4.3103027344e+02 2.2188527268e-14 8.0999293675e-15 1.4088597901e-14
4.3109130859e+02 2.2257888283e-14 8.1025195042e-15 1.4155368779e-14
4.3115234375e+02 2.2083550323e-14 8.1012234404e-15 1.3982326882e-14
4.3121337891e+02 2.2007020598e-14 8.0866777460e-15 1.3920342852e-14
4.3127441406e+02 2.1903502835e-14 8.0277421710e-15 1.3875760664e-14
4.3133544922e+02 2.1879588629e-14 8.0118478124e-15 1.3867740816e-14
4.3139648438e+02 2.1813038337e-14 8.0531092393e-15 1.3759929098e-14
4.3145751953e+02 2.1834141066e-14 8.0459016096e-15 1.3788239457e-14
4.3151855469e+02 2.1854487493e-14 8.0858642642e-15 1.3768623229e-14
4.3157958984e+02 2.1906135649e-14 8.0654134461e-15 1.3840722203e-14
4.3164062500e+02 2.1962357011e-14 8.0122905054e-15 1.3950066506e-14
4.3170166016e+02 2.1936117469e-14 8.0660045181e-15 1.3870112951e-14
4.3176269531e+02 2.1929392687e-14 8.1334964319e-15 1.3795896255e-14
4.3182373047e+02 2.1877603423e-14 8.0856988535e-15 1.3791904570e-14
4.3188476562e+02 2.1830011932e-14 8.0435697288e-15 1.3786442204e-14
4.3194580078e+02 2.1799192939e-14 8.0052325763e-15 1.3793960363e-14
4.3200683594e+02 2.1818830699e-14 7.9752217873e-15 1.3843608912e-14
4.3206787109e+02 2.1845598136e-14 7.9602284377e-15 1.3885369699e-14
4.3212890625e+02 2.1845735454e-14 7.9677789409e-15 1.3877956513e-14
4.3218994141e+02 2.1925054873e-14 8.0193767319e-15 1.3905678141e-14
4.3225097656e+02 2.1827568702e-14 7.9882369427e-15 1.3839331759e-14
4.3231201172e+02 2.1896273666e-14 7.9979489071e-15 1.3898324759e-14
4.3237304688e+02 2.1931638031e-14 8.0470377674e-15 1.3884600263e-14
4.3243408203e+02 2.1919882051e-14 7.9897243418e-15 1.3930157709e-14
4.3249511719e+02 2.1950027249e-14 8.0311707104e-15 1.3918856539e-14
4.3255615234e+02 2.1774651219e-14 7.9712635687e-15 1.3803387650e-14
4.3261718750e+02 2.1693175640e-14 7.9512577638e-15 1.3741917876e-14
4.3267822266e+02 2.1704508640e-14 7.9484953090e-15 1.3756013331e-14
4.3273925781e+02 2.1685617697e-14 7.9748358898e-15 1.3710781807e-14
4.3280029297e+02 2.1774764419e-14 8.0348003223e-15 1.3739964096e-14
4.3286132812e+02 2.1757629449e-14 7.9998555325e-15 1.3757773916e-14
4.3292236328e+02 2.1607576806e-14 7.9168222759e-15 1.3690754530e-14
4.3298339844e+02 2.1595748130e-14 7.9231182438e-15 1.3672629886e-14
4.3304443359e+02 2.1581450866e-14 7.9248945885e-15 1.3656556277e-14
4.3310546875e+02 2.1653988902e-14 7.9437314443e-15 1.3710257457e-14
4.3316650391e+02 2.1583294198e-14 7.9417718012e-15 1.3641522396e-14
4.3322753906e+02 2.1535025693e-14 7.9246352531e-15 1.3610390439e-14
4.3328857422e+02 2.1559847302e-14 7.9301174322e-15 1.3629729869e-14
4.3334960938e+02 2.1626832281e-14 7.9553484112e-15 1.3671483869e-14
4.3341064453e+02 2.1667009987e-14 7.9269766078e-15 1.3740033379e-14
4.3347167969e+02 2.1700634025e-14 7.9050335034e-15 1.3795600521e-14
4.3353271484e+02 2.1741095719e-14 7.9216699052e-15 1.3819425814e-14
4.3359375000e+02 2.1646707260e-14 7.9507933945e-15 1.3695913865e-14
4.3365478516e+02 2.1578785237e-14 7.9531812879e-15 1.3625603949e-14
4.3371582031e+02 2.1591556363e-14 7.8955283721e-15 1.3696027991e-14
4.3377685547e+02 2.1615140849e-14 7.9058063672e-15 1.3709334482e-14
4.3383789062e+02 2.1527337511e-14 7.9242678260e-15 1.3603069685e-14
4.3389892578e+02 2.1486330383e-14 7.9011007781e-15 1.3585229605e-14
4.3395996094e+02 2.1651836901e-14 7.9097889425e-15 1.3742047959e-14
4.3402099609e+02 2.1544238372e-14 7.8830325419e-15 1.3661205830e-14
4.3408203125e+02 2.1445982049e-14 7.8182416879e-15 1.3627740361e-14
4.3414306641e+02 2.1329492367e-14 7.7997346011e-15 1.3529757766e-14
4.3420410156e+02 2.1394832418e-14 7.9155695823e-15 1.3479262836e-14
4.3426513672e+02 2.1463338530e-14 7.9360357061e-15 1.3527302824e-14
4.3432617188e+02 2.1491692540e-14 7.9009478816e-15 1.3590744659e-14
4.3438720703e+02 2.1513735249e-14 7.8557076398e-15 1.3658027609e-14
4.3444824219e+02 2.1487096560e-14 7.8368034640e-15 1.3650293096e-14
4.3450927734e+02 2.1506967278e-14 7.8701488819e-15 1.3636818396e-14
4.3457031250e+02 2.1452899218e-14 7.8467884053e-15 1.3606110812e-14
4.3463134766e+02 2.1419700616e-14 7.8346095532e-15 1.3585091063e-14
4.3469238281e+02 2.1297230916e-14 7.7678498948e-15 1.3529381021e-14
4.3475341797e+02 2.1399734686e-14 7.8294240831e-15 1.3570310602e-14
4.3481445312e+02 2.1464721960e-14 7.8618067781e-15 1.3602915182e-14
4.3487548828e+02 2.1510040699e-14 7.8130720179e-15 1.3696968681e-14
4.3493652344e+02 2.1519604713e-14 7.8051190808e-15 1.3714485632e-14
4.3499755859e+02 2.1422037051e-14 7.8072682311e-15 1.3614768819e-14
4.3505859375e+02 2.1388149515e-14 7.8109218581e-15 1.3577227657e-14
4.3511962891e+02 2.1185049261e-14 7.8077351492e-15 1.3377314112e-14
4.3518066406e+02 2.1299457211e-14 7.8562202703e-15 1.3443236941e-14
4.3524169922e+02 2.1334429112e-14 7.8458612605e-15 1.3488567851e-14
4.3530273438e+02 2.1380853937e-14 7.9043777214e-15 1.3476476215e-14
4.3536376953e+02 2.1264820567e-14 7.8272910859e-15 1.3437529481e-14
4.3542480469e+02 2.1217333170e-14 7.8287145410e-15 1.3388618629e-14
4.3548583984e+02 2.1227155135e-14 7.8027542564e-15 1.3424400879e-14
4.3554687500e+02 2.1283340200e-14 7.7756321891e-15 1.3507708011e-14
4.3560791016e+02 2.1259529287e-14 7.7588523814e-15 1.3500676906e-14
4.3566894531e+02 2.1222044976e-14 7.7534065849e-15 1.3468638391e-14
4.3572998047e+02 2.1255025466e-14 7.7776001604e-15 1.3477425306e-14
4.3579101562e+02 2.1213641576e-14 7.7603737856e-15 1.3453267790e-14
4.3585205078e+02 2.1157627175e-14 7.7923855780e-15 1.3365241597e-14
4.3591308594e+02 2.1089732405e-14 7.8003415376e-15 1.3289390867e-14
4.3597412109e+02 2.1141335668e-14 7.8116487623e-15 1.3329686905e-14
4.3603515625e+02 2.1162034747e-14 7.7914456058e-15 1.3370589141e-14
4.3609619141e+02 2.1251220311e-14 7.7760610947e-15 1.3475159217e-14
4.3615722656e+02 2.1279823842e-14 7.7920660638e-15 1.3487757778e-14
4.3621826172e+02 2.1250406536e-14 7.8284970298e-15 1.3421909506e-14
4.3627929688e+02 2.1202512998e-14 7.7522054166e-15 1.3450307582e-14
4.3634033203e+02 2.1101580555e-14 7.6925776237e-15 1.3409002932e-14
4.3640136719e+02 2.1065461318e-14 7.6898786480e-15 1.3375582670e-14
4.3646240234e+02 2.1055491490e-14 7.7217171115e-15 1.3333774378e-14
4.3652343750e+02 2.1031684893e-14 7.7176377285e-15 1.3314047165e-14
4.3658447266e+02 2.0914827414e-14 7.6777290038e-15 1.3237098410e-14
4.3664550781e+02 2.0935053642e-14 7.7236648510e-15 1.3211388791e-14
4.3670654297e+02 2.1088646565e-14 7.7253470333e-15 1.3363299532e-14
4.3676757812e+02 2.1211954131e-14 7.7359282893e-15 1.3476025842e-14
4.3682861328e+02 2.1167477976e-14 7.7397638898e-15 1.3427714086e-14
4.3688964844e+02 2.1174604989e-14 7.7199489417e-15 1.3454656048e-14
4.3695068359e+02 2.1180622665e-14 7.7397642278e-15 1.3440858438e-14
4.3701171875e+02 2.1052347243e-14 7.6684997493e-15 1.3383847493e-14
4.3707275391e+02 2.1084492905e-14 7.7186358376e-15 1.3365857067e-14
4.3713378906e+02 2.1064042847e-14 7.7159906689e-15 1.3348052178e-14
4.3719482422e+02 2.1060057947e-14 7.7525651446e-15 1.3307492803e-14
4.3725585938e+02 2.1061318459e-14 7.7166435048e-15 1.3344674954e-14
4.3731689453e+02 2.1090063806e-14 7.7324503194e-15 1.3357613486e-14
4.3737792969e+02 2.1026470190e-14 7.7634498926e-15 1.3263020298e-14
4.3743896484e+02 2.0930442672e-14 7.7263030335e-15 1.3204139638e-14
4.3750000000e+02 2.1033603370e-14 7.7272265142e-15 1.3306376856e-14
4.3756103516e+02 2.1010556317e-14 7.6876578220e-15 1.3322898495e-14
4.3762207031e+02 2.0994688976e-14 7.6818140689e-15 1.3312874907e-14
4.3768310547e+02 2.1024829509e-14 7.7010528504e-15 1.3323776659e-14
4.3774414062e+02 2.0931422868e-14 7.6318511011e-15 1.3299571767e-14
4.3780517578e+02 2.0791836035e-14 7.5760818845e-15 1.3215754151e-14
4.3786621094e+02 2.0888024339e-14 7.6847422720e-15 1.3203282067e-14
4.3792724609e+02 2.0846253296e-14 7.6775589324e-15 1.3168694363e-14
4.3798828125e+02 2.0866994628e-14 7.6871344626e-15 1.3179860165e-14
4.3804931641e+02 2.0815088483e-14 7.6678360665e-15 1.3147252417e-14
4.3811035156e+02 2.0777303915e-14 7.6566088299e-15 1.3120695085e-14
4.3817138672e+02 2.0758567148e-14 7.6012417858e-15 1.3157325362e-14
4.3823242188e+02 2.0793219155e-14 7.6221582308e-15 1.3171060925e-14
4.3829345703e+02 2.0858560461e-14 7.6597421651e-15 1.3198818296e-14
4.3835449219e+02 2.0855693228e-14 7.6175974453e-15 1.3238095782e-14
4.3841552734e+02 2.0815983729e-14 7.6390647832e-15 1.3176918946e-14
4.3847656250e+02 2.0749409247e-14 7.6470835117e-15 1.3102325735e-14
4.3853759766e+02 2.0810550704e-14 7.5924319981e-15 1.3218118706e-14
4.3859863281e+02 2.0792149005e-14 7.5890033464e-15 1.3203145658e-14
4.3865966797e+02 2.0798051147e-14 7.6355908242e-15 1.3162460323e-14
4.3872070312e+02 2.0865180201e-14 7.6318259034e-15 1.3233354297e-14
4.3878173828e+02 2.0907265693e-14 7.6096293103e-15 1.3297636383e-14
4.3884277344e+02 2.0759662058e-14 7.5671144359e-15 1.3192547623e-14
4.3890380859e+02 2.0759264789e-14 7.5466038498e-15 1.3212660940e-14
4.3896484375e+02 2.0931269421e-14 7.6402784441e-15 1.3290990977e-14
4.3902587891e+02 2.0902745694e-14 7.6342494078e-15 1.3268496286e-14
4.3908691406e+02 2.0835417482e-14 7.6342821481e-15 1.3201135334e-14
4.3914794922e+02 2.0718203446e-14 7.6320956204e-15 1.3086107826e-14
4.3920898438e+02 2.0716033994e-14 7.6258079632e-15 1.3090226031e-14
4.3927001953e+02 2.0653876103e-14 7.5927091939e-15 1.3061166909e-14
4.3933105469e+02 2.0667260616e-14 7.5883791961e-15 1.3078881419e-14
4.3939208984e+02 2.0623354202e-14 7.5769821253e-15 1.3046372076e-14
4.3945312500e+02 2.0585222405e-14 7.5960145590e-15 1.2989207846e-14
4.3951416016e+02 2.0582332894e-14 7.5132832859e-15 1.3069049608e-14
4.3957519531e+02 2.0598469516e-14 7.5350494708e-15 1.3063420046e-14
4.3963623047e+02 2.0606500583e-14 7.5474822378e-15 1.3059018345e-14
4.3969726562e+02 2.0611142095e-14 7.5626151071e-15 1.3048526988e-14
4.3975830078e+02 2.0599804469e-14 7.5300311518e-15 1.3069773317e-14
4.3981933594e+02 2.0560364590e-14 7.5519589246e-15 1.3008405666e-14
4.3988037109e+02 2.0477583274e-14 7.5864273069e-15 1.2891155967e-14
4.3994140625e+02 2.0640271658e-14 7.6203265796e-15 1.3019945078e-14
4.4000244141e+02 2.0592126532e-14 7.5814270893e-15 1.3010699443e-14
4.4006347656e+02 2.0510078996e-14 7.5559290971e-15 1.2954149899e-14
4.4012451172e+02 2.0427779671e-14 7.5539628676e-15 1.2873816804e-14
4.4018554688e+02 2.0467868800e-14 7.5639346284e-15 1.2903934171e-14
4.4024658203e+02 2.0460143486e-14 7.5707426022e-15 1.2889400883e-14
4.4030761719e+02 2.0439431024e-14 7.5525249215e-15 1.2886906103e-14
4.4036865234e+02 2.0425689225e-14 7.5193492687e-15 1.2906339957e-14
4.4042968750e+02 2.0388284493e-14 7.5600234732e-15 1.2828261020e-14
4.4049072266e+02 2.0376196833e-14 7.5371915093e-15 1.2839005324e-14
4.4055175781e+02 2.0279156555e-14 7.5036745734e-15 1.2775481981e-14
4.4061279297e+02 2.0329692963e-14 7.5078312651e-15 1.2821861698e-14
4.4067382812e+02 2.0329673639e-14 7.5084536000e-15 1.2821220039e-14
4.4073486328e+02 2.0406225875e-14 7.5065012600e-15 1.2899724615e-14
4.4079589844e+02 2.0474414896e-14 7.4986197741e-15 1.2975795122e-14
4.4085693359e+02 2.0441783929e-14 7.4851939649e-15 1.2956589964e-14
4.4091796875e+02 2.0556521847e-14 7.5158411437e-15 1.3040680703e-14
4.4097900391e+02 2.0540949404e-14 7.5549082548e-15 1.2986041149e-14
4.4104003906e+02 2.0453374849e-14 7.4897074105e-15 1.2963667439e-14
4.4110107422e+02 2.0373990804e-14 7.4621797637e-15 1.2911811040e-14
4.4116210938e+02 2.0467069477e-14 7.5142930724e-15 1.2952776405e-14
4.4122314453e+02 2.0439638990e-14 7.5376921304e-15 1.2901946859e-14
4.4128417969e+02 2.0308835923e-14 7.4630807250e-15 1.2845755198e-14
4.4134521484e+02 2.0247701527e-14 7.4115886114e-15 1.2836112916e-14
4.4140625000e+02 2.0212866177e-14 7.4712386766e-15 1.2741627501e-14
4.4146728516e+02 2.0176611399e-14 7.4908300243e-15 1.2685781375e-14
4.4152832031e+02 2.0118794179e-14 7.4478429577e-15 1.2670951222e-14
4.4158935547e+02 2.0200392595e-14 7.4314428475e-15 1.2768949747e-14
4.4165039062e+02 2.0337918227e-14 7.4778251389e-15 1.2860093088e-14
4.4171142578e+02 2.0385691327e-14 7.4962475899e-15 1.2889443737e-14
4.4177246094e+02 2.0324867590e-14 7.4292431666e-15 1.2895624423e-14
4.4183349609e+02 2.0222539036e-14 7.3940329046e-15 1.2828506131e-14
4.4189453125e+02 2.0151304103e-14 7.4171487225e-15 1.2734155381e-14
4.4195556641e+02 2.0190095747e-14 7.4465680214e-15 1.2743527726e-14
4.4201660156e+02 2.0347625716e-14 7.4571159439e-15 1.2890509772e-14
4.4207763672e+02 2.0353752645e-14 7.4530424985e-15 1.2900710146e-14
4.4213867188e+02 2.0269529085e-14 7.4451416622e-15 1.2824387423e-14
4.4219970703e+02 2.0254062127e-14 7.4182411916e-15 1.2835820935e-14
4.4226074219e+02 2.0147342461e-14 7.3810102242e-15 1.2766332237e-14
4.4232177734e+02 2.0138073244e-14 7.4107155612e-15 1.2727357683e-14
4.4238281250e+02 2.0129987427e-14 7.4365471943e-15 1.2693440233e-14
4.4244384766e+02 2.0080829603e-14 7.4077954434e-15 1.2673034160e-14
4.4250488281e+02 2.0092759611e-14 7.4441320699e-15 1.2648627541e-14
4.4256591797e+02 2.0119494267e-14 7.4221500637e-15 1.2697344203e-14
4.4262695312e+02 2.0209149451e-14 7.4388208603e-15 1.2770328591e-14
4.4268798828e+02 2.0146709133e-14 7.3685889684e-15 1.2778120165e-14
4.4274902344e+02 2.0078838252e-14 7.3871641828e-15 1.2691674069e-14
4.4281005859e+02 2.0114373402e-14 7.4638694171e-15 1.2650503985e-14
4.4287109375e+02 2.0154099282e-14 7.4450103221e-15 1.2709088960e-14
4.4293212891e+02 2.0254732797e-14 7.4640415238e-15 1.2790691273e-14
4.4299316406e+02 2.0243608271e-14 7.4191182692e-15 1.2824490002e-14
4.4305419922e+02 2.0260647305e-14 7.3776685234e-15 1.2882978782e-14
4.4311523438e+02 2.0186880931e-14 7.3805786321e-15 1.2806302299e-14
4.4317626953e+02 2.0076869730e-14 7.3978591752e-15 1.2679010554e-14
4.4323730469e+02 2.0000275953e-14 7.4061298429e-15 1.2594146110e-14
4.4329833984e+02 1.9926825266e-14 7.3994088275e-15 1.2527416438e-14
4.4335937500e+02 1.9847016340e-14 7.3579110312e-15 1.2489105309e-14
4.4342041016e+02 1.9779155517e-14 7.3158097215e-15 1.2463345795e-14
4.4348144531e+02 2.0017579389e-14 7.4232802676e-15 1.2594299122e-14
4.4354248047e+02 2.0073098226e-14 7.4222229678e-15 1.2650875258e-14
4.4360351562e+02 2.0119743502e-14 7.3791183520e-15 1.2740625150e-14
4.4366455078e+02 2.0077391130e-14 7.3317534875e-15 1.2745637642e-14
4.4372558594e+02 2.0064163743e-14 7.3475962658e-15 1.2716567477e-14
4.4378662109e+02 2.0145996755e-14 7.3787923507e-15 1.2767204404e-14
4.4384765625e+02 2.0067288142e-14 7.3529722525e-15 1.2714315890e-14
4.4390869141e+02 1.9920988463e-14 7.2935250691e-15 1.2627463393e-14
4.4396972656e+02 1.9832780555e-14 7.3233497792e-15 1.2509430776e-14
4.4403076172e+02 1.9746136252e-14 7.3494629916e-15 1.2396673261e-14
4.4409179688e+02 1.9771884465e-14 7.3491488486e-15 1.2422735616e-14
4.4415283203e+02 1.9787011468e-14 7.3132961858e-15 1.2473715282e-14
4.4421386719e+02 1.9861981259e-14 7.2848024571e-15 1.2577178802e-14
4.4427490234e+02 1.9897112990e-14 7.3043431817e-15 1.2592769809e-14
4.4433593750e+02 1.9867121618e-14 7.3401123382e-15 1.2527009280e-14
4.4439697266e+02 1.9754684540e-14 7.3648656870e-15 1.2389818853e-14
4.4445800781e+02 1.9732900303e-14 7.3335878152e-15 1.2399312488e-14
4.4451904297e+02 1.9646556748e-14 7.3333743056e-15 1.2313182442e-14
4.4458007812e+02 1.9601668166e-14 7.2924074909e-15 1.2309260675e-14
4.4464111328e+02 1.9683340044e-14 7.2903893456e-15 1.2392950698e-14
4.4470214844e+02 1.9771140023e-14 7.3085426825e-15 1.2462597341e-14
4.4476318359e+02 1.9815804578e-14 7.3014403062e-15 1.2514364272e-14
4.4482421875e+02 1.9831235704e-14 7.3094004028e-15 1.2521835302e-14
4.4488525391e+02 1.9811571416e-14 7.2582924963e-15 1.2553278920e-14
4.4494628906e+02 1.9802736366e-14 7.2096446034e-15 1.2593091762e-14
4.4500732422e+02 1.9803989296e-14 7.2079109384e-15 1.2596078357e-14
4.4506835938e+02 1.9773925851e-14 7.2529912489e-15 1.2520934602e-14
4.4512939453e+02 1.9759266060e-14 7.2171658556e-15 1.2542100204e-14
4.4519042969e+02 1.9782116010e-14 7.2869611997e-15 1.2495154811e-14
4.4525146484e+02 1.9801798889e-14 7.3097618547e-15 1.2492037035e-14
4.4531250000e+02 1.9875480017e-14 7.2762002289e-15 1.2599279788e-14
4.4537353516e+02 1.9727961120e-14 7.2569725904e-15 1.2470988529e-14
4.4543457031e+02 1.9715003796e-14 7.3275749795e-15 1.2387428816e-14
4.4549560547e+02 1.9724044569e-14 7.2696290129e-15 1.2454415556e-14
4.4555664062e+02 1.9774110926e-14 7.2801529558e-15 1.2493957971e-14
4.4561767578e+02 1.9700446991e-14 7.2581961709e-15 1.2442250820e-14
4.4567871094e+02 1.9676549182e-14 7.2391586633e-15 1.2437390519e-14
4.4573974609e+02 1.9662974430e-14 7.2624876551e-15 1.2400486775e-14
4.4580078125e+02 1.9668501751e-14 7.2686426548e-15 1.2399859096e-14
4.4586181641e+02 1.9597934566e-14 7.2350352971e-15 1.2362899269e-14
4.4592285156e+02 1.9523529213e-14 7.2413291466e-15 1.2282200067e-14
4.4598388672e+02 1.9578384360e-14 7.2561504829e-15 1.2322233878e-14
4.4604492188e+02 1.9538491905e-14 7.2197756533e-15 1.2318716252e-14
4.4610595703e+02 1.9476216745e-14 7.1689208651e-15 1.2307295880e-14
4.4616699219e+02 1.9534844218e-14 7.1718295881e-15 1.2363014630e-14
4.4622802734e+02 1.9552844206e-14 7.2545943487e-15 1.2298249857e-14
4.4628906250e+02 1.9570281980e-14 7.3073105929e-15 1.2262971387e-14
4.4635009766e+02 1.9475461485e-14 7.2437445810e-15 1.2231716904e-14
4.4641113281e+02 1.9517983613e-14 7.2217478616e-15 1.2296235751e-14
4.4647216797e+02 1.9497097571e-14 7.2365935219e-15 1.2260504049e-14
4.4653320312e+02 1.9430678698e-14 7.2189018993e-15 1.2211776799e-14
4.4659423828e+02 1.9445574288e-14 7.2082807565e-15 1.2237293532e-14
4.4665527344e+02 1.9453995194e-14 7.1102066786e-15 1.2343788515e-14
4.4671630859e+02 1.9499547116e-14 7.1257759959e-15 1.2373771121e-14
4.4677734375e+02 1.9445210784e-14 7.1547281384e-15 1.2290482646e-14
4.4683837891e+02 1.9462240106e-14 7.2018918866e-15 1.2260348219e-14
4.4689941406e+02 1.9559693375e-14 7.1998385479e-15 1.2359854827e-14
4.4696044922e+02 1.9608953135e-14 7.2410688071e-15 1.2367884328e-14
4.4702148438e+02 1.9609793837e-14 7.2394529772e-15 1.2370340859e-14
4.4708251953e+02 1.9574929182e-14 7.2307938745e-15 1.2344135308e-14
4.4714355469e+02 1.9469924394e-14 7.2480511905e-15 1.2221873204e-14
4.4720458984e+02 1.9362969212e-14 7.1885580252e-15 1.2174411186e-14
4.4726562500e+02 1.9477246258e-14 7.1990218775e-15 1.2278224381e-14
4.4732666016e+02 1.9423891587e-14 7.1577925655e-15 1.2266099022e-14
4.4738769531e+02 1.9384949796e-14 7.1206385840e-15 1.2264311212e-14
4.4744873047e+02 1.9411646200e-14 7.1106880765e-15 1.2300958123e-14
4.4750976562e+02 1.9406999471e-14 7.1457534389e-15 1.2261246032e-14
4.4757080078e+02 1.9441684272e-14 7.1480117168e-15 1.2293672556e-14
4.4763183594e+02 1.9496507091e-14 7.1909105872e-15 1.2305596504e-14
4.4769287109e+02 1.9511133117e-14 7.1896952815e-15 1.2321437835e-14
4.4775390625e+02 1.9462305476e-14 7.1567876464e-15 1.2305517829e-14
4.4781494141e+02 1.9329287083e-14 7.1198224607e-15 1.2209464623e-14
4.4787597656e+02 1.9347209331e-14 7.1185540055e-15 1.2228655325e-14
4.4793701172e+02 1.9321364035e-14 7.1483421478e-15 1.2173021887e-14
4.4799804688e+02 1.9271200983e-14 7.1424135458e-15 1.2128787437e-14
4.4805908203e+02 1.9315142755e-14 7.1253357132e-15 1.2189807042e-14
4.4812011719e+02 1.9313489590e-14 7.1199033907e-15 1.2193586199e-14
4.4818115234e+02 1.9275488267e-14 7.1532102171e-15 1.2122278049e-14
4.4824218750e+02 1.9326278266e-14 7.1931452911e-15 1.2133132975e-14
4.4830322266e+02 1.9237011554e-14 7.1639562209e-15 1.2073055334e-14
4.4836425781e+02 1.9210838389e-14 7.1682753193e-15 1.2042563070e-14
4.4842529297e+02 1.9157666765e-14 7.1019137552e-15 1.2055753010e-14
4.4848632812e+02 1.9183281836e-14 7.0921024509e-15 1.2091179385e-14
4.4854736328e+02 1.9128849689e-14 7.0447323438e-15 1.2084117345e-14
4.4860839844e+02 1.9106144034e-14 7.0744375052e-15 1.2031706528e-14
4.4866943359e+02 1.9144203700e-14 7.0754204890e-15 1.2068783211e-14
4.4873046875e+02 1.9136219911e-14 7.0903450617e-15 1.2045874849e-14
4.4879150391e+02 1.9226386620e-14 7.0551714235e-15 1.2171215196e-14
4.4885253906e+02 1.9236406907e-14 7.0642719931e-15 1.2172134914e-14
4.4891357422e+02 1.9118624250e-14 7.0553220575e-15 1.2063302193e-14
4.4897460938e+02 1.9073517954e-14 7.0870500822e-15 1.1986467871e-14
4.4903564453e+02 1.9098144222e-14 7.1004711628e-15 1.1997673059e-14
4.4909667969e+02 1.9103612710e-14 7.0831663816e-15 1.2020446329e-14
4.4915771484e+02 1.9231977724e-14 7.0321571874e-15 1.2199820537e-14
4.4921875000e+02 1.9246422342e-14 7.0436408675e-15 1.2202781475e-14
4.4927978516e+02 1.9190949022e-14 7.0267592944e-15 1.2164189728e-14
4.4934082031e+02 1.9195535875e-14 7.0634468048e-15 1.2132089070e-14
4.4940185547e+02 1.9205605071e-14 7.0815321863e-15 1.2124072884e-14
4.4946289062e+02 1.9201668643e-14 7.0800951196e-15 1.2121573524e-14
4.4952392578e+02 1.9162017116e-14 7.0560151072e-15 1.2106002009e-14
4.4958496094e+02 1.9193037215e-14 7.0885395560e-15 1.2104497659e-14
4.4964599609e+02 1.9288470610e-14 7.1097666121e-15 1.2178703998e-14
4.4970703125e+02 1.9274999273e-14 7.1006738908e-15 1.2174325382e-14
4.4976806641e+02 1.9147277982e-14 7.0668841320e-15 1.2080393850e-14
4.4982910156e+02 1.8938744084e-14 7.0281557166e-15 1.1910588367e-14
4.4989013672e+02 1.9057835790e-14 7.0475984520e-15 1.2010237338e-14
4.4995117188e+02 1.9239154943e-14 7.0517084451e-15 1.2187446498e-14
4.5001220703e+02 1.9262783313e-14 7.0368838722e-15 1.2225899441e-14
4.5007324219e+02 1.9225433748e-14 7.0542401694e-15 1.2171193578e-14
4.5013427734e+02 1.9003317912e-14 7.0081423533e-15 1.1995175559e-14
4.5019531250e+02 1.8906998814e-14 6.9969523939e-15 1.1910046420e-14
4.5025634766e+02 1.8858162871e-14 6.9952739040e-15 1.1862888967e-14
4.5031738281e+02 1.8863313292e-14 7.0403724848e-15 1.1822940807e-14
4.5037841797e+02 1.8848413536e-14 6.9805025097e-15 1.1867911027e-14
4.5043945312e+02 1.8864230573e-14 6.9383682961e-15 1.1925862277e-14
4.5050048828e+02 1.8849029122e-14 6.9956089029e-15 1.1853420219e-14
4.5056152344e+02 1.8928598952e-14 7.0675989291e-15 1.1861000023e-14
4.5062255859e+02 1.8913413288e-14 7.0657487609e-15 1.1847664527e-14
4.5068359375e+02 1.8807289847e-14 7.0018965232e-15 1.1805393324e-14
4.5074462891e+02 1.8804036306e-14 6.9902719823e-15 1.1813764324e-14
4.5080566406e+02 1.8873216167e-14 7.0054672166e-15 1.1867748950e-14
4.5086669922e+02 1.8890598497e-14 7.0060230277e-15 1.1884575470e-14
4.5092773438e+02 1.8907195475e-14 7.0116029976e-15 1.1895592477e-14
4.5098876953e+02 1.8905537954e-14 6.9987087646e-15 1.1906829189e-14
4.5104980469e+02 1.8889543344e-14 6.9939457785e-15 1.1895597566e-14
4.5111083984e+02 1.8834012669e-14 6.9644845804e-15 1.1869528088e-14
4.5117187500e+02 1.8791619339e-14 7.0138622135e-15 1.1777757125e-14
4.5123291016e+02 1.8866625758e-14 7.0153553367e-15 1.1851270421e-14
4.5129394531e+02 1.8856968812e-14 7.0108118486e-15 1.1846156963e-14
4.5135498047e+02 1.8754209974e-14 6.9445701236e-15 1.1809639850e-14
4.5141601562e+02 1.8802470111e-14 6.9456694244e-15 1.1856800687e-14
4.5147705078e+02 1.8786369329e-14 6.9081855484e-15 1.1878183780e-14
4.5153808594e+02 1.8751012284e-14 6.9348921223e-15 1.1816120162e-14
4.5159912109e+02 1.8786911462e-14 6.9687276643e-15 1.1818183798e-14
4.5166015625e+02 1.8740914108e-14 6.9403184084e-15 1.1800595700e-14
4.5172119141e+02 1.8771822385e-14 6.9315156621e-15 1.1840306723e-14
4.5178222656e+02 1.8868548426e-14 6.9575239828e-15 1.1911024443e-14
4.5184326172e+02 1.8885331644e-14 6.9615697809e-15 1.1923761863e-14
4.5190429688e+02 1.8779645208e-14 6.9476564030e-15 1.1831988805e-14
4.5196533203e+02 1.8789505278e-14 6.9943240816e-15 1.1795181197e-14
4.5202636719e+02 1.8719694326e-14 6.9886400799e-15 1.1731054246e-14
4.5208740234e+02 1.8734964498e-14 7.0244918127e-15 1.1710472686e-14
4.5214843750e+02 1.8718331035e-14 6.9768222597e-15 1.1741508775e-14
4.5220947266e+02 1.8759146813e-14 6.9031806721e-15 1.1855966141e-14
4.5227050781e+02 1.8760409673e-14 6.8890071191e-15 1.1871402554e-14
4.5233154297e+02 1.8739042879e-14 6.8923642287e-15 1.1846678651e-14
4.5239257812e+02 1.8636620020e-14 6.8852642687e-15 1.1751355752e-14
4.5245361328e+02 1.8648467809e-14 6.8966932514e-15 1.1751774558e-14
4.5251464844e+02 1.8611399173e-14 6.9522425140e-15 1.1659156659e-14
4.5257568359e+02 1.8552212613e-14 6.9143726264e-15 1.1637839987e-14
4.5263671875e+02 1.8547208971e-14 6.8895240367e-15 1.1657684935e-14
4.5269775391e+02 1.8603881244e-14 6.9228092995e-15 1.1681071945e-14
4.5275878906e+02 1.8611541548e-14 6.9058496596e-15 1.1705691888e-14
4.5281982422e+02 1.8629683857e-14 6.9293755258e-15 1.1700308331e-14
4.5288085938e+02 1.8606103085e-14 6.8840612943e-15 1.1722041790e-14
4.5294189453e+02 1.8669361370e-14 6.8960698757e-15 1.1773291495e-14
4.5300292969e+02 1.8667878064e-14 6.9288670213e-15 1.1739011042e-14
4.5306396484e+02 1.8640785231e-14 6.8947868972e-15 1.1745998334e-14
4.5312500000e+02 1.8576273761e-14 6.8902475588e-15 1.1686026203e-14
4.5318603516e+02 1.8513651093e-14 6.8537360112e-15 1.1659915081e-14
4.5324707031e+02 1.8470678597e-14 6.8900561308e-15 1.1580622466e-14
4.5330810547e+02 1.8473272397e-14 6.9327250449e-15 1.1540547352e-14
4.5336914062e+02 1.8555117384e-14 6.8989743099e-15 1.1656143074e-14
4.5343017578e+02 1.8491432303e-14 6.8970374560e-15 1.1594394847e-14
4.5349121094e+02 1.8402368571e-14 6.8600452378e-15 1.1542323334e-14
4.5355224609e+02 1.8422694646e-14 6.8672328032e-15 1.1555461843e-14
4.5361328125e+02 1.8437319211e-14 6.8383065863e-15 1.1599012625e-14
4.5367431641e+02 1.8453082116e-14 6.9011110072e-15 1.1551971108e-14
4.5373535156e+02 1.8440288512e-14 6.9092736195e-15 1.1531014892e-14
4.5379638672e+02 1.8399173121e-14 6.8588424968e-15 1.1540330625e-14
4.5385742188e+02 1.8490177647e-14 6.8727581137e-15 1.1617419533e-14
4.5391845703e+02 1.8550229100e-14 6.9494527725e-15 1.1600776328e-14
4.5397949219e+02 1.8534261335e-14 6.8827132344e-15 1.1651548101e-14
4.5404052734e+02 1.8419878774e-14 6.8090551629e-15 1.1610823611e-14
4.5410156250e+02 1.8446563510e-14 6.8188131390e-15 1.1627750371e-14
4.5416259766e+02 1.8613536693e-14 6.8752081201e-15 1.1738328573e-14
4.5422363281e+02 1.8577102792e-14 6.8459214434e-15 1.1731181348e-14
4.5428466797e+02 1.8432504412e-14 6.8450291447e-15 1.1587475267e-14
4.5434570312e+02 1.8373862933e-14 6.8844287511e-15 1.1489434181e-14
4.5440673828e+02 1.8341097821e-14 6.9004574179e-15 1.1440640403e-14
4.5446777344e+02 1.8370178616e-14 6.9361475479e-15 1.1434031069e-14
4.5452880859e+02 1.8366944848e-14 6.8846832239e-15 1.1482261624e-14
4.5458984375e+02 1.8344444171e-14 6.8635700014e-15 1.1480874170e-14
4.5465087891e+02 1.8271663051e-14 6.8460518003e-15 1.1425611251e-14
4.5471191406e+02 1.8164757951e-14 6.8210285714e-15 1.1343729379e-14
4.5477294922e+02 1.8256713014e-14 6.8560814347e-15 1.1400631579e-14
4.5483398438e+02 1.8187682810e-14 6.8353313264e-15 1.1352351484e-14
4.5489501953e+02 1.8158991056e-14 6.8555332946e-15 1.1303457761e-14
4.5495605469e+02 1.8155488364e-14 6.8528089649e-15 1.1302679399e-14
4.5501708984e+02 1.8241620221e-14 6.8354356059e-15 1.1406184615e-14
4.5507812500e+02 1.8388236814e-14 6.8783841872e-15 1.1509852627e-14
4.5513916016e+02 1.8408271614e-14 6.8666181983e-15 1.1541653415e-14
4.5520019531e+02 1.8357277003e-14 6.8239318667e-15 1.1533345136e-14
4.5526123047e+02 1.8277698963e-14 6.7855328226e-15 1.1492166141e-14
4.5532226562e+02 1.8208883448e-14 6.7751724979e-15 1.1433710950e-14
4.5538330078e+02 1.8144321977e-14 6.7089147408e-15 1.1435407237e-14
4.5544433594e+02 1.8208076360e-14 6.7521086029e-15 1.1455967757e-14
4.5550537109e+02 1.8257167406e-14 6.7422417499e-15 1.1514925656e-14
4.5556640625e+02 1.8311006678e-14 6.7594846097e-15 1.1551522069e-14
4.5562744141e+02 1.8359058580e-14 6.8010463284e-15 1.1558012251e-14
4.5568847656e+02 1.8339776641e-14 6.7506971509e-15 1.1589079490e-14
4.5574951172e+02 1.8381949308e-14 6.8037101117e-15 1.1578239197e-14
4.5581054688e+02 1.8270318761e-14 6.8540721781e-15 1.1416246583e-14
4.5587158203e+02 1.8127841693e-14 6.8045146243e-15 1.1323327069e-14
4.5593261719e+02 1.8195463576e-14 6.7900059950e-15 1.1405457581e-14
4.5599365234e+02 1.8133101413e-14 6.7544177186e-15 1.1378683695e-14
4.5605468750e+02 1.8184790856e-14 6.7126106846e-15 1.1472180171e-14
4.5611572266e+02 1.8176058026e-14 6.7315160209e-15 1.1444542006e-14
4.5617675781e+02 1.8086532033e-14 6.7526034947e-15 1.1333928538e-14
4.5623779297e+02 1.8133197726e-14 6.7406583876e-15 1.1392539339e-14
4.5629882812e+02 1.8217695964e-14 6.7310868264e-15 1.1486609137e-14
4.5635986328e+02 1.8188134227e-14 6.7828129304e-15 1.1405321296e-14
4.5642089844e+02 1.8175540183e-14 6.8223686886e-15 1.1353171494e-14
4.5648193359e+02 1.8073829957e-14 6.7506563065e-15 1.1323173651e-14
4.5654296875e+02 1.8080754492e-14 6.7308428800e-15 1.1349911612e-14
4.5660400391e+02 1.8109566459e-14 6.7437973482e-15 1.1365769111e-14
4.5666503906e+02 1.8069749664e-14 6.7487175405e-15 1.1321032124e-14
4.5672607422e+02 1.8046017876e-14 6.7533461744e-15 1.1292671702e-14
4.5678710938e+02 1.8128915204e-14 6.7246476838e-15 1.1404267520e-14
4.5684814453e+02 1.8208142815e-14 6.7147659986e-15 1.1493376817e-14
4.5690917969e+02 1.8173299354e-14 6.7030959762e-15 1.1470203378e-14
4.5697021484e+02 1.8148945389e-14 6.7511663668e-15 1.1397779022e-14
4.5703125000e+02 1.8076481649e-14 6.7500697195e-15 1.1326411930e-14
4.5709228516e+02 1.7945927920e-14 6.7418074306e-15 1.1204120489e-14
4.5715332031e+02 1.7987551796e-14 6.7247473009e-15 1.1262804495e-14
4.5721435547e+02 1.8006005274e-14 6.7100170844e-15 1.1295988190e-14
4.5727539062e+02 1.8018987449e-14 6.6648065321e-15 1.1354180917e-14
4.5733642578e+02 1.7999396487e-14 6.6956944635e-15 1.1303702023e-14
4.5739746094e+02 1.7961051926e-14 6.7008331808e-15 1.1260218745e-14
4.5745849609e+02 1.7933694681e-14 6.6773698935e-15 1.1256324788e-14
4.5751953125e+02 1.7850364735e-14 6.6874942485e-15 1.1162870487e-14
4.5758056641e+02 1.7917230060e-14 6.6784612567e-15 1.1238768803e-14
4.5764160156e+02 1.7827100609e-14 6.6526602097e-15 1.1174440399e-14
4.5770263672e+02 1.7814449556e-14 6.6897352234e-15 1.1124714332e-14
4.5776367188e+02 1.7847992042e-14 6.6786325016e-15 1.1169359540e-14
4.5782470703e+02 1.7831841691e-14 6.6750799748e-15 1.1156761716e-14
4.5788574219e+02 1.7788922396e-14 6.6982054061e-15 1.1090716990e-14
4.5794677734e+02 1.7907545770e-14 6.7272748166e-15 1.1180270953e-14
4.5800781250e+02 1.8062323734e-14 6.7419420268e-15 1.1320381708e-14
4.5806884766e+02 1.7869097020e-14 6.6617921048e-15 1.1207304915e-14
4.5812988281e+02 1.7889272637e-14 6.6995826806e-15 1.1189689956e-14
4.5819091797e+02 1.7789383388e-14 6.6469337973e-15 1.1142449591e-14
4.5825195312e+02 1.7716927171e-14 6.6267473790e-15 1.1090179792e-14
4.5831298828e+02 1.7776923453e-14 6.6503416703e-15 1.1126581783e-14
4.5837402344e+02 1.7837885794e-14 6.6488488898e-15 1.1189036904e-14
4.5843505859e+02 1.7910323887e-14 6.6589501751e-15 1.1251373712e-14
4.5849609375e+02 1.8023317397e-14 6.6752438192e-15 1.1348073578e-14
4.5855712891e+02 1.8017788902e-14 6.6805420135e-15 1.1337246888e-14
4.5861816406e+02 1.7944003979e-14 6.5909299996e-15 1.1353073979e-14
4.5867919922e+02 1.7898974163e-14 6.6074014503e-15 1.1291572712e-14
4.5874023438e+02 1.7906730082e-14 6.6627820050e-15 1.1243948077e-14
4.5880126953e+02 1.7898167553e-14 6.6210070969e-15 1.1277160456e-14
4.5886230469e+02 1.7943470780e-14 6.6055775491e-15 1.1337893231e-14
4.5892333984e+02 1.7984033866e-14 6.6506065234e-15 1.1333427343e-14
4.5898437500e+02 1.7924160903e-14 6.6829255768e-15 1.1241235326e-14
4.5904541016e+02 1.7856209158e-14 6.6553187237e-15 1.1200890435e-14
4.5910644531e+02 1.7705975227e-14 6.6136392277e-15 1.1092336000e-14
4.5916748047e+02 1.7635965804e-14 6.6161199239e-15 1.1019845880e-14
4.5922851562e+02 1.7691915582e-14 6.6192388133e-15 1.1072676769e-14
4.5928955078e+02 1.7723902860e-14 6.5985995042e-15 1.1125303356e-14
4.5935058594e+02 1.7823097791e-14 6.6158401268e-15 1.1207257664e-14
4.5941162109e+02 1.7906416151e-14 6.6224311198e-15 1.1283985031e-14
4.5947265625e+02 1.7973024035e-14 6.6293534106e-15 1.1343670625e-14
4.5953369141e+02 1.7875423462e-14 6.6007423291e-15 1.1274681133e-14
4.5959472656e+02 1.7790673376e-14 6.5813753084e-15 1.1209298067e-14
4.5965576172e+02 1.7757552084e-14 6.6333329412e-15 1.1124219142e-14
4.5971679688e+02 1.7808823263e-14 6.6100469219e-15 1.1198776341e-14
4.5977783203e+02 1.7774454682e-14 6.6032093098e-15 1.1171245373e-14
4.5983886719e+02 1.7740138923e-14 6.5918785121e-15 1.1148260410e-14
4.5989990234e+02 1.7722672620e-14 6.5843953900e-15 1.1138277231e-14
4.5996093750e+02 1.7623586008e-14 6.5596510445e-15 1.1063934963e-14
4.6002197266e+02 1.7683585077e-14 6.6171419957e-15 1.1066443082e-14
4.6008300781e+02 1.7631706448e-14 6.6250665602e-15 1.1006639888e-14
4.6014404297e+02 1.7665065625e-14 6.6365061494e-15 1.1028559476e-14
4.6020507812e+02 1.7671622652e-14 6.5825682788e-15 1.1089054373e-14
4.6026611328e+02 1.7705173085e-14 6.5699248570e-15 1.1135248228e-14
4.6032714844e+02 1.7693559066e-14 6.5545777321e-15 1.1138981333e-14
4.6038818359e+02 1.7635877353e-14 6.5092526491e-15 1.1126624704e-14
4.6044921875e+02 1.7564784591e-14 6.5557812184e-15 1.1009003372e-14
4.6051025391e+02 1.7546512886e-14 6.5565486271e-15 1.0989964259e-14
4.6057128906e+02 1.7561256392e-14 6.5418064074e-15 1.1019449985e-14
4.6063232422e+02 1.7570218571e-14 6.5357926943e-15 1.1034425876e-14
4.6069335938e+02 1.7490311320e-14 6.5005593764e-15 1.0989751944e-14
4.6075439453e+02 1.7468878293e-14 6.4902650865e-15 1.0978613206e-14
4.6081542969e+02 1.7484359859e-14 6.5214650032e-15 1.0962894856e-14
4.6087646484e+02 1.7492967287e-14 6.5333007098e-15 1.0959666577e-14
4.6093750000e+02 1.7522422576e-14 6.4805742726e-15 1.1041848304e-14
4.6099853516e+02 1.7529504629e-14 6.5336226724e-15 1.0995881957e-14
4.6105957031e+02 1.7495974207e-14 6.5546021852e-15 1.0941372021e-14
4.6112060547e+02 1.7443861019e-14 6.5489122009e-15 1.0894948818e-14
4.6118164062e+02 1.7361665323e-14 6.5586708802e-15 1.0802994442e-14
4.6124267578e+02 1.7334451985e-14 6.5341967963e-15 1.0800255189e-14
4.6130371094e+02 1.7400125829e-14 6.5562127746e-15 1.0843913054e-14
4.6136474609e+02 1.7481800332e-14 6.5866445216e-15 1.0895155811e-14
4.6142578125e+02 1.7612649880e-14 6.5671896566e-15 1.1045460223e-14
4.6148681641e+02 1.7549132770e-14 6.5238931612e-15 1.1025239608e-14
4.6154785156e+02 1.7492206509e-14 6.5065484821e-15 1.0985658027e-14
4.6160888672e+02 1.7474655159e-14 6.5286015556e-15 1.0946053604e-14
4.6166992188e+02 1.7502566260e-14 6.4972398896e-15 1.1005326371e-14
4.6173095703e+02 1.7529008449e-14 6.5498281538e-15 1.0979180295e-14
4.6179199219e+02 1.7588800701e-14 6.5877702286e-15 1.1001030473e-14
4.6185302734e+02 1.7451641733e-14 6.5117385996e-15 1.0939903134e-14
4.6191406250e+02 1.7427010711e-14 6.4650704906e-15 1.0961940220e-14
4.6197509766e+02 1.7466523925e-14 6.4952220674e-15 1.0971301858e-14
4.6203613281e+02 1.7538342427e-14 6.5262331546e-15 1.1012109272e-14
4.6209716797e+02 1.7488418435e-14 6.5158082524e-15 1.0972610182e-14
4.6215820312e+02 1.7459501963e-14 6.5367882573e-15 1.0922713705e-14
4.6221923828e+02 1.7435140474e-14 6.5574414056e-15 1.0877699069e-14
4.6228027344e+02 1.7372316591e-14 6.5000161489e-15 1.0872300442e-14
4.6234130859e+02 1.7359149917e-14 6.4854742942e-15 1.0873675623e-14
4.6240234375e+02 1.7242872020e-14 6.4884265572e-15 1.0754445463e-14
4.6246337891e+02 1.7180320109e-14 6.4861797045e-15 1.0694140404e-14
4.6252441406e+02 1.7262946561e-14 6.5061204573e-15 1.0756826104e-14
4.6258544922e+02 1.7273843566e-14 6.4773983961e-15 1.0796445170e-14
4.6264648438e+02 1.7318622515e-14 6.4793860952e-15 1.0839236420e-14
4.6270751953e+02 1.7263069513e-14 6.4567321880e-15 1.0806337325e-14
4.6276855469e+02 1.7302851535e-14 6.4671395064e-15 1.0835712029e-14
4.6282958984e+02 1.7382337413e-14 6.4823559052e-15 1.0899981508e-14
4.6289062500e+02 1.7462376667e-14 6.4654895098e-15 1.0996887157e-14
4.6295166016e+02 1.7431782812e-14 6.5058870857e-15 1.0925895727e-14
4.6301269531e+02 1.7371006684e-14 6.4957676183e-15 1.0875239065e-14
4.6307373047e+02 1.7288774955e-14 6.4830997728e-15 1.0805675182e-14
4.6313476562e+02 1.7295214966e-14 6.4679776096e-15 1.0827237356e-14
4.6319580078e+02 1.7405385393e-14 6.4512998110e-15 1.0954085582e-14
4.6325683594e+02 1.7400593757e-14 6.3968300587e-15 1.1003763698e-14
4.6331787109e+02 1.7367853303e-14 6.4124854436e-15 1.0955367860e-14
4.6337890625e+02 1.7345054265e-14 6.4807194959e-15 1.0864334769e-14
4.6343994141e+02 1.7244059485e-14 6.4737519515e-15 1.0770307534e-14
4.6350097656e+02 1.7228866226e-14 6.4627443816e-15 1.0766121845e-14
4.6356201172e+02 1.7309293636e-14 6.4475872310e-15 1.0861706405e-14
4.6362304688e+02 1.7278597634e-14 6.4496917542e-15 1.0828905879e-14
4.6368408203e+02 1.7269986904e-14 6.4806967772e-15 1.0789290126e-14
4.6374511719e+02 1.7253969120e-14 6.4778082410e-15 1.0776160879e-14
4.6380615234e+02 1.7219190747e-14 6.4414583008e-15 1.0777732446e-14
4.6386718750e+02 1.7271009910e-14 6.4708056742e-15 1.0800204236e-14
4.6392822266e+02 1.7208170724e-14 6.4160459437e-15 1.0792124781e-14
4.6398925781e+02 1.7292540913e-14 6.4336877520e-15 1.0858853161e-14
4.6405029297e+02 1.7261145431e-14 6.4323637634e-15 1.0828781668e-14
4.6411132812e+02 1.7284422178e-14 6.4446555450e-15 1.0839766633e-14
4.6417236328e+02 1.7252256823e-14 6.4293199276e-15 1.0822936896e-14
4.6423339844e+02 1.7134756390e-14 6.3929948336e-15 1.0741761557e-14
4.6429443359e+02 1.7290440835e-14 6.4388073022e-15 1.0851633533e-14
4.6435546875e+02 1.7280120709e-14 6.4524786638e-15 1.0827642045e-14
4.6441650391e+02 1.7226197636e-14 6.4200235014e-15 1.0806174135e-14
4.6447753906e+02 1.7249977873e-14 6.4183096249e-15 1.0831668248e-14
4.6453857422e+02 1.7247725973e-14 6.4506783480e-15 1.0797047625e-14
4.6459960938e+02 1.7171109677e-14 6.3990858747e-15 1.0772023802e-14
4.6466064453e+02 1.7098608810e-14 6.4372017853e-15 1.0661407025e-14
4.6472167969e+02 1.7117636373e-14 6.4363881185e-15 1.0681248255e-14
4.6478271484e+02 1.7159868820e-14 6.3810401432e-15 1.0778828677e-14
4.6484375000e+02 1.7176033293e-14 6.4063808008e-15 1.0769652492e-14
4.6490478516e+02 1.7094282150e-14 6.3999155885e-15 1.0694366561e-14
4.6496582031e+02 1.7130996173e-14 6.4414769236e-15 1.0689519249e-14
4.6502685547e+02 1.7184844293e-14 6.4895218373e-15 1.0695322455e-14
4.6508789062e+02 1.7213595846e-14 6.4202488018e-15 1.0793347044e-14
4.6514892578e+02 1.7192950565e-14 6.4105804775e-15 1.0782370088e-14
4.6520996094e+02 1.7074052972e-14 6.3691406747e-15 1.0704912297e-14
4.6527099609e+02 1.7061399793e-14 6.3528749004e-15 1.0708524893e-14
4.6533203125e+02 1.7061316166e-14 6.3738443413e-15 1.0687471824e-14
4.6539306641e+02 1.7039821969e-14 6.3679774697e-15 1.0671844500e-14
4.6545410156e+02 1.7000728462e-14 6.3593069518e-15 1.0641421510e-14
4.6551513672e+02 1.7039007023e-14 6.3472964052e-15 1.0691710618e-14
4.6557617188e+02 1.7016686957e-14 6.3712084621e-15 1.0645478495e-14
4.6563720703e+02 1.7041096886e-14 6.4017733464e-15 1.0639323540e-14
4.6569824219e+02 1.7012100352e-14 6.3774636992e-15 1.0634636653e-14
4.6575927734e+02 1.6954720743e-14 6.2833537930e-15 1.0671366950e-14
4.6582031250e+02 1.7066592752e-14 6.3505033833e-15 1.0716089369e-14
4.6588134766e+02 1.7145099197e-14 6.3963038999e-15 1.0748795297e-14
4.6594238281e+02 1.7040138779e-14 6.4059094419e-15 1.0634229337e-14
4.6600341797e+02 1.7054380571e-14 6.3913622140e-15 1.0663018357e-14
4.6606445312e+02 1.6980845690e-14 6.3724482477e-15 1.0608397442e-14
4.6612548828e+02 1.6991232460e-14 6.3820715303e-15 1.0609160930e-14
4.6618652344e+02 1.6951804579e-14 6.4018731256e-15 1.0549931453e-14
4.6624755859e+02 1.6907490428e-14 6.4201202443e-15 1.0487370184e-14
4.6630859375e+02 1.6904734726e-14 6.3698785736e-15 1.0534856152e-14
4.6636962891e+02 1.6932403990e-14 6.3653542806e-15 1.0567049709e-14
4.6643066406e+02 1.6887049976e-14 6.3681170408e-15 1.0518932935e-14
4.6649169922e+02 1.6857734116e-14 6.3424195967e-15 1.0515314519e-14
4.6655273438e+02 1.6837824872e-14 6.2998817155e-15 1.0537943156e-14
4.6661376953e+02 1.6908578017e-14 6.3410334144e-15 1.0567544603e-14
4.6667480469e+02 1.6997720041e-14 6.3871817469e-15 1.0610538294e-14
4.6673583984e+02 1.7017285593e-14 6.4067891349e-15 1.0610496458e-14
4.6679687500e+02 1.6948735960e-14 6.3560771316e-15 1.0592658828e-14
4.6685791016e+02 1.6994870761e-14 6.3456217022e-15 1.0649249059e-14
4.6691894531e+02 1.6915946969e-14 6.2973784805e-15 1.0618568489e-14
4.6697998047e+02 1.6880820749e-14 6.2865341022e-15 1.0594286647e-14
4.6704101562e+02 1.7013445456e-14 6.2915513598e-15 1.0721894096e-14
4.6710205078e+02 1.6998046393e-14 6.2951012307e-15 1.0702945162e-14
4.6716308594e+02 1.7044011418e-14 6.3400289860e-15 1.0703982432e-14
4.6722412109e+02 1.7022115647e-14 6.3321558738e-15 1.0689959773e-14
4.6728515625e+02 1.6886024735e-14 6.3308553455e-15 1.0555169390e-14
4.6734619141e+02 1.6877970398e-14 6.3608508319e-15 1.0517119566e-14
4.6740722656e+02 1.6910720631e-14 6.3804881673e-15 1.0530232463e-14
4.6746826172e+02 1.6962567723e-14 6.3700879113e-15 1.0592479812e-14
4.6752929688e+02 1.6945933232e-14 6.3310923926e-15 1.0614840839e-14
4.6759033203e+02 1.6967122363e-14 6.3203313122e-15 1.0646791050e-14
4.6765136719e+02 1.6970438732e-14 6.3064907657e-15 1.0663947966e-14
4.6771240234e+02 1.6921194300e-14 6.2929357533e-15 1.0628258547e-14
4.6777343750e+02 1.6855240180e-14 6.3141904545e-15 1.0541049726e-14
4.6783447266e+02 1.6800589003e-14 6.2695669619e-15 1.0531022042e-14
4.6789550781e+02 1.6757876730e-14 6.2720832255e-15 1.0485793504e-14
4.6795654297e+02 1.6782742759e-14 6.2934294473e-15 1.0489313312e-14
4.6801757812e+02 1.6813330180e-14 6.2861823567e-15 1.0527147823e-14
4.6807861328e+02 1.6759158676e-14 6.2863771853e-15 1.0472781490e-14
4.6813964844e+02 1.6726812959e-14 6.3201070750e-15 1.0406705884e-14
4.6820068359e+02 1.6769631266e-14 6.3154933197e-15 1.0454137947e-14
4.6826171875e+02 1.6806420481e-14 6.2915274570e-15 1.0514893024e-14
4.6832275391e+02 1.6863837866e-14 6.2997573451e-15 1.0564080521e-14
4.6838378906e+02 1.6915719825e-14 6.3000235576e-15 1.0615696267e-14
4.6844482422e+02 1.6801666708e-14 6.2813598889e-15 1.0520306819e-14
4.6850585938e+02 1.6633923427e-14 6.2619535650e-15 1.0371969862e-14
4.6856689453e+02 1.6636447997e-14 6.2465004100e-15 1.0389947587e-14
4.6862792969e+02 1.6587994402e-14 6.2167895580e-15 1.0371204844e-14
4.6868896484e+02 1.6635008948e-14 6.2390900989e-15 1.0395918849e-14
4.6875000000e+02 1.6735926767e-14 6.3082707382e-15 1.0427656029e-14
4.6881103516e+02 1.6724042980e-14 6.3290210405e-15 1.0395021939e-14
4.6887207031e+02 1.6603238178e-14 6.2790799515e-15 1.0324158227e-14
4.6893310547e+02 1.6617867006e-14 6.2513625708e-15 1.0366504435e-14
4.6899414062e+02 1.6567239373e-14 6.2208955882e-15 1.0346343785e-14
4.6905517578e+02 1.6565752832e-14 6.2262002455e-15 1.0339552586e-14
4.6911621094e+02 1.6617504251e-14 6.2024880898e-15 1.0415016161e-14
4.6917724609e+02 1.6576460933e-14 6.2129981479e-15 1.0363462786e-14
4.6923828125e+02 1.6726713824e-14 6.2530231052e-15 1.0473690719e-14
4.6929931641e+02 1.6779065334e-14 6.2678504801e-15 1.0511214854e-14
4.6936035156e+02 1.6706475764e-14 6.2606706919e-15 1.0445805072e-14
4.6942138672e+02 1.6724639763e-14 6.2806335583e-15 1.0444006205e-14
4.6948242188e+02 1.6682921338e-14 6.2527088044e-15 1.0430212534e-14
4.6954345703e+02 1.6666816471e-14 6.2130144764e-15 1.0453801994e-14
4.6960449219e+02 1.6697220060e-14 6.2728571402e-15 1.0424362920e-14
4.6966552734e+02 1.6667424249e-14 6.2201382733e-15 1.0447285975e-14
4.6972656250e+02 1.6654182158e-14 6.2089275458e-15 1.0445254612e-14
4.6978759766e+02 1.6671849371e-14 6.2704647983e-15 1.0401384573e-14
4.6984863281e+02 1.6523414628e-14 6.2143664879e-15 1.0309048140e-14
4.6990966797e+02 1.6491463640e-14 6.2064669875e-15 1.0284996652e-14
4.6997070312e+02 1.6454084477e-14 6.2369538131e-15 1.0217130664e-14
4.7003173828e+02 1.6552942781e-14 6.2603932854e-15 1.0292549496e-14
4.7009277344e+02 1.6684028698e-14 6.2328571946e-15 1.0451171503e-14
4.7015380859e+02 1.6630408082e-14 6.1866706848e-15 1.0443737397e-14
4.7021484375e+02 1.6693059802e-14 6.2455463843e-15 1.0447513417e-14
4.7027587891e+02 1.6741499953e-14 6.2413583961e-15 1.0500141557e-14
4.7033691406e+02 1.6670855486e-14 6.2511110031e-15 1.0419744482e-14
4.7039794922e+02 1.6625900409e-14 6.2193898244e-15 1.0406510585e-14
4.7045898438e+02 1.6653900522e-14 6.2306082227e-15 1.0423292299e-14
4.7052001953e+02 1.6784974987e-14 6.2153218891e-15 1.0569653098e-14
4.7058105469e+02 1.6660759969e-14 6.2000813262e-15 1.0460678643e-14
4.7064208984e+02 1.6642342576e-14 6.1839980684e-15 1.0458344508e-14
4.7070312500e+02 1.6611215620e-14 6.2046130452e-15 1.0406602575e-14
4.7076416016e+02 1.6511240770e-14 6.1883155269e-15 1.0322925243e-14
4.7082519531e+02 1.6489383516e-14 6.1772143327e-15 1.0312169184e-14
4.7088623047e+02 1.6539320957e-14 6.1814476847e-15 1.0357873272e-14
4.7094726562e+02 1.6460265583e-14 6.1981940513e-15 1.0262071532e-14
4.7100830078e+02 1.6567639557e-14 6.1970570450e-15 1.0370582512e-14
4.7106933594e+02 1.6538411264e-14 6.2033588471e-15 1.0335052417e-14
4.7113037109e+02 1.6379888911e-14 6.1660076098e-15 1.0213881301e-14
4.7119140625e+02 1.6392185508e-14 6.1815315166e-15 1.0210653991e-14
4.7125244141e+02 1.6303742014e-14 6.1678907062e-15 1.0135851308e-14
4.7131347656e+02 1.6430121868e-14 6.1408142549e-15 1.0289307613e-14
4.7137451172e+02 1.6459903947e-14 6.1499836540e-15 1.0309920293e-14
4.7143554688e+02 1.6397707625e-14 6.1599295005e-15 1.0237778125e-14
4.7149658203e+02 1.6436965053e-14 6.1281760767e-15 1.0308788976e-14
4.7155761719e+02 1.6477955571e-14 6.1337162135e-15 1.0344239358e-14
4.7161865234e+02 1.6466918399e-14 6.1847384091e-15 1.0282179990e-14
4.7167968750e+02 1.6485170438e-14 6.1691219287e-15 1.0316048509e-14
4.7174072266e+02 1.6610472383e-14 6.1812348262e-15 1.0429237557e-14
4.7180175781e+02 1.6569855001e-14 6.1500847148e-15 1.0419770286e-14
4.7186279297e+02 1.6573358331e-14 6.1647159748e-15 1.0408642356e-14
4.7192382812e+02 1.6492751055e-14 6.1612343272e-15 1.0331516728e-14
4.7198486328e+02 1.6495335869e-14 6.1625738437e-15 1.0332762026e-14
4.7204589844e+02 1.6451694609e-14 6.1362177679e-15 1.0315476841e-14
4.7210693359e+02 1.6398649647e-14 6.1562170601e-15 1.0242432587e-14
4.7216796875e+02 1.6293766426e-14 6.1310740365e-15 1.0162692389e-14
4.7222900391e+02 1.6354068924e-14 6.1803049838e-15 1.0173763940e-14
4.7229003906e+02 1.6470339523e-14 6.1775558639e-15 1.0292783659e-14
4.7235107422e+02 1.6456442963e-14 6.1579092742e-15 1.0298533689e-14
4.7241210938e+02 1.6455682947e-14 6.1054697966e-15 1.0350213151e-14
4.7247314453e+02 1.6353776396e-14 6.1321101039e-15 1.0221666292e-14
4.7253417969e+02 1.6358520344e-14 6.1159783328e-15 1.0242542011e-14
4.7259521484e+02 1.6315989550e-14 6.0867416357e-15 1.0229247914e-14
4.7265625000e+02 1.6331325147e-14 6.1223258010e-15 1.0208999346e-14
4.7271728516e+02 1.6333789790e-14 6.1414598388e-15 1.0192329951e-14
4.7277832031e+02 1.6454727779e-14 6.1716314634e-15 1.0283096316e-14
4.7283935547e+02 1.6391814088e-14 6.1375208408e-15 1.0254293247e-14
4.7290039062e+02 1.6368126634e-14 6.1379364419e-15 1.0230190192e-14
4.7296142578e+02 1.6426505790e-14 6.1542062615e-15 1.0272299528e-14
4.7302246094e+02 1.6382311111e-14 6.1492334404e-15 1.0233077671e-14
4.7308349609e+02 1.6223357118e-14 6.0880387381e-15 1.0135318380e-14
4.7314453125e+02 1.6187411955e-14 6.0897974862e-15 1.0097614468e-14
4.7320556641e+02 1.6280861415e-14 6.1197150928e-15 1.0161146322e-14
4.7326660156e+02 1.6342403717e-14 6.1109171804e-15 1.0231486537e-14
4.7332763672e+02 1.6294557242e-14 6.0950331064e-15 1.0199524136e-14
4.7338867188e+02 1.6216794264e-14 6.0644698774e-15 1.0152324387e-14
4.7344970703e+02 1.6277536935e-14 6.1073819125e-15 1.0170155022e-14
4.7351074219e+02 1.6329237285e-14 6.1370064680e-15 1.0192230816e-14
4.7357177734e+02 1.6318308672e-14 6.1342713266e-15 1.0184037345e-14
4.7363281250e+02 1.6327720348e-14 6.1394992463e-15 1.0188221102e-14
4.7369384766e+02 1.6307857608e-14 6.1405423865e-15 1.0167315222e-14
4.7375488281e+02 1.6350699054e-14 6.1489256215e-15 1.0201773432e-14
4.7381591797e+02 1.6337742185e-14 6.1497463379e-15 1.0187995848e-14
4.7387695312e+02 1.6299149305e-14 6.0984713715e-15 1.0200677934e-14
4.7393798828e+02 1.6347154506e-14 6.0689309011e-15 1.0278223604e-14
4.7399902344e+02 1.6243016543e-14 6.0798668542e-15 1.0163149689e-14
4.7406005859e+02 1.6274257207e-14 6.1218163655e-15 1.0152440842e-14
4.7412109375e+02 1.6259863760e-14 6.1119896009e-15 1.0147874159e-14
4.7418212891e+02 1.6264636888e-14 6.1095118414e-15 1.0155125047e-14
4.7424316406e+02 1.6325907322e-14 6.1541365984e-15 1.0171770724e-14
4.7430419922e+02 1.6345458149e-14 6.1046448069e-15 1.0240813342e-14
4.7436523438e+02 1.6280316417e-14 6.0643395050e-15 1.0215976912e-14
4.7442626953e+02 1.6310010683e-14 6.0780864190e-15 1.0231924264e-14
4.7448730469e+02 1.6326716388e-14 6.0640444099e-15 1.0262671979e-14
4.7454833984e+02 1.6362833355e-14 6.0856266899e-15 1.0277206665e-14
4.7460937500e+02 1.6305985367e-14 6.1092563514e-15 1.0196729016e-14
4.7467041016e+02 1.6187647282e-14 6.0569049541e-15 1.0130742328e-14
4.7473144531e+02 1.6228309007e-14 6.0629794854e-15 1.0165329521e-14
4.7479248047e+02 1.6206228991e-14 6.0745534318e-15 1.0131675559e-14
4.7485351562e+02 1.6250585418e-14 6.0479266072e-15 1.0202658811e-14
4.7491455078e+02 1.6278985161e-14 6.0474130271e-15 1.0231572134e-14
4.7497558594e+02 1.6290464616e-14 6.0556225681e-15 1.0234842048e-14
4.7503662109e+02 1.6351806878e-14 6.1041529904e-15 1.0247653887e-14
4.7509765625e+02 1.6224415768e-14 6.0449505117e-15 1.0179465256e-14
4.7515869141e+02 1.6137641279e-14 6.0280074737e-15 1.0109633806e-14
4.7521972656e+02 1.6110821704e-14 6.0546750766e-15 1.0056146628e-14
4.7528076172e+02 1.6132607562e-14 6.0754507076e-15 1.0057156854e-14
4.7534179688e+02 1.6225343843e-14 6.1053695549e-15 1.0119974288e-14
4.7540283203e+02 1.6236929184e-14 6.1230959271e-15 1.0113833257e-14
4.7546386719e+02 1.6141327278e-14 6.1176529659e-15 1.0023674312e-14
4.7552490234e+02 1.6116425086e-14 6.0742800948e-15 1.0042144991e-14
4.7558593750e+02 1.6123784692e-14 6.0647243187e-15 1.0059060373e-14
4.7564697266e+02 1.6124364340e-14 6.0943470417e-15 1.0030017298e-14
4.7570800781e+02 1.6166464840e-14 6.1053120470e-15 1.0061152793e-14
4.7576904297e+02 1.6288785055e-14 6.1017840351e-15 1.0187001020e-14
4.7583007812e+02 1.6254272609e-14 6.0387076616e-15 1.0215564947e-14
4.7589111328e+02 1.6167882757e-14 6.0587268118e-15 1.0109155945e-14
4.7595214844e+02 1.6182222231e-14 6.1079635724e-15 1.0074258658e-14
4.7601318359e+02 1.6194021987e-14 6.0501579927e-15 1.0143863994e-14
4.7607421875e+02 1.6259072085e-14 6.0447689393e-15 1.0214303146e-14
4.7613525391e+02 1.6179778750e-14 6.0127821774e-15 1.0166996572e-14
4.7619628906e+02 1.6226005165e-14 6.0817403483e-15 1.0144264817e-14
4.7625732422e+02 1.6203479775e-14 6.0680062285e-15 1.0135473547e-14
4.7631835938e+02 1.6144613222e-14 6.0595099652e-15 1.0085103257e-14
4.7637939453e+02 1.6124256944e-14 6.0262016124e-15 1.0098055332e-14
4.7644042969e+02 1.6123980305e-14 6.0346369925e-15 1.0089343313e-14
4.7650146484e+02 1.6037371517e-14 6.0236704270e-15 1.0013701090e-14
4.7656250000e+02 1.5998297244e-14 6.0559617689e-15 9.9423354754e-15
4.7662353516e+02 1.6029716217e-14 6.0640372676e-15 9.9656789490e-15
4.7668457031e+02 1.6136620057e-14 6.0665749835e-15 1.0070045074e-14
4.7674560547e+02 1.6082044679e-14 6.0294942169e-15 1.0052550462e-14
4.7680664062e+02 1.6022847984e-14 6.0108678847e-15 1.0011980099e-14
4.7686767578e+02 1.6007583799e-14 5.9974824555e-15 1.0010101343e-14
4.7692871094e+02 1.6038185379e-14 6.0325358585e-15 1.0005649520e-14
4.7698974609e+02 1.6205525926e-14 6.0586242053e-15 1.0146901720e-14
4.7705078125e+02 1.6176304300e-14 6.0119706745e-15 1.0164333626e-14
4.7711181641e+02 1.6082222669e-14 5.9902764776e-15 1.0091946191e-14
4.7717285156e+02 1.6051672935e-14 5.9603570967e-15 1.0091315838e-14
4.7723388672e+02 1.6078034101e-14 6.0280257828e-15 1.0050008318e-14
4.7729492188e+02 1.6091292590e-14 5.9864619432e-15 1.0104830647e-14
4.7735595703e+02 1.5977167164e-14 5.9670018743e-15 1.0010165290e-14
4.7741699219e+02 1.5964545570e-14 5.9931198547e-15 9.9714257152e-15
4.7747802734e+02 1.6078264715e-14 6.0372387069e-15 1.0041026008e-14
4.7753906250e+02 1.6073712299e-14 6.0199769902e-15 1.0053735309e-14
4.7760009766e+02 1.5977780165e-14 6.0296670679e-15 9.9481130973e-15
4.7766113281e+02 1.5900383640e-14 6.0353136614e-15 9.8650699788e-15
4.7772216797e+02 1.5893825162e-14 6.0004208838e-15 9.8934042781e-15
4.7778320312e+02 1.5890357182e-14 5.9699179405e-15 9.9204392410e-15
4.7784423828e+02 1.5980723781e-14 6.0343630129e-15 9.9463607685e-15
4.7790527344e+02 1.5954858722e-14 6.0427652078e-15 9.9120935137e-15
4.7796630859e+02 1.5972288536e-14 5.9852661747e-15 9.9870223616e-15
4.7802734375e+02 1.6006657893e-14 5.9893002689e-15 1.0017357624e-14
4.7808837891e+02 1.5973797974e-14 6.0125365356e-15 9.9612614384e-15
4.7814941406e+02 1.5981008447e-14 5.9522919135e-15 1.0028716533e-14
4.7821044922e+02 1.5938328703e-14 5.9472016940e-15 9.9911270093e-15
4.7827148438e+02 1.6018566631e-14 5.9841491746e-15 1.0034417456e-14
4.7833251953e+02 1.6080753187e-14 6.0599575411e-15 1.0020795646e-14
4.7839355469e+02 1.6010728968e-14 6.0033328321e-15 1.0007396136e-14
4.7845458984e+02 1.5953171619e-14 5.9895818261e-15 9.9635897926e-15
4.7851562500e+02 1.6002179999e-14 6.0421393229e-15 9.9600406765e-15
4.7857666016e+02 1.5845235905e-14 5.9754078028e-15 9.8698281021e-15
4.7863769531e+02 1.5944590353e-14 5.9773162297e-15 9.9672741232e-15
4.7869873047e+02 1.5989657372e-14 5.9776965740e-15 1.0011960798e-14
4.7875976562e+02 1.6022839117e-14 5.9310592375e-15 1.0091779880e-14
4.7882080078e+02 1.6048014340e-14 5.9409836891e-15 1.0107030651e-14
4.7888183594e+02 1.5971409685e-14 5.9724060993e-15 9.9990035856e-15
4.7894287109e+02 1.5826780245e-14 5.9272137182e-15 9.8995665269e-15
4.7900390625e+02 1.5881576060e-14 5.9513952115e-15 9.9301808489e-15
4.7906494141e+02 1.5899171280e-14 5.9696751178e-15 9.9294961623e-15
4.7912597656e+02 1.5812606134e-14 5.9371346543e-15 9.8754714792e-15
4.7918701172e+02 1.5848245208e-14 5.9472055147e-15 9.9010396936e-15
4.7924804688e+02 1.5879165503e-14 5.9600830419e-15 9.9190824614e-15
4.7930908203e+02 1.5934930825e-14 5.9679889823e-15 9.9669418430e-15
4.7937011719e+02 1.5915375039e-14 5.9874095300e-15 9.9279655090e-15
4.7943115234e+02 1.5790709715e-14 5.9322268362e-15 9.8584828784e-15
4.7949218750e+02 1.5771661004e-14 5.9138551600e-15 9.8578058438e-15
4.7955322266e+02 1.5846906120e-14 5.9635051234e-15 9.8834009967e-15
4.7961425781e+02 1.5895030924e-14 5.9663184153e-15 9.9287125084e-15
4.7967529297e+02 1.5874835833e-14 5.9935892626e-15 9.8812465699e-15
4.7973632812e+02 1.5831654064e-14 5.9465170189e-15 9.8851370455e-15
4.7979736328e+02 1.5804492135e-14 5.9593347326e-15 9.8451574022e-15
4.7985839844e+02 1.5740849941e-14 5.9093770927e-15 9.8314728481e-15
4.7991943359e+02 1.5813335912e-14 5.9263558318e-15 9.8869800797e-15
4.7998046875e+02 1.5800942261e-14 5.9450261531e-15 9.8559161077e-15
4.8004150391e+02 1.5875340947e-14 5.9534288882e-15 9.9219120588e-15
4.8010253906e+02 1.5930822845e-14 5.9622972257e-15 9.9685256198e-15
4.8016357422e+02 1.5750439326e-14 5.9065926576e-15 9.8438466688e-15
4.8022460938e+02 1.5710619606e-14 5.8949268331e-15 9.8156927734e-15
4.8028564453e+02 1.5840640905e-14 5.9437420077e-15 9.8968988974e-15
4.8034667969e+02 1.5836253857e-14 5.9619644355e-15 9.8742894214e-15
4.8040771484e+02 1.5887707162e-14 5.9455890675e-15 9.9421180946e-15
4.8046875000e+02 1.5788668679e-14 5.9316605283e-15 9.8570081507e-15
4.8052978516e+02 1.5774644873e-14 5.8939033111e-15 9.8807415618e-15
4.8059082031e+02 1.5776802283e-14 5.8896252994e-15 9.8871769835e-15
4.8065185547e+02 1.5779105968e-14 5.9054023867e-15 9.8737035815e-15
4.8071289062e+02 1.5838131353e-14 5.8954739207e-15 9.9426574319e-15
4.8077392578e+02 1.5877126558e-14 5.9193640074e-15 9.9577625508e-15
4.8083496094e+02 1.5804707509e-14 5.9482540290e-15 9.8564534801e-15
4.8089599609e+02 1.5707062161e-14 5.8828080665e-15 9.8242540942e-15
4.8095703125e+02 1.5742953502e-14 5.8986206426e-15 9.8443328597e-15
4.8101806641e+02 1.5759366620e-14 5.9207306066e-15 9.8386360138e-15
4.8107910156e+02 1.5710155223e-14 5.9324082107e-15 9.7777470125e-15
4.8114013672e+02 1.5769955208e-14 5.9593721547e-15 9.8105830532e-15
4.8120117188e+02 1.5839973183e-14 5.9813294049e-15 9.8586437782e-15
4.8126220703e+02 1.5736454329e-14 5.9415559884e-15 9.7948983402e-15
4.8132324219e+02 1.5750011241e-14 5.9482781039e-15 9.8017331370e-15
4.8138427734e+02 1.5717192230e-14 5.8895848220e-15 9.8276074076e-15
4.8144531250e+02 1.5686877288e-14 5.9270915618e-15 9.7597857264e-15
4.8150634766e+02 1.5743366578e-14 5.9347653794e-15 9.8086011989e-15
4.8156738281e+02 1.5728654074e-14 5.9112708737e-15 9.8173832001e-15
4.8162841797e+02 1.5828540309e-14 5.9019106470e-15 9.9266296618e-15
4.8168945312e+02 1.5828056488e-14 5.9023637451e-15 9.9256927424e-15
4.8175048828e+02 1.5801771277e-14 5.9463876708e-15 9.8553836058e-15
4.8181152344e+02 1.5779183334e-14 5.9186286376e-15 9.8605546965e-15
4.8187255859e+02 1.5766486735e-14 5.9330877474e-15 9.8333989873e-15
4.8193359375e+02 1.5729636143e-14 5.9066628987e-15 9.8229732439e-15
4.8199462891e+02 1.5768372615e-14 5.8881668928e-15 9.8802057222e-15
4.8205566406e+02 1.5836056155e-14 5.9390430574e-15 9.8970130973e-15
4.8211669922e+02 1.5779466873e-14 5.8953817005e-15 9.8840851725e-15
4.8217773438e+02 1.5770837254e-14 5.9043282220e-15 9.8665090321e-15
4.8223876953e+02 1.5751404352e-14 5.9121952374e-15 9.8392091141e-15
4.8229980469e+02 1.5760597953e-14 5.8907221270e-15 9.8698758258e-15
4.8236083984e+02 1.5756744755e-14 5.8834870745e-15 9.8732576809e-15
4.8242187500e+02 1.5709390156e-14 5.9128852176e-15 9.7965049388e-15
4.8248291016e+02 1.5730215924e-14 5.9555828091e-15 9.7746331154e-15
4.8254394531e+02 1.5664506396e-14 5.8259267162e-15 9.8385796794e-15
4.8260498047e+02 1.5725774237e-14 5.8561749121e-15 9.8695993252e-15
4.8266601562e+02 1.5704163999e-14 5.8709258728e-15 9.8332381267e-15
4.8272705078e+02 1.5761548191e-14 5.8833758813e-15 9.8781723099e-15
4.8278808594e+02 1.5673954546e-14 5.8937786040e-15 9.7801759419e-15
4.8284912109e+02 1.5616124251e-14 5.8652522571e-15 9.7508719937e-15
4.8291015625e+02 1.5645490638e-14 5.9065835177e-15 9.7389071201e-15
4.8297119141e+02 1.5605018926e-14 5.8700940266e-15 9.7349248996e-15
4.8303222656e+02 1.5682019879e-14 5.8164979428e-15 9.8655219366e-15
4.8309326172e+02 1.5690207244e-14 5.8647451723e-15 9.8254620713e-15
4.8315429688e+02 1.5687026404e-14 5.9025684684e-15 9.7844579354e-15
4.8321533203e+02 1.5753110727e-14 5.9594354610e-15 9.7936752656e-15
4.8327636719e+02 1.5681765920e-14 5.9362300766e-15 9.7455358437e-15
4.8333740234e+02 1.5575948713e-14 5.9068017632e-15 9.6691469496e-15
4.8339843750e+02 1.5610214468e-14 5.8620425867e-15 9.7481718808e-15
4.8345947266e+02 1.5590346941e-14 5.8677855702e-15 9.7225613709e-15
4.8352050781e+02 1.5627786525e-14 5.8832889763e-15 9.7444975484e-15
4.8358154297e+02 1.5652205762e-14 5.8790930014e-15 9.7731127609e-15
4.8364257812e+02 1.5613715540e-14 5.8824429196e-15 9.7312726201e-15
4.8370361328e+02 1.5596401521e-14 5.8323376931e-15 9.7640638282e-15
4.8376464844e+02 1.5643363289e-14 5.8382128832e-15 9.8051504058e-15
4.8382568359e+02 1.5701880790e-14 5.8938662656e-15 9.8080145246e-15
4.8388671875e+02 1.5613128228e-14 5.8834659043e-15 9.7296623238e-15
4.8394775391e+02 1.5632807726e-14 5.8880292943e-15 9.7447784315e-15
4.8400878906e+02 1.5611220043e-14 5.8833548028e-15 9.7278652399e-15
4.8406982422e+02 1.5610809339e-14 5.8828920342e-15 9.7279173052e-15
4.8413085938e+02 1.5592389832e-14 5.8670614426e-15 9.7253283893e-15
4.8419189453e+02 1.5601703726e-14 5.8514777063e-15 9.7502260197e-15
4.8425292969e+02 1.5599577179e-14 5.8556338535e-15 9.7439433257e-15
4.8431396484e+02 1.5632195881e-14 5.8792867283e-15 9.7529091523e-15
4.8437500000e+02 1.5589317110e-14 5.8460960103e-15 9.7432210994e-15
4.8443603516e+02 1.5554719326e-14 5.8064029532e-15 9.7483163725e-15
4.8449707031e+02 1.5676544809e-14 5.8647870152e-15 9.8117577939e-15
4.8455810547e+02 1.5653125110e-14 5.8740476474e-15 9.7790774623e-15
4.8461914062e+02 1.5559649454e-14 5.8513040356e-15 9.7083454184e-15
4.8468017578e+02 1.5619330406e-14 5.8038408919e-15 9.8154895138e-15
4.8474121094e+02 1.5704019127e-14 5.8135740437e-15 9.8904450833e-15
4.8480224609e+02 1.5665826633e-14 5.8096477666e-15 9.8561788661e-15
4.8486328125e+02 1.5660854122e-14 5.8205841907e-15 9.8402699316e-15
4.8492431641e+02 1.5603711246e-14 5.8494890639e-15 9.7542221818e-15
4.8498535156e+02 1.5610516041e-14 5.8816576944e-15 9.7288583463e-15
4.8504638672e+02 1.5534680728e-14 5.8205571966e-15 9.7141235314e-15
4.8510742188e+02 1.5559666719e-14 5.8447283297e-15 9.7149383892e-15
4.8516845703e+02 1.5563930789e-14 5.8703617224e-15 9.6935690668e-15
4.8522949219e+02 1.5525069386e-14 5.8627295938e-15 9.6623397923e-15
4.8529052734e+02 1.5544705911e-14 5.8468278863e-15 9.6978780247e-15
4.8535156250e+02 1.5529521951e-14 5.8280941650e-15 9.7014277860e-15
4.8541259766e+02 1.5513325780e-14 5.8289727688e-15 9.6843530117e-15
4.8547363281e+02 1.5607878097e-14 5.8491137759e-15 9.7587643213e-15
4.8553466797e+02 1.5502044101e-14 5.8181059646e-15 9.6839381366e-15
4.8559570312e+02 1.5430746166e-14 5.8510218849e-15 9.5797242815e-15
4.8565673828e+02 1.5488119078e-14 5.8511790062e-15 9.6369400721e-15
4.8571777344e+02 1.5459660963e-14 5.8133789816e-15 9.6462819812e-15
4.8577880859e+02 1.5455581061e-14 5.8127027537e-15 9.6428783074e-15
4.8583984375e+02 1.5498036945e-14 5.8343720218e-15 9.6636649233e-15
4.8590087891e+02 1.5433458164e-14 5.8105112373e-15 9.6229469263e-15
4.8596191406e+02 1.5455283265e-14 5.7713001955e-15 9.6839830698e-15
4.8602294922e+02 1.5524348372e-14 5.8161491543e-15 9.7081992175e-15
4.8608398438e+02 1.5519254104e-14 5.8540453890e-15 9.6652087153e-15
4.8614501953e+02 1.5517730959e-14 5.8190810634e-15 9.6986498956e-15
4.8620605469e+02 1.5456865725e-14 5.8254014358e-15 9.6314642896e-15
4.8626708984e+02 1.5414186020e-14 5.8163948054e-15 9.5977912147e-15
4.8632812500e+02 1.5381235374e-14 5.8140778541e-15 9.5671575201e-15
4.8638916016e+02 1.5392116413e-14 5.8271494012e-15 9.5649670121e-15
4.8645019531e+02 1.5370290003e-14 5.7977136487e-15 9.5725763538e-15
4.8651123047e+02 1.5369192793e-14 5.8237762684e-15 9.5454165247e-15
4.8657226562e+02 1.5359804020e-14 5.8115414752e-15 9.5482625451e-15
4.8663330078e+02 1.5452864598e-14 5.8172533583e-15 9.6356112393e-15
4.8669433594e+02 1.5499625590e-14 5.7939884559e-15 9.7056371340e-15
4.8675537109e+02 1.5608053514e-14 5.8238734774e-15 9.7841800369e-15
4.8681640625e+02 1.5669163593e-14 5.8456158549e-15 9.8235477382e-15
4.8687744141e+02 1.5563557528e-14 5.8103312012e-15 9.7532263265e-15
4.8693847656e+02 1.5527819747e-14 5.8456224285e-15 9.6821973185e-15
4.8699951172e+02 1.5565908313e-14 5.8028441751e-15 9.7630641374e-15
4.8706054688e+02 1.5531648773e-14 5.7956745791e-15 9.7359741938e-15
4.8712158203e+02 1.5469521010e-14 5.8288792718e-15 9.6406417379e-15
4.8718261719e+02 1.5398129356e-14 5.8095805330e-15 9.5885488228e-15
4.8724365234e+02 1.5456478767e-14 5.8064282982e-15 9.6500504688e-15
4.8730468750e+02 1.5389834716e-14 5.7757997107e-15 9.6140350049e-15
4.8736572266e+02 1.5404861943e-14 5.7717853288e-15 9.6330766144e-15
4.8742675781e+02 1.5435588747e-14 5.7878403030e-15 9.6477484444e-15
4.8748779297e+02 1.5415790718e-14 5.7732286019e-15 9.6425621160e-15
4.8754882812e+02 1.5418108280e-14 5.8082424896e-15 9.6098657909e-15
4.8760986328e+02 1.5417965808e-14 5.8483441931e-15 9.5696216150e-15
4.8767089844e+02 1.5427999144e-14 5.8345845720e-15 9.5934145717e-15
4.8773193359e+02 1.5448134951e-14 5.8166823469e-15 9.6314526037e-15
4.8779296875e+02 1.5448360332e-14 5.8347399898e-15 9.6136203425e-15
4.8785400391e+02 1.5425387750e-14 5.8091214609e-15 9.6162662888e-15
4.8791503906e+02 1.5456670377e-14 5.7944441653e-15 9.6622262113e-15
4.8797607422e+02 1.5584818007e-14 5.8212358566e-15 9.7635821506e-15
4.8803710938e+02 1.5529343502e-14 5.7828369935e-15 9.7465065088e-15
4.8809814453e+02 1.5510836318e-14 5.7948244415e-15 9.7160118768e-15
4.8815917969e+02 1.5512303130e-14 5.7909424566e-15 9.7213606734e-15
4.8822021484e+02 1.5462039020e-14 5.7935896324e-15 9.6684493876e-15
4.8828125000e+02 1.5384379466e-14 5.7647414445e-15 9.6196380212e-15
4.8834228516e+02 1.5339917865e-14 5.7396015148e-15 9.6003163506e-15
4.8840332031e+02 1.5311628025e-14 5.7781519040e-15 9.5334761213e-15
4.8846435547e+02 1.5331636177e-14 5.7857057825e-15 9.5459303943e-15
4.8852539062e+02 1.5374469177e-14 5.7790561276e-15 9.5954130492e-15
4.8858642578e+02 1.5387049649e-14 5.7977729406e-15 9.5892767083e-15
4.8864746094e+02 1.5422165582e-14 5.7937167993e-15 9.6284487825e-15
4.8870849609e+02 1.5424274198e-14 5.7869699811e-15 9.6373042168e-15
4.8876953125e+02 1.5382212056e-14 5.8030155481e-15 9.5791965083e-15
4.8883056641e+02 1.5467323119e-14 5.8327770959e-15 9.6345460229e-15
4.8889160156e+02 1.5431342337e-14 5.7771847663e-15 9.6541575709e-15
4.8895263672e+02 1.5368559584e-14 5.7314865054e-15 9.6370730784e-15
4.8901367188e+02 1.5392872498e-14 5.7943133932e-15 9.5985591052e-15
4.8907470703e+02 1.5441631832e-14 5.8074678124e-15 9.6341640199e-15
4.8913574219e+02 1.5345796826e-14 5.7635652965e-15 9.5822315294e-15
4.8919677734e+02 1.5365412610e-14 5.7834165852e-15 9.5819960243e-15
4.8925781250e+02 1.5284661985e-14 5.7623273569e-15 9.5223346282e-15
4.8931884766e+02 1.5219032152e-14 5.7566072985e-15 9.4624248538e-15
4.8937988281e+02 1.5278113088e-14 5.7743300238e-15 9.5037830639e-15
4.8944091797e+02 1.5330795456e-14 5.7671325373e-15 9.5636629190e-15
4.8950195312e+02 1.5454733182e-14 5.8031589781e-15 9.6515742037e-15
4.8956298828e+02 1.5374891302e-14 5.8020947138e-15 9.5727965883e-15
4.8962402344e+02 1.5346568850e-14 5.8008884392e-15 9.5456804112e-15
4.8968505859e+02 1.5360408883e-14 5.7871829199e-15 9.5732259629e-15
4.8974609375e+02 1.5241960179e-14 5.7421777366e-15 9.4997824428e-15
4.8980712891e+02 1.5276328408e-14 5.7653715470e-15 9.5109568606e-15
4.8986816406e+02 1.5242790187e-14 5.7586701986e-15 9.4841199888e-15
4.8992919922e+02 1.5351690999e-14 5.7557963495e-15 9.5958946492e-15
4.8999023438e+02 1.5370070457e-14 5.7238759126e-15 9.6461945449e-15
4.9005126953e+02 1.5302777242e-14 5.7800084436e-15 9.5227687981e-15
4.9011230469e+02 1.5353662444e-14 5.7967939544e-15 9.5568684891e-15
4.9017333984e+02 1.5414786833e-14 5.7941580753e-15 9.6206287582e-15
4.9023437500e+02 1.5429335070e-14 5.8052566463e-15 9.6240784238e-15
4.9029541016e+02 1.5273920878e-14 5.7693822868e-15 9.5045385909e-15
4.9035644531e+02 1.5223838027e-14 5.7784722644e-15 9.4453657631e-15
4.9041748047e+02 1.5216033637e-14 5.7834919802e-15 9.4325416566e-15
4.9047851562e+02 1.5232027952e-14 5.7534819312e-15 9.4785460205e-15
4.9053955078e+02 1.5184048431e-14 5.7716717269e-15 9.4123767045e-15
4.9060058594e+02 1.5256615742e-14 5.7688923812e-15 9.4877233609e-15
4.9066162109e+02 1.5306837651e-14 5.7514073901e-15 9.5554302611e-15
4.9072265625e+02 1.5316431549e-14 5.7773493927e-15 9.5390821561e-15
4.9078369141e+02 1.5257408322e-14 5.7967346482e-15 9.4606736741e-15
4.9084472656e+02 1.5272634915e-14 5.7805306758e-15 9.4921042393e-15
4.9090576172e+02 1.5345932784e-14 5.7620342028e-15 9.5838985810e-15
4.9096679688e+02 1.5368601449e-14 5.7442502993e-15 9.6243511495e-15
4.9102783203e+02 1.5266541459e-14 5.7461801440e-15 9.5203613147e-15
4.9108886719e+02 1.5294091724e-14 5.7576620937e-15 9.5364296303e-15
4.9114990234e+02 1.5285644002e-14 5.7478150372e-15 9.5378289650e-15
4.9121093750e+02 1.5274459602e-14 5.7493338443e-15 9.5251257581e-15
4.9127197266e+02 1.5301839557e-14 5.7729083752e-15 9.5289311814e-15
4.9133300781e+02 1.5340627904e-14 5.8048357980e-15 9.5357921057e-15
4.9139404297e+02 1.5387629168e-14 5.8036106179e-15 9.5840185504e-15
4.9145507812e+02 1.5376908868e-14 5.7928553439e-15 9.5840535240e-15
4.9151611328e+02 1.5314923355e-14 5.8003613221e-15 9.5145620327e-15
4.9157714844e+02 1.5237433758e-14 5.7465799912e-15 9.4908537671e-15
4.9163818359e+02 1.5195367365e-14 5.7793483295e-15 9.4160190359e-15
4.9169921875e+02 1.5182830986e-14 5.7577145588e-15 9.4251164276e-15
4.9176025391e+02 1.5228159801e-14 5.7679430177e-15 9.4602167829e-15
4.9182128906e+02 1.5269135816e-14 5.7645456259e-15 9.5045901897e-15
4.9188232422e+02 1.5330867354e-14 5.7929420392e-15 9.5379253148e-15
4.9194335938e+02 1.5279437187e-14 5.7714171866e-15 9.5080200008e-15
4.9200439453e+02 1.5209774073e-14 5.7047936432e-15 9.5049804296e-15
4.9206542969e+02 1.5176057991e-14 5.7092507756e-15 9.4668072156e-15
4.9212646484e+02 1.5190176315e-14 5.7240057239e-15 9.4661705913e-15
4.9218750000e+02 1.5401878684e-14 5.7440930580e-15 9.6577856261e-15
4.9224853516e+02 1.5432100357e-14 5.7485082662e-15 9.6835920910e-15
4.9230957031e+02 1.5245919647e-14 5.7338546030e-15 9.5120650444e-15
4.9237060547e+02 1.5258564373e-14 5.7421578713e-15 9.5164065022e-15
4.9243164062e+02 1.5377008655e-14 5.7207551580e-15 9.6562534974e-15
4.9249267578e+02 1.5387951675e-14 5.7270771029e-15 9.6608745726e-15
4.9255371094e+02 1.5467442426e-14 5.7818667378e-15 9.6855756882e-15
4.9261474609e+02 1.5480227755e-14 5.8366949043e-15 9.6435328502e-15
4.9267578125e+02 1.5355489662e-14 5.7811951609e-15 9.5742945007e-15
4.9273681641e+02 1.5319213639e-14 5.7687918149e-15 9.5504218242e-15
4.9279785156e+02 1.5248206084e-14 5.7641205511e-15 9.4840855328e-15
4.9285888672e+02 1.5243636976e-14 5.7838703751e-15 9.4597666005e-15
4.9291992188e+02 1.5279763061e-14 5.7899036487e-15 9.4898594127e-15
4.9298095703e+02 1.5121190226e-14 5.7224061182e-15 9.3987841078e-15
4.9304199219e+02 1.5187544244e-14 5.7682641200e-15 9.4192801240e-15
4.9310302734e+02 1.5179106709e-14 5.7850427696e-15 9.3940639395e-15
4.9316406250e+02 1.5191255073e-14 5.7904208613e-15 9.4008342120e-15
4.9322509766e+02 1.5063740417e-14 5.7444708113e-15 9.3192696059e-15
4.9328613281e+02 1.5241958039e-14 5.7824786031e-15 9.4594794360e-15
4.9334716797e+02 1.5415752650e-14 5.8518197855e-15 9.5639328642e-15
4.9340820312e+02 1.5363068920e-14 5.7718401500e-15 9.5912287704e-15
4.9346923828e+02 1.5334641682e-14 5.7458761255e-15 9.5887655567e-15
4.9353027344e+02 1.5263483917e-14 5.7059120916e-15 9.5575718254e-15
4.9359130859e+02 1.5197841344e-14 5.6736795162e-15 9.5241618278e-15
4.9365234375e+02 1.5276177890e-14 5.7349096022e-15 9.5412682873e-15
4.9371337891e+02 1.5344782284e-14 5.7712486787e-15 9.5735336058e-15
4.9377441406e+02 1.5290503028e-14 5.7583169738e-15 9.5321860545e-15
4.9383544922e+02 1.5278384790e-14 5.7615187483e-15 9.5168660418e-15
4.9389648438e+02 1.5304576610e-14 5.7848833756e-15 9.5196932347e-15
4.9395751953e+02 1.5290999978e-14 5.7671310943e-15 9.5238688841e-15
4.9401855469e+02 1.5285253652e-14 5.7786272673e-15 9.5066263843e-15
4.9407958984e+02 1.5190344724e-14 5.7192484178e-15 9.4710963060e-15
4.9414062500e+02 1.5289794713e-14 5.7522413636e-15 9.5375533494e-15
4.9420166016e+02 1.5313409513e-14 5.7716035572e-15 9.5418059557e-15
4.9426269531e+02 1.5316524421e-14 5.7867663890e-15 9.5297580323e-15
4.9432373047e+02 1.5309537745e-14 5.8138558818e-15 9.4956818634e-15
4.9438476562e+02 1.5220099684e-14 5.7797973931e-15 9.4403022907e-15
4.9444580078e+02 1.5243882539e-14 5.7450422088e-15 9.4988403307e-15
4.9450683594e+02 1.5310009052e-14 5.7112614384e-15 9.5987476131e-15
4.9456787109e+02 1.5309670534e-14 5.7367518381e-15 9.5729186960e-15
4.9462890625e+02 1.5303918867e-14 5.7138146884e-15 9.5901041782e-15
4.9468994141e+02 1.5252897543e-14 5.7165963051e-15 9.5363012377e-15
4.9475097656e+02 1.5166850851e-14 5.7142768098e-15 9.4525740412e-15
4.9481201172e+02 1.5216842710e-14 5.7359913302e-15 9.4808513795e-15
4.9487304688e+02 1.5224811951e-14 5.7176885058e-15 9.5071234447e-15
4.9493408203e+02 1.5194284629e-14 5.7143980862e-15 9.4798865424e-15
4.9499511719e+02 1.5201639117e-14 5.7550904618e-15 9.4465486552e-15
4.9505615234e+02 1.5274606292e-14 5.7899032243e-15 9.4847030682e-15
4.9511718750e+02 1.5258904415e-14 5.7615681042e-15 9.4973363110e-15
4.9517822266e+02 1.5356561926e-14 5.7972260554e-15 9.5593358711e-15
4.9523925781e+02 1.5283540654e-14 5.7739813541e-15 9.5095592999e-15
4.9530029297e+02 1.5238688928e-14 5.7389465192e-15 9.4997424090e-15
4.9536132812e+02 1.5272336408e-14 5.7339021288e-15 9.5384342791e-15
4.9542236328e+02 1.5358277685e-14 5.7496690974e-15 9.6086085875e-15
4.9548339844e+02 1.5359546237e-14 5.7498576508e-15 9.6096885860e-15
4.9554443359e+02 1.5282863186e-14 5.7297057344e-15 9.5531574515e-15
4.9560546875e+02 1.5269069298e-14 5.7422283409e-15 9.5268409568e-15
4.9566650391e+02 1.5259017186e-14 5.7559059941e-15 9.5031111915e-15
4.9572753906e+02 1.5254275513e-14 5.7268148986e-15 9.5274606143e-15
4.9578857422e+02 1.5204415242e-14 5.6934577553e-15 9.5109574863e-15
4.9584960938e+02 1.5158353612e-14 5.6890702319e-15 9.4692833801e-15
4.9591064453e+02 1.5134258634e-14 5.6832449815e-15 9.4510136522e-15
4.9597167969e+02 1.5191154608e-14 5.7038280381e-15 9.4873265702e-15
4.9603271484e+02 1.5287793270e-14 5.7292804618e-15 9.5585128083e-15
4.9609375000e+02 1.5286975473e-14 5.7554888750e-15 9.5314865982e-15
4.9615478516e+02 1.5259166324e-14 5.7746352522e-15 9.4845310720e-15
4.9621582031e+02 1.5289269913e-14 5.7840310359e-15 9.5052388771e-15
4.9627685547e+02 1.5255478281e-14 5.7314379337e-15 9.5240403473e-15
4.9633789062e+02 1.5286175658e-14 5.7306315206e-15 9.5555441378e-15
4.9639892578e+02 1.5193321389e-14 5.7137003394e-15 9.4796210497e-15
4.9645996094e+02 1.5226903846e-14 5.7595926137e-15 9.4673112325e-15
4.9652099609e+02 1.5134635623e-14 5.7612356675e-15 9.3733999552e-15
4.9658203125e+02 1.5217565010e-14 5.7466634202e-15 9.4709015902e-15
4.9664306641e+02 1.5331660414e-14 5.7547292736e-15 9.5769311409e-15
4.9670410156e+02 1.5430760992e-14 5.8077966716e-15 9.6229643202e-15
4.9676513672e+02 1.5440541190e-14 5.7709936552e-15 9.6695475347e-15
4.9682617188e+02 1.5426644988e-14 5.7587906662e-15 9.6678543217e-15
4.9688720703e+02 1.5410500250e-14 5.7860251453e-15 9.6244751045e-15
4.9694824219e+02 1.5170885656e-14 5.7332408951e-15 9.4376447609e-15
4.9700927734e+02 1.5131893721e-14 5.7248104877e-15 9.4070832337e-15
4.9707031250e+02 1.5210407696e-14 5.7717727000e-15 9.4386349964e-15
4.9713134766e+02 1.5221884763e-14 5.7272696883e-15 9.4946150743e-15
4.9719238281e+02 1.5120224073e-14 5.7334553681e-15 9.3867687045e-15
4.9725341797e+02 1.5032020202e-14 5.6831445337e-15 9.3488756684e-15
4.9731445312e+02 1.5047976124e-14 5.7166894941e-15 9.3312866294e-15
4.9737548828e+02 1.5133006458e-14 5.7280497875e-15 9.4049566701e-15
4.9743652344e+02 1.5223796630e-14 5.7276315484e-15 9.4961650820e-15
4.9749755859e+02 1.5245806840e-14 5.7381810716e-15 9.5076257685e-15
4.9755859375e+02 1.5286208844e-14 5.7639501776e-15 9.5222586662e-15
4.9761962891e+02 1.5237787618e-14 5.7442104202e-15 9.4935771983e-15
4.9768066406e+02 1.5200745315e-14 5.7279617938e-15 9.4727835211e-15
4.9774169922e+02 1.5189409872e-14 5.7773136743e-15 9.4120961973e-15
4.9780273438e+02 1.5059192509e-14 5.7550442233e-15 9.3041482861e-15
4.9786376953e+02 1.5083978155e-14 5.7754078841e-15 9.3085702712e-15
4.9792480469e+02 1.5162760520e-14 5.7191882483e-15 9.4435722717e-15
4.9798583984e+02 1.5171558527e-14 5.7225537603e-15 9.4490047667e-15
4.9804687500e+02 1.5138134985e-14 5.6962299847e-15 9.4419050008e-15
4.9810791016e+02 1.5173112911e-14 5.7161527612e-15 9.4569601497e-15
4.9816894531e+02 1.5102953605e-14 5.7027852959e-15 9.4001683094e-15
4.9822998047e+02 1.5076305991e-14 5.7115257565e-15 9.3647802345e-15
4.9829101562e+02 1.4987653734e-14 5.6948290832e-15 9.2928246509e-15
4.9835205078e+02 1.5027461554e-14 5.6908090370e-15 9.3366525167e-15
4.9841308594e+02 1.5002445381e-14 5.6911501451e-15 9.3112952362e-15
4.9847412109e+02 1.5100153139e-14 5.7423909426e-15 9.3577621961e-15
4.9853515625e+02 1.5146946723e-14 5.7191593297e-15 9.4277873931e-15
4.9859619141e+02 1.5144233637e-14 5.7235133884e-15 9.4207202482e-15
4.9865722656e+02 1.5180369516e-14 5.7450501556e-15 9.4353193604e-15
4.9871826172e+02 1.5176861003e-14 5.7344984856e-15 9.4423625171e-15
4.9877929688e+02 1.5202150287e-14 5.7010341809e-15 9.5011161062e-15
4.9884033203e+02 1.5273795638e-14 5.7490755768e-15 9.5247200615e-15
4.9890136719e+02 1.5201690415e-14 5.7651339157e-15 9.4365564993e-15
4.9896240234e+02 1.5187631518e-14 5.6936804993e-15 9.4939510190e-15
4.9902343750e+02 1.5162997301e-14 5.6618727445e-15 9.5011245562e-15
4.9908447266e+02 1.5190287862e-14 5.6662100784e-15 9.5240777841e-15
4.9914550781e+02 1.5241903595e-14 5.7266557128e-15 9.5152478817e-15
4.9920654297e+02 1.5177675367e-14 5.6991519202e-15 9.4785234469e-15
4.9926757812e+02 1.5067470264e-14 5.6877670913e-15 9.3797031725e-15
4.9932861328e+02 1.5092358054e-14 5.7091524181e-15 9.3832056357e-15
4.9938964844e+02 1.5154127855e-14 5.7327458265e-15 9.4213820289e-15
4.9945068359e+02 1.5192240858e-14 5.7305414186e-15 9.4616994397e-15
4.9951171875e+02 1.5140017262e-14 5.6865780132e-15 9.4534392492e-15
4.9957275391e+02 1.5127644522e-14 5.6697281798e-15 9.4579163422e-15
4.9963378906e+02 1.5130761395e-14 5.6987385753e-15 9.4320228199e-15
4.9969482422e+02 1.5105424897e-14 5.7151609371e-15 9.3902639597e-15
4.9975585938e+02 1.5188681389e-14 5.7083474765e-15 9.4803339120e-15
4.9981689453e+02 1.5329836452e-14 5.6954180388e-15 9.6344184137e-15
4.9987792969e+02 1.5291169365e-14 5.7072362745e-15 9.5839330901e-15
4.9993896484e+02 1.5252164269e-14 5.7672429994e-15 9.4849212697e-15
5.0000000000e+02 1.5307756477e-14 5.7555989133e-15 9.5521575632e-15
