# freq_THz  G_total_s  G_Al_s  G_N_s
# Smoothed MD-derived velocity power spectrum. Common normalization: integral(G_total_s) = 3*primitive_atoms.
# Gaussian_sigma_THz=0.38; mass_weighted=True; primitive_atoms=2; total_equals_sum_of_species=True
0.0000000000e+00 0.0000000000e+00 0.0000000000e+00 0.0000000000e+00
6.1035156250e-02 9.4376210950e-02 6.1830857138e-02 3.2545353812e-02
1.2207031250e-01 9.6059095418e-02 6.2920157143e-02 3.3138938275e-02
1.8310546875e-01 9.8767653767e-02 6.4673462002e-02 3.4094191765e-02
2.4414062500e-01 1.0237049606e-01 6.7005927112e-02 3.5364568953e-02
3.0517578125e-01 1.0670255207e-01 6.9811001890e-02 3.6891550177e-02
3.6621093750e-01 1.1157811854e-01 7.2968869487e-02 3.8609249052e-02
4.2724609375e-01 1.1680824816e-01 7.6357728404e-02 4.0450519752e-02
4.8828125000e-01 1.2221624635e-01 7.9863782419e-02 4.2352463935e-02
5.4931640625e-01 1.2764596171e-01 8.3386565309e-02 4.4259396401e-02
6.1035156250e-01 1.3296500939e-01 8.6840936064e-02 4.6124073327e-02
6.7138671875e-01 1.3807178970e-01 9.0161613079e-02 4.7910176621e-02
7.3242187500e-01 1.4289460281e-01 9.3302566069e-02 4.9592036740e-02
7.9345703125e-01 1.4738461899e-01 9.6232355857e-02 5.1152263129e-02
8.5449218750e-01 1.5151417006e-01 9.8933054989e-02 5.2581115067e-02
9.1552734375e-01 1.5527700409e-01 1.0140047270e-01 5.3876531383e-02
9.7656250000e-01 1.5868288860e-01 1.0364067200e-01 5.5042216603e-02
1.0375976562e+00 1.6175549869e-01 1.0566863131e-01 5.6086867380e-02
1.0986328125e+00 1.6452944187e-01 1.0750635449e-01 5.7023087381e-02
1.1596679688e+00 1.6704943721e-01 1.0918240728e-01 5.7867029937e-02
1.2207031250e+00 1.6936877138e-01 1.1073093680e-01 5.8637834584e-02
1.2817382812e+00 1.7154571005e-01 1.1218936499e-01 5.9356345065e-02
1.3427734375e+00 1.7363854722e-01 1.1359514949e-01 6.0043397728e-02
1.4038085938e+00 1.7570414848e-01 1.1498485085e-01 6.0719297638e-02
1.4648437500e+00 1.7779490193e-01 1.1639217174e-01 6.1402730186e-02
1.5258789062e+00 1.7995350076e-01 1.1784452051e-01 6.2108980253e-02
1.5869140625e+00 1.8221316267e-01 1.1936319549e-01 6.2849967180e-02
1.6479492188e+00 1.8459694126e-01 1.2096294380e-01 6.3633997462e-02
1.7089843750e+00 1.8711999588e-01 1.2265346177e-01 6.4466534111e-02
1.7700195312e+00 1.8978910037e-01 1.2443910247e-01 6.5349997895e-02
1.8310546875e+00 1.9260584896e-01 1.2632101450e-01 6.6284834459e-02
1.8920898438e+00 1.9556555138e-01 1.2829638930e-01 6.7269162081e-02
1.9531250000e+00 1.9866112133e-01 1.3036104790e-01 6.8300073423e-02
2.0141601562e+00 2.0188342023e-01 1.3250964876e-01 6.9373771469e-02
2.0751953125e+00 2.0522063943e-01 1.3473528337e-01 7.0485356060e-02
2.1362304688e+00 2.0865800311e-01 1.3702924854e-01 7.1628754574e-02
2.1972656250e+00 2.1217955408e-01 1.3938222940e-01 7.2797324672e-02
2.2583007812e+00 2.1576533863e-01 1.4178240425e-01 7.3982934375e-02
2.3193359375e+00 2.1939483714e-01 1.4421766679e-01 7.5177170354e-02
2.3803710938e+00 2.2304802802e-01 1.4667631388e-01 7.6371714138e-02
2.4414062500e+00 2.2670531007e-01 1.4914697227e-01 7.7558337805e-02
2.5024414062e+00 2.3035318656e-01 1.5162228855e-01 7.8730898011e-02
2.5634765625e+00 2.3397942088e-01 1.5409563116e-01 7.9883789716e-02
2.6245117188e+00 2.3757829384e-01 1.5656463155e-01 8.1013662289e-02
2.6855468750e+00 2.4115003467e-01 1.5903082021e-01 8.2119214466e-02
2.7465820312e+00 2.4470101035e-01 1.6149968728e-01 8.3201323069e-02
2.8076171875e+00 2.4824082630e-01 1.6397876536e-01 8.4262060937e-02
2.8686523438e+00 2.5178467866e-01 1.6647932681e-01 8.5305351854e-02
2.9296875000e+00 2.5535401671e-01 1.6901689713e-01 8.6337119574e-02
2.9907226562e+00 2.5897163798e-01 1.7160786260e-01 8.7363775379e-02
3.0517578125e+00 2.6266554515e-01 1.7427230499e-01 8.8393240161e-02
3.1127929688e+00 2.6646936504e-01 1.7703427039e-01 8.9435094658e-02
3.1738281250e+00 2.7041540583e-01 1.7991690519e-01 9.0498500647e-02
3.2348632812e+00 2.7453786392e-01 1.8294479836e-01 9.1593065565e-02
3.2958984375e+00 2.7886763974e-01 1.8614035847e-01 9.2727281272e-02
3.3569335938e+00 2.8342355665e-01 1.8951774150e-01 9.3905815146e-02
3.4179687500e+00 2.8820940156e-01 1.9308065140e-01 9.5128750159e-02
3.4790039062e+00 2.9321053347e-01 1.9682016117e-01 9.6390372300e-02
3.5400390625e+00 2.9838232497e-01 2.0070665623e-01 9.7675668741e-02
3.6010742188e+00 3.0364621166e-01 2.0468694914e-01 9.8959262524e-02
3.6621093750e+00 3.0889621305e-01 2.0868897454e-01 1.0020723851e-01
3.7231445312e+00 3.1399965876e-01 2.1262209068e-01 1.0137756808e-01
3.7841796875e+00 3.1880052826e-01 2.1637918370e-01 1.0242134455e-01
3.8452148438e+00 3.2313760052e-01 2.1984958308e-01 1.0328801745e-01
3.9062500000e+00 3.2685754055e-01 2.2292756151e-01 1.0392997904e-01
3.9672851562e+00 3.2982793076e-01 2.2552156564e-01 1.0430636512e-01
4.0283203125e+00 3.3195138101e-01 2.2756401620e-01 1.0438736481e-01
4.0893554688e+00 3.3317603544e-01 2.2901831690e-01 1.0415771854e-01
4.1503906250e+00 3.3349983347e-01 2.2988201609e-01 1.0361781738e-01
4.2114257812e+00 3.3297239630e-01 2.3018832448e-01 1.0278407181e-01
4.2724609375e+00 3.3168202232e-01 2.2999661276e-01 1.0168540956e-01
4.3334960938e+00 3.2974805590e-01 2.2938772829e-01 1.0036032761e-01
4.3945312500e+00 3.2730605872e-01 2.2845380210e-01 9.8852256619e-02
4.4555664062e+00 3.2449272912e-01 2.2728761145e-01 9.7205117672e-02
4.5166015625e+00 3.2143137765e-01 2.2597254811e-01 9.5458829543e-02
4.5776367188e+00 3.1822246949e-01 2.2457587364e-01 9.3646595852e-02
4.6386718750e+00 3.1493816106e-01 2.2314464023e-01 9.1793520824e-02
4.6997070312e+00 3.1161730004e-01 2.2170182943e-01 8.9915470612e-02
4.7607421875e+00 3.0826682744e-01 2.2024683693e-01 8.8019990511e-02
4.8217773438e+00 3.0486521097e-01 2.1875729700e-01 8.6107913977e-02
4.8828125000e+00 3.0136715922e-01 2.1719186315e-01 8.4175296065e-02
4.9438476562e+00 2.9771151129e-01 2.1549528608e-01 8.2216225214e-02
5.0048828125e+00 2.9382936845e-01 2.1360364345e-01 8.0225724993e-02
5.0659179688e+00 2.8965026003e-01 2.1144873422e-01 7.8201525817e-02
5.1269531250e+00 2.8511167966e-01 2.0896504702e-01 7.6146632640e-02
5.1879882812e+00 2.8016463857e-01 2.0609475104e-01 7.4069887528e-02
5.2490234375e+00 2.7478546228e-01 2.0279662121e-01 7.1988841069e-02
5.3100585938e+00 2.6898029467e-01 1.9905054798e-01 6.9929746692e-02
5.3710937500e+00 2.6279281008e-01 1.9486464087e-01 6.7928169206e-02
5.4321289062e+00 2.5630312764e-01 1.9027624665e-01 6.6026880995e-02
5.4931640625e+00 2.4962846184e-01 1.8535404771e-01 6.4274414121e-02
5.5541992188e+00 2.4291987486e-01 1.8019721685e-01 6.2722658010e-02
5.6152343750e+00 2.3635240298e-01 1.7492974413e-01 6.1422658848e-02
5.6762695312e+00 2.3011720195e-01 1.6969558856e-01 6.0421613388e-02
5.7373046875e+00 2.2440378360e-01 1.6464638295e-01 5.9757400648e-02
5.7983398438e+00 2.1938724526e-01 1.5993181575e-01 5.9455429519e-02
5.8593750000e+00 2.1521479690e-01 1.5568963757e-01 5.9525159334e-02
5.9204101562e+00 2.1199114782e-01 1.5203414141e-01 5.9957006403e-02
5.9814453125e+00 2.0976908939e-01 1.4904611878e-01 6.0722970613e-02
6.0424804688e+00 2.0854385774e-01 1.4676706216e-01 6.1776795584e-02
6.1035156250e+00 2.0825304130e-01 1.4519697596e-01 6.3056065337e-02
6.1645507812e+00 2.0878336745e-01 1.4429529274e-01 6.4488074709e-02
6.2255859375e+00 2.0998144322e-01 1.4398597573e-01 6.5995467494e-02
6.2866210938e+00 2.1167404087e-01 1.4416940601e-01 6.7504634861e-02
6.3476562500e+00 2.1368486950e-01 1.4473181830e-01 6.8953051201e-02
6.4086914062e+00 2.1585418397e-01 1.4555812466e-01 7.0296059306e-02
6.4697265625e+00 2.1806361115e-01 1.4654778236e-01 7.1515828787e-02
6.5307617188e+00 2.2024801081e-01 1.4762368936e-01 7.2624321452e-02
6.5917968750e+00 2.2239888562e-01 1.4873617890e-01 7.3662706719e-02
6.6528320312e+00 2.2457314010e-01 1.4987125137e-01 7.4701888732e-02
6.7138671875e+00 2.2688496587e-01 1.5104737489e-01 7.5837590984e-02
6.7749023438e+00 2.2948791380e-01 1.5230687348e-01 7.7181040324e-02
6.8359375000e+00 2.3255887647e-01 1.5370920307e-01 7.8849673399e-02
6.8969726562e+00 2.3627873752e-01 1.5532161211e-01 8.0957125413e-02
6.9580078125e+00 2.4080698942e-01 1.5720487682e-01 8.3602112598e-02
7.0190429688e+00 2.4626777125e-01 1.5940693590e-01 8.6860835353e-02
7.0800781250e+00 2.5273437544e-01 1.6195390239e-01 9.0780473051e-02
7.1411132812e+00 2.6022204654e-01 1.6484618679e-01 9.5375859745e-02
7.2021484375e+00 2.6869047958e-01 1.6805958456e-01 1.0063089502e-01
7.2631835938e+00 2.7804807876e-01 1.7154675534e-01 1.0650132341e-01
7.3242187500e+00 2.8816258111e-01 1.7524148714e-01 1.1292109397e-01
7.3852539062e+00 2.9888087067e-01 1.7906972801e-01 1.1981114266e-01
7.4462890625e+00 3.1003999166e-01 1.8295387860e-01 1.2708611306e-01
7.5073242188e+00 3.2148592721e-01 1.8682216871e-01 1.3466375850e-01
7.5683593750e+00 3.3308372504e-01 1.9061407740e-01 1.4246964765e-01
7.6293945312e+00 3.4472525926e-01 1.9428405325e-01 1.5044120601e-01
7.6904296875e+00 3.5633222019e-01 1.9780270183e-01 1.5852951836e-01
7.7514648438e+00 3.6785107920e-01 2.0115472850e-01 1.6669635070e-01
7.8125000000e+00 3.7924861897e-01 2.0433724591e-01 1.7491137306e-01
7.8735351562e+00 3.9050250207e-01 2.0735531830e-01 1.8314718377e-01
7.9345703125e+00 4.0158727377e-01 2.1021601309e-01 1.9137126068e-01
7.9956054688e+00 4.1246492386e-01 2.1292488639e-01 1.9954003747e-01
8.0566406250e+00 4.2307290276e-01 2.1548022695e-01 2.0759267581e-01
8.1176757812e+00 4.3331832058e-01 2.1787151704e-01 2.1544680353e-01
8.1787109375e+00 4.4307747020e-01 2.2007945073e-01 2.2299801947e-01
8.2397460938e+00 4.5219856145e-01 2.2207655136e-01 2.3012201009e-01
8.3007812500e+00 4.6050881534e-01 2.2382972143e-01 2.3667909391e-01
8.3618164062e+00 4.6782321856e-01 2.2530160618e-01 2.4252161238e-01
8.4228515625e+00 4.7396325602e-01 2.2645741740e-01 2.4750583862e-01
8.4838867188e+00 4.7876986286e-01 2.2726723362e-01 2.5150262924e-01
8.5449218750e+00 4.8212034949e-01 2.2771026959e-01 2.5441007990e-01
8.6059570312e+00 4.8393911811e-01 2.2777690632e-01 2.5616221179e-01
8.6669921875e+00 4.8420637202e-01 2.2747015412e-01 2.5673621790e-01
8.7280273438e+00 4.8296224508e-01 2.2680611560e-01 2.5615612948e-01
8.7890625000e+00 4.8030293041e-01 2.2581206342e-01 2.5449086699e-01
8.8500976562e+00 4.7637225015e-01 2.2452356469e-01 2.5184868546e-01
8.9111328125e+00 4.7134954832e-01 2.2298136787e-01 2.4836818045e-01
8.9721679688e+00 4.6543589792e-01 2.2122812093e-01 2.4420777699e-01
9.0332031250e+00 4.5883960215e-01 2.1930568382e-01 2.3953391833e-01
9.0942382812e+00 4.5176020467e-01 2.1725247101e-01 2.3450773365e-01
9.1552734375e+00 4.4438118089e-01 2.1510294217e-01 2.2927823872e-01
9.2163085938e+00 4.3686181922e-01 2.1288654135e-01 2.2397527788e-01
9.2773437500e+00 4.2932926401e-01 2.1062578690e-01 2.1870347712e-01
9.3383789062e+00 4.2188475236e-01 2.0834097439e-01 2.1354377797e-01
9.3994140625e+00 4.1460263697e-01 2.0604879360e-01 2.0855384336e-01
9.4604492188e+00 4.0753408961e-01 2.0376319711e-01 2.0377089250e-01
9.5214843750e+00 4.0071498701e-01 2.0149805137e-01 1.9921693565e-01
9.5825195312e+00 3.9416641398e-01 1.9926581733e-01 1.9490059665e-01
9.6435546875e+00 3.8790193775e-01 1.9707964608e-01 1.9082229167e-01
9.7045898438e+00 3.8193149465e-01 1.9495317957e-01 1.8697831508e-01
9.7656250000e+00 3.7625709484e-01 1.9289697060e-01 1.8336012424e-01
9.8266601562e+00 3.7087577965e-01 1.9092028820e-01 1.7995549146e-01
9.8876953125e+00 3.6578178521e-01 1.8903038750e-01 1.7675139771e-01
9.9487304688e+00 3.6096335782e-01 1.8723026872e-01 1.7373308910e-01
1.0009765625e+01 3.5640028400e-01 1.8551704693e-01 1.7088323707e-01
1.0070800781e+01 3.5206501588e-01 1.8388165173e-01 1.6818336415e-01
1.0131835938e+01 3.4792324764e-01 1.8230932331e-01 1.6561392433e-01
1.0192871094e+01 3.4393473135e-01 1.8077977532e-01 1.6315495604e-01
1.0253906250e+01 3.4005896651e-01 1.7926998289e-01 1.6078898362e-01
1.0314941406e+01 3.3625470871e-01 1.7775487058e-01 1.5849983813e-01
1.0375976562e+01 3.3248657781e-01 1.7621116542e-01 1.5627541239e-01
1.0437011719e+01 3.2872683635e-01 1.7461961398e-01 1.5410722237e-01
1.0498046875e+01 3.2495491575e-01 1.7296531032e-01 1.5198960543e-01
1.0559082031e+01 3.2115999242e-01 1.7123914280e-01 1.4992084962e-01
1.0620117188e+01 3.1733674548e-01 1.6943649748e-01 1.4790024800e-01
1.0681152344e+01 3.1348663107e-01 1.6755766756e-01 1.4592896351e-01
1.0742187500e+01 3.0961274534e-01 1.6560489009e-01 1.4400785525e-01
1.0803222656e+01 3.0571571002e-01 1.6358038535e-01 1.4213532467e-01
1.0864257812e+01 3.0179596661e-01 1.6148680199e-01 1.4030916462e-01
1.0925292969e+01 2.9785157469e-01 1.5932578147e-01 1.3852579321e-01
1.0986328125e+01 2.9387743425e-01 1.5709865283e-01 1.3677878142e-01
1.1047363281e+01 2.8987208985e-01 1.5480936072e-01 1.3506272913e-01
1.1108398438e+01 2.8583805115e-01 1.5246576515e-01 1.3337228600e-01
1.1169433594e+01 2.8178420885e-01 1.5008188475e-01 1.3170232410e-01
1.1230468750e+01 2.7772785204e-01 1.4767914317e-01 1.3004870887e-01
1.1291503906e+01 2.7369332932e-01 1.4528615374e-01 1.2840717558e-01
1.1352539062e+01 2.6971007807e-01 1.4293769304e-01 1.2677238503e-01
1.1413574219e+01 2.6580985752e-01 1.4067253899e-01 1.2513731853e-01
1.1474609375e+01 2.6201915834e-01 1.3852902312e-01 1.2349013522e-01
1.1535644531e+01 2.5835400749e-01 1.3654146741e-01 1.2181254008e-01
1.1596679688e+01 2.5481540862e-01 1.3473653462e-01 1.2007887400e-01
1.1657714844e+01 2.5138296023e-01 1.3312908908e-01 1.1825387115e-01
1.1718750000e+01 2.4801362287e-01 1.3172008455e-01 1.1629353832e-01
1.1779785156e+01 2.4464219919e-01 1.3049646354e-01 1.1414573565e-01
1.1840820312e+01 2.4118311424e-01 1.2943100865e-01 1.1175210559e-01
1.1901855469e+01 2.3753892726e-01 1.2848605383e-01 1.0905287343e-01
1.1962890625e+01 2.3361127655e-01 1.2761910771e-01 1.0599216885e-01
1.2023925781e+01 2.2931267840e-01 1.2678833502e-01 1.0252434337e-01
1.2084960938e+01 2.2457881440e-01 1.2595850493e-01 9.8620309461e-02
1.2145996094e+01 2.1938092936e-01 1.2510741288e-01 9.4273516485e-02
1.2207031250e+01 2.1373594503e-01 1.2423100520e-01 8.9504939827e-02
1.2268066406e+01 2.0770914572e-01 1.2334494933e-01 8.4364196390e-02
1.2329101562e+01 2.0141644733e-01 1.2248674415e-01 7.8929703177e-02
1.2390136719e+01 1.9501771293e-01 1.2171343825e-01 7.3304274681e-02
1.2451171875e+01 1.8870466260e-01 1.2109649213e-01 6.7608170471e-02
1.2512207031e+01 1.8268755944e-01 1.2071683306e-01 6.1970726383e-02
1.2573242188e+01 1.7717678418e-01 1.2065700974e-01 5.6519774437e-02
1.2634277344e+01 1.7236832500e-01 1.2099608852e-01 5.1372236479e-02
1.2695312500e+01 1.6842867668e-01 1.2180277964e-01 4.6625897038e-02
1.2756347656e+01 1.6548470591e-01 1.2313144458e-01 4.2353261331e-02
1.2817382812e+01 1.6361749535e-01 1.2501950959e-01 3.8597985761e-02
1.2878417969e+01 1.6286260097e-01 1.2748677992e-01 3.5375821052e-02
1.2939453125e+01 1.6321042540e-01 1.3053369613e-01 3.2676729261e-02
1.3000488281e+01 1.6460998881e-01 1.3414177328e-01 3.0468215526e-02
1.3061523438e+01 1.6697717118e-01 1.3827461239e-01 2.8702558793e-02
1.3122558594e+01 1.7019978196e-01 1.4287719596e-01 2.7322586008e-02
1.3183593750e+01 1.7414172895e-01 1.4787566457e-01 2.6266064385e-02
1.3244628906e+01 1.7864857402e-01 1.5317727623e-01 2.5471297793e-02
1.3305664062e+01 1.8355013466e-01 1.5866997420e-01 2.4880160468e-02
1.3366699219e+01 1.8866241418e-01 1.6422305848e-01 2.4439355696e-02
1.3427734375e+01 1.9379569103e-01 1.6969258627e-01 2.4103104758e-02
1.3488769531e+01 1.9875804663e-01 1.7492600708e-01 2.3832039546e-02
1.3549804688e+01 2.0336196006e-01 1.7976838048e-01 2.3593579585e-02
1.3610839844e+01 2.0743327696e-01 1.8407148440e-01 2.3361792553e-02
1.3671875000e+01 2.1081791963e-01 1.8770215108e-01 2.3115768554e-02
1.3732910156e+01 2.1339092561e-01 1.9055105572e-01 2.2839869890e-02
1.3793945312e+01 2.1506104239e-01 1.9253843944e-01 2.2522602944e-02
1.3854980469e+01 2.1577326402e-01 1.9361683331e-01 2.2156430714e-02
1.3916015625e+01 2.1551089161e-01 1.9377308051e-01 2.1737811099e-02
1.3977050781e+01 2.1429083445e-01 1.9302524939e-01 2.1265585054e-02
1.4038085938e+01 2.1215750582e-01 1.9141701412e-01 2.0740491700e-02
1.4099121094e+01 2.0917678004e-01 1.8901070302e-01 2.0166077022e-02
1.4160156250e+01 2.0542590125e-01 1.8587956270e-01 1.9546338549e-02
1.4221191406e+01 2.0098698719e-01 1.8210045491e-01 1.8886532278e-02
1.4282226562e+01 1.9593997208e-01 1.7774741523e-01 1.8192556852e-02
1.4343261719e+01 1.9035818761e-01 1.7288762153e-01 1.7470566082e-02
1.4404296875e+01 1.8430581446e-01 1.6757906680e-01 1.6726747659e-02
1.4465332031e+01 1.7783840884e-01 1.6187107006e-01 1.5967338785e-02
1.4526367188e+01 1.7100407388e-01 1.5580557096e-01 1.5198502913e-02
1.4587402344e+01 1.6384625125e-01 1.4941992868e-01 1.4426322573e-02
1.4648437500e+01 1.5640579344e-01 1.4274915524e-01 1.3656638203e-02
1.4709472656e+01 1.4872458690e-01 1.3582945624e-01 1.2895130654e-02
1.4770507812e+01 1.4084719796e-01 1.2870001228e-01 1.2147185672e-02
1.4831542969e+01 1.3282151157e-01 1.2140379752e-01 1.1417714051e-02
1.4892578125e+01 1.2469838750e-01 1.1398739437e-01 1.0710993126e-02
1.4953613281e+01 1.1653148028e-01 1.0650089233e-01 1.0030587954e-02
1.5014648438e+01 1.0837557047e-01 9.8996312583e-02 9.3792578874e-03
1.5075683594e+01 1.0028452669e-01 9.1525696756e-02 8.7588299342e-03
1.5136718750e+01 9.2310479260e-02 8.4140263966e-02 8.1702152943e-03
1.5197753906e+01 8.4503084696e-02 7.6889496973e-02 7.6135877226e-03
1.5258789062e+01 7.6908943833e-02 6.9820459533e-02 7.0884843004e-03
1.5319824219e+01 6.9572028671e-02 6.2977982895e-02 6.5940457761e-03
1.5380859375e+01 6.2534248520e-02 5.6404974598e-02 6.1292739221e-03
1.5441894531e+01 5.5834807383e-02 5.0141630134e-02 5.6931772487e-03
1.5502929688e+01 4.9510154635e-02 4.4225102745e-02 5.2850518900e-03
1.5563964844e+01 4.3594056452e-02 3.8689473140e-02 4.9045833120e-03
1.5625000000e+01 3.8116663496e-02 3.3564766456e-02 4.5518970401e-03
1.5686035156e+01 3.3102521107e-02 2.8875036200e-02 4.2274849073e-03
1.5747070312e+01 2.8568229084e-02 2.4636196781e-02 3.9320323024e-03
1.5808105469e+01 2.4522161389e-02 2.0855777134e-02 3.6663842552e-03
1.5869140625e+01 2.0962709700e-02 1.7531353845e-02 3.4313558548e-03
1.5930175781e+01 1.7878512462e-02 1.4650909643e-02 3.2276028192e-03
1.5991210938e+01 1.5248303608e-02 1.2192909390e-02 3.0553942183e-03
1.6052246094e+01 1.3042435607e-02 1.0127848729e-02 2.9145868773e-03
1.6113281250e+01 1.1225070530e-02 8.4201119433e-03 2.8049585867e-03
1.6174316406e+01 9.7570931728e-03 7.0306479188e-03 2.7264452541e-03
1.6235351562e+01 8.5981303195e-03 5.9188455176e-03 2.6792848020e-03
1.6296386719e+01 7.7088114772e-03 5.0444532617e-03 2.6643582155e-03
1.6357421875e+01 7.0536792396e-03 4.3700869682e-03 2.6835922715e-03
1.6418457031e+01 6.6032288918e-03 3.8629651340e-03 2.7402637578e-03
1.6479492188e+01 6.3348307645e-03 3.4956370601e-03 2.8391937044e-03
1.6540527344e+01 6.2320219252e-03 3.2453003098e-03 2.9867216153e-03
1.6601562500e+01 6.2843514150e-03 3.0938523241e-03 3.1904990909e-03
1.6662597656e+01 6.4877672740e-03 3.0286942053e-03 3.4590730686e-03
1.6723632812e+01 6.8417815358e-03 3.0408238595e-03 3.8009576763e-03
1.6784667969e+01 7.3468349861e-03 3.1234256254e-03 4.2234093607e-03
1.6845703125e+01 8.0016381090e-03 3.2706804490e-03 4.7309576600e-03
1.6906738281e+01 8.8003856768e-03 3.4766077914e-03 5.3237778854e-03
1.6967773438e+01 9.7307479917e-03 3.7345567648e-03 5.9961912268e-03
1.7028808594e+01 1.0769973839e-02 4.0346267371e-03 6.7353471021e-03
1.7089843750e+01 1.1884138747e-02 4.3635007087e-03 7.5206380383e-03
1.7150878906e+01 1.3029280794e-02 4.7052141652e-03 8.3240666285e-03
1.7211914062e+01 1.4153044161e-02 5.0414234445e-03 9.1116207165e-03
1.7272949219e+01 1.5197756652e-02 5.3520501599e-03 9.8457064926e-03
1.7333984375e+01 1.6105058469e-02 5.6169588011e-03 1.0488099668e-02
1.7395019531e+01 1.6821389226e-02 5.8178680662e-03 1.1003521160e-02
1.7456054688e+01 1.7304888374e-02 5.9405020469e-03 1.1364386327e-02
1.7517089844e+01 1.7530506397e-02 5.9762766115e-03 1.1554229785e-02
1.7578125000e+01 1.7492926619e-02 5.9232977630e-03 1.1569628857e-02
1.7639160156e+01 1.7208060061e-02 5.7867760259e-03 1.1421284035e-02
1.7700195312e+01 1.6713160529e-02 5.5789351216e-03 1.1134225408e-02
1.7761230469e+01 1.6065557417e-02 5.3185160919e-03 1.0747041326e-02
1.7822265625e+01 1.5337883088e-02 5.0291309257e-03 1.0308752162e-02
1.7883300781e+01 1.4613029038e-02 4.7375092965e-03 9.8755197420e-03
1.7944335938e+01 1.3978865395e-02 4.4716667830e-03 9.5071986115e-03
1.8005371094e+01 1.3522985585e-02 4.2591185044e-03 9.2638670810e-03
1.8066406250e+01 1.3327888264e-02 4.1252717208e-03 9.2026165434e-03
1.8127441406e+01 1.3467022341e-02 4.0920648146e-03 9.3749575268e-03
1.8188476562e+01 1.4000867290e-02 4.1768130887e-03 9.8240542015e-03
1.8249511719e+01 1.4972853898e-02 4.3911977524e-03 1.0581656146e-02
1.8310546875e+01 1.6406994449e-02 4.7403768062e-03 1.1666617643e-02
1.8371582031e+01 1.8304490851e-02 5.2222494172e-03 1.3082241434e-02
1.8432617188e+01 2.0641584263e-02 5.8268718445e-03 1.4814712418e-02
1.8493652344e+01 2.3368019923e-02 6.5360816894e-03 1.6831938233e-02
1.8554687500e+01 2.6406734528e-02 7.3236386384e-03 1.9083095889e-02
1.8615722656e+01 2.9657679991e-02 8.1561209563e-03 2.1501559035e-02
1.8676757812e+01 3.3002449649e-02 8.9943659198e-03 2.4008083730e-02
1.8737792969e+01 3.6313923476e-02 9.7959506831e-03 2.6517972793e-02
1.8798828125e+01 3.9467440117e-02 1.0518173457e-02 2.8949266660e-02
1.8859863281e+01 4.2353835057e-02 1.1121530039e-02 3.1232305018e-02
1.8920898438e+01 4.4893304097e-02 1.1573407158e-02 3.3319896938e-02
1.8981933594e+01 4.7047862426e-02 1.1851373158e-02 3.5196489268e-02
1.9042968750e+01 4.8828910146e-02 1.1945612635e-02 3.6883297511e-02
1.9104003906e+01 5.0300952279e-02 1.1860316109e-02 3.8440636170e-02
1.9165039062e+01 5.1579722324e-02 1.1613698026e-02 3.9966024297e-02
1.9226074219e+01 5.2821834416e-02 1.1236306468e-02 4.1585527948e-02
1.9287109375e+01 5.4209932486e-02 1.0768231614e-02 4.3441700872e-02
1.9348144531e+01 5.5935847419e-02 1.0255637154e-02 4.5680210266e-02
1.9409179688e+01 5.8179712081e-02 9.7464297929e-03 4.8433282288e-02
1.9470214844e+01 6.1088733621e-02 9.2858219162e-03 5.1802911705e-02
1.9531250000e+01 6.4763830615e-02 8.9129552388e-03 5.5850875377e-02
1.9592285156e+01 6.9248696602e-02 8.6580576360e-03 6.0590638966e-02
1.9653320312e+01 7.4524791422e-02 8.5406886656e-03 6.5984102756e-02
1.9714355469e+01 8.0514353122e-02 8.5694125862e-03 7.1944940536e-02
1.9775390625e+01 8.7090824151e-02 8.7427260648e-03 7.8348098086e-02
1.9836425781e+01 9.4091659152e-02 9.0505943574e-03 8.5041064795e-02
1.9897460938e+01 1.0133407865e-01 9.4766448540e-03 9.1857433798e-02
1.9958496094e+01 1.0863364231e-01 1.0000949446e-02 9.8632692865e-02
2.0019531250e+01 1.1582021541e-01 1.0602535560e-02 1.0521767985e-01
2.0080566406e+01 1.2275203768e-01 1.1261667055e-02 1.1149037062e-01
2.0141601562e+01 1.2932531605e-01 1.1961640177e-02 1.1736367588e-01
2.0202636719e+01 1.3548035896e-01 1.2690121986e-02 1.2279023697e-01
2.0263671875e+01 1.4120086560e-01 1.3439477655e-02 1.2776138795e-01
2.0324707031e+01 1.4651143229e-01 1.4206918944e-02 1.3230451335e-01
2.0385742188e+01 1.5146963819e-01 1.4993794454e-02 1.3647584374e-01
2.0446777344e+01 1.5615572627e-01 1.5804675952e-02 1.4035105032e-01
2.0507812500e+01 1.6066250286e-01 1.6646265013e-02 1.4401623784e-01
2.0568847656e+01 1.6508317641e-01 1.7525899331e-02 1.4755727708e-01
2.0629882812e+01 1.6950030833e-01 1.8450308897e-02 1.5104999944e-01
2.0690917969e+01 1.7397966582e-01 1.9425006438e-02 1.5455465938e-01
2.0751953125e+01 1.7856548819e-01 2.0453768935e-02 1.5811171925e-01
2.0812988281e+01 1.8327885484e-01 2.1538357794e-02 1.6174049704e-01
2.0874023438e+01 1.8811826650e-01 2.2678322267e-02 1.6543994423e-01
2.0935058594e+01 1.9306541882e-01 2.3871988512e-02 1.6919343031e-01
2.0996093750e+01 1.9808871988e-01 2.5116596568e-02 1.7297212331e-01
2.1057128906e+01 2.0314958807e-01 2.6408970842e-02 1.7674061723e-01
2.1118164062e+01 2.0820805598e-01 2.7746116350e-02 1.8046193963e-01
2.1179199219e+01 2.1322418767e-01 2.9124984616e-02 1.8409920306e-01
2.1240234375e+01 2.1815756944e-01 3.0541941684e-02 1.8761562775e-01
2.1301269531e+01 2.2297088862e-01 3.1993277767e-02 1.9097761085e-01
2.1362304688e+01 2.2762744667e-01 3.3474422032e-02 1.9415302464e-01
2.1423339844e+01 2.3208888124e-01 3.4979576731e-02 1.9710930450e-01
2.1484375000e+01 2.3631684416e-01 3.6501858346e-02 1.9981498582e-01
2.1545410156e+01 2.4027415541e-01 3.8033595780e-02 2.0224055963e-01
2.1606445312e+01 2.4392682955e-01 3.9566709525e-02 2.0436012002e-01
2.1667480469e+01 2.4724973591e-01 4.1093847486e-02 2.0615588843e-01
2.1728515625e+01 2.5023058580e-01 4.2609334573e-02 2.0762125123e-01
2.1789550781e+01 2.5287693853e-01 4.4110730766e-02 2.0876620776e-01
2.1850585938e+01 2.5521539664e-01 4.5598723001e-02 2.0961667363e-01
2.1911621094e+01 2.5729497569e-01 4.7078201712e-02 2.1021677398e-01
2.1972656250e+01 2.5918177254e-01 4.8557160307e-02 2.1062461223e-01
2.2033691406e+01 2.6095510853e-01 5.0046231086e-02 2.1090887745e-01
2.2094726562e+01 2.6269928321e-01 5.1557188587e-02 2.1114209462e-01
2.2155761719e+01 2.6449271695e-01 5.3100462191e-02 2.1139225476e-01
2.2216796875e+01 2.6639962509e-01 5.4683543204e-02 2.1171608189e-01
2.2277832031e+01 2.6846421778e-01 5.6309729385e-02 2.1215448840e-01
2.2338867188e+01 2.7070986567e-01 5.7977631756e-02 2.1273223391e-01
2.2399902344e+01 2.7313900389e-01 5.9680983394e-02 2.1345802049e-01
2.2460937500e+01 2.7573776910e-01 6.1409665536e-02 2.1432810356e-01
2.2521972656e+01 2.7848914389e-01 6.3152526423e-02 2.1533661747e-01
2.2583007812e+01 2.8138568940e-01 6.4900290611e-02 2.1648539878e-01
2.2644042969e+01 2.8443629116e-01 6.6647641513e-02 2.1778864965e-01
2.2705078125e+01 2.8767568453e-01 6.8395648618e-02 2.1928003591e-01
2.2766113281e+01 2.9117069975e-01 7.0153810044e-02 2.2101688970e-01
2.2827148438e+01 2.9501821632e-01 7.1940294392e-02 2.2307792193e-01
2.2888183594e+01 2.9933577315e-01 7.3780378255e-02 2.2555539489e-01
2.2949218750e+01 3.0425518481e-01 7.5705396491e-02 2.2854978832e-01
2.3010253906e+01 3.0990539795e-01 7.7748812581e-02 2.3215658537e-01
2.3071289062e+01 3.1639771920e-01 7.9942882073e-02 2.3645483713e-01
2.3132324219e+01 3.2381095700e-01 8.2314744133e-02 2.4149621286e-01
2.3193359375e+01 3.3217859493e-01 8.4882797478e-02 2.4729579746e-01
2.3254394531e+01 3.4148304289e-01 8.7654549916e-02 2.5382849297e-01
2.3315429688e+01 3.5164968255e-01 9.0624214452e-02 2.6102546810e-01
2.3376464844e+01 3.6255083288e-01 9.3772745959e-02 2.6877808692e-01
2.3437500000e+01 3.7401041674e-01 9.7068215565e-02 2.7694220118e-01
2.3498535156e+01 3.8581129014e-01 1.0046673819e-01 2.8534455195e-01
2.3559570312e+01 3.9770932946e-01 1.0391548753e-01 2.9379384193e-01
2.3620605469e+01 4.0944290442e-01 1.0735480243e-01 3.0208810199e-01
2.3681640625e+01 4.2074734186e-01 1.1072165413e-01 3.1002568772e-01
2.3742675781e+01 4.3136719848e-01 1.1395264757e-01 3.1741455091e-01
2.3803710938e+01 4.4106490193e-01 1.1698650491e-01 3.2407839702e-01
2.3864746094e+01 4.4963293119e-01 1.1976761628e-01 3.2986531491e-01
2.3925781250e+01 4.5689942051e-01 1.2224771949e-01 3.3465170102e-01
2.3986816406e+01 4.6273181110e-01 1.2438710288e-01 3.3834470822e-01
2.4047851562e+01 4.6703805406e-01 1.2615521201e-01 3.4088284205e-01
2.4108886719e+01 4.6976907827e-01 1.2753160828e-01 3.4223747000e-01
2.4169921875e+01 4.7091287157e-01 1.2850472357e-01 3.4240814800e-01
2.4230957031e+01 4.7049197722e-01 1.2907150900e-01 3.4142046821e-01
2.4291992188e+01 4.6855872334e-01 1.2923630112e-01 3.3932242222e-01
2.4353027344e+01 4.6518856544e-01 1.2900929043e-01 3.3617927501e-01
2.4414062500e+01 4.6047290240e-01 1.2840509771e-01 3.3206780468e-01
2.4475097656e+01 4.5451575629e-01 1.2744208507e-01 3.2707367123e-01
2.4536132812e+01 4.4742775556e-01 1.2614096944e-01 3.2128678613e-01
2.4597167969e+01 4.3931953323e-01 1.2452331081e-01 3.1479622242e-01
2.4658203125e+01 4.3029994048e-01 1.2261124101e-01 3.0768869947e-01
2.4719238281e+01 4.2047254470e-01 1.2042654575e-01 3.0004599894e-01
2.4780273438e+01 4.0993002011e-01 1.1798917823e-01 2.9194084188e-01
2.4841308594e+01 3.9875138395e-01 1.1531655558e-01 2.8343482837e-01
2.4902343750e+01 3.8700010187e-01 1.1242304508e-01 2.7457705679e-01
2.4963378906e+01 3.7472477016e-01 1.0932011027e-01 2.6540465990e-01
2.5024414062e+01 3.6195815688e-01 1.0601613984e-01 2.5594201704e-01
2.5085449219e+01 3.4872291816e-01 1.0251814218e-01 2.4620477598e-01
2.5146484375e+01 3.3503467667e-01 9.8832693798e-02 2.3620198287e-01
2.5207519531e+01 3.2091069645e-01 9.4968375326e-02 2.2594232112e-01
2.5268554688e+01 3.0638020448e-01 9.0938601453e-02 2.1544160302e-01
2.5329589844e+01 2.9148990043e-01 8.6762977887e-02 2.0472692255e-01
2.5390625000e+01 2.7630880507e-01 8.2468402463e-02 1.9384040261e-01
2.5451660156e+01 2.6093074492e-01 7.8089315213e-02 1.8284142970e-01
2.5512695312e+01 2.4547363077e-01 7.3666833795e-02 1.7180679698e-01
2.5573730469e+01 2.3007234783e-01 6.9246140078e-02 1.6082620775e-01
2.5634765625e+01 2.1486743310e-01 6.4872788326e-02 1.4999464478e-01
2.5695800781e+01 1.9999466443e-01 6.0589242265e-02 1.3940542217e-01
2.5756835938e+01 1.8557518646e-01 5.6431762285e-02 1.2914342418e-01
2.5817871094e+01 1.7170557685e-01 5.2427606007e-02 1.1927797085e-01
2.5878906250e+01 1.5845076362e-01 4.8593166551e-02 1.0985759707e-01
2.5939941406e+01 1.4584332447e-01 4.4934191322e-02 1.0090913315e-01
2.6000976562e+01 1.3388788457e-01 4.1447659998e-02 9.2440224568e-02
2.6062011719e+01 1.2256500960e-01 3.8123608751e-02 8.4441400844e-02
2.6123046875e+01 1.1184406412e-01 3.4949419633e-02 7.6894644486e-02
2.6184082031e+01 1.0169130394e-01 3.1912795477e-02 6.9778508461e-02
2.6245117188e+01 9.2080282244e-02 2.9005196862e-02 6.3075085382e-02
2.6306152344e+01 8.2998413634e-02 2.6224005284e-02 5.6774408350e-02
2.6367187500e+01 7.4449172320e-02 2.3573224360e-02 5.0875947959e-02
2.6428222656e+01 6.6453645219e-02 2.1063773958e-02 4.5389871260e-02
2.6489257812e+01 5.9044845003e-02 1.8711494121e-02 4.0333350882e-02
2.6550292969e+01 5.2261787968e-02 1.6535008972e-02 3.5726778995e-02
2.6611328125e+01 4.6144134416e-02 1.4553639750e-02 3.1590494666e-02
2.6672363281e+01 4.0722443074e-02 1.2784029551e-02 2.7938413524e-02
2.6733398438e+01 3.6014700645e-02 1.1238677103e-02 2.4776023542e-02
2.6794433594e+01 3.2021644351e-02 9.9241243327e-03 2.2097520018e-02
2.6855468750e+01 2.8726309165e-02 8.8404830446e-03 1.9885826121e-02
2.6916503906e+01 2.6095135974e-02 7.9815398873e-03 1.8113596087e-02
2.6977539062e+01 2.4078234322e-02 7.3346181759e-03 1.6743616146e-02
2.7038574219e+01 2.2614987253e-02 6.8822155621e-03 1.5732771691e-02
2.7099609375e+01 2.1638169079e-02 6.6032132091e-03 1.5034955869e-02
2.7160644531e+01 2.1075976253e-02 6.4735632690e-03 1.4602412984e-02
2.7221679688e+01 2.0852474149e-02 6.4666280004e-03 1.4385846149e-02
2.7282714844e+01 2.0891481263e-02 6.5545911836e-03 1.4336890079e-02
2.7343750000e+01 2.1116619155e-02 6.7088495764e-03 1.4407769578e-02
2.7404785156e+01 2.1454687887e-02 6.9014548116e-03 1.4553233075e-02
2.7465820312e+01 2.1837880470e-02 7.1062320163e-03 1.4731648454e-02
2.7526855469e+01 2.2204598749e-02 7.2994335758e-03 1.4905165174e-02
2.7587890625e+01 2.2503829879e-02 7.4614420386e-03 1.5042387840e-02
2.7648925781e+01 2.2698630953e-02 7.5781182978e-03 1.5120512655e-02
2.7709960938e+01 2.2768240002e-02 7.6415783792e-03 1.5126661623e-02
2.7770996094e+01 2.2706952818e-02 7.6498182070e-03 1.5057134611e-02
2.7832031250e+01 2.2524087714e-02 7.6065804749e-03 1.4917507239e-02
2.7893066406e+01 2.2241420570e-02 7.5203069215e-03 1.4721113648e-02
2.7954101562e+01 2.1888026086e-02 7.4022117236e-03 1.4485814362e-02
2.8015136719e+01 2.1494646273e-02 7.2642108814e-03 1.4230435392e-02
2.8076171875e+01 2.1089572525e-02 7.1173779258e-03 1.3972194599e-02
2.8137207031e+01 2.0693619489e-02 6.9701499904e-03 1.3723469499e-02
2.8198242188e+01 2.0317981955e-02 6.8275348360e-03 1.3490447119e-02
2.8259277344e+01 1.9963734861e-02 6.6909233079e-03 1.3272811553e-02
2.8320312500e+01 1.9622908281e-02 6.5584688109e-03 1.3064439470e-02
2.8381347656e+01 1.9281198423e-02 6.4260363040e-03 1.2855162119e-02
2.8442382812e+01 1.8921577541e-02 6.2884559450e-03 1.2633121596e-02
2.8503417969e+01 1.8527969876e-02 6.1407951797e-03 1.2387174696e-02
2.8564453125e+01 1.8088458122e-02 5.9794540960e-03 1.2109004026e-02
2.8625488281e+01 1.7597630512e-02 5.8029390708e-03 1.1794691441e-02
2.8686523438e+01 1.7057278263e-02 5.6120971317e-03 1.1445181131e-02
2.8747558594e+01 1.6475631720e-02 5.4098626738e-03 1.1065769047e-02
2.8808593750e+01 1.5865837982e-02 5.2007067764e-03 1.0665131206e-02
2.8869628906e+01 1.5243528074e-02 4.9897987796e-03 1.0253729294e-02
2.8930664062e+01 1.4623818857e-02 4.7820122703e-03 9.8418065871e-03
2.8991699219e+01 1.4018645311e-02 4.5810442888e-03 9.4376010219e-03
2.9052734375e+01 1.3434772731e-02 4.3887749730e-03 9.0459977583e-03
2.9113769531e+01 1.2872758591e-02 4.2049570255e-03 8.6678015660e-03
2.9174804688e+01 1.2327235726e-02 4.0273504621e-03 8.2998852639e-03
2.9235839844e+01 1.1788208939e-02 3.8521944602e-03 7.9360144792e-03
2.9296875000e+01 1.1243039575e-02 3.6748992949e-03 7.5681402798e-03
2.9357910156e+01 1.0679169806e-02 3.4909735307e-03 7.1881962749e-03
2.9418945312e+01 1.0086713723e-02 3.2969095030e-03 6.7898042200e-03
2.9479980469e+01 9.4600593825e-03 3.0907160319e-03 6.3693433506e-03
2.9541015625e+01 8.7993801087e-03 2.8724162462e-03 5.9269638625e-03
2.9602050781e+01 8.1109242974e-03 2.6441307945e-03 5.4667935029e-03
2.9663085938e+01 7.4061524951e-03 2.4097707672e-03 4.9963817278e-03
2.9724121094e+01 6.7001414794e-03 2.1744846851e-03 4.5256567942e-03
2.9785156250e+01 6.0096317177e-03 1.9439891416e-03 4.0656425762e-03
2.9846191406e+01 5.3509734295e-03 1.7238681394e-03 3.6271052900e-03
2.9907226562e+01 4.7383881143e-03 1.5189817820e-03 3.2194063323e-03
2.9968261719e+01 4.1830252628e-03 1.3331477214e-03 2.8498775415e-03
3.0029296875e+01 3.6917566798e-03 1.1687311882e-03 2.5230254917e-03
3.0090332031e+01 3.2670367528e-03 1.0265984919e-03 2.2404382609e-03
3.0151367188e+01 2.9076515130e-03 9.0637236734e-04 2.0012791456e-03
3.0212402344e+01 2.6094890045e-03 8.0669359580e-04 1.8027954087e-03
3.0273437500e+01 2.3663929468e-03 7.2550906482e-04 1.6408838819e-03
3.0334472656e+01 2.1712318800e-03 6.6043053532e-04 1.5108013447e-03
3.0395507812e+01 2.0164513866e-03 6.0892474397e-04 1.4075266427e-03
3.0456542969e+01 1.8945722065e-03 5.6848346102e-04 1.3260887455e-03
3.0517578125e+01 1.7987955374e-03 5.3682529057e-04 1.2619702468e-03
3.0578613281e+01 1.7233424044e-03 5.1200929909e-04 1.2113331053e-03
3.0639648438e+01 1.6634759744e-03 4.9244342103e-04 1.1710325534e-03
3.0700683594e+01 1.6154149260e-03 4.7685577965e-04 1.1385591464e-03
3.0761718750e+01 1.5762250494e-03 4.6425888758e-04 1.1119661618e-03
3.0822753906e+01 1.5436990304e-03 4.5390904192e-04 1.0897899885e-03
3.0883789062e+01 1.5161880574e-03 4.4524988200e-04 1.0709381754e-03
3.0944824219e+01 1.4925216563e-03 4.3788562068e-04 1.0546360356e-03
3.1005859375e+01 1.4718631514e-03 4.3153268609e-04 1.0403304653e-03
3.1066894531e+01 1.4536699622e-03 4.2600615908e-04 1.0276638031e-03
3.1127929688e+01 1.4373869174e-03 4.2111637564e-04 1.0162705417e-03
3.1188964844e+01 1.4225818631e-03 4.1671487152e-04 1.0058669916e-03
3.1250000000e+01 1.4089889884e-03 4.1270906803e-04 9.9627992039e-04
3.1311035156e+01 1.3964083726e-03 4.0902861635e-04 9.8737975629e-04
3.1372070312e+01 1.3846733705e-03 4.0561452598e-04 9.7905884452e-04
3.1433105469e+01 1.3736612344e-03 4.0242300009e-04 9.7123823432e-04
3.1494140625e+01 1.3632615341e-03 3.9941503912e-04 9.6384649495e-04
3.1555175781e+01 1.3533821837e-03 3.9655867692e-04 9.5682350675e-04
3.1616210938e+01 1.3439497321e-03 3.9382918196e-04 9.5012055016e-04
3.1677246094e+01 1.3349035897e-03 3.9120715920e-04 9.4369643051e-04
3.1738281250e+01 1.3261962681e-03 3.8867851843e-04 9.3751774965e-04
3.1799316406e+01 1.3177948655e-03 3.8623475803e-04 9.3156010745e-04
3.1860351562e+01 1.3096817055e-03 3.8387279354e-04 9.2580891192e-04
3.1921386719e+01 1.3018486403e-03 3.8159278203e-04 9.2025585822e-04
3.1982421875e+01 1.2943005662e-03 3.7939891112e-04 9.1490165510e-04
3.2043457031e+01 1.2870534417e-03 3.7729841245e-04 9.0975502926e-04
3.2104492188e+01 1.2801292492e-03 3.7529961844e-04 9.0482963075e-04
3.2165527344e+01 1.2735527016e-03 3.7341074481e-04 9.0014195681e-04
3.2226562500e+01 1.2673483854e-03 3.7163892072e-04 8.9570946465e-04
3.2287597656e+01 1.2615369569e-03 3.6998888131e-04 8.9154807556e-04
3.2348632812e+01 1.2561309927e-03 3.6846184119e-04 8.8766915153e-04
3.2409667969e+01 1.2511322001e-03 3.6705472842e-04 8.8407747165e-04
3.2470703125e+01 1.2465325554e-03 3.6576070940e-04 8.8077184596e-04
3.2531738281e+01 1.2423130565e-03 3.6456913015e-04 8.7774392637e-04
3.2592773438e+01 1.2384447324e-03 3.6346611416e-04 8.7497861820e-04
3.2653808594e+01 1.2348927039e-03 3.6243620179e-04 8.7245650212e-04
3.2714843750e+01 1.2316191031e-03 3.6146345413e-04 8.7015564895e-04
3.2775878906e+01 1.2285868348e-03 3.6053290823e-04 8.6805392656e-04
3.2836914062e+01 1.2257630508e-03 3.5963186428e-04 8.6613118656e-04
3.2897949219e+01 1.2231232647e-03 3.5875124236e-04 8.6437202235e-04
3.2958984375e+01 1.2206511639e-03 3.5788553949e-04 8.6276562442e-04
3.3020019531e+01 1.2183411196e-03 3.5703352945e-04 8.6130759014e-04
3.3081054688e+01 1.2161956249e-03 3.5619733965e-04 8.5999828528e-04
3.3142089844e+01 1.2142231418e-03 3.5538160631e-04 8.5884153548e-04
3.3203125000e+01 1.2124342090e-03 3.5459212021e-04 8.5784208881e-04
3.3264160156e+01 1.2108366663e-03 3.5383421286e-04 8.5700245344e-04
3.3325195312e+01 1.2094310581e-03 3.5311118907e-04 8.5631986900e-04
3.3386230469e+01 1.2082064428e-03 3.5242292186e-04 8.5578352097e-04
3.3447265625e+01 1.2071372132e-03 3.5176483637e-04 8.5537237682e-04
3.3508300781e+01 1.2061820505e-03 3.5112754157e-04 8.5505450891e-04
3.3569335938e+01 1.2052852618e-03 3.5049715826e-04 8.5478810349e-04
3.3630371094e+01 1.2043785610e-03 3.4985582432e-04 8.5452273672e-04
3.3691406250e+01 1.2033862499e-03 3.4918326374e-04 8.5420298613e-04
3.3752441406e+01 1.2022304452e-03 3.4845825258e-04 8.5377219259e-04
3.3813476562e+01 1.2008371428e-03 3.4766036815e-04 8.5317677468e-04
3.3874511719e+01 1.1991424939e-03 3.4677186118e-04 8.5237063271e-04
3.3935546875e+01 1.1970973383e-03 3.4577905617e-04 8.5131828209e-04
3.3996582031e+01 1.1946693702e-03 3.4467307555e-04 8.4999629470e-04
3.4057617188e+01 1.1918454287e-03 3.4345055260e-04 8.4839487610e-04
3.4118652344e+01 1.1886298611e-03 3.4211328504e-04 8.4651657605e-04
3.4179687500e+01 1.1850419959e-03 3.4066766944e-04 8.4437432648e-04
3.4240722656e+01 1.1811122047e-03 3.3912346072e-04 8.4198874403e-04
3.4301757812e+01 1.1768765294e-03 3.3749229826e-04 8.3938423118e-04
3.4362792969e+01 1.1723723628e-03 3.3578631403e-04 8.3658604880e-04
3.4423828125e+01 1.1676338899e-03 3.3401659331e-04 8.3361729661e-04
3.4484863281e+01 1.1626884218e-03 3.3219187716e-04 8.3049654464e-04
3.4545898438e+01 1.1575552991e-03 3.3031802719e-04 8.2723727188e-04
3.4606933594e+01 1.1522448716e-03 3.2839749123e-04 8.2384738033e-04
3.4667968750e+01 1.1467598143e-03 3.2642956918e-04 8.2033024510e-04
3.4729003906e+01 1.1410963741e-03 3.2441078274e-04 8.1668559135e-04
3.4790039062e+01 1.1352475106e-03 3.2233592339e-04 8.1291158719e-04
3.4851074219e+01 1.1292053822e-03 3.2019913380e-04 8.0900624843e-04
3.4912109375e+01 1.1229636520e-03 3.1799497931e-04 8.0496867268e-04
3.4973144531e+01 1.1165187862e-03 3.1571926485e-04 8.0079952138e-04
3.5034179688e+01 1.1098724581e-03 3.1337009410e-04 7.9650236404e-04
3.5095214844e+01 1.1030307743e-03 3.1094801850e-04 7.9208275581e-04
3.5156250000e+01 1.0960037574e-03 3.0845604274e-04 7.8754771463e-04
3.5217285156e+01 1.0888046510e-03 3.0589939177e-04 7.8290525928e-04
3.5278320312e+01 1.0814494505e-03 3.0328518219e-04 7.7816426830e-04
3.5339355469e+01 1.0739557011e-03 3.0062168364e-04 7.7333401742e-04
3.5400390625e+01 1.0663413056e-03 2.9791771196e-04 7.6842359365e-04
3.5461425781e+01 1.0586256226e-03 2.9518246776e-04 7.6344315488e-04
3.5522460938e+01 1.0508284432e-03 2.9242492867e-04 7.5840351457e-04
3.5583496094e+01 1.0429704638e-03 2.8965385709e-04 7.5331660666e-04
3.5644531250e+01 1.0350739667e-03 2.8687782890e-04 7.4819613781e-04
3.5705566406e+01 1.0271620320e-03 2.8410513515e-04 7.4305689683e-04
3.5766601562e+01 1.0192580743e-03 2.8134378064e-04 7.3791429365e-04
3.5827636719e+01 1.0113850747e-03 2.7860147431e-04 7.3278360043e-04
3.5888671875e+01 1.0035637275e-03 2.7588528658e-04 7.2767844095e-04
3.5949707031e+01 9.9581231760e-04 2.7320173339e-04 7.2261058421e-04
3.6010742188e+01 9.8814515978e-04 2.7055643030e-04 7.1758872948e-04
3.6071777344e+01 9.8057225435e-04 2.6795402553e-04 7.1261822883e-04
3.6132812500e+01 9.7309862422e-04 2.6539792840e-04 7.0770069582e-04
3.6193847656e+01 9.6572525584e-04 2.6289044891e-04 7.0283480693e-04
3.6254882812e+01 9.5845012413e-04 2.6043303643e-04 6.9801708770e-04
3.6315917969e+01 9.5126936184e-04 2.5802659466e-04 6.9324276718e-04
3.6376953125e+01 9.4417728240e-04 2.5567142826e-04 6.8850585413e-04
3.6437988281e+01 9.3716779435e-04 2.5336774543e-04 6.8380004892e-04
3.6499023438e+01 9.3023432165e-04 2.5111574086e-04 6.7911858079e-04
3.6560058594e+01 9.2336950544e-04 2.4891558242e-04 6.7445392302e-04
3.6621093750e+01 9.1656403890e-04 2.4676716265e-04 6.6979687625e-04
3.6682128906e+01 9.0980629911e-04 2.4467006394e-04 6.6513623516e-04
3.6743164062e+01 9.0308093933e-04 2.4262300628e-04 6.6045793306e-04
3.6804199219e+01 8.9636836771e-04 2.4062361400e-04 6.5574475371e-04
3.6865234375e+01 8.8964511645e-04 2.3866827895e-04 6.5097683750e-04
3.6926269531e+01 8.8288372574e-04 2.3675179400e-04 6.4613193173e-04
3.6987304688e+01 8.7605322771e-04 2.3486716831e-04 6.4118605941e-04
3.7048339844e+01 8.6912010624e-04 2.3300551020e-04 6.3611459604e-04
3.7109375000e+01 8.6204921491e-04 2.3115603991e-04 6.3089317499e-04
3.7170410156e+01 8.5480412067e-04 2.2930603662e-04 6.2549808405e-04
3.7231445312e+01 8.4734783628e-04 2.2744102627e-04 6.1990681001e-04
3.7292480469e+01 8.3964227159e-04 2.2554466673e-04 6.1409760486e-04
3.7353515625e+01 8.3164818238e-04 2.2359906651e-04 6.0804911587e-04
3.7414550781e+01 8.2332575405e-04 2.2158526809e-04 6.0174048596e-04
3.7475585938e+01 8.1463415306e-04 2.1948355520e-04 5.9515059786e-04
3.7536621094e+01 8.0553313624e-04 2.1727438156e-04 5.8825875468e-04
3.7597656250e+01 7.9598373593e-04 2.1493895144e-04 5.8104478449e-04
3.7658691406e+01 7.8595012501e-04 2.1246000487e-04 5.7349012014e-04
3.7719726562e+01 7.7540177699e-04 2.0982268847e-04 5.6557908852e-04
3.7780761719e+01 7.6431536720e-04 2.0701517044e-04 5.5730019676e-04
3.7841796875e+01 7.5267770148e-04 2.0402948785e-04 5.4864821364e-04
3.7902832031e+01 7.4048677742e-04 2.0086176997e-04 5.3962500745e-04
3.7963867188e+01 7.2775305223e-04 1.9751253948e-04 5.3024051275e-04
3.8024902344e+01 7.1449965239e-04 1.9398674624e-04 5.2051290616e-04
3.8085937500e+01 7.0076336032e-04 1.9029411480e-04 5.1046924552e-04
3.8146972656e+01 6.8659324073e-04 1.8644881145e-04 5.0014442929e-04
3.8208007812e+01 6.7204945125e-04 1.8246919775e-04 4.8958025349e-04
3.8269042969e+01 6.5720129728e-04 1.7837733471e-04 4.7882396257e-04
3.8330078125e+01 6.4212453026e-04 1.7419824784e-04 4.6792628242e-04
3.8391113281e+01 6.2689815485e-04 1.6995890072e-04 4.5693925414e-04
3.8452148438e+01 6.1160111067e-04 1.6568699245e-04 4.4591411822e-04
3.8513183594e+01 5.9630898063e-04 1.6140957563e-04 4.3489940499e-04
3.8574218750e+01 5.8109056782e-04 1.5715170793e-04 4.2393885989e-04
3.8635253906e+01 5.6600614593e-04 1.5293543925e-04 4.1307070668e-04
3.8696289062e+01 5.5110570547e-04 1.4877881963e-04 4.0232688583e-04
3.8757324219e+01 5.3642870764e-04 1.4469560074e-04 3.9173310691e-04
3.8818359375e+01 5.2200538650e-04 1.4069539018e-04 3.8130999632e-04
3.8879394531e+01 5.0785808298e-04 1.3678405336e-04 3.7107402962e-04
3.8940429688e+01 4.9400396827e-04 1.3296470663e-04 3.6103926164e-04
3.9001464844e+01 4.8045819685e-04 1.2923890443e-04 3.5121929242e-04
3.9062500000e+01 4.6723555879e-04 1.2560753732e-04 3.4162802147e-04
3.9123535156e+01 4.5435262463e-04 1.2207184208e-04 3.3228078255e-04
3.9184570312e+01 4.4182991624e-04 1.1863440098e-04 3.2319551526e-04
3.9245605469e+01 4.2969171897e-04 1.1529941485e-04 3.1439230412e-04
3.9306640625e+01 4.1796485636e-04 1.1207259100e-04 3.0589226536e-04
3.9367675781e+01 4.0667742550e-04 1.0896085446e-04 2.9771657104e-04
3.9428710938e+01 3.9585646098e-04 1.0597168322e-04 2.8988477775e-04
3.9489746094e+01 3.8552534061e-04 1.0311238829e-04 2.8241295231e-04
3.9550781250e+01 3.7570004709e-04 1.0038899899e-04 2.7531104810e-04
3.9611816406e+01 3.6638648498e-04 9.7805378128e-05 2.6858110686e-04
3.9672851562e+01 3.5757767409e-04 9.5362437730e-05 2.6221523636e-04
3.9733886719e+01 3.4925154182e-04 9.3057385589e-05 2.5619415623e-04
3.9794921875e+01 3.4137020307e-04 9.0883439076e-05 2.5048676399e-04
3.9855957031e+01 3.3388037389e-04 8.8829912319e-05 2.4505046158e-04
3.9916992188e+01 3.2671493396e-04 8.6882438310e-05 2.3983249565e-04
3.9978027344e+01 3.1979666066e-04 8.5023846374e-05 2.3477281428e-04
4.0039062500e+01 3.1304289326e-04 8.3235280281e-05 2.2980761298e-04
4.0100097656e+01 3.0637066870e-04 8.1497385719e-05 2.2487328298e-04
4.0161132812e+01 2.9970315022e-04 7.9791889181e-05 2.1991126104e-04
4.0222167969e+01 2.9297455478e-04 7.8102734665e-05 2.1487182012e-04
4.0283203125e+01 2.8613505943e-04 7.6417299452e-05 2.0971775998e-04
4.0344238281e+01 2.7915407414e-04 7.4727197947e-05 2.0442687620e-04
4.0405273438e+01 2.7202215299e-04 7.3028845511e-05 1.9899330748e-04
4.0466308594e+01 2.6475039635e-04 7.1323317527e-05 1.9342707883e-04
4.0527343750e+01 2.5736894640e-04 6.9616073998e-05 1.8775287240e-04
4.0588378906e+01 2.4992413781e-04 6.7916398934e-05 1.8200773887e-04
4.0649414062e+01 2.4247431902e-04 6.6236426173e-05 1.7623789285e-04
4.0710449219e+01 2.3508575831e-04 6.4590255772e-05 1.7049550254e-04
4.0771484375e+01 2.2782841453e-04 6.2993012160e-05 1.6483540237e-04
4.0832519531e+01 2.2077217562e-04 6.1460025247e-05 1.5931215037e-04
4.0893554688e+01 2.1398363819e-04 6.0006089950e-05 1.5397754824e-04
4.0954589844e+01 2.0752341531e-04 5.8644843737e-05 1.4887857157e-04
4.1015625000e+01 2.0144439038e-04 5.7388424048e-05 1.4405596633e-04
4.1076660156e+01 1.9579015780e-04 5.6247060876e-05 1.3954309692e-04
4.1137695312e+01 1.9059467395e-04 5.5229003883e-05 1.3536567007e-04
4.1198730469e+01 1.8588156369e-04 5.4340292508e-05 1.3154127118e-04
4.1259765625e+01 1.8166417494e-04 5.3584715705e-05 1.2807945923e-04
4.1320800781e+01 1.7794643118e-04 5.2963974765e-05 1.2498245641e-04
4.1381835938e+01 1.7472352127e-04 5.2477740205e-05 1.2224578107e-04
4.1442871094e+01 1.7198353370e-04 5.2124035308e-05 1.1985949840e-04
4.1503906250e+01 1.6970905914e-04 5.1899518236e-05 1.1780954090e-04
4.1564941406e+01 1.6787876553e-04 5.1799825148e-05 1.1607894038e-04
4.1625976562e+01 1.6646939178e-04 5.1820025644e-05 1.1464936614e-04
4.1687011719e+01 1.6545729080e-04 5.1954922672e-05 1.1350236813e-04
4.1748046875e+01 1.6481951134e-04 5.2199318938e-05 1.1262019240e-04
4.1809082031e+01 1.6453436599e-04 5.2548111248e-05 1.1198625474e-04
4.1870117188e+01 1.6458178561e-04 5.2996334136e-05 1.1158545147e-04
4.1931152344e+01 1.6494319601e-04 5.3539117576e-05 1.1140407844e-04
4.1992187500e+01 1.6560101714e-04 5.4171537292e-05 1.1142947985e-04
4.2053222656e+01 1.6653816825e-04 5.4888558145e-05 1.1164961011e-04
4.2114257812e+01 1.6773808997e-04 5.5685066095e-05 1.1205302387e-04
4.2175292969e+01 1.6918542148e-04 5.6556158212e-05 1.1262926327e-04
4.2236328125e+01 1.7086679923e-04 5.7497459815e-05 1.1336933941e-04
4.2297363281e+01 1.7277209203e-04 5.8505620639e-05 1.1426647139e-04
4.2358398438e+01 1.7489648562e-04 5.9578994520e-05 1.1531749110e-04
4.2419433594e+01 1.7724244219e-04 6.0718246234e-05 1.1652419596e-04
4.2480468750e+01 1.7982097112e-04 6.1926830050e-05 1.1789414107e-04
4.2541503906e+01 1.8265247650e-04 6.3211221524e-05 1.1944125498e-04
4.2602539062e+01 1.8576693361e-04 6.4580906588e-05 1.2118602703e-04
4.2663574219e+01 1.8920217188e-04 6.6047760871e-05 1.2315441101e-04
4.2724609375e+01 1.9300150878e-04 6.7625207582e-05 1.2537630120e-04
4.2785644531e+01 1.9720981391e-04 6.9326872373e-05 1.2788294153e-04
4.2846679688e+01 2.0186848139e-04 7.1164924587e-05 1.3070355680e-04
4.2907714844e+01 2.0700977748e-04 7.3148231982e-05 1.3386154550e-04
4.2968750000e+01 2.1265153241e-04 7.5280685431e-05 1.3737084698e-04
4.3029785156e+01 2.1879155202e-04 7.7559493712e-05 1.4123205831e-04
4.3090820312e+01 2.2540364144e-04 7.9974085331e-05 1.4542955611e-04
4.3151855469e+01 2.3243537774e-04 8.2505531548e-05 1.4992984619e-04
4.3212890625e+01 2.3980761427e-04 8.5126600677e-05 1.5468101359e-04
4.3273925781e+01 2.4741634554e-04 8.7802557333e-05 1.5961378821e-04
4.3334960938e+01 2.5513714136e-04 9.0492724482e-05 1.6464441687e-04
4.3395996094e+01 2.6283159296e-04 9.3152636448e-05 1.6967895651e-04
4.3457031250e+01 2.7035539876e-04 9.5736622702e-05 1.7461877606e-04
4.3518066406e+01 2.7756736462e-04 9.8200627853e-05 1.7936673677e-04
4.3579101562e+01 2.8433893883e-04 1.0050507178e-04 1.8383386704e-04
4.3640136719e+01 2.9056229161e-04 1.0261726192e-04 1.8794502969e-04
4.3701171875e+01 2.9615733942e-04 1.0451336517e-04 1.9164397425e-04
4.3762207031e+01 3.0107653399e-04 1.0617973648e-04 1.9489679751e-04
4.3823242188e+01 3.0530646217e-04 1.0761322942e-04 1.9769323275e-04
4.3884277344e+01 3.0886696845e-04 1.0882077631e-04 2.0004619214e-04
4.3945312500e+01 3.1180767974e-04 1.0981824506e-04 2.0198943468e-04
4.4006347656e+01 3.1420214701e-04 1.1062858249e-04 2.0357356451e-04
4.4067382812e+01 3.1614066300e-04 1.1127953314e-04 2.0486112986e-04
4.4128417969e+01 3.1772281864e-04 1.1180137749e-04 2.0592144115e-04
4.4189453125e+01 3.1904980010e-04 1.1222465316e-04 2.0682514694e-04
4.4250488281e+01 3.2021781436e-04 1.1257815804e-04 2.0763965632e-04
4.4311523438e+01 3.2131278133e-04 1.1288742026e-04 2.0842536108e-04
4.4372558594e+01 3.2240696668e-04 1.1317373913e-04 2.0923322755e-04
4.4433593750e+01 3.2355727006e-04 1.1345376658e-04 2.1010350348e-04
4.4494628906e+01 3.2480478858e-04 1.1373949067e-04 2.1106529790e-04
4.4555664062e+01 3.2617560225e-04 1.1403851612e-04 2.1213708613e-04
4.4616699219e+01 3.2768251156e-04 1.1435474317e-04 2.1332776838e-04
4.4677734375e+01 3.2932725393e-04 1.1468907135e-04 2.1463818258e-04
4.4738769531e+01 3.3110210667e-04 1.1503992770e-04 2.1606217897e-04
4.4799804688e+01 3.3299158449e-04 1.1540384063e-04 2.1758774386e-04
4.4860839844e+01 3.3497402215e-04 1.1577583180e-04 2.1919819034e-04
4.4921875000e+01 3.3702282367e-04 1.1614976566e-04 2.2087305801e-04
4.4982910156e+01 3.3910752694e-04 1.1651855242e-04 2.2258897452e-04
4.5043945312e+01 3.4119459621e-04 1.1687428165e-04 2.2432031456e-04
4.5104980469e+01 3.4324874436e-04 1.1720850176e-04 2.2604024260e-04
4.5166015625e+01 3.4523450361e-04 1.1751255335e-04 2.2772195026e-04
4.5227050781e+01 3.4711845213e-04 1.1777815869e-04 2.2934029344e-04
4.5288085938e+01 3.4887096887e-04 1.1799785255e-04 2.3087311632e-04
4.5349121094e+01 3.5046850844e-04 1.1816565041e-04 2.3230285803e-04
4.5410156250e+01 3.5189535123e-04 1.1827756932e-04 2.3361778191e-04
4.5471191406e+01 3.5314507755e-04 1.1833213048e-04 2.3481294707e-04
4.5532226562e+01 3.5422144398e-04 1.1833071292e-04 2.3589073106e-04
4.5593261719e+01 3.5513762648e-04 1.1827738200e-04 2.3686024448e-04
4.5654296875e+01 3.5591493676e-04 1.1817866738e-04 2.3773626938e-04
4.5715332031e+01 3.5658044238e-04 1.1804299184e-04 2.3853745054e-04
4.5776367188e+01 3.5716377285e-04 1.1787982977e-04 2.3928394308e-04
4.5837402344e+01 3.5769348026e-04 1.1769870358e-04 2.3999477669e-04
4.5898437500e+01 3.5819329720e-04 1.1750813608e-04 2.4068516112e-04
4.5959472656e+01 3.5867942699e-04 1.1731485507e-04 2.4136457193e-04
4.6020507812e+01 3.5915805796e-04 1.1712305168e-04 2.4203500628e-04
4.6081542969e+01 3.5962427764e-04 1.1693396402e-04 2.4269031362e-04
4.6142578125e+01 3.6006286392e-04 1.1674604449e-04 2.4331681943e-04
4.6203613281e+01 3.6044966207e-04 1.1655523525e-04 2.4389442681e-04
4.6264648438e+01 3.6075457829e-04 1.1635575602e-04 2.4439882227e-04
4.6325683594e+01 3.6094558314e-04 1.1614119062e-04 2.4480439252e-04
4.6386718750e+01 3.6099252865e-04 1.1590551522e-04 2.4508701343e-04
4.6447753906e+01 3.6087082806e-04 1.1564406415e-04 2.4522676391e-04
4.6508789062e+01 3.6056486180e-04 1.1535448544e-04 2.4521037637e-04
4.6569824219e+01 3.6006951393e-04 1.1503711920e-04 2.4503239473e-04
4.6630859375e+01 3.5939041358e-04 1.1469499047e-04 2.4469542311e-04
4.6691894531e+01 3.5854259758e-04 1.1433336132e-04 2.4420923627e-04
4.6752929688e+01 3.5754787140e-04 1.1395885035e-04 2.4358902105e-04
4.6813964844e+01 3.5643088942e-04 1.1357827762e-04 2.4285261180e-04
4.6875000000e+01 3.5521524817e-04 1.1319747185e-04 2.4201777633e-04
4.6936035156e+01 3.5391992163e-04 1.1282024697e-04 2.4109967465e-04
4.6997070312e+01 3.5255601351e-04 1.1244749695e-04 2.4010851655e-04
4.7058105469e+01 3.5112505974e-04 1.1207677293e-04 2.3904828681e-04
4.7119140625e+01 3.4961884159e-04 1.1170237838e-04 2.3791646321e-04
4.7180175781e+01 3.4802046686e-04 1.1131579763e-04 2.3670466923e-04
4.7241210938e+01 3.4630661109e-04 1.1090650880e-04 2.3540010229e-04
4.7302246094e+01 3.4445079506e-04 1.1046303195e-04 2.3398776310e-04
4.7363281250e+01 3.4242626935e-04 1.0997389077e-04 2.3245237858e-04
4.7424316406e+01 3.4020913000e-04 1.0942860489e-04 2.3078052511e-04
4.7485351562e+01 3.3778026930e-04 1.0881829544e-04 2.2896197386e-04
4.7546386719e+01 3.3512641134e-04 1.0813600432e-04 2.2699040702e-04
4.7607421875e+01 3.3224030268e-04 1.0737677747e-04 2.2486352522e-04
4.7668457031e+01 3.2911994276e-04 1.0653748226e-04 2.2258246050e-04
4.7729492188e+01 3.2576707398e-04 1.0561635081e-04 2.2015072316e-04
4.7790527344e+01 3.2218552973e-04 1.0461255491e-04 2.1757297482e-04
4.7851562500e+01 3.1838019088e-04 1.0352594474e-04 2.1485424614e-04
4.7912597656e+01 3.1435586744e-04 1.0235675075e-04 2.1199911669e-04
4.7973632812e+01 3.1011681344e-04 1.0110549707e-04 2.0901131636e-04
4.8034667969e+01 3.0566738990e-04 9.9773249710e-05 2.0589414019e-04
4.8095703125e+01 3.0101292730e-04 9.8361883169e-05 2.0265104413e-04
4.8156738281e+01 2.9616097199e-04 9.6874446688e-05 1.9928652530e-04
4.8217773438e+01 2.9112258197e-04 9.5315510471e-05 1.9580707150e-04
4.8278808594e+01 2.8591337995e-04 9.3691413114e-05 1.9222196684e-04
4.8339843750e+01 2.8055392392e-04 9.2010262426e-05 1.8854366150e-04
4.8400878906e+01 2.7506965872e-04 9.0281801565e-05 1.8478785715e-04
4.8461914062e+01 2.6949007072e-04 8.8517014942e-05 1.8097305578e-04
4.8522949219e+01 2.6384738932e-04 8.6727560068e-05 1.7711982925e-04
4.8583984375e+01 2.5817442563e-04 8.4924999287e-05 1.7324942635e-04
4.8645019531e+01 2.5250230981e-04 8.3119982443e-05 1.6938232737e-04
4.8706054688e+01 2.4685867967e-04 8.1321620225e-05 1.6553705945e-04
4.8767089844e+01 2.4126571688e-04 7.9536829240e-05 1.6172888764e-04
4.8828125000e+01 2.3573880095e-04 7.7769942616e-05 1.5796885833e-04
4.8889160156e+01 2.3028620986e-04 7.6022683456e-05 1.5426352640e-04
4.8950195312e+01 2.2490913125e-04 7.4294274026e-05 1.5061485722e-04
4.9011230469e+01 2.1960284267e-04 7.2581899027e-05 1.4702094364e-04
4.9072265625e+01 2.1435788472e-04 7.0881212646e-05 1.4347667208e-04
4.9133300781e+01 2.0916231582e-04 6.9187150161e-05 1.3997516566e-04
4.9194335938e+01 2.0400370816e-04 6.7494659845e-05 1.3650904832e-04
4.9255371094e+01 1.9887102305e-04 6.5799358578e-05 1.3307166447e-04
4.9316406250e+01 1.9375671589e-04 6.4098241548e-05 1.2965847435e-04
4.9377441406e+01 1.8865802425e-04 6.2390136934e-05 1.2626788732e-04
4.9438476562e+01 1.8357784959e-04 6.0675954669e-05 1.2290189492e-04
4.9499511719e+01 1.7852524513e-04 5.8958861384e-05 1.1956638374e-04
4.9560546875e+01 1.7351534972e-04 5.7244247980e-05 1.1627110174e-04
4.9621582031e+01 1.6856843360e-04 5.5539412000e-05 1.1302902160e-04
4.9682617188e+01 1.6370888920e-04 5.3853215292e-05 1.0985567391e-04
4.9743652344e+01 1.5896375162e-04 5.2195595807e-05 1.0676815582e-04
4.9804687500e+01 1.5436086320e-04 5.0576992739e-05 1.0378387046e-04
4.9865722656e+01 1.4992686289e-04 4.9007681377e-05 1.0091918151e-04
4.9926757812e+01 1.4568514954e-04 4.7497071242e-05 9.8188078299e-05
4.9987792969e+01 1.4165375576e-04 4.6053003753e-05 9.5600752007e-05
5.0048828125e+01 1.3784379419e-04 4.4681222255e-05 9.3162571939e-05
5.0109863281e+01 1.3425812855e-04 4.3384891253e-05 9.0873237297e-05
5.0170898438e+01 1.3089046469e-04 4.2164235017e-05 8.8726229670e-05
5.0231933594e+01 1.2772524907e-04 4.1016452656e-05 8.6708796413e-05
5.0292968750e+01 1.2473790263e-04 3.9935738595e-05 8.4802164036e-05
5.0354003906e+01 1.2189560440e-04 3.8913421308e-05 8.2982183092e-05
5.0415039062e+01 1.1915882777e-04 3.7938434391e-05 8.1220393381e-05
5.0476074219e+01 1.1648334454e-04 3.6997904473e-05 7.9485440067e-05
5.0537109375e+01 1.1382254741e-04 3.6077842286e-05 7.7744705128e-05
5.0598144531e+01 1.1112988887e-04 3.5163930277e-05 7.5965958589e-05
5.0659179688e+01 1.0836164779e-04 3.4242404153e-05 7.4119243633e-05
5.0720214844e+01 1.0547954787e-04 3.3300908871e-05 7.2178638994e-05
5.0781250000e+01 1.0245294256e-04 3.2329237162e-05 7.0123705398e-05
5.0842285156e+01 9.9260929107e-05 3.1320035445e-05 6.7940893662e-05
5.0903320312e+01 9.5893762249e-05 3.0269313934e-05 6.5624448315e-05
5.0964355469e+01 9.2353517276e-05 2.9176656711e-05 6.3176860565e-05
5.1025390625e+01 8.8654200776e-05 2.8045269825e-05 6.0608930952e-05
5.1086425781e+01 8.4821174353e-05 2.6881797538e-05 5.7939376815e-05
5.1147460938e+01 8.0889481421e-05 2.5695745241e-05 5.5193736181e-05
5.1208496094e+01 7.6901870317e-05 2.4498844391e-05 5.2403025926e-05
5.1269531250e+01 7.2906414567e-05 2.3304275135e-05 4.9602139432e-05
5.1330566406e+01 6.8953511711e-05 2.2125740406e-05 4.6827771305e-05
5.1391601562e+01 6.5093107872e-05 2.0976640970e-05 4.4116466902e-05
5.1452636719e+01 6.1371960490e-05 1.9869296207e-05 4.1502664283e-05
5.1513671875e+01 5.7831465418e-05 1.8814377503e-05 3.9017087915e-05
5.1574707031e+01 5.4505504990e-05 1.7820382125e-05 3.6685122865e-05
5.1635742188e+01 5.1419244027e-05 1.6893404896e-05 3.4525839131e-05
5.1696777344e+01 4.8588446265e-05 1.6037060491e-05 3.2551385773e-05
5.1757812500e+01 4.6019391921e-05 1.5252591295e-05 3.0766800626e-05
5.1818847656e+01 4.3709231693e-05 1.4539046793e-05 2.9170184900e-05
5.1879882812e+01 4.1646987856e-05 1.3893606675e-05 2.7753381181e-05
5.1940917969e+01 3.9814829224e-05 1.3311939739e-05 2.6502889485e-05
5.2001953125e+01 3.8189572989e-05 1.2788578519e-05 2.5400994469e-05
5.2062988281e+01 3.6744251181e-05 1.2317242479e-05 2.4427008702e-05
5.2124023438e+01 3.5449772490e-05 1.1891183938e-05 2.3558588552e-05
5.2185058594e+01 3.4276515220e-05 1.1503476247e-05 2.2773038973e-05
5.2246093750e+01 3.3195706362e-05 1.1147222028e-05 2.2048484334e-05
5.2307128906e+01 3.2180595356e-05 1.0815740722e-05 2.1364854633e-05
5.2368164062e+01 3.1207575779e-05 1.0502781025e-05 2.0704794754e-05
5.2429199219e+01 3.0256816442e-05 1.0202626696e-05 2.0054189747e-05
5.2490234375e+01 2.9312719488e-05 9.9101998087e-06 1.9402519679e-05
5.2551269531e+01 2.8364187423e-05 9.6212034549e-06 1.8742983968e-05
5.2612304688e+01 2.7404482693e-05 9.3321904633e-06 1.8072292230e-05
5.2673339844e+01 2.6430925571e-05 9.0406277196e-06 1.7390297852e-05
5.2734375000e+01 2.5444391343e-05 8.7448933265e-06 1.6699498017e-05
5.2795410156e+01 2.4448696808e-05 8.4443079154e-06 1.6004388893e-05
5.2856445312e+01 2.3449856774e-05 8.1390587770e-06 1.5310797997e-05
5.2917480469e+01 2.2455329735e-05 7.8301036809e-06 1.4625226055e-05
5.2978515625e+01 2.1473426271e-05 7.5190765112e-06 1.3954349759e-05
5.3039550781e+01 2.0512668812e-05 7.2081301012e-06 1.3304538710e-05
5.3100585938e+01 1.9581295419e-05 6.8997649819e-06 1.2681530437e-05
5.3161621094e+01 1.8686830515e-05 6.5966239880e-06 1.2090206527e-05
5.3222656250e+01 1.7835917942e-05 6.3013720808e-06 1.1534545861e-05
5.3283691406e+01 1.7034087339e-05 6.0165147611e-06 1.1017572578e-05
5.3344726562e+01 1.6285726492e-05 5.7442804599e-06 1.0541446032e-05
5.3405761719e+01 1.5594142950e-05 5.4865527453e-06 1.0107590205e-05
5.3466796875e+01 1.4961680416e-05 5.2448306273e-06 9.7168497884e-06
5.3527832031e+01 1.4389799199e-05 5.0202115840e-06 9.3695876153e-06
5.3588867188e+01 1.3879268839e-05 4.8134221671e-06 9.0658466718e-06
5.3649902344e+01 1.3430298741e-05 4.6248524883e-06 8.8054462525e-06
5.3710937500e+01 1.3042772384e-05 4.4546510304e-06 8.5881213534e-06
5.3771972656e+01 1.2716275507e-05 4.3027585770e-06 8.4135169300e-06
5.3833007812e+01 1.2450181515e-05 4.1689759593e-06 8.2812055556e-06
5.3894042969e+01 1.2243696418e-05 4.0530163607e-06 8.1906800573e-06
5.3955078125e+01 1.2095678027e-05 3.9544834296e-06 8.1411945974e-06
5.4016113281e+01 1.2004508240e-05 3.8728606656e-06 8.1316475741e-06
5.4077148438e+01 1.1967946380e-05 3.8074960053e-06 8.1604503750e-06
5.4138183594e+01 1.1982863437e-05 3.7575288803e-06 8.2253345567e-06
5.4199218750e+01 1.2045055826e-05 3.7218403879e-06 8.3232154377e-06
5.4260253906e+01 1.2149142862e-05 3.6990184093e-06 8.4501244530e-06
5.4321289062e+01 1.2288483378e-05 3.6873119218e-06 8.6011714562e-06
5.4382324219e+01 1.2455256989e-05 3.6846467568e-06 8.7706102325e-06
5.4443359375e+01 1.2640572502e-05 3.6886307640e-06 8.9519417375e-06
5.4504394531e+01 1.2834715818e-05 3.6966180611e-06 9.1380977571e-06
5.4565429688e+01 1.3027462660e-05 3.7058096145e-06 9.3216530457e-06
5.4626464844e+01 1.3208398552e-05 3.7133482524e-06 9.4950502991e-06
5.4687500000e+01 1.3367284652e-05 3.7164498079e-06 9.6508348439e-06
5.4748535156e+01 1.3494370003e-05 3.7125275292e-06 9.7818424739e-06
5.4809570312e+01 1.3580707295e-05 3.6993161330e-06 9.8813911624e-06
5.4870605469e+01 1.3618407251e-05 3.6749723266e-06 9.9434349241e-06
5.4931640625e+01 1.3600939959e-05 3.6381766868e-06 9.9627632719e-06
5.4992675781e+01 1.3523346033e-05 3.5881890711e-06 9.9351569618e-06
5.5053710938e+01 1.3382493224e-05 3.5248891573e-06 9.8576040672e-06
5.5114746094e+01 1.3177324256e-05 3.4487899089e-06 9.7285343472e-06
5.5175781250e+01 1.2909057293e-05 3.3610207612e-06 9.5480365321e-06
5.5236816406e+01 1.2581319813e-05 3.2632775478e-06 9.3180422651e-06
5.5297851562e+01 1.2200202471e-05 3.1577522053e-06 9.0424502653e-06
5.5358886719e+01 1.1774126208e-05 3.0470223475e-06 8.7271038604e-06
5.5419921875e+01 1.1313603199e-05 2.9339370446e-06 8.3796661547e-06
5.5480957031e+01 1.0830794413e-05 2.8214709740e-06 8.0093234390e-06
5.5541992188e+01 1.0338877268e-05 2.7125593682e-06 7.6263178995e-06
5.5603027344e+01 9.8513433004e-06 2.6099422704e-06 7.2414010301e-06
5.5664062500e+01 9.3813130221e-06 2.5160398976e-06 6.8652731246e-06
5.5725097656e+01 8.9407341924e-06 2.4328059599e-06 6.5079282324e-06
5.5786132812e+01 8.5398063634e-06 2.3616561035e-06 6.1781502599e-06
5.5847167969e+01 8.1865061564e-06 2.3034201972e-06 5.8830859593e-06
5.5908203125e+01 7.8862646618e-06 2.2583262923e-06 5.6279383696e-06
5.5969238281e+01 7.6418833943e-06 2.2260409269e-06 5.4158424674e-06
5.6030273438e+01 7.4535854124e-06 2.2057303860e-06 5.2478550264e-06
5.6091308594e+01 7.3192373527e-06 2.1961539567e-06 5.1230833960e-06
5.6152343750e+01 7.2346822295e-06 2.1957719652e-06 5.0389102643e-06
5.6213378906e+01 7.1941298147e-06 2.2028505206e-06 4.9912792941e-06
5.6274414062e+01 7.1905575651e-06 2.2155598470e-06 4.9749977181e-06
5.6335449219e+01 7.2161219831e-06 2.2320560142e-06 4.9840659689e-06
5.6396484375e+01 7.2625425354e-06 2.2505514834e-06 5.0119910520e-06
5.6457519531e+01 7.3213855557e-06 2.2693384820e-06 5.0520470736e-06
5.6518554688e+01 7.3844317505e-06 2.2868338896e-06 5.0975978609e-06
5.6579589844e+01 7.4439195447e-06 2.3015871299e-06 5.1423324148e-06
5.6640625000e+01 7.4927713534e-06 2.3122829796e-06 5.1804883738e-06
5.6701660156e+01 7.5248089744e-06 2.3177570328e-06 5.2070519416e-06
5.6762695312e+01 7.5349187471e-06 2.3170024160e-06 5.2179163311e-06
5.6823730469e+01 7.5191555549e-06 2.3091859563e-06 5.2099695986e-06
5.6884765625e+01 7.4748743557e-06 2.2936828049e-06 5.1811915508e-06
5.6945800781e+01 7.4007646547e-06 2.2701015677e-06 5.1306630870e-06
5.7006835938e+01 7.2968346013e-06 2.2383131648e-06 5.0585214365e-06
5.7067871094e+01 7.1643813555e-06 2.1984781229e-06 4.9659032326e-06
5.7128906250e+01 7.0058630312e-06 2.1510527098e-06 4.8548103214e-06
5.7189941406e+01 6.8247148478e-06 2.0967795823e-06 4.7279352655e-06
5.7250976562e+01 6.6251620301e-06 2.0366629258e-06 4.5884991044e-06
5.7312011719e+01 6.4119893268e-06 1.9719241197e-06 4.4400652071e-06
5.7373046875e+01 6.1902880553e-06 1.9039399869e-06 4.2863480684e-06
5.7434082031e+01 5.9652054626e-06 1.8341698677e-06 4.1310355949e-06
5.7495117188e+01 5.7417392627e-06 1.7640860068e-06 3.9776532560e-06
5.7556152344e+01 5.5245338011e-06 1.6951003536e-06 3.8294334474e-06
5.7617187500e+01 5.3177085029e-06 1.6284973650e-06 3.6892111379e-06
5.7678222656e+01 5.1247373163e-06 1.5653823649e-06 3.5593549513e-06
5.7739257812e+01 4.9483576289e-06 1.5066446029e-06 3.4417130260e-06
5.7800292969e+01 4.7905319297e-06 1.4529387369e-06 3.3375931927e-06
5.7861328125e+01 4.6524026184e-06 1.4046651542e-06 3.2477374643e-06
5.7922363281e+01 4.5343179977e-06 1.3619831680e-06 3.1723348297e-06
5.7983398438e+01 4.4358749776e-06 1.3248292414e-06 3.1110457362e-06
5.8044433594e+01 4.3559815007e-06 1.2929431949e-06 3.0630383059e-06
5.8105468750e+01 4.2929275569e-06 1.2658949051e-06 3.0270326518e-06
5.8166503906e+01 4.2444922379e-06 1.2431224240e-06 3.0013698139e-06
5.8227539062e+01 4.2080541483e-06 1.2239704132e-06 2.9840837350e-06
5.8288574219e+01 4.1807301166e-06 1.2077320891e-06 2.9729980275e-06
5.8349609375e+01 4.1595010571e-06 1.1936804954e-06 2.9658205617e-06
5.8410644531e+01 4.1413422396e-06 1.1811001486e-06 2.9602420910e-06
5.8471679688e+01 4.1233873991e-06 1.1693271860e-06 2.9540602131e-06
5.8532714844e+01 4.1030252522e-06 1.1577641725e-06 2.9452610797e-06
5.8593750000e+01 4.0780089427e-06 1.1458997028e-06 2.9321092399e-06
5.8654785156e+01 4.0465877146e-06 1.1333344350e-06 2.9132532796e-06
5.8715820312e+01 4.0075518803e-06 1.1197852916e-06 2.8877665888e-06
5.8776855469e+01 3.9602317524e-06 1.1050761259e-06 2.8551556265e-06
5.8837890625e+01 3.9045372786e-06 1.0891460123e-06 2.8153912663e-06
5.8898925781e+01 3.8408967513e-06 1.0720331924e-06 2.7688635589e-06
5.8959960938e+01 3.7701909837e-06 1.0538615356e-06 2.7163294480e-06
5.9020996094e+01 3.6936681114e-06 1.0348232782e-06 2.6588448333e-06
5.9082031250e+01 3.6128193492e-06 1.0151560298e-06 2.5976633194e-06
5.9143066406e+01 3.5292580008e-06 9.9512053743e-07 2.5341374633e-06
5.9204101562e+01 3.4445894724e-06 9.7497670842e-07 2.4696127640e-06
5.9265136719e+01 3.3603172859e-06 9.5496903276e-07 2.4053482531e-06
5.9326171875e+01 3.2777528487e-06 9.3531025031e-07 2.3424425984e-06
5.9387207031e+01 3.1979563739e-06 9.1617198058e-07 2.2817843933e-06
5.9448242188e+01 3.1217081045e-06 8.9768007451e-07 2.2240280300e-06
5.9509277344e+01 3.0495036437e-06 8.7991313362e-07 2.1695905101e-06
5.9570312500e+01 2.9815767417e-06 8.6290783098e-07 2.1186689108e-06
5.9631347656e+01 2.9179397910e-06 8.4666493371e-07 2.0712748573e-06
5.9692382812e+01 2.8584324415e-06 8.3115797567e-07 2.0272744658e-06
5.9753417969e+01 2.8027736811e-06 8.1634189424e-07 1.9864317868e-06
5.9814453125e+01 2.7506146622e-06 8.0216161472e-07 1.9484530475e-06
5.9875488281e+01 2.7015776286e-06 7.8855867925e-07 1.9130189494e-06
5.9936523438e+01 2.6552892913e-06 7.7547636868e-07 1.8798129227e-06
5.9997558594e+01 2.6113989277e-06 7.6286226918e-07 1.8485366585e-06
6.0058593750e+01 2.5695989929e-06 7.5067164730e-07 1.8189273456e-06
6.0119628906e+01 2.5296275703e-06 7.3886700034e-07 1.7907605699e-06
6.0180664062e+01 2.4912570899e-06 7.2741636290e-07 1.7638407270e-06
6.0241699219e+01 2.4543045488e-06 7.1629434647e-07 1.7380102024e-06
6.0302734375e+01 2.4186154375e-06 7.0547902919e-07 1.7131364083e-06
6.0363769531e+01 2.3840565068e-06 6.9495055643e-07 1.6891059504e-06
6.0424804688e+01 2.3505101196e-06 6.8469028899e-07 1.6658198306e-06
6.0485839844e+01 2.3178761668e-06 6.7468084388e-07 1.6431953229e-06
6.0546875000e+01 2.2860602466e-06 6.6490402015e-07 1.6211562264e-06
6.0607910156e+01 2.2549609855e-06 6.5533870438e-07 1.5996222811e-06
6.0668945312e+01 2.2244759353e-06 6.4596229425e-07 1.5785136411e-06
6.0729980469e+01 2.1945049745e-06 6.3675143478e-07 1.5577535397e-06
6.0791015625e+01 2.1649440741e-06 6.2768115672e-07 1.5372629173e-06
6.0852050781e+01 2.1356906677e-06 6.1872590141e-07 1.5169647663e-06
6.0913085938e+01 2.1066430474e-06 6.0986006571e-07 1.4967829817e-06
6.0974121094e+01 2.0777073130e-06 6.0105947641e-07 1.4766478366e-06
6.1035156250e+01 2.0488019076e-06 5.9230216908e-07 1.4564997386e-06
6.1096191406e+01 2.0198563535e-06 5.8356812614e-07 1.4362882274e-06
6.1157226562e+01 1.9908187010e-06 5.7484171270e-07 1.4159769883e-06
6.1218261719e+01 1.9616551244e-06 5.6611131929e-07 1.3955438052e-06
6.1279296875e+01 1.9323526562e-06 5.5737006541e-07 1.3749825907e-06
6.1340332031e+01 1.9029194448e-06 5.4861622596e-07 1.3543032188e-06
6.1401367188e+01 1.8733830838e-06 5.3985330473e-07 1.3335297791e-06
6.1462402344e+01 1.8437893970e-06 5.3108976880e-07 1.3126996282e-06
6.1523437500e+01 1.8141979927e-06 5.2233848861e-07 1.2918595041e-06
6.1584472656e+01 1.7846801233e-06 5.1361643327e-07 1.2710636901e-06
6.1645507812e+01 1.7553109630e-06 5.0494282773e-07 1.2503681352e-06
6.1706542969e+01 1.7261645234e-06 4.9633797242e-07 1.2298265510e-06
6.1767578125e+01 1.6973078989e-06 4.8782169252e-07 1.2094862064e-06
6.1828613281e+01 1.6687948982e-06 4.7941170293e-07 1.1893831952e-06
6.1889648438e+01 1.6406633491e-06 4.7112266069e-07 1.1695406884e-06
6.1950683594e+01 1.6129336499e-06 4.6296558260e-07 1.1499680673e-06
6.2011718750e+01 1.5856075976e-06 4.5494688425e-07 1.1306607134e-06
6.2072753906e+01 1.5586704950e-06 4.4706892727e-07 1.1116015677e-06
6.2133789062e+01 1.5320936744e-06 4.3932996350e-07 1.0927637109e-06
6.2194824219e+01 1.5058417585e-06 4.3172577870e-07 1.0741159798e-06
6.2255859375e+01 1.4798751550e-06 4.2424999699e-07 1.0556251580e-06
6.2316894531e+01 1.4541548145e-06 4.1689500801e-07 1.0372598065e-06
6.2377929688e+01 1.4286462330e-06 4.0965271112e-07 1.0189935218e-06
6.2438964844e+01 1.4033216003e-06 4.0251515931e-07 1.0008064410e-06
6.2500000000e+01 1.3781614810e-06 3.9547489546e-07 9.8268658555e-07
6.2561035156e+01 1.3531555902e-06 3.8852541563e-07 9.6463017459e-07
6.2622070312e+01 1.3283022451e-06 3.8166144044e-07 9.4664080464e-07
6.2683105469e+01 1.3036087798e-06 3.7487930103e-07 9.2872947879e-07
6.2744140625e+01 1.2790891373e-06 3.6817694065e-07 9.1091219670e-07
6.2805175781e+01 1.2547634696e-06 3.6155447441e-07 8.9320899517e-07
6.2866210938e+01 1.2306576783e-06 3.5501430005e-07 8.7564337821e-07
6.2927246094e+01 1.2068020243e-06 3.4856128358e-07 8.5824074074e-07
6.2988281250e+01 1.1832313478e-06 3.4220284523e-07 8.4102850261e-07
6.3049316406e+01 1.1599847190e-06 3.3594891906e-07 8.2403579992e-07
6.3110351562e+01 1.1371037846e-06 3.2981120218e-07 8.0729258239e-07
6.3171386719e+01 1.1146323806e-06 3.2380260453e-07 7.9082977603e-07
6.3232421875e+01 1.0926165986e-06 3.1793682983e-07 7.7467976881e-07
6.3293457031e+01 1.0711022885e-06 3.1222716534e-07 7.5887512318e-07
6.3354492188e+01 1.0501346783e-06 3.0668591830e-07 7.4344876004e-07
6.3415527344e+01 1.0297558394e-06 3.0132340888e-07 7.2843243054e-07
6.3476562500e+01 1.0100052691e-06 2.9614817982e-07 7.1385708932e-07
6.3537597656e+01 9.9091753371e-07 2.9116637030e-07 6.9975116341e-07
6.3598632812e+01 9.7252076137e-07 2.8638176435e-07 6.8613899702e-07
6.3659667969e+01 9.5483608177e-07 2.8179618015e-07 6.7303990162e-07
6.3720703125e+01 9.3787811409e-07 2.7740980755e-07 6.6046830654e-07
6.3781738281e+01 9.2165392105e-07 2.7322171994e-07 6.4843220111e-07
6.3842773438e+01 9.0616389315e-07 2.6923011625e-07 6.3693377690e-07
6.3903808594e+01 8.9140291285e-07 2.6543299048e-07 6.2596992237e-07
6.3964843750e+01 8.7736090489e-07 2.6182814986e-07 6.1553275503e-07
6.4025878906e+01 8.6402390464e-07 2.5841329387e-07 6.0561061077e-07
6.4086914062e+01 8.5137548723e-07 2.5518606097e-07 5.9618942626e-07
6.4147949219e+01 8.3939747691e-07 2.5214391664e-07 5.8725356027e-07
6.4208984375e+01 8.2807151361e-07 2.4928409266e-07 5.7878742095e-07
6.4270019531e+01 8.1737879331e-07 2.4660320760e-07 5.7077558571e-07
6.4331054688e+01 8.0730059381e-07 2.4409740005e-07 5.6320319376e-07
6.4392089844e+01 7.9781755360e-07 2.4176201143e-07 5.5605554217e-07
6.4453125000e+01 7.8891036736e-07 2.3959194699e-07 5.4931842037e-07
6.4514160156e+01 7.8055818225e-07 2.3758139475e-07 5.4297678750e-07
6.4575195312e+01 7.7273801718e-07 2.3572377045e-07 5.3701424673e-07
6.4636230469e+01 7.6542330545e-07 2.3401178605e-07 5.3141151940e-07
6.4697265625e+01 7.5858184856e-07 2.3243690160e-07 5.2614494697e-07
6.4758300781e+01 7.5217524501e-07 2.3098927819e-07 5.2118596683e-07
6.4819335938e+01 7.4615722313e-07 2.2965737179e-07 5.1649985134e-07
6.4880371094e+01 7.4047228911e-07 2.2842735608e-07 5.1204493303e-07
6.4941406250e+01 7.3505564430e-07 2.2728302790e-07 5.0777261640e-07
6.5002441406e+01 7.2983407007e-07 2.2620580385e-07 5.0362826621e-07
6.5063476562e+01 7.2472720028e-07 2.2517491851e-07 4.9955228178e-07
6.5124511719e+01 7.1965125539e-07 2.2416826151e-07 4.9548299388e-07
6.5185546875e+01 7.1452295794e-07 2.2316330077e-07 4.9135965717e-07
6.5246582031e+01 7.0926467106e-07 2.2213859685e-07 4.8712607421e-07
6.5307617188e+01 7.0380938110e-07 2.2107520892e-07 4.8273417218e-07
6.5368652344e+01 6.9810568158e-07 2.1995811439e-07 4.7814756718e-07
6.5429687500e+01 6.9212164799e-07 2.1877759142e-07 4.7334405657e-07
6.5490722656e+01 6.8584677994e-07 2.1752984206e-07 4.6831693788e-07
6.5551757812e+01 6.7929186147e-07 2.1621687212e-07 4.6307498935e-07
6.5612792969e+01 6.7248815815e-07 2.1484654522e-07 4.5764161293e-07
6.5673828125e+01 6.6548318915e-07 2.1343127790e-07 4.5205191125e-07
6.5734863281e+01 6.5833625798e-07 2.1198654529e-07 4.4634971269e-07
6.5795898438e+01 6.5111284248e-07 2.1052931424e-07 4.4058352824e-07
6.5856933594e+01 6.4387992072e-07 2.0907656362e-07 4.3480335709e-07
6.5917968750e+01 6.3670084240e-07 2.0764360501e-07 4.2905723740e-07
6.5979003906e+01 6.2963125050e-07 2.0624305383e-07 4.2338819667e-07
6.6040039062e+01 6.2271731941e-07 2.0488441879e-07 4.1783290062e-07
6.6101074219e+01 6.1599466603e-07 2.0357387238e-07 4.1242079365e-07
6.6162109375e+01 6.0948780309e-07 2.0231436793e-07 4.0717343516e-07
6.6223144531e+01 6.0321201048e-07 2.0110651610e-07 4.0210549438e-07
6.6284179688e+01 5.9717464184e-07 1.9994915957e-07 3.9722548227e-07
6.6345214844e+01 5.9137722609e-07 1.9884020273e-07 3.9253702335e-07
6.6406250000e+01 5.8581750032e-07 1.9777725734e-07 3.8804024298e-07
6.6467285156e+01 5.8049049641e-07 1.9675799520e-07 3.8373250121e-07
6.6528320312e+01 5.7539069045e-07 1.9578068063e-07 3.7961000982e-07
6.6589355469e+01 5.7051187623e-07 1.9484389824e-07 3.7566797799e-07
6.6650390625e+01 5.6584778198e-07 1.9394657599e-07 3.7190120598e-07
6.6711425781e+01 5.6139210328e-07 1.9308779868e-07 3.6830430460e-07
6.6772460938e+01 5.5713804685e-07 1.9226650519e-07 3.6487154166e-07
6.6833496094e+01 5.5307769775e-07 1.9148141079e-07 3.6159628696e-07
6.6894531250e+01 5.4920173030e-07 1.9073074067e-07 3.5847098963e-07
6.6955566406e+01 5.4549941339e-07 1.9001237226e-07 3.5548704113e-07
6.7016601562e+01 5.4195857293e-07 1.8932400385e-07 3.5263456908e-07
6.7077636719e+01 5.3856620028e-07 1.8866337767e-07 3.4990282261e-07
6.7138671875e+01 5.3530904178e-07 1.8802849432e-07 3.4728054746e-07
6.7199707031e+01 5.3217426801e-07 1.8741788638e-07 3.4475638163e-07
6.7260742188e+01 5.2915047288e-07 1.8683078599e-07 3.4231968689e-07
6.7321777344e+01 5.2622807171e-07 1.8626707096e-07 3.3996100075e-07
6.7382812500e+01 5.2340007924e-07 1.8572732218e-07 3.3767275706e-07
6.7443847656e+01 5.2066190336e-07 1.8521252774e-07 3.3544937562e-07
6.7504882812e+01 5.1801153739e-07 1.8472394635e-07 3.3328759104e-07
6.7565917969e+01 5.1544834858e-07 1.8426257664e-07 3.3118577195e-07
6.7626953125e+01 5.1297264130e-07 1.8382894388e-07 3.2914369742e-07
6.7687988281e+01 5.1058480929e-07 1.8342294247e-07 3.2716186682e-07
6.7749023438e+01 5.0828467568e-07 1.8304358998e-07 3.2524108570e-07
6.7810058594e+01 5.0607024499e-07 1.8268894301e-07 3.2338130198e-07
6.7871093750e+01 5.0393711921e-07 1.8235597364e-07 3.2158114556e-07
6.7932128906e+01 5.0187843868e-07 1.8204085857e-07 3.1983758011e-07
6.7993164062e+01 4.9988454470e-07 1.8173908178e-07 3.1814546292e-07
6.8054199219e+01 4.9794303834e-07 1.8144548111e-07 3.1649755724e-07
6.8115234375e+01 4.9603905314e-07 1.8115443411e-07 3.1488461902e-07
6.8176269531e+01 4.9415602156e-07 1.8086008531e-07 3.1329593625e-07
6.8237304688e+01 4.9227625957e-07 1.8055656319e-07 3.1171969638e-07
6.8298339844e+01 4.9038178158e-07 1.8023807372e-07 3.1014370786e-07
6.8359375000e+01 4.8845562528e-07 1.7989919690e-07 3.0855642838e-07
6.8420410156e+01 4.8648237967e-07 1.7953493040e-07 3.0694744927e-07
6.8481445312e+01 4.8444945612e-07 1.7914094036e-07 3.0530851575e-07
6.8542480469e+01 4.8234743418e-07 1.7871372353e-07 3.0363371065e-07
6.8603515625e+01 4.8017083633e-07 1.7825071117e-07 3.0192012516e-07
6.8664550781e+01 4.7791824020e-07 1.7775039758e-07 3.0016784262e-07
6.8725585938e+01 4.7559138183e-07 1.7721208664e-07 2.9837929519e-07
6.8786621094e+01 4.7319514825e-07 1.7663597370e-07 2.9655917456e-07
6.8847656250e+01 4.7073638930e-07 1.7602302422e-07 2.9471336508e-07
6.8908691406e+01 4.6822283441e-07 1.7537472776e-07 2.9284810665e-07
6.8969726562e+01 4.6566168610e-07 1.7469272731e-07 2.9096895879e-07
6.9030761719e+01 4.6305885110e-07 1.7397879202e-07 2.8908005908e-07
6.9091796875e+01 4.6041786469e-07 1.7323444286e-07 2.8718342183e-07
6.9152832031e+01 4.5773895882e-07 1.7246059639e-07 2.8527836243e-07
6.9213867188e+01 4.5501883949e-07 1.7165753875e-07 2.8336130074e-07
6.9274902344e+01 4.5225058690e-07 1.7082470585e-07 2.8142588106e-07
6.9335937500e+01 4.4942367509e-07 1.6996050249e-07 2.7946317260e-07
6.9396972656e+01 4.4652453233e-07 1.6906236528e-07 2.7746216705e-07
6.9458007812e+01 4.4353706485e-07 1.6812674457e-07 2.7541032028e-07
6.9519042969e+01 4.4044403204e-07 1.6714940030e-07 2.7329463174e-07
6.9580078125e+01 4.3722834507e-07 1.6612572942e-07 2.7110261565e-07
6.9641113281e+01 4.3387398605e-07 1.6505103104e-07 2.6882295500e-07
6.9702148438e+01 4.3036765232e-07 1.6392104827e-07 2.6644660405e-07
6.9763183594e+01 4.2670004144e-07 1.6273235435e-07 2.6396768709e-07
6.9824218750e+01 4.2286687209e-07 1.6148283357e-07 2.6138403852e-07
6.9885253906e+01 4.1886933421e-07 1.6017199105e-07 2.5869734316e-07
6.9946289062e+01 4.1471428277e-07 1.5880103401e-07 2.5591324875e-07
7.0007324219e+01 4.1041396777e-07 1.5737290687e-07 2.5304106090e-07
7.0068359375e+01 4.0598495544e-07 1.5589206072e-07 2.5009289472e-07
7.0129394531e+01 4.0144714881e-07 1.5436410053e-07 2.4708304828e-07
7.0190429688e+01 3.9682245730e-07 1.5279542314e-07 2.4402703416e-07
7.0251464844e+01 3.9213323293e-07 1.5119266860e-07 2.4094056433e-07
7.0312500000e+01 3.8740105284e-07 1.4956222821e-07 2.3783882462e-07
7.0373535156e+01 3.8264588288e-07 1.4790999164e-07 2.3473589124e-07
7.0434570312e+01 3.7788512647e-07 1.4624097701e-07 2.3164414946e-07
7.0495605469e+01 3.7313332363e-07 1.4455921732e-07 2.2857410631e-07
7.0556640625e+01 3.6840189731e-07 1.4286763876e-07 2.2553425856e-07
7.0617675781e+01 3.6369940418e-07 1.4116824943e-07 2.2253115475e-07
7.0678710938e+01 3.5903151443e-07 1.3946212382e-07 2.1956939062e-07
7.0739746094e+01 3.5440121521e-07 1.3774948006e-07 2.1665173514e-07
7.0800781250e+01 3.4980896081e-07 1.3602982669e-07 2.1377913412e-07
7.0861816406e+01 3.4525307580e-07 1.3430212511e-07 2.1095095069e-07
7.0922851562e+01 3.4072980340e-07 1.3256476788e-07 2.0816503552e-07
7.0983886719e+01 3.3623357610e-07 1.3081574202e-07 2.0541783408e-07
7.1044921875e+01 3.3175725185e-07 1.2905262207e-07 2.0270462977e-07
7.1105957031e+01 3.2729282244e-07 1.2727285072e-07 2.0001997172e-07
7.1166992188e+01 3.2283156811e-07 1.2547380633e-07 1.9735776178e-07
7.1228027344e+01 3.1836522912e-07 1.2365322932e-07 1.9471199980e-07
7.1289062500e+01 3.1388611975e-07 1.2180926851e-07 1.9207685124e-07
7.1350097656e+01 3.0938791275e-07 1.1994076683e-07 1.8944714592e-07
7.1411132812e+01 3.0486611256e-07 1.1804757469e-07 1.8681853787e-07
7.1472167969e+01 3.0031835374e-07 1.1613064309e-07 1.8418771066e-07
7.1533203125e+01 2.9574465363e-07 1.1419213827e-07 1.8155251536e-07
7.1594238281e+01 2.9114723334e-07 1.1223539154e-07 1.7891184180e-07
7.1655273438e+01 2.8653030910e-07 1.1026469715e-07 1.7626561194e-07
7.1716308594e+01 2.8189949813e-07 1.0828518248e-07 1.7361431565e-07
7.1777343750e+01 2.7726145515e-07 1.0630246061e-07 1.7095899454e-07
7.1838378906e+01 2.7262334521e-07 1.0432223380e-07 1.6830111141e-07
7.1899414062e+01 2.6799220811e-07 1.0235002514e-07 1.6564218297e-07
7.1960449219e+01 2.6337457723e-07 1.0039073021e-07 1.6298384702e-07
7.2021484375e+01 2.5877622366e-07 9.8448467095e-08 1.6032775656e-07
7.2082519531e+01 2.5420191254e-07 9.6526405526e-08 1.5767550701e-07
7.2143554688e+01 2.4965538414e-07 9.4626676091e-08 1.5502870805e-07
7.2204589844e+01 2.4513954227e-07 9.2750500571e-08 1.5238904170e-07
7.2265625000e+01 2.4065649160e-07 9.0898309499e-08 1.4975818210e-07
7.2326660156e+01 2.3620785301e-07 8.9069928919e-08 1.4713792409e-07
7.2387695312e+01 2.3179517682e-07 8.7264981404e-08 1.4453019541e-07
7.2448730469e+01 2.2742016175e-07 8.5483093982e-08 1.4193706777e-07
7.2509765625e+01 2.2308497663e-07 8.3724144605e-08 1.3936083203e-07
7.2570800781e+01 2.1879264084e-07 8.1988473319e-08 1.3680416752e-07
7.2631835938e+01 2.1454700566e-07 8.0276945703e-08 1.3427005996e-07
7.2692871094e+01 2.1035273459e-07 7.8590904431e-08 1.3176183016e-07
7.2753906250e+01 2.0621551692e-07 7.6932183556e-08 1.2928333336e-07
7.2814941406e+01 2.0214153732e-07 7.5302840789e-08 1.2683869653e-07
7.2875976562e+01 1.9813721972e-07 7.3705022660e-08 1.2443219706e-07
7.2937011719e+01 1.9420880857e-07 7.2140668653e-08 1.2206813992e-07
7.2998046875e+01 1.9036208885e-07 7.0611293751e-08 1.1975079509e-07
7.3059082031e+01 1.8660218901e-07 6.9117984296e-08 1.1748420471e-07
7.3120117188e+01 1.8293297976e-07 6.7661180969e-08 1.1527179879e-07
7.3181152344e+01 1.7935700430e-07 6.6240630980e-08 1.1311637332e-07
7.3242187500e+01 1.7587537438e-07 6.4855428657e-08 1.1101994572e-07
7.3303222656e+01 1.7248772485e-07 6.3504127459e-08 1.0898359739e-07
7.3364257812e+01 1.6919215384e-07 6.2184804733e-08 1.0700734911e-07
7.3425292969e+01 1.6598517388e-07 6.0895144137e-08 1.0509002974e-07
7.3486328125e+01 1.6286160290e-07 5.9632473882e-08 1.0322912901e-07
7.3547363281e+01 1.5981451161e-07 5.8393888243e-08 1.0142062337e-07
7.3608398438e+01 1.5683504453e-07 5.7176197573e-08 9.9658846962e-08
7.3669433594e+01 1.5391253040e-07 5.5976045654e-08 9.7936484748e-08
7.3730468750e+01 1.5103441410e-07 5.4789864402e-08 9.6244549694e-08
7.3791503906e+01 1.4818671590e-07 5.3614018200e-08 9.4572697695e-08
7.3852539062e+01 1.4535445945e-07 5.2444924566e-08 9.2909534880e-08
7.3913574219e+01 1.4252247462e-07 5.1279180284e-08 9.1243294337e-08
7.3974609375e+01 1.3967631195e-07 5.0113780697e-08 8.9562531251e-08
7.4035644531e+01 1.3680345004e-07 4.8946447724e-08 8.7857002319e-08
7.4096679688e+01 1.3389418231e-07 4.7775756565e-08 8.6118425744e-08
7.4157714844e+01 1.3094257907e-07 4.6601376256e-08 8.4341202814e-08
7.4218750000e+01 1.2794717442e-07 4.5424154237e-08 8.2523020180e-08
7.4279785156e+01 1.2491132828e-07 4.4246151070e-08 8.0665177211e-08
7.4340820312e+01 1.2184282722e-07 4.3070476108e-08 7.8772351115e-08
7.4401855469e+01 1.1875377669e-07 4.1901220751e-08 7.6852555936e-08
7.4462890625e+01 1.1565958445e-07 4.0743147181e-08 7.4916437274e-08
7.4523925781e+01 1.1257779739e-07 3.9601320441e-08 7.2976476953e-08
7.4584960938e+01 1.0952694601e-07 3.8480857012e-08 7.1046088993e-08
7.4645996094e+01 1.0652537948e-07 3.7386614195e-08 6.9138765281e-08
7.4707031250e+01 1.0359008310e-07 3.6322937579e-08 6.7267145518e-08
7.4768066406e+01 1.0073581437e-07 3.5293472913e-08 6.5442341462e-08
7.4829101562e+01 9.7974628287e-08 3.4301106475e-08 6.3673521812e-08
7.4890136719e+01 9.5315434062e-08 3.3347920836e-08 6.1967513226e-08
7.4951171875e+01 9.2763932210e-08 3.2435227708e-08 6.0328704502e-08
7.5012207031e+01 9.0322863747e-08 3.1563618674e-08 5.8759245074e-08
7.5073242188e+01 8.7992315494e-08 3.0733101980e-08 5.7259213514e-08
7.5134277344e+01 8.5770039539e-08 2.9943129268e-08 5.5826910271e-08
7.5195312500e+01 8.3652000907e-08 2.9192711618e-08 5.4459289289e-08
7.5256347656e+01 8.1632724650e-08 2.8480462915e-08 5.3152261735e-08
7.5317382812e+01 7.9705708359e-08 2.7804650749e-08 5.1901057609e-08
7.5378417969e+01 7.7863799920e-08 2.7163249510e-08 5.0700550410e-08
7.5439453125e+01 7.6099438467e-08 2.6553948764e-08 4.9545489704e-08
7.5500488281e+01 7.4404826509e-08 2.5974162163e-08 4.8430664346e-08
7.5561523438e+01 7.2772144106e-08 2.5421105379e-08 4.7351038727e-08
7.5622558594e+01 7.1193706834e-08 2.4891818812e-08 4.6301888022e-08
7.5683593750e+01 6.9662012904e-08 2.4383224304e-08 4.5278788600e-08
7.5744628906e+01 6.8169965619e-08 2.3892204888e-08 4.4277760731e-08
7.5805664062e+01 6.6710903945e-08 2.3415666689e-08 4.3295237256e-08
7.5866699219e+01 6.5278720822e-08 2.2950607104e-08 4.2328113717e-08
7.5927734375e+01 6.3868082307e-08 2.2494238172e-08 4.1373844135e-08
7.5988769531e+01 6.2474400207e-08 2.2043994416e-08 4.0430405791e-08
7.6049804688e+01 6.1093939384e-08 2.1597605787e-08 3.9496333598e-08
7.6110839844e+01 5.9723921561e-08 2.1153179463e-08 3.8570742098e-08
7.6171875000e+01 5.8362479135e-08 2.0709197956e-08 3.7653281180e-08
7.6232910156e+01 5.7008754983e-08 2.0264571592e-08 3.6744183391e-08
7.6293945312e+01 5.5662797848e-08 1.9818613812e-08 3.5844184037e-08
7.6354980469e+01 5.4325464823e-08 1.9371040717e-08 3.4954424106e-08
7.6416015625e+01 5.2998308660e-08 1.8921928071e-08 3.4076380588e-08
7.6477050781e+01 5.1683412308e-08 1.8471667814e-08 3.3211744494e-08
7.6538085938e+01 5.0383266247e-08 1.8020948462e-08 3.2362317785e-08
7.6599121094e+01 4.9100545128e-08 1.7570653104e-08 3.1529892023e-08
7.6660156250e+01 4.7838026768e-08 1.7121844983e-08 3.0716181785e-08
7.6721191406e+01 4.6598427566e-08 1.6675700232e-08 2.9922727333e-08
7.6782226562e+01 4.5384369480e-08 1.6233476633e-08 2.9150892847e-08
7.6843261719e+01 4.4198326660e-08 1.5796489435e-08 2.8401837225e-08
7.6904296875e+01 4.3042634401e-08 1.5366095777e-08 2.7676538624e-08
7.6965332031e+01 4.1919602207e-08 1.4943709961e-08 2.6975892246e-08
7.7026367188e+01 4.0831497827e-08 1.4530797250e-08 2.6300700577e-08
7.7087402344e+01 3.9780634312e-08 1.4128869510e-08 2.5651764802e-08
7.7148437500e+01 3.8769463329e-08 1.3739505622e-08 2.5029957707e-08
7.7209472656e+01 3.7800567001e-08 1.3364314818e-08 2.4436252183e-08
7.7270507812e+01 3.6876606433e-08 1.3004923517e-08 2.3871682916e-08
7.7331542969e+01 3.6000252610e-08 1.2662936837e-08 2.3337315773e-08
7.7392578125e+01 3.5174119803e-08 1.2339896769e-08 2.2834223034e-08
7.7453613281e+01 3.4400558122e-08 1.2037196868e-08 2.2363361254e-08
7.7514648438e+01 3.3681465944e-08 1.1756002807e-08 2.1925463137e-08
7.7575683594e+01 3.3018165683e-08 1.1497206005e-08 2.1520959679e-08
7.7636718750e+01 3.2411259962e-08 1.1261356928e-08 2.1149903034e-08
7.7697753906e+01 3.1860404119e-08 1.1048577080e-08 2.0811827039e-08
7.7758789062e+01 3.1364270823e-08 1.0858526897e-08 2.0505743926e-08
7.7819824219e+01 3.0920475976e-08 1.0690369384e-08 2.0230106592e-08
7.7880859375e+01 3.0525528143e-08 1.0542741083e-08 1.9982787060e-08
7.7941894531e+01 3.0174791223e-08 1.0413753982e-08 1.9761037242e-08
7.8002929688e+01 2.9862563436e-08 1.0301020913e-08 1.9561542523e-08
7.8063964844e+01 2.9582146528e-08 1.0201702749e-08 1.9380443780e-08
7.8125000000e+01 2.9325923761e-08 1.0112569575e-08 1.9213354186e-08
7.8186035156e+01 2.9085586256e-08 1.0030105400e-08 1.9055480856e-08
7.8247070312e+01 2.8852353006e-08 9.9506380079e-09 1.8901714998e-08
7.8308105469e+01 2.8617282013e-08 9.8704816209e-09 1.8746800392e-08
7.8369140625e+01 2.8371697774e-08 9.7861038562e-09 1.8585593917e-08
7.8430175781e+01 2.8107628315e-08 9.6943161098e-09 1.8413312205e-08
7.8491210938e+01 2.7818261602e-08 9.5924284016e-09 1.8225833200e-08
7.8552246094e+01 2.7498426501e-08 9.4784068236e-09 1.8020019678e-08
7.8613281250e+01 2.7144972294e-08 9.3509869606e-09 1.7793985333e-08
7.8674316406e+01 2.6757024877e-08 9.2097476224e-09 1.7547277255e-08
7.8735351562e+01 2.6336101694e-08 9.0551231186e-09 1.7280978575e-08
7.8796386719e+01 2.5886015520e-08 8.8883582677e-09 1.6997657252e-08
7.8857421875e+01 2.5412597782e-08 8.7114152589e-09 1.6701182523e-08
7.8918457031e+01 2.4923214606e-08 8.5268105057e-09 1.6396404100e-08
7.8979492188e+01 2.4426163310e-08 8.3374257818e-09 1.6088737529e-08
7.9040527344e+01 2.3930011035e-08 8.1462960851e-09 1.5783714949e-08
7.9101562500e+01 2.3442897858e-08 7.9564004177e-09 1.5486497440e-08
7.9162597656e+01 2.2971949470e-08 7.7704718712e-09 1.5201477599e-08
7.9223632812e+01 2.2522809711e-08 7.5908376681e-09 1.4931972043e-08
7.9284667969e+01 2.2099332769e-08 7.4193126032e-09 1.4680020166e-08
7.9345703125e+01 2.1703509347e-08 7.2571514889e-09 1.4446357858e-08
7.9406738281e+01 2.1335533627e-08 7.1050542004e-09 1.4230479427e-08
7.9467773438e+01 2.0994035361e-08 6.9632039631e-09 1.4030831398e-08
7.9528808594e+01 2.0676393986e-08 6.8313463088e-09 1.3845047677e-08
7.9589843750e+01 2.0379138640e-08 6.7088907101e-09 1.3670247930e-08
7.9650878906e+01 2.0098370705e-08 6.5950219930e-09 1.3503348712e-08
7.9711914062e+01 1.9830083426e-08 6.4887960854e-09 1.3341287341e-08
7.9772949219e+01 1.9570488781e-08 6.3892267606e-09 1.3181262020e-08
7.9833984375e+01 1.9316207838e-08 6.2953487071e-09 1.3020859131e-08
7.9895019531e+01 1.9064448058e-08 6.2062657714e-09 1.2858182286e-08
7.9956054688e+01 1.8813089676e-08 6.1211933214e-09 1.2691896355e-08
8.0017089844e+01 1.8560714033e-08 6.0394593358e-09 1.2521254697e-08
8.0078125000e+01 1.8306545393e-08 5.9605101275e-09 1.2346035266e-08
8.0139160156e+01 1.8050470644e-08 5.8839169174e-09 1.2166553727e-08
8.0200195312e+01 1.7792953443e-08 5.8093666382e-09 1.1983586804e-08
8.0261230469e+01 1.7534915906e-08 5.7366398270e-09 1.1798276079e-08
8.0322265625e+01 1.7277664547e-08 5.6656102990e-09 1.1612054248e-08
8.0383300781e+01 1.7022752360e-08 5.5962156134e-09 1.1426536747e-08
8.0444335938e+01 1.6771838620e-08 5.5284439682e-09 1.1243394652e-08
8.0505371094e+01 1.6526529553e-08 5.4623115617e-09 1.1064217991e-08
8.0566406250e+01 1.6288302404e-08 5.3978602553e-09 1.0890442149e-08
8.0627441406e+01 1.6058345632e-08 5.3351306030e-09 1.0723215028e-08
8.0688476562e+01 1.5837468228e-08 5.2741492680e-09 1.0563318960e-08
8.0749511719e+01 1.5626046892e-08 5.2149284593e-09 1.0411118433e-08
8.0810546875e+01 1.5424036219e-08 5.1574648440e-09 1.0266571375e-08
8.0871582031e+01 1.5230959752e-08 5.1017350051e-09 1.0129224747e-08
8.0932617188e+01 1.5046001313e-08 5.0477060265e-09 9.9982952866e-09
8.0993652344e+01 1.4868093601e-08 4.9953384909e-09 9.8727551098e-09
8.1054687500e+01 1.4696061465e-08 4.9445963670e-09 9.7514650977e-09
8.1115722656e+01 1.4528724367e-08 4.8954630910e-09 9.6332612765e-09
8.1176757812e+01 1.4365033505e-08 4.8479484382e-09 9.5170850669e-09
8.1237792969e+01 1.4204146792e-08 4.8020884456e-09 9.4020583461e-09
8.1298828125e+01 1.4045496377e-08 4.7579591200e-09 9.2875372571e-09
8.1359863281e+01 1.3888835339e-08 4.7156762694e-09 9.1731590700e-09
8.1420898438e+01 1.3734190434e-08 4.6753855057e-09 9.0588049287e-09
8.1481933594e+01 1.3581818430e-08 4.6372556729e-09 8.9445627569e-09
8.1542968750e+01 1.3432161372e-08 4.6014676159e-09 8.8306937560e-09
8.1604003906e+01 1.3285756308e-08 4.5682012523e-09 8.7175550558e-09
8.1665039062e+01 1.3143151471e-08 4.5376196121e-09 8.6055318587e-09
8.1726074219e+01 1.3004849336e-08 4.5098579665e-09 8.4949913697e-09
8.1787109375e+01 1.2871230562e-08 4.4850015872e-09 8.3862289753e-09
8.1848144531e+01 1.2742493072e-08 4.4630678413e-09 8.2794252305e-09
8.1909179688e+01 1.2618643054e-08 4.4439995628e-09 8.1746434908e-09
8.1970214844e+01 1.2499503837e-08 4.4276611547e-09 8.0718426824e-09
8.2031250000e+01 1.2384683703e-08 4.4138188614e-09 7.9708648416e-09
8.2092285156e+01 1.2273586967e-08 4.4021327828e-09 7.8714541845e-09
8.2153320312e+01 1.2165445855e-08 4.3921637298e-09 7.7732821247e-09
8.2214355469e+01 1.2059334175e-08 4.3833658655e-09 7.6759683094e-09
8.2275390625e+01 1.1954182596e-08 4.3750949730e-09 7.5790876231e-09
8.2336425781e+01 1.1848816833e-08 4.3666154490e-09 7.4822013838e-09
8.2397460938e+01 1.1741997456e-08 4.3571177402e-09 7.3848797160e-09
8.2458496094e+01 1.1632415210e-08 4.3457303600e-09 7.2866848500e-09
8.2519531250e+01 1.1518736750e-08 4.3315411883e-09 7.1871955618e-09
8.2580566406e+01 1.1399637824e-08 4.3136227336e-09 7.0860150902e-09
8.2641601562e+01 1.1273820191e-08 4.2910583657e-09 6.9827618250e-09
8.2702636719e+01 1.1140072882e-08 4.2629841817e-09 6.8770887002e-09
8.2763671875e+01 1.0997299851e-08 4.2286150523e-09 6.7686847989e-09
8.2824707031e+01 1.0844596653e-08 4.1872957662e-09 6.6573008870e-09
8.2885742188e+01 1.0681304862e-08 4.1385420905e-09 6.5427627711e-09
8.2946777344e+01 1.0507098811e-08 4.0820840228e-09 6.4250147883e-09
8.3007812500e+01 1.0322036870e-08 4.0179020282e-09 6.3041348422e-09
8.3068847656e+01 1.0126604546e-08 3.9462471654e-09 6.1803573811e-09
8.3129882812e+01 9.9217314802e-09 3.8676510529e-09 6.0540804272e-09
8.3190917969e+01 9.7087844386e-09 3.7829118592e-09 5.9258725795e-09
8.3251953125e+01 9.4894909781e-09 3.6930598730e-09 5.7964311051e-09
8.3312988281e+01 9.2658924208e-09 3.5993195283e-09 5.6665728926e-09
8.3374023438e+01 9.0402208418e-09 3.5030382128e-09 5.5371826290e-09
8.3435058594e+01 8.8147909550e-09 3.4056197185e-09 5.4091712365e-09
8.3496093750e+01 8.5918847867e-09 3.3084474657e-09 5.2834373210e-09
8.3557128906e+01 8.3736336805e-09 3.2128203563e-09 5.1608133242e-09
8.3618164062e+01 8.1619769470e-09 3.1199084225e-09 5.0420685245e-09
8.3679199219e+01 7.9585675484e-09 3.0307047366e-09 4.9278628118e-09
8.3740234375e+01 7.7647730181e-09 2.9460130209e-09 4.8187599972e-09
8.3801269531e+01 7.5816966657e-09 2.8664515326e-09 4.7152451331e-09
8.3862304688e+01 7.4101640793e-09 2.7924575774e-09 4.6177065020e-09
8.3923339844e+01 7.2507793989e-09 2.7243128946e-09 4.5264665043e-09
8.3984375000e+01 7.1039688118e-09 2.6621725818e-09 4.4417962300e-09
8.4045410156e+01 6.9700079838e-09 2.6060894916e-09 4.3639184922e-09
8.4106445312e+01 6.8490698670e-09 2.5560450833e-09 4.2930247838e-09
8.4167480469e+01 6.7412354641e-09 2.5119601382e-09 4.2292753259e-09
8.4228515625e+01 6.6465051370e-09 2.4737043334e-09 4.1728008036e-09
8.4289550781e+01 6.5647901158e-09 2.4410977255e-09 4.1236923904e-09
8.4350585938e+01 6.4958788137e-09 2.4138980234e-09 4.0819807903e-09
8.4411621094e+01 6.4393859425e-09 2.3917801515e-09 4.0476057910e-09
8.4472656250e+01 6.3947149064e-09 2.3743272010e-09 4.0203877054e-09
8.4533691406e+01 6.3610106959e-09 2.3610147966e-09 3.9999958993e-09
8.4594726562e+01 6.3371023220e-09 2.3511979741e-09 3.9859043478e-09
8.4655761719e+01 6.3214720587e-09 2.3441083702e-09 3.9773636885e-09
8.4716796875e+01 6.3122589524e-09 2.3388691824e-09 3.9733897701e-09
8.4777832031e+01 6.3072894065e-09 2.3345185057e-09 3.9727709007e-09
8.4838867188e+01 6.3041506731e-09 2.3300466770e-09 3.9741039961e-09
8.4899902344e+01 6.3002821739e-09 2.3244419240e-09 3.9758402499e-09
8.4960937500e+01 6.2930989668e-09 2.3167412946e-09 3.9763576722e-09
8.5021972656e+01 6.2801237477e-09 2.3060813826e-09 3.9740423650e-09
8.5083007812e+01 6.2591186907e-09 2.2917420381e-09 3.9673766526e-09
8.5144042969e+01 6.2282237031e-09 2.2731885253e-09 3.9550351778e-09
8.5205078125e+01 6.1860368703e-09 2.2500929856e-09 3.9359438848e-09
8.5266113281e+01 6.1316801531e-09 2.2223417081e-09 3.9093384450e-09
8.5327148438e+01 6.0648196561e-09 2.1900286721e-09 3.8747909840e-09
8.5388183594e+01 5.9856465632e-09 2.1534341403e-09 3.8322124229e-09
8.5449218750e+01 5.8948319455e-09 2.1129960700e-09 3.7818358755e-09
8.5510253906e+01 5.7934363538e-09 2.0692687196e-09 3.7241676342e-09
8.5571289062e+01 5.6828300524e-09 2.0228846589e-09 3.6599453934e-09
8.5632324219e+01 5.5645908790e-09 1.9745171009e-09 3.5900737781e-09
8.5693359375e+01 5.4403994093e-09 1.9248412354e-09 3.5155581739e-09
8.5754394531e+01 5.3119559304e-09 1.8745039212e-09 3.4374520092e-09
8.5815429688e+01 5.1809046995e-09 1.8241014038e-09 3.3568032957e-09
8.5876464844e+01 5.0487708285e-09 1.7741611726e-09 3.2746096559e-09
8.5937500000e+01 4.9169232537e-09 1.7251321305e-09 3.1917911232e-09
8.5998535156e+01 4.7865513914e-09 1.6773802671e-09 3.1091711243e-09
8.6059570312e+01 4.6586486300e-09 1.6311883165e-09 3.0274603135e-09
8.6120605469e+01 4.5340174185e-09 1.5867620658e-09 2.9472553527e-09
8.6181640625e+01 4.4132786251e-09 1.5442393178e-09 2.8690393073e-09
8.6242675781e+01 4.2968875204e-09 1.5036984744e-09 2.7931890460e-09
8.6303710938e+01 4.1851541495e-09 1.4651706612e-09 2.7199834883e-09
8.6364746094e+01 4.0782646137e-09 1.4286497762e-09 2.6496148375e-09
8.6425781250e+01 3.9763064590e-09 1.3941043610e-09 2.5822020980e-09
8.6486816406e+01 3.8792973064e-09 1.3614884144e-09 2.5178088920e-09
8.6547851562e+01 3.7872103277e-09 1.3307501822e-09 2.4564601454e-09
8.6608886719e+01 3.7000058499e-09 1.3018419101e-09 2.3981639398e-09
8.6669921875e+01 3.6176511897e-09 1.2747249732e-09 2.3429262165e-09
8.6730957031e+01 3.5401208467e-09 1.2493678979e-09 2.2907529488e-09
8.6791992188e+01 3.4674180660e-09 1.2257518550e-09 2.2416662110e-09
8.6853027344e+01 3.3995544025e-09 1.2038618260e-09 2.1956925766e-09
8.6914062500e+01 3.3365433131e-09 1.1836822337e-09 2.1528610793e-09
8.6975097656e+01 3.2783990416e-09 1.1651979436e-09 2.1132010980e-09
8.7036132812e+01 3.2250910344e-09 1.1483779621e-09 2.0767130723e-09
8.7097167969e+01 3.1765309537e-09 1.1331706432e-09 2.0433603106e-09
8.7158203125e+01 3.1325476005e-09 1.1194964400e-09 2.0130511605e-09
8.7219238281e+01 3.0928764862e-09 1.1072445951e-09 1.9856318910e-09
8.7280273438e+01 3.0571546558e-09 1.0962713313e-09 1.9608833245e-09
8.7341308594e+01 3.0249223197e-09 1.0863999567e-09 1.9385223630e-09
8.7402343750e+01 2.9956426078e-09 1.0774285116e-09 1.9182140962e-09
8.7463378906e+01 2.9687247337e-09 1.0691365174e-09 1.8995882163e-09
8.7524414062e+01 2.9435491669e-09 1.0612929408e-09 1.8822562262e-09
8.7585449219e+01 2.9195009635e-09 1.0536674499e-09 1.8658335136e-09
8.7646484375e+01 2.8959977510e-09 1.0460414289e-09 1.8499563221e-09
8.7707519531e+01 2.8725300487e-09 1.0382216742e-09 1.8343083744e-09
8.7768554688e+01 2.8486754094e-09 1.0300466990e-09 1.8186287105e-09
8.7829589844e+01 2.8241112062e-09 1.0213922314e-09 1.8027189748e-09
8.7890625000e+01 2.7986199315e-09 1.0121740770e-09 1.7864458545e-09
8.7951660156e+01 2.7720826763e-09 1.0023485577e-09 1.7697341185e-09
8.8012695312e+01 2.7444695014e-09 9.9190866434e-10 1.7525608371e-09
8.8073730469e+01 2.7158210262e-09 9.8087890772e-10 1.7349421185e-09
8.8134765625e+01 2.6862281547e-09 9.6930803986e-10 1.7169201148e-09
8.8195800781e+01 2.6558158259e-09 9.5726250761e-10 1.6985533183e-09
8.8256835938e+01 2.6247251440e-09 9.4481978454e-10 1.6799053594e-09
8.8317871094e+01 2.5931056798e-09 9.3206367674e-10 1.6610420030e-09
8.8378906250e+01 2.5611057538e-09 9.1908045284e-10 1.6420253009e-09
8.8439941406e+01 2.5288707354e-09 9.0595654804e-10 1.6229141874e-09
8.8500976562e+01 2.4965443144e-09 8.9277726937e-10 1.6037670451e-09
8.8562011719e+01 2.4642640954e-09 8.7962447553e-10 1.5846396199e-09
8.8623046875e+01 2.4321647565e-09 8.6657589770e-10 1.5655888588e-09
8.8684082031e+01 2.4003749977e-09 8.5370354160e-10 1.5466714561e-09
8.8745117188e+01 2.3690132231e-09 8.4107045709e-10 1.5279427660e-09
8.8806152344e+01 2.3381881926e-09 8.2873022092e-10 1.5094579717e-09
8.8867187500e+01 2.3079944534e-09 8.1672506655e-10 1.4912693869e-09
8.8928222656e+01 2.2785120992e-09 8.0508528868e-10 1.4734268105e-09
8.8989257812e+01 2.2498079143e-09 7.9382993836e-10 1.4559779759e-09
8.9050292969e+01 2.2219357063e-09 7.8296829971e-10 1.4389674066e-09
8.9111328125e+01 2.1949403343e-09 7.7250165461e-10 1.4224386797e-09
8.9172363281e+01 2.1688553030e-09 7.6242444179e-10 1.4064308613e-09
8.9233398438e+01 2.1437081544e-09 7.5272841344e-10 1.3909797410e-09
8.9294433594e+01 2.1195187567e-09 7.4340308852e-10 1.3761156682e-09
8.9355468750e+01 2.0962980000e-09 7.3443710000e-10 1.3618609000e-09
8.9416503906e+01 2.0740475424e-09 7.2581958841e-10 1.3482279540e-09
8.9477539062e+01 2.0527559464e-09 7.1753817645e-10 1.3352177699e-09
8.9538574219e+01 2.0323973619e-09 7.0957954812e-10 1.3228178138e-09
8.9599609375e+01 2.0129322778e-09 7.0192866572e-10 1.3110036121e-09
8.9660644531e+01 1.9943068749e-09 6.9456769342e-10 1.2997391815e-09
8.9721679688e+01 1.9764571958e-09 6.8747644141e-10 1.2889807544e-09
8.9782714844e+01 1.9593145034e-09 6.8063328843e-10 1.2786812149e-09
8.9843750000e+01 1.9428036806e-09 6.7401358159e-10 1.2687900991e-09
8.9904785156e+01 1.9268508268e-09 6.6759204721e-10 1.2592587796e-09
8.9965820312e+01 1.9113884074e-09 6.6134486006e-10 1.2500435473e-09
9.0026855469e+01 1.8963557837e-09 6.5524969178e-10 1.2411060919e-09
9.0087890625e+01 1.8816973642e-09 6.4928518879e-10 1.2324121754e-09
9.0148925781e+01 1.8673692541e-09 6.4343444589e-10 1.2239348082e-09
9.0209960938e+01 1.8533383078e-09 6.3768502003e-10 1.2156532877e-09
9.0270996094e+01 1.8395792837e-09 6.3202806555e-10 1.2075512182e-09
9.0332031250e+01 1.8260760319e-09 6.2645878146e-10 1.1996172504e-09
9.0393066406e+01 1.8128197039e-09 6.2097561843e-10 1.1918440855e-09
9.0454101562e+01 1.7998081647e-09 6.1557963623e-10 1.1842285284e-09
9.0515136719e+01 1.7870445237e-09 6.1027335358e-10 1.1767711701e-09
9.0576171875e+01 1.7745347212e-09 6.0505929639e-10 1.1694754248e-09
9.0637207031e+01 1.7622859950e-09 5.9993934373e-10 1.1623466513e-09
9.0698242188e+01 1.7503035014e-09 5.9491297555e-10 1.1553905259e-09
9.0759277344e+01 1.7385882922e-09 5.8997693407e-10 1.1486113581e-09
9.0820312500e+01 1.7271349563e-09 5.8512479002e-10 1.1420101662e-09
9.0881347656e+01 1.7159319378e-09 5.8034799338e-10 1.1355839444e-09
9.0942382812e+01 1.7049595593e-09 5.7563554675e-10 1.1293240125e-09
9.1003417969e+01 1.6941894408e-09 5.7097478017e-10 1.1232146606e-09
9.1064453125e+01 1.6835857830e-09 5.6635256481e-10 1.1172332182e-09
9.1125488281e+01 1.6731075297e-09 5.6175660879e-10 1.1113509209e-09
9.1186523438e+01 1.6627097515e-09 5.5717611542e-10 1.1055336360e-09
9.1247558594e+01 1.6523474458e-09 5.5260299431e-10 1.0997444515e-09
9.1308593750e+01 1.6419779481e-09 5.4803230421e-10 1.0939456439e-09
9.1369628906e+01 1.6315633168e-09 5.4346228418e-10 1.0881010326e-09
9.1430664062e+01 1.6210738177e-09 5.3889431434e-10 1.0821795034e-09
9.1491699219e+01 1.6104903059e-09 5.3433301884e-10 1.0761572871e-09
9.1552734375e+01 1.5998052903e-09 5.2978556550e-10 1.0700197248e-09
9.1613769531e+01 1.5890234058e-09 5.2526085018e-10 1.0637625557e-09
9.1674804688e+01 1.5781613688e-09 5.2076900439e-10 1.0573923644e-09
9.1735839844e+01 1.5672462351e-09 5.1632090628e-10 1.0509253288e-09
9.1796875000e+01 1.5563133849e-09 5.1192736522e-10 1.0443860197e-09
9.1857910156e+01 1.5454022453e-09 5.0759847277e-10 1.0378037725e-09
9.1918945312e+01 1.5345530532e-09 5.0334313255e-10 1.0312099206e-09
9.1979980469e+01 1.5238022749e-09 4.9916808442e-10 1.0246341905e-09
9.2041015625e+01 1.5131800916e-09 4.9507833312e-10 1.0181017585e-09
9.2102050781e+01 1.5027067765e-09 4.9107619644e-10 1.0116305801e-09
9.2163085938e+01 1.4923895401e-09 4.8716084683e-10 1.0052286933e-09
9.2224121094e+01 1.4822215496e-09 4.8332860102e-10 9.9889294862e-10
9.2285156250e+01 1.4721822152e-09 4.7957239359e-10 9.9260982161e-10
9.2346191406e+01 1.4622367052e-09 4.7588172974e-10 9.8635497551e-10
9.2407226562e+01 1.4523379346e-09 4.7224292239e-10 9.8009501217e-10
9.2468261719e+01 1.4424298200e-09 4.6863948410e-10 9.7379033588e-10
9.2529296875e+01 1.4324503909e-09 4.6505259698e-10 9.6739779391e-10
9.2590332031e+01 1.4223361924e-09 4.6146244088e-10 9.6087375150e-10
9.2651367188e+01 1.4120268778e-09 4.5784885680e-10 9.5417802102e-10
9.2712402344e+01 1.4014688054e-09 4.5419254551e-10 9.4727625989e-10
9.2773437500e+01 1.3906200088e-09 4.5047668743e-10 9.4014332140e-10
9.2834472656e+01 1.3794522392e-09 4.4668779899e-10 9.3276444021e-10
9.2895507812e+01 1.3679538403e-09 4.4281686199e-10 9.2513697827e-10
9.2956542969e+01 1.3561294127e-09 4.3885963909e-10 9.1726977362e-10
9.3017578125e+01 1.3440006751e-09 4.3481739404e-10 9.0918328105e-10
9.3078613281e+01 1.3316035857e-09 4.3069613667e-10 9.0090744908e-10
9.3139648438e+01 1.3189874521e-09 4.2650662435e-10 8.9248082778e-10
9.3200683594e+01 1.3062114985e-09 4.2226352584e-10 8.8394797264e-10
9.3261718750e+01 1.2933409679e-09 4.1798392475e-10 8.7535704311e-10
9.3322753906e+01 1.2804448286e-09 4.1368677714e-10 8.6675805142e-10
9.3383789062e+01 1.2675916317e-09 4.0939143747e-10 8.5820019419e-10
9.3444824219e+01 1.2548460520e-09 4.0511652156e-10 8.4972953046e-10
9.3505859375e+01 1.2422649851e-09 4.0087880552e-10 8.4138617959e-10
9.3566894531e+01 1.2298939619e-09 3.9669212606e-10 8.3320183585e-10
9.3627929688e+01 1.2177643917e-09 3.9256650738e-10 8.2519788435e-10
9.3688964844e+01 1.2058927856e-09 3.8850848434e-10 8.1738430126e-10
9.3750000000e+01 1.1942790525e-09 3.8452035420e-10 8.0975869832e-10
9.3811035156e+01 1.1829077634e-09 3.8060061606e-10 8.0230714730e-10
9.3872070312e+01 1.1717513243e-09 3.7674488526e-10 7.9500643904e-10
9.3933105469e+01 1.1607730488e-09 3.7294653198e-10 7.8782651678e-10
9.3994140625e+01 1.1499327837e-09 3.6919805487e-10 7.8073472886e-10
9.4055175781e+01 1.1391914468e-09 3.6549207486e-10 7.7369937193e-10
9.4116210938e+01 1.1285169981e-09 3.6182278128e-10 7.6669421677e-10
9.4177246094e+01 1.1178873692e-09 3.5818618801e-10 7.5970118117e-10
9.4238281250e+01 1.1072929505e-09 3.5458090632e-10 7.5271204421e-10
9.4299316406e+01 1.0967368586e-09 3.5100800690e-10 7.4572885173e-10
9.4360351562e+01 1.0862323886e-09 3.4747023531e-10 7.3876215328e-10
9.4421386719e+01 1.0758006712e-09 3.4397170154e-10 7.3182896965e-10
9.4482421875e+01 1.0654657175e-09 3.4051657930e-10 7.2494913815e-10
9.4543457031e+01 1.0552504585e-09 3.3710843304e-10 7.1814202544e-10
9.4604492188e+01 1.0451735244e-09 3.3374960776e-10 7.1142391662e-10
9.4665527344e+01 1.0352456079e-09 3.3044053639e-10 7.0480507152e-10
9.4726562500e+01 1.0254686937e-09 3.2717984696e-10 6.9828884678e-10
9.4787597656e+01 1.0158366550e-09 3.2396470927e-10 6.9187194572e-10
9.4848632812e+01 1.0063355638e-09 3.2079089226e-10 6.8554467159e-10
9.4909667969e+01 9.9694631891e-10 3.1765336469e-10 6.7929295422e-10
9.4970703125e+01 9.8764632290e-10 3.1454649783e-10 6.7309982507e-10
9.5031738281e+01 9.7841151656e-10 3.1146452791e-10 6.6694698865e-10
9.5092773438e+01 9.6921807559e-10 3.0840157210e-10 6.6081650350e-10
9.5153808594e+01 9.6004363759e-10 3.0535154056e-10 6.5469209703e-10
9.5214843750e+01 9.5086732942e-10 3.0230811017e-10 6.4855921925e-10
9.5275878906e+01 9.4167081571e-10 2.9926473976e-10 6.4240607594e-10
9.5336914062e+01 9.3243815281e-10 2.9621487956e-10 6.3622327324e-10
9.5397949219e+01 9.2315596795e-10 2.9315223648e-10 6.3000373148e-10
9.5458984375e+01 9.1381382552e-10 2.9007116308e-10 6.2374266244e-10
9.5520019531e+01 9.0440518726e-10 2.8696741587e-10 6.1743777139e-10
9.5581054688e+01 8.9492629674e-10 2.8383807561e-10 6.1108822112e-10
9.5642089844e+01 8.8537697594e-10 2.8068232904e-10 6.0469464690e-10
9.5703125000e+01 8.7575919827e-10 2.7750101241e-10 5.9825818586e-10
9.5764160156e+01 8.6607721943e-10 2.7429649147e-10 5.9178072796e-10
9.5825195312e+01 8.5633653797e-10 2.7107226650e-10 5.8526427148e-10
9.5886230469e+01 8.4654256239e-10 2.6783220806e-10 5.7871035433e-10
9.5947265625e+01 8.3670091887e-10 2.6458014164e-10 5.7212077722e-10
9.6008300781e+01 8.2681596449e-10 2.6131908141e-10 5.6549688308e-10
9.6069335938e+01 8.1689133828e-10 2.5805111448e-10 5.5884022381e-10
9.6130371094e+01 8.0693022239e-10 2.5477754941e-10 5.5215267298e-10
9.6191406250e+01 7.9693609726e-10 2.5149898550e-10 5.4543711176e-10
9.6252441406e+01 7.8691294355e-10 2.4821579932e-10 5.3869714423e-10
9.6313476562e+01 7.7686571403e-10 2.4492851092e-10 5.3193720311e-10
9.6374511719e+01 7.6680072994e-10 2.4163827277e-10 5.2516245717e-10
9.6435546875e+01 7.5672629041e-10 2.3834735952e-10 5.1837893089e-10
9.6496582031e+01 7.4665253865e-10 2.3505934826e-10 5.1159319038e-10
9.6557617188e+01 7.3659112910e-10 2.3177901218e-10 5.0481211692e-10
9.6618652344e+01 7.2655610901e-10 2.2851244039e-10 4.9804366862e-10
9.6679687500e+01 7.1656354633e-10 2.2526685631e-10 4.9129669001e-10
9.6740722656e+01 7.0663141708e-10 2.2205034083e-10 4.8458107626e-10
9.6801757812e+01 6.9677915041e-10 2.1887113718e-10 4.7790801323e-10
9.6862792969e+01 6.8702795640e-10 2.1573765997e-10 4.7129029644e-10
9.6923828125e+01 6.7739958059e-10 2.1265781470e-10 4.6474176588e-10
9.6984863281e+01 6.6791509533e-10 2.0963850298e-10 4.5827659235e-10
9.7045898438e+01 6.5859433982e-10 2.0668532879e-10 4.5190901103e-10
9.7106933594e+01 6.4945330044e-10 2.0380198059e-10 4.4565131986e-10
9.7167968750e+01 6.4050342331e-10 2.0099013403e-10 4.3951328927e-10
9.7229003906e+01 6.3174979488e-10 1.9824908841e-10 4.3350070648e-10
9.7290039062e+01 6.2319024664e-10 1.9557592449e-10 4.2761432215e-10
9.7351074219e+01 6.1481573248e-10 1.9296566310e-10 4.2185006939e-10
9.7412109375e+01 6.0661074432e-10 1.9041185180e-10 4.1619889252e-10
9.7473144531e+01 5.9855484805e-10 1.8790712970e-10 4.1064771834e-10
9.7534179688e+01 5.9062469024e-10 1.8544386609e-10 4.0518082415e-10
9.7595214844e+01 5.8279636264e-10 1.8301490945e-10 3.9978145319e-10
9.7656250000e+01 5.7504814666e-10 1.8061426620e-10 3.9443388046e-10
9.7717285156e+01 5.6736215627e-10 1.7823745243e-10 3.8912470384e-10
9.7778320312e+01 5.5972666387e-10 1.7588189994e-10 3.8384476393e-10
9.7839355469e+01 5.5213671677e-10 1.7354699875e-10 3.7858971802e-10
9.7900390625e+01 5.4459389255e-10 1.7123379953e-10 3.7336009303e-10
9.7961425781e+01 5.3710616515e-10 1.6894484261e-10 3.6816132254e-10
9.8022460938e+01 5.2968611046e-10 1.6668364557e-10 3.6300246489e-10
9.8083496094e+01 5.2234985071e-10 1.6445441553e-10 3.5789543517e-10
9.8144531250e+01 5.1511451277e-10 1.6226132340e-10 3.5285318937e-10
9.8205566406e+01 5.0799592512e-10 1.6010800082e-10 3.4788792430e-10
9.8266601562e+01 5.0100677943e-10 1.5799713006e-10 3.4300964937e-10
9.8327636719e+01 4.9415564036e-10 1.5593022757e-10 3.3822541279e-10
9.8388671875e+01 4.8744534548e-10 1.5390735086e-10 3.3353799462e-10
9.8449707031e+01 4.8087276661e-10 1.5192693659e-10 3.2894583003e-10
9.8510742188e+01 4.7442867698e-10 1.4998590102e-10 3.2444277596e-10
9.8571777344e+01 4.6809889186e-10 1.4807984896e-10 3.2001904290e-10
9.8632812500e+01 4.6186493759e-10 1.4620333580e-10 3.1566160179e-10
9.8693847656e+01 4.5570576995e-10 1.4435026506e-10 3.1135550488e-10
9.8754882812e+01 4.4959948580e-10 1.4251428788e-10 3.0708519792e-10
9.8815917969e+01 4.4352550452e-10 1.4068945452e-10 3.0283605000e-10
9.8876953125e+01 4.3746574347e-10 1.3887056381e-10 2.9859517966e-10
9.8937988281e+01 4.3140633985e-10 1.3705349792e-10 2.9435284193e-10
9.8999023438e+01 4.2533877659e-10 1.3523564815e-10 2.9010312844e-10
9.9060058594e+01 4.1926039506e-10 1.3341605006e-10 2.8584434500e-10
9.9121093750e+01 4.1317464950e-10 1.3159545949e-10 2.8157919001e-10
9.9182128906e+01 4.0709090214e-10 1.2977635321e-10 2.7731454894e-10
9.9243164062e+01 4.0102320657e-10 1.2796258891e-10 2.7306061766e-10
9.9304199219e+01 3.9498918081e-10 1.2615917068e-10 2.6883001012e-10
9.9365234375e+01 3.8900921539e-10 1.2437200646e-10 2.6463720893e-10
9.9426269531e+01 3.8310449511e-10 1.2260740955e-10 2.6049708555e-10
9.9487304688e+01 3.7729534854e-10 1.2087162903e-10 2.5642371951e-10
9.9548339844e+01 3.7160012284e-10 1.1917056877e-10 2.5242955407e-10
9.9609375000e+01 3.6603404221e-10 1.1750935079e-10 2.4852469142e-10
9.9670410156e+01 3.6060827266e-10 1.1589200443e-10 2.4471626823e-10
9.9731445312e+01 3.5532979052e-10 1.1432142999e-10 2.4100836053e-10
9.9792480469e+01 3.5020110618e-10 1.1279914393e-10 2.3740196225e-10
9.9853515625e+01 3.4522085110e-10 1.1132531998e-10 2.3389553112e-10
9.9914550781e+01 3.4038485783e-10 1.0989911448e-10 2.3048574334e-10
9.9975585938e+01 3.3568655807e-10 1.0851860152e-10 2.2716795655e-10
1.0003662109e+02 3.3111795150e-10 1.0718100380e-10 2.2393694770e-10
1.0009765625e+02 3.2667067026e-10 1.0588297046e-10 2.2078769980e-10
1.0015869141e+02 3.2233614868e-10 1.0462066121e-10 2.1771548746e-10
1.0021972656e+02 3.1810654134e-10 1.0339003790e-10 2.1471650344e-10
1.0028076172e+02 3.1397462760e-10 1.0218700678e-10 2.1178762083e-10
1.0034179688e+02 3.0993412953e-10 1.0100764447e-10 2.0892648505e-10
1.0040283203e+02 3.0597932784e-10 9.9848239421e-11 2.0613108842e-10
1.0046386719e+02 3.0210515642e-10 9.8705587376e-11 2.0339956905e-10
1.0052490234e+02 2.9830691651e-10 9.7577009002e-11 2.0072990751e-10
1.0058593750e+02 2.9458020956e-10 9.6460411817e-11 1.9811979774e-10
1.0064697266e+02 2.9092099427e-10 9.5354401320e-11 1.9556659295e-10
1.0070800781e+02 2.8732576593e-10 9.4258266993e-11 1.9306749893e-10
1.0076904297e+02 2.8379130588e-10 9.3171809316e-11 1.9061949656e-10
1.0083007812e+02 2.8031509773e-10 9.2095261885e-11 1.8821983585e-10
1.0089111328e+02 2.7689497316e-10 9.1029082301e-11 1.8586589085e-10
1.0095214844e+02 2.7352906140e-10 8.9973681978e-11 1.8355537942e-10
1.0101318359e+02 2.7021557231e-10 8.8929205969e-11 1.8128636634e-10
1.0107421875e+02 2.6695243319e-10 8.7895411893e-11 1.7905702129e-10
1.0113525391e+02 2.6373682875e-10 8.6871425176e-11 1.7686540357e-10
1.0119628906e+02 2.6056515780e-10 8.5855765629e-11 1.7470939217e-10
1.0125732422e+02 2.5743282208e-10 8.4846422220e-11 1.7258639986e-10
1.0131835938e+02 2.5433419667e-10 8.3840922026e-11 1.7049327464e-10
1.0137939453e+02 2.5126284456e-10 8.2836549191e-11 1.6842629537e-10
1.0144042969e+02 2.4821166620e-10 8.1830498758e-11 1.6638116744e-10
1.0150146484e+02 2.4517366675e-10 8.0820197368e-11 1.6435346938e-10
1.0156250000e+02 2.4214221037e-10 7.9803450535e-11 1.6233875984e-10
1.0162353516e+02 2.3911142993e-10 7.8778579015e-11 1.6033285091e-10
1.0168457031e+02 2.3607659119e-10 7.7744521355e-11 1.5833206984e-10
1.0174560547e+02 2.3303471942e-10 7.6700977992e-11 1.5633374143e-10
1.0180664062e+02 2.2998436480e-10 7.5648327739e-11 1.5433603707e-10
1.0186767578e+02 2.2692578960e-10 7.4587600232e-11 1.5233818937e-10
1.0192871094e+02 2.2386091911e-10 7.3520421186e-11 1.5034049793e-10
1.0198974609e+02 2.2079315749e-10 7.2448944550e-11 1.4834421294e-10
1.0205078125e+02 2.1772740053e-10 7.1375840962e-11 1.4635155957e-10
1.0211181641e+02 2.1466980251e-10 7.0304174634e-11 1.4436562788e-10
1.0217285156e+02 2.1162749669e-10 6.9237330904e-11 1.4239016578e-10
1.0223388672e+02 2.0860844028e-10 6.8178940436e-11 1.4042949984e-10
1.0229492188e+02 2.0562104444e-10 6.7132759279e-11 1.3848828516e-10
1.0235595703e+02 2.0267397710e-10 6.6102551826e-11 1.3657142528e-10
1.0241699219e+02 1.9977587568e-10 6.5091980324e-11 1.3468389536e-10
1.0247802734e+02 1.9693472149e-10 6.4104362516e-11 1.3283035897e-10
1.0253906250e+02 1.9415782122e-10 6.3142672422e-11 1.3101514880e-10
1.0260009766e+02 1.9145148760e-10 6.2209370560e-11 1.2924211704e-10
1.0266113281e+02 1.8882039555e-10 6.1306218083e-11 1.2751417747e-10
1.0272216797e+02 1.8626779300e-10 6.0434367164e-11 1.2583342584e-10
1.0278320312e+02 1.8379527530e-10 5.9594294964e-11 1.2420098033e-10
1.0284423828e+02 1.8140244666e-10 5.8785736426e-11 1.2261671023e-10
1.0290527344e+02 1.7908733799e-10 5.8007869987e-11 1.2107946800e-10
1.0296630859e+02 1.7684647325e-10 5.7259372055e-11 1.1958710120e-10
1.0302734375e+02 1.7467512399e-10 5.6538499710e-11 1.1813662428e-10
1.0308837891e+02 1.7256784690e-10 5.5843307554e-11 1.1672453935e-10
1.0314941406e+02 1.7051910000e-10 5.5171834707e-11 1.1534726530e-10
1.0321044922e+02 1.6852373334e-10 5.4522233322e-11 1.1400150001e-10
1.0327148438e+02 1.6657754067e-10 5.3892903689e-11 1.1268463698e-10
1.0333251953e+02 1.6467788361e-10 5.3282652521e-11 1.1139523109e-10
1.0339355469e+02 1.6282381282e-10 5.2690720986e-11 1.1013309183e-10
1.0345458984e+02 1.6101625776e-10 5.2116804825e-11 1.0889945293e-10
1.0351562500e+02 1.5925795675e-10 5.1561051847e-11 1.0769690491e-10
1.0357666016e+02 1.5755280355e-10 5.1023868117e-11 1.0652893544e-10
1.0363769531e+02 1.5590560256e-10 5.0505907049e-11 1.0539969551e-10
1.0369873047e+02 1.5432144095e-10 5.0007948345e-11 1.0431349261e-10
1.0375976562e+02 1.5280480557e-10 4.9530672427e-11 1.0327413314e-10
1.0382080078e+02 1.5135898371e-10 4.9074546456e-11 1.0228443726e-10
1.0388183594e+02 1.4998577066e-10 4.8639797995e-11 1.0134597267e-10
1.0394287109e+02 1.4868516915e-10 4.8226367790e-11 1.0045880136e-10
1.0400390625e+02 1.4745531773e-10 4.7833853240e-11 9.9621464493e-11
1.0406494141e+02 1.4629253655e-10 4.7461534149e-11 9.8831002396e-11
1.0412597656e+02 1.4519165442e-10 4.7108421062e-11 9.8083233362e-11
1.0418701172e+02 1.4414621790e-10 4.6773240792e-11 9.7372977105e-11
1.0424804688e+02 1.4314897896e-10 4.6454553878e-11 9.6694425085e-11
1.0430908203e+02 1.4219224439e-10 4.6150800788e-11 9.6041443598e-11
1.0437011719e+02 1.4126823096e-10 4.5860322753e-11 9.5407908208e-11
1.0443115234e+02 1.4036936669e-10 4.5581435109e-11 9.4787931580e-11
1.0449218750e+02 1.3948867184e-10 4.5312520479e-11 9.4176151366e-11
1.0455322266e+02 1.3861994936e-10 4.5052030850e-11 9.3567918507e-11
1.0461425781e+02 1.3775787012e-10 4.4798550911e-11 9.2959319205e-11
1.0467529297e+02 1.3689830130e-10 4.4550878993e-11 9.2347422310e-11
1.0473632812e+02 1.3603830572e-10 4.4308030060e-11 9.1730275658e-11
1.0479736328e+02 1.3517600963e-10 4.4069208671e-11 9.1106800960e-11
1.0485839844e+02 1.3431064576e-10 4.3833838805e-11 9.0476806958e-11
1.0491943359e+02 1.3344232817e-10 4.3601507746e-11 8.9840820421e-11
1.0498046875e+02 1.3257181365e-10 4.3371904790e-11 8.9199908858e-11
1.0504150391e+02 1.3170029227e-10 4.3144790654e-11 8.8555501621e-11
1.0510253906e+02 1.3082923056e-10 4.2919959369e-11 8.7909271190e-11
1.0516357422e+02 1.2996017467e-10 4.2697190942e-11 8.7262983723e-11
1.0522460938e+02 1.2909466979e-10 4.2476257034e-11 8.6618412757e-11
1.0528564453e+02 1.2823422073e-10 4.2256920239e-11 8.5977300494e-11
1.0534667969e+02 1.2738031801e-10 4.2038980539e-11 8.5341337469e-11
1.0540771484e+02 1.2653457566e-10 4.1822312692e-11 8.4712262972e-11
1.0546875000e+02 1.2569865966e-10 4.1606869803e-11 8.4091789862e-11
1.0552978516e+02 1.2487429699e-10 4.1392687229e-11 8.3481609762e-11
1.0559082031e+02 1.2406321312e-10 4.1179882973e-11 8.2883330150e-11
1.0565185547e+02 1.2326694240e-10 4.0968584487e-11 8.2298357914e-11
1.0571289062e+02 1.2248667788e-10 4.0758896839e-11 8.1727781045e-11
1.0577392578e+02 1.2172293278e-10 4.0550770400e-11 8.1172162384e-11
1.0583496094e+02 1.2097538247e-10 4.0343945368e-11 8.0631437099e-11
1.0589599609e+02 1.2024272002e-10 4.0137914095e-11 8.0104805924e-11
1.0595703125e+02 1.1952262304e-10 3.9931875416e-11 7.9590747623e-11
1.0601806641e+02 1.1881185871e-10 3.9724772845e-11 7.9087085863e-11
1.0607910156e+02 1.1810663229e-10 3.9515412575e-11 7.8591219713e-11
1.0614013672e+02 1.1740289875e-10 3.9302545910e-11 7.8100352838e-11
1.0620117188e+02 1.1669690964e-10 3.9085057633e-11 7.7611852009e-11
1.0626220703e+02 1.1598563178e-10 3.8862100197e-11 7.7123531585e-11
1.0632324219e+02 1.1526717566e-10 3.8633246419e-11 7.6633929239e-11
1.0638427734e+02 1.1454115364e-10 3.8398599279e-11 7.6142554366e-11
1.0644531250e+02 1.1380862615e-10 3.8158778614e-11 7.5649847540e-11
1.0650634766e+02 1.1307216365e-10 3.7914957656e-11 7.5157205991e-11
1.0656738281e+02 1.1233549085e-10 3.7668728571e-11 7.4666762277e-11
1.0662841797e+02 1.1160303136e-10 3.7421956199e-11 7.4181075165e-11
1.0668945312e+02 1.1087953354e-10 3.7176645739e-11 7.3702887801e-11
1.0675048828e+02 1.1016946355e-10 3.6934727476e-11 7.3234736079e-11
1.0681152344e+02 1.0947656853e-10 3.6697910053e-11 7.2778658476e-11
1.0687255859e+02 1.0880360196e-10 3.6467581729e-11 7.2336020235e-11
1.0693359375e+02 1.0815216103e-10 3.6244725874e-11 7.1907435154e-11
1.0699462891e+02 1.0752266766e-10 3.6029901737e-11 7.1492765926e-11
1.0705566406e+02 1.0691453656e-10 3.5823292200e-11 7.1091244363e-11
1.0711669922e+02 1.0632636018e-10 3.5624741950e-11 7.0701618227e-11
1.0717773438e+02 1.0575617207e-10 3.5433826243e-11 7.0322345832e-11
1.0723876953e+02 1.0520169121e-10 3.5249922527e-11 6.9951768688e-11
1.0729980469e+02 1.0466054808e-10 3.5072276223e-11 6.9588271856e-11
1.0736083984e+02 1.0413039352e-10 3.4900035279e-11 6.9230358237e-11
1.0742187500e+02 1.0360893245e-10 3.4732269669e-11 6.8876662776e-11
1.0748291016e+02 1.0309398735e-10 3.4568006475e-11 6.8525980872e-11
1.0754394531e+02 1.0258343761e-10 3.4406229384e-11 6.8177208225e-11
1.0760498047e+02 1.0207514482e-10 3.4245866543e-11 6.7829278275e-11
1.0766601562e+02 1.0156702288e-10 3.4085851095e-11 6.7481171786e-11
1.0772705078e+02 1.0105705975e-10 3.3925136871e-11 6.7131922874e-11
1.0778808594e+02 1.0054329924e-10 3.3762710224e-11 6.6780589013e-11
1.0784912109e+02 1.0002396734e-10 3.3597646741e-11 6.6426320595e-11
1.0791015625e+02 9.9497660567e-11 3.3429180342e-11 6.6068480225e-11
1.0797119141e+02 9.8963387261e-11 3.3256715780e-11 6.5706671481e-11
1.0803222656e+02 9.8420727801e-11 3.3079889698e-11 6.5340838103e-11
1.0809326172e+02 9.7869830889e-11 3.2898569633e-11 6.4971261257e-11
1.0815429688e+02 9.7311364515e-11 3.2712832694e-11 6.4598531820e-11
1.0821533203e+02 9.6746497398e-11 3.2522981791e-11 6.4223515606e-11
1.0827636719e+02 9.6176885032e-11 3.2329534778e-11 6.3847350254e-11
1.0833740234e+02 9.5604492599e-11 3.2133183734e-11 6.3471308865e-11
1.0839843750e+02 9.5031486337e-11 3.1934755310e-11 6.3096731027e-11
1.0845947266e+02 9.4460120205e-11 3.1735173594e-11 6.2724946611e-11
1.0852050781e+02 9.3892627672e-11 3.1535418645e-11 6.2357209027e-11
1.0858154297e+02 9.3331203892e-11 3.1336500647e-11 6.1994703245e-11
1.0864257812e+02 9.2777890453e-11 3.1139399882e-11 6.1638490572e-11
1.0870361328e+02 9.2234537247e-11 3.0945026618e-11 6.1289510629e-11
1.0876464844e+02 9.1702784421e-11 3.0754194348e-11 6.0948590073e-11
1.0882568359e+02 9.1183948539e-11 3.0567552117e-11 6.0616396422e-11
1.0888671875e+02 9.0679047229e-11 3.0385580566e-11 6.0293466663e-11
1.0894775391e+02 9.0188704881e-11 3.0208563718e-11 5.9980141163e-11
1.0900878906e+02 8.9713109327e-11 3.0036567881e-11 5.9676541446e-11
1.0906982422e+02 8.9251986484e-11 2.9869446786e-11 5.9382539698e-11
1.0913085938e+02 8.8804640175e-11 2.9706888470e-11 5.9097751705e-11
1.0919189453e+02 8.8369912783e-11 2.9548409591e-11 5.8821503192e-11
1.0925292969e+02 8.7946325982e-11 2.9393447681e-11 5.8552878301e-11
1.0931396484e+02 8.7532089752e-11 2.9241366611e-11 5.8290723141e-11
1.0937500000e+02 8.7125194361e-11 2.9091508429e-11 5.8033685931e-11
1.0943603516e+02 8.6723514966e-11 2.8943226411e-11 5.7780288554e-11
1.0949707031e+02 8.6324796864e-11 2.8795878367e-11 5.7528918497e-11
1.0955810547e+02 8.5926805424e-11 2.8648868600e-11 5.7277936824e-11
1.0961914062e+02 8.5527258980e-11 2.8501596484e-11 5.7025662496e-11
1.0968017578e+02 8.5123919976e-11 2.8353480937e-11 5.6770439039e-11
1.0974121094e+02 8.4714608931e-11 2.8203933521e-11 5.6510675410e-11
1.0980224609e+02 8.4297250181e-11 2.8052377577e-11 5.6244872605e-11
1.0986328125e+02 8.3870003185e-11 2.7898265796e-11 5.5971737389e-11
1.0992431641e+02 8.3431287111e-11 2.7741092517e-11 5.5690194594e-11
1.0998535156e+02 8.2979964551e-11 2.7580451138e-11 5.5399513413e-11
1.1004638672e+02 8.2515382233e-11 2.7416072087e-11 5.5099310146e-11
1.1010742188e+02 8.2037385959e-11 2.7247833048e-11 5.4789552911e-11
1.1016845703e+02 8.1546420046e-11 2.7075810186e-11 5.4470609860e-11
1.1022949219e+02 8.1043551510e-11 2.6900322344e-11 5.4143229165e-11
1.1029052734e+02 8.0530400868e-11 2.6721903249e-11 5.3808497619e-11
1.1035156250e+02 8.0009076502e-11 2.6541302858e-11 5.3467773644e-11
1.1041259766e+02 7.9482084081e-11 2.6359451790e-11 5.3122632290e-11
1.1047363281e+02 7.8952150121e-11 2.6177387660e-11 5.2774762461e-11
1.1053466797e+02 7.8422172314e-11 2.5996227252e-11 5.2425945062e-11
1.1059570312e+02 7.7895089690e-11 2.5817097369e-11 5.2077992321e-11
1.1065673828e+02 7.7373799003e-11 2.5641078763e-11 5.1732720240e-11
1.1071777344e+02 7.6861016108e-11 2.5469137483e-11 5.1391878624e-11
1.1077880859e+02 7.6359137049e-11 2.5302058294e-11 5.1057078755e-11
1.1083984375e+02 7.5870209799e-11 2.5140431203e-11 5.0729778596e-11
1.1090087891e+02 7.5395849233e-11 2.4984637339e-11 5.0411211894e-11
1.1096191406e+02 7.4937140533e-11 2.4834823556e-11 5.0102316976e-11
1.1102294922e+02 7.4494543070e-11 2.4690907246e-11 4.9803635824e-11
1.1108398438e+02 7.4067897552e-11 2.4552607706e-11 4.9515289845e-11
1.1114501953e+02 7.3656420204e-11 2.4419474060e-11 4.9236946144e-11
1.1120605469e+02 7.3258760569e-11 2.4290929623e-11 4.8967830946e-11
1.1126708984e+02 7.2873096782e-11 2.4166314920e-11 4.8706781862e-11
1.1132812500e+02 7.2497267246e-11 2.4044936086e-11 4.8452331159e-11
1.1138916016e+02 7.2128951479e-11 2.3926115195e-11 4.8202836284e-11
1.1145019531e+02 7.1765882339e-11 2.3809232722e-11 4.7956649617e-11
1.1151123047e+02 7.1406081642e-11 2.3693791269e-11 4.7712290373e-11
1.1157226562e+02 7.1048024167e-11 2.3579428344e-11 4.7468595823e-11
1.1163330078e+02 7.0690757834e-11 2.3465939544e-11 4.7224818290e-11
1.1169433594e+02 7.0333949067e-11 2.3353273489e-11 4.6980675578e-11
1.1175537109e+02 6.9977869049e-11 2.3241514865e-11 4.6736354184e-11
1.1181640625e+02 6.9623309628e-11 2.3130861819e-11 4.6492447809e-11
1.1187744141e+02 6.9271411401e-11 2.3021573126e-11 4.6249838276e-11
1.1193847656e+02 6.8923479565e-11 2.2913926239e-11 4.6009553325e-11
1.1199951172e+02 6.8580796563e-11 2.2808169595e-11 4.5772626968e-11
1.1206054688e+02 6.8244476294e-11 2.2704491715e-11 4.5539984579e-11
1.1212158203e+02 6.7915397091e-11 2.2603015481e-11 4.5312381610e-11
1.1218261719e+02 6.7594103662e-11 2.2503775293e-11 4.5090328369e-11
1.1224365234e+02 6.7280813868e-11 2.2406718091e-11 4.4874095777e-11
1.1230468750e+02 6.6975527962e-11 2.2311743595e-11 4.4663784368e-11
1.1236572266e+02 6.6678110853e-11 2.2218715928e-11 4.4459394924e-11
1.1242675781e+02 6.6388374186e-11 2.2127490579e-11 4.4260883607e-11
1.1248779297e+02 6.6106149851e-11 2.2037930244e-11 4.4068219607e-11
1.1254882812e+02 6.5831362761e-11 2.1949927584e-11 4.3881435178e-11
1.1260986328e+02 6.5564054750e-11 2.1863413097e-11 4.3700641652e-11
1.1267089844e+02 6.5304349069e-11 2.1778350487e-11 4.3525998582e-11
1.1273193359e+02 6.5052414712e-11 2.1694736774e-11 4.3357677938e-11
1.1279296875e+02 6.4808400518e-11 2.1612592690e-11 4.3195807828e-11
1.1285400391e+02 6.4572332785e-11 2.1531947741e-11 4.3040385045e-11
1.1291503906e+02 6.4344060685e-11 2.1452832800e-11 4.2891227885e-11
1.1297607422e+02 6.4123151866e-11 2.1375254991e-11 4.2747896875e-11
1.1303710938e+02 6.3908875325e-11 2.1299192035e-11 4.2609683290e-11
1.1309814453e+02 6.3700144770e-11 2.1224569862e-11 4.2475574907e-11
1.1315917969e+02 6.3495545325e-11 2.1151252401e-11 4.2344292925e-11
1.1322021484e+02 6.3293395282e-11 2.1079042909e-11 4.2214352373e-11
1.1328125000e+02 6.3091820414e-11 2.1007681185e-11 4.2084139229e-11
1.1334228516e+02 6.2888842662e-11 2.0936841844e-11 4.1952000819e-11
1.1340332031e+02 6.2682526153e-11 2.0866157747e-11 4.1816368406e-11
1.1346435547e+02 6.2471133060e-11 2.0795245565e-11 4.1675887494e-11
1.1352539062e+02 6.2253223086e-11 2.0723723319e-11 4.1529499768e-11
1.1358642578e+02 6.2027780523e-11 2.0651246879e-11 4.1376533644e-11
1.1364746094e+02 6.1794261132e-11 2.0577528280e-11 4.1216732852e-11
1.1370849609e+02 6.1552637917e-11 2.0502359981e-11 4.1050277937e-11
1.1376953125e+02 6.1303357749e-11 2.0425624170e-11 4.0877733579e-11
1.1383056641e+02 6.1047290430e-11 2.0347300835e-11 4.0699989595e-11
1.1389160156e+02 6.0785643902e-11 2.0267469606e-11 4.0518174297e-11
1.1395263672e+02 6.0519843648e-11 2.0186294362e-11 4.0333549286e-11
1.1401367188e+02 6.0251393600e-11 2.0104005458e-11 4.0147388142e-11
1.1407470703e+02 5.9981777404e-11 2.0020882494e-11 3.9960894910e-11
1.1413574219e+02 5.9712365882e-11 1.9937233452e-11 3.9775132430e-11
1.1419677734e+02 5.9444340000e-11 1.9853373458e-11 3.9590966542e-11
1.1425781250e+02 5.9178669288e-11 1.9769611749e-11 3.9409057539e-11
1.1431884766e+02 5.8916100422e-11 1.9686235136e-11 3.9229865286e-11
1.1437988281e+02 5.8657177165e-11 1.9603499629e-11 3.9053677536e-11
1.1444091797e+02 5.8402271120e-11 1.9521619329e-11 3.8880651790e-11
1.1450195312e+02 5.8151652147e-11 1.9440775661e-11 3.8710876485e-11
1.1456298828e+02 5.7905519402e-11 1.9361112484e-11 3.8544406918e-11
1.1462402344e+02 5.7664038534e-11 1.9282740006e-11 3.8381298528e-11
1.1468505859e+02 5.7427359633e-11 1.9205739121e-11 3.8221620511e-11
1.1474609375e+02 5.7195638105e-11 1.9130169416e-11 3.8065468689e-11
1.1480712891e+02 5.6969032425e-11 1.9056076896e-11 3.7912955530e-11
1.1486816406e+02 5.6747685985e-11 1.8983497232e-11 3.7764188752e-11
1.1492919922e+02 5.6531687044e-11 1.8912451503e-11 3.7619235541e-11
1.1499023438e+02 5.6321064453e-11 1.8842955147e-11 3.7478109306e-11
1.1505126953e+02 5.6115756384e-11 1.8775010325e-11 3.7340746059e-11
1.1511230469e+02 5.5915586290e-11 1.8708598407e-11 3.7206987882e-11
1.1517333984e+02 5.5720288723e-11 1.8643683383e-11 3.7076605340e-11
1.1523437500e+02 5.5529488482e-11 1.8580199632e-11 3.6949288850e-11
1.1529541016e+02 5.5342739413e-11 1.8518054280e-11 3.6824685133e-11
1.1535644531e+02 5.5159548250e-11 1.8457124392e-11 3.6702423858e-11
1.1541748047e+02 5.4979382822e-11 1.8397256744e-11 3.6582126078e-11
1.1547851562e+02 5.4801698006e-11 1.8338271184e-11 3.6463426822e-11
1.1553955078e+02 5.4625975152e-11 1.8279976812e-11 3.6345998340e-11
1.1560058594e+02 5.4451717218e-11 1.8222176391e-11 3.6229540828e-11
1.1566162109e+02 5.4278469928e-11 1.8164677765e-11 3.6113792163e-11
1.1572265625e+02 5.4105831345e-11 1.8107309101e-11 3.5998522244e-11
1.1578369141e+02 5.3933453548e-11 1.8049928796e-11 3.5883524753e-11
1.1584472656e+02 5.3761045785e-11 1.7992431548e-11 3.5768614236e-11
1.1590576172e+02 5.3588398454e-11 1.7934759079e-11 3.5653639375e-11
1.1596679688e+02 5.3415387156e-11 1.7876896621e-11 3.5538490534e-11
1.1602783203e+02 5.3241977203e-11 1.7818872257e-11 3.5423104946e-11
1.1608886719e+02 5.3068233825e-11 1.7760752366e-11 3.5307481458e-11
1.1614990234e+02 5.2894318524e-11 1.7702629114e-11 3.5191689410e-11
1.1621093750e+02 5.2720481913e-11 1.7644611853e-11 3.5075870060e-11
1.1627197266e+02 5.2547045377e-11 1.7586816793e-11 3.4960228584e-11
1.1633300781e+02 5.2374376956e-11 1.7529353512e-11 3.4845023444e-11
1.1639404297e+02 5.2202859049e-11 1.7472321030e-11 3.4730538019e-11
1.1645507812e+02 5.2032868916e-11 1.7415804888e-11 3.4617064028e-11
1.1651611328e+02 5.1864743731e-11 1.7359873624e-11 3.4504870106e-11
1.1657714844e+02 5.1698755137e-11 1.7304582162e-11 3.4394172975e-11
1.1663818359e+02 5.1535096008e-11 1.7249977195e-11 3.4285118813e-11
1.1669921875e+02 5.1373867499e-11 1.7196097952e-11 3.4177769546e-11
1.1676025391e+02 5.1215075395e-11 1.7142978640e-11 3.4072096756e-11
1.1682128906e+02 5.1058629473e-11 1.7090649296e-11 3.3967980178e-11
1.1688232422e+02 5.0904366538e-11 1.7039136018e-11 3.3865230519e-11
1.1694335938e+02 5.0752053144e-11 1.6988454044e-11 3.3763599100e-11
1.1700439453e+02 5.0601403066e-11 1.6938598291e-11 3.3662804774e-11
1.1706542969e+02 5.0452100051e-11 1.6889542593e-11 3.3562557458e-11
1.1712646484e+02 5.0303823611e-11 1.6841232272e-11 3.3462591339e-11
1.1718750000e+02 5.0156269122e-11 1.6793585591e-11 3.3362683531e-11
1.1724853516e+02 5.0009167695e-11 1.6746494173e-11 3.3262673521e-11
1.1730957031e+02 4.9862294021e-11 1.6699825820e-11 3.3162468200e-11
1.1737060547e+02 4.9715480372e-11 1.6653436055e-11 3.3062044317e-11
1.1743164062e+02 4.9568611917e-11 1.6607178136e-11 3.2961433781e-11
1.1749267578e+02 4.9421627394e-11 1.6560913214e-11 3.2860714180e-11
1.1755371094e+02 4.9274502352e-11 1.6514521275e-11 3.2759981076e-11
1.1761474609e+02 4.9127229768e-11 1.6467905430e-11 3.2659324338e-11
1.1767578125e+02 4.8979813246e-11 1.6421000161e-11 3.2558813084e-11
1.1773681641e+02 4.8832254547e-11 1.6373771511e-11 3.2458483037e-11
1.1779785156e+02 4.8684549673e-11 1.6326218123e-11 3.2358331550e-11
1.1785888672e+02 4.8536684971e-11 1.6278364443e-11 3.2258320528e-11
1.1791992188e+02 4.8388649054e-11 1.6230257837e-11 3.2158391217e-11
1.1798095703e+02 4.8240438296e-11 1.6181959503e-11 3.2058478792e-11
1.1804199219e+02 4.8092077581e-11 1.6133541826e-11 3.1958535756e-11
1.1810302734e+02 4.7943617885e-11 1.6085075783e-11 3.1858542102e-11
1.1816406250e+02 4.7795157759e-11 1.6036634633e-11 3.1758523126e-11
1.1822509766e+02 4.7646839746e-11 1.5988285164e-11 3.1658554582e-11
1.1828613281e+02 4.7498844736e-11 1.5940085940e-11 3.1558758797e-11
1.1834716797e+02 4.7351385598e-11 1.5892089190e-11 3.1459296408e-11
1.1840820312e+02 4.7204695894e-11 1.5844341715e-11 3.1360354179e-11
1.1846923828e+02 4.7059008578e-11 1.5796884871e-11 3.1262123707e-11
1.1853027344e+02 4.6914543762e-11 1.5749757266e-11 3.1164786497e-11
1.1859130859e+02 4.6771497861e-11 1.5703000027e-11 3.1068497834e-11
1.1865234375e+02 4.6630024797e-11 1.5656652520e-11 3.0973372277e-11
1.1871337891e+02 4.6490233585e-11 1.5610755506e-11 3.0879478079e-11
1.1877441406e+02 4.6352186097e-11 1.5565350894e-11 3.0786835203e-11
1.1883544922e+02 4.6215900865e-11 1.5520478899e-11 3.0695421967e-11
1.1889648438e+02 4.6081354661e-11 1.5476172400e-11 3.0605182262e-11
1.1895751953e+02 4.5948499187e-11 1.5432457954e-11 3.0516041234e-11
1.1901855469e+02 4.5817263520e-11 1.5389349431e-11 3.0427914089e-11
1.1907958984e+02 4.5687565751e-11 1.5346845789e-11 3.0340719962e-11
1.1914062500e+02 4.5559326075e-11 1.5304932710e-11 3.0254393365e-11
1.1920166016e+02 4.5432464835e-11 1.5263579535e-11 3.0168885300e-11
1.1926269531e+02 4.5306898106e-11 1.5222739691e-11 3.0084158415e-11
1.1932373047e+02 4.5182537084e-11 1.5182353387e-11 3.0000183697e-11
1.1938476562e+02 4.5059279924e-11 1.5142350009e-11 2.9916929916e-11
1.1944580078e+02 4.4937002549e-11 1.5102651861e-11 2.9834350688e-11
1.1950683594e+02 4.4815559766e-11 1.5063179066e-11 2.9752380700e-11
1.1956787109e+02 4.4694783409e-11 1.5023852450e-11 2.9670930959e-11
1.1962890625e+02 4.4574493008e-11 1.4984601225e-11 2.9589891784e-11
1.1968994141e+02 4.4454508814e-11 1.4945365924e-11 2.9509142891e-11
1.1975097656e+02 4.4334670975e-11 1.4906103040e-11 2.9428567935e-11
1.1981201172e+02 4.4214861608e-11 1.4866789253e-11 2.9348072355e-11
1.1987304688e+02 4.4095018340e-11 1.4827420775e-11 2.9267597564e-11
1.1993408203e+02 4.3975144762e-11 1.4788013204e-11 2.9187131559e-11
1.1999511719e+02 4.3855314752e-11 1.4748598950e-11 2.9106715802e-11
1.2005615234e+02 4.3735659600e-11 1.4709221731e-11 2.9026437869e-11
1.2011718750e+02 4.3616349525e-11 1.4669932046e-11 2.8946417480e-11
1.2017822266e+02 4.3497566143e-11 1.4630778213e-11 2.8866787930e-11
1.2023925781e+02 4.3379471356e-11 1.4591800391e-11 2.8787670965e-11
1.2030029297e+02 4.3262180739e-11 1.4553025625e-11 2.8709155114e-11
1.2036132812e+02 4.3145746551e-11 1.4514465459e-11 2.8631281092e-11
1.2042236328e+02 4.3030145551e-11 1.4476115436e-11 2.8554030115e-11
1.2048339844e+02 4.2915279129e-11 1.4437955490e-11 2.8477323638e-11
1.2054443359e+02 4.2800987491e-11 1.4399953810e-11 2.8401033681e-11
1.2060546875e+02 4.2687076054e-11 1.4362074551e-11 2.8325001504e-11
1.2066650391e+02 4.2573343135e-11 1.4324282090e-11 2.8249061046e-11
1.2072753906e+02 4.2459609485e-11 1.4286546999e-11 2.8173062486e-11
1.2078857422e+02 4.2345747662e-11 1.4248851965e-11 2.8096895697e-11
1.2084960938e+02 4.2231698239e-11 1.4211193171e-11 2.8020505068e-11
1.2091064453e+02 4.2117482806e-11 1.4173582378e-11 2.7943900429e-11
1.2097167969e+02 4.2003203277e-11 1.4136046320e-11 2.7867156957e-11
1.2103271484e+02 4.1889027070e-11 1.4098623277e-11 2.7790403793e-11
1.2109375000e+02 4.1775169854e-11 1.4061359294e-11 2.7713810561e-11
1.2115478516e+02 4.1661868666e-11 1.4024303733e-11 2.7637564933e-11
1.2121582031e+02 4.1549356047e-11 1.3987505914e-11 2.7561850132e-11
1.2127685547e+02 4.1437831011e-11 1.3951008854e-11 2.7486822157e-11
1.2133789062e+02 4.1327438752e-11 1.3914847462e-11 2.7412591290e-11
1.2139892578e+02 4.1218254611e-11 1.3879044859e-11 2.7339209752e-11
1.2145996094e+02 4.1110279561e-11 1.3843611770e-11 2.7266667791e-11
1.2152099609e+02 4.1003435836e-11 1.3808542858e-11 2.7194892977e-11
1.2158203125e+02 4.0897581602e-11 1.3773818377e-11 2.7123763225e-11
1.2164306641e+02 4.0792528479e-11 1.3739405159e-11 2.7053123320e-11
1.2170410156e+02 4.0688060259e-11 1.3705257872e-11 2.6982802387e-11
1.2176513672e+02 4.0583957468e-11 1.3671322207e-11 2.6912635261e-11
1.2182617188e+02 4.0480021979e-11 1.3637539403e-11 2.6842482576e-11
1.2188720703e+02 4.0376093450e-11 1.3603849373e-11 2.6772244078e-11
1.2194824219e+02 4.0272064356e-11 1.3570196901e-11 2.6701867454e-11
1.2200927734e+02 4.0167892264e-11 1.3536537685e-11 2.6631354580e-11
1.2207031250e+02 4.0063594528e-11 1.3502839962e-11 2.6560754566e-11
1.2213134766e+02 3.9959244671e-11 1.3469088799e-11 2.6490155872e-11
1.2219238281e+02 3.9854962127e-11 1.3435287446e-11 2.6419674680e-11
1.2225341797e+02 3.9750893153e-11 1.3401455358e-11 2.6349437795e-11
1.2231445312e+02 3.9647197365e-11 1.3367626324e-11 2.6279571041e-11
1.2237548828e+02 3.9544030412e-11 1.3333843829e-11 2.6210186583e-11
1.2243652344e+02 3.9441529533e-11 1.3300156318e-11 2.6141373215e-11
1.2249755859e+02 3.9339806188e-11 1.3266612707e-11 2.6073193481e-11
1.2255859375e+02 3.9238939814e-11 1.3233256496e-11 2.6005683318e-11
1.2261962891e+02 3.9138977852e-11 1.3200123437e-11 2.5938854415e-11
1.2268066406e+02 3.9039938248e-11 1.3167238728e-11 2.5872699520e-11
1.2274169922e+02 3.8941810288e-11 1.3134613744e-11 2.5807196544e-11
1.2280273438e+02 3.8844562883e-11 1.3102249065e-11 2.5742313817e-11
1.2286376953e+02 3.8748147144e-11 1.3070133836e-11 2.5678013308e-11
1.2292480469e+02 3.8652498042e-11 1.3038248318e-11 2.5614249724e-11
1.2298583984e+02 3.8557538826e-11 1.3006566481e-11 2.5550972345e-11
1.2304687500e+02 3.8463181664e-11 1.2975059060e-11 2.5488122603e-11
1.2310791016e+02 3.8369331357e-11 1.2943696441e-11 2.5425634916e-11
1.2316894531e+02 3.8275887913e-11 1.2912450997e-11 2.5363436916e-11
1.2322998047e+02 3.8182755246e-11 1.2881300435e-11 2.5301454811e-11
1.2329101562e+02 3.8089847079e-11 1.2850229419e-11 2.5239617660e-11
1.2335205078e+02 3.7997093246e-11 1.2819229315e-11 2.5177863932e-11
1.2341308594e+02 3.7904447372e-11 1.2788298719e-11 2.5116148654e-11
1.2347412109e+02 3.7811890094e-11 1.2757442074e-11 2.5054448021e-11
1.2353515625e+02 3.7719428590e-11 1.2726666371e-11 2.4992762219e-11
1.2359619141e+02 3.7627093694e-11 1.2695979645e-11 2.4931114049e-11
1.2365722656e+02 3.7534931920e-11 1.2665387541e-11 2.4869544379e-11
1.2371826172e+02 3.7442994069e-11 1.2634890495e-11 2.4808103574e-11
1.2377929688e+02 3.7351325408e-11 1.2604483062e-11 2.4746842346e-11
1.2384033203e+02 3.7259953683e-11 1.2574152983e-11 2.4685800700e-11
1.2390136719e+02 3.7168882819e-11 1.2543882136e-11 2.4625000683e-11
1.2396240234e+02 3.7078087597e-11 1.2513648115e-11 2.4564439482e-11
1.2402343750e+02 3.6987517788e-11 1.2483428333e-11 2.4504089455e-11
1.2408447266e+02 3.6897100903e-11 1.2453201820e-11 2.4443899084e-11
1.2414550781e+02 3.6806752301e-11 1.2422952577e-11 2.4383799725e-11
1.2420654297e+02 3.6716386676e-11 1.2392672093e-11 2.4323714582e-11
1.2426757812e+02 3.6625929903e-11 1.2362359966e-11 2.4263569937e-11
1.2432861328e+02 3.6535330485e-11 1.2332024683e-11 2.4203305802e-11
1.2438964844e+02 3.6444567603e-11 1.2301682397e-11 2.4142885206e-11
1.2445068359e+02 3.6353657125e-11 1.2271355780e-11 2.4082301346e-11
1.2451171875e+02 3.6262651835e-11 1.2241071730e-11 2.4021580105e-11
1.2457275391e+02 3.6171639140e-11 1.2210859699e-11 2.3960779441e-11
1.2463378906e+02 3.6080733057e-11 1.2180749043e-11 2.3899984015e-11
1.2469482422e+02 3.5990064112e-11 1.2150767341e-11 2.3839296772e-11
1.2475585938e+02 3.5899762242e-11 1.2120936980e-11 2.3778825263e-11
1.2481689453e+02 3.5809946805e-11 1.2091275618e-11 2.3718671186e-11
1.2487792969e+02 3.5720711950e-11 1.2061794120e-11 2.3658917831e-11
1.2493896484e+02 3.5632118389e-11 1.2032496142e-11 2.3599622248e-11
1.2500000000e+02 3.5544187388e-11 1.2003378357e-11 2.3540809031e-11
1.2506103516e+02 3.5456901773e-11 1.1974430248e-11 2.3482471525e-11
1.2512207031e+02 3.5370212444e-11 1.1945636674e-11 2.3424575770e-11
1.2518310547e+02 3.5284050352e-11 1.1916979513e-11 2.3367070838e-11
1.2524414062e+02 3.5198340638e-11 1.1888440164e-11 2.3309900474e-11
1.2530517578e+02 3.5113015935e-11 1.1860001568e-11 2.3253014367e-11
1.2536621094e+02 3.5028031752e-11 1.1831651188e-11 2.3196380564e-11
1.2542724609e+02 3.4943373580e-11 1.1803382157e-11 2.3139991424e-11
1.2548828125e+02 3.4859062189e-11 1.1775194775e-11 2.3083867414e-11
1.2554931641e+02 3.4775149581e-11 1.1747096082e-11 2.3028053500e-11
1.2561035156e+02 3.4691709733e-11 1.1719098360e-11 2.2972611373e-11
1.2567138672e+02 3.4608826899e-11 1.1691217835e-11 2.2917609064e-11
1.2573242188e+02 3.4526581932e-11 1.1663471591e-11 2.2863110341e-11
1.2579345703e+02 3.4445036002e-11 1.1635875455e-11 2.2809160548e-11
1.2585449219e+02 3.4364221312e-11 1.1608441824e-11 2.2755779488e-11
1.2591552734e+02 3.4284133933e-11 1.1581177977e-11 2.2702955955e-11
1.2597656250e+02 3.4204732008e-11 1.1554084945e-11 2.2650647063e-11
1.2603759766e+02 3.4125940186e-11 1.1527158002e-11 2.2598782184e-11
1.2609863281e+02 3.4047659746e-11 1.1500388234e-11 2.2547271512e-11
1.2615966797e+02 3.3969780181e-11 1.1473763729e-11 2.2496016453e-11
1.2622070312e+02 3.3892191141e-11 1.1447271146e-11 2.2444919995e-11
1.2628173828e+02 3.3814796967e-11 1.1420898159e-11 2.2393898808e-11
1.2634277344e+02 3.3737525381e-11 1.1394634809e-11 2.2342890572e-11
1.2640380859e+02 3.3660332966e-11 1.1368473685e-11 2.2291859282e-11
1.2646484375e+02 3.3583208221e-11 1.1342411291e-11 2.2240796930e-11
1.2652587891e+02 3.3506167336e-11 1.1316446380e-11 2.2189720956e-11
1.2658691406e+02 3.3429247212e-11 1.1290579521e-11 2.2138667691e-11
1.2664794922e+02 3.3352497474e-11 1.1264812034e-11 2.2087685439e-11
1.2670898438e+02 3.3275968614e-11 1.1239144364e-11 2.2036824250e-11
1.2677001953e+02 3.3199703390e-11 1.1213575686e-11 2.1986127704e-11
1.2683105469e+02 3.3123727151e-11 1.1188102662e-11 2.1935624489e-11
1.2689208984e+02 3.3048045163e-11 1.1162719650e-11 2.1885325513e-11
1.2695312500e+02 3.2972640307e-11 1.1137418975e-11 2.1835221332e-11
1.2701416016e+02 3.2897475086e-11 1.1112191388e-11 2.1785283699e-11
1.2707519531e+02 3.2822501195e-11 1.1087028225e-11 2.1735472970e-11
1.2713623047e+02 3.2747665604e-11 1.1061921173e-11 2.1685744431e-11
1.2719726562e+02 3.2672920153e-11 1.1036863661e-11 2.1636056493e-11
1.2725830078e+02 3.2598229401e-11 1.1011851395e-11 2.1586378005e-11
1.2731933594e+02 3.2523579110e-11 1.0986883328e-11 2.1536695782e-11
1.2738037109e+02 3.2448977665e-11 1.0961961037e-11 2.1487016629e-11
1.2744140625e+02 3.2374456416e-11 1.0937089028e-11 2.1437367387e-11
1.2750244141e+02 3.2300065927e-11 1.0912274332e-11 2.1387791594e-11
1.2756347656e+02 3.2225869940e-11 1.0887526419e-11 2.1338343521e-11
1.2762451172e+02 3.2151937530e-11 1.0862856074e-11 2.1289081456e-11
1.2768554688e+02 3.2078335190e-11 1.0838275333e-11 2.1240059858e-11
1.2774658203e+02 3.2005119401e-11 1.0813796868e-11 2.1191322533e-11
1.2780761719e+02 3.1932330960e-11 1.0789433100e-11 2.1142897860e-11
1.2786865234e+02 3.1859993023e-11 1.0765195553e-11 2.1094797470e-11
1.2792968750e+02 3.1788109578e-11 1.0741093437e-11 2.1047016142e-11
1.2799072266e+02 3.1716668701e-11 1.0717133889e-11 2.0999534812e-11
1.2805175781e+02 3.1645646183e-11 1.0693320834e-11 2.0952325349e-11
1.2811279297e+02 3.1575011011e-11 1.0669654936e-11 2.0905356075e-11
1.2817382812e+02 3.1504728558e-11 1.0646132807e-11 2.0858595751e-11
1.2823486328e+02 3.1434766753e-11 1.0622748118e-11 2.0812018634e-11
1.2829589844e+02 3.1365100021e-11 1.0599492394e-11 2.0765607627e-11
1.2835693359e+02 3.1295710968e-11 1.0576356158e-11 2.0719354810e-11
1.2841796875e+02 3.1226590623e-11 1.0553329482e-11 2.0673261141e-11
1.2847900391e+02 3.1157738086e-11 1.0530403578e-11 2.0627334508e-11
1.2854003906e+02 3.1089159565e-11 1.0507572063e-11 2.0581587503e-11
1.2860107422e+02 3.1020865418e-11 1.0484830877e-11 2.0536034542e-11
1.2866210938e+02 3.0952867002e-11 1.0462178359e-11 2.0490688643e-11
1.2872314453e+02 3.0885174518e-11 1.0439614962e-11 2.0445559556e-11
1.2878417969e+02 3.0817794126e-11 1.0417142357e-11 2.0400651770e-11
1.2884521484e+02 3.0750726048e-11 1.0394762477e-11 2.0355963571e-11
1.2890625000e+02 3.0683965001e-11 1.0372476467e-11 2.0311488534e-11
1.2896728516e+02 3.0617500043e-11 1.0350284287e-11 2.0267215756e-11
1.2902832031e+02 3.0551315220e-11 1.0328183809e-11 2.0223131411e-11
1.2908935547e+02 3.0485392841e-11 1.0306171768e-11 2.0179221073e-11
1.2915039062e+02 3.0419715190e-11 1.0284243528e-11 2.0135471663e-11
1.2921142578e+02 3.0354265212e-11 1.0262393710e-11 2.0091871502e-11
1.2927246094e+02 3.0289028087e-11 1.0240616848e-11 2.0048411240e-11
1.2933349609e+02 3.0223991676e-11 1.0218908288e-11 2.0005083388e-11
1.2939453125e+02 3.0159144537e-11 1.0197263613e-11 1.9961880924e-11
1.2945556641e+02 3.0094474999e-11 1.0175678974e-11 1.9918796025e-11
1.2951660156e+02 3.0029970324e-11 1.0154151233e-11 1.9875819091e-11
1.2957763672e+02 2.9965614586e-11 1.0132676797e-11 1.9832937789e-11
1.2963867188e+02 2.9901389656e-11 1.0111252279e-11 1.9790137376e-11
1.2969970703e+02 2.9837275605e-11 1.0089873556e-11 1.9747402049e-11
1.2976074219e+02 2.9773254191e-11 1.0068536629e-11 1.9704717562e-11
1.2982177734e+02 2.9709311499e-11 1.0047237559e-11 1.9662073940e-11
1.2988281250e+02 2.9645441603e-11 1.0025973240e-11 1.9619468364e-11
1.2994384766e+02 2.9581649815e-11 1.0004741746e-11 1.9576908069e-11
1.3000488281e+02 2.9517953754e-11 9.9835432384e-12 1.9534410516e-11
1.3006591797e+02 2.9454382960e-11 9.9623796920e-12 1.9492003268e-11
1.3012695312e+02 2.9390976784e-11 9.9412549761e-12 1.9449721808e-11
1.3018798828e+02 2.9327778869e-11 9.9201741004e-12 1.9407604768e-11
1.3024902344e+02 2.9264831126e-11 9.8991425194e-12 1.9365688606e-11
1.3031005859e+02 2.9202169323e-11 9.8781658995e-12 1.9324003423e-11
1.3037109375e+02 2.9139816283e-11 9.8572485098e-12 1.9282567773e-11
1.3043212891e+02 2.9077777737e-11 9.8363926733e-12 1.9241385064e-11
1.3049316406e+02 2.9016041672e-11 9.8155988337e-12 1.9200442839e-11
1.3055419922e+02 2.8954578584e-11 9.7948648653e-12 1.9159713719e-11
1.3061523438e+02 2.8893345046e-11 9.7741866599e-12 1.9119158386e-11
1.3067626953e+02 2.8832288656e-11 9.7535582877e-12 1.9078730368e-11
1.3073730469e+02 2.8771354390e-11 9.7329729709e-12 1.9038381419e-11
1.3079833984e+02 2.8710491454e-11 9.7124236747e-12 1.8998067780e-11
1.3085937500e+02 2.8649658030e-11 9.6919038147e-12 1.8957754216e-11
1.3092041016e+02 2.8588826298e-11 9.6714076380e-12 1.8917418660e-11
1.3098144531e+02 2.8527984717e-11 9.6509311946e-12 1.8877053522e-11
1.3104248047e+02 2.8467137646e-11 9.6304721292e-12 1.8836665517e-11
1.3110351562e+02 2.8406304041e-11 9.6100300769e-12 1.8796273964e-11
1.3116455078e+02 2.8345513988e-11 9.5896064704e-12 1.8755907518e-11
1.3122558594e+02 2.8284804635e-11 9.5692045575e-12 1.8715600078e-11
1.3128662109e+02 2.8224214922e-11 9.5488289354e-12 1.8675385987e-11
1.3134765625e+02 2.8163780573e-11 9.5284846342e-12 1.8635295939e-11
1.3140869141e+02 2.8103530966e-11 9.5081772388e-12 1.8595353727e-11
1.3146972656e+02 2.8043485965e-11 9.4879116269e-12 1.8555574338e-11
1.3153076172e+02 2.7983655432e-11 9.4676921132e-12 1.8515963319e-11
1.3159179688e+02 2.7924039647e-11 9.4475216385e-12 1.8476518008e-11
1.3165283203e+02 2.7864630185e-11 9.4274013079e-12 1.8437228877e-11
1.3171386719e+02 2.7805414120e-11 9.4073307783e-12 1.8398083341e-11
1.3177490234e+02 2.7746377921e-11 9.3873087748e-12 1.8359069146e-11
1.3183593750e+02 2.7687510066e-11 9.3673330184e-12 1.8320177048e-11
1.3189697266e+02 2.7628804610e-11 9.3474013812e-12 1.8281403228e-11
1.3195800781e+02 2.7570262923e-11 9.3275123482e-12 1.8242750575e-11
1.3201904297e+02 2.7511893807e-11 9.3076658381e-12 1.8204227969e-11
1.3208007812e+02 2.7453711912e-11 9.2878635153e-12 1.8165848397e-11
1.3214111328e+02 2.7395735490e-11 9.2681090186e-12 1.8127626472e-11
1.3220214844e+02 2.7337982755e-11 9.2484078629e-12 1.8089574893e-11
1.3226318359e+02 2.7280468178e-11 9.2287669382e-12 1.8051701240e-11
1.3232421875e+02 2.7223199439e-11 9.2091939031e-12 1.8014005536e-11
1.3238525391e+02 2.7166175916e-11 9.1896965382e-12 1.7976479378e-11
1.3244628906e+02 2.7109387079e-11 9.1702815293e-12 1.7939105550e-11
1.3250732422e+02 2.7052815244e-11 9.1509545440e-12 1.7901860700e-11
1.3256835938e+02 2.6996437099e-11 9.1317192884e-12 1.7864717811e-11
1.3262939453e+02 2.6940227865e-11 9.1125775849e-12 1.7827650280e-11
1.3269042969e+02 2.6884164045e-11 9.0935290823e-12 1.7790634963e-11
1.3275146484e+02 2.6828227434e-11 9.0745714731e-12 1.7753655961e-11
1.3281250000e+02 2.6772407383e-11 9.0557008770e-12 1.7716706506e-11
1.3287353516e+02 2.6716701037e-11 9.0369118476e-12 1.7679789190e-11
1.3293457031e+02 2.6661113653e-11 9.0181981585e-12 1.7642915494e-11
1.3299560547e+02 2.6605655502e-11 8.9995525017e-12 1.7606103000e-11
1.3305664062e+02 2.6550339868e-11 8.9809674717e-12 1.7569372396e-11
1.3311767578e+02 2.6495179231e-11 8.9624354068e-12 1.7532743824e-11
1.3317871094e+02 2.6440182430e-11 8.9439489712e-12 1.7496233459e-11
1.3323974609e+02 2.6385352061e-11 8.9255013110e-12 1.7459850750e-11
1.3330078125e+02 2.6330683402e-11 8.9070864495e-12 1.7423596953e-11
1.3336181641e+02 2.6276164555e-11 8.8886994967e-12 1.7387465058e-11
1.3342285156e+02 2.6221777400e-11 8.8703364003e-12 1.7351441000e-11
1.3348388672e+02 2.6167499468e-11 8.8519941971e-12 1.7315505271e-11
1.3354492188e+02 2.6113307356e-11 8.8336709442e-12 1.7279636411e-11
1.3360595703e+02 2.6059178353e-11 8.8153648930e-12 1.7243813460e-11
1.3366699219e+02 2.6005093905e-11 8.7970748416e-12 1.7208019064e-11
1.3372802734e+02 2.5951040367e-11 8.7787996396e-12 1.7172240727e-11
1.3378906250e+02 2.5897010266e-11 8.7605381799e-12 1.7136472086e-11
1.3385009766e+02 2.5843002379e-11 8.7422895034e-12 1.7100712875e-11
1.3391113281e+02 2.5789019920e-11 8.7240528842e-12 1.7064967036e-11
1.3397216797e+02 2.5735069308e-11 8.7058280717e-12 1.7029241236e-11
1.3403320312e+02 2.5681158587e-11 8.6876158226e-12 1.6993542764e-11
1.3409423828e+02 2.5627295522e-11 8.6694180424e-12 1.6957877480e-11
1.3415527344e+02 2.5573485987e-11 8.6512379054e-12 1.6922248081e-11
1.3421630859e+02 2.5519733759e-11 8.6330798254e-12 1.6886653934e-11
1.3427734375e+02 2.5466041099e-11 8.6149496890e-12 1.6851091410e-11
1.3433837891e+02 2.5412409342e-11 8.5968541757e-12 1.6815555166e-11
1.3439941406e+02 2.5358841197e-11 8.5788008262e-12 1.6780040370e-11
1.3446044922e+02 2.5305342230e-11 8.5607974256e-12 1.6744544804e-11
1.3452148438e+02 2.5251921967e-11 8.5428514327e-12 1.6709070534e-11
1.3458251953e+02 2.5198595383e-11 8.5249697951e-12 1.6673625588e-11
1.3464355469e+02 2.5145383011e-11 8.5071584642e-12 1.6638224547e-11
1.3470458984e+02 2.5092309068e-11 8.4894219608e-12 1.6602887107e-11
1.3476562500e+02 2.5039399678e-11 8.4717630616e-12 1.6567636616e-11
1.3482666016e+02 2.4986679482e-11 8.4541825555e-12 1.6532496926e-11
1.3488769531e+02 2.4934168418e-11 8.4366790490e-12 1.6497489369e-11
1.3494873047e+02 2.4881878483e-11 8.4192489166e-12 1.6462629566e-11
1.3500976562e+02 2.4829811317e-11 8.4018860143e-12 1.6427925303e-11
1.3507080078e+02 2.4777956914e-11 8.3845821418e-12 1.6393374772e-11
1.3513183594e+02 2.4726293852e-11 8.3673271003e-12 1.6358966752e-11
1.3519287109e+02 2.4674791053e-11 8.3501091041e-12 1.6324681949e-11
1.3525390625e+02 2.4623411422e-11 8.3329156431e-12 1.6290495779e-11
1.3531494141e+02 2.4572115489e-11 8.3157340127e-12 1.6256381477e-11
1.3537597656e+02 2.4520866398e-11 8.2985523566e-12 1.6222314041e-11
1.3543701172e+02 2.4469634285e-11 8.2813605920e-12 1.6188273693e-11
1.3549804688e+02 2.4418399741e-11 8.2641511741e-12 1.6154248567e-11
1.3555908203e+02 2.4367156725e-11 8.2469200003e-12 1.6120236725e-11
1.3562011719e+02 2.4315912937e-11 8.2296668413e-12 1.6086246096e-11
1.3568115234e+02 2.4264689464e-11 8.2123956770e-12 1.6052293787e-11
1.3574218750e+02 2.4213518636e-11 8.1951146093e-12 1.6018404027e-11
1.3580322266e+02 2.4162440628e-11 8.1778352573e-12 1.5984605370e-11
1.3586425781e+02 2.4111499219e-11 8.1605720480e-12 1.5950927171e-11
1.3592529297e+02 2.4060737651e-11 8.1433411588e-12 1.5917396492e-11
1.3598632812e+02 2.4010194106e-11 8.1261590290e-12 1.5884035077e-11
1.3604736328e+02 2.3959898502e-11 8.1090411481e-12 1.5850857354e-11
1.3610839844e+02 2.3909870005e-11 8.0920010116e-12 1.5817868993e-11
1.3616943359e+02 2.3860115517e-11 8.0750487221e-12 1.5785066795e-11
1.3623046875e+02 2.3810629937e-11 8.0581905967e-12 1.5752439340e-11
1.3629150391e+02 2.3761397912e-11 8.0414290140e-12 1.5719968898e-11
1.3635253906e+02 2.3712395910e-11 8.0247625358e-12 1.5687633374e-11
1.3641357422e+02 2.3663595213e-11 8.0081864505e-12 1.5655408763e-11
1.3647460938e+02 2.3614964901e-11 7.9916933737e-12 1.5623271527e-11
1.3653564453e+02 2.3566474796e-11 7.9752745579e-12 1.5591200238e-11
1.3659667969e+02 2.3518098004e-11 7.9589207815e-12 1.5559177223e-11
1.3665771484e+02 2.3469811858e-11 7.9426230519e-12 1.5527188806e-11
1.3671875000e+02 2.3421599099e-11 7.9263734861e-12 1.5495225613e-11
1.3677978516e+02 2.3373446752e-11 7.9101653965e-12 1.5463281356e-11
1.3684082031e+02 2.3325346063e-11 7.8939935257e-12 1.5431352537e-11
1.3690185547e+02 2.3277291026e-11 7.8778538460e-12 1.5399437180e-11
1.3696289062e+02 2.3229277862e-11 7.8617433866e-12 1.5367534475e-11
1.3702392578e+02 2.3181304522e-11 7.8456597443e-12 1.5335644777e-11
1.3708496094e+02 2.3133371001e-11 7.8296010327e-12 1.5303769969e-11
1.3714599609e+02 2.3085478977e-11 7.8135654848e-12 1.5271913492e-11
1.3720703125e+02 2.3037632604e-11 7.7975513394e-12 1.5240081265e-11
1.3726806641e+02 2.2989839094e-11 7.7815569708e-12 1.5208282123e-11
1.3732910156e+02 2.2942108016e-11 7.7655807597e-12 1.5176527256e-11
1.3739013672e+02 2.2894450538e-11 7.7496211082e-12 1.5144829430e-11
1.3745117188e+02 2.2846878231e-11 7.7336766066e-12 1.5113201624e-11
1.3751220703e+02 2.2799400769e-11 7.7177457560e-12 1.5081655013e-11
1.3757324219e+02 2.2752024245e-11 7.7018271542e-12 1.5050197091e-11
1.3763427734e+02 2.2704749831e-11 7.6859195220e-12 1.5018830309e-11
1.3769531250e+02 2.2657572773e-11 7.6700217910e-12 1.4987550982e-11
1.3775634766e+02 2.2610482491e-11 7.6541330983e-12 1.4956349393e-11
1.3781738281e+02 2.2563463639e-11 7.6382531799e-12 1.4925210459e-11
1.3787841797e+02 2.2516498272e-11 7.6223824880e-12 1.4894115784e-11
1.3793945312e+02 2.2469568115e-11 7.6065223215e-12 1.4863045793e-11
1.3800048828e+02 2.2422657071e-11 7.5906750251e-12 1.4831982046e-11
1.3806152344e+02 2.2375753500e-11 7.5748439730e-12 1.4800909527e-11
1.3812255859e+02 2.2328852328e-11 7.5590335673e-12 1.4769818761e-11
1.3818359375e+02 2.2281955815e-11 7.5432487553e-12 1.4738707060e-11
1.3824462891e+02 2.2235073876e-11 7.5274949296e-12 1.4707578946e-11
1.3830566406e+02 2.2188223024e-11 7.5117772158e-12 1.4676445808e-11
1.3836669922e+02 2.2141425313e-11 7.4961002908e-12 1.4645325022e-11
1.3842773438e+02 2.2094706005e-11 7.4804676629e-12 1.4614238343e-11
1.3848876953e+02 2.2048091358e-11 7.4648816356e-12 1.4583209723e-11
1.3854980469e+02 2.2001606239e-11 7.4493428533e-12 1.4552263385e-11
1.3861083984e+02 2.1955271925e-11 7.4338506723e-12 1.4521421252e-11
1.3867187500e+02 2.1909104042e-11 7.4184028619e-12 1.4490701181e-11
1.3873291016e+02 2.1863111528e-11 7.4029960478e-12 1.4460115480e-11
1.3879394531e+02 2.1817296081e-11 7.3876261256e-12 1.4429669956e-11
1.3885498047e+02 2.1771652837e-11 7.3722887836e-12 1.4399364053e-11
1.3891601562e+02 2.1726171950e-11 7.3569800513e-12 1.4369191899e-11
1.3897705078e+02 2.1680839933e-11 7.3416964271e-12 1.4339143506e-11
1.3903808594e+02 2.1635642321e-11 7.3264354570e-12 1.4309206864e-11
1.3909912109e+02 2.1590566126e-11 7.3111959596e-12 1.4279370167e-11
1.3916015625e+02 2.1545601642e-11 7.2959780096e-12 1.4249623633e-11
1.3922119141e+02 2.1500743354e-11 7.2807827359e-12 1.4219960618e-11
1.3928222656e+02 2.1455990289e-11 7.2656121525e-12 1.4190378136e-11
1.3934326172e+02 2.1411345496e-11 7.2504687337e-12 1.4160876762e-11
1.3940429688e+02 2.1366814647e-11 7.2353550795e-12 1.4131459568e-11
1.3946533203e+02 2.1322404382e-11 7.2202736613e-12 1.4102130720e-11
1.3952636719e+02 2.1278120365e-11 7.2052266054e-12 1.4072893760e-11
1.3958740234e+02 2.1233965961e-11 7.1902156827e-12 1.4043750278e-11
1.3964843750e+02 2.1189940700e-11 7.1752419346e-12 1.4014698765e-11
1.3970947266e+02 2.1146039864e-11 7.1603059255e-12 1.3985733938e-11
1.3977050781e+02 2.1102255031e-11 7.1454079539e-12 1.3956847077e-11
1.3983154297e+02 2.1058574226e-11 7.1305478347e-12 1.3928026392e-11
1.3989257812e+02 2.1014983242e-11 7.1157250257e-12 1.3899258216e-11
1.3995361328e+02 2.0971466563e-11 7.1009386909e-12 1.3870527872e-11
1.4001464844e+02 2.0928008800e-11 7.0861875989e-12 1.3841821201e-11
1.4007568359e+02 2.0884595689e-11 7.0714700985e-12 1.3813125590e-11
1.4013671875e+02 2.0841215331e-11 7.0567843955e-12 1.3784430936e-11
1.4019775391e+02 2.0797858857e-11 7.0421283492e-12 1.3755730508e-11
1.4025878906e+02 2.0754521021e-11 7.0274997830e-12 1.3727021238e-11
1.4031982422e+02 2.0711200588e-11 7.0128966449e-12 1.3698303943e-11
1.4038085938e+02 2.0667900335e-11 6.9983173025e-12 1.3669583033e-11
1.4044189453e+02 2.0624626887e-11 6.9837607138e-12 1.3640866173e-11
1.4050292969e+02 2.0581390099e-11 6.9692266063e-12 1.3612163493e-11
1.4056396484e+02 2.0538202573e-11 6.9547156247e-12 1.3583486948e-11
1.4062500000e+02 2.0495078536e-11 6.9402292712e-12 1.3554849264e-11
1.4068603516e+02 2.0452032945e-11 6.9257698934e-12 1.3526263051e-11
1.4074707031e+02 2.0409080159e-11 6.9113403500e-12 1.3497739809e-11
1.4080810547e+02 2.0366233125e-11 6.8969436339e-12 1.3469289491e-11
1.4086914062e+02 2.0323502529e-11 6.8825826030e-12 1.3440919926e-11
1.4093017578e+02 2.0280896339e-11 6.8682595323e-12 1.3412636807e-11
1.4099121094e+02 2.0238419180e-11 6.8539758072e-12 1.3384443373e-11
1.4105224609e+02 2.0196071993e-11 6.8397315970e-12 1.3356340396e-11
1.4111328125e+02 2.0153852549e-11 6.8255258157e-12 1.3328326733e-11
1.4117431641e+02 2.0111755842e-11 6.8113561658e-12 1.3300399676e-11
1.4123535156e+02 2.0069774315e-11 6.7972194181e-12 1.3272554896e-11
1.4129638672e+02 2.0027899075e-11 6.7831116968e-12 1.3244787378e-11
1.4135742188e+02 1.9986120777e-11 6.7690288733e-12 1.3217091904e-11
1.4141845703e+02 1.9944430965e-11 6.7549674337e-12 1.3189463531e-11
1.4147949219e+02 1.9902822370e-11 6.7409244240e-12 1.3161897946e-11
1.4154052734e+02 1.9861290424e-11 6.7268982937e-12 1.3134392131e-11
1.4160156250e+02 1.9819833213e-11 6.7128887511e-12 1.3106944462e-11
1.4166259766e+02 1.9778451385e-11 6.6988969592e-12 1.3079554426e-11
1.4172363281e+02 1.9737147785e-11 6.6849252403e-12 1.3052222545e-11
1.4178466797e+02 1.9695926913e-11 6.6709770329e-12 1.3024949880e-11
1.4184570312e+02 1.9654793305e-11 6.6570562443e-12 1.2997737061e-11
1.4190673828e+02 1.9613750762e-11 6.6431670680e-12 1.2970583694e-11
1.4196777344e+02 1.9572800870e-11 6.6293131603e-12 1.2943487710e-11
1.4202880859e+02 1.9531942338e-11 6.6154975061e-12 1.2916444832e-11
1.4208984375e+02 1.9491171160e-11 6.6017221713e-12 1.2889448988e-11
1.4215087891e+02 1.9450480190e-11 6.5879878488e-12 1.2862492341e-11
1.4221191406e+02 1.9409860155e-11 6.5742938803e-12 1.2835566274e-11
1.4227294922e+02 1.9369300674e-11 6.5606383749e-12 1.2808662299e-11
1.4233398438e+02 1.9328791500e-11 6.5470182690e-12 1.2781773231e-11
1.4239501953e+02 1.9288323892e-11 6.5334296940e-12 1.2754894198e-11
1.4245605469e+02 1.9247891492e-11 6.5198682246e-12 1.2728023268e-11
1.4251708984e+02 1.9207491502e-11 6.5063293940e-12 1.2701162108e-11
1.4257812500e+02 1.9167125017e-11 6.4928090150e-12 1.2674316002e-11
1.4263916016e+02 1.9126796984e-11 6.4793035986e-12 1.2647493386e-11
1.4270019531e+02 1.9086515930e-11 6.4658107366e-12 1.2620705193e-11
1.4276123047e+02 1.9046293171e-11 6.4523293278e-12 1.2593963843e-11
1.4282226562e+02 1.9006141474e-11 6.4388595414e-12 1.2567281933e-11
1.4288330078e+02 1.8966074030e-11 6.4254031060e-12 1.2540670924e-11
1.4294433594e+02 1.8926102960e-11 6.4119630180e-12 1.2514139942e-11
1.4300537109e+02 1.8886238274e-11 6.3985432734e-12 1.2487695001e-11
1.4306640625e+02 1.8846486893e-11 6.3851485583e-12 1.2461338335e-11
1.4312744141e+02 1.8806852075e-11 6.3717838075e-12 1.2435068268e-11
1.4318847656e+02 1.8767333324e-11 6.3584536663e-12 1.2408879657e-11
1.4324951172e+02 1.8727926858e-11 6.3451621076e-12 1.2382764751e-11
1.4331054688e+02 1.8688626253e-11 6.3319119892e-12 1.2356714264e-11
1.4337158203e+02 1.8649423922e-11 6.3187048105e-12 1.2330719111e-11
1.4343261719e+02 1.8610312033e-11 6.3055405196e-12 1.2304771513e-11
1.4349365234e+02 1.8571284051e-11 6.2924176077e-12 1.2278866443e-11
1.4355468750e+02 1.8532335706e-11 6.2793333477e-12 1.2253002358e-11
1.4361572266e+02 1.8493465920e-11 6.2662841108e-12 1.2227181809e-11
1.4367675781e+02 1.8454676891e-11 6.2532658416e-12 1.2201411050e-11
1.4373779297e+02 1.8415974295e-11 6.2402747162e-12 1.2175699579e-11
1.4379882812e+02 1.8377366152e-11 6.2273073617e-12 1.2150058790e-11
1.4385986328e+02 1.8338862069e-11 6.2143614550e-12 1.2124500614e-11
1.4392089844e+02 1.8300471569e-11 6.2014357678e-12 1.2099035801e-11
1.4398193359e+02 1.8262203014e-11 6.1885303285e-12 1.2073672685e-11
1.4404296875e+02 1.8224062281e-11 6.1756462606e-12 1.2048416021e-11
1.4410400391e+02 1.8186051812e-11 6.1627856135e-12 1.2023266199e-11
1.4416503906e+02 1.8148170173e-11 6.1499508940e-12 1.1998219279e-11
1.4422607422e+02 1.8110412039e-11 6.1371447830e-12 1.1973267256e-11
1.4428710938e+02 1.8072768527e-11 6.1243697770e-12 1.1948398750e-11
1.4434814453e+02 1.8035228008e-11 6.1116277958e-12 1.1923600212e-11
1.4440917969e+02 1.7997777321e-11 6.0989200396e-12 1.1898857281e-11
1.4447021484e+02 1.7960402756e-11 6.0862468065e-12 1.1874155950e-11
1.4453125000e+02 1.7923091432e-11 6.0736073356e-12 1.1849484096e-11
1.4459228516e+02 1.7885832195e-11 6.0610000014e-12 1.1824832194e-11
1.4465332031e+02 1.7848616215e-11 6.0484222070e-12 1.1800194008e-11
1.4471435547e+02 1.7811437530e-11 6.0358706700e-12 1.1775566860e-11
1.4477539062e+02 1.7774293066e-11 6.0233415347e-12 1.1750951531e-11
1.4483642578e+02 1.7737182534e-11 6.0108307382e-12 1.1726351796e-11
1.4489746094e+02 1.7700107805e-11 5.9983341966e-12 1.1701773608e-11
1.4495849609e+02 1.7663072774e-11 5.9858481294e-12 1.1677224645e-11
1.4501953125e+02 1.7626082708e-11 5.9733694902e-12 1.1652713218e-11
1.4508056641e+02 1.7589143633e-11 5.9608963391e-12 1.1628247293e-11
1.4514160156e+02 1.7552261896e-11 5.9484279054e-12 1.1603833991e-11
1.4520263672e+02 1.7515443715e-11 5.9359647975e-12 1.1579478918e-11
1.4526367188e+02 1.7478694956e-11 5.9235089883e-12 1.1555185968e-11
1.4532470703e+02 1.7442020637e-11 5.9110637049e-12 1.1530956932e-11
1.4538574219e+02 1.7405424690e-11 5.8986329888e-12 1.1506791701e-11
1.4544677734e+02 1.7368909955e-11 5.8862214904e-12 1.1482688465e-11
1.4550781250e+02 1.7332477783e-11 5.8738340027e-12 1.1458643781e-11
1.4556884766e+02 1.7296128335e-11 5.8614751287e-12 1.1434653206e-11
1.4562988281e+02 1.7259860488e-11 5.8491488466e-12 1.1410711641e-11
1.4569091797e+02 1.7223672246e-11 5.8368583986e-12 1.1386813848e-11
1.4575195312e+02 1.7187561096e-11 5.8246061454e-12 1.1362954951e-11
1.4581298828e+02 1.7151524272e-11 5.8123935520e-12 1.1339130720e-11
1.4587402344e+02 1.7115559156e-11 5.8002212444e-12 1.1315337912e-11
1.4593505859e+02 1.7079663700e-11 5.7880890447e-12 1.1291574656e-11
1.4599609375e+02 1.7043836381e-11 5.7759959943e-12 1.1267840387e-11
1.4605712891e+02 1.7008076428e-11 5.7639405054e-12 1.1244135922e-11
1.4611816406e+02 1.6972383392e-11 5.7519203987e-12 1.1220462993e-11
1.4617919922e+02 1.6936757041e-11 5.7399329157e-12 1.1196824126e-11
1.4624023438e+02 1.6901196956e-11 5.7279748007e-12 1.1173222156e-11
1.4630126953e+02 1.6865702482e-11 5.7160424755e-12 1.1149660007e-11
1.4636230469e+02 1.6830272428e-11 5.7041320439e-12 1.1126140384e-11
1.4642333984e+02 1.6794905461e-11 5.6922396803e-12 1.1102665781e-11
1.4648437500e+02 1.6759600121e-11 5.6803616707e-12 1.1079238450e-11
1.4654541016e+02 1.6724355488e-11 5.6684949310e-12 1.1055860557e-11
1.4660644531e+02 1.6689171168e-11 5.6566369242e-12 1.1032534243e-11
1.4666748047e+02 1.6654047947e-11 5.6447860930e-12 1.1009261854e-11
1.4672851562e+02 1.6618987354e-11 5.6329418922e-12 1.0986045462e-11
1.4678955078e+02 1.6583991814e-11 5.6211047968e-12 1.0962887017e-11
1.4685058594e+02 1.6549063921e-11 5.6092761600e-12 1.0939787761e-11
1.4691162109e+02 1.6514206094e-11 5.5974582378e-12 1.0916747856e-11
1.4697265625e+02 1.6479419858e-11 5.5856539114e-12 1.0893765947e-11
1.4703369141e+02 1.6444705565e-11 5.5738664455e-12 1.0870839120e-11
1.4709472656e+02 1.6410061831e-11 5.5620990658e-12 1.0847962765e-11
1.4715576172e+02 1.6375485931e-11 5.5503548427e-12 1.0825131088e-11
1.4721679688e+02 1.6340974081e-11 5.5386363382e-12 1.0802337743e-11
1.4727783203e+02 1.6306522012e-11 5.5269455441e-12 1.0779576468e-11
1.4733886719e+02 1.6272125613e-11 5.5152836791e-12 1.0756841934e-11
1.4739990234e+02 1.6237781708e-11 5.5036512598e-12 1.0734130448e-11
1.4746093750e+02 1.6203488561e-11 5.4920480854e-12 1.0711440475e-11
1.4752197266e+02 1.6169246174e-11 5.4804734758e-12 1.0688772698e-11
1.4758300781e+02 1.6135056551e-11 5.4689262849e-12 1.0666130266e-11
1.4764404297e+02 1.6100923326e-11 5.4574051304e-12 1.0643518195e-11
1.4770507812e+02 1.6066851747e-11 5.4459084553e-12 1.0620943292e-11
1.4776611328e+02 1.6032848123e-11 5.4344347476e-12 1.0598413375e-11
1.4782714844e+02 1.5998919339e-11 5.4229825168e-12 1.0575936822e-11
1.4788818359e+02 1.5965072439e-11 5.4115505752e-12 1.0553521864e-11
1.4794921875e+02 1.5931314046e-11 5.4001379064e-12 1.0531176140e-11
1.4801025391e+02 1.5897649911e-11 5.3887438896e-12 1.0508906022e-11
1.4807128906e+02 1.5864084378e-11 5.3773683800e-12 1.0486715998e-11
1.4813232422e+02 1.5830619791e-11 5.3660116263e-12 1.0464608164e-11
1.4819335938e+02 1.5797256212e-11 5.3546742962e-12 1.0442581916e-11
1.4825439453e+02 1.5763991225e-11 5.3433575291e-12 1.0420633696e-11
1.4831542969e+02 1.5730819557e-11 5.3320625738e-12 1.0398756984e-11
1.4837646484e+02 1.5697733332e-11 5.3207907739e-12 1.0376942559e-11
1.4843750000e+02 1.5664722550e-11 5.3095432433e-12 1.0355179307e-11
1.4849853516e+02 1.5631775798e-11 5.2983207546e-12 1.0333455043e-11
1.4855957031e+02 1.5598880903e-11 5.2871234683e-12 1.0311757434e-11
1.4862060547e+02 1.5566026216e-11 5.2759509548e-12 1.0290075261e-11
1.4868164062e+02 1.5533201506e-11 5.2648021497e-12 1.0268399356e-11
1.4874267578e+02 1.5500398962e-11 5.2536755714e-12 1.0246723391e-11
1.4880371094e+02 1.5467613816e-11 5.2425694332e-12 1.0225044383e-11
1.4886474609e+02 1.5434844823e-11 5.2314819098e-12 1.0203362913e-11
1.4892578125e+02 1.5402094481e-11 5.2204115059e-12 1.0181682975e-11
1.4898681641e+02 1.5369368604e-11 5.2093572432e-12 1.0160011361e-11
1.4904785156e+02 1.5336675867e-11 5.1983189468e-12 1.0138356920e-11
1.4910888672e+02 1.5304027010e-11 5.1872972713e-12 1.0116729739e-11
1.4916992188e+02 1.5271433829e-11 5.1762938637e-12 1.0095139965e-11
1.4923095703e+02 1.5238908172e-11 5.1653112318e-12 1.0073596941e-11
1.4929199219e+02 1.5206461010e-11 5.1543525751e-12 1.0052108435e-11
1.4935302734e+02 1.5174101588e-11 5.1434216500e-12 1.0030679938e-11
1.4941406250e+02 1.5141836674e-11 5.1325223573e-12 1.0009314316e-11
1.4947509766e+02 1.5109670545e-11 5.1216585120e-12 9.9880120334e-12
1.4953613281e+02 1.5077604853e-11 5.1108334812e-12 9.9667713713e-12
1.4959716797e+02 1.5045638832e-11 5.1000499414e-12 9.9455888910e-12
1.4965820312e+02 1.5013769780e-11 5.0893094293e-12 9.9244603504e-12
1.4971923828e+02 1.4981993858e-11 5.0786125295e-12 9.9033813282e-12
1.4978027344e+02 1.4950306340e-11 5.0679584858e-12 9.8823478542e-12
1.4984130859e+02 1.4918702454e-11 5.0573453950e-12 9.8613570592e-12
1.4990234375e+02 1.4887177717e-11 5.0467702883e-12 9.8404074283e-12
1.4996337891e+02 1.4855728094e-11 5.0362294401e-12 9.8194986540e-12
1.5002441406e+02 1.4824350214e-11 5.0257184665e-12 9.7986317471e-12
1.5008544922e+02 1.4793041275e-11 5.0152327539e-12 9.7778085207e-12
1.5014648438e+02 1.4761798943e-11 5.0047677470e-12 9.7570311961e-12
1.5020751953e+02 1.4730621356e-11 4.9943192063e-12 9.7363021501e-12
1.5026855469e+02 1.4699507009e-11 4.9838833679e-12 9.7156236413e-12
1.5032958984e+02 1.4668454851e-11 4.9734573167e-12 9.6949975344e-12
1.5039062500e+02 1.4637464402e-11 4.9630389923e-12 9.6744254093e-12
1.5045166016e+02 1.4606535834e-11 4.9526272338e-12 9.6539086003e-12
1.5051269531e+02 1.4575670194e-11 4.9422217595e-12 9.6334484345e-12
1.5057373047e+02 1.4544869202e-11 4.9318231108e-12 9.6130460917e-12
1.5063476562e+02 1.4514135118e-11 4.9214324719e-12 9.5927026464e-12
1.5069580078e+02 1.4483470655e-11 4.9110515210e-12 9.5724191343e-12
1.5075683594e+02 1.4452878359e-11 4.9006821001e-12 9.5521962585e-12
1.5081787109e+02 1.4422360279e-11 4.8903261906e-12 9.5320340888e-12
1.5087890625e+02 1.4391917396e-11 4.8799856040e-12 9.5119317916e-12
1.5093994141e+02 1.4361549298e-11 4.8696619277e-12 9.4918873702e-12
1.5100097656e+02 1.4331253829e-11 4.8593563238e-12 9.4718975055e-12
1.5106201172e+02 1.4301027099e-11 4.8490697113e-12 9.4519573880e-12
1.5112304688e+02 1.4270863489e-11 4.8388026135e-12 9.4320608759e-12
1.5118408203e+02 1.4240756150e-11 4.8285552781e-12 9.4122008717e-12
1.5124511719e+02 1.4210697446e-11 4.8183276978e-12 9.3923697480e-12
1.5130615234e+02 1.4180679724e-11 4.8081197823e-12 9.3725599421e-12
1.5136718750e+02 1.4150695812e-11 4.7979311977e-12 9.3527646147e-12
1.5142822266e+02 1.4120739905e-11 4.7877617237e-12 9.3329781811e-12
1.5148925781e+02 1.4090808122e-11 4.7776110597e-12 9.3131970625e-12
1.5155029297e+02 1.4060898968e-11 4.7674790129e-12 9.2934199547e-12
1.5161132812e+02 1.4031013542e-11 4.7573654465e-12 9.2736480960e-12
1.5167236328e+02 1.4001155567e-11 4.7472703123e-12 9.2538852546e-12
1.5173339844e+02 1.3971331059e-11 4.7371937921e-12 9.2341372671e-12
1.5179443359e+02 1.3941547890e-11 4.7271363205e-12 9.2144115698e-12
1.5185546875e+02 1.3911814922e-11 4.7170984699e-12 9.1947164523e-12
1.5191650391e+02 1.3882141330e-11 4.7070809775e-12 9.1750603526e-12
1.5197753906e+02 1.3852535381e-11 4.6970846088e-12 9.1554507726e-12
1.5203857422e+02 1.3823003542e-11 4.6871100325e-12 9.1358935097e-12
1.5209960938e+02 1.3793549998e-11 4.6771576611e-12 9.1163923364e-12
1.5216064453e+02 1.3764175941e-11 4.6672274612e-12 9.0969484801e-12
1.5222167969e+02 1.3734879623e-11 4.6573189645e-12 9.0775606583e-12
1.5228271484e+02 1.3705656574e-11 4.6474311002e-12 9.0582254737e-12
1.5234375000e+02 1.3676500242e-11 4.6375622908e-12 9.0389379508e-12
1.5240478516e+02 1.3647402763e-11 4.6277106230e-12 9.0196921404e-12
1.5246582031e+02 1.3618355884e-11 4.6178738598e-12 9.0004820239e-12
1.5252685547e+02 1.3589351966e-11 4.6080497231e-12 8.9813022430e-12
1.5258789062e+02 1.3560384874e-11 4.5982361738e-12 8.9621487003e-12
1.5264892578e+02 1.3531450444e-11 4.5884315353e-12 8.9430189085e-12
1.5270996094e+02 1.3502547067e-11 4.5786346884e-12 8.9239123781e-12
1.5277099609e+02 1.3473675720e-11 4.5688452008e-12 8.9048305196e-12
1.5283203125e+02 1.3444839512e-11 4.5590632967e-12 8.8857762155e-12
1.5289306641e+02 1.3416043675e-11 4.5492900785e-12 8.8667535962e-12
1.5295410156e+02 1.3387294811e-11 4.5395273340e-12 8.8477674767e-12
1.5301513672e+02 1.3358600093e-11 4.5297775754e-12 8.8288225174e-12
1.5307617188e+02 1.3329966749e-11 4.5200437440e-12 8.8099230054e-12
1.5313720703e+02 1.3301401349e-11 4.5103292230e-12 8.7910721258e-12
1.5319824219e+02 1.3272909241e-11 4.5006374512e-12 8.7722717903e-12
1.5325927734e+02 1.3244494232e-11 4.4909718747e-12 8.7535223574e-12
1.5332031250e+02 1.3216158207e-11 4.4813355634e-12 8.7348226435e-12
1.5338134766e+02 1.3187901287e-11 4.4717311223e-12 8.7161701642e-12
1.5344238281e+02 1.3159721641e-11 4.4621603500e-12 8.6975612911e-12
1.5350341797e+02 1.3131616076e-11 4.4526243776e-12 8.6789916985e-12
1.5356445312e+02 1.3103580335e-11 4.4431235564e-12 8.6604567790e-12
1.5362548828e+02 1.3075609787e-11 4.4336576015e-12 8.6419521856e-12
1.5368652344e+02 1.3047700056e-11 4.4242257164e-12 8.6234743397e-12
1.5374755859e+02 1.3019847414e-11 4.4148267394e-12 8.6050206744e-12
1.5380859375e+02 1.2992049290e-11 4.4054593540e-12 8.5865899357e-12
1.5386962891e+02 1.2964304482e-11 4.3961221905e-12 8.5681822913e-12
1.5393066406e+02 1.2936612870e-11 4.3868137687e-12 8.5497991012e-12
1.5399169922e+02 1.2908975428e-11 4.3775325155e-12 8.5314429126e-12
1.5405273438e+02 1.2881393731e-11 4.3682766878e-12 8.5131170431e-12
1.5411376953e+02 1.2853869327e-11 4.3590442916e-12 8.4948250352e-12
1.5417480469e+02 1.2826403149e-11 4.3498328530e-12 8.4765702965e-12
1.5423583984e+02 1.2798995152e-11 4.3406394685e-12 8.4583556839e-12
1.5429687500e+02 1.2771643759e-11 4.3314607662e-12 8.4401829926e-12
1.5435791016e+02 1.2744345884e-11 4.3222931186e-12 8.4220527651e-12
1.5441894531e+02 1.2717096986e-11 4.3131327761e-12 8.4039642102e-12
1.5447998047e+02 1.2689891531e-11 4.3039761776e-12 8.3859153532e-12
1.5454101562e+02 1.2662723661e-11 4.2948201605e-12 8.3679035008e-12
1.5460205078e+02 1.2635587848e-11 4.2856624210e-12 8.3499254269e-12
1.5466308594e+02 1.2608479324e-11 4.2765015830e-12 8.3319777410e-12
1.5472412109e+02 1.2581394812e-11 4.2673374721e-12 8.3140573404e-12
1.5478515625e+02 1.2554332866e-11 4.2581710972e-12 8.2961617684e-12
1.5484619141e+02 1.2527293957e-11 4.2490045003e-12 8.2782894566e-12
1.5490722656e+02 1.2500280410e-11 4.2398406634e-12 8.2604397463e-12
1.5496826172e+02 1.2473296152e-11 4.2306832351e-12 8.2426129174e-12
1.5502929688e+02 1.2446346387e-11 4.2215362341e-12 8.2248101528e-12
1.5509033203e+02 1.2419437327e-11 4.2124037477e-12 8.2070335794e-12
1.5515136719e+02 1.2392575841e-11 4.2032896763e-12 8.1892861643e-12
1.5521240234e+02 1.2365769151e-11 4.1941976259e-12 8.1715715246e-12
1.5527343750e+02 1.2339024503e-11 4.1851306099e-12 8.1538938928e-12
1.5533447266e+02 1.2312349059e-11 4.1760910682e-12 8.1362579903e-12
1.5539550781e+02 1.2285749575e-11 4.1670808603e-12 8.1186687147e-12
1.5545654297e+02 1.2259231943e-11 4.1581012128e-12 8.1011307304e-12
1.5551757812e+02 1.2232801065e-11 4.1491528173e-12 8.0836482475e-12
1.5557861328e+02 1.2206460262e-11 4.1402358680e-12 8.0662243943e-12
1.5563964844e+02 1.2180210913e-11 4.1313500018e-12 8.0488609112e-12
1.5570068359e+02 1.2154052202e-11 4.1224943159e-12 8.0315578861e-12
1.5576171875e+02 1.2127981138e-11 4.1136674296e-12 8.0143137084e-12
1.5582275391e+02 1.2101992660e-11 4.1048675329e-12 7.9971251274e-12
1.5588378906e+02 1.2076079865e-11 4.0960923901e-12 7.9799874749e-12
1.5594482422e+02 1.2050234767e-11 4.0873394468e-12 7.9628953204e-12
1.5600585938e+02 1.2024448595e-11 4.0786058836e-12 7.9458427117e-12
1.5606689453e+02 1.1998712778e-11 4.0698888710e-12 7.9288239070e-12
1.5612792969e+02 1.1973019429e-11 4.0611857187e-12 7.9118337101e-12
1.5618896484e+02 1.1947362015e-11 4.0524941495e-12 7.8948678654e-12
1.5625000000e+02 1.1921735418e-11 4.0438123515e-12 7.8779230666e-12
1.5631103516e+02 1.1896136204e-11 4.0351391712e-12 7.8609970324e-12
1.5637207031e+02 1.1870562461e-11 4.0264740624e-12 7.8440883983e-12
1.5643310547e+02 1.1845013837e-11 4.0178172943e-12 7.8271965425e-12
1.5649414062e+02 1.1819490935e-11 4.0091697153e-12 7.8103212196e-12
1.5655517578e+02 1.1793995463e-11 4.0005327680e-12 7.7934626945e-12
1.5661621094e+02 1.1768529666e-11 3.9919082357e-12 7.7766214305e-12
1.5667724609e+02 1.1743096387e-11 3.9832981470e-12 7.7597982401e-12
1.5673828125e+02 1.1717698774e-11 3.9747046699e-12 7.7429941044e-12
1.5679931641e+02 1.1692340336e-11 3.9661299001e-12 7.7262104364e-12
1.5686035156e+02 1.1667024873e-11 3.9575757899e-12 7.7094490828e-12
1.5692138672e+02 1.1641756306e-11 3.9490440712e-12 7.6927122349e-12
1.5698242188e+02 1.1616538640e-11 3.9405361380e-12 7.6760025019e-12
1.5704345703e+02 1.1591375756e-11 3.9320529619e-12 7.6593227945e-12
1.5710449219e+02 1.1566271057e-11 3.9235950724e-12 7.6426759851e-12
1.5716552734e+02 1.1541227159e-11 3.9151624355e-12 7.6260647233e-12
1.5722656250e+02 1.1516245742e-11 3.9067544576e-12 7.6094912842e-12
1.5728759766e+02 1.1491327542e-11 3.8983701033e-12 7.5929574392e-12
1.5734863281e+02 1.1466472174e-11 3.8900079182e-12 7.5764642563e-12
1.5740966797e+02 1.1441678308e-11 3.8816661751e-12 7.5600121325e-12
1.5747070312e+02 1.1416943949e-11 3.8733429671e-12 7.5436009822e-12
1.5753173828e+02 1.1392266627e-11 3.8650363835e-12 7.5272302435e-12
1.5759277344e+02 1.1367643606e-11 3.8567446241e-12 7.5108989821e-12
1.5765380859e+02 1.1343072159e-11 3.8484660518e-12 7.4946061075e-12
1.5771484375e+02 1.1318549811e-11 3.8401992308e-12 7.4783505798e-12
1.5777587891e+02 1.1294074656e-11 3.8319430490e-12 7.4621316069e-12
1.5783691406e+02 1.1269645199e-11 3.8236965767e-12 7.4459486221e-12
1.5789794922e+02 1.1245260690e-11 3.8154591746e-12 7.4298015149e-12
1.5795898438e+02 1.1220921067e-11 3.8072303765e-12 7.4136906906e-12
1.5802001953e+02 1.1196627159e-11 3.7990100861e-12 7.3976170731e-12
1.5808105469e+02 1.1172380932e-11 3.7907984783e-12 7.3815824537e-12
1.5814208984e+02 1.1148185446e-11 3.7825960470e-12 7.3655893987e-12
1.5820312500e+02 1.1124044709e-11 3.7744036193e-12 7.3496410893e-12
1.5826416016e+02 1.1099963325e-11 3.7662222693e-12 7.3337410561e-12
1.5832519531e+02 1.1075946023e-11 3.7580531586e-12 7.3178928646e-12
1.5838623047e+02 1.1051997157e-11 3.7498975757e-12 7.3020995817e-12
1.5844726562e+02 1.1028119715e-11 3.7417565756e-12 7.2863631390e-12
1.5850830078e+02 1.1004314756e-11 3.7336308547e-12 7.2706839013e-12
1.5856933594e+02 1.0980581092e-11 3.7255208501e-12 7.2550602418e-12
1.5863037109e+02 1.0956914970e-11 3.7174266098e-12 7.2394883601e-12
1.5869140625e+02 1.0933310260e-11 3.7093478172e-12 7.2239624429e-12
1.5875244141e+02 1.0909758949e-11 3.7012840033e-12 7.2084749459e-12
1.5881347656e+02 1.0886251852e-11 3.6932345985e-12 7.1930172535e-12
1.5887451172e+02 1.0862779532e-11 3.6851990927e-12 7.1775804390e-12
1.5893554688e+02 1.0839333449e-11 3.6771771910e-12 7.1621562577e-12
1.5899658203e+02 1.0815906745e-11 3.6691688734e-12 7.1467378717e-12
1.5905761719e+02 1.0792494932e-11 3.6611743616e-12 7.1313205701e-12
1.5911865234e+02 1.0769096369e-11 3.6531941447e-12 7.1159022239e-12
1.5917968750e+02 1.0745712274e-11 3.6452288924e-12 7.1004833817e-12
1.5924072266e+02 1.0722346699e-11 3.6372793809e-12 7.0850673185e-12
1.5930175781e+02 1.0699005895e-11 3.6293464397e-12 7.0696594553e-12
1.5936279297e+02 1.0675697754e-11 3.6214308950e-12 7.0542668593e-12
1.5942382812e+02 1.0652430869e-11 3.6135335512e-12 7.0388973177e-12
1.5948486328e+02 1.0629213522e-11 3.6056551022e-12 7.0235584203e-12
1.5954589844e+02 1.0606052748e-11 3.5977960444e-12 7.0082567035e-12
1.5960693359e+02 1.0582953545e-11 3.5899567216e-12 6.9929968230e-12
1.5966796875e+02 1.0559918179e-11 3.5821373053e-12 6.9777808739e-12
1.5972900391e+02 1.0536946071e-11 3.5743377471e-12 6.9626083237e-12
1.5979003906e+02 1.0514033561e-11 3.5665577270e-12 6.9474758340e-12
1.5985107422e+02 1.0491174624e-11 3.5587966876e-12 6.9323779368e-12
1.5991210938e+02 1.0468361495e-11 3.5510539459e-12 6.9173075492e-12
1.5997314453e+02 1.0445585780e-11 3.5433286753e-12 6.9022571043e-12
1.6003417969e+02 1.0422839445e-11 3.5356200005e-12 6.8872194445e-12
1.6009521484e+02 1.0400115839e-11 3.5279270948e-12 6.8721887440e-12
1.6015625000e+02 1.0377410633e-11 3.5202492801e-12 6.8571613533e-12
1.6021728516e+02 1.0354722140e-11 3.5125860977e-12 6.8421360426e-12
1.6027832031e+02 1.0332051459e-11 3.5049373304e-12 6.8271141289e-12
1.6033935547e+02 1.0309402348e-11 3.4973030423e-12 6.8120993056e-12
1.6040039062e+02 1.0286780528e-11 3.4896836254e-12 6.7970969030e-12
1.6046142578e+02 1.0264192964e-11 3.4820797292e-12 6.7821132344e-12
1.6052246094e+02 1.0241647123e-11 3.4744921443e-12 6.7671549789e-12
1.6058349609e+02 1.0219150263e-11 3.4669219196e-12 6.7522283439e-12
1.6064453125e+02 1.0196708899e-11 3.4593701376e-12 6.7373387616e-12
1.6070556641e+02 1.0174328393e-11 3.4518378588e-12 6.7224905343e-12
1.6076660156e+02 1.0152012909e-11 3.4443260483e-12 6.7076868603e-12
1.6082763672e+02 1.0129765431e-11 3.4368355032e-12 6.6929299281e-12
1.6088867188e+02 1.0107587962e-11 3.4293667508e-12 6.6782212110e-12
1.6094970703e+02 1.0085481860e-11 3.4219200020e-12 6.6635618578e-12
1.6101074219e+02 1.0063447921e-11 3.4144951010e-12 6.6489528197e-12
1.6107177734e+02 1.0041486595e-11 3.4070915737e-12 6.6343950209e-12
1.6113281250e+02 1.0019597733e-11 3.3997084215e-12 6.6198893119e-12
1.6119384766e+02 9.9977806522e-12 3.3923444115e-12 6.6054362408e-12
1.6125488281e+02 9.9760336669e-12 3.3849979478e-12 6.5910357191e-12
1.6131591797e+02 9.9543538429e-12 3.3776672054e-12 6.5766866376e-12
1.6137695312e+02 9.9327368914e-12 3.3703502124e-12 6.5623866790e-12
1.6143798828e+02 9.9111771305e-12 3.3630450910e-12 6.5481320395e-12
1.6149902344e+02 9.8896674322e-12 3.3557500485e-12 6.5339173837e-12
1.6156005859e+02 9.8681998746e-12 3.3484636425e-12 6.5197362321e-12
1.6162109375e+02 9.8467662901e-12 3.3411848612e-12 6.5055814289e-12
1.6168212891e+02 9.8253588167e-12 3.3339130042e-12 6.4914458125e-12
1.6174316406e+02 9.8039709104e-12 3.3266479011e-12 6.4773230093e-12
1.6180419922e+02 9.7825980381e-12 3.3193898260e-12 6.4632082121e-12
1.6186523438e+02 9.7612379822e-12 3.3121393189e-12 6.4490986633e-12
1.6192626953e+02 9.7398910202e-12 3.3048971079e-12 6.4349939123e-12
1.6198730469e+02 9.7185600164e-12 3.2976640715e-12 6.4208959449e-12
1.6204833984e+02 9.6972497771e-12 3.2904410635e-12 6.4068087136e-12
1.6210937500e+02 9.6759662993e-12 3.2832289236e-12 6.3927373757e-12
1.6217041016e+02 9.6547161365e-12 3.2760284861e-12 6.3786876504e-12
1.6223144531e+02 9.6335052233e-12 3.2688405473e-12 6.3646646759e-12
1.6229248047e+02 9.6123380337e-12 3.2616658420e-12 6.3506721917e-12
1.6235351562e+02 9.5912168074e-12 3.2545050820e-12 6.3367117254e-12
1.6241455078e+02 9.5701412459e-12 3.2473589156e-12 6.3227823303e-12
1.6247558594e+02 9.5491084003e-12 3.2402279224e-12 6.3088804778e-12
1.6253662109e+02 9.5281128919e-12 3.2331125750e-12 6.2950003169e-12
1.6259765625e+02 9.5071478251e-12 3.2260132354e-12 6.2811345898e-12
1.6265869141e+02 9.4862052903e-12 3.2189300447e-12 6.2672752456e-12
1.6271972656e+02 9.4652777801e-12 3.2118630078e-12 6.2534147723e-12
1.6278076172e+02 9.4443591176e-12 3.2048120475e-12 6.2395470701e-12
1.6284179688e+02 9.4234454808e-12 3.1977770660e-12 6.2256684148e-12
1.6290283203e+02 9.4025362685e-12 3.1907581321e-12 6.2117781364e-12
1.6296386719e+02 9.3816340918e-12 3.1837553565e-12 6.1978787352e-12
1.6302490234e+02 9.3607448444e-12 3.1767690360e-12 6.1839758083e-12
1.6308593750e+02 9.3398769995e-12 3.1697995983e-12 6.1700774012e-12
1.6314697266e+02 9.3190408970e-12 3.1628474936e-12 6.1561934033e-12
1.6320800781e+02 9.2982476265e-12 3.1559130726e-12 6.1423345539e-12
1.6326904297e+02 9.2775078433e-12 3.1489964720e-12 6.1285113713e-12
1.6333007812e+02 9.2568308652e-12 3.1420974439e-12 6.1147334212e-12
1.6339111328e+02 9.2362239815e-12 3.1352153446e-12 6.1010086369e-12
1.6345214844e+02 9.2156919415e-12 3.1283490289e-12 6.0873429126e-12
1.6351318359e+02 9.1952368393e-12 3.1214968718e-12 6.0737399675e-12
1.6357421875e+02 9.1748585232e-12 3.1146569784e-12 6.0602015448e-12
1.6363525391e+02 9.1545548078e-12 3.1078272711e-12 6.0467275366e-12
1.6369628906e+02 9.1343221445e-12 3.1010056118e-12 6.0333165327e-12
1.6375732422e+02 9.1141562705e-12 3.0941900918e-12 6.0199661788e-12
1.6381835938e+02 9.0940529773e-12 3.0873792483e-12 6.0066737289e-12
1.6387939453e+02 9.0740084112e-12 3.0805721775e-12 5.9934362337e-12
1.6394042969e+02 9.0540195361e-12 3.0737686125e-12 5.9802509235e-12
1.6400146484e+02 9.0340844106e-12 3.0669691335e-12 5.9671152771e-12
1.6406250000e+02 9.0142020530e-12 3.0601751045e-12 5.9540269485e-12
1.6412353516e+02 8.9943721666e-12 3.0533885660e-12 5.9409836006e-12
1.6418457031e+02 8.9745949414e-12 3.0466121826e-12 5.9279827588e-12
1.6424560547e+02 8.9548704596e-12 3.0398489719e-12 5.9150214877e-12
1.6430664062e+02 8.9351980562e-12 3.0331020269e-12 5.9020960293e-12
1.6436767578e+02 8.9155760885e-12 3.0263742577e-12 5.8892018309e-12
1.6442871094e+02 8.8960019070e-12 3.0196681450e-12 5.8763337620e-12
1.6448974609e+02 8.8764715324e-12 3.0129855098e-12 5.8634860226e-12
1.6455078125e+02 8.8569800246e-12 3.0063272440e-12 5.8506527806e-12
1.6461181641e+02 8.8375222473e-12 2.9996934013e-12 5.8378288461e-12
1.6467285156e+02 8.8180932151e-12 2.9930831647e-12 5.8250100503e-12
1.6473388672e+02 8.7986887565e-12 2.9864949388e-12 5.8121938178e-12
1.6479492188e+02 8.7793060611e-12 2.9799266645e-12 5.7993793966e-12
1.6485595703e+02 8.7599438053e-12 2.9733759403e-12 5.7865678651e-12
1.6491699219e+02 8.7406021444e-12 2.9668403204e-12 5.7737618240e-12
1.6497802734e+02 8.7212825174e-12 2.9603175377e-12 5.7609649797e-12
1.6503906250e+02 8.7019871742e-12 2.9538056169e-12 5.7481815573e-12
1.6510009766e+02 8.6827184365e-12 2.9473029280e-12 5.7354155085e-12
1.6516113281e+02 8.6634783506e-12 2.9408082484e-12 5.7226701022e-12
1.6522216797e+02 8.6442684940e-12 2.9343207201e-12 5.7099477739e-12
1.6528320312e+02 8.6250895413e-12 2.9278396911e-12 5.6972498502e-12
1.6534423828e+02 8.6059415488e-12 2.9213647456e-12 5.6845768031e-12
1.6540527344e+02 8.5868240825e-12 2.9148956304e-12 5.6719284521e-12
1.6546630859e+02 8.5677366209e-12 2.9084322384e-12 5.6593043825e-12
1.6552734375e+02 8.5486788407e-12 2.9019745819e-12 5.6467042588e-12
1.6558837891e+02 8.5296509752e-12 2.8955229111e-12 5.6341280641e-12
1.6564941406e+02 8.5106540160e-12 2.8890776938e-12 5.6215763223e-12
1.6571044922e+02 8.4916897002e-12 2.8826396982e-12 5.6090500020e-12
1.6577148438e+02 8.4727608375e-12 2.8762100947e-12 5.5965507428e-12
1.6583251953e+02 8.4538708650e-12 2.8697903736e-12 5.5840804914e-12
1.6589355469e+02 8.4350238709e-12 2.8633822347e-12 5.5716416362e-12
1.6595458984e+02 8.4162242749e-12 2.8569875666e-12 5.5592367083e-12
1.6601562500e+02 8.3974766823e-12 2.8506082471e-12 5.5468684352e-12
1.6607666016e+02 8.3787856053e-12 2.8442460567e-12 5.5345395486e-12
1.6613769531e+02 8.3601550376e-12 2.8379024010e-12 5.5222526366e-12
1.6619873047e+02 8.3415882386e-12 2.8315783612e-12 5.5100098774e-12
1.6625976562e+02 8.3230872126e-12 2.8252744683e-12 5.4978127442e-12
1.6632080078e+02 8.3046524837e-12 2.8189907729e-12 5.4856617108e-12
1.6638183594e+02 8.2862827947e-12 2.8127268572e-12 5.4735559375e-12
1.6644287109e+02 8.2679752082e-12 2.8064819464e-12 5.4614932618e-12
1.6650390625e+02 8.2497250859e-12 2.8002550489e-12 5.4494700369e-12
1.6656494141e+02 8.2315264018e-12 2.7940450691e-12 5.4374813327e-12
1.6662597656e+02 8.2133722119e-12 2.7878509637e-12 5.4255212482e-12
1.6668701172e+02 8.1952552522e-12 2.7816718160e-12 5.4135834362e-12
1.6674804688e+02 8.1771685658e-12 2.7755068927e-12 5.4016616731e-12
1.6680908203e+02 8.1591059027e-12 2.7693556582e-12 5.3897502445e-12
1.6687011719e+02 8.1410623095e-12 2.7632177294e-12 5.3778445801e-12
1.6693115234e+02 8.1230342448e-12 2.7570927505e-12 5.3659414943e-12
1.6699218750e+02 8.1050197676e-12 2.7509803809e-12 5.3540393866e-12
1.6705322266e+02 8.0870183213e-12 2.7448802338e-12 5.3421380874e-12
1.6711425781e+02 8.0690305157e-12 2.7387917032e-12 5.3302388125e-12
1.6717529297e+02 8.0510579529e-12 2.7327140821e-12 5.3183438708e-12
1.6723632812e+02 8.0331029450e-12 2.7266465240e-12 5.3064564209e-12
1.6729736328e+02 8.0151683433e-12 2.7205881737e-12 5.2945801696e-12
1.6735839844e+02 7.9972574537e-12 2.7145382889e-12 5.2827191648e-12
1.6741943359e+02 7.9793738139e-12 2.7084962842e-12 5.2708775297e-12
1.6748046875e+02 7.9615212791e-12 2.7024619528e-12 5.2590593262e-12
1.6754150391e+02 7.9437037622e-12 2.6964354237e-12 5.2472683385e-12
1.6760253906e+02 7.9259252133e-12 2.6904172872e-12 5.2355079260e-12
1.6766357422e+02 7.9081892822e-12 2.6844085799e-12 5.2237807023e-12
1.6772460938e+02 7.8904989158e-12 2.6784106034e-12 5.2120883124e-12
1.6778564453e+02 7.8728562022e-12 2.6724249036e-12 5.2004312986e-12
1.6784667969e+02 7.8552621141e-12 2.6664531135e-12 5.1888090006e-12
1.6790771484e+02 7.8377161711e-12 2.6604967059e-12 5.1772194652e-12
1.6796875000e+02 7.8202165547e-12 2.6545568587e-12 5.1656596960e-12
1.6802978516e+02 7.8027603220e-12 2.6486343779e-12 5.1541259441e-12
1.6809082031e+02 7.7853435678e-12 2.6427295434e-12 5.1426140244e-12
1.6815185547e+02 7.7679618911e-12 2.6368421662e-12 5.1311197248e-12
1.6821289062e+02 7.7506108738e-12 2.6309715436e-12 5.1196393302e-12
1.6827392578e+02 7.7332865761e-12 2.6251165794e-12 5.1081699967e-12
1.6833496094e+02 7.7159858134e-12 2.6192759478e-12 5.0967098657e-12
1.6839599609e+02 7.6987063653e-12 2.6134482374e-12 5.0852581279e-12
1.6845703125e+02 7.6814471215e-12 2.6076320535e-12 5.0738150680e-12
1.6851806641e+02 7.6642080547e-12 2.6018261245e-12 5.0623819302e-12
1.6857910156e+02 7.6469899695e-12 2.5960293784e-12 5.0509605911e-12
1.6864013672e+02 7.6297942382e-12 2.5902410102e-12 5.0395532280e-12
1.6870117188e+02 7.6126226763e-12 2.5844603537e-12 5.0281623227e-12
1.6876220703e+02 7.5954772563e-12 2.5786869422e-12 5.0167903141e-12
1.6882324219e+02 7.5783599320e-12 2.5729204517e-12 5.0054394803e-12
1.6888427734e+02 7.5612723710e-12 2.5671605653e-12 4.9941118057e-12
1.6894531250e+02 7.5442159729e-12 2.5614069782e-12 4.9828089947e-12
1.6900634766e+02 7.5271916824e-12 2.5556594739e-12 4.9715322085e-12
1.6906738281e+02 7.5102001344e-12 2.5499178841e-12 4.9602822502e-12
1.6912841797e+02 7.4932416817e-12 2.5441821475e-12 4.9490595342e-12
1.6918945312e+02 7.4763164562e-12 2.5384523694e-12 4.9378640868e-12
1.6925048828e+02 7.4594244197e-12 2.5327289049e-12 4.9266955148e-12
1.6931152344e+02 7.4425654766e-12 2.5270122725e-12 4.9155532041e-12
1.6937255859e+02 7.4257395548e-12 2.5213033154e-12 4.9044362394e-12
1.6943359375e+02 7.4089465901e-12 2.5156030598e-12 4.8933435303e-12
1.6949462891e+02 7.3921866651e-12 2.5099127573e-12 4.8822739078e-12
1.6955566406e+02 7.3754599541e-12 2.5042338211e-12 4.8712261330e-12
1.6961669922e+02 7.3587667450e-12 2.4985677623e-12 4.8601989827e-12
1.6967773438e+02 7.3421075315e-12 2.4929161750e-12 4.8491913565e-12
1.6973876953e+02 7.3254830905e-12 2.4872805714e-12 4.8382025190e-12
1.6979980469e+02 7.3088944770e-12 2.4816623798e-12 4.8272320972e-12
1.6986083984e+02 7.2923431168e-12 2.4760628816e-12 4.8162802351e-12
1.6992187500e+02 7.2758308338e-12 2.4704830061e-12 4.8053478278e-12
1.6998291016e+02 7.2593598131e-12 2.4649233112e-12 4.7944365019e-12
1.7004394531e+02 7.2429325847e-12 2.4593839175e-12 4.7835486671e-12
1.7010498047e+02 7.2265519675e-12 2.4538644966e-12 4.7726874709e-12
1.7016601562e+02 7.2102209147e-12 2.4483643329e-12 4.7618565818e-12
1.7022705078e+02 7.1939422683e-12 2.4428823688e-12 4.7510598996e-12
1.7028808594e+02 7.1777185127e-12 2.4374173565e-12 4.7403011562e-12
1.7034912109e+02 7.1615515900e-12 2.4319680216e-12 4.7295835684e-12
1.7041015625e+02 7.1454424486e-12 2.4265331486e-12 4.7189093000e-12
1.7047119141e+02 7.1293908980e-12 2.4211117088e-12 4.7082791892e-12
1.7053222656e+02 7.1133954150e-12 2.4157029343e-12 4.6976924808e-12
1.7059326172e+02 7.0974528495e-12 2.4103062529e-12 4.6871465966e-12
1.7065429688e+02 7.0815583244e-12 2.4049212240e-12 4.6766371004e-12
1.7071533203e+02 7.0657054008e-12 2.3995474239e-12 4.6661579769e-12
1.7077636719e+02 7.0498862959e-12 2.3941844044e-12 4.6557018915e-12
1.7083740234e+02 7.0340922838e-12 2.3888315722e-12 4.6452607116e-12
1.7089843750e+02 7.0183143146e-12 2.3834882016e-12 4.6348261129e-12
1.7095947266e+02 7.0025436951e-12 2.3781534597e-12 4.6243902354e-12
1.7102050781e+02 6.9867730221e-12 2.3728265106e-12 4.6139465115e-12
1.7108154297e+02 6.9709968344e-12 2.3675066641e-12 4.6034901704e-12
1.7114257812e+02 6.9552121323e-12 2.3621934161e-12 4.5930187162e-12
1.7120361328e+02 6.9394188435e-12 2.3568866144e-12 4.5825322292e-12
1.7126464844e+02 6.9236198860e-12 2.3515864469e-12 4.5720334391e-12
1.7132568359e+02 6.9078208834e-12 2.3462934641e-12 4.5615274193e-12
1.7138671875e+02 6.8920295981e-12 2.3410084567e-12 4.5510211414e-12
1.7144775391e+02 6.8762552938e-12 2.3357323338e-12 4.5405229600e-12
1.7150878906e+02 6.8605077592e-12 2.3304659339e-12 4.5300418254e-12
1.7156982422e+02 6.8447963375e-12 2.3252098569e-12 4.5195864806e-12
1.7163085938e+02 6.8291292557e-12 2.3199643623e-12 4.5091648934e-12
1.7169189453e+02 6.8135129158e-12 2.3147291995e-12 4.4987837163e-12
1.7175292969e+02 6.7979514708e-12 2.3095035334e-12 4.4884479374e-12
1.7181396484e+02 6.7824466447e-12 2.3042860429e-12 4.4781606019e-12
1.7187500000e+02 6.7669978315e-12 2.2990749397e-12 4.4679228919e-12
1.7193603516e+02 6.7516024195e-12 2.2938682181e-12 4.4577342014e-12
1.7199707031e+02 6.7362562176e-12 2.2886638809e-12 4.4475923367e-12
1.7205810547e+02 6.7209542940e-12 2.2834601864e-12 4.4374941076e-12
1.7211914062e+02 6.7056915261e-12 2.2782558826e-12 4.4274356435e-12
1.7218017578e+02 6.6904633329e-12 2.2730504471e-12 4.4174128858e-12
1.7224121094e+02 6.6752662618e-12 2.2678441810e-12 4.4074220807e-12
1.7230224609e+02 6.6600986489e-12 2.2626382748e-12 4.3974603741e-12
1.7236328125e+02 6.6449608072e-12 2.2574346585e-12 4.3875261487e-12
1.7242431641e+02 6.6298551661e-12 2.2522358954e-12 4.3776192707e-12
1.7248535156e+02 6.6147860286e-12 2.2470448898e-12 4.3677411389e-12
1.7254638672e+02 6.5997592410e-12 2.2418646504e-12 4.3578945905e-12
1.7260742188e+02 6.5847814124e-12 2.2366979896e-12 4.3480834228e-12
1.7266845703e+02 6.5698592108e-12 2.2315473874e-12 4.3383118234e-12
1.7272949219e+02 6.5549985175e-12 2.2264148479e-12 4.3285836696e-12
1.7279052734e+02 6.5402036398e-12 2.2213018652e-12 4.3189017745e-12
1.7285156250e+02 6.5254765391e-12 2.2162094292e-12 4.3092671100e-12
1.7291259766e+02 6.5108164918e-12 2.2111380813e-12 4.2996784106e-12
1.7297363281e+02 6.4962200787e-12 2.2060880405e-12 4.2901320382e-12
1.7303466797e+02 6.4816814068e-12 2.2010593511e-12 4.2806220558e-12
1.7309570312e+02 6.4671924970e-12 2.1960518135e-12 4.2711406834e-12
1.7315673828e+02 6.4527440814e-12 2.1910650355e-12 4.2616790459e-12
1.7321777344e+02 6.4383262417e-12 2.1860983616e-12 4.2522278801e-12
1.7327880859e+02 6.4239292549e-12 2.1811508352e-12 4.2427784197e-12
1.7333984375e+02 6.4095444193e-12 2.1762212718e-12 4.2333231475e-12
1.7340087891e+02 6.3951643641e-12 2.1713080540e-12 4.2238563101e-12
1.7346191406e+02 6.3807834900e-12 2.1664092600e-12 4.2143742299e-12
1.7352294922e+02 6.3663981380e-12 2.1615227473e-12 4.2048753906e-12
1.7358398438e+02 6.3520066449e-12 2.1566463066e-12 4.1953603383e-12
1.7364501953e+02 6.3376090724e-12 2.1517778214e-12 4.1858312510e-12
1.7370605469e+02 6.3232070153e-12 2.1469154641e-12 4.1762915512e-12
1.7376708984e+02 6.3088033088e-12 2.1420578851e-12 4.1667454237e-12
1.7382812500e+02 6.2944016590e-12 2.1372043062e-12 4.1571973528e-12
1.7388916016e+02 6.2800062481e-12 2.1323545261e-12 4.1476517220e-12
1.7395019531e+02 6.2656213719e-12 2.1275089228e-12 4.1381124491e-12
1.7401123047e+02 6.2512511316e-12 2.1226682511e-12 4.1285828806e-12
1.7407226562e+02 6.2368992191e-12 2.1178334753e-12 4.1190657437e-12
1.7413330078e+02 6.2225686863e-12 2.1130056012e-12 4.1095630851e-12
1.7419433594e+02 6.2082620447e-12 2.1081854509e-12 4.1000765938e-12
1.7425537109e+02 6.1939813231e-12 2.1033735180e-12 4.0906078052e-12
1.7431640625e+02 6.1797283276e-12 2.0985699418e-12 4.0811583857e-12
1.7437744141e+02 6.1655046412e-12 2.0937745085e-12 4.0717301327e-12
1.7443847656e+02 6.1513121215e-12 2.0889868168e-12 4.0623253047e-12
1.7449951172e+02 6.1371529157e-12 2.0842064393e-12 4.0529464765e-12
1.7456054688e+02 6.1230293801e-12 2.0794330222e-12 4.0435963579e-12
1.7462158203e+02 6.1089441664e-12 2.0746664931e-12 4.0342776733e-12
1.7468261719e+02 6.0948999716e-12 2.0699072118e-12 4.0249927598e-12
1.7474365234e+02 6.0808990126e-12 2.0651558875e-12 4.0157431251e-12
1.7480468750e+02 6.0669428221e-12 2.0604135472e-12 4.0065292748e-12
1.7486572266e+02 6.0530319400e-12 2.0556815015e-12 3.9973504385e-12
1.7492675781e+02 6.0391656618e-12 2.0509610492e-12 3.9882046125e-12
1.7498779297e+02 6.0253419668e-12 2.0462533442e-12 3.9790886225e-12
1.7504882812e+02 6.0115577035e-12 2.0415592242e-12 3.9699984793e-12
1.7510986328e+02 5.9978088936e-12 2.0368790790e-12 3.9609298146e-12
1.7517089844e+02 5.9840909189e-12 2.0322128082e-12 3.9518781107e-12
1.7523193359e+02 5.9703993199e-12 2.0275598209e-12 3.9428394991e-12
1.7529296875e+02 5.9567302798e-12 2.0229192152e-12 3.9338110646e-12
1.7535400391e+02 5.9430810115e-12 2.0182897737e-12 3.9247912379e-12
1.7541503906e+02 5.9294501735e-12 2.0136701877e-12 3.9157799858e-12
1.7547607422e+02 5.9158380434e-12 2.0090592035e-12 3.9067788399e-12
1.7553710938e+02 5.9022463202e-12 2.0044557184e-12 3.8977906018e-12
1.7559814453e+02 5.8886779847e-12 1.9998589015e-12 3.8888190832e-12
1.7565917969e+02 5.8751364987e-12 1.9952681708e-12 3.8798683279e-12
1.7572021484e+02 5.8616252714e-12 1.9906832404e-12 3.8709420310e-12
1.7578125000e+02 5.8481468894e-12 1.9861040314e-12 3.8620428580e-12
1.7584228516e+02 5.8347026286e-12 1.9815306307e-12 3.8531719979e-12
1.7590332031e+02 5.8212920482e-12 1.9769632533e-12 3.8443287950e-12
1.7596435547e+02 5.8079128908e-12 1.9724021504e-12 3.8355107404e-12
1.7602539062e+02 5.7945613827e-12 1.9678475833e-12 3.8267137994e-12
1.7608642578e+02 5.7812326186e-12 1.9632997712e-12 3.8179328474e-12
1.7614746094e+02 5.7679214299e-12 1.9587589029e-12 3.8091625270e-12
1.7620849609e+02 5.7546232105e-12 1.9542252694e-12 3.8003979411e-12
1.7626953125e+02 5.7413345774e-12 1.9496992381e-12 3.7916353393e-12
1.7633056641e+02 5.7280539612e-12 1.9451812851e-12 3.7828726761e-12
1.7639160156e+02 5.7147818226e-12 1.9406720155e-12 3.7741098070e-12
1.7645263672e+02 5.7015205534e-12 1.9361722008e-12 3.7653483525e-12
1.7651367188e+02 5.6882742439e-12 1.9316828242e-12 3.7565914197e-12
1.7657470703e+02 5.6750480386e-12 1.9272049439e-12 3.7478430946e-12
1.7663574219e+02 5.6618475493e-12 1.9227396250e-12 3.7391079243e-12
1.7669677734e+02 5.6486781289e-12 1.9182878677e-12 3.7303902612e-12
1.7675781250e+02 5.6355444315e-12 1.9138504702e-12 3.7216939612e-12
1.7681884766e+02 5.6224498962e-12 1.9094279461e-12 3.7130219501e-12
1.7687988281e+02 5.6093965164e-12 1.9050204277e-12 3.7043760887e-12
1.7694091797e+02 5.5963847262e-12 1.9006276418e-12 3.6957570844e-12
1.7700195312e+02 5.5834135202e-12 1.8962489428e-12 3.6871645774e-12
1.7706298828e+02 5.5704805829e-12 1.8918833410e-12 3.6785972419e-12
1.7712402344e+02 5.5575825800e-12 1.8875295898e-12 3.6700529902e-12
1.7718505859e+02 5.5447155298e-12 1.8831863339e-12 3.6615291959e-12
1.7724609375e+02 5.5318753133e-12 1.8788522268e-12 3.6530230865e-12
1.7730712891e+02 5.5190579957e-12 1.8745260798e-12 3.6445319159e-12
1.7736816406e+02 5.5062604421e-12 1.8702070034e-12 3.6360534387e-12
1.7742919922e+02 5.4934806882e-12 1.8658944378e-12 3.6275862504e-12
1.7749023438e+02 5.4807183255e-12 1.8615882648e-12 3.6191300607e-12
1.7755126953e+02 5.4679744577e-12 1.8572887348e-12 3.6106857230e-12
1.7761230469e+02 5.4552517895e-12 1.8529965566e-12 3.6022552329e-12
1.7767333984e+02 5.4425543195e-12 1.8487127715e-12 3.5938415481e-12
1.7773437500e+02 5.4298866358e-12 1.8444386444e-12 3.5854479915e-12
1.7779541016e+02 5.4172533251e-12 1.8401754423e-12 3.5770778828e-12
1.7785644531e+02 5.4046583645e-12 1.8359243877e-12 3.5687339768e-12
1.7791748047e+02 5.3921044786e-12 1.8316864493e-12 3.5604180293e-12
1.7797851562e+02 5.3795926527e-12 1.8274620908e-12 3.5521305619e-12
1.7803955078e+02 5.3671219775e-12 1.8232512699e-12 3.5438707076e-12
1.7810058594e+02 5.3546898346e-12 1.8190533633e-12 3.5356364714e-12
1.7816162109e+02 5.3422921446e-12 1.8148671624e-12 3.5274249822e-12
1.7822265625e+02 5.3299239357e-12 1.8106909985e-12 3.5192329373e-12
1.7828369141e+02 5.3175800111e-12 1.8065228824e-12 3.5110571287e-12
1.7834472656e+02 5.3052554300e-12 1.8023606758e-12 3.5028947543e-12
1.7840576172e+02 5.2929460858e-12 1.7982022880e-12 3.4947437978e-12
1.7846679688e+02 5.2806492030e-12 1.7940460211e-12 3.4866031819e-12
1.7852783203e+02 5.2683633840e-12 1.7898906087e-12 3.4784727753e-12
1.7858886719e+02 5.2560887343e-12 1.7857353632e-12 3.4703533711e-12
1.7864990234e+02 5.2438267116e-12 1.7815802024e-12 3.4622465092e-12
1.7871093750e+02 5.2315797686e-12 1.7774256025e-12 3.4541541662e-12
1.7877197266e+02 5.2193511816e-12 1.7732725494e-12 3.4460786321e-12
1.7883300781e+02 5.2071444821e-12 1.7691223429e-12 3.4380221392e-12
1.7889404297e+02 5.1949630934e-12 1.7649764550e-12 3.4299866385e-12
1.7895507812e+02 5.1828099354e-12 1.7608363893e-12 3.4219735461e-12
1.7901611328e+02 5.1706870070e-12 1.7567035175e-12 3.4139834894e-12
1.7907714844e+02 5.1585951183e-12 1.7525790268e-12 3.4060160914e-12
1.7913818359e+02 5.1465336759e-12 1.7484638158e-12 3.3980698601e-12
1.7919921875e+02 5.1345007625e-12 1.7443585229e-12 3.3901422395e-12
1.7926025391e+02 5.1224931828e-12 1.7402635612e-12 3.3822296216e-12
1.7932128906e+02 5.1105069584e-12 1.7361791317e-12 3.3743278267e-12
1.7938232422e+02 5.0985378305e-12 1.7321053887e-12 3.3664324419e-12
1.7944335938e+02 5.0865820209e-12 1.7280425176e-12 3.3585395033e-12
1.7950439453e+02 5.0746367168e-12 1.7239907857e-12 3.3506459312e-12
1.7956542969e+02 5.0627005806e-12 1.7199505436e-12 3.3427500370e-12
1.7962646484e+02 5.0507741215e-12 1.7159222702e-12 3.3348518513e-12
1.7968750000e+02 5.0388597079e-12 1.7119064912e-12 3.3269532167e-12
1.7974853516e+02 5.0269612689e-12 1.7079036882e-12 3.3190575807e-12
1.7980957031e+02 5.0150837798e-12 1.7039142028e-12 3.3111695770e-12
1.7987060547e+02 5.0032326074e-12 1.6999381023e-12 3.3032945051e-12
1.7993164062e+02 4.9914128562e-12 1.6959751321e-12 3.2954377241e-12
1.7999267578e+02 4.9796286777e-12 1.6920246393e-12 3.2876040384e-12
1.8005371094e+02 4.9678828477e-12 1.6880855709e-12 3.2797972768e-12
1.8011474609e+02 4.9561765827e-12 1.6841565379e-12 3.2720200448e-12
1.8017578125e+02 4.9445097352e-12 1.6802360246e-12 3.2642737106e-12
1.8023681641e+02 4.9328810229e-12 1.6763224550e-12 3.2565585679e-12
1.8029785156e+02 4.9212886318e-12 1.6724143780e-12 3.2488742538e-12
1.8035888672e+02 4.9097307609e-12 1.6685106203e-12 3.2412201406e-12
1.8041992188e+02 4.8982062247e-12 1.6646104714e-12 3.2335957533e-12
1.8048095703e+02 4.8867146962e-12 1.6607137219e-12 3.2260009743e-12
1.8054199219e+02 4.8752569647e-12 1.6568206928e-12 3.2184362719e-12
1.8060302734e+02 4.8638349289e-12 1.6529322458e-12 3.2109026831e-12
1.8066406250e+02 4.8524513594e-12 1.6490496577e-12 3.2034017016e-12
1.8072509766e+02 4.8411094756e-12 1.6451744339e-12 3.1959350418e-12
1.8078613281e+02 4.8298123137e-12 1.6413082065e-12 3.1885041072e-12
1.8084716797e+02 4.8185623432e-12 1.6374525407e-12 3.1811098025e-12
1.8090820312e+02 4.8073608114e-12 1.6336087231e-12 3.1737520883e-12
1.8096923828e+02 4.7962073480e-12 1.6297776031e-12 3.1664297449e-12
1.8103027344e+02 4.7850997393e-12 1.6259594714e-12 3.1591402678e-12
1.8109130859e+02 4.7740339495e-12 1.6221540356e-12 3.1518799139e-12
1.8115234375e+02 4.7630042522e-12 1.6183604071e-12 3.1446438451e-12
1.8121337891e+02 4.7520037701e-12 1.6145771430e-12 3.1374266271e-12
1.8127441406e+02 4.7410249965e-12 1.6108024439e-12 3.1302225526e-12
1.8133544922e+02 4.7300604888e-12 1.6070343956e-12 3.1230260931e-12
1.8139648438e+02 4.7191034883e-12 1.6032710956e-12 3.1158323927e-12
1.8145751953e+02 4.7081484788e-12 1.5995109359e-12 3.1086375429e-12
1.8151855469e+02 4.6971915598e-12 1.5957527548e-12 3.1014388050e-12
1.8157958984e+02 4.6862306599e-12 1.5919959363e-12 3.0942347236e-12
1.8164062500e+02 4.6752654976e-12 1.5882404624e-12 3.0870250352e-12
1.8170166016e+02 4.6642972248e-12 1.5844868345e-12 3.0798103902e-12
1.8176269531e+02 4.6533282446e-12 1.5807360395e-12 3.0725922052e-12
1.8182373047e+02 4.6423616323e-12 1.5769893062e-12 3.0653723261e-12
1.8188476562e+02 4.6314007070e-12 1.5732479260e-12 3.0581527810e-12
1.8194580078e+02 4.6204487539e-12 1.5695131146e-12 3.0509356394e-12
1.8200683594e+02 4.6095086583e-12 1.5657859067e-12 3.0437227516e-12
1.8206787109e+02 4.5985827354e-12 1.5620670389e-12 3.0365156964e-12
1.8212890625e+02 4.5876728302e-12 1.5583570000e-12 3.0293158302e-12
1.8218994141e+02 4.5767803916e-12 1.5546560425e-12 3.0221243491e-12
1.8225097656e+02 4.5659065720e-12 1.5509643426e-12 3.0149422294e-12
1.8231201172e+02 4.5550523612e-12 1.5472820460e-12 3.0077703152e-12
1.8237304688e+02 4.5442187680e-12 1.5436093594e-12 3.0006094086e-12
1.8243408203e+02 4.5334067951e-12 1.5399466019e-12 2.9934601932e-12
1.8249511719e+02 4.5226175718e-12 1.5362942243e-12 2.9863233475e-12
1.8255615234e+02 4.5118521705e-12 1.5326527423e-12 2.9791994282e-12
1.8261718750e+02 4.5011116556e-12 1.5290226764e-12 2.9720889792e-12
1.8267822266e+02 4.4903970369e-12 1.5254044637e-12 2.9649925732e-12
1.8273925781e+02 4.4797091342e-12 1.5217983898e-12 2.9579107444e-12
1.8280029297e+02 4.4690485165e-12 1.5182045220e-12 2.9508439945e-12
1.8286132812e+02 4.4584155295e-12 1.5146226869e-12 2.9437928426e-12
1.8292236328e+02 4.4478103994e-12 1.5110524207e-12 2.9367579788e-12
1.8298339844e+02 4.4372333634e-12 1.5074930954e-12 2.9297402680e-12
1.8304443359e+02 4.4266848007e-12 1.5039439145e-12 2.9227408862e-12
1.8310546875e+02 4.4161654236e-12 1.5004040205e-12 2.9157614031e-12
1.8316650391e+02 4.4056764198e-12 1.4968725315e-12 2.9088038883e-12
1.8322753906e+02 4.3952194922e-12 1.4933485992e-12 2.9018708930e-12
1.8328857422e+02 4.3847968436e-12 1.4898314527e-12 2.8949653909e-12
1.8334960938e+02 4.3744111248e-12 1.4863204941e-12 2.8880906307e-12
1.8341064453e+02 4.3640650749e-12 1.4828152466e-12 2.8812498283e-12
1.8347167969e+02 4.3537611770e-12 1.4793153994e-12 2.8744457776e-12
1.8353271484e+02 4.3435012947e-12 1.4758208110e-12 2.8676804836e-12
1.8359375000e+02 4.3332863703e-12 1.4723315696e-12 2.8609548007e-12
1.8365478516e+02 4.3231159418e-12 1.4688479308e-12 2.8542680110e-12
1.8371582031e+02 4.3129879360e-12 1.4653702682e-12 2.8476176678e-12
1.8377685547e+02 4.3028986279e-12 1.4618990899e-12 2.8409995379e-12
1.8383789062e+02 4.2928428157e-12 1.4584349718e-12 2.8344078438e-12
1.8389892578e+02 4.2828141908e-12 1.4549785026e-12 2.8278356882e-12
1.8395996094e+02 4.2728057038e-12 1.4515301645e-12 2.8212755392e-12
1.8402099609e+02 4.2628102186e-12 1.4480903780e-12 2.8147198406e-12
1.8408203125e+02 4.2528210411e-12 1.4446594289e-12 2.8081616123e-12
1.8414306641e+02 4.2428324686e-12 1.4412374636e-12 2.8015950050e-12
1.8420410156e+02 4.2328402784e-12 1.4378244591e-12 2.7950158194e-12
1.8426513672e+02 4.2228419027e-12 1.4344202262e-12 2.7884216766e-12
1.8432617188e+02 4.2128365344e-12 1.4310244671e-12 2.7818120673e-12
1.8438720703e+02 4.2028251219e-12 1.4276367592e-12 2.7751883627e-12
1.8444824219e+02 4.1928101188e-12 1.4242565730e-12 2.7685535458e-12
1.8450927734e+02 4.1827951856e-12 1.4208833381e-12 2.7619118474e-12
1.8457031250e+02 4.1727848337e-12 1.4175164533e-12 2.7552683804e-12
1.8463134766e+02 4.1627839973e-12 1.4141553075e-12 2.7486286898e-12
1.8469238281e+02 4.1527975886e-12 1.4107993403e-12 2.7419982483e-12
1.8475341797e+02 4.1428302423e-12 1.4074480724e-12 2.7353821699e-12
1.8481445312e+02 4.1328861767e-12 1.4041012056e-12 2.7287849710e-12
1.8487548828e+02 4.1229686810e-12 1.4007585269e-12 2.7222101541e-12
1.8493652344e+02 4.1130802031e-12 1.3974200451e-12 2.7156601580e-12
1.8499755859e+02 4.1032222641e-12 1.3940859421e-12 2.7091363220e-12
1.8505859375e+02 4.0933954021e-12 1.3907564922e-12 2.7026389099e-12
1.8511962891e+02 4.0835992529e-12 1.3874320211e-12 2.6961672318e-12
1.8518066406e+02 4.0738327322e-12 1.3841128689e-12 2.6897198634e-12
1.8524169922e+02 4.0640939968e-12 1.3807992575e-12 2.6832947393e-12
1.8530273438e+02 4.0543806607e-12 1.3774912986e-12 2.6768893620e-12
1.8536376953e+02 4.0446899026e-12 1.3741889327e-12 2.6705009698e-12
1.8542480469e+02 4.0350187028e-12 1.3708919848e-12 2.6641267180e-12
1.8548583984e+02 4.0253640167e-12 1.3676001558e-12 2.6577638610e-12
1.8554687500e+02 4.0157229739e-12 1.3643131515e-12 2.6514098224e-12
1.8560791016e+02 4.0060930978e-12 1.3610307087e-12 2.6450623891e-12
1.8566894531e+02 3.9964725124e-12 1.3577527099e-12 2.6387198025e-12
1.8572998047e+02 3.9868600842e-12 1.3544791895e-12 2.6323808948e-12
1.8579101562e+02 3.9772554941e-12 1.3512104132e-12 2.6260450809e-12
1.8585205078e+02 3.9676593124e-12 1.3479468451e-12 2.6197124672e-12
1.8591308594e+02 3.9580729132e-12 1.3446891697e-12 2.6133837434e-12
1.8597412109e+02 3.9484982717e-12 1.3414381316e-12 2.6070601401e-12
1.8603515625e+02 3.9389378350e-12 1.3381945903e-12 2.6007432447e-12
1.8609619141e+02 3.9293942418e-12 1.3349593722e-12 2.5944348696e-12
1.8615722656e+02 3.9198700956e-12 1.3317332425e-12 2.5881368531e-12
1.8621826172e+02 3.9103678499e-12 1.3285168777e-12 2.5818509722e-12
1.8627929688e+02 3.9008896766e-12 1.3253108818e-12 2.5755787948e-12
1.8634033203e+02 3.8914373900e-12 1.3221157279e-12 2.5693216621e-12
1.8640136719e+02 3.8820124856e-12 1.3189317471e-12 2.5630807385e-12
1.8646240234e+02 3.8726161797e-12 1.3157591649e-12 2.5568570148e-12
1.8652343750e+02 3.8632495048e-12 1.3125981279e-12 2.5506513770e-12
1.8658447266e+02 3.8539134093e-12 1.3094486863e-12 2.5444647230e-12
1.8664550781e+02 3.8446086675e-12 1.3063107694e-12 2.5382978981e-12
1.8670654297e+02 3.8353358433e-12 1.3031841959e-12 2.5321516474e-12
1.8676757812e+02 3.8260953064e-12 1.3000687143e-12 2.5260265921e-12
1.8682861328e+02 3.8168870503e-12 1.2969639835e-12 2.5199230668e-12
1.8688964844e+02 3.8077104905e-12 1.2938695646e-12 2.5138409258e-12
1.8695068359e+02 3.7985644749e-12 1.2907849925e-12 2.5077794824e-12
1.8701171875e+02 3.7894472463e-12 1.2877097625e-12 2.5017374838e-12
1.8707275391e+02 3.7803564566e-12 1.2846433531e-12 2.4957131035e-12
1.8713378906e+02 3.7712893129e-12 1.2815851856e-12 2.4897041274e-12
1.8719482422e+02 3.7622428444e-12 1.2785346706e-12 2.4837081738e-12
1.8725585938e+02 3.7532141921e-12 1.2754911927e-12 2.4777229993e-12
1.8731689453e+02 3.7442008733e-12 1.2724541556e-12 2.4717467177e-12
1.8737792969e+02 3.7352010824e-12 1.2694229108e-12 2.4657781717e-12
1.8743896484e+02 3.7262138134e-12 1.2663967768e-12 2.4598170366e-12
1.8750000000e+02 3.7172390371e-12 1.2633750633e-12 2.4538639738e-12
1.8756103516e+02 3.7082775626e-12 1.2603570811e-12 2.4479204816e-12
1.8762207031e+02 3.6993308930e-12 1.2573422093e-12 2.4419886837e-12
1.8768310547e+02 3.6904009787e-12 1.2543298883e-12 2.4360710904e-12
1.8774414062e+02 3.6814898728e-12 1.2513196668e-12 2.4301702060e-12
1.8780517578e+02 3.6725993067e-12 1.2483112097e-12 2.4242880971e-12
1.8786621094e+02 3.6637303765e-12 1.2453043361e-12 2.4184260404e-12
1.8792724609e+02 3.6548832683e-12 1.2422990147e-12 2.4125842536e-12
1.8798828125e+02 3.6460572120e-12 1.2392953965e-12 2.4067618154e-12
1.8804931641e+02 3.6372505094e-12 1.2362937781e-12 2.4009567313e-12
1.8811035156e+02 3.6284606177e-12 1.2332945751e-12 2.3951660426e-12
1.8817138672e+02 3.6196846159e-12 1.2302983262e-12 2.3893862898e-12
1.8823242188e+02 3.6109195736e-12 1.2273056612e-12 2.3836139124e-12
1.8829345703e+02 3.6021630440e-12 1.2243172539e-12 2.3778457901e-12
1.8835449219e+02 3.5934135231e-12 1.2213337893e-12 2.3720797338e-12
1.8841552734e+02 3.5846706807e-12 1.2183559273e-12 2.3663147534e-12
1.8847656250e+02 3.5759356873e-12 1.2153842648e-12 2.3605514226e-12
1.8853759766e+02 3.5672111157e-12 1.2124193618e-12 2.3547917539e-12
1.8859863281e+02 3.5585006433e-12 1.2094617107e-12 2.3490389325e-12
1.8865966797e+02 3.5498086777e-12 1.2065116579e-12 2.3432970198e-12
1.8872070312e+02 3.5411398730e-12 1.2035694633e-12 2.3375704097e-12
1.8878173828e+02 3.5324984480e-12 1.2006352632e-12 2.3318631848e-12
1.8884277344e+02 3.5238876184e-12 1.1977090577e-12 2.3261785607e-12
1.8890380859e+02 3.5153091679e-12 1.1947906404e-12 2.3205185275e-12
1.8896484375e+02 3.5067632957e-12 1.1918796935e-12 2.3148836022e-12
1.8902587891e+02 3.4982486645e-12 1.1889757752e-12 2.3092728893e-12
1.8908691406e+02 3.4897627250e-12 1.1860784707e-12 2.3036842543e-12
1.8914794922e+02 3.4813020148e-12 1.1831872774e-12 2.2981147374e-12
1.8920898438e+02 3.4728627863e-12 1.1803018307e-12 2.2925609555e-12
1.8927001953e+02 3.4644416934e-12 1.1774219715e-12 2.2870197219e-12
1.8933105469e+02 3.4560361133e-12 1.1745477542e-12 2.2814883592e-12
1.8939208984e+02 3.4476445212e-12 1.1716794320e-12 2.2759650892e-12
1.8945312500e+02 3.4392666047e-12 1.1688175136e-12 2.2704490911e-12
1.8951416016e+02 3.4309032061e-12 1.1659626469e-12 2.2649405592e-12
1.8957519531e+02 3.4225560983e-12 1.1631155382e-12 2.2594405601e-12
1.8963623047e+02 3.4142275619e-12 1.1602768352e-12 2.2539507267e-12
1.8969726562e+02 3.4059200830e-12 1.1574470680e-12 2.2484730150e-12
1.8975830078e+02 3.3976360161e-12 1.1546265955e-12 2.2430094206e-12
1.8981933594e+02 3.3893773016e-12 1.1518155708e-12 2.2375617308e-12
1.8988037109e+02 3.3811452318e-12 1.1490139601e-12 2.2321312717e-12
1.8994140625e+02 3.3729405234e-12 1.1462215988e-12 2.2267189246e-12
1.9000244141e+02 3.3647631133e-12 1.1434382064e-12 2.2213249069e-12
1.9006347656e+02 3.3566121397e-12 1.1406633811e-12 2.2159487586e-12
1.9012451172e+02 3.3484860351e-12 1.1378966538e-12 2.2105893813e-12
1.9018554688e+02 3.3403825877e-12 1.1351375298e-12 2.2052450579e-12
1.9024658203e+02 3.3322989970e-12 1.1323854684e-12 2.1999135286e-12
1.9030761719e+02 3.3242319055e-12 1.1296398483e-12 2.1945920572e-12
1.9036865234e+02 3.3161775102e-12 1.1269000388e-12 2.1892774713e-12
1.9042968750e+02 3.3081317919e-12 1.1241654095e-12 2.1839663824e-12
1.9049072266e+02 3.3000908808e-12 1.1214354706e-12 2.1786554102e-12
1.9055175781e+02 3.2920513290e-12 1.1187099216e-12 2.1733414074e-12
1.9061279297e+02 3.2840103181e-12 1.1159886478e-12 2.1680216703e-12
1.9067382812e+02 3.2759660607e-12 1.1132717987e-12 2.1626942620e-12
1.9073486328e+02 3.2679179893e-12 1.1105597598e-12 2.1573582296e-12
1.9079589844e+02 3.2598668508e-12 1.1078530924e-12 2.1520137584e-12
1.9085693359e+02 3.2518146546e-12 1.1051524477e-12 2.1466622068e-12
1.9091796875e+02 3.2437646092e-12 1.1024584626e-12 2.1413061466e-12
1.9097900391e+02 3.2357207548e-12 1.0997715924e-12 2.1359491624e-12
1.9104003906e+02 3.2276876800e-12 1.0970920541e-12 2.1305956260e-12
1.9110107422e+02 3.2196701545e-12 1.0944197729e-12 2.1252503816e-12
1.9116210938e+02 3.2116727234e-12 1.0917543967e-12 2.1199183267e-12
1.9122314453e+02 3.2036994479e-12 1.0890953425e-12 2.1146041055e-12
1.9128417969e+02 3.1957536487e-12 1.0864419409e-12 2.1093117078e-12
1.9134521484e+02 3.1878376623e-12 1.0837934263e-12 2.1040442360e-12
1.9140625000e+02 3.1799528672e-12 1.0811491790e-12 2.0988036882e-12
1.9146728516e+02 3.1720996938e-12 1.0785087809e-12 2.0935909128e-12
1.9152832031e+02 3.1642776581e-12 1.0758720535e-12 2.0884056046e-12
1.9158935547e+02 3.1564854551e-12 1.0732391215e-12 2.0832463335e-12
1.9165039062e+02 3.1487211292e-12 1.0706103666e-12 2.0781107626e-12
1.9171142578e+02 3.1409823369e-12 1.0679863909e-12 2.0729959460e-12
1.9177246094e+02 3.1332664773e-12 1.0653679628e-12 2.0678985145e-12
1.9183349609e+02 3.1255709162e-12 1.0627558523e-12 2.0628150639e-12
1.9189453125e+02 3.1178933483e-12 1.0601507848e-12 2.0577425635e-12
1.9195556641e+02 3.1102319301e-12 1.0575533325e-12 2.0526785975e-12
1.9201660156e+02 3.1025854875e-12 1.0549638572e-12 2.0476216302e-12
1.9207763672e+02 3.0949535338e-12 1.0523824089e-12 2.0425711249e-12
1.9213867188e+02 3.0873363917e-12 1.0498088027e-12 2.0375275890e-12
1.9219970703e+02 3.0797350431e-12 1.0472426214e-12 2.0324924217e-12
1.9226074219e+02 3.0721510019e-12 1.0446833355e-12 2.0274676664e-12
1.9232177734e+02 3.0645860890e-12 1.0421303513e-12 2.0224557377e-12
1.9238281250e+02 3.0570419824e-12 1.0395830906e-12 2.0174588919e-12
1.9244384766e+02 3.0495200511e-12 1.0370411021e-12 2.0124789490e-12
1.9250488281e+02 3.0420211603e-12 1.0345041311e-12 2.0075170291e-12
1.9256591797e+02 3.0345455367e-12 1.0319720996e-12 2.0025734370e-12
1.9262695312e+02 3.0270927301e-12 1.0294450885e-12 1.9976476415e-12
1.9268798828e+02 3.0196618757e-12 1.0269233178e-12 1.9927385579e-12
1.9274902344e+02 3.0122519457e-12 1.0244071006e-12 1.9878448451e-12
1.9281005859e+02 3.0048619697e-12 1.0218967527e-12 1.9829652170e-12
1.9287109375e+02 2.9974913978e-12 1.0193925951e-12 1.9780988027e-12
1.9293212891e+02 2.9901401797e-12 1.0168948647e-12 1.9732453151e-12
1.9299316406e+02 2.9828087231e-12 1.0144036917e-12 1.9684050314e-12
1.9305419922e+02 2.9754976059e-12 1.0119190493e-12 1.9635785565e-12
1.9311523438e+02 2.9682074337e-12 1.0094407944e-12 1.9587666393e-12
1.9317626953e+02 2.9609382354e-12 1.0069685824e-12 1.9539696530e-12
1.9323730469e+02 2.9536890609e-12 1.0045018665e-12 1.9491871944e-12
1.9329833984e+02 2.9464575697e-12 1.0020398719e-12 1.9444176978e-12
1.9335937500e+02 2.9392400045e-12 9.9958164128e-13 1.9396583632e-12
1.9342041016e+02 2.9320312979e-12 9.9712609127e-13 1.9349052066e-12
1.9348144531e+02 2.9248255204e-12 9.9467210209e-13 1.9301534183e-12
1.9354248047e+02 2.9176164575e-12 9.9221861974e-13 1.9253978377e-12
1.9360351562e+02 2.9103983218e-12 9.8976476724e-13 1.9206335545e-12
1.9366455078e+02 2.9031665761e-12 9.8730996346e-13 1.9158566127e-12
1.9372558594e+02 2.8959186236e-12 9.8485404599e-13 1.9110645776e-12
1.9378662109e+02 2.8886542817e-12 9.8239725214e-13 1.9062570295e-12
1.9384765625e+02 2.8813759409e-12 9.7994022440e-13 1.9014357165e-12
1.9390869141e+02 2.8740885421e-12 9.7748396369e-13 1.8966045784e-12
1.9396972656e+02 2.8667993061e-12 9.7502973702e-13 1.8917695691e-12
1.9403076172e+02 2.8595171302e-12 9.7257896176e-13 1.8869381685e-12
1.9409179688e+02 2.8522518626e-12 9.7013312844e-13 1.8821187342e-12
1.9415283203e+02 2.8450134631e-12 9.6769368633e-13 1.8773197768e-12
1.9421386719e+02 2.8378112466e-12 9.6526199473e-13 1.8725492519e-12
1.9427490234e+02 2.8306529988e-12 9.6283924424e-13 1.8678137546e-12
1.9433593750e+02 2.8235442638e-12 9.6042642679e-13 1.8631178370e-12
1.9439697266e+02 2.8164878614e-12 9.5802425948e-13 1.8584636019e-12
1.9445800781e+02 2.8094837100e-12 9.5563322124e-13 1.8538504887e-12
1.9451904297e+02 2.8025285917e-12 9.5325340608e-13 1.8492751856e-12
1.9458007812e+02 2.7956166200e-12 9.5088457863e-13 1.8447320414e-12
1.9464111328e+02 2.7887398968e-12 9.4852616329e-13 1.8402137335e-12
1.9470214844e+02 2.7818892887e-12 9.4617725908e-13 1.8357120296e-12
1.9476318359e+02 2.7750555134e-12 9.4383671053e-13 1.8312188028e-12
1.9482421875e+02 2.7682301744e-12 9.4150322139e-13 1.8267269531e-12
1.9488525391e+02 2.7614067069e-12 9.3917540532e-13 1.8222313016e-12
1.9494628906e+02 2.7545810201e-12 9.3685196647e-13 1.8177290536e-12
1.9500732422e+02 2.7477518576e-12 9.3453177977e-13 1.8132200778e-12
1.9506835938e+02 2.7409208458e-12 9.3221399574e-13 1.8087068500e-12
1.9512939453e+02 2.7340919892e-12 9.2989807682e-13 1.8041939123e-12
1.9519042969e+02 2.7272711567e-12 9.2758386581e-13 1.7996872909e-12
1.9525146484e+02 2.7204650278e-12 9.2527152677e-13 1.7951935010e-12
1.9531250000e+02 2.7136803418e-12 9.2296151192e-13 1.7907188299e-12
1.9537353516e+02 2.7069229142e-12 9.2065445199e-13 1.7862684622e-12
1.9543457031e+02 2.7001970247e-12 9.1835107354e-13 1.7818459512e-12
1.9549560547e+02 2.6935050942e-12 9.1605214539e-13 1.7774529488e-12
1.9555664062e+02 2.6868474039e-12 9.1375836547e-13 1.7730890384e-12
1.9561767578e+02 2.6802222057e-12 9.1147030138e-13 1.7687519043e-12
1.9567871094e+02 2.6736260799e-12 9.0918834178e-13 1.7644377381e-12
1.9573974609e+02 2.6670544585e-12 9.0691272888e-13 1.7601417296e-12
1.9580078125e+02 2.6605020669e-12 9.0464358594e-13 1.7558584809e-12
1.9586181641e+02 2.6539635776e-12 9.0238097500e-13 1.7515826026e-12
1.9592285156e+02 2.6474341596e-12 9.0012499624e-13 1.7473091633e-12
1.9598388672e+02 2.6409098613e-12 8.9787584361e-13 1.7430340177e-12
1.9604492188e+02 2.6343879624e-12 8.9563391461e-13 1.7387540478e-12
1.9610595703e+02 2.6278671178e-12 8.9339977544e-13 1.7344673424e-12
1.9616699219e+02 2.6213473281e-12 8.9117415644e-13 1.7301731717e-12
1.9622802734e+02 2.6148296581e-12 8.8895782780e-13 1.7258718303e-12
1.9628906250e+02 2.6083160460e-12 8.8675157342e-13 1.7215644726e-12
1.9635009766e+02 2.6018087918e-12 8.8455600459e-13 1.7172527872e-12
1.9641113281e+02 2.5953101205e-12 8.8237143970e-13 1.7129386808e-12
1.9647216797e+02 2.5888217363e-12 8.8019779465e-13 1.7086239417e-12
1.9653320312e+02 2.5823446041e-12 8.7803455343e-13 1.7043100506e-12
1.9659423828e+02 2.5758788100e-12 8.7588071684e-13 1.6999980932e-12
1.9665527344e+02 2.5694236909e-12 8.7373494734e-13 1.6956887436e-12
1.9671630859e+02 2.5629780419e-12 8.7159564167e-13 1.6913824002e-12
1.9677734375e+02 2.5565405798e-12 8.6946113450e-13 1.6870794453e-12
1.9683837891e+02 2.5501104081e-12 8.6732983366e-13 1.6827805744e-12
1.9689941406e+02 2.5436874107e-12 8.6520042635e-13 1.6784869843e-12
1.9696044922e+02 2.5372725530e-12 8.6307195891e-13 1.6742005941e-12
1.9702148438e+02 2.5308679312e-12 8.6094388606e-13 1.6699240451e-12
1.9708251953e+02 2.5244765854e-12 8.5881605812e-13 1.6656605273e-12
1.9714355469e+02 2.5181021709e-12 8.5668868464e-13 1.6614134863e-12
1.9720458984e+02 2.5117485194e-12 8.5456219830e-13 1.6571863211e-12
1.9726562500e+02 2.5054189932e-12 8.5243707298e-13 1.6529819202e-12
1.9732666016e+02 2.4991160112e-12 8.5031374904e-13 1.6488022622e-12
1.9738769531e+02 2.4928407358e-12 8.4819253481e-13 1.6446482010e-12
1.9744873047e+02 2.4865929466e-12 8.4607349955e-13 1.6405194471e-12
1.9750976562e+02 2.4803710225e-12 8.4395649304e-13 1.6364145295e-12
1.9757080078e+02 2.4741722264e-12 8.4184119222e-13 1.6323310342e-12
1.9763183594e+02 2.4679931926e-12 8.3972717231e-13 1.6282660203e-12
1.9769287109e+02 2.4618302410e-12 8.3761400389e-13 1.6242162371e-12
1.9775390625e+02 2.4556798175e-12 8.3550134594e-13 1.6201784716e-12
1.9781494141e+02 2.4495388501e-12 8.3338907091e-13 1.6161497792e-12
1.9787597656e+02 2.4434049816e-12 8.3127729784e-13 1.6121276838e-12
1.9793701172e+02 2.4372766684e-12 8.2916642898e-13 1.6081102394e-12
1.9799804688e+02 2.4311530924e-12 8.2705712265e-13 1.6040959698e-12
1.9805908203e+02 2.4250340586e-12 8.2495020105e-13 1.6000838575e-12
1.9812011719e+02 2.4189198496e-12 8.2284661058e-13 1.5960732390e-12
1.9818115234e+02 2.4128109666e-12 8.2074727578e-13 1.5920636908e-12
1.9824218750e+02 2.4067079828e-12 8.1865301097e-13 1.5880549718e-12
1.9830322266e+02 2.4006113252e-12 8.1656439943e-13 1.5840469257e-12
1.9836425781e+02 2.3945212995e-12 8.1448178664e-13 1.5800395129e-12
1.9842529297e+02 2.3884379896e-12 8.1240525737e-13 1.5760327322e-12
1.9848632812e+02 2.3823613641e-12 8.1033465046e-13 1.5720267136e-12
1.9854736328e+02 2.3762914243e-12 8.0826961203e-13 1.5680218123e-12
1.9860839844e+02 2.3702283641e-12 8.0620969709e-13 1.5640186670e-12
1.9866943359e+02 2.3641728181e-12 8.0415445286e-13 1.5600183653e-12
1.9873046875e+02 2.3581260470e-12 8.0210351748e-13 1.5560225295e-12
1.9879150391e+02 2.3520899663e-12 8.0005668921e-13 1.5520332771e-12
1.9885253906e+02 2.3460671526e-12 7.9801394265e-13 1.5480532100e-12
1.9891357422e+02 2.3400606787e-12 7.9597538964e-13 1.5440852891e-12
1.9897460938e+02 2.3340738718e-12 7.9394130656e-13 1.5401325653e-12
1.9903564453e+02 2.3281098891e-12 7.9191205693e-13 1.5361978322e-12
1.9909667969e+02 2.3221712491e-12 7.8988802672e-13 1.5322832224e-12
1.9915771484e+02 2.3162595331e-12 7.8786957575e-13 1.5283899573e-12
1.9921875000e+02 2.3103750484e-12 7.8585703758e-13 1.5245180108e-12
1.9927978516e+02 2.3045166748e-12 7.8385070928e-13 1.5206659655e-12
1.9934082031e+02 2.2986819037e-12 7.8185088562e-13 1.5168310181e-12
1.9940185547e+02 2.2928669920e-12 7.7985782108e-13 1.5130091710e-12
1.9946289062e+02 2.2870674598e-12 7.7787179302e-13 1.5091956667e-12
1.9952392578e+02 2.2812785808e-12 7.7589309658e-13 1.5053854842e-12
1.9958496094e+02 2.2754959102e-12 7.7392207159e-13 1.5015738386e-12
1.9964599609e+02 2.2697158117e-12 7.7195906105e-13 1.4977567506e-12
1.9970703125e+02 2.2639359129e-12 7.7000439123e-13 1.4939315217e-12
1.9976806641e+02 2.2581553774e-12 7.6805832956e-13 1.4900970478e-12
1.9982910156e+02 2.2523750257e-12 7.6612102662e-13 1.4862539991e-12
1.9989013672e+02 2.2465972069e-12 7.6419246443e-13 1.4824047425e-12
1.9995117188e+02 2.2408255116e-12 7.6227245712e-13 1.4785530545e-12
2.0001220703e+02 2.2350644674e-12 7.6036064364e-13 1.4747038238e-12
2.0007324219e+02 2.2293189806e-12 7.5845650168e-13 1.4708624789e-12
2.0013427734e+02 2.2235938446e-12 7.5655939598e-13 1.4670344486e-12
2.0019531250e+02 2.2178933135e-12 7.5466863686e-13 1.4632246766e-12
2.0025634766e+02 2.2122206599e-12 7.5278350751e-13 1.4594371524e-12
2.0031738281e+02 2.2065779674e-12 7.5090336512e-13 1.4556746023e-12
2.0037841797e+02 2.2009660581e-12 7.4902768492e-13 1.4519383732e-12
2.0043945312e+02 2.1953844835e-12 7.4715602160e-13 1.4482284619e-12
2.0050048828e+02 2.1898318132e-12 7.4528804362e-13 1.4445437696e-12
2.0056152344e+02 2.1843058439e-12 7.4342354191e-13 1.4408823020e-12
2.0062255859e+02 2.1788039490e-12 7.4156231617e-13 1.4372416329e-12
2.0068359375e+02 2.1733234447e-12 7.3970414783e-13 1.4336192968e-12
2.0074462891e+02 2.1678618416e-12 7.3784876980e-13 1.4300130718e-12
2.0080566406e+02 2.1624170112e-12 7.3599581113e-13 1.4264212001e-12
2.0086669922e+02 2.1569872700e-12 7.3414480007e-13 1.4228424700e-12
2.0092773438e+02 2.1515713529e-12 7.3229515503e-13 1.4192761978e-12
2.0098876953e+02 2.1461682521e-12 7.3044625906e-13 1.4157219931e-12
2.0104980469e+02 2.1407770431e-12 7.2859750309e-13 1.4121795400e-12
2.0111083984e+02 2.1353967778e-12 7.2674837702e-13 1.4086484008e-12
2.0117187500e+02 2.1300263736e-12 7.2489854096e-13 1.4051278326e-12
2.0123291016e+02 2.1246645187e-12 7.2304786324e-13 1.4016166555e-12
2.0129394531e+02 2.1193097825e-12 7.2119648226e-13 1.3981133002e-12
2.0135498047e+02 2.1139607152e-12 7.1934477545e-13 1.3946159397e-12
2.0141601562e+02 2.1086160992e-12 7.1749336298e-13 1.3911227362e-12
2.0147705078e+02 2.1032751435e-12 7.1564301449e-13 1.3876321290e-12
2.0153808594e+02 2.0979376200e-12 7.1379457344e-13 1.3841430466e-12
2.0159912109e+02 2.0926040581e-12 7.1194890339e-13 1.3806551547e-12
2.0166015625e+02 2.0872756055e-12 7.1010677105e-13 1.3771688344e-12
2.0172119141e+02 2.0819539957e-12 7.0826877695e-13 1.3736852187e-12
2.0178222656e+02 2.0766413241e-12 7.0643533361e-13 1.3702059905e-12
2.0184326172e+02 2.0713396933e-12 7.0460665284e-13 1.3667330405e-12
2.0190429688e+02 2.0660510219e-12 7.0278277720e-13 1.3632682447e-12
2.0196533203e+02 2.0607767533e-12 7.0096360388e-13 1.3598131494e-12
2.0202636719e+02 2.0555176790e-12 6.9914896475e-13 1.3563687143e-12
2.0208740234e+02 2.0502737187e-12 6.9733865160e-13 1.3529350671e-12
2.0214843750e+02 2.0450439964e-12 6.9553252851e-13 1.3495114679e-12
2.0220947266e+02 2.0398269638e-12 6.9373054283e-13 1.3460964210e-12
2.0227050781e+02 2.0346204580e-12 6.9193273452e-13 1.3426877234e-12
2.0233154297e+02 2.0294220154e-12 6.9013922550e-13 1.3392827899e-12
2.0239257812e+02 2.0242291789e-12 6.8835016880e-13 1.3358790101e-12
2.0245361328e+02 2.0190397822e-12 6.8656572275e-13 1.3324740594e-12
2.0251464844e+02 2.0138521886e-12 6.8478602383e-13 1.3290661647e-12
2.0257568359e+02 2.0086655640e-12 6.8301116472e-13 1.3256543993e-12
2.0263671875e+02 2.0034800368e-12 6.8124117771e-13 1.3222388590e-12
2.0269775391e+02 1.9982967343e-12 6.7947604917e-13 1.3188206851e-12
2.0275878906e+02 1.9931177384e-12 6.7771577784e-13 1.3154019606e-12
2.0281982422e+02 1.9879459462e-12 6.7596043120e-13 1.3119855150e-12
2.0288085938e+02 1.9827848318e-12 6.7421018310e-13 1.3085746487e-12
2.0294189453e+02 1.9776380873e-12 6.7246536156e-13 1.3051727258e-12
2.0300292969e+02 1.9725092326e-12 6.7072645980e-13 1.3017827728e-12
2.0306396484e+02 1.9674012733e-12 6.6899409211e-13 1.2984071812e-12
2.0312500000e+02 1.9623163521e-12 6.6726892627e-13 1.2950474258e-12
2.0318603516e+02 1.9572556059e-12 6.6555162271e-13 1.2917039832e-12
2.0324707031e+02 1.9522191078e-12 6.6384272331e-13 1.2883763845e-12
2.0330810547e+02 1.9472058719e-12 6.6214254247e-13 1.2850633294e-12
2.0336914062e+02 1.9422141648e-12 6.6045112784e-13 1.2817630370e-12
2.0343017578e+02 1.9372417167e-12 6.5876819381e-13 1.2784735229e-12
2.0349121094e+02 1.9322861198e-12 6.5709316664e-13 1.2751929531e-12
2.0355224609e+02 1.9273451737e-12 6.5542524997e-13 1.2719199237e-12
2.0361328125e+02 1.9224170676e-12 6.5376349784e-13 1.2686535698e-12
2.0367431641e+02 1.9175005987e-12 6.5210694720e-13 1.2653936515e-12
2.0373535156e+02 1.9125952117e-12 6.5045476735e-13 1.2621404444e-12
2.0379638672e+02 1.9077008350e-12 6.4880633914e-13 1.2588944958e-12
2.0385742188e+02 1.9028176839e-12 6.4716132682e-13 1.2556563571e-12
2.0391845703e+02 1.8979460514e-12 6.4551970095e-13 1.2524263504e-12
2.0397949219e+02 1.8930860442e-12 6.4388172925e-13 1.2492043149e-12
2.0404052734e+02 1.8882373915e-12 6.4224788865e-13 1.2459895028e-12
2.0410156250e+02 1.8833992869e-12 6.4061873175e-13 1.2427805552e-12
2.0416259766e+02 1.8785704374e-12 6.3899478526e-13 1.2395756521e-12
2.0422363281e+02 1.8737491537e-12 6.3737639999e-13 1.2363727537e-12
2.0428466797e+02 1.8689334794e-12 6.3576361197e-13 1.2331698674e-12
2.0434570312e+02 1.8641214961e-12 6.3415608078e-13 1.2299654153e-12
2.0440673828e+02 1.8593116034e-12 6.3255307628e-13 1.2267585271e-12
2.0446777344e+02 1.8545027926e-12 6.3095352696e-13 1.2235492656e-12
2.0452880859e+02 1.8496947423e-12 6.2935606991e-13 1.2203386724e-12
2.0458984375e+02 1.8448880168e-12 6.2775922519e-13 1.2171287916e-12
2.0465087891e+02 1.8400840833e-12 6.2616156586e-13 1.2139225175e-12
2.0471191406e+02 1.8352851096e-12 6.2456186924e-13 1.2107232404e-12
2.0477294922e+02 1.8304938414e-12 6.2295928671e-13 1.2075345547e-12
2.0483398438e+02 1.8257132906e-12 6.2135344075e-13 1.2043598498e-12
2.0489501953e+02 1.8209464599e-12 6.1974446684e-13 1.2012019931e-12
2.0495605469e+02 1.8161960463e-12 6.1813299029e-13 1.1980630560e-12
2.0501708984e+02 1.8114641566e-12 6.1652006089e-13 1.1949440957e-12
2.0507812500e+02 1.8067521363e-12 6.1490705274e-13 1.1918450835e-12
2.0513916016e+02 1.8020604019e-12 6.1329547261e-13 1.1887649292e-12
2.0520019531e+02 1.7973885055e-12 6.1168680384e-13 1.1857017017e-12
2.0526123047e+02 1.7927351221e-12 6.1008233204e-13 1.1826527901e-12
2.0532226562e+02 1.7880982378e-12 6.0848308476e-13 1.1796151531e-12
2.0538330078e+02 1.7834754007e-12 6.0688974089e-13 1.1765856598e-12
2.0544433594e+02 1.7788638856e-12 6.0530259019e-13 1.1735612954e-12
2.0550537109e+02 1.7742609412e-12 6.0372158144e-13 1.1705393597e-12
2.0556640625e+02 1.7696640892e-12 6.0214639934e-13 1.1675176898e-12
2.0562744141e+02 1.7650712950e-12 6.0057655030e-13 1.1644947447e-12
2.0568847656e+02 1.7604810901e-12 5.9901145784e-13 1.1614696322e-12
2.0574951172e+02 1.7558926775e-12 5.9745060318e-13 1.1584420743e-12
2.0581054688e+02 1.7513059733e-12 5.9589359109e-13 1.1554123822e-12
2.0587158203e+02 1.7467215328e-12 5.9434018916e-13 1.1523813436e-12
2.0593261719e+02 1.7421404436e-12 5.9279036092e-13 1.1493500827e-12
2.0599365234e+02 1.7375642318e-12 5.9124425711e-13 1.1463199746e-12
2.0605468750e+02 1.7329947586e-12 5.8970216798e-13 1.1432925907e-12
2.0611572266e+02 1.7284340548e-12 5.8816442932e-13 1.1402696255e-12
2.0617675781e+02 1.7238842169e-12 5.8663139443e-13 1.1372528225e-12
2.0623779297e+02 1.7193473278e-12 5.8510335672e-13 1.1342439711e-12
2.0629882812e+02 1.7148253952e-12 5.8358050676e-13 1.1312448885e-12
2.0635986328e+02 1.7103202064e-12 5.8206292160e-13 1.1282572848e-12
2.0642089844e+02 1.7058332798e-12 5.8055055691e-13 1.1252827229e-12
2.0648193359e+02 1.7013656969e-12 5.7904328545e-13 1.1223224115e-12
2.0654296875e+02 1.6969179755e-12 5.7754091858e-13 1.1193770569e-12
2.0660400391e+02 1.6924899177e-12 5.7604323204e-13 1.1164466857e-12
2.0666503906e+02 1.6880805127e-12 5.7454999278e-13 1.1135305199e-12
2.0672607422e+02 1.6836879258e-12 5.7306096862e-13 1.1106269571e-12
2.0678710938e+02 1.6793096004e-12 5.7157595463e-13 1.1077336458e-12
2.0684814453e+02 1.6749424617e-12 5.7009476734e-13 1.1048476944e-12
2.0690917969e+02 1.6705832129e-12 5.6861724000e-13 1.1019659729e-12
2.0697021484e+02 1.6662287825e-12 5.6714326562e-13 1.0990855169e-12
2.0703125000e+02 1.6618766410e-12 5.6567278892e-13 1.0962038521e-12
2.0709228516e+02 1.6575251739e-12 5.6420579053e-13 1.0933193834e-12
2.0715332031e+02 1.6531738791e-12 5.6274229911e-13 1.0904315800e-12
2.0721435547e+02 1.6488234574e-12 5.6128237504e-13 1.0875410824e-12
2.0727539062e+02 1.6444756438e-12 5.5982602862e-13 1.0846496152e-12
2.0733642578e+02 1.6401330750e-12 5.5837322785e-13 1.0817598472e-12
2.0739746094e+02 1.6357989036e-12 5.5692383582e-13 1.0788750678e-12
2.0745849609e+02 1.6314764730e-12 5.5547757397e-13 1.0759988990e-12
2.0751953125e+02 1.6271689689e-12 5.5403404067e-13 1.0731349283e-12
2.0758056641e+02 1.6228791168e-12 5.5259270402e-13 1.0702864128e-12
2.0764160156e+02 1.6186090555e-12 5.5115301782e-13 1.0674560377e-12
2.0770263672e+02 1.6143601892e-12 5.4971447307e-13 1.0646457161e-12
2.0776367188e+02 1.6101332147e-12 5.4827670455e-13 1.0618565102e-12
2.0782470703e+02 1.6059281488e-12 5.4683954926e-13 1.0590885996e-12
2.0788574219e+02 1.6017444050e-12 5.4540310972e-13 1.0563412953e-12
2.0794677734e+02 1.5975808796e-12 5.4396776396e-13 1.0536131156e-12
2.0800781250e+02 1.5934360341e-12 5.4253410414e-13 1.0509019300e-12
2.0806884766e+02 1.5893080464e-12 5.4110289246e-13 1.0482051540e-12
2.0812988281e+02 1.5851948808e-12 5.3967494495e-13 1.0455199359e-12
2.0819091797e+02 1.5810943093e-12 5.3825100820e-13 1.0428433011e-12
2.0825195312e+02 1.5770041008e-12 5.3683171388e-13 1.0401723869e-12
2.0831298828e+02 1.5729220226e-12 5.3541750517e-13 1.0375045175e-12
2.0837402344e+02 1.5688458681e-12 5.3400858326e-13 1.0348372849e-12
2.0843505859e+02 1.5647735055e-12 5.3260490643e-13 1.0321685990e-12
2.0849609375e+02 1.5607028125e-12 5.3120621320e-13 1.0294965994e-12
2.0855712891e+02 1.5566316941e-12 5.2981208167e-13 1.0268196124e-12
2.0861816406e+02 1.5525581057e-12 5.2842195286e-13 1.0241361529e-12
2.0867919922e+02 1.5484801229e-12 5.2703521660e-13 1.0214449063e-12
2.0874023438e+02 1.5443960720e-12 5.2565126605e-13 1.0187448059e-12
2.0880126953e+02 1.5403046804e-12 5.2426957771e-13 1.0160351027e-12
2.0886230469e+02 1.5362053129e-12 5.2288972506e-13 1.0133155879e-12
2.0892333984e+02 1.5320982054e-12 5.2151146681e-13 1.0105867386e-12
2.0898437500e+02 1.5279846348e-12 5.2013477041e-13 1.0078498644e-12
2.0904541016e+02 1.5238669999e-12 5.1875981567e-13 1.0051071842e-12
2.0910644531e+02 1.5197487713e-12 5.1738697432e-13 1.0023617970e-12
2.0916748047e+02 1.5156343781e-12 5.1601680238e-13 9.9961757572e-13
2.0922851562e+02 1.5115289735e-12 5.1464997856e-13 9.9687899494e-13
2.0928955078e+02 1.5074380470e-12 5.1328719901e-13 9.9415084800e-13
2.0935058594e+02 1.5033670552e-12 5.1192913889e-13 9.9143791633e-13
2.0941162109e+02 1.4993210666e-12 5.1057641217e-13 9.8874465447e-13
2.0947265625e+02 1.4953044041e-12 5.0922949847e-13 9.8607490566e-13
2.0953369141e+02 1.4913203754e-12 5.0788874260e-13 9.8343163280e-13
2.0959472656e+02 1.4873710819e-12 5.0655433435e-13 9.8081674756e-13
2.0965576172e+02 1.4834573506e-12 5.0522636610e-13 9.7823098455e-13
2.0971679688e+02 1.4795787099e-12 5.0390482363e-13 9.7567388628e-13
2.0977783203e+02 1.4757334234e-12 5.0258959820e-13 9.7314382524e-13
2.0983886719e+02 1.4719186335e-12 5.0128050153e-13 9.7063813196e-13
2.0989990234e+02 1.4681305473e-12 4.9997726449e-13 9.6815328283e-13
2.0996093750e+02 1.4643646627e-12 4.9867954763e-13 9.6568511510e-13
2.1002197266e+02 1.4606160395e-12 4.9738690996e-13 9.6322912955e-13
2.1008300781e+02 1.4568796079e-12 4.9609881533e-13 9.6078079253e-13
2.1014404297e+02 1.4531504821e-12 4.9481464819e-13 9.5833583392e-13
2.1020507812e+02 1.4494241551e-12 4.9353372635e-13 9.5589042879e-13
2.1026611328e+02 1.4456968022e-12 4.9225532859e-13 9.5344147362e-13
2.1032714844e+02 1.4419654270e-12 4.9097873539e-13 9.5098669159e-13
2.1038818359e+02 1.4382279563e-12 4.8970326813e-13 9.4852468816e-13
2.1044921875e+02 1.4344831936e-12 4.8842834007e-13 9.4605485353e-13
2.1051025391e+02 1.4307308754e-12 4.8715349876e-13 9.4357737664e-13
2.1057128906e+02 1.4269714805e-12 4.8587844867e-13 9.4109303183e-13
2.1063232422e+02 1.4232061387e-12 4.8460306685e-13 9.3860307180e-13
2.1069335938e+02 1.4194365595e-12 4.8332747076e-13 9.3610908869e-13
2.1075439453e+02 1.4156647834e-12 4.8205193880e-13 9.3361284460e-13
2.1081542969e+02 1.4118930492e-12 4.8077692722e-13 9.3111612200e-13
2.1087646484e+02 1.4081236532e-12 4.7950303981e-13 9.2862061339e-13
2.1093750000e+02 1.4043587811e-12 4.7823095228e-13 9.2612782885e-13
2.1099853516e+02 1.4006003887e-12 4.7696134374e-13 9.2363904492e-13
2.1105957031e+02 1.3968500294e-12 4.7569483967e-13 9.2115518969e-13
2.1112060547e+02 1.3931088163e-12 4.7443194039e-13 9.1867687589e-13
2.1118164062e+02 1.3893773896e-12 4.7317296330e-13 9.1620442630e-13
2.1124267578e+02 1.3856559305e-12 4.7191801676e-13 9.1373791371e-13
2.1130371094e+02 1.3819443230e-12 4.7066703662e-13 9.1127728638e-13
2.1136474609e+02 1.3782421978e-12 4.6941978807e-13 9.0882240978e-13
2.1142578125e+02 1.3745490464e-12 4.6817591607e-13 9.0637313029e-13
2.1148681641e+02 1.3708643772e-12 4.6693503260e-13 9.0392934456e-13
2.1154785156e+02 1.3671877834e-12 4.6569675580e-13 9.0149102764e-13
2.1160888672e+02 1.3635191296e-12 4.6446078679e-13 8.9905834284e-13
2.1166992188e+02 1.3598585106e-12 4.6322691907e-13 8.9663159156e-13
2.1173095703e+02 1.3562062404e-12 4.6199509472e-13 8.9421114565e-13
2.1179199219e+02 1.3525628497e-12 4.6076535438e-13 8.9179749529e-13
2.1185302734e+02 1.3489291166e-12 4.5953787061e-13 8.8939124599e-13
2.1191406250e+02 1.3453059842e-12 4.5831290369e-13 8.8699308049e-13
2.1197509766e+02 1.3416945590e-12 4.5709079312e-13 8.8460376585e-13
2.1203613281e+02 1.3380960800e-12 4.5587191531e-13 8.8222416471e-13
2.1209716797e+02 1.3345119180e-12 4.5465665935e-13 8.7985525867e-13
2.1215820312e+02 1.3309435418e-12 4.5344538065e-13 8.7749816114e-13
2.1221923828e+02 1.3273924654e-12 4.5223842177e-13 8.7515404360e-13
2.1228027344e+02 1.3238601428e-12 4.5103604215e-13 8.7282410069e-13
2.1234130859e+02 1.3203478346e-12 4.4983841810e-13 8.7050941647e-13
2.1240234375e+02 1.3168565161e-12 4.4864563127e-13 8.6821088483e-13
2.1246337891e+02 1.3133867052e-12 4.4745762776e-13 8.6592907746e-13
2.1252441406e+02 1.3099383198e-12 4.4627423610e-13 8.6366408369e-13
2.1258544922e+02 1.3065105724e-12 4.4509519227e-13 8.6141538009e-13
2.1264648438e+02 1.3031019212e-12 4.4392015262e-13 8.5918176863e-13
2.1270751953e+02 1.2997100779e-12 4.4274870719e-13 8.5696137074e-13
2.1276855469e+02 1.2963320599e-12 4.4158042613e-13 8.5475163373e-13
2.1282958984e+02 1.2929643593e-12 4.4041490389e-13 8.5254945541e-13
2.1289062500e+02 1.2896031316e-12 4.3925177389e-13 8.5035135772e-13
2.1295166016e+02 1.2862445292e-12 4.3809074956e-13 8.4815377962e-13
2.1301269531e+02 1.2828848978e-12 4.3693160154e-13 8.4595329626e-13
2.1307373047e+02 1.2795211328e-12 4.3577419801e-13 8.4374693476e-13
2.1313476562e+02 1.2761509613e-12 4.3461852580e-13 8.4153243547e-13
2.1319580078e+02 1.2727730126e-12 4.3346463117e-13 8.3930838147e-13
2.1325683594e+02 1.2693869820e-12 4.3231264944e-13 8.3707433256e-13
2.1331787109e+02 1.2659936350e-12 4.3116277471e-13 8.3483086031e-13
2.1337890625e+02 1.2625946758e-12 4.3001523820e-13 8.3257943756e-13
2.1343994141e+02 1.2591925685e-12 4.2887028334e-13 8.3032228520e-13
2.1350097656e+02 1.2557902817e-12 4.2772813938e-13 8.2806214229e-13
2.1356201172e+02 1.2523910730e-12 4.2658899763e-13 8.2580207538e-13
2.1362304688e+02 1.2489981379e-12 4.2545297780e-13 8.2354516011e-13
2.1368408203e+02 1.2456144284e-12 4.2432012696e-13 8.2129430146e-13
2.1374511719e+02 1.2422424587e-12 4.2319042242e-13 8.1905203625e-13
2.1380615234e+02 1.2388841510e-12 4.2206376147e-13 8.1682038949e-13
2.1386718750e+02 1.2355408239e-12 4.2093999801e-13 8.1460082586e-13
2.1392822266e+02 1.2322132288e-12 4.1981896531e-13 8.1239426350e-13
2.1398925781e+02 1.2289015822e-12 4.1870049301e-13 8.1020108922e-13
2.1405029297e+02 1.2256056092e-12 4.1758438991e-13 8.0802121925e-13
2.1411132812e+02 1.2223246374e-12 4.1647044977e-13 8.0585418762e-13
2.1417236328e+02 1.2190577092e-12 4.1535844241e-13 8.0369926679e-13
2.1423339844e+02 1.2158035861e-12 4.1424811432e-13 8.0155547180e-13
2.1429443359e+02 1.2125607848e-12 4.1313917915e-13 7.9942160561e-13
2.1435546875e+02 1.2093276705e-12 4.1203133452e-13 7.9729633595e-13
2.1441650391e+02 1.2061025069e-12 4.1092427487e-13 7.9517823199e-13
2.1447753906e+02 1.2028835919e-12 4.0981773755e-13 7.9306585432e-13
2.1453857422e+02 1.1996694055e-12 4.0871159175e-13 7.9095781373e-13
2.1459960938e+02 1.1964587854e-12 4.0760585858e-13 7.8885292677e-13
2.1466064453e+02 1.1932510443e-12 4.0650076772e-13 7.8675027656e-13
2.1472167969e+02 1.1900460870e-12 4.0539677039e-13 7.8464931657e-13
2.1478271484e+02 1.1868445436e-12 4.0429451400e-13 7.8255002958e-13
2.1484375000e+02 1.1836477164e-12 4.0319479568e-13 7.8045292071e-13
2.1490478516e+02 1.1804573671e-12 4.0209848637e-13 7.7835888069e-13
2.1496582031e+02 1.1772754831e-12 4.0100641626e-13 7.7626906680e-13
2.1502685547e+02 1.1741040592e-12 3.9991930216e-13 7.7418475704e-13
2.1508789062e+02 1.1709447350e-12 3.9883770424e-13 7.7210703075e-13
2.1514892578e+02 1.1677985327e-12 3.9776196214e-13 7.7003657054e-13
2.1520996094e+02 1.1646656711e-12 3.9669220190e-13 7.6797346920e-13
2.1527099609e+02 1.1615454794e-12 3.9562835288e-13 7.6591712653e-13
2.1533203125e+02 1.1584364530e-12 3.9457018057e-13 7.6386627238e-13
2.1539306641e+02 1.1553364353e-12 3.9351736350e-13 7.6181907183e-13
2.1545410156e+02 1.1522429804e-12 3.9246955025e-13 7.5977343018e-13
2.1551513672e+02 1.1491535640e-12 3.9142637065e-13 7.5772719332e-13
2.1557617188e+02 1.1460659056e-12 3.9038744614e-13 7.5567845950e-13
2.1563720703e+02 1.1429782827e-12 3.8935239506e-13 7.5362588767e-13
2.1569824219e+02 1.1398896957e-12 3.8832081057e-13 7.5156888511e-13
2.1575927734e+02 1.1367999117e-12 3.8729225184e-13 7.4950765985e-13
2.1582031250e+02 1.1337094534e-12 3.8626623841e-13 7.4744321500e-13
2.1588134766e+02 1.1306195294e-12 3.8524221189e-13 7.4537731748e-13
2.1594238281e+02 1.1275318923e-12 3.8421959230e-13 7.4331230001e-13
2.1600341797e+02 1.1244486926e-12 3.8319781335e-13 7.4125087924e-13
2.1606445312e+02 1.1213722795e-12 3.8217634733e-13 7.3919593213e-13
2.1612548828e+02 1.1183051395e-12 3.8115478930e-13 7.3715035015e-13
2.1618652344e+02 1.1152496585e-12 3.8013288140e-13 7.3511677712e-13
2.1624755859e+02 1.1122080520e-12 3.7911055951e-13 7.3309749246e-13
2.1630859375e+02 1.1091823013e-12 3.7808798753e-13 7.3109431382e-13
2.1636962891e+02 1.1061740019e-12 3.7706553430e-13 7.2910846763e-13
2.1643066406e+02 1.1031842404e-12 3.7604372210e-13 7.2714051826e-13
2.1649169922e+02 1.1002135343e-12 3.7502318544e-13 7.2519034889e-13
2.1655273438e+02 1.0972617632e-12 3.7400460520e-13 7.2325715804e-13
2.1661376953e+02 1.0943281199e-12 3.7298863675e-13 7.2133948314e-13
2.1667480469e+02 1.0914111406e-12 3.7197585303e-13 7.1943528760e-13
2.1673583984e+02 1.0885087994e-12 3.7096670919e-13 7.1754209018e-13
2.1679687500e+02 1.0856186879e-12 3.6996153421e-13 7.1565715364e-13
2.1685791016e+02 1.0827382021e-12 3.6896053564e-13 7.1377766646e-13
2.1691894531e+02 1.0798647673e-12 3.6796382231e-13 7.1190094501e-13
2.1697998047e+02 1.0769960729e-12 3.6697145656e-13 7.1002461632e-13
2.1704101562e+02 1.0741302361e-12 3.6598347525e-13 7.0814676085e-13
2.1710205078e+02 1.0712659985e-12 3.6499994583e-13 7.0626605267e-13
2.1716308594e+02 1.0684028045e-12 3.6402099819e-13 7.0438180633e-13
2.1722412109e+02 1.0655407943e-12 3.6304681140e-13 7.0249398287e-13
2.1728515625e+02 1.0626807137e-12 3.6207756620e-13 7.0060314754e-13
2.1734619141e+02 1.0598238543e-12 3.6111340735e-13 6.9871044695e-13
2.1740722656e+02 1.0569719126e-12 3.6015441397e-13 6.9681749861e-13
2.1746826172e+02 1.0541268340e-12 3.5920054658e-13 6.9492628741e-13
2.1752929688e+02 1.0512905869e-12 3.5825158264e-13 6.9303900426e-13
2.1759033203e+02 1.0484650012e-12 3.5730711293e-13 6.9115788825e-13
2.1765136719e+02 1.0456516159e-12 3.5636650746e-13 6.8928510843e-13
2.1771240234e+02 1.0428514978e-12 3.5542896345e-13 6.8742253433e-13
2.1777343750e+02 1.0400651463e-12 3.5449353432e-13 6.8557161203e-13
2.1783447266e+02 1.0372923654e-12 3.5355918724e-13 6.8373317815e-13
2.1789550781e+02 1.0345321853e-12 3.5262488318e-13 6.8190730210e-13
2.1795654297e+02 1.0317828983e-12 3.5168963164e-13 6.8009326667e-13
2.1801757812e+02 1.0290422045e-12 3.5075261027e-13 6.7828959423e-13
2.1807861328e+02 1.0263073302e-12 3.4981323510e-13 6.7649409508e-13
2.1813964844e+02 1.0235752131e-12 3.4887117211e-13 6.7470404099e-13
2.1820068359e+02 1.0208428215e-12 3.4792637579e-13 6.7291644574e-13
2.1826171875e+02 1.0181074197e-12 3.4697910704e-13 6.7112831262e-13
2.1832275391e+02 1.0153668590e-12 3.4602987556e-13 6.6933698341e-13
2.1838378906e+02 1.0126198211e-12 3.4507939397e-13 6.6754042715e-13
2.1844482422e+02 1.0098659454e-12 3.4412847935e-13 6.6573746606e-13
2.1850585938e+02 1.0071058424e-12 3.4317796874e-13 6.6392787364e-13
2.1856689453e+02 1.0043410321e-12 3.4222863325e-13 6.6211239887e-13
2.1862792969e+02 1.0015738213e-12 3.4128111455e-13 6.6029270680e-13
2.1868896484e+02 9.9880702503e-13 3.4033588705e-13 6.5847113799e-13
2.1875000000e+02 9.9604361721e-13 3.3939320591e-13 6.5665041130e-13
2.1881103516e+02 9.9328646836e-13 3.3845314658e-13 6.5483332179e-13
2.1887207031e+02 9.9053812464e-13 3.3751565144e-13 6.5302247320e-13
2.1893310547e+02 9.8780061389e-13 3.3658058642e-13 6.5122002747e-13
2.1899414062e+02 9.8507535299e-13 3.3564784913e-13 6.4942750386e-13
2.1905517578e+02 9.8236308135e-13 3.3471740416e-13 6.4764567720e-13
2.1911621094e+02 9.7966395035e-13 3.3378935113e-13 6.4587459921e-13
2.1917724609e+02 9.7697767058e-13 3.3286396779e-13 6.4411370279e-13
2.1923828125e+02 9.7430366899e-13 3.3194169072e-13 6.4236197827e-13
2.1929931641e+02 9.7164127061e-13 3.3102308542e-13 6.4061818519e-13
2.1936035156e+02 9.6898977799e-13 3.3010877929e-13 6.3888099870e-13
2.1942138672e+02 9.6634861475e-13 3.2919940395e-13 6.3714921081e-13
2.1948242188e+02 9.6371738063e-13 3.2829549751e-13 6.3542188312e-13
2.1954345703e+02 9.6109586341e-13 3.2739744817e-13 6.3369841524e-13
2.1960449219e+02 9.5848398165e-13 3.2650541767e-13 6.3197856398e-13
2.1966552734e+02 9.5588175223e-13 3.2561933306e-13 6.3026241917e-13
2.1972656250e+02 9.5328923630e-13 3.2473889288e-13 6.2855034342e-13
2.1978759766e+02 9.5070649614e-13 3.2386360681e-13 6.2684288934e-13
2.1984863281e+02 9.4813357364e-13 3.2299286718e-13 6.2514070646e-13
2.1990966797e+02 9.4557045950e-13 3.2212603187e-13 6.2344442763e-13
2.1997070312e+02 9.4301707786e-13 3.2126250437e-13 6.2175457349e-13
2.2003173828e+02 9.4047334600e-13 3.2040184259e-13 6.2007150341e-13
2.2009277344e+02 9.3793917561e-13 3.1954376706e-13 6.1839540855e-13
2.2015380859e+02 9.3541445446e-13 3.1868818066e-13 6.1672627380e-13
2.2021484375e+02 9.3289899376e-13 3.1783512819e-13 6.1506386557e-13
2.2027587891e+02 9.3039249477e-13 3.1698475546e-13 6.1340773932e-13
2.2033691406e+02 9.2789447619e-13 3.1613722280e-13 6.1175725339e-13
2.2039794922e+02 9.2540421346e-13 3.1529262734e-13 6.1011158611e-13
2.2045898438e+02 9.2292064048e-13 3.1445091576e-13 6.0846972471e-13
2.2052001953e+02 9.2044237247e-13 3.1361185529e-13 6.0683051718e-13
2.2058105469e+02 9.1796773532e-13 3.1277504269e-13 6.0519269262e-13
2.2064208984e+02 9.1549490550e-13 3.1193994767e-13 6.0355495784e-13
2.2070312500e+02 9.1302206955e-13 3.1110595550e-13 6.0191611405e-13
2.2076416016e+02 9.1054760379e-13 3.1027247416e-13 6.0027512963e-13
2.2082519531e+02 9.0807030293e-13 3.0943902701e-13 5.9863127592e-13
2.2088623047e+02 9.0558950162e-13 3.0860529230e-13 5.9698420932e-13
2.2094726562e+02 9.0310525020e-13 3.0777116654e-13 5.9533408366e-13
2.2100830078e+02 9.0061836425e-13 3.0693677458e-13 5.9368158967e-13
2.2106933594e+02 8.9813033798e-13 3.0610242301e-13 5.9202791497e-13
2.2113037109e+02 8.9564316710e-13 3.0526852292e-13 5.9037464418e-13
2.2119140625e+02 8.9315919288e-13 3.0443552770e-13 5.8872366518e-13
2.2125244141e+02 8.9068088950e-13 3.0360390054e-13 5.8707698896e-13
2.2131347656e+02 8.8821056295e-13 3.0277400646e-13 5.8543655650e-13
2.2137451172e+02 8.8575013683e-13 3.0194608856e-13 5.8380404827e-13
2.2143554688e+02 8.8330093261e-13 3.0112026213e-13 5.8218067048e-13
2.2149658203e+02 8.8086353789e-13 3.0029651758e-13 5.8056702031e-13
2.2155761719e+02 8.7843777086e-13 2.9947473933e-13 5.7896303153e-13
2.2161865234e+02 8.7602267284e-13 2.9865472769e-13 5.7736794515e-13
2.2167968750e+02 8.7361664394e-13 2.9783624937e-13 5.7578039456e-13
2.2174072266e+02 8.7121765401e-13 2.9701907418e-13 5.7419857984e-13
2.2180175781e+02 8.6882351930e-13 2.9620299934e-13 5.7262051996e-13
2.2186279297e+02 8.6643223684e-13 2.9538789694e-13 5.7104433990e-13
2.2192382812e+02 8.6404223707e-13 2.9457368809e-13 5.6946854899e-13
2.2198486328e+02 8.6165262934e-13 2.9376037132e-13 5.6789225802e-13
2.2204589844e+02 8.5926331820e-13 2.9294801529e-13 5.6631530291e-13
2.2210693359e+02 8.5687501269e-13 2.9213672672e-13 5.6473828597e-13
2.2216796875e+02 8.5448917977e-13 2.9132666490e-13 5.6316251487e-13
2.2222900391e+02 8.5210779652e-13 2.9051801527e-13 5.6158978125e-13
2.2229003906e+02 8.4973302675e-13 2.8971098636e-13 5.6002204039e-13
2.2235107422e+02 8.4736693347e-13 2.8890581390e-13 5.5846111957e-13
2.2241210938e+02 8.4501122932e-13 2.8810277259e-13 5.5690845673e-13
2.2247314453e+02 8.4266703926e-13 2.8730218670e-13 5.5536485256e-13
2.2253417969e+02 8.4033479102e-13 2.8650441181e-13 5.5383037921e-13
2.2259521484e+02 8.3801421947e-13 2.8570986543e-13 5.5230435404e-13
2.2265625000e+02 8.3570448493e-13 2.8491899473e-13 5.5078549021e-13
2.2271728516e+02 8.3340431762e-13 2.8413224479e-13 5.4927207283e-13
2.2277832031e+02 8.3111226418e-13 2.8335000129e-13 5.4776226289e-13
2.2283935547e+02 8.2882689150e-13 2.8257255834e-13 5.4625433317e-13
2.2290039062e+02 8.2654695864e-13 2.8180009047e-13 5.4474686817e-13
2.2296142578e+02 8.2427157622e-13 2.8103260314e-13 5.4323897307e-13
2.2302246094e+02 8.2200028834e-13 2.8026991563e-13 5.4173037272e-13
2.2308349609e+02 8.1973316863e-13 2.7951169593e-13 5.4022147270e-13
2.2314453125e+02 8.1747070602e-13 2.7875746350e-13 5.3871324252e-13
2.2320556641e+02 8.1521371693e-13 2.7800666545e-13 5.3720705149e-13
2.2326660156e+02 8.1296326007e-13 2.7725873493e-13 5.3570452514e-13
2.2332763672e+02 8.1072047683e-13 2.7651315341e-13 5.3420732342e-13
2.2338867188e+02 8.0848638979e-13 2.7576946823e-13 5.3271692156e-13
2.2344970703e+02 8.0626175708e-13 2.7502733873e-13 5.3123441835e-13
2.2351074219e+02 8.0404696984e-13 2.7428654407e-13 5.2976042577e-13
2.2357177734e+02 8.0184195192e-13 2.7354695760e-13 5.2829499432e-13
2.2363281250e+02 7.9964617750e-13 2.7280850033e-13 5.2683767717e-13
2.2369384766e+02 7.9745873634e-13 2.7207110544e-13 5.2538763090e-13
2.2375488281e+02 7.9527844080e-13 2.7133469553e-13 5.2394374527e-13
2.2381591797e+02 7.9310397602e-13 2.7059916647e-13 5.2250480955e-13
2.2387695312e+02 7.9093408676e-13 2.6986437451e-13 5.2106971225e-13
2.2393798828e+02 7.8876772324e-13 2.6913014341e-13 5.1963757983e-13
2.2399902344e+02 7.8660420251e-13 2.6839632839e-13 5.1820787412e-13
2.2406005859e+02 7.8444320866e-13 2.6766282383e-13 5.1678038482e-13
2.2412109375e+02 7.8228478518e-13 2.6692959004e-13 5.1535519514e-13
2.2418212891e+02 7.8012928911e-13 2.6619669360e-13 5.1393259551e-13
2.2424316406e+02 7.7797728296e-13 2.6546429284e-13 5.1251299012e-13
2.2430419922e+02 7.7582940679e-13 2.6473261168e-13 5.1109679512e-13
2.2436523438e+02 7.7368621672e-13 2.6400187074e-13 5.0968434597e-13
2.2442626953e+02 7.7154814140e-13 2.6327225999e-13 5.0827588140e-13
2.2448730469e+02 7.6941542449e-13 2.6254387761e-13 5.0687154688e-13
2.2454833984e+02 7.6728818335e-13 2.6181672387e-13 5.0547145949e-13
2.2460937500e+02 7.6516648615e-13 2.6109066651e-13 5.0407581963e-13
2.2467041016e+02 7.6305046823e-13 2.6036551261e-13 5.0268495562e-13
2.2473144531e+02 7.6094046701e-13 2.5964106290e-13 5.0129940411e-13
2.2479248047e+02 7.5883711395e-13 2.5891717999e-13 4.9991993397e-13
2.2485351562e+02 7.5674142272e-13 2.5819389365e-13 4.9854752907e-13
2.2491455078e+02 7.5465476451e-13 2.5747143928e-13 4.9718332523e-13
2.2497558594e+02 7.5257877960e-13 2.5675029150e-13 4.9582848810e-13
2.2503662109e+02 7.5051520663e-13 2.5603115004e-13 4.9448405659e-13
2.2509765625e+02 7.4846566997e-13 2.5531484987e-13 4.9315082009e-13
2.2515869141e+02 7.4643146158e-13 2.5460228336e-13 4.9182917822e-13
2.2521972656e+02 7.4441332012e-13 2.5389427604e-13 4.9051904408e-13
2.2528076172e+02 7.4241123711e-13 2.5319145284e-13 4.8921978427e-13
2.2534179688e+02 7.4042433120e-13 2.5249414885e-13 4.8793018235e-13
2.2540283203e+02 7.3845084787e-13 2.5180233525e-13 4.8664851262e-13
2.2546386719e+02 7.3648822716e-13 2.5111562563e-13 4.8537260153e-13
2.2552490234e+02 7.3453325348e-13 2.5043329614e-13 4.8409995733e-13
2.2558593750e+02 7.3258234472e-13 2.4975437018e-13 4.8282797454e-13
2.2564697266e+02 7.3063182396e-13 2.4907774281e-13 4.8155408115e-13
2.2570800781e+02 7.2867826321e-13 2.4840230295e-13 4.8027596026e-13
2.2576904297e+02 7.2671876885e-13 2.4772704235e-13 4.7899172650e-13
2.2583007812e+02 7.2475126902e-13 2.4705117148e-13 4.7770009754e-13
2.2589111328e+02 7.2277470309e-13 2.4637420807e-13 4.7640049502e-13
2.2595214844e+02 7.2078910005e-13 2.4569596553e-13 4.7509313453e-13
2.2601318359e+02 7.1879556175e-13 2.4501656662e-13 4.7377899513e-13
2.2607421875e+02 7.1679615344e-13 2.4433643241e-13 4.7245972104e-13
2.2613525391e+02 7.1479362656e-13 2.4365618779e-13 4.7113743877e-13
2.2619628906e+02 7.1279107908e-13 2.4297657830e-13 4.6981450078e-13
2.2625732422e+02 7.1079169209e-13 2.4229842465e-13 4.6849326744e-13
2.2631835938e+02 7.0879835616e-13 2.4162252412e-13 4.6717583204e-13
2.2637939453e+02 7.0681335227e-13 2.4094958836e-13 4.6586376391e-13
2.2644042969e+02 7.0483817979e-13 2.4028022720e-13 4.6455795259e-13
2.2650146484e+02 7.0287349540e-13 2.3961492420e-13 4.6325857120e-13
2.2656250000e+02 7.0091913520e-13 2.3895402477e-13 4.6196511043e-13
2.2662353516e+02 6.9897426608e-13 2.3829775201e-13 4.6067651407e-13
2.2668457031e+02 6.9703763060e-13 2.3764621724e-13 4.5939141336e-13
2.2674560547e+02 6.9510779491e-13 2.3699941784e-13 4.5810837706e-13
2.2680664062e+02 6.9318342960e-13 2.3635723322e-13 4.5682619638e-13
2.2686767578e+02 6.9126352708e-13 2.3571941983e-13 4.5554410726e-13
2.2692871094e+02 6.8934754428e-13 2.3508559900e-13 4.5426194527e-13
2.2698974609e+02 6.8743542303e-13 2.3445524074e-13 4.5298018229e-13
2.2705078125e+02 6.8552754562e-13 2.3382767650e-13 4.5169986912e-13
2.2711181641e+02 6.8362458668e-13 2.3320211059e-13 4.5042247609e-13
2.2717285156e+02 6.8172736970e-13 2.3257765412e-13 4.4914971559e-13
2.2723388672e+02 6.7983667276e-13 2.3195338619e-13 4.4788328657e-13
2.2729492188e+02 6.7795300829e-13 2.3132840934e-13 4.4662459895e-13
2.2735595703e+02 6.7607654001e-13 2.3070193617e-13 4.4537460385e-13
2.2741699219e+02 6.7420695570e-13 2.3007334336e-13 4.4413361234e-13
2.2747802734e+02 6.7234347539e-13 2.2944224831e-13 4.4290122708e-13
2.2753906250e+02 6.7048493067e-13 2.2880852966e-13 4.4167640102e-13
2.2760009766e+02 6.6862990052e-13 2.2817233213e-13 4.4045756839e-13
2.2766113281e+02 6.6677682483e-13 2.2753403251e-13 4.3924279232e-13
2.2772216797e+02 6.6492421159e-13 2.2689423097e-13 4.3802998062e-13
2.2778320312e+02 6.6307086505e-13 2.2625367064e-13 4.3681719441e-13
2.2784423828e+02 6.6121606604e-13 2.2561317345e-13 4.3560289259e-13
2.2790527344e+02 6.5935964682e-13 2.2497354879e-13 4.3438609803e-13
2.2796630859e+02 6.5750210423e-13 2.2433552644e-13 4.3316657778e-13
2.2802734375e+02 6.5564458303e-13 2.2369970851e-13 4.3194487452e-13
2.2808837891e+02 6.5378877127e-13 2.2306650737e-13 4.3072226390e-13
2.2814941406e+02 6.5193675550e-13 2.2243611952e-13 4.2950063598e-13
2.2821044922e+02 6.5009078794e-13 2.2180852467e-13 4.2828226326e-13
2.2827148438e+02 6.4825303399e-13 2.2118350519e-13 4.2706952879e-13
2.2833251953e+02 6.4642531267e-13 2.2056068930e-13 4.2586462337e-13
2.2839355469e+02 6.4460892324e-13 2.1993963345e-13 4.2466928979e-13
2.2845458984e+02 6.4280452621e-13 2.1931989420e-13 4.2348463201e-13
2.2851562500e+02 6.4101215915e-13 2.1870113435e-13 4.2231102481e-13
2.2857666016e+02 6.3923125314e-13 2.1808317650e-13 4.2114807665e-13
2.2863769531e+02 6.3746080404e-13 2.1746608034e-13 4.1999472370e-13
2.2869873047e+02 6.3569955148e-13 2.1685016649e-13 4.1884938499e-13
2.2875976562e+02 6.3394615858e-13 2.1623599229e-13 4.1771016629e-13
2.2882080078e+02 6.3219937928e-13 2.1562429610e-13 4.1657508318e-13
2.2888183594e+02 6.3045818385e-13 2.1501593461e-13 4.1544224924e-13
2.2894287109e+02 6.2872181132e-13 2.1441174994e-13 4.1431006138e-13
2.2900390625e+02 6.2698976467e-13 2.1381245786e-13 4.1317730682e-13
2.2906494141e+02 6.2526180047e-13 2.1321858109e-13 4.1204321939e-13
2.2912597656e+02 6.2353784071e-13 2.1263034292e-13 4.1090749779e-13
2.2918701172e+02 6.2181788332e-13 2.1204763394e-13 4.0977024937e-13
2.2924804688e+02 6.2010194445e-13 2.1147005170e-13 4.0863189275e-13
2.2930908203e+02 6.1838999797e-13 2.1089690666e-13 4.0749309130e-13
2.2937011719e+02 6.1668193852e-13 2.1032730848e-13 4.0635463004e-13
2.2943115234e+02 6.1497764860e-13 2.0976028394e-13 4.0521736466e-13
2.2949218750e+02 6.1327700797e-13 2.0919484954e-13 4.0408215843e-13
2.2955322266e+02 6.1157997043e-13 2.0863013107e-13 4.0294983936e-13
2.2961425781e+02 6.0988664019e-13 2.0806546256e-13 4.0182117762e-13
2.2967529297e+02 6.0819734479e-13 2.0750042971e-13 4.0069691508e-13
2.2973632812e+02 6.0651269739e-13 2.0693490775e-13 3.9957778965e-13
2.2979736328e+02 6.0483359792e-13 2.0636905269e-13 3.9846454523e-13
2.2985839844e+02 6.0316119213e-13 2.0580328099e-13 3.9735791114e-13
2.2991943359e+02 6.0149676179e-13 2.0523819717e-13 3.9625856462e-13
2.2998046875e+02 5.9984158046e-13 2.0467450833e-13 3.9516707213e-13
2.3004150391e+02 5.9819667905e-13 2.0411292362e-13 3.9408375543e-13
2.3010253906e+02 5.9656266905e-13 2.0355409361e-13 3.9300857545e-13
2.3016357422e+02 5.9493955112e-13 2.0299852666e-13 3.9194102446e-13
2.3022460938e+02 5.9332659848e-13 2.0244654047e-13 3.9088005801e-13
2.3028564453e+02 5.9172232360e-13 2.0189825159e-13 3.8982407201e-13
2.3034667969e+02 5.9012452690e-13 2.0135358337e-13 3.8877094353e-13
2.3040771484e+02 5.8853047818e-13 2.0081227939e-13 3.8771819880e-13
2.3046875000e+02 5.8693713238e-13 2.0027395293e-13 3.8666317945e-13
2.3052978516e+02 5.8534141385e-13 1.9973812357e-13 3.8560329028e-13
2.3059082031e+02 5.8374054905e-13 1.9920425301e-13 3.8453629604e-13
2.3065185547e+02 5.8213228022e-13 1.9867176549e-13 3.8346051473e-13
2.3071289062e+02 5.8051512253e-13 1.9814007247e-13 3.8237505006e-13
2.3077392578e+02 5.7888853934e-13 1.9760858122e-13 3.8127995812e-13
2.3083496094e+02 5.7725297475e-13 1.9707669650e-13 3.8017627826e-13
2.3089599609e+02 5.7560982395e-13 1.9654384336e-13 3.7906598059e-13
2.3095703125e+02 5.7396137220e-13 1.9600949035e-13 3.7795188185e-13
2.3101806641e+02 5.7231064957e-13 1.9547320476e-13 3.7683744481e-13
2.3107910156e+02 5.7066121803e-13 1.9493469023e-13 3.7572652780e-13
2.3114013672e+02 5.6901689161e-13 1.9439381244e-13 3.7462307916e-13
2.3120117188e+02 5.6738151422e-13 1.9385066642e-13 3.7353084780e-13
2.3126220703e+02 5.6575867920e-13 1.9330557950e-13 3.7245309970e-13
2.3132324219e+02 5.6415147243e-13 1.9275908608e-13 3.7139238634e-13
2.3138427734e+02 5.6256229316e-13 1.9221192015e-13 3.7035037301e-13
2.3144531250e+02 5.6099274222e-13 1.9166496162e-13 3.6932778060e-13
2.3150634766e+02 5.5944355362e-13 1.9111916628e-13 3.6832438734e-13
2.3156738281e+02 5.5791457638e-13 1.9057549272e-13 3.6733908366e-13
2.3162841797e+02 5.5640482850e-13 1.9003482761e-13 3.6637000089e-13
2.3168945312e+02 5.5491262963e-13 1.8949792436e-13 3.6541470528e-13
2.3175048828e+02 5.5343572622e-13 1.8896535678e-13 3.6447036944e-13
2.3181152344e+02 5.5197142207e-13 1.8843748855e-13 3.6353393352e-13
2.3187255859e+02 5.5051673365e-13 1.8791444128e-13 3.6260229237e-13
2.3193359375e+02 5.4906851221e-13 1.8739611390e-13 3.6167239831e-13
2.3199462891e+02 5.4762356992e-13 1.8688217833e-13 3.6074139159e-13
2.3205566406e+02 5.4617880393e-13 1.8637211731e-13 3.5980668662e-13
2.3211669922e+02 5.4473127772e-13 1.8586524226e-13 3.5886603545e-13
2.3217773438e+02 5.4327836517e-13 1.8536074020e-13 3.5791762497e-13
2.3223876953e+02 5.4181791072e-13 1.8485774868e-13 3.5696016204e-13
2.3229980469e+02 5.4034834705e-13 1.8435541642e-13 3.5599293063e-13
2.3236083984e+02 5.3886884642e-13 1.8385296850e-13 3.5501587791e-13
2.3242187500e+02 5.3737947234e-13 1.8334980845e-13 3.5402966389e-13
2.3248291016e+02 5.3588122118e-13 1.8284554326e-13 3.5303567793e-13
2.3254394531e+02 5.3437601754e-13 1.8234004557e-13 3.5203597198e-13
2.3260498047e+02 5.3286667948e-13 1.8183348011e-13 3.5103319937e-13
2.3266601562e+02 5.3135673459e-13 1.8132626471e-13 3.5003046988e-13
2.3272705078e+02 5.2985015267e-13 1.8081901445e-13 3.4903113822e-13
2.3278808594e+02 5.2835104612e-13 1.8031248457e-13 3.4803856155e-13
2.3284912109e+02 5.2686328464e-13 1.7980745351e-13 3.4705583113e-13
2.3291015625e+02 5.2539011381e-13 1.7930463104e-13 3.4608548277e-13
2.3297119141e+02 5.2393378602e-13 1.7880455472e-13 3.4512923130e-13
2.3303222656e+02 5.2249529409e-13 1.7830753282e-13 3.4418776127e-13
2.3309326172e+02 5.2107419262e-13 1.7781361192e-13 3.4326058070e-13
2.3315429688e+02 5.1966860556e-13 1.7732258876e-13 3.4234601680e-13
2.3321533203e+02 5.1827531648e-13 1.7683404066e-13 3.4144127582e-13
2.3327636719e+02 5.1689007818e-13 1.7634740712e-13 3.4054267106e-13
2.3333740234e+02 5.1550802502e-13 1.7586209418e-13 3.3964593083e-13
2.3339843750e+02 5.1412413052e-13 1.7537756569e-13 3.3874656483e-13
2.3345947266e+02 5.1273374434e-13 1.7489341683e-13 3.3784032751e-13
2.3352050781e+02 5.1133306084e-13 1.7440944211e-13 3.3692361873e-13
2.3358154297e+02 5.0991949364e-13 1.7392566655e-13 3.3599382710e-13
2.3364257812e+02 5.0849193731e-13 1.7344231440e-13 3.3504962291e-13
2.3370361328e+02 5.0705083931e-13 1.7295977067e-13 3.3409106864e-13
2.3376464844e+02 5.0559818181e-13 1.7247852913e-13 3.3311965269e-13
2.3382568359e+02 5.0413720238e-13 1.7199910368e-13 3.3213809869e-13
2.3388671875e+02 5.0267209024e-13 1.7152195161e-13 3.3115013863e-13
2.3394775391e+02 5.0120759083e-13 1.7104741282e-13 3.3016017801e-13
2.3400878906e+02 4.9974857558e-13 1.7057568322e-13 3.2917289236e-13
2.3406982422e+02 4.9829960081e-13 1.7010680596e-13 3.2819279484e-13
2.3413085938e+02 4.9686459640e-13 1.6964066145e-13 3.2722393495e-13
2.3419189453e+02 4.9544658689e-13 1.6917701141e-13 3.2626957548e-13
2.3425292969e+02 4.9404756557e-13 1.6871555928e-13 3.2533200630e-13
2.3431396484e+02 4.9266843301e-13 1.6825596254e-13 3.2441247047e-13
2.3437500000e+02 4.9130902746e-13 1.6779788417e-13 3.2351114328e-13
2.3443603516e+02 4.8996826878e-13 1.6734103057e-13 3.2262723821e-13
2.3449707031e+02 4.8864431682e-13 1.6688513902e-13 3.2175917780e-13
2.3455810547e+02 4.8733475050e-13 1.6642999155e-13 3.2090475896e-13
2.3461914062e+02 4.8603681771e-13 1.6597543313e-13 3.2006138458e-13
2.3468017578e+02 4.8474762646e-13 1.6552134587e-13 3.1922628060e-13
2.3474121094e+02 4.8346433033e-13 1.6506766022e-13 3.1839667011e-13
2.3480224609e+02 4.8218428934e-13 1.6461436269e-13 3.1756992665e-13
2.3486328125e+02 4.8090512874e-13 1.6416149106e-13 3.1674363768e-13
2.3492431641e+02 4.7962480900e-13 1.6370913565e-13 3.1591567336e-13
2.3498535156e+02 4.7834166135e-13 1.6325745006e-13 3.1508421130e-13
2.3504638672e+02 4.7705434667e-13 1.6280661055e-13 3.1424773612e-13
2.3510742188e+02 4.7576183377e-13 1.6235680804e-13 3.1340502573e-13
2.3516845703e+02 4.7446337918e-13 1.6190822398e-13 3.1255515520e-13
2.3522949219e+02 4.7315853185e-13 1.6146100167e-13 3.1169753018e-13
2.3529052734e+02 4.7184713573e-13 1.6101522860e-13 3.1083190713e-13
2.3535156250e+02 4.7052931868e-13 1.6057091623e-13 3.0995840245e-13
2.3541259766e+02 4.6920554090e-13 1.6012800314e-13 3.0907753775e-13
2.3547363281e+02 4.6787665758e-13 1.5968638019e-13 3.0819027739e-13
2.3553466797e+02 4.6654388708e-13 1.5924591339e-13 3.0729797369e-13
2.3559570312e+02 4.6520883403e-13 1.5880648503e-13 3.0640234900e-13
2.3565673828e+02 4.6387345185e-13 1.5836801936e-13 3.0550543249e-13
2.3571777344e+02 4.6253995975e-13 1.5793051177e-13 3.0460944798e-13
2.3577880859e+02 4.6121072981e-13 1.5749404375e-13 3.0371668606e-13
2.3583984375e+02 4.5988813973e-13 1.5705878819e-13 3.0282935154e-13
2.3590087891e+02 4.5857439105e-13 1.5662498935e-13 3.0194940170e-13
2.3596191406e+02 4.5727132853e-13 1.5619293490e-13 3.0107839363e-13
2.3602294922e+02 4.5598027678e-13 1.5576290124e-13 3.0021737554e-13
2.3608398438e+02 4.5470191797e-13 1.5533512353e-13 2.9936679443e-13
2.3614501953e+02 4.5343622020e-13 1.5490974331e-13 2.9852647689e-13
2.3620605469e+02 4.5218242051e-13 1.5448678205e-13 2.9769563847e-13
2.3626708984e+02 4.5093909076e-13 1.5406613141e-13 2.9687295934e-13
2.3632812500e+02 4.4970427976e-13 1.5364753277e-13 2.9605674699e-13
2.3638916016e+02 4.4847569561e-13 1.5323061592e-13 2.9524507969e-13
2.3645019531e+02 4.4725094970e-13 1.5281492257e-13 2.9443602713e-13
2.3651123047e+02 4.4602781265e-13 1.5239996158e-13 2.9362785107e-13
2.3657226562e+02 4.4480441077e-13 1.5198524521e-13 2.9281916556e-13
2.3663330078e+02 4.4357940079e-13 1.5157035288e-13 2.9200904791e-13
2.3669433594e+02 4.4235207907e-13 1.5115495536e-13 2.9119712371e-13
2.3675537109e+02 4.4112242861e-13 1.5073886864e-13 2.9038355997e-13
2.3681640625e+02 4.3989105039e-13 1.5032205688e-13 2.8956899351e-13
2.3687744141e+02 4.3865903693e-13 1.4990462184e-13 2.8875441509e-13
2.3693847656e+02 4.3742786967e-13 1.4948681221e-13 2.8794105746e-13
2.3699951172e+02 4.3619922142e-13 1.4906900501e-13 2.8713021641e-13
2.3706054688e+02 4.3497477880e-13 1.4865164759e-13 2.8632313121e-13
2.3712158203e+02 4.3375610167e-13 1.4823523734e-13 2.8552086433e-13
2.3718261719e+02 4.3254451740e-13 1.4782028953e-13 2.8472422787e-13
2.3724365234e+02 4.3134103612e-13 1.4740731076e-13 2.8393372536e-13
2.3730468750e+02 4.3014629334e-13 1.4699674741e-13 2.8314954593e-13
2.3736572266e+02 4.2896055085e-13 1.4658896197e-13 2.8237158888e-13
2.3742675781e+02 4.2778371053e-13 1.4618422813e-13 2.8159948240e-13
2.3748779297e+02 4.2661537391e-13 1.4578271055e-13 2.8083266335e-13
2.3754882812e+02 4.2545489448e-13 1.4538446867e-13 2.8007042581e-13
2.3760986328e+02 4.2430144575e-13 1.4498946609e-13 2.7931197967e-13
2.3767089844e+02 4.2315411429e-13 1.4459757044e-13 2.7855654385e-13
2.3773193359e+02 4.2201194776e-13 1.4420856827e-13 2.7780337949e-13
2.3779296875e+02 4.2087402612e-13 1.4382219197e-13 2.7705183415e-13
2.3785400391e+02 4.1973945585e-13 1.4343810570e-13 2.7630135016e-13
2.3791503906e+02 4.1860739044e-13 1.4305590997e-13 2.7555148047e-13
2.3797607422e+02 4.1747702800e-13 1.4267515174e-13 2.7480187626e-13
2.3803710938e+02 4.1634756685e-13 1.4229531263e-13 2.7405225423e-13
2.3809814453e+02 4.1521818696e-13 1.4191582772e-13 2.7330235924e-13
2.3815917969e+02 4.1408805985e-13 1.4153610838e-13 2.7255195147e-13
2.3822021484e+02 4.1295635132e-13 1.4115555951e-13 2.7180079181e-13
2.3828125000e+02 4.1182227657e-13 1.4077362551e-13 2.7104865107e-13
2.3834228516e+02 4.1068514915e-13 1.4038983414e-13 2.7029531501e-13
2.3840332031e+02 4.0954444964e-13 1.4000383604e-13 2.6954061361e-13
2.3846435547e+02 4.0839995522e-13 1.3961545518e-13 2.6878450004e-13
2.3852539062e+02 4.0725180254e-13 1.3922471884e-13 2.6802708369e-13
2.3858642578e+02 4.0610048160e-13 1.3883185105e-13 2.6726863055e-13
2.3864746094e+02 4.0494690291e-13 1.3843727768e-13 2.6650962523e-13
2.3870849609e+02 4.0379237759e-13 1.3804162245e-13 2.6575075514e-13
2.3876953125e+02 4.0263851254e-13 1.3764564750e-13 2.6499286504e-13
2.3883056641e+02 4.0148705498e-13 1.3725019987e-13 2.6423685511e-13
2.3889160156e+02 4.0033975526e-13 1.3685615746e-13 2.6348359780e-13
2.3895263672e+02 3.9919822368e-13 1.3646437168e-13 2.6273385200e-13
2.3901367188e+02 3.9806375126e-13 1.3607558634e-13 2.6198816492e-13
2.3907470703e+02 3.9693719485e-13 1.3569038151e-13 2.6124681334e-13
2.3913574219e+02 3.9581893377e-13 1.3530913983e-13 2.6050979394e-13
2.3919677734e+02 3.9470885511e-13 1.3493201253e-13 2.5977684257e-13
2.3925781250e+02 3.9360636345e-13 1.3455889991e-13 2.5904746354e-13
2.3931884766e+02 3.9251053182e-13 1.3418948277e-13 2.5832104905e-13
2.3937988281e+02 3.9142022908e-13 1.3382326486e-13 2.5759696423e-13
2.3944091797e+02 3.9033426769e-13 1.3345965255e-13 2.5687461514e-13
2.3950195312e+02 3.8925156581e-13 1.3309802072e-13 2.5615354509e-13
2.3956298828e+02 3.8817127581e-13 1.3273779623e-13 2.5543347958e-13
2.3962402344e+02 3.8709288066e-13 1.3237853232e-13 2.5471434834e-13
2.3968505859e+02 3.8601625593e-13 1.3201996656e-13 2.5399628936e-13
2.3974609375e+02 3.8494169148e-13 1.3166204012e-13 2.5327965136e-13
2.3980712891e+02 3.8386984423e-13 1.3130488405e-13 2.5256496018e-13
2.3986816406e+02 3.8280167929e-13 1.3094877836e-13 2.5185290093e-13
2.3992919922e+02 3.8173840051e-13 1.3059409983e-13 2.5114430069e-13
2.3999023438e+02 3.8068132497e-13 1.3024124866e-13 2.5044007631e-13
2.4005126953e+02 3.7963176020e-13 1.2989058906e-13 2.4974117114e-13
2.4011230469e+02 3.7859088872e-13 1.2954240474e-13 2.4904848398e-13
2.4017333984e+02 3.7755963422e-13 1.2919686663e-13 2.4836276759e-13
2.4023437500e+02 3.7653853971e-13 1.2885400860e-13 2.4768453111e-13
2.4029541016e+02 3.7552768472e-13 1.2851374253e-13 2.4701394219e-13
2.4035644531e+02 3.7452661256e-13 1.2817586399e-13 2.4635074857e-13
2.4041748047e+02 3.7353435170e-13 1.2784009063e-13 2.4569426107e-13
2.4047851562e+02 3.7254947247e-13 1.2750607768e-13 2.4504339479e-13
2.4053955078e+02 3.7157015970e-13 1.2717342886e-13 2.4439673084e-13
2.4060058594e+02 3.7059436704e-13 1.2684172690e-13 2.4375264014e-13
2.4066162109e+02 3.6961997328e-13 1.2651052893e-13 2.4310944435e-13
2.4072265625e+02 3.6864497945e-13 1.2617939930e-13 2.4246558016e-13
2.4078369141e+02 3.6766768201e-13 1.2584793409e-13 2.4181974792e-13
2.4084472656e+02 3.6668682066e-13 1.2551577639e-13 2.4117104427e-13
2.4090576172e+02 3.6570169133e-13 1.2518263876e-13 2.4051905257e-13
2.4096679688e+02 3.6471219997e-13 1.2484833415e-13 2.3986386582e-13
2.4102783203e+02 3.6371886097e-13 1.2451278209e-13 2.3920607888e-13
2.4108886719e+02 3.6272276204e-13 1.2417601861e-13 2.3854674343e-13
2.4114990234e+02 3.6172547159e-13 1.2383818820e-13 2.3788728340e-13
2.4121093750e+02 3.6072888139e-13 1.2349950908e-13 2.3722937230e-13
2.4127197266e+02 3.5973504962e-13 1.2316025833e-13 2.3657479130e-13
2.4133300781e+02 3.5874601432e-13 1.2282074384e-13 2.3592527048e-13
2.4139404297e+02 3.5776360084e-13 1.2248126626e-13 2.3528233458e-13
2.4145507812e+02 3.5678927829e-13 1.2214211657e-13 2.3464716173e-13
2.4151611328e+02 3.5582399338e-13 1.2180354993e-13 2.3402044344e-13
2.4157714844e+02 3.5486807388e-13 1.2146578538e-13 2.3340228851e-13
2.4163818359e+02 3.5392118070e-13 1.2112901121e-13 2.3279216949e-13
2.4169921875e+02 3.5298234815e-13 1.2079339676e-13 2.3218895139e-13
2.4176025391e+02 3.5205006158e-13 1.2045909105e-13 2.3159097053e-13
2.4182128906e+02 3.5112239887e-13 1.2012620621e-13 2.3099619265e-13
2.4188232422e+02 3.5019725815e-13 1.1979484217e-13 2.3040241598e-13
2.4194335938e+02 3.4927258902e-13 1.1946506746e-13 2.2980752156e-13
2.4200439453e+02 3.4834661580e-13 1.1913691139e-13 2.2920970442e-13
2.4206542969e+02 3.4741800519e-13 1.1881033612e-13 2.2860766907e-13
2.4212646484e+02 3.4648605282e-13 1.1848525339e-13 2.2800079943e-13
2.4218750000e+02 3.4555075264e-13 1.1816153124e-13 2.2738922140e-13
2.4224853516e+02 3.4461276455e-13 1.1783898875e-13 2.2677377580e-13
2.4230957031e+02 3.4367334989e-13 1.1751742564e-13 2.2615592425e-13
2.4237060547e+02 3.4273422583e-13 1.1719666375e-13 2.2553756209e-13
2.4243164062e+02 3.4179731635e-13 1.1687655316e-13 2.2492076319e-13
2.4249267578e+02 3.4086450350e-13 1.1655700066e-13 2.2430750284e-13
2.4255371094e+02 3.3993744357e-13 1.1623799624e-13 2.2369944732e-13
2.4261474609e+02 3.3901734365e-13 1.1591961566e-13 2.2309772799e-13
2.4267578125e+02 3.3810481771e-13 1.1560201420e-13 2.2250280351e-13
2.4273681641e+02 3.3719984935e-13 1.1528540683e-13 2.2191444252e-13
2.4279785156e+02 3.3630180079e-13 1.1497004286e-13 2.2133175793e-13
2.4285888672e+02 3.3540952260e-13 1.1465616676e-13 2.2075335584e-13
2.4291992188e+02 3.3452156458e-13 1.1434400837e-13 2.2017755621e-13
2.4298095703e+02 3.3363633744e-13 1.1403373719e-13 2.1960260025e-13
2.4304199219e+02 3.3275236710e-13 1.1372547027e-13 2.1902689683e-13
2.4310302734e+02 3.3186847458e-13 1.1341926832e-13 2.1844920626e-13
2.4316406250e+02 3.3098392487e-13 1.1311513386e-13 2.1786879101e-13
2.4322509766e+02 3.3009853129e-13 1.1281304669e-13 2.1728548460e-13
2.4328613281e+02 3.2921263315e-13 1.1251298551e-13 2.1669964764e-13
2.4334716797e+02 3.2832702332e-13 1.1221493964e-13 2.1611208368e-13
2.4340820312e+02 3.2744283427e-13 1.1191892135e-13 2.1552391292e-13
2.4346923828e+02 3.2656137795e-13 1.1162498251e-13 2.1493639544e-13
2.4353027344e+02 3.2568395475e-13 1.1133318302e-13 2.1435077174e-13
2.4359130859e+02 3.2481166362e-13 1.1104357352e-13 2.1376809011e-13
2.4365234375e+02 3.2394527313e-13 1.1075617961e-13 2.1318909352e-13
2.4371337891e+02 3.2308512256e-13 1.1047097233e-13 2.1261415023e-13
2.4377441406e+02 3.2223108620e-13 1.1018785646e-13 2.1204322974e-13
2.4383544922e+02 3.2138259827e-13 1.0990664496e-13 2.1147595332e-13
2.4389648438e+02 3.2053868779e-13 1.0962705813e-13 2.1091162965e-13
2.4395751953e+02 3.1969810199e-13 1.0934872871e-13 2.1034937328e-13
2.4401855469e+02 3.1885946242e-13 1.0907122632e-13 2.0978823610e-13
2.4407958984e+02 3.1802140497e-13 1.0879406379e-13 2.0922734119e-13
2.4414062500e+02 3.1718272825e-13 1.0851673833e-13 2.0866598992e-13
2.4420166016e+02 3.1634252053e-13 1.0823874740e-13 2.0810377313e-13
2.4426269531e+02 3.1550024196e-13 1.0795963891e-13 2.0754060305e-13
2.4432373047e+02 3.1465577386e-13 1.0767904343e-13 2.0697673043e-13
2.4438476562e+02 3.1380940095e-13 1.0739669713e-13 2.0641270382e-13
2.4444580078e+02 3.1296174840e-13 1.0711247373e-13 2.0584927467e-13
2.4450683594e+02 3.1211371165e-13 1.0682640182e-13 2.0528730983e-13
2.4456787109e+02 3.1126632987e-13 1.0653865836e-13 2.0472767151e-13
2.4462890625e+02 3.1042072486e-13 1.0624957723e-13 2.0417114763e-13
2.4468994141e+02 3.0957801340e-13 1.0595961014e-13 2.0361840327e-13
2.4475097656e+02 3.0873922188e-13 1.0566928443e-13 2.0306993745e-13
2.4481201172e+02 3.0790528012e-13 1.0537916975e-13 2.0252611037e-13
2.4487304688e+02 3.0707696243e-13 1.0508980922e-13 2.0198715321e-13
2.4493408203e+02 3.0625489892e-13 1.0480168914e-13 2.0145320978e-13
2.4499511719e+02 3.0543954764e-13 1.0451518856e-13 2.0092435908e-13
2.4505615234e+02 3.0463118129e-13 1.0423056510e-13 2.0040061619e-13
2.4511718750e+02 3.0382983147e-13 1.0394794055e-13 1.9988189092e-13
2.4517822266e+02 3.0303527655e-13 1.0366731291e-13 1.9936796363e-13
2.4523925781e+02 3.0224698371e-13 1.0338856204e-13 1.9885842167e-13
2.4530029297e+02 3.0146411268e-13 1.0311148865e-13 1.9835262403e-13
2.4536132812e+02 3.0068551376e-13 1.0283584556e-13 1.9784966820e-13
2.4542236328e+02 2.9990978815e-13 1.0256136810e-13 1.9734842006e-13
2.4548339844e+02 2.9913538205e-13 1.0228780429e-13 1.9684757776e-13
2.4554443359e+02 2.9836070593e-13 1.0201495391e-13 1.9634575203e-13
2.4560546875e+02 2.9758427216e-13 1.0174268196e-13 1.9584159020e-13
2.4566650391e+02 2.9680481515e-13 1.0147092940e-13 1.9533388575e-13
2.4572753906e+02 2.9602145462e-13 1.0119973894e-13 1.9482171568e-13
2.4578857422e+02 2.9523376618e-13 1.0092923106e-13 1.9430453512e-13
2.4584960938e+02 2.9444183159e-13 1.0065959889e-13 1.9378223270e-13
2.4591064453e+02 2.9364626766e-13 1.0039109785e-13 1.9325516981e-13
2.4597167969e+02 2.9284814354e-13 1.0012400500e-13 1.9272413853e-13
2.4603271484e+02 2.9204888417e-13 9.9858590850e-14 1.9219029332e-13
2.4609375000e+02 2.9125017051e-13 9.9595103405e-14 1.9165506710e-13
2.4615478516e+02 2.9045372205e-13 9.9333718230e-14 1.9112000382e-13
2.4621582031e+02 2.8966118111e-13 9.9074530163e-14 1.9058665094e-13
2.4627685547e+02 2.8887395443e-13 9.8817542225e-14 1.9005641221e-13
2.4633789062e+02 2.8809308424e-13 9.8562663122e-14 1.8953042112e-13
2.4639892578e+02 2.8731921560e-13 9.8309714705e-14 1.8900950090e-13
2.4645996094e+02 2.8655256405e-13 9.8058439671e-14 1.8849412438e-13
2.4652099609e+02 2.8579292082e-13 9.7808517101e-14 1.8798440372e-13
2.4658203125e+02 2.8503974719e-13 9.7559594385e-14 1.8748015280e-13
2.4664306641e+02 2.8429228792e-13 9.7311322672e-14 1.8698096524e-13
2.4670410156e+02 2.8354967324e-13 9.7063379017e-14 1.8648629422e-13
2.4676513672e+02 2.8281102567e-13 9.6815497734e-14 1.8599552793e-13
2.4682617188e+02 2.8207552980e-13 9.6567490486e-14 1.8550803932e-13
2.4688720703e+02 2.8134249969e-13 9.6319270856e-14 1.8502322884e-13
2.4694824219e+02 2.8061141173e-13 9.6070877071e-14 1.8454053466e-13
2.4700927734e+02 2.7988192415e-13 9.5822459306e-14 1.8405946484e-13
2.4707031250e+02 2.7915383454e-13 9.5574263195e-14 1.8357957134e-13
2.4713134766e+02 2.7842705968e-13 9.5326614409e-14 1.8310044528e-13
2.4719238281e+02 2.7770160416e-13 9.5079876070e-14 1.8262172809e-13
2.4725341797e+02 2.7697752381e-13 9.4834386994e-14 1.8214313681e-13
2.4731445312e+02 2.7625488068e-13 9.4590426178e-14 1.8166445450e-13
2.4737548828e+02 2.7553374075e-13 9.4348176362e-14 1.8118556439e-13
2.4743652344e+02 2.7481415184e-13 9.4107678085e-14 1.8070647376e-13
2.4749755859e+02 2.7409615960e-13 9.3868829870e-14 1.8022732973e-13
2.4755859375e+02 2.7337982801e-13 9.3631390727e-14 1.7974843728e-13
2.4761962891e+02 2.7266524063e-13 9.3395004127e-14 1.7927023651e-13
2.4768066406e+02 2.7195255453e-13 9.3159244165e-14 1.7879331037e-13
2.4774169922e+02 2.7124199170e-13 9.2923652982e-14 1.7831833872e-13
2.4780273438e+02 2.7053388643e-13 9.2687812947e-14 1.7784607348e-13
2.4786376953e+02 2.6982870784e-13 9.2451386254e-14 1.7737732159e-13
2.4792480469e+02 2.6912700773e-13 9.2214150690e-14 1.7691285704e-13
2.4798583984e+02 2.6842938348e-13 9.1976027497e-14 1.7645335598e-13
2.4804687500e+02 2.6773640914e-13 9.1737083425e-14 1.7599932571e-13
2.4810791016e+02 2.6704855299e-13 9.1497520847e-14 1.7555103215e-13
2.4816894531e+02 2.6636606956e-13 9.1257650149e-14 1.7510841942e-13
2.4822998047e+02 2.6568892218e-13 9.1017848675e-14 1.7467107350e-13
2.4829101562e+02 2.6501674240e-13 9.0778504832e-14 1.7423823757e-13
2.4835205078e+02 2.6434881369e-13 9.0539975433e-14 1.7380883826e-13
2.4841308594e+02 2.6368409730e-13 9.0302529753e-14 1.7338156754e-13
2.4847412109e+02 2.6302131921e-13 9.0066318038e-14 1.7295500117e-13
2.4853515625e+02 2.6235907400e-13 8.9831368415e-14 1.7252770559e-13
2.4859619141e+02 2.6169597082e-13 8.9597584782e-14 1.7209838604e-13
2.4865722656e+02 2.6103076981e-13 8.9364760437e-14 1.7166600937e-13
2.4871826172e+02 2.6036250402e-13 8.9132616563e-14 1.7122988746e-13
2.4877929688e+02 2.5969058214e-13 8.8900849434e-14 1.7078973271e-13
2.4884033203e+02 2.5901482537e-13 8.8669170906e-14 1.7034565446e-13
2.4890136719e+02 2.5833550566e-13 8.8437357363e-14 1.6989814829e-13
2.4896240234e+02 2.5765329328e-13 8.8205273546e-14 1.6944801973e-13
2.4902343750e+02 2.5696917280e-13 8.7972878051e-14 1.6899629475e-13
2.4908447266e+02 2.5628436387e-13 8.7740249962e-14 1.6854411391e-13
2.4914550781e+02 2.5560020821e-13 8.7507572357e-14 1.6809263586e-13
2.4920654297e+02 2.5491805962e-13 8.7275105986e-14 1.6764295364e-13
2.4926757812e+02 2.5423921225e-13 8.7043180709e-14 1.6719603154e-13
2.4932861328e+02 2.5356480749e-13 8.6812166582e-14 1.6675264091e-13
2.4938964844e+02 2.5289577364e-13 8.6582452085e-14 1.6631332155e-13
2.4945068359e+02 2.5223280385e-13 8.6354418563e-14 1.6587838529e-13
2.4951171875e+02 2.5157632981e-13 8.6128423053e-14 1.6544790676e-13
2.4957275391e+02 2.5092653845e-13 8.5904776900e-14 1.6502176155e-13
2.4963378906e+02 2.5028338057e-13 8.5683719037e-14 1.6459966153e-13
2.4969482422e+02 2.4964658949e-13 8.5465388621e-14 1.6418120087e-13
2.4975585938e+02 2.4901568647e-13 8.5249812044e-14 1.6376587442e-13
2.4981689453e+02 2.4839002018e-13 8.5036885819e-14 1.6335313436e-13
2.4987792969e+02 2.4776881404e-13 8.4826381900e-14 1.6294243214e-13
2.4993896484e+02 2.4715117259e-13 8.4617949095e-14 1.6253322349e-13
2.5000000000e+02 2.4653611853e-13 8.4411135184e-14 1.6212498334e-13
2.5006103516e+02 2.4592262932e-13 8.4205427742e-14 1.6171720158e-13
2.5012207031e+02 2.4530968690e-13 8.4000309161e-14 1.6130937774e-13
2.5018310547e+02 2.4469633669e-13 8.3795302802e-14 1.6090103389e-13
2.5024414062e+02 2.4408171248e-13 8.3590007175e-14 1.6049170530e-13
2.5030517578e+02 2.4346510240e-13 8.3384162773e-14 1.6008093962e-13
2.5036621094e+02 2.4284597386e-13 8.3177673052e-14 1.5966830081e-13
2.5042724609e+02 2.4222402336e-13 8.2970610903e-14 1.5925341246e-13
2.5048828125e+02 2.4159922821e-13 8.2763219053e-14 1.5883600916e-13
2.5054931641e+02 2.4097185522e-13 8.2555881596e-14 1.5841597363e-13
2.5061035156e+02 2.4034245864e-13 8.2349080400e-14 1.5799337824e-13
2.5067138672e+02 2.3971188506e-13 8.2143343913e-14 1.5756854115e-13
2.5073242188e+02 2.3908123623e-13 8.1939188952e-14 1.5714204727e-13
2.5079345703e+02 2.3845182144e-13 8.1737062527e-14 1.5671475891e-13
2.5085449219e+02 2.3782506499e-13 8.1537287014e-14 1.5628777797e-13
2.5091552734e+02 2.3720239217e-13 8.1340025029e-14 1.5586236714e-13
2.5097656250e+02 2.3658510831e-13 8.1145249441e-14 1.5543985887e-13
2.5103759766e+02 2.3597427436e-13 8.0952741823e-14 1.5502153253e-13
2.5109863281e+02 2.3537059538e-13 8.0762105888e-14 1.5460848949e-13
2.5115966797e+02 2.3477432446e-13 8.0572795321e-14 1.5420152914e-13
2.5122070312e+02 2.3418522080e-13 8.0384171081e-14 1.5380104972e-13
2.5128173828e+02 2.3360254476e-13 8.0195539810e-14 1.5340700495e-13
2.5134277344e+02 2.3302513166e-13 8.0006226514e-14 1.5301890514e-13
2.5140380859e+02 2.3245145963e-13 7.9815640001e-14 1.5263581963e-13
2.5146484375e+02 2.3187977308e-13 7.9623297397e-14 1.5225647568e-13
2.5152587891e+02 2.3130825298e-13 7.9428875977e-14 1.5187937700e-13
2.5158691406e+02 2.3073518490e-13 7.9232240938e-14 1.5150294396e-13
2.5164794922e+02 2.3015910765e-13 7.9033436348e-14 1.5112567130e-13
2.5170898438e+02 2.2957895306e-13 7.8832680047e-14 1.5074627301e-13
2.5177001953e+02 2.2899417117e-13 7.8630352617e-14 1.5036381855e-13
2.5183105469e+02 2.2840477334e-13 7.8426957838e-14 1.4997781551e-13
2.5189208984e+02 2.2781133264e-13 7.8223068713e-14 1.4958826393e-13
2.5195312500e+02 2.2721498599e-13 7.8019287229e-14 1.4919569876e-13
2.5201416016e+02 2.2661733210e-13 7.7816204891e-14 1.4880112721e-13
2.5207519531e+02 2.2602028406e-13 7.7614356552e-14 1.4840592751e-13
2.5213623047e+02 2.2542591132e-13 7.7414175316e-14 1.4801173601e-13
2.5219726562e+02 2.2483621512e-13 7.7215948175e-14 1.4762026695e-13
2.5225830078e+02 2.2425293397e-13 7.7019827801e-14 1.4723310617e-13
2.5231933594e+02 2.2367736159e-13 7.6825818253e-14 1.4685154334e-13
2.5238037109e+02 2.2311018991e-13 7.6633791755e-14 1.4647639816e-13
2.5244140625e+02 2.2255141069e-13 7.6443513598e-14 1.4610789709e-13
2.5250244141e+02 2.2200030184e-13 7.6254678589e-14 1.4574562325e-13
2.5256347656e+02 2.2145550333e-13 7.6066957924e-14 1.4538854541e-13
2.5262451172e+02 2.2091514609e-13 7.5880033233e-14 1.4503511286e-13
2.5268554688e+02 2.2037703735e-13 7.5693635101e-14 1.4468340225e-13
2.5274658203e+02 2.1983891534e-13 7.5507565690e-14 1.4433134965e-13
2.5280761719e+02 2.1929871342e-13 7.5321717631e-14 1.4397699579e-13
2.5286865234e+02 2.1875480314e-13 7.5136076917e-14 1.4361872622e-13
2.5292968750e+02 2.1820619308e-13 7.4950713333e-14 1.4325547974e-13
2.5299072266e+02 2.1765267586e-13 7.4765769867e-14 1.4288690600e-13
2.5305175781e+02 2.1709492517e-13 7.4581456623e-14 1.4251346855e-13
2.5311279297e+02 2.1653446020e-13 7.4398021933e-14 1.4213643827e-13
2.5317382812e+02 2.1597353530e-13 7.4215722331e-14 1.4175781297e-13
2.5323486328e+02 2.1541498476e-13 7.4034821455e-14 1.4138016331e-13
2.5329589844e+02 2.1486193606e-13 7.3855555964e-14 1.4100638010e-13
2.5335693359e+02 2.1431751797e-13 7.3678116519e-14 1.4063940145e-13
2.5341796875e+02 2.1378454435e-13 7.3502610512e-14 1.4028193384e-13
2.5347900391e+02 2.1326521744e-13 7.3329056311e-14 1.3993616113e-13
2.5354003906e+02 2.1276087082e-13 7.3157367704e-14 1.3960350311e-13
2.5360107422e+02 2.1227176578e-13 7.2987341731e-14 1.3928442405e-13
2.5366210938e+02 2.1179706171e-13 7.2818679283e-14 1.3897838243e-13
2.5372314453e+02 2.1133486684e-13 7.2650999294e-14 1.3868386755e-13
2.5378417969e+02 2.1088236010e-13 7.2483865678e-14 1.3839849442e-13
2.5384521484e+02 2.1043607491e-13 7.2316829209e-14 1.3811924570e-13
2.5390625000e+02 2.0999221919e-13 7.2149462696e-14 1.3784275649e-13
2.5396728516e+02 2.0954705682e-13 7.1981411688e-14 1.3756564513e-13
2.5402832031e+02 2.0909727479e-13 7.1812429035e-14 1.3728484576e-13
2.5408935547e+02 2.0864030424e-13 7.1642399256e-14 1.3699790498e-13
2.5415039062e+02 2.0817451239e-13 7.1471337029e-14 1.3670317536e-13
2.5421142578e+02 2.0769936399e-13 7.1299404320e-14 1.3639995967e-13
2.5427246094e+02 2.0721540856e-13 7.1126873490e-14 1.3608853507e-13
2.5433349609e+02 2.0672417864e-13 7.0954099487e-14 1.3577007916e-13
2.5439453125e+02 2.0622797273e-13 7.0781490726e-14 1.3544648200e-13
2.5445556641e+02 2.0572954896e-13 7.0609454530e-14 1.3512009443e-13
2.5451660156e+02 2.0523182404e-13 7.0438357101e-14 1.3479346694e-13
2.5457763672e+02 2.0473755249e-13 7.0268496352e-14 1.3446905613e-13
2.5463867188e+02 2.0424901807e-13 7.0100058399e-14 1.3414895968e-13
2.5469970703e+02 2.0376780773e-13 6.9933108449e-14 1.3383469928e-13
2.5476074219e+02 2.0329468032e-13 6.9767591608e-14 1.3352708872e-13
2.5482177734e+02 2.0282948233e-13 6.9603336810e-14 1.3322614552e-13
2.5488281250e+02 2.0237118150e-13 6.9440074303e-14 1.3293110720e-13
2.5494384766e+02 2.0191801149e-13 6.9277475704e-14 1.3264053579e-13
2.5500488281e+02 2.0146763691e-13 6.9115183230e-14 1.3235245368e-13
2.5506591797e+02 2.0101736272e-13 6.8952839124e-14 1.3206452360e-13
2.5512695312e+02 2.0056437887e-13 6.8790115566e-14 1.3177426331e-13
2.5518798828e+02 2.0010603382e-13 6.8626742170e-14 1.3147929165e-13
2.5524902344e+02 1.9964003396e-13 6.8462542191e-14 1.3117749177e-13
2.5531005859e+02 1.9916465860e-13 6.8297441241e-14 1.3086721736e-13
2.5537109375e+02 1.9867888675e-13 6.8131463106e-14 1.3054742365e-13
2.5543212891e+02 1.9818248250e-13 6.7964741359e-14 1.3021774114e-13
2.5549316406e+02 1.9767601870e-13 6.7797496883e-14 1.2987852182e-13
2.5555419922e+02 1.9716083433e-13 6.7630032728e-14 1.2953080160e-13
2.5561523438e+02 1.9663893748e-13 6.7462695972e-14 1.2917624151e-13
2.5567626953e+02 1.9611283152e-13 6.7295855603e-14 1.2881697591e-13
2.5573730469e+02 1.9558532748e-13 6.7129871441e-14 1.2845545604e-13
2.5579833984e+02 1.9505933919e-13 6.6965065598e-14 1.2809427359e-13
2.5585937500e+02 1.9453767119e-13 6.6801700933e-14 1.2773597026e-13
2.5592041016e+02 1.9402282323e-13 6.6639958675e-14 1.2738286456e-13
2.5598144531e+02 1.9351686991e-13 6.6479933421e-14 1.2703693649e-13
2.5604248047e+02 1.9302135051e-13 6.6321633402e-14 1.2669971711e-13
2.5610351562e+02 1.9253721903e-13 6.6164988760e-14 1.2637223027e-13
2.5616455078e+02 1.9206483345e-13 6.6009864906e-14 1.2605496855e-13
2.5622558594e+02 1.9160399982e-13 6.5856081879e-14 1.2574791794e-13
2.5628662109e+02 1.9115407276e-13 6.5703445242e-14 1.2545062752e-13
2.5634765625e+02 1.9071401228e-13 6.5551739283e-14 1.2516227300e-13
2.5640869141e+02 1.9028252197e-13 6.5400775574e-14 1.2488174639e-13
2.5646972656e+02 1.8985814466e-13 6.5250398987e-14 1.2460774567e-13
2.5653076172e+02 1.8943936908e-13 6.5100506997e-14 1.2433886209e-13
2.5659179688e+02 1.8902472065e-13 6.4951049276e-14 1.2407367137e-13
2.5665283203e+02 1.8861285936e-13 6.4802034283e-14 1.2381082508e-13
2.5671386719e+02 1.8820266185e-13 6.4653538165e-14 1.2354912368e-13
2.5677490234e+02 1.8779323876e-13 6.4505678231e-14 1.2328756053e-13
2.5683593750e+02 1.8738397414e-13 6.4358600425e-14 1.2302537371e-13
2.5689697266e+02 1.8697450717e-13 6.4212455779e-14 1.2276205139e-13
2.5695800781e+02 1.8656468960e-13 6.4067373061e-14 1.2249731654e-13
2.5701904297e+02 1.8615450862e-13 6.3923438853e-14 1.2223106977e-13
2.5708007812e+02 1.8574398632e-13 6.3780668931e-14 1.2196331739e-13
2.5714111328e+02 1.8533310342e-13 6.3639003395e-14 1.2169410003e-13
2.5720214844e+02 1.8492170476e-13 6.3498306914e-14 1.2142339784e-13
2.5726318359e+02 1.8450947694e-13 6.3358380535e-14 1.2115109641e-13
2.5732421875e+02 1.8409591170e-13 6.3218977012e-14 1.2087693469e-13
2.5738525391e+02 1.8368032880e-13 6.3079840563e-14 1.2060048824e-13
2.5744628906e+02 1.8326195075e-13 6.2940727214e-14 1.2032122354e-13
2.5750732422e+02 1.8283999965e-13 6.2801425940e-14 1.2003857371e-13
2.5756835938e+02 1.8241380501e-13 6.2661791875e-14 1.1975201314e-13
2.5762939453e+02 1.8198291602e-13 6.2521750362e-14 1.1946116566e-13
2.5769042969e+02 1.8154717040e-13 6.2381292941e-14 1.1916587746e-13
2.5775146484e+02 1.8110678315e-13 6.2240478729e-14 1.1886630442e-13
2.5781250000e+02 1.8066236284e-13 6.2099411070e-14 1.1856295177e-13
2.5787353516e+02 1.8021490278e-13 6.1958228026e-14 1.1825667476e-13
2.5793457031e+02 1.7976572699e-13 6.1817079138e-14 1.1794864785e-13
2.5799560547e+02 1.7931638286e-13 6.1676107845e-14 1.1764027502e-13
2.5805664062e+02 1.7886851352e-13 6.1535435363e-14 1.1733307816e-13
2.5811767578e+02 1.7842370608e-13 6.1395151122e-14 1.1702855496e-13
2.5817871094e+02 1.7798334507e-13 6.1255307124e-14 1.1672803795e-13
2.5823974609e+02 1.7754845113e-13 6.1115904359e-14 1.1643254677e-13
2.5830078125e+02 1.7711955085e-13 6.0976900193e-14 1.1614265066e-13
2.5836181641e+02 1.7669662698e-13 6.0838207866e-14 1.1585841911e-13
2.5842285156e+02 1.7627909281e-13 6.0699696124e-14 1.1557939668e-13
2.5848388672e+02 1.7586586434e-13 6.0561217125e-14 1.1530464721e-13
2.5854492188e+02 1.7545548905e-13 6.0422621940e-14 1.1503286711e-13
2.5860595703e+02 1.7504633188e-13 6.0283789046e-14 1.1476254284e-13
2.5866699219e+02 1.7463679220e-13 6.0144640925e-14 1.1449215127e-13
2.5872802734e+02 1.7422552633e-13 6.0005174795e-14 1.1422035154e-13
2.5878906250e+02 1.7381165070e-13 5.9865476666e-14 1.1394617403e-13
2.5885009766e+02 1.7339487702e-13 5.9725727231e-14 1.1366914979e-13
2.5891113281e+02 1.7297558851e-13 5.9586198134e-14 1.1338939038e-13
2.5897216797e+02 1.7255482051e-13 5.9447227950e-14 1.1310759256e-13
2.5903320312e+02 1.7213418356e-13 5.9309203102e-14 1.1282498046e-13
2.5909423828e+02 1.7171571199e-13 5.9172519402e-14 1.1254319258e-13
2.5915527344e+02 1.7130167022e-13 5.9037552915e-14 1.1226411730e-13
2.5921630859e+02 1.7089432576e-13 5.8904613738e-14 1.1198971202e-13
2.5927734375e+02 1.7049577144e-13 5.8773928369e-14 1.1172184308e-13
2.5933837891e+02 1.7010772570e-13 5.8645618228e-14 1.1146210747e-13
2.5939941406e+02 1.6973136820e-13 5.8519688508e-14 1.1121167970e-13
2.5946044922e+02 1.6936725741e-13 5.8396043466e-14 1.1097121394e-13
2.5952148438e+02 1.6901527655e-13 5.8274491041e-14 1.1074078551e-13
2.5958251953e+02 1.6867466433e-13 5.8154762791e-14 1.1051990154e-13
2.5964355469e+02 1.6834407288e-13 5.8036539887e-14 1.1030753300e-13
2.5970458984e+02 1.6802169403e-13 5.7919483561e-14 1.1010221047e-13
2.5976562500e+02 1.6770539444e-13 5.7803243309e-14 1.0990215113e-13
2.5982666016e+02 1.6739289582e-13 5.7687485121e-14 1.0970541070e-13
2.5988769531e+02 1.6708196794e-13 5.7571920544e-14 1.0951004740e-13
2.5994873047e+02 1.6677055075e-13 5.7456293127e-14 1.0931425763e-13
2.6000976562e+02 1.6645690263e-13 5.7340406080e-14 1.0911649655e-13
2.6007080078e+02 1.6613966343e-13 5.7224124626e-14 1.0891553880e-13
2.6013183594e+02 1.6581788923e-13 5.7107369781e-14 1.0871051945e-13
2.6019287109e+02 1.6549107190e-13 5.6990129479e-14 1.0850094242e-13
2.6025390625e+02 1.6515906225e-13 5.6872445089e-14 1.0828661717e-13
2.6031494141e+02 1.6482204568e-13 5.6754419080e-14 1.0806762661e-13
2.6037597656e+02 1.6448046879e-13 5.6636206005e-14 1.0784426279e-13
2.6043701172e+02 1.6413497938e-13 5.6517989284e-14 1.0761699009e-13
2.6049804688e+02 1.6378636177e-13 5.6399960453e-14 1.0738640132e-13
2.6055908203e+02 1.6343549378e-13 5.6282302439e-14 1.0715319134e-13
2.6062011719e+02 1.6308329349e-13 5.6165169453e-14 1.0691812403e-13
2.6068115234e+02 1.6273067487e-13 5.6048640225e-14 1.0668203464e-13
2.6074218750e+02 1.6237847846e-13 5.5932704101e-14 1.0644577436e-13
2.6080322266e+02 1.6202744384e-13 5.5817244586e-14 1.0621019926e-13
2.6086425781e+02 1.6167812573e-13 5.5702041559e-14 1.0597608417e-13
2.6092529297e+02 1.6133083570e-13 5.5586770570e-14 1.0574406513e-13
2.6098632812e+02 1.6098561873e-13 5.5471045410e-14 1.0551457332e-13
2.6104736328e+02 1.6064225002e-13 5.5354460600e-14 1.0528778942e-13
2.6110839844e+02 1.6030024881e-13 5.5236630711e-14 1.0506361810e-13
2.6116943359e+02 1.5995891074e-13 5.5117246421e-14 1.0484166432e-13
2.6123046875e+02 1.5961739786e-13 5.4996115053e-14 1.0462128281e-13
2.6129150391e+02 1.5927483264e-13 5.4873198397e-14 1.0440163424e-13
2.6135253906e+02 1.5893040232e-13 5.4748609099e-14 1.0418179322e-13
2.6141357422e+02 1.5858349809e-13 5.4622620494e-14 1.0396087759e-13
2.6147460938e+02 1.5823379855e-13 5.4495642018e-14 1.0373815653e-13
2.6153564453e+02 1.5788134411e-13 5.4368188774e-14 1.0351315533e-13
2.6159667969e+02 1.5752657395e-13 5.4240825732e-14 1.0328574822e-13
2.6165771484e+02 1.5717034616e-13 5.4114138147e-14 1.0305620801e-13
2.6171875000e+02 1.5681389376e-13 5.3988684206e-14 1.0282520955e-13
2.6177978516e+02 1.5645873360e-13 5.3864966457e-14 1.0259376714e-13
2.6184082031e+02 1.5610651957e-13 5.3743392258e-14 1.0236312731e-13
2.6190185547e+02 1.5575890846e-13 5.3624262232e-14 1.0213464623e-13
2.6196289062e+02 1.5541740512e-13 5.3507755339e-14 1.0190964978e-13
2.6202392578e+02 1.5508319684e-13 5.3393920856e-14 1.0168927598e-13
2.6208496094e+02 1.5475702594e-13 5.3282681018e-14 1.0147434492e-13
2.6214599609e+02 1.5443911982e-13 5.3173838242e-14 1.0126528157e-13
2.6220703125e+02 1.5412914313e-13 5.3067087425e-14 1.0106205571e-13
2.6226806641e+02 1.5382623467e-13 5.2962029358e-14 1.0086420531e-13
2.6232910156e+02 1.5352912608e-13 5.2858222743e-14 1.0067090334e-13
2.6239013672e+02 1.5323623669e-13 5.2755210259e-14 1.0048102643e-13
2.6245117188e+02 1.5294587123e-13 5.2652565218e-14 1.0029330602e-13
2.6251220703e+02 1.5265638559e-13 5.2549923844e-14 1.0010646175e-13
2.6257324219e+02 1.5236635496e-13 5.2447023655e-14 9.9919331301e-14
2.6263427734e+02 1.5207470972e-13 5.2343719226e-14 9.9730990498e-14
2.6269531250e+02 1.5178079739e-13 5.2239991801e-14 9.9540805591e-14
2.6275634766e+02 1.5148441588e-13 5.2135939124e-14 9.9348476760e-14
2.6281738281e+02 1.5118577551e-13 5.2031753218e-14 9.9154022296e-14
2.6287841797e+02 1.5088539497e-13 5.1927680068e-14 9.8957714901e-14
2.6293945312e+02 1.5058397160e-13 5.1823968362e-14 9.8760003234e-14
2.6300048828e+02 1.5028224261e-13 5.1720841475e-14 9.8561401138e-14
2.6306152344e+02 1.4998083967e-13 5.1618463478e-14 9.8362376195e-14
2.6312255859e+02 1.4968016109e-13 5.1516905208e-14 9.8163255885e-14
2.6318359375e+02 1.4938028838e-13 5.1416133163e-14 9.7964155216e-14
2.6324462891e+02 1.4908097561e-13 5.1316026434e-14 9.7764949174e-14
2.6330566406e+02 1.4878166023e-13 5.1216383825e-14 9.7565276408e-14
2.6336669922e+02 1.4848158057e-13 5.1116973434e-14 9.7364607139e-14
2.6342773438e+02 1.4817986943e-13 5.1017551020e-14 9.7162318410e-14
2.6348876953e+02 1.4787570883e-13 5.0917902302e-14 9.6957806529e-14
2.6354980469e+02 1.4756844822e-13 5.0817875135e-14 9.6750573081e-14
2.6361083984e+02 1.4725773454e-13 5.0717400455e-14 9.6540334086e-14
2.6367187500e+02 1.4694355999e-13 5.0616489655e-14 9.6327070333e-14
2.6373291016e+02 1.4662628462e-13 5.0515218745e-14 9.6111065875e-14
2.6379394531e+02 1.4630660326e-13 5.0413733450e-14 9.5892869813e-14
2.6385498047e+02 1.4598546966e-13 5.0312217831e-14 9.5673251832e-14
2.6391601562e+02 1.4566397551e-13 5.0210864325e-14 9.5453111183e-14
2.6397705078e+02 1.4534323327e-13 5.0109844044e-14 9.5233389225e-14
2.6403808594e+02 1.4502427470e-13 5.0009309859e-14 9.5014964838e-14
2.6409912109e+02 1.4470795464e-13 4.9909373239e-14 9.4798581402e-14
2.6416015625e+02 1.4439487117e-13 4.9810091287e-14 9.4584779884e-14
2.6422119141e+02 1.4408536077e-13 4.9711480444e-14 9.4373880324e-14
2.6428222656e+02 1.4377952377e-13 4.9613523008e-14 9.4166000766e-14
2.6434326172e+02 1.4347725786e-13 4.9516159665e-14 9.3961098195e-14
2.6440429688e+02 1.4317832079e-13 4.9419288203e-14 9.3759032585e-14
2.6446533203e+02 1.4288241249e-13 4.9322777034e-14 9.3559635452e-14
2.6452636719e+02 1.4258920692e-13 4.9226452180e-14 9.3362754743e-14
2.6458740234e+02 1.4229842370e-13 4.9130113559e-14 9.3168310140e-14
2.6464843750e+02 1.4200985896e-13 4.9033542970e-14 9.2976315986e-14
2.6470947266e+02 1.4172338652e-13 4.8936519450e-14 9.2786867068e-14
2.6477050781e+02 1.4143894393e-13 4.8838826372e-14 9.2600117562e-14
2.6483154297e+02 1.4115652602e-13 4.8740289409e-14 9.2416236608e-14
2.6489257812e+02 1.4087613338e-13 4.8640780922e-14 9.2235352460e-14
2.6495361328e+02 1.4059776972e-13 4.8540252447e-14 9.2057517268e-14
2.6501464844e+02 1.4032140445e-13 4.8438736040e-14 9.1882668413e-14
2.6507568359e+02 1.4004696140e-13 4.8336357192e-14 9.1710604203e-14
2.6513671875e+02 1.3977433385e-13 4.8233321310e-14 9.1541012544e-14
2.6519775391e+02 1.3950341439e-13 4.8129911862e-14 9.1373502531e-14
2.6525878906e+02 1.3923410439e-13 4.8026469286e-14 9.1207635101e-14
2.6531982422e+02 1.3896635683e-13 4.7923371912e-14 9.1042984922e-14
2.6538085938e+02 1.3870021348e-13 4.7821017316e-14 9.0879196160e-14
2.6544189453e+02 1.3843579141e-13 4.7719783735e-14 9.0716007680e-14
2.6550292969e+02 1.3817329334e-13 4.7620009299e-14 9.0553284042e-14
2.6556396484e+02 1.3791300956e-13 4.7521978399e-14 9.0391031158e-14
2.6562500000e+02 1.3765527910e-13 4.7425900387e-14 9.0229378710e-14
2.6568603516e+02 1.3740045894e-13 4.7331893133e-14 9.0068565807e-14
2.6574707031e+02 1.3714888588e-13 4.7239997550e-14 8.9908888333e-14
2.6580810547e+02 1.3690083709e-13 4.7150168360e-14 8.9750668731e-14
2.6586914062e+02 1.3665647914e-13 4.7062299969e-14 8.9594179173e-14
2.6593017578e+02 1.3641583754e-13 4.6976242578e-14 8.9439594965e-14
2.6599121094e+02 1.3617878431e-13 4.6891828695e-14 8.9286955617e-14
2.6605224609e+02 1.3594501356e-13 4.6808888407e-14 8.9136125152e-14
2.6611328125e+02 1.3571404850e-13 4.6727263109e-14 8.8986785391e-14
2.6617431641e+02 1.3548527717e-13 4.6646814417e-14 8.8838462753e-14
2.6623535156e+02 1.3525801989e-13 4.6567424544e-14 8.8690595345e-14
2.6629638672e+02 1.3503156903e-13 4.6488998156e-14 8.8542570875e-14
2.6635742188e+02 1.3480526887e-13 4.6411446624e-14 8.8393822246e-14
2.6641845703e+02 1.3457858083e-13 4.6334676811e-14 8.8243904016e-14
2.6647949219e+02 1.3435113904e-13 4.6258582375e-14 8.8092556661e-14
2.6654052734e+02 1.3412277855e-13 4.6183045371e-14 8.7939733181e-14
2.6660156250e+02 1.3389351847e-13 4.6107926662e-14 8.7785591806e-14
2.6666259766e+02 1.3366353650e-13 4.6033064285e-14 8.7630472220e-14
2.6672363281e+02 1.3343308721e-13 4.5958274032e-14 8.7474813183e-14
2.6678466797e+02 1.3320245262e-13 4.5883354785e-14 8.7319097833e-14
2.6684570312e+02 1.3297182641e-13 4.5808089032e-14 8.7163737378e-14
2.6690673828e+02 1.3274127292e-13 4.5732234392e-14 8.7009038532e-14
2.6696777344e+02 1.3251068021e-13 4.5655546082e-14 8.6855134127e-14
2.6702880859e+02 1.3227976554e-13 4.5577790778e-14 8.6701974762e-14
2.6708984375e+02 1.3204808973e-13 4.5498755590e-14 8.6549334140e-14
2.6715087891e+02 1.3181509987e-13 4.5418262585e-14 8.6396837288e-14
2.6721191406e+02 1.3158018438e-13 4.5336199056e-14 8.6243985323e-14
2.6727294922e+02 1.3134276193e-13 4.5252541256e-14 8.6090220673e-14
2.6733398438e+02 1.3110233369e-13 4.5167359760e-14 8.5934973933e-14
2.6739501953e+02 1.3085852767e-13 4.5080822678e-14 8.5777704990e-14
2.6745605469e+02 1.3061116869e-13 4.4993210973e-14 8.5617957715e-14
2.6751708984e+02 1.3036029443e-13 4.4904891772e-14 8.5455402660e-14
2.6757812500e+02 1.3010618970e-13 4.4816300730e-14 8.5289888973e-14
2.6763916016e+02 1.2984937128e-13 4.4727913132e-14 8.5121458145e-14
2.6770019531e+02 1.2959056732e-13 4.4640200551e-14 8.4950366768e-14
2.6776123047e+02 1.2933067874e-13 4.4553601612e-14 8.4777077125e-14
2.6782226562e+02 1.2907071674e-13 4.4468489866e-14 8.4602226875e-14
2.6788330078e+02 1.2881169956e-13 4.4385141858e-14 8.4426557700e-14
2.6794433594e+02 1.2855455693e-13 4.4303702746e-14 8.4250854185e-14
2.6800537109e+02 1.2830009786e-13 4.4224198171e-14 8.4075899693e-14
2.6806640625e+02 1.2804890030e-13 4.4146507039e-14 8.3902393258e-14
2.6812744141e+02 1.2780130464e-13 4.4070387489e-14 8.3730917151e-14
2.6818847656e+02 1.2755741370e-13 4.3995497218e-14 8.3561916484e-14
2.6824951172e+02 1.2731713220e-13 4.3921430948e-14 8.3395701247e-14
2.6831054688e+02 1.2708022730e-13 4.3847743401e-14 8.3232483903e-14
2.6837158203e+02 1.2684641393e-13 4.3774004137e-14 8.3072409792e-14
2.6843261719e+02 1.2661543711e-13 4.3699837064e-14 8.2915600047e-14
2.6849365234e+02 1.2638709757e-13 4.3624943104e-14 8.2762154465e-14
2.6855468750e+02 1.2616128306e-13 4.3549126379e-14 8.2612156682e-14
2.6861572266e+02 1.2593796568e-13 4.3472306580e-14 8.2465659101e-14
2.6867675781e+02 1.2571715091e-13 4.3394506770e-14 8.2322644137e-14
2.6873779297e+02 1.2549882716e-13 4.3315850823e-14 8.2182976338e-14
2.6879882812e+02 1.2528289293e-13 4.3236524637e-14 8.2046368296e-14
2.6885986328e+02 1.2506911212e-13 4.3156762344e-14 8.1912349776e-14
2.6892089844e+02 1.2485708156e-13 4.3076819741e-14 8.1780261815e-14
2.6898193359e+02 1.2464624665e-13 4.2996945726e-14 8.1649300921e-14
2.6904296875e+02 1.2443591298e-13 4.2917368046e-14 8.1518544931e-14
2.6910400391e+02 1.2422530859e-13 4.2838289826e-14 8.1387018765e-14
2.6916503906e+02 1.2401365050e-13 4.2759870970e-14 8.1253779528e-14
2.6922607422e+02 1.2380021471e-13 4.2682227470e-14 8.1117987238e-14
2.6928710938e+02 1.2358442250e-13 4.2605442819e-14 8.0978979685e-14
2.6934814453e+02 1.2336587834e-13 4.2529552540e-14 8.0836325796e-14
2.6940917969e+02 1.2314444608e-13 4.2454561799e-14 8.0689884277e-14
2.6947021484e+02 1.2292025373e-13 4.2380448588e-14 8.0539805146e-14
2.6953125000e+02 1.2269370015e-13 4.2307169046e-14 8.0386531100e-14
2.6959228516e+02 1.2246542996e-13 4.2234668299e-14 8.0230761662e-14
2.6965332031e+02 1.2223630208e-13 4.2162894681e-14 8.0073407397e-14
2.6971435547e+02 1.2200729441e-13 4.2091804005e-14 7.9915490402e-14
2.6977539062e+02 1.2177944329e-13 4.2021378742e-14 7.9758064551e-14
2.6983642578e+02 1.2155374184e-13 4.1951625218e-14 7.9602116622e-14
2.6989746094e+02 1.2133102326e-13 4.1882574800e-14 7.9448448464e-14
2.6995849609e+02 1.2111191440e-13 4.1814273995e-14 7.9297640400e-14
2.7001953125e+02 1.2089674521e-13 4.1746779994e-14 7.9149965216e-14
2.7008056641e+02 1.2068553117e-13 4.1680146400e-14 7.9005384767e-14
2.7014160156e+02 1.2047794060e-13 4.1614398530e-14 7.8863542072e-14
2.7020263672e+02 1.2027336265e-13 4.1549537775e-14 7.8723824873e-14
2.7026367188e+02 1.2007094973e-13 4.1485531133e-14 7.8585418596e-14
2.7032470703e+02 1.1986970476e-13 4.1422295325e-14 7.8447409433e-14
2.7038574219e+02 1.1966858328e-13 4.1359710893e-14 7.8308872388e-14
2.7044677734e+02 1.1946657744e-13 4.1297618280e-14 7.8168959158e-14
2.7050781250e+02 1.1926282059e-13 4.1235821457e-14 7.8026999136e-14
2.7056884766e+02 1.1905665321e-13 4.1174107667e-14 7.7882545548e-14
2.7062988281e+02 1.1884767075e-13 4.1112253700e-14 7.7735417046e-14
2.7069091797e+02 1.1863573687e-13 4.1050028509e-14 7.7585708357e-14
2.7075195312e+02 1.1842100989e-13 4.0987215841e-14 7.7433794052e-14
2.7081298828e+02 1.1820390105e-13 4.0923639902e-14 7.7280261147e-14
2.7087402344e+02 1.1798504110e-13 4.0859161944e-14 7.7125879158e-14
2.7093505859e+02 1.1776521443e-13 4.0793701884e-14 7.6971512544e-14
2.7099609375e+02 1.1754530142e-13 4.0727243798e-14 7.6818057626e-14
2.7105712891e+02 1.1732622932e-13 4.0659849213e-14 7.6666380108e-14
2.7111816406e+02 1.1710886165e-13 4.0591634852e-14 7.6517226797e-14
2.7117919922e+02 1.1689399856e-13 4.0522786174e-14 7.6371212381e-14
2.7124023438e+02 1.1668230172e-13 4.0453519862e-14 7.6228781854e-14
2.7130126953e+02 1.1647431229e-13 4.0384077962e-14 7.6090234332e-14
2.7136230469e+02 1.1627041302e-13 4.0314698361e-14 7.5955714655e-14
2.7142333984e+02 1.1607085316e-13 4.0245607195e-14 7.5825245970e-14
2.7148437500e+02 1.1587574240e-13 4.0176982817e-14 7.5698759585e-14
2.7154541016e+02 1.1568506986e-13 4.0108951191e-14 7.5576118670e-14
2.7160644531e+02 1.1549872101e-13 4.0041579398e-14 7.5457141614e-14
2.7166748047e+02 1.1531647463e-13 3.9974876634e-14 7.5341597993e-14
2.7172851562e+02 1.1513800826e-13 3.9908792354e-14 7.5229215908e-14
2.7178955078e+02 1.1496288637e-13 3.9843230053e-14 7.5119656313e-14
2.7185058594e+02 1.1479058488e-13 3.9778063413e-14 7.5012521471e-14
2.7191162109e+02 1.1462049652e-13 3.9713163651e-14 7.4907332870e-14
2.7197265625e+02 1.1445195464e-13 3.9648405976e-14 7.4803548665e-14
2.7203369141e+02 1.1428428211e-13 3.9583706763e-14 7.4700575350e-14
2.7209472656e+02 1.1411682742e-13 3.9519026371e-14 7.4597801050e-14
2.7215576172e+02 1.1394902791e-13 3.9454392784e-14 7.4494635126e-14
2.7221679688e+02 1.1378045356e-13 3.9389893492e-14 7.4390560071e-14
2.7227783203e+02 1.1361086438e-13 3.9325684169e-14 7.4285180211e-14
2.7233886719e+02 1.1344022279e-13 3.9261963800e-14 7.4178258994e-14
2.7239990234e+02 1.1326871378e-13 3.9198957688e-14 7.4069756094e-14
2.7246093750e+02 1.1309673291e-13 3.9136892285e-14 7.3959840621e-14
2.7252197266e+02 1.1292485263e-13 3.9075965800e-14 7.3848886827e-14
2.7258300781e+02 1.1275378571e-13 3.9016327251e-14 7.3737458464e-14
2.7264404297e+02 1.1258430159e-13 3.8958049268e-14 7.3626252324e-14
2.7270507812e+02 1.1241714333e-13 3.8901109621e-14 7.3516033707e-14
2.7276611328e+02 1.1225295331e-13 3.8845385659e-14 7.3407567649e-14
2.7282714844e+02 1.1209221742e-13 3.8790664441e-14 7.3301552979e-14
2.7288818359e+02 1.1193516992e-13 3.8736642705e-14 7.3198527215e-14
2.7294921875e+02 1.1178178503e-13 3.8682961339e-14 7.3098823688e-14
2.7301025391e+02 1.1163175184e-13 3.8629239713e-14 7.3002512130e-14
2.7307128906e+02 1.1148449918e-13 3.8575116437e-14 7.2909382742e-14
2.7313232422e+02 1.1133925218e-13 3.8520293249e-14 7.2818958935e-14
2.7319335938e+02 1.1119510793e-13 3.8464573095e-14 7.2730534839e-14
2.7325439453e+02 1.1105112829e-13 3.8407895747e-14 7.2643232548e-14
2.7331542969e+02 1.1090642672e-13 3.8350339655e-14 7.2556087062e-14
2.7337646484e+02 1.1076026149e-13 3.8292128162e-14 7.2468133331e-14
2.7343750000e+02 1.1061208614e-13 3.8233609791e-14 7.2378476351e-14
2.7349853516e+02 1.1046158581e-13 3.8175208069e-14 7.2286377741e-14
2.7355957031e+02 1.1030869484e-13 3.8117378872e-14 7.2191315972e-14
2.7362060547e+02 1.1015357909e-13 3.8060553182e-14 7.2093025909e-14
2.7368164062e+02 1.0999657860e-13 3.8005065758e-14 7.1991512839e-14
2.7374267578e+02 1.0983818571e-13 3.7951143615e-14 7.1887042092e-14
2.7380371094e+02 1.0967896537e-13 3.7898856837e-14 7.1780108529e-14
2.7386474609e+02 1.0951949033e-13 3.7848119913e-14 7.1671370413e-14
2.7392578125e+02 1.0936029501e-13 3.7798701659e-14 7.1561593346e-14
2.7398681641e+02 1.0920181617e-13 3.7750262662e-14 7.1451553506e-14
2.7404785156e+02 1.0904435937e-13 3.7702386685e-14 7.1341972688e-14
2.7410888672e+02 1.0888807691e-13 3.7654638475e-14 7.1233438431e-14
2.7416992188e+02 1.0873294815e-13 3.7606608008e-14 7.1126340143e-14
2.7423095703e+02 1.0857880370e-13 3.7557947234e-14 7.1020856466e-14
2.7429199219e+02 1.0842532954e-13 3.7508400053e-14 7.0916929491e-14
2.7435302734e+02 1.0827214256e-13 3.7457834079e-14 7.0814308483e-14
2.7441406250e+02 1.0811880959e-13 3.7406229766e-14 7.0712579826e-14
2.7447509766e+02 1.0796494446e-13 3.7353683804e-14 7.0611260653e-14
2.7453613281e+02 1.0781024208e-13 3.7300384678e-14 7.0509857398e-14
2.7459716797e+02 1.0765453392e-13 3.7246595098e-14 7.0407938818e-14
2.7465820312e+02 1.0749781568e-13 3.7192614439e-14 7.0305201244e-14
2.7471923828e+02 1.0734023426e-13 3.7138733962e-14 7.0201500300e-14
2.7478027344e+02 1.0718209728e-13 3.7085219412e-14 7.0096877866e-14
2.7484130859e+02 1.0702382110e-13 3.7032269493e-14 6.9991551602e-14
2.7490234375e+02 1.0686588867e-13 3.6980005058e-14 6.9885883615e-14
2.7496337891e+02 1.0670879039e-13 3.6928449154e-14 6.9780341232e-14
2.7502441406e+02 1.0655297202e-13 3.6877531011e-14 6.9675441009e-14
2.7508544922e+02 1.0639879629e-13 3.6827106759e-14 6.9571689531e-14
2.7514648438e+02 1.0624648444e-13 3.6776971168e-14 6.9469513273e-14
2.7520751953e+02 1.0609610203e-13 3.6726894524e-14 6.9369207508e-14
2.7526855469e+02 1.0594754569e-13 3.6676642680e-14 6.9270903009e-14
2.7532958984e+02 1.0580055585e-13 3.6626012195e-14 6.9174543657e-14
2.7539062500e+02 1.0565474356e-13 3.6574845024e-14 6.9079898538e-14
2.7545166016e+02 1.0550962696e-13 3.6523046812e-14 6.8986580146e-14
2.7551269531e+02 1.0536466818e-13 3.6470589353e-14 6.8894078825e-14
2.7557373047e+02 1.0521934740e-13 3.6417512440e-14 6.8801834955e-14
2.7563476562e+02 1.0507322131e-13 3.6363908445e-14 6.8709312864e-14
2.7569580078e+02 1.0492597855e-13 3.6309919437e-14 6.8616059115e-14
2.7575683594e+02 1.0477751583e-13 3.6255732868e-14 6.8521782962e-14
2.7581787109e+02 1.0462795553e-13 3.6201569148e-14 6.8426386379e-14
2.7587890625e+02 1.0447764935e-13 3.6147675472e-14 6.8329973881e-14
2.7593994141e+02 1.0432715454e-13 3.6094316682e-14 6.8232837856e-14
2.7600097656e+02 1.0417718288e-13 3.6041768595e-14 6.8135414284e-14
2.7606201172e+02 1.0402851601e-13 3.5990303075e-14 6.8038212934e-14
2.7612304688e+02 1.0388192027e-13 3.5940172670e-14 6.7941747596e-14
2.7618408203e+02 1.0373804110e-13 3.5891586632e-14 6.7846454463e-14
2.7624511719e+02 1.0359731834e-13 3.5844686730e-14 6.7752631613e-14
2.7630615234e+02 1.0345992472e-13 3.5799523255e-14 6.7660401460e-14
2.7636718750e+02 1.0332574071e-13 3.5756048411e-14 6.7569692302e-14
2.7642822266e+02 1.0319434535e-13 3.5714102508e-14 6.7480242844e-14
2.7648925781e+02 1.0306506781e-13 3.5673408613e-14 6.7391659194e-14
2.7655029297e+02 1.0293708801e-13 3.5633604562e-14 6.7303483447e-14
2.7661132812e+02 1.0280950846e-13 3.5594256383e-14 6.7215252074e-14
2.7667236328e+02 1.0268146542e-13 3.5554912697e-14 6.7126552724e-14
2.7673339844e+02 1.0255221754e-13 3.5515135510e-14 6.7037082027e-14
2.7679443359e+02 1.0242124100e-13 3.5474556327e-14 6.6946684676e-14
2.7685546875e+02 1.0228825452e-13 3.5432896246e-14 6.6855358277e-14
2.7691650391e+02 1.0215324532e-13 3.5390023525e-14 6.6763221793e-14
2.7697753906e+02 1.0201645640e-13 3.5345935929e-14 6.6670520469e-14
2.7703857422e+02 1.0187835315e-13 3.5300778891e-14 6.6577574255e-14
2.7709960938e+02 1.0173954609e-13 3.5254815919e-14 6.6484730170e-14
2.7716064453e+02 1.0160075237e-13 3.5208403903e-14 6.6392348471e-14
2.7722167969e+02 1.0146269538e-13 3.5161943545e-14 6.6300751836e-14
2.7728271484e+02 1.0132602412e-13 3.5115826024e-14 6.6210198097e-14
2.7734375000e+02 1.0119127521e-13 3.5070415825e-14 6.6120859381e-14
2.7740478516e+02 1.0105881145e-13 3.5025989907e-14 6.6032821539e-14
2.7746582031e+02 1.0092877526e-13 3.4982726712e-14 6.5946048543e-14
2.7752685547e+02 1.0080109372e-13 3.4940692919e-14 6.5860400797e-14
2.7758789062e+02 1.0067548234e-13 3.4899847948e-14 6.5775634394e-14
2.7764892578e+02 1.0055149087e-13 3.4860058643e-14 6.5691432223e-14
2.7770996094e+02 1.0042855248e-13 3.4821117595e-14 6.5607434882e-14
2.7777099609e+02 1.0030604563e-13 3.4782772542e-14 6.5523273088e-14
2.7783203125e+02 1.0018338009e-13 3.4744754129e-14 6.5438625958e-14
2.7789306641e+02 1.0006005868e-13 3.4706797198e-14 6.5353261485e-14
2.7795410156e+02 9.9935729920e-14 3.4668658202e-14 6.5267071718e-14
2.7801513672e+02 9.9810229321e-14 3.4630135557e-14 6.5180093764e-14
2.7807617188e+02 9.9683571124e-14 3.4591074571e-14 6.5092496553e-14
2.7813720703e+02 9.9555941551e-14 3.4551375975e-14 6.5004565576e-14
2.7819824219e+02 9.9427657362e-14 3.4510988345e-14 6.4916669017e-14
2.7825927734e+02 9.9299147647e-14 3.4469916524e-14 6.4829231123e-14
2.7832031250e+02 9.9170884864e-14 3.4428214046e-14 6.4742670817e-14
2.7838134766e+02 9.9043344551e-14 3.4385968716e-14 6.4657375835e-14
2.7844238281e+02 9.8916954488e-14 3.4343289103e-14 6.4573665385e-14
2.7850341797e+02 9.8792080645e-14 3.4300302274e-14 6.4491778371e-14
2.7856445312e+02 9.8669000607e-14 3.4257128587e-14 6.4411872020e-14
2.7862548828e+02 9.8547882975e-14 3.4213873540e-14 6.4334009435e-14
2.7868652344e+02 9.8428771854e-14 3.4170617443e-14 6.4258154411e-14
2.7874755859e+02 9.8311566491e-14 3.4127401540e-14 6.4184164951e-14
2.7880859375e+02 9.8196048174e-14 3.4084240385e-14 6.4111807790e-14
2.7886962891e+02 9.8081852274e-14 3.4041105527e-14 6.4040746747e-14
2.7893066406e+02 9.7968503407e-14 3.3997944825e-14 6.3970558582e-14
2.7899169922e+02 9.7855427550e-14 3.3954681496e-14 6.3900746054e-14
2.7905273438e+02 9.7742026113e-14 3.3911243192e-14 6.3830782921e-14
2.7911376953e+02 9.7627721592e-14 3.3867573962e-14 6.3760147630e-14
2.7917480469e+02 9.7511984613e-14 3.3823631162e-14 6.3688353451e-14
2.7923583984e+02 9.7394429459e-14 3.3779423550e-14 6.3615005909e-14
2.7929687500e+02 9.7274825676e-14 3.3735004211e-14 6.3539821465e-14
2.7935791016e+02 9.7153136456e-14 3.3690481362e-14 6.3462655095e-14
2.7941894531e+02 9.7029538625e-14 3.3646020223e-14 6.3383518402e-14
2.7947998047e+02 9.6904389468e-14 3.3601824302e-14 6.3302565166e-14
2.7954101562e+02 9.6778208201e-14 3.3558129347e-14 6.3220078854e-14
2.7960205078e+02 9.6651629340e-14 3.3515183826e-14 6.3136445513e-14
2.7966308594e+02 9.6525336376e-14 3.3473219172e-14 6.3052117204e-14
2.7972412109e+02 9.6400029746e-14 3.3432442981e-14 6.2967586765e-14
2.7978515625e+02 9.6276350131e-14 3.3392993934e-14 6.2883356197e-14
2.7984619141e+02 9.6154842922e-14 3.3354942254e-14 6.2799900667e-14
2.7990722656e+02 9.6035897054e-14 3.3318274769e-14 6.2717622286e-14
2.7996826172e+02 9.5919725808e-14 3.3282895044e-14 6.2636830765e-14
2.8002929688e+02 9.5806329851e-14 3.3248618177e-14 6.2557711674e-14
2.8009033203e+02 9.5695487832e-14 3.3215193308e-14 6.2480294525e-14
2.8015136719e+02 9.5586769093e-14 3.3182323855e-14 6.2404445239e-14
2.8021240234e+02 9.5479565947e-14 3.3149686844e-14 6.2329879103e-14
2.8027343750e+02 9.5373149231e-14 3.3116963051e-14 6.2256186180e-14
2.8033447266e+02 9.5266750742e-14 3.3083864582e-14 6.2182886160e-14
2.8039550781e+02 9.5159644598e-14 3.3050161066e-14 6.2109483531e-14
2.8045654297e+02 9.5051225562e-14 3.3015690556e-14 6.2035535007e-14
2.8051757812e+02 9.4941102361e-14 3.2980386776e-14 6.1960715586e-14
2.8057861328e+02 9.4829148725e-14 3.2944267713e-14 6.1884881012e-14
2.8063964844e+02 9.4715541211e-14 3.2907450497e-14 6.1808090714e-14
2.8070068359e+02 9.4600739342e-14 3.2870119757e-14 6.1730619585e-14
2.8076171875e+02 9.4485455662e-14 3.2832515167e-14 6.1652940496e-14
2.8082275391e+02 9.4370577259e-14 3.2794900202e-14 6.1575677057e-14
2.8088378906e+02 9.4257073503e-14 3.2757527923e-14 6.1499545580e-14
2.8094482422e+02 9.4145899274e-14 3.2720611165e-14 6.1425288109e-14
2.8100585938e+02 9.4037864682e-14 3.2684291478e-14 6.1353573204e-14
2.8106689453e+02 9.3933573395e-14 3.2648631357e-14 6.1284942038e-14
2.8112792969e+02 9.3833349860e-14 3.2613588494e-14 6.1219761366e-14
2.8118896484e+02 9.3737218222e-14 3.2579040611e-14 6.1158177610e-14
2.8125000000e+02 9.3644895087e-14 3.2544792959e-14 6.1100102128e-14
2.8131103516e+02 9.3555833312e-14 3.2510608749e-14 6.1045224563e-14
2.8137207031e+02 9.3469277973e-14 3.2476251504e-14 6.0993026469e-14
2.8143310547e+02 9.3384362860e-14 3.2441514720e-14 6.0942848140e-14
2.8149414062e+02 9.3300198787e-14 3.2406265488e-14 6.0893933299e-14
2.8155517578e+02 9.3215959772e-14 3.2370463946e-14 6.0845495827e-14
2.8161621094e+02 9.3130940904e-14 3.2334171090e-14 6.0796769814e-14
2.8167724609e+02 9.3044629044e-14 3.2297549837e-14 6.0747079207e-14
2.8173828125e+02 9.2956715226e-14 3.2260834956e-14 6.0695880271e-14
2.8179931641e+02 9.2867100563e-14 3.2224307283e-14 6.0642793280e-14
2.8186035156e+02 9.2775882062e-14 3.2188258987e-14 6.0587623075e-14
2.8192138672e+02 9.2683284620e-14 3.2152941213e-14 6.0530343407e-14
2.8198242188e+02 9.2589637379e-14 3.2118551448e-14 6.0471085932e-14
2.8204345703e+02 9.2495308517e-14 3.2085196188e-14 6.0410112329e-14
2.8210449219e+02 9.2400669886e-14 3.2052897947e-14 6.0347771939e-14
2.8216552734e+02 9.2306020837e-14 3.2021578965e-14 6.0284441872e-14
2.8222656250e+02 9.2211560533e-14 3.1991093909e-14 6.0220466624e-14
2.8228759766e+02 9.2117389668e-14 3.1961253784e-14 6.0156135884e-14
2.8234863281e+02 9.2023452504e-14 3.1931828125e-14 6.0091624379e-14
2.8240966797e+02 9.1929591941e-14 3.1902595607e-14 6.0026996334e-14
2.8247070312e+02 9.1835552319e-14 3.1873347455e-14 5.9962204864e-14
2.8253173828e+02 9.1741009132e-14 3.1843894758e-14 5.9897114374e-14
2.8259277344e+02 9.1645643008e-14 3.1814083812e-14 5.9831559196e-14
2.8265380859e+02 9.1549165078e-14 3.1783791810e-14 5.9765373268e-14
2.8271484375e+02 9.1451387295e-14 3.1752933898e-14 5.9698453397e-14
2.8277587891e+02 9.1352233052e-14 3.1721450073e-14 5.9630782980e-14
2.8283691406e+02 9.1251766171e-14 3.1689314256e-14 5.9562451915e-14
2.8289794922e+02 9.1150167408e-14 3.1656529839e-14 5.9493637569e-14
2.8295898438e+02 9.1047722012e-14 3.1623135221e-14 5.9424586791e-14
2.8302001953e+02 9.0944781223e-14 3.1589198899e-14 5.9355582324e-14
2.8308105469e+02 9.0841713787e-14 3.1554825054e-14 5.9286888733e-14
2.8314208984e+02 9.0738880417e-14 3.1520153653e-14 5.9218726764e-14
2.8320312500e+02 9.0636612325e-14 3.1485353376e-14 5.9151258948e-14
2.8326416016e+02 9.0535181057e-14 3.1450598247e-14 5.9084582811e-14
2.8332519531e+02 9.0434825509e-14 3.1416072741e-14 5.9018752768e-14
2.8338623047e+02 9.0335745083e-14 3.1381946723e-14 5.8953798360e-14
2.8344726562e+02 9.0238124332e-14 3.1348372142e-14 5.8889752190e-14
2.8350830078e+02 9.0142143632e-14 3.1315467351e-14 5.8826676281e-14
2.8356933594e+02 9.0047989456e-14 3.1283311381e-14 5.8764678075e-14
2.8363037109e+02 8.9955838491e-14 3.1251937754e-14 5.8703900737e-14
2.8369140625e+02 8.9865862231e-14 3.1221345348e-14 5.8644516883e-14
2.8375244141e+02 8.9778187641e-14 3.1191481113e-14 5.8586706528e-14
2.8381347656e+02 8.9692896644e-14 3.1162273312e-14 5.8530623332e-14
2.8387451172e+02 8.9609991665e-14 3.1133618180e-14 5.8476373485e-14
2.8393554688e+02 8.9529401235e-14 3.1105404820e-14 5.8423996415e-14
2.8399658203e+02 8.9450943930e-14 3.1077517495e-14 5.8373426436e-14
2.8405761719e+02 8.9374338578e-14 3.1049846120e-14 5.8324492458e-14
2.8411865234e+02 8.9299207196e-14 3.1022284765e-14 5.8276922430e-14
2.8417968750e+02 8.9225101017e-14 3.0994749908e-14 5.8230351109e-14
2.8424072266e+02 8.9151483847e-14 3.0967173599e-14 5.8184310248e-14
2.8430175781e+02 8.9077785241e-14 3.0939504107e-14 5.8138281134e-14
2.8436279297e+02 8.9003423784e-14 3.0911706818e-14 5.8091716966e-14
2.8442382812e+02 8.8927851438e-14 3.0883763556e-14 5.8044087882e-14
2.8448486328e+02 8.8850601715e-14 3.0855663738e-14 5.7994937977e-14
2.8454589844e+02 8.8771337518e-14 3.0827415306e-14 5.7943922211e-14
2.8460693359e+02 8.8689886333e-14 3.0799024030e-14 5.7890862303e-14
2.8466796875e+02 8.8606249102e-14 3.0770504537e-14 5.7835744565e-14
2.8472900391e+02 8.8520623838e-14 3.0741872459e-14 5.7778751379e-14
2.8479003906e+02 8.8433368035e-14 3.0713141500e-14 5.7720226534e-14
2.8485107422e+02 8.8344970805e-14 3.0684330723e-14 5.7660640081e-14
2.8491210938e+02 8.8255990049e-14 3.0655458721e-14 5.7600531328e-14
2.8497314453e+02 8.8166994265e-14 3.0626535837e-14 5.7540458428e-14
2.8503417969e+02 8.8078505163e-14 3.0597578010e-14 5.7480927153e-14
2.8509521484e+02 8.7990955275e-14 3.0568601537e-14 5.7422353738e-14
2.8515625000e+02 8.7904640537e-14 3.0539624389e-14 5.7365016147e-14
2.8521728516e+02 8.7819716662e-14 3.0510668800e-14 5.7309047863e-14
2.8527832031e+02 8.7736202434e-14 3.0481774968e-14 5.7254427466e-14
2.8533935547e+02 8.7654017194e-14 3.0452992190e-14 5.7201025005e-14
2.8540039062e+02 8.7573014420e-14 3.0424394633e-14 5.7148619788e-14
2.8546142578e+02 8.7493033816e-14 3.0396081561e-14 5.7096952255e-14
2.8552246094e+02 8.7413923546e-14 3.0368174349e-14 5.7045749197e-14
2.8558349609e+02 8.7335591620e-14 3.0340811625e-14 5.6994779995e-14
2.8564453125e+02 8.7258028646e-14 3.0314152648e-14 5.6943875999e-14
2.8570556641e+02 8.7181295250e-14 3.0288349242e-14 5.6892946008e-14
2.8576660156e+02 8.7105512288e-14 3.0263534375e-14 5.6841977913e-14
2.8582763672e+02 8.7030827502e-14 3.0239797008e-14 5.6791030494e-14
2.8588867188e+02 8.6957370660e-14 3.0217177726e-14 5.6740192934e-14
2.8594970703e+02 8.6885202292e-14 3.0195636129e-14 5.6689566163e-14
2.8601074219e+02 8.6814290898e-14 3.0175060563e-14 5.6639230335e-14
2.8607177734e+02 8.6744452684e-14 3.0155256661e-14 5.6589196024e-14
2.8613281250e+02 8.6675360017e-14 3.0135970097e-14 5.6539389920e-14
2.8619384766e+02 8.6606557272e-14 3.0116899355e-14 5.6489657917e-14
2.8625488281e+02 8.6537486769e-14 3.0097728873e-14 5.6439757895e-14
2.8631591797e+02 8.6467531856e-14 3.0078152795e-14 5.6389379061e-14
2.8637695312e+02 8.6396124641e-14 3.0057914736e-14 5.6338209905e-14
2.8643798828e+02 8.6322783025e-14 3.0036822082e-14 5.6285960942e-14
2.8649902344e+02 8.6247188249e-14 3.0014763154e-14 5.6232425095e-14
2.8656005859e+02 8.6169236535e-14 2.9991711311e-14 5.6177525224e-14
2.8662109375e+02 8.6089076803e-14 2.9967726401e-14 5.6121350402e-14
2.8668212891e+02 8.6007081735e-14 2.9942935540e-14 5.6064146195e-14
2.8674316406e+02 8.5923854972e-14 2.9917520416e-14 5.6006334556e-14
2.8680419922e+02 8.5840162434e-14 2.9891692066e-14 5.5948470368e-14
2.8686523438e+02 8.5756880558e-14 2.9865679222e-14 5.5891201336e-14
2.8692626953e+02 8.5674906402e-14 2.9839690847e-14 5.5835215555e-14
2.8698730469e+02 8.5595068596e-14 2.9813908005e-14 5.5781160591e-14
2.8704833984e+02 8.5518065429e-14 2.9788468781e-14 5.5729596647e-14
2.8710937500e+02 8.5444387362e-14 2.9763458516e-14 5.5680928846e-14
2.8717041016e+02 8.5374253425e-14 2.9738899691e-14 5.5635353734e-14
2.8723144531e+02 8.5307612662e-14 2.9714762380e-14 5.5592850282e-14
2.8729248047e+02 8.5244112287e-14 2.9690964166e-14 5.5553148121e-14
2.8735351562e+02 8.5183152740e-14 2.9667385489e-14 5.5515767251e-14
2.8741455078e+02 8.5123915558e-14 2.9643884391e-14 5.5480031167e-14
2.8747558594e+02 8.5065453911e-14 2.9620313404e-14 5.5445140506e-14
2.8753662109e+02 8.5006760173e-14 2.9596529727e-14 5.5410230446e-14
2.8759765625e+02 8.4946865488e-14 2.9572415641e-14 5.5374449846e-14
2.8765869141e+02 8.4884901145e-14 2.9547872291e-14 5.5337028854e-14
2.8771972656e+02 8.4820188473e-14 2.9522844460e-14 5.5297344014e-14
2.8778076172e+02 8.4752305914e-14 2.9497306599e-14 5.5254999315e-14
2.8784179688e+02 8.4681098253e-14 2.9471262155e-14 5.5209836098e-14
2.8790283203e+02 8.4606708802e-14 2.9444757047e-14 5.5161951755e-14
2.8796386719e+02 8.4529550962e-14 2.9417858286e-14 5.5111692676e-14
2.8802490234e+02 8.4450263982e-14 2.9390650835e-14 5.5059613148e-14
2.8808593750e+02 8.4369675060e-14 2.9363258234e-14 5.5006416826e-14
2.8814697266e+02 8.4288687289e-14 2.9335803209e-14 5.4952884080e-14
2.8820800781e+02 8.4208217661e-14 2.9308423552e-14 5.4899794109e-14
2.8826904297e+02 8.4129102104e-14 2.9281256372e-14 5.4847845732e-14
2.8833007812e+02 8.4051997017e-14 2.9254421882e-14 5.4797575136e-14
2.8839111328e+02 8.3977332591e-14 2.9228019549e-14 5.4749313042e-14
2.8845214844e+02 8.3905267659e-14 2.9202116979e-14 5.4703150680e-14
2.8851318359e+02 8.3835680949e-14 2.9176748055e-14 5.4658932894e-14
2.8857421875e+02 8.3768200332e-14 2.9151913025e-14 5.4616287308e-14
2.8863525391e+02 8.3702271915e-14 2.9127587023e-14 5.4574684892e-14
2.8869628906e+02 8.3637204387e-14 2.9103728372e-14 5.4533476015e-14
2.8875732422e+02 8.3572288079e-14 2.9080292023e-14 5.4491996057e-14
2.8881835938e+02 8.3506863461e-14 2.9057237756e-14 5.4449625705e-14
2.8887939453e+02 8.3440391660e-14 2.9034535396e-14 5.4405856264e-14
2.8894042969e+02 8.3372480779e-14 2.9012167228e-14 5.4360313552e-14
2.8900146484e+02 8.3302938078e-14 2.8990125642e-14 5.4312812437e-14
2.8906250000e+02 8.3231736513e-14 2.8968400387e-14 5.4263336126e-14
2.8912353516e+02 8.3158999341e-14 2.8946981781e-14 5.4212017560e-14
2.8918457031e+02 8.3084951867e-14 2.8925847742e-14 5.4159104126e-14
2.8924560547e+02 8.3009884085e-14 2.8904957250e-14 5.4104926835e-14
2.8930664062e+02 8.2934104913e-14 2.8884267652e-14 5.4049837261e-14
2.8936767578e+02 8.2857925066e-14 2.8863729964e-14 5.3994195102e-14
2.8942871094e+02 8.2781629070e-14 2.8843307860e-14 5.3938321210e-14
2.8948974609e+02 8.2705443215e-14 2.8822973725e-14 5.3882469490e-14
2.8955078125e+02 8.2629564167e-14 2.8802717680e-14 5.3826846487e-14
2.8961181641e+02 8.2554131215e-14 2.8782545214e-14 5.3771586001e-14
2.8967285156e+02 8.2479243542e-14 2.8762465526e-14 5.3716778016e-14
2.8973388672e+02 8.2404956010e-14 2.8742488326e-14 5.3662467684e-14
2.8979492188e+02 8.2331295055e-14 2.8722607696e-14 5.3608687358e-14
2.8985595703e+02 8.2258265316e-14 2.8702794643e-14 5.3555470673e-14
2.8991699219e+02 8.2185860675e-14 2.8682984537e-14 5.3502876139e-14
2.8997802734e+02 8.2114091138e-14 2.8663088117e-14 5.3451003021e-14
2.9003906250e+02 8.2042991407e-14 2.8643003129e-14 5.3399988278e-14
2.9010009766e+02 8.1972641384e-14 2.8622625757e-14 5.3350015627e-14
2.9016113281e+02 8.1903154386e-14 2.8601867863e-14 5.3301286524e-14
2.9022216797e+02 8.1834697816e-14 2.8580674376e-14 5.3254023440e-14
2.9028320312e+02 8.1767473157e-14 2.8559045956e-14 5.3208427201e-14
2.9034423828e+02 8.1701685343e-14 2.8537033802e-14 5.3164651541e-14
2.9040527344e+02 8.1637521581e-14 2.8514738877e-14 5.3122782704e-14
2.9046630859e+02 8.1575126432e-14 2.8492300967e-14 5.3082825465e-14
2.9052734375e+02 8.1514576069e-14 2.8469880812e-14 5.3044695256e-14
2.9058837891e+02 8.1455838136e-14 2.8447631798e-14 5.3008206338e-14
2.9064941406e+02 8.1398794723e-14 2.8425689815e-14 5.2973104908e-14
2.9071044922e+02 8.1343209183e-14 2.8404140028e-14 5.2939069156e-14
2.9077148438e+02 8.1288767350e-14 2.8383021128e-14 5.2905746222e-14
2.9083251953e+02 8.1235076325e-14 2.8362302140e-14 5.2872774186e-14
2.9089355469e+02 8.1181695773e-14 2.8341901753e-14 5.2839794020e-14
2.9095458984e+02 8.1128172239e-14 2.8321702392e-14 5.2806469847e-14
2.9101562500e+02 8.1074056484e-14 2.8301554242e-14 5.2772502242e-14
2.9107666016e+02 8.1018948010e-14 2.8281307285e-14 5.2737640725e-14
2.9113769531e+02 8.0962506082e-14 2.8260826576e-14 5.2701679507e-14
2.9119873047e+02 8.0904479985e-14 2.8240006267e-14 5.2664473718e-14
2.9125976562e+02 8.0844744049e-14 2.8218789600e-14 5.2625954449e-14
2.9132080078e+02 8.0783281064e-14 2.8197162374e-14 5.2586118690e-14
2.9138183594e+02 8.0720213597e-14 2.8175162895e-14 5.2545050703e-14
2.9144287109e+02 8.0655795493e-14 2.8152876274e-14 5.2502919219e-14
2.9150390625e+02 8.0590397823e-14 2.8130417230e-14 5.2459980593e-14
2.9156494141e+02 8.0524486232e-14 2.8107925787e-14 5.2416560445e-14
2.9162597656e+02 8.0458591002e-14 2.8085545658e-14 5.2373045344e-14
2.9168701172e+02 8.0393283679e-14 2.8063428230e-14 5.2329855449e-14
2.9174804688e+02 8.0329105965e-14 2.8041703608e-14 5.2287402358e-14
2.9180908203e+02 8.0266570920e-14 2.8020483312e-14 5.2246087608e-14
2.9187011719e+02 8.0206081181e-14 2.7999847753e-14 5.2206233428e-14
2.9193115234e+02 8.0147925778e-14 2.7979854796e-14 5.2168070981e-14
2.9199218750e+02 8.0092238119e-14 2.7960525437e-14 5.2131712682e-14
2.9205322266e+02 8.0038994794e-14 2.7941858078e-14 5.2097136715e-14
2.9211425781e+02 7.9987985019e-14 2.7923813953e-14 5.2064171066e-14
2.9217529297e+02 7.9938848047e-14 2.7906347943e-14 5.2032500104e-14
2.9223632812e+02 7.9891077315e-14 2.7889385854e-14 5.2001691461e-14
2.9229736328e+02 7.9844073799e-14 2.7872858430e-14 5.1971215369e-14
2.9235839844e+02 7.9797172295e-14 2.7856695986e-14 5.1940476309e-14
2.9241943359e+02 7.9749702122e-14 2.7840834790e-14 5.1908867332e-14
2.9248046875e+02 7.9701049824e-14 2.7825224291e-14 5.1875825533e-14
2.9254150391e+02 7.9650713162e-14 2.7809823950e-14 5.1840889212e-14
2.9260253906e+02 7.9598372053e-14 2.7794612066e-14 5.1803759987e-14
2.9266357422e+02 7.9543911889e-14 2.7779579927e-14 5.1764331962e-14
2.9272460938e+02 7.9487458326e-14 2.7764730078e-14 5.1722728248e-14
2.9278564453e+02 7.9429369319e-14 2.7750066653e-14 5.1679302666e-14
2.9284667969e+02 7.9370205654e-14 2.7735594836e-14 5.1634610817e-14
2.9290771484e+02 7.9310703818e-14 2.7721320464e-14 5.1589383354e-14
2.9296875000e+02 7.9251674581e-14 2.7707240073e-14 5.1544434507e-14
2.9302978516e+02 7.9193941290e-14 2.7693347894e-14 5.1500593396e-14
2.9309082031e+02 7.9138231800e-14 2.7679620918e-14 5.1458610882e-14
2.9315185547e+02 7.9085113207e-14 2.7666018271e-14 5.1419094937e-14
2.9321289062e+02 7.9034928267e-14 2.7652482236e-14 5.1382446031e-14
2.9327392578e+02 7.8987767522e-14 2.7638929629e-14 5.1348837893e-14
2.9333496094e+02 7.8943460683e-14 2.7625262642e-14 5.1318198041e-14
2.9339599609e+02 7.8901593899e-14 2.7611359149e-14 5.1290234750e-14
2.9345703125e+02 7.8861576460e-14 2.7597086159e-14 5.1264490301e-14
2.9351806641e+02 7.8822711443e-14 2.7582310341e-14 5.1240401102e-14
2.9357910156e+02 7.8784265401e-14 2.7566912265e-14 5.1217353137e-14
2.9364013672e+02 7.8745543019e-14 2.7550788448e-14 5.1194754571e-14
2.9370117188e+02 7.8705964623e-14 2.7533873822e-14 5.1172090801e-14
2.9376220703e+02 7.8665081202e-14 2.7516136690e-14 5.1148944512e-14
2.9382324219e+02 7.8622650701e-14 2.7497597539e-14 5.1125053162e-14
2.9388427734e+02 7.8578602886e-14 2.7478315061e-14 5.1100287824e-14
2.9394531250e+02 7.8533031500e-14 2.7458387336e-14 5.1074644164e-14
2.9400634766e+02 7.8486162156e-14 2.7437933620e-14 5.1048228536e-14
2.9406738281e+02 7.8438305592e-14 2.7417092132e-14 5.1021213460e-14
2.9412841797e+02 7.8389810045e-14 2.7396005363e-14 5.0993804682e-14
2.9418945312e+02 7.8341012932e-14 2.7374820129e-14 5.0966192804e-14
2.9425048828e+02 7.8292196085e-14 2.7353665718e-14 5.0938530367e-14
2.9431152344e+02 7.8243564257e-14 2.7332654100e-14 5.0910910156e-14
2.9437255859e+02 7.8195218579e-14 2.7311877418e-14 5.0883341160e-14
2.9443359375e+02 7.8147178560e-14 2.7291407386e-14 5.0855771174e-14
2.9449462891e+02 7.8099399421e-14 2.7271291056e-14 5.0828108365e-14
2.9455566406e+02 7.8051815748e-14 2.7251556817e-14 5.0800258931e-14
2.9461669922e+02 7.8004362009e-14 2.7232217295e-14 5.0772144714e-14
2.9467773438e+02 7.7957024598e-14 2.7213272255e-14 5.0743752342e-14
2.9473876953e+02 7.7909859867e-14 2.7194718931e-14 5.0715140936e-14
2.9479980469e+02 7.7863001532e-14 2.7176556091e-14 5.0686445441e-14
2.9486083984e+02 7.7816681615e-14 2.7158794306e-14 5.0657887309e-14
2.9492187500e+02 7.7771171648e-14 2.7141461017e-14 5.0629710631e-14
2.9498291016e+02 7.7726760895e-14 2.7124591203e-14 5.0602169692e-14
2.9504394531e+02 7.7683697525e-14 2.7108233046e-14 5.0575464479e-14
2.9510498047e+02 7.7642161557e-14 2.7092445804e-14 5.0549715753e-14
2.9516601562e+02 7.7602219949e-14 2.7077283766e-14 5.0524936183e-14
2.9522705078e+02 7.7563813545e-14 2.7062802861e-14 5.0501010684e-14
2.9528808594e+02 7.7526743366e-14 2.7049036515e-14 5.0477706851e-14
2.9534912109e+02 7.7490701655e-14 2.7036003697e-14 5.0454697958e-14
2.9541015625e+02 7.7455284187e-14 2.7023687918e-14 5.0431596269e-14
2.9547119141e+02 7.7420039152e-14 2.7012046414e-14 5.0407992738e-14
2.9553222656e+02 7.7384514863e-14 2.7001006701e-14 5.0383508162e-14
2.9559326172e+02 7.7348281055e-14 2.6990462367e-14 5.0357818688e-14
2.9565429688e+02 7.7310967773e-14 2.6980280497e-14 5.0330687276e-14
2.9571533203e+02 7.7272289358e-14 2.6970294154e-14 5.0301995205e-14
2.9577636719e+02 7.7232057808e-14 2.6960315901e-14 5.0271741907e-14
2.9583740234e+02 7.7190189914e-14 2.6950137227e-14 5.0240052687e-14
2.9589843750e+02 7.7146716786e-14 2.6939546182e-14 5.0207170603e-14
2.9595947266e+02 7.7101753115e-14 2.6928323209e-14 5.0173429906e-14
2.9602050781e+02 7.7055505621e-14 2.6916269644e-14 5.0139235977e-14
2.9608154297e+02 7.7008261847e-14 2.6903219403e-14 5.0105042444e-14
2.9614257812e+02 7.6960360330e-14 2.6889044956e-14 5.0071315374e-14
2.9620361328e+02 7.6912173031e-14 2.6873685471e-14 5.0038487560e-14
2.9626464844e+02 7.6864082119e-14 2.6857159088e-14 5.0006923031e-14
2.9632568359e+02 7.6816429174e-14 2.6839551521e-14 4.9976877653e-14
2.9638671875e+02 7.6769499535e-14 2.6821026659e-14 4.9948472875e-14
2.9644775391e+02 7.6723511276e-14 2.6801807956e-14 4.9921703320e-14
2.9650878906e+02 7.6678591944e-14 2.6782158270e-14 4.9896433673e-14
2.9656982422e+02 7.6634781962e-14 2.6762360932e-14 4.9872421029e-14
2.9663085938e+02 7.6592027849e-14 2.6742681725e-14 4.9849346125e-14
2.9669189453e+02 7.6550217070e-14 2.6723355514e-14 4.9826861555e-14
2.9675292969e+02 7.6509180316e-14 2.6704564193e-14 4.9804616123e-14
2.9681396484e+02 7.6468734013e-14 2.6686428059e-14 4.9782305954e-14
2.9687500000e+02 7.6428692898e-14 2.6668996066e-14 4.9759696832e-14
2.9693603516e+02 7.6388878979e-14 2.6652257737e-14 4.9736621242e-14
2.9699707031e+02 7.6349155819e-14 2.6636156724e-14 4.9712999095e-14
2.9705810547e+02 7.6309420311e-14 2.6620607989e-14 4.9688812322e-14
2.9711914062e+02 7.6269612607e-14 2.6605511006e-14 4.9664101601e-14
2.9718017578e+02 7.6229720019e-14 2.6590767031e-14 4.9638952988e-14
2.9724121094e+02 7.6189768889e-14 2.6576289481e-14 4.9613479407e-14
2.9730224609e+02 7.6149824128e-14 2.6562011957e-14 4.9587812171e-14
2.9736328125e+02 7.6109988601e-14 2.6547889873e-14 4.9562098728e-14
2.9742431641e+02 7.6070382076e-14 2.6533894314e-14 4.9536487762e-14
2.9748535156e+02 7.6031151152e-14 2.6520016027e-14 4.9511135126e-14
2.9754638672e+02 7.5992426455e-14 2.6506242473e-14 4.9486183981e-14
2.9760742188e+02 7.5954325867e-14 2.6492566067e-14 4.9461759801e-14
2.9766845703e+02 7.5916925576e-14 2.6478974820e-14 4.9437950756e-14
2.9772949219e+02 7.5880269367e-14 2.6465449446e-14 4.9414819921e-14
2.9779052734e+02 7.5844342450e-14 2.6451974570e-14 4.9392367879e-14
2.9785156250e+02 7.5809070616e-14 2.6438528459e-14 4.9370542157e-14
2.9791259766e+02 7.5774307256e-14 2.6425090815e-14 4.9349216441e-14
2.9797363281e+02 7.5739838079e-14 2.6411653952e-14 4.9328184128e-14
2.9803466797e+02 7.5705378681e-14 2.6398213766e-14 4.9307164915e-14
2.9809570312e+02 7.5670590618e-14 2.6384774211e-14 4.9285816407e-14
2.9815673828e+02 7.5635098071e-14 2.6371336410e-14 4.9263761661e-14
2.9821777344e+02 7.5598501480e-14 2.6357892798e-14 4.9240608682e-14
2.9827880859e+02 7.5560415248e-14 2.6344416568e-14 4.9215998680e-14
2.9833984375e+02 7.5520513781e-14 2.6330860331e-14 4.9189653450e-14
2.9840087891e+02 7.5478566359e-14 2.6317147783e-14 4.9161418576e-14
2.9846191406e+02 7.5434480038e-14 2.6303185368e-14 4.9131294670e-14
2.9852294922e+02 7.5388343391e-14 2.6288874352e-14 4.9099469038e-14
2.9858398438e+02 7.5340435829e-14 2.6274123074e-14 4.9066312755e-14
2.9864501953e+02 7.5291201428e-14 2.6258863307e-14 4.9032338122e-14
2.9870605469e+02 7.5241239393e-14 2.6243071850e-14 4.8998167542e-14
2.9876708984e+02 7.5191248848e-14 2.6226779577e-14 4.8964469270e-14
2.9882812500e+02 7.5141951810e-14 2.6210077937e-14 4.8931873872e-14
2.9888916016e+02 7.5094007017e-14 2.6193097485e-14 4.8900909532e-14
2.9895019531e+02 7.5047958018e-14 2.6176014174e-14 4.8871943844e-14
2.9901123047e+02 7.5004154609e-14 2.6159019376e-14 4.8845135233e-14
2.9907226562e+02 7.4962742518e-14 2.6142311176e-14 4.8820431343e-14
2.9913330078e+02 7.4923622552e-14 2.6126060466e-14 4.8797562086e-14
2.9919433594e+02 7.4886491141e-14 2.6110407093e-14 4.8776084048e-14
2.9925537109e+02 7.4850880286e-14 2.6095453068e-14 4.8755427218e-14
2.9931640625e+02 7.4816221668e-14 2.6081249788e-14 4.8734971880e-14
2.9937744141e+02 7.4781908104e-14 2.6067800719e-14 4.8714107385e-14
2.9943847656e+02 7.4747389471e-14 2.6055070538e-14 4.8692318933e-14
2.9949951172e+02 7.4712185502e-14 2.6042977158e-14 4.8669208344e-14
2.9956054688e+02 7.4675957516e-14 2.6031404839e-14 4.8644552677e-14
2.9962158203e+02 7.4638532497e-14 2.6020213806e-14 4.8618318691e-14
2.9968261719e+02 7.4599888296e-14 2.6009240550e-14 4.8590647746e-14
2.9974365234e+02 7.4560153221e-14 2.5998316360e-14 4.8561836861e-14
2.9980468750e+02 7.4519569556e-14 2.5987276809e-14 4.8532292747e-14
2.9986572266e+02 7.4478450843e-14 2.5975978273e-14 4.8502472570e-14
2.9992675781e+02 7.4437138635e-14 2.5964307879e-14 4.8472830756e-14
2.9998779297e+02 7.4395979822e-14 2.5952201524e-14 4.8443778298e-14
3.0004882812e+02 7.4355268082e-14 2.5939640038e-14 4.8415628044e-14
3.0010986328e+02 7.4315253004e-14 2.5926667663e-14 4.8388585340e-14
3.0017089844e+02 7.4276118095e-14 2.5913371285e-14 4.8362746810e-14
3.0023193359e+02 7.4237978778e-14 2.5899875475e-14 4.8338103303e-14
3.0029296875e+02 7.4200880876e-14 2.5886328458e-14 4.8314552418e-14
3.0035400391e+02 7.4164823346e-14 2.5872881903e-14 4.8291941443e-14
3.0041503906e+02 7.4129754374e-14 2.5859665836e-14 4.8270088538e-14
3.0047607422e+02 7.4095577021e-14 2.5846784357e-14 4.8248792664e-14
3.0053710938e+02 7.4062166096e-14 2.5834294993e-14 4.8227871104e-14
3.0059814453e+02 7.4029371184e-14 2.5822200229e-14 4.8207170955e-14
3.0065917969e+02 7.3997021212e-14 2.5810450797e-14 4.8186570415e-14
3.0072021484e+02 7.3964917644e-14 2.5798945200e-14 4.8165972444e-14
3.0078125000e+02 7.3932875836e-14 2.5787549603e-14 4.8145326233e-14
3.0084228516e+02 7.3900700226e-14 2.5776108707e-14 4.8124591519e-14
3.0090332031e+02 7.3868219936e-14 2.5764466181e-14 4.8103753755e-14
3.0096435547e+02 7.3835302529e-14 2.5752492943e-14 4.8082809586e-14
3.0102539062e+02 7.3801874128e-14 2.5740100990e-14 4.8061773138e-14
3.0108642578e+02 7.3767921936e-14 2.5727263831e-14 4.8040658105e-14
3.0114746094e+02 7.3733508162e-14 2.5714016214e-14 4.8019491948e-14
3.0120849609e+02 7.3698759602e-14 2.5700455749e-14 4.7998303853e-14
3.0126953125e+02 7.3663862346e-14 2.5686726280e-14 4.7977136066e-14
3.0133056641e+02 7.3629035994e-14 2.5672997401e-14 4.7956038593e-14
3.0139160156e+02 7.3594516435e-14 2.5659439685e-14 4.7935076749e-14
3.0145263672e+02 7.3560513401e-14 2.5646184057e-14 4.7914329344e-14
3.0151367188e+02 7.3527194111e-14 2.5633318150e-14 4.7893875960e-14
3.0157470703e+02 7.3494638750e-14 2.5620852987e-14 4.7873785762e-14
3.0163574219e+02 7.3462822935e-14 2.5608732093e-14 4.7854090842e-14
3.0169677734e+02 7.3431614726e-14 2.5596834637e-14 4.7834780089e-14
3.0175781250e+02 7.3400786362e-14 2.5585001034e-14 4.7815785327e-14
3.0181884766e+02 7.3370016646e-14 2.5573046148e-14 4.7796970498e-14
3.0187988281e+02 7.3338942749e-14 2.5560798339e-14 4.7778144410e-14
3.0194091797e+02 7.3307190005e-14 2.5548117656e-14 4.7759072349e-14
3.0200195312e+02 7.3274437715e-14 2.5534927956e-14 4.7739509760e-14
3.0206298828e+02 7.3240443703e-14 2.5521210136e-14 4.7719233567e-14
3.0212402344e+02 7.3205085987e-14 2.5507019406e-14 4.7698066581e-14
3.0218505859e+02 7.3168385043e-14 2.5492467182e-14 4.7675917862e-14
3.0224609375e+02 7.3130498152e-14 2.5477716112e-14 4.7652782040e-14
3.0230712891e+02 7.3091713616e-14 2.5462958722e-14 4.7628754895e-14
3.0236816406e+02 7.3052411816e-14 2.5448392729e-14 4.7604019087e-14
3.0242919922e+02 7.3013023961e-14 2.5434201197e-14 4.7578822764e-14
3.0249023438e+02 7.2973997410e-14 2.5420541180e-14 4.7553456230e-14
3.0255126953e+02 7.2935725410e-14 2.5407525307e-14 4.7528200103e-14
3.0261230469e+02 7.2898534208e-14 2.5395216657e-14 4.7503317550e-14
3.0267333984e+02 7.2862634767e-14 2.5383622860e-14 4.7479011907e-14
3.0273437500e+02 7.2828104710e-14 2.5372700681e-14 4.7455404029e-14
3.0279541016e+02 7.2794895790e-14 2.5362360788e-14 4.7432535002e-14
3.0285644531e+02 7.2762839925e-14 2.5352482396e-14 4.7410357528e-14
3.0291748047e+02 7.2731651934e-14 2.5342917286e-14 4.7388734649e-14
3.0297851562e+02 7.2700980185e-14 2.5333511624e-14 4.7367468561e-14
3.0303955078e+02 7.2670412673e-14 2.5324111878e-14 4.7346300795e-14
3.0310058594e+02 7.2639521101e-14 2.5314582884e-14 4.7324938216e-14
3.0316162109e+02 7.2607895536e-14 2.5304810880e-14 4.7303084656e-14
3.0322265625e+02 7.2575152838e-14 2.5294699398e-14 4.7280453441e-14
3.0328369141e+02 7.2540974076e-14 2.5284184790e-14 4.7256789286e-14
3.0334472656e+02 7.2505111290e-14 2.5273223145e-14 4.7231888145e-14
3.0340576172e+02 7.2467410097e-14 2.5261786164e-14 4.7205623933e-14
3.0346679688e+02 7.2427807200e-14 2.5249858189e-14 4.7177949011e-14
3.0352783203e+02 7.2386357251e-14 2.5237433259e-14 4.7148923992e-14
3.0358886719e+02 7.2343221636e-14 2.5224501801e-14 4.7118719834e-14
3.0364990234e+02 7.2298662425e-14 2.5211050558e-14 4.7087611868e-14
3.0371093750e+02 7.2253048324e-14 2.5197067205e-14 4.7055981119e-14
3.0377197266e+02 7.2206826843e-14 2.5182542551e-14 4.7024284291e-14
3.0383300781e+02 7.2160507477e-14 2.5167470883e-14 4.6993036594e-14
3.0389404297e+02 7.2114605355e-14 2.5151856013e-14 4.6962749342e-14
3.0395507812e+02 7.2069619896e-14 2.5135726684e-14 4.6933893211e-14
3.0401611328e+02 7.2025973190e-14 2.5119130458e-14 4.6906842732e-14
3.0407714844e+02 7.1983981425e-14 2.5102141487e-14 4.6881839938e-14
3.0413818359e+02 7.1943810697e-14 2.5084864558e-14 4.6858946139e-14
3.0419921875e+02 7.1905462045e-14 2.5067423160e-14 4.6838038885e-14
3.0426025391e+02 7.1868793034e-14 2.5049961606e-14 4.6818831428e-14
3.0432128906e+02 7.1833509914e-14 2.5032633460e-14 4.6800876454e-14
3.0438232422e+02 7.1799224161e-14 2.5015596330e-14 4.6783627831e-14
3.0444335938e+02 7.1765476651e-14 2.4999000519e-14 4.6766476132e-14
3.0450439453e+02 7.1731796341e-14 2.4982985367e-14 4.6748810974e-14
3.0456542969e+02 7.1697744744e-14 2.4967676671e-14 4.6730068073e-14
3.0462646484e+02 7.1662943868e-14 2.4953170100e-14 4.6709773768e-14
3.0468750000e+02 7.1627130466e-14 2.4939541369e-14 4.6687589097e-14
3.0474853516e+02 7.1590157667e-14 2.4926825646e-14 4.6663332021e-14
3.0480957031e+02 7.1552011494e-14 2.4915030304e-14 4.6636981190e-14
3.0487060547e+02 7.1512804136e-14 2.4904121671e-14 4.6608682465e-14
3.0493164062e+02 7.1472770908e-14 2.4894030198e-14 4.6578740710e-14
3.0499267578e+02 7.1432240106e-14 2.4884649134e-14 4.6547590973e-14
3.0505371094e+02 7.1391608226e-14 2.4875837529e-14 4.6515770697e-14
3.0511474609e+02 7.1351302604e-14 2.4867423548e-14 4.6483879056e-14
3.0517578125e+02 7.1311734972e-14 2.4859221541e-14 4.6452513431e-14
3.0523681641e+02 7.1273275113e-14 2.4851043290e-14 4.6422231823e-14
3.0529785156e+02 7.1236198978e-14 2.4842709936e-14 4.6393489042e-14
3.0535888672e+02 7.1200683053e-14 2.4834068898e-14 4.6366614155e-14
3.0541992188e+02 7.1166755603e-14 2.4824994524e-14 4.6341761079e-14
3.0548095703e+02 7.1134328624e-14 2.4815411395e-14 4.6318917229e-14
3.0554199219e+02 7.1103189459e-14 2.4805282726e-14 4.6297906733e-14
3.0560302734e+02 7.1073026309e-14 2.4794611445e-14 4.6278414864e-14
3.0566406250e+02 7.1043487193e-14 2.4783447318e-14 4.6260039875e-14
3.0572509766e+02 7.1014198608e-14 2.4771862169e-14 4.6242336439e-14
3.0578613281e+02 7.0984803434e-14 2.4759952008e-14 4.6224851426e-14
3.0584716797e+02 7.0955012717e-14 2.4747828451e-14 4.6207184266e-14
3.0590820312e+02 7.0924614705e-14 2.4735611482e-14 4.6189003224e-14
3.0596923828e+02 7.0893494138e-14 2.4723416064e-14 4.6170078074e-14
3.0603027344e+02 7.0861642282e-14 2.4711357745e-14 4.6150284536e-14
3.0609130859e+02 7.0829140373e-14 2.4699537366e-14 4.6129603007e-14
3.0615234375e+02 7.0796156126e-14 2.4688044766e-14 4.6108111361e-14
3.0621337891e+02 7.0762909457e-14 2.4676948827e-14 4.6085960629e-14
3.0627441406e+02 7.0729641760e-14 2.4666297076e-14 4.6063344684e-14
3.0633544922e+02 7.0696606107e-14 2.4656115992e-14 4.6040490115e-14
3.0639648438e+02 7.0664008755e-14 2.4646400783e-14 4.6017607972e-14
3.0645751953e+02 7.0632019360e-14 2.4637125793e-14 4.5994893567e-14
3.0651855469e+02 7.0600726961e-14 2.4628238221e-14 4.5972488740e-14
3.0657958984e+02 7.0570136895e-14 2.4619668350e-14 4.5950468545e-14
3.0664062500e+02 7.0540164695e-14 2.4611329943e-14 4.5928834752e-14
3.0670166016e+02 7.0510671184e-14 2.4603140733e-14 4.5907530451e-14
3.0676269531e+02 7.0481454717e-14 2.4595017564e-14 4.5886437153e-14
3.0682373047e+02 7.0452293189e-14 2.4586887600e-14 4.5865405589e-14
3.0688476562e+02 7.0422970177e-14 2.4578685525e-14 4.5844284652e-14
3.0694580078e+02 7.0393303792e-14 2.4570364033e-14 4.5822939760e-14
3.0700683594e+02 7.0363178485e-14 2.4561885992e-14 4.5801292493e-14
3.0706787109e+02 7.0332567301e-14 2.4553225691e-14 4.5779341610e-14
3.0712890625e+02 7.0301523667e-14 2.4544368629e-14 4.5757155038e-14
3.0718994141e+02 7.0270160212e-14 2.4535297365e-14 4.5734862848e-14
3.0725097656e+02 7.0238662310e-14 2.4525996727e-14 4.5712665583e-14
3.0731201172e+02 7.0207233435e-14 2.4516451973e-14 4.5690781463e-14
3.0737304688e+02 7.0176047730e-14 2.4506641993e-14 4.5669405736e-14
3.0743408203e+02 7.0145248630e-14 2.4496547788e-14 4.5648700842e-14
3.0749511719e+02 7.0114889798e-14 2.4486143555e-14 4.5628746243e-14
3.0755615234e+02 7.0084959658e-14 2.4475408765e-14 4.5609550893e-14
3.0761718750e+02 7.0055351450e-14 2.4464323426e-14 4.5591028024e-14
3.0767822266e+02 7.0025905167e-14 2.4452880640e-14 4.5573024527e-14
3.0773925781e+02 6.9996425198e-14 2.4441083462e-14 4.5555341736e-14
3.0780029297e+02 6.9966697456e-14 2.4428948768e-14 4.5537748689e-14
3.0786132812e+02 6.9936542421e-14 2.4416513486e-14 4.5520028935e-14
3.0792236328e+02 6.9905830674e-14 2.4403832091e-14 4.5501998583e-14
3.0798339844e+02 6.9874504700e-14 2.4390979101e-14 4.5483525599e-14
3.0804443359e+02 6.9842580544e-14 2.4378049162e-14 4.5464531382e-14
3.0810546875e+02 6.9810146536e-14 2.4365144141e-14 4.5445002395e-14
3.0816650391e+02 6.9777361432e-14 2.4352381851e-14 4.5424979581e-14
3.0822753906e+02 6.9744435358e-14 2.4339884020e-14 4.5404551337e-14
3.0828857422e+02 6.9711619537e-14 2.4327770456e-14 4.5383849080e-14
3.0834960938e+02 6.9679173552e-14 2.4316144687e-14 4.5363028865e-14
3.0841064453e+02 6.9647366052e-14 2.4305101274e-14 4.5342264778e-14
3.0847167969e+02 6.9616457692e-14 2.4294716938e-14 4.5321740754e-14
3.0853271484e+02 6.9586688029e-14 2.4285045048e-14 4.5301642981e-14
3.0859375000e+02 6.9558232420e-14 2.4276107903e-14 4.5282124517e-14
3.0865478516e+02 6.9531213064e-14 2.4267902889e-14 4.5263310175e-14
3.0871582031e+02 6.9505669667e-14 2.4260396950e-14 4.5245272717e-14
3.0877685547e+02 6.9481527762e-14 2.4253516685e-14 4.5228011077e-14
3.0883789062e+02 6.9458623067e-14 2.4247158524e-14 4.5211464543e-14
3.0889892578e+02 6.9436687465e-14 2.4241186290e-14 4.5195501176e-14
3.0895996094e+02 6.9415362426e-14 2.4235426920e-14 4.5179935505e-14
3.0902099609e+02 6.9394229002e-14 2.4229681154e-14 4.5164547848e-14
3.0908203125e+02 6.9372835387e-14 2.4223733857e-14 4.5149101530e-14
3.0914306641e+02 6.9350730934e-14 2.4217360335e-14 4.5133370599e-14
3.0920410156e+02 6.9327506451e-14 2.4210348975e-14 4.5117157476e-14
3.0926513672e+02 6.9302809209e-14 2.4202505345e-14 4.5100303865e-14
3.0932617188e+02 6.9276389232e-14 2.4193677079e-14 4.5082712153e-14
3.0938720703e+02 6.9248103381e-14 2.4183763562e-14 4.5064339818e-14
3.0944824219e+02 6.9217914209e-14 2.4172725396e-14 4.5045188813e-14
3.0950927734e+02 6.9185910738e-14 2.4160591582e-14 4.5025319156e-14
3.0957031250e+02 6.9152254729e-14 2.4147453592e-14 4.5004801137e-14
3.0963134766e+02 6.9117212760e-14 2.4133465868e-14 4.4983746891e-14
3.0969238281e+02 6.9081103926e-14 2.4118829976e-14 4.4962273949e-14
3.0975341797e+02 6.9044279056e-14 2.4103774676e-14 4.4940504379e-14
3.0981445312e+02 6.9007093601e-14 2.4088538881e-14 4.4918554720e-14
3.0987548828e+02 6.8969897907e-14 2.4073364368e-14 4.4896533539e-14
3.0993652344e+02 6.8932997511e-14 2.4058467406e-14 4.4874530106e-14
3.0999755859e+02 6.8896658764e-14 2.4044040243e-14 4.4852618521e-14
3.1005859375e+02 6.8861071177e-14 2.4030226124e-14 4.4830845053e-14
3.1011962891e+02 6.8826368940e-14 2.4017125480e-14 4.4809243460e-14
3.1018066406e+02 6.8792615695e-14 2.4004791341e-14 4.4787824355e-14
3.1024169922e+02 6.8759823151e-14 2.3993229731e-14 4.4766593420e-14
3.1030273438e+02 6.8727975663e-14 2.3982412354e-14 4.4745563309e-14
3.1036376953e+02 6.8697003352e-14 2.3972269189e-14 4.4724734162e-14
3.1042480469e+02 6.8666833861e-14 2.3962703290e-14 4.4704130571e-14
3.1048583984e+02 6.8637397530e-14 2.3953609552e-14 4.4683787978e-14
3.1054687500e+02 6.8608615274e-14 2.3944869102e-14 4.4663746172e-14
3.1060791016e+02 6.8580430478e-14 2.3936375148e-14 4.4644055330e-14
3.1066894531e+02 6.8552794231e-14 2.3928035136e-14 4.4624759094e-14
3.1072998047e+02 6.8525677391e-14 2.3919781359e-14 4.4605896031e-14
3.1079101562e+02 6.8499045382e-14 2.3911568676e-14 4.4587476706e-14
3.1085205078e+02 6.8472867767e-14 2.3903386758e-14 4.4569481010e-14
3.1091308594e+02 6.8447097723e-14 2.3895242611e-14 4.4551855112e-14
3.1097412109e+02 6.8421656219e-14 2.3887158451e-14 4.4534497768e-14
3.1103515625e+02 6.8396415462e-14 2.3879150692e-14 4.4517264770e-14
3.1109619141e+02 6.8371198074e-14 2.3871225067e-14 4.4499973007e-14
3.1115722656e+02 6.8345776254e-14 2.3863364538e-14 4.4482411717e-14
3.1121826172e+02 6.8319875142e-14 2.3855529188e-14 4.4464345954e-14
3.1127929688e+02 6.8293194630e-14 2.3847642291e-14 4.4445552338e-14
3.1134033203e+02 6.8265437666e-14 2.3839609359e-14 4.4425828307e-14
3.1140136719e+02 6.8236342615e-14 2.3831322111e-14 4.4405020504e-14
3.1146240234e+02 6.8205710695e-14 2.3822675569e-14 4.4383035125e-14
3.1152343750e+02 6.8173448973e-14 2.3813584299e-14 4.4359864674e-14
3.1158447266e+02 6.8139584060e-14 2.3803994936e-14 4.4335589124e-14
3.1164550781e+02 6.8104273365e-14 2.3793897429e-14 4.4310375936e-14
3.1170654297e+02 6.8067810287e-14 2.3783332808e-14 4.4284477479e-14
3.1176757812e+02 6.8030586841e-14 2.3772389252e-14 4.4258197589e-14
3.1182861328e+02 6.7993052393e-14 2.3761184101e-14 4.4231868292e-14
3.1188964844e+02 6.7955685534e-14 2.3749861637e-14 4.4205823897e-14
3.1195068359e+02 6.7918917639e-14 2.3738563947e-14 4.4180353692e-14
3.1201171875e+02 6.7883101374e-14 2.3727415199e-14 4.4155686176e-14
3.1207275391e+02 6.7848473696e-14 2.3716507798e-14 4.4131965898e-14
3.1213378906e+02 6.7815119587e-14 2.3705886342e-14 4.4109233244e-14
3.1219482422e+02 6.7782974885e-14 2.3695542752e-14 4.4087432133e-14
3.1225585938e+02 6.7751839065e-14 2.3685420882e-14 4.4066418182e-14
3.1231689453e+02 6.7721407527e-14 2.3675427231e-14 4.4045980296e-14
3.1237792969e+02 6.7691339055e-14 2.3665452406e-14 4.4025886649e-14
3.1243896484e+02 6.7661266816e-14 2.3655386504e-14 4.4005880313e-14
3.1250000000e+02 6.7630888279e-14 2.3645143649e-14 4.3985744630e-14
3.1256103516e+02 6.7599990933e-14 2.3634679846e-14 4.3965311086e-14
3.1262207031e+02 6.7568480196e-14 2.3624005077e-14 4.3944475119e-14
3.1268310547e+02 6.7536392134e-14 2.3613178002e-14 4.3923214133e-14
3.1274414062e+02 6.7503876058e-14 2.3602304138e-14 4.3901571920e-14
3.1280517578e+02 6.7471186185e-14 2.3591521051e-14 4.3879665134e-14
3.1286621094e+02 6.7438618514e-14 2.3580978360e-14 4.3857640155e-14
3.1292724609e+02 6.7406478142e-14 2.3570812976e-14 4.3835665166e-14
3.1298828125e+02 6.7375036881e-14 2.3561130769e-14 4.3813906111e-14
3.1304931641e+02 6.7344493272e-14 2.3551993732e-14 4.3792499539e-14
3.1311035156e+02 6.7314946327e-14 2.3543406288e-14 4.3771540040e-14
3.1317138672e+02 6.7286398299e-14 2.3535325240e-14 4.3751073059e-14
3.1323242188e+02 6.7258747742e-14 2.3527659486e-14 4.3731088256e-14
3.1329345703e+02 6.7231821730e-14 2.3520283805e-14 4.3711537925e-14
3.1335449219e+02 6.7205412439e-14 2.3513053874e-14 4.3692358566e-14
3.1341552734e+02 6.7179292291e-14 2.3505826506e-14 4.3673465785e-14
3.1347656250e+02 6.7153274236e-14 2.3498474188e-14 4.3654800047e-14
3.1353759766e+02 6.7127198455e-14 2.3490887314e-14 4.3636311140e-14
3.1359863281e+02 6.7100975743e-14 2.3482986352e-14 4.3617989391e-14
3.1365966797e+02 6.7074575573e-14 2.3474731747e-14 4.3599843826e-14
3.1372070312e+02 6.7048004790e-14 2.3466116211e-14 4.3581888580e-14
3.1378173828e+02 6.7021281314e-14 2.3457155568e-14 4.3564125746e-14
3.1384277344e+02 6.6994414853e-14 2.3447887920e-14 4.3546526933e-14
3.1390380859e+02 6.6967386508e-14 2.3438369471e-14 4.3529017038e-14
3.1396484375e+02 6.6940112963e-14 2.3428647470e-14 4.3511465493e-14
3.1402587891e+02 6.6912469951e-14 2.3418778255e-14 4.3493691696e-14
3.1408691406e+02 6.6884278282e-14 2.3408802082e-14 4.3475476200e-14
3.1414794922e+02 6.6855345315e-14 2.3398753682e-14 4.3456591633e-14
3.1420898438e+02 6.6825491060e-14 2.3388652377e-14 4.3436838683e-14
3.1427001953e+02 6.6794567082e-14 2.3378506226e-14 4.3416060856e-14
3.1433105469e+02 6.6762514137e-14 2.3368316516e-14 4.3394197621e-14
3.1439208984e+02 6.6729373730e-14 2.3358088572e-14 4.3371285158e-14
3.1445312500e+02 6.6695296899e-14 2.3347826813e-14 4.3347470086e-14
3.1451416016e+02 6.6660544152e-14 2.3337541559e-14 4.3323002593e-14
3.1457519531e+02 6.6625478110e-14 2.3327253037e-14 4.3298225073e-14
3.1463623047e+02 6.6590511325e-14 2.3316978543e-14 4.3273532782e-14
3.1469726562e+02 6.6556071576e-14 2.3306734294e-14 4.3249337282e-14
3.1475830078e+02 6.6522583679e-14 2.3296539822e-14 4.3226043857e-14
3.1481933594e+02 6.6490408954e-14 2.3286399347e-14 4.3204009607e-14
3.1488037109e+02 6.6459809153e-14 2.3276308517e-14 4.3183500636e-14
3.1494140625e+02 6.6430939755e-14 2.3266251941e-14 4.3164687814e-14
3.1500244141e+02 6.6403816096e-14 2.3256202872e-14 4.3147613224e-14
3.1506347656e+02 6.6378329184e-14 2.3246129953e-14 4.3132199231e-14
3.1512451172e+02 6.6354244711e-14 2.3235994740e-14 4.3118249971e-14
3.1518554688e+02 6.6331233618e-14 2.3225757815e-14 4.3105475804e-14
3.1524658203e+02 6.6308905542e-14 2.3215378886e-14 4.3093526656e-14
3.1530761719e+02 6.6286839254e-14 2.3204818220e-14 4.3082021034e-14
3.1536865234e+02 6.6264617459e-14 2.3194042615e-14 4.3070574844e-14
3.1542968750e+02 6.6241871696e-14 2.3183021748e-14 4.3058849948e-14
3.1549072266e+02 6.6218285140e-14 2.3171729976e-14 4.3046555164e-14
3.1555175781e+02 6.6193652669e-14 2.3160153560e-14 4.3033499109e-14
3.1561279297e+02 6.6167864084e-14 2.3148295894e-14 4.3019568190e-14
3.1567382812e+02 6.6140914868e-14 2.3136169562e-14 4.3004745306e-14
3.1573486328e+02 6.6112910871e-14 2.3123809123e-14 4.2989101748e-14
3.1579589844e+02 6.6084043826e-14 2.3111266307e-14 4.2972777519e-14
3.1585693359e+02 6.6054571731e-14 2.3098609758e-14 4.2955961973e-14
3.1591796875e+02 6.6024794295e-14 2.3085921471e-14 4.2938872824e-14
3.1597900391e+02 6.5995041089e-14 2.3073296283e-14 4.2921744806e-14
3.1604003906e+02 6.5965621564e-14 2.3060825807e-14 4.2904795758e-14
3.1610107422e+02 6.5936815346e-14 2.3048614043e-14 4.2888201303e-14
3.1616210938e+02 6.5908839008e-14 2.3036757279e-14 4.2872081729e-14
3.1622314453e+02 6.5881834407e-14 2.3025348601e-14 4.2856485806e-14
3.1628417969e+02 6.5855860238e-14 2.3014475575e-14 4.2841384663e-14
3.1634521484e+02 6.5830886676e-14 2.3004213559e-14 4.2826673117e-14
3.1640625000e+02 6.5806818139e-14 2.2994620841e-14 4.2812197299e-14
3.1646728516e+02 6.5783500340e-14 2.2985738758e-14 4.2797761582e-14
3.1652832031e+02 6.5760744692e-14 2.2977571495e-14 4.2783173196e-14
3.1658935547e+02 6.5738349361e-14 2.2970087265e-14 4.2768262096e-14
3.1665039062e+02 6.5716127259e-14 2.2963214981e-14 4.2752912279e-14
3.1671142578e+02 6.5693909249e-14 2.2956835464e-14 4.2737073785e-14
3.1677246094e+02 6.5671553711e-14 2.2950786713e-14 4.2720766998e-14
3.1683349609e+02 6.5648963702e-14 2.2944876180e-14 4.2704087521e-14
3.1689453125e+02 6.5626078816e-14 2.2938898715e-14 4.2687180101e-14
3.1695556641e+02 6.5602865660e-14 2.2932646682e-14 4.2670218978e-14
3.1701660156e+02 6.5579311248e-14 2.2925926945e-14 4.2653384303e-14
3.1707763672e+02 6.5555425458e-14 2.2918588351e-14 4.2636837107e-14
3.1713867188e+02 6.5531224670e-14 2.2910519608e-14 4.2620705062e-14
3.1719970703e+02 6.5506731221e-14 2.2901665006e-14 4.2605066215e-14
3.1726074219e+02 6.5481965274e-14 2.2892022454e-14 4.2589942820e-14
3.1732177734e+02 6.5456923935e-14 2.2881641787e-14 4.2575282149e-14
3.1738281250e+02 6.5431600855e-14 2.2870613242e-14 4.2560987613e-14
3.1744384766e+02 6.5405953638e-14 2.2859054822e-14 4.2546898816e-14
3.1750488281e+02 6.5379914133e-14 2.2847103425e-14 4.2532810709e-14
3.1756591797e+02 6.5353383436e-14 2.2834897808e-14 4.2518485628e-14
3.1762695312e+02 6.5326242368e-14 2.2822574077e-14 4.2503668291e-14
3.1768798828e+02 6.5298367028e-14 2.2810254596e-14 4.2488112432e-14
3.1774902344e+02 6.5269639688e-14 2.2798042868e-14 4.2471596820e-14
3.1781005859e+02 6.5239977543e-14 2.2786017229e-14 4.2453960315e-14
3.1787109375e+02 6.5209350259e-14 2.2774230277e-14 4.2435119982e-14
3.1793212891e+02 6.5177796308e-14 2.2762716601e-14 4.2415079708e-14
3.1799316406e+02 6.5145449090e-14 2.2751495314e-14 4.2393953776e-14
3.1805419922e+02 6.5112518049e-14 2.2740575544e-14 4.2371942505e-14
3.1811523438e+02 6.5079298522e-14 2.2729962654e-14 4.2349335868e-14
3.1817626953e+02 6.5046144171e-14 2.2719666556e-14 4.2326477615e-14
3.1823730469e+02 6.5013449860e-14 2.2709706778e-14 4.2303743082e-14
3.1829833984e+02 6.4981602160e-14 2.2700111310e-14 4.2281490849e-14
3.1835937500e+02 6.4950945626e-14 2.2690916804e-14 4.2260028822e-14
3.1842041016e+02 6.4921737459e-14 2.2682158017e-14 4.2239579442e-14
3.1848144531e+02 6.4894121186e-14 2.2673861364e-14 4.2220259822e-14
3.1854248047e+02 6.4868084655e-14 2.2666039353e-14 4.2202045301e-14
3.1860351562e+02 6.4843468847e-14 2.2658679682e-14 4.2184789165e-14
3.1866455078e+02 6.4819971204e-14 2.2651743197e-14 4.2168228007e-14
3.1872558594e+02 6.4797169868e-14 2.2645157764e-14 4.2152012104e-14
3.1878662109e+02 6.4774578294e-14 2.2638837097e-14 4.2135741197e-14
3.1884765625e+02 6.4751698433e-14 2.2632673115e-14 4.2119025318e-14
3.1890869141e+02 6.4728073588e-14 2.2626555352e-14 4.2101518236e-14
3.1896972656e+02 6.4703330741e-14 2.2620370816e-14 4.2082959926e-14
3.1903076172e+02 6.4677218764e-14 2.2614018308e-14 4.2063200456e-14
3.1909179688e+02 6.4649620821e-14 2.2607404187e-14 4.2042216634e-14
3.1915283203e+02 6.4620558517e-14 2.2600460100e-14 4.2020098418e-14
3.1921386719e+02 6.4590163143e-14 2.2593123108e-14 4.1997040036e-14
3.1927490234e+02 6.4558656209e-14 2.2585352141e-14 4.1973304068e-14
3.1933593750e+02 6.4526309940e-14 2.2577114914e-14 4.1949195026e-14
3.1939697266e+02 6.4493410329e-14 2.2568386347e-14 4.1925023982e-14
3.1945800781e+02 6.4460231958e-14 2.2559150725e-14 4.1901081233e-14
3.1951904297e+02 6.4427023007e-14 2.2549400860e-14 4.1877622147e-14
3.1958007812e+02 6.4393991728e-14 2.2539134096e-14 4.1854857632e-14
3.1964111328e+02 6.4361317638e-14 2.2528363674e-14 4.1832953964e-14
3.1970214844e+02 6.4329140666e-14 2.2517109546e-14 4.1812031120e-14
3.1976318359e+02 6.4297578417e-14 2.2505412095e-14 4.1792166322e-14
3.1982421875e+02 6.4266710116e-14 2.2493317150e-14 4.1773392966e-14
3.1988525391e+02 6.4236601258e-14 2.2480885126e-14 4.1755716132e-14
3.1994628906e+02 6.4207269235e-14 2.2468181550e-14 4.1739087685e-14
3.2000732422e+02 6.4178699738e-14 2.2455278426e-14 4.1723421312e-14
3.2006835938e+02 6.4150825101e-14 2.2442241208e-14 4.1708583893e-14
3.2012939453e+02 6.4123542151e-14 2.2429134709e-14 4.1694407442e-14
3.2019042969e+02 6.4096691084e-14 2.2416015365e-14 4.1680675718e-14
3.2025146484e+02 6.4070068018e-14 2.2402925924e-14 4.1667142094e-14
3.2031250000e+02 6.4043461480e-14 2.2389907958e-14 4.1653553522e-14
3.2037353516e+02 6.4016657062e-14 2.2376992822e-14 4.1639664241e-14
3.2043457031e+02 6.3989465262e-14 2.2364211481e-14 4.1625253781e-14
3.2049560547e+02 6.3961744157e-14 2.2351598498e-14 4.1610145659e-14
3.2055664062e+02 6.3933428761e-14 2.2339194359e-14 4.1594234402e-14
3.2061767578e+02 6.3904532122e-14 2.2327050653e-14 4.1577481469e-14
3.2067871094e+02 6.3875146021e-14 2.2315219800e-14 4.1559926221e-14
3.2073974609e+02 6.3845427593e-14 2.2303752689e-14 4.1541674904e-14
3.2080078125e+02 6.3815562828e-14 2.2292690063e-14 4.1522872765e-14
3.2086181641e+02 6.3785753398e-14 2.2282058190e-14 4.1503695207e-14
3.2092285156e+02 6.3756184130e-14 2.2271862937e-14 4.1484321193e-14
3.2098388672e+02 6.3726989173e-14 2.2262080502e-14 4.1464908671e-14
3.2104492188e+02 6.3698244479e-14 2.2252660488e-14 4.1445583991e-14
3.2110595703e+02 6.3669966373e-14 2.2243529234e-14 4.1426437138e-14
3.2116699219e+02 6.3642120563e-14 2.2234603129e-14 4.1407517434e-14
3.2122802734e+02 6.3614628567e-14 2.2225791312e-14 4.1388837255e-14
3.2128906250e+02 6.3587403104e-14 2.2217014033e-14 4.1370389072e-14
3.2135009766e+02 6.3560360943e-14 2.2208212642e-14 4.1352148301e-14
3.2141113281e+02 6.3533438135e-14 2.2199356044e-14 4.1334082091e-14
3.2147216797e+02 6.3506609143e-14 2.2190445482e-14 4.1316163660e-14
3.2153320312e+02 6.3479881199e-14 2.2181510001e-14 4.1298371197e-14
3.2159423828e+02 6.3453288171e-14 2.2172608834e-14 4.1280679336e-14
3.2165527344e+02 6.3426886681e-14 2.2163815600e-14 4.1263071081e-14
3.2171630859e+02 6.3400747148e-14 2.2155220656e-14 4.1245526492e-14
3.2177734375e+02 6.3374917628e-14 2.2146900481e-14 4.1228017146e-14
3.2183837891e+02 6.3349430856e-14 2.2138921366e-14 4.1210509490e-14
3.2189941406e+02 6.3324280955e-14 2.2131323345e-14 4.1192957610e-14
3.2196044922e+02 6.3299418669e-14 2.2124116417e-14 4.1175302251e-14
3.2202148438e+02 6.3274743765e-14 2.2117275245e-14 4.1157468520e-14
3.2208251953e+02 6.3250124887e-14 2.2110748795e-14 4.1139376092e-14
3.2214355469e+02 6.3225386754e-14 2.2104452961e-14 4.1120933792e-14
3.2220458984e+02 6.3200331472e-14 2.2098288454e-14 4.1102043017e-14
3.2226562500e+02 6.3174752485e-14 2.2092135586e-14 4.1082616899e-14
3.2232666016e+02 6.3148451483e-14 2.2085873372e-14 4.1062578110e-14
3.2238769531e+02 6.3121263189e-14 2.2079388088e-14 4.1041875101e-14
3.2244873047e+02 6.3093053759e-14 2.2072577612e-14 4.1020476146e-14
3.2250976562e+02 6.3063734539e-14 2.2065355143e-14 4.0998379395e-14
3.2257080078e+02 6.3033275337e-14 2.2057666079e-14 4.0975609257e-14
3.2263183594e+02 6.3001668565e-14 2.2049471328e-14 4.0952197237e-14
3.2269287109e+02 6.2968950105e-14 2.2040755190e-14 4.0928194915e-14
3.2275390625e+02 6.2935185407e-14 2.2031516756e-14 4.0903668651e-14
3.2281494141e+02 6.2900449383e-14 2.2021768176e-14 4.0878681207e-14
3.2287597656e+02 6.2864830664e-14 2.2011517207e-14 4.0853313457e-14
3.2293701172e+02 6.2828433360e-14 2.2000778516e-14 4.0827654844e-14
3.2299804688e+02 6.2791360935e-14 2.1989554586e-14 4.0801806349e-14
3.2305908203e+02 6.2753741936e-14 2.1977845732e-14 4.0775896204e-14
3.2312011719e+02 6.2715720420e-14 2.1965651890e-14 4.0750068530e-14
3.2318115234e+02 6.2677464815e-14 2.1952979622e-14 4.0724485193e-14
3.2324218750e+02 6.2639158846e-14 2.1939849590e-14 4.0699309256e-14
3.2330322266e+02 6.2601011703e-14 2.1926303286e-14 4.0674708418e-14
3.2336425781e+02 6.2563238299e-14 2.1912411625e-14 4.0650826673e-14
3.2342529297e+02 6.2526046123e-14 2.1898269099e-14 4.0627777024e-14
3.2348632812e+02 6.2489640170e-14 2.1884001792e-14 4.0605638378e-14
3.2354736328e+02 6.2454210012e-14 2.1869750169e-14 4.0584459844e-14
3.2360839844e+02 6.2419905128e-14 2.1855659578e-14 4.0564245550e-14
3.2366943359e+02 6.2386842145e-14 2.1841875617e-14 4.0544966528e-14
3.2373046875e+02 6.2355098196e-14 2.1828519791e-14 4.0526578404e-14
3.2379150391e+02 6.2324713701e-14 2.1815702777e-14 4.0509010924e-14
3.2385253906e+02 6.2295679346e-14 2.1803500625e-14 4.0492178721e-14
3.2391357422e+02 6.2267956774e-14 2.1791966361e-14 4.0475990413e-14
3.2397460938e+02 6.2241467560e-14 2.1781120949e-14 4.0460346611e-14
3.2403564453e+02 6.2216090805e-14 2.1770961806e-14 4.0445128999e-14
3.2409667969e+02 6.2191677041e-14 2.1761467608e-14 4.0430209433e-14
3.2415771484e+02 6.2168041851e-14 2.1752595910e-14 4.0415445942e-14
3.2421875000e+02 6.2144964874e-14 2.1744281344e-14 4.0400683530e-14
3.2427978516e+02 6.2122188166e-14 2.1736436465e-14 4.0385751701e-14
3.2434082031e+02 6.2099440981e-14 2.1728953724e-14 4.0370487258e-14
3.2440185547e+02 6.2076436104e-14 2.1721703428e-14 4.0354732676e-14
3.2446289062e+02 6.2052889094e-14 2.1714531368e-14 4.0338357726e-14
3.2452392578e+02 6.2028541477e-14 2.1707274452e-14 4.0321267025e-14
3.2458496094e+02 6.2003182172e-14 2.1699766554e-14 4.0303415617e-14
3.2464599609e+02 6.1976664595e-14 2.1691851650e-14 4.0284812945e-14
3.2470703125e+02 6.1948921292e-14 2.1683393347e-14 4.0265527946e-14
3.2476806641e+02 6.1919972931e-14 2.1674292965e-14 4.0245679966e-14
3.2482910156e+02 6.1889919309e-14 2.1664488261e-14 4.0225431047e-14
3.2489013672e+02 6.1858942807e-14 2.1653976911e-14 4.0204965896e-14
3.2495117188e+02 6.1827268069e-14 2.1642801545e-14 4.0184466523e-14
3.2501220703e+02 6.1795149287e-14 2.1631048426e-14 4.0164100861e-14
3.2507324219e+02 6.1762842846e-14 2.1618835955e-14 4.0144006891e-14
3.2513427734e+02 6.1730597049e-14 2.1606305208e-14 4.0124291840e-14
3.2519531250e+02 6.1698621809e-14 2.1593600242e-14 4.0105021567e-14
3.2525634766e+02 6.1667084246e-14 2.1580850688e-14 4.0086233558e-14
3.2531738281e+02 6.1636106576e-14 2.1568165060e-14 4.0067941516e-14
3.2537841797e+02 6.1605755205e-14 2.1555616270e-14 4.0050138935e-14
3.2543945312e+02 6.1576042620e-14 2.1543240212e-14 4.0032802407e-14
3.2550048828e+02 6.1546924975e-14 2.1531037514e-14 4.0015887460e-14
3.2556152344e+02 6.1518310496e-14 2.1518979225e-14 3.9999331271e-14
3.2562255859e+02 6.1490071800e-14 2.1507025278e-14 3.9983046522e-14
3.2568359375e+02 6.1462036139e-14 2.1495121080e-14 3.9966915059e-14
3.2574462891e+02 6.1434037154e-14 2.1483239143e-14 3.9950798010e-14
3.2580566406e+02 6.1405899711e-14 2.1471364600e-14 3.9934535110e-14
3.2586669922e+02 6.1377479722e-14 2.1459522489e-14 3.9917957233e-14
3.2592773438e+02 6.1348687799e-14 2.1447765713e-14 3.9900922086e-14
3.2598876953e+02 6.1319488607e-14 2.1436181368e-14 3.9883307239e-14
3.2604980469e+02 6.1289918670e-14 2.1424877019e-14 3.9865041651e-14
3.2611083984e+02 6.1260087793e-14 2.1413977382e-14 3.9846110411e-14
3.2617187500e+02 6.1230146171e-14 2.1403598618e-14 3.9826547552e-14
3.2623291016e+02 6.1200281544e-14 2.1393841806e-14 3.9806439738e-14
3.2629394531e+02 6.1170684671e-14 2.1384779275e-14 3.9785905396e-14
3.2635498047e+02 6.1141528839e-14 2.1376441122e-14 3.9765087717e-14
3.2641601562e+02 6.1112956781e-14 2.1368815522e-14 3.9744141259e-14
3.2647705078e+02 6.1085062722e-14 2.1361847182e-14 3.9723215540e-14
3.2653808594e+02 6.1057887263e-14 2.1355439237e-14 3.9702448026e-14
3.2659912109e+02 6.1031418053e-14 2.1349456313e-14 3.9681961740e-14
3.2666015625e+02 6.1005607787e-14 2.1343746827e-14 3.9661860960e-14
3.2672119141e+02 6.0980367065e-14 2.1338140489e-14 3.9642226576e-14
3.2678222656e+02 6.0955585168e-14 2.1332462954e-14 3.9623122214e-14
3.2684326172e+02 6.0931125820e-14 2.1326545823e-14 3.9604579997e-14
3.2690429688e+02 6.0906834139e-14 2.1320228621e-14 3.9586605518e-14
3.2696533203e+02 6.0882547544e-14 2.1313374067e-14 3.9569173477e-14
3.2702636719e+02 6.0858082124e-14 2.1305861020e-14 3.9552221103e-14
3.2708740234e+02 6.0833256229e-14 2.1297600850e-14 3.9535655379e-14
3.2714843750e+02 6.0807881515e-14 2.1288530173e-14 3.9519351342e-14
3.2720947266e+02 6.0781795412e-14 2.1278618782e-14 3.9503176629e-14
3.2727050781e+02 6.0754859780e-14 2.1267869259e-14 3.9486990521e-14
3.2733154297e+02 6.0726987955e-14 2.1256323308e-14 3.9470664647e-14
3.2739257812e+02 6.0698161403e-14 2.1244058343e-14 3.9454103060e-14
3.2745361328e+02 6.0668421987e-14 2.1231188931e-14 3.9437233056e-14
3.2751464844e+02 6.0637885203e-14 2.1217857765e-14 3.9420027438e-14
3.2757568359e+02 6.0606725330e-14 2.1204237655e-14 3.9402487674e-14
3.2763671875e+02 6.0575159903e-14 2.1190514715e-14 3.9384645189e-14
3.2769775391e+02 6.0543399641e-14 2.1176875697e-14 3.9366523944e-14
3.2775878906e+02 6.0511638749e-14 2.1163498571e-14 3.9348140177e-14
3.2781982422e+02 6.0480019250e-14 2.1150534604e-14 3.9329484646e-14
3.2788085938e+02 6.0448606419e-14 2.1138092757e-14 3.9310513662e-14
3.2794189453e+02 6.0417377821e-14 2.1126233345e-14 3.9291144476e-14
3.2800292969e+02 6.0386242243e-14 2.1114957280e-14 3.9271284962e-14
3.2806396484e+02 6.0355060192e-14 2.1104204204e-14 3.9250855988e-14
3.2812500000e+02 6.0323658590e-14 2.1093862223e-14 3.9229796366e-14
3.2818603516e+02 6.0291882195e-14 2.1083779853e-14 3.9208102341e-14
3.2824707031e+02 6.0259619707e-14 2.1073771627e-14 3.9185848079e-14
3.2830810547e+02 6.0226819255e-14 2.1063646718e-14 3.9163172536e-14
3.2836914062e+02 6.0193523719e-14 2.1053238352e-14 3.9140285368e-14
3.2843017578e+02 6.0159850529e-14 2.1042407906e-14 3.9117442623e-14
3.2849121094e+02 6.0125999828e-14 2.1031075112e-14 3.9094924716e-14
3.2855224609e+02 6.0092211723e-14 2.1019217287e-14 3.9072994436e-14
3.2861328125e+02 6.0058752056e-14 2.1006875325e-14 3.9051876730e-14
3.2867431641e+02 6.0025873034e-14 2.0994153218e-14 3.9031719816e-14
3.2873535156e+02 5.9993780451e-14 2.0981193239e-14 3.9012587212e-14
3.2879638672e+02 5.9962605831e-14 2.0968164442e-14 3.8994441389e-14
3.2885742188e+02 5.9932392395e-14 2.0955237145e-14 3.8977155250e-14
3.2891845703e+02 5.9903071771e-14 2.0942568664e-14 3.8960503107e-14
3.2897949219e+02 5.9874466241e-14 2.0930279413e-14 3.8944186829e-14
3.2904052734e+02 5.9846314216e-14 2.0918461181e-14 3.8927853036e-14
3.2910156250e+02 5.9818283315e-14 2.0907162308e-14 3.8911121006e-14
3.2916259766e+02 5.9790010296e-14 2.0896408103e-14 3.8893602193e-14
3.2922363281e+02 5.9761151710e-14 2.0886203752e-14 3.8874947958e-14
3.2928466797e+02 5.9731412529e-14 2.0876547423e-14 3.8854865106e-14
3.2934570312e+02 5.9700587604e-14 2.0867437899e-14 3.8833149705e-14
3.2940673828e+02 5.9668588467e-14 2.0858883567e-14 3.8809704900e-14
3.2946777344e+02 5.9635451350e-14 2.0850893627e-14 3.8784557723e-14
3.2952880859e+02 5.9601310918e-14 2.0843473374e-14 3.8757837543e-14
3.2958984375e+02 5.9566391994e-14 2.0836610485e-14 3.8729781509e-14
3.2965087891e+02 5.9530973078e-14 2.0830264698e-14 3.8700708379e-14
3.2971191406e+02 5.9495345022e-14 2.0824360096e-14 3.8670984926e-14
3.2977294922e+02 5.9459779757e-14 2.0818776511e-14 3.8641003246e-14
3.2983398438e+02 5.9424518302e-14 2.0813361210e-14 3.8611157092e-14
3.2989501953e+02 5.9389737179e-14 2.0807931279e-14 3.8581805901e-14
3.2995605469e+02 5.9355559000e-14 2.0802290796e-14 3.8553268205e-14
3.3001708984e+02 5.9322048683e-14 2.0796247245e-14 3.8525801438e-14
3.3007812500e+02 5.9289211697e-14 2.0789625270e-14 3.8499586426e-14
3.3013916016e+02 5.9257003257e-14 2.0782278895e-14 3.8474724362e-14
3.3020019531e+02 5.9225337214e-14 2.0774103893e-14 3.8451233322e-14
3.3026123047e+02 5.9194089772e-14 2.0765034817e-14 3.8429054956e-14
3.3032226562e+02 5.9163092645e-14 2.0755051278e-14 3.8408041367e-14
3.3038330078e+02 5.9132149991e-14 2.0744164299e-14 3.8387985691e-14
3.3044433594e+02 5.9101045541e-14 2.0732419362e-14 3.8368626179e-14
3.3050537109e+02 5.9069561170e-14 2.0719886224e-14 3.8349674945e-14
3.3056640625e+02 5.9037492016e-14 2.0706651905e-14 3.8330840110e-14
3.3062744141e+02 5.9004674126e-14 2.0692825388e-14 3.8311848738e-14
3.3068847656e+02 5.8971006904e-14 2.0678529762e-14 3.8292477142e-14
3.3074951172e+02 5.8936466849e-14 2.0663899851e-14 3.8272566998e-14
3.3081054688e+02 5.8901121653e-14 2.0649085497e-14 3.8252036156e-14
3.3087158203e+02 5.8865124344e-14 2.0634241144e-14 3.8230883201e-14
3.3093261719e+02 5.8828704706e-14 2.0619529617e-14 3.8209175088e-14
3.3099365234e+02 5.8792152133e-14 2.0605112661e-14 3.8187039472e-14
3.3105468750e+02 5.8755794610e-14 2.0591141059e-14 3.8164653551e-14
3.3111572266e+02 5.8719950114e-14 2.0577749825e-14 3.8142200289e-14
3.3117675781e+02 5.8684909473e-14 2.0565049575e-14 3.8119859898e-14
3.3123779297e+02 5.8650897289e-14 2.0553109368e-14 3.8097787921e-14
3.3129882812e+02 5.8618048164e-14 2.0541960771e-14 3.8076087393e-14
3.3135986328e+02 5.8586387742e-14 2.0531589168e-14 3.8054798574e-14
3.3142089844e+02 5.8555824415e-14 2.0521920283e-14 3.8033904132e-14
3.3148193359e+02 5.8526165774e-14 2.0512837478e-14 3.8013328296e-14
3.3154296875e+02 5.8497131860e-14 2.0504180060e-14 3.7992951800e-14
3.3160400391e+02 5.8468387629e-14 2.0495761448e-14 3.7972626181e-14
3.3166503906e+02 5.8439585131e-14 2.0487378472e-14 3.7952206659e-14
3.3172607422e+02 5.8410383629e-14 2.0478833152e-14 3.7931550477e-14
3.3178710938e+02 5.8380497902e-14 2.0469944187e-14 3.7910553716e-14
3.3184814453e+02 5.8349730733e-14 2.0460571293e-14 3.7889159440e-14
3.3190917969e+02 5.8317980239e-14 2.0450622058e-14 3.7867358180e-14
3.3197021484e+02 5.8285239026e-14 2.0440051393e-14 3.7845187633e-14
3.3203125000e+02 5.8251616041e-14 2.0428875144e-14 3.7822740897e-14
3.3209228516e+02 5.8217301101e-14 2.0417153507e-14 3.7800147594e-14
3.3215332031e+02 5.8182540979e-14 2.0404979701e-14 3.7777561278e-14
3.3221435547e+02 5.8147613570e-14 2.0392471719e-14 3.7755141851e-14
3.3227539062e+02 5.8112799776e-14 2.0379754262e-14 3.7733045514e-14
3.3233642578e+02 5.8078335998e-14 2.0366948053e-14 3.7711387945e-14
3.3239746094e+02 5.8044404614e-14 2.0354163510e-14 3.7690241103e-14
3.3245849609e+02 5.8011108808e-14 2.0341492142e-14 3.7669616666e-14
3.3251953125e+02 5.7978459530e-14 2.0329002506e-14 3.7649457023e-14
3.3258056641e+02 5.7946381174e-14 2.0316741860e-14 3.7629639314e-14
3.3264160156e+02 5.7914745356e-14 2.0304742939e-14 3.7610002416e-14
3.3270263672e+02 5.7883381511e-14 2.0293026284e-14 3.7590355227e-14
3.3276367188e+02 5.7852101679e-14 2.0281595384e-14 3.7570506295e-14
3.3282470703e+02 5.7820742695e-14 2.0270448538e-14 3.7550294157e-14
3.3288574219e+02 5.7789180871e-14 2.0259572789e-14 3.7529608082e-14
3.3294677734e+02 5.7757352070e-14 2.0248950975e-14 3.7508401095e-14
3.3300781250e+02 5.7725256570e-14 2.0238555679e-14 3.7486700890e-14
3.3306884766e+02 5.7692957607e-14 2.0228353851e-14 3.7464603756e-14
3.3312988281e+02 5.7660567493e-14 2.0218309047e-14 3.7442258446e-14
3.3319091797e+02 5.7628233795e-14 2.0208385496e-14 3.7419848300e-14
3.3325195312e+02 5.7596123520e-14 2.0198551488e-14 3.7397572032e-14
3.3331298828e+02 5.7564399483e-14 2.0188776320e-14 3.7375623163e-14
3.3337402344e+02 5.7533223137e-14 2.0179041605e-14 3.7354181532e-14
3.3343505859e+02 5.7502733925e-14 2.0169332820e-14 3.7333401104e-14
3.3349609375e+02 5.7473044053e-14 2.0159648386e-14 3.7313395666e-14
3.3355712891e+02 5.7444236500e-14 2.0149985956e-14 3.7294250544e-14
3.3361816406e+02 5.7416350637e-14 2.0140347473e-14 3.7276003164e-14
3.3367919922e+02 5.7389377773e-14 2.0130730737e-14 3.7258647036e-14
3.3374023438e+02 5.7363256296e-14 2.0121126425e-14 3.7242129871e-14
3.3380126953e+02 5.7337861492e-14 2.0111512959e-14 3.7226348534e-14
3.3386230469e+02 5.7313018363e-14 2.0101861978e-14 3.7211156385e-14
3.3392333984e+02 5.7288511144e-14 2.0092138855e-14 3.7196372289e-14
3.3398437500e+02 5.7264079900e-14 2.0082308283e-14 3.7181771617e-14
3.3404541016e+02 5.7239442660e-14 2.0072335542e-14 3.7167107118e-14
3.3410644531e+02 5.7214305259e-14 2.0062198116e-14 3.7152107143e-14
3.3416748047e+02 5.7188388115e-14 2.0051884851e-14 3.7136503264e-14
3.3422851562e+02 5.7161441571e-14 2.0041393046e-14 3.7120048525e-14
3.3428955078e+02 5.7133265899e-14 2.0030733105e-14 3.7102532794e-14
3.3435058594e+02 5.7103730007e-14 2.0019923988e-14 3.7083806019e-14
3.3441162109e+02 5.7072764817e-14 2.0008977840e-14 3.7063786977e-14
3.3447265625e+02 5.7040389654e-14 1.9997904690e-14 3.7042484964e-14
3.3453369141e+02 5.7006710164e-14 1.9986707472e-14 3.7020002692e-14
3.3459472656e+02 5.6971896716e-14 1.9975370411e-14 3.6996526305e-14
3.3465576172e+02 5.6936180376e-14 1.9963865111e-14 3.6972315264e-14
3.3471679688e+02 5.6899838350e-14 1.9952146274e-14 3.6947692076e-14
3.3477783203e+02 5.6863165360e-14 1.9940166601e-14 3.6922998759e-14
3.3483886719e+02 5.6826449951e-14 1.9927874952e-14 3.6898574999e-14
3.3489990234e+02 5.6789952918e-14 1.9915232234e-14 3.6874720684e-14
3.3496093750e+02 5.6753888505e-14 1.9902214803e-14 3.6851673702e-14
3.3502197266e+02 5.6718424749e-14 1.9888831592e-14 3.6829593157e-14
3.3508300781e+02 5.6683675066e-14 1.9875131024e-14 3.6808544041e-14
3.3514404297e+02 5.6649703186e-14 1.9861199219e-14 3.6788503967e-14
3.3520507812e+02 5.6616532757e-14 1.9847165774e-14 3.6769366983e-14
3.3526611328e+02 5.6584170506e-14 1.9833203501e-14 3.6750967005e-14
3.3532714844e+02 5.6552607734e-14 1.9819508507e-14 3.6733099227e-14
3.3538818359e+02 5.6521832264e-14 1.9806289714e-14 3.6715542550e-14
3.3544921875e+02 5.6491836907e-14 1.9793754453e-14 3.6698082454e-14
3.3551025391e+02 5.6462625329e-14 1.9782087381e-14 3.6680537948e-14
3.3557128906e+02 5.6434192827e-14 1.9771423121e-14 3.6662769707e-14
3.3563232422e+02 5.6406531975e-14 1.9761838999e-14 3.6644692976e-14
3.3569335938e+02 5.6379617312e-14 1.9753339861e-14 3.6626277451e-14
3.3575439453e+02 5.6353387515e-14 1.9745849779e-14 3.6607537736e-14
3.3581542969e+02 5.6327748398e-14 1.9739219817e-14 3.6588528581e-14
3.3587646484e+02 5.6302563797e-14 1.9733237776e-14 3.6569326021e-14
3.3593750000e+02 5.6277655345e-14 1.9727637479e-14 3.6550017866e-14
3.3599853516e+02 5.6252818156e-14 1.9722133852e-14 3.6530684304e-14
3.3605957031e+02 5.6227815353e-14 1.9716437991e-14 3.6511377362e-14
3.3612060547e+02 5.6202419239e-14 1.9710289175e-14 3.6492130063e-14
3.3618164062e+02 5.6176419148e-14 1.9703479499e-14 3.6472939649e-14
3.3624267578e+02 5.6149639355e-14 1.9695862136e-14 3.6453777220e-14
3.3630371094e+02 5.6121964314e-14 1.9687371900e-14 3.6434592414e-14
3.3636474609e+02 5.6093360418e-14 1.9678028618e-14 3.6415331800e-14
3.3642578125e+02 5.6063859286e-14 1.9667927617e-14 3.6395931669e-14
3.3648681641e+02 5.6033575268e-14 1.9657228043e-14 3.6376347226e-14
3.3654785156e+02 5.6002679511e-14 1.9646132486e-14 3.6356547026e-14
3.3660888672e+02 5.5971396502e-14 1.9634862151e-14 3.6336534351e-14
3.3666992188e+02 5.5939951219e-14 1.9623632202e-14 3.6316319016e-14
3.3673095703e+02 5.5908576484e-14 1.9612631085e-14 3.6295945399e-14
3.3679199219e+02 5.5877480166e-14 1.9602002395e-14 3.6275477771e-14
3.3685302734e+02 5.5846812899e-14 1.9591832815e-14 3.6254980084e-14
3.3691406250e+02 5.5816675837e-14 1.9582153958e-14 3.6234521879e-14
3.3697509766e+02 5.5787105482e-14 1.9572944565e-14 3.6214160917e-14
3.3703613281e+02 5.5758078126e-14 1.9564135451e-14 3.6193942675e-14
3.3709716797e+02 5.5729529400e-14 1.9555626338e-14 3.6173903061e-14
3.3715820312e+02 5.5701363415e-14 1.9547297960e-14 3.6154065455e-14
3.3721923828e+02 5.5673472078e-14 1.9539026098e-14 3.6134445979e-14
3.3728027344e+02 5.5645734497e-14 1.9530688868e-14 3.6115045629e-14
3.3734130859e+02 5.5618044097e-14 1.9522178006e-14 3.6095866091e-14
3.3740234375e+02 5.5590298006e-14 1.9513395601e-14 3.6076902404e-14
3.3746337891e+02 5.5562401058e-14 1.9504254982e-14 3.6058146076e-14
3.3752441406e+02 5.5534257620e-14 1.9494684936e-14 3.6039572684e-14
3.3758544922e+02 5.5505775053e-14 1.9484627346e-14 3.6021147708e-14
3.3764648438e+02 5.5476843282e-14 1.9474033706e-14 3.6002809576e-14
3.3770751953e+02 5.5447347763e-14 1.9462869557e-14 3.5984478206e-14
3.3776855469e+02 5.5417178163e-14 1.9451125671e-14 3.5966052492e-14
3.3782958984e+02 5.5386228760e-14 1.9438812325e-14 3.5947416435e-14
3.3789062500e+02 5.5354417783e-14 1.9425965872e-14 3.5928451911e-14
3.3795166016e+02 5.5321701946e-14 1.9412653413e-14 3.5909048533e-14
3.3801269531e+02 5.5288075854e-14 1.9398967308e-14 3.5889108546e-14
3.3807373047e+02 5.5253588915e-14 1.9385028247e-14 3.5868560668e-14
3.3813476562e+02 5.5218341566e-14 1.9370972280e-14 3.5847369286e-14
3.3819580078e+02 5.5182474510e-14 1.9356940993e-14 3.5825533518e-14
3.3825683594e+02 5.5146159916e-14 1.9343074137e-14 3.5803085779e-14
3.3831787109e+02 5.5109602687e-14 1.9329501891e-14 3.5780100796e-14
3.3837890625e+02 5.5073015471e-14 1.9316329467e-14 3.5756686004e-14
3.3843994141e+02 5.5036620166e-14 1.9303644838e-14 3.5732975328e-14
3.3850097656e+02 5.5000623865e-14 1.9291507935e-14 3.5709115930e-14
3.3856201172e+02 5.4965226913e-14 1.9279956394e-14 3.5685270519e-14
3.3862304688e+02 5.4930608280e-14 1.9269011860e-14 3.5661596420e-14
3.3868408203e+02 5.4896908451e-14 1.9258682901e-14 3.5638225549e-14
3.3874511719e+02 5.4864234005e-14 1.9248970723e-14 3.5615263282e-14
3.3880615234e+02 5.4832644135e-14 1.9239869424e-14 3.5592774712e-14
3.3886718750e+02 5.4802150293e-14 1.9231366486e-14 3.5570783807e-14
3.3892822266e+02 5.4772692975e-14 1.9223433732e-14 3.5549259243e-14
3.3898925781e+02 5.4744170311e-14 1.9216033944e-14 3.5528136367e-14
3.3905029297e+02 5.4716420742e-14 1.9209107760e-14 3.5507312982e-14
3.3911132812e+02 5.4689236675e-14 1.9202569551e-14 3.5486667124e-14
3.3917236328e+02 5.4662388226e-14 1.9196306941e-14 3.5466081286e-14
3.3923339844e+02 5.4635634313e-14 1.9190183062e-14 3.5445451251e-14
3.3929443359e+02 5.4608737444e-14 1.9184038850e-14 3.5424698594e-14
3.3935546875e+02 5.4581494154e-14 1.9177704233e-14 3.5403789921e-14
3.3941650391e+02 5.4553745444e-14 1.9171009891e-14 3.5382735554e-14
3.3947753906e+02 5.4525381048e-14 1.9163797322e-14 3.5361583726e-14
3.3953857422e+02 5.4496370491e-14 1.9155935983e-14 3.5340434508e-14
3.3959960938e+02 5.4466741322e-14 1.9147334240e-14 3.5319407082e-14
3.3966064453e+02 5.4436589868e-14 1.9137944288e-14 3.5298645580e-14
3.3972167969e+02 5.4406057829e-14 1.9127771912e-14 3.5278285917e-14
3.3978271484e+02 5.4375326515e-14 1.9116872061e-14 3.5258454454e-14
3.3984375000e+02 5.4344572435e-14 1.9105346526e-14 3.5239225910e-14
3.3990478516e+02 5.4313956660e-14 1.9093330480e-14 3.5220626179e-14
3.3996582031e+02 5.4283606774e-14 1.9080982868e-14 3.5202623906e-14
3.4002685547e+02 5.4253599602e-14 1.9068470395e-14 3.5185129207e-14
3.4008789062e+02 5.4223963663e-14 1.9055953287e-14 3.5168010376e-14
3.4014892578e+02 5.4194689337e-14 1.9043578039e-14 3.5151111297e-14
3.4020996094e+02 5.4165738573e-14 1.9031462142e-14 3.5134276431e-14
3.4027099609e+02 5.4137065107e-14 1.9019689506e-14 3.5117375601e-14
3.4033203125e+02 5.4108621511e-14 1.9008308697e-14 3.5100312814e-14
3.4039306641e+02 5.4080378250e-14 1.8997333375e-14 3.5083044874e-14
3.4045410156e+02 5.4052318179e-14 1.8986743844e-14 3.5065574334e-14
3.4051513672e+02 5.4024439742e-14 1.8976499306e-14 3.5047940436e-14
3.4057617188e+02 5.3996738193e-14 1.8966539367e-14 3.5030198826e-14
3.4063720703e+02 5.3969201051e-14 1.8956790383e-14 3.5012410668e-14
3.4069824219e+02 5.3941774997e-14 1.8947173162e-14 3.4994601835e-14
3.4075927734e+02 5.3914378418e-14 1.8937610121e-14 3.4976768296e-14
3.4082031250e+02 5.3886881233e-14 1.8928025896e-14 3.4958855337e-14
3.4088134766e+02 5.3859123319e-14 1.8918354572e-14 3.4940768747e-14
3.4094238281e+02 5.3830913911e-14 1.8908539564e-14 3.4922374347e-14
3.4100341797e+02 5.3802051577e-14 1.8898535727e-14 3.4903515851e-14
3.4106445312e+02 5.3772342206e-14 1.8888306337e-14 3.4884035869e-14
3.4112548828e+02 5.3741620005e-14 1.8877827962e-14 3.4863792042e-14
3.4118652344e+02 5.3709757064e-14 1.8867080723e-14 3.4842676342e-14
3.4124755859e+02 5.3676698361e-14 1.8856052509e-14 3.4820645852e-14
3.4130859375e+02 5.3642475601e-14 1.8844742946e-14 3.4797732655e-14
3.4136962891e+02 5.3607207534e-14 1.8833153437e-14 3.4774054097e-14
3.4143066406e+02 5.3571108027e-14 1.8821291952e-14 3.4749816075e-14
3.4149169922e+02 5.3534483580e-14 1.8809177087e-14 3.4725306493e-14
3.4155273438e+02 5.3497706943e-14 1.8796832242e-14 3.4700874701e-14
3.4161376953e+02 5.3461186884e-14 1.8784289371e-14 3.4676897513e-14
3.4167480469e+02 5.3425324333e-14 1.8771587321e-14 3.4653737011e-14
3.4173583984e+02 5.3390462432e-14 1.8758762804e-14 3.4631699628e-14
3.4179687500e+02 5.3356856190e-14 1.8745857875e-14 3.4610998315e-14
3.4185791016e+02 5.3324630464e-14 1.8732913740e-14 3.4591716724e-14
3.4191894531e+02 5.3293771142e-14 1.8719969567e-14 3.4573801574e-14
3.4197998047e+02 5.3264120741e-14 1.8707058444e-14 3.4557062296e-14
3.4204101562e+02 5.3235423927e-14 1.8694226304e-14 3.4541197623e-14
3.4210205078e+02 5.3207340605e-14 1.8681514267e-14 3.4525826339e-14
3.4216308594e+02 5.3179513206e-14 1.8668976264e-14 3.4510536942e-14
3.4222412109e+02 5.3151607339e-14 1.8656680277e-14 3.4494927062e-14
3.4228515625e+02 5.3123348403e-14 1.8644710225e-14 3.4478638179e-14
3.4234619141e+02 5.3094551570e-14 1.8633158180e-14 3.4461393390e-14
3.4240722656e+02 5.3065144493e-14 1.8622120847e-14 3.4443023646e-14
3.4246826172e+02 5.3035161262e-14 1.8611690736e-14 3.4423470525e-14
3.4252929688e+02 5.3004737558e-14 1.8601940284e-14 3.4402797274e-14
3.4259033203e+02 5.2974077521e-14 1.8592905027e-14 3.4381172494e-14
3.4265136719e+02 5.2943440451e-14 1.8584575566e-14 3.4358864885e-14
3.4271240234e+02 5.2913106644e-14 1.8576882145e-14 3.4336224498e-14
3.4277343750e+02 5.2883341444e-14 1.8569697143e-14 3.4313644301e-14
3.4283447266e+02 5.2854364764e-14 1.8562829923e-14 3.4291534841e-14
3.4289550781e+02 5.2826327220e-14 1.8556047895e-14 3.4270279325e-14
3.4295654297e+02 5.2799288557e-14 1.8549088892e-14 3.4250199665e-14
3.4301757812e+02 5.2773187662e-14 1.8541692133e-14 3.4231495530e-14
3.4307861328e+02 5.2747867769e-14 1.8533619638e-14 3.4214248131e-14
3.4313964844e+02 5.2723072023e-14 1.8524682477e-14 3.4198389547e-14
3.4320068359e+02 5.2698468645e-14 1.8514762125e-14 3.4183706521e-14
3.4326171875e+02 5.2673708060e-14 1.8503829299e-14 3.4169878761e-14
3.4332275391e+02 5.2648452856e-14 1.8491939113e-14 3.4156513743e-14
3.4338378906e+02 5.2622433878e-14 1.8479232835e-14 3.4143201043e-14
3.4344482422e+02 5.2595489751e-14 1.8465917570e-14 3.4129572180e-14
3.4350585938e+02 5.2567586172e-14 1.8452252758e-14 3.4115333414e-14
3.4356689453e+02 5.2538812837e-14 1.8438514840e-14 3.4100297997e-14
3.4362792969e+02 5.2509369135e-14 1.8424971232e-14 3.4084397903e-14
3.4368896484e+02 5.2479531413e-14 1.8411860163e-14 3.4067671250e-14
3.4375000000e+02 5.2449600923e-14 1.8399366488e-14 3.4050234435e-14
3.4381103516e+02 5.2419864629e-14 1.8387609121e-14 3.4032255509e-14
3.4387207031e+02 5.2390553466e-14 1.8376637381e-14 3.4013916085e-14
3.4393310547e+02 5.2361810344e-14 1.8366432235e-14 3.3995378109e-14
3.4399414062e+02 5.2333670312e-14 1.8356910079e-14 3.3976760232e-14
3.4405517578e+02 5.2306085320e-14 1.8347947410e-14 3.3958137911e-14
3.4411621094e+02 5.2278928586e-14 1.8339389897e-14 3.3939538690e-14
3.4417724609e+02 5.2252016998e-14 1.8331071929e-14 3.3920945069e-14
3.4423828125e+02 5.2225151640e-14 1.8322834305e-14 3.3902317336e-14
3.4429931641e+02 5.2198137625e-14 1.8314540864e-14 3.3883596761e-14
3.4436035156e+02 5.2170795906e-14 1.8306086029e-14 3.3864709877e-14
3.4442138672e+02 5.2142985945e-14 1.8297401206e-14 3.3845584739e-14
3.4448242188e+02 5.2114619840e-14 1.8288466081e-14 3.3826153759e-14
3.4454345703e+02 5.2085650159e-14 1.8279295296e-14 3.3806354863e-14
3.4460449219e+02 5.2056081150e-14 1.8269941238e-14 3.3786139912e-14
3.4466552734e+02 5.2025961333e-14 1.8260480712e-14 3.3765480621e-14
3.4472656250e+02 5.1995388013e-14 1.8251005928e-14 3.3744382085e-14
3.4478759766e+02 5.1964495506e-14 1.8241610735e-14 3.3722884772e-14
3.4484863281e+02 5.1933458686e-14 1.8232382523e-14 3.3701076163e-14
3.4490966797e+02 5.1902478058e-14 1.8223387466e-14 3.3679090593e-14
3.4497070312e+02 5.1871756821e-14 1.8214660873e-14 3.3657095948e-14
3.4503173828e+02 5.1841487472e-14 1.8206204363e-14 3.3635283109e-14
3.4509277344e+02 5.1811834453e-14 1.8197991264e-14 3.3613843188e-14
3.4515380859e+02 5.1782892241e-14 1.8189949778e-14 3.3592942463e-14
3.4521484375e+02 5.1754679757e-14 1.8181983757e-14 3.3572696000e-14
3.4527587891e+02 5.1727129028e-14 1.8173976153e-14 3.3553152875e-14
3.4533691406e+02 5.1700084666e-14 1.8165799600e-14 3.3534285066e-14
3.4539794922e+02 5.1673320405e-14 1.8157330026e-14 3.3515990379e-14
3.4545898438e+02 5.1646558121e-14 1.8148462028e-14 3.3498096093e-14
3.4552001953e+02 5.1619503678e-14 1.8139116837e-14 3.3480386841e-14
3.4558105469e+02 5.1591879676e-14 1.8129254200e-14 3.3462625476e-14
3.4564208984e+02 5.1563451927e-14 1.8118871461e-14 3.3444580467e-14
3.4570312500e+02 5.1534074986e-14 1.8108013635e-14 3.3426061352e-14
3.4576416016e+02 5.1503691098e-14 1.8096754190e-14 3.3406936908e-14
3.4582519531e+02 5.1472357701e-14 1.8085197999e-14 3.3387159702e-14
3.4588623047e+02 5.1440223738e-14 1.8073457922e-14 3.3366765816e-14
3.4594726562e+02 5.1407521123e-14 1.8061649747e-14 3.3345871376e-14
3.4600830078e+02 5.1374544889e-14 1.8049872090e-14 3.3324672800e-14
3.4606933594e+02 5.1341612026e-14 1.8038199329e-14 3.3303412697e-14
3.4613037109e+02 5.1309034840e-14 1.8026677450e-14 3.3282357390e-14
3.4619140625e+02 5.1277068967e-14 1.8015319125e-14 3.3261749842e-14
3.4625244141e+02 5.1245900188e-14 1.8004107081e-14 3.3241793108e-14
3.4631347656e+02 5.1215626436e-14 1.7993007781e-14 3.3222618655e-14
3.4637451172e+02 5.1186227684e-14 1.7981970150e-14 3.3204257534e-14
3.4643554688e+02 5.1157590186e-14 1.7970946403e-14 3.3186643783e-14
3.4649658203e+02 5.1129507956e-14 1.7959888288e-14 3.3169619668e-14
3.4655761719e+02 5.1101719401e-14 1.7948768756e-14 3.3152950646e-14
3.4661865234e+02 5.1073940529e-14 1.7937574993e-14 3.3136365536e-14
3.4667968750e+02 5.1045910158e-14 1.7926321168e-14 3.3119588990e-14
3.4674072266e+02 5.1017421318e-14 1.7915041477e-14 3.3102379841e-14
3.4680175781e+02 5.0988353745e-14 1.7903793223e-14 3.3084560522e-14
3.4686279297e+02 5.0958687702e-14 1.7892651175e-14 3.3066036527e-14
3.4692382812e+02 5.0928503035e-14 1.7881700584e-14 3.3046802451e-14
3.4698486328e+02 5.0897960256e-14 1.7871027011e-14 3.3026933245e-14
3.4704589844e+02 5.0867286901e-14 1.7860709471e-14 3.3006577431e-14
3.4710693359e+02 5.0836728618e-14 1.7850807420e-14 3.2985921197e-14
3.4716796875e+02 5.0806511110e-14 1.7841351470e-14 3.2965159640e-14
3.4722900391e+02 5.0776806940e-14 1.7832338947e-14 3.2944467993e-14
3.4729003906e+02 5.0747714291e-14 1.7823734593e-14 3.2923979698e-14
3.4735107422e+02 5.0719228669e-14 1.7815470854e-14 3.2903757815e-14
3.4741210938e+02 5.0691254624e-14 1.7807458381e-14 3.2883796243e-14
3.4747314453e+02 5.0663616618e-14 1.7799594954e-14 3.2864021664e-14
3.4753417969e+02 5.0636068559e-14 1.7791775851e-14 3.2844292708e-14
3.4759521484e+02 5.0608332904e-14 1.7783905784e-14 3.2824427120e-14
3.4765625000e+02 5.0580134967e-14 1.7775912236e-14 3.2804222731e-14
3.4771728516e+02 5.0551236980e-14 1.7767743410e-14 3.2783493571e-14
3.4777832031e+02 5.0521476762e-14 1.7759381989e-14 3.2762094773e-14
3.4783935547e+02 5.0490765938e-14 1.7750833719e-14 3.2739932220e-14
3.4790039062e+02 5.0459118697e-14 1.7742128599e-14 3.2716990097e-14
3.4796142578e+02 5.0426638987e-14 1.7733309636e-14 3.2693329351e-14
3.4802246094e+02 5.0393513624e-14 1.7724431616e-14 3.2669082008e-14
3.4808349609e+02 5.0359976610e-14 1.7715545634e-14 3.2644430976e-14
3.4814453125e+02 5.0326284411e-14 1.7706696749e-14 3.2619587662e-14
3.4820556641e+02 5.0292680919e-14 1.7697907358e-14 3.2594773561e-14
3.4826660156e+02 5.0259366165e-14 1.7689178141e-14 3.2570188024e-14
3.4832763672e+02 5.0226469059e-14 1.7680479335e-14 3.2545989723e-14
3.4838867188e+02 5.0194038827e-14 1.7671747037e-14 3.2522291790e-14
3.4844970703e+02 5.0162041538e-14 1.7662886304e-14 3.2499155234e-14
3.4851074219e+02 5.0130365057e-14 1.7653776315e-14 3.2476588742e-14
3.4857177734e+02 5.0098838824e-14 1.7644279084e-14 3.2454559740e-14
3.4863281250e+02 5.0067263873e-14 1.7634256650e-14 3.2433007223e-14
3.4869384766e+02 5.0035425028e-14 1.7623581261e-14 3.2411843766e-14
3.4875488281e+02 5.0003127639e-14 1.7612156259e-14 3.2390971381e-14
3.4881591797e+02 4.9970210241e-14 1.7599926205e-14 3.2370284037e-14
3.4887695312e+02 4.9936562105e-14 1.7586887336e-14 3.2349674769e-14
3.4893798828e+02 4.9902131230e-14 1.7573090953e-14 3.2329040277e-14
3.4899902344e+02 4.9866945315e-14 1.7558649829e-14 3.2308295486e-14
3.4906005859e+02 4.9831082463e-14 1.7543717560e-14 3.2287364902e-14
3.4912109375e+02 4.9794671575e-14 1.7528483678e-14 3.2266187897e-14
3.4918212891e+02 4.9757892221e-14 1.7513158894e-14 3.2244733327e-14
3.4924316406e+02 4.9720945080e-14 1.7497947727e-14 3.2222997353e-14
3.4930419922e+02 4.9684035032e-14 1.7483037936e-14 3.2200997096e-14
3.4936523438e+02 4.9647354294e-14 1.7468584036e-14 3.2178770258e-14
3.4942626953e+02 4.9611064188e-14 1.7454685796e-14 3.2156378393e-14
3.4948730469e+02 4.9575285335e-14 1.7441390705e-14 3.2133894630e-14
3.4954833984e+02 4.9540075191e-14 1.7428686338e-14 3.2111388853e-14
3.4960937500e+02 4.9505445468e-14 1.7416512360e-14 3.2088933109e-14
3.4967041016e+02 4.9471353511e-14 1.7404761286e-14 3.2066592225e-14
3.4973144531e+02 4.9437719655e-14 1.7393306332e-14 3.2044413324e-14
3.4979248047e+02 4.9404433827e-14 1.7382007378e-14 3.2022426449e-14
3.4985351562e+02 4.9371376402e-14 1.7370737764e-14 3.2000638638e-14
3.4991455078e+02 4.9338422125e-14 1.7359396654e-14 3.1979025471e-14
3.4997558594e+02 4.9305462172e-14 1.7347926894e-14 3.1957535278e-14
3.5003662109e+02 4.9272408084e-14 1.7336318805e-14 3.1936089279e-14
3.5009765625e+02 4.9239199778e-14 1.7324613825e-14 3.1914585953e-14
3.5015869141e+02 4.9205803712e-14 1.7312889735e-14 3.1892913977e-14
3.5021972656e+02 4.9172226091e-14 1.7301256098e-14 3.1870969993e-14
3.5028076172e+02 4.9138504054e-14 1.7289830276e-14 3.1848673777e-14
3.5034179688e+02 4.9104708532e-14 1.7278723703e-14 3.1825984829e-14
3.5040283203e+02 4.9070934494e-14 1.7268023406e-14 3.1802911088e-14
3.5046386719e+02 4.9037306984e-14 1.7257781341e-14 3.1779525644e-14
3.5052490234e+02 4.9003962902e-14 1.7248010022e-14 3.1755952880e-14
3.5058593750e+02 4.8971050279e-14 1.7238685479e-14 3.1732364800e-14
3.5064697266e+02 4.8938725756e-14 1.7229756387e-14 3.1708969369e-14
3.5070800781e+02 4.8907126834e-14 1.7221150853e-14 3.1685975980e-14
3.5076904297e+02 4.8876379717e-14 1.7212798500e-14 3.1663581216e-14
3.5083007812e+02 4.8846589314e-14 1.7204646246e-14 3.1641943067e-14
3.5089111328e+02 4.8817825263e-14 1.7196656321e-14 3.1621168942e-14
3.5095214844e+02 4.8790140096e-14 1.7188823608e-14 3.1601316488e-14
3.5101318359e+02 4.8763539952e-14 1.7181164998e-14 3.1582374954e-14
3.5107421875e+02 4.8737991965e-14 1.7173714356e-14 3.1564277609e-14
3.5113525391e+02 4.8713409974e-14 1.7166498701e-14 3.1546911273e-14
3.5119628906e+02 4.8689656267e-14 1.7159531864e-14 3.1530124403e-14
3.5125732422e+02 4.8666521812e-14 1.7152794231e-14 3.1513727581e-14
3.5131835938e+02 4.8643728746e-14 1.7146220187e-14 3.1497508559e-14
3.5137939453e+02 4.8620943150e-14 1.7139692987e-14 3.1481250163e-14
3.5144042969e+02 4.8597783446e-14 1.7133053631e-14 3.1464729815e-14
3.5150146484e+02 4.8573857305e-14 1.7126111158e-14 3.1447746147e-14
3.5156250000e+02 4.8548793126e-14 1.7118660915e-14 3.1430132211e-14
3.5162353516e+02 4.8522283641e-14 1.7110508984e-14 3.1411774657e-14
3.5168457031e+02 4.8494117525e-14 1.7101496740e-14 3.1392620785e-14
3.5174560547e+02 4.8464214558e-14 1.7091518461e-14 3.1372696097e-14
3.5180664062e+02 4.8432639069e-14 1.7080541104e-14 3.1352097965e-14
3.5186767578e+02 4.8399594325e-14 1.7068606460e-14 3.1330987865e-14
3.5192871094e+02 4.8365393091e-14 1.7055827792e-14 3.1309565299e-14
3.5198974609e+02 4.8330423903e-14 1.7042382853e-14 3.1288041051e-14
3.5205078125e+02 4.8295108143e-14 1.7028489563e-14 3.1266618580e-14
3.5211181641e+02 4.8259842446e-14 1.7014387739e-14 3.1245454707e-14
3.5217285156e+02 4.8224971063e-14 1.7000323680e-14 3.1224647384e-14
3.5223388672e+02 4.8190738998e-14 1.6986517590e-14 3.1204221408e-14
3.5229492188e+02 4.8157280745e-14 1.6973152868e-14 3.1184127877e-14
3.5235595703e+02 4.8124621887e-14 1.6960369293e-14 3.1164252594e-14
3.5241699219e+02 4.8092701925e-14 1.6948254098e-14 3.1144447827e-14
3.5247802734e+02 4.8061387069e-14 1.6936838204e-14 3.1124548865e-14
3.5253906250e+02 4.8030502265e-14 1.6926103141e-14 3.1104399124e-14
3.5260009766e+02 4.7999870868e-14 1.6915987014e-14 3.1083883854e-14
3.5266113281e+02 4.7969333525e-14 1.6906394978e-14 3.1062938547e-14
3.5272216797e+02 4.7938766550e-14 1.6897206912e-14 3.1041559638e-14
3.5278320312e+02 4.7908100619e-14 1.6888295577e-14 3.1019805042e-14
3.5284423828e+02 4.7877315857e-14 1.6879530659e-14 3.0997785199e-14
3.5290527344e+02 4.7846438668e-14 1.6870797869e-14 3.0975640799e-14
3.5296630859e+02 4.7815531841e-14 1.6862000899e-14 3.0953530941e-14
3.5302734375e+02 4.7784676932e-14 1.6853065526e-14 3.0931611406e-14
3.5308837891e+02 4.7753958663e-14 1.6843947765e-14 3.0910010898e-14
3.5314941406e+02 4.7723443375e-14 1.6834631361e-14 3.0888812014e-14
3.5321044922e+02 4.7693164377e-14 1.6825120399e-14 3.0868043978e-14
3.5327148438e+02 4.7663112377e-14 1.6815438623e-14 3.0847673754e-14
3.5333251953e+02 4.7633239833e-14 1.6805615097e-14 3.0827624735e-14
3.5339355469e+02 4.7603462477e-14 1.6795683370e-14 3.0807779107e-14
3.5345458984e+02 4.7573664833e-14 1.6785668512e-14 3.0787996321e-14
3.5351562500e+02 4.7543716577e-14 1.6775585478e-14 3.0768131099e-14
3.5357666016e+02 4.7513484899e-14 1.6765437905e-14 3.0748046993e-14
3.5363769531e+02 4.7482855082e-14 1.6755216563e-14 3.0727638519e-14
3.5369873047e+02 4.7451733722e-14 1.6744905552e-14 3.0706828170e-14
3.5375976562e+02 4.7420058679e-14 1.6734484452e-14 3.0685574228e-14
3.5382080078e+02 4.7387817112e-14 1.6723940042e-14 3.0663877070e-14
3.5388183594e+02 4.7355024210e-14 1.6713262449e-14 3.0641761761e-14
3.5394287109e+02 4.7321727567e-14 1.6702453622e-14 3.0619273945e-14
3.5400390625e+02 4.7288004552e-14 1.6691533133e-14 3.0596471419e-14
3.5406494141e+02 4.7253941666e-14 1.6680526932e-14 3.0573414734e-14
3.5412597656e+02 4.7219636241e-14 1.6669473535e-14 3.0550162706e-14
3.5418701172e+02 4.7185183930e-14 1.6658416702e-14 3.0526767227e-14
3.5424804688e+02 4.7150679935e-14 1.6647407062e-14 3.0503272873e-14
3.5430908203e+02 4.7116207904e-14 1.6636495888e-14 3.0479712016e-14
3.5437011719e+02 4.7081836406e-14 1.6625730363e-14 3.0456106043e-14
3.5443115234e+02 4.7047627912e-14 1.6615159809e-14 3.0432468103e-14
3.5449218750e+02 4.7013626387e-14 1.6604830220e-14 3.0408796166e-14
3.5455322266e+02 4.6979863422e-14 1.6594776873e-14 3.0385086549e-14
3.5461425781e+02 4.6946353909e-14 1.6585029711e-14 3.0361324198e-14
3.5467529297e+02 4.6913110717e-14 1.6575609619e-14 3.0337501098e-14
3.5473632812e+02 4.6880135419e-14 1.6566522328e-14 3.0313613091e-14
3.5479736328e+02 4.6847431346e-14 1.6557758823e-14 3.0289672523e-14
3.5485839844e+02 4.6814991297e-14 1.6549290146e-14 3.0265701151e-14
3.5491943359e+02 4.6782813417e-14 1.6541070748e-14 3.0241742669e-14
3.5498046875e+02 4.6750882548e-14 1.6533039191e-14 3.0217843357e-14
3.5504150391e+02 4.6719175222e-14 1.6525121945e-14 3.0194053277e-14
3.5510253906e+02 4.6687649401e-14 1.6517233861e-14 3.0170415540e-14
3.5516357422e+02 4.6656236308e-14 1.6509285910e-14 3.0146950399e-14
3.5522460938e+02 4.6624847503e-14 1.6501181820e-14 3.0123665683e-14
3.5528564453e+02 4.6593369406e-14 1.6492823331e-14 3.0100546075e-14
3.5534667969e+02 4.6561678182e-14 1.6484115047e-14 3.0077563135e-14
3.5540771484e+02 4.6529646903e-14 1.6474959934e-14 3.0054686969e-14
3.5546875000e+02 4.6497160737e-14 1.6465261462e-14 3.0031899275e-14
3.5552978516e+02 4.6464123791e-14 1.6454927739e-14 3.0009196052e-14
3.5559082031e+02 4.6430489639e-14 1.6443884615e-14 2.9986605024e-14
3.5565185547e+02 4.6396262747e-14 1.6432083905e-14 2.9964178842e-14
3.5571289062e+02 4.6361496868e-14 1.6419513144e-14 2.9941983724e-14
3.5577392578e+02 4.6326307376e-14 1.6406210092e-14 2.9920097285e-14
3.5583496094e+02 4.6290857294e-14 1.6392269867e-14 2.9898587427e-14
3.5589599609e+02 4.6255354585e-14 1.6377850654e-14 2.9877503931e-14
3.5595703125e+02 4.6220033693e-14 1.6363170078e-14 2.9856863615e-14
3.5601806641e+02 4.6185143176e-14 1.6348491680e-14 2.9836651496e-14
3.5607910156e+02 4.6150927692e-14 1.6334105165e-14 2.9816822527e-14
3.5614013672e+02 4.6117608702e-14 1.6320298839e-14 2.9797309864e-14
3.5620117188e+02 4.6085359063e-14 1.6307326351e-14 2.9778032712e-14
3.5626220703e+02 4.6054297604e-14 1.6295383121e-14 2.9758914483e-14
3.5632324219e+02 4.6024475263e-14 1.6284585325e-14 2.9739889937e-14
3.5638427734e+02 4.5995872947e-14 1.6274951677e-14 2.9720921270e-14
3.5644531250e+02 4.5968398959e-14 1.6266408607e-14 2.9701990352e-14
3.5650634766e+02 4.5941912748e-14 1.6258797225e-14 2.9683115523e-14
3.5656738281e+02 4.5916248273e-14 1.6251900040e-14 2.9664348233e-14
3.5662841797e+02 4.5891229110e-14 1.6245466671e-14 2.9645762438e-14
3.5668945312e+02 4.5866691834e-14 1.6239244199e-14 2.9627447635e-14
3.5675048828e+02 4.5842501950e-14 1.6233010521e-14 2.9609491430e-14
3.5681152344e+02 4.5818559260e-14 1.6226593165e-14 2.9591966095e-14
3.5687255859e+02 4.5794792649e-14 1.6219880396e-14 2.9574912253e-14
3.5693359375e+02 4.5771140011e-14 1.6212828044e-14 2.9558311967e-14
3.5699462891e+02 4.5747537524e-14 1.6205447520e-14 2.9542090004e-14
3.5705566406e+02 4.5723896932e-14 1.6197794246e-14 2.9526102686e-14
3.5711669922e+02 4.5700109610e-14 1.6189955013e-14 2.9510154597e-14
3.5717773438e+02 4.5676031578e-14 1.6182028970e-14 2.9494002608e-14
3.5723876953e+02 4.5651500076e-14 1.6174104803e-14 2.9477395272e-14
3.5729980469e+02 4.5626351222e-14 1.6166254096e-14 2.9460097125e-14
3.5736083984e+02 4.5600442169e-14 1.6158521001e-14 2.9441921169e-14
3.5742187500e+02 4.5573670463e-14 1.6150914802e-14 2.9422755661e-14
3.5748291016e+02 4.5545997587e-14 1.6143418628e-14 2.9402578959e-14
3.5754394531e+02 4.5517439936e-14 1.6135985527e-14 2.9381454409e-14
3.5760498047e+02 4.5488081476e-14 1.6128550836e-14 2.9359530640e-14
3.5766601562e+02 4.5458055501e-14 1.6121038110e-14 2.9337017391e-14
3.5772705078e+02 4.5427518647e-14 1.6113365647e-14 2.9314153000e-14
3.5778808594e+02 4.5396634838e-14 1.6105459087e-14 2.9291175751e-14
3.5784912109e+02 4.5365566434e-14 1.6097265018e-14 2.9268301416e-14
3.5791015625e+02 4.5334443931e-14 1.6088750855e-14 2.9245693076e-14
3.5797119141e+02 4.5303363633e-14 1.6079913090e-14 2.9223450543e-14
3.5803222656e+02 4.5272384872e-14 1.6070774452e-14 2.9201610419e-14
3.5809326172e+02 4.5241529744e-14 1.6061379209e-14 2.9180150535e-14
3.5815429688e+02 4.5210787144e-14 1.6051788684e-14 2.9158998460e-14
3.5821533203e+02 4.5180124493e-14 1.6042069529e-14 2.9138054964e-14
3.5827636719e+02 4.5149497652e-14 1.6032280791e-14 2.9117216861e-14
3.5833740234e+02 4.5118858505e-14 1.6022468270e-14 2.9096390235e-14
3.5839843750e+02 4.5088167344e-14 1.6012653772e-14 2.9075513571e-14
3.5845947266e+02 4.5057404245e-14 1.6002832281e-14 2.9054571964e-14
3.5852050781e+02 4.5026575873e-14 1.5992970617e-14 2.9033605257e-14
3.5858154297e+02 4.4995723294e-14 1.5983015231e-14 2.9012708063e-14
3.5864257812e+02 4.4964925780e-14 1.5972897513e-14 2.8992028267e-14
3.5870361328e+02 4.4934276851e-14 1.5962539138e-14 2.8971737712e-14
3.5876464844e+02 4.4903884524e-14 1.5951863281e-14 2.8952021242e-14
3.5882568359e+02 4.4873849654e-14 1.5940803441e-14 2.8933046214e-14
3.5888671875e+02 4.4844244090e-14 1.5929311151e-14 2.8914932939e-14
3.5894775391e+02 4.4815092576e-14 1.5917364601e-14 2.8897727975e-14
3.5900878906e+02 4.4786358393e-14 1.5904968259e-14 2.8881390135e-14
3.5906982422e+02 4.4757943539e-14 1.5892154526e-14 2.8865789013e-14
3.5913085938e+02 4.4729685262e-14 1.5878981988e-14 2.8850703274e-14
3.5919189453e+02 4.4701375334e-14 1.5865534330e-14 2.8835841004e-14
3.5925292969e+02 4.4672798191e-14 1.5851917405e-14 2.8820880786e-14
3.5931396484e+02 4.4643750059e-14 1.5838248185e-14 2.8805501874e-14
3.5937500000e+02 4.4614083197e-14 1.5824651209e-14 2.8789431988e-14
3.5943603516e+02 4.4583722957e-14 1.5811242997e-14 2.8772479960e-14
3.5949707031e+02 4.4552691965e-14 1.5798131422e-14 2.8754560543e-14
3.5955810547e+02 4.4521117141e-14 1.5785400956e-14 2.8735716185e-14
3.5961914062e+02 4.4489218382e-14 1.5773111871e-14 2.8716106511e-14
3.5968017578e+02 4.4457287238e-14 1.5761294874e-14 2.8695992364e-14
3.5974121094e+02 4.4425657182e-14 1.5749949540e-14 2.8675707642e-14
3.5980224609e+02 4.4394662881e-14 1.5739045880e-14 2.8655617001e-14
3.5986328125e+02 4.4364601959e-14 1.5728528157e-14 2.8636073802e-14
3.5992431641e+02 4.4335695740e-14 1.5718320259e-14 2.8617375481e-14
3.5998535156e+02 4.4308057791e-14 1.5708333010e-14 2.8599724780e-14
3.6004638672e+02 4.4281676604e-14 1.5698468786e-14 2.8583207817e-14
3.6010742188e+02 4.4256407741e-14 1.5688632618e-14 2.8567775123e-14
3.6016845703e+02 4.4231972892e-14 1.5678733285e-14 2.8553239607e-14
3.6022949219e+02 4.4207974696e-14 1.5668691293e-14 2.8539283403e-14
3.6029052734e+02 4.4183933875e-14 1.5658444671e-14 2.8525489203e-14
3.6035156250e+02 4.4159324400e-14 1.5647958219e-14 2.8511366182e-14
3.6041259766e+02 4.4133621741e-14 1.5637222349e-14 2.8496399392e-14
3.6047363281e+02 4.4106365310e-14 1.5626258445e-14 2.8480106865e-14
3.6053466797e+02 4.4077210346e-14 1.5615119975e-14 2.8462090371e-14
3.6059570312e+02 4.4045971450e-14 1.5603882890e-14 2.8442088559e-14
3.6065673828e+02 4.4012659993e-14 1.5592644135e-14 2.8420015858e-14
3.6071777344e+02 4.3977494491e-14 1.5581511613e-14 2.8395982878e-14
3.6077880859e+02 4.3940894129e-14 1.5570594046e-14 2.8370300083e-14
3.6083984375e+02 4.3903451348e-14 1.5559988732e-14 2.8343462617e-14
3.6090087891e+02 4.3865870056e-14 1.5549770875e-14 2.8316099180e-14
3.6096191406e+02 4.3828896551e-14 1.5539981139e-14 2.8288915412e-14
3.6102294922e+02 4.3793253063e-14 1.5530626990e-14 2.8262626073e-14
3.6108398438e+02 4.3759561245e-14 1.5521683880e-14 2.8237877365e-14
3.6114501953e+02 4.3728267688e-14 1.5513094383e-14 2.8215173305e-14
3.6120605469e+02 4.3699615771e-14 1.5504784874e-14 2.8194830896e-14
3.6126708984e+02 4.3673616432e-14 1.5496664474e-14 2.8176951958e-14
3.6132812500e+02 4.3650055922e-14 1.5488646548e-14 2.8161409374e-14
3.6138916016e+02 4.3628523059e-14 1.5480649055e-14 2.8147874004e-14
3.6145019531e+02 4.3608470651e-14 1.5472606458e-14 2.8135864193e-14
3.6151123047e+02 4.3589276825e-14 1.5464469367e-14 2.8124807458e-14
3.6157226562e+02 4.3570300378e-14 1.5456206746e-14 2.8114093632e-14
3.6163330078e+02 4.3550964059e-14 1.5447803350e-14 2.8103160710e-14
3.6169433594e+02 4.3530809273e-14 1.5439258190e-14 2.8091551083e-14
3.6175537109e+02 4.3509531231e-14 1.5430575895e-14 2.8078955336e-14
3.6181640625e+02 4.3487014529e-14 1.5421768935e-14 2.8065245593e-14
3.6187744141e+02 4.3463323428e-14 1.5412850774e-14 2.8050472654e-14
3.6193847656e+02 4.3438685820e-14 1.5403838471e-14 2.8034847349e-14
3.6199951172e+02 4.3413433097e-14 1.5394741667e-14 2.8018691430e-14
3.6206054688e+02 4.3387957725e-14 1.5385565028e-14 2.8002392698e-14
3.6212158203e+02 4.3362653986e-14 1.5376312317e-14 2.7986341669e-14
3.6218261719e+02 4.3337854071e-14 1.5366983845e-14 2.7970870226e-14
3.6224365234e+02 4.3313785302e-14 1.5357574779e-14 2.7956210523e-14
3.6230468750e+02 4.3290530608e-14 1.5348076766e-14 2.7942453841e-14
3.6236572266e+02 4.3268009906e-14 1.5338477521e-14 2.7929532385e-14
3.6242675781e+02 4.3245994025e-14 1.5328762428e-14 2.7917231597e-14
3.6248779297e+02 4.3224121325e-14 1.5318917302e-14 2.7905204023e-14
3.6254882812e+02 4.3201941901e-14 1.5308931549e-14 2.7893010352e-14
3.6260986328e+02 4.3178968800e-14 1.5298797899e-14 2.7880170900e-14
3.6267089844e+02 4.3154739915e-14 1.5288518943e-14 2.7866220972e-14
3.6273193359e+02 4.3128876025e-14 1.5278108827e-14 2.7850767199e-14
3.6279296875e+02 4.3101132391e-14 1.5267595479e-14 2.7833536912e-14
3.6285400391e+02 4.3071436466e-14 1.5257023358e-14 2.7814413109e-14
3.6291503906e+02 4.3039916557e-14 1.5246457450e-14 2.7793459107e-14
3.6297607422e+02 4.3006891855e-14 1.5235978645e-14 2.7770913210e-14
3.6303710938e+02 4.2972850222e-14 1.5225678366e-14 2.7747171855e-14
3.6309814453e+02 4.2938390859e-14 1.5215655496e-14 2.7722735362e-14
3.6315917969e+02 4.2904162984e-14 1.5205998543e-14 2.7698164442e-14
3.6322021484e+02 4.2870780184e-14 1.5196773767e-14 2.7674006417e-14
3.6328125000e+02 4.2838749268e-14 1.5188014713e-14 2.7650734555e-14
3.6334228516e+02 4.2808409929e-14 1.5179705818e-14 2.7628704111e-14
3.6340332031e+02 4.2779894449e-14 1.5171777024e-14 2.7608117425e-14
3.6346435547e+02 4.2753109665e-14 1.5164098811e-14 2.7589010854e-14
3.6352539062e+02 4.2727770203e-14 1.5156495803e-14 2.7571274400e-14
3.6358642578e+02 4.2703433968e-14 1.5148756670e-14 2.7554677298e-14
3.6364746094e+02 4.2679568869e-14 1.5140656347e-14 2.7538912522e-14
3.6370849609e+02 4.2655622662e-14 1.5131981620e-14 2.7523641042e-14
3.6376953125e+02 4.2631098819e-14 1.5122556333e-14 2.7508542486e-14
3.6383056641e+02 4.2605610799e-14 1.5112265492e-14 2.7493345307e-14
3.6389160156e+02 4.2578926174e-14 1.5101076689e-14 2.7477849485e-14
3.6395263672e+02 4.2550981469e-14 1.5089041582e-14 2.7461939887e-14
3.6401367188e+02 4.2521880714e-14 1.5076295890e-14 2.7445584824e-14
3.6407470703e+02 4.2491870494e-14 1.5063050277e-14 2.7428820217e-14
3.6413574219e+02 4.2461310488e-14 1.5049571090e-14 2.7411739397e-14
3.6419677734e+02 4.2430622903e-14 1.5036149436e-14 2.7394473467e-14
3.6425781250e+02 4.2400259362e-14 1.5023084263e-14 2.7377175099e-14
3.6431884766e+02 4.2370644060e-14 1.5010645500e-14 2.7359998560e-14
3.6437988281e+02 4.2342130976e-14 1.4999058734e-14 2.7343072242e-14
3.6444091797e+02 4.2314971406e-14 1.4988484371e-14 2.7326487035e-14
3.6450195312e+02 4.2289296075e-14 1.4979010255e-14 2.7310285821e-14
3.6456298828e+02 4.2265091469e-14 1.4970642132e-14 2.7294449337e-14
3.6462402344e+02 4.2242206251e-14 1.4963312020e-14 2.7278894231e-14
3.6468505859e+02 4.2220365993e-14 1.4956883144e-14 2.7263482850e-14
3.6474609375e+02 4.2199188497e-14 1.4951159562e-14 2.7248028935e-14
3.6480712891e+02 4.2178217906e-14 1.4945901093e-14 2.7232316813e-14
3.6486816406e+02 4.2156981149e-14 1.4940847272e-14 2.7216133878e-14
3.6492919922e+02 4.2135021022e-14 1.4935727020e-14 2.7199294002e-14
3.6499023438e+02 4.2111937845e-14 1.4930281309e-14 2.7181656536e-14
3.6505126953e+02 4.2087432673e-14 1.4924279727e-14 2.7163152946e-14
3.6511230469e+02 4.2061346991e-14 1.4917546184e-14 2.7143800807e-14
3.6517333984e+02 4.2033655707e-14 1.4909964313e-14 2.7123691394e-14
3.6523437500e+02 4.2004470924e-14 1.4901486469e-14 2.7102984455e-14
3.6529541016e+02 4.1974031423e-14 1.4892143057e-14 2.7081888366e-14
3.6535644531e+02 4.1942666127e-14 1.4882035720e-14 2.7060630407e-14
3.6541748047e+02 4.1910756725e-14 1.4871326909e-14 2.7039429817e-14
3.6547851562e+02 4.1878694893e-14 1.4860223303e-14 2.7018471590e-14
3.6553955078e+02 4.1846835022e-14 1.4848950325e-14 2.6997884697e-14
3.6560058594e+02 4.1815461395e-14 1.4837730025e-14 2.6977731370e-14
3.6566162109e+02 4.1784752017e-14 1.4826752164e-14 2.6957999853e-14
3.6572265625e+02 4.1754763263e-14 1.4816155186e-14 2.6938608077e-14
3.6578369141e+02 4.1725428723e-14 1.4806011512e-14 2.6919417211e-14
3.6584472656e+02 4.1696569361e-14 1.4796323591e-14 2.6900245769e-14
3.6590576172e+02 4.1667910832e-14 1.4787025665e-14 2.6880885168e-14
3.6596679688e+02 4.1639122378e-14 1.4777999578e-14 2.6861122800e-14
3.6602783203e+02 4.1609845430e-14 1.4769087841e-14 2.6840757590e-14
3.6608886719e+02 4.1579744422e-14 1.4760120383e-14 2.6819624039e-14
3.6614990234e+02 4.1548542324e-14 1.4750936499e-14 2.6797605824e-14
3.6621093750e+02 4.1516068468e-14 1.4741402703e-14 2.6774665765e-14
3.6627197266e+02 4.1482278609e-14 1.4731433924e-14 2.6750844685e-14
3.6633300781e+02 4.1447285513e-14 1.4721002704e-14 2.6726282809e-14
3.6639404297e+02 4.1411355025e-14 1.4710136875e-14 2.6701218150e-14
3.6645507812e+02 4.1374888273e-14 1.4698920712e-14 2.6675967562e-14
3.6651611328e+02 4.1338391271e-14 1.4687483094e-14 2.6650908177e-14
3.6657714844e+02 4.1302424075e-14 1.4675984022e-14 2.6626440054e-14
3.6663818359e+02 4.1267532974e-14 1.4664592369e-14 2.6602940605e-14
3.6669921875e+02 4.1234191134e-14 1.4653473397e-14 2.6580717737e-14
3.6676025391e+02 4.1202753709e-14 1.4642775811e-14 2.6559977898e-14
3.6682128906e+02 4.1173409563e-14 1.4632613701e-14 2.6540795862e-14
3.6688232422e+02 4.1146166384e-14 1.4623059099e-14 2.6523107285e-14
3.6694335938e+02 4.1120857363e-14 1.4614138820e-14 2.6506718543e-14
3.6700439453e+02 4.1097171885e-14 1.4605832879e-14 2.6491339007e-14
3.6706542969e+02 4.1074698376e-14 1.4598086198e-14 2.6476612177e-14
3.6712646484e+02 4.1052983805e-14 1.4590813153e-14 2.6462170652e-14
3.6718750000e+02 4.1031579366e-14 1.4583904144e-14 2.6447675221e-14
3.6724853516e+02 4.1010081146e-14 1.4577236755e-14 2.6432844391e-14
3.6730957031e+02 4.0988165408e-14 1.4570687588e-14 2.6417477821e-14
3.6737060547e+02 4.0965600668e-14 1.4564131866e-14 2.6401468803e-14
3.6743164062e+02 4.0942255042e-14 1.4557455998e-14 2.6384799044e-14
3.6749267578e+02 4.0918080158e-14 1.4550556209e-14 2.6367523949e-14
3.6755371094e+02 4.0893090755e-14 1.4543338330e-14 2.6349752426e-14
3.6761474609e+02 4.0867357037e-14 1.4535722002e-14 2.6331635035e-14
3.6767578125e+02 4.0840991280e-14 1.4527645371e-14 2.6313345909e-14
3.6773681641e+02 4.0814132557e-14 1.4519063522e-14 2.6295069035e-14
3.6779785156e+02 4.0786939371e-14 1.4509953104e-14 2.6276986267e-14
3.6785888672e+02 4.0759578901e-14 1.4500317206e-14 2.6259261695e-14
3.6791992188e+02 4.0732215129e-14 1.4490183362e-14 2.6242031766e-14
3.6798095703e+02 4.0705000312e-14 1.4479607436e-14 2.6225392876e-14
3.6804199219e+02 4.0678067474e-14 1.4468671810e-14 2.6209395663e-14
3.6810302734e+02 4.0651519001e-14 1.4457485403e-14 2.6194033598e-14
3.6816406250e+02 4.0625416676e-14 1.4446175564e-14 2.6179241112e-14
3.6822509766e+02 4.0599774631e-14 1.4434880504e-14 2.6164894127e-14
3.6828613281e+02 4.0574566404e-14 1.4423743319e-14 2.6150823085e-14
3.6834716797e+02 4.0549730083e-14 1.4412902319e-14 2.6136827764e-14
3.6840820312e+02 4.0525174964e-14 1.4402475253e-14 2.6122699711e-14
3.6846923828e+02 4.0500800388e-14 1.4392553072e-14 2.6108247316e-14
3.6853027344e+02 4.0476509460e-14 1.4383187656e-14 2.6093321805e-14
3.6859130859e+02 4.0452224300e-14 1.4374386057e-14 2.6077838243e-14
3.6865234375e+02 4.0427891315e-14 1.4366106475e-14 2.6061784840e-14
3.6871337891e+02 4.0403474921e-14 1.4358256593e-14 2.6045218328e-14
3.6877441406e+02 4.0378967954e-14 1.4350707946e-14 2.6028260008e-14
3.6883544922e+02 4.0354378625e-14 1.4343299602e-14 2.6011079023e-14
3.6889648438e+02 4.0329712793e-14 1.4335857705e-14 2.5993855088e-14
3.6895751953e+02 4.0304965730e-14 1.4328211745e-14 2.5976753985e-14
3.6901855469e+02 4.0280114515e-14 1.4320212917e-14 2.5959901598e-14
3.6907958984e+02 4.0255107745e-14 1.4311742933e-14 2.5943364812e-14
3.6914062500e+02 4.0229870191e-14 1.4302725475e-14 2.5927144716e-14
3.6920166016e+02 4.0204304600e-14 1.4293129148e-14 2.5911175452e-14
3.6926269531e+02 4.0178306070e-14 1.4282964592e-14 2.5895341478e-14
3.6932373047e+02 4.0151775379e-14 1.4272277079e-14 2.5879498300e-14
3.6938476562e+02 4.0124636467e-14 1.4261134445e-14 2.5863502022e-14
3.6944580078e+02 4.0096860946e-14 1.4249622318e-14 2.5847238628e-14
3.6950683594e+02 4.0068467145e-14 1.4237831763e-14 2.5830635382e-14
3.6956787109e+02 4.0039539290e-14 1.4225857865e-14 2.5813681425e-14
3.6962890625e+02 4.0010230340e-14 1.4213798345e-14 2.5796431995e-14
3.6968994141e+02 3.9980751008e-14 1.4201749320e-14 2.5779001688e-14
3.6975097656e+02 3.9951360844e-14 1.4189809817e-14 2.5761551027e-14
3.6981201172e+02 3.9922361953e-14 1.4178082677e-14 2.5744279276e-14
3.6987304688e+02 3.9894058232e-14 1.4166664517e-14 2.5727393715e-14
3.6993408203e+02 3.9866732493e-14 1.4155644889e-14 2.5711087604e-14
3.6999511719e+02 3.9840611882e-14 1.4145095090e-14 2.5695516792e-14
3.7005615234e+02 3.9815843003e-14 1.4135059485e-14 2.5680783518e-14
3.7011718750e+02 3.9792461924e-14 1.4125548329e-14 2.5666913595e-14
3.7017822266e+02 3.9770371809e-14 1.4116530594e-14 2.5653841215e-14
3.7023925781e+02 3.9749340876e-14 1.4107936178e-14 2.5641404698e-14
3.7030029297e+02 3.9729021234e-14 1.4099660812e-14 2.5629360423e-14
3.7036132812e+02 3.9708977913e-14 1.4091578400e-14 2.5617399513e-14
3.7042236328e+02 3.9688728276e-14 1.4083554304e-14 2.5605173973e-14
3.7048339844e+02 3.9667783285e-14 1.4075462090e-14 2.5592321194e-14
3.7054443359e+02 3.9645710791e-14 1.4067198710e-14 2.5578512081e-14
3.7060546875e+02 3.9622183011e-14 1.4058691991e-14 2.5563491020e-14
3.7066650391e+02 3.9597009004e-14 1.4049909158e-14 2.5547099847e-14
3.7072753906e+02 3.9570141780e-14 1.4040854282e-14 2.5529287498e-14
3.7078857422e+02 3.9541678732e-14 1.4031556619e-14 2.5510122113e-14
3.7084960938e+02 3.9511851858e-14 1.4022063315e-14 2.5489788543e-14
3.7091064453e+02 3.9480986253e-14 1.4012425694e-14 2.5468560559e-14
3.7097167969e+02 3.9449465605e-14 1.4002687993e-14 2.5446777612e-14
3.7103271484e+02 3.9417685151e-14 1.3992875509e-14 2.5424809642e-14
3.7109375000e+02 3.9386010490e-14 1.3982991356e-14 2.5403019133e-14
3.7115478516e+02 3.9354756597e-14 1.3973022081e-14 2.5381734517e-14
3.7121582031e+02 3.9324163014e-14 1.3962940542e-14 2.5361222472e-14
3.7127685547e+02 3.9294388487e-14 1.3952719776e-14 2.5341668711e-14
3.7133789062e+02 3.9265514728e-14 1.3942344335e-14 2.5323170393e-14
3.7139892578e+02 3.9237554151e-14 1.3931821267e-14 2.5305732884e-14
3.7145996094e+02 3.9210459255e-14 1.3921184899e-14 2.5289274355e-14
3.7152099609e+02 3.9184146673e-14 1.3910501443e-14 2.5273645230e-14
3.7158203125e+02 3.9158504670e-14 1.3899865422e-14 2.5258639249e-14
3.7164306641e+02 3.9133402991e-14 1.3889385406e-14 2.5244017585e-14
3.7170410156e+02 3.9108697766e-14 1.3879174779e-14 2.5229522987e-14
3.7176513672e+02 3.9084236992e-14 1.3869333000e-14 2.5214903991e-14
3.7182617188e+02 3.9059871841e-14 1.3859933289e-14 2.5199938552e-14
3.7188720703e+02 3.9035455069e-14 1.3851012683e-14 2.5184442386e-14
3.7194824219e+02 3.9010839194e-14 1.3842569137e-14 2.5168270057e-14
3.7200927734e+02 3.8985904294e-14 1.3834558982e-14 2.5151345312e-14
3.7207031250e+02 3.8960561286e-14 1.3826908387e-14 2.5133652899e-14
3.7213134766e+02 3.8934766743e-14 1.3819526720e-14 2.5115240023e-14
3.7219238281e+02 3.8908516607e-14 1.3812318068e-14 2.5096198538e-14
3.7225341797e+02 3.8881851975e-14 1.3805193097e-14 2.5076658878e-14
3.7231445312e+02 3.8854849665e-14 1.3798081549e-14 2.5056768116e-14
3.7237548828e+02 3.8827603513e-14 1.3790936853e-14 2.5036666660e-14
3.7243652344e+02 3.8800198903e-14 1.3783736794e-14 2.5016462110e-14
3.7249755859e+02 3.8772696561e-14 1.3776476882e-14 2.4996219679e-14
3.7255859375e+02 3.8745106187e-14 1.3769162659e-14 2.4975943528e-14
3.7261962891e+02 3.8717402187e-14 1.3761806108e-14 2.4955596079e-14
3.7268066406e+02 3.8689517576e-14 1.3754410910e-14 2.4935106666e-14
3.7274169922e+02 3.8661368395e-14 1.3746967171e-14 2.4914401224e-14
3.7280273438e+02 3.8632879952e-14 1.3739453927e-14 2.4893426025e-14
3.7286376953e+02 3.8604004806e-14 1.3731834186e-14 2.4872170620e-14
3.7292480469e+02 3.8574742722e-14 1.3724060608e-14 2.4850682114e-14
3.7298583984e+02 3.8545156275e-14 1.3716087848e-14 2.4829068427e-14
3.7304687500e+02 3.8515352938e-14 1.3707873546e-14 2.4807479392e-14
3.7310791016e+02 3.8485469326e-14 1.3699385589e-14 2.4786083738e-14
3.7316894531e+02 3.8455644164e-14 1.3690607787e-14 2.4765036377e-14
3.7322998047e+02 3.8425991298e-14 1.3681542262e-14 2.4744449036e-14
3.7329101562e+02 3.8396581205e-14 1.3672208248e-14 2.4724372957e-14
3.7335205078e+02 3.8367416336e-14 1.3662642735e-14 2.4704773601e-14
3.7341308594e+02 3.8338436816e-14 1.3652896263e-14 2.4685540554e-14
3.7347412109e+02 3.8309520904e-14 1.3643028117e-14 2.4666492788e-14
3.7353515625e+02 3.8280522799e-14 1.3633107199e-14 2.4647415600e-14
3.7359619141e+02 3.8251284220e-14 1.3623204848e-14 2.4628079372e-14
3.7365722656e+02 3.8221656312e-14 1.3613391363e-14 2.4608264949e-14
3.7371826172e+02 3.8191531058e-14 1.3603734682e-14 2.4587796375e-14
3.7377929688e+02 3.8160856000e-14 1.3594291445e-14 2.4566564555e-14
3.7384033203e+02 3.8129642568e-14 1.3585103939e-14 2.4544538629e-14
3.7390136719e+02 3.8097981517e-14 1.3576198515e-14 2.4521783002e-14
3.7396240234e+02 3.8066030003e-14 1.3567574922e-14 2.4498455081e-14
3.7402343750e+02 3.8034010354e-14 1.3559207347e-14 2.4474803007e-14
3.7408447266e+02 3.8002189729e-14 1.3551040211e-14 2.4451149518e-14
3.7414550781e+02 3.7970871869e-14 1.3542992549e-14 2.4427879320e-14
3.7420654297e+02 3.7940355884e-14 1.3534961562e-14 2.4405394322e-14
3.7426757812e+02 3.7910910668e-14 1.3526831565e-14 2.4384079103e-14
3.7432861328e+02 3.7882748652e-14 1.3518486502e-14 2.4364262150e-14
3.7438964844e+02 3.7855986587e-14 1.3509821034e-14 2.4346165553e-14
3.7445068359e+02 3.7830631914e-14 1.3500756140e-14 2.4329875773e-14
3.7451171875e+02 3.7806571348e-14 1.3491246539e-14 2.4315324809e-14
3.7457275391e+02 3.7783573557e-14 1.3481290339e-14 2.4302283218e-14
3.7463378906e+02 3.7761309095e-14 1.3470931137e-14 2.4290377958e-14
3.7469482422e+02 3.7739385215e-14 1.3460250542e-14 2.4279134673e-14
3.7475585938e+02 3.7717385181e-14 1.3449363803e-14 2.4268021378e-14
3.7481689453e+02 3.7694913411e-14 1.3438403133e-14 2.4256510278e-14
3.7487792969e+02 3.7671631590e-14 1.3427503342e-14 2.4244128248e-14
3.7493896484e+02 3.7647286497e-14 1.3416779282e-14 2.4230507215e-14
3.7500000000e+02 3.7621733625e-14 1.3406317020e-14 2.4215416605e-14
3.7506103516e+02 3.7594945438e-14 1.3396163241e-14 2.4198782198e-14
3.7512207031e+02 3.7566992633e-14 1.3386321032e-14 2.4180671600e-14
3.7518310547e+02 3.7538027787e-14 1.3376751019e-14 2.4161276768e-14
3.7524414062e+02 3.7508256281e-14 1.3367380758e-14 2.4140875522e-14
3.7530517578e+02 3.7477911156e-14 1.3358121742e-14 2.4119789414e-14
3.7536621094e+02 3.7447228622e-14 1.3348885803e-14 2.4098342819e-14
3.7542724609e+02 3.7416425777e-14 1.3339596187e-14 2.4076829590e-14
3.7548828125e+02 3.7385693431e-14 1.3330205524e-14 2.4055487907e-14
3.7554931641e+02 3.7355193294e-14 1.3320702012e-14 2.4034491282e-14
3.7561035156e+02 3.7325064015e-14 1.3311116144e-14 2.4013947872e-14
3.7567138672e+02 3.7295431709e-14 1.3301508752e-14 2.3993922956e-14
3.7573242188e+02 3.7266412177e-14 1.3291967209e-14 2.3974444968e-14
3.7579345703e+02 3.7238129441e-14 1.3282597543e-14 2.3955531898e-14
3.7585449219e+02 3.7210712840e-14 1.3273505362e-14 2.3937207478e-14
3.7591552734e+02 3.7184297137e-14 1.3264778385e-14 2.3919518752e-14
3.7597656250e+02 3.7159017976e-14 1.3256480238e-14 2.3902537737e-14
3.7603759766e+02 3.7134993706e-14 1.3248640624e-14 2.3886353082e-14
3.7609863281e+02 3.7112309057e-14 1.3241247682e-14 2.3871061375e-14
3.7615966797e+02 3.7091002447e-14 1.3234254737e-14 2.3856747710e-14
3.7622070312e+02 3.7071041066e-14 1.3227580805e-14 2.3843460262e-14
3.7628173828e+02 3.7052310954e-14 1.3221119056e-14 2.3831191898e-14
3.7634277344e+02 3.7034618497e-14 1.3214750738e-14 2.3819867759e-14
3.7640380859e+02 3.7017691066e-14 1.3208356237e-14 2.3809334829e-14
3.7646484375e+02 3.7001190819e-14 1.3201820783e-14 2.3799370036e-14
3.7652587891e+02 3.6984730440e-14 1.3195046926e-14 2.3789683514e-14
3.7658691406e+02 3.6967920474e-14 1.3187959549e-14 2.3779960925e-14
3.7664794922e+02 3.6950385821e-14 1.3180505763e-14 2.3769880058e-14
3.7670898438e+02 3.6931813943e-14 1.3172658301e-14 2.3759155642e-14
3.7677001953e+02 3.6911985801e-14 1.3164416441e-14 2.3747569360e-14
3.7683105469e+02 3.6890793905e-14 1.3155801008e-14 2.3734992897e-14
3.7689208984e+02 3.6868257829e-14 1.3146855242e-14 2.3721402587e-14
3.7695312500e+02 3.6844517098e-14 1.3137637377e-14 2.3706879721e-14
3.7701416016e+02 3.6819813315e-14 1.3128219963e-14 2.3691593353e-14
3.7707519531e+02 3.6794455853e-14 1.3118689032e-14 2.3675766821e-14
3.7713623047e+02 3.6768777538e-14 1.3109132346e-14 2.3659645193e-14
3.7719726562e+02 3.6743087163e-14 1.3099631985e-14 2.3643455178e-14
3.7725830078e+02 3.6717625329e-14 1.3090260085e-14 2.3627365243e-14
3.7731933594e+02 3.6692539378e-14 1.3081068567e-14 2.3611470811e-14
3.7738037109e+02 3.6667858097e-14 1.3072083108e-14 2.3595774989e-14
3.7744140625e+02 3.6643498490e-14 1.3063301794e-14 2.3580196696e-14
3.7750244141e+02 3.6619291301e-14 1.3054697297e-14 2.3564594004e-14
3.7756347656e+02 3.6595012698e-14 1.3046221808e-14 2.3548790890e-14
3.7762451172e+02 3.6570428620e-14 1.3037817894e-14 2.3532610726e-14
3.7768554688e+02 3.6545336075e-14 1.3029424266e-14 2.3515911810e-14
3.7774658203e+02 3.6519602012e-14 1.3020989410e-14 2.3498612602e-14
3.7780761719e+02 3.6493193767e-14 1.3012481885e-14 2.3480711882e-14
3.7786865234e+02 3.6466180256e-14 1.3003889656e-14 2.3462290600e-14
3.7792968750e+02 3.6438728647e-14 1.2995226342e-14 2.3443502305e-14
3.7799072266e+02 3.6411084075e-14 1.2986526614e-14 2.3424557461e-14
3.7805175781e+02 3.6383533855e-14 1.2977841640e-14 2.3405692214e-14
3.7811279297e+02 3.6356382646e-14 1.2969230610e-14 2.3387152036e-14
3.7817382812e+02 3.6329918926e-14 1.2960756843e-14 2.3369162083e-14
3.7823486328e+02 3.6304388568e-14 1.2952480309e-14 2.3351908259e-14
3.7829589844e+02 3.6279983101e-14 1.2944450161e-14 2.3335532940e-14
3.7835693359e+02 3.6256830624e-14 1.2936702578e-14 2.3320128046e-14
3.7841796875e+02 3.6234987921e-14 1.2929252397e-14 2.3305735523e-14
3.7847900391e+02 3.6214436264e-14 1.2922091945e-14 2.3292344319e-14
3.7854003906e+02 3.6195090534e-14 1.2915192852e-14 2.3279897682e-14
3.7860107422e+02 3.6176797013e-14 1.2908504803e-14 2.3268292210e-14
3.7866210938e+02 3.6159337169e-14 1.2901957337e-14 2.3257379832e-14
3.7872314453e+02 3.6142440613e-14 1.2895470442e-14 2.3246970171e-14
3.7878417969e+02 3.6125797738e-14 1.2888963877e-14 2.3236833861e-14
3.7884521484e+02 3.6109077964e-14 1.2882360521e-14 2.3226717443e-14
3.7890625000e+02 3.6091946934e-14 1.2875598121e-14 2.3216348812e-14
3.7896728516e+02 3.6074105681e-14 1.2868644351e-14 2.3205461329e-14
3.7902832031e+02 3.6055318067e-14 1.2861501685e-14 2.3193816383e-14
3.7908935547e+02 3.6035428087e-14 1.2854206378e-14 2.3181221709e-14
3.7915039062e+02 3.6014380036e-14 1.2846830180e-14 2.3167549857e-14
3.7921142578e+02 3.5992227224e-14 1.2839479557e-14 2.3152747667e-14
3.7927246094e+02 3.5969119493e-14 1.2832276712e-14 2.3136842781e-14
3.7933349609e+02 3.5945288894e-14 1.2825353523e-14 2.3119935371e-14
3.7939453125e+02 3.5921022311e-14 1.2818834885e-14 2.3102187426e-14
3.7945556641e+02 3.5896635645e-14 1.2812824837e-14 2.3083810807e-14
3.7951660156e+02 3.5872442925e-14 1.2807392427e-14 2.3065050498e-14
3.7957763672e+02 3.5848730862e-14 1.2802559873e-14 2.3046170988e-14
3.7963867188e+02 3.5825739751e-14 1.2798297489e-14 2.3027442262e-14
3.7969970703e+02 3.5803637170e-14 1.2794517589e-14 2.3009119581e-14
3.7976074219e+02 3.5782520520e-14 1.2791084882e-14 2.2991435638e-14
3.7982177734e+02 3.5762402449e-14 1.2787820770e-14 2.2974581679e-14
3.7988281250e+02 3.5743205235e-14 1.2784510134e-14 2.2958695100e-14
3.7994384766e+02 3.5724770829e-14 1.2780923197e-14 2.2943847632e-14
3.8000488281e+02 3.5706863961e-14 1.2776831371e-14 2.2930032589e-14
3.8006591797e+02 3.5689191094e-14 1.2772018627e-14 2.2917172467e-14
3.8012695312e+02 3.5671422257e-14 1.2766297557e-14 2.2905124699e-14
3.8018798828e+02 3.5653233981e-14 1.2759525689e-14 2.2893708292e-14
3.8024902344e+02 3.5634330181e-14 1.2751611967e-14 2.2882718214e-14
3.8031005859e+02 3.5614477349e-14 1.2742524426e-14 2.2871952922e-14
3.8037109375e+02 3.5593529120e-14 1.2732289262e-14 2.2861239858e-14
3.8043212891e+02 3.5571440868e-14 1.2720992357e-14 2.2850448511e-14
3.8049316406e+02 3.5548265576e-14 1.2708775495e-14 2.2839490081e-14
3.8055419922e+02 3.5524138771e-14 1.2695827477e-14 2.2828311294e-14
3.8061523438e+02 3.5499247688e-14 1.2682371866e-14 2.2816875822e-14
3.8067626953e+02 3.5473800196e-14 1.2668653679e-14 2.2805146517e-14
3.8073730469e+02 3.5447988266e-14 1.2654922821e-14 2.2793065446e-14
3.8079833984e+02 3.5421966541e-14 1.2641417897e-14 2.2780548644e-14
3.8085937500e+02 3.5395836945e-14 1.2628344946e-14 2.2767491999e-14
3.8092041016e+02 3.5369641239e-14 1.2615860549e-14 2.2753780690e-14
3.8098144531e+02 3.5343382681e-14 1.2604066041e-14 2.2739316640e-14
3.8104248047e+02 3.5317038161e-14 1.2592997677e-14 2.2724040484e-14
3.8110351562e+02 3.5290584826e-14 1.2582634455e-14 2.2707950371e-14
3.8116455078e+02 3.5264018807e-14 1.2572905768e-14 2.2691113039e-14
3.8122558594e+02 3.5237355328e-14 1.2563700997e-14 2.2673654330e-14
3.8128662109e+02 3.5210638487e-14 1.2554887450e-14 2.2655751037e-14
3.8134765625e+02 3.5183934540e-14 1.2546331833e-14 2.2637602707e-14
3.8140869141e+02 3.5157308470e-14 1.2537906934e-14 2.2619401536e-14
3.8146972656e+02 3.5130809210e-14 1.2529506951e-14 2.2601302259e-14
3.8153076172e+02 3.5104455773e-14 1.2521052253e-14 2.2583403520e-14
3.8159179688e+02 3.5078229223e-14 1.2512488467e-14 2.2565740756e-14
3.8165283203e+02 3.5052069117e-14 1.2503785519e-14 2.2548283598e-14
3.8171386719e+02 3.5025883480e-14 1.2494933350e-14 2.2530950130e-14
3.8177490234e+02 3.4999571491e-14 1.2485943760e-14 2.2513627731e-14
3.8183593750e+02 3.4973033300e-14 1.2476841095e-14 2.2496192205e-14
3.8189697266e+02 3.4946197630e-14 1.2467666171e-14 2.2478531459e-14
3.8195800781e+02 3.4919041511e-14 1.2458479683e-14 2.2460561828e-14
3.8201904297e+02 3.4891615130e-14 1.2449364820e-14 2.2442250309e-14
3.8208007812e+02 3.4864034240e-14 1.2440422863e-14 2.2423611377e-14
3.8214111328e+02 3.4836480908e-14 1.2431772185e-14 2.2404708723e-14
3.8220214844e+02 3.4809189751e-14 1.2423542692e-14 2.2385647059e-14
3.8226318359e+02 3.4782421185e-14 1.2415860815e-14 2.2366560370e-14
3.8232421875e+02 3.4756435741e-14 1.2408838195e-14 2.2347597546e-14
3.8238525391e+02 3.4731464352e-14 1.2402559204e-14 2.2328905148e-14
3.8244628906e+02 3.4707673036e-14 1.2397065869e-14 2.2310607167e-14
3.8250732422e+02 3.4685133109e-14 1.2392347154e-14 2.2292785955e-14
3.8256835938e+02 3.4663801811e-14 1.2388332282e-14 2.2275469529e-14
3.8262939453e+02 3.4643528616e-14 1.2384894611e-14 2.2258634005e-14
3.8269042969e+02 3.4624049771e-14 1.2381858424e-14 2.2242191347e-14
3.8275146484e+02 3.4605011030e-14 1.2379003943e-14 2.2226007087e-14
3.8281250000e+02 3.4586009964e-14 1.2376093251e-14 2.2209916713e-14
3.8287353516e+02 3.4566626263e-14 1.2372879422e-14 2.2193746841e-14
3.8293457031e+02 3.4546468115e-14 1.2369134816e-14 2.2177333299e-14
3.8299560547e+02 3.4525214479e-14 1.2364668997e-14 2.2160545482e-14
3.8305664062e+02 3.4502639771e-14 1.2359340394e-14 2.2143299377e-14
3.8311767578e+02 3.4478639052e-14 1.2353065230e-14 2.2125573822e-14
3.8317871094e+02 3.4453234299e-14 1.2345833466e-14 2.2107400833e-14
3.8323974609e+02 3.4426548930e-14 1.2337694780e-14 2.2088854151e-14
3.8330078125e+02 3.4398792030e-14 1.2328752860e-14 2.2070039170e-14
3.8336181641e+02 3.4370235669e-14 1.2319154055e-14 2.2051081614e-14
3.8342285156e+02 3.4341168917e-14 1.2309067357e-14 2.2032101560e-14
3.8348388672e+02 3.4311867369e-14 1.2298665145e-14 2.2013202224e-14
3.8354492188e+02 3.4282570659e-14 1.2288105599e-14 2.1994465060e-14
3.8360595703e+02 3.4253473702e-14 1.2277519272e-14 2.1975954430e-14
3.8366699219e+02 3.4224711744e-14 1.2266999433e-14 2.1957712312e-14
3.8372802734e+02 3.4196372357e-14 1.2256602458e-14 2.1939769899e-14
3.8378906250e+02 3.4168507342e-14 1.2246349213e-14 2.1922158129e-14
3.8385009766e+02 3.4141146627e-14 1.2236233473e-14 2.1904913154e-14
3.8391113281e+02 3.4114313398e-14 1.2226234235e-14 2.1888079163e-14
3.8397216797e+02 3.4088037082e-14 1.2216327888e-14 2.1871709194e-14
3.8403320312e+02 3.4062377029e-14 1.2206504034e-14 2.1855872995e-14
3.8409423828e+02 3.4037413879e-14 1.2196768015e-14 2.1840645865e-14
3.8415527344e+02 3.4013254224e-14 1.2187145000e-14 2.1826109225e-14
3.8421630859e+02 3.3990033193e-14 1.2177684398e-14 2.1812348795e-14
3.8427734375e+02 3.3967908090e-14 1.2168454336e-14 2.1799453755e-14
3.8433837891e+02 3.3947035935e-14 1.2159535771e-14 2.1787500164e-14
3.8439941406e+02 3.3927560986e-14 1.2151011179e-14 2.1776549806e-14
3.8446044922e+02 3.3909602915e-14 1.2142955478e-14 2.1766647437e-14
3.8452148438e+02 3.3893233600e-14 1.2135430920e-14 2.1757802680e-14
3.8458251953e+02 3.3878459886e-14 1.2128472350e-14 2.1749987536e-14
3.8464355469e+02 3.3865219282e-14 1.2122084052e-14 2.1743135230e-14
3.8470458984e+02 3.3853371032e-14 1.2116237364e-14 2.1737133668e-14
3.8476562500e+02 3.3842696584e-14 1.2110865741e-14 2.1731830843e-14
3.8482666016e+02 3.3832919760e-14 1.2105871432e-14 2.1727048328e-14
3.8488769531e+02 3.3823716669e-14 1.2101128436e-14 2.1722588233e-14
3.8494873047e+02 3.3814742523e-14 1.2096495178e-14 2.1718247345e-14
3.8500976562e+02 3.3805652713e-14 1.2091824887e-14 2.1713827827e-14
3.8507080078e+02 3.3796116043e-14 1.2086974374e-14 2.1709141670e-14
3.8513183594e+02 3.3785822536e-14 1.2081817939e-14 2.1704004597e-14
3.8519287109e+02 3.3774495123e-14 1.2076259475e-14 2.1698235648e-14
3.8525390625e+02 3.3761886214e-14 1.2070237260e-14 2.1691648954e-14
3.8531494141e+02 3.3747783558e-14 1.2063726957e-14 2.1684056601e-14
3.8537597656e+02 3.3732008807e-14 1.2056743958e-14 2.1675264848e-14
3.8543701172e+02 3.3714425848e-14 1.2049336290e-14 2.1665089558e-14
3.8549804688e+02 3.3694948061e-14 1.2041577616e-14 2.1653370445e-14
3.8555908203e+02 3.3673558788e-14 1.2033560241e-14 2.1639998547e-14
3.8562011719e+02 3.3650319624e-14 1.2025381613e-14 2.1624938011e-14
3.8568115234e+02 3.3625387885e-14 1.2017141753e-14 2.1608246132e-14
3.8574218750e+02 3.3599010255e-14 1.2008933497e-14 2.1590076758e-14
3.8580322266e+02 3.3571525471e-14 1.2000837068e-14 2.1570688403e-14
3.8586425781e+02 3.3543347722e-14 1.1992921630e-14 2.1550426092e-14
3.8592529297e+02 3.3514932295e-14 1.1985237533e-14 2.1529694762e-14
3.8598632812e+02 3.3486751744e-14 1.1977822840e-14 2.1508928904e-14
3.8604736328e+02 3.3459259195e-14 1.1970702176e-14 2.1488557019e-14
3.8610839844e+02 3.3432841539e-14 1.1963889677e-14 2.1468951861e-14
3.8616943359e+02 3.3407800095e-14 1.1957387907e-14 2.1450412189e-14
3.8623046875e+02 3.3384325445e-14 1.1951191558e-14 2.1433133887e-14
3.8629150391e+02 3.3362493751e-14 1.1945284269e-14 2.1417209482e-14
3.8635253906e+02 3.3342260421e-14 1.1939636851e-14 2.1402623570e-14
3.8641357422e+02 3.3323478484e-14 1.1934209515e-14 2.1389268968e-14
3.8647460938e+02 3.3305913704e-14 1.1928953638e-14 2.1376960066e-14
3.8653564453e+02 3.3289270006e-14 1.1923806889e-14 2.1365463117e-14
3.8659667969e+02 3.3273217680e-14 1.1918697852e-14 2.1354519828e-14
3.8665771484e+02 3.3257417522e-14 1.1913543604e-14 2.1343873918e-14
3.8671875000e+02 3.3241548524e-14 1.1908255327e-14 2.1333293197e-14
3.8677978516e+02 3.3225339202e-14 1.1902742243e-14 2.1322596959e-14
3.8684082031e+02 3.3208577416e-14 1.1896914343e-14 2.1311663073e-14
3.8690185547e+02 3.3191124315e-14 1.1890690417e-14 2.1300433898e-14
3.8696289062e+02 3.3172918863e-14 1.1884003821e-14 2.1288915042e-14
3.8702392578e+02 3.3153965101e-14 1.1876806521e-14 2.1277158580e-14
3.8708496094e+02 3.3134331164e-14 1.1869076462e-14 2.1265254703e-14
3.8714599609e+02 3.3114130339e-14 1.1860819107e-14 2.1253311232e-14
3.8720703125e+02 3.3093515072e-14 1.1852073197e-14 2.1241441875e-14
3.8726806641e+02 3.3072650414e-14 1.1842908503e-14 2.1229741911e-14
3.8732910156e+02 3.3051690343e-14 1.1833420759e-14 2.1218269583e-14
3.8739013672e+02 3.3030761397e-14 1.1823728503e-14 2.1207032894e-14
3.8745117188e+02 3.3009956669e-14 1.1813961945e-14 2.1195994724e-14
3.8751220703e+02 3.2989306694e-14 1.1804254475e-14 2.1185052219e-14
3.8757324219e+02 3.2968772393e-14 1.1794728569e-14 2.1174043824e-14
3.8763427734e+02 3.2948252408e-14 1.1785489816e-14 2.1162762592e-14
3.8769531250e+02 3.2927579620e-14 1.1776617666e-14 2.1150961954e-14
3.8775634766e+02 3.2906535016e-14 1.1768161746e-14 2.1138373269e-14
3.8781738281e+02 3.2884874728e-14 1.1760140093e-14 2.1124734636e-14
3.8787841797e+02 3.2862362889e-14 1.1752545127e-14 2.1109817762e-14
3.8793945312e+02 3.2838803763e-14 1.1745350323e-14 2.1093453439e-14
3.8800048828e+02 3.2814074204e-14 1.1738515865e-14 2.1075558339e-14
3.8806152344e+02 3.2788144660e-14 1.1731994418e-14 2.1056150241e-14
3.8812255859e+02 3.2761100943e-14 1.1725740511e-14 2.1035360431e-14
3.8818359375e+02 3.2733136004e-14 1.1719714080e-14 2.1013421924e-14
3.8824462891e+02 3.2704538216e-14 1.1713877191e-14 2.0990661025e-14
3.8830566406e+02 3.2675666301e-14 1.1708194257e-14 2.0967472043e-14
3.8836669922e+02 3.2646905197e-14 1.1702631181e-14 2.0944274017e-14
3.8842773438e+02 3.2618630206e-14 1.1697149138e-14 2.0921481068e-14
3.8848876953e+02 3.2591167653e-14 1.1691698555e-14 2.0899469098e-14
3.8854980469e+02 3.2564762403e-14 1.1686219975e-14 2.0878542428e-14
3.8861083984e+02 3.2539571869e-14 1.1680648373e-14 2.0858923497e-14
3.8867187500e+02 3.2515653051e-14 1.1674909094e-14 2.0840743957e-14
3.8873291016e+02 3.2492982337e-14 1.1668935638e-14 2.0824046699e-14
3.8879394531e+02 3.2471461371e-14 1.1662666787e-14 2.0808794584e-14
3.8885498047e+02 3.2450943460e-14 1.1656056563e-14 2.0794886898e-14
3.8891601562e+02 3.2431257412e-14 1.1649083924e-14 2.0782173488e-14
3.8897705078e+02 3.2412229472e-14 1.1641754614e-14 2.0770474858e-14
3.8903808594e+02 3.2393702599e-14 1.1634103861e-14 2.0759598738e-14
3.8909912109e+02 3.2375549408e-14 1.1626192772e-14 2.0749356636e-14
3.8916015625e+02 3.2357680211e-14 1.1618101545e-14 2.0739578666e-14
3.8922119141e+02 3.2340053240e-14 1.1609924867e-14 2.0730128373e-14
3.8928222656e+02 3.2322663814e-14 1.1601760939e-14 2.0720902876e-14
3.8934326172e+02 3.2305535491e-14 1.1593697050e-14 2.0711838441e-14
3.8940429688e+02 3.2288703666e-14 1.1585802518e-14 2.0702901148e-14
3.8946533203e+02 3.2272204358e-14 1.1578122240e-14 2.0694082117e-14
3.8952636719e+02 3.2256037772e-14 1.1570666758e-14 2.0685371014e-14
3.8958740234e+02 3.2240162531e-14 1.1563417215e-14 2.0676745316e-14
3.8964843750e+02 3.2224483672e-14 1.1556329770e-14 2.0668153901e-14
3.8970947266e+02 3.2208840976e-14 1.1549338725e-14 2.0659502251e-14
3.8977050781e+02 3.2193016929e-14 1.1542369613e-14 2.0650647316e-14
3.8983154297e+02 3.2176760981e-14 1.1535349312e-14 2.0641411669e-14
3.8989257812e+02 3.2159809989e-14 1.1528213855e-14 2.0631596135e-14
3.8995361328e+02 3.2141919863e-14 1.1520914371e-14 2.0621005492e-14
3.9001464844e+02 3.2122894733e-14 1.1513422818e-14 2.0609471915e-14
3.9007568359e+02 3.2102617339e-14 1.1505734860e-14 2.0596882479e-14
3.9013671875e+02 3.2081059182e-14 1.1497865026e-14 2.0583194155e-14
3.9019775391e+02 3.2058270135e-14 1.1489839793e-14 2.0568430342e-14
3.9025878906e+02 3.2034385237e-14 1.1481698451e-14 2.0552686786e-14
3.9031982422e+02 3.2009600187e-14 1.1473483552e-14 2.0536116635e-14
3.9038085938e+02 3.1984147121e-14 1.1465238074e-14 2.0518909047e-14
3.9044189453e+02 3.1958281844e-14 1.1457003565e-14 2.0501278278e-14
3.9050292969e+02 3.1932262584e-14 1.1448816496e-14 2.0483446088e-14
3.9056396484e+02 3.1906335223e-14 1.1440711194e-14 2.0465624029e-14
3.9062500000e+02 3.1880726502e-14 1.1432716392e-14 2.0448010110e-14
3.9068603516e+02 3.1855641302e-14 1.1424857736e-14 2.0430783565e-14
3.9074707031e+02 3.1831258854e-14 1.1417153078e-14 2.0414105776e-14
3.9080810547e+02 3.1807735052e-14 1.1409614037e-14 2.0398121015e-14
3.9086914062e+02 3.1785195371e-14 1.1402247501e-14 2.0382947871e-14
3.9093017578e+02 3.1763732528e-14 1.1395053132e-14 2.0368679397e-14
3.9099121094e+02 3.1743402833e-14 1.1388024501e-14 2.0355378332e-14
3.9105224609e+02 3.1724222994e-14 1.1381150055e-14 2.0343072939e-14
3.9111328125e+02 3.1706171933e-14 1.1374416693e-14 2.0331755240e-14
3.9117431641e+02 3.1689188310e-14 1.1367810427e-14 2.0321377883e-14
3.9123535156e+02 3.1673169781e-14 1.1361319019e-14 2.0311850762e-14
3.9129638672e+02 3.1657981241e-14 1.1354927695e-14 2.0303053547e-14
3.9135742188e+02 3.1643451611e-14 1.1348620628e-14 2.0294830983e-14
3.9141845703e+02 3.1629380347e-14 1.1342381094e-14 2.0286999253e-14
3.9147949219e+02 3.1615547133e-14 1.1336184039e-14 2.0279363094e-14
3.9154052734e+02 3.1601716210e-14 1.1330000412e-14 2.0271715798e-14
3.9160156250e+02 3.1587652250e-14 1.1323796301e-14 2.0263855950e-14
3.9166259766e+02 3.1573144379e-14 1.1317535717e-14 2.0255608662e-14
3.9172363281e+02 3.1558021344e-14 1.1311186035e-14 2.0246835309e-14
3.9178466797e+02 3.1542173102e-14 1.1304727241e-14 2.0237445861e-14
3.9184570312e+02 3.1525562128e-14 1.1298152369e-14 2.0227409759e-14
3.9190673828e+02 3.1508226211e-14 1.1291472503e-14 2.0216753708e-14
3.9196777344e+02 3.1490278385e-14 1.1284719054e-14 2.0205559331e-14
3.9202880859e+02 3.1471879599e-14 1.1277934485e-14 2.0193945114e-14
3.9208984375e+02 3.1453211708e-14 1.1271168796e-14 2.0182042911e-14
3.9215087891e+02 3.1434447528e-14 1.1264468396e-14 2.0169979133e-14
3.9221191406e+02 3.1415713924e-14 1.1257863485e-14 2.0157850439e-14
3.9227294922e+02 3.1397075759e-14 1.1251361467e-14 2.0145714291e-14
3.9233398438e+02 3.1378515670e-14 1.1244938948e-14 2.0133576722e-14
3.9239501953e+02 3.1359942123e-14 1.1238546626e-14 2.0121395497e-14
3.9245605469e+02 3.1341203996e-14 1.1232112690e-14 2.0109091307e-14
3.9251708984e+02 3.1322117807e-14 1.1225553367e-14 2.0096564441e-14
3.9257812500e+02 3.1302498322e-14 1.1218787867e-14 2.0083710455e-14
3.9263916016e+02 3.1282185712e-14 1.1211750437e-14 2.0070435274e-14
3.9270019531e+02 3.1261071782e-14 1.1204402836e-14 2.0056668946e-14
3.9276123047e+02 3.1239113856e-14 1.1196744796e-14 2.0042369059e-14
3.9282226562e+02 3.1216347558e-14 1.1188817672e-14 2.0027529886e-14
3.9288330078e+02 3.1192886771e-14 1.1180701818e-14 2.0012184953e-14
3.9294433594e+02 3.1168905531e-14 1.1172505821e-14 1.9996399711e-14
3.9300537109e+02 3.1144633798e-14 1.1164356551e-14 1.9980277247e-14
3.9306640625e+02 3.1120335509e-14 1.1156382731e-14 1.9963952778e-14
3.9312744141e+02 3.1096285453e-14 1.1148697322e-14 1.9947588131e-14
3.9318847656e+02 3.1072745060e-14 1.1141383202e-14 1.9931361858e-14
3.9324951172e+02 3.1049942002e-14 1.1134486394e-14 1.9915455609e-14
3.9331054688e+02 3.1028045927e-14 1.1128006963e-14 1.9900038964e-14
3.9337158203e+02 3.1007155008e-14 1.1121897766e-14 1.9885257243e-14
3.9343261719e+02 3.0987295062e-14 1.1116074123e-14 1.9871220939e-14
3.9349365234e+02 3.0968427183e-14 1.1110423177e-14 1.9858004006e-14
3.9355468750e+02 3.0950452009e-14 1.1104817446e-14 1.9845634562e-14
3.9361572266e+02 3.0933241881e-14 1.1099134236e-14 1.9834107645e-14
3.9367675781e+02 3.0916658307e-14 1.1093268186e-14 1.9823390121e-14
3.9373779297e+02 3.0900578610e-14 1.1087144506e-14 1.9813434104e-14
3.9379882812e+02 3.0884901419e-14 1.1080724816e-14 1.9804176602e-14
3.9385986328e+02 3.0869554974e-14 1.1074014312e-14 1.9795540662e-14
3.9392089844e+02 3.0854488806e-14 1.1067058241e-14 1.9787430564e-14
3.9398193359e+02 3.0839662626e-14 1.1059932913e-14 1.9779729712e-14
3.9404296875e+02 3.0825021945e-14 1.1052737012e-14 1.9772284933e-14
3.9410400391e+02 3.0810490587e-14 1.1045579927e-14 1.9764910660e-14
3.9416503906e+02 3.0795963392e-14 1.1038568845e-14 1.9757394548e-14
3.9422607422e+02 3.0781310469e-14 1.1031798513e-14 1.9749511955e-14
3.9428710938e+02 3.0766390573e-14 1.1025342664e-14 1.9741047909e-14
3.9434814453e+02 3.0751074905e-14 1.1019244124e-14 1.9731830781e-14
3.9440917969e+02 3.0735267747e-14 1.1013514649e-14 1.9721753098e-14
3.9447021484e+02 3.0718919864e-14 1.1008134156e-14 1.9710785709e-14
3.9453125000e+02 3.0702036973e-14 1.1003049088e-14 1.9698987885e-14
3.9459228516e+02 3.0684672297e-14 1.0998183532e-14 1.9686488764e-14
3.9465332031e+02 3.0666918366e-14 1.0993443290e-14 1.9673475076e-14
3.9471435547e+02 3.0648892740e-14 1.0988729388e-14 1.9660163353e-14
3.9477539062e+02 3.0630707670e-14 1.0983942113e-14 1.9646765556e-14
3.9483642578e+02 3.0612460123e-14 1.0978993291e-14 1.9633466831e-14
3.9489746094e+02 3.0594221155e-14 1.0973811835e-14 1.9620409320e-14
3.9495849609e+02 3.0576026231e-14 1.0968349856e-14 1.9607676376e-14
3.9501953125e+02 3.0557880290e-14 1.0962586152e-14 1.9595294138e-14
3.9508056641e+02 3.0539758017e-14 1.0956522755e-14 1.9583235263e-14
3.9514160156e+02 3.0521612583e-14 1.0950184004e-14 1.9571428579e-14
3.9520263672e+02 3.0503380992e-14 1.0943610211e-14 1.9559770781e-14
3.9526367188e+02 3.0484989523e-14 1.0936855239e-14 1.9548134284e-14
3.9532470703e+02 3.0466361230e-14 1.0929982987e-14 1.9536378243e-14
3.9538574219e+02 3.0447424949e-14 1.0923061205e-14 1.9524363744e-14
3.9544677734e+02 3.0428122565e-14 1.0916156372e-14 1.9511966193e-14
3.9550781250e+02 3.0408422534e-14 1.0909330975e-14 1.9499091560e-14
3.9556884766e+02 3.0388330981e-14 1.0902641567e-14 1.9485689414e-14
3.9562988281e+02 3.0367898379e-14 1.0896129100e-14 1.9471769279e-14
3.9569091797e+02 3.0347217012e-14 1.0889817489e-14 1.9457399524e-14
3.9575195312e+02 3.0326420691e-14 1.0883708113e-14 1.9442712578e-14
3.9581298828e+02 3.0305673218e-14 1.0877778856e-14 1.9427894362e-14
3.9587402344e+02 3.0285140578e-14 1.0871980288e-14 1.9413160290e-14
3.9593505859e+02 3.0264971906e-14 1.0866238234e-14 1.9398733672e-14
3.9599609375e+02 3.0245280419e-14 1.0860459782e-14 1.9384820637e-14
3.9605712891e+02 3.0226127597e-14 1.0854542013e-14 1.9371585585e-14
3.9611816406e+02 3.0207513103e-14 1.0848379652e-14 1.9359133451e-14
3.9617919922e+02 3.0189385371e-14 1.0841879800e-14 1.9347505571e-14
3.9624023438e+02 3.0171645535e-14 1.0834969280e-14 1.9336676255e-14
3.9630126953e+02 3.0154165600e-14 1.0827601178e-14 1.9326564422e-14
3.9636230469e+02 3.0136810693e-14 1.0819766147e-14 1.9317044546e-14
3.9642333984e+02 3.0119452738e-14 1.0811492401e-14 1.9307960337e-14
3.9648437500e+02 3.0101980764e-14 1.0802841381e-14 1.9299139383e-14
3.9654541016e+02 3.0084319606e-14 1.0793908563e-14 1.9290411044e-14
3.9660644531e+02 3.0066429229e-14 1.0784810527e-14 1.9281618701e-14
3.9666748047e+02 3.0048305489e-14 1.0775672076e-14 1.9272633413e-14
3.9672851562e+02 3.0029973565e-14 1.0766616708e-14 1.9263356857e-14
3.9678955078e+02 3.0011493744e-14 1.0757751059e-14 1.9253742685e-14
3.9685058594e+02 2.9992954396e-14 1.0749157138e-14 1.9243797258e-14
3.9691162109e+02 2.9974460760e-14 1.0740882937e-14 1.9233577823e-14
3.9697265625e+02 2.9956129074e-14 1.0732939091e-14 1.9223189984e-14
3.9703369141e+02 2.9938074103e-14 1.0725299854e-14 1.9212774249e-14
3.9709472656e+02 2.9920387532e-14 1.0717909581e-14 1.9202477951e-14
3.9715576172e+02 2.9903126231e-14 1.0710695601e-14 1.9192430629e-14
3.9721679688e+02 2.9886282034e-14 1.0703577853e-14 1.9182704181e-14
3.9727783203e+02 2.9869770111e-14 1.0696483865e-14 1.9173286246e-14
3.9733886719e+02 2.9853436758e-14 1.0689363002e-14 1.9164073756e-14
3.9739990234e+02 2.9837057626e-14 1.0682191790e-14 1.9154865836e-14
3.9746093750e+02 2.9820352582e-14 1.0674981116e-14 1.9145371466e-14
3.9752197266e+02 2.9803023444e-14 1.0667774998e-14 1.9135248446e-14
3.9758300781e+02 2.9784784089e-14 1.0660640632e-14 1.9124143456e-14
3.9764404297e+02 2.9765398151e-14 1.0653655878e-14 1.9111742274e-14
3.9770507812e+02 2.9744715913e-14 1.0646894870e-14 1.9097821044e-14
3.9776611328e+02 2.9722688078e-14 1.0640412667e-14 1.9082275411e-14
3.9782714844e+02 2.9699368074e-14 1.0634229368e-14 1.9065138706e-14
3.9788818359e+02 2.9674911630e-14 1.0628324473e-14 1.9046587157e-14
3.9794921875e+02 2.9649550249e-14 1.0622629079e-14 1.9026921171e-14
3.9801025391e+02 2.9623560734e-14 1.0617034349e-14 1.9006526385e-14
3.9807128906e+02 2.9597238930e-14 1.0611402830e-14 1.8985836101e-14
3.9813232422e+02 2.9570869789e-14 1.0605584090e-14 1.8965285699e-14
3.9819335938e+02 2.9544707200e-14 1.0599438529e-14 1.8945268671e-14
3.9825439453e+02 2.9518962420e-14 1.0592857648e-14 1.8926104773e-14
3.9831542969e+02 2.9493803930e-14 1.0585783634e-14 1.8908020296e-14
3.9837646484e+02 2.9469358433e-14 1.0578221840e-14 1.8891136593e-14
3.9843750000e+02 2.9445718430e-14 1.0570249523e-14 1.8875468907e-14
3.9849853516e+02 2.9422947012e-14 1.0562010995e-14 1.8860936017e-14
3.9855957031e+02 2.9401081715e-14 1.0553707414e-14 1.8847374302e-14
3.9862060547e+02 2.9380136971e-14 1.0545575415e-14 1.8834561556e-14
3.9868164062e+02 2.9360103533e-14 1.0537862481e-14 1.8822241052e-14
3.9874267578e+02 2.9340949621e-14 1.0530802105e-14 1.8810147516e-14
3.9880371094e+02 2.9322624597e-14 1.0524587637e-14 1.8798036960e-14
3.9886474609e+02 2.9305055090e-14 1.0519351867e-14 1.8785703223e-14
3.9892578125e+02 2.9288148149e-14 1.0515151487e-14 1.8772996662e-14
3.9898681641e+02 2.9271808236e-14 1.0511964596e-14 1.8759843640e-14
3.9904785156e+02 2.9255930217e-14 1.0509692364e-14 1.8746237854e-14
3.9910888672e+02 2.9240406053e-14 1.0508170992e-14 1.8732235061e-14
3.9916992188e+02 2.9225134190e-14 1.0507190011e-14 1.8717944179e-14
3.9923095703e+02 2.9210011670e-14 1.0506511366e-14 1.8703500305e-14
3.9929199219e+02 2.9194929713e-14 1.0505886752e-14 1.8689042961e-14
3.9935302734e+02 2.9179778456e-14 1.0505081038e-14 1.8674697418e-14
3.9941406250e+02 2.9164446573e-14 1.0503889538e-14 1.8660557035e-14
3.9947509766e+02 2.9148818271e-14 1.0502142037e-14 1.8646676234e-14
3.9953613281e+02 2.9132778990e-14 1.0499711959e-14 1.8633067032e-14
3.9959716797e+02 2.9116219105e-14 1.0496515828e-14 1.8619703277e-14
3.9965820312e+02 2.9099031676e-14 1.0492505688e-14 1.8606525988e-14
3.9971923828e+02 2.9081127374e-14 1.0487670356e-14 1.8593457018e-14
3.9978027344e+02 2.9062435832e-14 1.0482029827e-14 1.8580406006e-14
3.9984130859e+02 2.9042909619e-14 1.0475626869e-14 1.8567282751e-14
3.9990234375e+02 2.9022524521e-14 1.0468525732e-14 1.8553998789e-14
3.9996337891e+02 2.9001285088e-14 1.0460808026e-14 1.8540477061e-14
4.0002441406e+02 2.8979233895e-14 1.0452571817e-14 1.8526662077e-14
4.0008544922e+02 2.8956454300e-14 1.0443928882e-14 1.8512525419e-14
4.0014648438e+02 2.8933076370e-14 1.0435006053e-14 1.8498070316e-14
4.0020751953e+02 2.8909282443e-14 1.0425939992e-14 1.8483342451e-14
4.0026855469e+02 2.8885297324e-14 1.0416866625e-14 1.8468430698e-14
4.0032958984e+02 2.8861389172e-14 1.0407916628e-14 1.8453472544e-14
4.0039062500e+02 2.8837852473e-14 1.0399206907e-14 1.8438645567e-14
4.0045166016e+02 2.8814985448e-14 1.0390827245e-14 1.8424158203e-14
4.0051269531e+02 2.8793071126e-14 1.0382837094e-14 1.8410234032e-14
4.0057373047e+02 2.8772350143e-14 1.0375257216e-14 1.8397092927e-14
4.0063476562e+02 2.8753004272e-14 1.0368073269e-14 1.8384931003e-14
4.0069580078e+02 2.8735134402e-14 1.0361238599e-14 1.8373895803e-14
4.0075683594e+02 2.8718748086e-14 1.0354684038e-14 1.8364064047e-14
4.0081787109e+02 2.8703753931e-14 1.0348326914e-14 1.8355427017e-14
4.0087890625e+02 2.8689978722e-14 1.0342088773e-14 1.8347889948e-14
4.0093994141e+02 2.8677179484e-14 1.0335903950e-14 1.8341275534e-14
4.0100097656e+02 2.8665062707e-14 1.0329726470e-14 1.8335336237e-14
4.0106201172e+02 2.8653319761e-14 1.0323537006e-14 1.8329782755e-14
4.0112304688e+02 2.8641656802e-14 1.0317342089e-14 1.8324314713e-14
4.0118408203e+02 2.8629814380e-14 1.0311164019e-14 1.8318650361e-14
4.0124511719e+02 2.8617592420e-14 1.0305036333e-14 1.8312556087e-14
4.0130615234e+02 2.8604868185e-14 1.0298994360e-14 1.8305873825e-14
4.0136718750e+02 2.8591604388e-14 1.0293067521e-14 1.8298536867e-14
4.0142822266e+02 2.8577843848e-14 1.0287271639e-14 1.8290572209e-14
4.0148925781e+02 2.8563705697e-14 1.0281610880e-14 1.8282094817e-14
4.0155029297e+02 2.8549358994e-14 1.0276073196e-14 1.8273285798e-14
4.0161132812e+02 2.8535001910e-14 1.0270633617e-14 1.8264368293e-14
4.0167236328e+02 2.8520836874e-14 1.0265258754e-14 1.8255578120e-14
4.0173339844e+02 2.8507033252e-14 1.0259910255e-14 1.8247122997e-14
4.0179443359e+02 2.8493706954e-14 1.0254549542e-14 1.8239157411e-14
4.0185546875e+02 2.8480898159e-14 1.0249139959e-14 1.8231758200e-14
4.0191650391e+02 2.8468557531e-14 1.0243645663e-14 1.8224911869e-14
4.0197753906e+02 2.8456537559e-14 1.0238032118e-14 1.8218505441e-14
4.0203857422e+02 2.8444608397e-14 1.0232267287e-14 1.8212341110e-14
4.0209960938e+02 2.8432475301e-14 1.0226323034e-14 1.8206152267e-14
4.0216064453e+02 2.8419813003e-14 1.0220175681e-14 1.8199637322e-14
4.0222167969e+02 2.8406295190e-14 1.0213810546e-14 1.8192484645e-14
4.0228271484e+02 2.8391640475e-14 1.0207221235e-14 1.8184419241e-14
4.0234375000e+02 2.8375647644e-14 1.0200418519e-14 1.8175229125e-14
4.0240478516e+02 2.8358217999e-14 1.0193430698e-14 1.8164787301e-14
4.0246582031e+02 2.8339365097e-14 1.0186298998e-14 1.8153066098e-14
4.0252685547e+02 2.8319214576e-14 1.0179080595e-14 1.8140133981e-14
4.0258789062e+02 2.8297987354e-14 1.0171846592e-14 1.8126140761e-14
4.0264892578e+02 2.8275963159e-14 1.0164674314e-14 1.8111288845e-14
4.0270996094e+02 2.8253440913e-14 1.0157641270e-14 1.8095799643e-14
4.0277099609e+02 2.8230712945e-14 1.0150820433e-14 1.8079892512e-14
4.0283203125e+02 2.8208028271e-14 1.0144269956e-14 1.8063758315e-14
4.0289306641e+02 2.8185575681e-14 1.0138030740e-14 1.8047544941e-14
4.0295410156e+02 2.8163473329e-14 1.0132120814e-14 1.8031352515e-14
4.0301513672e+02 2.8141778683e-14 1.0126537148e-14 1.8015241535e-14
4.0307617188e+02 2.8120504460e-14 1.0121256010e-14 1.7999248451e-14
4.0313720703e+02 2.8099635858e-14 1.0116234240e-14 1.7983401618e-14
4.0319824219e+02 2.8079152227e-14 1.0111411738e-14 1.7967740490e-14
4.0325927734e+02 2.8059047843e-14 1.0106721420e-14 1.7952326423e-14
4.0332031250e+02 2.8039344231e-14 1.0102093303e-14 1.7937250928e-14
4.0338134766e+02 2.8020100492e-14 1.0097467398e-14 1.7922633094e-14
4.0344238281e+02 2.8001400169e-14 1.0092795871e-14 1.7908604298e-14
4.0350341797e+02 2.7983342354e-14 1.0088048802e-14 1.7895293551e-14
4.0356445312e+02 2.7966033293e-14 1.0083224636e-14 1.7882808657e-14
4.0362548828e+02 2.7949559426e-14 1.0078341968e-14 1.7871217458e-14
4.0368652344e+02 2.7933979775e-14 1.0073446288e-14 1.7860533488e-14
4.0374755859e+02 2.7919302506e-14 1.0068599095e-14 1.7850703411e-14
4.0380859375e+02 2.7905479129e-14 1.0063876042e-14 1.7841603087e-14
4.0386962891e+02 2.7892402508e-14 1.0059356494e-14 1.7833046013e-14
4.0393066406e+02 2.7879912462e-14 1.0055112355e-14 1.7824800107e-14
4.0399169922e+02 2.7867805673e-14 1.0051196322e-14 1.7816609351e-14
4.0405273438e+02 2.7855865540e-14 1.0047639238e-14 1.7808226301e-14
4.0411376953e+02 2.7843880867e-14 1.0044440807e-14 1.7799440060e-14
4.0417480469e+02 2.7831671885e-14 1.0041564655e-14 1.7790107229e-14
4.0423583984e+02 2.7819107917e-14 1.0038936892e-14 1.7780171025e-14
4.0429687500e+02 2.7806126555e-14 1.0036455980e-14 1.7769670574e-14
4.0435791016e+02 2.7792732627e-14 1.0033998053e-14 1.7758734574e-14
4.0441894531e+02 2.7778986784e-14 1.0031422399e-14 1.7747564385e-14
4.0447998047e+02 2.7764995389e-14 1.0028586879e-14 1.7736408510e-14
4.0454101562e+02 2.7750885838e-14 1.0025360020e-14 1.7725525818e-14
4.0460205078e+02 2.7736786434e-14 1.0021627048e-14 1.7715159386e-14
4.0466308594e+02 2.7722810156e-14 1.0017304093e-14 1.7705506063e-14
4.0472412109e+02 2.7709046043e-14 1.0012347291e-14 1.7696698752e-14
4.0478515625e+02 2.7695552508e-14 1.0006749735e-14 1.7688802774e-14
4.0484619141e+02 2.7682359679e-14 1.0000541750e-14 1.7681817929e-14
4.0490722656e+02 2.7669482212e-14 9.9937894479e-15 1.7675692764e-14
4.0496826172e+02 2.7656923154e-14 9.9865871079e-15 1.7670336046e-14
4.0502929688e+02 2.7644687495e-14 9.9790486501e-15 1.7665638845e-14
4.0509033203e+02 2.7632784655e-14 9.9713006540e-15 1.7661484001e-14
4.0515136719e+02 2.7621218898e-14 9.9634724961e-15 1.7657746402e-14
4.0521240234e+02 2.7609978372e-14 9.9556865352e-15 1.7654291836e-14
4.0527343750e+02 2.7599020783e-14 9.9480512337e-15 1.7650969550e-14
4.0533447266e+02 2.7588272477e-14 9.9406602996e-15 1.7647612178e-14
4.0539550781e+02 2.7577602004e-14 9.9335874568e-15 1.7644014548e-14
4.0545654297e+02 2.7566824197e-14 9.9268805916e-15 1.7639943606e-14
4.0551757812e+02 2.7555705675e-14 9.9205653336e-15 1.7635140342e-14
4.0557861328e+02 2.7543974021e-14 9.9146464406e-15 1.7629327581e-14
4.0563964844e+02 2.7531336083e-14 9.9091053906e-15 1.7622230692e-14
4.0570068359e+02 2.7517516860e-14 9.9039064909e-15 1.7613610370e-14
4.0576171875e+02 2.7502280069e-14 9.8989993096e-15 1.7603280760e-14
4.0582275391e+02 2.7485454227e-14 9.8943197404e-15 1.7591134487e-14
4.0588378906e+02 2.7466961178e-14 9.8897955621e-15 1.7577165616e-14
4.0594482422e+02 2.7446829100e-14 9.8853532798e-15 1.7561475820e-14
4.0600585938e+02 2.7425196698e-14 9.8809165403e-15 1.7544280158e-14
4.0606689453e+02 2.7402311004e-14 9.8764144209e-15 1.7525896583e-14
4.0612792969e+02 2.7378508523e-14 9.8717831071e-15 1.7506725416e-14
4.0618896484e+02 2.7354192944e-14 9.8669708949e-15 1.7487222049e-14
4.0625000000e+02 2.7329799204e-14 9.8619443190e-15 1.7467854885e-14
4.0631103516e+02 2.7305758445e-14 9.8566939941e-15 1.7449064451e-14
4.0637207031e+02 2.7282467276e-14 9.8512317052e-15 1.7431235571e-14
4.0643310547e+02 2.7260254546e-14 9.8455992649e-15 1.7414655281e-14
4.0649414062e+02 2.7239354985e-14 9.8398625337e-15 1.7399492451e-14
4.0655517578e+02 2.7219904273e-14 9.8341109661e-15 1.7385793307e-14
4.0661621094e+02 2.7201932100e-14 9.8284439360e-15 1.7373488164e-14
4.0667724609e+02 2.7185373217e-14 9.8229606543e-15 1.7362412563e-14
4.0673828125e+02 2.7170093970e-14 9.8177544149e-15 1.7352339555e-14
4.0679931641e+02 2.7155907950e-14 9.8128892627e-15 1.7343018688e-14
4.0686035156e+02 2.7142613849e-14 9.8083912878e-15 1.7334222562e-14
4.0692138672e+02 2.7130027142e-14 9.8042422687e-15 1.7325784873e-14
4.0698242188e+02 2.7117994588e-14 9.8003793896e-15 1.7317615198e-14
4.0704345703e+02 2.7106402889e-14 9.7966972432e-15 1.7309705646e-14
4.0710449219e+02 2.7095181683e-14 9.7930599449e-15 1.7302121738e-14
4.0716552734e+02 2.7084295518e-14 9.7893171815e-15 1.7294978336e-14
4.0722656250e+02 2.7073724369e-14 9.7853229794e-15 1.7288401390e-14
4.0728759766e+02 2.7063440905e-14 9.7809574497e-15 1.7282483455e-14
4.0734863281e+02 2.7053389831e-14 9.7761352377e-15 1.7277254593e-14
4.0740966797e+02 2.7043468065e-14 9.7708140741e-15 1.7272653991e-14
4.0747070312e+02 2.7033522514e-14 9.7649982150e-15 1.7268524299e-14
4.0753173828e+02 2.7023350085e-14 9.7587356917e-15 1.7264614393e-14
4.0759277344e+02 2.7012707667e-14 9.7521053456e-15 1.7260602322e-14
4.0765380859e+02 2.7001339967e-14 9.7452031541e-15 1.7256136813e-14
4.0771484375e+02 2.6988995586e-14 9.7381293368e-15 1.7250866249e-14
4.0777587891e+02 2.6975456682e-14 9.7309751141e-15 1.7244481568e-14
4.0783691406e+02 2.6960561204e-14 9.7238123452e-15 1.7236748859e-14
4.0789794922e+02 2.6944224332e-14 9.7166943408e-15 1.7227529991e-14
4.0795898438e+02 2.6926445063e-14 9.7096529440e-15 1.7216792119e-14
4.0802001953e+02 2.6907304747e-14 9.7027036107e-15 1.7204601136e-14
4.0808105469e+02 2.6886967378e-14 9.6958526124e-15 1.7191114765e-14
4.0814208984e+02 2.6865660814e-14 9.6891067326e-15 1.7176554081e-14
4.0820312500e+02 2.6843658527e-14 9.6824774334e-15 1.7161181093e-14
4.0826416016e+02 2.6821258754e-14 9.6759841946e-15 1.7145274560e-14
4.0832519531e+02 2.6798766205e-14 9.6696576482e-15 1.7129108557e-14
4.0838623047e+02 2.6776460814e-14 9.6635360757e-15 1.7112924738e-14
4.0844726562e+02 2.6754573306e-14 9.6576569708e-15 1.7096916335e-14
4.0850830078e+02 2.6733283843e-14 9.6520579743e-15 1.7081225869e-14
4.0856933594e+02 2.6712709189e-14 9.6467656073e-15 1.7065943582e-14
4.0863037109e+02 2.6692913414e-14 9.6417894999e-15 1.7051123914e-14
4.0869140625e+02 2.6673908014e-14 9.6371210125e-15 1.7036787002e-14
4.0875244141e+02 2.6655666240e-14 9.6327321190e-15 1.7022934121e-14
4.0881347656e+02 2.6638136862e-14 9.6285760688e-15 1.7009560793e-14
4.0887451172e+02 2.6621271598e-14 9.6245939536e-15 1.6996677644e-14
4.0893554688e+02 2.6605030944e-14 9.6207186142e-15 1.6984312329e-14
4.0899658203e+02 2.6589383181e-14 9.6168770925e-15 1.6972506089e-14
4.0905761719e+02 2.6574310886e-14 9.6129972234e-15 1.6961313662e-14
4.0911865234e+02 2.6559809288e-14 9.6090136381e-15 1.6950795650e-14
4.0917968750e+02 2.6545868147e-14 9.6048670451e-15 1.6941001102e-14
4.0924072266e+02 2.6532467881e-14 9.6005111127e-15 1.6931956768e-14
4.0930175781e+02 2.6519563148e-14 9.5959105131e-15 1.6923652635e-14
4.0936279297e+02 2.6507082177e-14 9.5910445278e-15 1.6916037649e-14
4.0942382812e+02 2.6494925853e-14 9.5859055467e-15 1.6909020306e-14
4.0948486328e+02 2.6482974401e-14 9.5805003088e-15 1.6902474092e-14
4.0954589844e+02 2.6471103362e-14 9.5748518583e-15 1.6896251503e-14
4.0960693359e+02 2.6459191367e-14 9.5689944992e-15 1.6890196867e-14
4.0966796875e+02 2.6447128509e-14 9.5629734465e-15 1.6884155063e-14
4.0972900391e+02 2.6434827974e-14 9.5568440813e-15 1.6877983892e-14
4.0979003906e+02 2.6422230634e-14 9.5506652345e-15 1.6871565400e-14
4.0985107422e+02 2.6409306010e-14 9.5444938712e-15 1.6864812139e-14
4.0991210938e+02 2.6396042389e-14 9.5383851836e-15 1.6857657205e-14
4.0997314453e+02 2.6382432676e-14 9.5323880945e-15 1.6850044581e-14
4.1003417969e+02 2.6368468400e-14 9.5265396544e-15 1.6841928746e-14
4.1009521484e+02 2.6354125486e-14 9.5208661616e-15 1.6833259324e-14
4.1015625000e+02 2.6339363782e-14 9.5153834049e-15 1.6823980377e-14
4.1021728516e+02 2.6324120885e-14 9.5100948720e-15 1.6814026013e-14
4.1027832031e+02 2.6308315800e-14 9.5049931583e-15 1.6803322641e-14
4.1033935547e+02 2.6291865336e-14 9.5000620689e-15 1.6791803267e-14
4.1040039062e+02 2.6274698755e-14 9.4952752199e-15 1.6779423535e-14
4.1046142578e+02 2.6256768032e-14 9.4906025402e-15 1.6766165492e-14
4.1052246094e+02 2.6238060450e-14 9.4860116661e-15 1.6752048784e-14
4.1058349609e+02 2.6218607398e-14 9.4814673699e-15 1.6737140028e-14
4.1064453125e+02 2.6198497998e-14 9.4769389069e-15 1.6721559091e-14
4.1070556641e+02 2.6177875096e-14 9.4724009886e-15 1.6705474108e-14
4.1076660156e+02 2.6156923285e-14 9.4678340266e-15 1.6689089259e-14
4.1082763672e+02 2.6135872274e-14 9.4632277820e-15 1.6672644492e-14
4.1088867188e+02 2.6114978872e-14 9.4585800179e-15 1.6656398854e-14
4.1094970703e+02 2.6094511204e-14 9.4538943446e-15 1.6640616860e-14
4.1101074219e+02 2.6074733547e-14 9.4491770884e-15 1.6625556458e-14
4.1107177734e+02 2.6055887757e-14 9.4444367788e-15 1.6611450978e-14
4.1113281250e+02 2.6038173730e-14 9.4396808931e-15 1.6598492836e-14
4.1119384766e+02 2.6021740677e-14 9.4349156277e-15 1.6586825050e-14
4.1125488281e+02 2.6006680163e-14 9.4301460170e-15 1.6576534146e-14
4.1131591797e+02 2.5993016260e-14 9.4253780636e-15 1.6567638197e-14
4.1137695312e+02 2.5980712620e-14 9.4206223426e-15 1.6560090278e-14
4.1143798828e+02 2.5969677925e-14 9.4158931548e-15 1.6553784770e-14
4.1149902344e+02 2.5959778108e-14 9.4112092160e-15 1.6548568892e-14
4.1156005859e+02 2.5950853689e-14 9.4065966509e-15 1.6544257038e-14
4.1162109375e+02 2.5942726959e-14 9.4020826773e-15 1.6540644281e-14
4.1168212891e+02 2.5935211970e-14 9.3976933693e-15 1.6537518601e-14
4.1174316406e+02 2.5928106270e-14 9.3934445708e-15 1.6534661699e-14
4.1180419922e+02 2.5921204356e-14 9.3893412986e-15 1.6531863058e-14
4.1186523438e+02 2.5914289721e-14 9.3853722813e-15 1.6528917440e-14
4.1192626953e+02 2.5907119432e-14 9.3815057113e-15 1.6525613720e-14
4.1198730469e+02 2.5899422456e-14 9.3776905962e-15 1.6521731859e-14
4.1204833984e+02 2.5890908933e-14 9.3738611338e-15 1.6517047799e-14
4.1210937500e+02 2.5881283991e-14 9.3699410706e-15 1.6511342920e-14
4.1217041016e+02 2.5870271317e-14 9.3658499500e-15 1.6504421367e-14
4.1223144531e+02 2.5857638682e-14 9.3615112777e-15 1.6496127404e-14
4.1229248047e+02 2.5843229016e-14 9.3568603742e-15 1.6486368642e-14
4.1235351562e+02 2.5826988712e-14 9.3518504155e-15 1.6475138297e-14
4.1241455078e+02 2.5808992896e-14 9.3464614169e-15 1.6462531479e-14
4.1247558594e+02 2.5789452687e-14 9.3407035882e-15 1.6448749099e-14
4.1253662109e+02 2.5768705100e-14 9.3346191870e-15 1.6434085913e-14
4.1259765625e+02 2.5747188964e-14 9.3282816211e-15 1.6418907343e-14
4.1265869141e+02 2.5725421285e-14 9.3217914880e-15 1.6403629797e-14
4.1271972656e+02 2.5703956192e-14 9.3152735888e-15 1.6388682603e-14
4.1278076172e+02 2.5683335423e-14 9.3088604023e-15 1.6374475021e-14
4.1284179688e+02 2.5664050477e-14 9.3026875754e-15 1.6361362902e-14
4.1290283203e+02 2.5646500589e-14 9.2968753156e-15 1.6349625273e-14
4.1296386719e+02 2.5630961556e-14 9.2915166431e-15 1.6339444913e-14
4.1302490234e+02 2.5617568831e-14 9.2866650345e-15 1.6330903796e-14
4.1308593750e+02 2.5606318153e-14 9.2823296759e-15 1.6323988477e-14
4.1314697266e+02 2.5597056289e-14 9.2784694551e-15 1.6318586834e-14
4.1320800781e+02 2.5589504021e-14 9.2749965686e-15 1.6314507452e-14
4.1326904297e+02 2.5583284054e-14 9.2717876486e-15 1.6311496406e-14
4.1333007812e+02 2.5577959215e-14 9.2686918560e-15 1.6309267359e-14
4.1339111328e+02 2.5573072374e-14 9.2655494671e-15 1.6307522907e-14
4.1345214844e+02 2.5568188773e-14 9.2622116948e-15 1.6305977078e-14
4.1351318359e+02 2.5562935071e-14 9.2585515351e-15 1.6304383536e-14
4.1357421875e+02 2.5557045260e-14 9.2544816769e-15 1.6302563583e-14
4.1363525391e+02 2.5550379470e-14 9.2499579628e-15 1.6300421507e-14
4.1369628906e+02 2.5542930184e-14 9.2449847422e-15 1.6297945441e-14
4.1375732422e+02 2.5534813221e-14 9.2396089276e-15 1.6295204293e-14
4.1381835938e+02 2.5526249230e-14 9.2339119650e-15 1.6292337265e-14
4.1387939453e+02 2.5517527207e-14 9.2279977931e-15 1.6289529414e-14
4.1394042969e+02 2.5508951600e-14 9.2219769613e-15 1.6286974639e-14
4.1400146484e+02 2.5500792701e-14 9.2159515390e-15 1.6284841162e-14
4.1406250000e+02 2.5493241829e-14 9.2100077366e-15 1.6283234092e-14
4.1412353516e+02 2.5486379694e-14 9.2042097453e-15 1.6282169949e-14
4.1418457031e+02 2.5480159865e-14 9.1985938964e-15 1.6281565969e-14
4.1424560547e+02 2.5474408437e-14 9.1931731265e-15 1.6281235310e-14
4.1430664062e+02 2.5468843534e-14 9.1879455973e-15 1.6280897937e-14
4.1436767578e+02 2.5463100303e-14 9.1828961562e-15 1.6280204147e-14
4.1442871094e+02 2.5456780060e-14 9.1780077500e-15 1.6278772310e-14
4.1448974609e+02 2.5449489176e-14 9.1732663808e-15 1.6276222795e-14
4.1455078125e+02 2.5440882135e-14 9.1686671152e-15 1.6272215020e-14
4.1461181641e+02 2.5430700161e-14 9.1642123619e-15 1.6266487799e-14
4.1467285156e+02 2.5418782965e-14 9.1599084789e-15 1.6258874487e-14
4.1473388672e+02 2.5405087489e-14 9.1557695767e-15 1.6249317912e-14
4.1479492188e+02 2.5389687487e-14 9.1518116502e-15 1.6237875837e-14
4.1485595703e+02 2.5372769280e-14 9.1480499275e-15 1.6224719353e-14
4.1491699219e+02 2.5354608185e-14 9.1444917713e-15 1.6210116414e-14
4.1497802734e+02 2.5335553943e-14 9.1411419845e-15 1.6194411959e-14
4.1503906250e+02 2.5316011024e-14 9.1380015042e-15 1.6178009520e-14
4.1510009766e+02 2.5296411118e-14 9.1350631284e-15 1.6161347990e-14
4.1516113281e+02 2.5277181110e-14 9.1323088598e-15 1.6144872250e-14
4.1522216797e+02 2.5258719412e-14 9.1297114249e-15 1.6129007987e-14
4.1528320312e+02 2.5241370528e-14 9.1272332182e-15 1.6114137310e-14
4.1534423828e+02 2.5225398048e-14 9.1248261306e-15 1.6100571918e-14
4.1540527344e+02 2.5210964402e-14 9.1224276304e-15 1.6088536772e-14
4.1546630859e+02 2.5198115489e-14 9.1199637520e-15 1.6078151737e-14
4.1552734375e+02 2.5186778931e-14 9.1173536951e-15 1.6069425236e-14
4.1558837891e+02 2.5176769559e-14 9.1145146971e-15 1.6062254862e-14
4.1564941406e+02 2.5167804845e-14 9.1113689506e-15 1.6056435894e-14
4.1571044922e+02 2.5159527692e-14 9.1078482120e-15 1.6051679480e-14
4.1577148438e+02 2.5151527789e-14 9.1038962556e-15 1.6047631533e-14
4.1583251953e+02 2.5143379788e-14 9.0994777759e-15 1.6043902012e-14
4.1589355469e+02 2.5134669646e-14 9.0945799426e-15 1.6040089703e-14
4.1595458984e+02 2.5125007384e-14 9.0892039238e-15 1.6035803460e-14
4.1601562500e+02 2.5114056631e-14 9.0833706598e-15 1.6030685971e-14
4.1607666016e+02 2.5101561416e-14 9.0771186550e-15 1.6024442761e-14
4.1613769531e+02 2.5087352116e-14 9.0705001761e-15 1.6016851940e-14
4.1619873047e+02 2.5071356935e-14 9.0635800642e-15 1.6007776871e-14
4.1625976562e+02 2.5053613240e-14 9.0564368228e-15 1.5997176417e-14
4.1632080078e+02 2.5034266220e-14 9.0491616229e-15 1.5985104597e-14
4.1638183594e+02 2.5013560261e-14 9.0418558924e-15 1.5971704368e-14
4.1644287109e+02 2.4991827389e-14 9.0346334782e-15 1.5957193911e-14
4.1650390625e+02 2.4969460892e-14 9.0276100741e-15 1.5941850817e-14
4.1656494141e+02 2.4946888341e-14 9.0208974621e-15 1.5925990879e-14
4.1662597656e+02 2.4924531821e-14 9.0145951981e-15 1.5909936623e-14
4.1668701172e+02 2.4902768460e-14 9.0087770474e-15 1.5893991413e-14
4.1674804688e+02 2.4881895827e-14 9.0034847832e-15 1.5878411044e-14
4.1680908203e+02 2.4862105836e-14 8.9987198444e-15 1.5863385991e-14
4.1687011719e+02 2.4843468960e-14 8.9944383062e-15 1.5849030654e-14
4.1693115234e+02 2.4825937658e-14 8.9905593188e-15 1.5835378340e-14
4.1699218750e+02 2.4809367038e-14 8.9869700436e-15 1.5822396995e-14
4.1705322266e+02 2.4793540929e-14 8.9835391768e-15 1.5810001752e-14
4.1711425781e+02 2.4778214190e-14 8.9801312722e-15 1.5798082918e-14
4.1717529297e+02 2.4763153899e-14 8.9766231848e-15 1.5786530714e-14
4.1723632812e+02 2.4748173354e-14 8.9729157226e-15 1.5775257631e-14
4.1729736328e+02 2.4733155727e-14 8.9689477086e-15 1.5764208018e-14
4.1735839844e+02 2.4718067463e-14 8.9646965113e-15 1.5753370952e-14
4.1741943359e+02 2.4702954615e-14 8.9601791554e-15 1.5742775460e-14
4.1748046875e+02 2.4687936991e-14 8.9554480252e-15 1.5732488966e-14
4.1754150391e+02 2.4673181130e-14 8.9505777782e-15 1.5722603351e-14
4.1760253906e+02 2.4658870693e-14 8.9456548111e-15 1.5713215882e-14
4.1766357422e+02 2.4645178979e-14 8.9407631023e-15 1.5704415876e-14
4.1772460938e+02 2.4632252947e-14 8.9359795329e-15 1.5696273414e-14
4.1778564453e+02 2.4620198372e-14 8.9313628063e-15 1.5688835565e-14
4.1784667969e+02 2.4609061509e-14 8.9269449699e-15 1.5682116539e-14
4.1790771484e+02 2.4598834340e-14 8.9227364623e-15 1.5676097878e-14
4.1796875000e+02 2.4589450679e-14 8.9187281359e-15 1.5670722543e-14
4.1802978516e+02 2.4580796191e-14 8.9148956794e-15 1.5665900511e-14
4.1809082031e+02 2.4572705761e-14 8.9112030590e-15 1.5661502702e-14
4.1815185547e+02 2.4564982111e-14 8.9076098662e-15 1.5657372245e-14
4.1821289062e+02 2.4557400996e-14 8.9040770122e-15 1.5653323984e-14
4.1827392578e+02 2.4549719451e-14 8.9005686236e-15 1.5649150827e-14
4.1833496094e+02 2.4541689696e-14 8.8970511705e-15 1.5644638526e-14
4.1839599609e+02 2.4533069121e-14 8.8934918857e-15 1.5639577235e-14
4.1845703125e+02 2.4523636183e-14 8.8898587610e-15 1.5633777422e-14
4.1851806641e+02 2.4513202557e-14 8.8861259703e-15 1.5627076586e-14
4.1857910156e+02 2.4501616725e-14 8.8822673078e-15 1.5619349417e-14
4.1864013672e+02 2.4488772895e-14 8.8782625989e-15 1.5610510296e-14
4.1870117188e+02 2.4474617344e-14 8.8741025277e-15 1.5600514817e-14
4.1876220703e+02 2.4459147465e-14 8.8697935326e-15 1.5589353932e-14
4.1882324219e+02 2.4442412270e-14 8.8653617613e-15 1.5577050509e-14
4.1888427734e+02 2.4424509428e-14 8.8608540077e-15 1.5563655420e-14
4.1894531250e+02 2.4405584681e-14 8.8563364372e-15 1.5549248244e-14
4.1900634766e+02 2.4385825833e-14 8.8518904244e-15 1.5533935409e-14
4.1906738281e+02 2.4365464034e-14 8.8476037933e-15 1.5517860241e-14
4.1912841797e+02 2.4344764777e-14 8.8435635990e-15 1.5501201178e-14
4.1918945312e+02 2.4324012731e-14 8.8398396047e-15 1.5484173126e-14
4.1925048828e+02 2.4303502732e-14 8.8364783495e-15 1.5467024383e-14
4.1931152344e+02 2.4283526534e-14 8.8334950608e-15 1.5450031473e-14
4.1937255859e+02 2.4264359877e-14 8.8308715024e-15 1.5433488375e-14
4.1943359375e+02 2.4246244223e-14 8.8285540995e-15 1.5417690123e-14
4.1949462891e+02 2.4229363936e-14 8.8264604547e-15 1.5402903481e-14
4.1955566406e+02 2.4213833896e-14 8.8244786488e-15 1.5389355247e-14
4.1961669922e+02 2.4199708250e-14 8.8224834474e-15 1.5377224803e-14
4.1967773438e+02 2.4186967641e-14 8.8203441814e-15 1.5366623460e-14
4.1973876953e+02 2.4175521013e-14 8.8179333633e-15 1.5357587650e-14
4.1979980469e+02 2.4165218125e-14 8.8151351204e-15 1.5350083005e-14
4.1986083984e+02 2.4155865764e-14 8.8118514048e-15 1.5344014359e-14
4.1992187500e+02 2.4147243750e-14 8.8080129913e-15 1.5339230759e-14
4.1998291016e+02 2.4139122467e-14 8.8035843280e-15 1.5335538139e-14
4.2004394531e+02 2.4131275144e-14 8.7985633108e-15 1.5332711834e-14
4.2010498047e+02 2.4123489103e-14 8.7929832127e-15 1.5330505890e-14
4.2016601562e+02 2.4115571471e-14 8.7869061599e-15 1.5328665312e-14
4.2022705078e+02 2.4107349186e-14 8.7804224280e-15 1.5326926758e-14
4.2028808594e+02 2.4098667576e-14 8.7736358616e-15 1.5325031714e-14
4.2034912109e+02 2.4089393318e-14 8.7666583805e-15 1.5322734938e-14
4.2041015625e+02 2.4079412113e-14 8.7595981988e-15 1.5319813914e-14
4.2047119141e+02 2.4068627162e-14 8.7525552864e-15 1.5316071875e-14
4.2053222656e+02 2.4056964516e-14 8.7456097626e-15 1.5311354753e-14
4.2059326172e+02 2.4044380470e-14 8.7388212314e-15 1.5305559238e-14
4.2065429688e+02 2.4030878999e-14 8.7322331210e-15 1.5298645878e-14
4.2071533203e+02 2.4016514151e-14 8.7258698886e-15 1.5290644262e-14
4.2077636719e+02 2.4001400244e-14 8.7197440000e-15 1.5281656244e-14
4.2083740234e+02 2.3985700740e-14 8.7138587776e-15 1.5271841962e-14
4.2089843750e+02 2.3969627416e-14 8.7082136192e-15 1.5261413796e-14
4.2095947266e+02 2.3953429516e-14 8.7028114602e-15 1.5250618056e-14
4.2102050781e+02 2.3937359391e-14 8.6976545314e-15 1.5239704860e-14
4.2108154297e+02 2.3921658298e-14 8.6927498688e-15 1.5228908429e-14
4.2114257812e+02 2.3906531714e-14 8.6881087959e-15 1.5218422918e-14
4.2120361328e+02 2.3892136736e-14 8.6837476423e-15 1.5208389094e-14
4.2126464844e+02 2.3878569272e-14 8.6796879900e-15 1.5198881282e-14
4.2132568359e+02 2.3865870552e-14 8.6759519075e-15 1.5189918644e-14
4.2138671875e+02 2.3854033108e-14 8.6725600219e-15 1.5181473086e-14
4.2144775391e+02 2.3843010376e-14 8.6695301949e-15 1.5173480182e-14
4.2150878906e+02 2.3832736208e-14 8.6668718110e-15 1.5165864397e-14
4.2156982422e+02 2.3823146689e-14 8.6645835541e-15 1.5158563135e-14
4.2163085938e+02 2.3814187818e-14 8.6626452248e-15 1.5151542593e-14
4.2169189453e+02 2.3805825118e-14 8.6610236564e-15 1.5144801462e-14
4.2175292969e+02 2.3798044014e-14 8.6596651977e-15 1.5138378816e-14
4.2181396484e+02 2.3790852088e-14 8.6585008910e-15 1.5132351197e-14
4.2187500000e+02 2.3784273758e-14 8.6574532135e-15 1.5126820545e-14
4.2193603516e+02 2.3778337408e-14 8.6564404253e-15 1.5121896983e-14
4.2199707031e+02 2.3773059690e-14 8.6553844060e-15 1.5117675284e-14
4.2205810547e+02 2.3768427468e-14 8.6542159855e-15 1.5114211482e-14
4.2211914062e+02 2.3764389433e-14 8.6528821776e-15 1.5111507256e-14
4.2218017578e+02 2.3760842534e-14 8.6513512143e-15 1.5109491320e-14
4.2224121094e+02 2.3757615310e-14 8.6496074561e-15 1.5108007854e-14
4.2230224609e+02 2.3754472090e-14 8.6476556577e-15 1.5106816432e-14
4.2236328125e+02 2.3751120597e-14 8.6455145760e-15 1.5105606021e-14
4.2242431641e+02 2.3747224754e-14 8.6432124764e-15 1.5104012277e-14
4.2248535156e+02 2.3742431219e-14 8.6407806797e-15 1.5101650539e-14
4.2254638672e+02 2.3736407733e-14 8.6382486675e-15 1.5098159065e-14
4.2260742188e+02 2.3728880078e-14 8.6356384337e-15 1.5093241645e-14
4.2266845703e+02 2.3719667538e-14 8.6329638954e-15 1.5086703643e-14
4.2272949219e+02 2.3708703493e-14 8.6302211580e-15 1.5078482335e-14
4.2279052734e+02 2.3696055700e-14 8.6273921187e-15 1.5068663581e-14
4.2285156250e+02 2.3681922048e-14 8.6244483170e-15 1.5057473731e-14
4.2291259766e+02 2.3666603676e-14 8.6213514954e-15 1.5045252181e-14
4.2297363281e+02 2.3650472852e-14 8.6180591151e-15 1.5032413737e-14
4.2303466797e+02 2.3633929253e-14 8.6145269105e-15 1.5019402343e-14
4.2309570312e+02 2.3617345652e-14 8.6107139180e-15 1.5006631734e-14
4.2315673828e+02 2.3601031837e-14 8.6065907739e-15 1.4994441063e-14
4.2321777344e+02 2.3585197700e-14 8.6021406799e-15 1.4983057020e-14
4.2327880859e+02 2.3569936093e-14 8.5973613641e-15 1.4972574729e-14
4.2333984375e+02 2.3555221209e-14 8.5922585657e-15 1.4962962643e-14
4.2340087891e+02 2.3540918417e-14 8.5868468388e-15 1.4954071578e-14
4.2346191406e+02 2.3526812712e-14 8.5811433280e-15 1.4945669384e-14
4.2352294922e+02 2.3512649632e-14 8.5751649281e-15 1.4937484704e-14
4.2358398438e+02 2.3498177162e-14 8.5689249821e-15 1.4929252180e-14
4.2364501953e+02 2.3483183772e-14 8.5624347570e-15 1.4920749015e-14
4.2370605469e+02 2.3467532101e-14 8.5557045976e-15 1.4911827503e-14
4.2376708984e+02 2.3451178438e-14 8.5487433570e-15 1.4902435081e-14
4.2382812500e+02 2.3434194345e-14 8.5415731635e-15 1.4892621181e-14
4.2388916016e+02 2.3416765095e-14 8.5342296832e-15 1.4882535411e-14
4.2395019531e+02 2.3399174029e-14 8.5267652894e-15 1.4872408739e-14
4.2401123047e+02 2.3381767888e-14 8.5192507812e-15 1.4862517106e-14
4.2407226562e+02 2.3364925717e-14 8.5117722200e-15 1.4853153497e-14
4.2413330078e+02 2.3349016132e-14 8.5044287005e-15 1.4844587431e-14
4.2419433594e+02 2.3334346985e-14 8.4973165354e-15 1.4837030449e-14
4.2425537109e+02 2.3321127284e-14 8.4905229894e-15 1.4830604295e-14
4.2431640625e+02 2.3309432698e-14 8.4841156135e-15 1.4825317084e-14
4.2437744141e+02 2.3299192899e-14 8.4781362139e-15 1.4821056685e-14
4.2443847656e+02 2.3290191774e-14 8.4726013620e-15 1.4817590412e-14
4.2449951172e+02 2.3282088919e-14 8.4675004185e-15 1.4814588500e-14
4.2456054688e+02 2.3274455190e-14 8.4627995516e-15 1.4811655638e-14
4.2462158203e+02 2.3266815771e-14 8.4584557244e-15 1.4808360046e-14
4.2468261719e+02 2.3258699195e-14 8.4544207202e-15 1.4804278475e-14
4.2474365234e+02 2.3249692330e-14 8.4506550777e-15 1.4799037252e-14
4.2480468750e+02 2.3239486263e-14 8.4471315402e-15 1.4792354723e-14
4.2486572266e+02 2.3227904331e-14 8.4438430819e-15 1.4784061250e-14
4.2492675781e+02 2.3214912556e-14 8.4408002545e-15 1.4774112301e-14
4.2498779297e+02 2.3200618305e-14 8.4380270963e-15 1.4762591209e-14
4.2504882812e+02 2.3185250683e-14 8.4355551247e-15 1.4749695558e-14
4.2510986328e+02 2.3169132385e-14 8.4334140788e-15 1.4735718306e-14
4.2517089844e+02 2.3152633889e-14 8.4316204335e-15 1.4721013455e-14
4.2523193359e+02 2.3136134809e-14 8.4301716450e-15 1.4705963164e-14
4.2529296875e+02 2.3119978404e-14 8.4290380403e-15 1.4690940363e-14
4.2535400391e+02 2.3104452807e-14 8.4281668776e-15 1.4676285929e-14
4.2541503906e+02 2.3089766225e-14 8.4274793506e-15 1.4662286875e-14
4.2547607422e+02 2.3076038744e-14 8.4268803711e-15 1.4649158372e-14
4.2553710938e+02 2.3063307068e-14 8.4262678176e-15 1.4637039250e-14
4.2559814453e+02 2.3051538481e-14 8.4255408651e-15 1.4625997616e-14
4.2565917969e+02 2.3040643134e-14 8.4246080613e-15 1.4616035072e-14
4.2572021484e+02 2.3030495298e-14 8.4233937610e-15 1.4607101537e-14
4.2578125000e+02 2.3020949027e-14 8.4218463782e-15 1.4599102649e-14
4.2584228516e+02 2.3011851718e-14 8.4199384954e-15 1.4591913223e-14
4.2590332031e+02 2.3003054910e-14 8.4176626319e-15 1.4585392278e-14
4.2596435547e+02 2.2994425910e-14 8.4150303667e-15 1.4579395544e-14
4.2602539062e+02 2.2985846001e-14 8.4120674259e-15 1.4573778575e-14
4.2608642578e+02 2.2977219322e-14 8.4088127967e-15 1.4568406525e-14
4.2614746094e+02 2.2968469049e-14 8.4053101825e-15 1.4563158867e-14
4.2620849609e+02 2.2959549688e-14 8.4016066547e-15 1.4557943034e-14
4.2626953125e+02 2.2950439559e-14 8.3977445938e-15 1.4552694965e-14
4.2633056641e+02 2.2941145074e-14 8.3937632555e-15 1.4547381818e-14
4.2639160156e+02 2.2931703004e-14 8.3896939027e-15 1.4542009101e-14
4.2645263672e+02 2.2922174085e-14 8.3855593752e-15 1.4536614710e-14
4.2651367188e+02 2.2912643706e-14 8.3813719097e-15 1.4531271796e-14
4.2657470703e+02 2.2903208053e-14 8.3771312439e-15 1.4526076809e-14
4.2663574219e+02 2.2893966691e-14 8.3728231058e-15 1.4521143585e-14
4.2669677734e+02 2.2885012875e-14 8.3684249935e-15 1.4516587882e-14
4.2675781250e+02 2.2876423632e-14 8.3639109980e-15 1.4512512634e-14
4.2681884766e+02 2.2868254465e-14 8.3592539901e-15 1.4509000475e-14
4.2687988281e+02 2.2860520878e-14 8.3544298801e-15 1.4506090998e-14
4.2694091797e+02 2.2853189113e-14 8.3494202417e-15 1.4503768871e-14
4.2700195312e+02 2.2846165793e-14 8.3442159977e-15 1.4501949796e-14
4.2706298828e+02 2.2839293280e-14 8.3388185228e-15 1.4500474757e-14
4.2712402344e+02 2.2832350729e-14 8.3332383494e-15 1.4499112379e-14
4.2718505859e+02 2.2825051099e-14 8.3274911457e-15 1.4497559953e-14
4.2724609375e+02 2.2817057700e-14 8.3215955243e-15 1.4495462176e-14
4.2730712891e+02 2.2808007681e-14 8.3155755506e-15 1.4492432131e-14
4.2736816406e+02 2.2797532579e-14 8.3094532306e-15 1.4488079348e-14
4.2742919922e+02 2.2785303574e-14 8.3032481914e-15 1.4482055382e-14
4.2749023438e+02 2.2771064425e-14 8.2969793397e-15 1.4474085085e-14
4.2755126953e+02 2.2754659930e-14 8.2906589341e-15 1.4464000996e-14
4.2761230469e+02 2.2736067767e-14 8.2842961161e-15 1.4451771651e-14
4.2767333984e+02 2.2715418928e-14 8.2778976578e-15 1.4437521270e-14
4.2773437500e+02 2.2692996743e-14 8.2714674570e-15 1.4421529286e-14
4.2779541016e+02 2.2669230009e-14 8.2650137744e-15 1.4404216234e-14
4.2785644531e+02 2.2644669146e-14 8.2585489611e-15 1.4386120185e-14
4.2791748047e+02 2.2619943362e-14 8.2521014252e-15 1.4367841937e-14
4.2797851562e+02 2.2595717146e-14 8.2457156630e-15 1.4350001483e-14
4.2803955078e+02 2.2572630811e-14 8.2394551473e-15 1.4333175664e-14
4.2810058594e+02 2.2551254865e-14 8.2334047603e-15 1.4317850104e-14
4.2816162109e+02 2.2532032793e-14 8.2276682394e-15 1.4304364553e-14
4.2822265625e+02 2.2515242678e-14 8.2223550455e-15 1.4292887633e-14
4.2828369141e+02 2.2500983404e-14 8.2175729770e-15 1.4283410427e-14
4.2834472656e+02 2.2489152487e-14 8.2134122173e-15 1.4275740270e-14
4.2840576172e+02 2.2479472690e-14 8.2099320635e-15 1.4269540626e-14
4.2846679688e+02 2.2471518132e-14 8.2071467666e-15 1.4264371365e-14
4.2852783203e+02 2.2464770062e-14 8.2050261321e-15 1.4259743930e-14
4.2858886719e+02 2.2458671300e-14 8.2034894147e-15 1.4255181885e-14
4.2864990234e+02 2.2452696149e-14 8.2024157188e-15 1.4250280430e-14
4.2871093750e+02 2.2446409229e-14 8.2016565313e-15 1.4244752698e-14
4.2877197266e+02 2.2439518807e-14 8.2010550066e-15 1.4238463800e-14
4.2883300781e+02 2.2431902850e-14 8.2004582767e-15 1.4231444573e-14
4.2889404297e+02 2.2423623336e-14 8.1997343654e-15 1.4223888971e-14
4.2895507812e+02 2.2414909783e-14 8.1987819686e-15 1.4216127815e-14
4.2901611328e+02 2.2406125466e-14 8.1975380860e-15 1.4208587380e-14
4.2907714844e+02 2.2397708086e-14 8.1959765004e-15 1.4201731585e-14
4.2913818359e+02 2.2390108229e-14 8.1941034191e-15 1.4196004810e-14
4.2919921875e+02 2.2383715036e-14 8.1919437745e-15 1.4191771262e-14
4.2926025391e+02 2.2378802852e-14 8.1895358633e-15 1.4189266988e-14
4.2932128906e+02 2.2375477453e-14 8.1869193806e-15 1.4188558072e-14
4.2938232422e+02 2.2373660246e-14 8.1841273205e-15 1.4189532925e-14
4.2944335938e+02 2.2373085946e-14 8.1811806458e-15 1.4191905300e-14
4.2950439453e+02 2.2373327612e-14 8.1780873525e-15 1.4195240260e-14
4.2956542969e+02 2.2373848625e-14 8.1748426660e-15 1.4199005959e-14
4.2962646484e+02 2.2374058105e-14 8.1714342399e-15 1.4202623865e-14
4.2968750000e+02 2.2373393332e-14 8.1678495257e-15 1.4205543806e-14
4.2974853516e+02 2.2371374243e-14 8.1640809934e-15 1.4207293249e-14
4.2980957031e+02 2.2367658228e-14 8.1601298577e-15 1.4207528370e-14
4.2987060547e+02 2.2362065060e-14 8.1560080748e-15 1.4206056986e-14
4.2993164062e+02 2.2354585478e-14 8.1517382121e-15 1.4202847266e-14
4.2999267578e+02 2.2345370008e-14 8.1473536085e-15 1.4198016400e-14
4.3005371094e+02 2.2334689750e-14 8.1428889540e-15 1.4191800796e-14
4.3011474609e+02 2.2322889450e-14 8.1383787054e-15 1.4184510744e-14
4.3017578125e+02 2.2310337917e-14 8.1338540639e-15 1.4176483853e-14
4.3023681641e+02 2.2297379047e-14 8.1293378090e-15 1.4168041238e-14
4.3029785156e+02 2.2284289844e-14 8.1248430596e-15 1.4159446784e-14
4.3035888672e+02 2.2271255004e-14 8.1203788310e-15 1.4150876173e-14
4.3041992188e+02 2.2258350657e-14 8.1159508460e-15 1.4142399811e-14
4.3048095703e+02 2.2245549560e-14 8.1115681787e-15 1.4133981381e-14
4.3054199219e+02 2.2232723388e-14 8.1072446340e-15 1.4125478754e-14
4.3060302734e+02 2.2219669925e-14 8.1029996489e-15 1.4116670276e-14
4.3066406250e+02 2.2206150134e-14 8.0988626086e-15 1.4107287526e-14
4.3072509766e+02 2.2191909596e-14 8.0948645176e-15 1.4097045078e-14
4.3078613281e+02 2.2176720885e-14 8.0910377236e-15 1.4085683162e-14
4.3084716797e+02 2.2160417467e-14 8.0874102972e-15 1.4073007170e-14
4.3090820312e+02 2.2142917105e-14 8.0839995687e-15 1.4058917537e-14
4.3096923828e+02 2.2124244594e-14 8.0808152778e-15 1.4043429316e-14
4.3103027344e+02 2.2104535884e-14 8.0778471596e-15 1.4026688725e-14
4.3109130859e+02 2.2084038747e-14 8.0750747171e-15 1.4008964030e-14
4.3115234375e+02 2.2063095548e-14 8.0724646410e-15 1.3990630907e-14
4.3121337891e+02 2.2042106695e-14 8.0699709855e-15 1.3972135710e-14
4.3127441406e+02 2.2021503590e-14 8.0675371078e-15 1.3953966483e-14
4.3133544922e+02 2.2001699510e-14 8.0650987023e-15 1.3936600808e-14
4.3139648438e+02 2.1983054543e-14 8.0625863879e-15 1.3920468155e-14
4.3145751953e+02 2.1965860827e-14 8.0599325541e-15 1.3905928273e-14
4.3151855469e+02 2.1950309588e-14 8.0570747848e-15 1.3893234803e-14
4.3157958984e+02 2.1936489347e-14 8.0539624474e-15 1.3882526900e-14
4.3164062500e+02 2.1924384340e-14 8.0505606895e-15 1.3873823650e-14
4.3170166016e+02 2.1913894669e-14 8.0468576379e-15 1.3867037031e-14
4.3176269531e+02 2.1904843735e-14 8.0428658095e-15 1.3861977926e-14
4.3182373047e+02 2.1896998440e-14 8.0386241496e-15 1.3858374290e-14
4.3188476562e+02 2.1890080788e-14 8.0341896837e-15 1.3855891104e-14
4.3194580078e+02 2.1883786173e-14 8.0296352780e-15 1.3854150895e-14
4.3200683594e+02 2.1877788721e-14 8.0250372166e-15 1.3852751505e-14
4.3206787109e+02 2.1871754346e-14 8.0204674781e-15 1.3851286867e-14
4.3212890625e+02 2.1865356395e-14 8.0159818420e-15 1.3849374553e-14
4.3218994141e+02 2.1858291571e-14 8.0116136897e-15 1.3846677882e-14
4.3225097656e+02 2.1850295172e-14 8.0073735921e-15 1.3842921580e-14
4.3231201172e+02 2.1841159095e-14 8.0032505106e-15 1.3837908585e-14
4.3237304688e+02 2.1830754007e-14 7.9992146844e-15 1.3831539323e-14
4.3243408203e+02 2.1819044874e-14 7.9952260507e-15 1.3823818823e-14
4.3249511719e+02 2.1806086234e-14 7.9912418405e-15 1.3814844393e-14
4.3255615234e+02 2.1792035324e-14 7.9872247452e-15 1.3804810579e-14
4.3261718750e+02 2.1777135342e-14 7.9831502228e-15 1.3793985119e-14
4.3267822266e+02 2.1761701327e-14 7.9790127858e-15 1.3782688542e-14
4.3273925781e+02 2.1746094286e-14 7.9748203766e-15 1.3771273910e-14
4.3280029297e+02 2.1730683624e-14 7.9705963688e-15 1.3760087255e-14
4.3286132812e+02 2.1715823786e-14 7.9663758511e-15 1.3749447935e-14
4.3292236328e+02 2.1701819098e-14 7.9621986897e-15 1.3739620408e-14
4.3298339844e+02 2.1688902557e-14 7.9581046579e-15 1.3730797899e-14
4.3304443359e+02 2.1677209504e-14 7.9541262627e-15 1.3723083242e-14
4.3310546875e+02 2.1666772429e-14 7.9502830267e-15 1.3716489402e-14
4.3316650391e+02 2.1657514597e-14 7.9465788606e-15 1.3710935736e-14
4.3322753906e+02 2.1649266647e-14 7.9430025987e-15 1.3706264048e-14
4.3328857422e+02 2.1641778272e-14 7.9395238071e-15 1.3702254465e-14
4.3334960938e+02 2.1634745502e-14 7.9360997683e-15 1.3698645733e-14
4.3341064453e+02 2.1627844614e-14 7.9326825306e-15 1.3695162084e-14
4.3347167969e+02 2.1620762825e-14 7.9292199151e-15 1.3691542910e-14
4.3353271484e+02 2.1613234202e-14 7.9256640995e-15 1.3687570102e-14
4.3359375000e+02 2.1605059163e-14 7.9219767251e-15 1.3683082438e-14
4.3365478516e+02 2.1596133586e-14 7.9181338593e-15 1.3677999726e-14
4.3371582031e+02 2.1586443625e-14 7.9141252000e-15 1.3672318425e-14
4.3377685547e+02 2.1576065582e-14 7.9099568143e-15 1.3666108768e-14
4.3383789062e+02 2.1565151853e-14 7.9056452013e-15 1.3659506651e-14
4.3389892578e+02 2.1553906512e-14 7.9012156272e-15 1.3652690884e-14
4.3395996094e+02 2.1542563937e-14 7.8966958424e-15 1.3645868095e-14
4.3402099609e+02 2.1531357222e-14 7.8921148918e-15 1.3639242331e-14
4.3408203125e+02 2.1520489091e-14 7.8874958794e-15 1.3632993212e-14
4.3414306641e+02 2.1510117221e-14 7.8828608134e-15 1.3627256407e-14
4.3420410156e+02 2.1500333806e-14 7.8782273559e-15 1.3622106450e-14
4.3426513672e+02 2.1491161105e-14 7.8736130183e-15 1.3617548087e-14
4.3432617188e+02 2.1482555896e-14 7.8690403562e-15 1.3613515540e-14
4.3438720703e+02 2.1474412986e-14 7.8645379811e-15 1.3609875005e-14
4.3444824219e+02 2.1466584967e-14 7.8601446403e-15 1.3606440327e-14
4.3450927734e+02 2.1458890966e-14 7.8559048478e-15 1.3602986118e-14
4.3457031250e+02 2.1451134410e-14 7.8518658319e-15 1.3599268578e-14
4.3463134766e+02 2.1443122875e-14 7.8480749325e-15 1.3595047942e-14
4.3469238281e+02 2.1434681255e-14 7.8445699126e-15 1.3590111342e-14
4.3475341797e+02 2.1425669453e-14 7.8413699570e-15 1.3584299496e-14
4.3481445312e+02 2.1415985940e-14 7.8384722919e-15 1.3577513648e-14
4.3487548828e+02 2.1405579318e-14 7.8358480364e-15 1.3569731282e-14
4.3493652344e+02 2.1394450214e-14 7.8334426187e-15 1.3561007595e-14
4.3499755859e+02 2.1382649526e-14 7.8311799330e-15 1.3551469593e-14
4.3505859375e+02 2.1370270255e-14 7.8289692193e-15 1.3541301035e-14
4.3511962891e+02 2.1357443434e-14 7.8267186192e-15 1.3530724815e-14
4.3518066406e+02 2.1344326260e-14 7.8243438877e-15 1.3519982373e-14
4.3524169922e+02 2.1331082911e-14 7.8217807648e-15 1.3509302147e-14
4.3530273438e+02 2.1317873255e-14 7.8189911242e-15 1.3498882130e-14
4.3536376953e+02 2.1304847853e-14 7.8159638255e-15 1.3488884027e-14
4.3542480469e+02 2.1292135540e-14 7.8127165810e-15 1.3479418959e-14
4.3548583984e+02 2.1279831017e-14 7.8092854207e-15 1.3470545597e-14
4.3554687500e+02 2.1267998044e-14 7.8057180989e-15 1.3462279945e-14
4.3560791016e+02 2.1256668074e-14 7.8020596222e-15 1.3454608452e-14
4.3566894531e+02 2.1245832776e-14 7.7983442576e-15 1.3447488518e-14
4.3572998047e+02 2.1235451365e-14 7.7945847463e-15 1.3440866619e-14
4.3579101562e+02 2.1225453899e-14 7.7907737549e-15 1.3434680144e-14
4.3585205078e+02 2.1215752508e-14 7.7868887110e-15 1.3428863797e-14
4.3591308594e+02 2.1206252491e-14 7.7828940382e-15 1.3423358453e-14
4.3597412109e+02 2.1196869800e-14 7.7787551564e-15 1.3418114643e-14
4.3603515625e+02 2.1187540222e-14 7.7744481075e-15 1.3413092115e-14
4.3609619141e+02 2.1178237768e-14 7.7699719833e-15 1.3408265784e-14
4.3615722656e+02 2.1168987136e-14 7.7653560305e-15 1.3403631106e-14
4.3621826172e+02 2.1159860182e-14 7.7606566035e-15 1.3399203579e-14
4.3627929688e+02 2.1150975229e-14 7.7559579836e-15 1.3395017246e-14
4.3634033203e+02 2.1142480594e-14 7.7513627335e-15 1.3391117860e-14
4.3640136719e+02 2.1134529802e-14 7.7469784471e-15 1.3387551354e-14
4.3646240234e+02 2.1127256141e-14 7.7429077080e-15 1.3384348433e-14
4.3652343750e+02 2.1120741733e-14 7.7392320227e-15 1.3381509710e-14
4.3658447266e+02 2.1114999210e-14 7.7360058793e-15 1.3378993331e-14
4.3664550781e+02 2.1109956112e-14 7.7332488515e-15 1.3376707261e-14
4.3670654297e+02 2.1105460971e-14 7.7309461434e-15 1.3374514827e-14
4.3676757812e+02 2.1101285921e-14 7.7290473724e-15 1.3372238549e-14
4.3682861328e+02 2.1097159439e-14 7.7274720571e-15 1.3369687381e-14
4.3688964844e+02 2.1092787367e-14 7.7261164410e-15 1.3366670926e-14
4.3695068359e+02 2.1087885078e-14 7.7248629279e-15 1.3363022150e-14
4.3701171875e+02 2.1082200416e-14 7.7235826159e-15 1.3358617800e-14
4.3707275391e+02 2.1075531465e-14 7.7221510766e-15 1.3353380389e-14
4.3713378906e+02 2.1067740511e-14 7.7204534083e-15 1.3347287102e-14
4.3719482422e+02 2.1058757447e-14 7.7183907523e-15 1.3340366695e-14
4.3725585938e+02 2.1048571938e-14 7.7158887774e-15 1.3332683161e-14
4.3731689453e+02 2.1037224455e-14 7.7129022697e-15 1.3324322185e-14
4.3737792969e+02 2.1024808211e-14 7.7094198822e-15 1.3315388328e-14
4.3743896484e+02 2.1011456127e-14 7.7054637038e-15 1.3305992423e-14
4.3750000000e+02 2.0997329541e-14 7.7010842304e-15 1.3296245311e-14
4.3756103516e+02 2.0982618756e-14 7.6963569470e-15 1.3286261809e-14
4.3762207031e+02 2.0967540656e-14 7.6913739023e-15 1.3276166754e-14
4.3768310547e+02 2.0952333378e-14 7.6862334587e-15 1.3266099919e-14
4.3774414062e+02 2.0937248257e-14 7.6810308843e-15 1.3256217373e-14
4.3780517578e+02 2.0922542832e-14 7.6758520131e-15 1.3246690819e-14
4.3786621094e+02 2.0908465577e-14 7.6707675828e-15 1.3237697994e-14
4.3792724609e+02 2.0895246159e-14 7.6658282010e-15 1.3229417958e-14
4.3798828125e+02 2.0883079802e-14 7.6610637549e-15 1.3222016047e-14
4.3804931641e+02 2.0872116344e-14 7.6564918074e-15 1.3215624537e-14
4.3811035156e+02 2.0862448998e-14 7.6521182355e-15 1.3210330763e-14
4.3817138672e+02 2.0854107547e-14 7.6479424201e-15 1.3206165127e-14
4.3823242188e+02 2.0847050829e-14 7.6439594734e-15 1.3203091356e-14
4.3829345703e+02 2.0841170496e-14 7.6401689990e-15 1.3201001497e-14
4.3835449219e+02 2.0836295361e-14 7.6365719227e-15 1.3199723438e-14
4.3841552734e+02 2.0832202233e-14 7.6331713913e-15 1.3199030841e-14
4.3847656250e+02 2.0828610576e-14 7.6299691729e-15 1.3198641403e-14
4.3853759766e+02 2.0825206662e-14 7.6269633818e-15 1.3198243280e-14
4.3859863281e+02 2.0821657390e-14 7.6241462763e-15 1.3197511114e-14
4.3865966797e+02 2.0817624563e-14 7.6214961175e-15 1.3196128445e-14
4.3872070312e+02 2.0812787641e-14 7.6189802815e-15 1.3193807359e-14
4.3878173828e+02 2.0806862170e-14 7.6165507847e-15 1.3190311386e-14
4.3884277344e+02 2.0799621463e-14 7.6141498222e-15 1.3185471640e-14
4.3890380859e+02 2.0790913024e-14 7.6117131638e-15 1.3179199860e-14
4.3896484375e+02 2.0780674012e-14 7.6091766520e-15 1.3171497360e-14
4.3902587891e+02 2.0768931622e-14 7.6064869650e-15 1.3162444657e-14
4.3908691406e+02 2.0755803957e-14 7.6036078796e-15 1.3152196078e-14
4.3914794922e+02 2.0741489195e-14 7.6005286029e-15 1.3140960593e-14
4.3920898438e+02 2.0726242528e-14 7.5972658411e-15 1.3128976687e-14
4.3927001953e+02 2.0710349527e-14 7.5938648250e-15 1.3116484702e-14
4.3933105469e+02 2.0694098706e-14 7.5903955646e-15 1.3103703141e-14
4.3939208984e+02 2.0677755551e-14 7.5869421896e-15 1.3090813362e-14
4.3945312500e+02 2.0661530943e-14 7.5835907064e-15 1.3077940237e-14
4.3951416016e+02 2.0645577879e-14 7.5804198027e-15 1.3065158076e-14
4.3957519531e+02 2.0629977830e-14 7.5774863255e-15 1.3052491504e-14
4.3963623047e+02 2.0614752653e-14 7.5748188049e-15 1.3039933848e-14
4.3969726562e+02 2.0599868268e-14 7.5724094560e-15 1.3027458812e-14
4.3975830078e+02 2.0585259312e-14 7.5702153972e-15 1.3015043915e-14
4.3981933594e+02 2.0570855180e-14 7.5681642694e-15 1.3002690910e-14
4.3988037109e+02 2.0556602159e-14 7.5661664305e-15 1.2990435728e-14
4.3994140625e+02 2.0542484550e-14 7.5641230345e-15 1.2978361515e-14
4.4000244141e+02 2.0528536938e-14 7.5619363256e-15 1.2966600613e-14
4.4006347656e+02 2.0514853950e-14 7.5595257568e-15 1.2955328193e-14
4.4012451172e+02 2.0501582640e-14 7.5568354954e-15 1.2944747145e-14
4.4018554688e+02 2.0488912477e-14 7.5538357143e-15 1.2935076763e-14
4.4024658203e+02 2.0477050009e-14 7.5505253461e-15 1.2926524663e-14
4.4030761719e+02 2.0466193698e-14 7.5469326384e-15 1.2919261059e-14
4.4036865234e+02 2.0456505016e-14 7.5431066752e-15 1.2913398341e-14
4.4042968750e+02 2.0448079839e-14 7.5391091791e-15 1.2908970660e-14
4.4049072266e+02 2.0440918152e-14 7.5350054593e-15 1.2905912693e-14
4.4055175781e+02 2.0434910290e-14 7.5308560456e-15 1.2904054245e-14
4.4061279297e+02 2.0429842234e-14 7.5267134269e-15 1.2903128807e-14
4.4067382812e+02 2.0425402245e-14 7.5226121419e-15 1.2902790103e-14
4.4073486328e+02 2.0421206304e-14 7.5185690426e-15 1.2902637262e-14
4.4079589844e+02 2.0416839218e-14 7.5145851212e-15 1.2902254097e-14
4.4085693359e+02 2.0411900725e-14 7.5106469250e-15 1.2901253800e-14
4.4091796875e+02 2.0406047220e-14 7.5067302585e-15 1.2899316961e-14
4.4097900391e+02 2.0399038152e-14 7.5028098684e-15 1.2896228283e-14
4.4104003906e+02 2.0390760043e-14 7.4988607187e-15 1.2891899324e-14
4.4110107422e+02 2.0381241353e-14 7.4948676850e-15 1.2886373668e-14
4.4116210938e+02 2.0370642778e-14 7.4908210994e-15 1.2879821679e-14
4.4122314453e+02 2.0359237925e-14 7.4867269936e-15 1.2872510932e-14
4.4128417969e+02 2.0347375400e-14 7.4826021518e-15 1.2864773248e-14
4.4134521484e+02 2.0335430041e-14 7.4784704606e-15 1.2856959581e-14
4.4140625000e+02 2.0323757145e-14 7.4743618456e-15 1.2849395300e-14
4.4146728516e+02 2.0312646321e-14 7.4703078785e-15 1.2842338442e-14
4.4152832031e+02 2.0302291055e-14 7.4663400397e-15 1.2835951015e-14
4.4158935547e+02 2.0292778203e-14 7.4624879167e-15 1.2830290286e-14
4.4165039062e+02 2.0284080386e-14 7.4587749105e-15 1.2825305476e-14
4.4171142578e+02 2.0276075224e-14 7.4552191338e-15 1.2820856090e-14
4.4177246094e+02 2.0268570821e-14 7.4518340235e-15 1.2816736798e-14
4.4183349609e+02 2.0261344222e-14 7.4486287017e-15 1.2812715520e-14
4.4189453125e+02 2.0254174904e-14 7.4456096645e-15 1.2808565240e-14
4.4195556641e+02 2.0246884002e-14 7.4427838206e-15 1.2804100182e-14
4.4201660156e+02 2.0239349096e-14 7.4401524717e-15 1.2799196624e-14
4.4207763672e+02 2.0231525181e-14 7.4377176802e-15 1.2793807501e-14
4.4213867188e+02 2.0223444682e-14 7.4354783879e-15 1.2787966294e-14
4.4219970703e+02 2.0215204786e-14 7.4334303718e-15 1.2781774414e-14
4.4226074219e+02 2.0206951820e-14 7.4315641941e-15 1.2775387626e-14
4.4232177734e+02 2.0198842214e-14 7.4298616513e-15 1.2768980563e-14
4.4238281250e+02 2.0191017601e-14 7.4282951409e-15 1.2762722460e-14
4.4244384766e+02 2.0183575619e-14 7.4268286508e-15 1.2756746969e-14
4.4250488281e+02 2.0176540930e-14 7.4254148042e-15 1.2751126126e-14
4.4256591797e+02 2.0169863170e-14 7.4239982275e-15 1.2745864943e-14
4.4262695312e+02 2.0163410046e-14 7.4225190506e-15 1.2740890996e-14
4.4268798828e+02 2.0156985858e-14 7.4209145830e-15 1.2736071275e-14
4.4274902344e+02 2.0150355931e-14 7.4191265147e-15 1.2731229416e-14
4.4281005859e+02 2.0143287251e-14 7.4171064442e-15 1.2726180807e-14
4.4287109375e+02 2.0135579218e-14 7.4148186353e-15 1.2720760582e-14
4.4293212891e+02 2.0127097141e-14 7.4122398412e-15 1.2714857299e-14
4.4299316406e+02 2.0117791599e-14 7.4093632565e-15 1.2708428342e-14
4.4305419922e+02 2.0107706199e-14 7.4061980172e-15 1.2701508182e-14
4.4311523438e+02 2.0096966183e-14 7.4027661280e-15 1.2694200055e-14
4.4317626953e+02 2.0085746897e-14 7.3990966045e-15 1.2686650292e-14
4.4323730469e+02 2.0074240470e-14 7.3952221094e-15 1.2679018361e-14
4.4329833984e+02 2.0062616002e-14 7.3911780832e-15 1.2671437919e-14
4.4335937500e+02 2.0050981743e-14 7.3869976852e-15 1.2663984057e-14
4.4342041016e+02 2.0039362122e-14 7.3827105976e-15 1.2656651525e-14
4.4348144531e+02 2.0027691822e-14 7.3783453779e-15 1.2649346444e-14
4.4354248047e+02 2.0015827794e-14 7.3739312355e-15 1.2641896558e-14
4.4360351562e+02 2.0003579977e-14 7.3694965031e-15 1.2634083474e-14
4.4366455078e+02 1.9990752976e-14 7.3650737346e-15 1.2625679242e-14
4.4372558594e+02 1.9977182121e-14 7.3606950444e-15 1.2616487077e-14
4.4378662109e+02 1.9962772036e-14 7.3563919722e-15 1.2606380064e-14
4.4384765625e+02 1.9947521220e-14 7.3521931778e-15 1.2595328042e-14
4.4390869141e+02 1.9931536997e-14 7.3481204956e-15 1.2583416501e-14
4.4396972656e+02 1.9915029727e-14 7.3441820750e-15 1.2570847652e-14
4.4403076172e+02 1.9898295153e-14 7.3403737929e-15 1.2557921360e-14
4.4409179688e+02 1.9881682298e-14 7.3366719037e-15 1.2545010395e-14
4.4415283203e+02 1.9865568388e-14 7.3330387842e-15 1.2532529604e-14
4.4421386719e+02 1.9850322977e-14 7.3294237715e-15 1.2520899205e-14
4.4427490234e+02 1.9836282668e-14 7.3257710681e-15 1.2510511599e-14
4.4433593750e+02 1.9823720373e-14 7.3220241544e-15 1.2501696218e-14
4.4439697266e+02 1.9812830964e-14 7.3181398231e-15 1.2494691141e-14
4.4445800781e+02 1.9803723661e-14 7.3140963892e-15 1.2489627271e-14
4.4451904297e+02 1.9796408283e-14 7.3098957525e-15 1.2486512531e-14
4.4458007812e+02 1.9790801023e-14 7.3055714570e-15 1.2485229566e-14
4.4464111328e+02 1.9786727457e-14 7.3011863658e-15 1.2485541091e-14
4.4470214844e+02 1.9783933294e-14 7.2968283430e-15 1.2487104951e-14
4.4476318359e+02 1.9782100263e-14 7.2925999901e-15 1.2489500273e-14
4.4482421875e+02 1.9780863977e-14 7.2886055635e-15 1.2492258413e-14
4.4488525391e+02 1.9779843254e-14 7.2849406212e-15 1.2494902633e-14
4.4494628906e+02 1.9778656460e-14 7.2816777264e-15 1.2496978733e-14
4.4500732422e+02 1.9776944452e-14 7.2788544399e-15 1.2498090012e-14
4.4506835938e+02 1.9774387600e-14 7.2764676950e-15 1.2497919905e-14
4.4512939453e+02 1.9770726152e-14 7.2744757138e-15 1.2496250438e-14
4.4519042969e+02 1.9765760446e-14 7.2728018133e-15 1.2492958633e-14
4.4525146484e+02 1.9759356660e-14 7.2713410558e-15 1.2488015604e-14
4.4531250000e+02 1.9751449306e-14 7.2699738723e-15 1.2481475433e-14
4.4537353516e+02 1.9742039233e-14 7.2685801002e-15 1.2473459133e-14
4.4543457031e+02 1.9731191032e-14 7.2670541904e-15 1.2464136842e-14
4.4549560547e+02 1.9719023593e-14 7.2653119672e-15 1.2453711626e-14
4.4555664062e+02 1.9705704057e-14 7.2632980060e-15 1.2442406051e-14
4.4561767578e+02 1.9691441284e-14 7.2609909704e-15 1.2430450313e-14
4.4567871094e+02 1.9676475154e-14 7.2583976013e-15 1.2418077553e-14
4.4573974609e+02 1.9661072189e-14 7.2555501573e-15 1.2405522032e-14
4.4580078125e+02 1.9645501956e-14 7.2524939870e-15 1.2393007969e-14
4.4586181641e+02 1.9630034381e-14 7.2492808506e-15 1.2380753530e-14
4.4592285156e+02 1.9614926322e-14 7.2459613775e-15 1.2368964945e-14
4.4598388672e+02 1.9600409953e-14 7.2425788763e-15 1.2357831077e-14
4.4604492188e+02 1.9586685951e-14 7.2391650101e-15 1.2347520940e-14
4.4610595703e+02 1.9573922428e-14 7.2357409029e-15 1.2338181525e-14
4.4616699219e+02 1.9562247806e-14 7.2323206663e-15 1.2329927140e-14
4.4622802734e+02 1.9551750863e-14 7.2289155118e-15 1.2322835351e-14
4.4628906250e+02 1.9542482159e-14 7.2255409692e-15 1.2316941190e-14
4.4635009766e+02 1.9534455801e-14 7.2222212576e-15 1.2312234543e-14
4.4641113281e+02 1.9527641471e-14 7.2189887631e-15 1.2308652708e-14
4.4647216797e+02 1.9521965225e-14 7.2158818195e-15 1.2306083406e-14
4.4653320312e+02 1.9517309736e-14 7.2129377883e-15 1.2304371948e-14
4.4659423828e+02 1.9513512503e-14 7.2101854191e-15 1.2303327084e-14
4.4665527344e+02 1.9510372253e-14 7.2076369996e-15 1.2302735254e-14
4.4671630859e+02 1.9507659161e-14 7.2052818876e-15 1.2302377274e-14
4.4677734375e+02 1.9505123930e-14 7.2030783251e-15 1.2302045605e-14
4.4683837891e+02 1.9502521492e-14 7.2009627364e-15 1.2301558755e-14
4.4689941406e+02 1.9499624452e-14 7.1988513668e-15 1.2300773086e-14
4.4696044922e+02 1.9496246424e-14 7.1966541780e-15 1.2299592246e-14
4.4702148438e+02 1.9492241909e-14 7.1942857624e-15 1.2297956147e-14
4.4708251953e+02 1.9487522016e-14 7.1916846503e-15 1.2295837366e-14
4.4714355469e+02 1.9482048410e-14 7.1888145900e-15 1.2293233820e-14
4.4720458984e+02 1.9475823037e-14 7.1856760123e-15 1.2290147024e-14
4.4726562500e+02 1.9468872392e-14 7.1823015546e-15 1.2286570837e-14
4.4732666016e+02 1.9461229964e-14 7.1787525638e-15 1.2282477401e-14
4.4738769531e+02 1.9452921266e-14 7.1751082042e-15 1.2277813061e-14
4.4744873047e+02 1.9443958862e-14 7.1714541737e-15 1.2272504688e-14
4.4750976562e+02 1.9434334941e-14 7.1678678360e-15 1.2266467105e-14
4.4757080078e+02 1.9424023444e-14 7.1644098014e-15 1.2259613643e-14
4.4763183594e+02 1.9412997193e-14 7.1611164068e-15 1.2251880787e-14
4.4769287109e+02 1.9401230150e-14 7.1579962320e-15 1.2243233918e-14
4.4775390625e+02 1.9388713117e-14 7.1550272551e-15 1.2233685862e-14
4.4781494141e+02 1.9375470208e-14 7.1521628715e-15 1.2223307337e-14
4.4787597656e+02 1.9361560494e-14 7.1493366434e-15 1.2212223851e-14
4.4793701172e+02 1.9347083022e-14 7.1464693015e-15 1.2200613720e-14
4.4799804688e+02 1.9332170803e-14 7.1434743665e-15 1.2188696436e-14
4.4805908203e+02 1.9316994522e-14 7.1402716630e-15 1.2176722859e-14
4.4812011719e+02 1.9301750933e-14 7.1367950147e-15 1.2164955918e-14
4.4818115234e+02 1.9286651014e-14 7.1329992040e-15 1.2153651810e-14
4.4824218750e+02 1.9271915527e-14 7.1288682561e-15 1.2143047271e-14
4.4830322266e+02 1.9257763981e-14 7.1244156180e-15 1.2133348363e-14
4.4836425781e+02 1.9244414800e-14 7.1196897556e-15 1.2124725045e-14
4.4842529297e+02 1.9232064538e-14 7.1147669451e-15 1.2117297592e-14
4.4848632812e+02 1.9220881479e-14 7.1097461245e-15 1.2111135355e-14
4.4854736328e+02 1.9211003033e-14 7.1047388379e-15 1.2106264195e-14
4.4860839844e+02 1.9202523465e-14 7.0998593912e-15 1.2102664074e-14
4.4866943359e+02 1.9195495381e-14 7.0952157574e-15 1.2100279624e-14
4.4873046875e+02 1.9189922672e-14 7.0909001913e-15 1.2099022481e-14
4.4879150391e+02 1.9185758785e-14 7.0869858738e-15 1.2098772911e-14
4.4885253906e+02 1.9182904332e-14 7.0835172236e-15 1.2099387109e-14
4.4891357422e+02 1.9181217844e-14 7.0805161692e-15 1.2100701675e-14
4.4897460938e+02 1.9180508661e-14 7.0779804892e-15 1.2102528172e-14
4.4903564453e+02 1.9180547490e-14 7.0758843886e-15 1.2104663101e-14
4.4909667969e+02 1.9181069770e-14 7.0741801699e-15 1.2106889600e-14
4.4915771484e+02 1.9181782598e-14 7.0728023719e-15 1.2108980226e-14
4.4921875000e+02 1.9182378509e-14 7.0716697948e-15 1.2110708714e-14
4.4927978516e+02 1.9182543678e-14 7.0706889282e-15 1.2111854750e-14
4.4934082031e+02 1.9181966334e-14 7.0697556228e-15 1.2112210711e-14
4.4940185547e+02 1.9180349824e-14 7.0687608642e-15 1.2111588960e-14
4.4946289062e+02 1.9177419686e-14 7.0675965618e-15 1.2109823124e-14
4.4952392578e+02 1.9172939597e-14 7.0661643455e-15 1.2106775251e-14
4.4958496094e+02 1.9166716242e-14 7.0643831102e-15 1.2102333132e-14
4.4964599609e+02 1.9158608373e-14 7.0621973434e-15 1.2096411029e-14
4.4970703125e+02 1.9148540100e-14 7.0595801365e-15 1.2088959963e-14
4.4976806641e+02 1.9136501924e-14 7.0565386316e-15 1.2079963292e-14
4.4982910156e+02 1.9122558428e-14 7.0531133642e-15 1.2069445064e-14
4.4989013672e+02 1.9106862003e-14 7.0493779685e-15 1.2057484035e-14
4.4995117188e+02 1.9089641991e-14 7.0454272878e-15 1.2044214703e-14
4.5001220703e+02 1.9071207872e-14 7.0413741209e-15 1.2029833751e-14
4.5007324219e+02 1.9051936567e-14 7.0373335757e-15 1.2014602991e-14
4.5013427734e+02 1.9032253719e-14 7.0334145120e-15 1.1998839207e-14
4.5019531250e+02 1.9012608846e-14 7.0297084705e-15 1.1982900375e-14
4.5025634766e+02 1.8993445499e-14 7.0262839186e-15 1.1967161580e-14
4.5031738281e+02 1.8975168730e-14 7.0231773548e-15 1.1951991375e-14
4.5037841797e+02 1.8958112636e-14 7.0203932085e-15 1.1937719427e-14
4.5043945312e+02 1.8942525502e-14 7.0179044649e-15 1.1924621038e-14
4.5050048828e+02 1.8928546733e-14 7.0156565483e-15 1.1912890185e-14
4.5056152344e+02 1.8916205279e-14 7.0135751702e-15 1.1902630109e-14
4.5062255859e+02 1.8905426640e-14 7.0115730566e-15 1.1893853583e-14
4.5068359375e+02 1.8896053265e-14 7.0095599622e-15 1.1886493303e-14
4.5074462891e+02 1.8887863327e-14 7.0074519878e-15 1.1880411339e-14
4.5080566406e+02 1.8880605115e-14 7.0051765934e-15 1.1875428522e-14
4.5086669922e+02 1.8874019831e-14 7.0026810440e-15 1.1871338787e-14
4.5092773438e+02 1.8867870970e-14 6.9999349203e-15 1.1867936050e-14
4.5098876953e+02 1.8861962106e-14 6.9969348868e-15 1.1865027219e-14
4.5104980469e+02 1.8856150086e-14 6.9937010980e-15 1.1862448988e-14
4.5111083984e+02 1.8850349605e-14 6.9902787577e-15 1.1860070847e-14
4.5117187500e+02 1.8844526768e-14 6.9867333333e-15 1.1857793435e-14
4.5123291016e+02 1.8838687500e-14 6.9831443891e-15 1.1855543111e-14
4.5129394531e+02 1.8832864870e-14 6.9795994889e-15 1.1853265381e-14
4.5135498047e+02 1.8827096223e-14 6.9761818100e-15 1.1850914413e-14
4.5141601562e+02 1.8821408103e-14 6.9729635553e-15 1.1848444548e-14
4.5147705078e+02 1.8815794216e-14 6.9699945633e-15 1.1845799652e-14
4.5153808594e+02 1.8810217452e-14 6.9672954544e-15 1.1842921997e-14
4.5159912109e+02 1.8804603549e-14 6.9648546841e-15 1.1839748865e-14
4.5166015625e+02 1.8798841544e-14 6.9626260014e-15 1.1836215542e-14
4.5172119141e+02 1.8792797291e-14 6.9605375490e-15 1.1832259742e-14
4.5178222656e+02 1.8786323497e-14 6.9584962518e-15 1.1827827246e-14
4.5184326172e+02 1.8779283621e-14 6.9564012359e-15 1.1822882385e-14
4.5190429688e+02 1.8771563052e-14 6.9541591966e-15 1.1817403855e-14
4.5196533203e+02 1.8763089053e-14 6.9516971478e-15 1.1811391905e-14
4.5202636719e+02 1.8753841116e-14 6.9489707913e-15 1.1804870324e-14
4.5208740234e+02 1.8743854757e-14 6.9459692701e-15 1.1797885487e-14
4.5214843750e+02 1.8733219594e-14 6.9427206250e-15 1.1790498968e-14
4.5220947266e+02 1.8722075380e-14 6.9392824319e-15 1.1782792948e-14
4.5227050781e+02 1.8710595582e-14 6.9357324619e-15 1.1774863120e-14
4.5233154297e+02 1.8698970709e-14 6.9321584517e-15 1.1766812258e-14
4.5239257812e+02 1.8687386918e-14 6.9286472377e-15 1.1758739680e-14
4.5245361328e+02 1.8676006268e-14 6.9252704928e-15 1.1750735775e-14
4.5251464844e+02 1.8664945282e-14 6.9220806065e-15 1.1742864676e-14
4.5257568359e+02 1.8654267197e-14 6.9191079775e-15 1.1735159220e-14
4.5263671875e+02 1.8643973985e-14 6.9163593910e-15 1.1727614594e-14
4.5269775391e+02 1.8634004017e-14 6.9138204563e-15 1.1720183560e-14
4.5275878906e+02 1.8624247922e-14 6.9114628472e-15 1.1712785075e-14
4.5281982422e+02 1.8614570310e-14 6.9092529081e-15 1.1705317402e-14
4.5288085938e+02 1.8604835089e-14 6.9071539472e-15 1.1697681142e-14
4.5294189453e+02 1.8594929342e-14 6.9051340090e-15 1.1689795333e-14
4.5300292969e+02 1.8584782134e-14 6.9031644466e-15 1.1681617688e-14
4.5306396484e+02 1.8574388526e-14 6.9012276216e-15 1.1673160904e-14
4.5312500000e+02 1.8563811741e-14 6.8993121447e-15 1.1664499596e-14
4.5318603516e+02 1.8553180278e-14 6.8974140298e-15 1.1655766248e-14
4.5324707031e+02 1.8542681521e-14 6.8955358778e-15 1.1647145643e-14
4.5330810547e+02 1.8532526814e-14 6.8936803181e-15 1.1638846496e-14
4.5336914062e+02 1.8522933550e-14 6.8918524881e-15 1.1631081062e-14
4.5343017578e+02 1.8514094165e-14 6.8900575475e-15 1.1624036618e-14
4.5349121094e+02 1.8506147610e-14 6.8882999245e-15 1.1617847686e-14
4.5355224609e+02 1.8499152903e-14 6.8865841679e-15 1.1612568735e-14
4.5361328125e+02 1.8493077456e-14 6.8849153870e-15 1.1608162069e-14
4.5367431641e+02 1.8487789424e-14 6.8832986398e-15 1.1604490784e-14
4.5373535156e+02 1.8483067201e-14 6.8817427380e-15 1.1601324463e-14
4.5379638672e+02 1.8478612189e-14 6.8802574697e-15 1.1598354720e-14
4.5385742188e+02 1.8474075277e-14 6.8788508338e-15 1.1595224443e-14
4.5391845703e+02 1.8469088458e-14 6.8775322556e-15 1.1591556203e-14
4.5397949219e+02 1.8463297016e-14 6.8763043272e-15 1.1586992688e-14
4.5404052734e+02 1.8456393313e-14 6.8751614808e-15 1.1581231832e-14
4.5410156250e+02 1.8448152921e-14 6.8740862555e-15 1.1574066666e-14
4.5416259766e+02 1.8438455214e-14 6.8730469368e-15 1.1565408277e-14
4.5422363281e+02 1.8427301654e-14 6.8719985089e-15 1.1555303145e-14
4.5428466797e+02 1.8414816129e-14 6.8708822674e-15 1.1543933862e-14
4.5434570312e+02 1.8401242450e-14 6.8696304203e-15 1.1531612030e-14
4.5440673828e+02 1.8386926104e-14 6.8681713202e-15 1.1518754784e-14
4.5446777344e+02 1.8372279134e-14 6.8664351157e-15 1.1505844018e-14
4.5452880859e+02 1.8357750276e-14 6.8643562867e-15 1.1493393989e-14
4.5458984375e+02 1.8343784615e-14 6.8618813503e-15 1.1481903264e-14
4.5465087891e+02 1.8330783921e-14 6.8589704655e-15 1.1471813455e-14
4.5471191406e+02 1.8319078722e-14 6.8555971894e-15 1.1463481532e-14
4.5477294922e+02 1.8308899633e-14 6.8517534945e-15 1.1457146138e-14
4.5483398438e+02 1.8300362416e-14 6.8474500461e-15 1.1452912370e-14
4.5489501953e+02 1.8293469502e-14 6.8427186611e-15 1.1450750840e-14
4.5495605469e+02 1.8288115380e-14 6.8376122721e-15 1.1450503108e-14
4.5501708984e+02 1.8284111424e-14 6.8322067762e-15 1.1451904648e-14
4.5507812500e+02 1.8281200755e-14 6.8266004177e-15 1.1454600337e-14
4.5513916016e+02 1.8279083527e-14 6.8209072974e-15 1.1458176229e-14
4.5520019531e+02 1.8277446252e-14 6.8152530357e-15 1.1462193217e-14
4.5526123047e+02 1.8275980739e-14 6.8097615225e-15 1.1466219217e-14
4.5532226562e+02 1.8274397844e-14 6.8045483700e-15 1.1469849474e-14
4.5538330078e+02 1.8272437707e-14 6.7997062391e-15 1.1472731468e-14
4.5544433594e+02 1.8269879626e-14 6.7952959771e-15 1.1474583649e-14
4.5550537109e+02 1.8266550280e-14 6.7913410021e-15 1.1475209278e-14
4.5556640625e+02 1.8262326654e-14 6.7878307657e-15 1.1474495889e-14
4.5562744141e+02 1.8257144277e-14 6.7847203849e-15 1.1472423892e-14
4.5568847656e+02 1.8250991800e-14 6.7819415719e-15 1.1469050229e-14
4.5574951172e+02 1.8243917207e-14 6.7794150436e-15 1.1464502164e-14
4.5581054688e+02 1.8236026150e-14 6.7770649295e-15 1.1458961220e-14
4.5587158203e+02 1.8227467007e-14 6.7748223246e-15 1.1452644682e-14
4.5593261719e+02 1.8218418211e-14 6.7726342306e-15 1.1445783980e-14
4.5599365234e+02 1.8209073947e-14 6.7704671928e-15 1.1438606754e-14
4.5605468750e+02 1.8199628906e-14 6.7683020892e-15 1.1431326817e-14
4.5611572266e+02 1.8190255079e-14 6.7661315970e-15 1.1424123482e-14
4.5617675781e+02 1.8181092499e-14 6.7639525385e-15 1.1417139961e-14
4.5623779297e+02 1.8172236563e-14 6.7617598336e-15 1.1410476730e-14
4.5629882812e+02 1.8163730038e-14 6.7595440585e-15 1.1404185979e-14
4.5635986328e+02 1.8155560499e-14 6.7572886585e-15 1.1398271840e-14
4.5642089844e+02 1.8147673205e-14 6.7549723752e-15 1.1392700830e-14
4.5648193359e+02 1.8139964644e-14 6.7525684968e-15 1.1387396147e-14
4.5654296875e+02 1.8132288749e-14 6.7500490603e-15 1.1382239689e-14
4.5660400391e+02 1.8124479652e-14 6.7473914147e-15 1.1377088237e-14
4.5666503906e+02 1.8116353925e-14 6.7445745784e-15 1.1371779347e-14
4.5672607422e+02 1.8107731850e-14 6.7415877085e-15 1.1366144142e-14
4.5678710938e+02 1.8098449647e-14 6.7384281022e-15 1.1360021545e-14
4.5684814453e+02 1.8088372592e-14 6.7351008636e-15 1.1353271729e-14
4.5690917969e+02 1.8077411074e-14 6.7316211043e-15 1.1345789969e-14
4.5697021484e+02 1.8065533102e-14 6.7280151016e-15 1.1337518001e-14
4.5703125000e+02 1.8052766857e-14 6.7243170859e-15 1.1328449771e-14
4.5709228516e+02 1.8039208300e-14 6.7205717130e-15 1.1318636587e-14
4.5715332031e+02 1.8025015958e-14 6.7168331285e-15 1.1308182830e-14
4.5721435547e+02 1.8010402373e-14 6.7131606070e-15 1.1297241766e-14
4.5727539062e+02 1.7995620239e-14 6.7096135359e-15 1.1286006703e-14
4.5733642578e+02 1.7980946101e-14 6.7062452659e-15 1.1274700835e-14
4.5739746094e+02 1.7966665645e-14 6.7031007342e-15 1.1263564910e-14
4.5745849609e+02 1.7953050182e-14 6.7002080365e-15 1.1252842146e-14
4.5751953125e+02 1.7940343113e-14 6.6975707874e-15 1.1242772326e-14
4.5758056641e+02 1.7928752031e-14 6.6951698682e-15 1.1233582162e-14
4.5764160156e+02 1.7918435139e-14 6.6929633359e-15 1.1225471804e-14
4.5770263672e+02 1.7909503008e-14 6.6908884542e-15 1.1218614554e-14
4.5776367188e+02 1.7902013533e-14 6.6888698906e-15 1.1213143642e-14
4.5782470703e+02 1.7895977083e-14 6.6868288960e-15 1.1209148187e-14
4.5788574219e+02 1.7891365032e-14 6.6846903730e-15 1.1206674659e-14
4.5794677734e+02 1.7888116388e-14 6.6823924092e-15 1.1205723978e-14
4.5800781250e+02 1.7886135482e-14 6.6798940537e-15 1.1206241429e-14
4.5806884766e+02 1.7885301048e-14 6.6771801837e-15 1.1208120864e-14
4.5812988281e+02 1.7885459490e-14 6.6742598724e-15 1.1211199618e-14
4.5819091797e+02 1.7886426013e-14 6.6711638144e-15 1.1215262199e-14
4.5825195312e+02 1.7887977524e-14 6.6679420425e-15 1.1220035482e-14
4.5831298828e+02 1.7889853529e-14 6.6646548530e-15 1.1225198676e-14
4.5837402344e+02 1.7891761875e-14 6.6613660109e-15 1.1230395864e-14
4.5843505859e+02 1.7893392024e-14 6.6581338642e-15 1.1235258160e-14
4.5849609375e+02 1.7894439447e-14 6.6550084335e-15 1.1239431014e-14
4.5855712891e+02 1.7894620808e-14 6.6520229095e-15 1.1242597899e-14
4.5861816406e+02 1.7893710108e-14 6.6491959298e-15 1.1244514178e-14
4.5867919922e+02 1.7891558323e-14 6.6465274977e-15 1.1245030825e-14
4.5874023438e+02 1.7888110316e-14 6.6440043309e-15 1.1244105985e-14
4.5880126953e+02 1.7883415013e-14 6.6416013895e-15 1.1241813623e-14
4.5886230469e+02 1.7877615247e-14 6.6392867053e-15 1.1238328542e-14
4.5892333984e+02 1.7870928806e-14 6.6370269288e-15 1.1233901878e-14
4.5898437500e+02 1.7863617833e-14 6.6347909686e-15 1.1228826865e-14
4.5904541016e+02 1.7855950740e-14 6.6325535091e-15 1.1223397231e-14
4.5910644531e+02 1.7848165293e-14 6.6302966367e-15 1.1217868656e-14
4.5916748047e+02 1.7840431945e-14 6.6280110166e-15 1.1212420928e-14
4.5922851562e+02 1.7832842284e-14 6.6256952132e-15 1.1207147071e-14
4.5928955078e+02 1.7825392257e-14 6.6233525143e-15 1.1202039743e-14
4.5935058594e+02 1.7817993850e-14 6.6209890662e-15 1.1197004784e-14
4.5941162109e+02 1.7810496924e-14 6.6186075178e-15 1.1191889406e-14
4.5947265625e+02 1.7802715793e-14 6.6162079519e-15 1.1186507841e-14
4.5953369141e+02 1.7794460373e-14 6.6137816007e-15 1.1180678772e-14
4.5959472656e+02 1.7785570652e-14 6.6113103479e-15 1.1174260304e-14
4.5965576172e+02 1.7775939688e-14 6.6087674311e-15 1.1167172257e-14
4.5971679688e+02 1.7765514511e-14 6.6061136268e-15 1.1159400884e-14
4.5977783203e+02 1.7754309169e-14 6.6033073916e-15 1.1151001777e-14
4.5983886719e+02 1.7742385623e-14 6.6003024611e-15 1.1142083162e-14
4.5989990234e+02 1.7729840619e-14 6.5970544458e-15 1.1132786173e-14
4.5996093750e+02 1.7716785332e-14 6.5935284152e-15 1.1123256917e-14
4.6002197266e+02 1.7703331917e-14 6.5897039835e-15 1.1113627934e-14
4.6008300781e+02 1.7689580449e-14 6.5855814438e-15 1.1103999005e-14
4.6014404297e+02 1.7675616067e-14 6.5811842896e-15 1.1094431777e-14
4.6020507812e+02 1.7661506758e-14 6.5765654153e-15 1.1084941342e-14
4.6026611328e+02 1.7647311396e-14 6.5718004226e-15 1.1075510973e-14
4.6032714844e+02 1.7633085754e-14 6.5669875993e-15 1.1066098155e-14
4.6038818359e+02 1.7618900290e-14 6.5622452464e-15 1.1056655043e-14
4.6044921875e+02 1.7604841693e-14 6.5576994445e-15 1.1047142248e-14
4.6051025391e+02 1.7591018798e-14 6.5534745351e-15 1.1037544263e-14
4.6057128906e+02 1.7577560134e-14 6.5496839254e-15 1.1027876209e-14
4.6063232422e+02 1.7564611859e-14 6.5464210494e-15 1.1018190809e-14
4.6069335938e+02 1.7552332196e-14 6.5437486027e-15 1.1008583593e-14
4.6075439453e+02 1.7540879672e-14 6.5416916395e-15 1.0999188032e-14
4.6081542969e+02 1.7530408054e-14 6.5402387743e-15 1.0990169280e-14
4.6087646484e+02 1.7521054756e-14 6.5393405513e-15 1.0981714205e-14
4.6093750000e+02 1.7512931147e-14 6.5389124569e-15 1.0974018690e-14
4.6099853516e+02 1.7506115082e-14 6.5388445487e-15 1.0967270533e-14
4.6105957031e+02 1.7500635126e-14 6.5390086901e-15 1.0961626436e-14
4.6112060547e+02 1.7496467628e-14 6.5392723876e-15 1.0957195241e-14
4.6118164062e+02 1.7493522701e-14 6.5395072548e-15 1.0954015446e-14
4.6124267578e+02 1.7491648893e-14 6.5396008433e-15 1.0952048049e-14
4.6130371094e+02 1.7490632363e-14 6.5394658818e-15 1.0951166481e-14
4.6136474609e+02 1.7490206270e-14 6.5390411346e-15 1.0951165135e-14
4.6142578125e+02 1.7490057897e-14 6.5382965271e-15 1.0951761370e-14
4.6148681641e+02 1.7489849394e-14 6.5372277605e-15 1.0952621633e-14
4.6154785156e+02 1.7489238157e-14 6.5358536258e-15 1.0953384531e-14
4.6160888672e+02 1.7487895898e-14 6.5342073302e-15 1.0953688568e-14
4.6166992188e+02 1.7485535990e-14 6.5323319535e-15 1.0953204037e-14
4.6173095703e+02 1.7481922087e-14 6.5302696795e-15 1.0951652408e-14
4.6179199219e+02 1.7476892793e-14 6.5280599494e-15 1.0948832844e-14
4.6185302734e+02 1.7470371593e-14 6.5257322241e-15 1.0944639369e-14
4.6191406250e+02 1.7462375006e-14 6.5233047523e-15 1.0939070253e-14
4.6197509766e+02 1.7453018593e-14 6.5207871484e-15 1.0932231445e-14
4.6203613281e+02 1.7442513252e-14 6.5181804784e-15 1.0924332773e-14
4.6209716797e+02 1.7431152452e-14 6.5154847512e-15 1.0915667701e-14
4.6215820312e+02 1.7419301374e-14 6.5127002575e-15 1.0906601117e-14
4.6221923828e+02 1.7407371164e-14 6.5098302779e-15 1.0897540886e-14
4.6228027344e+02 1.7395789025e-14 6.5068846731e-15 1.0888904352e-14
4.6234130859e+02 1.7384963143e-14 6.5038810746e-15 1.0881082068e-14
4.6240234375e+02 1.7375245572e-14 6.5008409305e-15 1.0874404641e-14
4.6246337891e+02 1.7366906723e-14 6.4977921619e-15 1.0869114561e-14
4.6252441406e+02 1.7360102351e-14 6.4947623951e-15 1.0865339956e-14
4.6258544922e+02 1.7354866157e-14 6.4917750780e-15 1.0863091079e-14
4.6264648438e+02 1.7351104574e-14 6.4888504485e-15 1.0862254126e-14
4.6270751953e+02 1.7348608869e-14 6.4860024481e-15 1.0862606421e-14
4.6276855469e+02 1.7347086484e-14 6.4832408208e-15 1.0863845663e-14
4.6282958984e+02 1.7346181411e-14 6.4805711302e-15 1.0865610281e-14
4.6289062500e+02 1.7345518195e-14 6.4779961799e-15 1.0867522015e-14
4.6295166016e+02 1.7344740308e-14 6.4755213055e-15 1.0869219003e-14
4.6301269531e+02 1.7343537207e-14 6.4731548400e-15 1.0870382368e-14
4.6307373047e+02 1.7341671494e-14 6.4709045776e-15 1.0870766917e-14
4.6313476562e+02 1.7338988870e-14 6.4687803333e-15 1.0870208537e-14
4.6319580078e+02 1.7335426461e-14 6.4667877912e-15 1.0868638669e-14
4.6325683594e+02 1.7331006028e-14 6.4649270927e-15 1.0866078935e-14
4.6331787109e+02 1.7325821481e-14 6.4631894407e-15 1.0862632040e-14
4.6337890625e+02 1.7320018505e-14 6.4615555952e-15 1.0858462909e-14
4.6343994141e+02 1.7313780917e-14 6.4599980739e-15 1.0853782843e-14
4.6350097656e+02 1.7307298362e-14 6.4584793017e-15 1.0848819060e-14
4.6356201172e+02 1.7300752430e-14 6.4569560538e-15 1.0843796376e-14
4.6362304688e+02 1.7294298670e-14 6.4553903129e-15 1.0838908357e-14
4.6368408203e+02 1.7288053904e-14 6.4537502242e-15 1.0834303680e-14
4.6374511719e+02 1.7282088497e-14 6.4520149903e-15 1.0830073506e-14
4.6380615234e+02 1.7276422979e-14 6.4501787919e-15 1.0826244188e-14
4.6386718750e+02 1.7271030824e-14 6.4482501682e-15 1.0822780656e-14
4.6392822266e+02 1.7265843841e-14 6.4462487331e-15 1.0819595108e-14
4.6398925781e+02 1.7260767144e-14 6.4442035838e-15 1.0816563560e-14
4.6405029297e+02 1.7255684124e-14 6.4421489079e-15 1.0813535216e-14
4.6411132812e+02 1.7250475056e-14 6.4401174245e-15 1.0810357631e-14
4.6417236328e+02 1.7245030818e-14 6.4381361478e-15 1.0806894670e-14
4.6423339844e+02 1.7239260569e-14 6.4362208261e-15 1.0803039743e-14
4.6429443359e+02 1.7233106739e-14 6.4343797815e-15 1.0798726958e-14
4.6435546875e+02 1.7226539769e-14 6.4326060002e-15 1.0793933768e-14
4.6441650391e+02 1.7219560808e-14 6.4308801544e-15 1.0788680654e-14
4.6447753906e+02 1.7212202710e-14 6.4291718224e-15 1.0783030887e-14
4.6453857422e+02 1.7204515346e-14 6.4274400337e-15 1.0777075313e-14
4.6459960938e+02 1.7196557623e-14 6.4256388911e-15 1.0770918732e-14
4.6466064453e+02 1.7188384210e-14 6.4237179589e-15 1.0764666251e-14
4.6472167969e+02 1.7180037774e-14 6.4216273173e-15 1.0758410456e-14
4.6478271484e+02 1.7171545863e-14 6.4193211600e-15 1.0752224703e-14
4.6484375000e+02 1.7162922417e-14 6.4167660509e-15 1.0746156366e-14
4.6490478516e+02 1.7154166143e-14 6.4139427773e-15 1.0740223366e-14
4.6496582031e+02 1.7145272781e-14 6.4108527581e-15 1.0734420023e-14
4.6502685547e+02 1.7136245621e-14 6.4075226156e-15 1.0728723006e-14
4.6508789062e+02 1.7127103135e-14 6.4040041865e-15 1.0723098949e-14
4.6514892578e+02 1.7117885589e-14 6.4003721520e-15 1.0717513437e-14
4.6520996094e+02 1.7108656839e-14 6.3967196658e-15 1.0711937173e-14
4.6527099609e+02 1.7099494388e-14 6.3931509088e-15 1.0706343479e-14
4.6533203125e+02 1.7090485169e-14 6.3897751468e-15 1.0700710022e-14
4.6539306641e+02 1.7081704689e-14 6.3866931732e-15 1.0695011516e-14
4.6545410156e+02 1.7073206379e-14 6.3839886933e-15 1.0689217685e-14
4.6551513672e+02 1.7065014389e-14 6.3817219815e-15 1.0683292408e-14
4.6557617188e+02 1.7057104756e-14 6.3799194748e-15 1.0677185281e-14
4.6563720703e+02 1.7049420947e-14 6.3785752674e-15 1.0670845679e-14
4.6569824219e+02 1.7041872652e-14 6.3776471164e-15 1.0664225536e-14
4.6575927734e+02 1.7034356573e-14 6.3770627365e-15 1.0657293837e-14
4.6582031250e+02 1.7026780087e-14 6.3767251517e-15 1.0650054936e-14
4.6588134766e+02 1.7019074967e-14 6.3765193438e-15 1.0642555624e-14
4.6594238281e+02 1.7011226994e-14 6.3763249232e-15 1.0634902071e-14
4.6600341797e+02 1.7003277738e-14 6.3760244421e-15 1.0627253296e-14
4.6606445312e+02 1.6995331768e-14 6.3755128200e-15 1.0619818948e-14
4.6612548828e+02 1.6987551025e-14 6.3747052257e-15 1.0612845799e-14
4.6618652344e+02 1.6980137445e-14 6.3735439593e-15 1.0606593485e-14
4.6624755859e+02 1.6973309467e-14 6.3719980258e-15 1.0601311441e-14
4.6630859375e+02 1.6967276064e-14 6.3700653444e-15 1.0597210719e-14
4.6636962891e+02 1.6962212099e-14 6.3677713479e-15 1.0594440751e-14
4.6643066406e+02 1.6958236196e-14 6.3651621212e-15 1.0593074075e-14
4.6649169922e+02 1.6955393786e-14 6.3623025212e-15 1.0593091265e-14
4.6655273438e+02 1.6953645999e-14 6.3592691903e-15 1.0594376809e-14
4.6661376953e+02 1.6952879174e-14 6.3561472447e-15 1.0596731930e-14
4.6667480469e+02 1.6952913499e-14 6.3530239530e-15 1.0599889546e-14
4.6673583984e+02 1.6953517091e-14 6.3499804424e-15 1.0603536649e-14
4.6679687500e+02 1.6954427292e-14 6.3470906937e-15 1.0607336598e-14
4.6685791016e+02 1.6955367559e-14 6.3444121643e-15 1.0610955395e-14
4.6691894531e+02 1.6956067515e-14 6.3419812116e-15 1.0614086303e-14
4.6697998047e+02 1.6956279358e-14 6.3398096858e-15 1.0616469672e-14
4.6704101562e+02 1.6955790518e-14 6.3378809628e-15 1.0617909555e-14
4.6710205078e+02 1.6954422886e-14 6.3361504763e-15 1.0618272410e-14
4.6716308594e+02 1.6952043187e-14 6.3345506666e-15 1.0617492520e-14
4.6722412109e+02 1.6948557709e-14 6.3329988561e-15 1.0615558853e-14
4.6728515625e+02 1.6943911823e-14 6.3314060900e-15 1.0612505733e-14
4.6734619141e+02 1.6938088220e-14 6.3296883285e-15 1.0608399891e-14
4.6740722656e+02 1.6931108688e-14 6.3277766592e-15 1.0603332029e-14
4.6746826172e+02 1.6923032657e-14 6.3256300558e-15 1.0597402601e-14
4.6752929688e+02 1.6913957678e-14 6.3232376602e-15 1.0590720018e-14
4.6759033203e+02 1.6904009978e-14 6.3206168371e-15 1.0583393141e-14
4.6765136719e+02 1.6893343102e-14 6.3178101584e-15 1.0575532944e-14
4.6771240234e+02 1.6882129452e-14 6.3148762804e-15 1.0567253171e-14
4.6777343750e+02 1.6870544174e-14 6.3118793117e-15 1.0558664862e-14
4.6783447266e+02 1.6858749725e-14 6.3088786763e-15 1.0549871049e-14
4.6789550781e+02 1.6846885569e-14 6.3059219308e-15 1.0540963639e-14
4.6795654297e+02 1.6835052388e-14 6.3030354335e-15 1.0532016955e-14
4.6801757812e+02 1.6823309417e-14 6.3002265717e-15 1.0523082846e-14
4.6807861328e+02 1.6811672278e-14 6.2974873377e-15 1.0514184940e-14
4.6813964844e+02 1.6800121206e-14 6.2947938887e-15 1.0505327317e-14
4.6820068359e+02 1.6788617726e-14 6.2921170181e-15 1.0496500708e-14
4.6826171875e+02 1.6777125895e-14 6.2894303243e-15 1.0487695570e-14
4.6832275391e+02 1.6765628568e-14 6.2867108382e-15 1.0478917729e-14
4.6838378906e+02 1.6754150599e-14 6.2839472903e-15 1.0470203309e-14
4.6844482422e+02 1.6742763029e-14 6.2811380841e-15 1.0461624945e-14
4.6850585938e+02 1.6731595668e-14 6.2782930800e-15 1.0453302588e-14
4.6856689453e+02 1.6720821772e-14 6.2754294407e-15 1.0445392331e-14
4.6862792969e+02 1.6710641738e-14 6.2725717594e-15 1.0438069979e-14
4.6868896484e+02 1.6701273717e-14 6.2697513799e-15 1.0431522337e-14
4.6875000000e+02 1.6692915529e-14 6.2669993671e-15 1.0425916162e-14
4.6881103516e+02 1.6685723635e-14 6.2643491223e-15 1.0421374512e-14
4.6887207031e+02 1.6679792363e-14 6.2618302268e-15 1.0417962136e-14
4.6893310547e+02 1.6675134178e-14 6.2594689960e-15 1.0415665182e-14
4.6899414062e+02 1.6671677573e-14 6.2572847288e-15 1.0414392844e-14
4.6905517578e+02 1.6669261260e-14 6.2552879596e-15 1.0413973300e-14
4.6911621094e+02 1.6667657166e-14 6.2534781366e-15 1.0414179029e-14
4.6917724609e+02 1.6666584480e-14 6.2518432358e-15 1.0414741245e-14
4.6923828125e+02 1.6665741542e-14 6.2503602426e-15 1.0415381299e-14
4.6929931641e+02 1.6664841451e-14 6.2489983704e-15 1.0415843081e-14
4.6936035156e+02 1.6663642811e-14 6.2477222062e-15 1.0415920605e-14
4.6942138672e+02 1.6661974832e-14 6.2464974801e-15 1.0415477352e-14
4.6948242188e+02 1.6659764731e-14 6.2452917313e-15 1.0414473000e-14
4.6954345703e+02 1.6657035534e-14 6.2440802299e-15 1.0412955304e-14
4.6960449219e+02 1.6653903776e-14 6.2428458286e-15 1.0411057948e-14
4.6966552734e+02 1.6650564025e-14 6.2415793162e-15 1.0408984709e-14
4.6972656250e+02 1.6647246986e-14 6.2402750656e-15 1.0406971921e-14
4.6978759766e+02 1.6644190642e-14 6.2389297751e-15 1.0405260867e-14
4.6984863281e+02 1.6641593086e-14 6.2375381551e-15 1.0404054931e-14
4.6990966797e+02 1.6639577608e-14 6.2360888186e-15 1.0403488789e-14
4.6997070312e+02 1.6638170119e-14 6.2345635097e-15 1.0403606609e-14
4.7003173828e+02 1.6637283784e-14 6.2329384222e-15 1.0404345362e-14
4.7009277344e+02 1.6636717846e-14 6.2311853112e-15 1.0405532535e-14
4.7015380859e+02 1.6636176969e-14 6.2292731006e-15 1.0406903869e-14
4.7021484375e+02 1.6635308092e-14 6.2271749658e-15 1.0408133127e-14
4.7027587891e+02 1.6633728003e-14 6.2248691235e-15 1.0408858879e-14
4.7033691406e+02 1.6631074497e-14 6.2223454523e-15 1.0408729045e-14
4.7039794922e+02 1.6627042513e-14 6.2196061017e-15 1.0407436412e-14
4.7045898438e+02 1.6621418690e-14 6.2166653413e-15 1.0404753349e-14
4.7052001953e+02 1.6614098309e-14 6.2135460777e-15 1.0400552232e-14
4.7058105469e+02 1.6605104430e-14 6.2102806361e-15 1.0394823794e-14
4.7064208984e+02 1.6594580893e-14 6.2069041137e-15 1.0387676779e-14
4.7070312500e+02 1.6582787053e-14 6.2034555159e-15 1.0379331537e-14
4.7076416016e+02 1.6570075359e-14 6.1999701913e-15 1.0370105168e-14
4.7082519531e+02 1.6556857585e-14 6.1964815366e-15 1.0360376049e-14
4.7088623047e+02 1.6543586872e-14 6.1930206048e-15 1.0350566267e-14
4.7094726562e+02 1.6530717760e-14 6.1896182758e-15 1.0341099484e-14
4.7100830078e+02 1.6518677530e-14 6.1863030687e-15 1.0332374461e-14
4.7106933594e+02 1.6507837496e-14 6.1831055057e-15 1.0324731990e-14
4.7113037109e+02 1.6498487056e-14 6.1800577954e-15 1.0318429260e-14
4.7119140625e+02 1.6490812005e-14 6.1771902268e-15 1.0313621778e-14
4.7125244141e+02 1.6484885077e-14 6.1745341418e-15 1.0310350935e-14
4.7131347656e+02 1.6480650908e-14 6.1721117318e-15 1.0308539176e-14
4.7137451172e+02 1.6477937729e-14 6.1699372501e-15 1.0308000479e-14
4.7143554688e+02 1.6476472088e-14 6.1680148018e-15 1.0308457286e-14
4.7149658203e+02 1.6475892694e-14 6.1663309231e-15 1.0309561771e-14
4.7155761719e+02 1.6475789404e-14 6.1648568556e-15 1.0310932549e-14
4.7161865234e+02 1.6475740070e-14 6.1635525133e-15 1.0312187557e-14
4.7167968750e+02 1.6475349734e-14 6.1623677110e-15 1.0312982023e-14
4.7174072266e+02 1.6474282950e-14 6.1612450127e-15 1.0313037938e-14
4.7180175781e+02 1.6472284671e-14 6.1601255533e-15 1.0312159118e-14
4.7186279297e+02 1.6469205340e-14 6.1589575100e-15 1.0310247830e-14
4.7192382812e+02 1.6465005981e-14 6.1576987359e-15 1.0307307245e-14
4.7198486328e+02 1.6459743148e-14 6.1563200749e-15 1.0303423073e-14
4.7204589844e+02 1.6453553204e-14 6.1548061237e-15 1.0298747080e-14
4.7210693359e+02 1.6446628961e-14 6.1531585871e-15 1.0293470374e-14
4.7216796875e+02 1.6439193202e-14 6.1513927565e-15 1.0287800446e-14
4.7222900391e+02 1.6431463409e-14 6.1495354108e-15 1.0281927998e-14
4.7229003906e+02 1.6423632936e-14 6.1476198325e-15 1.0276013103e-14
4.7235107422e+02 1.6415854126e-14 6.1456814812e-15 1.0270172645e-14
4.7241210938e+02 1.6408229008e-14 6.1437529243e-15 1.0264476084e-14
4.7247314453e+02 1.6400805874e-14 6.1418598686e-15 1.0258946005e-14
4.7253417969e+02 1.6393595090e-14 6.1400183266e-15 1.0253576764e-14
4.7259521484e+02 1.6386568825e-14 6.1382328016e-15 1.0248336023e-14
4.7265625000e+02 1.6379688443e-14 6.1364989247e-15 1.0243189519e-14
4.7271728516e+02 1.6372915694e-14 6.1348083126e-15 1.0238107381e-14
4.7277832031e+02 1.6366223558e-14 6.1331488277e-15 1.0233074731e-14
4.7283935547e+02 1.6359615856e-14 6.1315153916e-15 1.0228100464e-14
4.7290039062e+02 1.6353128989e-14 6.1299124172e-15 1.0223216572e-14
4.7296142578e+02 1.6346836915e-14 6.1283539874e-15 1.0218482928e-14
4.7302246094e+02 1.6340840896e-14 6.1268663669e-15 1.0213974529e-14
4.7308349609e+02 1.6335253578e-14 6.1254830910e-15 1.0209770487e-14
4.7314453125e+02 1.6330188925e-14 6.1242364393e-15 1.0205952486e-14
4.7320556641e+02 1.6325747640e-14 6.1231545839e-15 1.0202593056e-14
4.7326660156e+02 1.6321994551e-14 6.1222535574e-15 1.0199740994e-14
4.7332763672e+02 1.6318953171e-14 6.1215288075e-15 1.0197424364e-14
4.7338867188e+02 1.6316602559e-14 6.1209566182e-15 1.0195645941e-14
4.7344970703e+02 1.6314873787e-14 6.1204918367e-15 1.0194381950e-14
4.7351074219e+02 1.6313665014e-14 6.1200749380e-15 1.0193590076e-14
4.7357177734e+02 1.6312845509e-14 6.1196340884e-15 1.0193211421e-14
4.7363281250e+02 1.6312280904e-14 6.1190975362e-15 1.0193183367e-14
4.7369384766e+02 1.6311842710e-14 6.1183983632e-15 1.0193444347e-14
4.7375488281e+02 1.6311420333e-14 6.1174819763e-15 1.0193938357e-14
4.7381591797e+02 1.6310925231e-14 6.1163080068e-15 1.0194617224e-14
4.7387695312e+02 1.6310293803e-14 6.1148546705e-15 1.0195439133e-14
4.7393798828e+02 1.6309484187e-14 6.1131155858e-15 1.0196368601e-14
4.7399902344e+02 1.6308468001e-14 6.1110983446e-15 1.0197369656e-14
4.7406005859e+02 1.6307223571e-14 6.1088217566e-15 1.0198401815e-14
4.7412109375e+02 1.6305724136e-14 6.1063158527e-15 1.0199408284e-14
4.7418212891e+02 1.6303939234e-14 6.1036165619e-15 1.0200322672e-14
4.7424316406e+02 1.6301829688e-14 6.1007651595e-15 1.0201064528e-14
4.7430419922e+02 1.6299347463e-14 6.0978090526e-15 1.0201538411e-14
4.7436523438e+02 1.6296441354e-14 6.0948029854e-15 1.0201638369e-14
4.7442626953e+02 1.6293069683e-14 6.0918080877e-15 1.0201261595e-14
4.7448730469e+02 1.6289195643e-14 6.0888870930e-15 1.0200308551e-14
4.7454833984e+02 1.6284798060e-14 6.0861087930e-15 1.0198689267e-14
4.7460937500e+02 1.6279872987e-14 6.0835424274e-15 1.0196330560e-14
4.7467041016e+02 1.6274439264e-14 6.0812571231e-15 1.0193182141e-14
4.7473144531e+02 1.6268530937e-14 6.0793114963e-15 1.0189219440e-14
4.7479248047e+02 1.6262203824e-14 6.0777546182e-15 1.0184449206e-14
4.7485351562e+02 1.6255537936e-14 6.0766197040e-15 1.0178918232e-14
4.7491455078e+02 1.6248634560e-14 6.0759199064e-15 1.0172714654e-14
4.7497558594e+02 1.6241612108e-14 6.0756440709e-15 1.0165968037e-14
4.7503662109e+02 1.6234607123e-14 6.0757557868e-15 1.0158851336e-14
4.7509765625e+02 1.6227773119e-14 6.0761942677e-15 1.0151578852e-14
4.7515869141e+02 1.6221271085e-14 6.0768765856e-15 1.0144394500e-14
4.7521972656e+02 1.6215253038e-14 6.0777010575e-15 1.0137551980e-14
4.7528076172e+02 1.6209855688e-14 6.0785562312e-15 1.0131299456e-14
4.7534179688e+02 1.6205183348e-14 6.0793278927e-15 1.0125855455e-14
4.7540283203e+02 1.6201296488e-14 6.0799090945e-15 1.0121387394e-14
4.7546386719e+02 1.6198200189e-14 6.0802072916e-15 1.0117992897e-14
4.7552490234e+02 1.6195830329e-14 6.0801490982e-15 1.0115681231e-14
4.7558593750e+02 1.6194062422e-14 6.0796882424e-15 1.0114374180e-14
4.7564697266e+02 1.6192711222e-14 6.0788061853e-15 1.0113905036e-14
4.7570800781e+02 1.6191548687e-14 6.0775142537e-15 1.0114034434e-14
4.7576904297e+02 1.6190316950e-14 6.0758436468e-15 1.0114473303e-14
4.7583007812e+02 1.6188749511e-14 6.0738449787e-15 1.0114904533e-14
4.7589111328e+02 1.6186601518e-14 6.0715827884e-15 1.0115018730e-14
4.7595214844e+02 1.6183670162e-14 6.0691244281e-15 1.0114545734e-14
4.7601318359e+02 1.6179808067e-14 6.0665335774e-15 1.0113274489e-14
4.7607421875e+02 1.6174944859e-14 6.0638682119e-15 1.0111076647e-14
4.7613525391e+02 1.6169093814e-14 6.0611728121e-15 1.0107921002e-14
4.7619628906e+02 1.6162352785e-14 6.0584769626e-15 1.0103875823e-14
4.7625732422e+02 1.6154891197e-14 6.0557960269e-15 1.0099095170e-14
4.7631835938e+02 1.6146933791e-14 6.0531311132e-15 1.0093802677e-14
4.7637939453e+02 1.6138738377e-14 6.0504714334e-15 1.0088266944e-14
4.7644042969e+02 1.6130567944e-14 6.0477990507e-15 1.0082768894e-14
4.7650146484e+02 1.6122663672e-14 6.0450947158e-15 1.0077568956e-14
4.7656250000e+02 1.6115216619e-14 6.0423424237e-15 1.0072874196e-14
4.7662353516e+02 1.6108349875e-14 6.0395320397e-15 1.0068817835e-14
4.7668457031e+02 1.6102107706e-14 6.0366685168e-15 1.0065439190e-14
4.7674560547e+02 1.6096451334e-14 6.0337687559e-15 1.0062682578e-14
4.7680664062e+02 1.6091266864e-14 6.0308650615e-15 1.0060401802e-14
4.7686767578e+02 1.6086381564e-14 6.0280008524e-15 1.0058380712e-14
4.7692871094e+02 1.6081590188e-14 6.0252306205e-15 1.0056359567e-14
4.7698974609e+02 1.6076684299e-14 6.0226139168e-15 1.0054070383e-14
4.7705078125e+02 1.6071470787e-14 6.0202051574e-15 1.0051265629e-14
4.7711181641e+02 1.6065805409e-14 6.0180519727e-15 1.0047753437e-14
4.7717285156e+02 1.6059604814e-14 6.0161851077e-15 1.0043419707e-14
4.7723388672e+02 1.6052860553e-14 6.0146148300e-15 1.0038245723e-14
4.7729492188e+02 1.6045639467e-14 6.0133314627e-15 1.0032308005e-14
4.7735595703e+02 1.6038075642e-14 6.0123033134e-15 1.0025772329e-14
4.7741699219e+02 1.6030360397e-14 6.0114791515e-15 1.0018881246e-14
4.7747802734e+02 1.6022721914e-14 6.0107951800e-15 1.0011926734e-14
4.7753906250e+02 1.6015396042e-14 6.0101824035e-15 1.0005213639e-14
4.7760009766e+02 1.6008606767e-14 6.0095743522e-15 9.9990324147e-15
4.7766113281e+02 1.6002545824e-14 6.0089120126e-15 9.9936338111e-15
4.7772216797e+02 1.5997352928e-14 6.0081507316e-15 9.9892021959e-15
4.7778320312e+02 1.5993099016e-14 6.0072599424e-15 9.9858390739e-15
4.7784423828e+02 1.5989785086e-14 6.0062269514e-15 9.9835581348e-15
4.7790527344e+02 1.5987339879e-14 6.0050479177e-15 9.9822919614e-15
4.7796630859e+02 1.5985631658e-14 6.0037276355e-15 9.9819040224e-15
4.7802734375e+02 1.5984480889e-14 6.0022723673e-15 9.9822085213e-15
4.7808837891e+02 1.5983675927e-14 6.0006845237e-15 9.9829914030e-15
4.7814941406e+02 1.5982988446e-14 5.9989603448e-15 9.9840281010e-15
4.7821044922e+02 1.5982193855e-14 5.9970886772e-15 9.9851051775e-15
4.7827148438e+02 1.5981086315e-14 5.9950551869e-15 9.9860311286e-15
4.7833251953e+02 1.5979490893e-14 5.9928440999e-15 9.9866467932e-15
4.7839355469e+02 1.5977269067e-14 5.9904464110e-15 9.9868226561e-15
4.7845458984e+02 1.5974319399e-14 5.9878645204e-15 9.9864548785e-15
4.7851562500e+02 1.5970584341e-14 5.9851164757e-15 9.9854678650e-15
4.7857666016e+02 1.5966044653e-14 5.9822396233e-15 9.9838050299e-15
4.7863769531e+02 1.5960718742e-14 5.9792879021e-15 9.9814308400e-15
4.7869873047e+02 1.5954661004e-14 5.9763283095e-15 9.9783326941e-15
4.7875976562e+02 1.5947956390e-14 5.9734358177e-15 9.9745205723e-15
4.7882080078e+02 1.5940712234e-14 5.9706820985e-15 9.9700301351e-15
4.7888183594e+02 1.5933058908e-14 5.9681321859e-15 9.9649267221e-15
4.7894287109e+02 1.5925136728e-14 5.9658334127e-15 9.9593033153e-15
4.7900390625e+02 1.5917089580e-14 5.9638119931e-15 9.9532775873e-15
4.7906494141e+02 1.5909056447e-14 5.9620727571e-15 9.9469836894e-15
4.7912597656e+02 1.5901166413e-14 5.9605993674e-15 9.9405670454e-15
4.7918701172e+02 1.5893529188e-14 5.9593545512e-15 9.9341746367e-15
4.7924804688e+02 1.5886229132e-14 5.9582883170e-15 9.9279408145e-15
4.7930908203e+02 1.5879324462e-14 5.9573424547e-15 9.9219820071e-15
4.7937011719e+02 1.5872852134e-14 5.9564537962e-15 9.9163983378e-15
4.7943115234e+02 1.5866830967e-14 5.9555634176e-15 9.9112675497e-15
4.7949218750e+02 1.5861265694e-14 5.9546209459e-15 9.9066447484e-15
4.7955322266e+02 1.5856146916e-14 5.9535855952e-15 9.9025613206e-15
4.7961425781e+02 1.5851461508e-14 5.9524272325e-15 9.8990342753e-15
4.7967529297e+02 1.5847192005e-14 5.9511287576e-15 9.8960632472e-15
4.7973632812e+02 1.5843312553e-14 5.9496846208e-15 9.8936279320e-15
4.7979736328e+02 1.5839798113e-14 5.9480985748e-15 9.8916995379e-15
4.7985839844e+02 1.5836614183e-14 5.9463810740e-15 9.8902331090e-15
4.7991943359e+02 1.5833722267e-14 5.9445508541e-15 9.8891714130e-15
4.7998046875e+02 1.5831078745e-14 5.9426312343e-15 9.8884475104e-15
4.8004150391e+02 1.5828628112e-14 5.9406457758e-15 9.8879823365e-15
4.8010253906e+02 1.5826310586e-14 5.9386217086e-15 9.8876888778e-15
4.8016357422e+02 1.5824063096e-14 5.9365919189e-15 9.8874711775e-15
4.8022460938e+02 1.5821815351e-14 5.9345913957e-15 9.8872239553e-15
4.8028564453e+02 1.5819504008e-14 5.9326594923e-15 9.8868445162e-15
4.8034667969e+02 1.5817070124e-14 5.9308420398e-15 9.8862280838e-15
4.8040771484e+02 1.5814463304e-14 5.9291856590e-15 9.8852776451e-15
4.8046875000e+02 1.5811648811e-14 5.9277387739e-15 9.8839100368e-15
4.8052978516e+02 1.5808607678e-14 5.9265485087e-15 9.8820591697e-15
4.8059082031e+02 1.5805335274e-14 5.9256490411e-15 9.8796862330e-15
4.8065185547e+02 1.5801854307e-14 5.9250637502e-15 9.8767905570e-15
4.8071289062e+02 1.5798208978e-14 5.9247972241e-15 9.8734117535e-15
4.8077392578e+02 1.5794462109e-14 5.9248305454e-15 9.8696315632e-15
4.8083496094e+02 1.5790696467e-14 5.9251235283e-15 9.8655729387e-15
4.8089599609e+02 1.5787007331e-14 5.9256160112e-15 9.8613913202e-15
4.8095703125e+02 1.5783500297e-14 5.9262317811e-15 9.8572685164e-15
4.8101806641e+02 1.5780278809e-14 5.9268833410e-15 9.8533954683e-15
4.8107910156e+02 1.5777439122e-14 5.9274850384e-15 9.8499540837e-15
4.8114013672e+02 1.5775060122e-14 5.9279566051e-15 9.8471035167e-15
4.8120117188e+02 1.5773201581e-14 5.9282337674e-15 9.8449678134e-15
4.8126220703e+02 1.5771890613e-14 5.9282703014e-15 9.8436203119e-15
4.8132324219e+02 1.5771121453e-14 5.9280417692e-15 9.8430796841e-15
4.8138427734e+02 1.5770853286e-14 5.9275440265e-15 9.8433092595e-15
4.8144531250e+02 1.5771008803e-14 5.9267897904e-15 9.8442190123e-15
4.8150634766e+02 1.5771479967e-14 5.9258023786e-15 9.8456775879e-15
4.8156738281e+02 1.5772134234e-14 5.9246142545e-15 9.8475199796e-15
4.8162841797e+02 1.5772820022e-14 5.9232573179e-15 9.8495627039e-15
4.8168945312e+02 1.5773381481e-14 5.9217599724e-15 9.8516215082e-15
4.8175048828e+02 1.5773664514e-14 5.9201432034e-15 9.8535213101e-15
4.8181152344e+02 1.5773522727e-14 5.9184197102e-15 9.8551030168e-15
4.8187255859e+02 1.5772833960e-14 5.9165954522e-15 9.8562385081e-15
4.8193359375e+02 1.5771504642e-14 5.9146741541e-15 9.8568304876e-15
4.8199462891e+02 1.5769470748e-14 5.9126575631e-15 9.8568131844e-15
4.8205566406e+02 1.5766703142e-14 5.9105484151e-15 9.8561547271e-15
4.8211669922e+02 1.5763201292e-14 5.9083552868e-15 9.8548460050e-15
4.8217773438e+02 1.5758998008e-14 5.9060925988e-15 9.8529054095e-15
4.8223876953e+02 1.5754154825e-14 5.9037857513e-15 9.8503690735e-15
4.8229980469e+02 1.5748755513e-14 5.9014706698e-15 9.8472848432e-15
4.8236083984e+02 1.5742900049e-14 5.8991896937e-15 9.8437103552e-15
4.8242187500e+02 1.5736704220e-14 5.8969933214e-15 9.8397108984e-15
4.8248291016e+02 1.5730285839e-14 5.8949361072e-15 9.8353497320e-15
4.8254394531e+02 1.5723760717e-14 5.8930693922e-15 9.8306913252e-15
4.8260498047e+02 1.5717238900e-14 5.8914395376e-15 9.8257993621e-15
4.8266601562e+02 1.5710817688e-14 5.8900818164e-15 9.8207358716e-15
4.8272705078e+02 1.5704573425e-14 5.8890153237e-15 9.8155581012e-15
4.8278808594e+02 1.5698563747e-14 5.8882399115e-15 9.8103238351e-15
4.8284912109e+02 1.5692824334e-14 5.8877332528e-15 9.8050910814e-15
4.8291015625e+02 1.5687366990e-14 5.8874508548e-15 9.7999161350e-15
4.8297119141e+02 1.5682192160e-14 5.8873335594e-15 9.7948586005e-15
4.8303222656e+02 1.5677284215e-14 5.8873058553e-15 9.7899783596e-15
4.8309326172e+02 1.5672621732e-14 5.8872888839e-15 9.7853328479e-15
4.8315429688e+02 1.5668189465e-14 5.8872061242e-15 9.7809833413e-15
4.8321533203e+02 1.5663974028e-14 5.8869922539e-15 9.7769817745e-15
4.8327636719e+02 1.5659970285e-14 5.8865983060e-15 9.7733719794e-15
4.8333740234e+02 1.5656180773e-14 5.8859961911e-15 9.7701845821e-15
4.8339843750e+02 1.5652611394e-14 5.8851808586e-15 9.7674305353e-15
4.8345947266e+02 1.5649271069e-14 5.8841644076e-15 9.7651066619e-15
4.8352050781e+02 1.5646164534e-14 5.8829720233e-15 9.7631925102e-15
4.8358154297e+02 1.5643292672e-14 5.8816371354e-15 9.7616555366e-15
4.8364257812e+02 1.5640649925e-14 5.8801913148e-15 9.7604586102e-15
4.8370361328e+02 1.5638226967e-14 5.8786609981e-15 9.7595659684e-15
4.8376464844e+02 1.5636011458e-14 5.8770599242e-15 9.7589515339e-15
4.8382568359e+02 1.5633992787e-14 5.8753908859e-15 9.7586019016e-15
4.8388671875e+02 1.5632165106e-14 5.8736469470e-15 9.7585181586e-15
4.8394775391e+02 1.5630531603e-14 5.8718143830e-15 9.7587172198e-15
4.8400878906e+02 1.5629096169e-14 5.8698773738e-15 9.7592187955e-15
4.8406982422e+02 1.5627864582e-14 5.8678270879e-15 9.7600374944e-15
4.8413085938e+02 1.5626840861e-14 5.8656655001e-15 9.7611753607e-15
4.8419189453e+02 1.5626009955e-14 5.8634033571e-15 9.7626065975e-15
4.8425292969e+02 1.5625339954e-14 5.8610704492e-15 9.7642695049e-15
4.8431396484e+02 1.5624770347e-14 5.8587103738e-15 9.7660599737e-15
4.8437500000e+02 1.5624211759e-14 5.8563768120e-15 9.7678349472e-15
4.8443603516e+02 1.5623547023e-14 5.8541302657e-15 9.7694167577e-15
4.8449707031e+02 1.5622637616e-14 5.8520319337e-15 9.7706056820e-15
4.8455810547e+02 1.5621334594e-14 5.8501382630e-15 9.7711963314e-15
4.8461914062e+02 1.5619489472e-14 5.8484913846e-15 9.7709980874e-15
4.8468017578e+02 1.5616971376e-14 5.8471165723e-15 9.7698548036e-15
4.8474121094e+02 1.5613678149e-14 5.8460196804e-15 9.7676584685e-15
4.8480224609e+02 1.5609546017e-14 5.8451843705e-15 9.7643616469e-15
4.8486328125e+02 1.5604559904e-14 5.8445746846e-15 9.7599852199e-15
4.8492431641e+02 1.5598748510e-14 5.8441348367e-15 9.7546136736e-15
4.8498535156e+02 1.5592182660e-14 5.8437982283e-15 9.7483844316e-15
4.8504638672e+02 1.5584971448e-14 5.8434904750e-15 9.7414809730e-15
4.8510742188e+02 1.5577249816e-14 5.8431398099e-15 9.7341100063e-15
4.8516845703e+02 1.5569166445e-14 5.8426818538e-15 9.7264845909e-15
4.8522949219e+02 1.5560875629e-14 5.8420664352e-15 9.7188091939e-15
4.8529052734e+02 1.5552523330e-14 5.8412608787e-15 9.7112624509e-15
4.8535156250e+02 1.5544239363e-14 5.8402495223e-15 9.7039898404e-15
4.8541259766e+02 1.5536138157e-14 5.8390383122e-15 9.6970998449e-15
4.8547363281e+02 1.5528313924e-14 5.8376499121e-15 9.6906640120e-15
4.8553466797e+02 1.5520831653e-14 5.8361210091e-15 9.6847106439e-15
4.8559570312e+02 1.5513735809e-14 5.8344987925e-15 9.6792370165e-15
4.8565673828e+02 1.5507049354e-14 5.8328339261e-15 9.6742154278e-15
4.8571777344e+02 1.5500782749e-14 5.8311783234e-15 9.6696044251e-15
4.8577880859e+02 1.5494934364e-14 5.8295788610e-15 9.6653555031e-15
4.8583984375e+02 1.5489507126e-14 5.8280753622e-15 9.6614317634e-15
4.8590087891e+02 1.5484514386e-14 5.8266979229e-15 9.6578164633e-15
4.8596191406e+02 1.5479990562e-14 5.8254656578e-15 9.6545249044e-15
4.8602294922e+02 1.5475996315e-14 5.8243869154e-15 9.6516093995e-15
4.8608398438e+02 1.5472617901e-14 5.8234586907e-15 9.6491592102e-15
4.8614501953e+02 1.5469966444e-14 5.8226708463e-15 9.6472955975e-15
4.8620605469e+02 1.5468157737e-14 5.8220066648e-15 9.6461510723e-15
4.8626708984e+02 1.5467290473e-14 5.8214453613e-15 9.6458451118e-15
4.8632812500e+02 1.5467427095e-14 5.8209611414e-15 9.6464659532e-15
4.8638916016e+02 1.5468570545e-14 5.8205280400e-15 9.6480425052e-15
4.8645019531e+02 1.5470642338e-14 5.8201191509e-15 9.6505231872e-15
4.8651123047e+02 1.5473472402e-14 5.8197056162e-15 9.6537667856e-15
4.8657226562e+02 1.5476807115e-14 5.8192608229e-15 9.6575462923e-15
4.8663330078e+02 1.5480328332e-14 5.8187603478e-15 9.6615679839e-15
4.8669433594e+02 1.5483678029e-14 5.8181817758e-15 9.6654962536e-15
4.8675537109e+02 1.5486502065e-14 5.8175102654e-15 9.6689917995e-15
4.8681640625e+02 1.5488489818e-14 5.8167408607e-15 9.6717489575e-15
4.8687744141e+02 1.5489409147e-14 5.8158806540e-15 9.6735284925e-15
4.8693847656e+02 1.5489137490e-14 5.8149480254e-15 9.6741894650e-15
4.8699951172e+02 1.5487673079e-14 5.8139729108e-15 9.6737001682e-15
4.8706054688e+02 1.5485131909e-14 5.8129948178e-15 9.6721370910e-15
4.8712158203e+02 1.5481737177e-14 5.8120574122e-15 9.6696797652e-15
4.8718261719e+02 1.5477780762e-14 5.8112006432e-15 9.6665801184e-15
4.8724365234e+02 1.5473589412e-14 5.8104570861e-15 9.6631323258e-15
4.8730468750e+02 1.5469491415e-14 5.8098436736e-15 9.6596477410e-15
4.8736572266e+02 1.5465768102e-14 5.8093547332e-15 9.6564133692e-15
4.8742675781e+02 1.5462628861e-14 5.8089641672e-15 9.6536646936e-15
4.8748779297e+02 1.5460193329e-14 5.8086283412e-15 9.6515649877e-15
4.8754882812e+02 1.5458475965e-14 5.8082860819e-15 9.6501898831e-15
4.8760986328e+02 1.5457390621e-14 5.8078673588e-15 9.6495232627e-15
4.8767089844e+02 1.5456771586e-14 5.8073073392e-15 9.6494642470e-15
4.8773193359e+02 1.5456388077e-14 5.8065519243e-15 9.6498361528e-15
4.8779296875e+02 1.5455980410e-14 5.8055658256e-15 9.6504145846e-15
4.8785400391e+02 1.5455291835e-14 5.8043403324e-15 9.6509515025e-15
4.8791503906e+02 1.5454098489e-14 5.8028931228e-15 9.6512053659e-15
4.8797607422e+02 1.5452238415e-14 5.8012684784e-15 9.6509699366e-15
4.8803710938e+02 1.5449625320e-14 5.7995305760e-15 9.6500947444e-15
4.8809814453e+02 1.5446260892e-14 5.7977548733e-15 9.6485060189e-15
4.8815917969e+02 1.5442228618e-14 5.7960205745e-15 9.6462080436e-15
4.8822021484e+02 1.5437672913e-14 5.7943984511e-15 9.6432744616e-15
4.8828125000e+02 1.5432784311e-14 5.7929459745e-15 9.6398383369e-15
4.8834228516e+02 1.5427759423e-14 5.7916971058e-15 9.6360623169e-15
4.8840332031e+02 1.5422780463e-14 5.7906631459e-15 9.6321173174e-15
4.8846435547e+02 1.5417983812e-14 5.7898318006e-15 9.6281520110e-15
4.8852539062e+02 1.5413441961e-14 5.7891714010e-15 9.6242705604e-15
4.8858642578e+02 1.5409166020e-14 5.7886374769e-15 9.6205285429e-15
4.8864746094e+02 1.5405109502e-14 5.7881780400e-15 9.6169314623e-15
4.8870849609e+02 1.5401181432e-14 5.7877434244e-15 9.6134380077e-15
4.8876953125e+02 1.5397267202e-14 5.7872921078e-15 9.6099750945e-15
4.8883056641e+02 1.5393257168e-14 5.7867950238e-15 9.6064621445e-15
4.8889160156e+02 1.5389069147e-14 5.7862374212e-15 9.6028317260e-15
4.8895263672e+02 1.5384657783e-14 5.7856167729e-15 9.5990410100e-15
4.8901367188e+02 1.5380024688e-14 5.7849427606e-15 9.5950819278e-15
4.8907470703e+02 1.5375220514e-14 5.7842315059e-15 9.5909890079e-15
4.8913574219e+02 1.5370329951e-14 5.7835002112e-15 9.5868297400e-15
4.8919677734e+02 1.5365460188e-14 5.7827661431e-15 9.5826940450e-15
4.8925781250e+02 1.5360723319e-14 5.7820425605e-15 9.5786807589e-15
4.8931884766e+02 1.5356223496e-14 5.7813365291e-15 9.5748869665e-15
4.8937988281e+02 1.5352042939e-14 5.7806511722e-15 9.5713917671e-15
4.8944091797e+02 1.5348231459e-14 5.7799888975e-15 9.5682425616e-15
4.8950195312e+02 1.5344801364e-14 5.7793523445e-15 9.5654490190e-15
4.8956298828e+02 1.5341733690e-14 5.7787468994e-15 9.5629867909e-15
4.8962402344e+02 1.5338979808e-14 5.7781827954e-15 9.5607970123e-15
4.8968505859e+02 1.5336462571e-14 5.7776724235e-15 9.5587901476e-15
4.8974609375e+02 1.5334088475e-14 5.7772308293e-15 9.5568576455e-15
4.8980712891e+02 1.5331756007e-14 5.7768707704e-15 9.5548852361e-15
4.8986816406e+02 1.5329364663e-14 5.7765993668e-15 9.5527652957e-15
4.8992919922e+02 1.5326824856e-14 5.7764148527e-15 9.5504100029e-15
4.8999023438e+02 1.5324071153e-14 5.7763051566e-15 9.5477659963e-15
4.9005126953e+02 1.5321072476e-14 5.7762481887e-15 9.5448242872e-15
4.9011230469e+02 1.5317841272e-14 5.7762155268e-15 9.5416257455e-15
4.9017333984e+02 1.5314436552e-14 5.7761721982e-15 9.5382643533e-15
4.9023437500e+02 1.5310960895e-14 5.7760854014e-15 9.5348754934e-15
4.9029541016e+02 1.5307551985e-14 5.7759265626e-15 9.5316254219e-15
4.9035644531e+02 1.5304368327e-14 5.7756768673e-15 9.5286914596e-15
4.9041748047e+02 1.5301565929e-14 5.7753286784e-15 9.5262372506e-15
4.9047851562e+02 1.5299286238e-14 5.7748883081e-15 9.5243979294e-15
4.9053955078e+02 1.5297632259e-14 5.7743749617e-15 9.5232572976e-15
4.9060058594e+02 1.5296654980e-14 5.7738173737e-15 9.5228376064e-15
4.9066162109e+02 1.5296351331e-14 5.7732543395e-15 9.5230969919e-15
4.9072265625e+02 1.5296656653e-14 5.7727276289e-15 9.5239290238e-15
4.9078369141e+02 1.5297448561e-14 5.7722762578e-15 9.5251723028e-15
4.9084472656e+02 1.5298573017e-14 5.7719354386e-15 9.5266375786e-15
4.9090576172e+02 1.5299849337e-14 5.7717279250e-15 9.5281214120e-15
4.9096679688e+02 1.5301085376e-14 5.7716622285e-15 9.5294231471e-15
4.9102783203e+02 1.5302102377e-14 5.7717300140e-15 9.5303723630e-15
4.9108886719e+02 1.5302742858e-14 5.7719023177e-15 9.5308405404e-15
4.9114990234e+02 1.5302887623e-14 5.7721307530e-15 9.5307568704e-15
4.9121093750e+02 1.5302463448e-14 5.7723525243e-15 9.5301109232e-15
4.9127197266e+02 1.5301450614e-14 5.7724945217e-15 9.5289560921e-15
4.9133300781e+02 1.5299891173e-14 5.7724812627e-15 9.5274099099e-15
4.9139404297e+02 1.5297881670e-14 5.7722410998e-15 9.5256405703e-15
4.9145507812e+02 1.5295571487e-14 5.7717164430e-15 9.5238550438e-15
4.9151611328e+02 1.5293156827e-14 5.7708730278e-15 9.5222837989e-15
4.9157714844e+02 1.5290863207e-14 5.7697023360e-15 9.5211608711e-15
4.9163818359e+02 1.5288927819e-14 5.7682247221e-15 9.5207030967e-15
4.9169921875e+02 1.5287572698e-14 5.7664918353e-15 9.5210808631e-15
4.9176025391e+02 1.5286996774e-14 5.7645841434e-15 9.5224126305e-15
4.9182128906e+02 1.5287344055e-14 5.7626034772e-15 9.5247405776e-15
4.9188232422e+02 1.5288685288e-14 5.7606636527e-15 9.5280216351e-15
4.9194335938e+02 1.5291006584e-14 5.7588842495e-15 9.5321223344e-15
4.9200439453e+02 1.5294204372e-14 5.7573792218e-15 9.5368251501e-15
4.9206542969e+02 1.5298086536e-14 5.7562473202e-15 9.5418392157e-15
4.9212646484e+02 1.5302384357e-14 5.7555634097e-15 9.5468209472e-15
4.9218750000e+02 1.5306763022e-14 5.7553711729e-15 9.5513918489e-15
4.9224853516e+02 1.5310850870e-14 5.7556787111e-15 9.5551721586e-15
4.9230957031e+02 1.5314272080e-14 5.7564589215e-15 9.5578131581e-15
4.9237060547e+02 1.5316680050e-14 5.7576532657e-15 9.5590267843e-15
4.9243164062e+02 1.5317789514e-14 5.7591758632e-15 9.5586136503e-15
4.9249267578e+02 1.5317412340e-14 5.7609226403e-15 9.5564896994e-15
4.9255371094e+02 1.5315479794e-14 5.7627785685e-15 9.5527012253e-15
4.9261474609e+02 1.5312060373e-14 5.7646305759e-15 9.5474297975e-15
4.9267578125e+02 1.5307347859e-14 5.7663727110e-15 9.5409751485e-15
4.9273681641e+02 1.5301655278e-14 5.7679138447e-15 9.5337414330e-15
4.9279785156e+02 1.5295381700e-14 5.7691812126e-15 9.5262004872e-15
4.9285888672e+02 1.5288971060e-14 5.7701214229e-15 9.5188496368e-15
4.9291992188e+02 1.5282871710e-14 5.7707027575e-15 9.5121689528e-15
4.9298095703e+02 1.5277487717e-14 5.7709140145e-15 9.5065737025e-15
4.9304199219e+02 1.5273139326e-14 5.7707636011e-15 9.5023757245e-15
4.9310302734e+02 1.5270036105e-14 5.7702761173e-15 9.4997599876e-15
4.9316406250e+02 1.5268262019e-14 5.7694947894e-15 9.4987672294e-15
4.9322509766e+02 1.5267777938e-14 5.7684757959e-15 9.4993021417e-15
4.9328613281e+02 1.5268441560e-14 5.7672907061e-15 9.5011508544e-15
4.9334716797e+02 1.5270029044e-14 5.7660179072e-15 9.5040111370e-15
4.9340820312e+02 1.5272270617e-14 5.7647408171e-15 9.5075297997e-15
4.9346923828e+02 1.5274884111e-14 5.7635397917e-15 9.5113443190e-15
4.9353027344e+02 1.5277606551e-14 5.7624850266e-15 9.5151215248e-15
4.9359130859e+02 1.5280210595e-14 5.7616270399e-15 9.5185835548e-15
4.9365234375e+02 1.5282524345e-14 5.7609922926e-15 9.5215320524e-15
4.9371337891e+02 1.5284428994e-14 5.7605785263e-15 9.5238504677e-15
4.9377441406e+02 1.5285859382e-14 5.7603550187e-15 9.5255043637e-15
4.9383544922e+02 1.5286799457e-14 5.7602659814e-15 9.5265334753e-15
4.9389648438e+02 1.5287263016e-14 5.7602361464e-15 9.5270268700e-15
4.9395751953e+02 1.5287274736e-14 5.7601788456e-15 9.5270958899e-15
4.9401855469e+02 1.5286868664e-14 5.7600080812e-15 9.5268605830e-15
4.9407958984e+02 1.5286083365e-14 5.7596488873e-15 9.5264344779e-15
4.9414062500e+02 1.5284951271e-14 5.7590469583e-15 9.5259043128e-15
4.9420166016e+02 1.5283505186e-14 5.7581765171e-15 9.5253286691e-15
4.9426269531e+02 1.5281780156e-14 5.7570459854e-15 9.5247341708e-15
4.9432373047e+02 1.5279817620e-14 5.7556953344e-15 9.5241222855e-15
4.9438476562e+02 1.5277676427e-14 5.7541945805e-15 9.5234818468e-15
4.9444580078e+02 1.5275434718e-14 5.7526359994e-15 9.5227987189e-15
4.9450683594e+02 1.5273191738e-14 5.7511233229e-15 9.5220684155e-15
4.9456787109e+02 1.5271064243e-14 5.7497591507e-15 9.5213050924e-15
4.9462890625e+02 1.5269172627e-14 5.7486290027e-15 9.5205436238e-15
4.9468994141e+02 1.5267639749e-14 5.7477943784e-15 9.5198453709e-15
4.9475097656e+02 1.5266566717e-14 5.7472804898e-15 9.5192862268e-15
4.9481201172e+02 1.5266024733e-14 5.7470754887e-15 9.5189492441e-15
4.9487304688e+02 1.5266030098e-14 5.7471271149e-15 9.5189029833e-15
4.9493408203e+02 1.5266552551e-14 5.7473536280e-15 9.5191989226e-15
4.9499511719e+02 1.5267502745e-14 5.7476521695e-15 9.5198505754e-15
4.9505615234e+02 1.5268739766e-14 5.7479082559e-15 9.5208315104e-15
4.9511718750e+02 1.5270084171e-14 5.7480144989e-15 9.5220696721e-15
4.9517822266e+02 1.5271336134e-14 5.7478824004e-15 9.5234537339e-15
4.9523925781e+02 1.5272296808e-14 5.7474499931e-15 9.5248468147e-15
4.9530029297e+02 1.5272797444e-14 5.7466947588e-15 9.5261026850e-15
4.9536132812e+02 1.5272718672e-14 5.7456337705e-15 9.5270849015e-15
4.9542236328e+02 1.5271998313e-14 5.7443188385e-15 9.5276794746e-15
4.9548339844e+02 1.5270651702e-14 5.7428352126e-15 9.5278164896e-15
4.9554443359e+02 1.5268766012e-14 5.7412923405e-15 9.5274736717e-15
4.9560546875e+02 1.5266486811e-14 5.7398083513e-15 9.5266784602e-15
4.9566650391e+02 1.5264004188e-14 5.7385043160e-15 9.5254998721e-15
4.9572753906e+02 1.5261529393e-14 5.7374859964e-15 9.5240433966e-15
4.9578857422e+02 1.5259279951e-14 5.7368414249e-15 9.5224385257e-15
4.9584960938e+02 1.5257451803e-14 5.7366284247e-15 9.5208233785e-15
4.9591064453e+02 1.5256202613e-14 5.7368718869e-15 9.5193307256e-15
4.9597167969e+02 1.5255639987e-14 5.7375644428e-15 9.5180755445e-15
4.9603271484e+02 1.5255813828e-14 5.7386670185e-15 9.5171468095e-15
4.9609375000e+02 1.5256715208e-14 5.7401136948e-15 9.5166015134e-15
4.9615478516e+02 1.5258279553e-14 5.7418188669e-15 9.5164606861e-15
4.9621582031e+02 1.5260386170e-14 5.7436869447e-15 9.5166992250e-15
4.9627685547e+02 1.5262860746e-14 5.7456134843e-15 9.5172472620e-15
4.9633789062e+02 1.5265485968e-14 5.7474962268e-15 9.5179897416e-15
4.9639892578e+02 1.5268003522e-14 5.7492359600e-15 9.5187675623e-15
4.9645996094e+02 1.5270129548e-14 5.7507454721e-15 9.5193840764e-15
4.9652099609e+02 1.5271570340e-14 5.7519487352e-15 9.5196216049e-15
4.9658203125e+02 1.5272046477e-14 5.7527873860e-15 9.5192590908e-15
4.9664306641e+02 1.5271316750e-14 5.7532228583e-15 9.5180938917e-15
4.9670410156e+02 1.5269212362e-14 5.7532408434e-15 9.5159715181e-15
4.9676513672e+02 1.5265653187e-14 5.7528498014e-15 9.5128033855e-15
4.9682617188e+02 1.5260674560e-14 5.7520860385e-15 9.5085885213e-15
4.9688720703e+02 1.5254418359e-14 5.7510088174e-15 9.5034095418e-15
4.9694824219e+02 1.5247129803e-14 5.7496975159e-15 9.4974322867e-15
4.9700927734e+02 1.5239127398e-14 5.7482427282e-15 9.4908846700e-15
4.9707031250e+02 1.5230768119e-14 5.7467402964e-15 9.4840278227e-15
4.9713134766e+02 1.5222403781e-14 5.7452794138e-15 9.4771243668e-15
4.9719238281e+02 1.5214336188e-14 5.7439313581e-15 9.4704048302e-15
4.9725341797e+02 1.5206788652e-14 5.7427429684e-15 9.4640456837e-15
4.9731445312e+02 1.5199884457e-14 5.7417330459e-15 9.4581514109e-15
4.9737548828e+02 1.5193639809e-14 5.7408870676e-15 9.4527527414e-15
4.9743652344e+02 1.5187979752e-14 5.7401605721e-15 9.4478191797e-15
4.9749755859e+02 1.5182760641e-14 5.7394895927e-15 9.4432710479e-15
4.9755859375e+02 1.5177804917e-14 5.7387985720e-15 9.4390063449e-15
4.9761962891e+02 1.5172937337e-14 5.7380133690e-15 9.4349239680e-15
4.9768066406e+02 1.5168016262e-14 5.7370698676e-15 9.4309463946e-15
4.9774169922e+02 1.5162958647e-14 5.7359270348e-15 9.4270316126e-15
4.9780273438e+02 1.5157758524e-14 5.7345727004e-15 9.4231858240e-15
4.9786376953e+02 1.5152490690e-14 5.7330257966e-15 9.4194648937e-15
4.9792480469e+02 1.5147301007e-14 5.7313319213e-15 9.4159690853e-15
4.9798583984e+02 1.5142394408e-14 5.7295593503e-15 9.4128350576e-15
4.9804687500e+02 1.5138009557e-14 5.7277885022e-15 9.4102210552e-15
4.9810791016e+02 1.5134397316e-14 5.7261026482e-15 9.4082946675e-15
4.9816894531e+02 1.5131784271e-14 5.7245732636e-15 9.4072110076e-15
4.9822998047e+02 1.5130355130e-14 5.7232509576e-15 9.4071041727e-15
4.9829101562e+02 1.5130225315e-14 5.7221596890e-15 9.4080656256e-15
4.9835205078e+02 1.5131420750e-14 5.7212963328e-15 9.4101244174e-15
4.9841308594e+02 1.5133873441e-14 5.7206293619e-15 9.4132440787e-15
4.9847412109e+02 1.5137424592e-14 5.7201042229e-15 9.4173203687e-15
4.9853515625e+02 1.5141835189e-14 5.7196562108e-15 9.4221789780e-15
4.9859619141e+02 1.5146805633e-14 5.7192146577e-15 9.4275909749e-15
4.9865722656e+02 1.5152009308e-14 5.7187181067e-15 9.4332912012e-15
4.9871826172e+02 1.5157122888e-14 5.7181228667e-15 9.4390000218e-15
4.9877929688e+02 1.5161862080e-14 5.7174046975e-15 9.4444573824e-15
4.9884033203e+02 1.5166007170e-14 5.7165648785e-15 9.4494422919e-15
4.9890136719e+02 1.5169422725e-14 5.7156260931e-15 9.4537966318e-15
4.9896240234e+02 1.5172072531e-14 5.7146327892e-15 9.4574397420e-15
4.9902343750e+02 1.5174019508e-14 5.7136422306e-15 9.4603772776e-15
4.9908447266e+02 1.5175411873e-14 5.7127164212e-15 9.4626954519e-15
4.9914550781e+02 1.5176462838e-14 5.7119162260e-15 9.4645466122e-15
4.9920654297e+02 1.5177425789e-14 5.7112960378e-15 9.4661297515e-15
4.9926757812e+02 1.5178560883e-14 5.7108976907e-15 9.4676631927e-15
4.9932861328e+02 1.5180100155e-14 5.7107468838e-15 9.4693532715e-15
4.9938964844e+02 1.5182219675e-14 5.7108518662e-15 9.4713678086e-15
4.9945068359e+02 1.5185013319e-14 5.7112026658e-15 9.4738106536e-15
4.9951171875e+02 1.5188482291e-14 5.7117730013e-15 9.4767092892e-15
4.9957275391e+02 1.5192528370e-14 5.7125186412e-15 9.4800097287e-15
4.9963378906e+02 1.5196960487e-14 5.7133808431e-15 9.4835796442e-15
4.9969482422e+02 1.5201507946e-14 5.7142895932e-15 9.4872183529e-15
4.9975585938e+02 1.5205856684e-14 5.7151720311e-15 9.4906846533e-15
4.9981689453e+02 1.5209676639e-14 5.7159535947e-15 9.4937230448e-15
4.9987792969e+02 1.5212661221e-14 5.7165669640e-15 9.4960942571e-15
4.9993896484e+02 1.5214560569e-14 5.7169582823e-15 9.4976022863e-15
5.0000000000e+02 1.5215213256e-14 5.7170932558e-15 9.4981200000e-15
