# freq_THz  G_total  G_x  G_y  G_z
# Directional MD-derived VDOS: G_total = G_x + G_y + G_z at every frequency.
# G_x uses vx; G_y uses vy; G_z uses vz. Interpret x as armchair/strain and y as transverse only when those directions are aligned with the LAMMPS Cartesian axes.
# mass_weighted=True; primitive_atoms=2; block_duration_ps=16.38400000; df_THz=0.06103516
0.0000000000e+00 0.0000000000e+00 0.0000000000e+00 0.0000000000e+00 0.0000000000e+00
6.1035156250e-02 2.3167052274e-02 5.4881859381e-05 3.7443573558e-04 2.2737734679e-02
1.2207031250e-01 5.9304944620e-02 3.4311642098e-05 7.5548395128e-04 5.8515149027e-02
1.8310546875e-01 9.5895511156e-02 8.2181318286e-05 1.1583413448e-03 9.4654988493e-02
2.4414062500e-01 9.4504642519e-02 1.6302171222e-04 1.2557444965e-03 9.3085876310e-02
3.0517578125e-01 1.0370874085e-01 2.3055597280e-03 1.5504773860e-03 9.9852703734e-02
3.6621093750e-01 1.3653152763e-01 6.1413542276e-03 5.0100730924e-03 1.2538010031e-01
4.2724609375e-01 1.4789435418e-01 2.0752759175e-03 1.5235082140e-02 1.3058399613e-01
4.8828125000e-01 1.3263164261e-01 2.5291970231e-03 9.4779739240e-03 1.2062447167e-01
5.4931640625e-01 1.3835411872e-01 9.5462058509e-03 1.3585794007e-02 1.1522211886e-01
6.1035156250e-01 1.4468169052e-01 9.7440518501e-03 1.1779702157e-02 1.2315793652e-01
6.7138671875e-01 1.4452072050e-01 8.2797585335e-03 7.2413187771e-03 1.2899964319e-01
7.3242187500e-01 1.1963319144e-01 1.0289546816e-02 9.2422258712e-03 1.0010141875e-01
7.9345703125e-01 1.1376310711e-01 9.6544017930e-03 1.1947325808e-02 9.2161379512e-02
8.5449218750e-01 1.7869340186e-01 1.6200273663e-02 1.2571562372e-02 1.4992156582e-01
9.1552734375e-01 1.9361270851e-01 2.5208832492e-02 1.8072367206e-02 1.5033150881e-01
9.7656250000e-01 1.8200377957e-01 1.1098960345e-02 1.4235623224e-02 1.5666919600e-01
1.0375976562e+00 1.6123715056e-01 2.7571168545e-03 8.8071628038e-03 1.4967287090e-01
1.0986328125e+00 1.9289475827e-01 3.7652354279e-03 7.2188336015e-03 1.8191068924e-01
1.1596679688e+00 1.6218272514e-01 1.1814360587e-02 6.3938294807e-03 1.4397453507e-01
1.2207031250e+00 1.4943549294e-01 2.0591325685e-02 1.0934367161e-02 1.1790980009e-01
1.2817382812e+00 1.8067850549e-01 1.8167726708e-02 1.6273366559e-02 1.4623741222e-01
1.3427734375e+00 1.8989305176e-01 1.5952920399e-02 2.2676370015e-02 1.5126376134e-01
1.4038085938e+00 1.6052586814e-01 1.9297101247e-02 2.5927447167e-02 1.1530131973e-01
1.4648437500e+00 1.6562823879e-01 1.4398046271e-02 2.0003748720e-02 1.3122644380e-01
1.5258789062e+00 1.7461477066e-01 1.5743357869e-02 1.8704573741e-02 1.4016683905e-01
1.5869140625e+00 1.9197307025e-01 2.4456154877e-02 2.1219222774e-02 1.4629769260e-01
1.6479492188e+00 1.7567877317e-01 2.2536048378e-02 1.5543071821e-02 1.3759965297e-01
1.7089843750e+00 1.2775658856e-01 1.4300177754e-02 1.3371438343e-02 1.0008497246e-01
1.7700195312e+00 1.8664769630e-01 1.3006578849e-02 1.3472840315e-02 1.6016827714e-01
1.8310546875e+00 2.5402251233e-01 2.3536714884e-02 2.4062081509e-02 2.0642371594e-01
1.8920898438e+00 2.2165722066e-01 2.0323145170e-02 2.8915465929e-02 1.7241860956e-01
1.9531250000e+00 1.7135376323e-01 1.2680677116e-02 1.7021496328e-02 1.4165158979e-01
2.0141601562e+00 1.9288980867e-01 2.1531955944e-02 1.7364047169e-02 1.5399380556e-01
2.0751953125e+00 2.1355920508e-01 2.8956695080e-02 2.7457615609e-02 1.5714489439e-01
2.1362304688e+00 1.7307933709e-01 2.2028939282e-02 2.2973122141e-02 1.2807727566e-01
2.1972656250e+00 1.6121571331e-01 1.8272346749e-02 1.8522379230e-02 1.2442098733e-01
2.2583007812e+00 2.5908079154e-01 2.9072780344e-02 3.0448951130e-02 1.9955906007e-01
2.3193359375e+00 2.4945787916e-01 3.4514621561e-02 3.8934617064e-02 1.7600864053e-01
2.3803710938e+00 2.0171577940e-01 2.9206139243e-02 3.4256231424e-02 1.3825340873e-01
2.4414062500e+00 2.1702209626e-01 2.9196526468e-02 2.9794755491e-02 1.5803081430e-01
2.5024414062e+00 2.3422658957e-01 3.5866778834e-02 3.0404481196e-02 1.6795532954e-01
2.5634765625e+00 2.6987840585e-01 2.9220066938e-02 2.5915487555e-02 2.1474285136e-01
2.6245117188e+00 2.5536920919e-01 3.1676289754e-02 2.7635535919e-02 1.9605738352e-01
2.6855468750e+00 2.2856831310e-01 2.9487339568e-02 2.4879247150e-02 1.7420172638e-01
2.7465820312e+00 2.1589109791e-01 1.8350316041e-02 1.8661628593e-02 1.7887915328e-01
2.8076171875e+00 2.3988901623e-01 2.1031682158e-02 2.2757549267e-02 1.9609978481e-01
2.8686523438e+00 2.3986387494e-01 3.6206096362e-02 3.0441413728e-02 1.7321636485e-01
2.9296875000e+00 2.5139651113e-01 4.1301873218e-02 4.0580430724e-02 1.6951420719e-01
2.9907226562e+00 2.9172035821e-01 4.0476728459e-02 3.8420574010e-02 2.1282305574e-01
3.0517578125e+00 2.8601724821e-01 3.6382076732e-02 3.3923747436e-02 2.1571142404e-01
3.1127929688e+00 2.6336449288e-01 3.8913436916e-02 3.8233819236e-02 1.8621723673e-01
3.1738281250e+00 2.3823451349e-01 3.5803407603e-02 3.5134691624e-02 1.6729641426e-01
3.2348632812e+00 2.6017492483e-01 3.2141097176e-02 3.3880771032e-02 1.9415305662e-01
3.2958984375e+00 2.7211001799e-01 2.9517979925e-02 3.0428587668e-02 2.1216345040e-01
3.3569335938e+00 3.0626346920e-01 3.2844197214e-02 3.5090602033e-02 2.3832866996e-01
3.4179687500e+00 2.8614320675e-01 3.2907147600e-02 3.9460953761e-02 2.1377510539e-01
3.4790039062e+00 2.8173217018e-01 3.7161130443e-02 3.6327992285e-02 2.0824304745e-01
3.5400390625e+00 2.8099209176e-01 3.7328177046e-02 3.6839563789e-02 2.0682435093e-01
3.6010742188e+00 2.7501475144e-01 3.2142809716e-02 3.5250119063e-02 2.0762182266e-01
3.6621093750e+00 2.7762630756e-01 3.7830625147e-02 3.9271631708e-02 2.0052405071e-01
3.7231445312e+00 3.3586011983e-01 5.2343541015e-02 4.3512752919e-02 2.4000382589e-01
3.7841796875e+00 3.1633298544e-01 4.4631956109e-02 3.6832432018e-02 2.3486859731e-01
3.8452148438e+00 2.9428381880e-01 3.7244909265e-02 3.2034131047e-02 2.2500477849e-01
3.9062500000e+00 3.3704098491e-01 3.8720684921e-02 3.4390768258e-02 2.6392953173e-01
3.9672851562e+00 3.6818391991e-01 4.2817302819e-02 3.9486642340e-02 2.8587997476e-01
4.0283203125e+00 4.5050169622e-01 4.8065516859e-02 4.6277790337e-02 3.5615838902e-01
4.0893554688e+00 4.0139429731e-01 5.6194128733e-02 5.0680001455e-02 2.9452016712e-01
4.1503906250e+00 3.5798986246e-01 4.6315015989e-02 5.0751720796e-02 2.6092312568e-01
4.2114257812e+00 3.6808407519e-01 4.5726303366e-02 5.8764649085e-02 2.6359312274e-01
4.2724609375e+00 3.5369501981e-01 3.7754197792e-02 5.2390776694e-02 2.6355004533e-01
4.3334960938e+00 2.9549265885e-01 4.1921465310e-02 4.8114512875e-02 2.0545668066e-01
4.3945312500e+00 2.7870369137e-01 4.9883441584e-02 5.3148498603e-02 1.7567175118e-01
4.4555664062e+00 3.3808890712e-01 4.5817836051e-02 4.5847579239e-02 2.4642349183e-01
4.5166015625e+00 2.7794337069e-01 3.8765299450e-02 3.7178726898e-02 2.0199934435e-01
4.5776367188e+00 2.7463984096e-01 4.3673948323e-02 3.8227360783e-02 1.9273853185e-01
4.6386718750e+00 3.7844066668e-01 6.3657012754e-02 5.1219921922e-02 2.6356373201e-01
4.6997070312e+00 3.3137350662e-01 7.2672287158e-02 6.1406159568e-02 1.9729505990e-01
4.7607421875e+00 2.9403687430e-01 6.5908692826e-02 6.4517763494e-02 1.6361041798e-01
4.8217773438e+00 3.2312484681e-01 6.2001918242e-02 5.7352075488e-02 2.0377085308e-01
4.8828125000e+00 3.2088839244e-01 6.2297475944e-02 4.6572041442e-02 2.1201887506e-01
4.9438476562e+00 2.4359754553e-01 6.6207549201e-02 4.7322800492e-02 1.3006719584e-01
5.0048828125e+00 2.8128816274e-01 6.3832778976e-02 5.2161482931e-02 1.6529390083e-01
5.0659179688e+00 3.2762522071e-01 6.0367858569e-02 6.0887939023e-02 2.0636942312e-01
5.1269531250e+00 2.6069138840e-01 6.2184021701e-02 5.9952489450e-02 1.3855487725e-01
5.1879882812e+00 2.7840586846e-01 6.4508872143e-02 5.5336980942e-02 1.5856001538e-01
5.2490234375e+00 3.4764842058e-01 7.0563728618e-02 6.0884655666e-02 2.1620003629e-01
5.3100585938e+00 2.8585018308e-01 6.8590085200e-02 6.0742737326e-02 1.5651736055e-01
5.3710937500e+00 3.0959522660e-01 6.6504114628e-02 6.8724192417e-02 1.7436691955e-01
5.4321289062e+00 2.7473391780e-01 5.5950843593e-02 6.4375261970e-02 1.5440781224e-01
5.4931640625e+00 2.4022628843e-01 5.2679002640e-02 6.5558581771e-02 1.2198870402e-01
5.5541992188e+00 2.4697813818e-01 6.3341852944e-02 6.9507101381e-02 1.1412918386e-01
5.6152343750e+00 2.2057133821e-01 6.7929599379e-02 6.0885927137e-02 9.1755811695e-02
5.6762695312e+00 1.7543570131e-01 5.7055883890e-02 4.8075642684e-02 7.0304174732e-02
5.7373046875e+00 2.3438723909e-01 6.8272547256e-02 5.8186411090e-02 1.0792828074e-01
5.7983398438e+00 2.0704360834e-01 7.2950296400e-02 6.6213573678e-02 6.7879738257e-02
5.8593750000e+00 1.8954219232e-01 9.0155289527e-02 8.0350519242e-02 1.9036383553e-02
5.9204101562e+00 1.9951288264e-01 1.0714042299e-01 8.1928520726e-02 1.0443938927e-02
5.9814453125e+00 1.8573004083e-01 1.0005650708e-01 7.5156132197e-02 1.0517401552e-02
6.0424804688e+00 1.4687022523e-01 7.2674241684e-02 6.1921198206e-02 1.2274785343e-02
6.1035156250e+00 1.2147991413e-01 5.2269791350e-02 5.1320803497e-02 1.7889319287e-02
6.1645507812e+00 1.4267905963e-01 5.4142532951e-02 5.9459386928e-02 2.9077139755e-02
6.2255859375e+00 1.8341540932e-01 6.6337508936e-02 6.5364169521e-02 5.1713730862e-02
6.2866210938e+00 2.3424156922e-01 8.0666798336e-02 7.2652925562e-02 8.0921845325e-02
6.3476562500e+00 2.9644553516e-01 9.9693318298e-02 9.0417399033e-02 1.0633481783e-01
6.4086914062e+00 2.6021471827e-01 8.9234558385e-02 7.9831296578e-02 9.1148863309e-02
6.4697265625e+00 2.2394176178e-01 9.4573150570e-02 7.9427768420e-02 4.9940842792e-02
6.5307617188e+00 2.1005545959e-01 9.6140035058e-02 8.3919666135e-02 2.9995758393e-02
6.5917968750e+00 2.3710295963e-01 9.4947870240e-02 9.3960402004e-02 4.8194687390e-02
6.6528320312e+00 2.9562696685e-01 9.8210047125e-02 9.3702676086e-02 1.0371424364e-01
6.7138671875e+00 2.3407246095e-01 9.0833854308e-02 7.6064894930e-02 6.7173711711e-02
6.7749023438e+00 2.1031416986e-01 1.0292018657e-01 8.5792394698e-02 2.1601588594e-02
6.8359375000e+00 1.9344392747e-01 9.8099904021e-02 8.3094290297e-02 1.2249733153e-02
6.8969726562e+00 1.9462240837e-01 1.0028431041e-01 8.5258919836e-02 9.0791781267e-03
6.9580078125e+00 1.9015832347e-01 9.6858455684e-02 8.4930480446e-02 8.3693873414e-03
7.0190429688e+00 2.0629699174e-01 1.0479559390e-01 9.3831296175e-02 7.6701016726e-03
7.0800781250e+00 2.1841332654e-01 1.1605567259e-01 9.4181451935e-02 8.1762020120e-03
7.1411132812e+00 2.2037226611e-01 1.2016384148e-01 9.0560680153e-02 9.6477444727e-03
7.2021484375e+00 2.2512419751e-01 1.1933732140e-01 9.3473114634e-02 1.2313761476e-02
7.2631835938e+00 2.4507326754e-01 1.1397542430e-01 1.0756521751e-01 2.3532625729e-02
7.3242187500e+00 2.7886220648e-01 1.1245804415e-01 1.0325339378e-01 6.3150768557e-02
7.3852539062e+00 3.0809621016e-01 1.1874720337e-01 9.9775840863e-02 8.9573165932e-02
7.4462890625e+00 3.0649408929e-01 1.4599231786e-01 1.0665071106e-01 5.3851060375e-02
7.5073242188e+00 3.5274684103e-01 1.7461373516e-01 1.1882822813e-01 5.9304877729e-02
7.5683593750e+00 4.1319254978e-01 1.8765759651e-01 1.3375642858e-01 9.1778524689e-02
7.6293945312e+00 3.3017664442e-01 1.3575916947e-01 1.1093507594e-01 8.3482399003e-02
7.6904296875e+00 3.4693049657e-01 1.3941155246e-01 1.1057487273e-01 9.6944071372e-02
7.7514648438e+00 3.7036873024e-01 1.4101071472e-01 1.0838865748e-01 1.2096935805e-01
7.8125000000e+00 3.5013453620e-01 1.1031960038e-01 1.0155358486e-01 1.3826135095e-01
7.8735351562e+00 4.0196639537e-01 1.2053619559e-01 1.2264495298e-01 1.5878524679e-01
7.9345703125e+00 3.7675026323e-01 1.1509253447e-01 1.2711482203e-01 1.3454290674e-01
7.9956054688e+00 4.1234168851e-01 1.2704888550e-01 1.3828962712e-01 1.4700317590e-01
8.0566406250e+00 4.8259615040e-01 1.3889155023e-01 1.5089419176e-01 1.9281040841e-01
8.1176757812e+00 4.3374989417e-01 1.0419251698e-01 1.2421316134e-01 2.0534421585e-01
8.1787109375e+00 3.9572378832e-01 1.0000686305e-01 1.1301190215e-01 1.8270502312e-01
8.2397460938e+00 4.1316918052e-01 9.9983196619e-02 1.1235501259e-01 2.0083097132e-01
8.3007812500e+00 4.7871549079e-01 1.0682383949e-01 1.3138037507e-01 2.4051127623e-01
8.3618164062e+00 5.1327298797e-01 1.1093347501e-01 1.2561157699e-01 2.7672793597e-01
8.4228515625e+00 5.1557808685e-01 1.1187771244e-01 1.0746552859e-01 2.9623484581e-01
8.4838867188e+00 5.3295757737e-01 1.1513527253e-01 1.1449214978e-01 3.0333015507e-01
8.5449218750e+00 5.3135101067e-01 1.0162377193e-01 1.1705910788e-01 3.1266813085e-01
8.6059570312e+00 5.4451660638e-01 9.9664405613e-02 9.9830235087e-02 3.4502196568e-01
8.6669921875e+00 5.3440324665e-01 9.2676844093e-02 8.7790762082e-02 3.5393564048e-01
8.7280273438e+00 5.4116104766e-01 9.0726463581e-02 9.3929012763e-02 3.5650557131e-01
8.7890625000e+00 5.3907841826e-01 1.0162320260e-01 1.1563097989e-01 3.2182423577e-01
8.8500976562e+00 5.0506881934e-01 1.0996249842e-01 1.0390407150e-01 2.9120224943e-01
8.9111328125e+00 4.7388322466e-01 9.7092976864e-02 8.6137909945e-02 2.9065233786e-01
8.9721679688e+00 4.1920962187e-01 8.3663106531e-02 8.0420681981e-02 2.5512583336e-01
9.0332031250e+00 4.4173889311e-01 8.7884009592e-02 9.6357617537e-02 2.5749726598e-01
9.0942382812e+00 4.4498434506e-01 9.2005052561e-02 9.8842630576e-02 2.5413666193e-01
9.1552734375e+00 4.3785165562e-01 1.0457868001e-01 9.9533372811e-02 2.3373960279e-01
9.2163085938e+00 4.7575301927e-01 1.1225272623e-01 1.1125382220e-01 2.5224647084e-01
9.2773437500e+00 4.4094855175e-01 1.0082074947e-01 1.0293776442e-01 2.3719003785e-01
9.3383789062e+00 3.8245648724e-01 8.5649244494e-02 9.4809070703e-02 2.0199817205e-01
9.3994140625e+00 3.9489431667e-01 7.9273775862e-02 9.4419321336e-02 2.2120121947e-01
9.4604492188e+00 4.0087416319e-01 8.1408309749e-02 8.5891400735e-02 2.3357445271e-01
9.5214843750e+00 3.9926131099e-01 9.3820974351e-02 8.4894726065e-02 2.2054561058e-01
9.5825195312e+00 4.0642350173e-01 9.5640203200e-02 8.8951639981e-02 2.2183165854e-01
9.6435546875e+00 3.7400588601e-01 8.3919596215e-02 8.7059848807e-02 2.0302644099e-01
9.7045898438e+00 3.6496454843e-01 8.6624299865e-02 9.1294031032e-02 1.8704621753e-01
9.7656250000e+00 3.9540464677e-01 9.6299963305e-02 8.6765718402e-02 2.1233896506e-01
9.8266601562e+00 3.7618969674e-01 1.0253123604e-01 7.9583186376e-02 1.9407527432e-01
9.8876953125e+00 3.3418321481e-01 8.2085937598e-02 7.8507656584e-02 1.7358962063e-01
9.9487304688e+00 3.4691832410e-01 7.8622544530e-02 8.6754789671e-02 1.8154098990e-01
1.0009765625e+01 3.4220726357e-01 8.6827856093e-02 8.9591880481e-02 1.6578752700e-01
1.0070800781e+01 3.5958306104e-01 8.4104442532e-02 8.2001301267e-02 1.9347731724e-01
1.0131835938e+01 3.5975114970e-01 8.1715381006e-02 7.6198101543e-02 2.0183766715e-01
1.0192871094e+01 3.1522020210e-01 6.9102341535e-02 6.5701455767e-02 1.8041640479e-01
1.0253906250e+01 3.0898493321e-01 6.8214987430e-02 6.1467538635e-02 1.7930240714e-01
1.0314941406e+01 3.3695716738e-01 8.5342255421e-02 7.5321598351e-02 1.7629331361e-01
1.0375976562e+01 3.6431476905e-01 9.7612294518e-02 9.5411528516e-02 1.7129094602e-01
1.0437011719e+01 3.5979565350e-01 1.0063726495e-01 9.1789829686e-02 1.6736855886e-01
1.0498046875e+01 3.3896811500e-01 9.4004946524e-02 8.1340480016e-02 1.6362268846e-01
1.0559082031e+01 3.3499234118e-01 8.4512484787e-02 7.7409805105e-02 1.7307005129e-01
1.0620117188e+01 2.9827290990e-01 7.4651612988e-02 7.1105137610e-02 1.5251615930e-01
1.0681152344e+01 3.0546920411e-01 7.9637213481e-02 7.4052964226e-02 1.5177902641e-01
1.0742187500e+01 2.9581320745e-01 7.1463867142e-02 6.9061926087e-02 1.5528741422e-01
1.0803222656e+01 2.7222188205e-01 5.4582940184e-02 5.7690700155e-02 1.5994824171e-01
1.0864257812e+01 3.0311805727e-01 6.7919013119e-02 6.8095638708e-02 1.6710340544e-01
1.0925292969e+01 3.0237305597e-01 7.1902511985e-02 7.3264417883e-02 1.5720612610e-01
1.0986328125e+01 3.0666873786e-01 8.5706897179e-02 7.2265572871e-02 1.4869626781e-01
1.1047363281e+01 3.0740602695e-01 8.0558031451e-02 6.8796714302e-02 1.5805128120e-01
1.1108398438e+01 2.8858591015e-01 6.8008250373e-02 5.9869766884e-02 1.6070789289e-01
1.1169433594e+01 2.8184000505e-01 7.8031910149e-02 7.2287623971e-02 1.3152047093e-01
1.1230468750e+01 3.1188824296e-01 8.2856852273e-02 8.1627874023e-02 1.4740351667e-01
1.1291503906e+01 2.8763182624e-01 5.5818699271e-02 6.0854002635e-02 1.7095912434e-01
1.1352539062e+01 2.1886744252e-01 3.9390473667e-02 4.7839866102e-02 1.3163710275e-01
1.1413574219e+01 2.4074553989e-01 4.9121816993e-02 5.5760682886e-02 1.3586304001e-01
1.1474609375e+01 2.7311783355e-01 5.3984044328e-02 5.8872925592e-02 1.6026086363e-01
1.1535644531e+01 2.5765411911e-01 6.1170540509e-02 5.3541674591e-02 1.4294190401e-01
1.1596679688e+01 2.6431209436e-01 5.9193168757e-02 5.0274021661e-02 1.5484490394e-01
1.1657714844e+01 2.5707743101e-01 4.7993600234e-02 4.9509826894e-02 1.5957400388e-01
1.1718750000e+01 2.1622388778e-01 4.1197753484e-02 4.5487048680e-02 1.2953908562e-01
1.1779785156e+01 2.3764506987e-01 4.1286687115e-02 4.9908155321e-02 1.4645022743e-01
1.1840820312e+01 2.1592535429e-01 3.9228339079e-02 4.5734500190e-02 1.3096251502e-01
1.1901855469e+01 2.2326899592e-01 4.2052664276e-02 4.4691521240e-02 1.3652481040e-01
1.1962890625e+01 2.5838798410e-01 4.8136892658e-02 5.0869312434e-02 1.5938177901e-01
1.2023925781e+01 2.4950833727e-01 5.5182925401e-02 5.2549113770e-02 1.4177629810e-01
1.2084960938e+01 2.5536380193e-01 6.3453395942e-02 5.5274880556e-02 1.3663552543e-01
1.2145996094e+01 2.3937974613e-01 6.0839441492e-02 5.6985283686e-02 1.2155502095e-01
1.2207031250e+01 2.4547176538e-01 5.8541044972e-02 5.7456528913e-02 1.2947419150e-01
1.2268066406e+01 2.6822381674e-01 5.4496004006e-02 5.5824805962e-02 1.5790300678e-01
1.2329101562e+01 2.3117465763e-01 4.9557841982e-02 5.3699544542e-02 1.2791727111e-01
1.2390136719e+01 1.8968494170e-01 5.3564387782e-02 5.7959910221e-02 7.8160643693e-02
1.2451171875e+01 1.9350913759e-01 5.6517055130e-02 5.3380776744e-02 8.3611305713e-02
1.2512207031e+01 1.5060094028e-01 6.6802524554e-02 5.8681345172e-02 2.5117070553e-02
1.2573242188e+01 1.3279069236e-01 6.6727528919e-02 5.9830926849e-02 6.2322365905e-03
1.2634277344e+01 1.2269159167e-01 6.0117848856e-02 5.7788609478e-02 4.7851333374e-03
1.2695312500e+01 1.1783883065e-01 5.6265959151e-02 5.7407838842e-02 4.1650326582e-03
1.2756347656e+01 1.1389239071e-01 5.3352602370e-02 5.6783852623e-02 3.7559357184e-03
1.2817382812e+01 1.3391414602e-01 6.3626678686e-02 6.6783706840e-02 3.5037604949e-03
1.2878417969e+01 1.5253572050e-01 7.4377465036e-02 7.4908367771e-02 3.2498876936e-03
1.2939453125e+01 1.6532301915e-01 8.4603179750e-02 7.7746900107e-02 2.9729392903e-03
1.3000488281e+01 1.4869241769e-01 7.7578603873e-02 6.8389051458e-02 2.7247623607e-03
1.3061523438e+01 1.5172327287e-01 7.5780140449e-02 7.3310413859e-02 2.6327185612e-03
1.3122558594e+01 1.5823278617e-01 7.3664970023e-02 8.2015350834e-02 2.5524653110e-03
1.3183593750e+01 1.5636786082e-01 7.3188544437e-02 8.0711871255e-02 2.4674451266e-03
1.3244628906e+01 1.5047869347e-01 7.3949640952e-02 7.4148304277e-02 2.3807482364e-03
1.3305664062e+01 1.7043911946e-01 9.0707217277e-02 7.7344929599e-02 2.3869725887e-03
1.3366699219e+01 1.9013145282e-01 1.0056647269e-01 8.7181455338e-02 2.3835247954e-03
1.3427734375e+01 1.9021202296e-01 9.6642121598e-02 9.1206161834e-02 2.3637395310e-03
1.3488769531e+01 1.9601105613e-01 1.0348534708e-01 9.0215310206e-02 2.3103988428e-03
1.3549804688e+01 2.0925574599e-01 1.0673064036e-01 1.0015737997e-01 2.3677256579e-03
1.3610839844e+01 2.2199019378e-01 1.1228337150e-01 1.0732226279e-01 2.3845594890e-03
1.3671875000e+01 2.4708058668e-01 1.2376622209e-01 1.2081874559e-01 2.4956189957e-03
1.3732910156e+01 2.7446746557e-01 1.3680886631e-01 1.3506553767e-01 2.5930615914e-03
1.3793945312e+01 2.6251764842e-01 1.3527843075e-01 1.2474520464e-01 2.4940130248e-03
1.3854980469e+01 2.3382325477e-01 1.1522732748e-01 1.1618815252e-01 2.4077747769e-03
1.3916015625e+01 2.2866896552e-01 1.0937281857e-01 1.1688806432e-01 2.4080826271e-03
1.3977050781e+01 2.4247541846e-01 1.1837142528e-01 1.2171886256e-01 2.3851306232e-03
1.4038085938e+01 2.4053550050e-01 1.1985082279e-01 1.1834916277e-01 2.3355149305e-03
1.4099121094e+01 2.1106684474e-01 1.0244449182e-01 1.0641799591e-01 2.2043570092e-03
1.4160156250e+01 2.0632539229e-01 9.3594580086e-02 1.1047582307e-01 2.2549891405e-03
1.4221191406e+01 1.9437133092e-01 8.3609878732e-02 1.0854026907e-01 2.2211831247e-03
1.4282226562e+01 1.9782421869e-01 8.2521773697e-02 1.1308943429e-01 2.2130107022e-03
1.4343261719e+01 1.9440478518e-01 7.9944103128e-02 1.1224545668e-01 2.2152253792e-03
1.4404296875e+01 1.9456470521e-01 7.9200374896e-02 1.1315829746e-01 2.2060328606e-03
1.4465332031e+01 1.9231659285e-01 7.4444710934e-02 1.1565964742e-01 2.2122344977e-03
1.4526367188e+01 1.9520703626e-01 7.5840066502e-02 1.1715652308e-01 2.2104466848e-03
1.4587402344e+01 1.7691690196e-01 6.8670243642e-02 1.0619104685e-01 2.0556114648e-03
1.4648437500e+01 1.4111343632e-01 5.2988240965e-02 8.6248408831e-02 1.8767865213e-03
1.4709472656e+01 1.3199258224e-01 4.7831230056e-02 8.2317582405e-02 1.8437697787e-03
1.4770507812e+01 1.5371183385e-01 5.5029165505e-02 9.6739290077e-02 1.9433782678e-03
1.4831542969e+01 1.6960167521e-01 6.1207640904e-02 1.0638128435e-01 2.0127499498e-03
1.4892578125e+01 1.3530026927e-01 4.8861186717e-02 8.4602375938e-02 1.8367066186e-03
1.4953613281e+01 9.3372730974e-02 3.8905185338e-02 5.2884954045e-02 1.5825915918e-03
1.5014648438e+01 1.0140341470e-01 4.6364507603e-02 5.3502689483e-02 1.5362176182e-03
1.5075683594e+01 9.9156167080e-02 4.3548992457e-02 5.4107853128e-02 1.4993214957e-03
1.5136718750e+01 8.0114221201e-02 3.4903480731e-02 4.3797040787e-02 1.4136996836e-03
1.5197753906e+01 6.3286203910e-02 2.7422376136e-02 3.4522629719e-02 1.3411980552e-03
1.5258789062e+01 6.6570232813e-02 2.2774876651e-02 4.2419747460e-02 1.3756087008e-03
1.5319824219e+01 9.3641460087e-02 2.8073108871e-02 6.4038073596e-02 1.5302776203e-03
1.5380859375e+01 6.8869362038e-02 2.0747473382e-02 4.6742631792e-02 1.3792568635e-03
1.5441894531e+01 3.6695733931e-02 1.1917441123e-02 2.3627162236e-02 1.1511305723e-03
1.5502929688e+01 3.7091857507e-02 1.2198464513e-02 2.3749249710e-02 1.1441432844e-03
1.5563964844e+01 4.2295642607e-02 1.3986625864e-02 2.7142749553e-02 1.1662671902e-03
1.5625000000e+01 2.8402205464e-02 9.5972665920e-03 1.7734347904e-02 1.0705909675e-03
1.5686035156e+01 1.5577406982e-02 5.5522663878e-03 9.0442331258e-03 9.8090746810e-04
1.5747070312e+01 1.1745065972e-02 4.2917840711e-03 6.5071195957e-03 9.4616230521e-04
1.5808105469e+01 9.2381790732e-03 3.4717674324e-03 4.8606861449e-03 9.0572549594e-04
1.5869140625e+01 7.9048265893e-03 3.0356211089e-03 3.9808168696e-03 8.8838861084e-04
1.5930175781e+01 7.1340298563e-03 2.8108113148e-03 3.4643305746e-03 8.5888796696e-04
1.5991210938e+01 6.4140054251e-03 2.5581855546e-03 3.0297699388e-03 8.2604993173e-04
1.6052246094e+01 6.0806733834e-03 2.4264699299e-03 2.8396403686e-03 8.1456308499e-04
1.6113281250e+01 5.7085906555e-03 2.3231114794e-03 2.5902839199e-03 7.9519525620e-04
1.6174316406e+01 5.5433379442e-03 2.2533767589e-03 2.4948852064e-03 7.9507597889e-04
1.6235351562e+01 5.3858944081e-03 2.2019939538e-03 2.3833345038e-03 8.0056595046e-04
1.6296386719e+01 5.0895161145e-03 2.1192130994e-03 2.1946890092e-03 7.7561400588e-04
1.6357421875e+01 4.9186258347e-03 2.0458561220e-03 2.1047537446e-03 7.6801596809e-04
1.6418457031e+01 4.8627787999e-03 2.0152330359e-03 2.0903023802e-03 7.5724338378e-04
1.6479492188e+01 4.7252349231e-03 1.9954588291e-03 1.9792799388e-03 7.5049615511e-04
1.6540527344e+01 4.6577229964e-03 1.9806179183e-03 1.9462439886e-03 7.3086108962e-04
1.6601562500e+01 4.6859650605e-03 1.9856935200e-03 1.9766572717e-03 7.2361426877e-04
1.6662597656e+01 4.7020320884e-03 2.0019571900e-03 1.9726383353e-03 7.2743656312e-04
1.6723632812e+01 4.7153507361e-03 2.0262760877e-03 1.9673466210e-03 7.2172802744e-04
1.6784667969e+01 4.8595070398e-03 2.0887607543e-03 2.0583104040e-03 7.1243588145e-04
1.6845703125e+01 5.0188017310e-03 2.1506504448e-03 2.1788072013e-03 6.8934408494e-04
1.6906738281e+01 5.1540550727e-03 2.1896072975e-03 2.2820607806e-03 6.8238699457e-04
1.6967773438e+01 5.1690912863e-03 2.2147923192e-03 2.2769569756e-03 6.7734199147e-04
1.7028808594e+01 5.4691500083e-03 2.3199609133e-03 2.4668375419e-03 6.8235155306e-04
1.7089843750e+01 5.8038460547e-03 2.4380358082e-03 2.6833662947e-03 6.8244395180e-04
1.7150878906e+01 6.3163034128e-03 2.6257403944e-03 2.9984573901e-03 6.9210562834e-04
1.7211914062e+01 7.2517234423e-03 2.9673870555e-03 3.5817496055e-03 7.0258678129e-04
1.7272949219e+01 9.1863891572e-03 3.7110544568e-03 4.7626159998e-03 7.1271870058e-04
1.7333984375e+01 1.3320269966e-02 5.2679441692e-03 7.3183009137e-03 7.3402488303e-04
1.7395019531e+01 2.5609966659e-02 9.7336311965e-03 1.5066241423e-02 8.1009403943e-04
1.7456054688e+01 4.3038278165e-02 1.6056208843e-02 2.6055188035e-02 9.2688128769e-04
1.7517089844e+01 5.2025708139e-02 1.9401540564e-02 3.1673581392e-02 9.5058618239e-04
1.7578125000e+01 4.1124399679e-02 1.5478713984e-02 2.4752954186e-02 8.9273150914e-04
1.7639160156e+01 2.5743093821e-02 9.8966849098e-03 1.5003705064e-02 8.4270384724e-04
1.7700195312e+01 1.7062024386e-02 6.6818224038e-03 9.5826894505e-03 7.9751253195e-04
1.7761230469e+01 1.1066224436e-02 4.5074478295e-03 5.7922777346e-03 7.6649887165e-04
1.7822265625e+01 7.5923981675e-03 3.3248936641e-03 3.5033386274e-03 7.6416587593e-04
1.7883300781e+01 6.6404459896e-03 2.9845751266e-03 2.8715616446e-03 7.8430921843e-04
1.7944335938e+01 6.2710919408e-03 2.8573230182e-03 2.6232348883e-03 7.9053403429e-04
1.8005371094e+01 6.0536529365e-03 2.8398777883e-03 2.4536608208e-03 7.6011432738e-04
1.8066406250e+01 5.8081386008e-03 2.7669303313e-03 2.2496564220e-03 7.9155184751e-04
1.8127441406e+01 5.8819552507e-03 2.8223898075e-03 2.2160130419e-03 8.4355240131e-04
1.8188476562e+01 5.9977683702e-03 2.8917365553e-03 2.2404985320e-03 8.6553328295e-04
1.8249511719e+01 6.1320436085e-03 3.0057899872e-03 2.2475115327e-03 8.7874208865e-04
1.8310546875e+01 6.3097396120e-03 3.1421162440e-03 2.2436816080e-03 9.2394176003e-04
1.8371582031e+01 6.8357988893e-03 3.4664011146e-03 2.4164957841e-03 9.5290199065e-04
1.8432617188e+01 7.1700515347e-03 3.6619220735e-03 2.5089025935e-03 9.9922686767e-04
1.8493652344e+01 7.6910502633e-03 4.0116163311e-03 2.6140649789e-03 1.0653689533e-03
1.8554687500e+01 9.0532032745e-03 4.8223776170e-03 3.1524489908e-03 1.0783766667e-03
1.8615722656e+01 1.1083717199e-02 6.0032221887e-03 3.9781813608e-03 1.1023136496e-03
1.8676757812e+01 1.5275762111e-02 8.3144135085e-03 5.8296947959e-03 1.1316538064e-03
1.8737792969e+01 2.7485153360e-02 1.4945822084e-02 1.1306608475e-02 1.2327228013e-03
1.8798828125e+01 5.8032097980e-02 3.1308067196e-02 2.5443110328e-02 1.2809204563e-03
1.8859863281e+01 8.0227172426e-02 4.3638658207e-02 3.5309228107e-02 1.2792861121e-03
1.8920898438e+01 6.0067568082e-02 3.4219997200e-02 2.4671783535e-02 1.1757873473e-03
1.8981933594e+01 5.3120329483e-02 3.4376461198e-02 1.7636281379e-02 1.1075869053e-03
1.9042968750e+01 8.5049614887e-02 5.8819515590e-02 2.5070169740e-02 1.1599295573e-03
1.9104003906e+01 1.1573562204e-01 7.9736211457e-02 3.4787933868e-02 1.2114767132e-03
1.9165039062e+01 1.0210071313e-01 6.9349494316e-02 3.1577936079e-02 1.1732827376e-03
1.9226074219e+01 4.9296253422e-02 3.3164041169e-02 1.5116962887e-02 1.0152493666e-03
1.9287109375e+01 2.4780147669e-02 1.6346745694e-02 7.4654888076e-03 9.6791316752e-04
1.9348144531e+01 1.7193239991e-02 1.1071325610e-02 5.1236438790e-03 9.9827050152e-04
1.9409179688e+01 1.3988875887e-02 8.8178747587e-03 4.1804495948e-03 9.9055153300e-04
1.9470214844e+01 1.3627144107e-02 8.6485925533e-03 4.0021595396e-03 9.7639201399e-04
1.9531250000e+01 1.5719676149e-02 1.0218096741e-02 4.5247734999e-03 9.7680590792e-04
1.9592285156e+01 2.0166377522e-02 1.3532873283e-02 5.6648808583e-03 9.6862338050e-04
1.9653320312e+01 4.2587874884e-02 3.0242043620e-02 1.1314526586e-02 1.0313046778e-03
1.9714355469e+01 7.8479498174e-02 5.5987279126e-02 2.1380325702e-02 1.1118933460e-03
1.9775390625e+01 8.7497448773e-02 6.0433294244e-02 2.5913381510e-02 1.1507730184e-03
1.9836425781e+01 9.7400995877e-02 7.1502584102e-02 2.4766204345e-02 1.1322074300e-03
1.9897460938e+01 1.0240932056e-01 7.7701977052e-02 2.3585575590e-02 1.1217679208e-03
1.9958496094e+01 1.1710576007e-01 8.5295256837e-02 3.0653648102e-02 1.1568551270e-03
2.0019531250e+01 1.4143749748e-01 1.0200968934e-01 3.8234783458e-02 1.1930246780e-03
2.0080566406e+01 1.4070348607e-01 1.0360178439e-01 3.5900236419e-02 1.2014652602e-03
2.0141601562e+01 1.5747852360e-01 1.1828092412e-01 3.8006738584e-02 1.1908608935e-03
2.0202636719e+01 1.5480662583e-01 1.1686345163e-01 3.6797062472e-02 1.1461117304e-03
2.0263671875e+01 1.6038585278e-01 1.1981202581e-01 3.9400526248e-02 1.1733007170e-03
2.0324707031e+01 1.6829010288e-01 1.2852190413e-01 3.8587310085e-02 1.1808886670e-03
2.0385742188e+01 1.6095100767e-01 1.2135199425e-01 3.8422676503e-02 1.1763369191e-03
2.0446777344e+01 1.4823406231e-01 1.0882427820e-01 3.8200098976e-02 1.2096851332e-03
2.0507812500e+01 1.6386961992e-01 1.1867852027e-01 4.3911387559e-02 1.2797120935e-03
2.0568847656e+01 1.6466684069e-01 1.1953429463e-01 4.3847818115e-02 1.2847279441e-03
2.0629882812e+01 1.4356345253e-01 1.0086348595e-01 4.1403100355e-02 1.2968662235e-03
2.0690917969e+01 1.5302397334e-01 1.0470967960e-01 4.6994015794e-02 1.3202779486e-03
2.0751953125e+01 1.6603083813e-01 1.1693253575e-01 4.7770551006e-02 1.3277513776e-03
2.0812988281e+01 1.4891482597e-01 1.0525618719e-01 4.2365219672e-02 1.2934191092e-03
2.0874023438e+01 1.7095980038e-01 1.1852832770e-01 5.1070967842e-02 1.3605048367e-03
2.0935058594e+01 2.3076303753e-01 1.6057681292e-01 6.8657148711e-02 1.5290758939e-03
2.0996093750e+01 2.1571749177e-01 1.4862917976e-01 6.5582722009e-02 1.5055899985e-03
2.1057128906e+01 2.0823064964e-01 1.4112223015e-01 6.5587714683e-02 1.5207048072e-03
2.1118164062e+01 2.2953152717e-01 1.5676987027e-01 7.1209318217e-02 1.5523386909e-03
2.1179199219e+01 2.2878165445e-01 1.5399291127e-01 7.3238776746e-02 1.5499664346e-03
2.1240234375e+01 1.9262048238e-01 1.2686738351e-01 6.4234673842e-02 1.5184250249e-03
2.1301269531e+01 1.9872555723e-01 1.3427813312e-01 6.2895911531e-02 1.5515125803e-03
2.1362304688e+01 2.3416267970e-01 1.5894107298e-01 7.3582154234e-02 1.6394524862e-03
2.1423339844e+01 2.3971628677e-01 1.5429709432e-01 8.3683699091e-02 1.7354933661e-03
2.1484375000e+01 2.4487154595e-01 1.5853713840e-01 8.4590267246e-02 1.7441403005e-03
2.1545410156e+01 2.4092104001e-01 1.6179255563e-01 7.7429491845e-02 1.6989925416e-03
2.1606445312e+01 2.4242480537e-01 1.6159320394e-01 7.9092459104e-02 1.7391423218e-03
2.1667480469e+01 2.4109381727e-01 1.5865442120e-01 8.0710588066e-02 1.7288080061e-03
2.1728515625e+01 2.7200577643e-01 1.8320629655e-01 8.7036852216e-02 1.7626276622e-03
2.1789550781e+01 2.7534659040e-01 1.8754804510e-01 8.6033907502e-02 1.7646378013e-03
2.1850585938e+01 2.8796281722e-01 1.9310380474e-01 9.3048000667e-02 1.8110118214e-03
2.1911621094e+01 2.9898373273e-01 2.0189495726e-01 9.5234512358e-02 1.8542631042e-03
2.1972656250e+01 2.6288165808e-01 1.8368334256e-01 7.7471856922e-02 1.7264585974e-03
2.2033691406e+01 2.3626149212e-01 1.6014523693e-01 7.4412638389e-02 1.7036168049e-03
2.2094726562e+01 2.6242743966e-01 1.7596770198e-01 8.4633128186e-02 1.8266094991e-03
2.2155761719e+01 2.6431390100e-01 1.8159694380e-01 8.0887580673e-02 1.8293765226e-03
2.2216796875e+01 2.4593701749e-01 1.6890208990e-01 7.5303270009e-02 1.7316575812e-03
2.2277832031e+01 2.2432321161e-01 1.5487566760e-01 6.7755474993e-02 1.6920690149e-03
2.2338867188e+01 2.3176047981e-01 1.6175705199e-01 6.8231603991e-02 1.7718238284e-03
2.2399902344e+01 2.4982026577e-01 1.7105050752e-01 7.6936147089e-02 1.8336111576e-03
2.2460937500e+01 2.9546866598e-01 2.0404486905e-01 8.9487229833e-02 1.9365670985e-03
2.2521972656e+01 2.9197819537e-01 1.9884669646e-01 9.1169166675e-02 1.9623322379e-03
2.2583007812e+01 2.7001283885e-01 1.8985568786e-01 7.8313760516e-02 1.8433904676e-03
2.2644042969e+01 3.1043684284e-01 2.1838836085e-01 9.0119911368e-02 1.9285706231e-03
2.2705078125e+01 3.6120002911e-01 2.5013292873e-01 1.0899470436e-01 2.0723960224e-03
2.2766113281e+01 3.0648295426e-01 2.1591178552e-01 8.8646069928e-02 1.9250988141e-03
2.2827148438e+01 2.8757667523e-01 2.0420132202e-01 8.1457631485e-02 1.9177217231e-03
2.2888183594e+01 2.8202784028e-01 2.0111373146e-01 7.9044122038e-02 1.8699867825e-03
2.2949218750e+01 2.5472640475e-01 1.8957746690e-01 6.3411319157e-02 1.7376186882e-03
2.3010253906e+01 2.5132398884e-01 1.8917939682e-01 6.0426921810e-02 1.7176702082e-03
2.3071289062e+01 2.8992436498e-01 2.1544407183e-01 7.2610486950e-02 1.8698061979e-03
2.3132324219e+01 3.0098389761e-01 2.1993941301e-01 7.9101659297e-02 1.9428253050e-03
2.3193359375e+01 2.9634834268e-01 2.0972214683e-01 8.4596714916e-02 2.0294809346e-03
2.3254394531e+01 2.8472489096e-01 1.7871854185e-01 1.0379780045e-01 2.2085486535e-03
2.3315429688e+01 3.4231031404e-01 1.9552444104e-01 1.4427793794e-01 2.5079350500e-03
2.3376464844e+01 3.5165824397e-01 1.8791416774e-01 1.6107965003e-01 2.6644261924e-03
2.3437500000e+01 3.8919144089e-01 1.9122518243e-01 1.9503639933e-01 2.9298591356e-03
2.3498535156e+01 3.5989845997e-01 1.6228863765e-01 1.9461889339e-01 2.9909289319e-03
2.3559570312e+01 3.5670616329e-01 1.4565020598e-01 2.0793716220e-01 3.1187951128e-03
2.3620605469e+01 4.3473594179e-01 1.6914819596e-01 2.6197172393e-01 3.6160219011e-03
2.3681640625e+01 4.7051032380e-01 1.8498686338e-01 2.8162575791e-01 3.8977025155e-03
2.3742675781e+01 4.5359223204e-01 1.6272321717e-01 2.8699014622e-01 3.8788686492e-03
2.3803710938e+01 4.4477405580e-01 1.4404777890e-01 2.9689353647e-01 3.8327404253e-03
2.3864746094e+01 5.0264073919e-01 1.7911191084e-01 3.1949711920e-01 4.0317091560e-03
2.3925781250e+01 5.4284319742e-01 2.0023799578e-01 3.3832183572e-01 4.2833659172e-03
2.3986816406e+01 4.9516057167e-01 1.6532716496e-01 3.2557910587e-01 4.2543008338e-03
2.4047851562e+01 4.5537626021e-01 1.4587426081e-01 3.0540432190e-01 4.0976775025e-03
2.4108886719e+01 4.8854699938e-01 1.5231665773e-01 3.3182721975e-01 4.4031218998e-03
2.4169921875e+01 5.2944442113e-01 1.5570407488e-01 3.6905637726e-01 4.6839689886e-03
2.4230957031e+01 5.2331734685e-01 1.5720029246e-01 3.6150500475e-01 4.6120496378e-03
2.4291992188e+01 5.1488038178e-01 1.6070511499e-01 3.4968206352e-01 4.4932032686e-03
2.4353027344e+01 5.2031189890e-01 1.5235043889e-01 3.6328052265e-01 4.6809373469e-03
2.4414062500e+01 4.5005233052e-01 1.2324482941e-01 3.2235829827e-01 4.4492028465e-03
2.4475097656e+01 4.5145727079e-01 1.1986580956e-01 3.2712356028e-01 4.4679009389e-03
2.4536132812e+01 4.3223606435e-01 1.0918578936e-01 3.1872556216e-01 4.3247128221e-03
2.4597167969e+01 4.4974979551e-01 1.2004274584e-01 3.2540008963e-01 4.3069600434e-03
2.4658203125e+01 4.7502693565e-01 1.2779524674e-01 3.4285034591e-01 4.3813429955e-03
2.4719238281e+01 4.5388271625e-01 1.2099221497e-01 3.2853220548e-01 4.3582957972e-03
2.4780273438e+01 4.5957228412e-01 1.3062064905e-01 3.2460864613e-01 4.3429889390e-03
2.4841308594e+01 4.1481869887e-01 1.1781819235e-01 2.9288750436e-01 4.1130021476e-03
2.4902343750e+01 3.6461451095e-01 9.6979472951e-02 2.6367860054e-01 3.9564374658e-03
2.4963378906e+01 3.6603385926e-01 9.9646466687e-02 2.6247555478e-01 3.9118378018e-03
2.5024414062e+01 3.2082677037e-01 8.8111304131e-02 2.2922951810e-01 3.4859481394e-03
2.5085449219e+01 3.2405092900e-01 8.9234073020e-02 2.3136096647e-01 3.4558895114e-03
2.5146484375e+01 3.3032158996e-01 9.9225495452e-02 2.2759697999e-01 3.4991145232e-03
2.5207519531e+01 3.7234717981e-01 1.2095788501e-01 2.4775050777e-01 3.6387870314e-03
2.5268554688e+01 3.8749732240e-01 1.2607429938e-01 2.5774112865e-01 3.6818943650e-03
2.5329589844e+01 3.0157917715e-01 9.5874362864e-02 2.0243463877e-01 3.2701755069e-03
2.5390625000e+01 2.6251182525e-01 8.6396144575e-02 1.7310760094e-01 3.0080797360e-03
2.5451660156e+01 2.8326153561e-01 8.6316655393e-02 1.9381725557e-01 3.1276246500e-03
2.5512695312e+01 2.8601835751e-01 8.3200188263e-02 1.9977806218e-01 3.0401070663e-03
2.5573730469e+01 2.2650725146e-01 8.6559785990e-02 1.3749368201e-01 2.4537834598e-03
2.5634765625e+01 1.9381551033e-01 7.8320364100e-02 1.1329690415e-01 2.1982420777e-03
2.5695800781e+01 1.4012049355e-01 4.8384355068e-02 8.9772264250e-02 1.9638742327e-03
2.5756835938e+01 1.4314720881e-01 4.3060615697e-02 9.8069302640e-02 2.0172904732e-03
2.5817871094e+01 1.6454632949e-01 4.7779712151e-02 1.1469704682e-01 2.0695705185e-03
2.5878906250e+01 1.2627179933e-01 3.7635493137e-02 8.6836218378e-02 1.8000878131e-03
2.5939941406e+01 1.0521999523e-01 3.4874680434e-02 6.8769431659e-02 1.5758831404e-03
2.6000976562e+01 1.2081530328e-01 5.3132151911e-02 6.6202628110e-02 1.4805232636e-03
2.6062011719e+01 1.4179763886e-01 7.4745589905e-02 6.5601825883e-02 1.4502230669e-03
2.6123046875e+01 1.0551287813e-01 6.0373713468e-02 4.3929699671e-02 1.2094649880e-03
2.6184082031e+01 8.8218439704e-02 5.5609610562e-02 3.1544225061e-02 1.0646040809e-03
2.6245117188e+01 1.0054064720e-01 6.5279528069e-02 3.4203721484e-02 1.0573976518e-03
2.6306152344e+01 1.0204554114e-01 6.3286647103e-02 3.7718646573e-02 1.0402474661e-03
2.6367187500e+01 7.5547735889e-02 3.8302027764e-02 3.6259878767e-02 9.8582935778e-04
2.6428222656e+01 6.4288868135e-02 2.3381050218e-02 3.9899347363e-02 1.0084705545e-03
2.6489257812e+01 3.8353541025e-02 1.3726423432e-02 2.3756782773e-02 8.7033481933e-04
2.6550292969e+01 2.0848165968e-02 8.1842894083e-03 1.1910856438e-02 7.5302012158e-04
2.6611328125e+01 1.4914555434e-02 6.0487809142e-03 8.1563280505e-03 7.0944646887e-04
2.6672363281e+01 1.1965475463e-02 4.9735550225e-03 6.3030689998e-03 6.8885144086e-04
2.6733398438e+01 1.0270505434e-02 4.1250082174e-03 5.4508142594e-03 6.9468295770e-04
2.6794433594e+01 1.0733784734e-02 4.0647289030e-03 6.0081591034e-03 6.6089672737e-04
2.6855468750e+01 1.1908034888e-02 4.2255222747e-03 7.0414622513e-03 6.4105036157e-04
2.6916503906e+01 1.5943572588e-02 4.7424674080e-03 1.0515542315e-02 6.8556286509e-04
2.6977539062e+01 2.6249273779e-02 6.6617326611e-03 1.8863126537e-02 7.2441458057e-04
2.7038574219e+01 3.0235210445e-02 7.3966858854e-03 2.2079515469e-02 7.5900909023e-04
2.7099609375e+01 2.1280682887e-02 5.5554041070e-03 1.5017351417e-02 7.0792736307e-04
2.7160644531e+01 1.3334749023e-02 3.8861559529e-03 8.7961530295e-03 6.5244004052e-04
2.7221679688e+01 1.1131241107e-02 3.3949743031e-03 7.0772798035e-03 6.5898700027e-04
2.7282714844e+01 9.0163276414e-03 2.9615344718e-03 5.4034250527e-03 6.5136811681e-04
2.7343750000e+01 8.2313146816e-03 2.7756257342e-03 4.7597398500e-03 6.9594909737e-04
2.7404785156e+01 1.0051533109e-02 3.1558936146e-03 6.1603854212e-03 7.3525407356e-04
2.7465820312e+01 1.4290062897e-02 4.0860198138e-03 9.4818570461e-03 7.2218603728e-04
2.7526855469e+01 2.4630562034e-02 6.3579022393e-03 1.7479970461e-02 7.9268933318e-04
2.7587890625e+01 3.6734212727e-02 9.1027883674e-03 2.6725841162e-02 9.0558319721e-04
2.7648925781e+01 4.3048161157e-02 1.0701134333e-02 3.1400293107e-02 9.4673371733e-04
2.7709960938e+01 4.8349559320e-02 1.2948622244e-02 3.4476135527e-02 9.2480154959e-04
2.7770996094e+01 4.7931482984e-02 1.3397807923e-02 3.3616369172e-02 9.1730588918e-04
2.7832031250e+01 2.8983354886e-02 8.3811787139e-03 1.9830783582e-02 7.7139258999e-04
2.7893066406e+01 1.3916708836e-02 4.4049717621e-03 8.8745126382e-03 6.3722443573e-04
2.7954101562e+01 8.3926022151e-03 3.0030445444e-03 4.7991746598e-03 5.9038301083e-04
2.8015136719e+01 7.1383505046e-03 2.7924540399e-03 3.7828639006e-03 5.6303256415e-04
2.8076171875e+01 6.9004435270e-03 3.1049436355e-03 3.2563951057e-03 5.3910478583e-04
2.8137207031e+01 8.2929677982e-03 4.4331351916e-03 3.3605560291e-03 4.9927657755e-04
2.8198242188e+01 1.1892134631e-02 7.2407533239e-03 4.1588476784e-03 4.9253362850e-04
2.8259277344e+01 2.1388354343e-02 1.4233666799e-02 6.6689143692e-03 4.8577317491e-04
2.8320312500e+01 3.9258820766e-02 2.7422937282e-02 1.1364046276e-02 4.7183720820e-04
2.8381347656e+01 3.6534136756e-02 2.5486508822e-02 1.0599363949e-02 4.4826398507e-04
2.8442382812e+01 1.9563160297e-02 1.3139213441e-02 6.0340976465e-03 3.8984920909e-04
2.8503417969e+01 9.9835253324e-03 6.0646147644e-03 3.5745785048e-03 3.4433206313e-04
2.8564453125e+01 1.0138132001e-02 5.8284010788e-03 3.9755581908e-03 3.3417273169e-04
2.8625488281e+01 1.7386802385e-02 1.0178461572e-02 6.8452959095e-03 3.6304490309e-04
2.8686523438e+01 3.0480087077e-02 1.8113849483e-02 1.1973499804e-02 3.9273778951e-04
2.8747558594e+01 3.2148424587e-02 1.9065407250e-02 1.2664181971e-02 4.1883536579e-04
2.8808593750e+01 2.0760525252e-02 1.2024593050e-02 8.3324635493e-03 4.0346865294e-04
2.8869628906e+01 1.0092924428e-02 5.4448423220e-03 4.2831102601e-03 3.6497184543e-04
2.8930664062e+01 6.0064618304e-03 2.7883202329e-03 2.8676735283e-03 3.5046806919e-04
2.8991699219e+01 5.0868772757e-03 2.1712778967e-03 2.5856353060e-03 3.2996407299e-04
2.9052734375e+01 4.7765963947e-03 1.8621479171e-03 2.5764657939e-03 3.3798268370e-04
2.9113769531e+01 5.3830870142e-03 1.5822192416e-03 3.4627517930e-03 3.3811597967e-04
2.9174804688e+01 7.7729834432e-03 1.5296801916e-03 5.8724522691e-03 3.7085098248e-04
2.9235839844e+01 1.1337484590e-02 1.5654867048e-03 9.3600835756e-03 4.1191430956e-04
2.9296875000e+01 1.7281129974e-02 1.7378254307e-03 1.5119053865e-02 4.2425067905e-04
2.9357910156e+01 2.2242691775e-02 1.8853216159e-03 1.9942551281e-02 4.1481887784e-04
2.9418945312e+01 2.3948683635e-02 1.9424868562e-03 2.1607195049e-02 3.9900172897e-04
2.9479980469e+01 1.4888773593e-02 1.5792472488e-03 1.2985374635e-02 3.2415170923e-04
2.9541015625e+01 7.5935680572e-03 1.2617571887e-03 6.0566486095e-03 2.7516225902e-04
2.9602050781e+01 5.4462350120e-03 1.1899465792e-03 4.0114560741e-03 2.4483235879e-04
2.9663085938e+01 4.2897328831e-03 1.0987202845e-03 2.9697020663e-03 2.2131053228e-04
2.9724121094e+01 3.3714628610e-03 1.0435829749e-03 2.1185215782e-03 2.0935830783e-04
2.9785156250e+01 3.2191227959e-03 1.0204591266e-03 2.0025480145e-03 1.9611565486e-04
2.9846191406e+01 2.6684582137e-03 9.6775967519e-04 1.5275146703e-03 1.7318386820e-04
2.9907226562e+01 2.2821753911e-03 9.3543944278e-04 1.2008310174e-03 1.4590493094e-04
2.9968261719e+01 2.1221415804e-03 9.1507868028e-04 1.0779509075e-03 1.2911199259e-04
3.0029296875e+01 1.9851715006e-03 8.9496328728e-04 9.7029902261e-04 1.1990919071e-04
3.0090332031e+01 1.9054470536e-03 8.8306366612e-04 9.1282940650e-04 1.0955398096e-04
3.0151367188e+01 1.8950070372e-03 8.8331416455e-04 9.1009023571e-04 1.0160263690e-04
3.0212402344e+01 1.8992178608e-03 8.7687083878e-04 9.2444751610e-04 9.7899505922e-05
3.0273437500e+01 1.7740408346e-03 8.4918610447e-04 8.3125413747e-04 9.3600592671e-05
3.0334472656e+01 1.7351236807e-03 8.5052555465e-04 7.9465932287e-04 8.9938803149e-05
3.0395507812e+01 1.7274690698e-03 8.5209616505e-04 7.8643689982e-04 8.8936004897e-05
3.0456542969e+01 1.6623566127e-03 8.3240056796e-04 7.4545720336e-04 8.4498841370e-05
3.0517578125e+01 1.6039000492e-03 8.2176876065e-04 7.0443209130e-04 7.7699197203e-05
3.0578613281e+01 1.5801037488e-03 8.2234617801e-04 6.8626491246e-04 7.1492658298e-05
3.0639648438e+01 1.5581388244e-03 8.1698469729e-04 6.7438919899e-04 6.6764928089e-05
3.0700683594e+01 1.5288668954e-03 8.0966557825e-04 6.5490718423e-04 6.4294132949e-05
3.0761718750e+01 1.4809759480e-03 7.8817641688e-04 6.3198644392e-04 6.0813087165e-05
3.0822753906e+01 1.4857476032e-03 7.8857944636e-04 6.3763513567e-04 5.9533021192e-05
3.0883789062e+01 1.4736423418e-03 7.8730512152e-04 6.2878165871e-04 5.7555561604e-05
3.0944824219e+01 1.4474385283e-03 7.7876761328e-04 6.1314054349e-04 5.5530371555e-05
3.1005859375e+01 1.4504233568e-03 7.8028570010e-04 6.1505684918e-04 5.5080807478e-05
3.1066894531e+01 1.4431061107e-03 7.8708233962e-04 6.0329551850e-04 5.2728252537e-05
3.1127929688e+01 1.4188247396e-03 7.7598806360e-04 5.9266066307e-04 5.0176012911e-05
3.1188964844e+01 1.4065913585e-03 7.6869153783e-04 5.8752661441e-04 5.0373206215e-05
3.1250000000e+01 1.4036395761e-03 7.6620617504e-04 5.8641115199e-04 5.1022249106e-05
3.1311035156e+01 1.3741889318e-03 7.5691828746e-04 5.6838766479e-04 4.8882979517e-05
3.1372070312e+01 1.3732184638e-03 7.5394430142e-04 5.7156138608e-04 4.7712776263e-05
3.1433105469e+01 1.3499665725e-03 7.4271710789e-04 5.6150975484e-04 4.5739709779e-05
3.1494140625e+01 1.3426199687e-03 7.4319807893e-04 5.5428653648e-04 4.5135353322e-05
3.1555175781e+01 1.3494613597e-03 7.4943569150e-04 5.5519189308e-04 4.4833775078e-05
3.1616210938e+01 1.3445204420e-03 7.4430453492e-04 5.5598302732e-04 4.4232879765e-05
3.1677246094e+01 1.3352275821e-03 7.3680086289e-04 5.5513412514e-04 4.3292594082e-05
3.1738281250e+01 1.3249760951e-03 7.3346182056e-04 5.4920655562e-04 4.2307718944e-05
3.1799316406e+01 1.3152091559e-03 7.2900704081e-04 5.4436819776e-04 4.1833917351e-05
3.1860351562e+01 1.2974769630e-03 7.1563326905e-04 5.4016700703e-04 4.1676686933e-05
3.1921386719e+01 1.3087178959e-03 7.2455955101e-04 5.4228465065e-04 4.1873694233e-05
3.1982421875e+01 1.2987635704e-03 7.2047594807e-04 5.3747474462e-04 4.0812877699e-05
3.2043457031e+01 1.2802998209e-03 7.0860699556e-04 5.3247007474e-04 3.9222750631e-05
3.2104492188e+01 1.2676935755e-03 7.0085387281e-04 5.2829368927e-04 3.8546013420e-05
3.2165527344e+01 1.2577851733e-03 6.9858329688e-04 5.2022014496e-04 3.8981731417e-05
3.2226562500e+01 1.2550480731e-03 6.9913625633e-04 5.1646943631e-04 3.9442380455e-05
3.2287597656e+01 1.2616677709e-03 7.0619195519e-04 5.1569022495e-04 3.9785590798e-05
3.2348632812e+01 1.2357963931e-03 6.8650043467e-04 5.0855721005e-04 4.0738748391e-05
3.2409667969e+01 1.2321396989e-03 6.8862530772e-04 5.0312569947e-04 4.0388691719e-05
3.2470703125e+01 1.2347161334e-03 6.9267157399e-04 5.0107203181e-04 4.0972527567e-05
3.2531738281e+01 1.2380489010e-03 6.9240931934e-04 5.0420162157e-04 4.1437960087e-05
3.2592773438e+01 1.2329684507e-03 6.8649621387e-04 5.0516392421e-04 4.1308312632e-05
3.2653808594e+01 1.2251522861e-03 6.7672141630e-04 5.0628403740e-04 4.2146832356e-05
3.2714843750e+01 1.2212115492e-03 6.7527427321e-04 5.0329311462e-04 4.2644161343e-05
3.2775878906e+01 1.2304292307e-03 6.8774084765e-04 4.9990018314e-04 4.2788199909e-05
3.2836914062e+01 1.2244913003e-03 6.8772351441e-04 4.9423117409e-04 4.2536611790e-05
3.2897949219e+01 1.2314763705e-03 6.9410565047e-04 4.9525870799e-04 4.2112012075e-05
3.2958984375e+01 1.2264416309e-03 6.8773765762e-04 4.9735528669e-04 4.1348686603e-05
3.3020019531e+01 1.2158291529e-03 6.8698290611e-04 4.8880770766e-04 4.0038539162e-05
3.3081054688e+01 1.2086063036e-03 6.8886675945e-04 4.8106638222e-04 3.8673161926e-05
3.3142089844e+01 1.2170247930e-03 6.9639524252e-04 4.8256471839e-04 3.8064832067e-05
3.3203125000e+01 1.2163373106e-03 6.9881305059e-04 4.8004512828e-04 3.7479131705e-05
3.3264160156e+01 1.1940433821e-03 6.8529002906e-04 4.7227523637e-04 3.6478116648e-05
3.3325195312e+01 1.1835597648e-03 6.7672080977e-04 4.7074465663e-04 3.6094298423e-05
3.3386230469e+01 1.2018377233e-03 6.8842224713e-04 4.7812802553e-04 3.5287450661e-05
3.3447265625e+01 1.2070096079e-03 6.8883306997e-04 4.8343004484e-04 3.4746493064e-05
3.3508300781e+01 1.1965061600e-03 6.8511169560e-04 4.7762888754e-04 3.3765576827e-05
3.3569335938e+01 1.1919561716e-03 6.8514271368e-04 4.7357894140e-04 3.3234516518e-05
3.3630371094e+01 1.2052545314e-03 6.9655366784e-04 4.7632470685e-04 3.2376156732e-05
3.3691406250e+01 1.2077136122e-03 6.9879436960e-04 4.7740080389e-04 3.1518438670e-05
3.3752441406e+01 1.2027220100e-03 6.9556021642e-04 4.7623575810e-04 3.0926035531e-05
3.3813476562e+01 1.2196788082e-03 7.1369777410e-04 4.7533938440e-04 3.0641649746e-05
3.3874511719e+01 1.2212904914e-03 7.1448788975e-04 4.7614867363e-04 3.0653927993e-05
3.3935546875e+01 1.2102757453e-03 7.0450745661e-04 4.7574362276e-04 3.0024665926e-05
3.3996582031e+01 1.2079668411e-03 7.0695229799e-04 4.7170499127e-04 2.9309551868e-05
3.4057617188e+01 1.2112932929e-03 7.0804742588e-04 4.7499425705e-04 2.8251609941e-05
3.4118652344e+01 1.2033382771e-03 7.1062250538e-04 4.6533099025e-04 2.7384781469e-05
3.4179687500e+01 1.1882290898e-03 7.0422299303e-04 4.5768345922e-04 2.6322637586e-05
3.4240722656e+01 1.1729845116e-03 6.8978056734e-04 4.5811699421e-04 2.5086950091e-05
3.4301757812e+01 1.1762769421e-03 6.9263767578e-04 4.5951707816e-04 2.4122188128e-05
3.4362792969e+01 1.1668761437e-03 6.8598602679e-04 4.5788474926e-04 2.3005367675e-05
3.4423828125e+01 1.1741685281e-03 6.9265635185e-04 4.5933466376e-04 2.2177512456e-05
3.4484863281e+01 1.1643547694e-03 6.8447171975e-04 4.5849562161e-04 2.1387428050e-05
3.4545898438e+01 1.1558398022e-03 6.7588452308e-04 4.5894564262e-04 2.1009636479e-05
3.4606933594e+01 1.1543114056e-03 6.8384584056e-04 4.4986932952e-04 2.0596235483e-05
3.4667968750e+01 1.1535758374e-03 6.8474272326e-04 4.4816734923e-04 2.0665764888e-05
3.4729003906e+01 1.1409131345e-03 6.7531834864e-04 4.4513338577e-04 2.0461400082e-05
3.4790039062e+01 1.1310103335e-03 6.6387678710e-04 4.4747845117e-04 1.9655095243e-05
3.4851074219e+01 1.1311930227e-03 6.6445094319e-04 4.4774324137e-04 1.8998838123e-05
3.4912109375e+01 1.1374685031e-03 6.6605038089e-04 4.5298748973e-04 1.8430632523e-05
3.4973144531e+01 1.1264249415e-03 6.6043225666e-04 4.4816795859e-04 1.7824726288e-05
3.5034179688e+01 1.1241822576e-03 6.6292271999e-04 4.4349481255e-04 1.7764725037e-05
3.5095214844e+01 1.1138753953e-03 6.6137421252e-04 4.3492413853e-04 1.7577044226e-05
3.5156250000e+01 1.0899845080e-03 6.4251631383e-04 4.3062824624e-04 1.6839947887e-05
3.5217285156e+01 1.0845071007e-03 6.4008231796e-04 4.2853712508e-04 1.5887657669e-05
3.5278320312e+01 1.0772204582e-03 6.3728578719e-04 4.2466717370e-04 1.5267497322e-05
3.5339355469e+01 1.0635587061e-03 6.3438316971e-04 4.1422272130e-04 1.4952815102e-05
3.5400390625e+01 1.0671556308e-03 6.3439248451e-04 4.1793538348e-04 1.4827762808e-05
3.5461425781e+01 1.0639387280e-03 6.2935827577e-04 4.1995384663e-04 1.4626605634e-05
3.5522460938e+01 1.0589493980e-03 6.2562953897e-04 4.1886603248e-04 1.4453826592e-05
3.5583496094e+01 1.0586486154e-03 6.2204915940e-04 4.2233223711e-04 1.4267218914e-05
3.5644531250e+01 1.0437547240e-03 6.1332698151e-04 4.1640142048e-04 1.4026322002e-05
3.5705566406e+01 1.0193729490e-03 5.9471252376e-04 4.1101518369e-04 1.3645241600e-05
3.5766601562e+01 1.0105466364e-03 5.8819733298e-04 4.0869995224e-04 1.3649351164e-05
3.5827636719e+01 9.9856695629e-04 5.8250512467e-04 4.0268588954e-04 1.3375942084e-05
3.5888671875e+01 1.0035253039e-03 5.8737427533e-04 4.0312926056e-04 1.3021768017e-05
3.5949707031e+01 9.9757871767e-04 5.8038040124e-04 4.0445609222e-04 1.2742224202e-05
3.6010742188e+01 9.8560357920e-04 5.7031859270e-04 4.0292035373e-04 1.2364632757e-05
3.6071777344e+01 9.7327162415e-04 5.6112600662e-04 3.9988162066e-04 1.2263996877e-05
3.6132812500e+01 9.6010395096e-04 5.5167523312e-04 3.9648569374e-04 1.1943024089e-05
3.6193847656e+01 9.6670565955e-04 5.5377552689e-04 4.0133665401e-04 1.1593478652e-05
3.6254882812e+01 9.6509462400e-04 5.5183871187e-04 4.0173507426e-04 1.1520837866e-05
3.6315917969e+01 9.5203315832e-04 5.4401194404e-04 3.9667721730e-04 1.1343996980e-05
3.6376953125e+01 9.3496289200e-04 5.3038945033e-04 3.9349124668e-04 1.1082194997e-05
3.6437988281e+01 9.4041640580e-04 5.2827015100e-04 4.0118562081e-04 1.0960633992e-05
3.6499023438e+01 9.3039980169e-04 5.1869040780e-04 4.0090072472e-04 1.0808669174e-05
3.6560058594e+01 9.2431461117e-04 5.1329848180e-04 4.0041733040e-04 1.0598798970e-05
3.6621093750e+01 9.1554725162e-04 5.0684011799e-04 3.9847121332e-04 1.0235920306e-05
3.6682128906e+01 9.0694904965e-04 4.9683089797e-04 3.9983466366e-04 1.0283488014e-05
3.6743164062e+01 8.9555192089e-04 4.9076579723e-04 3.9454292949e-04 1.0243194171e-05
3.6804199219e+01 8.8472907500e-04 4.8194434310e-04 3.9291508994e-04 9.8696419649e-06
3.6865234375e+01 8.8676026804e-04 4.7882579757e-04 3.9822726161e-04 9.7072088572e-06
3.6926269531e+01 8.8298059786e-04 4.7575975899e-04 3.9764874247e-04 9.5720963980e-06
3.6987304688e+01 8.8532790188e-04 4.6865110427e-04 4.0708592469e-04 9.5908729181e-06
3.7048339844e+01 8.7493690143e-04 4.5646113301e-04 4.0898297117e-04 9.4927972528e-06
3.7109375000e+01 8.6386369450e-04 4.4457600012e-04 4.0988365666e-04 9.4040377296e-06
3.7170410156e+01 8.6823748990e-04 4.4078026753e-04 4.1798690740e-04 9.4703149813e-06
3.7231445312e+01 8.5752582703e-04 4.3194381274e-04 4.1622750221e-04 9.3545120777e-06
3.7292480469e+01 8.4162703527e-04 4.1893754560e-04 4.1344880586e-04 9.2406838101e-06
3.7353515625e+01 8.3613967823e-04 4.1270696450e-04 4.1413487567e-04 9.2978380695e-06
3.7414550781e+01 8.1766887842e-04 4.0282973588e-04 4.0588414196e-04 8.9550005782e-06
3.7475585938e+01 8.0203937344e-04 3.8913726046e-04 4.0410259529e-04 8.7995176935e-06
3.7536621094e+01 8.1159629779e-04 3.9504274428e-04 4.0770681885e-04 8.8467346529e-06
3.7597656250e+01 8.1792889024e-04 4.0003710011e-04 4.0921298396e-04 8.6788061788e-06
3.7658691406e+01 8.1102842606e-04 3.9155651726e-04 4.1081906909e-04 8.6528397088e-06
3.7719726562e+01 7.9566091705e-04 3.7685366730e-04 4.1018483954e-04 8.6224102073e-06
3.7780761719e+01 7.7739512206e-04 3.6248547842e-04 4.0638838336e-04 8.5212602801e-06
3.7841796875e+01 7.6770024447e-04 3.5609265282e-04 4.0312395632e-04 8.4836353337e-06
3.7902832031e+01 7.4384610455e-04 3.3858026715e-04 3.9689919177e-04 8.3666456236e-06
3.7963867188e+01 7.3083600637e-04 3.2738208126e-04 3.9525061566e-04 8.2033094452e-06
3.8024902344e+01 7.2291248537e-04 3.2374611121e-04 3.9101780186e-04 8.1485722984e-06
3.8085937500e+01 7.1089798475e-04 3.1343029944e-04 3.8936058273e-04 8.1071025771e-06
3.8146972656e+01 7.0154042572e-04 3.0778786252e-04 3.8573115818e-04 8.0214050126e-06
3.8208007812e+01 6.9262053838e-04 2.9980883570e-04 3.8484960784e-04 7.9620948438e-06
3.8269042969e+01 6.6688183066e-04 2.8699496021e-04 3.7210602151e-04 7.7808489371e-06
3.8330078125e+01 6.4344279984e-04 2.7775118595e-04 3.5825760642e-04 7.4340074794e-06
3.8391113281e+01 6.2331976062e-04 2.6879564198e-04 3.4724245647e-04 7.2816621659e-06
3.8452148438e+01 6.0473735035e-04 2.5800927700e-04 3.3945533499e-04 7.2727383696e-06
3.8513183594e+01 5.9501695057e-04 2.5338772763e-04 3.3442106017e-04 7.2081627702e-06
3.8574218750e+01 5.7055474905e-04 2.4248378395e-04 3.2104871117e-04 7.0222539344e-06
3.8635253906e+01 5.5324977339e-04 2.3457879674e-04 3.1174930643e-04 6.9216702221e-06
3.8696289062e+01 5.3862773365e-04 2.2777169460e-04 3.0397602560e-04 6.8800134539e-06
3.8757324219e+01 5.3011361170e-04 2.2368637425e-04 2.9952156712e-04 6.9056703256e-06
3.8818359375e+01 5.1701846972e-04 2.1865768318e-04 2.9165843711e-04 6.7023494411e-06
3.8879394531e+01 5.0401823530e-04 2.1270913517e-04 2.8480480120e-04 6.5042989403e-06
3.8940429688e+01 4.9349345244e-04 2.0810463468e-04 2.7900271133e-04 6.3861064277e-06
3.9001464844e+01 4.7678198694e-04 2.0297756737e-04 2.6752497361e-04 6.2794459611e-06
3.9062500000e+01 4.6206321633e-04 1.9808063895e-04 2.5786838928e-04 6.1141880986e-06
3.9123535156e+01 4.4881995124e-04 1.9240644779e-04 2.5042941553e-04 5.9840879187e-06
3.9184570312e+01 4.3724460158e-04 1.9136966639e-04 2.3997313157e-04 5.9018036258e-06
3.9245605469e+01 4.2429033185e-04 1.8489931869e-04 2.3359822020e-04 5.7927929593e-06
3.9306640625e+01 4.0526819978e-04 1.7816695952e-04 2.2151909403e-04 5.5821462298e-06
3.9367675781e+01 3.9284667490e-04 1.7438130010e-04 2.1293878588e-04 5.5265889133e-06
3.9428710938e+01 3.8294530167e-04 1.7149622251e-04 2.0605099169e-04 5.3980874700e-06
3.9489746094e+01 3.7985442844e-04 1.7019589150e-04 2.0436045492e-04 5.2980820136e-06
3.9550781250e+01 3.6890039136e-04 1.6684803341e-04 1.9684959024e-04 5.2027677121e-06
3.9611816406e+01 3.5300981599e-04 1.5920380326e-04 1.8878369338e-04 5.0223193447e-06
3.9672851562e+01 3.4346652934e-04 1.5568414584e-04 1.8280566474e-04 4.9767187626e-06
3.9733886719e+01 3.3133036689e-04 1.5048623989e-04 1.7596732055e-04 4.8768064510e-06
3.9794921875e+01 3.2444334077e-04 1.4538087080e-04 1.7427627782e-04 4.7861921502e-06
3.9855957031e+01 3.1882992830e-04 1.4467996036e-04 1.6944587716e-04 4.7040907822e-06
3.9916992188e+01 3.1374716159e-04 1.4603335277e-04 1.6308759320e-04 4.6262156162e-06
3.9978027344e+01 3.1730104261e-04 1.4676404722e-04 1.6589177930e-04 4.6452160870e-06
4.0039062500e+01 3.1719174255e-04 1.4925620459e-04 1.6336466880e-04 4.5708691680e-06
4.0100097656e+01 3.1004378839e-04 1.5000645149e-04 1.5564446801e-04 4.3928688866e-06
4.0161132812e+01 3.0366319980e-04 1.4606864795e-04 1.5322733930e-04 4.3672125538e-06
4.0222167969e+01 3.0312200999e-04 1.4503906531e-04 1.5368991294e-04 4.3930317455e-06
4.0283203125e+01 3.0433842054e-04 1.4656359469e-04 1.5343976054e-04 4.3350653075e-06
4.0344238281e+01 2.9523672676e-04 1.4145211391e-04 1.4956541651e-04 4.2191963351e-06
4.0405273438e+01 2.7736473704e-04 1.3031947187e-04 1.4287866060e-04 4.1666045678e-06
4.0466308594e+01 2.6486723125e-04 1.2245148198e-04 1.3833902709e-04 4.0767221816e-06
4.0527343750e+01 2.6229577229e-04 1.2140352925e-04 1.3687595391e-04 4.0162891265e-06
4.0588378906e+01 2.5337931217e-04 1.1709261384e-04 1.3229425159e-04 3.9924467426e-06
4.0649414062e+01 2.3471207807e-04 1.0683494927e-04 1.2398305103e-04 3.8940777697e-06
4.0710449219e+01 2.2352314484e-04 1.0206962202e-04 1.1766423371e-04 3.7892891064e-06
4.0771484375e+01 2.2424943845e-04 1.0277662796e-04 1.1768113201e-04 3.7916784752e-06
4.0832519531e+01 2.1731139748e-04 9.9116822396e-05 1.1450118760e-04 3.6933874823e-06
4.0893554688e+01 2.0732980524e-04 9.5730937366e-05 1.0801431845e-04 3.5845494245e-06
4.0954589844e+01 1.9946811729e-04 9.1707853051e-05 1.0427249996e-04 3.4877642788e-06
4.1015625000e+01 1.9069314528e-04 8.7018636113e-05 1.0018666572e-04 3.4878434549e-06
4.1076660156e+01 1.8413670448e-04 8.2856422376e-05 9.7822009461e-05 3.4582726459e-06
4.1137695312e+01 1.7911600001e-04 7.9506479133e-05 9.6227609023e-05 3.3819118502e-06
4.1198730469e+01 1.7387880245e-04 7.7235142578e-05 9.3345481692e-05 3.2981781810e-06
4.1259765625e+01 1.6869925546e-04 7.5325288394e-05 9.0175075625e-05 3.1988914437e-06
4.1320800781e+01 1.6685678223e-04 7.5767686852e-05 8.7950254051e-05 3.1388413252e-06
4.1381835938e+01 1.6202433907e-04 7.4715340958e-05 8.4168064136e-05 3.1409339815e-06
4.1442871094e+01 1.5795951989e-04 7.2739645503e-05 8.2160671051e-05 3.0592033365e-06
4.1503906250e+01 1.5803323671e-04 7.2030466007e-05 8.2874639355e-05 3.1281313529e-06
4.1564941406e+01 1.6402035249e-04 7.5839700777e-05 8.5016057919e-05 3.1645937900e-06
4.1625976562e+01 1.6265486001e-04 7.4918714182e-05 8.4606163705e-05 3.1299821240e-06
4.1687011719e+01 1.6094229570e-04 7.3889023984e-05 8.3938999717e-05 3.1142719990e-06
4.1748046875e+01 1.6316745771e-04 7.4310794113e-05 8.5772641181e-05 3.0840224162e-06
4.1809082031e+01 1.6087422970e-04 7.4001264756e-05 8.3854561416e-05 3.0184035297e-06
4.1870117188e+01 1.5642704666e-04 7.3914964887e-05 7.9585490256e-05 2.9265915160e-06
4.1931152344e+01 1.5819656795e-04 7.5411005879e-05 7.9882004387e-05 2.9035576816e-06
4.1992187500e+01 1.5665706734e-04 7.4880552268e-05 7.8926606324e-05 2.8499087435e-06
4.2053222656e+01 1.5568208559e-04 7.5450977360e-05 7.7351156816e-05 2.8799514165e-06
4.2114257812e+01 1.5957535131e-04 7.7862419314e-05 7.8827092429e-05 2.8858395670e-06
4.2175292969e+01 1.6521371586e-04 8.1094167907e-05 8.1293494078e-05 2.8260538768e-06
4.2236328125e+01 1.7022991879e-04 8.3280807184e-05 8.4094704224e-05 2.8544073821e-06
4.2297363281e+01 1.7254599064e-04 8.3340623097e-05 8.6318952618e-05 2.8864149271e-06
4.2358398438e+01 1.7283245674e-04 8.3501608975e-05 8.6474872855e-05 2.8559749067e-06
4.2419433594e+01 1.7283172564e-04 8.5057938040e-05 8.4879076684e-05 2.8947109122e-06
4.2480468750e+01 1.7760526744e-04 8.7812049709e-05 8.6890207730e-05 2.9030100060e-06
4.2541503906e+01 1.8394874706e-04 9.0659325185e-05 9.0384300288e-05 2.9051215919e-06
4.2602539062e+01 1.8366442209e-04 9.1414410572e-05 8.9346275603e-05 2.9037359128e-06
4.2663574219e+01 1.8522107649e-04 9.2657772239e-05 8.9702032710e-05 2.8612715380e-06
4.2724609375e+01 1.8771189726e-04 9.2601172123e-05 9.2194145395e-05 2.9165797377e-06
4.2785644531e+01 1.8926736948e-04 9.3861983771e-05 9.2528251055e-05 2.8771346529e-06
4.2846679688e+01 1.9023114574e-04 9.5254008248e-05 9.2102345160e-05 2.8747923333e-06
4.2907714844e+01 1.8918668052e-04 9.3874737188e-05 9.2394699018e-05 2.9172443137e-06
4.2968750000e+01 1.9164734162e-04 9.4131261788e-05 9.4575066976e-05 2.9410128588e-06
4.3029785156e+01 2.0124987008e-04 9.9359539742e-05 9.8940478576e-05 2.9498517622e-06
4.3090820312e+01 2.1143292773e-04 1.0518309682e-04 1.0324760095e-04 3.0022299561e-06
4.3151855469e+01 2.1648601563e-04 1.1103745155e-04 1.0249101604e-04 2.9575480398e-06
4.3212890625e+01 2.2359082204e-04 1.1547380752e-04 1.0519949510e-04 2.9175194176e-06
4.3273925781e+01 2.3852486763e-04 1.2105366088e-04 1.1440968570e-04 3.0615210535e-06
4.3334960938e+01 2.5280022961e-04 1.2553571856e-04 1.2407146026e-04 3.1930507907e-06
4.3395996094e+01 2.6471354571e-04 1.3052635516e-04 1.3096415533e-04 3.2230352126e-06
4.3457031250e+01 2.7534282738e-04 1.3562715803e-04 1.3640617501e-04 3.3094943448e-06
4.3518066406e+01 2.9027525985e-04 1.4484990491e-04 1.4212820428e-04 3.2971506636e-06
4.3579101562e+01 3.0790392413e-04 1.5587934571e-04 1.4869342742e-04 3.3311509967e-06
4.3640136719e+01 3.2003477390e-04 1.6347677796e-04 1.5321134581e-04 3.3466501291e-06
4.3701171875e+01 3.2499411613e-04 1.6543496796e-04 1.5617683495e-04 3.3823132143e-06
4.3762207031e+01 3.2697037253e-04 1.6108271020e-04 1.6246194147e-04 3.4257208612e-06
4.3823242188e+01 3.2724888919e-04 1.5622243148e-04 1.6758446960e-04 3.4419881211e-06
4.3884277344e+01 3.2878198874e-04 1.5348399712e-04 1.7186252054e-04 3.4354710891e-06
4.3945312500e+01 3.2605656995e-04 1.4937327829e-04 1.7319440311e-04 3.4888885597e-06
4.4006347656e+01 3.2272855157e-04 1.4235680635e-04 1.7687086026e-04 3.5008849522e-06
4.4067382812e+01 3.1703346927e-04 1.3739616732e-04 1.7609598423e-04 3.5413177217e-06
4.4128417969e+01 3.1778106391e-04 1.3626892152e-04 1.7795022314e-04 3.5619192537e-06
4.4189453125e+01 3.1364515560e-04 1.3265000771e-04 1.7742931946e-04 3.5658284356e-06
4.4250488281e+01 3.1186345738e-04 1.3041145582e-04 1.7791913139e-04 3.5328701697e-06
4.4311523438e+01 3.1472121944e-04 1.2963408354e-04 1.8156155645e-04 3.5255794509e-06
4.4372558594e+01 3.1892097741e-04 1.3045526794e-04 1.8486163899e-04 3.6040704866e-06
4.4433593750e+01 3.1857633374e-04 1.2855870279e-04 1.8636584623e-04 3.6517847185e-06
4.4494628906e+01 3.2370875026e-04 1.2930930059e-04 1.9074079572e-04 3.6586539496e-06
4.4555664062e+01 3.2497579314e-04 1.2975191723e-04 1.9156966714e-04 3.6542087745e-06
4.4616699219e+01 3.2232603022e-04 1.2853441842e-04 1.9013608981e-04 3.6555219769e-06
4.4677734375e+01 3.2646370451e-04 1.3176275032e-04 1.9103139362e-04 3.6695605684e-06
4.4738769531e+01 3.2695687864e-04 1.3301772615e-04 1.9029667082e-04 3.6424816642e-06
4.4799804688e+01 3.2866494360e-04 1.3093432136e-04 1.9408370646e-04 3.6469157809e-06
4.4860839844e+01 3.3463616549e-04 1.3082530897e-04 2.0008897686e-04 3.7218796583e-06
4.4921875000e+01 3.3676416186e-04 1.3168598794e-04 2.0139956465e-04 3.6786092630e-06
4.4982910156e+01 3.3851256116e-04 1.3088518799e-04 2.0389650058e-04 3.7308725933e-06
4.5043945312e+01 3.3939463673e-04 1.3099556125e-04 2.0463507298e-04 3.7640025051e-06
4.5104980469e+01 3.4377810017e-04 1.3177625992e-04 2.0825161339e-04 3.7502268683e-06
4.5166015625e+01 3.4445636251e-04 1.3039986829e-04 2.1034398376e-04 3.7125104579e-06
4.5227050781e+01 3.4529620119e-04 1.3121054359e-04 2.1036055520e-04 3.7251024033e-06
4.5288085938e+01 3.5377592861e-04 1.3343333651e-04 2.1651823289e-04 3.8243592096e-06
4.5349121094e+01 3.5924048126e-04 1.3462330278e-04 2.2076741577e-04 3.8497627136e-06
4.5410156250e+01 3.6043992750e-04 1.3339073494e-04 2.2318180360e-04 3.8673889675e-06
4.5471191406e+01 3.6413976221e-04 1.3205936672e-04 2.2812412255e-04 3.9562729324e-06
4.5532226562e+01 3.6535567576e-04 1.3027950505e-04 2.3113427738e-04 3.9418933315e-06
4.5593261719e+01 3.6044416281e-04 1.2794905129e-04 2.2854662088e-04 3.9484906327e-06
4.5654296875e+01 3.5840735622e-04 1.2717734179e-04 2.2735497131e-04 3.8750431250e-06
4.5715332031e+01 3.5341647903e-04 1.2655324554e-04 2.2301586986e-04 3.8473636254e-06
4.5776367188e+01 3.5596218058e-04 1.2932791689e-04 2.2280007966e-04 3.8341840182e-06
4.5837402344e+01 3.5509086693e-04 1.2874735398e-04 2.2251257574e-04 3.8309372083e-06
4.5898437500e+01 3.5241642360e-04 1.2650682270e-04 2.2204328497e-04 3.8663159308e-06
4.5959472656e+01 3.5535061206e-04 1.2627286572e-04 2.2517383312e-04 3.9039132223e-06
4.6020507812e+01 3.5774782529e-04 1.2705547384e-04 2.2681630041e-04 3.8760510366e-06
4.6081542969e+01 3.5602961829e-04 1.2770739740e-04 2.2448196783e-04 3.8402530543e-06
4.6142578125e+01 3.5317865947e-04 1.2792121108e-04 2.2141788297e-04 3.8395654204e-06
4.6203613281e+01 3.5931858996e-04 1.2989705527e-04 2.2557490670e-04 3.8466279919e-06
4.6264648438e+01 3.6289115802e-04 1.2837069247e-04 2.3062725302e-04 3.8932125316e-06
4.6325683594e+01 3.6398061214e-04 1.2943915571e-04 2.3059363756e-04 3.9478188624e-06
4.6386718750e+01 3.6687747804e-04 1.3390155617e-04 2.2901181764e-04 3.9641042351e-06
4.6447753906e+01 3.6847506655e-04 1.3472458071e-04 2.2968991276e-04 4.0605730823e-06
4.6508789062e+01 3.7555184158e-04 1.3844952962e-04 2.3304130217e-04 4.0610097898e-06
4.6569824219e+01 3.7729914181e-04 1.3939780423e-04 2.3396925154e-04 3.9320860407e-06
4.6630859375e+01 3.7335898991e-04 1.3695185610e-04 2.3251647578e-04 3.8906580239e-06
4.6691894531e+01 3.5982305505e-04 1.3152585515e-04 2.2448187526e-04 3.8153246433e-06
4.6752929688e+01 3.5272465859e-04 1.3062180409e-04 2.1830542208e-04 3.7974324157e-06
4.6813964844e+01 3.4752580934e-04 1.2552885120e-04 2.1816817437e-04 3.8287837717e-06
4.6875000000e+01 3.5068432643e-04 1.2624251711e-04 2.2062357678e-04 3.8182325345e-06
4.6936035156e+01 3.5124612844e-04 1.2921382091e-04 2.1827190895e-04 3.7603985763e-06
4.6997070312e+01 3.4811445168e-04 1.3113667322e-04 2.1330233801e-04 3.6754404488e-06
4.7058105469e+01 3.5037203998e-04 1.3271327450e-04 2.1398124496e-04 3.6775205193e-06
4.7119140625e+01 3.4946126970e-04 1.3204402360e-04 2.1375585846e-04 3.6613876388e-06
4.7180175781e+01 3.4559870253e-04 1.3133350729e-04 2.1066922223e-04 3.5959730115e-06
4.7241210938e+01 3.4878588775e-04 1.3341083947e-04 2.1174022750e-04 3.6348207802e-06
4.7302246094e+01 3.4922445702e-04 1.3492260619e-04 2.1065601089e-04 3.6458399375e-06
4.7363281250e+01 3.5374053934e-04 1.3687324575e-04 2.1325099033e-04 3.6163032560e-06
4.7424316406e+01 3.5036993912e-04 1.3647425809e-04 2.1029180889e-04 3.6038721428e-06
4.7485351562e+01 3.5062589955e-04 1.3789133909e-04 2.0909135462e-04 3.6432058409e-06
4.7546386719e+01 3.4503580487e-04 1.3545916944e-04 2.0600360810e-04 3.5730273278e-06
4.7607421875e+01 3.3510791540e-04 1.3595106461e-04 1.9574684902e-04 3.4100017672e-06
4.7668457031e+01 3.3005517164e-04 1.3623335756e-04 1.9042115444e-04 3.4006596469e-06
4.7729492188e+01 3.2305581749e-04 1.3456411248e-04 1.8518341824e-04 3.3082867691e-06
4.7790527344e+01 3.1935446761e-04 1.3418427952e-04 1.8190399684e-04 3.2661912554e-06
4.7851562500e+01 3.1969375822e-04 1.3452697218e-04 1.8183345065e-04 3.3333353966e-06
4.7912597656e+01 3.2265095131e-04 1.3621196836e-04 1.8316013366e-04 3.2788492901e-06
4.7973632812e+01 3.1626340063e-04 1.3580297310e-04 1.7729162207e-04 3.1688054571e-06
4.8034667969e+01 3.0950319734e-04 1.3634336402e-04 1.7001624596e-04 3.1435873575e-06
4.8095703125e+01 3.0488278536e-04 1.3538577525e-04 1.6638112550e-04 3.1158846079e-06
4.8156738281e+01 3.0028302205e-04 1.3480581192e-04 1.6238734486e-04 3.0898652699e-06
4.8217773438e+01 2.9789115757e-04 1.3557464679e-04 1.5925486145e-04 3.0616493324e-06
4.8278808594e+01 2.9496946500e-04 1.3543828782e-04 1.5654549637e-04 2.9856808102e-06
4.8339843750e+01 2.8559891518e-04 1.3340672800e-04 1.4931297054e-04 2.8792166378e-06
4.8400878906e+01 2.7572067079e-04 1.3075457868e-04 1.4211028228e-04 2.8558098323e-06
4.8461914062e+01 2.6933915542e-04 1.2771313143e-04 1.3879282924e-04 2.8331947460e-06
4.8522949219e+01 2.6274756401e-04 1.2479890213e-04 1.3515950120e-04 2.7891606796e-06
4.8583984375e+01 2.5896199109e-04 1.2405053433e-04 1.3221670732e-04 2.6947494326e-06
4.8645019531e+01 2.5387973905e-04 1.2210086002e-04 1.2912325251e-04 2.6556265255e-06
4.8706054688e+01 2.4415758796e-04 1.1781275050e-04 1.2376379207e-04 2.5810453848e-06
4.8767089844e+01 2.3349315320e-04 1.1311406769e-04 1.1787655853e-04 2.5025269807e-06
4.8828125000e+01 2.2738592994e-04 1.1014508889e-04 1.1476844233e-04 2.4723987191e-06
4.8889160156e+01 2.2380425710e-04 1.0817677757e-04 1.1314291881e-04 2.4845607167e-06
4.8950195312e+01 2.2031814050e-04 1.0685909807e-04 1.1102811088e-04 2.4309315455e-06
4.9011230469e+01 2.1883866541e-04 1.0648234911e-04 1.0994577191e-04 2.4105443948e-06
4.9072265625e+01 2.1792238700e-04 1.0681261142e-04 1.0868351662e-04 2.4262589499e-06
4.9133300781e+01 2.1273102447e-04 1.0418370345e-04 1.0618274537e-04 2.3645756591e-06
4.9194335938e+01 2.0700340498e-04 1.0141116940e-04 1.0329261616e-04 2.2996194226e-06
4.9255371094e+01 2.0039621402e-04 9.8659237950e-05 9.9495295154e-05 2.2416809208e-06
4.9316406250e+01 1.9180084801e-04 9.4222100833e-05 9.5351175706e-05 2.2275714726e-06
4.9377441406e+01 1.8555944860e-04 9.1383738460e-05 9.1981636356e-05 2.1940737869e-06
4.9438476562e+01 1.8441234748e-04 8.9952834591e-05 9.2278773717e-05 2.1807391699e-06
4.9499511719e+01 1.7920052044e-04 8.6714870261e-05 9.0343274017e-05 2.1423761581e-06
4.9560546875e+01 1.7392828672e-04 8.3311271090e-05 8.8512585187e-05 2.1044304414e-06
4.9621582031e+01 1.7286812754e-04 8.3899785420e-05 8.6888005549e-05 2.0803365745e-06
4.9682617188e+01 1.6486978716e-04 8.1042648697e-05 8.1798270831e-05 2.0288676273e-06
4.9743652344e+01 1.5523751439e-04 7.6315891733e-05 7.6907371858e-05 2.0142507939e-06
4.9804687500e+01 1.4650849575e-04 7.2041280619e-05 7.2495546061e-05 1.9716690736e-06
4.9865722656e+01 1.4411559507e-04 7.0943554844e-05 7.1247832457e-05 1.9242077644e-06
4.9926757812e+01 1.3853904206e-04 6.8468772767e-05 6.8199654830e-05 1.8706144589e-06
4.9987792969e+01 1.3426904041e-04 6.6458927795e-05 6.5955854960e-05 1.8542576571e-06
5.0048828125e+01 1.3190576784e-04 6.5585239444e-05 6.4467390286e-05 1.8531381093e-06
5.0109863281e+01 1.2913961551e-04 6.3526606799e-05 6.3785887202e-05 1.8271215123e-06
5.0170898438e+01 1.2460104462e-04 6.1733900407e-05 6.1053089179e-05 1.8140550325e-06
5.0231933594e+01 1.2108663894e-04 5.9454401134e-05 5.9843463361e-05 1.7887744432e-06
5.0292968750e+01 1.1913488068e-04 5.8592167845e-05 5.8817763459e-05 1.7249493738e-06
5.0354003906e+01 1.1816408375e-04 5.8408484546e-05 5.8039531074e-05 1.7160681261e-06
5.0415039062e+01 1.1656074820e-04 5.7275279514e-05 5.7580127319e-05 1.7053413699e-06
5.0476074219e+01 1.1565431628e-04 5.7758862645e-05 5.6210621053e-05 1.6848325854e-06
5.0537109375e+01 1.1573971452e-04 5.7269959784e-05 5.6799480645e-05 1.6702740933e-06
5.0598144531e+01 1.1448748373e-04 5.5592083324e-05 5.7241792989e-05 1.6536074224e-06
5.0659179688e+01 1.1180505799e-04 5.4268073702e-05 5.5881492181e-05 1.6554921023e-06
5.0720214844e+01 1.1146726290e-04 5.4689326413e-05 5.5131264205e-05 1.6466722824e-06
5.0781250000e+01 1.0850435691e-04 5.2965427454e-05 5.3911166433e-05 1.6277630204e-06
5.0842285156e+01 1.0453458131e-04 5.1133586911e-05 5.1802119730e-05 1.5988746685e-06
5.0903320312e+01 1.0332399110e-04 5.0472116303e-05 5.1285954094e-05 1.5659207037e-06
5.0964355469e+01 9.9593569568e-05 4.7929614647e-05 5.0151346510e-05 1.5126084111e-06
5.1025390625e+01 9.4953974481e-05 4.5162620847e-05 4.8309097362e-05 1.4822562723e-06
5.1086425781e+01 8.9821926085e-05 4.3036714678e-05 4.5357488752e-05 1.4277226550e-06
5.1147460938e+01 8.4281034961e-05 4.0326819955e-05 4.2559680631e-05 1.3945343753e-06
5.1208496094e+01 7.7649447411e-05 3.7644825248e-05 3.8650649865e-05 1.3539722976e-06
5.1269531250e+01 6.9819728346e-05 3.4019560059e-05 3.4505796842e-05 1.2943714446e-06
5.1330566406e+01 6.4456840138e-05 3.1323406484e-05 3.1880825419e-05 1.2526082354e-06
5.1391601562e+01 6.0050763667e-05 2.9268998662e-05 2.9547483377e-05 1.2342816270e-06
5.1452636719e+01 5.5980314016e-05 2.7117225215e-05 2.7669064259e-05 1.1940245428e-06
5.1513671875e+01 5.0798510595e-05 2.4112069868e-05 2.5516983218e-05 1.1694575082e-06
5.1574707031e+01 4.8290763258e-05 2.2469721763e-05 2.4686666905e-05 1.1343745898e-06
5.1635742188e+01 4.4643801795e-05 2.0671591197e-05 2.2862094180e-05 1.1101164167e-06
5.1696777344e+01 3.9554736952e-05 1.8703656886e-05 1.9780662674e-05 1.0704173916e-06
5.1757812500e+01 3.7464769063e-05 1.8207850414e-05 1.8202509082e-05 1.0544095667e-06
5.1818847656e+01 3.7532491197e-05 1.7877748013e-05 1.8615553448e-05 1.0391897354e-06
5.1879882812e+01 3.6526826697e-05 1.7172788207e-05 1.8332121937e-05 1.0219165533e-06
5.1940917969e+01 3.6135616950e-05 1.6595159594e-05 1.8530324628e-05 1.0101327273e-06
5.2001953125e+01 3.5203918027e-05 1.6243170159e-05 1.7979604197e-05 9.8114367079e-07
5.2062988281e+01 3.4977307548e-05 1.6109255523e-05 1.7868446099e-05 9.9960592587e-07
5.2124023438e+01 3.3082210726e-05 1.5383904238e-05 1.6740689770e-05 9.5761671847e-07
5.2185058594e+01 3.1866102056e-05 1.4991781554e-05 1.5962404561e-05 9.1191594161e-07
5.2246093750e+01 3.2482609504e-05 1.5565830048e-05 1.6005791584e-05 9.1098787159e-07
5.2307128906e+01 3.1741879845e-05 1.5305405131e-05 1.5500455391e-05 9.3601932274e-07
5.2368164062e+01 3.1762424623e-05 1.5805297195e-05 1.5038080342e-05 9.1904708631e-07
5.2429199219e+01 3.2537890601e-05 1.6302320435e-05 1.5326427706e-05 9.0914246056e-07
5.2490234375e+01 3.1631311537e-05 1.5952747872e-05 1.4805472383e-05 8.7309128171e-07
5.2551269531e+01 2.9863148257e-05 1.4955149354e-05 1.4074142005e-05 8.3385689771e-07
5.2612304688e+01 2.8706301994e-05 1.4328215878e-05 1.3547703254e-05 8.3038286224e-07
5.2673339844e+01 2.6850045276e-05 1.2973679816e-05 1.3060430651e-05 8.1593480949e-07
5.2734375000e+01 2.5914886967e-05 1.1972864251e-05 1.3142288912e-05 7.9973380417e-07
5.2795410156e+01 2.4244167225e-05 1.0957400943e-05 1.2529989162e-05 7.5677711964e-07
5.2856445312e+01 2.2680717741e-05 1.0550469247e-05 1.1410508887e-05 7.1973960737e-07
5.2917480469e+01 2.1629124661e-05 9.9133532263e-06 1.1011871155e-05 7.0390027896e-07
5.2978515625e+01 2.0585860710e-05 9.2639357367e-06 1.0609918060e-05 7.1200691324e-07
5.3039550781e+01 2.0467959581e-05 9.2146552500e-06 1.0546838040e-05 7.0646629119e-07
5.3100585938e+01 1.9229347922e-05 8.5808690577e-06 9.9564444875e-06 6.9203437694e-07
5.3161621094e+01 1.7798413273e-05 7.6117600838e-06 9.5115024841e-06 6.7515070547e-07
5.3222656250e+01 1.6023752236e-05 7.0859376991e-06 8.2859833760e-06 6.5183116099e-07
5.3283691406e+01 1.5761524456e-05 6.8459377970e-06 8.2766508586e-06 6.3893579992e-07
5.3344726562e+01 1.4722621568e-05 6.5425359677e-06 7.5754369631e-06 6.0464863730e-07
5.3405761719e+01 1.3839705539e-05 6.3746064560e-06 6.8684719920e-06 5.9662709078e-07
5.3466796875e+01 1.3398850662e-05 5.9969055360e-06 6.8089095170e-06 5.9303560893e-07
5.3527832031e+01 1.3329350494e-05 5.9361705558e-06 6.8050300655e-06 5.8814987231e-07
5.3588867188e+01 1.2920371594e-05 5.6655003441e-06 6.6813088145e-06 5.7356243530e-07
5.3649902344e+01 1.2313851823e-05 5.3211174630e-06 6.4374569336e-06 5.5527742641e-07
5.3710937500e+01 1.1955475776e-05 5.1397975112e-06 6.2724606580e-06 5.4321760700e-07
5.3771972656e+01 1.1926343646e-05 4.8580177108e-06 6.5158700397e-06 5.5245589581e-07
5.3833007812e+01 1.1428424277e-05 4.6660906921e-06 6.2089982874e-06 5.5333529788e-07
5.3894042969e+01 1.0943312149e-05 4.4103202815e-06 5.9940436722e-06 5.3894819573e-07
5.3955078125e+01 1.0769001249e-05 4.3100899163e-06 5.9314403129e-06 5.2747101934e-07
5.4016113281e+01 1.1190151548e-05 4.4270205321e-06 6.2351833684e-06 5.2794764800e-07
5.4077148438e+01 1.0524165720e-05 4.1719620006e-06 5.8286732877e-06 5.2353043179e-07
5.4138183594e+01 1.0469455886e-05 4.1103606717e-06 5.8427893663e-06 5.1630584827e-07
5.4199218750e+01 1.0812453048e-05 4.1166321934e-06 6.1765225550e-06 5.1929829978e-07
5.4260253906e+01 1.1006316231e-05 4.2586047005e-06 6.2340134626e-06 5.1369806801e-07
5.4321289062e+01 1.1637808849e-05 4.4698034500e-06 6.6572744713e-06 5.1073092806e-07
5.4382324219e+01 1.1797823581e-05 4.5405144073e-06 6.7525127144e-06 5.0479645961e-07
5.4443359375e+01 1.1578270449e-05 4.4190623625e-06 6.6628041240e-06 4.9640396254e-07
5.4504394531e+01 1.2104695458e-05 4.5350557892e-06 7.0756684773e-06 4.9397119181e-07
5.4565429688e+01 1.3225456068e-05 4.9701083735e-06 7.7563927283e-06 4.9895496643e-07
5.4626464844e+01 1.4387450484e-05 5.2686662793e-06 8.6129224680e-06 5.0586173706e-07
5.4687500000e+01 1.5602808176e-05 5.7587710691e-06 9.3215490066e-06 5.2248809994e-07
5.4748535156e+01 1.6094413116e-05 5.8991103890e-06 9.6810280030e-06 5.1427472384e-07
5.4809570312e+01 1.4425471229e-05 5.2955443085e-06 8.6180305840e-06 5.1189633630e-07
5.4870605469e+01 1.3956190528e-05 5.0885783570e-06 8.3664318665e-06 5.0118030403e-07
5.4931640625e+01 1.3762814127e-05 4.9225644893e-06 8.3574136693e-06 4.8283596837e-07
5.4992675781e+01 1.3906972497e-05 4.9107583489e-06 8.5196288535e-06 4.7658529446e-07
5.5053710938e+01 1.4915921851e-05 5.1599543771e-06 9.2722301653e-06 4.8373730841e-07
5.5114746094e+01 1.5773347441e-05 5.3046201028e-06 9.9617827848e-06 5.0694455392e-07
5.5175781250e+01 1.5342860219e-05 5.1864188319e-06 9.6534304793e-06 5.0301090820e-07
5.5236816406e+01 1.4952050519e-05 4.9668825157e-06 9.4979589679e-06 4.8720903528e-07
5.5297851562e+01 1.4178490911e-05 4.7255082519e-06 8.9667169368e-06 4.8626572212e-07
5.5358886719e+01 1.2991745945e-05 4.2157136978e-06 8.2919259006e-06 4.8410634664e-07
5.5419921875e+01 1.2221437220e-05 3.9245780881e-06 7.8466582099e-06 4.5020092155e-07
5.5480957031e+01 1.1512624177e-05 3.7610590195e-06 7.2999028988e-06 4.5166225891e-07
5.5541992188e+01 9.9748688260e-06 3.3365040339e-06 6.2011942072e-06 4.3717058484e-07
5.5603027344e+01 8.6812900116e-06 3.0797258630e-06 5.1986446380e-06 4.0291951064e-07
5.5664062500e+01 7.7543917330e-06 2.8594082032e-06 4.5161470699e-06 3.7883645998e-07
5.5725097656e+01 7.1739529417e-06 2.7253247731e-06 4.0726067550e-06 3.7602141359e-07
5.5786132812e+01 6.5768524402e-06 2.6055208759e-06 3.6081145871e-06 3.6321697711e-07
5.5847167969e+01 6.3345441293e-06 2.5863126770e-06 3.3986134442e-06 3.4961800809e-07
5.5908203125e+01 6.1965997679e-06 2.6210339990e-06 3.2312998602e-06 3.4426590871e-07
5.5969238281e+01 6.0808464198e-06 2.6308864560e-06 3.1074228185e-06 3.4253714526e-07
5.6030273438e+01 6.0624783715e-06 2.6544876642e-06 3.0744576531e-06 3.3353305425e-07
5.6091308594e+01 6.2263535049e-06 2.8108141962e-06 3.0915596808e-06 3.2397962795e-07
5.6152343750e+01 6.6149980229e-06 3.0912662064e-06 3.1990806370e-06 3.2465117946e-07
5.6213378906e+01 6.3405252689e-06 2.9435211298e-06 3.0803539683e-06 3.1665017079e-07
5.6274414062e+01 6.3619599046e-06 3.0161260957e-06 3.0355201284e-06 3.1031368060e-07
5.6335449219e+01 6.7033073708e-06 3.2913625203e-06 3.1057600538e-06 3.0618479664e-07
5.6396484375e+01 7.2671672146e-06 3.7102901410e-06 3.2489565648e-06 3.0792050881e-07
5.6457519531e+01 7.4285608513e-06 3.9582118964e-06 3.1636073550e-06 3.0674159985e-07
5.6518554688e+01 7.5566593871e-06 4.1872217205e-06 3.0733973718e-06 2.9604029475e-07
5.6579589844e+01 7.6478252558e-06 4.3109232319e-06 3.0473518785e-06 2.8955014538e-07
5.6640625000e+01 8.0424286292e-06 4.5409459330e-06 3.2089833159e-06 2.9249938034e-07
5.6701660156e+01 8.2409540898e-06 4.7290627635e-06 3.2247184070e-06 2.8717291936e-07
5.6762695312e+01 8.1964744960e-06 4.7187910039e-06 3.1978385049e-06 2.7984498727e-07
5.6823730469e+01 8.7505766208e-06 4.9758959438e-06 3.4947195737e-06 2.7996110331e-07
5.6884765625e+01 8.3760011689e-06 4.6498410215e-06 3.4461524269e-06 2.8000772042e-07
5.6945800781e+01 7.7371488381e-06 4.1624612409e-06 3.2977025191e-06 2.7698507807e-07
5.7006835938e+01 8.3587133680e-06 4.5618664207e-06 3.5266935528e-06 2.7015339454e-07
5.7067871094e+01 8.6066001249e-06 4.6855491458e-06 3.6516811699e-06 2.6936980912e-07
5.7128906250e+01 7.6161040584e-06 4.0029530521e-06 3.3509649425e-06 2.6218606388e-07
5.7189941406e+01 7.2923776495e-06 3.7765942155e-06 3.2542558439e-06 2.6152759015e-07
5.7250976562e+01 6.6435506948e-06 3.3621483307e-06 3.0187586546e-06 2.6264370951e-07
5.7312011719e+01 6.1192216374e-06 3.0338920572e-06 2.8269540288e-06 2.5837555136e-07
5.7373046875e+01 6.0727542846e-06 3.0017794137e-06 2.8188989737e-06 2.5207589720e-07
5.7434082031e+01 6.0151620342e-06 2.9821121957e-06 2.7823891429e-06 2.5066069561e-07
5.7495117188e+01 5.7879656242e-06 2.8318406167e-06 2.7079892787e-06 2.4813572882e-07
5.7556152344e+01 5.1605105018e-06 2.4195114943e-06 2.4976751963e-06 2.4332381115e-07
5.7617187500e+01 4.8069442044e-06 2.2126045074e-06 2.3545401091e-06 2.3979958790e-07
5.7678222656e+01 4.5149386208e-06 2.0605462352e-06 2.2219871813e-06 2.3240520435e-07
5.7739257812e+01 4.3192985578e-06 1.9382329529e-06 2.1520577480e-06 2.2900785689e-07
5.7800292969e+01 4.2210815245e-06 1.9020197848e-06 2.0918295822e-06 2.2723215752e-07
5.7861328125e+01 4.0896515325e-06 1.8180865647e-06 2.0517654121e-06 2.1979955572e-07
5.7922363281e+01 4.0178549912e-06 1.7642204666e-06 2.0346353397e-06 2.1899918493e-07
5.7983398438e+01 3.9856886003e-06 1.7362685580e-06 2.0310834143e-06 2.1833662807e-07
5.8044433594e+01 3.9484345534e-06 1.7101252871e-06 2.0241984669e-06 2.1411079934e-07
5.8105468750e+01 3.9172807774e-06 1.6987117788e-06 2.0074980097e-06 2.1107098890e-07
5.8166503906e+01 3.9693552379e-06 1.7146692461e-06 2.0462385614e-06 2.0844743036e-07
5.8227539062e+01 3.9900843969e-06 1.7284796047e-06 2.0559968734e-06 2.0560791876e-07
5.8288574219e+01 4.0052377327e-06 1.7280883294e-06 2.0707325553e-06 2.0641684804e-07
5.8349609375e+01 3.9600930985e-06 1.7285762218e-06 2.0241692139e-06 2.0734766282e-07
5.8410644531e+01 4.1885654835e-06 1.8405685863e-06 2.1447849346e-06 2.0321196264e-07
5.8471679688e+01 4.4291099941e-06 1.9605640467e-06 2.2663834405e-06 2.0216250683e-07
5.8532714844e+01 4.3387039000e-06 1.9014271276e-06 2.2359354211e-06 2.0134135128e-07
5.8593750000e+01 4.4801067221e-06 1.9716278268e-06 2.3103213479e-06 1.9815754736e-07
5.8654785156e+01 4.3619844522e-06 1.9121677572e-06 2.2570522622e-06 1.9276443290e-07
5.8715820312e+01 4.1593199367e-06 1.8183860988e-06 2.1556188489e-06 1.8531498901e-07
5.8776855469e+01 4.0783136305e-06 1.7883746147e-06 2.1114086881e-06 1.7853032764e-07
5.8837890625e+01 4.3162951144e-06 1.9134144353e-06 2.2233482618e-06 1.7953241740e-07
5.8898925781e+01 4.3507729843e-06 1.9453497556e-06 2.2291202963e-06 1.7630293238e-07
5.8959960938e+01 3.9714380528e-06 1.7507341865e-06 2.0473858741e-06 1.7331799223e-07
5.9020996094e+01 3.6823097027e-06 1.5978607733e-06 1.9153403210e-06 1.6910860839e-07
5.9082031250e+01 3.6096193066e-06 1.5700966604e-06 1.8727342516e-06 1.6678839456e-07
5.9143066406e+01 3.4569872119e-06 1.4977534877e-06 1.7954348060e-06 1.6379891814e-07
5.9204101562e+01 3.3449488169e-06 1.4325583826e-06 1.7518124774e-06 1.6057795688e-07
5.9265136719e+01 3.1569501821e-06 1.3453003320e-06 1.6553154926e-06 1.5633435744e-07
5.9326171875e+01 3.0719071054e-06 1.3127659337e-06 1.6103578073e-06 1.4878336447e-07
5.9387207031e+01 3.0548834058e-06 1.3072830246e-06 1.6062889830e-06 1.4131139822e-07
5.9448242188e+01 2.9565972077e-06 1.2774015540e-06 1.5403860773e-06 1.3880957645e-07
5.9509277344e+01 2.9401263263e-06 1.2643214125e-06 1.5387800970e-06 1.3702481685e-07
5.9570312500e+01 2.8843803596e-06 1.2403704934e-06 1.5112571344e-06 1.3275273176e-07
5.9631347656e+01 2.8497088854e-06 1.2185155339e-06 1.5025847447e-06 1.2860860684e-07
5.9692382812e+01 2.8325243317e-06 1.2222323662e-06 1.4836544393e-06 1.2663752616e-07
5.9753417969e+01 2.7703506007e-06 1.1916351057e-06 1.4566171536e-06 1.2209834143e-07
5.9814453125e+01 2.7086932827e-06 1.1687283009e-06 1.4199454635e-06 1.2001951836e-07
5.9875488281e+01 2.6397777177e-06 1.1480325823e-06 1.3751105659e-06 1.1663456952e-07
5.9936523438e+01 2.6128365881e-06 1.1412156617e-06 1.3587068264e-06 1.1291410005e-07
5.9997558594e+01 2.5633121518e-06 1.1129821338e-06 1.3402415139e-06 1.1008850406e-07
6.0058593750e+01 2.5350223766e-06 1.0979254067e-06 1.3299696899e-06 1.0712728005e-07
6.0119628906e+01 2.5095887659e-06 1.0883228847e-06 1.3161798997e-06 1.0508598156e-07
6.0180664062e+01 2.4507688369e-06 1.0658708415e-06 1.2801767146e-06 1.0472128081e-07
6.0241699219e+01 2.4325765185e-06 1.0694233896e-06 1.2611790893e-06 1.0197403961e-07
6.0302734375e+01 2.4297320079e-06 1.0642041967e-06 1.2684718013e-06 9.7056010005e-08
6.0363769531e+01 2.3987272281e-06 1.0522640083e-06 1.2545004879e-06 9.1962731875e-08
6.0424804688e+01 2.3331740810e-06 1.0287426591e-06 1.2129040061e-06 9.1527415854e-08
6.0485839844e+01 2.2546040135e-06 9.9427350835e-07 1.1702790864e-06 9.0051418830e-08
6.0546875000e+01 2.2525653087e-06 9.9477811520e-07 1.1695335712e-06 8.8253622307e-08
6.0607910156e+01 2.2353636027e-06 9.9252614583e-07 1.1565795315e-06 8.6257925407e-08
6.0668945312e+01 2.2155954812e-06 9.8407139243e-07 1.1482097770e-06 8.3314311712e-08
6.0729980469e+01 2.1989327445e-06 9.8302656032e-07 1.1343960425e-06 8.1510141665e-08
6.0791015625e+01 2.1615730584e-06 9.7162696474e-07 1.1114649838e-06 7.8481109822e-08
6.0852050781e+01 2.1302175490e-06 9.4963950247e-07 1.1030991408e-06 7.7478905693e-08
6.0913085938e+01 2.1020217538e-06 9.5366491928e-07 1.0710696273e-06 7.7287207267e-08
6.0974121094e+01 2.0752007429e-06 9.4510852554e-07 1.0540860276e-06 7.6006189780e-08
6.1035156250e+01 2.0691263280e-06 9.4796238984e-07 1.0476719783e-06 7.3491959877e-08
6.1096191406e+01 2.0336011050e-06 9.3799861886e-07 1.0249366884e-06 7.0665797723e-08
6.1157226562e+01 1.9959087089e-06 9.2824048127e-07 9.9937890365e-07 6.8289323979e-08
6.1218261719e+01 1.9571412868e-06 9.0137440824e-07 9.8967925318e-07 6.6087625368e-08
6.1279296875e+01 1.9130898728e-06 8.7765942787e-07 9.7097849541e-07 6.4451949494e-08
6.1340332031e+01 1.9039524403e-06 8.7923666555e-07 9.6071119931e-07 6.4004575423e-08
6.1401367188e+01 1.8938036845e-06 8.7976373764e-07 9.5094057900e-07 6.3099367812e-08
6.1462402344e+01 1.8595400775e-06 8.6604173440e-07 9.3136267692e-07 6.2135666187e-08
6.1523437500e+01 1.8223666279e-06 8.4976011701e-07 9.1205841297e-07 6.0548097919e-08
6.1584472656e+01 1.8011544968e-06 8.4476588678e-07 8.9588734251e-07 6.0501267475e-08
6.1645507812e+01 1.7540868166e-06 8.2360280304e-07 8.7162986382e-07 5.8854149696e-08
6.1706542969e+01 1.7009841328e-06 7.9475028657e-07 8.5002348617e-07 5.6210360008e-08
6.1767578125e+01 1.6479754520e-06 7.7869128832e-07 8.1539131009e-07 5.3892853589e-08
6.1828613281e+01 1.6435623495e-06 7.8710476965e-07 8.0387640179e-07 5.2581178035e-08
6.1889648438e+01 1.6337839020e-06 7.7442643414e-07 8.0843079834e-07 5.0926669555e-08
6.1950683594e+01 1.6061535805e-06 7.6721644235e-07 7.9025263877e-07 4.8684499430e-08
6.2011718750e+01 1.5741802233e-06 7.5993370767e-07 7.6771959559e-07 4.6526920020e-08
6.2072753906e+01 1.5619429709e-06 7.6148514460e-07 7.5519066881e-07 4.5267157497e-08
6.2133789062e+01 1.5274421975e-06 7.4573036272e-07 7.3833516229e-07 4.3376672460e-08
6.2194824219e+01 1.4952564862e-06 7.2592429426e-07 7.2773822085e-07 4.1593971107e-08
6.2255859375e+01 1.4756150328e-06 7.2136180033e-07 7.1336515715e-07 4.0888075316e-08
6.2316894531e+01 1.4570589906e-06 7.1378071815e-07 7.0314693791e-07 4.0131334531e-08
6.2377929688e+01 1.4284426325e-06 7.0606785943e-07 6.8357436985e-07 3.8800403252e-08
6.2438964844e+01 1.3978136453e-06 6.9638573673e-07 6.6378881362e-07 3.7639094978e-08
6.2500000000e+01 1.3710936305e-06 6.8122981091e-07 6.5396385234e-07 3.5899967220e-08
6.2561035156e+01 1.3589217203e-06 6.6682014075e-07 6.5633607617e-07 3.5765503417e-08
6.2622070312e+01 1.3325904590e-06 6.6067987808e-07 6.3661889603e-07 3.5291684870e-08
6.2683105469e+01 1.2972692818e-06 6.4276076889e-07 6.1993721107e-07 3.4571301862e-08
6.2744140625e+01 1.2642790693e-06 6.2393693442e-07 6.0750465191e-07 3.2837482944e-08
6.2805175781e+01 1.2500615974e-06 6.2451783668e-07 5.9418463480e-07 3.1359125894e-08
6.2866210938e+01 1.2251441907e-06 6.0931586991e-07 5.8462432284e-07 3.1203997925e-08
6.2927246094e+01 1.2045598344e-06 5.9711123922e-07 5.7651763978e-07 3.0930955424e-08
6.2988281250e+01 1.1873269321e-06 5.8749521134e-07 5.6903073399e-07 3.0800986757e-08
6.3049316406e+01 1.1478378831e-06 5.6929357784e-07 5.4877091325e-07 2.9773392005e-08
6.3110351562e+01 1.1263779955e-06 5.5335034183e-07 5.4461478841e-07 2.8412865267e-08
6.3171386719e+01 1.1087850492e-06 5.5015031948e-07 5.3042742319e-07 2.8207306490e-08
6.3232421875e+01 1.0846125144e-06 5.4307723078e-07 5.1389190394e-07 2.7643379671e-08
6.3293457031e+01 1.0576468043e-06 5.2335616656e-07 5.0703416118e-07 2.7256476573e-08
6.3354492188e+01 1.0382877068e-06 5.0835561136e-07 5.0319021880e-07 2.6741876656e-08
6.3415527344e+01 1.0095948373e-06 4.9906772883e-07 4.8491045005e-07 2.5616658416e-08
6.3476562500e+01 9.9577122778e-07 4.9641358768e-07 4.7443301880e-07 2.4924621301e-08
6.3537597656e+01 9.7651392878e-07 4.8799433385e-07 4.6426481404e-07 2.4254780883e-08
6.3598632812e+01 9.6205312379e-07 4.7790832321e-07 4.6073054588e-07 2.3414254698e-08
6.3659667969e+01 9.3640654342e-07 4.6829447813e-07 4.4489081748e-07 2.3221247819e-08
6.3720703125e+01 9.2082461929e-07 4.5680809837e-07 4.4145230906e-07 2.2564211863e-08
6.3781738281e+01 9.0451078334e-07 4.4451013970e-07 4.3823803576e-07 2.1762607878e-08
6.3842773438e+01 8.8820766343e-07 4.3711911537e-07 4.2962758725e-07 2.1460960816e-08
6.3903808594e+01 8.7237036326e-07 4.3301819815e-07 4.1824338122e-07 2.1108783889e-08
6.3964843750e+01 8.6624898521e-07 4.2902940451e-07 4.1587942718e-07 2.1340153524e-08
6.4025878906e+01 8.5328038337e-07 4.2163826313e-07 4.1094973280e-07 2.0692387446e-08
6.4086914062e+01 8.3972341781e-07 4.1319815694e-07 4.0643002016e-07 2.0095240710e-08
6.4147949219e+01 8.2350337085e-07 4.0916548273e-07 3.9419223191e-07 2.0145656205e-08
6.4208984375e+01 8.1843839446e-07 4.0890855453e-07 3.8995417100e-07 1.9575668927e-08
6.4270019531e+01 8.1025660191e-07 4.0454196124e-07 3.8613211011e-07 1.9582530560e-08
6.4331054688e+01 7.9317023954e-07 3.9488904128e-07 3.7860055190e-07 1.9680646359e-08
6.4392089844e+01 7.8344081765e-07 3.9023167423e-07 3.7386412692e-07 1.9345016503e-08
6.4453125000e+01 7.7783433513e-07 3.8613885547e-07 3.7303877811e-07 1.8656701556e-08
6.4514160156e+01 7.6221852484e-07 3.7650530594e-07 3.6708729046e-07 1.8625928439e-08
6.4575195312e+01 7.6184893157e-07 3.7675101480e-07 3.6622087120e-07 1.8877045572e-08
6.4636230469e+01 7.5930421502e-07 3.7374181067e-07 3.6716833768e-07 1.8394066670e-08
6.4697265625e+01 7.5113150013e-07 3.7073726771e-07 3.6194262360e-07 1.8451608824e-08
6.4758300781e+01 7.4975591371e-07 3.6840291567e-07 3.6300401490e-07 1.8348983149e-08
6.4819335938e+01 7.3670085581e-07 3.6442621377e-07 3.5435095506e-07 1.7923686988e-08
6.4880371094e+01 7.3549663908e-07 3.6879940193e-07 3.4920446707e-07 1.7492770075e-08
6.4941406250e+01 7.1969006763e-07 3.6250085546e-07 3.4027258030e-07 1.6916631865e-08
6.5002441406e+01 7.1376539205e-07 3.5996494910e-07 3.3719194572e-07 1.6608497230e-08
6.5063476562e+01 7.1743379705e-07 3.6118927757e-07 3.3979034377e-07 1.6454175707e-08
6.5124511719e+01 7.1891025897e-07 3.6449799782e-07 3.3853401157e-07 1.5878249580e-08
6.5185546875e+01 7.1955002086e-07 3.6298862970e-07 3.4075691851e-07 1.5804472650e-08
6.5246582031e+01 7.2115320258e-07 3.6703678314e-07 3.3835798942e-07 1.5758430010e-08
6.5307617188e+01 7.1787133780e-07 3.6885292288e-07 3.3283447513e-07 1.6183939784e-08
6.5368652344e+01 7.1238307262e-07 3.6287827216e-07 3.3366406272e-07 1.5840737737e-08
6.5429687500e+01 7.1334323233e-07 3.6368597013e-07 3.3422222967e-07 1.5435032526e-08
6.5490722656e+01 7.0464235175e-07 3.5739476442e-07 3.3195014571e-07 1.5297441622e-08
6.5551757812e+01 6.8837768701e-07 3.4624549351e-07 3.2729406962e-07 1.4838123879e-08
6.5612792969e+01 6.7705571865e-07 3.3735617809e-07 3.2548883268e-07 1.4210707881e-08
6.5673828125e+01 6.6123372427e-07 3.2922564008e-07 3.1797113423e-07 1.4036949959e-08
6.5734863281e+01 6.5280299007e-07 3.2296686229e-07 3.1604824233e-07 1.3787885456e-08
6.5795898438e+01 6.4410000259e-07 3.1739744785e-07 3.1296577119e-07 1.3736783556e-08
6.5856933594e+01 6.4660967764e-07 3.1854108941e-07 3.1428883744e-07 1.3779750798e-08
6.5917968750e+01 6.3183613864e-07 3.1134496014e-07 3.0702186049e-07 1.3469318013e-08
6.5979003906e+01 6.1907889363e-07 3.0415121663e-07 3.0200756400e-07 1.2920113004e-08
6.6040039062e+01 6.0967904154e-07 2.9883159618e-07 2.9788384400e-07 1.2963601354e-08
6.6101074219e+01 6.1227315571e-07 3.0335428871e-07 2.9615144844e-07 1.2767418552e-08
6.6162109375e+01 6.0708049654e-07 2.9694265433e-07 2.9755860091e-07 1.2579241306e-08
6.6223144531e+01 5.9734022490e-07 2.8846048765e-07 2.9613975348e-07 1.2739983766e-08
6.6284179688e+01 5.9158378277e-07 2.8750097499e-07 2.9165374650e-07 1.2429061279e-08
6.6345214844e+01 5.8868116335e-07 2.8417896782e-07 2.9222934524e-07 1.2272850290e-08
6.6406250000e+01 5.7994883541e-07 2.7643586678e-07 2.9129883437e-07 1.2214134254e-08
6.6467285156e+01 5.7534967520e-07 2.7453335543e-07 2.8901986021e-07 1.1796459555e-08
6.6528320312e+01 5.7300765523e-07 2.7250230241e-07 2.8867844877e-07 1.1826904056e-08
6.6589355469e+01 5.6900175232e-07 2.6813329238e-07 2.8906266958e-07 1.1805790356e-08
6.6650390625e+01 5.6135993647e-07 2.6332865869e-07 2.8635387208e-07 1.1677405704e-08
6.6711425781e+01 5.5764758744e-07 2.6224671129e-07 2.8396577639e-07 1.1435099759e-08
6.6772460938e+01 5.5014567994e-07 2.5832619823e-07 2.8052208290e-07 1.1297398819e-08
6.6833496094e+01 5.4819129710e-07 2.5820184609e-07 2.7866290362e-07 1.1326547390e-08
6.6894531250e+01 5.4051903812e-07 2.5614851549e-07 2.7330926112e-07 1.1061261519e-08
6.6955566406e+01 5.4085258007e-07 2.5241921122e-07 2.7738142021e-07 1.1051948644e-08
6.7016601562e+01 5.4411496175e-07 2.5394747009e-07 2.7904754954e-07 1.1119942121e-08
6.7077636719e+01 5.3266633751e-07 2.5101795433e-07 2.7068006321e-07 1.0968319960e-08
6.7138671875e+01 5.3211934312e-07 2.4968912740e-07 2.7173194927e-07 1.0698266453e-08
6.7199707031e+01 5.3206453949e-07 2.4751359938e-07 2.7395804376e-07 1.0592896355e-08
6.7260742188e+01 5.3093116732e-07 2.4645356270e-07 2.7394035919e-07 1.0537245425e-08
6.7321777344e+01 5.2328418346e-07 2.4480067309e-07 2.6801977391e-07 1.0463736462e-08
6.7382812500e+01 5.2235294590e-07 2.4299716571e-07 2.6900127901e-07 1.0354501188e-08
6.7443847656e+01 5.2314496504e-07 2.4079171298e-07 2.7212286809e-07 1.0230383975e-08
6.7504882812e+01 5.1481553174e-07 2.3978073548e-07 2.6509328274e-07 9.9415135161e-09
6.7565917969e+01 5.1057303336e-07 2.3834136967e-07 2.6226481663e-07 9.9668470618e-09
6.7626953125e+01 5.1211095571e-07 2.3490549649e-07 2.6739493851e-07 9.8105207149e-09
6.7687988281e+01 5.0896270478e-07 2.3307660173e-07 2.6604333672e-07 9.8427663385e-09
6.7749023438e+01 5.0540698091e-07 2.3273479950e-07 2.6290178043e-07 9.7704009785e-09
6.7810058594e+01 4.9810855312e-07 2.2833042419e-07 2.6019113794e-07 9.5869909832e-09
6.7871093750e+01 5.0126005292e-07 2.2945667933e-07 2.6222277446e-07 9.5805991295e-09
6.7932128906e+01 5.0387129058e-07 2.2958150720e-07 2.6494301963e-07 9.3467637493e-09
6.7993164062e+01 4.9896376250e-07 2.2614967776e-07 2.6356689098e-07 9.2471937611e-09
6.8054199219e+01 4.9715688865e-07 2.2621891394e-07 2.6180340631e-07 9.1345684026e-09
6.8115234375e+01 4.9640807718e-07 2.2698785975e-07 2.6040766427e-07 9.0125531584e-09
6.8176269531e+01 4.9218762759e-07 2.2471038044e-07 2.5857705875e-07 8.9001883999e-09
6.8237304688e+01 4.8731076299e-07 2.2206182415e-07 2.5649376410e-07 8.7551747383e-09
6.8298339844e+01 4.9030420935e-07 2.2269361071e-07 2.5899859660e-07 8.6120020507e-09
6.8359375000e+01 4.9261659891e-07 2.2400514320e-07 2.5986477429e-07 8.7466814206e-09
6.8420410156e+01 4.8759937683e-07 2.2192674582e-07 2.5698199434e-07 8.6906366677e-09
6.8481445312e+01 4.8687805798e-07 2.2152679422e-07 2.5685873938e-07 8.4925243779e-09
6.8542480469e+01 4.8818037120e-07 2.2193857122e-07 2.5779739681e-07 8.4444031679e-09
6.8603515625e+01 4.8302013940e-07 2.1986912021e-07 2.5476261762e-07 8.3884015666e-09
6.8664550781e+01 4.7955877060e-07 2.1789422223e-07 2.5340241706e-07 8.2621313160e-09
6.8725585938e+01 4.7889544388e-07 2.1730824769e-07 2.5353085733e-07 8.0563388503e-09
6.8786621094e+01 4.7565234885e-07 2.1624421350e-07 2.5148064872e-07 7.9274866259e-09
6.8847656250e+01 4.6934524657e-07 2.1386915476e-07 2.4758691756e-07 7.8891742513e-09
6.8908691406e+01 4.6525088796e-07 2.1120992233e-07 2.4600456484e-07 8.0364007874e-09
6.8969726562e+01 4.6412380513e-07 2.0985782404e-07 2.4626427648e-07 8.0017046098e-09
6.9030761719e+01 4.6316458716e-07 2.1015181906e-07 2.4513969309e-07 7.8730750039e-09
6.9091796875e+01 4.6100266275e-07 2.1026594012e-07 2.4292598161e-07 7.8107410155e-09
6.9152832031e+01 4.5634870201e-07 2.0918720847e-07 2.3941600626e-07 7.7454872819e-09
6.9213867188e+01 4.5557560040e-07 2.0815229757e-07 2.3979860197e-07 7.6247008678e-09
6.9274902344e+01 4.5616768137e-07 2.1190774967e-07 2.3679915152e-07 7.4607801859e-09
6.9335937500e+01 4.5216766736e-07 2.0987621054e-07 2.3485795363e-07 7.4335031876e-09
6.9396972656e+01 4.4372971667e-07 2.0388549634e-07 2.3251237643e-07 7.3318438985e-09
6.9458007812e+01 4.4186516979e-07 2.0280561238e-07 2.3176735812e-07 7.2921992824e-09
6.9519042969e+01 4.3893033918e-07 2.0261979446e-07 2.2895987446e-07 7.3506702607e-09
6.9580078125e+01 4.4174575179e-07 2.0640511439e-07 2.2811460855e-07 7.2260288506e-09
6.9641113281e+01 4.3916360390e-07 2.0598078566e-07 2.2609997403e-07 7.0828442050e-09
6.9702148438e+01 4.3711521151e-07 2.0493913895e-07 2.2529324394e-07 6.8828286095e-09
6.9763183594e+01 4.3256004813e-07 2.0290501997e-07 2.2285086841e-07 6.8041597471e-09
6.9824218750e+01 4.2580062565e-07 1.9947487087e-07 2.1950231132e-07 6.8234434630e-09
6.9885253906e+01 4.2478843970e-07 1.9747850499e-07 2.2042683115e-07 6.8831035584e-09
6.9946289062e+01 4.2093371185e-07 1.9757604966e-07 2.1659910928e-07 6.7585529140e-09
7.0007324219e+01 4.1517126172e-07 1.9432186221e-07 2.1414751676e-07 6.7018827604e-09
7.0068359375e+01 4.0725425336e-07 1.9073883514e-07 2.0991896696e-07 6.5964512615e-09
7.0129394531e+01 4.0102984618e-07 1.8908264267e-07 2.0547358753e-07 6.4736159777e-09
7.0190429688e+01 3.9617918671e-07 1.8709187323e-07 2.0269338587e-07 6.3939276096e-09
7.0251464844e+01 3.8976329969e-07 1.8482034531e-07 1.9862794195e-07 6.3150124252e-09
7.0312500000e+01 3.8552791312e-07 1.8021707255e-07 1.9893229999e-07 6.3785405763e-09
7.0373535156e+01 3.8192159628e-07 1.7647064247e-07 1.9910227254e-07 6.3486812772e-09
7.0434570312e+01 3.7795026769e-07 1.7663738498e-07 1.9517647580e-07 6.1364069121e-09
7.0495605469e+01 3.7260072853e-07 1.7420007034e-07 1.9230096871e-07 6.0996894834e-09
7.0556640625e+01 3.6940025747e-07 1.7248000331e-07 1.9096274377e-07 5.9575103843e-09
7.0617675781e+01 3.6309442677e-07 1.6963685779e-07 1.8756934495e-07 5.8882240289e-09
7.0678710938e+01 3.5677951276e-07 1.6728719394e-07 1.8361159001e-07 5.8807288146e-09
7.0739746094e+01 3.5257203673e-07 1.6415821415e-07 1.8260815737e-07 5.8056652097e-09
7.0800781250e+01 3.4737382350e-07 1.6172416569e-07 1.8001095081e-07 5.6387069986e-09
7.0861816406e+01 3.4369058366e-07 1.6083794244e-07 1.7724157157e-07 5.6110696549e-09
7.0922851562e+01 3.4080876652e-07 1.5893787260e-07 1.7632983460e-07 5.5410593195e-09
7.0983886719e+01 3.3597242910e-07 1.5640623498e-07 1.7406907465e-07 5.4971194768e-09
7.1044921875e+01 3.2821306314e-07 1.5160679581e-07 1.7108930004e-07 5.5169672895e-09
7.1105957031e+01 3.2750792988e-07 1.5108208693e-07 1.7095556380e-07 5.4702791523e-09
7.1166992188e+01 3.2519821720e-07 1.5039405994e-07 1.6946271056e-07 5.3414466992e-09
7.1228027344e+01 3.1934685810e-07 1.4821590798e-07 1.6579291318e-07 5.3380369393e-09
7.1289062500e+01 3.1108371352e-07 1.4519739386e-07 1.6066468548e-07 5.2216341818e-09
7.1350097656e+01 3.0871860595e-07 1.4548309008e-07 1.5808575767e-07 5.1497581949e-09
7.1411132812e+01 3.0965432492e-07 1.4543192668e-07 1.5911469020e-07 5.1077080472e-09
7.1472167969e+01 3.0379751938e-07 1.4276233206e-07 1.5599219741e-07 5.0429899194e-09
7.1533203125e+01 2.9710577247e-07 1.3975451691e-07 1.5236791562e-07 4.9833399334e-09
7.1594238281e+01 2.9142384144e-07 1.3631543975e-07 1.5019776300e-07 4.9106386874e-09
7.1655273438e+01 2.8592150587e-07 1.3414154093e-07 1.4690100541e-07 4.8789595303e-09
7.1716308594e+01 2.8017174057e-07 1.3028978319e-07 1.4509144983e-07 4.7905075475e-09
7.1777343750e+01 2.7654922667e-07 1.3009544249e-07 1.4176885294e-07 4.6849312446e-09
7.1838378906e+01 2.7115698273e-07 1.2868739421e-07 1.3785492108e-07 4.6146674417e-09
7.1899414062e+01 2.6838986862e-07 1.2733464147e-07 1.3651789943e-07 4.5373277185e-09
7.1960449219e+01 2.6246429363e-07 1.2479250399e-07 1.3306265176e-07 4.6091378754e-09
7.2021484375e+01 2.5948778123e-07 1.2237504239e-07 1.3260138976e-07 4.5113490864e-09
7.2082519531e+01 2.5276434507e-07 1.1841776307e-07 1.2992816292e-07 4.4184190742e-09
7.2143554688e+01 2.4905700342e-07 1.1673296432e-07 1.2793077906e-07 4.3932600440e-09
7.2204589844e+01 2.4470679032e-07 1.1433571790e-07 1.2603282045e-07 4.3382519630e-09
7.2265625000e+01 2.3872309018e-07 1.1103087569e-07 1.2341486727e-07 4.2773472207e-09
7.2326660156e+01 2.3278022805e-07 1.0903713466e-07 1.1953856807e-07 4.2045253278e-09
7.2387695312e+01 2.3168285511e-07 1.0762001686e-07 1.1984670560e-07 4.2161326533e-09
7.2448730469e+01 2.2788443696e-07 1.0612132940e-07 1.1758003314e-07 4.1830744201e-09
7.2509765625e+01 2.2331442909e-07 1.0370444120e-07 1.1556014541e-07 4.0498424811e-09
7.2570800781e+01 2.1901655963e-07 1.0100396320e-07 1.1399673451e-07 4.0158619201e-09
7.2631835938e+01 2.1604505578e-07 1.0012853019e-07 1.1189681082e-07 4.0197147678e-09
7.2692871094e+01 2.0617894985e-07 9.5700943581e-08 1.0653689790e-07 3.9411083670e-09
7.2753906250e+01 2.0394370319e-07 9.3917347998e-08 1.0613473021e-07 3.8916249767e-09
7.2814941406e+01 2.0169948221e-07 9.2709683769e-08 1.0507386984e-07 3.9159286056e-09
7.2875976562e+01 1.9738531663e-07 9.1398395267e-08 1.0211615306e-07 3.8707683042e-09
7.2937011719e+01 1.9211397245e-07 8.8501601308e-08 9.9829521728e-08 3.7828494180e-09
7.2998046875e+01 1.8881874888e-07 8.6633701102e-08 9.8492587655e-08 3.6924601212e-09
7.3059082031e+01 1.8379389605e-07 8.3915957543e-08 9.6276997535e-08 3.6009409755e-09
7.3120117188e+01 1.7889980830e-07 8.1881147106e-08 9.3467592338e-08 3.5510688523e-09
7.3181152344e+01 1.7725588227e-07 8.1078656593e-08 9.2641225389e-08 3.5360002833e-09
7.3242187500e+01 1.7342626224e-07 7.8258330028e-08 9.1602322484e-08 3.5656097257e-09
7.3303222656e+01 1.6978016300e-07 7.5900396685e-08 9.0316827299e-08 3.5629390190e-09
7.3364257812e+01 1.6785398252e-07 7.5485441998e-08 8.8910729428e-08 3.4578110911e-09
7.3425292969e+01 1.6631048921e-07 7.4354963510e-08 8.8528142196e-08 3.4273835071e-09
7.3486328125e+01 1.6244031939e-07 7.1760199551e-08 8.7293369065e-08 3.3867507725e-09
7.3547363281e+01 1.5894554282e-07 7.0827218371e-08 8.4823705821e-08 3.2946186332e-09
7.3608398438e+01 1.5380956391e-07 6.7606853550e-08 8.2893995417e-08 3.3087149473e-09
7.3669433594e+01 1.4996006769e-07 6.5749166050e-08 8.0943781818e-08 3.2671198212e-09
7.3730468750e+01 1.4816309778e-07 6.4445630310e-08 8.0500194969e-08 3.2172725009e-09
7.3791503906e+01 1.4667947845e-07 6.3272528274e-08 8.0241383316e-08 3.1655668582e-09
7.3852539062e+01 1.4488688931e-07 6.3387263886e-08 7.8296209806e-08 3.2034156210e-09
7.3913574219e+01 1.4401904247e-07 6.1911803403e-08 7.8913853263e-08 3.1933858082e-09
7.3974609375e+01 1.4272189264e-07 6.1101988296e-08 7.8489323657e-08 3.1305806858e-09
7.4035644531e+01 1.3834537748e-07 6.0204769052e-08 7.5086721573e-08 3.0538868575e-09
7.4096679688e+01 1.3644886967e-07 5.8664425565e-08 7.4707521821e-08 3.0769222801e-09
7.4157714844e+01 1.3267809329e-07 5.6753623005e-08 7.2901323104e-08 3.0231471839e-09
7.4218750000e+01 1.2863793302e-07 5.4754519317e-08 7.0900753027e-08 2.9826606750e-09
7.4279785156e+01 1.2863826813e-07 5.4545057738e-08 7.1220016053e-08 2.8731943383e-09
7.4340820312e+01 1.2530814573e-07 5.4291281757e-08 6.8173271871e-08 2.8435921070e-09
7.4401855469e+01 1.2022345944e-07 5.2642929605e-08 6.4840191259e-08 2.7403385774e-09
7.4462890625e+01 1.1542818389e-07 5.0062404320e-08 6.2680791424e-08 2.6849881471e-09
7.4523925781e+01 1.0916126544e-07 4.7384106283e-08 5.9108400922e-08 2.6687582372e-09
7.4584960938e+01 1.0637140321e-07 4.6350408618e-08 5.7367587466e-08 2.6534071222e-09
7.4645996094e+01 1.0397634138e-07 4.6099478054e-08 5.5286933367e-08 2.5899299604e-09
7.4707031250e+01 1.0165431202e-07 4.5386531623e-08 5.3770962438e-08 2.4968179635e-09
7.4768066406e+01 9.8109692156e-08 4.4094676901e-08 5.1632164522e-08 2.3828507324e-09
7.4829101562e+01 9.4708013987e-08 4.2733357324e-08 4.9563242951e-08 2.4114137120e-09
7.4890136719e+01 9.3085483819e-08 4.1714970500e-08 4.8995068977e-08 2.3754443416e-09
7.4951171875e+01 8.9996088284e-08 4.0327081794e-08 4.7294648331e-08 2.3743581587e-09
7.5012207031e+01 8.8430319056e-08 4.0352180827e-08 4.5735833797e-08 2.3423044326e-09
7.5073242188e+01 8.5295064508e-08 3.9190444015e-08 4.3801506523e-08 2.3031139699e-09
7.5134277344e+01 8.3200904830e-08 3.7909604608e-08 4.3055115155e-08 2.2361850669e-09
7.5195312500e+01 8.1361430642e-08 3.7482202021e-08 4.1700049109e-08 2.1791795123e-09
7.5256347656e+01 7.9898036166e-08 3.6508450787e-08 4.1226978728e-08 2.1626066510e-09
7.5317382812e+01 7.8974319980e-08 3.5848062392e-08 4.1036694491e-08 2.0895630972e-09
7.5378417969e+01 7.6159849253e-08 3.4832452671e-08 3.9269743173e-08 2.0576534085e-09
7.5439453125e+01 7.4076216215e-08 3.3882519349e-08 3.8129235148e-08 2.0644617181e-09
7.5500488281e+01 7.2902351184e-08 3.3328646024e-08 3.7517502494e-08 2.0562026656e-09
7.5561523438e+01 7.2125690662e-08 3.3108256940e-08 3.6979953004e-08 2.0374807190e-09
7.5622558594e+01 7.0548317641e-08 3.1934392129e-08 3.6650598983e-08 1.9633265282e-09
7.5683593750e+01 6.8548581665e-08 3.1484347357e-08 3.5124771465e-08 1.9394628435e-09
7.5744628906e+01 6.7786532811e-08 3.1496537196e-08 3.4364467535e-08 1.9255280799e-09
7.5805664062e+01 6.6842044000e-08 3.0517823502e-08 3.4422493021e-08 1.9017274765e-09
7.5866699219e+01 6.4319389664e-08 2.9563315021e-08 3.2900672130e-08 1.8554025139e-09
7.5927734375e+01 6.3355346210e-08 2.9113783261e-08 3.2416827444e-08 1.8247355051e-09
7.5988769531e+01 6.2940088325e-08 2.8964223341e-08 3.2146507408e-08 1.8293575753e-09
7.6049804688e+01 6.0821803914e-08 2.7893649915e-08 3.1119948502e-08 1.8082054968e-09
7.6110839844e+01 5.9721574451e-08 2.7193477545e-08 3.0730861129e-08 1.7972357778e-09
7.6171875000e+01 5.8929064480e-08 2.6857852984e-08 3.0243480803e-08 1.8277306924e-09
7.6232910156e+01 5.7444720437e-08 2.6113954440e-08 2.9563984182e-08 1.7667818160e-09
7.6293945312e+01 5.5228000262e-08 2.5007043140e-08 2.8534495139e-08 1.6864619825e-09
7.6354980469e+01 5.3695004502e-08 2.4294504906e-08 2.7734785448e-08 1.6657141482e-09
7.6416015625e+01 5.3120570644e-08 2.3918417864e-08 2.7498838516e-08 1.7033142645e-09
7.6477050781e+01 5.1371720515e-08 2.2770002031e-08 2.6910887240e-08 1.6908312427e-09
7.6538085938e+01 5.0039674920e-08 2.1853902956e-08 2.6517152656e-08 1.6686193084e-09
7.6599121094e+01 4.9017986090e-08 2.1726388882e-08 2.5607391706e-08 1.6842055022e-09
7.6660156250e+01 4.7121046189e-08 2.0685687159e-08 2.4786025051e-08 1.6493339791e-09
7.6721191406e+01 4.5743873396e-08 1.9923811778e-08 2.4228072211e-08 1.5919894069e-09
7.6782226562e+01 4.4712817139e-08 1.9439079630e-08 2.3717878916e-08 1.5558585926e-09
7.6843261719e+01 4.3137081037e-08 1.8550339931e-08 2.3054620607e-08 1.5321204989e-09
7.6904296875e+01 4.1982230170e-08 1.8141120278e-08 2.2275207029e-08 1.5659028627e-09
7.6965332031e+01 4.1601480827e-08 1.7824707795e-08 2.2215660828e-08 1.5611122032e-09
7.7026367188e+01 4.0834095560e-08 1.7362653365e-08 2.1937619744e-08 1.5338224520e-09
7.7087402344e+01 3.9352740023e-08 1.6785291051e-08 2.1080186718e-08 1.4872622540e-09
7.7148437500e+01 3.7636512200e-08 1.6051985766e-08 2.0133851374e-08 1.4506750598e-09
7.7209472656e+01 3.6984557697e-08 1.5781984261e-08 1.9760947929e-08 1.4416255069e-09
7.7270507812e+01 3.6056742398e-08 1.5522367130e-08 1.9142897785e-08 1.3914774826e-09
7.7331542969e+01 3.4791272173e-08 1.5083493729e-08 1.8311544099e-08 1.3962343443e-09
7.7392578125e+01 3.4315946982e-08 1.4915572350e-08 1.8013529181e-08 1.3868454506e-09
7.7453613281e+01 3.3370094019e-08 1.4632771824e-08 1.7394171063e-08 1.3431511312e-09
7.7514648438e+01 3.2208285207e-08 1.4182600381e-08 1.6698537299e-08 1.3271475281e-09
7.7575683594e+01 3.1426281640e-08 1.4007310154e-08 1.6123887436e-08 1.2950840493e-09
7.7636718750e+01 3.0769497612e-08 1.3740337564e-08 1.5708740101e-08 1.3204199475e-09
7.7697753906e+01 3.0473348208e-08 1.3611860533e-08 1.5564219502e-08 1.2972681725e-09
7.7758789062e+01 3.0357901916e-08 1.3628204974e-08 1.5452633720e-08 1.2770632232e-09
7.7819824219e+01 3.0262516515e-08 1.3578193911e-08 1.5422169843e-08 1.2621527598e-09
7.7880859375e+01 2.9117213010e-08 1.3349696589e-08 1.4539855256e-08 1.2276611644e-09
7.7941894531e+01 2.8906544654e-08 1.3390763532e-08 1.4303752026e-08 1.2120290963e-09
7.8002929688e+01 2.9307415938e-08 1.3580801693e-08 1.4534698366e-08 1.1919158797e-09
7.8063964844e+01 2.9088501908e-08 1.3443652570e-08 1.4458161088e-08 1.1866882500e-09
7.8125000000e+01 2.9007799703e-08 1.3837130499e-08 1.3983197540e-08 1.1874716647e-09
7.8186035156e+01 2.8355638879e-08 1.3565166198e-08 1.3591927588e-08 1.1985450927e-09
7.8247070312e+01 2.8402577364e-08 1.3766151536e-08 1.3435909691e-08 1.2005161373e-09
7.8308105469e+01 2.8912133024e-08 1.4186081778e-08 1.3559479963e-08 1.1665712826e-09
7.8369140625e+01 2.9152092603e-08 1.4120289322e-08 1.3875295772e-08 1.1565075088e-09
7.8430175781e+01 2.8415838649e-08 1.3761558510e-08 1.3508480650e-08 1.1457994882e-09
7.8491210938e+01 2.8439632557e-08 1.3691654323e-08 1.3628638523e-08 1.1193397108e-09
7.8552246094e+01 2.9093258649e-08 1.4125555687e-08 1.3860010873e-08 1.1076920878e-09
7.8613281250e+01 2.8781566524e-08 1.4098380645e-08 1.3601353529e-08 1.0818323505e-09
7.8674316406e+01 2.8797381516e-08 1.4179070970e-08 1.3556722145e-08 1.0615884006e-09
7.8735351562e+01 2.8349016423e-08 1.3897307270e-08 1.3402105576e-08 1.0496035770e-09
7.8796386719e+01 2.7041347763e-08 1.3064328311e-08 1.2928287524e-08 1.0487319274e-09
7.8857421875e+01 2.5657608081e-08 1.2090653956e-08 1.2540936006e-08 1.0260181190e-09
7.8918457031e+01 2.5260852354e-08 1.1959785796e-08 1.2274865267e-08 1.0262012904e-09
7.8979492188e+01 2.3985940830e-08 1.1289939050e-08 1.1704872159e-08 9.9112962073e-10
7.9040527344e+01 2.2945596119e-08 1.0779684875e-08 1.1174504238e-08 9.9140700520e-10
7.9101562500e+01 2.1991384968e-08 1.0222789137e-08 1.0774562804e-08 9.9403302629e-10
7.9162597656e+01 2.1839799890e-08 9.9558269793e-09 1.0868331201e-08 1.0156417097e-09
7.9223632812e+01 2.1360012625e-08 9.7079761309e-09 1.0662446739e-08 9.8958975552e-10
7.9284667969e+01 2.0807801333e-08 9.5552831140e-09 1.0297062282e-08 9.5545593674e-10
7.9345703125e+01 2.0499005438e-08 9.4414281261e-09 1.0099896362e-08 9.5768094963e-10
7.9406738281e+01 2.0717637435e-08 9.3794546433e-09 1.0393879582e-08 9.4430320996e-10
7.9467773438e+01 2.0460315454e-08 9.1355455152e-09 1.0384353351e-08 9.4041658854e-10
7.9528808594e+01 2.0683675152e-08 9.3220244102e-09 1.0422032656e-08 9.3961808518e-10
7.9589843750e+01 2.0459949047e-08 9.3659993897e-09 1.0169535782e-08 9.2441387514e-10
7.9650878906e+01 1.9945029329e-08 8.9662567567e-09 1.0080678713e-08 8.9809386017e-10
7.9711914062e+01 2.0204416025e-08 9.0954640931e-09 1.0225715081e-08 8.8323685035e-10
7.9772949219e+01 1.9732446446e-08 8.9979637797e-09 9.8469089232e-09 8.8757374282e-10
7.9833984375e+01 1.9037677742e-08 8.7297673359e-09 9.4082681360e-09 8.9964226987e-10
7.9895019531e+01 1.8858460470e-08 8.5520612491e-09 9.4170995310e-09 8.8929968993e-10
7.9956054688e+01 1.8648475762e-08 8.6123855513e-09 9.1766525162e-09 8.5943769433e-10
8.0017089844e+01 1.8485294103e-08 8.6080433034e-09 9.0346453324e-09 8.4260546740e-10
8.0078125000e+01 1.8949266892e-08 8.8904359939e-09 9.2198877959e-09 8.3894310236e-10
8.0139160156e+01 1.8865425071e-08 8.6838820323e-09 9.3427278418e-09 8.3881519645e-10
8.0200195312e+01 1.7921491212e-08 8.2736819311e-09 8.8089989142e-09 8.3881036713e-10
8.0261230469e+01 1.7199127411e-08 7.9235138097e-09 8.4516396934e-09 8.2397390767e-10
8.0322265625e+01 1.7193271926e-08 7.9419869737e-09 8.4490497860e-09 8.0223516589e-10
8.0383300781e+01 1.6935267089e-08 7.8540319704e-09 8.2849807201e-09 7.9625439873e-10
8.0444335938e+01 1.6429203910e-08 7.8363640006e-09 7.8023508573e-09 7.9048905251e-10
8.0505371094e+01 1.6372525583e-08 7.7075700788e-09 7.8900214457e-09 7.7493405803e-10
8.0566406250e+01 1.6164305502e-08 7.5167296582e-09 7.8951986299e-09 7.5237721380e-10
8.0627441406e+01 1.5647292306e-08 7.1817859094e-09 7.7101454083e-09 7.5536098809e-10
8.0688476562e+01 1.5548060826e-08 7.1554282169e-09 7.6259821890e-09 7.6665041988e-10
8.0749511719e+01 1.5500642556e-08 7.2835852302e-09 7.4759124048e-09 7.4114492150e-10
8.0810546875e+01 1.4887526167e-08 6.9739321824e-09 7.1977134047e-09 7.1588057942e-10
8.0871582031e+01 1.4673001115e-08 6.7876494085e-09 7.1770992933e-09 7.0825241325e-10
8.0932617188e+01 1.4756235890e-08 6.8987638252e-09 7.1566292182e-09 7.0084284632e-10
8.0993652344e+01 1.4679395076e-08 6.9610673965e-09 7.0318010915e-09 6.8652658836e-10
8.1054687500e+01 1.5052997225e-08 7.2828034505e-09 7.1001795446e-09 6.7001423021e-10
8.1115722656e+01 1.4734111271e-08 7.2173017032e-09 6.8547203482e-09 6.6208921909e-10
8.1176757812e+01 1.4503287231e-08 7.0597777203e-09 6.7824781206e-09 6.6103139064e-10
8.1237792969e+01 1.4194527019e-08 6.6391677726e-09 6.8968212181e-09 6.5853802859e-10
8.1298828125e+01 1.4115452914e-08 6.5146917092e-09 6.9523021192e-09 6.4845908580e-10
8.1359863281e+01 1.3933833690e-08 6.5164046141e-09 6.7721071468e-09 6.4532192910e-10
8.1420898438e+01 1.3681136374e-08 6.5077277185e-09 6.5361911709e-09 6.3721748489e-10
8.1481933594e+01 1.3457482730e-08 6.3845666556e-09 6.4635570904e-09 6.0935898365e-10
8.1542968750e+01 1.3487820210e-08 6.4697232770e-09 6.4271581500e-09 5.9093878311e-10
8.1604003906e+01 1.2890329394e-08 6.1960728060e-09 6.1036707455e-09 5.9058584241e-10
8.1665039062e+01 1.3001090982e-08 6.1324222238e-09 6.2751837577e-09 5.9348500019e-10
8.1726074219e+01 1.2895287001e-08 5.9677524767e-09 6.3523139223e-09 5.7522060199e-10
8.1787109375e+01 1.2690576525e-08 5.8135647449e-09 6.2970903953e-09 5.7992138461e-10
8.1848144531e+01 1.2599574994e-08 5.7046453762e-09 6.3240417955e-09 5.7088782230e-10
8.1909179688e+01 1.2502167281e-08 5.6152227950e-09 6.3306085917e-09 5.5633589461e-10
8.1970214844e+01 1.2746895805e-08 5.6641195192e-09 6.5302449962e-09 5.5253128933e-10
8.2031250000e+01 1.2256956728e-08 5.2771103648e-09 6.4289291628e-09 5.5091720003e-10
8.2092285156e+01 1.1820438400e-08 5.0402841528e-09 6.2299144578e-09 5.5023978984e-10
8.2153320312e+01 1.2011579858e-08 5.0074288077e-09 6.4454473055e-09 5.5870374470e-10
8.2214355469e+01 1.1929473560e-08 4.8742879022e-09 6.5076215279e-09 5.4756413033e-10
8.2275390625e+01 1.1880226445e-08 4.8072242895e-09 6.5304339492e-09 5.4256820640e-10
8.2336425781e+01 1.2109864027e-08 4.9084818878e-09 6.6585662160e-09 5.4281592356e-10
8.2397460938e+01 1.1870914053e-08 4.6908318915e-09 6.6445154865e-09 5.3556667504e-10
8.2458496094e+01 1.1867814363e-08 4.6855781371e-09 6.6693641068e-09 5.1287211876e-10
8.2519531250e+01 1.1649224624e-08 4.6603837828e-09 6.4807356717e-09 5.0810516927e-10
8.2580566406e+01 1.1407154656e-08 4.6914787583e-09 6.2193791157e-09 4.9629678244e-10
8.2641601562e+01 1.1375933104e-08 4.5774317652e-09 6.3060484006e-09 4.9245293793e-10
8.2702636719e+01 1.1284158366e-08 4.3638284641e-09 6.4260626600e-09 4.9426724141e-10
8.2763671875e+01 1.0918171678e-08 4.2711405570e-09 6.1665318364e-09 4.8049928459e-10
8.2824707031e+01 1.0934367318e-08 4.2123465955e-09 6.2467712520e-09 4.7524947021e-10
8.2885742188e+01 1.1108506989e-08 4.3314553488e-09 6.3088220973e-09 4.6822954252e-10
8.2946777344e+01 1.1144683018e-08 4.2904726086e-09 6.3819650837e-09 4.7224532590e-10
8.3007812500e+01 1.0828678425e-08 4.1817730294e-09 6.1945704640e-09 4.5233493146e-10
8.3068847656e+01 1.0404009424e-08 4.0958531401e-09 5.8672862423e-09 4.4087004195e-10
8.3129882812e+01 1.0050106394e-08 3.9569131495e-09 5.6693592748e-09 4.2383397020e-10
8.3190917969e+01 9.9205709974e-09 3.9491770513e-09 5.5710592286e-09 4.0033471747e-10
8.3251953125e+01 9.7786120978e-09 4.0533438907e-09 5.3328774067e-09 3.9239080042e-10
8.3312988281e+01 9.5155641319e-09 4.0032320596e-09 5.1329329844e-09 3.7939908792e-10
8.3374023438e+01 8.9577361531e-09 3.7872806753e-09 4.8078678177e-09 3.6258766007e-10
8.3435058594e+01 8.3739854026e-09 3.6117411820e-09 4.4072414176e-09 3.5500280307e-10
8.3496093750e+01 8.2548242080e-09 3.5762835578e-09 4.3292751366e-09 3.4926551363e-10
8.3557128906e+01 8.0595889248e-09 3.5242583358e-09 4.1923276076e-09 3.4300298140e-10
8.3618164062e+01 7.9303538799e-09 3.4583264764e-09 4.1239025136e-09 3.4812489002e-10
8.3679199219e+01 7.7961835146e-09 3.4040580894e-09 4.0501655967e-09 3.4195982857e-10
8.3740234375e+01 7.6606730070e-09 3.2990861415e-09 4.0272467330e-09 3.3434013254e-10
8.3801269531e+01 7.4818744202e-09 3.2209737670e-09 3.9401717380e-09 3.2072891528e-10
8.3862304688e+01 7.0098235186e-09 3.1000629885e-09 3.6029980207e-09 3.0676250937e-10
8.3923339844e+01 6.8881634924e-09 3.0559514276e-09 3.5308913085e-09 3.0132075633e-10
8.3984375000e+01 6.8055513040e-09 3.0571279515e-09 3.4486077921e-09 2.9981556043e-10
8.4045410156e+01 6.6660224149e-09 2.9802049375e-09 3.3893292375e-09 2.9648823989e-10
8.4106445312e+01 6.5999407086e-09 2.9073867709e-09 3.3995687619e-09 2.9298517576e-10
8.4167480469e+01 6.5626895369e-09 2.9267504382e-09 3.3490072505e-09 2.8693184819e-10
8.4228515625e+01 6.4240677655e-09 2.9206851773e-09 3.2229240839e-09 2.8045850440e-10
8.4289550781e+01 6.3429793926e-09 2.9151615676e-09 3.1590341078e-09 2.6878371719e-10
8.4350585938e+01 6.3679565444e-09 2.9387433453e-09 3.1678968070e-09 2.6131639208e-10
8.4411621094e+01 6.1361845947e-09 2.8206855136e-09 3.0520857265e-09 2.6341335470e-10
8.4472656250e+01 6.0063807836e-09 2.7752681971e-09 2.9737824041e-09 2.5733018233e-10
8.4533691406e+01 5.9811684115e-09 2.8344219051e-09 2.8974649661e-09 2.4928154029e-10
8.4594726562e+01 6.0360975353e-09 2.9819194053e-09 2.8082762119e-09 2.4590191808e-10
8.4655761719e+01 6.1803839737e-09 3.2391001703e-09 2.6960458454e-09 2.4523795799e-10
8.4716796875e+01 6.1984135644e-09 3.2865371357e-09 2.6723196462e-09 2.3955678261e-10
8.4777832031e+01 6.1164218943e-09 3.1766711119e-09 2.7073098836e-09 2.3244089882e-10
8.4838867188e+01 6.0614271021e-09 3.2212926376e-09 2.6064399021e-09 2.3369456238e-10
8.4899902344e+01 6.0565441387e-09 3.3825326171e-09 2.4469575200e-09 2.2705400167e-10
8.4960937500e+01 6.4458375917e-09 3.7201035128e-09 2.5073160902e-09 2.1841798861e-10
8.5021972656e+01 6.9815807774e-09 4.1969768850e-09 2.5649566580e-09 2.1964723435e-10
8.5083007812e+01 6.8727892624e-09 4.1735536355e-09 2.4793882099e-09 2.1984741707e-10
8.5144042969e+01 6.8568332370e-09 4.0946002518e-09 2.5427778870e-09 2.1945509830e-10
8.5205078125e+01 6.4148746041e-09 3.6996298212e-09 2.4981317636e-09 2.1711301929e-10
8.5266113281e+01 6.1510039240e-09 3.5326069020e-09 2.4122213305e-09 2.0617569145e-10
8.5327148438e+01 6.3934331737e-09 3.8515303601e-09 2.3458188199e-09 1.9608399358e-10
8.5388183594e+01 6.2929648415e-09 3.7584193213e-09 2.3338718638e-09 2.0067365654e-10
8.5449218750e+01 6.2977663855e-09 3.7490412369e-09 2.3490318458e-09 1.9969330285e-10
8.5510253906e+01 6.0920866274e-09 3.6645883715e-09 2.2330836593e-09 1.9441459663e-10
8.5571289062e+01 5.8786987390e-09 3.5276607027e-09 2.1622366627e-09 1.8880137357e-10
8.5632324219e+01 5.6270435013e-09 3.2835284988e-09 2.1581785658e-09 1.8533643663e-10
8.5693359375e+01 5.3195694961e-09 3.0395486906e-09 2.0978930519e-09 1.8212775360e-10
8.5754394531e+01 5.2044628314e-09 2.9887976182e-09 2.0431793146e-09 1.7248589867e-10
8.5815429688e+01 5.2041906752e-09 2.9105587579e-09 2.1213802355e-09 1.7225168185e-10
8.5876464844e+01 5.1017271640e-09 2.8737834590e-09 2.0604003552e-09 1.6754334980e-10
8.5937500000e+01 4.8662227424e-09 2.6265140033e-09 2.0741227778e-09 1.6558596126e-10
8.5998535156e+01 4.5361758231e-09 2.4173837118e-09 1.9572431700e-09 1.6154894124e-10
8.6059570312e+01 4.5433119186e-09 2.4213108695e-09 1.9652164464e-09 1.5678460266e-10
8.6120605469e+01 4.5285771061e-09 2.3888375517e-09 1.9816167019e-09 1.5812285253e-10
8.6181640625e+01 4.3980718397e-09 2.3097543624e-09 1.9365241918e-09 1.5179328553e-10
8.6242675781e+01 4.2267426899e-09 2.2121046240e-09 1.8679099905e-09 1.4672807550e-10
8.6303710938e+01 3.9888183199e-09 2.0795604705e-09 1.7642487769e-09 1.4500907246e-10
8.6364746094e+01 3.8721089281e-09 1.9915922234e-09 1.7401863387e-09 1.4033036593e-10
8.6425781250e+01 3.7936833172e-09 1.9143181434e-09 1.7441270835e-09 1.3523809036e-10
8.6486816406e+01 3.7373061330e-09 1.8472685607e-09 1.7548818807e-09 1.3515569159e-10
8.6547851562e+01 3.7554356949e-09 1.8243110632e-09 1.7973787783e-09 1.3374585345e-10
8.6608886719e+01 3.6782671095e-09 1.7874947633e-09 1.7641826537e-09 1.2658969250e-10
8.6669921875e+01 3.6317662080e-09 1.7772048809e-09 1.7310687747e-09 1.2349255247e-10
8.6730957031e+01 3.5089461089e-09 1.7240117694e-09 1.6651732650e-09 1.1976107449e-10
8.6791992188e+01 3.3750921044e-09 1.6592207866e-09 1.5984906767e-09 1.1738064109e-10
8.6853027344e+01 3.2907803595e-09 1.6135183282e-09 1.5587304779e-09 1.1853155338e-10
8.6914062500e+01 3.1589410520e-09 1.5780675955e-09 1.4659899542e-09 1.1488350227e-10
8.6975097656e+01 3.1357651492e-09 1.5779503895e-09 1.4464691279e-09 1.1134563179e-10
8.7036132812e+01 3.1261782507e-09 1.5787698911e-09 1.4382281601e-09 1.0918019951e-10
8.7097167969e+01 3.0514520849e-09 1.5362506073e-09 1.4091955461e-09 1.0600593149e-10
8.7158203125e+01 3.0460234440e-09 1.5207936165e-09 1.4224294926e-09 1.0280033491e-10
8.7219238281e+01 2.9695938178e-09 1.5024997405e-09 1.3671899221e-09 9.9904155190e-11
8.7280273438e+01 2.9368677406e-09 1.4850952516e-09 1.3507716291e-09 1.0100085985e-10
8.7341308594e+01 2.9471407493e-09 1.4695931378e-09 1.3789296327e-09 9.8617978847e-11
8.7402343750e+01 2.9386543976e-09 1.4468878618e-09 1.3953842190e-09 9.6382316783e-11
8.7463378906e+01 2.9685820583e-09 1.4418470090e-09 1.4310832019e-09 9.5651847379e-11
8.7524414062e+01 2.9058500176e-09 1.4338290765e-09 1.3786304241e-09 9.3390516926e-11
8.7585449219e+01 2.8964142560e-09 1.4274697993e-09 1.3792087449e-09 8.9735711789e-11
8.7646484375e+01 2.9038008142e-09 1.4059701723e-09 1.4067748118e-09 9.1055830098e-11
8.7707519531e+01 2.9112993976e-09 1.3771807536e-09 1.4411885912e-09 9.2930052792e-11
8.7768554688e+01 2.9596794318e-09 1.3669892150e-09 1.4999522450e-09 9.2737971855e-11
8.7829589844e+01 2.9423818601e-09 1.3440868439e-09 1.5061228339e-09 9.2172182346e-11
8.7890625000e+01 2.8850977870e-09 1.3176323910e-09 1.4783612792e-09 8.9104116708e-11
8.7951660156e+01 2.8045997987e-09 1.2987491872e-09 1.4210789941e-09 8.4771617454e-11
8.8012695312e+01 2.6944371194e-09 1.2664195632e-09 1.3476260386e-09 8.0391517657e-11
8.8073730469e+01 2.6662787900e-09 1.2555271516e-09 1.3308883106e-09 7.9863327771e-11
8.8134765625e+01 2.7126429927e-09 1.2368342563e-09 1.3922974785e-09 8.3511257855e-11
8.8195800781e+01 2.6061869856e-09 1.2377838329e-09 1.2897842620e-09 7.8618890793e-11
8.8256835938e+01 2.5945654936e-09 1.2546997796e-09 1.2648415915e-09 7.5024122420e-11
8.8317871094e+01 2.6484028397e-09 1.2519086109e-09 1.3229197105e-09 7.3574518292e-11
8.8378906250e+01 2.6574209397e-09 1.2292286420e-09 1.3533325952e-09 7.4859702470e-11
8.8439941406e+01 2.5211272339e-09 1.1967039626e-09 1.2513194276e-09 7.3103843751e-11
8.8500976562e+01 2.4813884504e-09 1.1943173389e-09 1.2136165609e-09 7.3454550616e-11
8.8562011719e+01 2.4846231837e-09 1.1965827525e-09 1.2162633486e-09 7.1777082633e-11
8.8623046875e+01 2.4203313435e-09 1.1868851204e-09 1.1634083094e-09 7.0037913695e-11
8.8684082031e+01 2.3677445080e-09 1.1687852963e-09 1.1307960475e-09 6.8163164219e-11
8.8745117188e+01 2.3233330736e-09 1.1498540215e-09 1.1065953694e-09 6.6883682718e-11
8.8806152344e+01 2.2977849884e-09 1.1330852982e-09 1.1003636863e-09 6.4336003923e-11
8.8867187500e+01 2.2760824144e-09 1.1245484263e-09 1.0883098144e-09 6.3224173583e-11
8.8928222656e+01 2.2719761020e-09 1.1172478973e-09 1.0927043831e-09 6.2023821532e-11
8.8989257812e+01 2.2707273905e-09 1.1098569976e-09 1.0993015374e-09 6.1568855536e-11
8.9050292969e+01 2.2189046923e-09 1.0955045504e-09 1.0631107982e-09 6.0289343680e-11
8.9111328125e+01 2.1691428168e-09 1.0703563116e-09 1.0390678013e-09 5.9718703822e-11
8.9172363281e+01 2.1214035463e-09 1.0544895529e-09 1.0076958847e-09 5.9218108710e-11
8.9233398438e+01 2.1365888816e-09 1.0697392414e-09 1.0084610018e-09 5.8388638406e-11
8.9294433594e+01 2.1187156682e-09 1.0731604145e-09 9.8779122453e-10 5.7764029256e-11
8.9355468750e+01 2.0877000269e-09 1.0489071572e-09 9.8319394037e-10 5.5598929305e-11
8.9416503906e+01 2.0333329412e-09 1.0314155656e-09 9.4773030017e-10 5.4187075408e-11
8.9477539062e+01 2.0081106608e-09 1.0215645596e-09 9.3019757074e-10 5.6348530520e-11
8.9538574219e+01 1.9875813709e-09 1.0107710214e-09 9.2008436645e-10 5.6725983076e-11
8.9599609375e+01 1.9861872437e-09 1.0056078404e-09 9.2691244702e-10 5.3666956311e-11
8.9660644531e+01 1.9942444817e-09 1.0087884947e-09 9.3347474039e-10 5.1981246640e-11
8.9721679688e+01 1.9671763830e-09 9.8376029976e-10 9.3116308962e-10 5.2252993577e-11
8.9782714844e+01 1.9526592314e-09 9.7838907237e-10 9.2240497797e-10 5.1865181089e-11
8.9843750000e+01 1.9527536055e-09 9.8891000905e-10 9.1342616798e-10 5.0417428512e-11
8.9904785156e+01 1.9243002065e-09 9.8015518800e-10 8.9480984162e-10 4.9335176898e-11
8.9965820312e+01 1.8893176806e-09 9.5554367541e-10 8.8567439199e-10 4.8099613158e-11
9.0026855469e+01 1.8806784972e-09 9.5013214512e-10 8.8323309197e-10 4.7313260064e-11
9.0087890625e+01 1.8736522170e-09 9.5210803669e-10 8.7425767766e-10 4.7286502696e-11
9.0148925781e+01 1.8708694226e-09 9.4513377492e-10 8.7846634899e-10 4.7269298717e-11
9.0209960938e+01 1.8493254641e-09 9.3667130751e-10 8.6605565921e-10 4.6598497362e-11
9.0270996094e+01 1.8332489699e-09 9.3638556954e-10 8.5179610280e-10 4.5067297609e-11
9.0332031250e+01 1.8048911414e-09 9.2149277330e-10 8.3815640234e-10 4.5241965806e-11
9.0393066406e+01 1.8141135447e-09 9.1676958832e-10 8.5329201212e-10 4.4051944280e-11
9.0454101562e+01 1.8109761526e-09 9.0954281444e-10 8.5800116823e-10 4.3432169974e-11
9.0515136719e+01 1.7875096450e-09 8.9646893331e-10 8.4863685372e-10 4.2403857995e-11
9.0576171875e+01 1.7726645712e-09 8.9607435811e-10 8.3385935654e-10 4.2730856550e-11
9.0637207031e+01 1.7630996965e-09 8.8914650270e-10 8.3077421750e-10 4.3178976288e-11
9.0698242188e+01 1.7255140785e-09 8.7036242772e-10 8.1391621572e-10 4.1235435017e-11
9.0759277344e+01 1.7182236471e-09 8.7112168276e-10 8.0652166241e-10 4.0580301947e-11
9.0820312500e+01 1.7098672898e-09 8.6909169147e-10 8.0020016339e-10 4.0575434938e-11
9.0881347656e+01 1.7090690850e-09 8.5660877703e-10 8.1124466888e-10 4.1215639129e-11
9.0942382812e+01 1.7068099005e-09 8.5396246476e-10 8.1170098635e-10 4.1146449349e-11
9.1003417969e+01 1.7030550120e-09 8.7063891564e-10 7.9265231136e-10 3.9763784979e-11
9.1064453125e+01 1.6795590545e-09 8.5346393173e-10 7.8662791100e-10 3.9467211767e-11
9.1125488281e+01 1.6674136625e-09 8.3905335190e-10 7.8927906253e-10 3.9081248082e-11
9.1186523438e+01 1.6604769685e-09 8.3872915461e-10 7.8378872275e-10 3.7959091113e-11
9.1247558594e+01 1.6508268354e-09 8.2838764168e-10 7.8508515449e-10 3.7354039198e-11
9.1308593750e+01 1.6308455464e-09 8.1715715122e-10 7.7670131154e-10 3.6987083598e-11
9.1369628906e+01 1.6341757196e-09 8.1885934545e-10 7.7834104270e-10 3.6975331498e-11
9.1430664062e+01 1.6183343110e-09 8.1650473208e-10 7.6551790935e-10 3.6311669586e-11
9.1491699219e+01 1.6319317521e-09 8.2706720869e-10 7.6896969264e-10 3.5894850772e-11
9.1552734375e+01 1.6236020568e-09 8.2943902166e-10 7.5829636751e-10 3.5866667634e-11
9.1613769531e+01 1.5853414968e-09 7.9870553238e-10 7.5126797775e-10 3.5367986690e-11
9.1674804688e+01 1.5756171810e-09 7.9331975780e-10 7.4722040379e-10 3.5077019389e-11
9.1735839844e+01 1.5677117531e-09 7.8752215458e-10 7.4543398133e-10 3.4755617179e-11
9.1796875000e+01 1.5537270595e-09 7.7764688041e-10 7.4254696408e-10 3.3533215008e-11
9.1857910156e+01 1.5491004734e-09 7.7508377412e-10 7.4057554399e-10 3.3441155295e-11
9.1918945312e+01 1.5292467911e-09 7.5847484601e-10 7.3715605415e-10 3.3615890900e-11
9.1979980469e+01 1.5030348875e-09 7.4705224672e-10 7.2228364649e-10 3.3698994290e-11
9.2041015625e+01 1.5039392887e-09 7.4970583743e-10 7.2059660742e-10 3.3636843862e-11
9.2102050781e+01 1.4976761440e-09 7.4889422998e-10 7.1583157813e-10 3.2950335853e-11
9.2163085938e+01 1.4856217891e-09 7.4612164775e-10 7.0660247349e-10 3.2897667868e-11
9.2224121094e+01 1.4875810478e-09 7.3516516009e-10 7.1975247402e-10 3.2663413729e-11
9.2285156250e+01 1.4759108677e-09 7.3191922315e-10 7.1135756799e-10 3.2634076516e-11
9.2346191406e+01 1.4570741278e-09 7.2487152325e-10 6.9964727665e-10 3.2555327908e-11
9.2407226562e+01 1.4311575387e-09 7.0424869771e-10 6.9490285892e-10 3.2005982073e-11
9.2468261719e+01 1.4358870114e-09 7.0921619518e-10 6.9550244185e-10 3.1168374413e-11
9.2529296875e+01 1.4236715332e-09 6.9934016366e-10 6.9282954660e-10 3.1501822967e-11
9.2590332031e+01 1.4285106498e-09 7.0080312545e-10 6.9666784822e-10 3.1039676132e-11
9.2651367188e+01 1.4339456784e-09 7.0275834743e-10 7.0034685433e-10 3.0840476681e-11
9.2712402344e+01 1.4181911704e-09 7.0077926381e-10 6.8731993422e-10 3.0091972348e-11
9.2773437500e+01 1.4130501198e-09 6.9668704050e-10 6.8652082929e-10 2.9842249994e-11
9.2834472656e+01 1.3907691529e-09 6.7649578985e-10 6.8467424162e-10 2.9599121455e-11
9.2895507812e+01 1.3713663065e-09 6.7236696174e-10 6.7010620176e-10 2.8893143026e-11
9.2956542969e+01 1.3599702953e-09 6.6652840371e-10 6.6435617746e-10 2.9085714156e-11
9.3017578125e+01 1.3414580360e-09 6.5598061790e-10 6.5531325209e-10 3.0164166021e-11
9.3078613281e+01 1.3334921888e-09 6.5586816656e-10 6.4820098310e-10 2.9423039165e-11
9.3139648438e+01 1.3316354439e-09 6.4937335455e-10 6.5375228276e-10 2.8509806561e-11
9.3200683594e+01 1.3138506773e-09 6.4374598932e-10 6.4291882807e-10 2.7185859891e-11
9.3261718750e+01 1.2886177112e-09 6.3558607722e-10 6.2579992217e-10 2.7231711808e-11
9.3322753906e+01 1.2758286006e-09 6.2722495034e-10 6.2132263171e-10 2.7281018584e-11
9.3383789062e+01 1.2668055912e-09 6.2306188044e-10 6.1689671800e-10 2.6846992709e-11
9.3444824219e+01 1.2527471154e-09 6.1997274558e-10 6.0713124925e-10 2.5643120526e-11
9.3505859375e+01 1.2382723293e-09 6.1216930802e-10 6.0069133825e-10 2.5411683070e-11
9.3566894531e+01 1.2179532790e-09 5.9647139840e-10 5.9603534899e-10 2.5446531620e-11
9.3627929688e+01 1.2083471970e-09 5.9143493248e-10 5.9120724497e-10 2.5705019585e-11
9.3688964844e+01 1.1959492745e-09 5.9029193337e-10 5.8044717385e-10 2.5210167240e-11
9.3750000000e+01 1.1720478744e-09 5.7647957028e-10 5.7079671843e-10 2.4771585655e-11
9.3811035156e+01 1.1604747942e-09 5.6875637531e-10 5.6747754617e-10 2.4240872715e-11
9.3872070312e+01 1.1734465906e-09 5.7792045161e-10 5.7148225394e-10 2.4043885081e-11
9.3933105469e+01 1.1578948578e-09 5.6878825083e-10 5.6543431041e-10 2.3672296598e-11
9.3994140625e+01 1.1539327751e-09 5.6819106585e-10 5.6277150848e-10 2.2970200742e-11
9.4055175781e+01 1.1432334035e-09 5.6645594122e-10 5.5438127907e-10 2.2396183170e-11
9.4116210938e+01 1.1353244199e-09 5.6829722944e-10 5.4465195202e-10 2.2375238444e-11
9.4177246094e+01 1.1291606538e-09 5.6576349234e-10 5.4096187964e-10 2.2435281815e-11
9.4238281250e+01 1.1140497372e-09 5.5354493445e-10 5.3816751627e-10 2.2337286473e-11
9.4299316406e+01 1.1113456790e-09 5.4582569788e-10 5.4366173164e-10 2.1858249482e-11
9.4360351562e+01 1.0826257813e-09 5.4010826504e-10 5.2128090737e-10 2.1236608872e-11
9.4421386719e+01 1.0656406767e-09 5.3489192219e-10 5.0942717196e-10 2.1321582537e-11
9.4482421875e+01 1.0483696510e-09 5.2730383695e-10 4.9985013774e-10 2.1215676283e-11
9.4543457031e+01 1.0404506547e-09 5.1992929663e-10 4.9976974847e-10 2.0751609589e-11
9.4604492188e+01 1.0350970508e-09 5.1493666534e-10 4.9943430002e-10 2.0726085470e-11
9.4665527344e+01 1.0262788428e-09 5.1547026952e-10 4.9008247767e-10 2.0726095573e-11
9.4726562500e+01 1.0202089307e-09 5.1473721039e-10 4.8467232803e-10 2.0799392268e-11
9.4787597656e+01 1.0167953709e-09 5.1282214238e-10 4.8358298345e-10 2.0390245078e-11
9.4848632812e+01 1.0101565165e-09 5.0940268717e-10 4.8082910594e-10 1.9924723441e-11
9.4909667969e+01 9.9469087345e-10 5.0182986085e-10 4.7327592810e-10 1.9585084495e-11
9.4970703125e+01 9.9700076827e-10 5.0510517618e-10 4.7231546255e-10 1.9580129542e-11
9.5031738281e+01 9.8715346703e-10 5.0276294455e-10 4.6531815332e-10 1.9072369150e-11
9.5092773438e+01 9.6596929444e-10 4.9143263179e-10 4.5576762953e-10 1.8769033126e-11
9.5153808594e+01 9.4634482352e-10 4.7905481669e-10 4.4877705884e-10 1.8512947981e-11
9.5214843750e+01 9.4389658078e-10 4.8115101126e-10 4.4487753813e-10 1.7868031387e-11
9.5275878906e+01 9.3557490492e-10 4.7624931955e-10 4.4144061313e-10 1.7884972246e-11
9.5336914062e+01 9.3113194621e-10 4.7565736030e-10 4.3742081807e-10 1.8053767842e-11
9.5397949219e+01 9.3302665916e-10 4.7446835166e-10 4.4078732764e-10 1.7770979851e-11
9.5458984375e+01 9.2124863239e-10 4.6982295958e-10 4.3438908524e-10 1.7036587572e-11
9.5520019531e+01 9.1467220573e-10 4.7445964382e-10 4.2294857256e-10 1.7263989352e-11
9.5581054688e+01 9.0326247911e-10 4.7117631835e-10 4.1471245331e-10 1.7373707451e-11
9.5642089844e+01 8.8269232536e-10 4.5497967283e-10 4.1065440530e-10 1.7058247237e-11
9.5703125000e+01 8.7195460968e-10 4.5474811332e-10 4.0068794790e-10 1.6518548464e-11
9.5764160156e+01 8.6037715889e-10 4.4790799081e-10 3.9603511717e-10 1.6434050913e-11
9.5825195312e+01 8.5325114053e-10 4.4042372616e-10 3.9630912347e-10 1.6518290894e-11
9.5886230469e+01 8.4563876134e-10 4.3629345353e-10 3.9291398880e-10 1.6431319009e-11
9.5947265625e+01 8.3881547862e-10 4.3942827138e-10 3.8340644983e-10 1.5980757414e-11
9.6008300781e+01 8.2786628386e-10 4.3843739563e-10 3.7369631524e-10 1.5732572991e-11
9.6069335938e+01 8.1362062630e-10 4.2863750358e-10 3.6933808051e-10 1.5645042209e-11
9.6130371094e+01 8.1359084354e-10 4.2603962585e-10 3.7162680948e-10 1.5924408213e-11
9.6191406250e+01 8.0548754128e-10 4.2434838571e-10 3.6554796165e-10 1.5591193920e-11
9.6252441406e+01 7.8589921349e-10 4.1174479584e-10 3.5876059003e-10 1.5393827616e-11
9.6313476562e+01 7.7395861221e-10 4.0979088415e-10 3.4927582354e-10 1.4891904524e-11
9.6374511719e+01 7.5462052103e-10 3.9835061324e-10 3.4147569080e-10 1.4794216983e-11
9.6435546875e+01 7.6008870917e-10 3.9581649800e-10 3.4945568899e-10 1.4816522176e-11
9.6496582031e+01 7.5724318436e-10 3.9368089639e-10 3.4896714436e-10 1.4595143618e-11
9.6557617188e+01 7.3773968321e-10 3.8622229817e-10 3.3686002218e-10 1.4657362851e-11
9.6618652344e+01 7.1887871373e-10 3.7710694080e-10 3.2740800631e-10 1.4363766614e-11
9.6679687500e+01 7.1199466740e-10 3.7497970009e-10 3.2280381387e-10 1.4211153434e-11
9.6740722656e+01 7.0299360791e-10 3.7140485811e-10 3.1752118865e-10 1.4067561141e-11
9.6801757812e+01 6.9824886315e-10 3.6976941218e-10 3.1474834421e-10 1.3731106771e-11
9.6862792969e+01 6.8667014340e-10 3.6344375149e-10 3.1006865613e-10 1.3157735774e-11
9.6923828125e+01 6.7812613378e-10 3.5892110667e-10 3.0604118324e-10 1.3163843869e-11
9.6984863281e+01 6.6725730967e-10 3.5503702322e-10 2.9901063682e-10 1.3209649627e-11
9.7045898438e+01 6.5299814335e-10 3.4684723931e-10 2.9297180983e-10 1.3179094214e-11
9.7106933594e+01 6.4183398433e-10 3.4187676119e-10 2.8701008763e-10 1.2947135500e-11
9.7167968750e+01 6.3947147456e-10 3.3960443943e-10 2.8707157773e-10 1.2795457394e-11
9.7229003906e+01 6.2012657005e-10 3.3349219117e-10 2.7412398993e-10 1.2510388948e-11
9.7290039062e+01 6.0889431424e-10 3.2687972539e-10 2.6978999901e-10 1.2224589848e-11
9.7351074219e+01 6.0450381381e-10 3.2268599741e-10 2.6983737953e-10 1.1980436863e-11
9.7412109375e+01 5.9932082295e-10 3.1975331096e-10 2.6757082764e-10 1.1996684353e-11
9.7473144531e+01 5.9904464884e-10 3.1917920204e-10 2.6787724469e-10 1.1988202115e-11
9.7534179688e+01 5.9979205585e-10 3.2085192007e-10 2.6709712124e-10 1.1843014544e-11
9.7595214844e+01 5.8693324287e-10 3.1514242120e-10 2.6021334128e-10 1.1577480391e-11
9.7656250000e+01 5.7251683050e-10 3.0728485371e-10 2.5395463555e-10 1.1277341239e-11
9.7717285156e+01 5.6708773835e-10 3.0532842318e-10 2.5053083606e-10 1.1228479117e-11
9.7778320312e+01 5.6041916010e-10 3.0064585629e-10 2.4860111585e-10 1.1172187957e-11
9.7839355469e+01 5.5350663025e-10 2.9779929754e-10 2.4458971871e-10 1.1117613994e-11
9.7900390625e+01 5.4112253174e-10 2.9440278713e-10 2.3588460723e-10 1.0835137375e-11
9.7961425781e+01 5.3691068552e-10 2.9208372613e-10 2.3403791150e-10 1.0789047889e-11
9.8022460938e+01 5.3345437468e-10 2.9132399281e-10 2.3139849577e-10 1.0731886101e-11
9.8083496094e+01 5.2303947605e-10 2.8845498513e-10 2.2401227964e-10 1.0572211283e-11
9.8144531250e+01 5.0748167422e-10 2.7918402135e-10 2.1795564286e-10 1.0342010019e-11
9.8205566406e+01 4.9696032742e-10 2.7263295972e-10 2.1408947662e-10 1.0237891077e-11
9.8266601562e+01 4.9691780828e-10 2.7046438329e-10 2.1629492705e-10 1.0158497939e-11
9.8327636719e+01 4.9073771711e-10 2.6972657880e-10 2.1085043140e-10 1.0160706908e-11
9.8388671875e+01 4.8470700370e-10 2.6659153271e-10 2.0818134933e-10 9.9341216525e-12
9.8449707031e+01 4.8133971289e-10 2.6445549695e-10 2.0693348380e-10 9.9507321355e-12
9.8510742188e+01 4.6581990407e-10 2.5697004593e-10 1.9911542716e-10 9.7344309742e-12
9.8571777344e+01 4.6274544770e-10 2.5556133306e-10 1.9771014562e-10 9.4739690178e-12
9.8632812500e+01 4.5538682132e-10 2.5417234829e-10 1.9171330858e-10 9.5011644410e-12
9.8693847656e+01 4.5739161338e-10 2.5587023790e-10 1.9199733690e-10 9.5240385800e-12
9.8754882812e+01 4.5395328629e-10 2.5633854491e-10 1.8841070358e-10 9.2040377990e-12
9.8815917969e+01 4.4616008503e-10 2.5296488357e-10 1.8427914600e-10 8.9160554658e-12
9.8876953125e+01 4.3850543542e-10 2.4928341305e-10 1.8050584015e-10 8.7161822220e-12
9.8937988281e+01 4.3294737634e-10 2.4604888778e-10 1.7824045044e-10 8.6580381232e-12
9.8999023438e+01 4.2707594205e-10 2.4239645375e-10 1.7607820880e-10 8.6012794929e-12
9.9060058594e+01 4.2159811869e-10 2.4099445118e-10 1.7199100477e-10 8.6126627424e-12
9.9121093750e+01 4.0968630184e-10 2.3284985738e-10 1.6829984228e-10 8.5366021810e-12
9.9182128906e+01 4.0786482404e-10 2.3198307799e-10 1.6744962761e-10 8.4321184431e-12
9.9243164062e+01 4.0250459760e-10 2.3075593095e-10 1.6347930095e-10 8.2693656930e-12
9.9304199219e+01 3.9536033668e-10 2.2849765033e-10 1.5875143359e-10 8.1112527568e-12
9.9365234375e+01 3.9036393377e-10 2.2633041978e-10 1.5581212675e-10 8.2213872384e-12
9.9426269531e+01 3.8198673998e-10 2.2110267610e-10 1.5283707495e-10 8.0469889182e-12
9.9487304688e+01 3.7052552051e-10 2.1484389000e-10 1.4765344193e-10 8.0281885803e-12
9.9548339844e+01 3.6412818609e-10 2.1294984439e-10 1.4341128062e-10 7.7670610885e-12
9.9609375000e+01 3.5965088703e-10 2.1064615844e-10 1.4156600727e-10 7.4387213124e-12
9.9670410156e+01 3.5557903107e-10 2.0843555877e-10 1.3962536156e-10 7.5181107424e-12
9.9731445312e+01 3.5320247709e-10 2.0667993520e-10 1.3898014813e-10 7.5423937561e-12
9.9792480469e+01 3.4583331646e-10 2.0178841632e-10 1.3674836617e-10 7.2965339726e-12
9.9853515625e+01 3.4384314266e-10 2.0265333153e-10 1.3396370061e-10 7.2261105194e-12
9.9914550781e+01 3.4038230318e-10 2.0091218721e-10 1.3235913569e-10 7.1109802852e-12
9.9975585938e+01 3.3290857540e-10 1.9675758821e-10 1.2916353494e-10 6.9874522526e-12
1.0003662109e+02 3.2343165503e-10 1.9314212059e-10 1.2346177524e-10 6.8277591965e-12
1.0009765625e+02 3.2557841502e-10 1.9531087547e-10 1.2343186911e-10 6.8356704447e-12
1.0015869141e+02 3.2259280430e-10 1.9307659226e-10 1.2263008909e-10 6.8861229403e-12
1.0021972656e+02 3.1939374484e-10 1.9243264470e-10 1.2021088659e-10 6.7502135417e-12
1.0028076172e+02 3.1344822112e-10 1.9006152591e-10 1.1668268407e-10 6.7040111401e-12
1.0034179688e+02 3.0499379799e-10 1.8467602101e-10 1.1375893671e-10 6.5588402623e-12
1.0040283203e+02 3.0292367105e-10 1.8416157022e-10 1.1232963391e-10 6.4324669249e-12
1.0046386719e+02 3.0082591263e-10 1.8344974015e-10 1.1106407364e-10 6.3120988458e-12
1.0052490234e+02 2.9610497664e-10 1.8188832493e-10 1.0796364608e-10 6.2530056261e-12
1.0058593750e+02 2.9190825856e-10 1.7834513302e-10 1.0730937271e-10 6.2537528329e-12
1.0064697266e+02 2.8838709457e-10 1.7531329778e-10 1.0671798737e-10 6.3558094225e-12
1.0070800781e+02 2.8806226976e-10 1.7346450862e-10 1.0826243729e-10 6.3353238481e-12
1.0076904297e+02 2.8683269897e-10 1.7244270924e-10 1.0823418945e-10 6.1558002757e-12
1.0083007812e+02 2.7732909335e-10 1.6905709323e-10 1.0217152157e-10 6.1004785587e-12
1.0089111328e+02 2.7554494699e-10 1.6847252508e-10 1.0102926637e-10 6.0431555464e-12
1.0095214844e+02 2.7609476326e-10 1.6811144579e-10 1.0197169487e-10 6.0116225970e-12
1.0101318359e+02 2.6537590414e-10 1.6043849645e-10 9.8962372864e-11 5.9750348320e-12
1.0107421875e+02 2.6401660716e-10 1.5947379689e-10 9.8561776467e-11 5.9810338024e-12
1.0113525391e+02 2.6464816706e-10 1.5993723072e-10 9.8960856499e-11 5.7500798398e-12
1.0119628906e+02 2.5716813989e-10 1.5881747672e-10 9.2735548949e-11 5.6151142212e-12
1.0125732422e+02 2.5635446413e-10 1.5682224727e-10 9.3966974954e-11 5.5652419064e-12
1.0131835938e+02 2.5412686813e-10 1.5498760996e-10 9.3614531072e-11 5.5247270958e-12
1.0137939453e+02 2.4883202134e-10 1.5211306546e-10 9.1206461981e-11 5.5124938997e-12
1.0144042969e+02 2.4739699541e-10 1.5141620817e-10 9.0461491051e-11 5.5192961903e-12
1.0150146484e+02 2.4682114151e-10 1.5118949352e-10 9.0291320023e-11 5.3403279605e-12
1.0156250000e+02 2.4381110016e-10 1.4940104299e-10 8.9203893460e-11 5.2061637112e-12
1.0162353516e+02 2.4011801735e-10 1.4734574794e-10 8.7544844118e-11 5.2274252950e-12
1.0168457031e+02 2.3798808855e-10 1.4547794838e-10 8.7259644617e-11 5.2504955565e-12
1.0174560547e+02 2.3281756792e-10 1.4378336299e-10 8.3976072840e-11 5.0581320892e-12
1.0180664062e+02 2.2994265047e-10 1.4216552675e-10 8.2744149184e-11 5.0329745386e-12
1.0186767578e+02 2.2642678235e-10 1.4072488593e-10 8.0688759141e-11 5.0131372828e-12
1.0192871094e+02 2.1935849062e-10 1.3749436174e-10 7.6978910381e-11 4.8852185038e-12
1.0198974609e+02 2.2035504371e-10 1.3845935201e-10 7.7128120900e-11 4.7675707979e-12
1.0205078125e+02 2.2228136005e-10 1.3874836443e-10 7.8727468075e-11 4.8055275514e-12
1.0211181641e+02 2.1812758510e-10 1.3598723044e-10 7.7427398566e-11 4.7129560886e-12
1.0217285156e+02 2.1101320057e-10 1.3314928751e-10 7.3218731071e-11 4.6451819902e-12
1.0223388672e+02 2.0576698072e-10 1.3187661984e-10 6.9348176607e-11 4.5421842760e-12
1.0229492188e+02 2.0310572772e-10 1.3024628629e-10 6.8337427589e-11 4.5220138396e-12
1.0235595703e+02 2.0140591892e-10 1.2864214457e-10 6.8320444425e-11 4.4433299202e-12
1.0241699219e+02 1.9759670373e-10 1.2771421179e-10 6.5659170573e-11 4.2233213643e-12
1.0247802734e+02 1.9574320654e-10 1.2771737488e-10 6.3795326107e-11 4.2305055538e-12
1.0253906250e+02 1.9310901973e-10 1.2584112320e-10 6.3015298413e-11 4.2525981115e-12
1.0260009766e+02 1.9106825613e-10 1.2492197811e-10 6.1988632425e-11 4.1576455906e-12
1.0266113281e+02 1.8704185652e-10 1.2307753875e-10 5.9840255585e-11 4.1240621819e-12
1.0272216797e+02 1.8333762577e-10 1.2100184764e-10 5.8234437144e-11 4.1013409886e-12
1.0278320312e+02 1.8084135510e-10 1.1981709687e-10 5.7014777327e-11 4.0094808986e-12
1.0284423828e+02 1.7987997489e-10 1.1871002639e-10 5.7203773701e-11 3.9661747973e-12
1.0290527344e+02 1.7726710033e-10 1.1767606525e-10 5.5649235681e-11 3.9417994051e-12
1.0296630859e+02 1.7346865335e-10 1.1543195497e-10 5.4124690142e-11 3.9120082438e-12
1.0302734375e+02 1.7340935374e-10 1.1491440607e-10 5.4568851195e-11 3.9260964841e-12
1.0308837891e+02 1.7253958832e-10 1.1541434893e-10 5.3196738005e-11 3.9285013891e-12
1.0314941406e+02 1.6902731038e-10 1.1381007204e-10 5.1327772215e-11 3.8894661268e-12
1.0321044922e+02 1.6700647770e-10 1.1261487102e-10 5.0571255585e-11 3.8203510904e-12
1.0327148438e+02 1.6668541568e-10 1.1220660766e-10 5.0739678983e-11 3.7391290366e-12
1.0333251953e+02 1.6558231173e-10 1.1144651169e-10 5.0482309663e-11 3.6534903707e-12
1.0339355469e+02 1.6307461948e-10 1.0941450125e-10 5.0063413972e-11 3.5967042577e-12
1.0345458984e+02 1.6074900388e-10 1.0863935725e-10 4.8494602655e-11 3.6150439768e-12
1.0351562500e+02 1.5944030645e-10 1.0856867440e-10 4.7357616483e-11 3.5140155646e-12
1.0357666016e+02 1.5672684257e-10 1.0725590475e-10 4.6010159977e-11 3.4607778378e-12
1.0363769531e+02 1.5368706017e-10 1.0599755449e-10 4.4361533394e-11 3.3279722883e-12
1.0369873047e+02 1.5100874425e-10 1.0574193236e-10 4.1944889696e-11 3.3219221926e-12
1.0375976562e+02 1.5056567211e-10 1.0499005776e-10 4.2259103961e-11 3.3165103869e-12
1.0382080078e+02 1.4928285186e-10 1.0433249326e-10 4.1703678402e-11 3.2466801944e-12
1.0388183594e+02 1.4704714297e-10 1.0374044165e-10 4.0085825376e-11 3.2208759431e-12
1.0394287109e+02 1.4584057988e-10 1.0321527226e-10 3.9425180661e-11 3.2001269569e-12
1.0400390625e+02 1.4596801142e-10 1.0221732771e-10 4.0545089851e-11 3.2055938578e-12
1.0406494141e+02 1.4650447371e-10 1.0220248954e-10 4.1096796809e-11 3.2051873646e-12
1.0412597656e+02 1.4484309071e-10 1.0197013018e-10 3.9798001803e-11 3.0749587330e-12
1.0418701172e+02 1.4319803303e-10 1.0130184667e-10 3.8820237776e-11 3.0759485814e-12
1.0424804688e+02 1.4259201382e-10 1.0097234959e-10 3.8650177401e-11 2.9694868193e-12
1.0430908203e+02 1.4135500792e-10 1.0052302865e-10 3.7895215750e-11 2.9367635232e-12
1.0437011719e+02 1.3986931239e-10 9.9718752580e-11 3.7111872097e-11 3.0386877143e-12
1.0443115234e+02 1.3888484575e-10 9.9396510916e-11 3.6542750098e-11 2.9455847309e-12
1.0449218750e+02 1.3872862802e-10 1.0038453876e-10 3.5530487288e-11 2.8136019686e-12
1.0455322266e+02 1.3986649578e-10 1.0097957088e-10 3.6077064294e-11 2.8098605985e-12
1.0461425781e+02 1.3852706043e-10 9.9834314804e-11 3.5889343129e-11 2.8034024960e-12
1.0467529297e+02 1.3772802233e-10 9.8531512682e-11 3.6385629334e-11 2.8108803102e-12
1.0473632812e+02 1.3716504825e-10 9.7572747406e-11 3.6801786133e-11 2.7905147124e-12
1.0479736328e+02 1.3503309510e-10 9.6840760982e-11 3.5431238884e-11 2.7610952387e-12
1.0485839844e+02 1.3430926227e-10 9.6780940008e-11 3.4799428692e-11 2.7288935651e-12
1.0491943359e+02 1.3369999797e-10 9.6250634648e-11 3.4712179024e-11 2.7371842964e-12
1.0498046875e+02 1.3133088759e-10 9.4547734772e-11 3.4031151422e-11 2.7520013973e-12
1.0504150391e+02 1.3183428811e-10 9.4797694413e-11 3.4297915258e-11 2.7386784422e-12
1.0510253906e+02 1.3089667202e-10 9.4388939377e-11 3.3821334881e-11 2.6863977590e-12
1.0516357422e+02 1.2831420248e-10 9.3165029183e-11 3.2521186823e-11 2.6279864766e-12
1.0522460938e+02 1.2864331998e-10 9.2822484833e-11 3.3224769599e-11 2.5960655476e-12
1.0528564453e+02 1.2935213057e-10 9.3370815265e-11 3.3364951107e-11 2.6163641962e-12
1.0534667969e+02 1.2749346362e-10 9.2256257017e-11 3.2646763069e-11 2.5904435319e-12
1.0540771484e+02 1.2650253145e-10 9.1803250672e-11 3.2184618962e-11 2.5146618210e-12
1.0546875000e+02 1.2545608976e-10 9.0671855849e-11 3.2336940317e-11 2.4472935960e-12
1.0552978516e+02 1.2401591820e-10 9.0156032623e-11 3.1392744754e-11 2.4671408260e-12
1.0559082031e+02 1.2379392007e-10 9.0171961915e-11 3.1153494105e-11 2.4684640467e-12
1.0565185547e+02 1.2453550166e-10 9.0106683893e-11 3.2023708538e-11 2.4051092255e-12
1.0571289062e+02 1.2262985282e-10 8.9316290678e-11 3.0965515761e-11 2.3480463850e-12
1.0577392578e+02 1.1977440666e-10 8.8382429915e-11 2.9082850551e-11 2.3091261977e-12
1.0583496094e+02 1.1895709268e-10 8.7519825515e-11 2.9080535021e-11 2.3567321406e-12
1.0589599609e+02 1.1937187894e-10 8.7906818874e-11 2.9066733539e-11 2.3983265282e-12
1.0595703125e+02 1.1845031210e-10 8.7802299089e-11 2.8261980343e-11 2.3860326663e-12
1.0601806641e+02 1.1802032392e-10 8.7435580456e-11 2.8266210619e-11 2.3185328473e-12
1.0607910156e+02 1.1904959278e-10 8.7469470984e-11 2.9306844889e-11 2.2732769031e-12
1.0614013672e+02 1.1794973669e-10 8.6703893240e-11 2.9059802753e-11 2.1860406981e-12
1.0620117188e+02 1.1670990964e-10 8.5791287915e-11 2.8740109620e-11 2.1785121063e-12
1.0626220703e+02 1.1653394944e-10 8.5670830081e-11 2.8677702291e-11 2.1854170645e-12
1.0632324219e+02 1.1547211150e-10 8.4742343228e-11 2.8537900215e-11 2.1918680578e-12
1.0638427734e+02 1.1638140746e-10 8.4566183205e-11 2.9633823457e-11 2.1814007935e-12
1.0644531250e+02 1.1612135280e-10 8.4361192017e-11 2.9613469469e-11 2.1466913108e-12
1.0650634766e+02 1.1367366272e-10 8.4192792605e-11 2.7352089141e-11 2.1287809705e-12
1.0656738281e+02 1.1098264082e-10 8.3420777069e-11 2.5463884096e-11 2.0979796503e-12
1.0662841797e+02 1.1066115369e-10 8.2922240365e-11 2.5659163912e-11 2.0797494110e-12
1.0668945312e+02 1.0954327307e-10 8.2130191500e-11 2.5395676491e-11 2.0174050761e-12
1.0675048828e+02 1.0914960697e-10 8.2187427812e-11 2.5019876728e-11 1.9423024317e-12
1.0681152344e+02 1.0847581455e-10 8.2100330989e-11 2.4459932444e-11 1.9155511179e-12
1.0687255859e+02 1.0741389373e-10 8.1655559053e-11 2.3818910675e-11 1.9394239998e-12
1.0693359375e+02 1.0756083825e-10 8.1350768783e-11 2.4247235274e-11 1.9628341930e-12
1.0699462891e+02 1.0685438978e-10 8.1009937942e-11 2.3914808194e-11 1.9296436445e-12
1.0705566406e+02 1.0657420153e-10 8.0741359405e-11 2.3937362708e-11 1.8954794128e-12
1.0711669922e+02 1.0691312633e-10 8.0795928375e-11 2.4257942068e-11 1.8592558912e-12
1.0717773438e+02 1.0568844905e-10 8.0269643247e-11 2.3588837521e-11 1.8299682836e-12
1.0723876953e+02 1.0502016562e-10 7.9656259812e-11 2.3552189528e-11 1.8117162842e-12
1.0729980469e+02 1.0417041499e-10 7.9255945687e-11 2.3083925466e-11 1.8305438339e-12
1.0736083984e+02 1.0419811183e-10 7.9010735880e-11 2.3381475470e-11 1.8059004765e-12
1.0742187500e+02 1.0363569499e-10 7.8596458973e-11 2.3257987763e-11 1.7812482493e-12
1.0748291016e+02 1.0292020797e-10 7.8619669954e-11 2.2550867199e-11 1.7496708209e-12
1.0754394531e+02 1.0130448353e-10 7.8395921245e-11 2.1222980366e-11 1.6855819160e-12
1.0760498047e+02 1.0202770113e-10 7.8749805364e-11 2.1569512025e-11 1.7083837364e-12
1.0766601562e+02 1.0190134983e-10 7.8305704103e-11 2.1894469113e-11 1.7011766119e-12
1.0772705078e+02 1.0083738298e-10 7.7789166364e-11 2.1361269481e-11 1.6869471314e-12
1.0778808594e+02 1.0060210718e-10 7.7545306680e-11 2.1409321785e-11 1.6474787198e-12
1.0784912109e+02 9.9674076567e-11 7.7525667837e-11 2.0535286315e-11 1.6131224157e-12
1.0791015625e+02 1.0070130937e-10 7.8519417535e-11 2.0561779718e-11 1.6201121188e-12
1.0797119141e+02 9.9626901706e-11 7.7938511339e-11 2.0110771253e-11 1.5776191136e-12
1.0803222656e+02 9.9442037506e-11 7.8406947503e-11 1.9460987383e-11 1.5741026202e-12
1.0809326172e+02 9.7941680871e-11 7.7783886135e-11 1.8666918008e-11 1.4908767276e-12
1.0815429688e+02 9.6547713350e-11 7.7223748280e-11 1.7852506053e-11 1.4714590167e-12
1.0821533203e+02 9.6239358916e-11 7.7258888463e-11 1.7509710617e-11 1.4707598366e-12
1.0827636719e+02 9.5810056197e-11 7.6861791934e-11 1.7469653121e-11 1.4786111416e-12
1.0833740234e+02 9.6798674071e-11 7.7631737889e-11 1.7645219504e-11 1.5217166775e-12
1.0839843750e+02 9.6268114145e-11 7.7632484330e-11 1.7161698953e-11 1.4739308628e-12
1.0845947266e+02 9.3596962539e-11 7.5815026059e-11 1.6340837733e-11 1.4410987471e-12
1.0852050781e+02 9.2313040461e-11 7.5081602665e-11 1.5838894906e-11 1.3925428901e-12
1.0858154297e+02 9.2373592696e-11 7.5194295084e-11 1.5790338394e-11 1.3889592180e-12
1.0864257812e+02 9.2443671062e-11 7.5310139231e-11 1.5755931056e-11 1.3776007751e-12
1.0870361328e+02 9.3125654350e-11 7.5693026366e-11 1.6059370797e-11 1.3732571867e-12
1.0876464844e+02 9.2825103652e-11 7.5171985006e-11 1.6293817912e-11 1.3593007349e-12
1.0882568359e+02 9.0661233048e-11 7.3946311634e-11 1.5382270661e-11 1.3326507537e-12
1.0888671875e+02 8.9440816352e-11 7.3410293516e-11 1.4703866010e-11 1.3266568269e-12
1.0894775391e+02 8.9080716456e-11 7.3334910110e-11 1.4452044669e-11 1.2937616774e-12
1.0900878906e+02 8.9658615975e-11 7.3637050027e-11 1.4720423645e-11 1.3011423032e-12
1.0906982422e+02 8.8992822355e-11 7.3230341466e-11 1.4464982105e-11 1.2974987841e-12
1.0913085938e+02 8.7179245902e-11 7.2007991223e-11 1.3924994633e-11 1.2462600462e-12
1.0919189453e+02 8.7545200782e-11 7.2026820768e-11 1.4285974011e-11 1.2324060027e-12
1.0925292969e+02 8.8512386201e-11 7.2708749838e-11 1.4587896880e-11 1.2157394833e-12
1.0931396484e+02 8.8677010055e-11 7.2533939255e-11 1.4944087696e-11 1.1989831045e-12
1.0937500000e+02 8.7334177838e-11 7.1742179307e-11 1.4382660894e-11 1.2093376377e-12
1.0943603516e+02 8.6145746674e-11 7.0827561455e-11 1.4104591497e-11 1.2135937220e-12
1.0949707031e+02 8.5690285482e-11 7.0898103493e-11 1.3610573113e-11 1.1816088752e-12
1.0955810547e+02 8.5806633026e-11 7.0977010666e-11 1.3640293669e-11 1.1893286910e-12
1.0961914062e+02 8.6002242803e-11 7.0691961779e-11 1.4118204008e-11 1.1920770159e-12
1.0968017578e+02 8.5208779415e-11 7.0328760303e-11 1.3696976523e-11 1.1830425887e-12
1.0974121094e+02 8.4269184055e-11 6.9678241671e-11 1.3437337175e-11 1.1536052088e-12
1.0980224609e+02 8.3791099944e-11 6.9106844739e-11 1.3537926619e-11 1.1463285855e-12
1.0986328125e+02 8.4331921910e-11 7.0012951932e-11 1.3185261710e-11 1.1337082679e-12
1.0992431641e+02 8.4374371862e-11 7.0281288420e-11 1.2973632549e-11 1.1194508934e-12
1.0998535156e+02 8.3813847410e-11 6.9704680506e-11 1.2966325667e-11 1.1428412377e-12
1.1004638672e+02 8.2859457003e-11 6.8953650992e-11 1.2783013232e-11 1.1227927789e-12
1.1010742188e+02 8.2253715687e-11 6.8455284793e-11 1.2711278600e-11 1.0871522937e-12
1.1016845703e+02 8.1996010485e-11 6.8239512814e-11 1.2694636645e-11 1.0618610273e-12
1.1022949219e+02 8.1497253651e-11 6.7940632628e-11 1.2472903477e-11 1.0837175454e-12
1.1029052734e+02 8.0715403005e-11 6.7606824021e-11 1.2023143646e-11 1.0854353380e-12
1.1035156250e+02 7.9364685713e-11 6.6731432911e-11 1.1597513309e-11 1.0357394927e-12
1.1041259766e+02 7.9090598809e-11 6.6488531674e-11 1.1573653990e-11 1.0284131454e-12
1.1047363281e+02 7.9631561586e-11 6.6812975405e-11 1.1785242091e-11 1.0333440898e-12
1.1053466797e+02 7.8872991007e-11 6.6098996116e-11 1.1729974496e-11 1.0440203951e-12
1.1059570312e+02 7.7408355437e-11 6.5131836498e-11 1.1229687143e-11 1.0468317949e-12
1.1065673828e+02 7.6840249450e-11 6.4930754463e-11 1.0887072681e-11 1.0224223063e-12
1.1071777344e+02 7.6606909816e-11 6.4609633609e-11 1.1004463607e-11 9.9281260070e-13
1.1077880859e+02 7.6248656821e-11 6.4579794430e-11 1.0697393373e-11 9.7146901760e-13
1.1083984375e+02 7.5138505963e-11 6.4340457366e-11 9.8532926955e-12 9.4475590176e-13
1.1090087891e+02 7.4657924773e-11 6.3759420045e-11 9.9628964609e-12 9.3560826737e-13
1.1096191406e+02 7.4727956687e-11 6.3102095108e-11 1.0665143846e-11 9.6071773357e-13
1.1102294922e+02 7.4198259420e-11 6.2804468417e-11 1.0431184504e-11 9.6260649943e-13
1.1108398438e+02 7.3624968953e-11 6.2644322648e-11 1.0046598908e-11 9.3404739662e-13
1.1114501953e+02 7.3340142412e-11 6.2541445258e-11 9.9011173217e-12 8.9757983262e-13
1.1120605469e+02 7.2570174058e-11 6.2022457468e-11 9.6607110899e-12 8.8700549960e-13
1.1126708984e+02 7.2390131888e-11 6.1706596091e-11 9.7892485912e-12 8.9428720567e-13
1.1132812500e+02 7.1860743886e-11 6.1383606137e-11 9.5881674896e-12 8.8897025969e-13
1.1138916016e+02 7.1984489848e-11 6.1376333093e-11 9.7185825013e-12 8.8957425416e-13
1.1145019531e+02 7.1590232123e-11 6.1163289571e-11 9.5338669562e-12 8.9307559641e-13
1.1151123047e+02 7.1610762175e-11 6.1062940127e-11 9.6694244416e-12 8.7839760668e-13
1.1157226562e+02 7.1988335989e-11 6.0949472450e-11 1.0174023128e-11 8.6484041123e-13
1.1163330078e+02 7.1796175063e-11 6.0892458864e-11 1.0062660911e-11 8.4105528800e-13
1.1169433594e+02 7.0684422114e-11 6.0644051088e-11 9.2146864112e-12 8.2568461529e-13
1.1175537109e+02 6.9625905784e-11 5.9999189313e-11 8.7945104116e-12 8.3220605921e-13
1.1181640625e+02 6.9229672289e-11 5.9691189625e-11 8.7086279649e-12 8.2985469878e-13
1.1187744141e+02 6.8650604326e-11 5.9317306820e-11 8.5225421407e-12 8.1075536490e-13
1.1193847656e+02 6.8666924997e-11 5.9324600995e-11 8.5422574268e-12 8.0006657576e-13
1.1199951172e+02 6.8248895311e-11 5.9009818724e-11 8.4495488662e-12 7.8952772120e-13
1.1206054688e+02 6.7867689781e-11 5.8945516910e-11 8.1351903375e-12 7.8698253279e-13
1.1212158203e+02 6.7405927546e-11 5.8710492272e-11 7.8973476591e-12 7.9808761478e-13
1.1218261719e+02 6.7124422825e-11 5.8576573965e-11 7.7373207141e-12 8.1052814610e-13
1.1224365234e+02 6.7282216273e-11 5.8227022871e-11 8.2655606018e-12 7.8963279983e-13
1.1230468750e+02 6.7328930575e-11 5.8102752231e-11 8.4645740091e-12 7.6160433458e-13
1.1236572266e+02 6.6689105858e-11 5.7937494557e-11 7.9937501561e-12 7.5786114446e-13
1.1242675781e+02 6.6200786963e-11 5.7976550802e-11 7.4705241218e-12 7.5371203906e-13
1.1248779297e+02 6.6016858408e-11 5.7883963389e-11 7.3885841203e-12 7.4431089918e-13
1.1254882812e+02 6.5554186886e-11 5.7448293531e-11 7.3629779635e-12 7.4291539160e-13
1.1260986328e+02 6.5441437216e-11 5.7296318091e-11 7.4058044426e-12 7.3931468239e-13
1.1267089844e+02 6.5077201732e-11 5.7086803302e-11 7.2475647616e-12 7.4283366778e-13
1.1273193359e+02 6.4743521091e-11 5.6922601491e-11 7.0803876000e-12 7.4053199994e-13
1.1279296875e+02 6.4379869612e-11 5.6790765462e-11 6.8574985104e-12 7.3160563869e-13
1.1285400391e+02 6.4508418087e-11 5.7053633875e-11 6.7272178708e-12 7.2756634084e-13
1.1291503906e+02 6.4506739340e-11 5.6903304061e-11 6.8917153934e-12 7.1171988533e-13
1.1297607422e+02 6.4050980433e-11 5.6739089209e-11 6.6093244649e-12 7.0256675965e-13
1.1303710938e+02 6.3332740800e-11 5.6381889541e-11 6.2478906236e-12 7.0296063567e-13
1.1309814453e+02 6.3025868754e-11 5.6117055621e-11 6.2146256016e-12 6.9418753097e-13
1.1315917969e+02 6.3166231556e-11 5.6199836101e-11 6.2841572504e-12 6.8223820403e-13
1.1322021484e+02 6.3326142020e-11 5.6241502394e-11 6.3914973559e-12 6.9314226990e-13
1.1328125000e+02 6.3188982614e-11 5.6460597684e-11 6.0491026590e-12 6.7928227164e-13
1.1334228516e+02 6.3151113958e-11 5.6473243807e-11 6.0119817065e-12 6.6588844377e-13
1.1340332031e+02 6.3010298679e-11 5.6266304458e-11 6.0812327826e-12 6.6276143788e-13
1.1346435547e+02 6.2511462522e-11 5.5889270733e-11 5.9659630685e-12 6.5622872057e-13
1.1352539062e+02 6.2471490323e-11 5.5829931474e-11 5.9911928323e-12 6.5036601708e-13
1.1358642578e+02 6.2112500843e-11 5.5540223643e-11 5.9248313962e-12 6.4744580397e-13
1.1364746094e+02 6.2195178576e-11 5.5601464808e-11 5.9375131238e-12 6.5620064447e-13
1.1370849609e+02 6.2244759966e-11 5.5673326563e-11 5.9174020065e-12 6.5403139665e-13
1.1376953125e+02 6.1660854598e-11 5.5205860418e-11 5.8035145044e-12 6.5147967537e-13
1.1383056641e+02 6.1038121529e-11 5.4719503029e-11 5.6750909076e-12 6.4352759221e-13
1.1389160156e+02 6.0732234674e-11 5.4493264377e-11 5.5983367904e-12 6.4063350659e-13
1.1395263672e+02 6.0227198356e-11 5.4095599163e-11 5.5017277783e-12 6.2987141515e-13
1.1401367188e+02 6.0027104832e-11 5.3963139467e-11 5.4406614158e-12 6.2330394958e-13
1.1407470703e+02 5.9970101986e-11 5.3908767254e-11 5.4375442060e-12 6.2379052583e-13
1.1413574219e+02 5.9675230871e-11 5.3658520320e-11 5.3942510764e-12 6.2245947497e-13
1.1419677734e+02 5.9262364101e-11 5.3287522878e-11 5.3598554511e-12 6.1498577232e-13
1.1425781250e+02 5.9055277579e-11 5.3183605164e-11 5.2608424388e-12 6.1082997650e-13
1.1431884766e+02 5.8756210210e-11 5.2966185025e-11 5.1834454168e-12 6.0657976887e-13
1.1437988281e+02 5.8475950980e-11 5.2654449086e-11 5.2202549318e-12 6.0124696212e-13
1.1444091797e+02 5.8313668017e-11 5.2633970109e-11 5.0831806057e-12 5.9651730248e-13
1.1450195312e+02 5.8061144379e-11 5.2486939923e-11 4.9765116437e-12 5.9769281277e-13
1.1456298828e+02 5.7902988278e-11 5.2262112012e-11 5.0463154681e-12 5.9456079824e-13
1.1462402344e+02 5.7707475057e-11 5.2165440364e-11 4.9467159771e-12 5.9531871601e-13
1.1468505859e+02 5.7291655218e-11 5.1916407818e-11 4.7797001301e-12 5.9554727052e-13
1.1474609375e+02 5.6913373601e-11 5.1704926808e-11 4.6168596196e-12 5.9158717285e-13
1.1480712891e+02 5.6841508537e-11 5.1613172415e-11 4.6436864282e-12 5.8464969453e-13
1.1486816406e+02 5.6653029455e-11 5.1500097951e-11 4.5775963983e-12 5.7533510503e-13
1.1492919922e+02 5.6377029462e-11 5.1415247980e-11 4.3951159176e-12 5.6666556406e-13
1.1499023438e+02 5.6191855144e-11 5.1176386006e-11 4.4519917808e-12 5.6347735772e-13
1.1505126953e+02 5.5977498430e-11 5.0984842804e-11 4.4327629238e-12 5.5989270239e-13
1.1511230469e+02 5.5661275025e-11 5.0823926940e-11 4.2783230049e-12 5.5902508007e-13
1.1517333984e+02 5.5302354612e-11 5.0608319906e-11 4.1374027973e-12 5.5663190857e-13
1.1523437500e+02 5.5475929535e-11 5.0744609712e-11 4.1825463936e-12 5.4877342849e-13
1.1529541016e+02 5.5405700990e-11 5.0672555446e-11 4.1888717403e-12 5.4427380297e-13
1.1535644531e+02 5.5192849616e-11 5.0523592057e-11 4.1253290388e-12 5.4392852016e-13
1.1541748047e+02 5.4971397400e-11 5.0374650207e-11 4.0568157308e-12 5.3993146195e-13
1.1547851562e+02 5.4751976540e-11 5.0179578300e-11 4.0370112046e-12 5.3538703562e-13
1.1553955078e+02 5.4539120123e-11 4.9940523957e-11 4.0657364602e-12 5.3285970608e-13
1.1560058594e+02 5.4439824439e-11 4.9837251118e-11 4.0719317766e-12 5.3064154357e-13
1.1566162109e+02 5.4195824584e-11 4.9641751321e-11 4.0256018026e-12 5.2847145952e-13
1.1572265625e+02 5.4008049689e-11 4.9518396570e-11 3.9634504353e-12 5.2620268429e-13
1.1578369141e+02 5.3776307341e-11 4.9317172419e-11 3.9375579308e-12 5.2157699072e-13
1.1584472656e+02 5.3781661363e-11 4.9327114378e-11 3.9362537004e-12 5.1829328494e-13
1.1590576172e+02 5.3744111246e-11 4.9303939378e-11 3.9176158799e-12 5.2255598748e-13
1.1596679688e+02 5.3445616438e-11 4.9131157383e-11 3.7937270126e-12 5.2073204219e-13
1.1602783203e+02 5.3277331294e-11 4.9066861272e-11 3.6970223985e-12 5.1344762311e-13
1.1608886719e+02 5.3035710385e-11 4.8824388744e-11 3.7060982899e-12 5.0522335080e-13
1.1614990234e+02 5.2903959740e-11 4.8763375453e-11 3.6335946191e-12 5.0698966762e-13
1.1621093750e+02 5.2744129047e-11 4.8638419509e-11 3.6004133323e-12 5.0529620620e-13
1.1627197266e+02 5.2542215199e-11 4.8519596945e-11 3.5195986660e-12 5.0301958812e-13
1.1633300781e+02 5.2285884909e-11 4.8339003647e-11 3.4465779570e-12 5.0030330521e-13
1.1639404297e+02 5.2149770447e-11 4.8171933513e-11 3.4783215940e-12 4.9951534033e-13
1.1645507812e+02 5.1813467913e-11 4.7939985089e-11 3.3779151807e-12 4.9556764344e-13
1.1651611328e+02 5.1743618605e-11 4.7905831509e-11 3.3387489498e-12 4.9903814646e-13
1.1657714844e+02 5.1651130323e-11 4.7783184641e-11 3.3678973752e-12 5.0004830718e-13
1.1663818359e+02 5.1429357085e-11 4.7612989221e-11 3.3277276401e-12 4.8864022420e-13
1.1669921875e+02 5.1369083377e-11 4.7582799838e-11 3.3035128615e-12 4.8277067733e-13
1.1676025391e+02 5.1188002996e-11 4.7447481197e-11 3.2596602869e-12 4.8086151200e-13
1.1682128906e+02 5.0925443987e-11 4.7269426536e-11 3.1738505023e-12 4.8216694882e-13
1.1688232422e+02 5.0777797889e-11 4.7167413318e-11 3.1292600605e-12 4.8112451050e-13
1.1694335938e+02 5.0725110695e-11 4.7129052752e-11 3.1128812985e-12 4.8317664448e-13
1.1700439453e+02 5.0466922974e-11 4.6948731637e-11 3.0391544245e-12 4.7903691219e-13
1.1706542969e+02 5.0360617944e-11 4.6890225388e-11 2.9922440694e-12 4.7814848649e-13
1.1712646484e+02 5.0291384295e-11 4.6854372116e-11 2.9632552440e-12 4.7375693536e-13
1.1718750000e+02 5.0188058142e-11 4.6783103839e-11 2.9309008714e-12 4.7405343123e-13
1.1724853516e+02 5.0053624192e-11 4.6641596875e-11 2.9400155216e-12 4.7201179523e-13
1.1730957031e+02 4.9959307514e-11 4.6560886444e-11 2.9316401727e-12 4.6678089739e-13
1.1737060547e+02 4.9686370560e-11 4.6379880120e-11 2.8448910413e-12 4.6159939817e-13
1.1743164062e+02 4.9460678074e-11 4.6204182383e-11 2.7949670225e-12 4.6152866897e-13
1.1749267578e+02 4.9416086481e-11 4.6163514897e-11 2.7934229005e-12 4.5914868335e-13
1.1755371094e+02 4.9304761191e-11 4.6073735481e-11 2.7790451920e-12 4.5198051836e-13
1.1761474609e+02 4.9087833759e-11 4.5886011156e-11 2.7537985573e-12 4.4802404606e-13
1.1767578125e+02 4.8933404530e-11 4.5757030221e-11 2.7251432057e-12 4.5123110241e-13
1.1773681641e+02 4.8780881314e-11 4.5634546176e-11 2.6964082325e-12 4.4992690541e-13
1.1779785156e+02 4.8555458575e-11 4.5494859217e-11 2.6087733536e-12 4.5182600426e-13
1.1785888672e+02 4.8500482445e-11 4.5459129222e-11 2.5888428807e-12 4.5251034253e-13
1.1791992188e+02 4.8409652922e-11 4.5401076963e-11 2.5614404776e-12 4.4713548123e-13
1.1798095703e+02 4.8273504696e-11 4.5317127501e-11 2.5100449954e-12 4.4633220008e-13
1.1804199219e+02 4.8140778423e-11 4.5185847116e-11 2.5102643313e-12 4.4466697481e-13
1.1810302734e+02 4.7990963312e-11 4.5078626454e-11 2.4715417216e-12 4.4079513654e-13
1.1816406250e+02 4.7822244437e-11 4.4952707106e-11 2.4345366861e-12 4.3500064491e-13
1.1822509766e+02 4.7594799538e-11 4.4752385743e-11 2.4103139781e-12 4.3209981703e-13
1.1828613281e+02 4.7382710310e-11 4.4605423734e-11 2.3479273845e-12 4.2935919177e-13
1.1834716797e+02 4.7278796543e-11 4.4532701986e-11 2.3152704426e-12 4.3082411437e-13
1.1840820312e+02 4.7140299594e-11 4.4408118858e-11 2.3031458890e-12 4.2903484697e-13
1.1846923828e+02 4.7052735723e-11 4.4335972869e-11 2.2910271832e-12 4.2573567060e-13
1.1853027344e+02 4.6929474203e-11 4.4226598520e-11 2.2766058528e-12 4.2626983042e-13
1.1859130859e+02 4.6689864963e-11 4.4013677512e-11 2.2551383976e-12 4.2104905381e-13
1.1865234375e+02 4.6500604903e-11 4.3878242409e-11 2.2021724071e-12 4.2019008676e-13
1.1871337891e+02 4.6429695160e-11 4.3829530376e-11 2.1816930752e-12 4.1847170925e-13
1.1877441406e+02 4.6324271324e-11 4.3783565572e-11 2.1236728199e-12 4.1703293180e-13
1.1883544922e+02 4.6133534895e-11 4.3637003830e-11 2.0770730574e-12 4.1945800786e-13
1.1889648438e+02 4.5956378121e-11 4.3488525921e-11 2.0478860946e-12 4.1996610537e-13
1.1895751953e+02 4.5845689150e-11 4.3385130535e-11 2.0444090930e-12 4.1614952180e-13
1.1901855469e+02 4.5807092195e-11 4.3326815733e-11 2.0657874681e-12 4.1448899436e-13
1.1907958984e+02 4.5704731083e-11 4.3265933132e-11 2.0234956275e-12 4.1530232376e-13
1.1914062500e+02 4.5582443727e-11 4.3179908714e-11 1.9910457359e-12 4.1148927675e-13
1.1920166016e+02 4.5372759921e-11 4.3008855023e-11 1.9551110220e-12 4.0879387627e-13
1.1926269531e+02 4.5266057530e-11 4.2876354554e-11 1.9826607333e-12 4.0704224219e-13
1.1932373047e+02 4.5187715384e-11 4.2803549289e-11 1.9798601679e-12 4.0430592668e-13
1.1938476562e+02 4.4969304361e-11 4.2687652312e-11 1.8782906747e-12 4.0336137441e-13
1.1944580078e+02 4.4825851905e-11 4.2565289688e-11 1.8622458851e-12 3.9831633186e-13
1.1950683594e+02 4.4691869933e-11 4.2451875570e-11 1.8435495309e-12 3.9644483213e-13
1.1956787109e+02 4.4647271187e-11 4.2417899822e-11 1.8342902340e-12 3.9508113054e-13
1.1962890625e+02 4.4541673530e-11 4.2311994223e-11 1.8385507041e-12 3.9112860259e-13
1.1968994141e+02 4.4457201367e-11 4.2266743895e-11 1.8021042156e-12 3.8835325642e-13
1.1975097656e+02 4.4344827731e-11 4.2151539293e-11 1.8022493258e-12 3.9103911223e-13
1.1981201172e+02 4.4301491399e-11 4.2082444372e-11 1.8279028962e-12 3.9114413119e-13
1.1987304688e+02 4.4088437358e-11 4.1943998321e-11 1.7569874716e-12 3.8745156610e-13
1.1993408203e+02 4.3989194082e-11 4.1879931302e-11 1.7209361601e-12 3.8832662046e-13
1.1999511719e+02 4.3888080574e-11 4.1772664046e-11 1.7290031820e-12 3.8641334640e-13
1.2005615234e+02 4.3733372756e-11 4.1614125385e-11 1.7334119810e-12 3.8583539058e-13
1.2011718750e+02 4.3565023788e-11 4.1474447810e-11 1.7055122844e-12 3.8506369390e-13
1.2017822266e+02 4.3461737568e-11 4.1381033997e-11 1.6945792659e-12 3.8612430468e-13
1.2023925781e+02 4.3301462007e-11 4.1254697650e-11 1.6615623979e-12 3.8520195949e-13
1.2030029297e+02 4.3112245802e-11 4.1101361398e-11 1.6281657535e-12 3.8271865081e-13
1.2036132812e+02 4.3044688585e-11 4.1023914469e-11 1.6396786273e-12 3.8109548893e-13
1.2042236328e+02 4.2923901410e-11 4.0925587616e-11 1.6198022989e-12 3.7851149527e-13
1.2048339844e+02 4.2865245027e-11 4.0897416308e-11 1.5899592083e-12 3.7786951107e-13
1.2054443359e+02 4.2809665632e-11 4.0845530886e-11 1.5888653677e-12 3.7526937853e-13
1.2060546875e+02 4.2695447014e-11 4.0736541706e-11 1.5851484884e-12 3.7375682002e-13
1.2066650391e+02 4.2597912140e-11 4.0662926845e-11 1.5608625136e-12 3.7412278123e-13
1.2072753906e+02 4.2509996934e-11 4.0601899223e-11 1.5348417064e-12 3.7325600427e-13
1.2078857422e+02 4.2379810636e-11 4.0523189552e-11 1.4838431359e-12 3.7277794816e-13
1.2084960938e+02 4.2242771636e-11 4.0404606644e-11 1.4655753876e-12 3.7258960397e-13
1.2091064453e+02 4.2093440586e-11 4.0261190481e-11 1.4617938620e-12 3.7045624359e-13
1.2097167969e+02 4.1993598859e-11 4.0160473104e-11 1.4643766770e-12 3.6874907795e-13
1.2103271484e+02 4.1882420867e-11 4.0073389486e-11 1.4412503157e-12 3.6778106539e-13
1.2109375000e+02 4.1718445307e-11 3.9967170485e-11 1.3848293992e-12 3.6644542354e-13
1.2115478516e+02 4.1623999564e-11 3.9888078107e-11 1.3716048128e-12 3.6431664408e-13
1.2121582031e+02 4.1505133003e-11 3.9766724245e-11 1.3757284440e-12 3.6268031410e-13
1.2127685547e+02 4.1349290673e-11 3.9646727031e-11 1.3402719541e-12 3.6229168811e-13
1.2133789062e+02 4.1253890734e-11 3.9564940572e-11 1.3244472316e-12 3.6450293056e-13
1.2139892578e+02 4.1158543692e-11 3.9475721010e-11 1.3203038196e-12 3.6251886250e-13
1.2145996094e+02 4.1031568229e-11 3.9376123565e-11 1.2953662720e-12 3.6007839167e-13
1.2152099609e+02 4.0909362931e-11 3.9302195026e-11 1.2490155162e-12 3.5815238850e-13
1.2158203125e+02 4.0841555823e-11 3.9234761398e-11 1.2518181005e-12 3.5497632475e-13
1.2164306641e+02 4.0781392689e-11 3.9170164802e-11 1.2576405010e-12 3.5358738547e-13
1.2170410156e+02 4.0689551574e-11 3.9088641624e-11 1.2485228063e-12 3.5238714373e-13
1.2176513672e+02 4.0611929821e-11 3.9018671921e-11 1.2408124065e-12 3.5244549285e-13
1.2182617188e+02 4.0491529255e-11 3.8914918811e-11 1.2233288417e-12 3.5328160154e-13
1.2188720703e+02 4.0364701013e-11 3.8821036491e-11 1.1910680329e-12 3.5259648909e-13
1.2194824219e+02 4.0260224795e-11 3.8733128763e-11 1.1766204783e-12 3.5047555284e-13
1.2200927734e+02 4.0174621063e-11 3.8669918222e-11 1.1574843000e-12 3.4721854152e-13
1.2207031250e+02 4.0052283427e-11 3.8563352049e-11 1.1441375252e-12 3.4479385211e-13
1.2213134766e+02 3.9984775666e-11 3.8498340044e-11 1.1422200025e-12 3.4421561886e-13
1.2219238281e+02 3.9854760518e-11 3.8392702465e-11 1.1175936697e-12 3.4446438310e-13
1.2225341797e+02 3.9700103861e-11 3.8273804150e-11 1.0816696606e-12 3.4463005073e-13
1.2231445312e+02 3.9580368783e-11 3.8164360309e-11 1.0729610255e-12 3.4304744857e-13
1.2237548828e+02 3.9493271323e-11 3.8086591672e-11 1.0661499240e-12 3.4052972651e-13
1.2243652344e+02 3.9389417424e-11 3.7999327105e-11 1.0515648088e-12 3.3852551001e-13
1.2249755859e+02 3.9257399538e-11 3.7879727642e-11 1.0401710973e-12 3.3750079929e-13
1.2255859375e+02 3.9182097536e-11 3.7809471149e-11 1.0359239586e-12 3.3670242862e-13
1.2261962891e+02 3.9107424226e-11 3.7730944198e-11 1.0386344043e-12 3.3784562351e-13
1.2268066406e+02 3.9044016541e-11 3.7660684838e-11 1.0459133838e-12 3.3741831933e-13
1.2274169922e+02 3.8941982635e-11 3.7573781034e-11 1.0318464742e-12 3.3635512615e-13
1.2280273438e+02 3.8823294411e-11 3.7478733193e-11 1.0090965517e-12 3.3546466587e-13
1.2286376953e+02 3.8690290103e-11 3.7364073982e-11 9.9246648512e-13 3.3374963578e-13
1.2292480469e+02 3.8608449316e-11 3.7303436198e-11 9.7250787782e-13 3.3250524033e-13
1.2298583984e+02 3.8522644448e-11 3.7239024246e-11 9.5085398161e-13 3.3276622062e-13
1.2304687500e+02 3.8445560294e-11 3.7169669799e-11 9.4392269896e-13 3.3196779621e-13
1.2310791016e+02 3.8308662971e-11 3.7050861711e-11 9.2825814056e-13 3.2954311896e-13
1.2316894531e+02 3.8215119831e-11 3.6984412135e-11 9.0216255039e-13 3.2854514619e-13
1.2322998047e+02 3.8130946561e-11 3.6906956165e-11 8.9534401859e-13 3.2864637757e-13
1.2329101562e+02 3.8086517388e-11 3.6840557823e-11 9.1872617920e-13 3.2723338535e-13
1.2335205078e+02 3.8043255685e-11 3.6790898101e-11 9.2623194687e-13 3.2612563763e-13
1.2341308594e+02 3.7930483920e-11 3.6688365125e-11 9.1685849166e-13 3.2526030309e-13
1.2347412109e+02 3.7806291505e-11 3.6587307547e-11 8.9567566114e-13 3.2330829679e-13
1.2353515625e+02 3.7724314121e-11 3.6522024865e-11 8.7984561220e-13 3.2244364419e-13
1.2359619141e+02 3.7625505643e-11 3.6448796901e-11 8.5432727710e-13 3.2238146549e-13
1.2365722656e+02 3.7480022230e-11 3.6323959055e-11 8.3498839167e-13 3.2107478291e-13
1.2371826172e+02 3.7383826400e-11 3.6218707120e-11 8.4456008485e-13 3.2055919506e-13
1.2377929688e+02 3.7275697837e-11 3.6111446634e-11 8.4378103590e-13 3.2047016777e-13
1.2384033203e+02 3.7222417039e-11 3.6063055287e-11 8.3931252663e-13 3.2004922512e-13
1.2390136719e+02 3.7158176551e-11 3.5998750256e-11 8.4076187526e-13 3.1866441972e-13
1.2396240234e+02 3.7050639016e-11 3.5904407227e-11 8.2878040858e-13 3.1745138016e-13
1.2402343750e+02 3.6957988656e-11 3.5830805495e-11 8.1106721353e-13 3.1611594761e-13
1.2408447266e+02 3.6883802323e-11 3.5759057256e-11 8.0942636193e-13 3.1531870498e-13
1.2414550781e+02 3.6793254858e-11 3.5689796285e-11 7.8766708032e-13 3.1579149322e-13
1.2420654297e+02 3.6723390429e-11 3.5619104884e-11 7.9004619937e-13 3.1423934559e-13
1.2426757812e+02 3.6624084427e-11 3.5538293678e-11 7.7308414851e-13 3.1270660062e-13
1.2432861328e+02 3.6517148114e-11 3.5443334257e-11 7.6229808058e-13 3.1151577667e-13
1.2438964844e+02 3.6427733431e-11 3.5364375298e-11 7.5335627036e-13 3.1000186295e-13
1.2445068359e+02 3.6352386352e-11 3.5293896998e-11 7.4923059438e-13 3.0925875938e-13
1.2451171875e+02 3.6279724482e-11 3.5228408559e-11 7.4154092270e-13 3.0977500037e-13
1.2457275391e+02 3.6164930810e-11 3.5139476892e-11 7.1633370417e-13 3.0912021366e-13
1.2463378906e+02 3.6079040966e-11 3.5050484069e-11 7.2112772643e-13 3.0742917025e-13
1.2469482422e+02 3.5958924423e-11 3.4935962630e-11 7.1634846136e-13 3.0661333207e-13
1.2475585938e+02 3.5860277036e-11 3.4856032807e-11 6.9765407811e-13 3.0659015090e-13
1.2481689453e+02 3.5768780248e-11 3.4774311672e-11 6.8811670221e-13 3.0635187306e-13
1.2487792969e+02 3.5672566944e-11 3.4686543661e-11 6.8195044012e-13 3.0407284343e-13
1.2493896484e+02 3.5564043718e-11 3.4576257803e-11 6.8381343714e-13 3.0397247759e-13
1.2500000000e+02 3.5484409442e-11 3.4514530803e-11 6.6561087375e-13 3.0426776506e-13
1.2506103516e+02 3.5401818420e-11 3.4457301151e-11 6.4085389756e-13 3.0366337138e-13
1.2512207031e+02 3.5335421349e-11 3.4397780164e-11 6.3483975992e-13 3.0280142516e-13
1.2518310547e+02 3.5259365466e-11 3.4329243279e-11 6.2838742789e-13 3.0173475914e-13
1.2524414062e+02 3.5206529638e-11 3.4275176898e-11 6.2966066582e-13 3.0169207420e-13
1.2530517578e+02 3.5122497133e-11 3.4200565968e-11 6.1947141458e-13 3.0245975024e-13
1.2536621094e+02 3.5022225333e-11 3.4112612536e-11 6.0835498789e-13 3.0125780942e-13
1.2542724609e+02 3.4972953335e-11 3.4060118608e-11 6.1363824034e-13 2.9919648672e-13
1.2548828125e+02 3.4856343506e-11 3.3963184462e-11 5.9564524714e-13 2.9751379684e-13
1.2554931641e+02 3.4763620343e-11 3.3895723710e-11 5.7176275479e-13 2.9613387810e-13
1.2561035156e+02 3.4636755265e-11 3.3793278729e-11 5.4825499796e-13 2.9522153758e-13
1.2567138672e+02 3.4558277069e-11 3.3718023177e-11 5.4537821689e-13 2.9487567459e-13
1.2573242188e+02 3.4469040041e-11 3.3631293280e-11 5.4298110805e-13 2.9476565268e-13
1.2579345703e+02 3.4389872318e-11 3.3564055436e-11 5.3274434703e-13 2.9307253562e-13
1.2585449219e+02 3.4307709078e-11 3.3480794702e-11 5.3438146633e-13 2.9253290955e-13
1.2591552734e+02 3.4228957876e-11 3.3408101301e-11 5.2844350001e-13 2.9241307533e-13
1.2597656250e+02 3.4168137165e-11 3.3348660472e-11 5.2754979645e-13 2.9192689675e-13
1.2603759766e+02 3.4114528546e-11 3.3298869979e-11 5.2484717825e-13 2.9081138863e-13
1.2609863281e+02 3.4033666049e-11 3.3232291919e-11 5.1223534081e-13 2.8913878889e-13
1.2615966797e+02 3.3954945561e-11 3.3146958129e-11 5.1932941686e-13 2.8865801446e-13
1.2622070312e+02 3.3900429109e-11 3.3105755884e-11 5.0582783341e-13 2.8884539149e-13
1.2628173828e+02 3.3799384200e-11 3.3019008283e-11 4.9319687789e-13 2.8717903944e-13
1.2634277344e+02 3.3721594084e-11 3.2950089716e-11 4.8478071857e-13 2.8672365035e-13
1.2640380859e+02 3.3652474495e-11 3.2882630484e-11 4.8386315937e-13 2.8598085193e-13
1.2646484375e+02 3.3599774972e-11 3.2829727652e-11 4.8418151033e-13 2.8586580968e-13
1.2652587891e+02 3.3494495794e-11 3.2734960939e-11 4.7441938294e-13 2.8511547159e-13
1.2658691406e+02 3.3403655427e-11 3.2650637755e-11 4.6910091116e-13 2.8391676041e-13
1.2664794922e+02 3.3332912289e-11 3.2585068402e-11 4.6494560570e-13 2.8289828123e-13
1.2670898438e+02 3.3245084721e-11 3.2509507181e-11 4.5436591444e-13 2.8121162621e-13
1.2677001953e+02 3.3159338506e-11 3.2421884864e-11 4.5748683762e-13 2.7996680476e-13
1.2683105469e+02 3.3076740123e-11 3.2351441921e-11 4.4496487751e-13 2.8033332400e-13
1.2689208984e+02 3.3002308013e-11 3.2281106679e-11 4.4021747076e-13 2.8098386359e-13
1.2695312500e+02 3.2935626719e-11 3.2216757880e-11 4.3879813250e-13 2.8007070659e-13
1.2701416016e+02 3.2881662642e-11 3.2164367525e-11 4.3853580087e-13 2.7875931634e-13
1.2707519531e+02 3.2818574952e-11 3.2110640022e-11 4.2997457257e-13 2.7796035750e-13
1.2713623047e+02 3.2747678335e-11 3.2050399275e-11 4.1951489662e-13 2.7776416309e-13
1.2719726562e+02 3.2667763351e-11 3.1982618630e-11 4.0814158446e-13 2.7700313638e-13
1.2725830078e+02 3.2609428388e-11 3.1921649766e-11 4.1147235055e-13 2.7630627223e-13
1.2731933594e+02 3.2520819951e-11 3.1840999848e-11 4.0369651898e-13 2.7612358400e-13
1.2738037109e+02 3.2421852100e-11 3.1753429976e-11 3.9318709935e-13 2.7523502409e-13
1.2744140625e+02 3.2356140482e-11 3.1681799713e-11 3.9962931790e-13 2.7471145112e-13
1.2750244141e+02 3.2296157277e-11 3.1625429238e-11 3.9640696483e-13 2.7432107426e-13
1.2756347656e+02 3.2205499585e-11 3.1547334206e-11 3.8459723470e-13 2.7356814422e-13
1.2762451172e+02 3.2128417950e-11 3.1479614668e-11 3.7616082881e-13 2.7264245361e-13
1.2768554688e+02 3.2046158539e-11 3.1400927301e-11 3.7306756841e-13 2.7216366970e-13
1.2774658203e+02 3.1956961606e-11 3.1321557206e-11 3.6389852964e-13 2.7150587032e-13
1.2780761719e+02 3.1875042567e-11 3.1254842461e-11 3.4948511517e-13 2.7071499100e-13
1.2786865234e+02 3.1834888101e-11 3.1216148575e-11 3.4888177220e-13 2.6985775305e-13
1.2792968750e+02 3.1761069908e-11 3.1144608844e-11 3.4696503476e-13 2.6949602916e-13
1.2799072266e+02 3.1708454059e-11 3.1093916895e-11 3.4509765414e-13 2.6943951036e-13
1.2805175781e+02 3.1641889779e-11 3.1033153951e-11 3.3958071239e-13 2.6915511545e-13
1.2811279297e+02 3.1560343245e-11 3.0963583213e-11 3.2865051473e-13 2.6810951684e-13
1.2817382812e+02 3.1487000559e-11 3.0896488836e-11 3.2284828238e-13 2.6766344046e-13
1.2823486328e+02 3.1403853803e-11 3.0812617548e-11 3.2336552780e-13 2.6787072685e-13
1.2829589844e+02 3.1343400982e-11 3.0749848909e-11 3.2560550867e-13 2.6794656416e-13
1.2835693359e+02 3.1268797208e-11 3.0684111324e-11 3.1770218026e-13 2.6698370295e-13
1.2841796875e+02 3.1209677786e-11 3.0626042452e-11 3.1729195482e-13 2.6634337900e-13
1.2847900391e+02 3.1157926990e-11 3.0572056208e-11 3.2057526205e-13 2.6529551974e-13
1.2854003906e+02 3.1071718485e-11 3.0498944164e-11 3.0849592534e-13 2.6427839541e-13
1.2860107422e+02 3.0984650123e-11 3.0420763675e-11 3.0020956710e-13 2.6367688100e-13
1.2866210938e+02 3.0944355791e-11 3.0372005387e-11 3.0930892743e-13 2.6304147588e-13
1.2872314453e+02 3.0867656523e-11 3.0304050733e-11 3.0129590212e-13 2.6230988732e-13
1.2878417969e+02 3.0783488081e-11 3.0231865429e-11 2.8987538389e-13 2.6174726720e-13
1.2884521484e+02 3.0719011288e-11 3.0163012269e-11 2.9447747199e-13 2.6152154676e-13
1.2890625000e+02 3.0657465921e-11 3.0099649257e-11 2.9659540527e-13 2.6122125925e-13
1.2896728516e+02 3.0592698379e-11 3.0039979346e-11 2.9272050133e-13 2.5999853242e-13
1.2902832031e+02 3.0527563740e-11 2.9976018934e-11 2.9261854707e-13 2.5892625873e-13
1.2908935547e+02 3.0473656204e-11 2.9924564186e-11 2.9041084127e-13 2.5868117639e-13
1.2915039062e+02 3.0413314682e-11 2.9867997093e-11 2.8680078484e-13 2.5851680415e-13
1.2921142578e+02 3.0339088354e-11 2.9804915162e-11 2.7634618223e-13 2.5782700993e-13
1.2927246094e+02 3.0281913581e-11 2.9748689721e-11 2.7607535985e-13 2.5714850016e-13
1.2933349609e+02 3.0220748562e-11 2.9684789992e-11 2.7918031579e-13 2.5677825331e-13
1.2939453125e+02 3.0137608998e-11 2.9606135255e-11 2.7515920202e-13 2.5631454014e-13
1.2945556641e+02 3.0060739542e-11 2.9537055967e-11 2.6825206697e-13 2.5543150813e-13
1.2951660156e+02 2.9992869194e-11 2.9473191612e-11 2.6467711614e-13 2.5500046599e-13
1.2957763672e+02 2.9940727881e-11 2.9420402021e-11 2.6568077340e-13 2.5464508667e-13
1.2963867188e+02 2.9889224825e-11 2.9370096423e-11 2.6456920743e-13 2.5455919455e-13
1.2969970703e+02 2.9822013316e-11 2.9307170562e-11 2.6042834427e-13 2.5441440946e-13
1.2976074219e+02 2.9753521956e-11 2.9245367152e-11 2.5443900920e-13 2.5371579461e-13
1.2982177734e+02 2.9690221070e-11 2.9187169647e-11 2.5015936780e-13 2.5289205498e-13
1.2988281250e+02 2.9650040131e-11 2.9147406014e-11 2.5065090547e-13 2.5198321197e-13
1.2994384766e+02 2.9590885578e-11 2.9087189832e-11 2.5221668428e-13 2.5147906200e-13
1.3000488281e+02 2.9507964104e-11 2.9010884172e-11 2.4602208963e-13 2.5105784185e-13
1.3006591797e+02 2.9438996063e-11 2.8945067146e-11 2.4354582731e-13 2.5038308947e-13
1.3012695312e+02 2.9380840535e-11 2.8887853547e-11 2.4319881871e-13 2.4978816915e-13
1.3018798828e+02 2.9299014736e-11 2.8816496861e-11 2.3377081450e-13 2.4874706120e-13
1.3024902344e+02 2.9233955530e-11 2.8756499107e-11 2.2915794111e-13 2.4829848176e-13
1.3031005859e+02 2.9173239033e-11 2.8693783566e-11 2.3104517630e-13 2.4841029114e-13
1.3037109375e+02 2.9109512642e-11 2.8631231467e-11 2.3048074531e-13 2.4780042933e-13
1.3043212891e+02 2.9039387027e-11 2.8567619213e-11 2.2478906584e-13 2.4697874762e-13
1.3049316406e+02 2.8987825313e-11 2.8517705307e-11 2.2335779260e-13 2.4676221355e-13
1.3055419922e+02 2.8931346836e-11 2.8463108761e-11 2.2205434945e-13 2.4618372607e-13
1.3061523438e+02 2.8878660646e-11 2.8410695396e-11 2.2200969296e-13 2.4595555707e-13
1.3067626953e+02 2.8825346688e-11 2.8359551515e-11 2.1989514931e-13 2.4590002428e-13
1.3073730469e+02 2.8771146002e-11 2.8310151361e-11 2.1519207865e-13 2.4580256233e-13
1.3079833984e+02 2.8699147816e-11 2.8237562912e-11 2.1697931973e-13 2.4460558386e-13
1.3085937500e+02 2.8646070381e-11 2.8185557133e-11 2.1707068616e-13 2.4344256130e-13
1.3092041016e+02 2.8581037144e-11 2.8127741258e-11 2.1038393188e-13 2.4291195404e-13
1.3098144531e+02 2.8523780725e-11 2.8070976406e-11 2.1006182320e-13 2.4274249564e-13
1.3104248047e+02 2.8451162190e-11 2.8003162045e-11 2.0613648547e-13 2.4186365951e-13
1.3110351562e+02 2.8390976220e-11 2.7942741230e-11 2.0698618399e-13 2.4124880670e-13
1.3116455078e+02 2.8333354159e-11 2.7888650130e-11 2.0363999768e-13 2.4106403110e-13
1.3122558594e+02 2.8255930113e-11 2.7817991767e-11 1.9709172533e-13 2.4084662039e-13
1.3128662109e+02 2.8209840984e-11 2.7769941515e-11 1.9907922375e-13 2.4082024559e-13
1.3134765625e+02 2.8147988659e-11 2.7707437896e-11 2.0065089530e-13 2.3989986805e-13
1.3140869141e+02 2.8089581949e-11 2.7651911876e-11 1.9832708459e-13 2.3934298845e-13
1.3146972656e+02 2.8017376780e-11 2.7583237458e-11 1.9507257161e-13 2.3906675048e-13
1.3153076172e+02 2.7956523471e-11 2.7525451165e-11 1.9248660828e-13 2.3858569789e-13
1.3159179688e+02 2.7894343914e-11 2.7465294119e-11 1.9064784246e-13 2.3840195312e-13
1.3165283203e+02 2.7839048934e-11 2.7416044861e-11 1.8507186549e-13 2.3793220754e-13
1.3171386719e+02 2.7794797238e-11 2.7370836067e-11 1.8687011653e-13 2.3709105402e-13
1.3177490234e+02 2.7741585080e-11 2.7317370805e-11 1.8722724053e-13 2.3698703422e-13
1.3183593750e+02 2.7677036363e-11 2.7255370684e-11 1.8520318351e-13 2.3646249607e-13
1.3189697266e+02 2.7623642074e-11 2.7203262616e-11 1.8389867430e-13 2.3648078367e-13
1.3195800781e+02 2.7562033313e-11 2.7144911323e-11 1.8116390635e-13 2.3595808400e-13
1.3201904297e+02 2.7503619314e-11 2.7088317414e-11 1.7976777589e-13 2.3553412336e-13
1.3208007812e+02 2.7434945730e-11 2.7022325423e-11 1.7743640296e-13 2.3518390397e-13
1.3214111328e+02 2.7372198185e-11 2.6961467258e-11 1.7598542664e-13 2.3474550014e-13
1.3220214844e+02 2.7314689297e-11 2.6902753932e-11 1.7747448952e-13 2.3446087544e-13
1.3226318359e+02 2.7246974967e-11 2.6838905677e-11 1.7408731709e-13 2.3398197359e-13
1.3232421875e+02 2.7196940586e-11 2.6791551263e-11 1.7199800477e-13 2.3339131813e-13
1.3238525391e+02 2.7147566505e-11 2.6743148560e-11 1.7155938015e-13 2.3285856471e-13
1.3244628906e+02 2.7091426829e-11 2.6685786601e-11 1.7335910372e-13 2.3228112521e-13
1.3250732422e+02 2.7034704976e-11 2.6632295945e-11 1.7072903449e-13 2.3167999691e-13
1.3256835938e+02 2.6979369747e-11 2.6581771703e-11 1.6618234660e-13 2.3141569676e-13
1.3262939453e+02 2.6926314448e-11 2.6529906388e-11 1.6534502322e-13 2.3106303656e-13
1.3269042969e+02 2.6873904532e-11 2.6478531400e-11 1.6511065424e-13 2.3026247798e-13
1.3275146484e+02 2.6827624814e-11 2.6432318135e-11 1.6541237379e-13 2.2989430587e-13
1.3281250000e+02 2.6771847498e-11 2.6379256477e-11 1.6308003544e-13 2.2951098527e-13
1.3287353516e+02 2.6701450957e-11 2.6311524047e-11 1.6079324219e-13 2.2913366699e-13
1.3293457031e+02 2.6644302512e-11 2.6256001178e-11 1.5959923080e-13 2.2870210289e-13
1.3299560547e+02 2.6589103105e-11 2.6201714346e-11 1.5917098993e-13 2.2821776926e-13
1.3305664062e+02 2.6524750623e-11 2.6137944627e-11 1.5912998212e-13 2.2767601416e-13
1.3311767578e+02 2.6476753884e-11 2.6091432171e-11 1.5855989303e-13 2.2676181948e-13
1.3317871094e+02 2.6418898811e-11 2.6035892870e-11 1.5640752163e-13 2.2659841926e-13
1.3323974609e+02 2.6361401628e-11 2.5982104494e-11 1.5317423186e-13 2.2612290159e-13
1.3330078125e+02 2.6309554923e-11 2.5931639866e-11 1.5254474190e-13 2.2537031512e-13
1.3336181641e+02 2.6263503019e-11 2.5885323725e-11 1.5312704563e-13 2.2505224850e-13
1.3342285156e+02 2.6211115490e-11 2.5833075684e-11 1.5333669250e-13 2.2470311366e-13
1.3348388672e+02 2.6156438602e-11 2.5780010366e-11 1.5185898115e-13 2.2456925500e-13
1.3354492188e+02 2.6100989025e-11 2.5725682331e-11 1.5101289292e-13 2.2429380031e-13
1.3360595703e+02 2.6049735210e-11 2.5676546290e-11 1.4959705260e-13 2.2359186735e-13
1.3366699219e+02 2.5992060780e-11 2.5622246996e-11 1.4645102185e-13 2.2336276250e-13
1.3372802734e+02 2.5941422258e-11 2.5571280752e-11 1.4683357614e-13 2.2330792983e-13
1.3378906250e+02 2.5888043379e-11 2.5516196053e-11 1.4851008869e-13 2.2333723710e-13
1.3385009766e+02 2.5831430748e-11 2.5460363151e-11 1.4781535960e-13 2.2325223768e-13
1.3391113281e+02 2.5783417166e-11 2.5412737749e-11 1.4776852603e-13 2.2291089077e-13
1.3397216797e+02 2.5719287302e-11 2.5348874494e-11 1.4798357089e-13 2.2242923707e-13
1.3403320312e+02 2.5661378498e-11 2.5292569672e-11 1.4699374843e-13 2.2181507816e-13
1.3409423828e+02 2.5606822998e-11 2.5240056657e-11 1.4552903381e-13 2.2123730797e-13
1.3415527344e+02 2.5559437311e-11 2.5194977345e-11 1.4382633389e-13 2.2063363227e-13
1.3421630859e+02 2.5506241212e-11 2.5144169278e-11 1.4173911195e-13 2.2033282276e-13
1.3427734375e+02 2.5450139775e-11 2.5092562391e-11 1.3790299627e-13 2.1967438808e-13
1.3433837891e+02 2.5392628396e-11 2.5036846678e-11 1.3653221572e-13 2.1924950187e-13
1.3439941406e+02 2.5349077002e-11 2.4991604946e-11 1.3833814628e-13 2.1913391001e-13
1.3446044922e+02 2.5303805558e-11 2.4947708661e-11 1.3699752007e-13 2.1909937776e-13
1.3452148438e+02 2.5243965809e-11 2.4891133644e-11 1.3391525343e-13 2.1891691129e-13
1.3458251953e+02 2.5184200822e-11 2.4833314488e-11 1.3265224233e-13 2.1823409182e-13
1.3464355469e+02 2.5134618754e-11 2.4783955981e-11 1.3299962940e-13 2.1766314371e-13
1.3470458984e+02 2.5082270702e-11 2.4731636158e-11 1.3339084236e-13 2.1724370243e-13
1.3476562500e+02 2.5025243049e-11 2.4678119997e-11 1.3042613379e-13 2.1669691834e-13
1.3482666016e+02 2.4968635444e-11 2.4621255094e-11 1.3087869522e-13 2.1650165465e-13
1.3488769531e+02 2.4910002533e-11 2.4562208251e-11 1.3153231353e-13 2.1626196788e-13
1.3494873047e+02 2.4853346043e-11 2.4509178094e-11 1.2842629258e-13 2.1574165628e-13
1.3500976562e+02 2.4800714851e-11 2.4459550642e-11 1.2609736403e-13 2.1506684429e-13
1.3507080078e+02 2.4762448607e-11 2.4421073614e-11 1.2654097299e-13 2.1483401928e-13
1.3513183594e+02 2.4707927061e-11 2.4366903759e-11 1.2626467051e-13 2.1475863147e-13
1.3519287109e+02 2.4662561903e-11 2.4322390468e-11 1.2590002624e-13 2.1427140826e-13
1.3525390625e+02 2.4611101193e-11 2.4273299926e-11 1.2379774069e-13 2.1400352634e-13
1.3531494141e+02 2.4558331347e-11 2.4223014874e-11 1.2137520271e-13 2.1394126977e-13
1.3537597656e+02 2.4514891402e-11 2.4179342727e-11 1.2208230253e-13 2.1346637265e-13
1.3543701172e+02 2.4472322182e-11 2.4136144644e-11 1.2303796197e-13 2.1313957587e-13
1.3549804688e+02 2.4412040524e-11 2.4076830430e-11 1.2241427908e-13 2.1279581405e-13
1.3555908203e+02 2.4355019647e-11 2.4019573541e-11 1.2325102405e-13 2.1219508171e-13
1.3562011719e+02 2.4311354062e-11 2.3976674651e-11 1.2263214809e-13 2.1204726298e-13
1.3568115234e+02 2.4258183181e-11 2.3924084864e-11 1.2229737337e-13 2.1180094413e-13
1.3574218750e+02 2.4199232368e-11 2.3868161770e-11 1.1994602377e-13 2.1112457387e-13
1.3580322266e+02 2.4148741404e-11 2.3819295444e-11 1.1901486904e-13 2.1043109097e-13
1.3586425781e+02 2.4090667713e-11 2.3764744384e-11 1.1577047774e-13 2.1015285103e-13
1.3592529297e+02 2.4038492305e-11 2.3714051456e-11 1.1455566308e-13 2.0988518565e-13
1.3598632812e+02 2.3991553862e-11 2.3667874261e-11 1.1416101194e-13 2.0951858922e-13
1.3604736328e+02 2.3941410355e-11 2.3616549065e-11 1.1573739379e-13 2.0912389638e-13
1.3610839844e+02 2.3884743663e-11 2.3559063968e-11 1.1680912481e-13 2.0887056983e-13
1.3616943359e+02 2.3837625151e-11 2.3513046946e-11 1.1592373279e-13 2.0865447286e-13
1.3623046875e+02 2.3795550982e-11 2.3471340114e-11 1.1569023792e-13 2.0852063075e-13
1.3629150391e+02 2.3744835798e-11 2.3422986719e-11 1.1393540028e-13 2.0791367857e-13
1.3635253906e+02 2.3693107852e-11 2.3373499731e-11 1.1235757764e-13 2.0725054280e-13
1.3641357422e+02 2.3647336295e-11 2.3326934436e-11 1.1342497478e-13 2.0697688442e-13
1.3647460938e+02 2.3604773339e-11 2.3284610422e-11 1.1332521850e-13 2.0683769871e-13
1.3653564453e+02 2.3558235409e-11 2.3239042661e-11 1.1292104409e-13 2.0627170358e-13
1.3659667969e+02 2.3513267461e-11 2.3194848226e-11 1.1244809918e-13 2.0597113586e-13
1.3665771484e+02 2.3465946583e-11 2.3150025666e-11 1.1041619253e-13 2.0550472442e-13
1.3671875000e+02 2.3411288836e-11 2.3097268901e-11 1.0890670462e-13 2.0511322964e-13
1.3677978516e+02 2.3361137558e-11 2.3047648637e-11 1.0885341285e-13 2.0463550853e-13
1.3684082031e+02 2.3309626699e-11 2.2997998176e-11 1.0740120483e-13 2.0422731883e-13
1.3690185547e+02 2.3256687002e-11 2.2943607440e-11 1.0882321965e-13 2.0425634280e-13
1.3696289062e+02 2.3209014229e-11 2.2896048530e-11 1.0880130839e-13 2.0416439022e-13
1.3702392578e+02 2.3164159313e-11 2.2853895054e-11 1.0621031652e-13 2.0405394305e-13
1.3708496094e+02 2.3120445453e-11 2.2810926093e-11 1.0575280590e-13 2.0376655400e-13
1.3714599609e+02 2.3079945663e-11 2.2770363105e-11 1.0652576732e-13 2.0305679020e-13
1.3720703125e+02 2.3036364395e-11 2.2726142913e-11 1.0739346200e-13 2.0282801983e-13
1.3726806641e+02 2.2992667276e-11 2.2682892355e-11 1.0723971203e-13 2.0253520856e-13
1.3732910156e+02 2.2937891492e-11 2.2630654664e-11 1.0541078556e-13 2.0182604303e-13
1.3739013672e+02 2.2876603133e-11 2.2571237920e-11 1.0408652865e-13 2.0127868377e-13
1.3745117188e+02 2.2824681181e-11 2.2519262933e-11 1.0467155419e-13 2.0074669444e-13
1.3751220703e+02 2.2779498127e-11 2.2474344019e-11 1.0492925213e-13 2.0022485581e-13
1.3757324219e+02 2.2732652015e-11 2.2430131201e-11 1.0269732962e-13 1.9982348376e-13
1.3763427734e+02 2.2686248333e-11 2.2384903545e-11 1.0164103427e-13 1.9970375351e-13
1.3769531250e+02 2.2641526765e-11 2.2340517291e-11 1.0149127406e-13 1.9951819998e-13
1.3775634766e+02 2.2595837049e-11 2.2294722826e-11 1.0169088480e-13 1.9942333786e-13
1.3781738281e+02 2.2552463265e-11 2.2253281749e-11 9.9987720502e-14 1.9919379505e-13
1.3787841797e+02 2.2509104418e-11 2.2211240396e-11 9.8863909346e-14 1.9900011285e-13
1.3793945312e+02 2.2469093070e-11 2.2170911039e-11 9.9874864234e-14 1.9830716634e-13
1.3800048828e+02 2.2419410682e-11 2.2122366689e-11 9.9175224017e-14 1.9786876886e-13
1.3806152344e+02 2.2363586393e-11 2.2067954297e-11 9.8089186826e-14 1.9754290943e-13
1.3812255859e+02 2.2317944241e-11 2.2023061114e-11 9.7882420938e-14 1.9700070598e-13
1.3818359375e+02 2.2270074703e-11 2.1975491636e-11 9.7748161202e-14 1.9683490539e-13
1.3824462891e+02 2.2223861590e-11 2.1931160735e-11 9.6397017647e-14 1.9630383757e-13
1.3830566406e+02 2.2176917039e-11 2.1885138201e-11 9.5953642416e-14 1.9582519491e-13
1.3836669922e+02 2.2132649854e-11 2.1840576945e-11 9.6251953062e-14 1.9582095657e-13
1.3842773438e+02 2.2082249351e-11 2.1791002239e-11 9.5597905525e-14 1.9564920677e-13
1.3848876953e+02 2.2037202780e-11 2.1748570382e-11 9.3343478445e-14 1.9528892000e-13
1.3854980469e+02 2.1986773512e-11 2.1699270595e-11 9.2418422591e-14 1.9508449377e-13
1.3861083984e+02 2.1940487799e-11 2.1653878810e-11 9.1465797081e-14 1.9514319179e-13
1.3867187500e+02 2.1892467085e-11 2.1606036226e-11 9.1497993132e-14 1.9493286556e-13
1.3873291016e+02 2.1844703839e-11 2.1559996540e-11 9.0493507599e-14 1.9421379200e-13
1.3879394531e+02 2.1796997962e-11 2.1513686781e-11 8.9638825270e-14 1.9367235642e-13
1.3885498047e+02 2.1748757297e-11 2.1464687043e-11 9.0367865145e-14 1.9370238888e-13
1.3891601562e+02 2.1708327943e-11 2.1424498340e-11 9.0033012330e-14 1.9379659054e-13
1.3897705078e+02 2.1671449475e-11 2.1389809751e-11 8.8210982565e-14 1.9342874199e-13
1.3903808594e+02 2.1632834830e-11 2.1353140250e-11 8.6937604114e-14 1.9275697594e-13
1.3909912109e+02 2.1587245192e-11 2.1308350211e-11 8.6811904536e-14 1.9208307677e-13
1.3916015625e+02 2.1539857598e-11 2.1261520520e-11 8.6506461103e-14 1.9183061753e-13
1.3922119141e+02 2.1489764741e-11 2.1211776693e-11 8.6323284935e-14 1.9166476308e-13
1.3928222656e+02 2.1446840910e-11 2.1170118424e-11 8.5629272506e-14 1.9109321372e-13
1.3934326172e+02 2.1397094270e-11 2.1121612523e-11 8.4746800279e-14 1.9073494714e-13
1.3940429688e+02 2.1345907301e-11 2.1070423638e-11 8.5084181403e-14 1.9039948191e-13
1.3946533203e+02 2.1303736453e-11 2.1027973021e-11 8.5407963785e-14 1.9035546762e-13
1.3952636719e+02 2.1266327064e-11 2.0991561344e-11 8.4500428361e-14 1.9026529129e-13
1.3958740234e+02 2.1219455719e-11 2.0945153550e-11 8.4313059167e-14 1.8998910895e-13
1.3964843750e+02 2.1173913169e-11 2.0900392730e-11 8.3802362677e-14 1.8971807620e-13
1.3970947266e+02 2.1131610031e-11 2.0858339385e-11 8.4019750873e-14 1.8925089521e-13
1.3977050781e+02 2.1094895839e-11 2.0823484410e-11 8.2747918023e-14 1.8866351182e-13
1.3983154297e+02 2.1046393991e-11 2.0776691531e-11 8.1366739714e-14 1.8833572021e-13
1.3989257812e+02 2.1009418884e-11 2.0740238759e-11 8.1358987450e-14 1.8782113773e-13
1.3995361328e+02 2.0963581221e-11 2.0694764050e-11 8.1341118417e-14 1.8747605258e-13
1.4001464844e+02 2.0912865632e-11 2.0644566079e-11 8.1071343278e-14 1.8722820963e-13
1.4007568359e+02 2.0867557399e-11 2.0600607757e-11 8.0034220879e-14 1.8691542153e-13
1.4013671875e+02 2.0829619950e-11 2.0563156541e-11 7.9681521684e-14 1.8678188723e-13
1.4019775391e+02 2.0789221765e-11 2.0522859669e-11 7.9791341809e-14 1.8657075417e-13
1.4025878906e+02 2.0751645936e-11 2.0485601985e-11 7.9567622015e-14 1.8647632897e-13
1.4031982422e+02 2.0704345054e-11 2.0438944987e-11 7.8757781776e-14 1.8664228426e-13
1.4038085938e+02 2.0657260243e-11 2.0392983621e-11 7.8285741207e-14 1.8599088087e-13
1.4044189453e+02 2.0618855378e-11 2.0354376649e-11 7.9028878435e-14 1.8544985047e-13
1.4050292969e+02 2.0569559026e-11 2.0306183008e-11 7.8237219837e-14 1.8513879771e-13
1.4056396484e+02 2.0522871232e-11 2.0260700804e-11 7.7513005353e-14 1.8465742272e-13
1.4062500000e+02 2.0481009531e-11 2.0219480366e-11 7.7424597556e-14 1.8410456711e-13
1.4068603516e+02 2.0441539383e-11 2.0180777177e-11 7.7067910646e-14 1.8369429532e-13
1.4074707031e+02 2.0399060385e-11 2.0139560973e-11 7.6066143173e-14 1.8343326809e-13
1.4080810547e+02 2.0353961779e-11 2.0094807213e-11 7.5526850918e-14 1.8362771537e-13
1.4086914062e+02 2.0309259907e-11 2.0050155003e-11 7.5412873921e-14 1.8369203029e-13
1.4093017578e+02 2.0266170699e-11 2.0007777990e-11 7.5113775748e-14 1.8327893301e-13
1.4099121094e+02 2.0225227251e-11 1.9968247778e-11 7.4360984823e-14 1.8261848868e-13
1.4105224609e+02 2.0184167478e-11 1.9928056835e-11 7.3820112664e-14 1.8229053029e-13
1.4111328125e+02 2.0145044109e-11 1.9888786716e-11 7.3975857230e-14 1.8228153568e-13
1.4117431641e+02 2.0099546610e-11 1.9843528953e-11 7.4075904093e-14 1.8194175282e-13
1.4123535156e+02 2.0053966914e-11 1.9799398495e-11 7.2920031116e-14 1.8164838774e-13
1.4129638672e+02 2.0014317232e-11 1.9760368823e-11 7.2559582551e-14 1.8138882609e-13
1.4135742188e+02 1.9972273325e-11 1.9718756849e-11 7.2655191056e-14 1.8086128479e-13
1.4141845703e+02 1.9935413232e-11 1.9682650337e-11 7.2437642980e-14 1.8032525160e-13
1.4147949219e+02 1.9896484684e-11 1.9644893248e-11 7.1786058076e-14 1.7980537759e-13
1.4154052734e+02 1.9853689821e-11 1.9602777485e-11 7.1325738812e-14 1.7958659654e-13
1.4160156250e+02 1.9811480540e-11 1.9560412904e-11 7.1515089468e-14 1.7955254597e-13
1.4166259766e+02 1.9767875297e-11 1.9516987979e-11 7.1353421704e-14 1.7953389690e-13
1.4172363281e+02 1.9728646919e-11 1.9478535478e-11 7.0800864769e-14 1.7931057634e-13
1.4178466797e+02 1.9684917584e-11 1.9435566758e-11 7.0378879931e-14 1.7897194656e-13
1.4184570312e+02 1.9642174890e-11 1.9392877578e-11 7.0420388954e-14 1.7887692241e-13
1.4190673828e+02 1.9598618974e-11 1.9350219004e-11 6.9475098038e-14 1.7892487264e-13
1.4196777344e+02 1.9556431545e-11 1.9309082160e-11 6.8875153117e-14 1.7847423193e-13
1.4202880859e+02 1.9515588757e-11 1.9269035816e-11 6.8745784784e-14 1.7780715653e-13
1.4208984375e+02 1.9479835147e-11 1.9233462489e-11 6.8593643329e-14 1.7777901478e-13
1.4215087891e+02 1.9441385276e-11 1.9195283153e-11 6.8430080066e-14 1.7767204249e-13
1.4221191406e+02 1.9404546553e-11 1.9159098439e-11 6.8195456504e-14 1.7725265763e-13
1.4227294922e+02 1.9363194061e-11 1.9118820248e-11 6.7755944901e-14 1.7661786820e-13
1.4233398438e+02 1.9317896532e-11 1.9074023498e-11 6.7681506765e-14 1.7619152693e-13
1.4239501953e+02 1.9276376581e-11 1.9033143026e-11 6.7353712546e-14 1.7587984261e-13
1.4245605469e+02 1.9236222176e-11 1.8993446582e-11 6.7209076875e-14 1.7556651751e-13
1.4251708984e+02 1.9200475548e-11 1.8957900899e-11 6.6973146892e-14 1.7560150286e-13
1.4257812500e+02 1.9159778411e-11 1.8917722839e-11 6.6660457764e-14 1.7539511422e-13
1.4263916016e+02 1.9119533619e-11 1.8878248059e-11 6.6290302580e-14 1.7499525731e-13
1.4270019531e+02 1.9079484183e-11 1.8839463240e-11 6.5260088223e-14 1.7476085449e-13
1.4276123047e+02 1.9035138978e-11 1.8795741413e-11 6.4980952666e-14 1.7441661242e-13
1.4282226562e+02 1.8993789888e-11 1.8754440479e-11 6.5257580352e-14 1.7409182846e-13
1.4288330078e+02 1.8952778633e-11 1.8713826991e-11 6.5332271646e-14 1.7361936950e-13
1.4294433594e+02 1.8914587108e-11 1.8676266364e-11 6.5038577800e-14 1.7328216620e-13
1.4300537109e+02 1.8872943543e-11 1.8635333523e-11 6.4759154306e-14 1.7285086599e-13
1.4306640625e+02 1.8833102890e-11 1.8596745363e-11 6.4018487573e-14 1.7233903918e-13
1.4312744141e+02 1.8794984956e-11 1.8558640721e-11 6.4049510862e-14 1.7229472416e-13
1.4318847656e+02 1.8756233192e-11 1.8519528810e-11 6.4055044194e-14 1.7264933799e-13
1.4324951172e+02 1.8713577023e-11 1.8477471420e-11 6.3778541697e-14 1.7232706071e-13
1.4331054688e+02 1.8677560648e-11 1.8442105890e-11 6.3531974968e-14 1.7192278324e-13
1.4337158203e+02 1.8638528128e-11 1.8403721313e-11 6.3172337725e-14 1.7163447740e-13
1.4343261719e+02 1.8601846824e-11 1.8367211686e-11 6.3140284950e-14 1.7149485236e-13
1.4349365234e+02 1.8564189001e-11 1.8329904276e-11 6.3159308815e-14 1.7112541621e-13
1.4355468750e+02 1.8523350826e-11 1.8289917624e-11 6.2791381874e-14 1.7064182107e-13
1.4361572266e+02 1.8485477441e-11 1.8252523873e-11 6.2783094287e-14 1.7017047383e-13
1.4367675781e+02 1.8445684648e-11 1.8213223208e-11 6.2369442175e-14 1.7009199836e-13
1.4373779297e+02 1.8407171210e-11 1.8175064854e-11 6.2068080119e-14 1.7003827610e-13
1.4379882812e+02 1.8367831285e-11 1.8136221119e-11 6.1847442734e-14 1.6976272401e-13
1.4385986328e+02 1.8325421580e-11 1.8094707615e-11 6.1318471189e-14 1.6939549342e-13
1.4392089844e+02 1.8288336668e-11 1.8058297920e-11 6.1114072210e-14 1.6892467599e-13
1.4398193359e+02 1.8246757191e-11 1.8017254290e-11 6.1036304643e-14 1.6846659601e-13
1.4404296875e+02 1.8210308697e-11 1.7981261303e-11 6.0874403337e-14 1.6817299076e-13
1.4410400391e+02 1.8175801905e-11 1.7946824396e-11 6.0582259317e-14 1.6839524995e-13
1.4416503906e+02 1.8135917297e-11 1.7907100402e-11 6.0581626192e-14 1.6823526879e-13
1.4422607422e+02 1.8098189353e-11 1.7870141531e-11 6.0462101013e-14 1.6758572028e-13
1.4428710938e+02 1.8061226179e-11 1.7833850551e-11 6.0222024515e-14 1.6715360275e-13
1.4434814453e+02 1.8022092296e-11 1.7795002708e-11 6.0192045943e-14 1.6689754172e-13
1.4440917969e+02 1.7990428991e-11 1.7763722000e-11 5.9951063664e-14 1.6675592803e-13
1.4447021484e+02 1.7951101543e-11 1.7725266544e-11 5.9273759284e-14 1.6656123932e-13
1.4453125000e+02 1.7917001557e-11 1.7691441201e-11 5.9126677388e-14 1.6643367830e-13
1.4459228516e+02 1.7880092366e-11 1.7654846594e-11 5.9063522938e-14 1.6618224920e-13
1.4465332031e+02 1.7840411754e-11 1.7615845143e-11 5.8835853094e-14 1.6573075797e-13
1.4471435547e+02 1.7801526660e-11 1.7577364772e-11 5.8776332575e-14 1.6538555532e-13
1.4477539062e+02 1.7764462109e-11 1.7540400328e-11 5.8739408859e-14 1.6532237211e-13
1.4483642578e+02 1.7725411588e-11 1.7501857059e-11 5.8455434805e-14 1.6509909382e-13
1.4489746094e+02 1.7691160788e-11 1.7467878384e-11 5.8397236865e-14 1.6488516761e-13
1.4495849609e+02 1.7654849823e-11 1.7431555149e-11 5.8491998871e-14 1.6480267467e-13
1.4501953125e+02 1.7618940649e-11 1.7395980478e-11 5.8164067104e-14 1.6479610457e-13
1.4508056641e+02 1.7579940422e-11 1.7357506315e-11 5.7876127367e-14 1.6455797924e-13
1.4514160156e+02 1.7543201147e-11 1.7321027356e-11 5.8040151973e-14 1.6413363891e-13
1.4520263672e+02 1.7502084946e-11 1.7280308987e-11 5.8076115459e-14 1.6369984336e-13
1.4526367188e+02 1.7468027236e-11 1.7246681530e-11 5.8083185446e-14 1.6326252034e-13
1.4532470703e+02 1.7432246611e-11 1.7211618812e-11 5.7720003866e-14 1.6290779528e-13
1.4538574219e+02 1.7399123835e-11 1.7179185687e-11 5.7443323035e-14 1.6249482529e-13
1.4544677734e+02 1.7357675996e-11 1.7138139601e-11 5.7080809839e-14 1.6245558498e-13
1.4550781250e+02 1.7321888691e-11 1.7102682493e-11 5.6715475712e-14 1.6249072190e-13
1.4556884766e+02 1.7285927160e-11 1.7067348778e-11 5.6327256133e-14 1.6225112634e-13
1.4562988281e+02 1.7249797826e-11 1.7031697759e-11 5.6406222973e-14 1.6169384476e-13
1.4569091797e+02 1.7209864001e-11 1.6992751635e-11 5.5770961023e-14 1.6134140426e-13
1.4575195312e+02 1.7176964971e-11 1.6960322943e-11 5.5463661941e-14 1.6117836513e-13
1.4581298828e+02 1.7144465765e-11 1.6927929764e-11 5.5525774924e-14 1.6101022564e-13
1.4587402344e+02 1.7106283464e-11 1.6890291027e-11 5.5234297328e-14 1.6075813988e-13
1.4593505859e+02 1.7074559097e-11 1.6859112995e-11 5.5091988488e-14 1.6035411346e-13
1.4599609375e+02 1.7035669036e-11 1.6820709419e-11 5.5096072782e-14 1.5986354427e-13
1.4605712891e+02 1.6999766139e-11 1.6785289025e-11 5.4635108564e-14 1.5984200534e-13
1.4611816406e+02 1.6962654836e-11 1.6748374384e-11 5.4591770759e-14 1.5968868040e-13
1.4617919922e+02 1.6924752618e-11 1.6711091280e-11 5.4586799703e-14 1.5907453794e-13
1.4624023438e+02 1.6889680410e-11 1.6676652452e-11 5.4251409207e-14 1.5877654948e-13
1.4630126953e+02 1.6854265690e-11 1.6641274836e-11 5.4349309799e-14 1.5864154380e-13
1.4636230469e+02 1.6820893933e-11 1.6608085263e-11 5.4331563003e-14 1.5847710722e-13
1.4642333984e+02 1.6785089052e-11 1.6572799789e-11 5.4103804343e-14 1.5818545824e-13
1.4648437500e+02 1.6748770273e-11 1.6537045647e-11 5.3638724949e-14 1.5808590091e-13
1.4654541016e+02 1.6718429325e-11 1.6506822129e-11 5.3444902898e-14 1.5816229263e-13
1.4660644531e+02 1.6684681786e-11 1.6473274498e-11 5.3282959732e-14 1.5812432852e-13
1.4666748047e+02 1.6646986659e-11 1.6436195682e-11 5.3222529740e-14 1.5756844764e-13
1.4672851562e+02 1.6609604287e-11 1.6399340574e-11 5.3128660960e-14 1.5713505168e-13
1.4678955078e+02 1.6574792427e-11 1.6364745218e-11 5.3130543875e-14 1.5691666540e-13
1.4685058594e+02 1.6540151947e-11 1.6330686455e-11 5.2698063089e-14 1.5676742864e-13
1.4691162109e+02 1.6501518681e-11 1.6292540856e-11 5.2563211499e-14 1.5641461320e-13
1.4697265625e+02 1.6467756896e-11 1.6259087086e-11 5.2572601620e-14 1.5609720908e-13
1.4703369141e+02 1.6433672058e-11 1.6225453547e-11 5.2423724163e-14 1.5579478706e-13
1.4709472656e+02 1.6398917703e-11 1.6191029508e-11 5.2361619352e-14 1.5552657526e-13
1.4715576172e+02 1.6365902526e-11 1.6158253228e-11 5.2333573627e-14 1.5531572420e-13
1.4721679688e+02 1.6333045368e-11 1.6125950741e-11 5.2105289985e-14 1.5498933665e-13
1.4727783203e+02 1.6299129861e-11 1.6092469375e-11 5.2040203833e-14 1.5462028281e-13
1.4733886719e+02 1.6266975909e-11 1.6060573412e-11 5.1811814434e-14 1.5459068287e-13
1.4739990234e+02 1.6230817495e-11 1.6024625727e-11 5.1465137462e-14 1.5472663114e-13
1.4746093750e+02 1.6195472091e-11 1.5989497795e-11 5.1331760574e-14 1.5464253571e-13
1.4752197266e+02 1.6161244735e-11 1.5955776617e-11 5.1177624117e-14 1.5429049462e-13
1.4758300781e+02 1.6124745684e-11 1.5919908461e-11 5.0970926215e-14 1.5386629661e-13
1.4764404297e+02 1.6091985302e-11 1.5887697468e-11 5.0708445211e-14 1.5357938873e-13
1.4770507812e+02 1.6057608390e-11 1.5853646801e-11 5.0716913423e-14 1.5324467539e-13
1.4776611328e+02 1.6020519529e-11 1.5817047969e-11 5.0562520860e-14 1.5290904005e-13
1.4782714844e+02 1.5990478720e-11 1.5787680653e-11 5.0547299831e-14 1.5225076678e-13
1.4788818359e+02 1.5956065222e-11 1.5753599845e-11 5.0616405457e-14 1.5184897157e-13
1.4794921875e+02 1.5923475812e-11 1.5721127696e-11 5.0476026546e-14 1.5187208902e-13
1.4801025391e+02 1.5889053721e-11 1.5686759348e-11 5.0300669832e-14 1.5199370364e-13
1.4807128906e+02 1.5857212466e-11 1.5654990810e-11 5.0296253080e-14 1.5192540244e-13
1.4813232422e+02 1.5818381630e-11 1.5616753655e-11 5.0075124984e-14 1.5155285014e-13
1.4819335938e+02 1.5787071256e-11 1.5585861132e-11 4.9897408741e-14 1.5131271524e-13
1.4825439453e+02 1.5751601212e-11 1.5550808337e-11 4.9580269682e-14 1.5121260515e-13
1.4831542969e+02 1.5718239682e-11 1.5517918074e-11 4.9326372843e-14 1.5099523514e-13
1.4837646484e+02 1.5687278232e-11 1.5487320097e-11 4.9254357527e-14 1.5070377797e-13
1.4843750000e+02 1.5655379082e-11 1.5455740995e-11 4.9271656755e-14 1.5036642990e-13
1.4849853516e+02 1.5624231185e-11 1.5424920623e-11 4.9026831567e-14 1.5028373071e-13
1.4855957031e+02 1.5593303246e-11 1.5394472593e-11 4.8760113581e-14 1.5007053929e-13
1.4862060547e+02 1.5560831213e-11 1.5362316603e-11 4.9007167001e-14 1.4950744351e-13
1.4868164062e+02 1.5526766753e-11 1.5328830210e-11 4.8740776219e-14 1.4919576667e-13
1.4874267578e+02 1.5493199072e-11 1.5295670738e-11 4.8539369613e-14 1.4898896483e-13
1.4880371094e+02 1.5458486318e-11 1.5261295744e-11 4.8355721873e-14 1.4883485128e-13
1.4886474609e+02 1.5428236946e-11 1.5231554779e-11 4.8230548404e-14 1.4845161869e-13
1.4892578125e+02 1.5396532480e-11 1.5200025108e-11 4.8349006268e-14 1.4815836533e-13
1.4898681641e+02 1.5361098113e-11 1.5165106626e-11 4.8245560946e-14 1.4774592649e-13
1.4904785156e+02 1.5330202311e-11 1.5134531442e-11 4.7924288198e-14 1.4774658012e-13
1.4910888672e+02 1.5296832491e-11 1.5101259316e-11 4.7715006670e-14 1.4785816819e-13
1.4916992188e+02 1.5262059736e-11 1.5066647433e-11 4.7847462973e-14 1.4756484059e-13
1.4923095703e+02 1.5229115824e-11 1.5034293440e-11 4.7694830750e-14 1.4712755330e-13
1.4929199219e+02 1.5196212958e-11 1.5002249600e-11 4.7183015337e-14 1.4678034263e-13
1.4935302734e+02 1.5163512667e-11 1.4969560248e-11 4.7450602267e-14 1.4650181614e-13
1.4941406250e+02 1.5130828546e-11 1.4937452474e-11 4.7206336876e-14 1.4616973531e-13
1.4947509766e+02 1.5098728816e-11 1.4905884093e-11 4.7027036863e-14 1.4581768616e-13
1.4953613281e+02 1.5066573871e-11 1.4874127897e-11 4.6736389635e-14 1.4570958422e-13
1.4959716797e+02 1.5037276693e-11 1.4844938549e-11 4.6749335618e-14 1.4558880796e-13
1.4965820312e+02 1.5007582475e-11 1.4815410619e-11 4.6606197194e-14 1.4556565941e-13
1.4971923828e+02 1.4972174185e-11 1.4780292578e-11 4.6616664734e-14 1.4526494203e-13
1.4978027344e+02 1.4942608744e-11 1.4750991011e-11 4.6601126215e-14 1.4501660692e-13
1.4984130859e+02 1.4911930339e-11 1.4720532214e-11 4.6498958831e-14 1.4489916579e-13
1.4990234375e+02 1.4879572429e-11 1.4688468916e-11 4.6245933902e-14 1.4485757828e-13
1.4996337891e+02 1.4846567117e-11 1.4655933340e-11 4.6137688108e-14 1.4449608957e-13
1.5002441406e+02 1.4815588047e-11 1.4625355331e-11 4.6084162998e-14 1.4414855328e-13
1.5008544922e+02 1.4783645392e-11 1.4593825351e-11 4.5873471835e-14 1.4394656899e-13
1.5014648438e+02 1.4752539356e-11 1.4563024277e-11 4.5665430585e-14 1.4384964877e-13
1.5020751953e+02 1.4720748050e-11 1.4531164868e-11 4.5726720812e-14 1.4385646190e-13
1.5026855469e+02 1.4692845959e-11 1.4503892188e-11 4.5305582249e-14 1.4364818888e-13
1.5032958984e+02 1.4661789208e-11 1.4473328637e-11 4.5351119627e-14 1.4310945064e-13
1.5039062500e+02 1.4627942378e-11 1.4439781686e-11 4.5278254681e-14 1.4288243753e-13
1.5045166016e+02 1.4600333076e-11 1.4412419106e-11 4.5072801695e-14 1.4284116897e-13
1.5051269531e+02 1.4567506884e-11 1.4379780274e-11 4.5034407064e-14 1.4269220291e-13
1.5057373047e+02 1.4536575399e-11 1.4349038913e-11 4.5086650130e-14 1.4244983561e-13
1.5063476562e+02 1.4507388722e-11 1.4320485317e-11 4.4903189822e-14 1.4200021516e-13
1.5069580078e+02 1.4474845948e-11 1.4288238382e-11 4.4751535068e-14 1.4185603029e-13
1.5075683594e+02 1.4444724262e-11 1.4258443379e-11 4.4668043534e-14 1.4161283934e-13
1.5081787109e+02 1.4413552960e-11 1.4227624265e-11 4.4543662586e-14 1.4138503279e-13
1.5087890625e+02 1.4383138194e-11 1.4197731084e-11 4.4219329310e-14 1.4118778012e-13
1.5093994141e+02 1.4351716140e-11 1.4166808201e-11 4.4051077219e-14 1.4085686169e-13
1.5100097656e+02 1.4319189002e-11 1.4134417807e-11 4.4049401757e-14 1.4072179237e-13
1.5106201172e+02 1.4292568552e-11 1.4108012726e-11 4.3975064551e-14 1.4058076155e-13
1.5112304688e+02 1.4263621659e-11 1.4079735414e-11 4.3863331120e-14 1.4002291366e-13
1.5118408203e+02 1.4233431660e-11 1.4049929940e-11 4.3853549793e-14 1.3964817067e-13
1.5124511719e+02 1.4204937558e-11 1.4021568940e-11 4.3653497100e-14 1.3971512073e-13
1.5130615234e+02 1.4176074600e-11 1.3992885721e-11 4.3549425876e-14 1.3963945333e-13
1.5136718750e+02 1.4142341992e-11 1.3959450542e-11 4.3492204790e-14 1.3939924588e-13
1.5142822266e+02 1.4113102756e-11 1.3930563454e-11 4.3496820923e-14 1.3904248102e-13
1.5148925781e+02 1.4082717514e-11 1.3900409336e-11 4.3505046353e-14 1.3880313138e-13
1.5155029297e+02 1.4053035355e-11 1.3870963648e-11 4.3518223398e-14 1.3855348330e-13
1.5161132812e+02 1.4025353011e-11 1.3843291603e-11 4.3552229590e-14 1.3850917869e-13
1.5167236328e+02 1.3996237225e-11 1.3814714984e-11 4.3256055879e-14 1.3826618510e-13
1.5173339844e+02 1.3967279068e-11 1.3786093681e-11 4.3149596878e-14 1.3803579034e-13
1.5179443359e+02 1.3935594822e-11 1.3754839974e-11 4.2939916601e-14 1.3781493115e-13
1.5185546875e+02 1.3903722905e-11 1.3723296500e-11 4.2850496430e-14 1.3757590873e-13
1.5191650391e+02 1.3871259985e-11 1.3691603845e-11 4.2545049193e-14 1.3711109063e-13
1.5197753906e+02 1.3841213217e-11 1.3661864343e-11 4.2551901733e-14 1.3679697280e-13
1.5203857422e+02 1.3814122140e-11 1.3635036109e-11 4.2527133094e-14 1.3655889801e-13
1.5209960938e+02 1.3784211312e-11 1.3605314277e-11 4.2291273161e-14 1.3660576247e-13
1.5216064453e+02 1.3754875561e-11 1.3576083814e-11 4.2076510716e-14 1.3671523592e-13
1.5222167969e+02 1.3726986031e-11 1.3548471649e-11 4.2015969037e-14 1.3649841327e-13
1.5228271484e+02 1.3696246108e-11 1.3517885392e-11 4.2106394867e-14 1.3625432148e-13
1.5234375000e+02 1.3669189507e-11 1.3490970144e-11 4.2095968711e-14 1.3612339420e-13
1.5240478516e+02 1.3639757617e-11 1.3462110948e-11 4.2030667071e-14 1.3561600220e-13
1.5246582031e+02 1.3612107880e-11 1.3434804560e-11 4.2043941599e-14 1.3525937869e-13
1.5252685547e+02 1.3583059993e-11 1.3406074643e-11 4.2094517316e-14 1.3489083281e-13
1.5258789062e+02 1.3556283468e-11 1.3379804202e-11 4.1918540214e-14 1.3456072616e-13
1.5264892578e+02 1.3525350647e-11 1.3349358482e-11 4.1548473027e-14 1.3444369244e-13
1.5270996094e+02 1.3497193052e-11 1.3320906501e-11 4.1558130951e-14 1.3472842010e-13
1.5277099609e+02 1.3466454642e-11 1.3290460262e-11 4.1581584584e-14 1.3441279516e-13
1.5283203125e+02 1.3436643776e-11 1.3261464474e-11 4.1157403817e-14 1.3402189860e-13
1.5289306641e+02 1.3408796812e-11 1.3233985161e-11 4.0880699271e-14 1.3393095137e-13
1.5295410156e+02 1.3378996256e-11 1.3204135463e-11 4.0990810915e-14 1.3386998231e-13
1.5301513672e+02 1.3349327088e-11 1.3174608987e-11 4.0920646725e-14 1.3379745484e-13
1.5307617188e+02 1.3321754315e-11 1.3147603907e-11 4.0734828105e-14 1.3341557947e-13
1.5313720703e+02 1.3295580004e-11 1.3121738574e-11 4.0713154367e-14 1.3312827489e-13
1.5319824219e+02 1.3267320214e-11 1.3093444832e-11 4.0749111872e-14 1.3312627047e-13
1.5325927734e+02 1.3236670903e-11 1.3063124617e-11 4.0577897296e-14 1.3296838844e-13
1.5332031250e+02 1.3206169113e-11 1.3032977440e-11 4.0550435200e-14 1.3264123684e-13
1.5338134766e+02 1.3175802870e-11 1.3003107768e-11 4.0276792520e-14 1.3241830962e-13
1.5344238281e+02 1.3150107453e-11 1.2977509271e-11 4.0283142175e-14 1.3231503960e-13
1.5350341797e+02 1.3123527184e-11 1.2951175365e-11 4.0226130549e-14 1.3212568902e-13
1.5356445312e+02 1.3097357123e-11 1.2925411016e-11 4.0222998945e-14 1.3172310823e-13
1.5362548828e+02 1.3070597885e-11 1.2899216462e-11 4.0139686397e-14 1.3124173713e-13
1.5368652344e+02 1.3042847349e-11 1.2871838575e-11 4.0081210358e-14 1.3092756393e-13
1.5374755859e+02 1.3014720819e-11 1.2843639106e-11 4.0000238659e-14 1.3108147516e-13
1.5380859375e+02 1.2982814665e-11 1.2812139100e-11 3.9605086793e-14 1.3107047740e-13
1.5386962891e+02 1.2956443375e-11 1.2785974393e-11 3.9492063498e-14 1.3097691896e-13
1.5393066406e+02 1.2929897732e-11 1.2759678182e-11 3.9486497054e-14 1.3073305268e-13
1.5399169922e+02 1.2902281645e-11 1.2732609691e-11 3.9303552058e-14 1.3036840221e-13
1.5405273438e+02 1.2873499539e-11 1.2703826384e-11 3.9242645399e-14 1.3043050977e-13
1.5411376953e+02 1.2847106278e-11 1.2677649324e-11 3.9223317694e-14 1.3023363575e-13
1.5417480469e+02 1.2819731624e-11 1.2651111765e-11 3.9147216938e-14 1.2947264227e-13
1.5423583984e+02 1.2790675852e-11 1.2622484423e-11 3.9124779428e-14 1.2906664982e-13
1.5429687500e+02 1.2765572177e-11 1.2597489517e-11 3.9143004449e-14 1.2893965502e-13
1.5435791016e+02 1.2732989632e-11 1.2565246271e-11 3.9031560318e-14 1.2871180026e-13
1.5441894531e+02 1.2706305140e-11 1.2538771231e-11 3.8963205717e-14 1.2857070369e-13
1.5447998047e+02 1.2681861134e-11 1.2514510177e-11 3.8863808443e-14 1.2848714875e-13
1.5454101562e+02 1.2658584524e-11 1.2491476447e-11 3.8669446888e-14 1.2843863077e-13
1.5460205078e+02 1.2632925824e-11 1.2465963997e-11 3.8624042850e-14 1.2833778388e-13
1.5466308594e+02 1.2605908465e-11 1.2439523677e-11 3.8460470257e-14 1.2792431806e-13
1.5472412109e+02 1.2576926067e-11 1.2411293735e-11 3.8215294167e-14 1.2741703838e-13
1.5478515625e+02 1.2547930526e-11 1.2382295001e-11 3.8208101644e-14 1.2742742330e-13
1.5484619141e+02 1.2517656648e-11 1.2352014891e-11 3.8188647221e-14 1.2745311000e-13
1.5490722656e+02 1.2493693334e-11 1.2328230092e-11 3.8196136673e-14 1.2726710513e-13
1.5496826172e+02 1.2465806129e-11 1.2300838863e-11 3.8107480600e-14 1.2685978587e-13
1.5502929688e+02 1.2440149043e-11 1.2275462401e-11 3.8106221250e-14 1.2658042071e-13
1.5509033203e+02 1.2412645100e-11 1.2248297295e-11 3.8009038000e-14 1.2633876707e-13
1.5515136719e+02 1.2385300558e-11 1.2221036304e-11 3.7929589402e-14 1.2633466519e-13
1.5521240234e+02 1.2358104900e-11 1.2193857695e-11 3.8032215499e-14 1.2621498938e-13
1.5527343750e+02 1.2330559402e-11 1.2166871662e-11 3.7915352170e-14 1.2577238791e-13
1.5533447266e+02 1.2305817235e-11 1.2142421516e-11 3.7727814902e-14 1.2566790447e-13
1.5539550781e+02 1.2282736853e-11 1.2119423450e-11 3.7602157606e-14 1.2571124510e-13
1.5545654297e+02 1.2254257316e-11 1.2091442275e-11 3.7416749984e-14 1.2539829124e-13
1.5551757812e+02 1.2222891476e-11 1.2060440295e-11 3.7336880399e-14 1.2511430118e-13
1.5557861328e+02 1.2196283538e-11 1.2034340489e-11 3.7154020543e-14 1.2478902797e-13
1.5563964844e+02 1.2168931494e-11 1.2007187709e-11 3.7136602824e-14 1.2460718174e-13
1.5570068359e+02 1.2142786298e-11 1.1981292474e-11 3.7027627418e-14 1.2446619597e-13
1.5576171875e+02 1.2119447886e-11 1.1958117944e-11 3.7074698654e-14 1.2425524324e-13
1.5582275391e+02 1.2097370049e-11 1.1936213944e-11 3.7020093051e-14 1.2413601235e-13
1.5588378906e+02 1.2072611833e-11 1.1911851860e-11 3.6842690451e-14 1.2391728235e-13
1.5594482422e+02 1.2044944943e-11 1.1884310907e-11 3.6832220927e-14 1.2380181519e-13
1.5600585938e+02 1.2015600014e-11 1.1855198801e-11 3.6855737799e-14 1.2354547546e-13
1.5606689453e+02 1.1988271169e-11 1.1828267337e-11 3.6747869978e-14 1.2325596269e-13
1.5612792969e+02 1.1968041844e-11 1.1808109921e-11 3.6704651447e-14 1.2322727128e-13
1.5618896484e+02 1.1943883853e-11 1.1784460387e-11 3.6427761409e-14 1.2299570482e-13
1.5625000000e+02 1.1918270046e-11 1.1759245474e-11 3.6315559940e-14 1.2270901211e-13
1.5631103516e+02 1.1891239808e-11 1.1732482219e-11 3.6217479435e-14 1.2254010976e-13
1.5637207031e+02 1.1863800225e-11 1.1705297961e-11 3.5957905494e-14 1.2254435866e-13
1.5643310547e+02 1.1838075867e-11 1.1679709261e-11 3.5911503775e-14 1.2245510284e-13
1.5649414062e+02 1.1811964014e-11 1.1653917798e-11 3.5897225458e-14 1.2214899060e-13
1.5655517578e+02 1.1786666175e-11 1.1629183083e-11 3.5776788080e-14 1.2170630393e-13
1.5661621094e+02 1.1760620275e-11 1.1603758765e-11 3.5636822921e-14 1.2122468772e-13
1.5667724609e+02 1.1737121832e-11 1.1580397749e-11 3.5719996785e-14 1.2100408555e-13
1.5673828125e+02 1.1714343757e-11 1.1557531115e-11 3.5646472843e-14 1.2116616885e-13
1.5679931641e+02 1.1687053562e-11 1.1530152093e-11 3.5706832340e-14 1.2119463660e-13
1.5686035156e+02 1.1661055054e-11 1.1504705344e-11 3.5541618601e-14 1.2080809137e-13
1.5692138672e+02 1.1634637776e-11 1.1478614946e-11 3.5538790265e-14 1.2048403970e-13
1.5698242188e+02 1.1608355386e-11 1.1452142500e-11 3.5599039822e-14 1.2061384623e-13
1.5704345703e+02 1.1585088978e-11 1.1428952980e-11 3.5532222311e-14 1.2060377527e-13
1.5710449219e+02 1.1561117363e-11 1.1405243192e-11 3.5387842718e-14 1.2048632832e-13
1.5716552734e+02 1.1534784014e-11 1.1379091052e-11 3.5371782948e-14 1.2032117877e-13
1.5722656250e+02 1.1507760102e-11 1.1352658433e-11 3.5268729042e-14 1.1983293994e-13
1.5728759766e+02 1.1481446841e-11 1.1326992055e-11 3.5102041975e-14 1.1935274366e-13
1.5734863281e+02 1.1457991879e-11 1.1303993663e-11 3.5003808082e-14 1.1899440835e-13
1.5740966797e+02 1.1435101772e-11 1.1281391386e-11 3.4970126625e-14 1.1874025871e-13
1.5747070312e+02 1.1412272405e-11 1.1258538071e-11 3.4940797886e-14 1.1879353665e-13
1.5753173828e+02 1.1387967285e-11 1.1234354205e-11 3.4711007304e-14 1.1890207208e-13
1.5759277344e+02 1.1363481535e-11 1.1210255023e-11 3.4624159716e-14 1.1860235226e-13
1.5765380859e+02 1.1335970883e-11 1.1183136084e-11 3.4674130720e-14 1.1816066861e-13
1.5771484375e+02 1.1312809902e-11 1.1160098149e-11 3.4588742194e-14 1.1812301131e-13
1.5777587891e+02 1.1287327873e-11 1.1135067068e-11 3.4426165761e-14 1.1783463997e-13
1.5783691406e+02 1.1262396040e-11 1.1110531714e-11 3.4461762525e-14 1.1740256324e-13
1.5789794922e+02 1.1235547152e-11 1.1083630099e-11 3.4534411428e-14 1.1738264104e-13
1.5795898438e+02 1.1214816865e-11 1.1063347438e-11 3.4256111244e-14 1.1721331539e-13
1.5802001953e+02 1.1190472786e-11 1.1039266205e-11 3.4199339312e-14 1.1700724189e-13
1.5808105469e+02 1.1167598765e-11 1.1016363600e-11 3.4142208960e-14 1.1709295569e-13
1.5814208984e+02 1.1143680094e-11 1.0992561416e-11 3.4152400552e-14 1.1696627748e-13
1.5820312500e+02 1.1120903864e-11 1.0969910774e-11 3.4060050747e-14 1.1693303939e-13
1.5826416016e+02 1.1095328461e-11 1.0944911932e-11 3.3927972894e-14 1.1648855615e-13
1.5832519531e+02 1.1069441762e-11 1.0919561946e-11 3.3809008586e-14 1.1607080783e-13
1.5838623047e+02 1.1044131555e-11 1.0894261840e-11 3.3824910067e-14 1.1604480477e-13
1.5844726562e+02 1.1018287252e-11 1.0868814116e-11 3.3683106936e-14 1.1579002852e-13
1.5850830078e+02 1.0994027762e-11 1.0844777478e-11 3.3556589917e-14 1.1569369415e-13
1.5856933594e+02 1.0970565453e-11 1.0821290795e-11 3.3632958214e-14 1.1564169993e-13
1.5863037109e+02 1.0949214682e-11 1.0800032517e-11 3.3626018472e-14 1.1555614677e-13
1.5869140625e+02 1.0929054785e-11 1.0780096786e-11 3.3492411586e-14 1.1546558781e-13
1.5875244141e+02 1.0903310588e-11 1.0754287095e-11 3.3437877394e-14 1.1558561513e-13
1.5881347656e+02 1.0881906891e-11 1.0733113173e-11 3.3444553525e-14 1.1534916447e-13
1.5887451172e+02 1.0859578324e-11 1.0711223360e-11 3.3271913941e-14 1.1508305039e-13
1.5893554688e+02 1.0835045775e-11 1.0687075774e-11 3.3126705676e-14 1.1484329532e-13
1.5899658203e+02 1.0811314724e-11 1.0663833804e-11 3.3088376098e-14 1.1439254409e-13
1.5905761719e+02 1.0788601977e-11 1.0641563871e-11 3.2977716631e-14 1.1406038912e-13
1.5911865234e+02 1.0764163771e-11 1.0617113604e-11 3.2941502130e-14 1.1410866469e-13
1.5917968750e+02 1.0738761618e-11 1.0591955498e-11 3.2850465200e-14 1.1395565492e-13
1.5924072266e+02 1.0715286305e-11 1.0568678530e-11 3.2866703961e-14 1.1374107141e-13
1.5930175781e+02 1.0693870415e-11 1.0547611742e-11 3.2852666528e-14 1.1340600692e-13
1.5936279297e+02 1.0670135460e-11 1.0524082742e-11 3.2723597168e-14 1.1332912042e-13
1.5942382812e+02 1.0650124603e-11 1.0504202972e-11 3.2656099934e-14 1.1326553049e-13
1.5948486328e+02 1.0626174693e-11 1.0480393669e-11 3.2705440483e-14 1.1307558377e-13
1.5954589844e+02 1.0598208809e-11 1.0452813667e-11 3.2670327332e-14 1.1272481509e-13
1.5960693359e+02 1.0571821358e-11 1.0426873068e-11 3.2528130890e-14 1.1242015892e-13
1.5966796875e+02 1.0549272432e-11 1.0404455809e-11 3.2507975413e-14 1.1230864741e-13
1.5972900391e+02 1.0528044383e-11 1.0383484755e-11 3.2388453418e-14 1.1217117488e-13
1.5979003906e+02 1.0507392177e-11 1.0363025694e-11 3.2433279145e-14 1.1193320388e-13
1.5985107422e+02 1.0484414480e-11 1.0340313311e-11 3.2402875604e-14 1.1169829343e-13
1.5991210938e+02 1.0465004042e-11 1.0321240109e-11 3.2386980499e-14 1.1137695235e-13
1.5997314453e+02 1.0444004148e-11 1.0300380408e-11 3.2346562263e-14 1.1127717764e-13
1.6003417969e+02 1.0417540691e-11 1.0274318137e-11 3.2109535326e-14 1.1111301868e-13
1.6009521484e+02 1.0394556479e-11 1.0251716252e-11 3.2096581026e-14 1.1074364519e-13
1.6015625000e+02 1.0373917888e-11 1.0231181791e-11 3.1924478030e-14 1.1081161832e-13
1.6021728516e+02 1.0351811571e-11 1.0209090542e-11 3.1807924794e-14 1.1091310455e-13
1.6027832031e+02 1.0328970998e-11 1.0186207006e-11 3.1802383816e-14 1.1096160870e-13
1.6033935547e+02 1.0304907172e-11 1.0162472725e-11 3.1651776380e-14 1.1078267120e-13
1.6040039062e+02 1.0277754074e-11 1.0135680265e-11 3.1537752137e-14 1.1053605679e-13
1.6046142578e+02 1.0256138863e-11 1.0114347684e-11 3.1651508836e-14 1.1013967037e-13
1.6052246094e+02 1.0235167047e-11 1.0093738226e-11 3.1527829131e-14 1.0990099189e-13
1.6058349609e+02 1.0213313673e-11 1.0072095980e-11 3.1540073030e-14 1.0967762083e-13
1.6064453125e+02 1.0191956151e-11 1.0050895259e-11 3.1604856061e-14 1.0945603567e-13
1.6070556641e+02 1.0167607647e-11 1.0027003687e-11 3.1390515167e-14 1.0921344475e-13
1.6076660156e+02 1.0144557063e-11 1.0004214216e-11 3.1255368462e-14 1.0908747929e-13
1.6082763672e+02 1.0122953643e-11 9.9827861358e-12 3.1147274342e-14 1.0902023303e-13
1.6088867188e+02 1.0100511135e-11 9.9608058379e-12 3.0982394952e-14 1.0872290258e-13
1.6094970703e+02 1.0080530488e-11 9.9411850986e-12 3.1066116085e-14 1.0827927362e-13
1.6101074219e+02 1.0058087757e-11 9.9189843472e-12 3.1050144196e-14 1.0805326516e-13
1.6107177734e+02 1.0038154971e-11 9.8991191419e-12 3.0899662238e-14 1.0813616698e-13
1.6113281250e+02 1.0013690243e-11 9.8748667661e-12 3.0740275159e-14 1.0808320213e-13
1.6119384766e+02 9.9891404296e-12 9.8504380308e-12 3.0793459920e-14 1.0790893887e-13
1.6125488281e+02 9.9704406193e-12 9.8320509259e-12 3.0712060168e-14 1.0767763320e-13
1.6131591797e+02 9.9474337638e-12 9.8093454874e-12 3.0536588641e-14 1.0755168772e-13
1.6137695312e+02 9.9249792499e-12 9.7870558133e-12 3.0547177981e-14 1.0737625861e-13
1.6143798828e+02 9.9026755807e-12 9.7649525060e-12 3.0598025069e-14 1.0712504960e-13
1.6149902344e+02 9.8840085577e-12 9.7468392157e-12 3.0329756587e-14 1.0683958541e-13
1.6156005859e+02 9.8635730320e-12 9.7264457655e-12 3.0339915453e-14 1.0678735101e-13
1.6162109375e+02 9.8411100890e-12 9.7041255561e-12 3.0317947402e-14 1.0666658548e-13
1.6168212891e+02 9.8221416277e-12 9.6852527398e-12 3.0259520144e-14 1.0662936776e-13
1.6174316406e+02 9.8018517234e-12 9.6649390921e-12 3.0272867429e-14 1.0663976386e-13
1.6180419922e+02 9.7785085456e-12 9.6418543634e-12 3.0201650954e-14 1.0645253122e-13
1.6186523438e+02 9.7555284742e-12 9.6188912812e-12 3.0183179747e-14 1.0645401325e-13
1.6192626953e+02 9.7380184288e-12 9.6013726255e-12 3.0220168520e-14 1.0642563478e-13
1.6198730469e+02 9.7157791039e-12 9.5794624538e-12 3.0115099919e-14 1.0620155022e-13
1.6204833984e+02 9.6912133800e-12 9.5555261310e-12 3.0013028382e-14 1.0567422062e-13
1.6210937500e+02 9.6685928611e-12 9.5331123289e-12 3.0009514126e-14 1.0547101816e-13
1.6217041016e+02 9.6487633786e-12 9.5133632214e-12 2.9957118066e-14 1.0544303910e-13
1.6223144531e+02 9.6264568956e-12 9.4913536724e-12 2.9761044521e-14 1.0534217876e-13
1.6229248047e+02 9.6056618208e-12 9.4708866037e-12 2.9669879849e-14 1.0510533725e-13
1.6235351562e+02 9.5860231524e-12 9.4515470878e-12 2.9621239511e-14 1.0485482513e-13
1.6241455078e+02 9.5643375737e-12 9.4301100304e-12 2.9545512622e-14 1.0468203064e-13
1.6247558594e+02 9.5425534226e-12 9.4084093726e-12 2.9530643264e-14 1.0461340672e-13
1.6253662109e+02 9.5226524277e-12 9.3884997802e-12 2.9673895785e-14 1.0447875171e-13
1.6259765625e+02 9.5024178889e-12 9.3687064305e-12 2.9617891200e-14 1.0409356722e-13
1.6265869141e+02 9.4770397695e-12 9.3438974332e-12 2.9573114994e-14 1.0356922128e-13
1.6271972656e+02 9.4602781211e-12 9.3274776379e-12 2.9425731125e-14 1.0337475206e-13
1.6278076172e+02 9.4439537923e-12 9.3113866367e-12 2.9301456367e-14 1.0326569920e-13
1.6284179688e+02 9.4221673228e-12 9.2898326212e-12 2.9195500744e-14 1.0313920089e-13
1.6290283203e+02 9.4002712014e-12 9.2679105941e-12 2.9260794551e-14 1.0309981273e-13
1.6296386719e+02 9.3806232155e-12 9.2485311624e-12 2.9069011418e-14 1.0302304174e-13
1.6302490234e+02 9.3578366173e-12 9.2259046556e-12 2.9032829543e-14 1.0289913218e-13
1.6308593750e+02 9.3345682432e-12 9.2029599480e-12 2.8936118130e-14 1.0267217704e-13
1.6314697266e+02 9.3119210733e-12 9.1808430378e-12 2.8861147026e-14 1.0221688854e-13
1.6320800781e+02 9.2883219663e-12 9.1575146976e-12 2.8854443660e-14 1.0195282511e-13
1.6326904297e+02 9.2673266445e-12 9.1365735957e-12 2.8748615383e-14 1.0200443342e-13
1.6333007812e+02 9.2506891134e-12 9.1199875656e-12 2.8675167310e-14 1.0202638049e-13
1.6339111328e+02 9.2328685276e-12 9.1019335232e-12 2.8768989445e-14 1.0216601497e-13
1.6345214844e+02 9.2089297709e-12 9.0782609384e-12 2.8689233406e-14 1.0197959912e-13
1.6351318359e+02 9.1884710015e-12 9.0581610246e-12 2.8490615528e-14 1.0181936138e-13
1.6357421875e+02 9.1720265439e-12 9.0419880777e-12 2.8435728837e-14 1.0160273737e-13
1.6363525391e+02 9.1474092444e-12 9.0176270843e-12 2.8456527403e-14 1.0132563274e-13
1.6369628906e+02 9.1275665905e-12 8.9983827715e-12 2.8351324202e-14 1.0083249485e-13
1.6375732422e+02 9.1091231292e-12 8.9799681756e-12 2.8402299159e-14 1.0075265445e-13
1.6381835938e+02 9.0891575295e-12 8.9600289178e-12 2.8349423724e-14 1.0077918794e-13
1.6387939453e+02 9.0680398943e-12 8.9392799996e-12 2.8142799688e-14 1.0061709510e-13
1.6394042969e+02 9.0485795302e-12 8.9200856078e-12 2.8119339871e-14 1.0037458252e-13
1.6400146484e+02 9.0289352131e-12 8.9007337319e-12 2.8026768831e-14 1.0017471236e-13
1.6406250000e+02 9.0079444165e-12 8.8801012112e-12 2.7842771315e-14 1.0000043405e-13
1.6412353516e+02 8.9934007207e-12 8.8656331048e-12 2.7872132748e-14 9.9895483167e-14
1.6418457031e+02 8.9730245911e-12 8.8452984987e-12 2.7932468760e-14 9.9793623609e-14
1.6424560547e+02 8.9500044913e-12 8.8227496095e-12 2.7834191499e-14 9.9420690309e-14
1.6430664062e+02 8.9261980873e-12 8.7993717811e-12 2.7660216853e-14 9.9166089391e-14
1.6436767578e+02 8.9051537986e-12 8.7784032171e-12 2.7726586289e-14 9.9023995230e-14
1.6442871094e+02 8.8877047458e-12 8.7613285812e-12 2.7637829909e-14 9.8738334671e-14
1.6448974609e+02 8.8694472011e-12 8.7433542968e-12 2.7519244471e-14 9.8573659913e-14
1.6455078125e+02 8.8536533349e-12 8.7273568400e-12 2.7690352553e-14 9.8606142348e-14
1.6461181641e+02 8.8356444444e-12 8.7092792333e-12 2.7648909858e-14 9.8716301289e-14
1.6467285156e+02 8.8157954372e-12 8.6896180253e-12 2.7574699083e-14 9.8602712791e-14
1.6473388672e+02 8.7967063127e-12 8.6709473709e-12 2.7432763385e-14 9.8326178436e-14
1.6479492188e+02 8.7778637675e-12 8.6522028360e-12 2.7414182948e-14 9.8246748595e-14
1.6485595703e+02 8.7554760824e-12 8.6300547549e-12 2.7257631383e-14 9.8163696106e-14
1.6491699219e+02 8.7342786263e-12 8.6090735689e-12 2.7366895667e-14 9.7838161650e-14
1.6497802734e+02 8.7150772917e-12 8.5899760494e-12 2.7291882884e-14 9.7809359422e-14
1.6503906250e+02 8.6962737674e-12 8.5711855870e-12 2.7150881382e-14 9.7937298934e-14
1.6510009766e+02 8.6776884114e-12 8.5526994998e-12 2.7069060458e-14 9.7919851125e-14
1.6516113281e+02 8.6574840049e-12 8.5328835220e-12 2.6924783840e-14 9.7675699062e-14
1.6522216797e+02 8.6385468684e-12 8.5142738385e-12 2.6893679906e-14 9.7379350008e-14
1.6528320312e+02 8.6189691430e-12 8.4950152025e-12 2.6897440279e-14 9.7056500270e-14
1.6534423828e+02 8.6022097698e-12 8.4779849353e-12 2.7091316186e-14 9.7133518363e-14
1.6540527344e+02 8.5844357265e-12 8.4605762388e-12 2.6871490795e-14 9.6987996884e-14
1.6546630859e+02 8.5641979538e-12 8.4408592150e-12 2.6780493806e-14 9.6558245013e-14
1.6552734375e+02 8.5448867814e-12 8.4220098171e-12 2.6738139628e-14 9.6138824705e-14
1.6558837891e+02 8.5261699281e-12 8.4033255090e-12 2.6794272433e-14 9.6050146707e-14
1.6564941406e+02 8.5044897720e-12 8.3819994603e-12 2.6655219895e-14 9.5835091812e-14
1.6571044922e+02 8.4859799122e-12 8.3636325307e-12 2.6608772735e-14 9.5738608727e-14
1.6577148438e+02 8.4673421508e-12 8.3450721670e-12 2.6491035320e-14 9.5778948449e-14
1.6583251953e+02 8.4504208198e-12 8.3281449955e-12 2.6587200032e-14 9.5688624241e-14
1.6589355469e+02 8.4280710067e-12 8.3062200819e-12 2.6460440208e-14 9.5390484563e-14
1.6595458984e+02 8.4116743096e-12 8.2903000077e-12 2.6368425144e-14 9.5005876805e-14
1.6601562500e+02 8.3946340532e-12 8.2737712415e-12 2.6233091290e-14 9.4629720393e-14
1.6607666016e+02 8.3732024243e-12 8.2523594322e-12 2.6163121849e-14 9.4679870254e-14
1.6613769531e+02 8.3552504401e-12 8.2340890024e-12 2.6240389832e-14 9.4921047952e-14
1.6619873047e+02 8.3367474877e-12 8.2160301105e-12 2.6128113078e-14 9.4589264127e-14
1.6625976562e+02 8.3169096611e-12 8.1964471415e-12 2.6130144829e-14 9.4332374737e-14
1.6632080078e+02 8.2983483806e-12 8.1780100508e-12 2.6080454534e-14 9.4257875193e-14
1.6638183594e+02 8.2801869971e-12 8.1599514392e-12 2.6009198914e-14 9.4226358975e-14
1.6644287109e+02 8.2614105128e-12 8.1413133408e-12 2.5992639019e-14 9.4104533037e-14
1.6650390625e+02 8.2425439503e-12 8.1226040113e-12 2.5978495984e-14 9.3961443032e-14
1.6656494141e+02 8.2258204723e-12 8.1060907907e-12 2.5937927403e-14 9.3791754185e-14
1.6662597656e+02 8.2099188770e-12 8.0904011646e-12 2.5810908358e-14 9.3706803979e-14
1.6668701172e+02 8.1925050643e-12 8.0731197261e-12 2.5747231276e-14 9.3638106924e-14
1.6674804688e+02 8.1738326449e-12 8.0548505775e-12 2.5604790731e-14 9.3377276698e-14
1.6680908203e+02 8.1565569316e-12 8.0379315841e-12 2.5657485227e-14 9.2967862318e-14
1.6687011719e+02 8.1395100861e-12 8.0212704304e-12 2.5561139235e-14 9.2678516535e-14
1.6693115234e+02 8.1187788037e-12 8.0006917961e-12 2.5455054350e-14 9.2631953215e-14
1.6699218750e+02 8.0995316368e-12 7.9811301610e-12 2.5644885208e-14 9.2756590628e-14
1.6705322266e+02 8.0817593402e-12 7.9635223262e-12 2.5562571634e-14 9.2674442408e-14
1.6711425781e+02 8.0643717124e-12 7.9464759376e-12 2.5361183482e-14 9.2534591323e-14
1.6717529297e+02 8.0469918260e-12 7.9293050995e-12 2.5360755534e-14 9.2325971005e-14
1.6723632812e+02 8.0283116468e-12 7.9107164137e-12 2.5367169815e-14 9.2228063352e-14
1.6729736328e+02 8.0116646844e-12 7.8940853126e-12 2.5374185831e-14 9.2205186053e-14
1.6735839844e+02 7.9925520424e-12 7.8754184060e-12 2.5175288783e-14 9.1958347606e-14
1.6741943359e+02 7.9757254831e-12 7.8589052191e-12 2.5153052587e-14 9.1667211369e-14
1.6748046875e+02 7.9577001796e-12 7.8410624035e-12 2.5215143163e-14 9.1422632987e-14
1.6754150391e+02 7.9399827914e-12 7.8234919269e-12 2.5173543800e-14 9.1317320729e-14
1.6760253906e+02 7.9215328884e-12 7.8053979767e-12 2.5074618452e-14 9.1060293273e-14
1.6766357422e+02 7.9028404696e-12 7.7866833776e-12 2.4961023553e-14 9.1196068384e-14
1.6772460938e+02 7.8860293080e-12 7.7696180419e-12 2.5079475630e-14 9.1331790537e-14
1.6778564453e+02 7.8675192542e-12 7.7515420957e-12 2.4973825096e-14 9.1003333331e-14
1.6784667969e+02 7.8508587293e-12 7.7353903610e-12 2.4838613216e-14 9.0629755098e-14
1.6790771484e+02 7.8306087252e-12 7.7155716652e-12 2.4775191761e-14 9.0261868170e-14
1.6796875000e+02 7.8122387488e-12 7.6975360851e-12 2.4735802326e-14 8.9966861423e-14
1.6802978516e+02 7.7973558123e-12 7.6827929044e-12 2.4597062154e-14 8.9965845681e-14
1.6809082031e+02 7.7828316880e-12 7.6682130984e-12 2.4512342706e-14 9.0106246934e-14
1.6815185547e+02 7.7658066546e-12 7.6512000914e-12 2.4453770870e-14 9.0152792296e-14
1.6821289062e+02 7.7480710985e-12 7.6336204597e-12 2.4498929292e-14 8.9951709454e-14
1.6827392578e+02 7.7312794953e-12 7.6168369414e-12 2.4450520174e-14 8.9992033697e-14
1.6833496094e+02 7.7116857889e-12 7.5973274793e-12 2.4329312956e-14 9.0028996690e-14
1.6839599609e+02 7.6934593521e-12 7.5796375370e-12 2.4299450940e-14 8.9522364156e-14
1.6845703125e+02 7.6758552352e-12 7.5624119555e-12 2.4242811812e-14 8.9200467868e-14
1.6851806641e+02 7.6602031716e-12 7.5469098253e-12 2.4383655483e-14 8.8909690816e-14
1.6857910156e+02 7.6434305068e-12 7.5304433402e-12 2.4291665558e-14 8.8695500984e-14
1.6864013672e+02 7.6261470432e-12 7.5132365496e-12 2.4178522512e-14 8.8731971077e-14
1.6870117188e+02 7.6093839763e-12 7.4965234356e-12 2.4191282234e-14 8.8669258401e-14
1.6876220703e+02 7.5899152570e-12 7.4772054258e-12 2.4048313958e-14 8.8661517259e-14
1.6882324219e+02 7.5738312989e-12 7.4610762993e-12 2.3975248775e-14 8.8779750783e-14
1.6888427734e+02 7.5588359921e-12 7.4464270491e-12 2.3985567515e-14 8.8423375489e-14
1.6894531250e+02 7.5405391085e-12 7.4287200126e-12 2.3971567051e-14 8.7847528825e-14
1.6900634766e+02 7.5204551827e-12 7.4090546647e-12 2.3822814610e-14 8.7577703449e-14
1.6906738281e+02 7.5045180601e-12 7.3933056987e-12 2.3828798403e-14 8.7383562995e-14
1.6912841797e+02 7.4895283561e-12 7.3784880972e-12 2.3902019629e-14 8.7138239282e-14
1.6918945312e+02 7.4731591406e-12 7.3623542651e-12 2.3803556162e-14 8.7001319355e-14
1.6925048828e+02 7.4561393420e-12 7.3453048367e-12 2.3872266305e-14 8.6962238975e-14
1.6931152344e+02 7.4379936543e-12 7.3271361748e-12 2.3785445213e-14 8.7072034310e-14
1.6937255859e+02 7.4228041047e-12 7.3118658801e-12 2.3787074192e-14 8.7151150405e-14
1.6943359375e+02 7.4049951116e-12 7.2942626112e-12 2.3665658873e-14 8.7066841441e-14
1.6949462891e+02 7.3861068727e-12 7.2757800532e-12 2.3440980199e-14 8.6885839236e-14
1.6955566406e+02 7.3708857543e-12 7.2610527555e-12 2.3434919490e-14 8.6398079315e-14
1.6961669922e+02 7.3547776062e-12 7.2450135139e-12 2.3404894309e-14 8.6359197997e-14
1.6967773438e+02 7.3386317310e-12 7.2286554321e-12 2.3521099634e-14 8.6455199307e-14
1.6973876953e+02 7.3211006033e-12 7.2114964390e-12 2.3313491044e-14 8.6290673301e-14
1.6979980469e+02 7.3046755448e-12 7.1951967910e-12 2.3396226108e-14 8.6082527697e-14
1.6986083984e+02 7.2884476468e-12 7.1790895879e-12 2.3455121206e-14 8.5902937691e-14
1.6992187500e+02 7.2718301779e-12 7.1626414447e-12 2.3311013129e-14 8.5877720005e-14
1.6998291016e+02 7.2550227708e-12 7.1458716734e-12 2.3298391868e-14 8.5852705586e-14
1.7004394531e+02 7.2387137737e-12 7.1296188594e-12 2.3356227498e-14 8.5738686764e-14
1.7010498047e+02 7.2244426407e-12 7.1153702642e-12 2.3334229686e-14 8.5738146812e-14
1.7016601562e+02 7.2059755089e-12 7.0972838679e-12 2.3261384217e-14 8.5430256819e-14
1.7022705078e+02 7.1874827845e-12 7.0792394085e-12 2.3074521610e-14 8.5168854368e-14
1.7028808594e+02 7.1701921161e-12 7.0620118419e-12 2.3059557071e-14 8.5120717118e-14
1.7034912109e+02 7.1559616669e-12 7.0477437300e-12 2.2999966080e-14 8.5217970857e-14
1.7041015625e+02 7.1421131005e-12 7.0341590713e-12 2.2911600241e-14 8.5042428946e-14
1.7047119141e+02 7.1275708361e-12 7.0201264488e-12 2.2883848119e-14 8.4560539173e-14
1.7053222656e+02 7.1106901648e-12 7.0035080019e-12 2.2815726661e-14 8.4366436227e-14
1.7059326172e+02 7.0919703952e-12 6.9847798288e-12 2.2790600094e-14 8.4399966281e-14
1.7065429688e+02 7.0752038359e-12 6.9682652645e-12 2.2666428782e-14 8.4272142557e-14
1.7071533203e+02 7.0595616706e-12 6.9530816551e-12 2.2531593479e-14 8.3948422022e-14
1.7077636719e+02 7.0439196272e-12 6.9375619612e-12 2.2603488332e-14 8.3754177709e-14
1.7083740234e+02 7.0300178574e-12 6.9237512736e-12 2.2712661765e-14 8.3553922030e-14
1.7089843750e+02 7.0153562124e-12 6.9091601399e-12 2.2692763227e-14 8.3503309242e-14
1.7095947266e+02 7.0003229987e-12 6.8940204581e-12 2.2617650297e-14 8.3684890351e-14
1.7102050781e+02 6.9843343065e-12 6.8782296955e-12 2.2549095049e-14 8.3555515946e-14
1.7108154297e+02 6.9705691338e-12 6.8648478100e-12 2.2483892893e-14 8.3237430895e-14
1.7114257812e+02 6.9555813737e-12 6.8501278667e-12 2.2439274419e-14 8.3014232656e-14
1.7120361328e+02 6.9377892521e-12 6.8324456675e-12 2.2448185321e-14 8.2895399213e-14
1.7126464844e+02 6.9197337363e-12 6.8142977143e-12 2.2443999349e-14 8.2992022589e-14
1.7132568359e+02 6.9027876426e-12 6.7973437885e-12 2.2352300754e-14 8.3091553344e-14
1.7138671875e+02 6.8883326524e-12 6.7830799069e-12 2.2251501395e-14 8.3001244137e-14
1.7144775391e+02 6.8725965609e-12 6.7678329065e-12 2.2102017539e-14 8.2661636880e-14
1.7150878906e+02 6.8570391410e-12 6.7526670474e-12 2.2029399121e-14 8.2342694470e-14
1.7156982422e+02 6.8396751562e-12 6.7354705191e-12 2.2040374359e-14 8.2164262762e-14
1.7163085938e+02 6.8237068138e-12 6.7198289753e-12 2.2013200656e-14 8.1864637793e-14
1.7169189453e+02 6.8079073962e-12 6.7040498621e-12 2.1919025897e-14 8.1938508159e-14
1.7175292969e+02 6.7924467798e-12 6.6884513144e-12 2.2019320013e-14 8.1976145341e-14
1.7181396484e+02 6.7769722432e-12 6.6733538028e-12 2.1980395770e-14 8.1638044595e-14
1.7187500000e+02 6.7630325586e-12 6.6597344665e-12 2.1794071137e-14 8.1504020977e-14
1.7193603516e+02 6.7482992939e-12 6.6448949055e-12 2.1750231399e-14 8.1654157025e-14
1.7199707031e+02 6.7318598780e-12 6.6284989586e-12 2.1833533997e-14 8.1527385402e-14
1.7205810547e+02 6.7163468998e-12 6.6133710322e-12 2.1807640911e-14 8.1168226707e-14
1.7211914062e+02 6.7016045032e-12 6.5991866777e-12 2.1645813651e-14 8.0772011865e-14
1.7218017578e+02 6.6876848486e-12 6.5855529153e-12 2.1589807475e-14 8.0542125832e-14
1.7224121094e+02 6.6729104239e-12 6.5709605632e-12 2.1704614467e-14 8.0245246265e-14
1.7230224609e+02 6.6573634324e-12 6.5555724546e-12 2.1618315556e-14 8.0172662191e-14
1.7236328125e+02 6.6419320377e-12 6.5402554817e-12 2.1495005251e-14 8.0181550782e-14
1.7242431641e+02 6.6265189830e-12 6.5246641066e-12 2.1574004398e-14 8.0280872049e-14
1.7248535156e+02 6.6106828379e-12 6.5091262845e-12 2.1555253609e-14 8.0001299721e-14
1.7254638672e+02 6.5953156710e-12 6.4939616826e-12 2.1534315517e-14 7.9819672919e-14
1.7260742188e+02 6.5818581976e-12 6.4805863819e-12 2.1458120806e-14 7.9813694905e-14
1.7266845703e+02 6.5674771027e-12 6.4661380094e-12 2.1428907198e-14 7.9910186097e-14
1.7272949219e+02 6.5499782105e-12 6.4487511865e-12 2.1342413700e-14 7.9884610311e-14
1.7279052734e+02 6.5337042527e-12 6.4328142868e-12 2.1407987064e-14 7.9481978821e-14
1.7285156250e+02 6.5175446887e-12 6.4169372551e-12 2.1411174758e-14 7.9196258894e-14
1.7291259766e+02 6.5019209169e-12 6.4013289878e-12 2.1264158888e-14 7.9327770134e-14
1.7297363281e+02 6.4904898004e-12 6.3897865282e-12 2.1104817440e-14 7.9598454775e-14
1.7303466797e+02 6.4798541489e-12 6.3790549318e-12 2.1079382534e-14 7.9719834498e-14
1.7309570312e+02 6.4646305335e-12 6.3643243839e-12 2.0996310017e-14 7.9309839656e-14
1.7315673828e+02 6.4504907058e-12 6.3504669259e-12 2.1063802875e-14 7.8959977008e-14
1.7321777344e+02 6.4373920956e-12 6.3373347183e-12 2.1137215606e-14 7.8920161754e-14
1.7327880859e+02 6.4205608944e-12 6.3206977585e-12 2.0953475680e-14 7.8909660297e-14
1.7333984375e+02 6.4053778603e-12 6.3059163510e-12 2.0974563664e-14 7.8486945588e-14
1.7340087891e+02 6.3918294793e-12 6.2928141487e-12 2.1015544214e-14 7.7999786451e-14
1.7346191406e+02 6.3800070857e-12 6.2810261283e-12 2.0909923622e-14 7.8071033793e-14
1.7352294922e+02 6.3625915871e-12 6.2635541799e-12 2.0836987914e-14 7.8200419287e-14
1.7358398438e+02 6.3489916680e-12 6.2498215055e-12 2.0901726822e-14 7.8268435664e-14
1.7364501953e+02 6.3350058350e-12 6.2359420729e-12 2.0843670212e-14 7.8220091841e-14
1.7370605469e+02 6.3208935473e-12 6.2222099301e-12 2.0693817984e-14 7.7989799304e-14
1.7376708984e+02 6.3053011510e-12 6.2069617395e-12 2.0658658320e-14 7.7680753210e-14
1.7382812500e+02 6.2922150726e-12 6.1941905441e-12 2.0677701896e-14 7.7346826625e-14
1.7388916016e+02 6.2772937110e-12 6.1796517374e-12 2.0607902751e-14 7.7034070894e-14
1.7395019531e+02 6.2637354425e-12 6.1662732279e-12 2.0511932245e-14 7.6950282361e-14
1.7401123047e+02 6.2469060694e-12 6.1493750630e-12 2.0533051041e-14 7.6997955325e-14
1.7407226562e+02 6.2327809637e-12 6.1354874202e-12 2.0532279815e-14 7.6761263636e-14
1.7413330078e+02 6.2164494200e-12 6.1193503245e-12 2.0482586391e-14 7.6616509102e-14
1.7419433594e+02 6.2027454332e-12 6.1057294869e-12 2.0306320281e-14 7.6709626080e-14
1.7425537109e+02 6.1895937030e-12 6.0925240007e-12 2.0361348624e-14 7.6708353686e-14
1.7431640625e+02 6.1785228125e-12 6.0816024175e-12 2.0327934859e-14 7.6592460133e-14
1.7437744141e+02 6.1652472829e-12 6.0686906127e-12 2.0262071223e-14 7.6294599027e-14
1.7443847656e+02 6.1488569752e-12 6.0527308313e-12 2.0171064909e-14 7.5955079054e-14
1.7449951172e+02 6.1336323939e-12 6.0377207292e-12 2.0177899350e-14 7.5733765338e-14
1.7456054688e+02 6.1191273694e-12 6.0230385162e-12 2.0221550736e-14 7.5867302509e-14
1.7462158203e+02 6.1039776617e-12 6.0075457833e-12 2.0217167864e-14 7.6214710533e-14
1.7468261719e+02 6.0909529839e-12 5.9947307133e-12 2.0141532644e-14 7.6080737962e-14
1.7474365234e+02 6.0769081222e-12 5.9810937088e-12 2.0065818756e-14 7.5748594671e-14
1.7480468750e+02 6.0603978516e-12 5.9647510064e-12 2.0159947282e-14 7.5486897905e-14
1.7486572266e+02 6.0498192794e-12 5.9545214985e-12 2.0059792480e-14 7.5237988415e-14
1.7492675781e+02 6.0365239439e-12 5.9415786104e-12 1.9900579930e-14 7.5044753620e-14
1.7498779297e+02 6.0222744295e-12 5.9275143545e-12 1.9811269425e-14 7.4948805584e-14
1.7504882812e+02 6.0062123169e-12 5.9114508207e-12 1.9818451694e-14 7.4943044449e-14
1.7510986328e+02 5.9932160773e-12 5.8987331878e-12 1.9792368615e-14 7.4690520843e-14
1.7517089844e+02 5.9806821239e-12 5.8864549678e-12 1.9734432667e-14 7.4492723436e-14
1.7523193359e+02 5.9674113163e-12 5.8730031366e-12 1.9725034782e-14 7.4683144985e-14
1.7529296875e+02 5.9544980800e-12 5.8601184453e-12 1.9697183066e-14 7.4682451672e-14
1.7535400391e+02 5.9410720973e-12 5.8471180043e-12 1.9626086768e-14 7.4328006303e-14
1.7541503906e+02 5.9272517306e-12 5.8336354947e-12 1.9542440126e-14 7.4073795763e-14
1.7547607422e+02 5.9134921924e-12 5.8199973778e-12 1.9610238879e-14 7.3884575673e-14
1.7553710938e+02 5.8996723498e-12 5.8064502395e-12 1.9530946846e-14 7.3691163463e-14
1.7559814453e+02 5.8869102424e-12 5.7936090144e-12 1.9586728614e-14 7.3714499371e-14
1.7565917969e+02 5.8714447024e-12 5.7781652916e-12 1.9510635820e-14 7.3768774961e-14
1.7572021484e+02 5.8576774700e-12 5.7642548198e-12 1.9575507142e-14 7.3847143048e-14
1.7578125000e+02 5.8428240554e-12 5.7496675344e-12 1.9411495187e-14 7.3745025814e-14
1.7584228516e+02 5.8305987041e-12 5.7378057422e-12 1.9370113608e-14 7.3422848295e-14
1.7590332031e+02 5.8144753463e-12 5.7217131143e-12 1.9312752549e-14 7.3449479496e-14
1.7596435547e+02 5.8020576241e-12 5.7090676678e-12 1.9386729003e-14 7.3603227254e-14
1.7602539062e+02 5.7917616702e-12 5.6990370375e-12 1.9338598495e-14 7.3386034199e-14
1.7608642578e+02 5.7785030420e-12 5.6860343559e-12 1.9226418665e-14 7.3242267467e-14
1.7614746094e+02 5.7656243920e-12 5.6732432432e-12 1.9191164638e-14 7.3189984173e-14
1.7620849609e+02 5.7543807384e-12 5.6620660169e-12 1.9235626693e-14 7.3079094781e-14
1.7626953125e+02 5.7416566855e-12 5.6496192153e-12 1.9158193980e-14 7.2879276263e-14
1.7633056641e+02 5.7280332352e-12 5.6363122731e-12 1.9085681219e-14 7.2635280943e-14
1.7639160156e+02 5.7119421341e-12 5.6204271206e-12 1.9028606572e-14 7.2486406925e-14
1.7645263672e+02 5.6980468943e-12 5.6066911847e-12 1.8962085822e-14 7.2393623714e-14
1.7651367188e+02 5.6832285143e-12 5.5920048475e-12 1.9020600196e-14 7.2203066624e-14
1.7657470703e+02 5.6704753628e-12 5.5795477261e-12 1.8875938255e-14 7.2051698448e-14
1.7663574219e+02 5.6581852044e-12 5.5673216609e-12 1.8868929186e-14 7.1994614245e-14
1.7669677734e+02 5.6439725869e-12 5.5531103787e-12 1.8856729902e-14 7.2005478327e-14
1.7675781250e+02 5.6304511488e-12 5.5395776923e-12 1.8963354141e-14 7.1910102345e-14
1.7681884766e+02 5.6199316724e-12 5.5292831597e-12 1.8831213762e-14 7.1817298963e-14
1.7687988281e+02 5.6065952611e-12 5.5161042503e-12 1.8792502614e-14 7.1698508166e-14
1.7694091797e+02 5.5943689276e-12 5.5039498614e-12 1.8835649235e-14 7.1583417035e-14
1.7700195312e+02 5.5807319723e-12 5.4904545895e-12 1.8833211577e-14 7.1444171278e-14
1.7706298828e+02 5.5652450960e-12 5.4753580195e-12 1.8708255428e-14 7.1178821072e-14
1.7712402344e+02 5.5534023492e-12 5.4639657380e-12 1.8509399537e-14 7.0927211641e-14
1.7718505859e+02 5.5418187183e-12 5.4524928991e-12 1.8588368587e-14 7.0737450627e-14
1.7724609375e+02 5.5280586374e-12 5.4388660570e-12 1.8453015427e-14 7.0739565007e-14
1.7730712891e+02 5.5145266500e-12 5.4253317642e-12 1.8372382392e-14 7.0822503422e-14
1.7736816406e+02 5.5022607959e-12 5.4132442781e-12 1.8409087403e-14 7.0607430381e-14
1.7742919922e+02 5.4925281025e-12 5.4035755638e-12 1.8514118978e-14 7.0438419721e-14
1.7749023438e+02 5.4802484260e-12 5.3914337986e-12 1.8368411817e-14 7.0446215601e-14
1.7755126953e+02 5.4688311739e-12 5.3800064801e-12 1.8417505559e-14 7.0407188236e-14
1.7761230469e+02 5.4545234550e-12 5.3662133677e-12 1.8306968816e-14 7.0003118415e-14
1.7767333984e+02 5.4388596054e-12 5.3508589053e-12 1.8268460594e-14 6.9732239497e-14
1.7773437500e+02 5.4243455916e-12 5.3364509646e-12 1.8312305796e-14 6.9582321194e-14
1.7779541016e+02 5.4114265944e-12 5.3233771580e-12 1.8267865852e-14 6.9781570518e-14
1.7785644531e+02 5.3989680065e-12 5.3109373646e-12 1.8050941700e-14 6.9979700207e-14
1.7791748047e+02 5.3864812483e-12 5.2987095037e-12 1.8043405237e-14 6.9728339331e-14
1.7797851562e+02 5.3769750064e-12 5.2893293331e-12 1.8106124269e-14 6.9539548993e-14
1.7803955078e+02 5.3649105706e-12 5.2775687869e-12 1.8131090272e-14 6.9210693449e-14
1.7810058594e+02 5.3514933889e-12 5.2644494882e-12 1.8059439390e-14 6.8984461295e-14
1.7816162109e+02 5.3384711671e-12 5.2514809626e-12 1.8001491363e-14 6.8988713148e-14
1.7822265625e+02 5.3261586433e-12 5.2392697611e-12 1.8065203156e-14 6.8823678986e-14
1.7828369141e+02 5.3155355514e-12 5.2287069879e-12 1.7947394568e-14 6.8881168971e-14
1.7834472656e+02 5.3037740947e-12 5.2169180792e-12 1.7955889886e-14 6.8900125542e-14
1.7840576172e+02 5.2921499384e-12 5.2053084038e-12 1.7962789141e-14 6.8878745471e-14
1.7846679688e+02 5.2783907287e-12 5.1917303631e-12 1.7853363578e-14 6.8807002012e-14
1.7852783203e+02 5.2657802524e-12 5.1794154131e-12 1.7776662570e-14 6.8588176727e-14
1.7858886719e+02 5.2532705666e-12 5.1669772218e-12 1.7840242826e-14 6.8453101990e-14
1.7864990234e+02 5.2402936466e-12 5.1541993470e-12 1.7770383605e-14 6.8323915953e-14
1.7871093750e+02 5.2276233604e-12 5.1420694591e-12 1.7637610517e-14 6.7916290774e-14
1.7877197266e+02 5.2165013681e-12 5.1310599121e-12 1.7646715382e-14 6.7794740566e-14
1.7883300781e+02 5.2046022873e-12 5.1190039940e-12 1.7757569197e-14 6.7840724130e-14
1.7889404297e+02 5.1921514606e-12 5.1067292477e-12 1.7668012227e-14 6.7754200672e-14
1.7895507812e+02 5.1808606945e-12 5.0956155350e-12 1.7465620400e-14 6.7779539099e-14
1.7901611328e+02 5.1683878401e-12 5.0830768811e-12 1.7563117634e-14 6.7747841291e-14
1.7907714844e+02 5.1545232100e-12 5.0695228247e-12 1.7428415752e-14 6.7571969632e-14
1.7913818359e+02 5.1413538240e-12 5.0563454907e-12 1.7490585432e-14 6.7517747849e-14
1.7919921875e+02 5.1303359870e-12 5.0454831508e-12 1.7406507168e-14 6.7446329027e-14
1.7926025391e+02 5.1188556163e-12 5.0344295240e-12 1.7285766516e-14 6.7140325763e-14
1.7932128906e+02 5.1065872312e-12 5.0223918631e-12 1.7324885741e-14 6.6870482350e-14
1.7938232422e+02 5.0950385169e-12 5.0106897436e-12 1.7486924479e-14 6.6861848872e-14
1.7944335938e+02 5.0857984882e-12 5.0013694751e-12 1.7407394251e-14 6.7021618895e-14
1.7950439453e+02 5.0740476290e-12 4.9898406734e-12 1.7379904664e-14 6.6827050896e-14
1.7956542969e+02 5.0621409125e-12 4.9780868743e-12 1.7368431834e-14 6.6685606327e-14
1.7962646484e+02 5.0501737921e-12 4.9661604994e-12 1.7368603858e-14 6.6644688882e-14
1.7968750000e+02 5.0378834675e-12 4.9542132388e-12 1.7319030512e-14 6.6351198170e-14
1.7974853516e+02 5.0241847499e-12 4.9408598815e-12 1.7275452108e-14 6.6049416266e-14
1.7980957031e+02 5.0119112731e-12 4.9288938013e-12 1.7142143022e-14 6.5875328766e-14
1.7987060547e+02 4.9988863244e-12 4.9158526234e-12 1.7112058235e-14 6.5921642714e-14
1.7993164062e+02 4.9856534796e-12 4.9025443308e-12 1.7109378529e-14 6.5999770297e-14
1.7999267578e+02 4.9737646623e-12 4.8909230981e-12 1.6977372910e-14 6.5864191264e-14
1.8005371094e+02 4.9627952419e-12 4.8799807801e-12 1.7013754160e-14 6.5800707590e-14
1.8011474609e+02 4.9522315599e-12 4.8694584854e-12 1.7068774112e-14 6.5704300401e-14
1.8017578125e+02 4.9426288141e-12 4.8599893460e-12 1.7046691257e-14 6.5592776837e-14
1.8023681641e+02 4.9319885556e-12 4.8496177414e-12 1.6843629205e-14 6.5527185042e-14
1.8029785156e+02 4.9221303409e-12 4.8399079356e-12 1.7024461938e-14 6.5197943366e-14
1.8035888672e+02 4.9075800570e-12 4.8256150287e-12 1.7030777347e-14 6.4934250926e-14
1.8041992188e+02 4.8932475635e-12 4.8113750375e-12 1.6916878774e-14 6.4955647239e-14
1.8048095703e+02 4.8817936799e-12 4.7999433927e-12 1.6888793485e-14 6.4961493702e-14
1.8054199219e+02 4.8721293496e-12 4.7902795603e-12 1.6907013517e-14 6.4942775784e-14
1.8060302734e+02 4.8610244940e-12 4.7794467447e-12 1.6818002223e-14 6.4759747067e-14
1.8066406250e+02 4.8506953261e-12 4.7695043923e-12 1.6699649983e-14 6.4491283770e-14
1.8072509766e+02 4.8407877591e-12 4.7596067955e-12 1.6757169269e-14 6.4423794343e-14
1.8078613281e+02 4.8272999506e-12 4.7462721018e-12 1.6653617723e-14 6.4374231120e-14
1.8084716797e+02 4.8142669015e-12 4.7334873377e-12 1.6539183740e-14 6.4240380055e-14
1.8090820312e+02 4.8001530291e-12 4.7195359753e-12 1.6539004741e-14 6.4078049041e-14
1.8096923828e+02 4.7905972501e-12 4.7100289450e-12 1.6585695276e-14 6.3982609846e-14
1.8103027344e+02 4.7813773384e-12 4.7008469958e-12 1.6491502381e-14 6.4038840219e-14
1.8109130859e+02 4.7718618248e-12 4.6912307262e-12 1.6525289172e-14 6.4105809489e-14
1.8115234375e+02 4.7597870067e-12 4.6793295705e-12 1.6505600757e-14 6.3951835382e-14
1.8121337891e+02 4.7491972954e-12 4.6689028621e-12 1.6470144872e-14 6.3824288414e-14
1.8127441406e+02 4.7395342323e-12 4.6593903115e-12 1.6465357323e-14 6.3678563519e-14
1.8133544922e+02 4.7287213806e-12 4.6485824455e-12 1.6493854688e-14 6.3645080384e-14
1.8139648438e+02 4.7172378237e-12 4.6373681792e-12 1.6340107952e-14 6.3529536522e-14
1.8145751953e+02 4.7063275848e-12 4.6266507938e-12 1.6355774739e-14 6.3321016252e-14
1.8151855469e+02 4.6962855425e-12 4.6166847190e-12 1.6418272864e-14 6.3182550650e-14
1.8157958984e+02 4.6847298590e-12 4.6052625137e-12 1.6334074165e-14 6.3133271179e-14
1.8164062500e+02 4.6733726749e-12 4.5938070656e-12 1.6219920401e-14 6.3345688942e-14
1.8170166016e+02 4.6637773209e-12 4.5841336080e-12 1.6298918683e-14 6.3344794239e-14
1.8176269531e+02 4.6508349335e-12 4.5714904232e-12 1.6325193385e-14 6.3019316922e-14
1.8182373047e+02 4.6381343073e-12 4.5592231442e-12 1.6155281026e-14 6.2755882075e-14
1.8188476562e+02 4.6264651341e-12 4.5477496632e-12 1.6128486530e-14 6.2586984448e-14
1.8194580078e+02 4.6179573678e-12 4.5394377585e-12 1.6032296382e-14 6.2487312925e-14
1.8200683594e+02 4.6076569584e-12 4.5290433922e-12 1.6122145732e-14 6.2491420474e-14
1.8206787109e+02 4.5969614806e-12 4.5184849937e-12 1.6051488936e-14 6.2424997912e-14
1.8212890625e+02 4.5850217582e-12 4.5067457633e-12 1.5948803610e-14 6.2327191383e-14
1.8218994141e+02 4.5737474014e-12 4.4954971217e-12 1.5969903843e-14 6.2280375841e-14
1.8225097656e+02 4.5648321342e-12 4.4866523715e-12 1.6052665810e-14 6.2127096926e-14
1.8231201172e+02 4.5523693426e-12 4.4744142756e-12 1.6007977704e-14 6.1947089275e-14
1.8237304688e+02 4.5413695087e-12 4.4637641016e-12 1.5948890083e-14 6.1656517028e-14
1.8243408203e+02 4.5301309580e-12 4.4526595797e-12 1.5986588126e-14 6.1484790099e-14
1.8249511719e+02 4.5196819778e-12 4.4421650743e-12 1.5960618267e-14 6.1556285158e-14
1.8255615234e+02 4.5102068497e-12 4.4327290854e-12 1.5813921568e-14 6.1663842737e-14
1.8261718750e+02 4.4993583425e-12 4.4219507265e-12 1.5828780873e-14 6.1578835154e-14
1.8267822266e+02 4.4868444717e-12 4.4094431320e-12 1.5832981899e-14 6.1568357844e-14
1.8273925781e+02 4.4762658926e-12 4.3990465178e-12 1.5802886465e-14 6.1416488296e-14
1.8280029297e+02 4.4656981435e-12 4.3888000344e-12 1.5702228685e-14 6.1195880364e-14
1.8286132812e+02 4.4553872573e-12 4.3788923085e-12 1.5588234163e-14 6.0906714661e-14
1.8292236328e+02 4.4462623135e-12 4.3699119443e-12 1.5618856024e-14 6.0731513203e-14
1.8298339844e+02 4.4352800113e-12 4.3590549884e-12 1.5649437606e-14 6.0575585270e-14
1.8304443359e+02 4.4231196418e-12 4.3468316213e-12 1.5720491012e-14 6.0567529543e-14
1.8310546875e+02 4.4128820278e-12 4.3365859052e-12 1.5681269651e-14 6.0614852943e-14
1.8316650391e+02 4.4046340200e-12 4.3284452816e-12 1.5655165951e-14 6.0533572467e-14
1.8322753906e+02 4.3919040126e-12 4.3159735879e-12 1.5557022526e-14 6.0373402196e-14
1.8328857422e+02 4.3828259328e-12 4.3067499086e-12 1.5519989055e-14 6.0556035096e-14
1.8334960938e+02 4.3723015144e-12 4.2964828066e-12 1.5479376262e-14 6.0339331563e-14
1.8341064453e+02 4.3610598093e-12 4.2855480554e-12 1.5448385846e-14 6.0063368112e-14
1.8347167969e+02 4.3498888970e-12 4.2745461220e-12 1.5387305343e-14 5.9955469642e-14
1.8353271484e+02 4.3411105486e-12 4.2660716575e-12 1.5289473906e-14 5.9749417175e-14
1.8359375000e+02 4.3303995008e-12 4.2553783331e-12 1.5331154907e-14 5.9690012868e-14
1.8365478516e+02 4.3192213011e-12 4.2442978517e-12 1.5368638025e-14 5.9554811446e-14
1.8371582031e+02 4.3078597816e-12 4.2331173588e-12 1.5257305778e-14 5.9485117061e-14
1.8377685547e+02 4.2987144150e-12 4.2238460449e-12 1.5184228743e-14 5.9684141339e-14
1.8383789062e+02 4.2895122070e-12 4.2145570753e-12 1.5222415936e-14 5.9732715769e-14
1.8389892578e+02 4.2802077029e-12 4.2054130075e-12 1.5283095610e-14 5.9511599837e-14
1.8395996094e+02 4.2709566321e-12 4.1964497435e-12 1.5233677080e-14 5.9273211526e-14
1.8402099609e+02 4.2630754956e-12 4.1886981677e-12 1.5156692478e-14 5.9220635364e-14
1.8408203125e+02 4.2537142189e-12 4.1794216598e-12 1.5164319756e-14 5.9128239336e-14
1.8414306641e+02 4.2408944127e-12 4.1666547511e-12 1.5143421053e-14 5.9096240570e-14
1.8420410156e+02 4.2301212628e-12 4.1561608711e-12 1.5086049016e-14 5.8874342606e-14
1.8426513672e+02 4.2198285283e-12 4.1459968995e-12 1.5028272035e-14 5.8803356747e-14
1.8432617188e+02 4.2115911062e-12 4.1376461371e-12 1.4971671202e-14 5.8973297846e-14
1.8438720703e+02 4.2021693192e-12 4.1282384983e-12 1.4992829741e-14 5.8937991096e-14
1.8444824219e+02 4.1910843304e-12 4.1174878677e-12 1.5067429446e-14 5.8529033255e-14
1.8450927734e+02 4.1806278537e-12 4.1074755301e-12 1.5052352867e-14 5.8099970712e-14
1.8457031250e+02 4.1704668651e-12 4.0973667004e-12 1.4948125352e-14 5.8152039359e-14
1.8463134766e+02 4.1607604809e-12 4.0875803407e-12 1.4899724447e-14 5.8280415761e-14
1.8469238281e+02 4.1503143454e-12 4.0773676958e-12 1.4857277659e-14 5.8089371941e-14
1.8475341797e+02 4.1399325564e-12 4.0671027844e-12 1.4783487541e-14 5.8046284515e-14
1.8481445312e+02 4.1295856350e-12 4.0568764097e-12 1.4756861128e-14 5.7952364135e-14
1.8487548828e+02 4.1196615525e-12 4.0467675730e-12 1.4802769735e-14 5.8091209684e-14
1.8493652344e+02 4.1108761377e-12 4.0378373926e-12 1.4857237595e-14 5.8181507551e-14
1.8499755859e+02 4.1004284955e-12 4.0277854174e-12 1.4804486135e-14 5.7838591938e-14
1.8505859375e+02 4.0898527795e-12 4.0174849353e-12 1.4776272132e-14 5.7591572026e-14
1.8511962891e+02 4.0811849978e-12 4.0088735004e-12 1.4835454155e-14 5.7476043225e-14
1.8518066406e+02 4.0728708325e-12 4.0007770278e-12 1.4758152275e-14 5.7335652433e-14
1.8524169922e+02 4.0625238680e-12 3.9905977753e-12 1.4668655606e-14 5.7257437098e-14
1.8530273438e+02 4.0514123113e-12 3.9796386044e-12 1.4614487533e-14 5.7159219370e-14
1.8536376953e+02 4.0414351888e-12 3.9697567765e-12 1.4636140203e-14 5.7042272016e-14
1.8542480469e+02 4.0312768042e-12 3.9597531629e-12 1.4574198247e-14 5.6949443105e-14
1.8548583984e+02 4.0223963905e-12 3.9508358557e-12 1.4484929659e-14 5.7075605069e-14
1.8554687500e+02 4.0142163202e-12 3.9427377502e-12 1.4375669219e-14 5.7102900833e-14
1.8560791016e+02 4.0054063844e-12 3.9341207480e-12 1.4364186452e-14 5.6921449919e-14
1.8566894531e+02 3.9953037483e-12 3.9241971823e-12 1.4359259493e-14 5.6747306457e-14
1.8572998047e+02 3.9860057750e-12 3.9150739665e-12 1.4314333773e-14 5.6617474754e-14
1.8579101562e+02 3.9754752224e-12 3.9045989616e-12 1.4400838512e-14 5.6475422258e-14
1.8585205078e+02 3.9653056233e-12 3.8944459555e-12 1.4402796545e-14 5.6456871216e-14
1.8591308594e+02 3.9554222316e-12 3.8846140902e-12 1.4269544806e-14 5.6538596580e-14
1.8597412109e+02 3.9456430171e-12 3.8748758348e-12 1.4281147088e-14 5.6486035156e-14
1.8603515625e+02 3.9367572640e-12 3.8662466693e-12 1.4274938246e-14 5.6235656484e-14
1.8609619141e+02 3.9275637625e-12 3.8574479627e-12 1.4232450841e-14 5.5883348961e-14
1.8615722656e+02 3.9186591223e-12 3.8488770895e-12 1.4130905825e-14 5.5651126959e-14
1.8621826172e+02 3.9078298009e-12 3.8381056170e-12 1.4111458948e-14 5.5612724989e-14
1.8627929688e+02 3.8961744330e-12 3.8265801843e-12 1.4065227619e-14 5.5529021089e-14
1.8634033203e+02 3.8885160451e-12 3.8189844009e-12 1.4064327787e-14 5.5467316494e-14
1.8640136719e+02 3.8803981940e-12 3.8108272965e-12 1.4081177244e-14 5.5489720234e-14
1.8646240234e+02 3.8703532172e-12 3.8007616987e-12 1.4057198545e-14 5.5534319913e-14
1.8652343750e+02 3.8615744268e-12 3.7919928511e-12 1.4056588618e-14 5.5524987043e-14
1.8658447266e+02 3.8518046744e-12 3.7822870278e-12 1.4092428794e-14 5.5425217804e-14
1.8664550781e+02 3.8420250376e-12 3.7726942339e-12 1.4077414772e-14 5.5253388979e-14
1.8670654297e+02 3.8335682871e-12 3.7645379873e-12 1.3947686539e-14 5.5082613258e-14
1.8676757812e+02 3.8236644201e-12 3.7546895405e-12 1.3938434088e-14 5.5036445472e-14
1.8682861328e+02 3.8140811463e-12 3.7451938318e-12 1.3894525487e-14 5.4992788987e-14
1.8688964844e+02 3.8044903948e-12 3.7358788110e-12 1.3803462368e-14 5.4808121410e-14
1.8695068359e+02 3.7948170392e-12 3.7262039204e-12 1.3788039542e-14 5.4825079302e-14
1.8701171875e+02 3.7860592303e-12 3.7174317181e-12 1.3818153010e-14 5.4809359121e-14
1.8707275391e+02 3.7778642452e-12 3.7093183216e-12 1.3916071223e-14 5.4629852316e-14
1.8713378906e+02 3.7705171385e-12 3.7021735926e-12 1.3871406560e-14 5.4472139313e-14
1.8719482422e+02 3.7616241297e-12 3.6932909347e-12 1.3886518691e-14 5.4446676228e-14
1.8725585938e+02 3.7507575002e-12 3.6825217664e-12 1.3821864666e-14 5.4413869173e-14
1.8731689453e+02 3.7413935422e-12 3.6733092299e-12 1.3834966375e-14 5.4249345974e-14
1.8737792969e+02 3.7327276970e-12 3.6648384836e-12 1.3850781041e-14 5.4038432351e-14
1.8743896484e+02 3.7260873260e-12 3.6583343979e-12 1.3838010734e-14 5.3914917322e-14
1.8750000000e+02 3.7158758210e-12 3.6480705137e-12 1.3874790773e-14 5.3930516493e-14
1.8756103516e+02 3.7062126689e-12 3.6384972922e-12 1.3744901959e-14 5.3970474714e-14
1.8762207031e+02 3.6977893573e-12 3.6302488621e-12 1.3626106327e-14 5.3914388893e-14
1.8768310547e+02 3.6878162293e-12 3.6205586312e-12 1.3675102966e-14 5.3582495108e-14
1.8774414062e+02 3.6787854144e-12 3.6117427837e-12 1.3652408828e-14 5.3390221905e-14
1.8780517578e+02 3.6701555250e-12 3.6029869262e-12 1.3617196736e-14 5.3551401977e-14
1.8786621094e+02 3.6613459322e-12 3.5942999966e-12 1.3539675721e-14 5.3506259871e-14
1.8792724609e+02 3.6524154831e-12 3.5854030210e-12 1.3588229812e-14 5.3424232232e-14
1.8798828125e+02 3.6427764945e-12 3.5759545492e-12 1.3505108421e-14 5.3316836845e-14
1.8804931641e+02 3.6337468167e-12 3.5670432206e-12 1.3398394989e-14 5.3305201158e-14
1.8811035156e+02 3.6263417605e-12 3.5596351367e-12 1.3351416437e-14 5.3355207319e-14
1.8817138672e+02 3.6186513313e-12 3.5520015566e-12 1.3428557812e-14 5.3221216851e-14
1.8823242188e+02 3.6094555788e-12 3.5429600894e-12 1.3453557580e-14 5.3041931836e-14
1.8829345703e+02 3.6015013577e-12 3.5351807963e-12 1.3419626580e-14 5.2900934894e-14
1.8835449219e+02 3.5931602180e-12 3.5270046906e-12 1.3334419284e-14 5.2821108162e-14
1.8841552734e+02 3.5822792065e-12 3.5162666947e-12 1.3330624125e-14 5.2681887678e-14
1.8847656250e+02 3.5733510358e-12 3.5074672824e-12 1.3359977424e-14 5.2523775937e-14
1.8853759766e+02 3.5657312836e-12 3.4997604480e-12 1.3331165017e-14 5.2639670531e-14
1.8859863281e+02 3.5585330391e-12 3.4926350520e-12 1.3305547031e-14 5.2592440037e-14
1.8865966797e+02 3.5492172408e-12 3.4836527257e-12 1.3216892006e-14 5.2347623098e-14
1.8872070312e+02 3.5385670718e-12 3.4731380291e-12 1.3238843493e-14 5.2190199183e-14
1.8878173828e+02 3.5283980653e-12 3.4632045631e-12 1.3094000594e-14 5.2099501610e-14
1.8884277344e+02 3.5195742848e-12 3.4545183208e-12 1.3031135157e-14 5.2024828848e-14
1.8890380859e+02 3.5112902872e-12 3.4461850752e-12 1.3177316463e-14 5.1927895545e-14
1.8896484375e+02 3.5023800612e-12 3.4373552663e-12 1.3155456453e-14 5.1869338406e-14
1.8902587891e+02 3.4959237813e-12 3.4309837975e-12 1.3123529730e-14 5.1816454051e-14
1.8908691406e+02 3.4883447477e-12 3.4234124433e-12 1.3111178151e-14 5.1821126234e-14
1.8914794922e+02 3.4799104516e-12 3.4149636177e-12 1.3118365268e-14 5.1828468658e-14
1.8920898438e+02 3.4713372150e-12 3.4065238621e-12 1.3097400027e-14 5.1715952888e-14
1.8927001953e+02 3.4645878185e-12 3.4000980976e-12 1.3072982997e-14 5.1416737922e-14
1.8933105469e+02 3.4556386253e-12 3.3914232979e-12 1.3065775844e-14 5.1149551547e-14
1.8939208984e+02 3.4462953724e-12 3.3823001797e-12 1.3046144999e-14 5.0949047723e-14
1.8945312500e+02 3.4378567720e-12 3.3740348363e-12 1.2987687678e-14 5.0834247971e-14
1.8951416016e+02 3.4283571055e-12 3.3645511612e-12 1.2974007794e-14 5.0831936473e-14
1.8957519531e+02 3.4200705699e-12 3.3562695036e-12 1.2880161067e-14 5.0920905213e-14
1.8963623047e+02 3.4108417308e-12 3.3471335734e-12 1.2775211357e-14 5.0932946122e-14
1.8969726562e+02 3.4023607768e-12 3.3386615433e-12 1.2784778251e-14 5.0914455260e-14
1.8975830078e+02 3.3945535861e-12 3.3308894504e-12 1.2763634273e-14 5.0900501465e-14
1.8981933594e+02 3.3880193813e-12 3.3242931703e-12 1.2779279950e-14 5.0946931090e-14
1.8988037109e+02 3.3810588497e-12 3.3172480212e-12 1.2847816414e-14 5.0963012105e-14
1.8994140625e+02 3.3707279429e-12 3.3073752322e-12 1.2750168127e-14 5.0602542523e-14
1.9000244141e+02 3.3623460138e-12 3.2992497011e-12 1.2787849161e-14 5.0308463603e-14
1.9006347656e+02 3.3551798655e-12 3.2919733792e-12 1.2809258590e-14 5.0397227658e-14
1.9012451172e+02 3.3462479887e-12 3.2829544001e-12 1.2810869562e-14 5.0482719040e-14
1.9018554688e+02 3.3360705553e-12 3.2727862766e-12 1.2844342904e-14 5.0439935798e-14
1.9024658203e+02 3.3296146188e-12 3.2664367295e-12 1.2825801742e-14 5.0352087534e-14
1.9030761719e+02 3.3230667518e-12 3.2601604714e-12 1.2718133079e-14 5.0188147323e-14
1.9036865234e+02 3.3152366732e-12 3.2524553804e-12 1.2712666720e-14 5.0068626047e-14
1.9042968750e+02 3.3068205427e-12 3.2442652660e-12 1.2671618240e-14 4.9883658470e-14
1.9049072266e+02 3.2976006724e-12 3.2351783093e-12 1.2557418167e-14 4.9864944937e-14
1.9055175781e+02 3.2899082688e-12 3.2275950254e-12 1.2520480590e-14 4.9792762801e-14
1.9061279297e+02 3.2832900600e-12 3.2208900256e-12 1.2588909469e-14 4.9811124966e-14
1.9067382812e+02 3.2758466506e-12 3.2136836415e-12 1.2451040021e-14 4.9711969098e-14
1.9073486328e+02 3.2664585785e-12 3.2045652987e-12 1.2416411903e-14 4.9476867892e-14
1.9079589844e+02 3.2592974696e-12 3.1973099081e-12 1.2493918298e-14 4.9493643202e-14
1.9085693359e+02 3.2517768328e-12 3.1898826032e-12 1.2497925818e-14 4.9396303795e-14
1.9091796875e+02 3.2430107474e-12 3.1814479584e-12 1.2414581795e-14 4.9148207200e-14
1.9097900391e+02 3.2329915932e-12 3.1714476115e-12 1.2478795589e-14 4.9065186119e-14
1.9104003906e+02 3.2238091997e-12 3.1624127635e-12 1.2461380365e-14 4.8935055833e-14
1.9110107422e+02 3.2169161978e-12 3.1558259999e-12 1.2398499137e-14 4.8691698745e-14
1.9116210938e+02 3.2093392663e-12 3.1481862938e-12 1.2409486033e-14 4.8743486464e-14
1.9122314453e+02 3.2022779131e-12 3.1409178448e-12 1.2510307883e-14 4.8849760381e-14
1.9128417969e+02 3.1944944380e-12 3.1332206583e-12 1.2401326939e-14 4.8872452775e-14
1.9134521484e+02 3.1856821637e-12 3.1246208117e-12 1.2269090184e-14 4.8792261840e-14
1.9140625000e+02 3.1756040551e-12 3.1148477482e-12 1.2247990068e-14 4.8508316825e-14
1.9146728516e+02 3.1701228654e-12 3.1091805125e-12 1.2330645195e-14 4.8611707715e-14
1.9152832031e+02 3.1632774580e-12 3.1024003696e-12 1.2237423273e-14 4.8639665110e-14
1.9158935547e+02 3.1552363576e-12 3.0946290080e-12 1.2188177605e-14 4.8419171998e-14
1.9165039062e+02 3.1459019925e-12 3.0854941376e-12 1.2115695993e-14 4.8292158912e-14
1.9171142578e+02 3.1375253042e-12 3.0772616683e-12 1.2127863360e-14 4.8135772463e-14
1.9177246094e+02 3.1307423443e-12 3.0703674562e-12 1.2116768588e-14 4.8258119499e-14
1.9183349609e+02 3.1248986775e-12 3.0643940241e-12 1.2109418634e-14 4.8395234724e-14
1.9189453125e+02 3.1175778284e-12 3.0572618958e-12 1.2091215973e-14 4.8224716590e-14
1.9195556641e+02 3.1078502192e-12 3.0478637482e-12 1.2057376571e-14 4.7929094400e-14
1.9201660156e+02 3.0999495342e-12 3.0402740501e-12 1.2061598466e-14 4.7613885620e-14
1.9207763672e+02 3.0942256802e-12 3.0345094465e-12 1.2044113460e-14 4.7672120148e-14
1.9213867188e+02 3.0871148077e-12 3.0272927186e-12 1.1991626933e-14 4.7830462147e-14
1.9219970703e+02 3.0782612788e-12 3.0185531345e-12 1.2039826934e-14 4.7668317434e-14
1.9226074219e+02 3.0699081060e-12 3.0103282861e-12 1.2091343008e-14 4.7488476880e-14
1.9232177734e+02 3.0625071435e-12 3.0031189137e-12 1.2031217098e-14 4.7357012731e-14
1.9238281250e+02 3.0549441341e-12 2.9957550949e-12 1.1935493386e-14 4.7253545826e-14
1.9244384766e+02 3.0474334950e-12 2.9882121912e-12 1.1911557661e-14 4.7309746164e-14
1.9250488281e+02 3.0391960668e-12 2.9799654458e-12 1.1995583749e-14 4.7235037205e-14
1.9256591797e+02 3.0318211224e-12 2.9728746977e-12 1.1960787873e-14 4.6985636845e-14
1.9262695312e+02 3.0242938845e-12 2.9656170466e-12 1.1830509412e-14 4.6846328519e-14
1.9268798828e+02 3.0170244993e-12 2.9583833080e-12 1.1889093579e-14 4.6752097761e-14
1.9274902344e+02 3.0100227413e-12 2.9514013836e-12 1.1885271145e-14 4.6736086539e-14
1.9281005859e+02 3.0053381279e-12 2.9467574696e-12 1.1869114615e-14 4.6711543660e-14
1.9287109375e+02 2.9973899659e-12 2.9389179378e-12 1.1773908136e-14 4.6698119975e-14
1.9293212891e+02 2.9893252321e-12 2.9307920189e-12 1.1762377154e-14 4.6770836012e-14
1.9299316406e+02 2.9817815699e-12 2.9234145876e-12 1.1759397156e-14 4.6607585170e-14
1.9305419922e+02 2.9731097794e-12 2.9148465893e-12 1.1778576950e-14 4.6484613141e-14
1.9311523438e+02 2.9664671839e-12 2.9082616842e-12 1.1731671069e-14 4.6473828660e-14
1.9317626953e+02 2.9585421731e-12 2.9005441526e-12 1.1666195247e-14 4.6331825230e-14
1.9323730469e+02 2.9508889067e-12 2.8930235688e-12 1.1602995962e-14 4.6262341890e-14
1.9329833984e+02 2.9426776269e-12 2.8848527984e-12 1.1627192120e-14 4.6197636322e-14
1.9335937500e+02 2.9350935277e-12 2.8773249623e-12 1.1658776515e-14 4.6109788860e-14
1.9342041016e+02 2.9289781143e-12 2.8711591323e-12 1.1593768579e-14 4.6225213358e-14
1.9348144531e+02 2.9229632462e-12 2.8652284367e-12 1.1538753935e-14 4.6196055559e-14
1.9354248047e+02 2.9188946718e-12 2.8612617062e-12 1.1619413628e-14 4.6013551994e-14
1.9360351562e+02 2.9114893406e-12 2.8541722354e-12 1.1619721424e-14 4.5697383711e-14
1.9366455078e+02 2.9052524692e-12 2.8481689779e-12 1.1543273158e-14 4.5540218094e-14
1.9372558594e+02 2.8967357327e-12 2.8396740123e-12 1.1533982603e-14 4.5527737785e-14
1.9378662109e+02 2.8871665423e-12 2.8300836781e-12 1.1552974911e-14 4.5529889257e-14
1.9384765625e+02 2.8803866121e-12 2.8232137343e-12 1.1668258881e-14 4.5504618948e-14
1.9390869141e+02 2.8729254060e-12 2.8159494165e-12 1.1567818180e-14 4.5408171249e-14
1.9396972656e+02 2.8639988300e-12 2.8071339163e-12 1.1472754058e-14 4.5392159613e-14
1.9403076172e+02 2.8565628967e-12 2.8000424993e-12 1.1417152485e-14 4.5103244876e-14
1.9409179688e+02 2.8507315644e-12 2.7944143001e-12 1.1367886104e-14 4.4949378213e-14
1.9415283203e+02 2.8433082142e-12 2.7868576969e-12 1.1483500152e-14 4.4967017173e-14
1.9421386719e+02 2.8368425998e-12 2.7805612567e-12 1.1404919262e-14 4.4876423810e-14
1.9427490234e+02 2.8294091602e-12 2.7732860553e-12 1.1345425775e-14 4.4777679052e-14
1.9433593750e+02 2.8197650725e-12 2.7636688808e-12 1.1368301587e-14 4.4727890044e-14
1.9439697266e+02 2.8118001587e-12 2.7557419678e-12 1.1365262245e-14 4.4692928622e-14
1.9445800781e+02 2.8052149464e-12 2.7491145046e-12 1.1311884891e-14 4.4788556934e-14
1.9451904297e+02 2.7988998016e-12 2.7428436577e-12 1.1326570832e-14 4.4729573062e-14
1.9458007812e+02 2.7913716318e-12 2.7354647003e-12 1.1302266620e-14 4.4604664902e-14
1.9464111328e+02 2.7855491128e-12 2.7297303221e-12 1.1355711345e-14 4.4463079373e-14
1.9470214844e+02 2.7802826121e-12 2.7245867909e-12 1.1221879540e-14 4.4473941672e-14
1.9476318359e+02 2.7761813148e-12 2.7205740812e-12 1.1251526263e-14 4.4355707317e-14
1.9482421875e+02 2.7698438383e-12 2.7143802780e-12 1.1190642827e-14 4.4272917436e-14
1.9488525391e+02 2.7631684656e-12 2.7077067920e-12 1.1193700580e-14 4.4267972996e-14
1.9494628906e+02 2.7550260688e-12 2.6998289046e-12 1.1116151120e-14 4.4081013079e-14
1.9500732422e+02 2.7469756636e-12 2.6918435038e-12 1.1125087895e-14 4.4007071918e-14
1.9506835938e+02 2.7391238564e-12 2.6840902128e-12 1.1076290691e-14 4.3957352889e-14
1.9512939453e+02 2.7322136716e-12 2.6771944883e-12 1.1079896827e-14 4.3939286496e-14
1.9519042969e+02 2.7255912822e-12 2.6707123143e-12 1.1029670765e-14 4.3849297069e-14
1.9525146484e+02 2.7178274392e-12 2.6632166976e-12 1.1017852490e-14 4.3592889099e-14
1.9531250000e+02 2.7110704329e-12 2.6564467190e-12 1.1091748097e-14 4.3531965836e-14
1.9537353516e+02 2.7041413350e-12 2.6497086544e-12 1.1014858236e-14 4.3417822398e-14
1.9543457031e+02 2.6965844114e-12 2.6421729935e-12 1.0925602733e-14 4.3485815197e-14
1.9549560547e+02 2.6904463679e-12 2.6358581220e-12 1.0951011499e-14 4.3637234377e-14
1.9555664062e+02 2.6851037865e-12 2.6307171913e-12 1.0977027468e-14 4.3409567752e-14
1.9561767578e+02 2.6789138785e-12 2.6248911445e-12 1.0811163712e-14 4.3211570226e-14
1.9567871094e+02 2.6715109245e-12 2.6174146586e-12 1.0871936325e-14 4.3224329629e-14
1.9573974609e+02 2.6657151173e-12 2.6116894795e-12 1.0901302384e-14 4.3124335426e-14
1.9580078125e+02 2.6599231195e-12 2.6061089439e-12 1.0948987711e-14 4.2865187896e-14
1.9586181641e+02 2.6521800104e-12 2.5984940707e-12 1.0896726659e-14 4.2789213049e-14
1.9592285156e+02 2.6451479928e-12 2.5914510707e-12 1.0906686429e-14 4.2790235682e-14
1.9598388672e+02 2.6409560986e-12 2.5871602335e-12 1.0882844122e-14 4.2913020881e-14
1.9604492188e+02 2.6340335946e-12 2.5802336047e-12 1.0842569667e-14 4.2957420295e-14
1.9610595703e+02 2.6266876188e-12 2.5729464518e-12 1.0849639327e-14 4.2891527694e-14
1.9616699219e+02 2.6206579261e-12 2.5668830212e-12 1.0778662163e-14 4.2996242753e-14
1.9622802734e+02 2.6147448447e-12 2.5609763857e-12 1.0815778505e-14 4.2952680517e-14
1.9628906250e+02 2.6069773671e-12 2.5534757081e-12 1.0806353149e-14 4.2695305902e-14
1.9635009766e+02 2.5998922037e-12 2.5466829941e-12 1.0701792239e-14 4.2507417347e-14
1.9641113281e+02 2.5935588614e-12 2.5406229543e-12 1.0564406774e-14 4.2371500285e-14
1.9647216797e+02 2.5869036696e-12 2.5337986930e-12 1.0720426936e-14 4.2384549690e-14
1.9653320312e+02 2.5793514937e-12 2.5262297165e-12 1.0844055688e-14 4.2277721543e-14
1.9659423828e+02 2.5733954253e-12 2.5203502084e-12 1.0719295041e-14 4.2325921893e-14
1.9665527344e+02 2.5663720187e-12 2.5133744680e-12 1.0700625615e-14 4.2296925058e-14
1.9671630859e+02 2.5611643104e-12 2.5083822544e-12 1.0642929482e-14 4.2139126568e-14
1.9677734375e+02 2.5557722501e-12 2.5029132293e-12 1.0594298401e-14 4.2264722442e-14
1.9683837891e+02 2.5512905116e-12 2.4985349982e-12 1.0602004299e-14 4.2153509092e-14
1.9689941406e+02 2.5442657974e-12 2.4918237894e-12 1.0601249050e-14 4.1840758969e-14
1.9696044922e+02 2.5369685466e-12 2.4847083698e-12 1.0595099153e-14 4.1665077640e-14
1.9702148438e+02 2.5309551946e-12 2.4787344069e-12 1.0584955261e-14 4.1635832480e-14
1.9708251953e+02 2.5233283256e-12 2.4710339980e-12 1.0560416724e-14 4.1733910926e-14
1.9714355469e+02 2.5155074594e-12 2.4633886869e-12 1.0564133920e-14 4.1554638573e-14
1.9720458984e+02 2.5080143098e-12 2.4561035964e-12 1.0480636516e-14 4.1430076793e-14
1.9726562500e+02 2.5022032937e-12 2.4502120414e-12 1.0550469313e-14 4.1440782998e-14
1.9732666016e+02 2.4963441502e-12 2.4445233600e-12 1.0506716390e-14 4.1314073795e-14
1.9738769531e+02 2.4897677096e-12 2.4380933414e-12 1.0444186254e-14 4.1230181921e-14
1.9744873047e+02 2.4838553672e-12 2.4323163984e-12 1.0419598606e-14 4.1119370153e-14
1.9750976562e+02 2.4790568917e-12 2.4275375244e-12 1.0426366668e-14 4.1093000569e-14
1.9757080078e+02 2.4740903860e-12 2.4226369464e-12 1.0416999982e-14 4.1036439611e-14
1.9763183594e+02 2.4682812124e-12 2.4168932975e-12 1.0353096092e-14 4.1034818820e-14
1.9769287109e+02 2.4618063669e-12 2.4104955865e-12 1.0345605256e-14 4.0965175122e-14
1.9775390625e+02 2.4533996874e-12 2.4019687579e-12 1.0329853308e-14 4.1101076164e-14
1.9781494141e+02 2.4473277478e-12 2.3957158576e-12 1.0369102461e-14 4.1242787802e-14
1.9787597656e+02 2.4425653877e-12 2.3912744227e-12 1.0274192633e-14 4.1016772441e-14
1.9793701172e+02 2.4365846611e-12 2.3855629094e-12 1.0243541942e-14 4.0778209763e-14
1.9799804688e+02 2.4297297770e-12 2.3788343967e-12 1.0347185725e-14 4.0548194569e-14
1.9805908203e+02 2.4230397174e-12 2.3721878445e-12 1.0381704929e-14 4.0470167949e-14
1.9812011719e+02 2.4171446888e-12 2.3661749076e-12 1.0294526332e-14 4.0675254809e-14
1.9818115234e+02 2.4127595887e-12 2.3619204064e-12 1.0200810723e-14 4.0638371520e-14
1.9824218750e+02 2.4067242845e-12 2.3560533301e-12 1.0247043253e-14 4.0423911112e-14
1.9830322266e+02 2.3995041968e-12 2.3490500292e-12 1.0199209547e-14 4.0254958063e-14
1.9836425781e+02 2.3918351889e-12 2.3414175794e-12 1.0157258967e-14 4.0260350534e-14
1.9842529297e+02 2.3856337305e-12 2.3353424747e-12 1.0141098977e-14 4.0150156843e-14
1.9848632812e+02 2.3804249292e-12 2.3304277149e-12 1.0125903226e-14 3.9871311096e-14
1.9854736328e+02 2.3754032577e-12 2.3254433504e-12 1.0121577585e-14 3.9838329726e-14
1.9860839844e+02 2.3698482429e-12 2.3198508815e-12 1.0062876183e-14 3.9934485143e-14
1.9866943359e+02 2.3630096047e-12 2.3130379941e-12 1.0052572511e-14 3.9919038092e-14
1.9873046875e+02 2.3578289440e-12 2.3080052652e-12 1.0006049793e-14 3.9817629015e-14
1.9879150391e+02 2.3515754909e-12 2.3019435534e-12 1.0052622255e-14 3.9579315250e-14
1.9885253906e+02 2.3454820758e-12 2.2958361200e-12 1.0025894515e-14 3.9620061376e-14
1.9891357422e+02 2.3386486372e-12 2.2889867238e-12 1.0043222765e-14 3.9618690685e-14
1.9897460938e+02 2.3324279979e-12 2.2829715510e-12 1.0086329142e-14 3.9370117701e-14
1.9903564453e+02 2.3260105859e-12 2.2768287912e-12 1.0051362028e-14 3.9130432622e-14
1.9909667969e+02 2.3193515684e-12 2.2702031870e-12 9.9860670103e-15 3.9162314413e-14
1.9915771484e+02 2.3133214689e-12 2.2640270974e-12 9.9228168366e-15 3.9371554669e-14
1.9921875000e+02 2.3079956288e-12 2.2586911004e-12 9.9313809817e-15 3.9373147446e-14
1.9927978516e+02 2.3029579639e-12 2.2537863973e-12 9.9620143249e-15 3.9209552228e-14
1.9934082031e+02 2.2967819514e-12 2.2476733006e-12 9.9443102465e-15 3.9164340550e-14
1.9940185547e+02 2.2898771863e-12 2.2407542786e-12 9.9022127484e-15 3.9220694973e-14
1.9946289062e+02 2.2861414275e-12 2.2370030403e-12 9.8876278699e-15 3.9250759288e-14
1.9952392578e+02 2.2817404774e-12 2.2326933254e-12 9.8811888394e-15 3.9165963171e-14
1.9958496094e+02 2.2753133818e-12 2.2264967588e-12 9.8965150178e-15 3.8920107988e-14
1.9964599609e+02 2.2692461602e-12 2.2205877809e-12 9.9387148190e-15 3.8719664464e-14
1.9970703125e+02 2.2637310145e-12 2.2149958869e-12 9.9161691796e-15 3.8818958388e-14
1.9976806641e+02 2.2575704634e-12 2.2088786290e-12 9.8753971574e-15 3.8816437271e-14
1.9982910156e+02 2.2507855953e-12 2.2022425689e-12 9.7996929350e-15 3.8743333445e-14
1.9989013672e+02 2.2456494451e-12 2.1972339673e-12 9.7595917963e-15 3.8655885992e-14
1.9995117188e+02 2.2406191841e-12 2.1922465798e-12 9.7898871363e-15 3.8582717174e-14
2.0001220703e+02 2.2335450593e-12 2.1853102342e-12 9.7453327558e-15 3.8489492278e-14
2.0007324219e+02 2.2278468352e-12 2.1797942182e-12 9.6916820590e-15 3.8360934944e-14
2.0013427734e+02 2.2219309381e-12 2.1740062451e-12 9.7081793280e-15 3.8216513641e-14
2.0019531250e+02 2.2145571200e-12 2.1667204573e-12 9.7468754432e-15 3.8089787282e-14
2.0025634766e+02 2.2095965682e-12 2.1617617882e-12 9.6936348193e-15 3.8141145231e-14
2.0031738281e+02 2.2044266526e-12 2.1566896196e-12 9.5995814706e-15 3.8137451506e-14
2.0037841797e+02 2.1996123353e-12 2.1520367359e-12 9.6827901528e-15 3.7892809292e-14
2.0043945312e+02 2.1931480410e-12 2.1453955082e-12 9.7105674330e-15 3.8041965350e-14
2.0050048828e+02 2.1878728513e-12 2.1400827286e-12 9.6461628983e-15 3.8143959787e-14
2.0056152344e+02 2.1839911843e-12 2.1364783384e-12 9.6114703569e-15 3.7901375538e-14
2.0062255859e+02 2.1777767276e-12 2.1305909233e-12 9.6242117296e-15 3.7561592643e-14
2.0068359375e+02 2.1717360066e-12 2.1245333066e-12 9.6348105183e-15 3.7567889453e-14
2.0074462891e+02 2.1661583928e-12 2.1190357563e-12 9.5849511280e-15 3.7537685325e-14
2.0080566406e+02 2.1614563418e-12 2.1142731520e-12 9.5499466045e-15 3.7633243204e-14
2.0086669922e+02 2.1567875794e-12 2.1095261151e-12 9.5521340479e-15 3.7709330220e-14
2.0092773438e+02 2.1511446930e-12 2.1040852688e-12 9.4810631867e-15 3.7578361007e-14
2.0098876953e+02 2.1453618368e-12 2.0983904666e-12 9.4269525710e-15 3.7544417640e-14
2.0104980469e+02 2.1389385912e-12 2.0918054032e-12 9.4864564554e-15 3.7646731551e-14
2.0111083984e+02 2.1326692042e-12 2.0855504697e-12 9.5319025241e-15 3.7586831988e-14
2.0117187500e+02 2.1269947515e-12 2.0801356944e-12 9.4981326786e-15 3.7360924475e-14
2.0123291016e+02 2.1226065207e-12 2.0759641955e-12 9.5169804695e-15 3.7125344683e-14
2.0129394531e+02 2.1189550989e-12 2.0723173765e-12 9.5697100450e-15 3.7068012335e-14
2.0135498047e+02 2.1143681258e-12 2.0676311743e-12 9.6572779400e-15 3.7079673562e-14
2.0141601562e+02 2.1089892245e-12 2.0623565350e-12 9.5629046056e-15 3.7069784819e-14
2.0147705078e+02 2.1015937143e-12 2.0552133039e-12 9.3806049147e-15 3.6999805501e-14
2.0153808594e+02 2.0972850001e-12 2.0510723818e-12 9.3621638055e-15 3.6850454541e-14
2.0159912109e+02 2.0924915823e-12 2.0462884475e-12 9.4347996381e-15 3.6768335175e-14
2.0166015625e+02 2.0863011023e-12 2.0401849666e-12 9.4455341759e-15 3.6670601587e-14
2.0172119141e+02 2.0809889463e-12 2.0349757169e-12 9.3624693401e-15 3.6650760025e-14
2.0178222656e+02 2.0743353708e-12 2.0283032149e-12 9.3680893717e-15 3.6664066579e-14
2.0184326172e+02 2.0694783883e-12 2.0234426666e-12 9.4742406378e-15 3.6561481082e-14
2.0190429688e+02 2.0647408973e-12 2.0189013997e-12 9.4221753841e-15 3.6417322199e-14
2.0196533203e+02 2.0587213546e-12 2.0130840672e-12 9.3663713915e-15 3.6270916034e-14
2.0202636719e+02 2.0542027199e-12 2.0085122845e-12 9.4376580226e-15 3.6252777326e-14
2.0208740234e+02 2.0497066472e-12 2.0038957652e-12 9.3911948082e-15 3.6419687126e-14
2.0214843750e+02 2.0435229734e-12 1.9978789257e-12 9.3388681291e-15 3.6305179491e-14
2.0220947266e+02 2.0378432027e-12 1.9924297959e-12 9.2629431465e-15 3.6150463613e-14
2.0227050781e+02 2.0332602152e-12 1.9881265336e-12 9.2343992191e-15 3.5899282465e-14
2.0233154297e+02 2.0284880575e-12 1.9834446968e-12 9.1912092005e-15 3.5852151528e-14
2.0239257812e+02 2.0234895711e-12 1.9783644506e-12 9.1608699620e-15 3.5964250472e-14
2.0245361328e+02 2.0185732258e-12 1.9734276820e-12 9.1476463868e-15 3.5997897424e-14
2.0251464844e+02 2.0132543956e-12 1.9681306895e-12 9.1949307041e-15 3.5928775423e-14
2.0257568359e+02 2.0084804593e-12 1.9634145025e-12 9.2214141144e-15 3.5844542732e-14
2.0263671875e+02 2.0022624530e-12 1.9572363725e-12 9.1903837656e-15 3.5835696675e-14
2.0269775391e+02 1.9968131424e-12 1.9519689353e-12 9.0786789589e-15 3.5765528226e-14
2.0275878906e+02 1.9921485558e-12 1.9474041341e-12 9.0383883242e-15 3.5706033425e-14
2.0281982422e+02 1.9883581368e-12 1.9436496711e-12 9.1280479009e-15 3.5580417742e-14
2.0288085938e+02 1.9821550878e-12 1.9376205043e-12 9.1005330834e-15 3.5434050398e-14
2.0294189453e+02 1.9759707337e-12 1.9314608435e-12 9.0737006625e-15 3.5436189532e-14
2.0300292969e+02 1.9714661952e-12 1.9268049194e-12 9.1262997322e-15 3.5534976077e-14
2.0306396484e+02 1.9646115281e-12 1.9200073540e-12 9.0991255470e-15 3.5505048630e-14
2.0312500000e+02 1.9594193869e-12 1.9149954258e-12 8.9982627704e-15 3.5425698332e-14
2.0318603516e+02 1.9546970276e-12 1.9105131140e-12 8.9685331473e-15 3.5215380388e-14
2.0324707031e+02 1.9503156350e-12 1.9063217131e-12 8.9473365422e-15 3.5046585286e-14
2.0330810547e+02 1.9463872448e-12 1.9024475533e-12 8.9469540803e-15 3.4992737471e-14
2.0336914062e+02 1.9416306300e-12 1.8976043429e-12 8.9350350685e-15 3.5091252035e-14
2.0343017578e+02 1.9359114018e-12 1.8919459070e-12 8.9800083190e-15 3.4985486462e-14
2.0349121094e+02 1.9309247936e-12 1.8869250138e-12 9.0007336707e-15 3.4999046143e-14
2.0355224609e+02 1.9271051655e-12 1.8830080930e-12 8.9432726443e-15 3.5153799785e-14
2.0361328125e+02 1.9220895212e-12 1.8781392395e-12 8.9424202198e-15 3.5007861546e-14
2.0367431641e+02 1.9169819968e-12 1.8730964755e-12 8.9134560259e-15 3.4972065238e-14
2.0373535156e+02 1.9122413280e-12 1.8684677806e-12 8.9068791503e-15 3.4866668249e-14
2.0379638672e+02 1.9064168790e-12 1.8629268228e-12 8.8701305340e-15 3.4619925679e-14
2.0385742188e+02 1.9003693562e-12 1.8568866018e-12 8.8963106580e-15 3.4586443753e-14
2.0391845703e+02 1.8958701022e-12 1.8524150705e-12 8.8691537630e-15 3.4585877961e-14
2.0397949219e+02 1.8921800833e-12 1.8487911886e-12 8.9070698588e-15 3.4481824836e-14
2.0404052734e+02 1.8867487499e-12 1.8432769384e-12 8.9185551534e-15 3.4553256297e-14
2.0410156250e+02 1.8818535141e-12 1.8382946992e-12 8.8751648674e-15 3.4683649981e-14
2.0416259766e+02 1.8775485152e-12 1.8340041297e-12 8.8886181600e-15 3.4655767392e-14
2.0422363281e+02 1.8731946902e-12 1.8298760647e-12 8.8896691679e-15 3.4428956313e-14
2.0428466797e+02 1.8680319755e-12 1.8249878217e-12 8.7598656176e-15 3.4284288205e-14
2.0434570312e+02 1.8629297581e-12 1.8199801287e-12 8.7915113721e-15 3.4158118023e-14
2.0440673828e+02 1.8587383993e-12 1.8158722871e-12 8.7850769844e-15 3.4081035255e-14
2.0446777344e+02 1.8541843993e-12 1.8113387773e-12 8.7329084641e-15 3.4112713455e-14
2.0452880859e+02 1.8492335295e-12 1.8065105210e-12 8.6978820750e-15 3.4025126497e-14
2.0458984375e+02 1.8440631536e-12 1.8014538812e-12 8.7343392320e-15 3.3874933233e-14
2.0465087891e+02 1.8401350152e-12 1.7975115523e-12 8.7849563201e-15 3.3838506559e-14
2.0471191406e+02 1.8345787641e-12 1.7920104922e-12 8.7770984955e-15 3.3791173374e-14
2.0477294922e+02 1.8294159965e-12 1.7868994498e-12 8.8122159506e-15 3.3704330754e-14
2.0483398438e+02 1.8236632013e-12 1.7812487876e-12 8.7465556618e-15 3.3667857988e-14
2.0489501953e+02 1.8189586634e-12 1.7766635199e-12 8.7638096493e-15 3.3531333848e-14
2.0495605469e+02 1.8148722564e-12 1.7725793342e-12 8.7878473806e-15 3.3505074782e-14
2.0501708984e+02 1.8100556545e-12 1.7677735545e-12 8.7596001059e-15 3.3522499829e-14
2.0507812500e+02 1.8056428186e-12 1.7634634965e-12 8.6798233386e-15 3.3499498776e-14
2.0513916016e+02 1.8006978684e-12 1.7586423813e-12 8.6113928207e-15 3.3444094304e-14
2.0520019531e+02 1.7951742715e-12 1.7532077062e-12 8.5678765865e-15 3.3398688628e-14
2.0526123047e+02 1.7907505629e-12 1.7488315159e-12 8.5560838331e-15 3.3362963226e-14
2.0532226562e+02 1.7874176233e-12 1.7457305706e-12 8.5393851498e-15 3.3147667537e-14
2.0538330078e+02 1.7832381430e-12 1.7416301229e-12 8.5802003167e-15 3.3027819727e-14
2.0544433594e+02 1.7782757106e-12 1.7367313376e-12 8.4833905700e-15 3.3060982364e-14
2.0550537109e+02 1.7732021305e-12 1.7318840945e-12 8.4058441032e-15 3.2912191861e-14
2.0556640625e+02 1.7690380684e-12 1.7276666355e-12 8.4931953347e-15 3.2878237555e-14
2.0562744141e+02 1.7634290541e-12 1.7219521800e-12 8.5676495797e-15 3.2909224549e-14
2.0568847656e+02 1.7593338364e-12 1.7177928231e-12 8.4984291933e-15 3.3042584086e-14
2.0574951172e+02 1.7556805775e-12 1.7139514930e-12 8.5328209627e-15 3.3196263514e-14
2.0581054688e+02 1.7513426303e-12 1.7096987890e-12 8.5903685869e-15 3.3053472701e-14
2.0587158203e+02 1.7464972308e-12 1.7051264859e-12 8.5652750855e-15 3.2805469793e-14
2.0593261719e+02 1.7418220989e-12 1.7006518987e-12 8.4841666764e-15 3.2686033450e-14
2.0599365234e+02 1.7368980925e-12 1.6956656890e-12 8.4509182446e-15 3.2781485277e-14
2.0605468750e+02 1.7305635379e-12 1.6894728375e-12 8.3296096860e-15 3.2761090721e-14
2.0611572266e+02 1.7259402403e-12 1.6849842838e-12 8.3595846831e-15 3.2596371767e-14
2.0617675781e+02 1.7219154470e-12 1.6809965105e-12 8.4433134028e-15 3.2475623116e-14
2.0623779297e+02 1.7184754131e-12 1.6777362376e-12 8.3292421326e-15 3.2409933394e-14
2.0629882812e+02 1.7151227080e-12 1.6743519945e-12 8.2757751348e-15 3.2494938273e-14
2.0635986328e+02 1.7103985535e-12 1.6696195386e-12 8.3613867393e-15 3.2417628137e-14
2.0642089844e+02 1.7053189359e-12 1.6646124706e-12 8.3857042118e-15 3.2320761107e-14
2.0648193359e+02 1.6999498655e-12 1.6594907987e-12 8.3316036152e-15 3.2127463185e-14
2.0654296875e+02 1.6943717718e-12 1.6540054723e-12 8.3068749877e-15 3.2059424588e-14
2.0660400391e+02 1.6909550108e-12 1.6504601017e-12 8.3482226906e-15 3.2146686354e-14
2.0666503906e+02 1.6864578845e-12 1.6459707635e-12 8.3481029806e-15 3.2139018055e-14
2.0672607422e+02 1.6822204834e-12 1.6416936777e-12 8.3612782930e-15 3.2165527374e-14
2.0678710938e+02 1.6772572272e-12 1.6367637372e-12 8.3391391652e-15 3.2154350823e-14
2.0684814453e+02 1.6724909347e-12 1.6322432062e-12 8.2934465513e-15 3.1954281954e-14
2.0690917969e+02 1.6695765395e-12 1.6293882350e-12 8.2678461550e-15 3.1920458302e-14
2.0697021484e+02 1.6667428531e-12 1.6265773349e-12 8.2242101607e-15 3.1941307979e-14
2.0703125000e+02 1.6628568499e-12 1.6227359336e-12 8.1993421941e-15 3.1921574184e-14
2.0709228516e+02 1.6589289126e-12 1.6189288006e-12 8.2187706816e-15 3.1781341287e-14
2.0715332031e+02 1.6534545667e-12 1.6135379010e-12 8.2462868127e-15 3.1670378889e-14
2.0721435547e+02 1.6480642062e-12 1.6082815256e-12 8.2452604184e-15 3.1537420226e-14
2.0727539062e+02 1.6427269154e-12 1.6029026171e-12 8.2359314251e-15 3.1588366960e-14
2.0733642578e+02 1.6384658905e-12 1.5985821714e-12 8.2199613921e-15 3.1663757739e-14
2.0739746094e+02 1.6341646255e-12 1.5943983111e-12 8.2022646916e-15 3.1564049683e-14
2.0745849609e+02 1.6294462725e-12 1.5898644491e-12 8.1740987224e-15 3.1407724684e-14
2.0751953125e+02 1.6251500000e-12 1.5856634307e-12 8.1517900956e-15 3.1334779187e-14
2.0758056641e+02 1.6217107836e-12 1.5823147371e-12 8.1816398207e-15 3.1214406743e-14
2.0764160156e+02 1.6180224155e-12 1.5786494404e-12 8.2032530475e-15 3.1169722088e-14
2.0770263672e+02 1.6136991476e-12 1.5743635617e-12 8.1320777062e-15 3.1203508104e-14
2.0776367188e+02 1.6097757698e-12 1.5705305429e-12 8.1450544438e-15 3.1100172459e-14
2.0782470703e+02 1.6050800884e-12 1.5659272685e-12 8.1855085113e-15 3.0967311392e-14
2.0788574219e+02 1.5998776414e-12 1.5607270311e-12 8.1642206559e-15 3.0986389625e-14
2.0794677734e+02 1.5952222688e-12 1.5561242729e-12 8.1714609199e-15 3.0926535048e-14
2.0800781250e+02 1.5915735253e-12 1.5527215114e-12 8.0569745084e-15 3.0795039385e-14
2.0806884766e+02 1.5884208316e-12 1.5495864410e-12 8.0194863327e-15 3.0814904315e-14
2.0812988281e+02 1.5844254450e-12 1.5457109912e-12 8.0260084411e-15 3.0688445398e-14
2.0819091797e+02 1.5806410985e-12 1.5420139824e-12 8.0449998385e-15 3.0582116239e-14
2.0825195312e+02 1.5762019436e-12 1.5376876463e-12 8.0032740104e-15 3.0511023299e-14
2.0831298828e+02 1.5720242163e-12 1.5334016007e-12 8.0506329696e-15 3.0571982580e-14
2.0837402344e+02 1.5688896675e-12 1.5302080920e-12 8.0253525307e-15 3.0656223022e-14
2.0843505859e+02 1.5644607483e-12 1.5257555743e-12 8.0787023696e-15 3.0626471694e-14
2.0849609375e+02 1.5602219450e-12 1.5215882526e-12 8.0379945336e-15 3.0595697940e-14
2.0855712891e+02 1.5549763852e-12 1.5165597133e-12 8.0077690439e-15 3.0408902857e-14
2.0861816406e+02 1.5507051746e-12 1.5123554376e-12 8.0147253449e-15 3.0335011597e-14
2.0867919922e+02 1.5473261737e-12 1.5089066417e-12 8.0340447264e-15 3.0385487270e-14
2.0874023438e+02 1.5439247520e-12 1.5055942198e-12 7.9880585654e-15 3.0342473704e-14
2.0880126953e+02 1.5397798342e-12 1.5014979771e-12 7.9053809407e-15 3.0376476117e-14
2.0886230469e+02 1.5365463075e-12 1.4982051937e-12 7.9401423221e-15 3.0400971509e-14
2.0892333984e+02 1.5320716468e-12 1.4938976433e-12 7.9076241651e-15 3.0266379298e-14
2.0898437500e+02 1.5281003459e-12 1.4900035066e-12 7.8031932177e-15 3.0293646039e-14
2.0904541016e+02 1.5247951552e-12 1.4866572236e-12 7.8405260535e-15 3.0297405505e-14
2.0910644531e+02 1.5195948197e-12 1.4815613926e-12 7.8542954466e-15 3.0179131664e-14
2.0916748047e+02 1.5143318117e-12 1.4764347916e-12 7.8347337898e-15 3.0062286325e-14
2.0922851562e+02 1.5098993845e-12 1.4719885693e-12 7.8402623701e-15 3.0070552761e-14
2.0928955078e+02 1.5056346091e-12 1.4678469500e-12 7.8246549754e-15 2.9963004083e-14
2.0935058594e+02 1.5016687039e-12 1.4639910370e-12 7.8358208451e-15 2.9841845986e-14
2.0941162109e+02 1.4978566315e-12 1.4601949718e-12 7.8540235491e-15 2.9807636175e-14
2.0947265625e+02 1.4933225028e-12 1.4557006608e-12 7.8355384824e-15 2.9786303532e-14
2.0953369141e+02 1.4885689481e-12 1.4510237819e-12 7.8563304761e-15 2.9688835751e-14
2.0959472656e+02 1.4856033321e-12 1.4481875254e-12 7.8747229150e-15 2.9541083800e-14
2.0965576172e+02 1.4836560473e-12 1.4461255883e-12 7.8438205327e-15 2.9686638486e-14
2.0971679688e+02 1.4796282179e-12 1.4421574176e-12 7.7900043238e-15 2.9680795925e-14
2.0977783203e+02 1.4743827114e-12 1.4369488314e-12 7.7979665076e-15 2.9635913479e-14
2.0983886719e+02 1.4696384613e-12 1.4324102673e-12 7.7339852510e-15 2.9494208767e-14
2.0989990234e+02 1.4643447801e-12 1.4273912763e-12 7.7476084462e-15 2.9205895356e-14
2.0996093750e+02 1.4618103377e-12 1.4247620169e-12 7.7565905614e-15 2.9291730233e-14
2.1002197266e+02 1.4603440210e-12 1.4232010452e-12 7.7222492663e-15 2.9420726621e-14
2.1008300781e+02 1.4575606076e-12 1.4205217497e-12 7.7167591860e-15 2.9322098668e-14
2.1014404297e+02 1.4535293111e-12 1.4165281825e-12 7.7706258527e-15 2.9230502725e-14
2.1020507812e+02 1.4498987072e-12 1.4130610362e-12 7.7302740057e-15 2.9107397014e-14
2.1026611328e+02 1.4458663810e-12 1.4090028697e-12 7.7423873014e-15 2.9121123993e-14
2.1032714844e+02 1.4415645209e-12 1.4048536384e-12 7.7123325944e-15 2.8998549873e-14
2.1038818359e+02 1.4367558394e-12 1.4000728429e-12 7.7091834284e-15 2.8973813164e-14
2.1044921875e+02 1.4331188711e-12 1.3964964783e-12 7.6727440398e-15 2.8949648769e-14
2.1051025391e+02 1.4298533344e-12 1.3933911931e-12 7.5985520191e-15 2.8863589343e-14
2.1057128906e+02 1.4267779925e-12 1.3903102507e-12 7.5376474705e-15 2.8930094317e-14
2.1063232422e+02 1.4229654482e-12 1.3864786870e-12 7.5641407798e-15 2.8922620387e-14
2.1069335938e+02 1.4191152779e-12 1.3826442978e-12 7.6844162823e-15 2.8786563773e-14
2.1075439453e+02 1.4158554561e-12 1.3795049450e-12 7.6663742684e-15 2.8684136814e-14
2.1081542969e+02 1.4116422621e-12 1.3755184010e-12 7.5891817778e-15 2.8534679267e-14
2.1087646484e+02 1.4072669040e-12 1.3712208335e-12 7.6127964929e-15 2.8433273993e-14
2.1093750000e+02 1.4029145609e-12 1.3667955760e-12 7.6393799175e-15 2.8479604968e-14
2.1099853516e+02 1.3988979322e-12 1.3628524138e-12 7.6290997739e-15 2.8416418559e-14
2.1105957031e+02 1.3955478941e-12 1.3595820095e-12 7.5713602885e-15 2.8394524347e-14
2.1112060547e+02 1.3919254507e-12 1.3559073592e-12 7.5659340089e-15 2.8452157544e-14
2.1118164062e+02 1.3885519025e-12 1.3525527811e-12 7.5716366736e-15 2.8427484736e-14
2.1124267578e+02 1.3849806207e-12 1.3490333809e-12 7.5740342711e-15 2.8373205521e-14
2.1130371094e+02 1.3813621493e-12 1.3453748620e-12 7.5528410736e-15 2.8434446249e-14
2.1136474609e+02 1.3772369454e-12 1.3413816473e-12 7.4815177403e-15 2.8373780419e-14
2.1142578125e+02 1.3738819165e-12 1.3382169448e-12 7.4962916902e-15 2.8168679953e-14
2.1148681641e+02 1.3709452508e-12 1.3353713007e-12 7.4926423508e-15 2.8081307741e-14
2.1154785156e+02 1.3662008259e-12 1.3305237145e-12 7.4639436352e-15 2.8213167773e-14
2.1160888672e+02 1.3623400502e-12 1.3266535317e-12 7.4421810357e-15 2.8244337429e-14
2.1166992188e+02 1.3594479511e-12 1.3239142559e-12 7.4091765449e-15 2.8124518671e-14
2.1173095703e+02 1.3553877750e-12 1.3199552740e-12 7.3880596788e-15 2.8044441355e-14
2.1179199219e+02 1.3515407254e-12 1.3160634318e-12 7.4493772273e-15 2.8027916454e-14
2.1185302734e+02 1.3476732609e-12 1.3121533155e-12 7.4794265969e-15 2.8040518800e-14
2.1191406250e+02 1.3445210772e-12 1.3089973550e-12 7.4824850908e-15 2.8041237113e-14
2.1197509766e+02 1.3405271603e-12 1.3051957741e-12 7.4505167710e-15 2.7880869516e-14
2.1203613281e+02 1.3376377278e-12 1.3024692054e-12 7.4200152678e-15 2.7748507165e-14
2.1209716797e+02 1.3343034599e-12 1.2991176566e-12 7.4191464056e-15 2.7766656918e-14
2.1215820312e+02 1.3298181098e-12 1.2946980763e-12 7.3885283476e-15 2.7731505219e-14
2.1221923828e+02 1.3263070087e-12 1.2911578151e-12 7.4588201078e-15 2.7690373403e-14
2.1228027344e+02 1.3229137456e-12 1.2878451307e-12 7.4223267528e-15 2.7646288123e-14
2.1234130859e+02 1.3192709817e-12 1.2841877726e-12 7.3802699521e-15 2.7702939172e-14
2.1240234375e+02 1.3153828117e-12 1.2804200242e-12 7.3884660753e-15 2.7574321392e-14
2.1246337891e+02 1.3116307962e-12 1.2767045572e-12 7.3500335839e-15 2.7576205480e-14
2.1252441406e+02 1.3092805743e-12 1.2744787212e-12 7.3285548019e-15 2.7473298291e-14
2.1258544922e+02 1.3054538395e-12 1.2708123692e-12 7.3703132654e-15 2.7271156994e-14
2.1264648438e+02 1.3017497303e-12 1.2669957806e-12 7.3909877798e-15 2.7362961919e-14
2.1270751953e+02 1.2990902882e-12 1.2643645076e-12 7.3468528344e-15 2.7378927743e-14
2.1276855469e+02 1.2947936908e-12 1.2602650971e-12 7.3522098655e-15 2.7176383850e-14
2.1282958984e+02 1.2912263982e-12 1.2568229478e-12 7.3173015491e-15 2.7086148864e-14
2.1289062500e+02 1.2888498554e-12 1.2543606107e-12 7.2874279018e-15 2.7201816818e-14
2.1295166016e+02 1.2865494296e-12 1.2521289731e-12 7.2781179577e-15 2.7142338596e-14
2.1301269531e+02 1.2830831053e-12 1.2486721801e-12 7.2984412447e-15 2.7112483996e-14
2.1307373047e+02 1.2788529441e-12 1.2446337919e-12 7.2709347668e-15 2.6948217430e-14
2.1313476562e+02 1.2764838167e-12 1.2423674366e-12 7.2464565254e-15 2.6869923614e-14
2.1319580078e+02 1.2733361888e-12 1.2391909398e-12 7.2511647033e-15 2.6894084318e-14
2.1325683594e+02 1.2690609291e-12 1.2350443900e-12 7.2142460499e-15 2.6802293138e-14
2.1331787109e+02 1.2648114070e-12 1.2308728340e-12 7.2072547857e-15 2.6731318227e-14
2.1337890625e+02 1.2620651087e-12 1.2280728614e-12 7.2559221877e-15 2.6736325147e-14
2.1343994141e+02 1.2590715532e-12 1.2252017078e-12 7.1953872279e-15 2.6674458226e-14
2.1350097656e+02 1.2555783556e-12 1.2218522958e-12 7.1696258029e-15 2.6556434047e-14
2.1356201172e+02 1.2519553834e-12 1.2183472960e-12 7.1389612397e-15 2.6469126171e-14
2.1362304688e+02 1.2477436933e-12 1.2141124851e-12 7.1717444376e-15 2.6459463756e-14
2.1368408203e+02 1.2437575931e-12 1.2101533667e-12 7.0970807915e-15 2.6507145624e-14
2.1374511719e+02 1.2403960648e-12 1.2067103439e-12 7.1072544248e-15 2.6578466434e-14
2.1380615234e+02 1.2378956735e-12 1.2042045489e-12 7.1473109816e-15 2.6543813572e-14
2.1386718750e+02 1.2348155611e-12 1.2013040826e-12 7.1110028803e-15 2.6400475669e-14
2.1392822266e+02 1.2314869205e-12 1.1980497929e-12 7.1052720838e-15 2.6331855476e-14
2.1398925781e+02 1.2284963529e-12 1.1950980077e-12 7.1083530781e-15 2.6289992148e-14
2.1405029297e+02 1.2251472943e-12 1.1918229326e-12 7.1033041839e-15 2.6221057592e-14
2.1411132812e+02 1.2213899625e-12 1.1881159742e-12 7.0905944700e-15 2.6183393765e-14
2.1417236328e+02 1.2179591053e-12 1.1847969293e-12 7.0832052693e-15 2.6078970673e-14
2.1423339844e+02 1.2147706958e-12 1.1816568700e-12 7.0864044164e-15 2.6027421413e-14
2.1429443359e+02 1.2116653169e-12 1.1784966281e-12 7.0527672143e-15 2.6115921558e-14
2.1435546875e+02 1.2086906737e-12 1.1755911327e-12 7.0376630370e-15 2.6061878001e-14
2.1441650391e+02 1.2047530719e-12 1.1718392970e-12 7.0367417101e-15 2.5877033134e-14
2.1447753906e+02 1.2024594145e-12 1.1696153501e-12 7.0434629895e-15 2.5800601401e-14
2.1453857422e+02 1.1989364744e-12 1.1661256759e-12 7.0508258063e-15 2.5759972696e-14
2.1459960938e+02 1.1952496346e-12 1.1623636130e-12 7.0600337652e-15 2.5825987793e-14
2.1466064453e+02 1.1930227050e-12 1.1600495156e-12 7.0862794925e-15 2.5886909908e-14
2.1472167969e+02 1.1903253854e-12 1.1574513765e-12 7.0640228021e-15 2.5809986126e-14
2.1478271484e+02 1.1873514070e-12 1.1544811429e-12 7.0485238675e-15 2.5821740163e-14
2.1484375000e+02 1.1836858925e-12 1.1508767538e-12 7.0238029704e-15 2.5785335777e-14
2.1490478516e+02 1.1802637854e-12 1.1476130698e-12 6.9928177959e-15 2.5657897779e-14
2.1496582031e+02 1.1764447166e-12 1.1437198004e-12 7.0572757048e-15 2.5667640537e-14
2.1502685547e+02 1.1720830493e-12 1.1394001942e-12 7.0100267504e-15 2.5672828404e-14
2.1508789062e+02 1.1689667463e-12 1.1364449173e-12 6.9378555840e-15 2.5583973374e-14
2.1514892578e+02 1.1660754566e-12 1.1336089894e-12 6.9074482307e-15 2.5559018922e-14
2.1520996094e+02 1.1632181958e-12 1.1307568212e-12 6.9231322406e-15 2.5538242334e-14
2.1527099609e+02 1.1606737949e-12 1.1282772786e-12 6.9486713908e-15 2.5447844974e-14
2.1533203125e+02 1.1580438824e-12 1.1257148766e-12 6.9260747428e-15 2.5402931068e-14
2.1539306641e+02 1.1545007994e-12 1.1221791197e-12 6.9261436049e-15 2.5395536113e-14
2.1545410156e+02 1.1517025373e-12 1.1194811817e-12 6.9683888789e-15 2.5252966669e-14
2.1551513672e+02 1.1495446495e-12 1.1175020701e-12 6.9030810645e-15 2.5139498378e-14
2.1557617188e+02 1.1463665379e-12 1.1143928144e-12 6.8407938936e-15 2.5132929616e-14
2.1563720703e+02 1.1427965480e-12 1.1107619588e-12 6.8931634491e-15 2.5141425742e-14
2.1569824219e+02 1.1391619872e-12 1.1070938055e-12 6.9269358611e-15 2.5141245906e-14
2.1575927734e+02 1.1365739509e-12 1.1046669038e-12 6.9002935525e-15 2.5006753590e-14
2.1582031250e+02 1.1336842158e-12 1.1018371717e-12 6.9341131652e-15 2.4912930969e-14
2.1588134766e+02 1.1295858499e-12 1.0977993591e-12 6.9228066483e-15 2.4863684189e-14
2.1594238281e+02 1.1261194009e-12 1.0942669863e-12 6.9245509762e-15 2.4927863686e-14
2.1600341797e+02 1.1234391389e-12 1.0916482262e-12 6.8585412383e-15 2.4932371488e-14
2.1606445312e+02 1.1207032141e-12 1.0890339009e-12 6.8695062823e-15 2.4799806981e-14
2.1612548828e+02 1.1182662943e-12 1.0867768716e-12 6.8386711663e-15 2.4650751488e-14
2.1618652344e+02 1.1150501362e-12 1.0835979756e-12 6.8269749296e-15 2.4625185651e-14
2.1624755859e+02 1.1111163390e-12 1.0796114588e-12 6.8064750541e-15 2.4698405104e-14
2.1630859375e+02 1.1071979228e-12 1.0756365761e-12 6.7909757819e-15 2.4770370863e-14
2.1636962891e+02 1.1053215021e-12 1.0739149874e-12 6.7340228195e-15 2.4672491937e-14
2.1643066406e+02 1.1032598001e-12 1.0719113579e-12 6.7413871418e-15 2.4607055061e-14
2.1649169922e+02 1.0996176267e-12 1.0683167777e-12 6.7598409823e-15 2.4541007997e-14
2.1655273438e+02 1.0959849989e-12 1.0645954343e-12 6.7956060158e-15 2.4593958536e-14
2.1661376953e+02 1.0922089369e-12 1.0608878203e-12 6.7512518621e-15 2.4569864721e-14
2.1667480469e+02 1.0893060825e-12 1.0580519789e-12 6.8136929722e-15 2.4440410692e-14
2.1673583984e+02 1.0872075172e-12 1.0559719849e-12 6.8212092106e-15 2.4414323164e-14
2.1679687500e+02 1.0856037563e-12 1.0544839996e-12 6.7541252259e-15 2.4365631483e-14
2.1685791016e+02 1.0832343732e-12 1.0523260124e-12 6.6750807637e-15 2.4233280053e-14
2.1691894531e+02 1.0792691312e-12 1.0484736053e-12 6.6682306009e-15 2.4127295238e-14
2.1697998047e+02 1.0772609259e-12 1.0464645295e-12 6.7180514979e-15 2.4078344896e-14
2.1704101562e+02 1.0745989173e-12 1.0436629364e-12 6.7510586177e-15 2.4184922207e-14
2.1710205078e+02 1.0704701985e-12 1.0395649307e-12 6.7211913509e-15 2.4184076387e-14
2.1716308594e+02 1.0667688692e-12 1.0359760957e-12 6.7012299679e-15 2.4091543593e-14
2.1722412109e+02 1.0645918203e-12 1.0340470719e-12 6.6053095088e-15 2.3939438893e-14
2.1728515625e+02 1.0627638508e-12 1.0321984309e-12 6.6194518402e-15 2.3945968084e-14
2.1734619141e+02 1.0599655448e-12 1.0293517786e-12 6.6071468608e-15 2.4006619288e-14
2.1740722656e+02 1.0566901491e-12 1.0261882225e-12 6.6371270627e-15 2.3864799538e-14
2.1746826172e+02 1.0532667998e-12 1.0228217176e-12 6.6251971768e-15 2.3819885033e-14
2.1752929688e+02 1.0499305776e-12 1.0194429111e-12 6.6107486557e-15 2.3876917895e-14
2.1759033203e+02 1.0470716571e-12 1.0165028352e-12 6.6265636939e-15 2.3942258256e-14
2.1765136719e+02 1.0453253777e-12 1.0146984762e-12 6.6409475949e-15 2.3985953857e-14
2.1771240234e+02 1.0422801351e-12 1.0117490526e-12 6.6788298403e-15 2.3852252635e-14
2.1777343750e+02 1.0390500187e-12 1.0087542358e-12 6.6435642958e-15 2.3652218598e-14
2.1783447266e+02 1.0363496123e-12 1.0061035747e-12 6.6029548781e-15 2.3643082734e-14
2.1789550781e+02 1.0340092991e-12 1.0037236653e-12 6.5368776485e-15 2.3748756147e-14
2.1795654297e+02 1.0304439039e-12 1.0002565642e-12 6.5209083872e-15 2.3666431307e-14
2.1801757812e+02 1.0276557089e-12 9.9749328114e-13 6.5231748862e-15 2.3639252870e-14
2.1807861328e+02 1.0254411440e-12 9.9529248335e-13 6.5242387242e-15 2.3624421948e-14
2.1813964844e+02 1.0230292924e-12 9.9285645490e-13 6.5505801977e-15 2.3622257308e-14
2.1820068359e+02 1.0211427150e-12 9.9095539479e-13 6.5376420016e-15 2.3649678185e-14
2.1826171875e+02 1.0180381116e-12 9.8794779825e-13 6.5212505227e-15 2.3569062863e-14
2.1832275391e+02 1.0152649208e-12 9.8518385414e-13 6.6011294377e-15 2.3479937188e-14
2.1838378906e+02 1.0129823147e-12 9.8301902352e-13 6.5689727253e-15 2.3394318441e-14
2.1844482422e+02 1.0104104084e-12 9.8055922044e-13 6.5313436695e-15 2.3319844243e-14
2.1850585938e+02 1.0074122242e-12 9.7772220804e-13 6.5284637396e-15 2.3161552424e-14
2.1856689453e+02 1.0037601224e-12 9.7416809732e-13 6.5323680352e-15 2.3059657056e-14
2.1862792969e+02 1.0005930911e-12 9.7098559059e-13 6.5015703591e-15 2.3105930152e-14
2.1868896484e+02 9.9772269784e-13 9.6806874994e-13 6.4935513977e-15 2.3160396504e-14
2.1875000000e+02 9.9578966126e-13 9.6612940792e-13 6.5134592269e-15 2.3146794116e-14
2.1881103516e+02 9.9248121945e-13 9.6288572465e-13 6.5087255453e-15 2.3086769256e-14
2.1887207031e+02 9.8947162941e-13 9.5997792207e-13 6.4908283022e-15 2.3002879037e-14
2.1893310547e+02 9.8621173159e-13 9.5677367061e-13 6.4511288127e-15 2.2986932163e-14
2.1899414062e+02 9.8379805420e-13 9.5430640654e-13 6.4862796606e-15 2.3005368001e-14
2.1905517578e+02 9.8183049235e-13 9.5249507772e-13 6.4628084703e-15 2.2872606156e-14
2.1911621094e+02 9.7933654843e-13 9.5032981912e-13 6.3582108263e-15 2.2648518477e-14
2.1917724609e+02 9.7651814394e-13 9.4750014086e-13 6.4316251721e-15 2.2586377913e-14
2.1923828125e+02 9.7333952017e-13 9.4419477183e-13 6.4254173759e-15 2.2719330964e-14
2.1929931641e+02 9.7095555183e-13 9.4170200192e-13 6.4353449457e-15 2.2818204956e-14
2.1936035156e+02 9.6910598424e-13 9.3990454085e-13 6.4456882075e-15 2.2755755187e-14
2.1942138672e+02 9.6612227346e-13 9.3712665062e-13 6.4023362223e-15 2.2593286613e-14
2.1948242188e+02 9.6285055853e-13 9.3383005452e-13 6.4304273338e-15 2.2590076679e-14
2.1954345703e+02 9.6015702128e-13 9.3107555937e-13 6.4397461303e-15 2.2641715773e-14
2.1960449219e+02 9.5765833447e-13 9.2861803718e-13 6.4723567418e-15 2.2567940546e-14
2.1966552734e+02 9.5491534623e-13 9.2599550061e-13 6.3888132043e-15 2.2531032416e-14
2.1972656250e+02 9.5255106451e-13 9.2369719718e-13 6.3598123167e-15 2.2494055019e-14
2.1978759766e+02 9.5019009665e-13 9.2136195334e-13 6.3785434874e-15 2.2449599818e-14
2.1984863281e+02 9.4754028599e-13 9.1887346126e-13 6.3166206985e-15 2.2350204035e-14
2.1990966797e+02 9.4541481769e-13 9.1680484599e-13 6.3311263055e-15 2.2278845388e-14
2.1997070312e+02 9.4294720427e-13 9.1420064794e-13 6.3747760356e-15 2.2371780298e-14
2.2003173828e+02 9.3901144341e-13 9.1032716754e-13 6.3107504601e-15 2.2373525416e-14
2.2009277344e+02 9.3636068964e-13 9.0785972892e-13 6.2846049818e-15 2.2216355738e-14
2.2015380859e+02 9.3440839519e-13 9.0607475768e-13 6.2639864830e-15 2.2069651030e-14
2.2021484375e+02 9.3324240413e-13 9.0476040131e-13 6.2808522839e-15 2.2201150537e-14
2.2027587891e+02 9.3122536245e-13 9.0269576614e-13 6.2883872101e-15 2.2241209106e-14
2.2033691406e+02 9.2803853732e-13 8.9955066059e-13 6.3035064046e-15 2.2184370319e-14
2.2039794922e+02 9.2422205412e-13 8.9573822325e-13 6.3583987955e-15 2.2125432072e-14
2.2045898438e+02 9.2047757571e-13 8.9218410266e-13 6.2968615465e-15 2.1996611503e-14
2.2052001953e+02 9.1904660496e-13 8.9068163848e-13 6.3476811290e-15 2.2017285345e-14
2.2058105469e+02 9.1737800752e-13 8.8897196985e-13 6.3409478648e-15 2.2065089809e-14
2.2064208984e+02 9.1497289536e-13 8.8672182273e-13 6.2529856833e-15 2.1998086946e-14
2.2070312500e+02 9.1272935428e-13 8.8447145370e-13 6.2723035860e-15 2.1985596997e-14
2.2076416016e+02 9.1100107134e-13 8.8282300226e-13 6.2896520700e-15 2.1888417014e-14
2.2082519531e+02 9.0903971186e-13 8.8092400839e-13 6.1954199572e-15 2.1920283511e-14
2.2088623047e+02 9.0595329259e-13 8.7773600380e-13 6.2339099686e-15 2.1983378827e-14
2.2094726562e+02 9.0295211532e-13 8.7491637613e-13 6.2021784068e-15 2.1833560781e-14
2.2100830078e+02 9.0014511755e-13 8.7221359857e-13 6.1710534072e-15 2.1760465579e-14
2.2106933594e+02 8.9719795303e-13 8.6924282924e-13 6.1975300295e-15 2.1757593753e-14
2.2113037109e+02 8.9489788806e-13 8.6690149992e-13 6.2418934577e-15 2.1754494683e-14
2.2119140625e+02 8.9251126900e-13 8.6458739139e-13 6.2272686974e-15 2.1696608908e-14
2.2125244141e+02 8.8961489467e-13 8.6173068131e-13 6.1649429261e-15 2.1719270429e-14
2.2131347656e+02 8.8737163508e-13 8.5952671617e-13 6.1513802121e-15 2.1693538705e-14
2.2137451172e+02 8.8508741722e-13 8.5725501710e-13 6.2268319085e-15 2.1605568210e-14
2.2143554688e+02 8.8357142759e-13 8.5580496832e-13 6.2455482389e-15 2.1520911028e-14
2.2149658203e+02 8.8056025935e-13 8.5286693924e-13 6.2337965434e-15 2.1459523573e-14
2.2155761719e+02 8.7713349530e-13 8.4953058231e-13 6.2172226160e-15 2.1385690381e-14
2.2161865234e+02 8.7434585327e-13 8.4689409944e-13 6.1527221459e-15 2.1299031685e-14
2.2167968750e+02 8.7214505503e-13 8.4471584748e-13 6.1679092911e-15 2.1261298258e-14
2.2174072266e+02 8.7012055948e-13 8.4261571074e-13 6.2038347985e-15 2.1301013943e-14
2.2180175781e+02 8.6815013082e-13 8.4074555968e-13 6.1770502620e-15 2.1227520877e-14
2.2186279297e+02 8.6675597429e-13 8.3936779530e-13 6.1695594874e-15 2.1218619506e-14
2.2192382812e+02 8.6493476974e-13 8.3751114221e-13 6.1742628513e-15 2.1249364682e-14
2.2198486328e+02 8.6265605023e-13 8.3527346299e-13 6.1640732237e-15 2.1218514015e-14
2.2204589844e+02 8.5978091598e-13 8.3264097171e-13 6.1293348026e-15 2.1010609469e-14
2.2210693359e+02 8.5656646010e-13 8.2944826222e-13 6.1990018635e-15 2.0919196014e-14
2.2216796875e+02 8.5366989751e-13 8.2650438458e-13 6.2164031441e-15 2.0949109791e-14
2.2222900391e+02 8.5102100146e-13 8.2395251553e-13 6.1329740870e-15 2.0935511839e-14
2.2229003906e+02 8.4840427409e-13 8.2133763320e-13 6.0792961779e-15 2.0987344710e-14
2.2235107422e+02 8.4661724530e-13 8.1963552604e-13 6.0985813909e-15 2.0883137865e-14
2.2241210938e+02 8.4371159331e-13 8.1687723559e-13 6.0821533919e-15 2.0752204327e-14
2.2247314453e+02 8.4089101618e-13 8.1398352204e-13 6.0660510677e-15 2.0841443073e-14
2.2253417969e+02 8.3901538954e-13 8.1204768703e-13 6.0887363985e-15 2.0878966110e-14
2.2259521484e+02 8.3842491507e-13 8.1146478334e-13 6.0943230141e-15 2.0865808721e-14
2.2265625000e+02 8.3635237430e-13 8.0940605181e-13 6.0590019782e-15 2.0887320514e-14
2.2271728516e+02 8.3298489215e-13 8.0620402986e-13 6.0866212044e-15 2.0694241091e-14
2.2277832031e+02 8.3043870350e-13 8.0375679092e-13 6.1084183406e-15 2.0573494232e-14
2.2283935547e+02 8.2804724540e-13 8.0133650201e-13 6.0844927483e-15 2.0626250649e-14
2.2290039062e+02 8.2601975343e-13 7.9931921613e-13 6.0363651025e-15 2.0664172195e-14
2.2296142578e+02 8.2358483090e-13 7.9693212092e-13 6.0443917831e-15 2.0608318195e-14
2.2302246094e+02 8.2142263905e-13 7.9483652173e-13 6.0217219866e-15 2.0564395337e-14
2.2308349609e+02 8.1987367716e-13 7.9326120985e-13 6.0610956266e-15 2.0551371682e-14
2.2314453125e+02 8.1713753831e-13 7.9058646154e-13 6.0290715020e-15 2.0522005264e-14
2.2320556641e+02 8.1538622826e-13 7.8889282526e-13 5.9999374517e-15 2.0493465549e-14
2.2326660156e+02 8.1290804264e-13 7.8656134091e-13 5.9978216868e-15 2.0348880042e-14
2.2332763672e+02 8.0987895240e-13 7.8358424832e-13 6.0123056331e-15 2.0282398444e-14
2.2338867188e+02 8.0725675889e-13 7.8100830790e-13 5.9897745463e-15 2.0258676443e-14
2.2344970703e+02 8.0473033317e-13 7.7839502524e-13 5.9881526919e-15 2.0347155245e-14
2.2351074219e+02 8.0311320694e-13 7.7666804951e-13 6.0157793468e-15 2.0429378088e-14
2.2357177734e+02 8.0136495257e-13 7.7491953352e-13 5.9830160516e-15 2.0462403004e-14
2.2363281250e+02 7.9923479113e-13 7.7286919355e-13 5.9547354080e-15 2.0410862175e-14
2.2369384766e+02 7.9685545475e-13 7.7075129077e-13 5.9194010140e-15 2.0184762963e-14
2.2375488281e+02 7.9495214919e-13 7.6888941606e-13 5.9385914182e-15 2.0124141711e-14
2.2381591797e+02 7.9273375661e-13 7.6660414797e-13 5.9653539511e-15 2.0164254697e-14
2.2387695312e+02 7.9028909194e-13 7.6415485515e-13 5.9883417945e-15 2.0145894992e-14
2.2393798828e+02 7.8858897196e-13 7.6250874139e-13 5.9686792630e-15 2.0111551306e-14
2.2399902344e+02 7.8654025153e-13 7.6064676603e-13 5.8957259773e-15 1.9997759527e-14
2.2406005859e+02 7.8469464888e-13 7.5868070870e-13 5.9457216379e-15 2.0068218544e-14
2.2412109375e+02 7.8229911140e-13 7.5631280557e-13 5.9123236386e-15 2.0073982194e-14
2.2418212891e+02 7.7984461950e-13 7.5397311127e-13 5.8379269681e-15 2.0033581258e-14
2.2424316406e+02 7.7700232301e-13 7.5107439626e-13 5.8931752836e-15 2.0034751464e-14
2.2430419922e+02 7.7455953325e-13 7.4871641282e-13 5.8760601620e-15 1.9967060262e-14
2.2436523438e+02 7.7271683831e-13 7.4699340335e-13 5.8934592525e-15 1.9829975704e-14
2.2442626953e+02 7.7125785385e-13 7.4562237880e-13 5.8732819796e-15 1.9762193069e-14
2.2448730469e+02 7.6907369320e-13 7.4341270794e-13 5.8879875011e-15 1.9772997765e-14
2.2454833984e+02 7.6630101276e-13 7.4069029057e-13 5.8896851160e-15 1.9721037073e-14
2.2460937500e+02 7.6471018044e-13 7.3921702223e-13 5.8355673780e-15 1.9657590830e-14
2.2467041016e+02 7.6325855398e-13 7.3777413056e-13 5.8829840909e-15 1.9601439330e-14
2.2473144531e+02 7.6075762420e-13 7.3531837683e-13 5.8769847512e-15 1.9562262620e-14
2.2479248047e+02 7.5833996644e-13 7.3290902124e-13 5.8621741031e-15 1.9568771094e-14
2.2485351562e+02 7.5662304935e-13 7.3122540292e-13 5.8797462945e-15 1.9517900145e-14
2.2491455078e+02 7.5445056059e-13 7.2923847346e-13 5.8237501187e-15 1.9388337007e-14
2.2497558594e+02 7.5219468660e-13 7.2695784747e-13 5.8645653009e-15 1.9372273824e-14
2.2503662109e+02 7.5005082559e-13 7.2478626809e-13 5.8891882439e-15 1.9375369252e-14
2.2509765625e+02 7.4730587753e-13 7.2211583761e-13 5.8678192816e-15 1.9322220636e-14
2.2515869141e+02 7.4470936715e-13 7.1945731223e-13 5.8871085222e-15 1.9364946404e-14
2.2521972656e+02 7.4303746632e-13 7.1777395062e-13 5.8582470975e-15 1.9405268600e-14
2.2528076172e+02 7.4194988997e-13 7.1684185266e-13 5.8499370227e-15 1.9258100283e-14
2.2534179688e+02 7.4009709094e-13 7.1521183665e-13 5.7940590217e-15 1.9091195274e-14
2.2540283203e+02 7.3771716676e-13 7.1281163407e-13 5.7951036717e-15 1.9110429020e-14
2.2546386719e+02 7.3520097986e-13 7.1040657126e-13 5.7589960721e-15 1.9035412519e-14
2.2552490234e+02 7.3351437918e-13 7.0864274119e-13 5.7679691398e-15 1.9103668857e-14
2.2558593750e+02 7.3241641701e-13 7.0745452079e-13 5.8268943178e-15 1.9135001899e-14
2.2564697266e+02 7.3096700742e-13 7.0599563620e-13 5.8221301949e-15 1.9149241025e-14
2.2570800781e+02 7.2940981638e-13 7.0449044944e-13 5.8225702434e-15 1.9096796698e-14
2.2576904297e+02 7.2647523809e-13 7.0157749379e-13 5.8084420128e-15 1.9089302293e-14
2.2583007812e+02 7.2442138345e-13 6.9958210656e-13 5.7476072830e-15 1.9091669607e-14
2.2589111328e+02 7.2288801313e-13 6.9814590863e-13 5.6915046884e-15 1.9050599809e-14
2.2595214844e+02 7.2143120130e-13 6.9680043389e-13 5.7213512432e-15 1.8909416168e-14
2.2601318359e+02 7.1915034793e-13 6.9461208943e-13 5.7403717670e-15 1.8797886733e-14
2.2607421875e+02 7.1656034744e-13 6.9200829097e-13 5.7264926915e-15 1.8825563774e-14
2.2613525391e+02 7.1458149530e-13 6.8986467779e-13 5.7481478607e-15 1.8968669651e-14
2.2619628906e+02 7.1282870289e-13 6.8801750960e-13 5.8361222872e-15 1.8975071012e-14
2.2625732422e+02 7.1004188791e-13 6.8533638681e-13 5.7876592706e-15 1.8917841826e-14
2.2631835938e+02 7.0764348465e-13 6.8301393508e-13 5.7572496780e-15 1.8872299893e-14
2.2637939453e+02 7.0504175633e-13 6.8057505622e-13 5.7100543875e-15 1.8756645718e-14
2.2644042969e+02 7.0300877124e-13 6.7858952997e-13 5.7387900659e-15 1.8680451206e-14
2.2650146484e+02 7.0212986916e-13 6.7758592421e-13 5.7494790303e-15 1.8794465923e-14
2.2656250000e+02 7.0087039257e-13 6.7634293395e-13 5.7547728494e-15 1.8772685779e-14
2.2662353516e+02 6.9915801520e-13 6.7470449021e-13 5.7591149961e-15 1.8694409995e-14
2.2668457031e+02 6.9670473992e-13 6.7236729848e-13 5.6918502123e-15 1.8645591226e-14
2.2674560547e+02 6.9459470421e-13 6.7034298118e-13 5.6760417298e-15 1.8575681303e-14
2.2680664062e+02 6.9298866022e-13 6.6875932983e-13 5.6719097731e-15 1.8557420613e-14
2.2686767578e+02 6.9134311634e-13 6.6712882264e-13 5.6721414341e-15 1.8542152263e-14
2.2692871094e+02 6.8942609666e-13 6.6527732171e-13 5.7060656413e-15 1.8442709312e-14
2.2698974609e+02 6.8750403798e-13 6.6347904200e-13 5.6678417330e-15 1.8357154253e-14
2.2705078125e+02 6.8510353455e-13 6.6106052447e-13 5.6958610243e-15 1.8347149058e-14
2.2711181641e+02 6.8283909547e-13 6.5864575243e-13 5.7200859562e-15 1.8473257088e-14
2.2717285156e+02 6.8080373764e-13 6.5661807257e-13 5.7640146597e-15 1.8421650410e-14
2.2723388672e+02 6.7908201792e-13 6.5504158358e-13 5.6991965025e-15 1.8341237831e-14
2.2729492188e+02 6.7713187798e-13 6.5314843089e-13 5.6346803017e-15 1.8348766789e-14
2.2735595703e+02 6.7511430771e-13 6.5118050134e-13 5.6431658841e-15 1.8290640485e-14
2.2741699219e+02 6.7379610049e-13 6.4984801598e-13 5.6813228932e-15 1.8266761613e-14
2.2747802734e+02 6.7224433561e-13 6.4834872965e-13 5.6712134134e-15 1.8224392544e-14
2.2753906250e+02 6.7013809654e-13 6.4638520632e-13 5.5966109430e-15 1.8156279284e-14
2.2760009766e+02 6.6853149775e-13 6.4480165053e-13 5.6078003617e-15 1.8122046853e-14
2.2766113281e+02 6.6685035975e-13 6.4311208005e-13 5.6154752549e-15 1.8122804443e-14
2.2772216797e+02 6.6409332284e-13 6.4041050033e-13 5.5707417384e-15 1.8112080765e-14
2.2778320312e+02 6.6229295328e-13 6.3871099552e-13 5.5710889972e-15 1.8010868763e-14
2.2784423828e+02 6.6095727131e-13 6.3731708259e-13 5.6188710974e-15 1.8021317624e-14
2.2790527344e+02 6.5947344809e-13 6.3582013911e-13 5.6640922476e-15 1.7989216732e-14
2.2796630859e+02 6.5788593804e-13 6.3445820457e-13 5.6172453224e-15 1.7810488145e-14
2.2802734375e+02 6.5605132494e-13 6.3279402604e-13 5.5857741294e-15 1.7671524765e-14
2.2808837891e+02 6.5410430078e-13 6.3080114391e-13 5.5957691959e-15 1.7707387672e-14
2.2814941406e+02 6.5183563863e-13 6.2851894178e-13 5.6031892304e-15 1.7713507618e-14
2.2821044922e+02 6.4938566608e-13 6.2599117699e-13 5.6113557323e-15 1.7783133356e-14
2.2827148438e+02 6.4680409897e-13 6.2341615198e-13 5.5972684475e-15 1.7790678548e-14
2.2833251953e+02 6.4486392894e-13 6.2156155275e-13 5.5962783641e-15 1.7706097820e-14
2.2839355469e+02 6.4324990206e-13 6.1980885511e-13 5.6333322309e-15 1.7807714722e-14
2.2845458984e+02 6.4174375707e-13 6.1826364406e-13 5.5661994430e-15 1.7913913566e-14
2.2851562500e+02 6.4034390726e-13 6.1703151222e-13 5.5582709126e-15 1.7754124122e-14
2.2857666016e+02 6.3922634551e-13 6.1599720963e-13 5.5972289062e-15 1.7631906975e-14
2.2863769531e+02 6.3753371904e-13 6.1444139791e-13 5.5422423222e-15 1.7550078813e-14
2.2869873047e+02 6.3581232301e-13 6.1280591511e-13 5.5250273082e-15 1.7481380587e-14
2.2875976562e+02 6.3421617427e-13 6.1106938121e-13 5.5049048191e-15 1.7641888233e-14
2.2882080078e+02 6.3164711619e-13 6.0846596410e-13 5.5030181323e-15 1.7678133959e-14
2.2888183594e+02 6.2957974917e-13 6.0646893758e-13 5.5839266481e-15 1.7526884950e-14
2.2894287109e+02 6.2833823584e-13 6.0530175063e-13 5.5273253921e-15 1.7509159813e-14
2.2900390625e+02 6.2649140427e-13 6.0342061560e-13 5.5274263858e-15 1.7543362281e-14
2.2906494141e+02 6.2455085211e-13 6.0148169561e-13 5.5165409910e-15 1.7552615509e-14
2.2912597656e+02 6.2348084002e-13 6.0049717467e-13 5.5478968537e-15 1.7435768494e-14
2.2918701172e+02 6.2181320071e-13 5.9884851335e-13 5.5004016241e-15 1.7464285742e-14
2.2924804688e+02 6.1957678095e-13 5.9664647190e-13 5.5004366151e-15 1.7429872440e-14
2.2930908203e+02 6.1764393756e-13 5.9484032412e-13 5.5059575314e-15 1.7297655913e-14
2.2937011719e+02 6.1641028962e-13 5.9359764584e-13 5.5032872541e-15 1.7309356527e-14
2.2943115234e+02 6.1473895577e-13 5.9189199254e-13 5.4902577289e-15 1.7356705505e-14
2.2949218750e+02 6.1276611114e-13 5.8992282590e-13 5.4743294646e-15 1.7368955772e-14
2.2955322266e+02 6.1126817523e-13 5.8848019625e-13 5.5171772375e-15 1.7270801736e-14
2.2961425781e+02 6.0961480915e-13 5.8705772590e-13 5.4937330682e-15 1.7063350187e-14
2.2967529297e+02 6.0752991572e-13 5.8513884987e-13 5.4402973942e-15 1.6950768456e-14
2.2973632812e+02 6.0590290363e-13 5.8345348678e-13 5.4887451714e-15 1.6960671672e-14
2.2979736328e+02 6.0476104100e-13 5.8223903345e-13 5.5173953841e-15 1.7004612170e-14
2.2985839844e+02 6.0359542000e-13 5.8109186933e-13 5.4952453208e-15 1.7008305355e-14
2.2991943359e+02 6.0203099533e-13 5.7950491265e-13 5.4854958916e-15 1.7040586787e-14
2.2998046875e+02 5.9926780083e-13 5.7677605101e-13 5.4719391616e-15 1.7019810662e-14
2.3004150391e+02 5.9745495492e-13 5.7500111945e-13 5.4718269194e-15 1.6982008549e-14
2.3010253906e+02 5.9521229271e-13 5.7288338189e-13 5.4398920971e-15 1.6889018727e-14
2.3016357422e+02 5.9305649540e-13 5.7072402528e-13 5.4410355594e-15 1.6891434566e-14
2.3022460938e+02 5.9190335837e-13 5.6957544469e-13 5.4730196017e-15 1.6854894080e-14
2.3028564453e+02 5.9104008769e-13 5.6877151004e-13 5.4433682802e-15 1.6825209375e-14
2.3034667969e+02 5.9009000853e-13 5.6791007689e-13 5.4190685620e-15 1.6760863071e-14
2.3040771484e+02 5.8884579928e-13 5.6672480404e-13 5.4472291835e-15 1.6673766060e-14
2.3046875000e+02 5.8734375548e-13 5.6523466938e-13 5.4270296154e-15 1.6682056479e-14
2.3052978516e+02 5.8542775173e-13 5.6329861837e-13 5.3963272029e-15 1.6732806157e-14
2.3059082031e+02 5.8362246037e-13 5.6157666779e-13 5.3927389129e-15 1.6653053666e-14
2.3065185547e+02 5.8198167497e-13 5.5996635552e-13 5.3958776665e-15 1.6619441782e-14
2.3071289062e+02 5.8077589591e-13 5.5876633554e-13 5.3986403290e-15 1.6610920049e-14
2.3077392578e+02 5.7950501926e-13 5.5753560754e-13 5.4130075393e-15 1.6556404182e-14
2.3083496094e+02 5.7734167927e-13 5.5539868853e-13 5.3691651318e-15 1.6573825605e-14
2.3089599609e+02 5.7502805141e-13 5.5314612548e-13 5.3369293296e-15 1.6544996597e-14
2.3095703125e+02 5.7371035954e-13 5.5183505633e-13 5.3687490471e-15 1.6506554161e-14
2.3101806641e+02 5.7217240383e-13 5.5038476515e-13 5.3857704759e-15 1.6401868207e-14
2.3107910156e+02 5.7070765066e-13 5.4886987878e-13 5.4052497702e-15 1.6432522109e-14
2.3114013672e+02 5.6901770813e-13 5.4727514782e-13 5.3759474087e-15 1.6366612904e-14
2.3120117188e+02 5.6698362542e-13 5.4527482871e-13 5.4161735102e-15 1.6292623202e-14
2.3126220703e+02 5.6490777001e-13 5.4314425865e-13 5.3962486371e-15 1.6367262724e-14
2.3132324219e+02 5.6279894861e-13 5.4107710230e-13 5.3767908178e-15 1.6345055489e-14
2.3138427734e+02 5.6087849484e-13 5.3923968285e-13 5.3260398868e-15 1.6312772110e-14
2.3144531250e+02 5.5951907185e-13 5.3789922563e-13 5.3196189669e-15 1.6300227253e-14
2.3150634766e+02 5.5893843428e-13 5.3734726649e-13 5.3263298866e-15 1.6264837904e-14
2.3156738281e+02 5.5743287540e-13 5.3594227697e-13 5.2832872810e-15 1.6207311145e-14
2.3162841797e+02 5.5598564844e-13 5.3452759495e-13 5.2526371026e-15 1.6205416386e-14
2.3168945312e+02 5.5459887493e-13 5.3311911763e-13 5.2088416925e-15 1.6270915612e-14
2.3175048828e+02 5.5284279895e-13 5.3143065152e-13 5.2288032556e-15 1.6183344166e-14
2.3181152344e+02 5.5164794081e-13 5.3022432540e-13 5.2635878509e-15 1.6160027565e-14
2.3187255859e+02 5.5016044372e-13 5.2872160974e-13 5.2585761437e-15 1.6180257838e-14
2.3193359375e+02 5.4845284295e-13 5.2691806753e-13 5.3216110619e-15 1.6213164366e-14
2.3199462891e+02 5.4729758777e-13 5.2572068037e-13 5.3481011149e-15 1.6228806293e-14
2.3205566406e+02 5.4590299679e-13 5.2441174168e-13 5.3236593834e-15 1.6167595730e-14
2.3211669922e+02 5.4487803923e-13 5.2337031314e-13 5.3051764892e-15 1.6202549595e-14
2.3217773438e+02 5.4292602580e-13 5.2152636013e-13 5.2836568282e-15 1.6116008836e-14
2.3223876953e+02 5.4136715486e-13 5.2000472382e-13 5.3262900278e-15 1.6036141013e-14
2.3229980469e+02 5.4052315934e-13 5.1925232183e-13 5.3044673504e-15 1.5966370155e-14
2.3236083984e+02 5.3976806556e-13 5.1849325363e-13 5.3132506161e-15 1.5961561314e-14
2.3242187500e+02 5.3811539029e-13 5.1668744247e-13 5.3621523750e-15 1.6065795441e-14
2.3248291016e+02 5.3612018276e-13 5.1477740244e-13 5.3308962754e-15 1.6011884045e-14
2.3254394531e+02 5.3390469442e-13 5.1286305574e-13 5.2316710862e-15 1.5809967591e-14
2.3260498047e+02 5.3253983795e-13 5.1148086077e-13 5.2368606080e-15 1.5822116573e-14
2.3266601562e+02 5.3092534447e-13 5.0978737922e-13 5.2603949175e-15 1.5877570331e-14
2.3272705078e+02 5.2968581333e-13 5.0863299790e-13 5.2456361577e-15 1.5807179278e-14
2.3278808594e+02 5.2850622452e-13 5.0756243476e-13 5.2317876759e-15 1.5712002088e-14
2.3284912109e+02 5.2680511577e-13 5.0590280575e-13 5.2862915950e-15 1.5616018424e-14
2.3291015625e+02 5.2433257397e-13 5.0356215013e-13 5.2833730213e-15 1.5487050818e-14
2.3297119141e+02 5.2209950527e-13 5.0132171994e-13 5.2891550032e-15 1.5488630329e-14
2.3303222656e+02 5.2079004280e-13 4.9986039492e-13 5.2922504642e-15 1.5637397420e-14
2.3309326172e+02 5.1938260443e-13 4.9849589907e-13 5.2639089581e-15 1.5622796405e-14
2.3315429688e+02 5.1866674673e-13 4.9775731259e-13 5.2906554969e-15 1.5618778640e-14
2.3321533203e+02 5.1761329418e-13 4.9674261041e-13 5.2578835377e-15 1.5612800227e-14
2.3327636719e+02 5.1687129901e-13 4.9605949813e-13 5.1953127756e-15 1.5616488103e-14
2.3333740234e+02 5.1606485068e-13 4.9536312167e-13 5.1818080376e-15 1.5519920976e-14
2.3339843750e+02 5.1470486268e-13 4.9402833917e-13 5.2174215267e-15 1.5459101984e-14
2.3345947266e+02 5.1281201803e-13 4.9221541071e-13 5.2360397999e-15 1.5360567522e-14
2.3352050781e+02 5.1110999215e-13 4.9060441604e-13 5.2308644154e-15 1.5274711695e-14
2.3358154297e+02 5.1058807936e-13 4.9000450510e-13 5.2114522301e-15 1.5372122039e-14
2.3364257812e+02 5.0939855701e-13 4.8886471592e-13 5.1998148808e-15 1.5334026204e-14
2.3370361328e+02 5.0781976048e-13 4.8731104979e-13 5.2206913627e-15 1.5288019326e-14
2.3376464844e+02 5.0663141507e-13 4.8596896872e-13 5.2585364631e-15 1.5403909887e-14
2.3382568359e+02 5.0474449713e-13 4.8413543062e-13 5.2416804859e-15 1.5367386029e-14
2.3388671875e+02 5.0175457762e-13 4.8127187121e-13 5.2330030711e-15 1.5249703347e-14
2.3394775391e+02 4.9949731629e-13 4.7908163953e-13 5.2486592842e-15 1.5167017475e-14
2.3400878906e+02 4.9826408371e-13 4.7794152712e-13 5.2066152593e-15 1.5115941329e-14
2.3406982422e+02 4.9722024764e-13 4.7697384671e-13 5.1401648509e-15 1.5106236079e-14
2.3413085938e+02 4.9626989887e-13 4.7602347021e-13 5.1472955215e-15 1.5099133143e-14
2.3419189453e+02 4.9551960465e-13 4.7517780308e-13 5.1738437318e-15 1.5167957840e-14
2.3425292969e+02 4.9365031728e-13 4.7349119182e-13 5.0913535137e-15 1.5067771941e-14
2.3431396484e+02 4.9173941348e-13 4.7153857309e-13 5.1556562747e-15 1.5045184111e-14
2.3437500000e+02 4.9010621075e-13 4.6975857131e-13 5.2175172377e-15 1.5130122211e-14
2.3443603516e+02 4.8892091674e-13 4.6869237982e-13 5.1413131909e-15 1.5087223730e-14
2.3449707031e+02 4.8767568853e-13 4.6763055012e-13 5.1190499556e-15 1.4926088447e-14
2.3455810547e+02 4.8689584205e-13 4.6696384252e-13 5.1515095607e-15 1.4780489972e-14
2.3461914062e+02 4.8592339135e-13 4.6600379692e-13 5.1332363949e-15 1.4786358033e-14
2.3468017578e+02 4.8489198515e-13 4.6485935317e-13 5.1516795699e-15 1.4880952410e-14
2.3474121094e+02 4.8353912035e-13 4.6340855348e-13 5.1558248547e-15 1.4974742013e-14
2.3480224609e+02 4.8213710268e-13 4.6200159427e-13 5.1701225589e-15 1.4965385845e-14
2.3486328125e+02 4.8094739023e-13 4.6079237163e-13 5.1507851946e-15 1.5004233397e-14
2.3492431641e+02 4.7951562211e-13 4.5928736916e-13 5.1694981891e-15 1.5058754764e-14
2.3498535156e+02 4.7784803113e-13 4.5781558291e-13 5.1357319624e-15 1.4896716251e-14
2.3504638672e+02 4.7657544394e-13 4.5666063893e-13 5.1406197988e-15 1.4774185212e-14
2.3510742188e+02 4.7574720875e-13 4.5579462181e-13 5.1551214182e-15 1.4797465520e-14
2.3516845703e+02 4.7467340467e-13 4.5469573439e-13 5.1267270815e-15 1.4850943200e-14
2.3522949219e+02 4.7292487619e-13 4.5298349145e-13 5.1511000452e-15 1.4790284688e-14
2.3529052734e+02 4.7180267870e-13 4.5197806389e-13 5.1093806318e-15 1.4715234175e-14
2.3535156250e+02 4.7050213365e-13 4.5068595816e-13 5.1006972914e-15 1.4715478199e-14
2.3541259766e+02 4.6914830627e-13 4.4937065322e-13 5.0926965387e-15 1.4684956514e-14
2.3547363281e+02 4.6787263568e-13 4.4806374244e-13 5.0844346978e-15 1.4724458548e-14
2.3553466797e+02 4.6676010043e-13 4.4698978239e-13 5.1118115681e-15 1.4658506471e-14
2.3559570312e+02 4.6507473506e-13 4.4546970586e-13 5.0635046089e-15 1.4541524587e-14
2.3565673828e+02 4.6371120025e-13 4.4403963027e-13 5.0932581282e-15 1.4578311848e-14
2.3571777344e+02 4.6233153865e-13 4.4276105767e-13 5.0719685646e-15 1.4498512408e-14
2.3577880859e+02 4.6071131129e-13 4.4123550341e-13 5.0247296487e-15 1.4451078238e-14
2.3583984375e+02 4.5958399934e-13 4.4001036918e-13 5.0730024675e-15 1.4500627685e-14
2.3590087891e+02 4.5788676011e-13 4.3831391509e-13 5.1166317604e-15 1.4456213263e-14
2.3596191406e+02 4.5650446050e-13 4.3703710413e-13 5.1139861676e-15 1.4353370203e-14
2.3602294922e+02 4.5544358518e-13 4.3596582817e-13 5.0795527553e-15 1.4398204258e-14
2.3608398438e+02 4.5397063284e-13 4.3448409400e-13 5.0854186328e-15 1.4401120207e-14
2.3614501953e+02 4.5304542943e-13 4.3368963952e-13 5.0761567603e-15 1.4279633146e-14
2.3620605469e+02 4.5130415772e-13 4.3200812075e-13 5.0312935644e-15 1.4264743405e-14
2.3626708984e+02 4.4990361281e-13 4.3057250163e-13 5.0214045058e-15 1.4309706672e-14
2.3632812500e+02 4.4915963114e-13 4.2975731836e-13 5.0578741137e-15 1.4344438668e-14
2.3638916016e+02 4.4833131616e-13 4.2896331108e-13 5.1043897392e-15 1.4263615346e-14
2.3645019531e+02 4.4703764901e-13 4.2770782255e-13 5.1093313261e-15 1.4220495138e-14
2.3651123047e+02 4.4626385262e-13 4.2695195009e-13 5.0697983203e-15 1.4242104214e-14
2.3657226562e+02 4.4524705511e-13 4.2599758525e-13 5.0310364652e-15 1.4218433400e-14
2.3663330078e+02 4.4404194753e-13 4.2486515529e-13 4.9695498853e-15 1.4207242354e-14
2.3669433594e+02 4.4281938240e-13 4.2364514222e-13 4.9997194658e-15 1.4174520720e-14
2.3675537109e+02 4.4087113841e-13 4.2182558774e-13 4.9729291289e-15 1.4072621540e-14
2.3681640625e+02 4.3973972407e-13 4.2068775029e-13 4.9891042562e-15 1.4062869524e-14
2.3687744141e+02 4.3848424389e-13 4.1937776486e-13 5.0477709358e-15 1.4058708092e-14
2.3693847656e+02 4.3623325116e-13 4.1718386144e-13 5.0209445258e-15 1.4028445190e-14
2.3699951172e+02 4.3510198917e-13 4.1602023448e-13 5.0276726553e-15 1.4054082037e-14
2.3706054688e+02 4.3454928206e-13 4.1557197518e-13 5.0028730389e-15 1.3974433840e-14
2.3712158203e+02 4.3409432590e-13 4.1514897950e-13 5.0198824661e-15 1.3925463934e-14
2.3718261719e+02 4.3292583116e-13 4.1391678252e-13 5.0574568379e-15 1.3951591808e-14
2.3724365234e+02 4.3123038713e-13 4.1227597116e-13 5.0338820160e-15 1.3920533960e-14
2.3730468750e+02 4.2957847561e-13 4.1067836678e-13 5.0314017968e-15 1.3868707031e-14
2.3736572266e+02 4.2769164851e-13 4.0878369243e-13 4.9936360112e-15 1.3914320066e-14
2.3742675781e+02 4.2671104540e-13 4.0781471131e-13 4.9810764204e-15 1.3915257670e-14
2.3748779297e+02 4.2607827533e-13 4.0732702060e-13 4.9772799246e-15 1.3773974808e-14
2.3754882812e+02 4.2528599670e-13 4.0667120328e-13 4.9415891890e-15 1.3673204227e-14
2.3760986328e+02 4.2407586110e-13 4.0538483020e-13 4.9721554637e-15 1.3718875446e-14
2.3767089844e+02 4.2334812468e-13 4.0467567287e-13 4.9277567738e-15 1.3744695040e-14
2.3773193359e+02 4.2220233289e-13 4.0355774246e-13 4.9316887897e-15 1.3712901638e-14
2.3779296875e+02 4.2089788532e-13 4.0214572270e-13 5.0162871590e-15 1.3735875461e-14
2.3785400391e+02 4.1957876900e-13 4.0089365872e-13 4.9521808914e-15 1.3732929381e-14
2.3791503906e+02 4.1800084629e-13 3.9931200744e-13 4.9981295081e-15 1.3690709338e-14
2.3797607422e+02 4.1659540766e-13 3.9785126969e-13 5.0022460490e-15 1.3741891919e-14
2.3803710938e+02 4.1586879681e-13 3.9723150539e-13 4.9805874033e-15 1.3656704018e-14
2.3809814453e+02 4.1508586253e-13 3.9648819565e-13 4.9933849131e-15 1.3604281962e-14
2.3815917969e+02 4.1422395961e-13 3.9556272684e-13 5.0235552486e-15 1.3637677522e-14
2.3822021484e+02 4.1298561741e-13 3.9436398459e-13 5.0178333794e-15 1.3603799442e-14
2.3828125000e+02 4.1194893628e-13 3.9341648634e-13 4.9472312296e-15 1.3585218710e-14
2.3834228516e+02 4.1064153638e-13 3.9214144981e-13 4.9570969693e-15 1.3542989599e-14
2.3840332031e+02 4.0898435360e-13 3.9045947691e-13 4.9525391332e-15 1.3572337564e-14
2.3846435547e+02 4.0797481553e-13 3.8942474578e-13 4.9362519126e-15 1.3613817838e-14
2.3852539062e+02 4.0743705413e-13 3.8894287138e-13 4.9515613438e-15 1.3542621414e-14
2.3858642578e+02 4.0653412231e-13 3.8817340787e-13 4.9140983533e-15 1.3446616087e-14
2.3864746094e+02 4.0516392788e-13 3.8680269313e-13 4.9903917173e-15 1.3370843025e-14
2.3870849609e+02 4.0350581660e-13 3.8518296766e-13 4.9390513451e-15 1.3383797592e-14
2.3876953125e+02 4.0265361894e-13 3.8436882442e-13 4.9181991025e-15 1.3366595420e-14
2.3883056641e+02 4.0136386971e-13 3.8316460450e-13 4.9268187925e-15 1.3272446414e-14
2.3889160156e+02 3.9984524555e-13 3.8174815368e-13 4.8936314946e-15 1.3203460373e-14
2.3895263672e+02 3.9851720134e-13 3.8038976421e-13 4.8906092974e-15 1.3236827830e-14
2.3901367188e+02 3.9711435101e-13 3.7889570685e-13 4.8667858780e-15 1.3351858273e-14
2.3907470703e+02 3.9633751174e-13 3.7807822284e-13 4.9076525247e-15 1.3351636375e-14
2.3913574219e+02 3.9529176558e-13 3.7709513180e-13 4.9247789155e-15 1.3271854865e-14
2.3919677734e+02 3.9413875297e-13 3.7612276318e-13 4.8723663498e-15 1.3143623439e-14
2.3925781250e+02 3.9322651950e-13 3.7525143103e-13 4.9020368855e-15 1.3073051587e-14
2.3931884766e+02 3.9228000030e-13 3.7429620392e-13 4.8613957593e-15 1.3122400619e-14
2.3937988281e+02 3.9133666518e-13 3.7346638911e-13 4.8427506496e-15 1.3027525421e-14
2.3944091797e+02 3.9041135965e-13 3.7256895623e-13 4.8977228533e-15 1.2944680572e-14
2.3950195312e+02 3.8955172567e-13 3.7169591307e-13 4.8928479943e-15 1.2962964609e-14
2.3956298828e+02 3.8813407924e-13 3.7030430691e-13 4.8682386394e-15 1.2961533690e-14
2.3962402344e+02 3.8683256793e-13 3.6895589220e-13 4.8607581104e-15 1.3015917614e-14
2.3968505859e+02 3.8555742683e-13 3.6758331415e-13 4.9223064510e-15 1.3051806233e-14
2.3974609375e+02 3.8432385999e-13 3.6637321001e-13 4.9293633366e-15 1.3021286649e-14
2.3980712891e+02 3.8381482318e-13 3.6594909364e-13 4.8874584198e-15 1.2978271119e-14
2.3986816406e+02 3.8281270896e-13 3.6499475668e-13 4.8931071027e-15 1.2924845178e-14
2.3992919922e+02 3.8149279364e-13 3.6371445404e-13 4.9178356971e-15 1.2860503907e-14
2.3999023438e+02 3.8044948977e-13 3.6265022486e-13 4.9179677766e-15 1.2881297134e-14
2.4005126953e+02 3.7975064216e-13 3.6194444468e-13 4.9094319540e-15 1.2896765529e-14
2.4011230469e+02 3.7827179023e-13 3.6049247373e-13 4.8695603264e-15 1.2909756168e-14
2.4017333984e+02 3.7635217961e-13 3.5865903568e-13 4.8545412693e-15 1.2838602662e-14
2.4023437500e+02 3.7551040637e-13 3.5784032838e-13 4.8679537458e-15 1.2802124240e-14
2.4029541016e+02 3.7523049855e-13 3.5738785324e-13 4.8840083017e-15 1.2958637004e-14
2.4035644531e+02 3.7424923686e-13 3.5635970859e-13 4.8441993486e-15 1.3045328918e-14
2.4041748047e+02 3.7296060276e-13 3.5523611777e-13 4.8339637948e-15 1.2890521191e-14
2.4047851562e+02 3.7212577424e-13 3.5453730496e-13 4.8123269981e-15 1.2776142279e-14
2.4053955078e+02 3.7158325165e-13 3.5401990278e-13 4.8579431645e-15 1.2705405705e-14
2.4060058594e+02 3.7016719019e-13 3.5256809127e-13 4.8764844365e-15 1.2722614487e-14
2.4066162109e+02 3.6908486988e-13 3.5144350941e-13 4.8485489364e-15 1.2792811538e-14
2.4072265625e+02 3.6887563594e-13 3.5130891710e-13 4.8708238154e-15 1.2695895025e-14
2.4078369141e+02 3.6802328379e-13 3.5039747591e-13 4.9103312986e-15 1.2715476576e-14
2.4084472656e+02 3.6691855523e-13 3.4936098412e-13 4.8771714874e-15 1.2680399621e-14
2.4090576172e+02 3.6605857322e-13 3.4850637375e-13 4.8864235579e-15 1.2665775906e-14
2.4096679688e+02 3.6494852981e-13 3.4752344846e-13 4.8398670565e-15 1.2585214302e-14
2.4102783203e+02 3.6359127223e-13 3.4610677656e-13 4.8501301015e-15 1.2634365574e-14
2.4108886719e+02 3.6236837131e-13 3.4481639978e-13 4.8268054013e-15 1.2725166133e-14
2.4114990234e+02 3.6136792200e-13 3.4383078535e-13 4.8402771705e-15 1.2696859475e-14
2.4121093750e+02 3.6015510756e-13 3.4272209102e-13 4.8604970749e-15 1.2572519463e-14
2.4127197266e+02 3.5962615257e-13 3.4222038410e-13 4.8422694281e-15 1.2563499044e-14
2.4133300781e+02 3.5877323462e-13 3.4143413561e-13 4.8157467418e-15 1.2523352264e-14
2.4139404297e+02 3.5765143734e-13 3.4029883005e-13 4.7993656228e-15 1.2553241669e-14
2.4145507812e+02 3.5650142339e-13 3.3913590755e-13 4.8192535749e-15 1.2546262266e-14
2.4151611328e+02 3.5502569982e-13 3.3779199505e-13 4.8117560192e-15 1.2421948752e-14
2.4157714844e+02 3.5382211496e-13 3.3663399073e-13 4.7767820459e-15 1.2411342185e-14
2.4163818359e+02 3.5307038790e-13 3.3579372134e-13 4.7963242081e-15 1.2480342359e-14
2.4169921875e+02 3.5231093516e-13 3.3506259383e-13 4.8251726824e-15 1.2423168648e-14
2.4176025391e+02 3.5157811852e-13 3.3445933709e-13 4.8391749582e-15 1.2279606479e-14
2.4182128906e+02 3.5124148032e-13 3.3416094167e-13 4.8586151329e-15 1.2221923524e-14
2.4188232422e+02 3.5061481714e-13 3.3359630299e-13 4.8059370215e-15 1.2212577124e-14
2.4194335938e+02 3.4909560496e-13 3.3205552103e-13 4.8084620955e-15 1.2231621834e-14
2.4200439453e+02 3.4829979891e-13 3.3128913729e-13 4.8085308496e-15 1.2202130764e-14
2.4206542969e+02 3.4762794120e-13 3.3064490999e-13 4.7939940790e-15 1.2189037125e-14
2.4212646484e+02 3.4692113664e-13 3.2998944456e-13 4.7883194004e-15 1.2143372680e-14
2.4218750000e+02 3.4600556933e-13 3.2901813943e-13 4.8003705509e-15 1.2187059348e-14
2.4224853516e+02 3.4452772570e-13 3.2753216691e-13 4.7588342838e-15 1.2236724511e-14
2.4230957031e+02 3.4322732881e-13 3.2624421891e-13 4.7680822130e-15 1.2215027686e-14
2.4237060547e+02 3.4235112602e-13 3.2536567751e-13 4.7773033149e-15 1.2208145198e-14
2.4243164062e+02 3.4163516651e-13 3.2467218645e-13 4.8113962533e-15 1.2151583810e-14
2.4249267578e+02 3.4084013603e-13 3.2402542388e-13 4.8189999570e-15 1.1995712193e-14
2.4255371094e+02 3.3946495379e-13 3.2278460693e-13 4.7753914553e-15 1.1904955406e-14
2.4261474609e+02 3.3813238042e-13 3.2139187211e-13 4.7914227798e-15 1.1949085529e-14
2.4267578125e+02 3.3713147426e-13 3.2030199254e-13 4.7919158243e-15 1.2037565899e-14
2.4273681641e+02 3.3646504441e-13 3.1963933542e-13 4.7609185337e-15 1.2064790448e-14
2.4279785156e+02 3.3592209727e-13 3.1910294592e-13 4.7724694939e-15 1.2046681860e-14
2.4285888672e+02 3.3528224738e-13 3.1844170445e-13 4.7791453905e-15 1.2061397545e-14
2.4291992188e+02 3.3440900877e-13 3.1762857347e-13 4.7524277361e-15 1.2028007563e-14
2.4298095703e+02 3.3353205520e-13 3.1677604696e-13 4.7503789489e-15 1.2005629286e-14
2.4304199219e+02 3.3276151111e-13 3.1606129756e-13 4.7499262468e-15 1.1950287299e-14
2.4310302734e+02 3.3234023295e-13 3.1569307754e-13 4.7405003323e-15 1.1906655079e-14
2.4316406250e+02 3.3152587535e-13 3.1488838029e-13 4.7730531509e-15 1.1864441906e-14
2.4322509766e+02 3.3026181975e-13 3.1366219952e-13 4.7299541699e-15 1.1869666064e-14
2.4328613281e+02 3.2905488481e-13 3.1228675416e-13 4.7856315319e-15 1.1982499111e-14
2.4334716797e+02 3.2797936749e-13 3.1116527257e-13 4.7935308899e-15 1.2020564027e-14
2.4340820312e+02 3.2686487068e-13 3.1010409201e-13 4.8111967300e-15 1.1949581936e-14
2.4346923828e+02 3.2569723513e-13 3.0915700782e-13 4.7126054263e-15 1.1827621882e-14
2.4353027344e+02 3.2546713987e-13 3.0890182596e-13 4.7315784916e-15 1.1833735417e-14
2.4359130859e+02 3.2469749094e-13 3.0810533325e-13 4.7457988709e-15 1.1846358814e-14
2.4365234375e+02 3.2394647645e-13 3.0738526111e-13 4.7696847015e-15 1.1791530639e-14
2.4371337891e+02 3.2277920013e-13 3.0621839947e-13 4.7673796790e-15 1.1793420979e-14
2.4377441406e+02 3.2142276757e-13 3.0496301089e-13 4.7426807387e-15 1.1717075946e-14
2.4383544922e+02 3.2059049212e-13 3.0417558265e-13 4.7504191663e-15 1.1664490307e-14
2.4389648438e+02 3.2024126772e-13 3.0384603542e-13 4.6997728935e-15 1.1695459412e-14
2.4395751953e+02 3.1992752603e-13 3.0355297449e-13 4.6571064580e-15 1.1717445085e-14
2.4401855469e+02 3.1862346413e-13 3.0225549115e-13 4.6951114409e-15 1.1672861539e-14
2.4407958984e+02 3.1780043329e-13 3.0148321641e-13 4.7129510493e-15 1.1604265830e-14
2.4414062500e+02 3.1723525975e-13 3.0086105451e-13 4.7054892233e-15 1.1668716019e-14
2.4420166016e+02 3.1648353676e-13 3.0015600546e-13 4.6970771866e-15 1.1630454113e-14
2.4426269531e+02 3.1607626018e-13 2.9986726539e-13 4.6692947778e-15 1.1539700013e-14
2.4432373047e+02 3.1493291897e-13 2.9866049093e-13 4.7048019289e-15 1.1567626105e-14
2.4438476562e+02 3.1354296903e-13 2.9726609492e-13 4.7422204911e-15 1.1534653620e-14
2.4444580078e+02 3.1287031986e-13 2.9663054292e-13 4.7160379790e-15 1.1523738961e-14
2.4450683594e+02 3.1160136353e-13 2.9542177794e-13 4.6969450337e-15 1.1482640561e-14
2.4456787109e+02 3.1088341408e-13 2.9461552458e-13 4.7574810167e-15 1.1510408482e-14
2.4462890625e+02 3.0988905849e-13 2.9359224671e-13 4.7417994385e-15 1.1555012345e-14
2.4468994141e+02 3.0884864420e-13 2.9265535643e-13 4.6895357873e-15 1.1503751977e-14
2.4475097656e+02 3.0876407981e-13 2.9264854751e-13 4.7032239146e-15 1.1412308386e-14
2.4481201172e+02 3.0827375378e-13 2.9218574805e-13 4.7366403455e-15 1.1351365392e-14
2.4487304688e+02 3.0698980046e-13 2.9094583799e-13 4.7412706344e-15 1.1302691838e-14
2.4493408203e+02 3.0580415906e-13 2.8982811555e-13 4.6606231173e-15 1.1315420394e-14
2.4499511719e+02 3.0491301433e-13 2.8894462375e-13 4.6613452693e-15 1.1307045308e-14
2.4505615234e+02 3.0418499613e-13 2.8825331752e-13 4.6365722242e-15 1.1295106389e-14
2.4511718750e+02 3.0390997619e-13 2.8799495506e-13 4.6559684982e-15 1.1259052632e-14
2.4517822266e+02 3.0307264977e-13 2.8720544798e-13 4.6807281692e-15 1.1186473621e-14
2.4523925781e+02 3.0169667205e-13 2.8584858596e-13 4.6592656863e-15 1.1188820404e-14
2.4530029297e+02 3.0036642966e-13 2.8454411467e-13 4.6421223913e-15 1.1180192592e-14
2.4536132812e+02 2.9993954327e-13 2.8414354192e-13 4.6316528151e-15 1.1164348534e-14
2.4542236328e+02 2.9967613147e-13 2.8389064770e-13 4.6508348274e-15 1.1134648942e-14
2.4548339844e+02 2.9922331540e-13 2.8336768817e-13 4.6512715105e-15 1.1204355720e-14
2.4554443359e+02 2.9887895420e-13 2.8298030889e-13 4.6575675797e-15 1.1241077731e-14
2.4560546875e+02 2.9816497656e-13 2.8231984380e-13 4.6409342671e-15 1.1204198494e-14
2.4566650391e+02 2.9682544193e-13 2.8101707034e-13 4.6725494686e-15 1.1135822126e-14
2.4572753906e+02 2.9575204880e-13 2.7999753099e-13 4.6689990041e-15 1.1085518802e-14
2.4578857422e+02 2.9482221662e-13 2.7912114990e-13 4.6655207775e-15 1.1035545943e-14
2.4584960938e+02 2.9436526484e-13 2.7862250481e-13 4.6934670837e-15 1.1049292946e-14
2.4591064453e+02 2.9404100399e-13 2.7826043159e-13 4.6528640151e-15 1.1127708378e-14
2.4597167969e+02 2.9322025923e-13 2.7747346034e-13 4.6528952333e-15 1.1093903659e-14
2.4603271484e+02 2.9245395919e-13 2.7664132387e-13 4.6862982826e-15 1.1126337036e-14
2.4609375000e+02 2.9078354702e-13 2.7505062969e-13 4.6391742730e-15 1.1093743059e-14
2.4615478516e+02 2.8960885442e-13 2.7400991785e-13 4.6287691835e-15 1.0970167383e-14
2.4621582031e+02 2.8937521919e-13 2.7371754369e-13 4.6636290868e-15 1.0994046415e-14
2.4627685547e+02 2.8825416251e-13 2.7255347775e-13 4.6902051417e-15 1.1010479624e-14
2.4633789062e+02 2.8773461699e-13 2.7204735280e-13 4.6951313936e-15 1.0992132791e-14
2.4639892578e+02 2.8685628739e-13 2.7123619711e-13 4.6722010108e-15 1.0947889268e-14
2.4645996094e+02 2.8614403355e-13 2.7056839815e-13 4.6133191256e-15 1.0962316274e-14
2.4652099609e+02 2.8521532344e-13 2.6964264753e-13 4.5874178312e-15 1.0985258070e-14
2.4658203125e+02 2.8472791041e-13 2.6908457729e-13 4.6087142400e-15 1.1034618878e-14
2.4664306641e+02 2.8439057834e-13 2.6876889809e-13 4.6045446918e-15 1.1017135557e-14
2.4670410156e+02 2.8374647380e-13 2.6822744480e-13 4.5350437850e-15 1.0983985214e-14
2.4676513672e+02 2.8289938850e-13 2.6751222397e-13 4.5158551682e-15 1.0871309366e-14
2.4682617188e+02 2.8206611840e-13 2.6666010339e-13 4.5698494141e-15 1.0836165593e-14
2.4688720703e+02 2.8097805252e-13 2.6557203317e-13 4.5955559909e-15 1.0810463359e-14
2.4694824219e+02 2.8018397797e-13 2.6482211235e-13 4.6033507356e-15 1.0758514891e-14
2.4700927734e+02 2.7962750074e-13 2.6427121823e-13 4.5849690137e-15 1.0771313496e-14
2.4707031250e+02 2.7908095066e-13 2.6364160357e-13 4.6240143448e-15 1.0815332749e-14
2.4713134766e+02 2.7819940559e-13 2.6276498644e-13 4.6395307100e-15 1.0794888437e-14
2.4719238281e+02 2.7735456464e-13 2.6186163752e-13 4.6689599854e-15 1.0823967133e-14
2.4725341797e+02 2.7714729776e-13 2.6175899307e-13 4.6115756971e-15 1.0776728986e-14
2.4731445312e+02 2.7647716727e-13 2.6120085018e-13 4.5592326922e-15 1.0717084403e-14
2.4737548828e+02 2.7540737358e-13 2.6007204859e-13 4.5862940845e-15 1.0749030902e-14
2.4743652344e+02 2.7447456125e-13 2.5919009440e-13 4.5781018833e-15 1.0706364967e-14
2.4749755859e+02 2.7356476600e-13 2.5833690893e-13 4.5575334677e-15 1.0670323603e-14
2.4755859375e+02 2.7281675758e-13 2.5760217717e-13 4.5636874259e-15 1.0650892985e-14
2.4761962891e+02 2.7269071782e-13 2.5749632072e-13 4.6165331881e-15 1.0577863911e-14
2.4768066406e+02 2.7201915496e-13 2.5692430463e-13 4.6040423985e-15 1.0490807932e-14
2.4774169922e+02 2.7113958685e-13 2.5604812377e-13 4.5751116957e-15 1.0516351387e-14
2.4780273438e+02 2.7050075459e-13 2.5537801313e-13 4.6085483509e-15 1.0514193114e-14
2.4786376953e+02 2.6975012668e-13 2.5463207558e-13 4.5577185149e-15 1.0560332590e-14
2.4792480469e+02 2.6899073282e-13 2.5395207366e-13 4.5134994325e-15 1.0525159728e-14
2.4798583984e+02 2.6848825545e-13 2.5346450442e-13 4.5297102787e-15 1.0494040752e-14
2.4804687500e+02 2.6759678612e-13 2.5261723433e-13 4.5669668341e-15 1.0412584960e-14
2.4810791016e+02 2.6641864729e-13 2.5145243724e-13 4.5579264721e-15 1.0408283572e-14
2.4816894531e+02 2.6561575718e-13 2.5054850003e-13 4.6153538345e-15 1.0451903312e-14
2.4822998047e+02 2.6535642917e-13 2.5032196606e-13 4.6214673300e-15 1.0412995786e-14
2.4829101562e+02 2.6492554188e-13 2.4996885319e-13 4.5662107955e-15 1.0390477887e-14
2.4835205078e+02 2.6399150208e-13 2.4904847009e-13 4.5682517047e-15 1.0374780287e-14
2.4841308594e+02 2.6310789059e-13 2.4814544464e-13 4.5884210491e-15 1.0374024906e-14
2.4847412109e+02 2.6267500727e-13 2.4771764960e-13 4.5359133822e-15 1.0421444285e-14
2.4853515625e+02 2.6258838567e-13 2.4755831510e-13 4.5626430164e-15 1.0467427550e-14
2.4859619141e+02 2.6192367619e-13 2.4691693949e-13 4.5896735986e-15 1.0417063103e-14
2.4865722656e+02 2.6122761062e-13 2.4627277691e-13 4.5785477087e-15 1.0376286005e-14
2.4871826172e+02 2.6046783770e-13 2.4560862374e-13 4.5073078799e-15 1.0351906083e-14
2.4877929688e+02 2.5981535692e-13 2.4497805385e-13 4.5295536472e-15 1.0307749429e-14
2.4884033203e+02 2.5915475979e-13 2.4433962761e-13 4.5537497905e-15 1.0261382388e-14
2.4890136719e+02 2.5850587832e-13 2.4371771083e-13 4.5485755887e-15 1.0239591906e-14
2.4896240234e+02 2.5757733234e-13 2.4278873269e-13 4.5380891963e-15 1.0250510456e-14
2.4902343750e+02 2.5655219384e-13 2.4168963201e-13 4.5747836695e-15 1.0287778162e-14
2.4908447266e+02 2.5588080314e-13 2.4098657520e-13 4.5539315376e-15 1.0340296401e-14
2.4914550781e+02 2.5533707132e-13 2.4038704339e-13 4.5788389821e-15 1.0371188944e-14
2.4920654297e+02 2.5493626854e-13 2.4011230195e-13 4.5800572441e-15 1.0243909345e-14
2.4926757812e+02 2.5422812393e-13 2.3943741883e-13 4.5478819326e-15 1.0242823167e-14
2.4932861328e+02 2.5340501939e-13 2.3866936084e-13 4.5199300049e-15 1.0215728538e-14
2.4938964844e+02 2.5236936772e-13 2.3769499357e-13 4.5512382447e-15 1.0123135903e-14
2.4945068359e+02 2.5190256951e-13 2.3722752423e-13 4.5744003851e-15 1.0100644895e-14
2.4951171875e+02 2.5094476209e-13 2.3628326664e-13 4.5137976249e-15 1.0147697825e-14
2.4957275391e+02 2.5035260038e-13 2.3574973294e-13 4.5122730882e-15 1.0090594350e-14
2.4963378906e+02 2.5011768155e-13 2.3554318464e-13 4.5154210739e-15 1.0059075831e-14
2.4969482422e+02 2.4999129457e-13 2.3533268683e-13 4.5785654582e-15 1.0080042280e-14
2.4975585938e+02 2.4918101542e-13 2.3451475007e-13 4.5829919935e-15 1.0083273365e-14
2.4981689453e+02 2.4807729214e-13 2.3337133011e-13 4.5575538490e-15 1.0148408178e-14
2.4987792969e+02 2.4723712381e-13 2.3252065213e-13 4.5473880582e-15 1.0169083626e-14
2.4993896484e+02 2.4654684035e-13 2.3203155195e-13 4.5035395475e-15 1.0011748850e-14
2.5000000000e+02 2.4606471170e-13 2.3161314938e-13 4.5250010166e-15 9.9265613101e-15
2.5006103516e+02 2.4576383371e-13 2.3132488846e-13 4.5386108849e-15 9.9003343683e-15
2.5012207031e+02 2.4556574406e-13 2.3108451259e-13 4.5557789026e-15 9.9254525699e-15
2.5018310547e+02 2.4514794453e-13 2.3058163859e-13 4.5819274576e-15 9.9843784860e-15
2.5024414062e+02 2.4419050609e-13 2.2958402358e-13 4.5687040826e-15 1.0037778431e-14
2.5030517578e+02 2.4350450666e-13 2.2893205758e-13 4.5524796240e-15 1.0019969451e-14
2.5036621094e+02 2.4259493097e-13 2.2804165733e-13 4.5211315756e-15 1.0032142063e-14
2.5042724609e+02 2.4178233768e-13 2.2726204780e-13 4.5117766937e-15 1.0008513180e-14
2.5048828125e+02 2.4138259632e-13 2.2698364696e-13 4.5516250382e-15 9.8473243257e-15
2.5054931641e+02 2.4095931657e-13 2.2665499206e-13 4.5355763448e-15 9.7687481695e-15
2.5061035156e+02 2.4055167136e-13 2.2621038972e-13 4.5152931629e-15 9.8259884777e-15
2.5067138672e+02 2.4002029935e-13 2.2570134258e-13 4.4928823247e-15 9.8260744520e-15
2.5073242188e+02 2.3919893501e-13 2.2485372051e-13 4.4965152142e-15 9.8486992854e-15
2.5079345703e+02 2.3823829142e-13 2.2389639663e-13 4.4757192041e-15 9.8661755866e-15
2.5085449219e+02 2.3758809084e-13 2.2322324567e-13 4.4955282509e-15 9.8693169266e-15
2.5091552734e+02 2.3700550127e-13 2.2265556951e-13 4.5371045937e-15 9.8128271588e-15
2.5097656250e+02 2.3635067694e-13 2.2208524803e-13 4.5036294908e-15 9.7617994110e-15
2.5103759766e+02 2.3532675014e-13 2.2109965456e-13 4.4941060596e-15 9.7329895191e-15
2.5109863281e+02 2.3471689285e-13 2.2048732515e-13 4.5303996862e-15 9.6991680110e-15
2.5115966797e+02 2.3412381712e-13 2.1994835608e-13 4.4817264233e-15 9.6937346156e-15
2.5122070312e+02 2.3390921834e-13 2.1975371991e-13 4.4717115925e-15 9.6837868466e-15
2.5128173828e+02 2.3346103834e-13 2.1935755869e-13 4.5076413030e-15 9.5958383482e-15
2.5134277344e+02 2.3273712401e-13 2.1853620587e-13 4.5419759064e-15 9.6589422384e-15
2.5140380859e+02 2.3234175194e-13 2.1809544305e-13 4.5170353954e-15 9.7292734879e-15
2.5146484375e+02 2.3174742550e-13 2.1747570230e-13 4.5297698676e-15 9.7419533298e-15
2.5152587891e+02 2.3135244595e-13 2.1711103312e-13 4.5222767945e-15 9.7191360321e-15
2.5158691406e+02 2.3089775755e-13 2.1676047440e-13 4.4713686097e-15 9.6659145396e-15
2.5164794922e+02 2.3022776821e-13 2.1618319084e-13 4.4440677842e-15 9.6005095868e-15
2.5170898438e+02 2.2959832079e-13 2.1557238910e-13 4.4339189566e-15 9.5920127330e-15
2.5177001953e+02 2.2900741676e-13 2.1494813180e-13 4.4423420226e-15 9.6169429378e-15
2.5183105469e+02 2.2880949110e-13 2.1475232187e-13 4.4677669371e-15 9.5894022936e-15
2.5189208984e+02 2.2816537742e-13 2.1408693593e-13 4.5380483544e-15 9.5403931394e-15
2.5195312500e+02 2.2699107188e-13 2.1298177200e-13 4.5008031645e-15 9.5084967149e-15
2.5201416016e+02 2.2644562422e-13 2.1242614807e-13 4.4843840040e-15 9.5350921374e-15
2.5207519531e+02 2.2607770427e-13 2.1199060275e-13 4.5113233491e-15 9.5757781680e-15
2.5213623047e+02 2.2531074578e-13 2.1127515029e-13 4.5010923745e-15 9.5345031127e-15
2.5219726562e+02 2.2468127704e-13 2.1062717164e-13 4.5136703780e-15 9.5404350165e-15
2.5225830078e+02 2.2370601984e-13 2.0971005630e-13 4.4706581973e-15 9.5253053521e-15
2.5231933594e+02 2.2304379869e-13 2.0906611716e-13 4.4716429370e-15 9.5060385930e-15
2.5238037109e+02 2.2239307255e-13 2.0837792742e-13 4.4923538443e-15 9.5227912816e-15
2.5244140625e+02 2.2181700177e-13 2.0787230174e-13 4.4439477865e-15 9.5007522425e-15
2.5250244141e+02 2.2123720849e-13 2.0722017634e-13 4.5025102812e-15 9.5145218729e-15
2.5256347656e+02 2.2121798412e-13 2.0718091489e-13 4.5056913919e-15 9.5313778289e-15
2.5262451172e+02 2.2084237621e-13 2.0690479434e-13 4.4956473268e-15 9.4419345451e-15
2.5268554688e+02 2.2060998702e-13 2.0678926178e-13 4.4815997011e-15 9.3391255358e-15
2.5274658203e+02 2.2024076658e-13 2.0644410541e-13 4.4513627839e-15 9.3452983937e-15
2.5280761719e+02 2.1929299389e-13 2.0541336510e-13 4.4635450838e-15 9.4160837013e-15
2.5286865234e+02 2.1875978081e-13 2.0493087910e-13 4.4880277974e-15 9.3408739167e-15
2.5292968750e+02 2.1856394726e-13 2.0474542001e-13 4.4764012810e-15 9.3421259638e-15
2.5299072266e+02 2.1806999402e-13 2.0430285787e-13 4.4782113251e-15 9.2889248322e-15
2.5305175781e+02 2.1728270910e-13 2.0351554262e-13 4.4726079434e-15 9.2945585402e-15
2.5311279297e+02 2.1668317073e-13 2.0290843310e-13 4.4637330500e-15 9.3110045812e-15
2.5317382812e+02 2.1596066736e-13 2.0218202421e-13 4.4899390176e-15 9.2887041336e-15
2.5323486328e+02 2.1503999945e-13 2.0134253739e-13 4.4754422537e-15 9.2220198108e-15
2.5329589844e+02 2.1476358065e-13 2.0110543000e-13 4.4238505239e-15 9.2343001285e-15
2.5335693359e+02 2.1434516595e-13 2.0065938944e-13 4.4067496155e-15 9.2790268950e-15
2.5341796875e+02 2.1317602360e-13 1.9955169872e-13 4.4093151737e-15 9.2150097025e-15
2.5347900391e+02 2.1210670212e-13 1.9845199005e-13 4.4042721218e-15 9.2504399521e-15
2.5354003906e+02 2.1160502310e-13 1.9797746471e-13 4.3978327829e-15 9.2297256087e-15
2.5360107422e+02 2.1122924593e-13 1.9762841368e-13 4.4222390800e-15 9.1785931734e-15
2.5366210938e+02 2.1123131872e-13 1.9763349037e-13 4.4608030100e-15 9.1370253423e-15
2.5372314453e+02 2.1088059599e-13 1.9728730621e-13 4.4556390121e-15 9.1376507723e-15
2.5378417969e+02 2.1032813132e-13 1.9678838312e-13 4.4175401130e-15 9.1222080816e-15
2.5384521484e+02 2.1009469202e-13 1.9659927355e-13 4.4272432793e-15 9.0681751843e-15
2.5390625000e+02 2.1020550063e-13 1.9668350373e-13 4.4146151671e-15 9.1073817255e-15
2.5396728516e+02 2.1023948776e-13 1.9662795917e-13 4.4134872441e-15 9.1980413451e-15
2.5402832031e+02 2.0964492139e-13 1.9613606539e-13 4.3867737083e-15 9.1220822898e-15
2.5408935547e+02 2.0916712743e-13 1.9564400581e-13 4.4098084235e-15 9.1133132001e-15
2.5415039062e+02 2.0872540463e-13 1.9516770214e-13 4.4639374993e-15 9.0937649903e-15
2.5421142578e+02 2.0817831291e-13 1.9461464784e-13 4.4728833791e-15 9.0907816957e-15
2.5427246094e+02 2.0726266586e-13 1.9380127283e-13 4.4270818320e-15 9.0343111984e-15
2.5433349609e+02 2.0683688226e-13 1.9343955644e-13 4.4339903818e-15 8.9633354386e-15
2.5439453125e+02 2.0641656947e-13 1.9301853587e-13 4.4441599574e-15 8.9538736425e-15
2.5445556641e+02 2.0568138304e-13 1.9224172328e-13 4.4450095273e-15 8.9946502369e-15
2.5451660156e+02 2.0471313151e-13 1.9130111290e-13 4.3891356432e-15 9.0228829694e-15
2.5457763672e+02 2.0410791258e-13 1.9065030309e-13 4.3951375272e-15 9.0624719613e-15
2.5463867188e+02 2.0376415039e-13 1.9034104128e-13 4.4044321446e-15 9.0186769710e-15
2.5469970703e+02 2.0276053983e-13 1.8933643231e-13 4.4463485527e-15 8.9777589639e-15
2.5476074219e+02 2.0256845927e-13 1.8919065630e-13 4.3809511286e-15 8.9968518416e-15
2.5482177734e+02 2.0242918282e-13 1.8903164479e-13 4.4283500722e-15 8.9691879606e-15
2.5488281250e+02 2.0214896769e-13 1.8872657908e-13 4.4547460338e-15 8.9676425777e-15
2.5494384766e+02 2.0196128632e-13 1.8863484598e-13 4.4003884967e-15 8.9260518449e-15
2.5500488281e+02 2.0155047044e-13 1.8831438515e-13 4.3786590680e-15 8.8574262246e-15
2.5506591797e+02 2.0130324158e-13 1.8797582345e-13 4.4083124058e-15 8.9191057227e-15
2.5512695312e+02 2.0047313364e-13 1.8707333992e-13 4.4132766702e-15 8.9865170436e-15
2.5518798828e+02 1.9970100440e-13 1.8635646444e-13 4.4184068726e-15 8.9261330863e-15
2.5524902344e+02 1.9980385740e-13 1.8644227274e-13 4.4165579872e-15 8.9450266701e-15
2.5531005859e+02 1.9976664400e-13 1.8646005463e-13 4.3954518472e-15 8.9111375246e-15
2.5537109375e+02 1.9942327740e-13 1.8612449514e-13 4.4136285045e-15 8.8851537617e-15
2.5543212891e+02 1.9876526707e-13 1.8552470808e-13 4.4155974677e-15 8.8249615244e-15
2.5549316406e+02 1.9773874035e-13 1.8456362936e-13 4.4125083544e-15 8.7626026329e-15
2.5555419922e+02 1.9699283199e-13 1.8390593396e-13 4.4222799029e-15 8.6646181284e-15
2.5561523438e+02 1.9707093480e-13 1.8385604445e-13 4.4674993997e-15 8.7473909490e-15
2.5567626953e+02 1.9640959526e-13 1.8313170168e-13 4.4156593967e-15 8.8622341794e-15
2.5573730469e+02 1.9534120855e-13 1.8212450622e-13 4.3995642494e-15 8.8171380798e-15
2.5579833984e+02 1.9441011074e-13 1.8124710241e-13 4.3747902297e-15 8.7882181007e-15
2.5585937500e+02 1.9385947445e-13 1.8072722618e-13 4.3309716101e-15 8.8012766580e-15
2.5592041016e+02 1.9353974799e-13 1.8048675579e-13 4.3363455016e-15 8.7166466994e-15
2.5598144531e+02 1.9309949971e-13 1.7999867772e-13 4.3860967925e-15 8.7147252003e-15
2.5604248047e+02 1.9261623826e-13 1.7954969814e-13 4.3879718168e-15 8.6785683030e-15
2.5610351562e+02 1.9217788745e-13 1.7924478621e-13 4.3386158878e-15 8.5944853518e-15
2.5616455078e+02 1.9153429929e-13 1.7861185187e-13 4.3646076406e-15 8.5578397755e-15
2.5622558594e+02 1.9102797469e-13 1.7807338213e-13 4.3856490707e-15 8.5689434938e-15
2.5628662109e+02 1.9113028188e-13 1.7810694999e-13 4.4070621262e-15 8.6162697623e-15
2.5634765625e+02 1.9079703656e-13 1.7782358752e-13 4.3943202273e-15 8.5791288123e-15
2.5640869141e+02 1.9005576198e-13 1.7710541797e-13 4.3636692461e-15 8.5866747669e-15
2.5646972656e+02 1.8946518531e-13 1.7651907726e-13 4.3781168294e-15 8.5679912177e-15
2.5653076172e+02 1.8900504605e-13 1.7611978441e-13 4.3703155312e-15 8.5149461175e-15
2.5659179688e+02 1.8884320980e-13 1.7594464048e-13 4.3616117610e-15 8.5369575538e-15
2.5665283203e+02 1.8842384846e-13 1.7542285192e-13 4.4038985115e-15 8.5970980301e-15
2.5671386719e+02 1.8834622032e-13 1.7538432840e-13 4.4240282445e-15 8.5378636745e-15
2.5677490234e+02 1.8797026454e-13 1.7515396386e-13 4.3745573718e-15 8.4417433100e-15
2.5683593750e+02 1.8756612648e-13 1.7476146607e-13 4.3783864736e-15 8.4262739360e-15
2.5689697266e+02 1.8711616527e-13 1.7421767766e-13 4.3981032136e-15 8.5003843909e-15
2.5695800781e+02 1.8672331070e-13 1.7380931408e-13 4.4038690855e-15 8.5101275355e-15
2.5701904297e+02 1.8616495289e-13 1.7322702391e-13 4.3999059657e-15 8.5380230164e-15
2.5708007812e+02 1.8529270941e-13 1.7237426566e-13 4.3826036395e-15 8.5358401125e-15
2.5714111328e+02 1.8466897316e-13 1.7172638558e-13 4.4026506767e-15 8.5399369006e-15
2.5720214844e+02 1.8451043235e-13 1.7163570358e-13 4.3683364247e-15 8.5063923438e-15
2.5726318359e+02 1.8436210050e-13 1.7155522774e-13 4.3467646969e-15 8.4601080616e-15
2.5732421875e+02 1.8424958091e-13 1.7143704082e-13 4.3596376783e-15 8.4529024135e-15
2.5738525391e+02 1.8386888021e-13 1.7102352210e-13 4.3923912731e-15 8.4529668428e-15
2.5744628906e+02 1.8320915007e-13 1.7044640375e-13 4.3970029612e-15 8.3657433572e-15
2.5750732422e+02 1.8271848899e-13 1.6999451464e-13 4.3399062438e-15 8.3840681024e-15
2.5756835938e+02 1.8237054823e-13 1.6953445133e-13 4.4074295086e-15 8.4286673894e-15
2.5762939453e+02 1.8231399745e-13 1.6953690864e-13 4.3940294824e-15 8.3830593240e-15
2.5769042969e+02 1.8216461634e-13 1.6942070420e-13 4.3746394262e-15 8.3692727149e-15
2.5775146484e+02 1.8126151509e-13 1.6848382330e-13 4.4102114696e-15 8.3674803173e-15
2.5781250000e+02 1.8047687293e-13 1.6776833032e-13 4.3812505727e-15 8.3272920412e-15
2.5787353516e+02 1.7990701350e-13 1.6723395587e-13 4.3667150508e-15 8.3063425826e-15
2.5793457031e+02 1.7954644460e-13 1.6683087611e-13 4.3742497942e-15 8.3413186933e-15
2.5799560547e+02 1.7927100319e-13 1.6655875277e-13 4.4056524829e-15 8.3065979410e-15
2.5805664062e+02 1.7919675875e-13 1.6652684348e-13 4.4011345622e-15 8.2687807071e-15
2.5811767578e+02 1.7843757752e-13 1.6575643889e-13 4.3779103540e-15 8.3032282727e-15
2.5817871094e+02 1.7765801127e-13 1.6497646149e-13 4.4029496940e-15 8.2786000939e-15
2.5823974609e+02 1.7710376396e-13 1.6445572244e-13 4.3380583653e-15 8.3099831588e-15
2.5830078125e+02 1.7636152758e-13 1.6369813456e-13 4.3745046541e-15 8.2888883690e-15
2.5836181641e+02 1.7623982802e-13 1.6362747021e-13 4.3651676739e-15 8.2471901342e-15
2.5842285156e+02 1.7569561550e-13 1.6306198238e-13 4.4203618796e-15 8.2132712401e-15
2.5848388672e+02 1.7532858375e-13 1.6276542248e-13 4.3814984050e-15 8.1816628656e-15
2.5854492188e+02 1.7528385358e-13 1.6273623607e-13 4.3671508962e-15 8.1804666090e-15
2.5860595703e+02 1.7490424578e-13 1.6235873849e-13 4.3873535315e-15 8.1581537537e-15
2.5866699219e+02 1.7504160313e-13 1.6246847538e-13 4.3824862677e-15 8.1906414789e-15
2.5872802734e+02 1.7491533925e-13 1.6235435476e-13 4.3606718286e-15 8.2003126582e-15
2.5878906250e+02 1.7438897807e-13 1.6191299908e-13 4.3525632130e-15 8.1234157716e-15
2.5885009766e+02 1.7383192556e-13 1.6142685375e-13 4.3107231774e-15 8.0943486340e-15
2.5891113281e+02 1.7312207999e-13 1.6060209194e-13 4.3524752126e-15 8.1675128427e-15
2.5897216797e+02 1.7240432735e-13 1.5990870289e-13 4.3658380012e-15 8.1297864654e-15
2.5903320312e+02 1.7173617576e-13 1.5928689979e-13 4.3676979051e-15 8.0815780636e-15
2.5909423828e+02 1.7112339862e-13 1.5872822492e-13 4.3337137374e-15 8.0614599641e-15
2.5915527344e+02 1.7112169827e-13 1.5875857126e-13 4.3217602220e-15 8.0413667884e-15
2.5921630859e+02 1.7060108068e-13 1.5823779259e-13 4.2990373867e-15 8.0642507069e-15
2.5927734375e+02 1.7007525074e-13 1.5771471978e-13 4.3394711678e-15 8.0210597988e-15
2.5933837891e+02 1.6963729095e-13 1.5736484988e-13 4.3155038060e-15 7.9569372643e-15
2.5939941406e+02 1.6954600861e-13 1.5724960007e-13 4.3024659676e-15 7.9939425801e-15
2.5946044922e+02 1.6909942621e-13 1.5671557744e-13 4.3679589006e-15 8.0158898731e-15
2.5952148438e+02 1.6840627415e-13 1.5602770254e-13 4.3838288478e-15 7.9947427642e-15
2.5958251953e+02 1.6792332840e-13 1.5553986763e-13 4.3732273517e-15 8.0102334087e-15
2.5964355469e+02 1.6741380423e-13 1.5518571560e-13 4.2788302014e-15 7.9492584324e-15
2.5970458984e+02 1.6762439687e-13 1.5546157159e-13 4.2747983451e-15 7.8880269339e-15
2.5976562500e+02 1.6777023999e-13 1.5551178594e-13 4.3393678362e-15 7.9190862090e-15
2.5982666016e+02 1.6767562085e-13 1.5538238963e-13 4.3124810817e-15 7.9807501378e-15
2.5988769531e+02 1.6748984462e-13 1.5518099668e-13 4.2939301795e-15 8.0149177626e-15
2.5994873047e+02 1.6709914708e-13 1.5478673966e-13 4.3307892449e-15 7.9816181760e-15
2.6000976562e+02 1.6669097507e-13 1.5442373063e-13 4.3269420974e-15 7.9403023415e-15
2.6007080078e+02 1.6633522096e-13 1.5402365673e-13 4.3471680809e-15 7.9643961480e-15
2.6013183594e+02 1.6584860765e-13 1.5353451749e-13 4.3762483991e-15 7.9378417572e-15
2.6019287109e+02 1.6518910589e-13 1.5295286274e-13 4.3187416103e-15 7.9175015354e-15
2.6025390625e+02 1.6479660093e-13 1.5263144045e-13 4.2740366663e-15 7.8911238184e-15
2.6031494141e+02 1.6485648801e-13 1.5269232030e-13 4.3062813294e-15 7.8578863829e-15
2.6037597656e+02 1.6461155494e-13 1.5242167850e-13 4.3289855245e-15 7.8608909180e-15
2.6043701172e+02 1.6443257505e-13 1.5221148856e-13 4.3273741981e-15 7.8937122915e-15
2.6049804688e+02 1.6378308834e-13 1.5152858361e-13 4.3911938290e-15 7.8633108970e-15
2.6055908203e+02 1.6320214336e-13 1.5099524637e-13 4.3817085104e-15 7.8251884891e-15
2.6062011719e+02 1.6308257425e-13 1.5096087722e-13 4.3245833093e-15 7.7971137264e-15
2.6068115234e+02 1.6305236825e-13 1.5095597337e-13 4.2888095724e-15 7.8075853123e-15
2.6074218750e+02 1.6224778679e-13 1.5012693625e-13 4.3225396626e-15 7.7983108710e-15
2.6080322266e+02 1.6170228658e-13 1.4957567399e-13 4.3421493244e-15 7.7844632694e-15
2.6086425781e+02 1.6124688926e-13 1.4908367440e-13 4.3728386137e-15 7.7903762463e-15
2.6092529297e+02 1.6093126268e-13 1.4885990317e-13 4.3624847356e-15 7.7088747692e-15
2.6098632812e+02 1.6084980631e-13 1.4884479926e-13 4.3397291221e-15 7.6652779299e-15
2.6104736328e+02 1.6041577180e-13 1.4836189182e-13 4.3338359312e-15 7.7200440453e-15
2.6110839844e+02 1.6019822767e-13 1.4807826049e-13 4.3378004047e-15 7.7821667823e-15
2.6116943359e+02 1.6003253340e-13 1.4789275594e-13 4.3453018482e-15 7.7944756117e-15
2.6123046875e+02 1.5967964053e-13 1.4762946233e-13 4.3207423980e-15 7.7294358028e-15
2.6129150391e+02 1.5921820690e-13 1.4728327299e-13 4.3195173237e-15 7.6154165877e-15
2.6135253906e+02 1.5863438428e-13 1.4662873888e-13 4.3227311443e-15 7.6829142591e-15
2.6141357422e+02 1.5862082824e-13 1.4661206887e-13 4.3100871800e-15 7.6986721909e-15
2.6147460938e+02 1.5853952455e-13 1.4655093257e-13 4.3080630771e-15 7.6805289027e-15
2.6153564453e+02 1.5814464642e-13 1.4619204268e-13 4.3367427502e-15 7.6158609922e-15
2.6159667969e+02 1.5776225944e-13 1.4583030595e-13 4.3593085726e-15 7.5726449176e-15
2.6165771484e+02 1.5708392128e-13 1.4518724117e-13 4.3492360953e-15 7.5474440168e-15
2.6171875000e+02 1.5688696910e-13 1.4488426130e-13 4.3757645743e-15 7.6269432290e-15
2.6177978516e+02 1.5644438620e-13 1.4440917127e-13 4.3385077739e-15 7.6967071533e-15
2.6184082031e+02 1.5584289149e-13 1.4386323440e-13 4.3076548509e-15 7.6720022398e-15
2.6190185547e+02 1.5526391779e-13 1.4333802728e-13 4.3179352918e-15 7.6079552145e-15
2.6196289062e+02 1.5513958519e-13 1.4317039161e-13 4.3544725003e-15 7.6147210834e-15
2.6202392578e+02 1.5475344699e-13 1.4287497640e-13 4.2923528596e-15 7.5861177240e-15
2.6208496094e+02 1.5438804100e-13 1.4244494927e-13 4.2964798800e-15 7.6466118520e-15
2.6214599609e+02 1.5391073013e-13 1.4199334088e-13 4.2997956222e-15 7.6175936273e-15
2.6220703125e+02 1.5360379207e-13 1.4173609676e-13 4.3362468860e-15 7.5314484246e-15
2.6226806641e+02 1.5318788761e-13 1.4138904525e-13 4.2949531925e-15 7.5038891605e-15
2.6232910156e+02 1.5311084446e-13 1.4127829631e-13 4.3272895832e-15 7.5052585590e-15
2.6239013672e+02 1.5347297789e-13 1.4168137892e-13 4.3486248892e-15 7.4429740794e-15
2.6245117188e+02 1.5332805849e-13 1.4159573180e-13 4.2609462843e-15 7.4713804029e-15
2.6251220703e+02 1.5292183579e-13 1.4114520749e-13 4.3047847534e-15 7.4718435443e-15
2.6257324219e+02 1.5232119035e-13 1.4059156761e-13 4.3162548298e-15 7.4133679138e-15
2.6263427734e+02 1.5213610527e-13 1.4041174331e-13 4.3347828973e-15 7.3895790600e-15
2.6269531250e+02 1.5191750536e-13 1.4012162458e-13 4.3287857586e-15 7.4670950225e-15
2.6275634766e+02 1.5162164771e-13 1.3982680514e-13 4.3198949642e-15 7.4749475969e-15
2.6281738281e+02 1.5162546117e-13 1.3979173803e-13 4.3008862476e-15 7.5328368918e-15
2.6287841797e+02 1.5063725918e-13 1.3894215064e-13 4.2459893425e-15 7.4491192001e-15
2.6293945312e+02 1.5017159825e-13 1.3846522700e-13 4.2645847662e-15 7.4417864900e-15
2.6300048828e+02 1.5017076192e-13 1.3841900806e-13 4.3258717435e-15 7.4258821169e-15
2.6306152344e+02 1.5004900380e-13 1.3827041026e-13 4.3283782870e-15 7.4502152546e-15
2.6312255859e+02 1.4933186067e-13 1.3756441226e-13 4.2928834321e-15 7.4745649840e-15
2.6318359375e+02 1.4873660544e-13 1.3707339806e-13 4.2677775730e-15 7.3954298051e-15
2.6324462891e+02 1.4853791450e-13 1.3683342057e-13 4.3252014433e-15 7.3792924938e-15
2.6330566406e+02 1.4881789792e-13 1.3710378802e-13 4.3072524027e-15 7.4068575021e-15
2.6336669922e+02 1.4869505980e-13 1.3700677004e-13 4.2933947728e-15 7.3948949875e-15
2.6342773438e+02 1.4841750572e-13 1.3672931324e-13 4.2849188943e-15 7.4032735877e-15
2.6348876953e+02 1.4801426260e-13 1.3630328068e-13 4.2940452591e-15 7.4169366601e-15
2.6354980469e+02 1.4776943291e-13 1.3613399714e-13 4.2689635678e-15 7.3664721978e-15
2.6361083984e+02 1.4710379702e-13 1.3557367437e-13 4.2122366273e-15 7.3178860269e-15
2.6367187500e+02 1.4720957837e-13 1.3557312888e-13 4.2604717743e-15 7.3759777116e-15
2.6373291016e+02 1.4721460838e-13 1.3553142397e-13 4.2927690784e-15 7.3904153361e-15
2.6379394531e+02 1.4637393164e-13 1.3482973712e-13 4.2230383981e-15 7.3211561271e-15
2.6385498047e+02 1.4584678848e-13 1.3442955319e-13 4.1821559728e-15 7.2350793096e-15
2.6391601562e+02 1.4525227044e-13 1.3384749759e-13 4.2187864606e-15 7.1859863884e-15
2.6397705078e+02 1.4490383749e-13 1.3349647006e-13 4.2343415783e-15 7.1730258488e-15
2.6403808594e+02 1.4456607033e-13 1.3310379834e-13 4.2799854377e-15 7.1822865564e-15
2.6409912109e+02 1.4435973706e-13 1.3282347417e-13 4.3097489240e-15 7.2265139646e-15
2.6416015625e+02 1.4425093610e-13 1.3275132612e-13 4.2612054232e-15 7.2384045649e-15
2.6422119141e+02 1.4407667017e-13 1.3263048184e-13 4.2259772486e-15 7.2202110800e-15
2.6428222656e+02 1.4381246982e-13 1.3240385956e-13 4.2406992934e-15 7.1679109623e-15
2.6434326172e+02 1.4360022101e-13 1.3222849712e-13 4.2352429908e-15 7.1364809003e-15
2.6440429688e+02 1.4315900599e-13 1.3172217358e-13 4.2453844554e-15 7.1914479497e-15
2.6446533203e+02 1.4237370505e-13 1.3093459965e-13 4.2052621743e-15 7.2338432171e-15
2.6452636719e+02 1.4222482403e-13 1.3080776888e-13 4.2195041443e-15 7.1975509995e-15
2.6458740234e+02 1.4222009544e-13 1.3075989651e-13 4.2643316106e-15 7.1958673193e-15
2.6464843750e+02 1.4213668224e-13 1.3064938657e-13 4.2811004158e-15 7.2061952517e-15
2.6470947266e+02 1.4188686018e-13 1.3042301549e-13 4.2573597756e-15 7.2064849074e-15
2.6477050781e+02 1.4164000879e-13 1.3025813004e-13 4.2281437464e-15 7.1537350080e-15
2.6483154297e+02 1.4102468052e-13 1.2969128456e-13 4.2275495090e-15 7.1058464463e-15
2.6489257812e+02 1.4062389951e-13 1.2930466631e-13 4.2581556344e-15 7.0610775635e-15
2.6495361328e+02 1.4004502253e-13 1.2872763550e-13 4.2568660647e-15 7.0605209601e-15
2.6501464844e+02 1.3995556818e-13 1.2862892646e-13 4.2117292079e-15 7.1149125171e-15
2.6507568359e+02 1.3985842045e-13 1.2851327450e-13 4.2304659732e-15 7.1146799771e-15
2.6513671875e+02 1.3983851453e-13 1.2845898568e-13 4.2170773501e-15 7.1624515031e-15
2.6519775391e+02 1.3968277124e-13 1.2825766057e-13 4.2884025377e-15 7.1367081316e-15
2.6525878906e+02 1.3925641623e-13 1.2793619904e-13 4.2714054940e-15 7.0488116909e-15
2.6531982422e+02 1.3893237728e-13 1.2761770207e-13 4.2818876948e-15 7.0327875215e-15
2.6538085938e+02 1.3870021446e-13 1.2737689199e-13 4.2642699860e-15 7.0590524868e-15
2.6544189453e+02 1.3844379502e-13 1.2714277689e-13 4.2611292591e-15 7.0398888728e-15
2.6550292969e+02 1.3799716763e-13 1.2670114249e-13 4.2675585415e-15 7.0284665938e-15
2.6556396484e+02 1.3745412629e-13 1.2624551695e-13 4.2415926847e-15 6.9670166471e-15
2.6562500000e+02 1.3759692150e-13 1.2638383911e-13 4.2301487131e-15 6.9829336795e-15
2.6568603516e+02 1.3728734142e-13 1.2601265819e-13 4.2505862640e-15 7.0240969576e-15
2.6574707031e+02 1.3702497105e-13 1.2571153942e-13 4.2599630158e-15 7.0534686081e-15
2.6580810547e+02 1.3681622443e-13 1.2564076320e-13 4.2391671969e-15 6.9362940326e-15
2.6586914062e+02 1.3650147447e-13 1.2538751799e-13 4.2542743551e-15 6.8596821213e-15
2.6593017578e+02 1.3627791439e-13 1.2505981979e-13 4.3252098564e-15 6.8928847461e-15
2.6599121094e+02 1.3595641707e-13 1.2472357843e-13 4.2476504123e-15 6.9851882343e-15
2.6605224609e+02 1.3578522650e-13 1.2458459799e-13 4.2492493728e-15 6.9513791396e-15
2.6611328125e+02 1.3565057830e-13 1.2447921135e-13 4.2420386047e-15 6.9293283462e-15
2.6617431641e+02 1.3539585636e-13 1.2420279498e-13 4.2303843879e-15 6.9626769866e-15
2.6623535156e+02 1.3483882857e-13 1.2366252503e-13 4.2481059414e-15 6.9281976025e-15
2.6629638672e+02 1.3447497942e-13 1.2326844764e-13 4.2723058839e-15 6.9342258972e-15
2.6635742188e+02 1.3487954963e-13 1.2370369991e-13 4.2230266226e-15 6.9528231011e-15
2.6641845703e+02 1.3489840408e-13 1.2368613730e-13 4.2404294992e-15 6.9718372780e-15
2.6647949219e+02 1.3478164160e-13 1.2357444123e-13 4.2665274657e-15 6.9406729052e-15
2.6654052734e+02 1.3465879765e-13 1.2355812853e-13 4.2712277503e-15 6.8294413686e-15
2.6660156250e+02 1.3408622163e-13 1.2302512164e-13 4.2450255802e-15 6.8160744098e-15
2.6666259766e+02 1.3344633752e-13 1.2238688622e-13 4.2516983803e-15 6.8077529226e-15
2.6672363281e+02 1.3294204876e-13 1.2188837242e-13 4.2225641400e-15 6.8311121913e-15
2.6678466797e+02 1.3285657542e-13 1.2173916398e-13 4.2429305280e-15 6.8744809168e-15
2.6684570312e+02 1.3242472665e-13 1.2130040694e-13 4.2710129738e-15 6.8533067345e-15
2.6690673828e+02 1.3234950038e-13 1.2123310607e-13 4.2417737224e-15 6.8746205937e-15
2.6696777344e+02 1.3263080014e-13 1.2147838307e-13 4.2542773011e-15 6.8981397595e-15
2.6702880859e+02 1.3233734575e-13 1.2120092157e-13 4.2480007493e-15 6.8884234221e-15
2.6708984375e+02 1.3237978592e-13 1.2132354791e-13 4.2401822912e-15 6.8160557278e-15
2.6715087891e+02 1.3207229291e-13 1.2108589765e-13 4.2533409169e-15 6.7330543465e-15
2.6721191406e+02 1.3162180379e-13 1.2067631477e-13 4.2458224945e-15 6.6996665305e-15
2.6727294922e+02 1.3119755472e-13 1.2020094038e-13 4.2746326310e-15 6.7219817178e-15
2.6733398438e+02 1.3101308934e-13 1.2005261572e-13 4.1951793358e-15 6.7652942797e-15
2.6739501953e+02 1.3071127325e-13 1.1973994900e-13 4.2035465843e-15 6.7677776600e-15
2.6745605469e+02 1.3039782623e-13 1.1940231864e-13 4.2252948955e-15 6.7702126937e-15
2.6751708984e+02 1.3043837431e-13 1.1937382456e-13 4.2810832133e-15 6.7834665409e-15
2.6757812500e+02 1.3032517046e-13 1.1923108882e-13 4.2515041186e-15 6.8425775148e-15
2.6763916016e+02 1.3027319525e-13 1.1921711829e-13 4.2050639408e-15 6.8510130142e-15
2.6770019531e+02 1.2960278806e-13 1.1859845594e-13 4.2075354967e-15 6.7967966232e-15
2.6776123047e+02 1.2941850202e-13 1.1848637003e-13 4.2020517102e-15 6.7300802851e-15
2.6782226562e+02 1.2906205110e-13 1.1814740535e-13 4.2222854285e-15 6.6923603246e-15
2.6788330078e+02 1.2875587270e-13 1.1783586517e-13 4.2265670592e-15 6.6934404682e-15
2.6794433594e+02 1.2811021157e-13 1.1718336077e-13 4.2379601787e-15 6.6888906251e-15
2.6800537109e+02 1.2781758662e-13 1.1689117664e-13 4.1930615127e-15 6.7333484687e-15
2.6806640625e+02 1.2760088563e-13 1.1662869835e-13 4.1993309846e-15 6.7728562985e-15
2.6812744141e+02 1.2751339276e-13 1.1660431076e-13 4.1976383368e-15 6.7114436694e-15
2.6818847656e+02 1.2743701092e-13 1.1652551105e-13 4.2329630441e-15 6.6785368337e-15
2.6824951172e+02 1.2696663187e-13 1.1605215901e-13 4.2440282686e-15 6.6704445908e-15
2.6831054688e+02 1.2728567538e-13 1.1640678366e-13 4.2194079001e-15 6.6594838165e-15
2.6837158203e+02 1.2698847365e-13 1.1614815909e-13 4.2073555907e-15 6.6329589666e-15
2.6843261719e+02 1.2684287689e-13 1.1595817307e-13 4.2108064873e-15 6.6738973345e-15
2.6849365234e+02 1.2640025010e-13 1.1562152169e-13 4.1602095990e-15 6.6185188097e-15
2.6855468750e+02 1.2611760575e-13 1.1530778827e-13 4.2025682295e-15 6.6072492497e-15
2.6861572266e+02 1.2583134018e-13 1.1494902447e-13 4.2463910728e-15 6.6359246397e-15
2.6867675781e+02 1.2549334224e-13 1.1463442737e-13 4.2285129091e-15 6.6304019594e-15
2.6873779297e+02 1.2514284220e-13 1.1430309312e-13 4.2384624161e-15 6.6012866652e-15
2.6879882812e+02 1.2473846490e-13 1.1396380250e-13 4.1835227031e-15 6.5911397015e-15
2.6885986328e+02 1.2491508089e-13 1.1413903176e-13 4.2136920575e-15 6.5623570758e-15
2.6892089844e+02 1.2468074583e-13 1.1389511406e-13 4.2159093211e-15 6.5697224487e-15
2.6898193359e+02 1.2466173226e-13 1.1386097426e-13 4.2536282939e-15 6.5471297125e-15
2.6904296875e+02 1.2444869534e-13 1.1369034357e-13 4.2644569703e-15 6.4938948063e-15
2.6910400391e+02 1.2441224603e-13 1.1370436829e-13 4.2203916179e-15 6.4874861234e-15
2.6916503906e+02 1.2427966897e-13 1.1349483332e-13 4.2391870750e-15 6.5456485837e-15
2.6922607422e+02 1.2377221466e-13 1.1292596385e-13 4.2132327817e-15 6.6330180294e-15
2.6928710938e+02 1.2327447121e-13 1.1245836661e-13 4.1892031047e-15 6.6269014911e-15
2.6934814453e+02 1.2332327261e-13 1.1256839363e-13 4.1731799525e-15 6.5816990237e-15
2.6940917969e+02 1.2344385303e-13 1.1264260693e-13 4.2236573859e-15 6.5775887110e-15
2.6947021484e+02 1.2287049669e-13 1.1209368646e-13 4.2476064450e-15 6.5292037805e-15
2.6953125000e+02 1.2282576277e-13 1.1203939338e-13 4.2644863798e-15 6.5218830130e-15
2.6959228516e+02 1.2245713134e-13 1.1168431501e-13 4.2449443514e-15 6.5278719762e-15
2.6965332031e+02 1.2233485304e-13 1.1160378054e-13 4.2251351364e-15 6.5059373592e-15
2.6971435547e+02 1.2200601513e-13 1.1132501616e-13 4.2279666399e-15 6.4530323287e-15
2.6977539062e+02 1.2178397356e-13 1.1111470895e-13 4.2648701322e-15 6.4043944749e-15
2.6983642578e+02 1.2130521436e-13 1.1065091288e-13 4.2677009866e-15 6.3866004929e-15
2.6989746094e+02 1.2091055494e-13 1.1023501640e-13 4.2430020211e-15 6.4325365263e-15
2.6995849609e+02 1.2077309396e-13 1.1006791254e-13 4.2084901534e-15 6.4966912604e-15
2.7001953125e+02 1.2068660219e-13 1.1001363497e-13 4.2086110654e-15 6.4643561537e-15
2.7008056641e+02 1.2043418236e-13 1.0981095983e-13 4.1951553485e-15 6.4280671868e-15
2.7014160156e+02 1.1997779802e-13 1.0934479867e-13 4.2272389613e-15 6.4057603843e-15
2.7020263672e+02 1.2007961214e-13 1.0944788623e-13 4.2221361166e-15 6.4095897932e-15
2.7026367188e+02 1.2018964231e-13 1.0953878422e-13 4.2218883617e-15 6.4289697207e-15
2.7032470703e+02 1.2010721384e-13 1.0946938274e-13 4.2251057730e-15 6.4127253296e-15
2.7038574219e+02 1.1991539221e-13 1.0935031070e-13 4.2328344722e-15 6.3322470355e-15
2.7044677734e+02 1.1945102823e-13 1.0892994718e-13 4.2331477549e-15 6.2879332979e-15
2.7050781250e+02 1.1917821574e-13 1.0872548143e-13 4.1491721064e-15 6.3035622064e-15
2.7056884766e+02 1.1884085117e-13 1.0833626590e-13 4.1568959879e-15 6.3476892810e-15
2.7062988281e+02 1.1890359624e-13 1.0837743052e-13 4.1891470816e-15 6.3370186451e-15
2.7069091797e+02 1.1882095801e-13 1.0830881912e-13 4.2090744812e-15 6.3030644076e-15
2.7075195312e+02 1.1858939365e-13 1.0801925330e-13 4.2478948355e-15 6.3222455148e-15
2.7081298828e+02 1.1832788687e-13 1.0777056452e-13 4.2332177206e-15 6.3241046252e-15
2.7087402344e+02 1.1798641804e-13 1.0747429730e-13 4.2017354885e-15 6.3103852560e-15
2.7093505859e+02 1.1779325195e-13 1.0729717562e-13 4.2175153719e-15 6.2785609607e-15
2.7099609375e+02 1.1753919621e-13 1.0711707016e-13 4.1597782768e-15 6.2623477653e-15
2.7105712891e+02 1.1696918910e-13 1.0653286906e-13 4.1722597751e-15 6.2640602622e-15
2.7111816406e+02 1.1663037029e-13 1.0613162986e-13 4.2058291271e-15 6.2929112995e-15
2.7117919922e+02 1.1681621446e-13 1.0633379802e-13 4.1807855719e-15 6.3016308683e-15
2.7124023438e+02 1.1649249372e-13 1.0593976160e-13 4.2544835582e-15 6.2982485611e-15
2.7130126953e+02 1.1636530008e-13 1.0586997675e-13 4.2167893833e-15 6.2785339418e-15
2.7136230469e+02 1.1628861403e-13 1.0581920878e-13 4.2185756788e-15 6.2508295800e-15
2.7142333984e+02 1.1599155204e-13 1.0556558391e-13 4.2052076994e-15 6.2207604241e-15
2.7148437500e+02 1.1556733480e-13 1.0516668272e-13 4.1795021586e-15 6.2211499210e-15
2.7154541016e+02 1.1541586474e-13 1.0506166381e-13 4.1575328564e-15 6.1966680708e-15
2.7160644531e+02 1.1561844921e-13 1.0524776494e-13 4.1620258774e-15 6.2086583944e-15
2.7166748047e+02 1.1517622847e-13 1.0483907017e-13 4.1608755725e-15 6.1762827266e-15
2.7172851562e+02 1.1503643459e-13 1.0470544724e-13 4.1666345631e-15 6.1643527836e-15
2.7178955078e+02 1.1478990351e-13 1.0442391879e-13 4.1528846442e-15 6.2131000681e-15
2.7185058594e+02 1.1447143672e-13 1.0399409390e-13 4.2244379775e-15 6.2529048430e-15
2.7191162109e+02 1.1438866285e-13 1.0396163517e-13 4.1754314336e-15 6.2515962504e-15
2.7197265625e+02 1.1435736465e-13 1.0399654828e-13 4.1299767845e-15 6.2308395923e-15
2.7203369141e+02 1.1404869512e-13 1.0375245947e-13 4.1066493752e-15 6.1895862698e-15
2.7209472656e+02 1.1425394237e-13 1.0400543224e-13 4.1162026768e-15 6.1323074577e-15
2.7215576172e+02 1.1434250536e-13 1.0407393297e-13 4.1777675623e-15 6.0908048274e-15
2.7221679688e+02 1.1391039128e-13 1.0360606066e-13 4.1745471589e-15 6.1297834585e-15
2.7227783203e+02 1.1370430664e-13 1.0342027113e-13 4.1413576243e-15 6.1426778875e-15
2.7233886719e+02 1.1320429531e-13 1.0289397353e-13 4.1811152055e-15 6.1292065735e-15
2.7239990234e+02 1.1308467473e-13 1.0277116484e-13 4.2259395896e-15 6.0875702988e-15
2.7246093750e+02 1.1309452222e-13 1.0282719347e-13 4.1620523741e-15 6.1052763776e-15
2.7252197266e+02 1.1279160368e-13 1.0249858651e-13 4.1662362164e-15 6.1267809544e-15
2.7258300781e+02 1.1295484326e-13 1.0263552034e-13 4.1730739625e-15 6.1462489490e-15
2.7264404297e+02 1.1261966326e-13 1.0230752242e-13 4.1978799459e-15 6.1142609018e-15
2.7270507812e+02 1.1243619558e-13 1.0215296413e-13 4.2193228797e-15 6.0639085738e-15
2.7276611328e+02 1.1181309056e-13 1.0165822711e-13 4.1628137839e-15 5.9920496606e-15
2.7282714844e+02 1.1175627326e-13 1.0157457961e-13 4.1833532236e-15 5.9983404359e-15
2.7288818359e+02 1.1162016730e-13 1.0140788170e-13 4.1819140501e-15 6.0303715471e-15
2.7294921875e+02 1.1162315836e-13 1.0141619482e-13 4.1585277505e-15 6.0484357899e-15
2.7301025391e+02 1.1147714078e-13 1.0124761250e-13 4.1905559376e-15 6.0389723423e-15
2.7307128906e+02 1.1123345398e-13 1.0101367247e-13 4.2179594198e-15 6.0018220896e-15
2.7313232422e+02 1.1114426265e-13 1.0093974580e-13 4.2101285606e-15 5.9943882831e-15
2.7319335938e+02 1.1101478717e-13 1.0070412260e-13 4.2420048092e-15 6.0686597600e-15
2.7325439453e+02 1.1110563319e-13 1.0078576835e-13 4.2533061157e-15 6.0665587288e-15
2.7331542969e+02 1.1120930703e-13 1.0093392860e-13 4.2474288605e-15 6.0279495712e-15
2.7337646484e+02 1.1119844900e-13 1.0101356383e-13 4.1607804830e-15 6.0241046820e-15
2.7343750000e+02 1.1092595866e-13 1.0073805778e-13 4.1862680566e-15 6.0016328211e-15
2.7349853516e+02 1.1041185651e-13 1.0023744745e-13 4.2153986044e-15 5.9590104556e-15
2.7355957031e+02 1.1007753220e-13 9.9858861600e-14 4.2271193749e-15 5.9915512260e-15
2.7362060547e+02 1.0988353946e-13 9.9684048665e-14 4.2066723745e-15 5.9928184161e-15
2.7368164062e+02 1.0977249261e-13 9.9622460799e-14 4.1895731338e-15 5.9604586758e-15
2.7374267578e+02 1.0978341042e-13 9.9662424044e-14 4.1877173984e-15 5.9332689784e-15
2.7380371094e+02 1.0991114117e-13 9.9789115248e-14 4.1937252840e-15 5.9283006420e-15
2.7386474609e+02 1.0969430157e-13 9.9579506175e-14 4.2055524673e-15 5.9092429324e-15
2.7392578125e+02 1.0942658120e-13 9.9298730238e-14 4.2219061365e-15 5.9059448255e-15
2.7398681641e+02 1.0903387327e-13 9.8932884249e-14 4.1857653051e-15 5.9152237197e-15
2.7404785156e+02 1.0859095785e-13 9.8484788195e-14 4.1988537779e-15 5.9073158751e-15
2.7410888672e+02 1.0865160199e-13 9.8458325174e-14 4.2532879953e-15 5.9399888200e-15
2.7416992188e+02 1.0864952170e-13 9.8456482124e-14 4.2163135845e-15 5.9767259882e-15
2.7423095703e+02 1.0852214803e-13 9.8339247507e-14 4.1936243728e-15 5.9892761540e-15
2.7429199219e+02 1.0828442252e-13 9.8113571513e-14 4.1929637246e-15 5.9778872777e-15
2.7435302734e+02 1.0822916026e-13 9.8158446472e-14 4.1425386310e-15 5.9281751606e-15
2.7441406250e+02 1.0797307675e-13 9.7899178508e-14 4.1727158076e-15 5.9011824325e-15
2.7447509766e+02 1.0810529917e-13 9.7985501034e-14 4.2391337362e-15 5.8806644032e-15
2.7453613281e+02 1.0800103911e-13 9.7877745024e-14 4.2120431610e-15 5.9112509284e-15
2.7459716797e+02 1.0772311672e-13 9.7668764816e-14 4.1580056477e-15 5.8963462592e-15
2.7465820312e+02 1.0763871794e-13 9.7624480104e-14 4.1620934247e-15 5.8521444119e-15
2.7471923828e+02 1.0755475892e-13 9.7506746311e-14 4.1787268992e-15 5.8692857077e-15
2.7478027344e+02 1.0692982506e-13 9.6840554822e-14 4.1999871648e-15 5.8892830698e-15
2.7484130859e+02 1.0667793877e-13 9.6667129528e-14 4.1680507825e-15 5.8427584638e-15
2.7490234375e+02 1.0669607955e-13 9.6633780675e-14 4.1913548944e-15 5.8709439844e-15
2.7496337891e+02 1.0665203260e-13 9.6562085964e-14 4.1914822198e-15 5.8984644187e-15
2.7502441406e+02 1.0649012826e-13 9.6348987459e-14 4.2172918335e-15 5.9238489632e-15
2.7508544922e+02 1.0632615902e-13 9.6246349610e-14 4.2197073388e-15 5.8601020729e-15
2.7514648438e+02 1.0622338937e-13 9.6170408654e-14 4.1982353483e-15 5.8547453690e-15
2.7520751953e+02 1.0591804622e-13 9.5909831415e-14 4.1875468901e-15 5.8206679176e-15
2.7526855469e+02 1.0587554693e-13 9.5910181714e-14 4.1564491537e-15 5.8089160594e-15
2.7532958984e+02 1.0564297922e-13 9.5668362470e-14 4.1733724387e-15 5.8012443160e-15
2.7539062500e+02 1.0553004002e-13 9.5532738124e-14 4.1817273697e-15 5.8155745269e-15
2.7545166016e+02 1.0532476989e-13 9.5359984047e-14 4.1479042970e-15 5.8168815438e-15
2.7551269531e+02 1.0531108117e-13 9.5296957006e-14 4.1725607916e-15 5.8415633749e-15
2.7557373047e+02 1.0518605913e-13 9.5255515039e-14 4.1495093109e-15 5.7810347788e-15
2.7563476562e+02 1.0502113136e-13 9.5092196374e-14 4.1541846099e-15 5.7747503797e-15
2.7569580078e+02 1.0509414849e-13 9.5089288510e-14 4.1870339947e-15 5.8178259883e-15
2.7575683594e+02 1.0504258274e-13 9.5111123433e-14 4.1401539222e-15 5.7913053872e-15
2.7581787109e+02 1.0466352968e-13 9.4737046096e-14 4.1721408379e-15 5.7543427457e-15
2.7587890625e+02 1.0459771368e-13 9.4647148263e-14 4.2024942264e-15 5.7480711895e-15
2.7593994141e+02 1.0427946333e-13 9.4359185435e-14 4.1360430240e-15 5.7842348664e-15
2.7600097656e+02 1.0412209651e-13 9.4173845188e-14 4.1787877046e-15 5.7694636208e-15
2.7606201172e+02 1.0387729196e-13 9.3908887301e-14 4.2143000674e-15 5.7541045873e-15
2.7612304688e+02 1.0360295461e-13 9.3669950276e-14 4.1688630013e-15 5.7641413368e-15
2.7618408203e+02 1.0364842083e-13 9.3713468221e-14 4.1790256209e-15 5.7559269837e-15
2.7624511719e+02 1.0325201536e-13 9.3410765676e-14 4.1700756454e-15 5.6711740413e-15
2.7630615234e+02 1.0314332508e-13 9.3367659731e-14 4.1482665201e-15 5.6273988311e-15
2.7636718750e+02 1.0313161820e-13 9.3258001474e-14 4.1614454543e-15 5.7121712673e-15
2.7642822266e+02 1.0308612994e-13 9.3157363811e-14 4.2074443006e-15 5.7213218292e-15
2.7648925781e+02 1.0284811687e-13 9.3001543634e-14 4.1805186648e-15 5.6660545677e-15
2.7655029297e+02 1.0253177984e-13 9.2680669291e-14 4.1569996662e-15 5.6941108792e-15
2.7661132812e+02 1.0284760282e-13 9.2894290599e-14 4.1638571571e-15 5.7894550671e-15
2.7667236328e+02 1.0314070534e-13 9.3214959161e-14 4.1758178091e-15 5.7499283662e-15
2.7673339844e+02 1.0316938184e-13 9.3286574277e-14 4.1665070252e-15 5.7163005413e-15
2.7679443359e+02 1.0268040400e-13 9.2789281121e-14 4.1529052284e-15 5.7382176510e-15
2.7685546875e+02 1.0207371317e-13 9.2228427933e-14 4.1716166522e-15 5.6736685806e-15
2.7691650391e+02 1.0182214712e-13 9.1948073989e-14 4.2317068972e-15 5.6423662311e-15
2.7697753906e+02 1.0182615718e-13 9.1991863484e-14 4.2210824556e-15 5.6132112453e-15
2.7703857422e+02 1.0177757752e-13 9.1991691081e-14 4.1787008245e-15 5.6071856141e-15
2.7709960938e+02 1.0184485991e-13 9.2046495388e-14 4.1662229475e-15 5.6321415767e-15
2.7716064453e+02 1.0181445338e-13 9.2001521022e-14 4.1850369271e-15 5.6278954335e-15
2.7722167969e+02 1.0142946770e-13 9.1673795165e-14 4.1516574423e-15 5.6040150879e-15
2.7728271484e+02 1.0115285297e-13 9.1297028897e-14 4.1902606266e-15 5.6655634434e-15
2.7734375000e+02 1.0097798198e-13 9.1195332962e-14 4.1669159318e-15 5.6157330837e-15
2.7740478516e+02 1.0081075999e-13 9.1075286380e-14 4.1345096198e-15 5.6009639867e-15
2.7746582031e+02 1.0076021333e-13 9.0982700807e-14 4.1607078078e-15 5.6168047120e-15
2.7752685547e+02 1.0058057646e-13 9.0780605736e-14 4.1646517595e-15 5.6353189670e-15
2.7758789062e+02 1.0053899723e-13 9.0704512470e-14 4.1745069125e-15 5.6599778451e-15
2.7764892578e+02 1.0039101489e-13 9.0586518409e-14 4.2177945987e-15 5.5867018839e-15
2.7770996094e+02 1.0021549996e-13 9.0515758552e-14 4.1798233578e-15 5.5199180489e-15
2.7777099609e+02 1.0027401996e-13 9.0601166058e-14 4.1408037913e-15 5.5320501104e-15
2.7783203125e+02 1.0031863319e-13 9.0641357412e-14 4.1595983877e-15 5.5176773898e-15
2.7789306641e+02 1.0035070356e-13 9.0706782857e-14 4.1329821133e-15 5.5109385924e-15
2.7795410156e+02 1.0036339089e-13 9.0692538067e-14 4.1526232274e-15 5.5182296006e-15
2.7801513672e+02 9.9775813501e-14 9.0119027732e-14 4.1248836902e-15 5.5319020785e-15
2.7807617188e+02 9.9623979070e-14 8.9929200140e-14 4.1639382338e-15 5.5308406954e-15
2.7813720703e+02 9.9365354140e-14 8.9689800733e-14 4.1804742752e-15 5.4950791315e-15
2.7819824219e+02 9.9235752076e-14 8.9556268193e-14 4.1664208038e-15 5.5130630793e-15
2.7825927734e+02 9.8913634736e-14 8.9217516508e-14 4.1571478934e-15 5.5389703347e-15
2.7832031250e+02 9.9083702345e-14 8.9341426773e-14 4.1793886464e-15 5.5628869252e-15
2.7838134766e+02 9.9269788402e-14 8.9498290897e-14 4.1849456279e-15 5.5865518769e-15
2.7844238281e+02 9.9002118827e-14 8.9263496927e-14 4.1834526522e-15 5.5551692475e-15
2.7850341797e+02 9.8731954104e-14 8.9079439752e-14 4.1653616592e-15 5.4871526931e-15
2.7856445312e+02 9.8614345541e-14 8.8939204855e-14 4.1779156927e-15 5.4972249928e-15
2.7862548828e+02 9.8100359726e-14 8.8489030193e-14 4.1208256636e-15 5.4905038688e-15
2.7868652344e+02 9.8243763136e-14 8.8572939490e-14 4.1364037693e-15 5.5344198762e-15
2.7874755859e+02 9.8470767890e-14 8.8744152887e-14 4.2355731314e-15 5.4910418714e-15
2.7880859375e+02 9.8105384727e-14 8.8432635980e-14 4.2061682825e-15 5.4665804639e-15
2.7886962891e+02 9.7873514491e-14 8.8211784841e-14 4.1619742411e-15 5.4997554096e-15
2.7893066406e+02 9.7847329021e-14 8.8212896878e-14 4.1393717094e-15 5.4950604343e-15
2.7899169922e+02 9.7805131743e-14 8.8183451836e-14 4.1492853673e-15 5.4723945399e-15
2.7905273438e+02 9.7602042703e-14 8.8011786660e-14 4.1421300730e-15 5.4481259703e-15
2.7911376953e+02 9.7481007666e-14 8.7917830450e-14 4.1114595852e-15 5.4517176301e-15
2.7917480469e+02 9.7551112289e-14 8.8004401523e-14 4.1277200663e-15 5.4189907004e-15
2.7923583984e+02 9.7732071723e-14 8.8187575222e-14 4.1014733574e-15 5.4430231437e-15
2.7929687500e+02 9.7674068806e-14 8.7987564805e-14 4.1970144652e-15 5.4894895352e-15
2.7935791016e+02 9.7184012329e-14 8.7547502412e-14 4.1994357812e-15 5.4370741363e-15
2.7941894531e+02 9.7012105748e-14 8.7456396193e-14 4.1390612881e-15 5.4166482662e-15
2.7947998047e+02 9.6729186979e-14 8.7119102751e-14 4.1714014577e-15 5.4386827705e-15
2.7954101562e+02 9.6775983136e-14 8.7115769795e-14 4.1850132791e-15 5.4752000614e-15
2.7960205078e+02 9.6520220819e-14 8.6903259772e-14 4.1892543728e-15 5.4277066741e-15
2.7966308594e+02 9.6290675119e-14 8.6654556219e-14 4.1830449890e-15 5.4530739106e-15
2.7972412109e+02 9.6084929494e-14 8.6442180987e-14 4.1709886242e-15 5.4717598829e-15
2.7978515625e+02 9.6278655126e-14 8.6681001555e-14 4.1477992206e-15 5.4498543502e-15
2.7984619141e+02 9.6331568901e-14 8.6719541636e-14 4.2037388645e-15 5.4082884006e-15
2.7990722656e+02 9.6208954140e-14 8.6594024071e-14 4.2135247271e-15 5.4014053421e-15
2.7996826172e+02 9.5669654833e-14 8.6082078838e-14 4.1677994023e-15 5.4197765920e-15
2.8002929688e+02 9.5463640070e-14 8.5955641794e-14 4.1567421008e-15 5.3512561747e-15
2.8009033203e+02 9.5426530239e-14 8.5918502980e-14 4.1352729448e-15 5.3727543148e-15
2.8015136719e+02 9.5347742802e-14 8.5786720701e-14 4.1719760466e-15 5.3890460547e-15
2.8021240234e+02 9.5434103981e-14 8.5920017600e-14 4.1282986507e-15 5.3857877296e-15
2.8027343750e+02 9.4937568189e-14 8.5447961135e-14 4.1037828888e-15 5.3858241653e-15
2.8033447266e+02 9.5192947496e-14 8.5699473747e-14 4.1361444967e-15 5.3573292526e-15
2.8039550781e+02 9.5437570069e-14 8.5931677126e-14 4.1505549006e-15 5.3553380428e-15
2.8045654297e+02 9.5700588186e-14 8.6154685687e-14 4.1844284640e-15 5.3614740343e-15
2.8051757812e+02 9.4986747864e-14 8.5498732044e-14 4.1683653566e-15 5.3196504627e-15
2.8057861328e+02 9.4716796173e-14 8.5214972959e-14 4.1754188100e-15 5.3264044038e-15
2.8063964844e+02 9.4972358603e-14 8.5392566662e-14 4.2010620348e-15 5.3787299063e-15
2.8070068359e+02 9.4485940190e-14 8.4922660984e-14 4.1991936835e-15 5.3640855219e-15
2.8076171875e+02 9.4513028128e-14 8.5038612412e-14 4.1761447689e-15 5.2982709471e-15
2.8082275391e+02 9.4236317263e-14 8.4774957489e-14 4.1568512817e-15 5.3045084923e-15
2.8088378906e+02 9.3920249899e-14 8.4447906639e-14 4.1424443834e-15 5.3298988762e-15
2.8094482422e+02 9.4029148495e-14 8.4495418606e-14 4.2177524075e-15 5.3159774824e-15
2.8100585938e+02 9.3904677998e-14 8.4443839055e-14 4.1918369437e-15 5.2690020000e-15
2.8106689453e+02 9.3852723740e-14 8.4435062418e-14 4.1793482916e-15 5.2383130298e-15
2.8112792969e+02 9.3598536966e-14 8.4195598818e-14 4.1681139878e-15 5.2348241609e-15
2.8118896484e+02 9.3383622739e-14 8.3936980149e-14 4.1461618737e-15 5.3004807165e-15
2.8125000000e+02 9.3391333630e-14 8.3893733186e-14 4.1291448240e-15 5.3684556200e-15
2.8131103516e+02 9.3250174587e-14 8.3743850719e-14 4.1504823441e-15 5.3558415240e-15
2.8137207031e+02 9.3254439196e-14 8.3802709639e-14 4.1462670402e-15 5.3054625169e-15
2.8143310547e+02 9.3373968882e-14 8.3946440808e-14 4.1461889302e-15 5.2813391444e-15
2.8149414062e+02 9.3609457262e-14 8.4192142319e-14 4.1565183109e-15 5.2607966322e-15
2.8155517578e+02 9.3481814102e-14 8.3982161589e-14 4.1733438665e-15 5.3263086465e-15
2.8161621094e+02 9.3376919024e-14 8.3888041205e-14 4.1707945615e-15 5.3180832575e-15
2.8167724609e+02 9.3253757662e-14 8.3834462094e-14 4.1581829505e-15 5.2611126171e-15
2.8173828125e+02 9.2682842708e-14 8.3283591618e-14 4.1891300081e-15 5.2101210817e-15
2.8179931641e+02 9.2626385337e-14 8.3230153550e-14 4.1819945663e-15 5.2142372203e-15
2.8186035156e+02 9.2705537934e-14 8.3256454425e-14 4.1659995556e-15 5.2830839537e-15
2.8192138672e+02 9.2602351797e-14 8.3109317489e-14 4.1957645957e-15 5.2972697123e-15
2.8198242188e+02 9.2539061138e-14 8.3044781521e-14 4.1880642977e-15 5.3062153199e-15
2.8204345703e+02 9.2670047671e-14 8.3227891241e-14 4.1352852559e-15 5.3068711741e-15
2.8210449219e+02 9.2480178397e-14 8.3092080679e-14 4.1260824490e-15 5.2620152687e-15
2.8216552734e+02 9.2355344541e-14 8.2985776480e-14 4.1346980999e-15 5.2348699607e-15
2.8222656250e+02 9.2046313370e-14 8.2642293906e-14 4.1606855391e-15 5.2433339245e-15
2.8228759766e+02 9.1936642192e-14 8.2570404792e-14 4.1362436951e-15 5.2299937053e-15
2.8234863281e+02 9.1799544359e-14 8.2418922970e-14 4.1770666472e-15 5.2035547425e-15
2.8240966797e+02 9.1560739384e-14 8.2231231551e-14 4.1674799900e-15 5.1620278423e-15
2.8247070312e+02 9.1813860500e-14 8.2496402827e-14 4.1397055091e-15 5.1777521639e-15
2.8253173828e+02 9.1836038099e-14 8.2531661846e-14 4.0991842413e-15 5.2051920118e-15
2.8259277344e+02 9.1718075601e-14 8.2336225745e-14 4.1493512069e-15 5.2324986490e-15
2.8265380859e+02 9.1662819044e-14 8.2325485894e-14 4.1525092360e-15 5.1848239145e-15
2.8271484375e+02 9.1543103308e-14 8.2248054886e-14 4.1361433412e-15 5.1589050815e-15
2.8277587891e+02 9.1453786094e-14 8.2145482563e-14 4.1535842559e-15 5.1547192749e-15
2.8283691406e+02 9.1440721231e-14 8.2152904742e-14 4.1226483108e-15 5.1651681781e-15
2.8289794922e+02 9.1250924251e-14 8.1901260356e-14 4.1416190496e-15 5.2080448446e-15
2.8295898438e+02 9.0862491087e-14 8.1502417137e-14 4.1302630394e-15 5.2298109108e-15
2.8302001953e+02 9.0653273450e-14 8.1375979227e-14 4.1364999734e-15 5.1407942489e-15
2.8308105469e+02 9.0624771109e-14 8.1417193321e-14 4.1169198488e-15 5.0906579397e-15
2.8314208984e+02 9.0565298073e-14 8.1250234461e-14 4.1635455582e-15 5.1515180543e-15
2.8320312500e+02 9.0664240990e-14 8.1283900737e-14 4.1656140850e-15 5.2147261675e-15
2.8326416016e+02 9.0430238311e-14 8.1151438812e-14 4.1214937033e-15 5.1573057961e-15
2.8332519531e+02 9.0310508119e-14 8.0978396943e-14 4.1761723644e-15 5.1559388112e-15
2.8338623047e+02 9.0378746579e-14 8.1011984658e-14 4.1833668203e-15 5.1833951008e-15
2.8344726562e+02 9.0485461909e-14 8.1166830698e-14 4.1774228565e-15 5.1412083543e-15
2.8350830078e+02 9.0287536481e-14 8.0981967411e-14 4.1641782689e-15 5.1413908020e-15
2.8356933594e+02 8.9840433125e-14 8.0558701553e-14 4.1463836395e-15 5.1353479325e-15
2.8363037109e+02 8.9560162397e-14 8.0286211990e-14 4.1656274100e-15 5.1083229976e-15
2.8369140625e+02 8.9714569860e-14 8.0449356218e-14 4.1415418781e-15 5.1236717643e-15
2.8375244141e+02 8.9626029286e-14 8.0368982567e-14 4.1460854682e-15 5.1109612509e-15
2.8381347656e+02 8.9700764532e-14 8.0463102983e-14 4.1571739984e-15 5.0804875505e-15
2.8387451172e+02 8.9379167660e-14 8.0140008379e-14 4.1524050443e-15 5.0867542365e-15
2.8393554688e+02 8.9307330138e-14 8.0162392472e-14 4.0867331338e-15 5.0582045320e-15
2.8399658203e+02 8.9535311657e-14 8.0339322439e-14 4.1124758644e-15 5.0835133535e-15
2.8405761719e+02 8.9483662029e-14 8.0315610159e-14 4.1150179489e-15 5.0530339209e-15
2.8411865234e+02 8.9445846134e-14 8.0268854352e-14 4.1290832265e-15 5.0479085558e-15
2.8417968750e+02 8.9004198572e-14 7.9775043381e-14 4.1392416533e-15 5.0899135382e-15
2.8424072266e+02 8.8891366591e-14 7.9667637443e-14 4.1342135637e-15 5.0895155843e-15
2.8430175781e+02 8.8737724574e-14 7.9537820163e-14 4.1479857080e-15 5.0519187033e-15
2.8436279297e+02 8.9067649124e-14 7.9861453894e-14 4.1437048487e-15 5.0624903814e-15
2.8442382812e+02 8.8888173878e-14 7.9697693469e-14 4.1417085113e-15 5.0487718974e-15
2.8448486328e+02 8.8912417171e-14 7.9689161403e-14 4.1664582835e-15 5.0567974848e-15
2.8454589844e+02 8.9090144294e-14 7.9827180469e-14 4.1778140735e-15 5.0851497518e-15
2.8460693359e+02 8.8947585344e-14 7.9718661633e-14 4.1542367915e-15 5.0746869189e-15
2.8466796875e+02 8.8544090489e-14 7.9315123329e-14 4.1672642145e-15 5.0617029453e-15
2.8472900391e+02 8.8719611108e-14 7.9505426863e-14 4.1716270600e-15 5.0425571846e-15
2.8479003906e+02 8.8383808537e-14 7.9166074793e-14 4.1766395684e-15 5.0410941753e-15
2.8485107422e+02 8.8140446563e-14 7.8916504375e-14 4.1948575245e-15 5.0290846630e-15
2.8491210938e+02 8.8219200696e-14 7.9052876605e-14 4.1649129777e-15 5.0014111137e-15
2.8497314453e+02 8.8129363317e-14 7.8916323595e-14 4.1845624241e-15 5.0284772977e-15
2.8503417969e+02 8.7783034856e-14 7.8645025288e-14 4.1708356587e-15 4.9671739095e-15
2.8509521484e+02 8.7832283265e-14 7.8760127200e-14 4.1181548294e-15 4.9540012358e-15
2.8515625000e+02 8.7779484128e-14 7.8646290068e-14 4.1262069255e-15 5.0069871343e-15
2.8521728516e+02 8.7835663372e-14 7.8684454246e-14 4.1126203629e-15 5.0385887636e-15
2.8527832031e+02 8.7631054803e-14 7.8440009107e-14 4.1389181604e-15 5.0521275351e-15
2.8533935547e+02 8.7543587611e-14 7.8375216542e-14 4.1303246544e-15 5.0380464147e-15
2.8540039062e+02 8.7395385932e-14 7.8291666125e-14 4.1285326679e-15 4.9751871388e-15
2.8546142578e+02 8.7718699458e-14 7.8605276738e-14 4.1247527492e-15 4.9886699708e-15
2.8552246094e+02 8.7501965453e-14 7.8389438016e-14 4.1233915281e-15 4.9891359086e-15
2.8558349609e+02 8.7385748794e-14 7.8277565274e-14 4.1272385234e-15 4.9809449974e-15
2.8564453125e+02 8.6820785917e-14 7.7713413199e-14 4.1572566218e-15 4.9501160964e-15
2.8570556641e+02 8.7151975737e-14 7.8087639192e-14 4.1350445858e-15 4.9292919596e-15
2.8576660156e+02 8.7100044825e-14 7.8054639956e-14 4.1251839143e-15 4.9202209545e-15
2.8582763672e+02 8.7159886766e-14 7.8103183234e-14 4.1309702455e-15 4.9257332863e-15
2.8588867188e+02 8.7111546811e-14 7.8100077322e-14 4.1059147209e-15 4.9055547681e-15
2.8594970703e+02 8.6887219233e-14 7.7838296502e-14 4.0951845321e-15 4.9537381990e-15
2.8601074219e+02 8.6437007604e-14 7.7369168328e-14 4.1198183719e-15 4.9480209043e-15
2.8607177734e+02 8.6191922121e-14 7.7107010556e-14 4.1552679223e-15 4.9296436423e-15
2.8613281250e+02 8.6501726843e-14 7.7382863280e-14 4.1605103862e-15 4.9583531765e-15
2.8619384766e+02 8.6450690412e-14 7.7378842856e-14 4.1111492235e-15 4.9606983324e-15
2.8625488281e+02 8.6645351357e-14 7.7554000435e-14 4.1284509601e-15 4.9628999620e-15
2.8631591797e+02 8.6699191329e-14 7.7588595622e-14 4.1464490637e-15 4.9641466434e-15
2.8637695312e+02 8.6575058051e-14 7.7482706282e-14 4.1397970320e-15 4.9525547367e-15
2.8643798828e+02 8.6494395629e-14 7.7416083150e-14 4.1636026058e-15 4.9147098735e-15
2.8649902344e+02 8.6351523715e-14 7.7292927463e-14 4.1596627000e-15 4.8989335520e-15
2.8656005859e+02 8.6106336966e-14 7.7052642032e-14 4.1218990048e-15 4.9317959286e-15
2.8662109375e+02 8.6080013772e-14 7.7019282328e-14 4.1347728355e-15 4.9259586091e-15
2.8668212891e+02 8.5921871911e-14 7.6816270243e-14 4.1785443147e-15 4.9270573536e-15
2.8674316406e+02 8.6016101731e-14 7.6909515028e-14 4.1756262372e-15 4.9309604664e-15
2.8680419922e+02 8.5988213470e-14 7.6931235901e-14 4.1393024802e-15 4.9176750894e-15
2.8686523438e+02 8.5653983910e-14 7.6648890237e-14 4.1265923967e-15 4.8785012758e-15
2.8692626953e+02 8.5512434504e-14 7.6437682355e-14 4.1793682964e-15 4.8953838532e-15
2.8698730469e+02 8.5490653693e-14 7.6422902034e-14 4.1484074725e-15 4.9193441856e-15
2.8704833984e+02 8.5295750585e-14 7.6301833000e-14 4.1296402056e-15 4.8642773799e-15
2.8710937500e+02 8.5177283459e-14 7.6192364755e-14 4.1192935295e-15 4.8656251743e-15
2.8717041016e+02 8.5144344936e-14 7.6098323637e-14 4.1513912790e-15 4.8946300203e-15
2.8723144531e+02 8.5117431058e-14 7.6038155312e-14 4.1825083720e-15 4.8967673739e-15
2.8729248047e+02 8.4895303423e-14 7.5826689795e-14 4.1520042636e-15 4.9166093641e-15
2.8735351562e+02 8.5123781694e-14 7.6099526149e-14 4.1196059392e-15 4.9046496061e-15
2.8741455078e+02 8.5142120511e-14 7.6175917872e-14 4.0963030210e-15 4.8698996181e-15
2.8747558594e+02 8.5085110218e-14 7.6114952679e-14 4.0999569900e-15 4.8702005492e-15
2.8753662109e+02 8.5109172585e-14 7.6186110280e-14 4.0856204574e-15 4.8374418478e-15
2.8759765625e+02 8.4977186654e-14 7.6059477327e-14 4.0850708827e-15 4.8326384449e-15
2.8765869141e+02 8.4887721636e-14 7.6005602169e-14 4.0791925295e-15 4.8029269368e-15
2.8771972656e+02 8.4927867017e-14 7.5933505660e-14 4.1383591089e-15 4.8560022485e-15
2.8778076172e+02 8.5000546979e-14 7.5949521832e-14 4.1296125006e-15 4.9214126461e-15
2.8784179688e+02 8.4714560934e-14 7.5703105707e-14 4.1446942272e-15 4.8667610000e-15
2.8790283203e+02 8.4656844953e-14 7.5644015567e-14 4.1382391125e-15 4.8745902730e-15
2.8796386719e+02 8.4588159833e-14 7.5578120025e-14 4.1352238943e-15 4.8748159136e-15
2.8802490234e+02 8.4542393307e-14 7.5560862285e-14 4.1166906664e-15 4.8648403558e-15
2.8808593750e+02 8.4201498515e-14 7.5231216388e-14 4.1015013400e-15 4.8687807869e-15
2.8814697266e+02 8.4377974241e-14 7.5377816519e-14 4.1565416495e-15 4.8436160725e-15
2.8820800781e+02 8.4195857494e-14 7.5198180417e-14 4.1676004009e-15 4.8300766763e-15
2.8826904297e+02 8.4070074996e-14 7.5068734247e-14 4.1357563861e-15 4.8655843627e-15
2.8833007812e+02 8.3759242555e-14 7.4719821887e-14 4.1708076591e-15 4.8686130091e-15
2.8839111328e+02 8.3592165081e-14 7.4629569404e-14 4.1445793837e-15 4.8180162930e-15
2.8845214844e+02 8.3698561077e-14 7.4782809895e-14 4.1155273912e-15 4.8002237908e-15
2.8851318359e+02 8.3378992567e-14 7.4447082962e-14 4.1294887226e-15 4.8024208824e-15
2.8857421875e+02 8.3744848501e-14 7.4781465815e-14 4.1526482278e-15 4.8107344576e-15
2.8863525391e+02 8.3782178704e-14 7.4887209034e-14 4.1008195321e-15 4.7941501371e-15
2.8869628906e+02 8.3532704166e-14 7.4675381771e-14 4.0804039862e-15 4.7769184086e-15
2.8875732422e+02 8.3623900538e-14 7.4697704869e-14 4.1087166243e-15 4.8174790444e-15
2.8881835938e+02 8.3877373343e-14 7.4935075464e-14 4.1172582855e-15 4.8250395933e-15
2.8887939453e+02 8.3774732860e-14 7.4877266545e-14 4.1353020785e-15 4.7621642364e-15
2.8894042969e+02 8.3369097882e-14 7.4487072242e-14 4.1201865115e-15 4.7618391284e-15
2.8900146484e+02 8.3221549954e-14 7.4370228827e-14 4.1335677270e-15 4.7177533998e-15
2.8906250000e+02 8.2985874836e-14 7.4053750590e-14 4.1798114399e-15 4.7523128067e-15
2.8912353516e+02 8.3154652666e-14 7.4227804663e-14 4.1369616027e-15 4.7898864004e-15
2.8918457031e+02 8.3003793440e-14 7.4109313328e-14 4.1636899062e-15 4.7307902059e-15
2.8924560547e+02 8.2907850062e-14 7.3991497017e-14 4.1988122005e-15 4.7175408441e-15
2.8930664062e+02 8.2895641593e-14 7.3951200368e-14 4.2040916398e-15 4.7403495850e-15
2.8936767578e+02 8.2789959087e-14 7.3927439527e-14 4.1403608150e-15 4.7221587443e-15
2.8942871094e+02 8.2858470796e-14 7.3962337235e-14 4.1744432164e-15 4.7216903445e-15
2.8948974609e+02 8.2832549546e-14 7.3912949371e-14 4.1727170925e-15 4.7468830825e-15
2.8955078125e+02 8.2469287950e-14 7.3581844700e-14 4.1417919468e-15 4.7456513030e-15
2.8961181641e+02 8.2683429214e-14 7.3838618830e-14 4.1206730983e-15 4.7241372863e-15
2.8967285156e+02 8.2212819180e-14 7.3288107294e-14 4.1760152835e-15 4.7486966022e-15
2.8973388672e+02 8.2143772746e-14 7.3237855982e-14 4.1968587329e-15 4.7090580316e-15
2.8979492188e+02 8.2312980470e-14 7.3425967389e-14 4.1451234718e-15 4.7418896091e-15
2.8985595703e+02 8.2271865978e-14 7.3424094764e-14 4.1359284790e-15 4.7118427352e-15
2.8991699219e+02 8.2185645079e-14 7.3396254864e-14 4.1038818709e-15 4.6855083439e-15
2.8997802734e+02 8.2012836228e-14 7.3272022538e-14 4.0604060416e-15 4.6804076489e-15
2.9003906250e+02 8.1999545508e-14 7.3258427514e-14 4.0838706410e-15 4.6572473527e-15
2.9010009766e+02 8.1886317438e-14 7.3155269061e-14 4.0782017453e-15 4.6528466322e-15
2.9016113281e+02 8.2169080633e-14 7.3409118673e-14 4.0990837894e-15 4.6608781701e-15
2.9022216797e+02 8.1736416466e-14 7.2962122066e-14 4.1010870144e-15 4.6732073852e-15
2.9028320312e+02 8.1638432651e-14 7.2816702072e-14 4.1198849740e-15 4.7018456052e-15
2.9034423828e+02 8.1630074168e-14 7.2774663413e-14 4.1565104480e-15 4.6989003068e-15
2.9040527344e+02 8.1674904920e-14 7.2862096069e-14 4.1386547848e-15 4.6741540661e-15
2.9046630859e+02 8.1310017562e-14 7.2506367215e-14 4.1680264009e-15 4.6356239455e-15
2.9052734375e+02 8.1251888324e-14 7.2461178986e-14 4.1719369414e-15 4.6187723973e-15
2.9058837891e+02 8.1167094787e-14 7.2329830838e-14 4.1884483803e-15 4.6488155687e-15
2.9064941406e+02 8.1421027244e-14 7.2586410241e-14 4.1607944001e-15 4.6738226032e-15
2.9071044922e+02 8.1395103017e-14 7.2603882736e-14 4.1751840128e-15 4.6160362690e-15
2.9077148438e+02 8.1400224641e-14 7.2638140515e-14 4.1080177218e-15 4.6540664048e-15
2.9083251953e+02 8.1135098690e-14 7.2369829014e-14 4.0775297769e-15 4.6877398988e-15
2.9089355469e+02 8.1135941934e-14 7.2314714669e-14 4.1261188943e-15 4.6951083698e-15
2.9095458984e+02 8.1201054764e-14 7.2423734333e-14 4.1281895741e-15 4.6491308565e-15
2.9101562500e+02 8.0839739778e-14 7.2100470150e-14 4.0961662790e-15 4.6431033487e-15
2.9107666016e+02 8.0998859636e-14 7.2184362761e-14 4.1194166409e-15 4.6950802341e-15
2.9113769531e+02 8.0940283314e-14 7.2160269487e-14 4.1369142562e-15 4.6430995703e-15
2.9119873047e+02 8.0863755705e-14 7.2093203997e-14 4.1146500303e-15 4.6559016778e-15
2.9125976562e+02 8.1085192857e-14 7.2270136631e-14 4.1665264949e-15 4.6485297311e-15
2.9132080078e+02 8.0929066880e-14 7.2127422270e-14 4.1557985700e-15 4.6458460402e-15
2.9138183594e+02 8.0874763491e-14 7.2083444351e-14 4.1323078590e-15 4.6590112808e-15
2.9144287109e+02 8.0453501847e-14 7.1718227439e-14 4.0857319891e-15 4.6495424187e-15
2.9150390625e+02 8.0433349481e-14 7.1669392300e-14 4.0907222953e-15 4.6732348862e-15
2.9156494141e+02 8.0530703900e-14 7.1773716312e-14 4.0945482783e-15 4.6624393098e-15
2.9162597656e+02 8.0488973661e-14 7.1715099898e-14 4.1418809136e-15 4.6319928487e-15
2.9168701172e+02 8.0441997125e-14 7.1755110085e-14 4.1209916334e-15 4.5658954065e-15
2.9174804688e+02 8.0136985936e-14 7.1495637204e-14 4.1065854104e-15 4.5347633222e-15
2.9180908203e+02 8.0058964391e-14 7.1315408580e-14 4.1099902283e-15 4.6335655821e-15
2.9187011719e+02 8.0177069746e-14 7.1425752839e-14 4.1246140545e-15 4.6267028528e-15
2.9193115234e+02 8.0107086435e-14 7.1400020153e-14 4.1092016579e-15 4.5978646237e-15
2.9199218750e+02 7.9835656455e-14 7.1163289283e-14 4.1033000513e-15 4.5690671200e-15
2.9205322266e+02 7.9910839677e-14 7.1204055355e-14 4.0901281790e-15 4.6166561429e-15
2.9211425781e+02 7.9706123922e-14 7.1039120097e-14 4.0845195469e-15 4.5824842773e-15
2.9217529297e+02 7.9983171096e-14 7.1319615512e-14 4.1030916037e-15 4.5604639806e-15
2.9223632812e+02 7.9894186641e-14 7.1265008641e-14 4.1056322786e-15 4.5235457216e-15
2.9229736328e+02 7.9816126254e-14 7.1128469192e-14 4.1067315893e-15 4.5809254731e-15
2.9235839844e+02 7.9741776948e-14 7.1055820516e-14 4.1044660576e-15 4.5814903748e-15
2.9241943359e+02 7.9641671842e-14 7.0960123024e-14 4.1190216807e-15 4.5625271365e-15
2.9248046875e+02 7.9709283405e-14 7.0981794351e-14 4.1223144080e-15 4.6051746464e-15
2.9254150391e+02 7.9677778761e-14 7.0927885893e-14 4.1295180745e-15 4.6203747932e-15
2.9260253906e+02 7.9832996801e-14 7.1092171037e-14 4.1443596128e-15 4.5964661507e-15
2.9266357422e+02 7.9553091786e-14 7.0851371557e-14 4.1256633032e-15 4.5760569264e-15
2.9272460938e+02 7.9578270793e-14 7.0894047333e-14 4.1145735796e-15 4.5696498808e-15
2.9278564453e+02 7.9560091050e-14 7.0844028456e-14 4.1397143414e-15 4.5763482519e-15
2.9284667969e+02 7.9437626256e-14 7.0796853759e-14 4.0897130490e-15 4.5510594474e-15
2.9290771484e+02 7.9398734040e-14 7.0721540990e-14 4.1200466119e-15 4.5571464379e-15
2.9296875000e+02 7.9173515452e-14 7.0493481661e-14 4.1439108054e-15 4.5361229849e-15
2.9302978516e+02 7.9022554128e-14 7.0367396229e-14 4.1141112729e-15 4.5410466261e-15
2.9309082031e+02 7.8814277732e-14 7.0169202708e-14 4.1187358882e-15 4.5263391355e-15
2.9315185547e+02 7.8668313471e-14 7.0032105707e-14 4.0771048801e-15 4.5591028835e-15
2.9321289062e+02 7.8972039989e-14 7.0277649296e-14 4.1023724644e-15 4.5920182282e-15
2.9327392578e+02 7.8751409749e-14 7.0078840984e-14 4.1560869819e-15 4.5164817826e-15
2.9333496094e+02 7.8770237189e-14 7.0088787640e-14 4.1607107576e-15 4.5207387915e-15
2.9339599609e+02 7.8712921023e-14 7.0053618642e-14 4.1292483264e-15 4.5300540552e-15
2.9345703125e+02 7.8911360651e-14 7.0242768917e-14 4.1093598512e-15 4.5592318832e-15
2.9351806641e+02 7.8901848496e-14 7.0196987285e-14 4.1171790851e-15 4.5876821266e-15
2.9357910156e+02 7.9007339705e-14 7.0326407571e-14 4.1024282467e-15 4.5785038874e-15
2.9364013672e+02 7.8761909268e-14 7.0134972324e-14 4.1055697605e-15 4.5213671843e-15
2.9370117188e+02 7.8652921923e-14 7.0003804551e-14 4.1185742025e-15 4.5305431698e-15
2.9376220703e+02 7.8534704599e-14 6.9893499195e-14 4.0894945402e-15 4.5517108632e-15
2.9382324219e+02 7.8657263130e-14 6.9996604061e-14 4.0862822340e-15 4.5743768342e-15
2.9388427734e+02 7.8779426690e-14 7.0046472410e-14 4.1517806669e-15 4.5811736133e-15
2.9394531250e+02 7.8580547397e-14 6.9872426701e-14 4.1566868372e-15 4.5514338586e-15
2.9400634766e+02 7.8628345383e-14 6.9987501900e-14 4.1060995275e-15 4.5347439559e-15
2.9406738281e+02 7.8280194354e-14 6.9643138761e-14 4.1277314232e-15 4.5093241698e-15
2.9412841797e+02 7.8101060338e-14 6.9476601714e-14 4.1401047150e-15 4.4843539094e-15
2.9418945312e+02 7.8325994403e-14 6.9719752660e-14 4.1380626016e-15 4.4681791414e-15
2.9425048828e+02 7.8351596232e-14 6.9734705497e-14 4.1393313013e-15 4.4775594333e-15
2.9431152344e+02 7.8268970882e-14 6.9654564851e-14 4.0916921629e-15 4.5227138686e-15
2.9437255859e+02 7.7934638959e-14 6.9384109081e-14 4.0518049739e-15 4.4987249044e-15
2.9443359375e+02 7.7954862925e-14 6.9364048782e-14 4.0767304258e-15 4.5140837167e-15
2.9449462891e+02 7.7902749291e-14 6.9256721349e-14 4.1046438436e-15 4.5413840981e-15
2.9455566406e+02 7.8041940769e-14 6.9448989001e-14 4.0846271000e-15 4.5083246678e-15
2.9461669922e+02 7.8213205384e-14 6.9582024360e-14 4.0658383726e-15 4.5653426514e-15
2.9467773438e+02 7.8188251588e-14 6.9540340000e-14 4.1016720466e-15 4.5462395409e-15
2.9473876953e+02 7.7869799540e-14 6.9325918856e-14 4.0694661007e-15 4.4744145828e-15
2.9479980469e+02 7.7859615220e-14 6.9280194900e-14 4.0950814938e-15 4.4843388260e-15
2.9486083984e+02 7.7858992090e-14 6.9212861050e-14 4.1547846751e-15 4.4913463651e-15
2.9492187500e+02 7.7669344185e-14 6.9048651408e-14 4.1467565345e-15 4.4739362416e-15
2.9498291016e+02 7.7529773434e-14 6.8965345204e-14 4.0892656749e-15 4.4751625547e-15
2.9504394531e+02 7.7469750170e-14 6.8802201575e-14 4.1484580638e-15 4.5190905311e-15
2.9510498047e+02 7.7405115085e-14 6.8756308709e-14 4.1730612865e-15 4.4757450900e-15
2.9516601562e+02 7.7515057407e-14 6.8942489225e-14 4.1374374929e-15 4.4351306893e-15
2.9522705078e+02 7.7706839918e-14 6.9066611915e-14 4.1531050874e-15 4.4871229163e-15
2.9528808594e+02 7.7226433515e-14 6.8581699491e-14 4.1685720663e-15 4.4761619578e-15
2.9534912109e+02 7.7313535786e-14 6.8664951689e-14 4.1476393955e-15 4.5009447014e-15
2.9541015625e+02 7.7487707455e-14 6.8859578552e-14 4.1185243143e-15 4.5096045887e-15
2.9547119141e+02 7.7553166706e-14 6.8902331375e-14 4.1497210300e-15 4.5011143017e-15
2.9553222656e+02 7.7506527565e-14 6.8891185810e-14 4.1543539215e-15 4.4609878336e-15
2.9559326172e+02 7.7425692642e-14 6.8873309925e-14 4.1325778741e-15 4.4198048438e-15
2.9565429688e+02 7.7210831946e-14 6.8666304778e-14 4.1150412197e-15 4.4294859482e-15
2.9571533203e+02 7.7273240468e-14 6.8770032434e-14 4.0737414860e-15 4.4294665490e-15
2.9577636719e+02 7.7006625894e-14 6.8476248743e-14 4.1067282244e-15 4.4236489263e-15
2.9583740234e+02 7.7413695321e-14 6.8835523169e-14 4.1039971184e-15 4.4741750340e-15
2.9589843750e+02 7.7226865359e-14 6.8643237565e-14 4.1019818315e-15 4.4816459625e-15
2.9595947266e+02 7.6983822072e-14 6.8431877065e-14 4.1130858847e-15 4.4388591229e-15
2.9602050781e+02 7.6859765238e-14 6.8341833047e-14 4.0634274091e-15 4.4545047823e-15
2.9608154297e+02 7.7090945334e-14 6.8504765298e-14 4.0809890172e-15 4.5051910185e-15
2.9614257812e+02 7.7108279038e-14 6.8494452426e-14 4.1375016567e-15 4.4763249550e-15
2.9620361328e+02 7.7109020025e-14 6.8596209385e-14 4.1313043192e-15 4.3815063212e-15
2.9626464844e+02 7.6933540766e-14 6.8390061513e-14 4.1234923958e-15 4.4199868575e-15
2.9632568359e+02 7.6467017039e-14 6.7924544219e-14 4.1287554838e-15 4.4137173365e-15
2.9638671875e+02 7.6387221558e-14 6.7918054014e-14 4.0886663421e-15 4.3805012019e-15
2.9644775391e+02 7.6524510011e-14 6.8030898437e-14 4.0801544205e-15 4.4134571534e-15
2.9650878906e+02 7.6726648094e-14 6.8218325153e-14 4.0946957902e-15 4.4136271501e-15
2.9656982422e+02 7.6663358643e-14 6.8110784519e-14 4.1118418081e-15 4.4407323166e-15
2.9663085938e+02 7.6536068787e-14 6.7947503762e-14 4.1499618967e-15 4.4386031279e-15
2.9669189453e+02 7.6520345207e-14 6.7949516562e-14 4.1481358513e-15 4.4226927933e-15
2.9675292969e+02 7.6475300527e-14 6.7977498503e-14 4.0721930179e-15 4.4256090066e-15
2.9681396484e+02 7.6386694984e-14 6.7891671773e-14 4.1011031712e-15 4.3939200398e-15
2.9687500000e+02 7.6547149381e-14 6.7995846754e-14 4.1364170566e-15 4.4148855701e-15
2.9693603516e+02 7.6467471932e-14 6.8008519469e-14 4.1017099306e-15 4.3572425328e-15
2.9699707031e+02 7.6171646398e-14 6.7707554661e-14 4.1067917233e-15 4.3573000129e-15
2.9705810547e+02 7.6152672822e-14 6.7663045141e-14 4.1022700644e-15 4.3873576164e-15
2.9711914062e+02 7.6306138808e-14 6.7783360000e-14 4.1060509870e-15 4.4167278213e-15
2.9718017578e+02 7.6054048219e-14 6.7545532725e-14 4.1212244043e-15 4.3872910896e-15
2.9724121094e+02 7.6094881540e-14 6.7536602137e-14 4.1306204392e-15 4.4276589640e-15
2.9730224609e+02 7.6301597809e-14 6.7719654010e-14 4.1329322280e-15 4.4490115713e-15
2.9736328125e+02 7.6116441522e-14 6.7540124114e-14 4.1239136516e-15 4.4524037563e-15
2.9742431641e+02 7.6390214606e-14 6.7774748146e-14 4.1728161536e-15 4.4426503059e-15
2.9748535156e+02 7.5957323692e-14 6.7389418154e-14 4.1500415348e-15 4.4178640031e-15
2.9754638672e+02 7.5735205859e-14 6.7241011343e-14 4.1351576477e-15 4.3590368683e-15
2.9760742188e+02 7.5637852397e-14 6.7156746555e-14 4.1292746149e-15 4.3518312265e-15
2.9766845703e+02 7.5638413723e-14 6.7167851912e-14 4.0980109856e-15 4.3725508255e-15
2.9772949219e+02 7.5742012840e-14 6.7243643938e-14 4.1221367883e-15 4.3762321135e-15
2.9779052734e+02 7.6184260211e-14 6.7642998073e-14 4.1365601393e-15 4.4047019990e-15
2.9785156250e+02 7.5993613927e-14 6.7443875179e-14 4.1453024717e-15 4.4044362759e-15
2.9791259766e+02 7.5736946443e-14 6.7183841241e-14 4.1207288719e-15 4.4323763296e-15
2.9797363281e+02 7.5619651496e-14 6.7031904668e-14 4.1503042083e-15 4.4374426197e-15
2.9803466797e+02 7.5414043111e-14 6.6862818415e-14 4.1500340527e-15 4.4011906436e-15
2.9809570312e+02 7.5637479457e-14 6.7100916102e-14 4.1524127194e-15 4.3841506355e-15
2.9815673828e+02 7.5536737412e-14 6.6985990784e-14 4.1736829223e-15 4.3770637062e-15
2.9821777344e+02 7.5689114691e-14 6.7109851303e-14 4.2044122991e-15 4.3748510887e-15
2.9827880859e+02 7.5531988741e-14 6.6989768890e-14 4.1671451093e-15 4.3750747418e-15
2.9833984375e+02 7.5610782578e-14 6.7081444735e-14 4.1380335302e-15 4.3913043134e-15
2.9840087891e+02 7.5373087184e-14 6.6874806957e-14 4.1360208058e-15 4.3622594204e-15
2.9846191406e+02 7.5397911433e-14 6.6858458726e-14 4.1067110963e-15 4.4327416108e-15
2.9852294922e+02 7.5659589246e-14 6.7112814069e-14 4.1238975975e-15 4.4228775798e-15
2.9858398438e+02 7.5596785313e-14 6.7119699263e-14 4.1489997488e-15 4.3280863010e-15
2.9864501953e+02 7.5398953050e-14 6.6998600132e-14 4.1028773632e-15 4.2974755547e-15
2.9870605469e+02 7.5347791019e-14 6.6874185689e-14 4.1409096619e-15 4.3326956684e-15
2.9876708984e+02 7.5079212336e-14 6.6566465786e-14 4.1380064531e-15 4.3747400971e-15
2.9882812500e+02 7.4925783834e-14 6.6440642777e-14 4.1468859645e-15 4.3382550924e-15
2.9888916016e+02 7.4686064750e-14 6.6292557042e-14 4.1500380356e-15 4.2434696718e-15
2.9895019531e+02 7.4758609788e-14 6.6231726805e-14 4.1709280360e-15 4.3559549470e-15
2.9901123047e+02 7.4879996924e-14 6.6408307510e-14 4.1267364391e-15 4.3449529743e-15
2.9907226562e+02 7.4826454619e-14 6.6328604231e-14 4.1422963139e-15 4.3555540736e-15
2.9913330078e+02 7.5000687801e-14 6.6433502607e-14 4.1836894792e-15 4.3834957152e-15
2.9919433594e+02 7.4814318915e-14 6.6291531886e-14 4.1500657122e-15 4.3727213165e-15
2.9925537109e+02 7.4702890279e-14 6.6223615262e-14 4.1282316034e-15 4.3510434142e-15
2.9931640625e+02 7.4690609105e-14 6.6237081359e-14 4.1538589667e-15 4.2996687784e-15
2.9937744141e+02 7.4819524979e-14 6.6267938896e-14 4.1634541294e-15 4.3881319542e-15
2.9943847656e+02 7.4711098295e-14 6.6141230610e-14 4.1418328079e-15 4.4280348765e-15
2.9949951172e+02 7.4959861658e-14 6.6415648931e-14 4.1439887812e-15 4.4002239451e-15
2.9956054688e+02 7.4869542394e-14 6.6405820766e-14 4.1185431550e-15 4.3451784732e-15
2.9962158203e+02 7.4672475099e-14 6.6239146139e-14 4.1329348207e-15 4.3003941385e-15
2.9968261719e+02 7.4556002095e-14 6.6136947646e-14 4.1160546814e-15 4.3029997673e-15
2.9974365234e+02 7.4438042056e-14 6.6062920813e-14 4.0894408997e-15 4.2856803430e-15
2.9980468750e+02 7.4397825037e-14 6.5986223495e-14 4.1079429210e-15 4.3036586213e-15
2.9986572266e+02 7.4518135892e-14 6.6009792259e-14 4.1545309641e-15 4.3538126694e-15
2.9992675781e+02 7.4445376410e-14 6.5966031340e-14 4.1206017850e-15 4.3587432850e-15
2.9998779297e+02 7.4257903645e-14 6.5822692616e-14 4.1167828439e-15 4.3184281860e-15
3.0004882812e+02 7.4149051905e-14 6.5692763797e-14 4.1398717662e-15 4.3164163417e-15
3.0010986328e+02 7.4375835387e-14 6.5908935606e-14 4.1474930800e-15 4.3194067007e-15
3.0017089844e+02 7.4238201592e-14 6.5798889490e-14 4.1259586900e-15 4.3133534115e-15
3.0023193359e+02 7.4113441645e-14 6.5643592437e-14 4.1592588408e-15 4.3105903666e-15
3.0029296875e+02 7.3983713110e-14 6.5548606886e-14 4.1210985362e-15 4.3140076878e-15
3.0035400391e+02 7.4347581241e-14 6.5865990568e-14 4.1440495349e-15 4.3375411385e-15
3.0041503906e+02 7.4177320627e-14 6.5706726098e-14 4.1515663973e-15 4.3190281315e-15
3.0047607422e+02 7.3971446728e-14 6.5541262368e-14 4.1273401906e-15 4.3028441697e-15
3.0053710938e+02 7.3905318954e-14 6.5527873420e-14 4.1314085879e-15 4.2460369464e-15
3.0059814453e+02 7.3973878424e-14 6.5561014023e-14 4.1485983372e-15 4.2642660631e-15
3.0065917969e+02 7.3964692685e-14 6.5539725753e-14 4.1408016696e-15 4.2841652630e-15
3.0072021484e+02 7.3945552439e-14 6.5464681051e-14 4.1796751244e-15 4.3011962641e-15
3.0078125000e+02 7.3852088348e-14 6.5346572781e-14 4.2042748230e-15 4.3012407431e-15
3.0084228516e+02 7.3850524382e-14 6.5415119764e-14 4.1475169649e-15 4.2878876526e-15
3.0090332031e+02 7.3718764987e-14 6.5302755079e-14 4.1443600791e-15 4.2716498293e-15
3.0096435547e+02 7.4064450849e-14 6.5622667569e-14 4.1561280958e-15 4.2856551841e-15
3.0102539062e+02 7.3851285545e-14 6.5384450666e-14 4.1302626857e-15 4.3365721937e-15
3.0108642578e+02 7.3700688398e-14 6.5270675339e-14 4.1186355814e-15 4.3113774772e-15
3.0114746094e+02 7.3762064763e-14 6.5317540253e-14 4.1499742515e-15 4.2945502581e-15
3.0120849609e+02 7.3722329174e-14 6.5295141996e-14 4.1679515748e-15 4.2592356035e-15
3.0126953125e+02 7.3454926228e-14 6.5059234948e-14 4.1490085982e-15 4.2466826816e-15
3.0133056641e+02 7.3645959224e-14 6.5260553623e-14 4.1171153987e-15 4.2682902014e-15
3.0139160156e+02 7.3544546688e-14 6.5195574855e-14 4.0865408140e-15 4.2624310193e-15
3.0145263672e+02 7.3488290385e-14 6.5140184663e-14 4.1097153397e-15 4.2383903825e-15
3.0151367188e+02 7.3631598141e-14 6.5258783470e-14 4.1165016371e-15 4.2563130336e-15
3.0157470703e+02 7.3344229783e-14 6.4913191156e-14 4.1090477710e-15 4.3219908559e-15
3.0163574219e+02 7.3375172482e-14 6.4927774212e-14 4.1354114924e-15 4.3119867774e-15
3.0169677734e+02 7.3230207136e-14 6.4873067366e-14 4.1352441469e-15 4.2218956232e-15
3.0175781250e+02 7.3246766420e-14 6.4919139456e-14 4.1039565618e-15 4.2236704023e-15
3.0181884766e+02 7.3204527975e-14 6.4833129119e-14 4.1344974270e-15 4.2369014289e-15
3.0187988281e+02 7.3332743999e-14 6.4962766251e-14 4.1314774714e-15 4.2385002762e-15
3.0194091797e+02 7.3562427219e-14 6.5138641979e-14 4.1371300910e-15 4.2866551494e-15
3.0200195312e+02 7.3302243190e-14 6.4923090108e-14 4.1236982194e-15 4.2554548625e-15
3.0206298828e+02 7.3295481103e-14 6.4902863317e-14 4.1318431841e-15 4.2607746024e-15
3.0212402344e+02 7.3307106174e-14 6.4957521788e-14 4.1047159728e-15 4.2448684129e-15
3.0218505859e+02 7.3303373274e-14 6.4948458322e-14 4.1289266389e-15 4.2259883134e-15
3.0224609375e+02 7.2961409810e-14 6.4644308029e-14 4.1183861725e-15 4.1987156078e-15
3.0230712891e+02 7.3157997237e-14 6.4828594715e-14 4.0902919751e-15 4.2391105462e-15
3.0236816406e+02 7.3058407915e-14 6.4695400514e-14 4.0989503226e-15 4.2640570792e-15
3.0242919922e+02 7.2921953825e-14 6.4561413715e-14 4.1048651965e-15 4.2556749128e-15
3.0249023438e+02 7.2790896526e-14 6.4388274566e-14 4.1255228331e-15 4.2770991267e-15
3.0255126953e+02 7.2717020648e-14 6.4359620649e-14 4.1290664798e-15 4.2283335196e-15
3.0261230469e+02 7.2880551042e-14 6.4544135312e-14 4.1443944580e-15 4.1920212721e-15
3.0267333984e+02 7.2845108941e-14 6.4489340034e-14 4.1304340054e-15 4.2253349016e-15
3.0273437500e+02 7.2735340075e-14 6.4351257962e-14 4.1157633035e-15 4.2683188086e-15
3.0279541016e+02 7.2792543997e-14 6.4406711441e-14 4.1401160584e-15 4.2457164970e-15
3.0285644531e+02 7.2606600394e-14 6.4228666681e-14 4.1494256381e-15 4.2285080753e-15
3.0291748047e+02 7.2648908099e-14 6.4294402134e-14 4.1023022527e-15 4.2522037128e-15
3.0297851562e+02 7.2540948365e-14 6.4225311169e-14 4.1174046676e-15 4.1982325280e-15
3.0303955078e+02 7.2673725755e-14 6.4295559821e-14 4.1592132915e-15 4.2189526423e-15
3.0310058594e+02 7.2709026832e-14 6.4288126861e-14 4.1867588881e-15 4.2341410829e-15
3.0316162109e+02 7.2621852457e-14 6.4318122471e-14 4.1122654475e-15 4.1914645386e-15
3.0322265625e+02 7.2672734790e-14 6.4361928258e-14 4.1221797082e-15 4.1886268240e-15
3.0328369141e+02 7.2694172367e-14 6.4358348717e-14 4.1203345840e-15 4.2154890663e-15
3.0334472656e+02 7.2452581960e-14 6.4080169728e-14 4.1057665608e-15 4.2666456711e-15
3.0340576172e+02 7.2414455669e-14 6.4018030137e-14 4.1446648345e-15 4.2517606982e-15
3.0346679688e+02 7.2386227384e-14 6.4040888758e-14 4.1056187196e-15 4.2397199063e-15
3.0352783203e+02 7.2283255503e-14 6.3993341005e-14 4.1146381786e-15 4.1752763202e-15
3.0358886719e+02 7.2254553516e-14 6.3998882478e-14 4.0972277839e-15 4.1584432544e-15
3.0364990234e+02 7.2344451992e-14 6.4048138089e-14 4.0940008831e-15 4.2023130200e-15
3.0371093750e+02 7.2543261693e-14 6.4191143088e-14 4.1275466273e-15 4.2245719784e-15
3.0377197266e+02 7.2325091618e-14 6.4022517546e-14 4.1087350022e-15 4.1938390698e-15
3.0383300781e+02 7.2227318224e-14 6.3923842095e-14 4.1249470758e-15 4.1785290529e-15
3.0389404297e+02 7.2003012576e-14 6.3683931688e-14 4.1089503912e-15 4.2101304969e-15
3.0395507812e+02 7.1735769456e-14 6.3492137914e-14 4.0560350522e-15 4.1875964904e-15
3.0401611328e+02 7.1870522116e-14 6.3642216716e-14 4.0479865050e-15 4.1803188946e-15
3.0407714844e+02 7.1843497602e-14 6.3587260646e-14 4.0552333760e-15 4.2010035796e-15
3.0413818359e+02 7.1715986816e-14 6.3435671244e-14 4.0955108047e-15 4.1848047675e-15
3.0419921875e+02 7.1837841472e-14 6.3552672240e-14 4.0900909818e-15 4.1950782496e-15
3.0426025391e+02 7.1786727449e-14 6.3514634473e-14 4.0737029197e-15 4.1983900563e-15
3.0432128906e+02 7.1713557149e-14 6.3390280140e-14 4.0884345963e-15 4.2348424122e-15
3.0438232422e+02 7.1821461647e-14 6.3482714085e-14 4.1029106396e-15 4.2358369224e-15
3.0444335938e+02 7.1824294569e-14 6.3493231876e-14 4.1091123960e-15 4.2219502965e-15
3.0450439453e+02 7.1880660361e-14 6.3533926948e-14 4.1348886784e-15 4.2118447347e-15
3.0456542969e+02 7.1693120735e-14 6.3341220491e-14 4.1732635326e-15 4.1786367112e-15
3.0462646484e+02 7.1588294617e-14 6.3244869591e-14 4.1639860439e-15 4.1794389822e-15
3.0468750000e+02 7.1551506503e-14 6.3238278748e-14 4.1093021197e-15 4.2039256353e-15
3.0474853516e+02 7.1595876116e-14 6.3261544981e-14 4.1199830826e-15 4.2143480521e-15
3.0480957031e+02 7.1581924791e-14 6.3233214067e-14 4.1407493791e-15 4.2079613452e-15
3.0487060547e+02 7.1543158892e-14 6.3212844379e-14 4.1337991998e-15 4.1965153133e-15
3.0493164062e+02 7.1551323061e-14 6.3233980393e-14 4.1152991112e-15 4.2020435564e-15
3.0499267578e+02 7.1309823063e-14 6.3040419972e-14 4.0805271957e-15 4.1888758948e-15
3.0505371094e+02 7.1493030605e-14 6.3167565409e-14 4.1116054757e-15 4.2138597206e-15
3.0511474609e+02 7.1358389186e-14 6.3102798871e-14 4.0677614341e-15 4.1878288811e-15
3.0517578125e+02 7.1214098971e-14 6.2906082746e-14 4.1033392101e-15 4.2046770154e-15
3.0523681641e+02 7.1179559098e-14 6.2859079887e-14 4.1373803731e-15 4.1830988382e-15
3.0529785156e+02 7.1002501718e-14 6.2745186502e-14 4.1061275860e-15 4.1511876300e-15
3.0535888672e+02 7.1001831112e-14 6.2696449133e-14 4.0992152717e-15 4.2061667081e-15
3.0541992188e+02 7.1051853682e-14 6.2717732081e-14 4.0970430110e-15 4.2370785905e-15
3.0548095703e+02 7.1018332571e-14 6.2717726997e-14 4.0979401612e-15 4.2026654129e-15
3.0554199219e+02 7.0917808593e-14 6.2611301086e-14 4.1279458624e-15 4.1785616443e-15
3.0560302734e+02 7.1179543859e-14 6.2926386095e-14 4.1182301959e-15 4.1349275676e-15
3.0566406250e+02 7.1252082636e-14 6.2940156874e-14 4.1594024410e-15 4.1525233208e-15
3.0572509766e+02 7.0977930463e-14 6.2639375254e-14 4.1320065174e-15 4.2065486913e-15
3.0578613281e+02 7.1010766861e-14 6.2709182747e-14 4.1021689966e-15 4.1994151173e-15
3.0584716797e+02 7.0713233733e-14 6.2472914121e-14 4.0669687401e-15 4.1733508716e-15
3.0590820312e+02 7.1000582972e-14 6.2765029649e-14 4.0838755503e-15 4.1516777722e-15
3.0596923828e+02 7.0834562177e-14 6.2589618861e-14 4.0954885254e-15 4.1494547905e-15
3.0603027344e+02 7.0952269636e-14 6.2639607338e-14 4.1372961669e-15 4.1753661310e-15
3.0609130859e+02 7.0989412216e-14 6.2673919109e-14 4.1547117213e-15 4.1607813858e-15
3.0615234375e+02 7.0699146653e-14 6.2422250410e-14 4.1334852423e-15 4.1434110009e-15
3.0621337891e+02 7.0702218336e-14 6.2404868059e-14 4.1320646724e-15 4.1652856051e-15
3.0627441406e+02 7.0602797427e-14 6.2319810728e-14 4.1225361871e-15 4.1604505117e-15
3.0633544922e+02 7.0714017220e-14 6.2472849779e-14 4.0968687525e-15 4.1442986891e-15
3.0639648438e+02 7.0569164414e-14 6.2321539884e-14 4.0860283784e-15 4.1615961515e-15
3.0645751953e+02 7.0465462405e-14 6.2263480837e-14 4.0878852643e-15 4.1140963034e-15
3.0651855469e+02 7.0545160974e-14 6.2391204504e-14 4.0764851113e-15 4.0774713588e-15
3.0657958984e+02 7.0586098676e-14 6.2322622689e-14 4.1361653751e-15 4.1273106117e-15
3.0664062500e+02 7.0570285653e-14 6.2303056877e-14 4.1180365553e-15 4.1491922207e-15
3.0670166016e+02 7.0325289106e-14 6.2065481905e-14 4.0940501658e-15 4.1657570353e-15
3.0676269531e+02 7.0429851925e-14 6.2154922255e-14 4.1124465427e-15 4.1624831272e-15
3.0682373047e+02 7.0287452060e-14 6.2020430700e-14 4.1181548807e-15 4.1488664793e-15
3.0688476562e+02 7.0502316574e-14 6.2209773858e-14 4.0993008967e-15 4.1932418194e-15
3.0694580078e+02 7.0325182670e-14 6.2021647274e-14 4.1106038408e-15 4.1929315558e-15
3.0700683594e+02 7.0510689543e-14 6.2209727347e-14 4.1286221687e-15 4.1723400275e-15
3.0706787109e+02 7.0531513113e-14 6.2250983221e-14 4.1318890314e-15 4.1486408607e-15
3.0712890625e+02 7.0257887047e-14 6.2034997624e-14 4.1039888895e-15 4.1189005332e-15
3.0718994141e+02 7.0250868622e-14 6.1999542775e-14 4.1333111213e-15 4.1180147260e-15
3.0725097656e+02 7.0217394953e-14 6.1960633643e-14 4.1337407939e-15 4.1230205159e-15
3.0731201172e+02 7.0035828712e-14 6.1806272806e-14 4.0889144539e-15 4.1406414524e-15
3.0737304688e+02 7.0061961581e-14 6.1826270884e-14 4.0988423747e-15 4.1368483225e-15
3.0743408203e+02 7.0045604469e-14 6.1799434328e-14 4.0977641209e-15 4.1484060199e-15
3.0749511719e+02 7.0027612664e-14 6.1770570217e-14 4.0813885700e-15 4.1756538772e-15
3.0755615234e+02 7.0030044548e-14 6.1737866257e-14 4.1179310149e-15 4.1742472755e-15
3.0761718750e+02 6.9904930296e-14 6.1667969685e-14 4.1093989549e-15 4.1275616568e-15
3.0767822266e+02 6.9945377160e-14 6.1757859194e-14 4.1177774247e-15 4.0697405420e-15
3.0773925781e+02 7.0123312529e-14 6.1908554898e-14 4.1073542176e-15 4.1074034136e-15
3.0780029297e+02 6.9927450389e-14 6.1680489278e-14 4.0876283878e-15 4.1593327233e-15
3.0786132812e+02 7.0216791244e-14 6.1966385706e-14 4.1274724853e-15 4.1229330521e-15
3.0792236328e+02 6.9723928944e-14 6.1495849343e-14 4.1096767830e-15 4.1184028180e-15
3.0798339844e+02 6.9883164443e-14 6.1667519445e-14 4.1066058032e-15 4.1090391946e-15
3.0804443359e+02 6.9995470986e-14 6.1749053066e-14 4.0983603532e-15 4.1480575673e-15
3.0810546875e+02 6.9801607711e-14 6.1573762106e-14 4.1018828376e-15 4.1259627672e-15
3.0816650391e+02 6.9521627538e-14 6.1319915067e-14 4.0628050924e-15 4.1389073789e-15
3.0822753906e+02 6.9595560406e-14 6.1400956243e-14 4.0867586738e-15 4.1078454892e-15
3.0828857422e+02 6.9586823763e-14 6.1408234534e-14 4.1275777966e-15 4.0510114316e-15
3.0834960938e+02 6.9774793663e-14 6.1610828289e-14 4.1231005292e-15 4.0408648449e-15
3.0841064453e+02 6.9751913003e-14 6.1537817710e-14 4.1153839826e-15 4.0987113104e-15
3.0847167969e+02 6.9616137300e-14 6.1385685127e-14 4.1363281734e-15 4.0941239996e-15
3.0853271484e+02 6.9410197059e-14 6.1216359946e-14 4.1010675357e-15 4.0927695771e-15
3.0859375000e+02 6.9545757284e-14 6.1362268085e-14 4.0632259184e-15 4.1202632806e-15
3.0865478516e+02 6.9663514795e-14 6.1419041445e-14 4.0974842078e-15 4.1469891423e-15
3.0871582031e+02 6.9195345380e-14 6.0998114478e-14 4.1049065940e-15 4.0923243085e-15
3.0877685547e+02 6.9193437857e-14 6.0950365154e-14 4.1375741936e-15 4.1054985097e-15
3.0883789062e+02 6.9356084156e-14 6.1084384259e-14 4.1631300303e-15 4.1085698667e-15
3.0889892578e+02 6.9281093831e-14 6.1006655470e-14 4.1402651962e-15 4.1341731644e-15
3.0895996094e+02 6.9489505822e-14 6.1202226777e-14 4.1564558239e-15 4.1308232207e-15
3.0902099609e+02 6.9460432382e-14 6.1216736811e-14 4.1418458074e-15 4.1018497637e-15
3.0908203125e+02 6.9469516528e-14 6.1227368752e-14 4.1252088316e-15 4.1169389450e-15
3.0914306641e+02 6.9295047361e-14 6.1116256003e-14 4.1120958617e-15 4.0666954964e-15
3.0920410156e+02 6.9306778414e-14 6.1129055039e-14 4.0834349100e-15 4.0942884648e-15
3.0926513672e+02 6.9414408227e-14 6.1183865984e-14 4.1030248079e-15 4.1275174355e-15
3.0932617188e+02 6.9301630354e-14 6.1012858122e-14 4.1252798684e-15 4.1634923632e-15
3.0938720703e+02 6.9206460150e-14 6.0956171600e-14 4.1176222042e-15 4.1326663451e-15
3.0944824219e+02 6.9259785171e-14 6.1046339780e-14 4.1102003454e-15 4.1032450462e-15
3.0950927734e+02 6.9199426284e-14 6.1035749236e-14 4.0669348223e-15 4.0967422251e-15
3.0957031250e+02 6.9175957433e-14 6.1036091397e-14 4.0762956102e-15 4.0635704257e-15
3.0963134766e+02 6.9087384525e-14 6.0880133471e-14 4.1112611007e-15 4.0959899528e-15
3.0969238281e+02 6.9046981582e-14 6.0821171312e-14 4.1132974622e-15 4.1125128072e-15
3.0975341797e+02 6.9018339583e-14 6.0795422285e-14 4.1173215355e-15 4.1055957620e-15
3.0981445312e+02 6.9149977411e-14 6.0960015184e-14 4.0936089292e-15 4.0963532978e-15
3.0987548828e+02 6.9046569437e-14 6.0871795420e-14 4.1001040551e-15 4.0746699625e-15
3.0993652344e+02 6.8587386532e-14 6.0413741420e-14 4.1089929434e-15 4.0646521690e-15
3.0999755859e+02 6.8635798398e-14 6.0430734186e-14 4.0852128504e-15 4.1198513616e-15
3.1005859375e+02 6.8833569726e-14 6.0578434086e-14 4.1322915161e-15 4.1228441232e-15
3.1011962891e+02 6.8745558676e-14 6.0526096676e-14 4.0955012113e-15 4.1239607887e-15
3.1018066406e+02 6.8787149261e-14 6.0595413513e-14 4.0790791788e-15 4.1126565689e-15
3.1024169922e+02 6.8961550635e-14 6.0782960940e-14 4.1063814294e-15 4.0722082656e-15
3.1030273438e+02 6.8668262624e-14 6.0516138315e-14 4.1197336132e-15 4.0323906955e-15
3.1036376953e+02 6.8631015939e-14 6.0454738291e-14 4.1087934318e-15 4.0674842165e-15
3.1042480469e+02 6.8537668117e-14 6.0315354599e-14 4.0861355334e-15 4.1361779843e-15
3.1048583984e+02 6.8509052882e-14 6.0279805640e-14 4.0688692209e-15 4.1603780215e-15
3.1054687500e+02 6.8492721511e-14 6.0282400083e-14 4.0950972955e-15 4.1152241328e-15
3.1060791016e+02 6.8536240931e-14 6.0337957799e-14 4.1047262073e-15 4.0935569253e-15
3.1066894531e+02 6.8561418791e-14 6.0392781850e-14 4.0848234948e-15 4.0838134461e-15
3.1072998047e+02 6.8695994812e-14 6.0544292629e-14 4.1068451828e-15 4.0448570001e-15
3.1079101562e+02 6.8433519488e-14 6.0264690057e-14 4.1247633472e-15 4.0440660838e-15
3.1085205078e+02 6.8470657988e-14 6.0237140624e-14 4.1136808881e-15 4.1198364763e-15
3.1091308594e+02 6.8325633856e-14 6.0092484561e-14 4.1195925443e-15 4.1135567508e-15
3.1097412109e+02 6.8313656888e-14 6.0115895750e-14 4.0714365317e-15 4.1263246062e-15
3.1103515625e+02 6.8375137912e-14 6.0154951534e-14 4.1045267762e-15 4.1156596019e-15
3.1109619141e+02 6.8140322663e-14 5.9907658558e-14 4.1454298385e-15 4.0872342657e-15
3.1115722656e+02 6.8375698058e-14 6.0176736999e-14 4.1284479694e-15 4.0705130904e-15
3.1121826172e+02 6.8369453775e-14 6.0137921724e-14 4.1448722270e-15 4.0866598243e-15
3.1127929688e+02 6.8291722835e-14 6.0041318829e-14 4.1495500159e-15 4.1008539902e-15
3.1134033203e+02 6.8187070514e-14 5.9935055540e-14 4.1610242407e-15 4.0909907332e-15
3.1140136719e+02 6.8254348537e-14 6.0058367734e-14 4.1321769053e-15 4.0638038981e-15
3.1146240234e+02 6.8163462351e-14 6.0037076228e-14 4.0906558835e-15 4.0357302395e-15
3.1152343750e+02 6.8410107936e-14 6.0294094112e-14 4.0730180089e-15 4.0429958154e-15
3.1158447266e+02 6.8145710611e-14 5.9975425372e-14 4.1240661696e-15 4.0462190687e-15
3.1164550781e+02 6.8198054715e-14 5.9932249127e-14 4.1498130993e-15 4.1159924890e-15
3.1170654297e+02 6.8175955998e-14 5.9944359833e-14 4.1440357270e-15 4.0875604382e-15
3.1176757812e+02 6.7896408971e-14 5.9693218927e-14 4.1285792642e-15 4.0746107799e-15
3.1182861328e+02 6.8028840089e-14 5.9832119861e-14 4.1310746755e-15 4.0656455525e-15
3.1188964844e+02 6.7786401187e-14 5.9631278054e-14 4.1034815112e-15 4.0516416219e-15
3.1195068359e+02 6.7727346435e-14 5.9579199938e-14 4.0842832983e-15 4.0638631979e-15
3.1201171875e+02 6.7893087298e-14 5.9719518936e-14 4.1160664586e-15 4.0575019032e-15
3.1207275391e+02 6.7756111824e-14 5.9525662045e-14 4.1408539190e-15 4.0895958595e-15
3.1213378906e+02 6.7672429903e-14 5.9460253425e-14 4.1220797112e-15 4.0900967671e-15
3.1219482422e+02 6.7555122279e-14 5.9345655336e-14 4.1226782026e-15 4.0867887410e-15
3.1225585938e+02 6.7695132868e-14 5.9563328530e-14 4.1183794971e-15 4.0134248416e-15
3.1231689453e+02 6.7596784207e-14 5.9457407017e-14 4.1073221529e-15 4.0320550370e-15
3.1237792969e+02 6.7690005115e-14 5.9501470942e-14 4.0999150709e-15 4.0886191025e-15
3.1243896484e+02 6.7717149074e-14 5.9534834201e-14 4.1107106319e-15 4.0716042418e-15
3.1250000000e+02 6.7850111695e-14 5.9635765207e-14 4.1252625132e-15 4.0890839751e-15
3.1256103516e+02 6.7786064476e-14 5.9521071425e-14 4.1688839422e-15 4.0961091087e-15
3.1262207031e+02 6.7543348612e-14 5.9323091084e-14 4.1241615368e-15 4.0960959911e-15
3.1268310547e+02 6.7496970033e-14 5.9350811148e-14 4.0577774105e-15 4.0883814743e-15
3.1274414062e+02 6.7354576864e-14 5.9238203513e-14 4.0740034803e-15 4.0423698712e-15
3.1280517578e+02 6.7315106774e-14 5.9185925773e-14 4.0747598628e-15 4.0544211376e-15
3.1286621094e+02 6.7401483312e-14 5.9192822876e-14 4.1110344269e-15 4.0976260099e-15
3.1292724609e+02 6.7656505477e-14 5.9425905739e-14 4.1373748162e-15 4.0932249215e-15
3.1298828125e+02 6.7329537596e-14 5.9148894163e-14 4.1111194868e-15 4.0695239456e-15
3.1304931641e+02 6.7026145900e-14 5.8823034677e-14 4.1189449708e-15 4.0841662527e-15
3.1311035156e+02 6.7158103722e-14 5.9025784833e-14 4.1042729990e-15 4.0280458894e-15
3.1317138672e+02 6.7035538029e-14 5.8892921261e-14 4.1001730487e-15 4.0424437192e-15
3.1323242188e+02 6.7106564676e-14 5.8988550246e-14 4.0747093999e-15 4.0433050298e-15
3.1329345703e+02 6.7410602048e-14 5.9261443567e-14 4.1113744860e-15 4.0377839946e-15
3.1335449219e+02 6.7319249193e-14 5.9172700799e-14 4.1475912534e-15 3.9989571406e-15
3.1341552734e+02 6.7276642265e-14 5.9116409701e-14 4.1404727065e-15 4.0197598571e-15
3.1347656250e+02 6.7129810552e-14 5.9013282490e-14 4.0950683551e-15 4.0214597075e-15
3.1353759766e+02 6.6903521191e-14 5.8751020321e-14 4.1083395163e-15 4.0441613536e-15
3.1359863281e+02 6.7119679900e-14 5.8900148714e-14 4.1385673233e-15 4.0809638631e-15
3.1365966797e+02 6.7163589585e-14 5.8978571098e-14 4.1469998983e-15 4.0380185887e-15
3.1372070312e+02 6.7175196986e-14 5.8990787688e-14 4.1322887495e-15 4.0521205482e-15
3.1378173828e+02 6.6999490778e-14 5.8799442554e-14 4.1076277984e-15 4.0924204255e-15
3.1384277344e+02 6.6677727215e-14 5.8568301042e-14 4.0650213861e-15 4.0444047866e-15
3.1390380859e+02 6.6968283832e-14 5.8813114252e-14 4.1026502221e-15 4.0525193577e-15
3.1396484375e+02 6.6782756396e-14 5.8644459119e-14 4.1006346087e-15 4.0376626690e-15
3.1402587891e+02 6.6745751575e-14 5.8606317805e-14 4.1088320256e-15 4.0306017441e-15
3.1408691406e+02 6.6920179439e-14 5.8749781030e-14 4.1095276287e-15 4.0608707811e-15
3.1414794922e+02 6.6982194322e-14 5.8792354329e-14 4.1351202372e-15 4.0547197558e-15
3.1420898438e+02 6.6830364220e-14 5.8719436319e-14 4.0827147151e-15 4.0282131864e-15
3.1427001953e+02 6.6799056965e-14 5.8643896701e-14 4.0871990732e-15 4.0679611905e-15
3.1433105469e+02 6.6954888281e-14 5.8751578054e-14 4.1390527958e-15 4.0642574312e-15
3.1439208984e+02 6.6792361330e-14 5.8628618398e-14 4.1429767328e-15 4.0207661994e-15
3.1445312500e+02 6.6587829522e-14 5.8505184785e-14 4.0789557189e-15 4.0036890174e-15
3.1451416016e+02 6.6658540837e-14 5.8582968124e-14 4.0653025110e-15 4.0102702028e-15
3.1457519531e+02 6.6590534537e-14 5.8437507237e-14 4.1096450243e-15 4.0433822754e-15
3.1463623047e+02 6.6604923293e-14 5.8469904718e-14 4.1074269156e-15 4.0275916600e-15
3.1469726562e+02 6.6456849323e-14 5.8364575931e-14 4.0803746482e-15 4.0118987437e-15
3.1475830078e+02 6.6444488993e-14 5.8369377449e-14 4.0523482606e-15 4.0227632842e-15
3.1481933594e+02 6.6263471415e-14 5.8209531843e-14 4.0730303301e-15 3.9809092422e-15
3.1488037109e+02 6.6340945539e-14 5.8277729691e-14 4.0800331238e-15 3.9831827242e-15
3.1494140625e+02 6.6335906818e-14 5.8273319707e-14 4.0849212609e-15 3.9776658502e-15
3.1500244141e+02 6.6544302344e-14 5.8399109069e-14 4.1374171183e-15 4.0077761567e-15
3.1506347656e+02 6.6192889725e-14 5.8055701255e-14 4.1226193194e-15 4.0145691506e-15
3.1512451172e+02 6.6180618521e-14 5.8032176551e-14 4.0923890245e-15 4.0560529454e-15
3.1518554688e+02 6.6183862091e-14 5.8062539032e-14 4.1049783619e-15 4.0163446970e-15
3.1524658203e+02 6.6358299492e-14 5.8280176165e-14 4.0943572609e-15 3.9837660666e-15
3.1530761719e+02 6.6237675657e-14 5.8202649335e-14 4.0563757413e-15 3.9786505809e-15
3.1536865234e+02 6.6287400063e-14 5.8215475729e-14 4.0827430615e-15 3.9891812727e-15
3.1542968750e+02 6.6413744212e-14 5.8305634562e-14 4.0629705363e-15 4.0451391140e-15
3.1549072266e+02 6.6180834908e-14 5.8065711591e-14 4.0993377630e-15 4.0157855537e-15
3.1555175781e+02 6.6290830147e-14 5.8156456793e-14 4.1101061322e-15 4.0242672223e-15
3.1561279297e+02 6.6125199925e-14 5.7966934181e-14 4.1096662320e-15 4.0485995126e-15
3.1567382812e+02 6.6052994584e-14 5.7951470668e-14 4.0993751979e-15 4.0021487181e-15
3.1573486328e+02 6.6230128128e-14 5.8098095098e-14 4.0750290436e-15 4.0570039868e-15
3.1579589844e+02 6.5999962370e-14 5.7868736485e-14 4.1109690277e-15 4.0202568574e-15
3.1585693359e+02 6.5931608124e-14 5.7758124015e-14 4.1381287966e-15 4.0353553126e-15
3.1591796875e+02 6.6052047702e-14 5.7878018527e-14 4.1136827612e-15 4.0603464141e-15
3.1597900391e+02 6.6038028801e-14 5.7895984702e-14 4.1243318783e-15 4.0177122210e-15
3.1604003906e+02 6.5941130627e-14 5.7842497236e-14 4.1299671112e-15 3.9686662801e-15
3.1610107422e+02 6.5932681663e-14 5.7763707979e-14 4.1584231743e-15 4.0105505104e-15
3.1616210938e+02 6.5895788497e-14 5.7708601229e-14 4.1889268389e-15 3.9982604288e-15
3.1622314453e+02 6.5610576670e-14 5.7456234095e-14 4.1321903136e-15 4.0221522612e-15
3.1628417969e+02 6.5569808122e-14 5.7439363589e-14 4.0979210282e-15 4.0325235055e-15
3.1634521484e+02 6.5809277044e-14 5.7693075928e-14 4.1128477194e-15 4.0033533973e-15
3.1640625000e+02 6.5780351139e-14 5.7669203177e-14 4.0794147261e-15 4.0317332353e-15
3.1646728516e+02 6.5814108969e-14 5.7785286342e-14 4.0383469920e-15 3.9904756348e-15
3.1652832031e+02 6.5753175877e-14 5.7696873733e-14 4.0535778173e-15 4.0027243260e-15
3.1658935547e+02 6.5843292941e-14 5.7788182464e-14 4.0862423457e-15 3.9688681307e-15
3.1665039062e+02 6.5668465886e-14 5.7548406758e-14 4.1321179309e-15 3.9879411965e-15
3.1671142578e+02 6.5730104166e-14 5.7618069055e-14 4.1087488901e-15 4.0032862208e-15
3.1677246094e+02 6.5641425045e-14 5.7507692513e-14 4.1490183482e-15 3.9847141834e-15
3.1683349609e+02 6.5610895418e-14 5.7483570560e-14 4.1059991703e-15 4.0213256876e-15
3.1689453125e+02 6.5411253257e-14 5.7293389788e-14 4.1131794423e-15 4.0046840270e-15
3.1695556641e+02 6.5645247457e-14 5.7542627932e-14 4.1133086337e-15 3.9893108919e-15
3.1701660156e+02 6.5532517219e-14 5.7384395350e-14 4.1351238813e-15 4.0129979879e-15
3.1707763672e+02 6.5501604557e-14 5.7356072080e-14 4.1148229514e-15 4.0307095264e-15
3.1713867188e+02 6.5557062415e-14 5.7503361972e-14 4.0758411754e-15 3.9778592676e-15
3.1719970703e+02 6.5498329691e-14 5.7389890986e-14 4.0801680490e-15 4.0282706561e-15
3.1726074219e+02 6.5567946083e-14 5.7436664778e-14 4.0999745841e-15 4.0313067208e-15
3.1732177734e+02 6.5516502541e-14 5.7431431377e-14 4.0980940087e-15 3.9869771551e-15
3.1738281250e+02 6.5465156973e-14 5.7330385790e-14 4.1056710835e-15 4.0291001003e-15
3.1744384766e+02 6.5209894980e-14 5.7039670946e-14 4.1283427115e-15 4.0418813229e-15
3.1750488281e+02 6.5190167108e-14 5.7057351541e-14 4.1086804434e-15 4.0241351227e-15
3.1756591797e+02 6.5054836228e-14 5.6968433401e-14 4.0803767522e-15 4.0060260748e-15
3.1762695312e+02 6.5406255318e-14 5.7265812028e-14 4.1027999248e-15 4.0376433653e-15
3.1768798828e+02 6.5430408439e-14 5.7245594117e-14 4.1452434169e-15 4.0395709050e-15
3.1774902344e+02 6.5482197788e-14 5.7327658724e-14 4.1192545317e-15 4.0352845319e-15
3.1781005859e+02 6.5385462193e-14 5.7272773212e-14 4.1097166885e-15 4.0029722921e-15
3.1787109375e+02 6.5127054786e-14 5.7029040142e-14 4.0997416393e-15 3.9982730043e-15
3.1793212891e+02 6.4991306967e-14 5.6866196482e-14 4.1026586644e-15 4.0224518206e-15
3.1799316406e+02 6.5104308063e-14 5.6961993713e-14 4.1242834507e-15 4.0180308989e-15
3.1805419922e+02 6.5072879836e-14 5.6873552438e-14 4.1509844445e-15 4.0483429539e-15
3.1811523438e+02 6.5107270676e-14 5.6969859738e-14 4.1190394496e-15 4.0183714887e-15
3.1817626953e+02 6.5018836659e-14 5.6894065325e-14 4.1102210431e-15 4.0145502913e-15
3.1823730469e+02 6.5223898090e-14 5.7050680650e-14 4.1310605011e-15 4.0421569384e-15
3.1829833984e+02 6.4895927360e-14 5.6771465012e-14 4.1132612192e-15 4.0112011292e-15
3.1835937500e+02 6.4841006324e-14 5.6744750540e-14 4.0888907731e-15 4.0073650108e-15
3.1842041016e+02 6.4731488651e-14 5.6634950211e-14 4.1018978970e-15 3.9946405428e-15
3.1848144531e+02 6.4811730611e-14 5.6712324365e-14 4.0871756265e-15 4.0122306198e-15
3.1854248047e+02 6.4683760987e-14 5.6597106385e-14 4.1009836354e-15 3.9856709666e-15
3.1860351562e+02 6.4533456615e-14 5.6489007293e-14 4.0878086611e-15 3.9566406613e-15
3.1866455078e+02 6.4713637659e-14 5.6625956016e-14 4.0626717257e-15 4.0250099175e-15
3.1872558594e+02 6.4708752340e-14 5.6580849241e-14 4.0909492679e-15 4.0369538313e-15
3.1878662109e+02 6.4985438035e-14 5.6876954049e-14 4.1239710563e-15 3.9845129297e-15
3.1884765625e+02 6.4787638192e-14 5.6707293993e-14 4.1080218715e-15 3.9723223276e-15
3.1890869141e+02 6.4768367391e-14 5.6697744718e-14 4.0759776881e-15 3.9946449854e-15
3.1896972656e+02 6.4775320205e-14 5.6642530966e-14 4.1103358558e-15 4.0224533828e-15
3.1903076172e+02 6.4915796726e-14 5.6738771111e-14 4.1353730185e-15 4.0416525972e-15
3.1909179688e+02 6.4727153324e-14 5.6641124914e-14 4.1008744313e-15 3.9851539790e-15
3.1915283203e+02 6.4515726452e-14 5.6480435811e-14 4.0576446389e-15 3.9776460015e-15
3.1921386719e+02 6.4595122579e-14 5.6562506297e-14 4.0284919246e-15 4.0041243569e-15
3.1927490234e+02 6.4469071732e-14 5.6383785340e-14 4.0773732168e-15 4.0079131752e-15
3.1933593750e+02 6.4290445614e-14 5.6226984045e-14 4.0826984423e-15 3.9807631276e-15
3.1939697266e+02 6.4399336439e-14 5.6377923614e-14 4.0354369255e-15 3.9859759002e-15
3.1945800781e+02 6.4406024994e-14 5.6429438784e-14 4.0212569128e-15 3.9553292964e-15
3.1951904297e+02 6.4557784348e-14 5.6517923636e-14 4.0646052030e-15 3.9752555082e-15
3.1958007812e+02 6.4447067347e-14 5.6369987766e-14 4.0900043833e-15 3.9870751977e-15
3.1964111328e+02 6.4365466772e-14 5.6289729066e-14 4.0877308214e-15 3.9880068846e-15
3.1970214844e+02 6.4243921200e-14 5.6180552329e-14 4.0840878233e-15 3.9792810486e-15
3.1976318359e+02 6.4200421245e-14 5.6048560126e-14 4.0951840421e-15 4.0566770768e-15
3.1982421875e+02 6.4251681870e-14 5.6118290367e-14 4.1078886500e-15 4.0255028528e-15
3.1988525391e+02 6.4130990934e-14 5.6058722133e-14 4.1063047602e-15 3.9659640403e-15
3.1994628906e+02 6.4008521186e-14 5.5982054275e-14 4.0720171960e-15 3.9544497158e-15
3.2000732422e+02 6.4156022339e-14 5.6082818494e-14 4.0935262363e-15 3.9796776087e-15
3.2006835938e+02 6.4264307893e-14 5.6212787330e-14 4.0506228042e-15 4.0008977585e-15
3.2012939453e+02 6.4106599082e-14 5.6045544404e-14 4.0771664138e-15 3.9838882635e-15
3.2019042969e+02 6.4156774626e-14 5.6095334542e-14 4.0784783813e-15 3.9829617027e-15
3.2025146484e+02 6.3944494694e-14 5.5868033236e-14 4.0895713550e-15 3.9868901032e-15
3.2031250000e+02 6.3701889394e-14 5.5624837071e-14 4.1112356670e-15 3.9658166562e-15
3.2037353516e+02 6.3852450752e-14 5.5776948225e-14 4.1015640402e-15 3.9739384865e-15
3.2043457031e+02 6.4083110234e-14 5.5967396280e-14 4.0933640157e-15 4.0223499387e-15
3.2049560547e+02 6.4196197586e-14 5.6089370921e-14 4.0849922098e-15 4.0218344551e-15
3.2055664062e+02 6.4094231777e-14 5.6016577224e-14 4.1074791550e-15 3.9701753983e-15
3.2061767578e+02 6.4007337474e-14 5.5947549760e-14 4.0881891812e-15 3.9715985333e-15
3.2067871094e+02 6.3870654844e-14 5.5793339754e-14 4.1037588768e-15 3.9735562134e-15
3.2073974609e+02 6.3833790304e-14 5.5782297685e-14 4.0714967455e-15 3.9799958732e-15
3.2080078125e+02 6.3577330135e-14 5.5545862239e-14 4.0698478297e-15 3.9616200666e-15
3.2086181641e+02 6.3661003395e-14 5.5582298261e-14 4.1291094594e-15 3.9495956747e-15
3.2092285156e+02 6.3660465594e-14 5.5576167940e-14 4.1582724718e-15 3.9260251828e-15
3.2098388672e+02 6.3571964829e-14 5.5471240620e-14 4.1153345262e-15 3.9853896834e-15
3.2104492188e+02 6.3681834742e-14 5.5625902138e-14 4.1020314265e-15 3.9539011774e-15
3.2110595703e+02 6.3650770075e-14 5.5601277197e-14 4.0951163920e-15 3.9543764851e-15
3.2116699219e+02 6.3666752496e-14 5.5577971236e-14 4.1099917068e-15 3.9787895532e-15
3.2122802734e+02 6.3564353585e-14 5.5467123264e-14 4.1170505123e-15 3.9801798087e-15
3.2128906250e+02 6.3663502948e-14 5.5586055602e-14 4.0908687808e-15 3.9865785649e-15
3.2135009766e+02 6.3542173820e-14 5.5426756885e-14 4.1213980028e-15 3.9940189325e-15
3.2141113281e+02 6.3553417271e-14 5.5469230120e-14 4.1002239669e-15 3.9839631846e-15
3.2147216797e+02 6.3467224162e-14 5.5358320800e-14 4.1266898737e-15 3.9822134884e-15
3.2153320312e+02 6.3451616012e-14 5.5381853833e-14 4.1117088552e-15 3.9580533234e-15
3.2159423828e+02 6.3246775727e-14 5.5173000535e-14 4.0981153208e-15 3.9756598711e-15
3.2165527344e+02 6.3425619590e-14 5.5296084183e-14 4.1408577132e-15 3.9886776938e-15
3.2171630859e+02 6.3451995121e-14 5.5309361115e-14 4.1415710755e-15 4.0010629308e-15
3.2177734375e+02 6.3238955257e-14 5.5144824877e-14 4.1159576119e-15 3.9781727685e-15
3.2183837891e+02 6.3269010092e-14 5.5181165387e-14 4.1196261184e-15 3.9682185870e-15
3.2189941406e+02 6.3538599632e-14 5.5377581487e-14 4.1377262615e-15 4.0232918834e-15
3.2196044922e+02 6.3266746835e-14 5.5143650399e-14 4.1009836757e-15 4.0221127606e-15
3.2202148438e+02 6.3058602181e-14 5.5009787738e-14 4.0697257526e-15 3.9790886897e-15
3.2208251953e+02 6.3091377435e-14 5.5033258916e-14 4.1030882696e-15 3.9550302495e-15
3.2214355469e+02 6.3201864214e-14 5.5116289490e-14 4.1168221874e-15 3.9687525358e-15
3.2220458984e+02 6.3109570695e-14 5.4983203100e-14 4.1185187204e-15 4.0078488751e-15
3.2226562500e+02 6.3315735782e-14 5.5214381819e-14 4.1290376197e-15 3.9723163433e-15
3.2232666016e+02 6.3255700739e-14 5.5131669739e-14 4.1351122347e-15 3.9889187658e-15
3.2238769531e+02 6.3024260695e-14 5.4906136215e-14 4.1071156241e-15 4.0110088564e-15
3.2244873047e+02 6.3101440926e-14 5.4985090709e-14 4.1242438123e-15 3.9921064046e-15
3.2250976562e+02 6.3196253851e-14 5.5045966441e-14 4.1290107886e-15 4.0212766211e-15
3.2257080078e+02 6.3009820612e-14 5.4925078516e-14 4.1033864092e-15 3.9813556869e-15
3.2263183594e+02 6.3002920501e-14 5.4859223796e-14 4.1520123394e-15 3.9916843657e-15
3.2269287109e+02 6.2969427875e-14 5.4875186289e-14 4.1030000442e-15 3.9912415419e-15
3.2275390625e+02 6.2769738057e-14 5.4711584256e-14 4.1066228289e-15 3.9515309723e-15
3.2281494141e+02 6.2789481287e-14 5.4701548343e-14 4.1237393834e-15 3.9641935607e-15
3.2287597656e+02 6.2902187808e-14 5.4773366169e-14 4.1683538809e-15 3.9604677581e-15
3.2293701172e+02 6.2838788785e-14 5.4733702977e-14 4.1352582764e-15 3.9698275311e-15
3.2299804688e+02 6.2808351440e-14 5.4663615784e-14 4.1255325131e-15 4.0192031426e-15
3.2305908203e+02 6.2816237724e-14 5.4727416804e-14 4.0921249536e-15 3.9966959668e-15
3.2312011719e+02 6.2765190576e-14 5.4653243871e-14 4.1033167491e-15 4.0086299565e-15
3.2318115234e+02 6.2577652133e-14 5.4491104513e-14 4.1079291500e-15 3.9786184694e-15
3.2324218750e+02 6.2671703697e-14 5.4558249258e-14 4.1436152189e-15 3.9698392200e-15
3.2330322266e+02 6.2549692579e-14 5.4431606019e-14 4.1472043074e-15 3.9708822517e-15
3.2336425781e+02 6.2421153687e-14 5.4290508537e-14 4.1614515829e-15 3.9691935668e-15
3.2342529297e+02 6.2363298280e-14 5.4314671004e-14 4.1090939957e-15 3.9395332801e-15
3.2348632812e+02 6.2565028834e-14 5.4582269198e-14 4.0352966366e-15 3.9474629992e-15
3.2354736328e+02 6.2324197633e-14 5.4328946184e-14 4.0747457286e-15 3.9205057206e-15
3.2360839844e+02 6.2458402204e-14 5.4394501603e-14 4.1439100389e-15 3.9199905613e-15
3.2366943359e+02 6.2353507106e-14 5.4263456878e-14 4.1265766025e-15 3.9634736255e-15
3.2373046875e+02 6.2343750959e-14 5.4235232693e-14 4.1485049149e-15 3.9600133515e-15
3.2379150391e+02 6.2234884275e-14 5.4123454371e-14 4.1261242617e-15 3.9853056422e-15
3.2385253906e+02 6.2084756376e-14 5.4010500584e-14 4.0888179684e-15 3.9854378237e-15
3.2391357422e+02 6.2109888603e-14 5.4070563104e-14 4.0719605215e-15 3.9673649772e-15
3.2397460938e+02 6.2252029667e-14 5.4256309529e-14 4.0718157862e-15 3.9239043519e-15
3.2403564453e+02 6.2087025966e-14 5.4045543979e-14 4.1137938966e-15 3.9276880902e-15
3.2409667969e+02 6.2469873159e-14 5.4409548223e-14 4.0944940831e-15 3.9658308527e-15
3.2415771484e+02 6.2227267776e-14 5.4248552754e-14 4.0730792652e-15 3.9056357570e-15
3.2421875000e+02 6.1919219486e-14 5.3887685953e-14 4.0829336851e-15 3.9485998481e-15
3.2427978516e+02 6.2044815175e-14 5.3951781943e-14 4.0739455724e-15 4.0190876594e-15
3.2434082031e+02 6.1902110247e-14 5.3803269192e-14 4.1036631029e-15 3.9951779524e-15
3.2440185547e+02 6.1984327470e-14 5.3870691403e-14 4.0980338735e-15 4.0156021935e-15
3.2446289062e+02 6.2175724456e-14 5.4022821610e-14 4.1182393001e-15 4.0346635466e-15
3.2452392578e+02 6.2019644721e-14 5.3902839070e-14 4.1402912923e-15 3.9765143589e-15
3.2458496094e+02 6.2027117771e-14 5.3937066705e-14 4.1378136144e-15 3.9522374516e-15
3.2464599609e+02 6.2039471912e-14 5.3919636175e-14 4.1538229164e-15 3.9660128213e-15
3.2470703125e+02 6.2008687610e-14 5.3953906697e-14 4.0900778034e-15 3.9647031098e-15
3.2476806641e+02 6.2011742327e-14 5.3980580442e-14 4.0594623097e-15 3.9716995757e-15
3.2482910156e+02 6.2037784032e-14 5.3972451839e-14 4.1042545677e-15 3.9610776258e-15
3.2489013672e+02 6.1879979162e-14 5.3841207239e-14 4.1057804116e-15 3.9329915116e-15
3.2495117188e+02 6.1590374599e-14 5.3508566496e-14 4.0665076390e-15 4.0153004641e-15
3.2501220703e+02 6.1621408907e-14 5.3538560684e-14 4.0524007040e-15 4.0304475190e-15
3.2507324219e+02 6.1638149763e-14 5.3591914562e-14 4.0835344453e-15 3.9627007550e-15
3.2513427734e+02 6.1612458058e-14 5.3552387638e-14 4.0882430221e-15 3.9718273975e-15
3.2519531250e+02 6.1750348000e-14 5.3622344827e-14 4.1303112582e-15 3.9976919148e-15
3.2525634766e+02 6.1765528221e-14 5.3672003985e-14 4.1264130657e-15 3.9671111710e-15
3.2531738281e+02 6.1753898997e-14 5.3684158782e-14 4.1054272492e-15 3.9643129656e-15
3.2537841797e+02 6.1575327463e-14 5.3507256039e-14 4.0948432099e-15 3.9732282150e-15
3.2543945312e+02 6.1447786435e-14 5.3417416707e-14 4.0675102111e-15 3.9628595171e-15
3.2550048828e+02 6.1389286256e-14 5.3325140728e-14 4.0780852940e-15 3.9860602348e-15
3.2556152344e+02 6.1350000368e-14 5.3320433406e-14 4.0667018283e-15 3.9628651339e-15
3.2562255859e+02 6.1426469399e-14 5.3362467744e-14 4.0912384183e-15 3.9727632366e-15
3.2568359375e+02 6.1419867495e-14 5.3332550707e-14 4.0785994862e-15 4.0087173019e-15
3.2574462891e+02 6.1600519504e-14 5.3534099885e-14 4.0722682338e-15 3.9941513860e-15
3.2580566406e+02 6.1284514278e-14 5.3200379809e-14 4.0845922430e-15 3.9995422260e-15
3.2586669922e+02 6.1269412046e-14 5.3241730107e-14 4.0677483189e-15 3.9599336193e-15
3.2592773438e+02 6.1452714555e-14 5.3431098852e-14 4.0747236298e-15 3.9468920739e-15
3.2598876953e+02 6.1466737949e-14 5.3372611649e-14 4.1007085144e-15 3.9934177859e-15
3.2604980469e+02 6.1291580990e-14 5.3229853021e-14 4.1046223886e-15 3.9571055805e-15
3.2611083984e+02 6.1286095926e-14 5.3280997760e-14 4.0843193816e-15 3.9207787847e-15
3.2617187500e+02 6.1270733309e-14 5.3234776963e-14 4.0679049970e-15 3.9680513496e-15
3.2623291016e+02 6.1109703157e-14 5.3042020230e-14 4.0807686377e-15 3.9869142892e-15
3.2629394531e+02 6.0947969111e-14 5.2864465282e-14 4.0820973661e-15 4.0014064627e-15
3.2635498047e+02 6.0860157181e-14 5.2778390982e-14 4.1217686183e-15 3.9599975805e-15
3.2641601562e+02 6.1072565348e-14 5.2983889845e-14 4.1435691206e-15 3.9451063820e-15
3.2647705078e+02 6.1118216701e-14 5.3067884273e-14 4.1171962286e-15 3.9331361990e-15
3.2653808594e+02 6.1146573751e-14 5.3045845301e-14 4.1127734352e-15 3.9879550149e-15
3.2659912109e+02 6.1081979378e-14 5.3007971989e-14 4.1159153040e-15 3.9580920847e-15
3.2666015625e+02 6.0925968762e-14 5.2929990566e-14 4.0928921037e-15 3.9030860922e-15
3.2672119141e+02 6.1010340360e-14 5.2994324152e-14 4.1029541954e-15 3.9130620128e-15
3.2678222656e+02 6.0742672752e-14 5.2712086260e-14 4.1187140515e-15 3.9118724403e-15
3.2684326172e+02 6.0863415179e-14 5.2845707192e-14 4.0677852556e-15 3.9499227316e-15
3.2690429688e+02 6.0881363988e-14 5.2901620054e-14 4.0313432147e-15 3.9484007192e-15
3.2696533203e+02 6.0906273030e-14 5.2904360722e-14 4.0456289334e-15 3.9562833751e-15
3.2702636719e+02 6.0872731015e-14 5.2871860891e-14 4.0841141373e-15 3.9167559865e-15
3.2708740234e+02 6.0801187689e-14 5.2798711129e-14 4.0832430147e-15 3.9192335449e-15
3.2714843750e+02 6.0822456330e-14 5.2794911422e-14 4.0667951189e-15 3.9607497893e-15
3.2720947266e+02 6.0687800081e-14 5.2694459090e-14 4.0560184417e-15 3.9373225495e-15
3.2727050781e+02 6.0734836547e-14 5.2725960415e-14 4.0823515151e-15 3.9265246168e-15
3.2733154297e+02 6.0604697929e-14 5.2538465791e-14 4.0913615733e-15 3.9748705648e-15
3.2739257812e+02 6.0776384966e-14 5.2662035234e-14 4.1102475643e-15 4.0041021685e-15
3.2745361328e+02 6.0853366529e-14 5.2746222680e-14 4.1176136441e-15 3.9895302042e-15
3.2751464844e+02 6.0754756323e-14 5.2737271599e-14 4.0666595509e-15 3.9508251730e-15
3.2757568359e+02 6.0573391885e-14 5.2521621247e-14 4.0687685682e-15 3.9830020697e-15
3.2763671875e+02 6.0547931345e-14 5.2539372813e-14 4.0327690782e-15 3.9757894544e-15
3.2769775391e+02 6.0429532700e-14 5.2405582831e-14 4.0704401363e-15 3.9535097330e-15
3.2775878906e+02 6.0470730516e-14 5.2387545725e-14 4.1075714214e-15 3.9756133702e-15
3.2781982422e+02 6.0370301507e-14 5.2320641671e-14 4.0937938300e-15 3.9558660061e-15
3.2788085938e+02 6.0223744259e-14 5.2150889195e-14 4.1258588530e-15 3.9469962111e-15
3.2794189453e+02 6.0318452610e-14 5.2293598192e-14 4.0664569232e-15 3.9583974950e-15
3.2800292969e+02 6.0346724541e-14 5.2337819839e-14 4.0716587776e-15 3.9372459237e-15
3.2806396484e+02 6.0311495458e-14 5.2293007135e-14 4.0887807775e-15 3.9297075453e-15
3.2812500000e+02 6.0330231178e-14 5.2260484723e-14 4.0855886928e-15 3.9841577628e-15
3.2818603516e+02 6.0490432598e-14 5.2372932711e-14 4.1110078213e-15 4.0064920649e-15
3.2824707031e+02 6.0318836230e-14 5.2169984314e-14 4.1583592847e-15 3.9904926315e-15
3.2830810547e+02 6.0424386274e-14 5.2297260498e-14 4.1274738454e-15 3.9996519312e-15
3.2836914062e+02 6.0222267928e-14 5.2094464977e-14 4.1182246210e-15 4.0095783305e-15
3.2843017578e+02 5.9940856381e-14 5.1878665314e-14 4.0959096645e-15 3.9662814022e-15
3.2849121094e+02 5.9984893659e-14 5.1953522272e-14 4.1108775836e-15 3.9204938035e-15
3.2855224609e+02 5.9871819848e-14 5.1909577167e-14 4.0754697636e-15 3.8867729174e-15
3.2861328125e+02 6.0118245365e-14 5.2121833543e-14 4.0834926584e-15 3.9129191638e-15
3.2867431641e+02 5.9955357938e-14 5.1935095267e-14 4.0749305896e-15 3.9453320824e-15
3.2873535156e+02 6.0149804509e-14 5.2115252566e-14 4.0997468046e-15 3.9348051388e-15
3.2879638672e+02 5.9947769657e-14 5.1934484058e-14 4.0564055307e-15 3.9568800679e-15
3.2885742188e+02 5.9884992474e-14 5.1847308599e-14 4.0645444083e-15 3.9731394674e-15
3.2891845703e+02 5.9759611496e-14 5.1727539318e-14 4.0817253798e-15 3.9503467980e-15
3.2897949219e+02 5.9688377610e-14 5.1616908801e-14 4.1105839329e-15 3.9608848755e-15
3.2904052734e+02 5.9697474529e-14 5.1641909724e-14 4.0989407251e-15 3.9566240798e-15
3.2910156250e+02 5.9573334696e-14 5.1521276624e-14 4.0801025213e-15 3.9719555506e-15
3.2916259766e+02 5.9855933219e-14 5.1775316819e-14 4.1112689536e-15 3.9693474468e-15
3.2922363281e+02 5.9823140280e-14 5.1769160193e-14 4.0857499048e-15 3.9682301826e-15
3.2928466797e+02 5.9870864511e-14 5.1814372943e-14 4.0939770545e-15 3.9625145129e-15
3.2934570312e+02 5.9939670798e-14 5.1875263607e-14 4.1030004141e-15 3.9614067770e-15
3.2940673828e+02 5.9944816805e-14 5.1867430519e-14 4.0930125157e-15 3.9843737702e-15
3.2946777344e+02 5.9585254128e-14 5.1588238862e-14 4.0578728449e-15 3.9391424214e-15
3.2952880859e+02 5.9486550588e-14 5.1465075741e-14 4.0912284776e-15 3.9302463687e-15
3.2958984375e+02 5.9524489775e-14 5.1459785113e-14 4.1053308758e-15 3.9593737857e-15
3.2965087891e+02 5.9292522055e-14 5.1218056526e-14 4.1222467243e-15 3.9522188053e-15
3.2971191406e+02 5.9297552952e-14 5.1250165920e-14 4.1251916397e-15 3.9221953923e-15
3.2977294922e+02 5.9468718328e-14 5.1414971312e-14 4.1106976566e-15 3.9430493601e-15
3.2983398438e+02 5.9371569868e-14 5.1298943201e-14 4.0983404720e-15 3.9742861943e-15
3.2989501953e+02 5.9330818584e-14 5.1271979954e-14 4.0974610636e-15 3.9613775668e-15
3.2995605469e+02 5.9345604738e-14 5.1336474105e-14 4.0644512131e-15 3.9446794197e-15
3.3001708984e+02 5.9514765565e-14 5.1497333906e-14 4.0758955129e-15 3.9415361465e-15
3.3007812500e+02 5.9320124439e-14 5.1297753521e-14 4.0755275336e-15 3.9468433845e-15
3.3013916016e+02 5.9200508656e-14 5.1183671747e-14 4.0646824152e-15 3.9521544937e-15
3.3020019531e+02 5.9112292737e-14 5.1104420829e-14 4.0564786210e-15 3.9513932868e-15
3.3026123047e+02 5.9056762792e-14 5.1012471711e-14 4.0760327249e-15 3.9682583554e-15
3.3032226562e+02 5.8828424450e-14 5.0863371145e-14 4.0199257008e-15 3.9451276042e-15
3.3038330078e+02 5.9140313290e-14 5.1065607720e-14 4.1002833033e-15 3.9744222675e-15
3.3044433594e+02 5.9152031915e-14 5.1031966375e-14 4.1155841792e-15 4.0044813610e-15
3.3050537109e+02 5.9132332013e-14 5.0984272130e-14 4.0957035383e-15 4.0523563454e-15
3.3056640625e+02 5.9205440682e-14 5.1071729258e-14 4.1113161588e-15 4.0223952653e-15
3.3062744141e+02 5.9050275932e-14 5.0970837224e-14 4.0790304134e-15 4.0004082945e-15
3.3068847656e+02 5.8812386437e-14 5.0722934213e-14 4.0809910027e-15 4.0084612213e-15
3.3074951172e+02 5.9054296262e-14 5.0999315989e-14 4.0832770451e-15 3.9717032279e-15
3.3081054688e+02 5.8944746676e-14 5.0862532573e-14 4.0916103261e-15 3.9906037774e-15
3.3087158203e+02 5.8794373640e-14 5.0674944523e-14 4.1416330533e-15 3.9777960629e-15
3.3093261719e+02 5.8622267552e-14 5.0573947970e-14 4.0719226803e-15 3.9763969021e-15
3.3099365234e+02 5.8849257647e-14 5.0790326297e-14 4.0688492839e-15 3.9900820664e-15
3.3105468750e+02 5.8832784585e-14 5.0702519393e-14 4.1249159159e-15 4.0053492761e-15
3.3111572266e+02 5.8702215165e-14 5.0631399532e-14 4.0769746558e-15 3.9938409776e-15
3.3117675781e+02 5.8675745183e-14 5.0676279791e-14 4.0322888288e-15 3.9671765635e-15
3.3123779297e+02 5.8603763232e-14 5.0563563177e-14 4.0715394992e-15 3.9686605550e-15
3.3129882812e+02 5.8405185842e-14 5.0354266303e-14 4.0811074236e-15 3.9698121152e-15
3.3135986328e+02 5.8384254580e-14 5.0348031921e-14 4.0775977239e-15 3.9586249351e-15
3.3142089844e+02 5.8403925813e-14 5.0381531652e-14 4.0665303509e-15 3.9558638100e-15
3.3148193359e+02 5.8337802537e-14 5.0254909276e-14 4.0935786917e-15 3.9893145693e-15
3.3154296875e+02 5.8518802189e-14 5.0474817519e-14 4.1164067506e-15 3.9275779194e-15
3.3160400391e+02 5.8719030646e-14 5.0716664775e-14 4.0665447613e-15 3.9358211096e-15
3.3166503906e+02 5.8430107961e-14 5.0391053271e-14 4.0572610122e-15 3.9817936772e-15
3.3172607422e+02 5.8464012536e-14 5.0397655099e-14 4.0745729150e-15 3.9917845219e-15
3.3178710938e+02 5.8356366399e-14 5.0290175027e-14 4.0939519603e-15 3.9722394119e-15
3.3184814453e+02 5.8413398310e-14 5.0257676161e-14 4.1580701391e-15 3.9976520100e-15
3.3190917969e+02 5.8189753824e-14 5.0153420732e-14 4.0763009732e-15 3.9600321181e-15
3.3197021484e+02 5.8252690301e-14 5.0230797532e-14 4.0973605935e-15 3.9245321756e-15
3.3203125000e+02 5.8345097685e-14 5.0313913541e-14 4.0733972027e-15 3.9577869422e-15
3.3209228516e+02 5.8283644615e-14 5.0228644076e-14 4.0623752850e-15 3.9926252549e-15
3.3215332031e+02 5.8170105615e-14 5.0125622541e-14 4.0701380363e-15 3.9743450378e-15
3.3221435547e+02 5.8006133368e-14 5.0007640386e-14 4.0539834811e-15 3.9445095014e-15
3.3227539062e+02 5.8123102238e-14 5.0035286929e-14 4.0960582649e-15 3.9917570445e-15
3.3233642578e+02 5.8026357243e-14 4.9923468856e-14 4.0690172633e-15 4.0338711238e-15
3.3239746094e+02 5.8033608048e-14 4.9996450091e-14 4.0549888139e-15 3.9821691431e-15
3.3245849609e+02 5.7936651444e-14 4.9856546966e-14 4.0864244557e-15 3.9936800218e-15
3.3251953125e+02 5.7770100205e-14 4.9667096570e-14 4.0951454535e-15 4.0078581817e-15
3.3258056641e+02 5.7784331163e-14 4.9724212839e-14 4.0774667401e-15 3.9826515846e-15
3.3264160156e+02 5.7792455265e-14 4.9739742831e-14 4.0848029020e-15 3.9679095320e-15
3.3270263672e+02 5.7933229043e-14 4.9866564657e-14 4.1099034728e-15 3.9567609125e-15
3.3276367188e+02 5.7813012974e-14 4.9738885961e-14 4.0885339600e-15 3.9855930539e-15
3.3282470703e+02 5.8008659744e-14 4.9893352108e-14 4.0904764990e-15 4.0248311368e-15
3.3288574219e+02 5.8144715380e-14 4.9994431901e-14 4.1060356283e-15 4.0442478504e-15
3.3294677734e+02 5.7717463692e-14 4.9613796902e-14 4.0946972543e-15 4.0089695363e-15
3.3300781250e+02 5.7579427866e-14 4.9531749220e-14 4.0546930117e-15 3.9929856346e-15
3.3306884766e+02 5.7488103740e-14 4.9443876000e-14 4.0770854698e-15 3.9671422708e-15
3.3312988281e+02 5.7512663187e-14 4.9492184409e-14 4.0893032427e-15 3.9311755353e-15
3.3319091797e+02 5.7624715949e-14 4.9663335474e-14 4.0290763415e-15 3.9323041340e-15
3.3325195312e+02 5.7543378018e-14 4.9579970235e-14 4.0585482176e-15 3.9048595656e-15
3.3331298828e+02 5.7419741076e-14 4.9411012414e-14 4.0576222377e-15 3.9511064243e-15
3.3337402344e+02 5.7646312645e-14 4.9587843313e-14 4.1017454666e-15 3.9567238654e-15
3.3343505859e+02 5.7689566784e-14 4.9639094717e-14 4.0793571039e-15 3.9711149632e-15
3.3349609375e+02 5.7461201743e-14 4.9422672772e-14 4.0457742419e-15 3.9927547293e-15
3.3355712891e+02 5.7313335774e-14 4.9268728364e-14 4.0716015184e-15 3.9730058914e-15
3.3361816406e+02 5.7311356680e-14 4.9288411277e-14 4.0596997591e-15 3.9632456433e-15
3.3367919922e+02 5.7268662060e-14 4.9241929794e-14 4.0838186013e-15 3.9429136652e-15
3.3374023438e+02 5.7057529537e-14 4.9029409355e-14 4.0729800888e-15 3.9551400934e-15
3.3380126953e+02 5.7258562322e-14 4.9237270357e-14 4.0625560385e-15 3.9587359273e-15
3.3386230469e+02 5.7432009622e-14 4.9374199428e-14 4.0858021836e-15 3.9720080106e-15
3.3392333984e+02 5.7322271058e-14 4.9305854240e-14 4.0890952639e-15 3.9273215534e-15
3.3398437500e+02 5.7407077310e-14 4.9369666846e-14 4.1091170321e-15 3.9282934320e-15
3.3404541016e+02 5.7289265027e-14 4.9232838120e-14 4.0988534749e-15 3.9575734320e-15
3.3410644531e+02 5.7054207046e-14 4.9043082825e-14 4.0779872969e-15 3.9331369239e-15
3.3416748047e+02 5.7001636286e-14 4.8962350112e-14 4.0814392352e-15 3.9578469383e-15
3.3422851562e+02 5.7151006467e-14 4.9059721775e-14 4.1202472260e-15 3.9710374660e-15
3.3428955078e+02 5.7161838939e-14 4.9093591377e-14 4.1290384333e-15 3.9392091288e-15
3.3435058594e+02 5.7257531462e-14 4.9199096262e-14 4.1179933607e-15 3.9404418387e-15
3.3441162109e+02 5.7132431370e-14 4.9084973950e-14 4.1099190644e-15 3.9375383564e-15
3.3447265625e+02 5.7113415098e-14 4.9068601272e-14 4.1191763178e-15 3.9256375078e-15
3.3453369141e+02 5.6984033631e-14 4.8918457821e-14 4.1085807409e-15 3.9569950689e-15
3.3459472656e+02 5.6863183564e-14 4.8795547677e-14 4.1114756993e-15 3.9561601882e-15
3.3465576172e+02 5.6964703139e-14 4.8895072309e-14 4.1027114991e-15 3.9669193312e-15
3.3471679688e+02 5.7014847142e-14 4.8918465295e-14 4.1136933401e-15 3.9826885076e-15
3.3477783203e+02 5.6827227913e-14 4.8751107860e-14 4.1368934317e-15 3.9392266214e-15
3.3483886719e+02 5.6730726070e-14 4.8724846011e-14 4.0739873547e-15 3.9318927045e-15
3.3489990234e+02 5.6681410130e-14 4.8628310189e-14 4.0846343164e-15 3.9684656241e-15
3.3496093750e+02 5.6687988737e-14 4.8636654874e-14 4.1239401707e-15 3.9273936923e-15
3.3502197266e+02 5.6389357279e-14 4.8405777662e-14 4.0565924217e-15 3.9269871956e-15
3.3508300781e+02 5.6647300743e-14 4.8593422409e-14 4.0876024487e-15 3.9662758847e-15
3.3514404297e+02 5.6794426664e-14 4.8709971091e-14 4.0911584518e-15 3.9932971211e-15
3.3520507812e+02 5.6755468961e-14 4.8656098343e-14 4.1076675209e-15 3.9917030966e-15
3.3526611328e+02 5.6737344010e-14 4.8633722372e-14 4.1158176427e-15 3.9878039955e-15
3.3532714844e+02 5.6344165740e-14 4.8274566281e-14 4.0714497722e-15 3.9981496870e-15
3.3538818359e+02 5.6228388388e-14 4.8154940010e-14 4.0900719471e-15 3.9833764307e-15
3.3544921875e+02 5.6347512521e-14 4.8262148624e-14 4.1093756843e-15 3.9759882120e-15
3.3551025391e+02 5.6520600243e-14 4.8433010271e-14 4.1009595811e-15 3.9866303917e-15
3.3557128906e+02 5.6613878331e-14 4.8475386312e-14 4.0997037657e-15 4.0387882535e-15
3.3563232422e+02 5.6395098846e-14 4.8305769962e-14 4.0893276117e-15 4.0000012714e-15
3.3569335938e+02 5.6328006708e-14 4.8291619661e-14 4.0761174677e-15 3.9602695789e-15
3.3575439453e+02 5.6162374903e-14 4.8166414956e-14 4.0483401428e-15 3.9476198040e-15
3.3581542969e+02 5.6178076910e-14 4.8157837645e-14 4.0502437324e-15 3.9699955324e-15
3.3587646484e+02 5.6337398216e-14 4.8339889648e-14 4.0218463925e-15 3.9756621754e-15
3.3593750000e+02 5.6287743578e-14 4.8300530059e-14 4.0368631285e-15 3.9503503905e-15
3.3599853516e+02 5.6198601534e-14 4.8178669475e-14 4.0495828962e-15 3.9703491628e-15
3.3605957031e+02 5.6141748778e-14 4.8119016482e-14 4.0647117011e-15 3.9580205945e-15
3.3612060547e+02 5.6234741987e-14 4.8203500755e-14 4.0768015439e-15 3.9544396878e-15
3.3618164062e+02 5.6111100235e-14 4.8050666574e-14 4.0903414763e-15 3.9700921848e-15
3.3624267578e+02 5.6178871328e-14 4.8150687959e-14 4.0563669038e-15 3.9718164651e-15
3.3630371094e+02 5.6263797332e-14 4.8223255943e-14 4.0771637661e-15 3.9633776227e-15
3.3636474609e+02 5.6150377123e-14 4.8076888716e-14 4.0873728091e-15 3.9861155974e-15
3.3642578125e+02 5.6066120986e-14 4.8004483241e-14 4.1132602595e-15 3.9483774854e-15
3.3648681641e+02 5.6046144925e-14 4.7982419753e-14 4.1239832041e-15 3.9397419687e-15
3.3654785156e+02 5.5970318010e-14 4.7873973590e-14 4.1074869662e-15 3.9888574546e-15
3.3660888672e+02 5.5850925826e-14 4.7781485311e-14 4.0994714538e-15 3.9699690620e-15
3.3666992188e+02 5.5887696469e-14 4.7804676992e-14 4.0934094620e-15 3.9896100154e-15
3.3673095703e+02 5.5815142793e-14 4.7759430925e-14 4.0828330293e-15 3.9728788389e-15
3.3679199219e+02 5.5907199372e-14 4.7906598265e-14 4.0385353216e-15 3.9620657846e-15
3.3685302734e+02 5.5802990997e-14 4.7795665717e-14 4.0511440457e-15 3.9561812344e-15
3.3691406250e+02 5.5861409600e-14 4.7859226596e-14 4.0531655230e-15 3.9490174804e-15
3.3697509766e+02 5.5668522803e-14 4.7666734977e-14 4.0453234956e-15 3.9564643301e-15
3.3703613281e+02 5.5625658454e-14 4.7546117056e-14 4.1047160987e-15 3.9748252992e-15
3.3709716797e+02 5.5603275287e-14 4.7547246739e-14 4.0538105122e-15 4.0022180350e-15
3.3715820312e+02 5.5596787192e-14 4.7561365267e-14 4.0676190438e-15 3.9678028817e-15
3.3721923828e+02 5.5741222932e-14 4.7676235051e-14 4.0818338763e-15 3.9831540053e-15
3.3728027344e+02 5.5742287073e-14 4.7647075061e-14 4.0808312190e-15 4.0143807931e-15
3.3734130859e+02 5.5808429743e-14 4.7723414747e-14 4.0890851392e-15 3.9959298571e-15
3.3740234375e+02 5.5624815342e-14 4.7581822824e-14 4.0998736914e-15 3.9431188273e-15
3.3746337891e+02 5.5437121558e-14 4.7401508631e-14 4.1033846479e-15 3.9322282789e-15
3.3752441406e+02 5.5450961615e-14 4.7367027433e-14 4.1103100966e-15 3.9736240853e-15
3.3758544922e+02 5.5211360885e-14 4.7152661016e-14 4.0471250124e-15 4.0115748556e-15
3.3764648438e+02 5.5308363060e-14 4.7249645043e-14 4.0686682079e-15 3.9900498088e-15
3.3770751953e+02 5.5558521778e-14 4.7533951646e-14 4.0385649048e-15 3.9860052272e-15
3.3776855469e+02 5.5628173725e-14 4.7567157811e-14 4.0522039065e-15 4.0088120080e-15
3.3782958984e+02 5.5389168263e-14 4.7331147382e-14 4.0705925256e-15 3.9874283554e-15
3.3789062500e+02 5.5443630956e-14 4.7423593013e-14 4.0432785632e-15 3.9767593798e-15
3.3795166016e+02 5.5233775077e-14 4.7254564813e-14 4.0183176759e-15 3.9608925881e-15
3.3801269531e+02 5.5285449234e-14 4.7231385079e-14 4.0977632676e-15 3.9563008876e-15
3.3807373047e+02 5.5182358531e-14 4.7092468088e-14 4.1118996068e-15 3.9779908362e-15
3.3813476562e+02 5.5344767221e-14 4.7235706938e-14 4.0907102351e-15 4.0183500474e-15
3.3819580078e+02 5.5186753258e-14 4.7091828213e-14 4.0710365291e-15 4.0238885165e-15
3.3825683594e+02 5.5026107777e-14 4.6960037939e-14 4.0854557807e-15 3.9806140574e-15
3.3831787109e+02 5.5117688981e-14 4.7077337272e-14 4.0816154471e-15 3.9587362623e-15
3.3837890625e+02 5.4943669216e-14 4.6900804163e-14 4.0743837654e-15 3.9684812877e-15
3.3843994141e+02 5.4850773160e-14 4.6764805467e-14 4.0458551967e-15 4.0401124956e-15
3.3850097656e+02 5.5074965301e-14 4.7009091713e-14 4.0509882319e-15 4.0148853562e-15
3.3856201172e+02 5.5062656888e-14 4.6996884173e-14 4.0673855976e-15 3.9983871173e-15
3.3862304688e+02 5.5006205350e-14 4.6877068734e-14 4.0900941776e-15 4.0390424382e-15
3.3868408203e+02 5.4845815328e-14 4.6757840151e-14 4.0767798223e-15 4.0111953538e-15
3.3874511719e+02 5.4765747976e-14 4.6787482140e-14 4.0210478930e-15 3.9572179427e-15
3.3880615234e+02 5.4577850032e-14 4.6546115609e-14 4.0403520214e-15 3.9913824011e-15
3.3886718750e+02 5.4627030784e-14 4.6619942053e-14 4.0344007924e-15 3.9726879380e-15
3.3892822266e+02 5.4738033058e-14 4.6727994054e-14 4.0385553349e-15 3.9714836691e-15
3.3898925781e+02 5.4840278858e-14 4.6794425029e-14 4.0737095482e-15 3.9721442814e-15
3.3905029297e+02 5.4602631746e-14 4.6556748371e-14 4.0759059483e-15 3.9699774275e-15
3.3911132812e+02 5.4778393628e-14 4.6730797251e-14 4.0771039980e-15 3.9704923785e-15
3.3917236328e+02 5.4664246451e-14 4.6625553210e-14 4.0707222941e-15 3.9679709469e-15
3.3923339844e+02 5.4571796712e-14 4.6507669258e-14 4.0872000519e-15 3.9769274028e-15
3.3929443359e+02 5.4528027362e-14 4.6479297044e-14 4.0991195702e-15 3.9496107477e-15
3.3935546875e+02 5.4561480814e-14 4.6465900825e-14 4.1308803286e-15 3.9646996603e-15
3.3941650391e+02 5.4544034203e-14 4.6470389856e-14 4.1092802645e-15 3.9643640832e-15
3.3947753906e+02 5.4568810469e-14 4.6502422116e-14 4.1002324932e-15 3.9661558596e-15
3.3953857422e+02 5.4431805086e-14 4.6422950677e-14 4.0905075215e-15 3.9183468878e-15
3.3959960938e+02 5.4477275163e-14 4.6420189749e-14 4.0839486706e-15 3.9731367433e-15
3.3966064453e+02 5.4592988807e-14 4.6473827182e-14 4.1163207504e-15 4.0028408751e-15
3.3972167969e+02 5.4528377300e-14 4.6518267546e-14 4.0421738182e-15 3.9679359365e-15
3.3978271484e+02 5.4284067377e-14 4.6252821956e-14 4.0876966959e-15 3.9435487252e-15
3.3984375000e+02 5.4225114650e-14 4.6172714103e-14 4.0928209181e-15 3.9595796297e-15
3.3990478516e+02 5.4181201472e-14 4.6186174355e-14 4.0569346638e-15 3.9380924534e-15
3.3996582031e+02 5.4222271335e-14 4.6128428224e-14 4.1090357759e-15 3.9848073356e-15
3.4002685547e+02 5.4100990985e-14 4.6046774814e-14 4.0629554214e-15 3.9912607494e-15
3.4008789062e+02 5.4020066492e-14 4.5954811095e-14 4.1088334191e-15 3.9564219774e-15
3.4014892578e+02 5.4321009481e-14 4.6195156942e-14 4.1244962351e-15 4.0013563039e-15
3.4020996094e+02 5.4203821213e-14 4.6156526987e-14 4.0791117053e-15 3.9681825213e-15
3.4027099609e+02 5.4131292335e-14 4.6139376911e-14 4.0602044381e-15 3.9317109861e-15
3.4033203125e+02 5.4146636669e-14 4.6129509623e-14 4.0757892723e-15 3.9413377737e-15
3.4039306641e+02 5.4298820054e-14 4.6180626758e-14 4.1195459401e-15 3.9986473557e-15
3.4045410156e+02 5.3939970837e-14 4.5864200373e-14 4.0878747814e-15 3.9878956827e-15
3.4051513672e+02 5.3935222981e-14 4.5838309018e-14 4.1079518821e-15 3.9889620807e-15
3.4057617188e+02 5.3930628106e-14 4.5835553632e-14 4.0943153477e-15 4.0007591262e-15
3.4063720703e+02 5.3814590395e-14 4.5778781089e-14 4.0760975520e-15 3.9597117542e-15
3.4069824219e+02 5.3663731639e-14 4.5641712119e-14 4.0459601607e-15 3.9760593591e-15
3.4075927734e+02 5.3936741619e-14 4.5878818019e-14 4.0613194687e-15 3.9966041310e-15
3.4082031250e+02 5.3941730760e-14 4.5894400474e-14 4.0704386272e-15 3.9768916587e-15
3.4088134766e+02 5.3952128634e-14 4.5873826317e-14 4.0996544355e-15 3.9786478818e-15
3.4094238281e+02 5.3946466446e-14 4.5887994838e-14 4.0692503316e-15 3.9892212756e-15
3.4100341797e+02 5.3801391317e-14 4.5739697387e-14 4.0755645612e-15 3.9861293685e-15
3.4106445312e+02 5.3817703337e-14 4.5731775265e-14 4.0922442441e-15 3.9936838274e-15
3.4112548828e+02 5.3709385506e-14 4.5627400599e-14 4.1097627873e-15 3.9722221200e-15
3.4118652344e+02 5.3539424118e-14 4.5516039719e-14 4.0716910026e-15 3.9516933971e-15
3.4124755859e+02 5.3484174154e-14 4.5442818237e-14 4.0622325458e-15 3.9791233706e-15
3.4130859375e+02 5.3666985790e-14 4.5661782696e-14 4.0656756470e-15 3.9395274465e-15
3.4136962891e+02 5.3688014337e-14 4.5658819169e-14 4.0907815277e-15 3.9384136412e-15
3.4143066406e+02 5.3812026196e-14 4.5755112718e-14 4.0662518828e-15 3.9906615951e-15
3.4149169922e+02 5.3701145875e-14 4.5646407312e-14 4.0796587057e-15 3.9750798575e-15
3.4155273438e+02 5.3543416492e-14 4.5474930536e-14 4.0942101481e-15 3.9742758082e-15
3.4161376953e+02 5.3473018620e-14 4.5451275961e-14 4.0544336777e-15 3.9673089811e-15
3.4167480469e+02 5.3230321410e-14 4.5158900448e-14 4.0576972105e-15 4.0137237515e-15
3.4173583984e+02 5.3101675877e-14 4.4979723358e-14 4.0712029042e-15 4.0507496151e-15
3.4179687500e+02 5.3169737581e-14 4.5033007539e-14 4.0861320872e-15 4.0505979552e-15
3.4185791016e+02 5.3161642757e-14 4.5071818584e-14 4.0757164630e-15 4.0141077098e-15
3.4191894531e+02 5.3161130833e-14 4.5076273144e-14 4.0862243749e-15 3.9986333135e-15
3.4197998047e+02 5.3171634282e-14 4.5098100601e-14 4.0781199302e-15 3.9954137509e-15
3.4204101562e+02 5.3257918322e-14 4.5186533286e-14 4.0646679258e-15 4.0067171101e-15
3.4210205078e+02 5.3206111078e-14 4.5130018828e-14 4.0770340028e-15 3.9990582474e-15
3.4216308594e+02 5.3310414229e-14 4.5218647825e-14 4.1110262052e-15 3.9807401996e-15
3.4222412109e+02 5.3335306530e-14 4.5226729059e-14 4.1195647252e-15 3.9890127456e-15
3.4228515625e+02 5.3246756848e-14 4.5136844437e-14 4.1074797658e-15 4.0024326444e-15
3.4234619141e+02 5.2975249527e-14 4.4909443514e-14 4.1017429683e-15 3.9640630449e-15
3.4240722656e+02 5.2997342408e-14 4.4879167360e-14 4.1155792808e-15 4.0025957675e-15
3.4246826172e+02 5.2967173840e-14 4.4842394508e-14 4.0786399049e-15 4.0461394267e-15
3.4252929688e+02 5.2889861063e-14 4.4791002171e-14 4.1046118391e-15 3.9942470527e-15
3.4259033203e+02 5.2935612899e-14 4.4857347840e-14 4.0811951304e-15 3.9970699280e-15
3.4265136719e+02 5.3020661475e-14 4.4955209040e-14 4.0458990054e-15 4.0195534297e-15
3.4271240234e+02 5.2879363159e-14 4.4783292115e-14 4.0965589385e-15 3.9995121057e-15
3.4277343750e+02 5.2857468232e-14 4.4728671256e-14 4.1178715498e-15 4.0109254260e-15
3.4283447266e+02 5.2958125273e-14 4.4881835109e-14 4.0859179233e-15 3.9903722410e-15
3.4289550781e+02 5.2793155592e-14 4.4737483472e-14 4.0700178477e-15 3.9856542727e-15
3.4295654297e+02 5.2650930695e-14 4.4613668612e-14 4.0682073786e-15 3.9690547044e-15
3.4301757812e+02 5.2589575500e-14 4.4537706290e-14 4.0745016472e-15 3.9773675625e-15
3.4307861328e+02 5.2565145721e-14 4.4527943397e-14 4.0719573299e-15 3.9652449940e-15
3.4313964844e+02 5.2510163264e-14 4.4463357676e-14 4.0766875138e-15 3.9701180735e-15
3.4320068359e+02 5.2629454327e-14 4.4534392866e-14 4.0824082162e-15 4.0126532446e-15
3.4326171875e+02 5.2760387726e-14 4.4687153634e-14 4.0739820775e-15 3.9992520147e-15
3.4332275391e+02 5.2705549934e-14 4.4625154379e-14 4.0746013330e-15 4.0057942216e-15
3.4338378906e+02 5.2772435104e-14 4.4703581862e-14 4.0484735573e-15 4.0203796847e-15
3.4344482422e+02 5.2942322224e-14 4.4835222187e-14 4.0679819238e-15 4.0391181133e-15
3.4350585938e+02 5.2674125722e-14 4.4635465957e-14 4.0654958294e-15 3.9731639354e-15
3.4356689453e+02 5.2497357494e-14 4.4454991983e-14 4.0866624669e-15 3.9557030435e-15
3.4362792969e+02 5.2363073082e-14 4.4305980063e-14 4.0735958346e-15 3.9834971840e-15
3.4368896484e+02 5.2328187882e-14 4.4232130819e-14 4.0885144499e-15 4.0075426132e-15
3.4375000000e+02 5.2355383762e-14 4.4192063544e-14 4.1124132913e-15 4.0509069265e-15
3.4381103516e+02 5.2318623626e-14 4.4199961558e-14 4.0998724684e-15 4.0187895995e-15
3.4387207031e+02 5.2370944544e-14 4.4258056759e-14 4.0821568638e-15 4.0307309215e-15
3.4393310547e+02 5.2225002446e-14 4.4093899726e-14 4.1092861912e-15 4.0218165290e-15
3.4399414062e+02 5.2176850278e-14 4.4147729677e-14 4.0599483577e-15 3.9691722431e-15
3.4405517578e+02 5.2398822540e-14 4.4301999467e-14 4.0639151713e-15 4.0329079014e-15
3.4411621094e+02 5.2212445713e-14 4.4138848771e-14 4.0467468773e-15 4.0268500641e-15
3.4417724609e+02 5.2289217485e-14 4.4212530100e-14 4.0618859485e-15 4.0148014365e-15
3.4423828125e+02 5.2322123161e-14 4.4240270552e-14 4.0808873076e-15 4.0009653017e-15
3.4429931641e+02 5.2237858475e-14 4.4151866389e-14 4.0672453112e-15 4.0187467743e-15
3.4436035156e+02 5.2102914562e-14 4.4007518230e-14 4.0733641799e-15 4.0220321521e-15
3.4442138672e+02 5.2141974437e-14 4.4069373055e-14 4.0874419767e-15 3.9851594045e-15
3.4448242188e+02 5.2207681936e-14 4.4112867218e-14 4.0793544582e-15 4.0154602598e-15
3.4454345703e+02 5.1862044403e-14 4.3792353584e-14 4.0591274343e-15 4.0105633845e-15
3.4460449219e+02 5.1892062254e-14 4.3816580296e-14 4.0817609091e-15 3.9937210491e-15
3.4466552734e+02 5.2096365492e-14 4.3952767963e-14 4.1081153937e-15 4.0354821358e-15
3.4472656250e+02 5.2026894016e-14 4.3929804764e-14 4.0891077525e-15 4.0079814999e-15
3.4478759766e+02 5.2100477797e-14 4.3992299096e-14 4.0737433107e-15 4.0344353900e-15
3.4484863281e+02 5.1998665659e-14 4.3844846630e-14 4.1130035177e-15 4.0408155109e-15
3.4490966797e+02 5.1879368035e-14 4.3782156759e-14 4.0653353872e-15 4.0318758879e-15
3.4497070312e+02 5.1756332129e-14 4.3669935960e-14 4.0372285854e-15 4.0491675840e-15
3.4503173828e+02 5.1807640221e-14 4.3702540520e-14 4.0887151774e-15 4.0163845236e-15
3.4509277344e+02 5.1747170839e-14 4.3640493429e-14 4.1215893284e-15 3.9850880816e-15
3.4515380859e+02 5.1683936111e-14 4.3610000199e-14 4.0676899733e-15 4.0062459385e-15
3.4521484375e+02 5.1632434165e-14 4.3603828691e-14 4.0517642636e-15 3.9768412108e-15
3.4527587891e+02 5.1586200462e-14 4.3454777516e-14 4.0852451650e-15 4.0461777810e-15
3.4533691406e+02 5.1558810573e-14 4.3440548191e-14 4.0473716720e-15 4.0708907104e-15
3.4539794922e+02 5.1694668807e-14 4.3577085714e-14 4.0900231903e-15 4.0275599020e-15
3.4545898438e+02 5.1790624523e-14 4.3711743681e-14 4.0622519296e-15 4.0166289124e-15
3.4552001953e+02 5.1625834461e-14 4.3552136625e-14 4.0515869499e-15 4.0221108862e-15
3.4558105469e+02 5.1613217767e-14 4.3562774429e-14 4.0638542757e-15 3.9865890623e-15
3.4564208984e+02 5.1609882107e-14 4.3556447310e-14 4.0503674225e-15 4.0030673751e-15
3.4570312500e+02 5.1447855692e-14 4.3375112749e-14 4.0898577044e-15 3.9828852391e-15
3.4576416016e+02 5.1519582469e-14 4.3413784729e-14 4.1207266366e-15 3.9850711037e-15
3.4582519531e+02 5.1604384571e-14 4.3441238638e-14 4.1516156251e-15 4.0115303084e-15
3.4588623047e+02 5.1518562002e-14 4.3389534937e-14 4.1022745158e-15 4.0267525502e-15
3.4594726562e+02 5.1345238063e-14 4.3305450289e-14 4.0380690991e-15 4.0017186752e-15
3.4600830078e+02 5.1309997655e-14 4.3246414012e-14 4.0613325573e-15 4.0022510864e-15
3.4606933594e+02 5.1215832945e-14 4.3096941881e-14 4.0969025887e-15 4.0219884746e-15
3.4613037109e+02 5.1290873794e-14 4.3221743711e-14 4.0740994636e-15 3.9950306193e-15
3.4619140625e+02 5.1228011443e-14 4.3212101086e-14 4.0282027550e-15 3.9877076028e-15
3.4625244141e+02 5.1227891338e-14 4.3224375757e-14 4.0254445820e-15 3.9780709983e-15
3.4631347656e+02 5.1119567069e-14 4.3059941577e-14 4.0494890812e-15 4.0101364109e-15
3.4637451172e+02 5.1091621195e-14 4.3056229435e-14 4.0561583646e-15 3.9792333955e-15
3.4643554688e+02 5.1075100595e-14 4.3067278315e-14 4.0429167208e-15 3.9649055584e-15
3.4649658203e+02 5.1005756844e-14 4.2940836076e-14 4.0506658235e-15 4.0142549447e-15
3.4655761719e+02 5.0971966574e-14 4.2850466028e-14 4.0923586831e-15 4.0291418622e-15
3.4661865234e+02 5.1089187057e-14 4.2972396299e-14 4.0887064055e-15 4.0280843528e-15
3.4667968750e+02 5.1137899367e-14 4.3043775285e-14 4.0568450087e-15 4.0372790725e-15
3.4674072266e+02 5.1141842671e-14 4.3046260678e-14 4.0760458846e-15 4.0195361086e-15
3.4680175781e+02 5.1145311924e-14 4.3050207214e-14 4.0745998769e-15 4.0205048328e-15
3.4686279297e+02 5.1028438757e-14 4.2976894270e-14 4.0301767953e-15 4.0213676918e-15
3.4692382812e+02 5.0914663083e-14 4.2807918758e-14 4.0590966073e-15 4.0476477178e-15
3.4698486328e+02 5.0823320743e-14 4.2705154922e-14 4.0408527091e-15 4.0773131119e-15
3.4704589844e+02 5.0703449655e-14 4.2602805334e-14 4.0428062204e-15 4.0578381001e-15
3.4710693359e+02 5.0828473200e-14 4.2767561628e-14 4.0414855929e-15 4.0194259796e-15
3.4716796875e+02 5.0735903975e-14 4.2661500765e-14 4.0363225994e-15 4.0380806113e-15
3.4722900391e+02 5.0638562539e-14 4.2586834395e-14 4.0013064706e-15 4.0504216738e-15
3.4729003906e+02 5.0577269895e-14 4.2480347889e-14 4.0404014006e-15 4.0565206050e-15
3.4735107422e+02 5.0823612211e-14 4.2712943808e-14 4.0679495464e-15 4.0427188564e-15
3.4741210938e+02 5.0725503204e-14 4.2644125971e-14 4.0507541789e-15 4.0306230533e-15
3.4747314453e+02 5.0488163887e-14 4.2478909582e-14 3.9933140075e-15 4.0159402976e-15
3.4753417969e+02 5.0624776176e-14 4.2607078100e-14 4.0039392062e-15 4.0137588695e-15
3.4759521484e+02 5.0625184937e-14 4.2562213971e-14 4.0465539596e-15 4.0164170060e-15
3.4765625000e+02 5.0613025751e-14 4.2515565855e-14 4.0500306863e-15 4.0474292099e-15
3.4771728516e+02 5.0544237538e-14 4.2423845477e-14 4.0757131260e-15 4.0446789355e-15
3.4777832031e+02 5.0470466367e-14 4.2322812450e-14 4.0943783528e-15 4.0532755645e-15
3.4783935547e+02 5.0584185526e-14 4.2401857823e-14 4.0807485055e-15 4.1015791970e-15
3.4790039062e+02 5.0494781369e-14 4.2327574256e-14 4.0658847194e-15 4.1013223938e-15
3.4796142578e+02 5.0541146366e-14 4.2451577635e-14 4.0497231488e-15 4.0398455820e-15
3.4802246094e+02 5.0444956627e-14 4.2328458016e-14 4.1029050690e-15 4.0135935423e-15
3.4808349609e+02 5.0352884906e-14 4.2257183531e-14 4.1129491442e-15 3.9827522312e-15
3.4814453125e+02 5.0255793490e-14 4.2085696547e-14 4.1007112190e-15 4.0693857241e-15
3.4820556641e+02 5.0141552248e-14 4.2031246612e-14 4.0880287903e-15 4.0222768452e-15
3.4826660156e+02 5.0042641404e-14 4.2004981446e-14 4.0633736553e-15 3.9742863028e-15
3.4832763672e+02 5.0080971222e-14 4.2022696217e-14 4.0372142444e-15 4.0210607611e-15
3.4838867188e+02 5.0184819646e-14 4.2068550374e-14 4.0315617100e-15 4.0847075623e-15
3.4844970703e+02 5.0245595363e-14 4.2093192559e-14 4.0590556703e-15 4.0933471337e-15
3.4851074219e+02 5.0080131112e-14 4.1959089062e-14 4.0600430105e-15 4.0609990398e-15
3.4857177734e+02 5.0153307508e-14 4.2018097218e-14 4.0836279858e-15 4.0515823044e-15
3.4863281250e+02 5.0071835780e-14 4.1970092681e-14 4.0598118891e-15 4.0419312105e-15
3.4869384766e+02 5.0074776860e-14 4.1976795153e-14 4.0707223434e-15 4.0272593627e-15
3.4875488281e+02 4.9939144796e-14 4.1866620625e-14 4.0934521163e-15 3.9790720549e-15
3.4881591797e+02 4.9935417932e-14 4.1893067091e-14 4.0597566529e-15 3.9825941875e-15
3.4887695312e+02 4.9853884075e-14 4.1820931556e-14 4.0472371720e-15 3.9857153467e-15
3.4893798828e+02 4.9835616283e-14 4.1731871914e-14 4.0738510129e-15 4.0298933571e-15
3.4899902344e+02 5.0026483408e-14 4.1893064484e-14 4.0974838071e-15 4.0359351165e-15
3.4906005859e+02 4.9953468664e-14 4.1827974019e-14 4.0880565589e-15 4.0374380864e-15
3.4912109375e+02 4.9874552776e-14 4.1777464985e-14 4.0810186046e-15 4.0160691864e-15
3.4918212891e+02 4.9631735783e-14 4.1549553244e-14 4.0690462607e-15 4.0131362781e-15
3.4924316406e+02 4.9503644862e-14 4.1364997326e-14 4.1056089789e-15 4.0330385572e-15
3.4930419922e+02 4.9749552340e-14 4.1633225266e-14 4.1062851423e-15 4.0100419308e-15
3.4936523438e+02 4.9636445855e-14 4.1621636719e-14 4.0617496941e-15 3.9530594423e-15
3.4942626953e+02 4.9552616256e-14 4.1532784478e-14 4.0594802706e-15 3.9603515072e-15
3.4948730469e+02 4.9454578515e-14 4.1334984063e-14 4.0876349135e-15 4.0319595387e-15
3.4954833984e+02 4.9550461649e-14 4.1397857865e-14 4.1086818732e-15 4.0439219111e-15
3.4960937500e+02 4.9417002703e-14 4.1266481410e-14 4.1098110125e-15 4.0407102808e-15
3.4967041016e+02 4.9355183864e-14 4.1258741118e-14 4.0517716262e-15 4.0446711199e-15
3.4973144531e+02 4.9444086575e-14 4.1427040409e-14 4.0002468160e-15 4.0167993503e-15
3.4979248047e+02 4.9469771254e-14 4.1422505593e-14 4.0384671111e-15 4.0087985493e-15
3.4985351562e+02 4.9354255273e-14 4.1322442050e-14 4.0256293745e-15 4.0061838493e-15
3.4991455078e+02 4.9329762317e-14 4.1223050896e-14 4.0537089116e-15 4.0530025097e-15
3.4997558594e+02 4.9320595498e-14 4.1235548695e-14 4.0506385557e-15 4.0344082470e-15
3.5003662109e+02 4.9246486893e-14 4.1179930308e-14 4.0511696600e-15 4.0153869246e-15
3.5009765625e+02 4.9095707061e-14 4.0990870163e-14 4.0739078303e-15 4.0309290678e-15
3.5015869141e+02 4.9208373301e-14 4.1079278185e-14 4.0895427432e-15 4.0395523731e-15
3.5021972656e+02 4.9229719166e-14 4.1116909285e-14 4.0592232985e-15 4.0535865822e-15
3.5028076172e+02 4.9151140231e-14 4.1088328772e-14 4.0315181842e-15 4.0312932741e-15
3.5034179688e+02 4.9087592211e-14 4.1002856759e-14 4.0755133460e-15 4.0092221060e-15
3.5040283203e+02 4.8997996350e-14 4.0915995146e-14 4.0707968694e-15 4.0112043353e-15
3.5046386719e+02 4.8892418021e-14 4.0798847248e-14 4.0757221176e-15 4.0178486556e-15
3.5052490234e+02 4.9109721684e-14 4.0941527970e-14 4.1147476981e-15 4.0534460157e-15
3.5058593750e+02 4.9044584063e-14 4.0911889551e-14 4.0830652231e-15 4.0496292887e-15
3.5064697266e+02 4.8917543845e-14 4.0855049211e-14 4.0393972492e-15 4.0230973852e-15
3.5070800781e+02 4.8841545895e-14 4.0728411898e-14 4.0781203625e-15 4.0350136350e-15
3.5076904297e+02 4.8764018500e-14 4.0597240813e-14 4.0971563250e-15 4.0696213623e-15
3.5083007812e+02 4.8624844609e-14 4.0494024487e-14 4.0682369973e-15 4.0625831244e-15
3.5089111328e+02 4.8605695323e-14 4.0492153793e-14 4.0659272007e-15 4.0476143287e-15
3.5095214844e+02 4.8792221089e-14 4.0674321963e-14 4.0835509221e-15 4.0343482039e-15
3.5101318359e+02 4.8989107238e-14 4.0852241606e-14 4.0870102256e-15 4.0498554063e-15
3.5107421875e+02 4.8838471969e-14 4.0703686060e-14 4.0774746997e-15 4.0573112091e-15
3.5113525391e+02 4.8738631261e-14 4.0619203187e-14 4.0486315094e-15 4.0707965652e-15
3.5119628906e+02 4.8555699800e-14 4.0479197733e-14 4.0495062003e-15 4.0269958668e-15
3.5125732422e+02 4.8512241464e-14 4.0442174548e-14 4.0612414913e-15 4.0088254253e-15
3.5131835938e+02 4.8404317632e-14 4.0335768076e-14 4.0536277156e-15 4.0149218403e-15
3.5137939453e+02 4.8525886266e-14 4.0403949964e-14 4.1138632237e-15 4.0080730777e-15
3.5144042969e+02 4.8525537143e-14 4.0440388546e-14 4.0653614136e-15 4.0197871832e-15
3.5150146484e+02 4.8629845942e-14 4.0496120226e-14 4.0951152080e-15 4.0386105079e-15
3.5156250000e+02 4.8671149838e-14 4.0514987537e-14 4.0950818989e-15 4.0610804026e-15
3.5162353516e+02 4.8628231999e-14 4.0524838887e-14 4.0686286067e-15 4.0347645055e-15
3.5168457031e+02 4.8587365922e-14 4.0484380757e-14 4.0553459730e-15 4.0476391917e-15
3.5174560547e+02 4.8558313357e-14 4.0463763027e-14 4.0346117495e-15 4.0599385806e-15
3.5180664062e+02 4.8570737584e-14 4.0452159966e-14 4.0756588878e-15 4.0429187309e-15
3.5186767578e+02 4.8511244899e-14 4.0424863890e-14 4.0474640915e-15 4.0389169180e-15
3.5192871094e+02 4.8336702578e-14 4.0299633659e-14 4.0320959799e-15 4.0049729388e-15
3.5198974609e+02 4.8269839613e-14 4.0131633912e-14 4.0852534922e-15 4.0529522082e-15
3.5205078125e+02 4.8090241673e-14 3.9896827691e-14 4.0927009422e-15 4.1007130397e-15
3.5211181641e+02 4.8045358113e-14 3.9960865900e-14 4.0622022655e-15 4.0222899476e-15
3.5217285156e+02 4.8204039502e-14 4.0100988978e-14 4.0981225466e-15 4.0049279767e-15
3.5223388672e+02 4.8111715960e-14 4.0025525755e-14 4.0971070315e-15 3.9890831737e-15
3.5229492188e+02 4.8034391529e-14 3.9957740444e-14 4.0853022403e-15 3.9913488449e-15
3.5235595703e+02 4.8201593382e-14 4.0061357975e-14 4.0907477996e-15 4.0494876078e-15
3.5241699219e+02 4.8105591098e-14 3.9961178675e-14 4.0785292429e-15 4.0658831805e-15
3.5247802734e+02 4.8107080089e-14 3.9971435582e-14 4.0757585049e-15 4.0598860026e-15
3.5253906250e+02 4.7971896866e-14 3.9878465434e-14 4.0659402261e-15 4.0274912059e-15
3.5260009766e+02 4.7911982284e-14 3.9779340913e-14 4.0811822939e-15 4.0514590773e-15
3.5266113281e+02 4.7867373036e-14 3.9715537224e-14 4.0833387922e-15 4.0684970197e-15
3.5272216797e+02 4.7939360583e-14 3.9886249754e-14 3.9967471559e-15 4.0563636730e-15
3.5278320312e+02 4.8008219850e-14 3.9953789595e-14 4.0097302445e-15 4.0447000103e-15
3.5284423828e+02 4.7971041823e-14 3.9897938303e-14 4.0317895281e-15 4.0413139927e-15
3.5290527344e+02 4.7935988872e-14 3.9820688135e-14 4.0339486248e-15 4.0813521123e-15
3.5296630859e+02 4.7650145469e-14 3.9504453906e-14 4.0593329950e-15 4.0863585680e-15
3.5302734375e+02 4.7662084072e-14 3.9509349251e-14 4.0813708997e-15 4.0713639216e-15
3.5308837891e+02 4.7685549886e-14 3.9546489900e-14 4.0674235560e-15 4.0716364308e-15
3.5314941406e+02 4.7749117976e-14 3.9657989393e-14 4.0305965001e-15 4.0605320826e-15
3.5321044922e+02 4.7586299228e-14 3.9545559666e-14 3.9999570584e-15 4.0407825040e-15
3.5327148438e+02 4.7631955321e-14 3.9528745573e-14 4.0454981302e-15 4.0577116173e-15
3.5333251953e+02 4.7608347201e-14 3.9486324269e-14 4.0485298539e-15 4.0734930780e-15
3.5339355469e+02 4.7667809390e-14 3.9553987599e-14 4.0488787507e-15 4.0649430403e-15
3.5345458984e+02 4.7597098950e-14 3.9493927731e-14 4.0559760077e-15 4.0471952116e-15
3.5351562500e+02 4.7413266943e-14 3.9315123488e-14 4.0362228555e-15 4.0619205994e-15
3.5357666016e+02 4.7419019687e-14 3.9274761115e-14 4.0597750545e-15 4.0844835172e-15
3.5363769531e+02 4.7444634395e-14 3.9293499644e-14 4.0442062593e-15 4.1069284916e-15
3.5369873047e+02 4.7557576407e-14 3.9434089155e-14 4.0322328303e-15 4.0912544216e-15
3.5375976562e+02 4.7582329531e-14 3.9472119427e-14 4.0626863326e-15 4.0475237708e-15
3.5382080078e+02 4.7477685514e-14 3.9412373402e-14 4.0305319988e-15 4.0347801137e-15
3.5388183594e+02 4.7192441700e-14 3.9148191220e-14 4.0200532807e-15 4.0241971992e-15
3.5394287109e+02 4.7210119611e-14 3.9080496548e-14 4.0701020504e-15 4.0595210118e-15
3.5400390625e+02 4.7267556195e-14 3.9109412460e-14 4.0653914139e-15 4.0927523206e-15
3.5406494141e+02 4.7204452649e-14 3.9107487205e-14 4.0657793358e-15 4.0311861074e-15
3.5412597656e+02 4.7269762224e-14 3.9173384740e-14 4.0568766344e-15 4.0395008495e-15
3.5418701172e+02 4.7138556617e-14 3.9063326855e-14 4.0517466071e-15 4.0234831555e-15
3.5424804688e+02 4.7080618830e-14 3.9000334511e-14 4.0466802964e-15 4.0336040223e-15
3.5430908203e+02 4.7148256369e-14 3.9063944805e-14 4.0402260585e-15 4.0440855051e-15
3.5437011719e+02 4.7200515732e-14 3.9149459706e-14 4.0166949901e-15 4.0343610362e-15
3.5443115234e+02 4.6995992522e-14 3.8935646625e-14 4.0110282856e-15 4.0493176110e-15
3.5449218750e+02 4.6942443169e-14 3.8913930898e-14 4.0098253795e-15 4.0186868913e-15
3.5455322266e+02 4.6751000602e-14 3.8754540182e-14 3.9662715216e-15 4.0301888982e-15
3.5461425781e+02 4.6883247232e-14 3.8830243481e-14 3.9900042551e-15 4.0629994957e-15
3.5467529297e+02 4.6990280967e-14 3.8893604022e-14 4.0160329783e-15 4.0806439665e-15
3.5473632812e+02 4.6968608356e-14 3.8816542764e-14 4.0539510114e-15 4.0981145810e-15
3.5479736328e+02 4.6782868758e-14 3.8691203092e-14 4.0440895273e-15 4.0475761381e-15
3.5485839844e+02 4.6726962166e-14 3.8574493201e-14 4.0688381887e-15 4.0836307771e-15
3.5491943359e+02 4.6824505621e-14 3.8663439434e-14 4.0786379161e-15 4.0824282709e-15
3.5498046875e+02 4.6770595333e-14 3.8715586564e-14 4.0393690582e-15 4.0156397104e-15
3.5504150391e+02 4.6671258436e-14 3.8628508542e-14 4.0603598363e-15 3.9823900573e-15
3.5510253906e+02 4.6610198165e-14 3.8492020904e-14 4.0719654715e-15 4.0462117896e-15
3.5516357422e+02 4.6631802249e-14 3.8503636191e-14 4.0655319803e-15 4.0626340785e-15
3.5522460938e+02 4.6617473063e-14 3.8504326866e-14 4.0616215921e-15 4.0515246043e-15
3.5528564453e+02 4.6425691319e-14 3.8311221935e-14 4.0594349179e-15 4.0550344660e-15
3.5534667969e+02 4.6495744828e-14 3.8357451030e-14 4.0747407714e-15 4.0635530267e-15
3.5540771484e+02 4.6496866378e-14 3.8326415123e-14 4.0782470787e-15 4.0922041758e-15
3.5546875000e+02 4.6593639813e-14 3.8445745220e-14 4.0897121829e-15 4.0581824104e-15
3.5552978516e+02 4.6634359178e-14 3.8508602907e-14 4.0799511530e-15 4.0458051172e-15
3.5559082031e+02 4.6546406513e-14 3.8402476683e-14 4.0559042715e-15 4.0880255582e-15
3.5565185547e+02 4.6366941293e-14 3.8252434991e-14 4.0492336385e-15 4.0652726631e-15
3.5571289062e+02 4.6198460489e-14 3.8080630317e-14 4.0388298692e-15 4.0790003034e-15
3.5577392578e+02 4.6242396942e-14 3.8132995456e-14 4.0426737521e-15 4.0667277341e-15
3.5583496094e+02 4.6322514673e-14 3.8188177328e-14 4.0791085844e-15 4.0552287608e-15
3.5589599609e+02 4.6147116695e-14 3.8033656671e-14 4.0902170150e-15 4.0232430085e-15
3.5595703125e+02 4.6214188674e-14 3.8076186586e-14 4.0908526344e-15 4.0471494541e-15
3.5601806641e+02 4.6251280397e-14 3.8103100793e-14 4.0843300764e-15 4.0638495282e-15
3.5607910156e+02 4.6150914860e-14 3.8073041663e-14 4.0296169895e-15 4.0482562074e-15
3.5614013672e+02 4.6078850051e-14 3.8019657577e-14 4.0170450735e-15 4.0421474008e-15
3.5620117188e+02 4.6117708989e-14 3.8023445905e-14 4.0427328021e-15 4.0515302815e-15
3.5626220703e+02 4.5960984708e-14 3.7830149357e-14 4.0503934623e-15 4.0804418887e-15
3.5632324219e+02 4.5866096685e-14 3.7719725482e-14 4.0920698519e-15 4.0543013520e-15
3.5638427734e+02 4.5731325060e-14 3.7598696905e-14 4.0721568610e-15 4.0604712934e-15
3.5644531250e+02 4.5854893577e-14 3.7749595575e-14 4.0498586922e-15 4.0554393097e-15
3.5650634766e+02 4.5891567870e-14 3.7812305823e-14 4.0184664502e-15 4.0607955969e-15
3.5656738281e+02 4.5934140401e-14 3.7770206713e-14 4.0810287791e-15 4.0829049087e-15
3.5662841797e+02 4.5982311774e-14 3.7799158027e-14 4.0936888277e-15 4.0894649199e-15
3.5668945312e+02 4.5971890440e-14 3.7840366563e-14 4.0462764865e-15 4.0852473903e-15
3.5675048828e+02 4.5981835868e-14 3.7800858449e-14 4.0633117179e-15 4.1176657009e-15
3.5681152344e+02 4.5841304192e-14 3.7649842567e-14 4.0707567425e-15 4.1207048824e-15
3.5687255859e+02 4.5731266875e-14 3.7608547953e-14 4.0480590001e-15 4.0746599216e-15
3.5693359375e+02 4.5647506416e-14 3.7538763139e-14 4.0485189842e-15 4.0602242921e-15
3.5699462891e+02 4.5614824230e-14 3.7435130316e-14 4.0930422000e-15 4.0866517141e-15
3.5705566406e+02 4.5503736285e-14 3.7284549988e-14 4.1080983488e-15 4.1110879483e-15
3.5711669922e+02 4.5597536045e-14 3.7390248223e-14 4.0968348213e-15 4.1104530011e-15
3.5717773438e+02 4.5736593955e-14 3.7566470115e-14 4.0955158102e-15 4.0746080295e-15
3.5723876953e+02 4.5713274101e-14 3.7665233679e-14 4.0362437838e-15 4.0117966383e-15
3.5729980469e+02 4.5671665581e-14 3.7660243207e-14 3.9948402874e-15 4.0165820863e-15
3.5736083984e+02 4.5646817180e-14 3.7560418981e-14 4.0615259716e-15 4.0248722269e-15
3.5742187500e+02 4.5762869904e-14 3.7587523068e-14 4.1085862522e-15 4.0667605839e-15
3.5748291016e+02 4.5659773340e-14 3.7469622329e-14 4.0884109683e-15 4.1017400431e-15
3.5754394531e+02 4.5377599779e-14 3.7291884729e-14 4.0560943009e-15 4.0296207494e-15
3.5760498047e+02 4.5405255520e-14 3.7241496743e-14 4.0952376866e-15 4.0685210900e-15
3.5766601562e+02 4.5419842090e-14 3.7253910544e-14 4.0708693049e-15 4.0950622409e-15
3.5772705078e+02 4.5411786453e-14 3.7320738093e-14 4.0500656447e-15 4.0409827162e-15
3.5778808594e+02 4.5332536921e-14 3.7225350645e-14 4.0767045251e-15 4.0304817501e-15
3.5784912109e+02 4.5269909143e-14 3.7126174540e-14 4.0864992706e-15 4.0572353318e-15
3.5791015625e+02 4.5347156829e-14 3.7182984070e-14 4.0844425008e-15 4.0797302587e-15
3.5797119141e+02 4.5310900402e-14 3.7159799281e-14 4.1030035382e-15 4.0480975830e-15
3.5803222656e+02 4.5274843268e-14 3.7092466296e-14 4.1189122656e-15 4.0634647065e-15
3.5809326172e+02 4.5271138265e-14 3.7092944839e-14 4.1171729502e-15 4.0610204754e-15
3.5815429688e+02 4.5209427686e-14 3.7026163474e-14 4.1091029168e-15 4.0741612949e-15
3.5821533203e+02 4.5111623132e-14 3.6980616091e-14 4.0631500415e-15 4.0678570000e-15
3.5827636719e+02 4.5048012233e-14 3.6906843207e-14 4.0798910739e-15 4.0612779524e-15
3.5833740234e+02 4.5009198435e-14 3.6848143506e-14 4.0598457449e-15 4.1012091841e-15
3.5839843750e+02 4.5040810716e-14 3.6920327517e-14 4.0356174870e-15 4.0848657119e-15
3.5845947266e+02 4.5159633938e-14 3.7060779570e-14 4.0510055273e-15 4.0478488413e-15
3.5852050781e+02 4.5134452339e-14 3.6986923685e-14 4.0957189158e-15 4.0518097379e-15
3.5858154297e+02 4.4920185582e-14 3.6774289352e-14 4.0761781757e-15 4.0697180542e-15
3.5864257812e+02 4.5007814246e-14 3.6863735357e-14 4.0798713649e-15 4.0642075240e-15
3.5870361328e+02 4.4916855890e-14 3.6830062086e-14 4.0539791978e-15 4.0328146068e-15
3.5876464844e+02 4.4822183382e-14 3.6715425021e-14 4.0363883712e-15 4.0703699896e-15
3.5882568359e+02 4.4800820942e-14 3.6615929974e-14 4.0712548236e-15 4.1136361441e-15
3.5888671875e+02 4.4893759705e-14 3.6749574334e-14 4.0334380432e-15 4.1107473276e-15
3.5894775391e+02 4.4754878403e-14 3.6647506893e-14 4.0603862784e-15 4.0469852317e-15
3.5900878906e+02 4.4691853938e-14 3.6598608269e-14 4.0288177967e-15 4.0644278727e-15
3.5906982422e+02 4.4571442097e-14 3.6494281063e-14 4.0056817810e-15 4.0714792534e-15
3.5913085938e+02 4.4597879527e-14 3.6496159463e-14 4.0295445549e-15 4.0721755082e-15
3.5919189453e+02 4.4756907702e-14 3.6625153697e-14 4.0631170374e-15 4.0686369672e-15
3.5925292969e+02 4.4770432877e-14 3.6612928937e-14 4.0415670635e-15 4.1159368768e-15
3.5931396484e+02 4.4633090436e-14 3.6490342434e-14 4.0634809642e-15 4.0792670374e-15
3.5937500000e+02 4.4682983740e-14 3.6569491644e-14 4.0675914278e-15 4.0459006680e-15
3.5943603516e+02 4.4672817245e-14 3.6537700040e-14 4.0624279137e-15 4.0726892916e-15
3.5949707031e+02 4.4554801946e-14 3.6450013625e-14 4.0568405342e-15 4.0479477864e-15
3.5955810547e+02 4.4635650152e-14 3.6482803329e-14 4.0838413286e-15 4.0690054941e-15
3.5961914062e+02 4.4518082901e-14 3.6360481353e-14 4.0597276417e-15 4.0978739064e-15
3.5968017578e+02 4.4330421863e-14 3.6237817778e-14 4.0409037879e-15 4.0517002972e-15
3.5974121094e+02 4.4249458995e-14 3.6170099683e-14 4.0304138427e-15 4.0489454683e-15
3.5980224609e+02 4.4307076267e-14 3.6220783360e-14 4.0156701892e-15 4.0706227177e-15
3.5986328125e+02 4.4389600624e-14 3.6280668131e-14 4.0377435302e-15 4.0711889628e-15
3.5992431641e+02 4.4302602687e-14 3.6191079964e-14 4.0269737882e-15 4.0845489352e-15
3.5998535156e+02 4.4254847145e-14 3.6079865573e-14 4.0877323763e-15 4.0872491956e-15
3.6004638672e+02 4.4109099976e-14 3.5996231746e-14 4.0560366906e-15 4.0568315388e-15
3.6010742188e+02 4.4031788584e-14 3.5965411633e-14 4.0364717017e-15 4.0299052501e-15
3.6016845703e+02 4.4271672426e-14 3.6132254867e-14 4.0662851464e-15 4.0731324122e-15
3.6022949219e+02 4.4294726402e-14 3.6139814754e-14 4.0604123746e-15 4.0944992728e-15
3.6029052734e+02 4.4238225811e-14 3.6106931100e-14 4.0020975961e-15 4.1291971151e-15
3.6035156250e+02 4.4076782141e-14 3.5989949847e-14 3.9879385106e-15 4.0988937834e-15
3.6041259766e+02 4.4004839063e-14 3.5930536470e-14 3.9997179509e-15 4.0745846421e-15
3.6047363281e+02 4.4038969820e-14 3.5904769456e-14 4.0519663201e-15 4.0822340447e-15
3.6053466797e+02 4.4163955142e-14 3.6008667041e-14 4.0867405547e-15 4.0685475469e-15
3.6059570312e+02 4.4300574332e-14 3.6123816644e-14 4.0584145145e-15 4.1183431728e-15
3.6065673828e+02 4.4214706064e-14 3.6081743169e-14 4.0480275134e-15 4.0849353824e-15
3.6071777344e+02 4.4108499858e-14 3.5975260662e-14 4.0846553605e-15 4.0485838359e-15
3.6077880859e+02 4.4095992090e-14 3.5956090525e-14 4.0693058991e-15 4.0705956662e-15
3.6083984375e+02 4.3849257934e-14 3.5723902591e-14 4.0217721758e-15 4.1035831674e-15
3.6090087891e+02 4.3807123887e-14 3.5649636263e-14 4.0295799026e-15 4.1279077212e-15
3.6096191406e+02 4.3682814265e-14 3.5545803186e-14 4.0650595584e-15 4.0719515212e-15
3.6102294922e+02 4.3624235259e-14 3.5547255083e-14 4.0547132508e-15 4.0222669251e-15
3.6108398438e+02 4.3540583620e-14 3.5465928248e-14 4.0072326237e-15 4.0674227481e-15
3.6114501953e+02 4.3525130219e-14 3.5359817253e-14 4.0724000131e-15 4.0929129536e-15
3.6120605469e+02 4.3527261941e-14 3.5313638872e-14 4.1071813587e-15 4.1064417108e-15
3.6126708984e+02 4.3554911224e-14 3.5379711357e-14 4.0712310936e-15 4.1039687731e-15
3.6132812500e+02 4.3569169153e-14 3.5390138798e-14 4.0505714495e-15 4.1284589051e-15
3.6138916016e+02 4.3654150129e-14 3.5514718696e-14 4.0595722532e-15 4.0798591799e-15
3.6145019531e+02 4.3670393229e-14 3.5543531975e-14 4.0277218921e-15 4.0991393612e-15
3.6151123047e+02 4.3556516554e-14 3.5415099956e-14 4.0308533523e-15 4.1105632451e-15
3.6157226562e+02 4.3483371937e-14 3.5322571293e-14 4.0512528400e-15 4.1095478040e-15
3.6163330078e+02 4.3488950767e-14 3.5352133071e-14 4.0522924078e-15 4.0845252877e-15
3.6169433594e+02 4.3515089948e-14 3.5376348530e-14 4.0753766942e-15 4.0633647237e-15
3.6175537109e+02 4.3687305370e-14 3.5528593946e-14 4.0513303781e-15 4.1073810458e-15
3.6181640625e+02 4.3727712144e-14 3.5572832564e-14 4.0568124268e-15 4.0980671533e-15
3.6187744141e+02 4.3718880171e-14 3.5579252036e-14 4.0216341611e-15 4.1179939734e-15
3.6193847656e+02 4.3483536498e-14 3.5383637163e-14 4.0041809711e-15 4.0957183642e-15
3.6199951172e+02 4.3342654718e-14 3.5226883212e-14 3.9869140538e-15 4.1288574528e-15
3.6206054688e+02 4.3141591016e-14 3.5048891308e-14 3.9812752105e-15 4.1114244976e-15
3.6212158203e+02 4.3099677283e-14 3.4992346355e-14 4.0025885987e-15 4.1047423292e-15
3.6218261719e+02 4.3148932158e-14 3.5019955796e-14 4.0131828022e-15 4.1157935607e-15
3.6224365234e+02 4.3258345161e-14 3.5098478327e-14 4.0677387546e-15 4.0921280797e-15
3.6230468750e+02 4.3311861170e-14 3.5179849193e-14 4.0457103710e-15 4.0863016062e-15
3.6236572266e+02 4.3376610855e-14 3.5190214063e-14 4.0623429885e-15 4.1240538032e-15
3.6242675781e+02 4.3276506388e-14 3.5135103110e-14 4.0444678911e-15 4.0969353866e-15
3.6248779297e+02 4.3103337868e-14 3.5025706647e-14 4.0096488977e-15 4.0679823228e-15
3.6254882812e+02 4.3016800065e-14 3.4935370979e-14 4.0226201189e-15 4.0588089678e-15
3.6260986328e+02 4.3177377322e-14 3.5043349458e-14 4.0056526069e-15 4.1283752572e-15
3.6267089844e+02 4.3195997257e-14 3.5054368402e-14 4.0589590863e-15 4.0826697684e-15
3.6273193359e+02 4.3211430937e-14 3.5065722853e-14 4.0684715746e-15 4.0772365091e-15
3.6279296875e+02 4.3223894445e-14 3.5123244683e-14 4.0473108805e-15 4.0533388818e-15
3.6285400391e+02 4.3268556590e-14 3.5131499893e-14 4.0502391956e-15 4.0868175012e-15
3.6291503906e+02 4.3063253123e-14 3.4895764400e-14 4.0603133914e-15 4.1071753310e-15
3.6297607422e+02 4.3018234380e-14 3.4911600078e-14 4.0279018837e-15 4.0787324191e-15
3.6303710938e+02 4.3179474743e-14 3.5039695970e-14 4.0404449927e-15 4.0993337806e-15
3.6309814453e+02 4.3016647712e-14 3.4883791580e-14 4.0516192798e-15 4.0812368523e-15
3.6315917969e+02 4.2822923518e-14 3.4722601291e-14 4.0305647195e-15 4.0697575078e-15
3.6322021484e+02 4.2786910032e-14 3.4694523055e-14 3.9909401920e-15 4.1014467847e-15
3.6328125000e+02 4.2596827541e-14 3.4476831347e-14 4.0177277673e-15 4.1022684272e-15
3.6334228516e+02 4.2374743288e-14 3.4276516150e-14 4.0425919138e-15 4.0556352244e-15
3.6340332031e+02 4.2325508580e-14 3.4211443302e-14 4.0420215220e-15 4.0720437563e-15
3.6346435547e+02 4.2742006111e-14 3.4570278404e-14 4.0571909386e-15 4.1145367689e-15
3.6352539062e+02 4.2860231646e-14 3.4679721863e-14 4.0568066983e-15 4.1237030850e-15
3.6358642578e+02 4.2823486449e-14 3.4619370107e-14 4.0778523402e-15 4.1262640014e-15
3.6364746094e+02 4.2824955203e-14 3.4637816343e-14 4.0916986752e-15 4.0954401839e-15
3.6370849609e+02 4.2677689358e-14 3.4521250520e-14 4.0891255871e-15 4.0673132507e-15
3.6376953125e+02 4.2595919531e-14 3.4469159646e-14 4.0619516120e-15 4.0648082735e-15
3.6383056641e+02 4.2690785750e-14 3.4536790503e-14 4.0740152197e-15 4.0799800279e-15
3.6389160156e+02 4.2662920056e-14 3.4512680769e-14 4.0577106236e-15 4.0925286635e-15
3.6395263672e+02 4.2573707283e-14 3.4466776533e-14 4.0309888198e-15 4.0759419298e-15
3.6401367188e+02 4.2602834700e-14 3.4473546698e-14 4.0485971904e-15 4.0806908113e-15
3.6407470703e+02 4.2470896933e-14 3.4327736323e-14 4.0593015274e-15 4.0838590826e-15
3.6413574219e+02 4.2350356107e-14 3.4206058261e-14 4.0363465967e-15 4.1079512486e-15
3.6419677734e+02 4.2298391653e-14 3.4183127607e-14 4.0354246736e-15 4.0798393716e-15
3.6425781250e+02 4.2391092906e-14 3.4302110281e-14 4.0326093161e-15 4.0563733089e-15
3.6431884766e+02 4.2439756368e-14 3.4257977154e-14 4.0718936778e-15 4.1098855363e-15
3.6437988281e+02 4.2278908745e-14 3.4173061159e-14 4.0471316964e-15 4.0587158897e-15
3.6444091797e+02 4.2239537429e-14 3.4183536459e-14 4.0064691700e-15 4.0495318000e-15
3.6450195312e+02 4.2178005336e-14 3.4080054695e-14 4.0329593631e-15 4.0649912776e-15
3.6456298828e+02 4.2163538899e-14 3.4028119010e-14 4.0582693947e-15 4.0771504943e-15
3.6462402344e+02 4.1997083648e-14 3.3902653394e-14 3.9950985000e-15 4.0993317541e-15
3.6468505859e+02 4.2128941014e-14 3.4049476385e-14 3.9737339496e-15 4.1057306789e-15
3.6474609375e+02 4.2191045228e-14 3.4028226530e-14 4.0141661888e-15 4.1486525097e-15
3.6480712891e+02 4.2170815165e-14 3.3989965884e-14 4.0362830710e-15 4.1445662098e-15
3.6486816406e+02 4.2292731354e-14 3.4104008463e-14 4.0515892323e-15 4.1371336585e-15
3.6492919922e+02 4.2329018201e-14 3.4152473275e-14 4.0234423081e-15 4.1531026180e-15
3.6499023438e+02 4.2065522242e-14 3.3955670523e-14 3.9942362185e-15 4.1156155007e-15
3.6505126953e+02 4.1986325406e-14 3.3900754167e-14 4.0172617235e-15 4.0683095151e-15
3.6511230469e+02 4.2108402083e-14 3.3931731002e-14 4.0496391019e-15 4.1270319786e-15
3.6517333984e+02 4.2152901164e-14 3.3991405899e-14 4.0270253126e-15 4.1344699526e-15
3.6523437500e+02 4.2110189177e-14 3.3968351437e-14 4.0140391048e-15 4.1277986350e-15
3.6529541016e+02 4.2067336612e-14 3.3968747865e-14 3.9843223046e-15 4.1142664425e-15
3.6535644531e+02 4.1925006272e-14 3.3808478535e-14 4.0143917698e-15 4.1021359678e-15
3.6541748047e+02 4.1837241788e-14 3.3747905737e-14 4.0144613146e-15 4.0748747364e-15
3.6547851562e+02 4.1820629394e-14 3.3713161312e-14 3.9988611949e-15 4.1086068878e-15
3.6553955078e+02 4.1771875554e-14 3.3600640388e-14 4.0172799183e-15 4.1539552477e-15
3.6560058594e+02 4.1638993369e-14 3.3522161721e-14 4.0117543866e-15 4.1050772615e-15
3.6566162109e+02 4.1686155772e-14 3.3568391797e-14 4.0041826819e-15 4.1135812933e-15
3.6572265625e+02 4.1607899677e-14 3.3478952248e-14 4.0169478455e-15 4.1119995831e-15
3.6578369141e+02 4.1661370632e-14 3.3482003365e-14 4.0486519226e-15 4.1307153443e-15
3.6584472656e+02 4.1814775849e-14 3.3605988492e-14 4.0442193416e-15 4.1645680153e-15
3.6590576172e+02 4.1806287637e-14 3.3592004233e-14 4.0569055177e-15 4.1573778873e-15
3.6596679688e+02 4.1632696564e-14 3.3488542103e-14 4.0053835555e-15 4.1387709053e-15
3.6602783203e+02 4.1504579331e-14 3.3374555043e-14 4.0045652395e-15 4.1254590477e-15
3.6608886719e+02 4.1458288557e-14 3.3346468067e-14 3.9997590992e-15 4.1120613907e-15
3.6614990234e+02 4.1534409526e-14 3.3412717420e-14 4.0170261886e-15 4.1046659175e-15
3.6621093750e+02 4.1571756991e-14 3.3424670440e-14 4.0558905183e-15 4.0911960332e-15
3.6627197266e+02 4.1626126184e-14 3.3479205263e-14 4.0344457647e-15 4.1124751561e-15
3.6633300781e+02 4.1490136179e-14 3.3315194110e-14 4.0609437206e-15 4.1139983485e-15
3.6639404297e+02 4.1513144979e-14 3.3326551902e-14 4.0668535435e-15 4.1197395329e-15
3.6645507812e+02 4.1550673681e-14 3.3359395018e-14 4.0870318497e-15 4.1042468128e-15
3.6651611328e+02 4.1379664646e-14 3.3217792614e-14 4.0693701167e-15 4.0925019154e-15
3.6657714844e+02 4.1207229548e-14 3.3092257930e-14 4.0424313905e-15 4.0725402274e-15
3.6663818359e+02 4.1179810793e-14 3.3036397452e-14 4.0603114978e-15 4.0831018428e-15
3.6669921875e+02 4.1041788162e-14 3.2912191635e-14 4.0286925780e-15 4.1009039490e-15
3.6676025391e+02 4.0897329262e-14 3.2731557792e-14 4.0561594830e-15 4.1096119867e-15
3.6682128906e+02 4.0873497469e-14 3.2737237796e-14 4.0158268703e-15 4.1204328026e-15
3.6688232422e+02 4.0966299005e-14 3.2806883143e-14 4.0203311411e-15 4.1390847204e-15
3.6694335938e+02 4.1124904339e-14 3.2944208392e-14 4.0734822122e-15 4.1072137356e-15
3.6700439453e+02 4.1142521315e-14 3.2999471541e-14 4.0602810906e-15 4.0827686830e-15
3.6706542969e+02 4.1061818444e-14 3.2924689751e-14 4.0356828420e-15 4.1014458508e-15
3.6712646484e+02 4.1246741765e-14 3.3057389822e-14 4.0666571264e-15 4.1226948171e-15
3.6718750000e+02 4.1167820829e-14 3.2950905421e-14 4.0772952921e-15 4.1396201158e-15
3.6724853516e+02 4.1021664300e-14 3.2823181572e-14 4.0732905003e-15 4.1251922276e-15
3.6730957031e+02 4.0932991418e-14 3.2846731840e-14 3.9925511488e-15 4.0937084297e-15
3.6737060547e+02 4.0991787255e-14 3.2912076871e-14 3.9554990829e-15 4.1242113015e-15
3.6743164062e+02 4.0842622531e-14 3.2759174315e-14 3.9953210109e-15 4.0881272045e-15
3.6749267578e+02 4.0809644020e-14 3.2718537975e-14 4.0340151447e-15 4.0570909004e-15
3.6755371094e+02 4.0834890982e-14 3.2736011793e-14 4.0031866528e-15 4.0956925369e-15
3.6761474609e+02 4.0927524395e-14 3.2753494184e-14 4.0235971162e-15 4.1504330948e-15
3.6767578125e+02 4.0874846350e-14 3.2724154903e-14 3.9767887254e-15 4.1739027216e-15
3.6773681641e+02 4.0867099700e-14 3.2754257495e-14 4.0099673268e-15 4.1028748781e-15
3.6779785156e+02 4.0833358085e-14 3.2737517840e-14 4.0077683359e-15 4.0880719082e-15
3.6785888672e+02 4.0768937878e-14 3.2645662196e-14 4.0291178756e-15 4.0941578067e-15
3.6791992188e+02 4.0691376689e-14 3.2545461081e-14 4.0412429654e-15 4.1046726426e-15
3.6798095703e+02 4.0648165124e-14 3.2491801279e-14 4.0571777877e-15 4.0991860565e-15
3.6804199219e+02 4.0579502476e-14 3.2390032154e-14 4.0535132747e-15 4.1359570468e-15
3.6810302734e+02 4.0546796919e-14 3.2368245543e-14 4.0344103791e-15 4.1441409967e-15
3.6816406250e+02 4.0617440830e-14 3.2444806057e-14 4.0467963558e-15 4.1258384175e-15
3.6822509766e+02 4.0527171260e-14 3.2370532946e-14 4.0666998847e-15 4.0899384292e-15
3.6828613281e+02 4.0545340655e-14 3.2360090371e-14 4.0685856768e-15 4.1166646067e-15
3.6834716797e+02 4.0538841122e-14 3.2359732975e-14 4.0414046831e-15 4.1377034634e-15
3.6840820312e+02 4.0564080781e-14 3.2370323500e-14 4.0550240278e-15 4.1387332535e-15
3.6846923828e+02 4.0474521137e-14 3.2288437612e-14 4.0644109930e-15 4.1216725320e-15
3.6853027344e+02 4.0465121397e-14 3.2376786197e-14 3.9889044546e-15 4.0994307450e-15
3.6859130859e+02 4.0382362346e-14 3.2282083547e-14 3.9960894906e-15 4.1041893086e-15
3.6865234375e+02 4.0446498043e-14 3.2240502305e-14 4.0354193979e-15 4.1705763400e-15
3.6871337891e+02 4.0486576329e-14 3.2299332335e-14 4.0165908813e-15 4.1706531129e-15
3.6877441406e+02 4.0452456558e-14 3.2310112748e-14 4.0181954838e-15 4.1241483259e-15
3.6883544922e+02 4.0234159765e-14 3.2073120826e-14 4.0267750316e-15 4.1342639081e-15
3.6889648438e+02 4.0117098131e-14 3.2000285167e-14 4.0296172222e-15 4.0871957417e-15
3.6895751953e+02 4.0331683741e-14 3.2215461208e-14 4.0247511213e-15 4.0914714113e-15
3.6901855469e+02 4.0466336400e-14 3.2294516713e-14 4.0212504073e-15 4.1505692793e-15
3.6907958984e+02 4.0221316974e-14 3.2067308229e-14 4.0448053807e-15 4.1092033643e-15
3.6914062500e+02 4.0041130293e-14 3.1924096001e-14 4.0174294841e-15 4.0996048079e-15
3.6920166016e+02 4.0058374644e-14 3.1932117291e-14 4.0098740604e-15 4.1163832922e-15
3.6926269531e+02 4.0146668816e-14 3.2048878700e-14 3.9789420257e-15 4.1188480900e-15
3.6932373047e+02 4.0236552976e-14 3.2134881338e-14 3.9934624442e-15 4.1082091935e-15
3.6938476562e+02 4.0352491766e-14 3.2202395078e-14 4.0071293980e-15 4.1429672896e-15
3.6944580078e+02 4.0181362990e-14 3.2005778632e-14 4.0155278009e-15 4.1600565568e-15
3.6950683594e+02 4.0061378896e-14 3.1904141765e-14 4.0159760312e-15 4.1412610992e-15
3.6956787109e+02 3.9963373889e-14 3.1799295264e-14 4.0549106159e-15 4.1091680091e-15
3.6962890625e+02 3.9854853036e-14 3.1715596405e-14 4.0589544738e-15 4.0803021571e-15
3.6968994141e+02 3.9924491062e-14 3.1690708395e-14 4.0853075814e-15 4.1484750860e-15
3.6975097656e+02 3.9962491906e-14 3.1771350735e-14 4.0295840264e-15 4.1615571454e-15
3.6981201172e+02 3.9913281295e-14 3.1778930678e-14 3.9871833843e-15 4.1471672333e-15
3.6987304688e+02 3.9967233690e-14 3.1774430580e-14 4.0334516711e-15 4.1593514390e-15
3.6993408203e+02 3.9920524688e-14 3.1737054059e-14 4.0196117821e-15 4.1638588471e-15
3.6999511719e+02 3.9821478640e-14 3.1643218507e-14 4.0176232378e-15 4.1606368950e-15
3.7005615234e+02 3.9668073037e-14 3.1502682565e-14 4.0066997209e-15 4.1586907509e-15
3.7011718750e+02 3.9576973180e-14 3.1424978646e-14 4.0184565300e-15 4.1335380031e-15
3.7017822266e+02 3.9660348270e-14 3.1505319741e-14 4.0173614536e-15 4.1376670763e-15
3.7023925781e+02 3.9635488788e-14 3.1514805598e-14 4.0270687695e-15 4.0936144203e-15
3.7030029297e+02 3.9511514915e-14 3.1390381719e-14 4.0364296208e-15 4.0847035754e-15
3.7036132812e+02 3.9666954759e-14 3.1546058731e-14 4.0316623866e-15 4.0892336413e-15
3.7042236328e+02 3.9788770143e-14 3.1674119332e-14 4.0114743186e-15 4.1031764920e-15
3.7048339844e+02 3.9855820459e-14 3.1659829693e-14 4.0561856463e-15 4.1398051197e-15
3.7054443359e+02 3.9746411878e-14 3.1543119905e-14 4.0779716368e-15 4.1253203360e-15
3.7060546875e+02 3.9692087598e-14 3.1472628073e-14 4.0798567767e-15 4.1396027486e-15
3.7066650391e+02 3.9726722783e-14 3.1531936212e-14 4.0452931221e-15 4.1494934483e-15
3.7072753906e+02 3.9697421897e-14 3.1547967540e-14 4.0432229167e-15 4.1062314408e-15
3.7078857422e+02 3.9553525034e-14 3.1450333364e-14 4.0231462307e-15 4.0800454385e-15
3.7084960938e+02 3.9455309902e-14 3.1328246145e-14 4.0186646448e-15 4.1083991116e-15
3.7091064453e+02 3.9278213696e-14 3.1170205411e-14 4.0314450434e-15 4.0765632409e-15
3.7097167969e+02 3.9450970911e-14 3.1291357652e-14 4.0512970314e-15 4.1083162280e-15
3.7103271484e+02 3.9381782738e-14 3.1217622868e-14 4.0446102322e-15 4.1195496380e-15
3.7109375000e+02 3.9343802990e-14 3.1215355640e-14 3.9887569193e-15 4.1396904308e-15
3.7115478516e+02 3.9410630361e-14 3.1240414050e-14 3.9987885674e-15 4.1714277443e-15
3.7121582031e+02 3.9323671599e-14 3.1179110910e-14 4.0118395016e-15 4.1327211874e-15
3.7127685547e+02 3.9080288523e-14 3.1015803504e-14 3.9383149627e-15 4.1261700567e-15
3.7133789062e+02 3.9148231479e-14 3.0979418782e-14 4.0137763852e-15 4.1550363115e-15
3.7139892578e+02 3.9247756910e-14 3.1049473833e-14 4.0115819439e-15 4.1867011326e-15
3.7145996094e+02 3.9237700251e-14 3.1064883737e-14 4.0101669882e-15 4.1626495259e-15
3.7152099609e+02 3.9098534576e-14 3.0933694040e-14 4.0444545005e-15 4.1203860348e-15
3.7158203125e+02 3.9065974672e-14 3.0909788381e-14 4.0129034532e-15 4.1432828379e-15
3.7164306641e+02 3.9292164548e-14 3.1055068011e-14 4.0466606756e-15 4.1904358612e-15
3.7170410156e+02 3.9254292465e-14 3.1058307758e-14 4.0328326625e-15 4.1631520446e-15
3.7176513672e+02 3.9052517622e-14 3.0824060810e-14 4.0545394267e-15 4.1739173857e-15
3.7182617188e+02 3.8831566325e-14 3.0639744903e-14 4.0394364062e-15 4.1523850155e-15
3.7188720703e+02 3.8842200528e-14 3.0680197523e-14 4.0375287810e-15 4.1244742232e-15
3.7194824219e+02 3.8997534762e-14 3.0811628339e-14 4.0307137193e-15 4.1551927032e-15
3.7200927734e+02 3.8957847315e-14 3.0779184036e-14 4.0361426300e-15 4.1425206487e-15
3.7207031250e+02 3.9025981384e-14 3.0809324498e-14 4.0676253925e-15 4.1490314936e-15
3.7213134766e+02 3.9023606207e-14 3.0839848052e-14 4.0654999886e-15 4.1182581668e-15
3.7219238281e+02 3.9025344802e-14 3.0815538511e-14 4.0448783790e-15 4.1649279116e-15
3.7225341797e+02 3.9036877534e-14 3.0798268230e-14 4.0483793614e-15 4.1902299430e-15
3.7231445312e+02 3.8856463308e-14 3.0636917017e-14 4.0231077254e-15 4.1964385655e-15
3.7237548828e+02 3.8782795095e-14 3.0587523681e-14 4.0219512267e-15 4.1733201881e-15
3.7243652344e+02 3.8619803016e-14 3.0483121209e-14 4.0114063311e-15 4.1252754765e-15
3.7249755859e+02 3.8673446821e-14 3.0478346167e-14 4.0502504700e-15 4.1448501842e-15
3.7255859375e+02 3.8609544360e-14 3.0412958803e-14 4.0446686128e-15 4.1519169440e-15
3.7261962891e+02 3.8540693251e-14 3.0381913027e-14 3.9866100349e-15 4.1721701890e-15
3.7268066406e+02 3.8641635450e-14 3.0504314526e-14 3.9527465087e-15 4.1845744151e-15
3.7274169922e+02 3.8681321465e-14 3.0528371510e-14 4.0079200589e-15 4.1450298960e-15
3.7280273438e+02 3.8790377173e-14 3.0653369344e-14 4.0142714611e-15 4.1227363684e-15
3.7286376953e+02 3.8822774253e-14 3.0666216034e-14 4.0028249695e-15 4.1537332499e-15
3.7292480469e+02 3.8773192471e-14 3.0547387158e-14 4.0621102935e-15 4.1636950197e-15
3.7298583984e+02 3.8565238533e-14 3.0352784460e-14 4.0456072304e-15 4.1668468424e-15
3.7304687500e+02 3.8409328219e-14 3.0263876335e-14 4.0066279446e-15 4.1388239390e-15
3.7310791016e+02 3.8343915391e-14 3.0221662542e-14 4.0181481612e-15 4.1041046880e-15
3.7316894531e+02 3.8317632201e-14 3.0147950537e-14 4.0299963900e-15 4.1396852739e-15
3.7322998047e+02 3.8272040835e-14 3.0061433674e-14 4.0520722352e-15 4.1585349261e-15
3.7329101562e+02 3.8210110288e-14 3.0043391983e-14 4.0586801069e-15 4.1080381981e-15
3.7335205078e+02 3.8300357580e-14 3.0170084314e-14 4.0227679465e-15 4.1075053195e-15
3.7341308594e+02 3.8499306839e-14 3.0302917651e-14 4.0464827667e-15 4.1499064214e-15
3.7347412109e+02 3.8420607027e-14 3.0190680868e-14 4.0809263273e-15 4.1489998318e-15
3.7353515625e+02 3.8320497644e-14 3.0103530498e-14 4.0381204050e-15 4.1788467408e-15
3.7359619141e+02 3.8206196079e-14 3.0030932017e-14 4.0127386773e-15 4.1625253852e-15
3.7365722656e+02 3.8275212454e-14 3.0095011087e-14 4.0031113438e-15 4.1770900226e-15
3.7371826172e+02 3.8213909942e-14 3.0065089489e-14 4.0079441656e-15 4.1408762867e-15
3.7377929688e+02 3.8107376666e-14 2.9900930686e-14 4.0391431542e-15 4.1673028260e-15
3.7384033203e+02 3.7997806760e-14 2.9769515649e-14 4.0991097905e-15 4.1291813199e-15
3.7390136719e+02 3.7997200708e-14 2.9802054199e-14 4.0655343752e-15 4.1296121339e-15
3.7396240234e+02 3.8078354579e-14 2.9891730928e-14 4.0460617281e-15 4.1405619222e-15
3.7402343750e+02 3.8223331992e-14 3.0015510862e-14 4.0292551576e-15 4.1785659719e-15
3.7408447266e+02 3.8115867343e-14 2.9901526603e-14 4.0131529459e-15 4.2011877940e-15
3.7414550781e+02 3.7965389850e-14 2.9799926779e-14 4.0092994984e-15 4.1561635719e-15
3.7420654297e+02 3.7832201493e-14 2.9706310940e-14 4.0089984925e-15 4.1168920600e-15
3.7426757812e+02 3.7810176837e-14 2.9658219244e-14 4.0489572153e-15 4.1030003778e-15
3.7432861328e+02 3.7808055317e-14 2.9553694985e-14 4.0683028210e-15 4.1860575109e-15
3.7438964844e+02 3.7654332076e-14 2.9477931170e-14 4.0237219655e-15 4.1526789403e-15
3.7445068359e+02 3.7632354303e-14 2.9531883104e-14 3.9912779805e-15 4.1091932186e-15
3.7451171875e+02 3.7800485009e-14 2.9675175061e-14 3.9858781786e-15 4.1394317691e-15
3.7457275391e+02 3.7781750523e-14 2.9605390586e-14 4.0274905756e-15 4.1488693610e-15
3.7463378906e+02 3.7676569351e-14 2.9544264924e-14 4.0269361176e-15 4.1053683093e-15
3.7469482422e+02 3.7667429965e-14 2.9577406815e-14 3.9852078842e-15 4.1048152660e-15
3.7475585938e+02 3.7773316822e-14 2.9574856675e-14 4.0087791782e-15 4.1896809686e-15
3.7481689453e+02 3.7842205796e-14 2.9624782014e-14 4.0238793020e-15 4.1935444800e-15
3.7487792969e+02 3.7738433690e-14 2.9576861720e-14 3.9911975371e-15 4.1703744330e-15
3.7493896484e+02 3.7752789631e-14 2.9576458857e-14 4.0507714803e-15 4.1255592941e-15
3.7500000000e+02 3.7531041183e-14 2.9411548568e-14 4.0300326383e-15 4.0894599762e-15
3.7506103516e+02 3.7664337603e-14 2.9524609228e-14 4.0048624797e-15 4.1348658956e-15
3.7512207031e+02 3.7659481853e-14 2.9506937560e-14 4.0090141618e-15 4.1435301312e-15
3.7518310547e+02 3.7546184660e-14 2.9403100075e-14 4.0259160999e-15 4.1171684851e-15
3.7524414062e+02 3.7431761695e-14 2.9264067188e-14 4.0336948531e-15 4.1339996549e-15
3.7530517578e+02 3.7415669591e-14 2.9187964748e-14 4.0732616897e-15 4.1544431528e-15
3.7536621094e+02 3.7279490649e-14 2.9084867135e-14 4.0561902125e-15 4.1384333015e-15
3.7542724609e+02 3.7340403563e-14 2.9191185698e-14 4.0201835263e-15 4.1290343383e-15
3.7548828125e+02 3.7438891870e-14 2.9272688650e-14 4.0333811966e-15 4.1328220226e-15
3.7554931641e+02 3.7431716488e-14 2.9235381493e-14 4.0416112070e-15 4.1547237877e-15
3.7561035156e+02 3.7307038638e-14 2.9115002741e-14 4.0550050245e-15 4.1370308726e-15
3.7567138672e+02 3.7314450675e-14 2.9072826123e-14 4.0512594498e-15 4.1903651024e-15
3.7573242188e+02 3.7198547721e-14 2.9024987113e-14 4.0184201366e-15 4.1551404712e-15
3.7579345703e+02 3.7118465898e-14 2.8980648924e-14 3.9884402924e-15 4.1493766820e-15
3.7585449219e+02 3.7190480538e-14 2.9027634372e-14 4.0190528292e-15 4.1437933369e-15
3.7591552734e+02 3.7181504545e-14 2.9036119248e-14 4.0135118110e-15 4.1318734866e-15
3.7597656250e+02 3.7156801252e-14 2.8979137651e-14 4.0138232174e-15 4.1638403829e-15
3.7603759766e+02 3.7162978472e-14 2.9010041568e-14 4.0419654118e-15 4.1109714920e-15
3.7609863281e+02 3.7047953731e-14 2.8971448820e-14 4.0029911834e-15 4.0735137277e-15
3.7615966797e+02 3.6949524122e-14 2.8791856188e-14 3.9744208895e-15 4.1832470444e-15
3.7622070312e+02 3.6928372132e-14 2.8734443915e-14 4.0231247415e-15 4.1708034758e-15
3.7628173828e+02 3.6914610927e-14 2.8744235898e-14 4.0235634586e-15 4.1468115704e-15
3.7634277344e+02 3.7006503991e-14 2.8844327960e-14 4.0135957025e-15 4.1485803280e-15
3.7640380859e+02 3.7095722772e-14 2.8912677268e-14 4.0191419065e-15 4.1639035971e-15
3.7646484375e+02 3.7041793422e-14 2.8857544796e-14 4.0400256516e-15 4.1442229737e-15
3.7652587891e+02 3.6915759016e-14 2.8758141282e-14 4.0415307560e-15 4.1160869787e-15
3.7658691406e+02 3.6849631450e-14 2.8669011047e-14 4.0481687614e-15 4.1324516409e-15
3.7664794922e+02 3.6893646648e-14 2.8657537614e-14 4.0807608787e-15 4.1553481559e-15
3.7670898438e+02 3.7002019857e-14 2.8822154505e-14 4.0220085025e-15 4.1578568495e-15
3.7677001953e+02 3.7107616234e-14 2.8891074628e-14 4.0245171181e-15 4.1920244880e-15
3.7683105469e+02 3.6994117480e-14 2.8758241865e-14 4.0398901049e-15 4.1959855105e-15
3.7689208984e+02 3.6946879762e-14 2.8711373765e-14 4.0487937011e-15 4.1867122958e-15
3.7695312500e+02 3.6846044923e-14 2.8632263527e-14 4.0318809041e-15 4.1819004917e-15
3.7701416016e+02 3.6824401405e-14 2.8633133027e-14 3.9993367491e-15 4.1919316288e-15
3.7707519531e+02 3.6788498205e-14 2.8614225670e-14 3.9634689105e-15 4.2108036243e-15
3.7713623047e+02 3.6772964761e-14 2.8567891831e-14 4.0383087275e-15 4.1667642026e-15
3.7719726562e+02 3.6705642125e-14 2.8467790548e-14 4.0720706087e-15 4.1657809683e-15
3.7725830078e+02 3.6515067074e-14 2.8313895480e-14 4.0365561638e-15 4.1646154300e-15
3.7731933594e+02 3.6547132143e-14 2.8343523971e-14 4.0565187717e-15 4.1470894008e-15
3.7738037109e+02 3.6596961876e-14 2.8369539509e-14 4.0577452706e-15 4.1696770965e-15
3.7744140625e+02 3.6536865316e-14 2.8346957078e-14 4.0205205006e-15 4.1693877372e-15
3.7750244141e+02 3.6506642332e-14 2.8343955456e-14 4.0010522970e-15 4.1616345788e-15
3.7756347656e+02 3.6622632551e-14 2.8409103519e-14 4.0363694048e-15 4.1771596271e-15
3.7762451172e+02 3.6722467892e-14 2.8532958731e-14 4.0508696194e-15 4.1386395418e-15
3.7768554688e+02 3.6760655861e-14 2.8602204360e-14 4.0189585305e-15 4.1394929704e-15
3.7774658203e+02 3.6654099318e-14 2.8495630604e-14 4.0108540583e-15 4.1476146559e-15
3.7780761719e+02 3.6467489932e-14 2.8336480936e-14 4.0100514570e-15 4.1209575389e-15
3.7786865234e+02 3.6440489293e-14 2.8351656293e-14 4.0083061774e-15 4.0805268224e-15
3.7792968750e+02 3.6416719794e-14 2.8256204977e-14 4.0376036883e-15 4.1229111287e-15
3.7799072266e+02 3.6376222167e-14 2.8185242512e-14 4.0053674164e-15 4.1856122394e-15
3.7805175781e+02 3.6194483708e-14 2.8063314922e-14 4.0126011816e-15 4.1185676048e-15
3.7811279297e+02 3.6254106515e-14 2.8093878288e-14 4.0536136713e-15 4.1066145554e-15
3.7817382812e+02 3.6365291517e-14 2.8187577896e-14 4.0376116982e-15 4.1401019228e-15
3.7823486328e+02 3.6257121619e-14 2.8087250463e-14 4.0430678029e-15 4.1268033526e-15
3.7829589844e+02 3.6242227447e-14 2.8069681683e-14 4.0478044820e-15 4.1247412817e-15
3.7835693359e+02 3.6193054557e-14 2.8002889231e-14 4.0534839614e-15 4.1366813650e-15
3.7841796875e+02 3.6242411645e-14 2.8025027759e-14 4.0552544277e-15 4.1621294584e-15
3.7847900391e+02 3.6109943135e-14 2.7958443464e-14 4.0003229485e-15 4.1511767226e-15
3.7854003906e+02 3.6170515520e-14 2.7983251886e-14 4.0524829643e-15 4.1347806698e-15
3.7860107422e+02 3.6206721508e-14 2.7986117891e-14 4.0972676400e-15 4.1233359765e-15
3.7866210938e+02 3.6142894535e-14 2.7962849855e-14 4.0256256009e-15 4.1544190799e-15
3.7872314453e+02 3.6032503654e-14 2.7884248432e-14 4.0232616695e-15 4.1249935525e-15
3.7878417969e+02 3.5981997299e-14 2.7819809503e-14 4.0167274964e-15 4.1454602994e-15
3.7884521484e+02 3.6050770572e-14 2.7846507628e-14 4.0621976721e-15 4.1420652725e-15
3.7890625000e+02 3.6076472416e-14 2.7897406306e-14 4.0068680940e-15 4.1721980163e-15
3.7896728516e+02 3.6088754515e-14 2.7859723354e-14 4.0521948126e-15 4.1768363481e-15
3.7902832031e+02 3.6113846153e-14 2.7872749857e-14 4.0619587191e-15 4.1791375774e-15
3.7908935547e+02 3.6192514443e-14 2.7954288625e-14 4.0224283802e-15 4.2157974381e-15
3.7915039062e+02 3.6299095954e-14 2.8033247937e-14 4.0423707331e-15 4.2234772836e-15
3.7921142578e+02 3.6122218033e-14 2.7903839803e-14 4.0238965320e-15 4.1944816985e-15
3.7927246094e+02 3.5842451336e-14 2.7700829235e-14 3.9857830595e-15 4.1558390415e-15
3.7933349609e+02 3.5811355965e-14 2.7623597396e-14 4.0126386509e-15 4.1751199183e-15
3.7939453125e+02 3.5725502052e-14 2.7526083741e-14 4.0440785706e-15 4.1553397404e-15
3.7945556641e+02 3.5781902926e-14 2.7671029799e-14 4.0162028026e-15 4.0946703242e-15
3.7951660156e+02 3.5937655847e-14 2.7814051176e-14 4.0008798205e-15 4.1227248504e-15
3.7957763672e+02 3.5819802285e-14 2.7733790819e-14 3.9891782190e-15 4.0968332465e-15
3.7963867188e+02 3.5801273631e-14 2.7672602018e-14 4.0160155360e-15 4.1126560772e-15
3.7969970703e+02 3.5864603255e-14 2.7676250647e-14 4.0469066163e-15 4.1414459915e-15
3.7976074219e+02 3.5781010360e-14 2.7684994149e-14 3.9898576796e-15 4.1061585312e-15
3.7982177734e+02 3.5678112472e-14 2.7521846342e-14 4.0117100616e-15 4.1445560677e-15
3.7988281250e+02 3.5691729856e-14 2.7490679148e-14 4.0357349580e-15 4.1653157507e-15
3.7994384766e+02 3.5630163063e-14 2.7466688449e-14 4.0047836568e-15 4.1586909570e-15
3.8000488281e+02 3.5555823131e-14 2.7391766739e-14 3.9971387964e-15 4.1669175954e-15
3.8006591797e+02 3.5589091663e-14 2.7399888202e-14 4.0286319695e-15 4.1605714914e-15
3.8012695312e+02 3.5700930708e-14 2.7469804099e-14 4.0753423493e-15 4.1557842598e-15
3.8018798828e+02 3.5634201884e-14 2.7405430939e-14 4.0479088463e-15 4.1808620985e-15
3.8024902344e+02 3.5635292120e-14 2.7441218895e-14 4.0272212881e-15 4.1668519374e-15
3.8031005859e+02 3.5714410310e-14 2.7529146394e-14 4.0212772340e-15 4.1639866828e-15
3.8037109375e+02 3.5819473898e-14 2.7578257225e-14 4.0211581306e-15 4.2200585430e-15
3.8043212891e+02 3.5749176562e-14 2.7541933813e-14 4.0061358910e-15 4.2011068585e-15
3.8049316406e+02 3.5588524744e-14 2.7383524434e-14 4.0281868968e-15 4.1768134126e-15
3.8055419922e+02 3.5497113059e-14 2.7306878577e-14 4.0124250909e-15 4.1778093909e-15
3.8061523438e+02 3.5370990290e-14 2.7176114672e-14 3.9916764669e-15 4.2031991515e-15
3.8067626953e+02 3.5310406869e-14 2.7117168465e-14 4.0096283503e-15 4.1836100536e-15
3.8073730469e+02 3.5365727555e-14 2.7201166324e-14 4.0092587161e-15 4.1553025148e-15
3.8079833984e+02 3.5357074888e-14 2.7158578633e-14 4.0522242739e-15 4.1462719808e-15
3.8085937500e+02 3.5327400010e-14 2.7163739438e-14 4.0195278416e-15 4.1441327300e-15
3.8092041016e+02 3.5271925920e-14 2.7162945218e-14 3.9828267213e-15 4.1261539811e-15
3.8098144531e+02 3.5411762909e-14 2.7246073387e-14 4.0034264082e-15 4.1622631135e-15
3.8104248047e+02 3.5439443627e-14 2.7232322222e-14 4.0280010978e-15 4.1791203073e-15
3.8110351562e+02 3.5386672011e-14 2.7164761436e-14 4.0405216944e-15 4.1813888804e-15
3.8116455078e+02 3.5357913515e-14 2.7170548190e-14 4.0231947049e-15 4.1641706202e-15
3.8122558594e+02 3.5202722417e-14 2.7046302640e-14 3.9982522489e-15 4.1581675278e-15
3.8128662109e+02 3.5177141806e-14 2.6979550278e-14 3.9721222060e-15 4.2254693219e-15
3.8134765625e+02 3.5064114436e-14 2.6900062924e-14 3.9921983758e-15 4.1718531360e-15
3.8140869141e+02 3.5003172133e-14 2.6853905177e-14 4.0060941402e-15 4.1431728157e-15
3.8146972656e+02 3.5081181569e-14 2.6906194590e-14 4.0303159696e-15 4.1446710094e-15
3.8153076172e+02 3.5178777970e-14 2.6960856883e-14 4.0104429733e-15 4.2074781136e-15
3.8159179688e+02 3.5051446240e-14 2.6886569845e-14 4.0047141895e-15 4.1601622052e-15
3.8165283203e+02 3.4909917675e-14 2.6780886922e-14 3.9781939051e-15 4.1508368473e-15
3.8171386719e+02 3.5046670630e-14 2.6820631368e-14 3.9950109305e-15 4.2310283315e-15
3.8177490234e+02 3.5056788399e-14 2.6863186652e-14 4.0127895503e-15 4.1808121968e-15
3.8183593750e+02 3.5000828300e-14 2.6796146931e-14 4.0211133605e-15 4.1835680082e-15
3.8189697266e+02 3.4936069972e-14 2.6714873795e-14 4.0371580133e-15 4.1840381637e-15
3.8195800781e+02 3.4955686275e-14 2.6714909691e-14 4.0432070318e-15 4.1975695520e-15
3.8201904297e+02 3.4872402209e-14 2.6589969883e-14 4.0812740642e-15 4.2011582617e-15
3.8208007812e+02 3.4857028053e-14 2.6577116771e-14 4.0566057542e-15 4.2233055274e-15
3.8214111328e+02 3.4823795566e-14 2.6567562366e-14 4.0490898913e-15 4.2071433082e-15
3.8220214844e+02 3.4871264455e-14 2.6597290618e-14 4.0760263527e-15 4.1979474845e-15
3.8226318359e+02 3.4802946650e-14 2.6609612924e-14 4.0198872956e-15 4.1734464304e-15
3.8232421875e+02 3.4622146585e-14 2.6458786244e-14 4.0028960681e-15 4.1604642736e-15
3.8238525391e+02 3.4642975885e-14 2.6489456656e-14 3.9813459775e-15 4.1721732508e-15
3.8244628906e+02 3.4645794701e-14 2.6472920005e-14 3.9997695219e-15 4.1731051740e-15
3.8250732422e+02 3.4602199572e-14 2.6422502104e-14 4.0025687237e-15 4.1771287441e-15
3.8256835938e+02 3.4544046236e-14 2.6347867603e-14 3.9979669322e-15 4.1982117010e-15
3.8262939453e+02 3.4565442725e-14 2.6343048853e-14 3.9919262237e-15 4.2304676480e-15
3.8269042969e+02 3.4584302986e-14 2.6365468638e-14 4.0098356354e-15 4.2089987125e-15
3.8275146484e+02 3.4534625127e-14 2.6342727431e-14 4.0227296874e-15 4.1691680093e-15
3.8281250000e+02 3.4519936282e-14 2.6300950327e-14 4.0204710592e-15 4.1985148965e-15
3.8287353516e+02 3.4611290696e-14 2.6336106427e-14 4.0236507706e-15 4.2515334979e-15
3.8293457031e+02 3.4664186945e-14 2.6417145818e-14 4.0019221535e-15 4.2451189729e-15
3.8299560547e+02 3.4691034537e-14 2.6476053278e-14 4.0185116744e-15 4.1964695845e-15
3.8305664062e+02 3.4562291445e-14 2.6369818235e-14 4.0045605939e-15 4.1879126163e-15
3.8311767578e+02 3.4505223687e-14 2.6347320562e-14 3.9923597374e-15 4.1655433876e-15
3.8317871094e+02 3.4471258565e-14 2.6270760508e-14 4.0434536081e-15 4.1570444494e-15
3.8323974609e+02 3.4386834308e-14 2.6156748756e-14 4.0519800288e-15 4.1781055241e-15
3.8330078125e+02 3.4446649546e-14 2.6193019202e-14 4.0439959012e-15 4.2096344420e-15
3.8336181641e+02 3.4462610938e-14 2.6218775273e-14 4.0433664065e-15 4.2004692586e-15
3.8342285156e+02 3.4355559734e-14 2.6148108915e-14 4.0293311163e-15 4.1781197027e-15
3.8348388672e+02 3.4060420638e-14 2.5956409795e-14 3.9629157671e-15 4.1410950761e-15
3.8354492188e+02 3.4078250194e-14 2.5918645032e-14 4.0076989555e-15 4.1519062066e-15
3.8360595703e+02 3.4128472759e-14 2.5949185941e-14 4.0123294206e-15 4.1669573972e-15
3.8366699219e+02 3.4282860650e-14 2.6078048783e-14 4.0068003985e-15 4.1980114681e-15
3.8372802734e+02 3.4372772404e-14 2.6120146447e-14 4.0231945630e-15 4.2294313937e-15
3.8378906250e+02 3.4273295266e-14 2.6010150039e-14 4.0434850455e-15 4.2196601807e-15
3.8385009766e+02 3.4105856110e-14 2.5888728730e-14 4.0146429114e-15 4.2024844691e-15
3.8391113281e+02 3.3997971491e-14 2.5839018553e-14 3.9760376379e-15 4.1829153007e-15
3.8397216797e+02 3.4029112343e-14 2.5893141780e-14 3.9983412984e-15 4.1376292644e-15
3.8403320312e+02 3.4016238363e-14 2.5854057831e-14 4.0325263527e-15 4.1296541789e-15
3.8409423828e+02 3.3920682667e-14 2.5772224002e-14 4.0118669005e-15 4.1365917641e-15
3.8415527344e+02 3.4024953346e-14 2.5833275432e-14 4.0296878878e-15 4.1619900260e-15
3.8421630859e+02 3.4040031496e-14 2.5849335350e-14 4.0113492949e-15 4.1793468514e-15
3.8427734375e+02 3.3900014738e-14 2.5732180816e-14 4.0238008738e-15 4.1440330485e-15
3.8433837891e+02 3.3920244560e-14 2.5717571970e-14 4.0207381328e-15 4.1819344580e-15
3.8439941406e+02 3.3980883351e-14 2.5780269856e-14 4.0244652164e-15 4.1761482787e-15
3.8446044922e+02 3.3847601120e-14 2.5692164853e-14 4.0050265081e-15 4.1504097592e-15
3.8452148438e+02 3.3852215860e-14 2.5674503204e-14 4.0096947326e-15 4.1680179239e-15
3.8458251953e+02 3.3743107711e-14 2.5559032845e-14 3.9776974339e-15 4.2063774317e-15
3.8464355469e+02 3.3649305076e-14 2.5469628089e-14 3.9779962475e-15 4.2016807389e-15
3.8470458984e+02 3.3772703622e-14 2.5566234999e-14 3.9922660025e-15 4.2142026212e-15
3.8476562500e+02 3.3745851143e-14 2.5507622567e-14 3.9822699016e-15 4.2559586747e-15
3.8482666016e+02 3.3754274430e-14 2.5531287270e-14 3.9690830605e-15 4.2539040991e-15
3.8488769531e+02 3.3897227042e-14 2.5683752549e-14 4.0083026788e-15 4.2051718147e-15
3.8494873047e+02 3.3981328029e-14 2.5763361073e-14 4.0079374701e-15 4.2100294860e-15
3.8500976562e+02 3.3912167138e-14 2.5667270569e-14 4.0160685668e-15 4.2288280026e-15
3.8507080078e+02 3.3776035371e-14 2.5576436449e-14 4.0103419747e-15 4.1892569478e-15
3.8513183594e+02 3.3781019362e-14 2.5590004959e-14 4.0272961870e-15 4.1637182158e-15
3.8519287109e+02 3.3721878039e-14 2.5435873281e-14 4.0454732581e-15 4.2405315003e-15
3.8525390625e+02 3.3661481634e-14 2.5363141344e-14 4.0748433890e-15 4.2234969009e-15
3.8531494141e+02 3.3765099724e-14 2.5457249263e-14 4.0828769723e-15 4.2249734885e-15
3.8537597656e+02 3.3790201091e-14 2.5510768498e-14 4.0589207780e-15 4.2205118150e-15
3.8543701172e+02 3.3716623188e-14 2.5513269783e-14 4.0218013638e-15 4.1815520416e-15
3.8549804688e+02 3.3621374140e-14 2.5471573642e-14 3.9779558084e-15 4.1718446894e-15
3.8555908203e+02 3.3823885309e-14 2.5616521277e-14 4.0104565639e-15 4.1969074685e-15
3.8562011719e+02 3.3837422938e-14 2.5640329787e-14 4.0231743794e-15 4.1739187714e-15
3.8568115234e+02 3.3621903210e-14 2.5420757336e-14 4.0246143277e-15 4.1765315471e-15
3.8574218750e+02 3.3533838067e-14 2.5304678710e-14 4.0370816001e-15 4.1920777575e-15
3.8580322266e+02 3.3705105274e-14 2.5406446518e-14 4.0807685595e-15 4.2178901970e-15
3.8586425781e+02 3.3656908852e-14 2.5393575471e-14 4.0690656538e-15 4.1942677273e-15
3.8592529297e+02 3.3451491800e-14 2.5235561284e-14 4.0288925429e-15 4.1870379732e-15
3.8598632812e+02 3.3427259106e-14 2.5160438791e-14 4.0508123789e-15 4.2160079365e-15
3.8604736328e+02 3.3347309712e-14 2.5092309504e-14 4.0485018944e-15 4.2064983138e-15
3.8610839844e+02 3.3171724822e-14 2.4956008270e-14 4.0269200007e-15 4.1887965512e-15
3.8616943359e+02 3.3166347714e-14 2.4941439722e-14 4.0412315939e-15 4.1836763984e-15
3.8623046875e+02 3.3402449405e-14 2.5124802490e-14 4.0621520878e-15 4.2154948268e-15
3.8629150391e+02 3.3425444316e-14 2.5195518812e-14 4.0249232167e-15 4.2050022868e-15
3.8635253906e+02 3.3457997202e-14 2.5253254759e-14 4.0330020933e-15 4.1717403491e-15
3.8641357422e+02 3.3365870341e-14 2.5121798591e-14 4.0393755580e-15 4.2046961911e-15
3.8647460938e+02 3.3156758915e-14 2.4906496591e-14 4.0318531964e-15 4.2184091281e-15
3.8653564453e+02 3.3062879225e-14 2.4884528373e-14 3.9758475180e-15 4.2025033336e-15
3.8659667969e+02 3.3058874946e-14 2.4901316283e-14 3.9864872549e-15 4.1710714082e-15
3.8665771484e+02 3.3260906577e-14 2.5042875538e-14 4.0081709159e-15 4.2098601237e-15
3.8671875000e+02 3.3416647700e-14 2.5179938256e-14 4.0227711676e-15 4.2139382758e-15
3.8677978516e+02 3.3429949044e-14 2.5187506773e-14 4.0451717355e-15 4.1972705362e-15
3.8684082031e+02 3.3374585508e-14 2.5126914892e-14 4.0233165413e-15 4.2243540741e-15
3.8690185547e+02 3.3173635472e-14 2.4943226481e-14 4.0405354785e-15 4.1898735130e-15
3.8696289062e+02 3.3077382406e-14 2.4873385103e-14 4.0192942199e-15 4.1847030837e-15
3.8702392578e+02 3.2976848500e-14 2.4804771629e-14 3.9911837255e-15 4.1808931454e-15
3.8708496094e+02 3.3102615931e-14 2.4908609250e-14 4.0152335566e-15 4.1787731246e-15
3.8714599609e+02 3.3073009456e-14 2.4904691395e-14 4.0150753138e-15 4.1532427468e-15
3.8720703125e+02 3.3191355139e-14 2.5003052043e-14 3.9978893850e-15 4.1904137105e-15
3.8726806641e+02 3.3215542418e-14 2.4959549939e-14 4.0131441448e-15 4.2428483341e-15
3.8732910156e+02 3.3066996435e-14 2.4829287940e-14 4.0103953512e-15 4.2273131438e-15
3.8739013672e+02 3.2971419711e-14 2.4712233030e-14 4.0136981317e-15 4.2454885497e-15
3.8745117188e+02 3.2846739777e-14 2.4623415260e-14 3.9964485669e-15 4.2268759501e-15
3.8751220703e+02 3.2831907522e-14 2.4670164691e-14 3.9745841405e-15 4.1871586909e-15
3.8757324219e+02 3.2978732713e-14 2.4790647095e-14 4.0190250522e-15 4.1690605658e-15
3.8763427734e+02 3.3035024042e-14 2.4802539255e-14 4.0626849606e-15 4.1697998262e-15
3.8769531250e+02 3.2954836011e-14 2.4765377047e-14 4.0142537492e-15 4.1752052152e-15
3.8775634766e+02 3.2798683159e-14 2.4642827803e-14 3.9806620422e-15 4.1751933136e-15
3.8781738281e+02 3.2920907926e-14 2.4717181629e-14 3.9830302021e-15 4.2206960940e-15
3.8787841797e+02 3.2714440058e-14 2.4507304613e-14 3.9936615413e-15 4.2134739040e-15
3.8793945312e+02 3.2738438314e-14 2.4476816338e-14 4.0206084214e-15 4.2410135539e-15
3.8800048828e+02 3.2917559157e-14 2.4642361147e-14 4.0331106243e-15 4.2420873850e-15
3.8806152344e+02 3.3020877739e-14 2.4785649488e-14 3.9941801262e-15 4.2410481250e-15
3.8812255859e+02 3.3058059831e-14 2.4817694848e-14 4.0062934625e-15 4.2340715211e-15
3.8818359375e+02 3.2913790376e-14 2.4660506350e-14 3.9905848970e-15 4.2626991296e-15
3.8824462891e+02 3.2635394101e-14 2.4396627981e-14 3.9694830380e-15 4.2692830821e-15
3.8830566406e+02 3.2451366738e-14 2.4212087904e-14 3.9968338151e-15 4.2424450191e-15
3.8836669922e+02 3.2330898478e-14 2.4087399320e-14 4.0135847935e-15 4.2299143654e-15
3.8842773438e+02 3.2461838428e-14 2.4229512830e-14 3.9892110870e-15 4.2431145114e-15
3.8848876953e+02 3.2681860636e-14 2.4371655860e-14 4.0589705525e-15 4.2512342231e-15
3.8854980469e+02 3.2593054250e-14 2.4313951089e-14 4.0682686522e-15 4.2108345086e-15
3.8861083984e+02 3.2506004444e-14 2.4283531516e-14 4.0484864982e-15 4.1739864295e-15
3.8867187500e+02 3.2421243216e-14 2.4221865185e-14 4.0468936923e-15 4.1524843387e-15
3.8873291016e+02 3.2386906307e-14 2.4277985678e-14 3.9482665880e-15 4.1606540417e-15
3.8879394531e+02 3.2428037235e-14 2.4277618866e-14 3.9700654838e-15 4.1803528849e-15
3.8885498047e+02 3.2497932573e-14 2.4311951839e-14 3.9965561536e-15 4.1894245796e-15
3.8891601562e+02 3.2447216406e-14 2.4251792701e-14 4.0032188511e-15 4.1922048543e-15
3.8897705078e+02 3.2469796419e-14 2.4263337128e-14 4.0121448398e-15 4.1943144516e-15
3.8903808594e+02 3.2346404656e-14 2.4160095640e-14 3.9832653172e-15 4.2030436983e-15
3.8909912109e+02 3.2216921926e-14 2.4038934601e-14 3.9754859807e-15 4.2025013450e-15
3.8916015625e+02 3.2279778128e-14 2.4036658901e-14 4.0313619052e-15 4.2117573216e-15
3.8922119141e+02 3.2342627580e-14 2.4126527631e-14 4.0409818521e-15 4.1751180968e-15
3.8928222656e+02 3.2408329674e-14 2.4219211001e-14 4.0188859385e-15 4.1702327353e-15
3.8934326172e+02 3.2445453273e-14 2.4241545819e-14 4.0102779351e-15 4.1936295193e-15
3.8940429688e+02 3.2268189597e-14 2.4042327444e-14 4.0067487947e-15 4.2191133582e-15
3.8946533203e+02 3.2238325119e-14 2.4047417795e-14 3.9682267072e-15 4.2226806169e-15
3.8952636719e+02 3.2224454262e-14 2.4044914150e-14 4.0017973627e-15 4.1777427497e-15
3.8958740234e+02 3.2041719418e-14 2.3861022754e-14 3.9860528539e-15 4.1946438096e-15
3.8964843750e+02 3.2148018974e-14 2.3894465484e-14 4.0179775370e-15 4.2355759530e-15
3.8970947266e+02 3.2135702799e-14 2.3873130913e-14 4.0436123807e-15 4.2189595055e-15
3.8977050781e+02 3.2135048808e-14 2.3856503628e-14 4.0515260659e-15 4.2270191136e-15
3.8983154297e+02 3.2191854480e-14 2.3935219779e-14 4.0298902029e-15 4.2267444976e-15
3.8989257812e+02 3.2144151396e-14 2.3959022442e-14 3.9923108408e-15 4.1928181132e-15
3.8995361328e+02 3.2239338095e-14 2.4099749002e-14 3.9749973253e-15 4.1645917678e-15
3.9001464844e+02 3.2306161234e-14 2.4146352869e-14 3.9841036578e-15 4.1757047077e-15
3.9007568359e+02 3.2212345802e-14 2.4023795099e-14 3.9809780202e-15 4.2075726830e-15
3.9013671875e+02 3.2172873875e-14 2.3941412323e-14 4.0062681471e-15 4.2251934052e-15
3.9019775391e+02 3.2042025994e-14 2.3842328323e-14 3.9920085226e-15 4.2076891488e-15
3.9025878906e+02 3.1978688790e-14 2.3784186536e-14 4.0095110375e-15 4.1849912168e-15
3.9031982422e+02 3.1993392930e-14 2.3786689615e-14 3.9981300901e-15 4.2085732252e-15
3.9038085938e+02 3.1890948298e-14 2.3693100348e-14 4.0084156073e-15 4.1894323424e-15
3.9044189453e+02 3.1776373809e-14 2.3605939408e-14 3.9580553772e-15 4.2123790243e-15
3.9050292969e+02 3.1852971468e-14 2.3671959657e-14 3.9495243571e-15 4.2314874538e-15
3.9056396484e+02 3.1945532236e-14 2.3706546281e-14 4.0172229552e-15 4.2217629991e-15
3.9062500000e+02 3.2026311864e-14 2.3794168860e-14 4.0277067931e-15 4.2044362107e-15
3.9068603516e+02 3.1944147388e-14 2.3728527219e-14 3.9831560870e-15 4.2324640818e-15
3.9074707031e+02 3.1873394256e-14 2.3660840778e-14 3.9868715906e-15 4.2256818876e-15
3.9080810547e+02 3.1732092578e-14 2.3531213260e-14 4.0000242376e-15 4.2008550796e-15
3.9086914062e+02 3.1604205076e-14 2.3430917176e-14 3.9564216569e-15 4.2168662428e-15
3.9093017578e+02 3.1622662913e-14 2.3455595197e-14 3.9806547002e-15 4.1864130152e-15
3.9099121094e+02 3.1643045818e-14 2.3447270217e-14 4.0215140899e-15 4.1742615109e-15
3.9105224609e+02 3.1617810377e-14 2.3452579514e-14 3.9897119166e-15 4.1755189469e-15
3.9111328125e+02 3.1650304015e-14 2.3469842578e-14 3.9697151147e-15 4.2107463220e-15
3.9117431641e+02 3.1796616332e-14 2.3569167346e-14 4.0066153736e-15 4.2208336130e-15
3.9123535156e+02 3.1839592163e-14 2.3564084217e-14 4.0281331349e-15 4.2473748108e-15
3.9129638672e+02 3.1619853920e-14 2.3371345513e-14 4.0052680235e-15 4.2432403833e-15
3.9135742188e+02 3.1547711611e-14 2.3326445354e-14 3.9744879337e-15 4.2467783234e-15
3.9141845703e+02 3.1580993996e-14 2.3339803081e-14 3.9868690406e-15 4.2543218736e-15
3.9147949219e+02 3.1530121542e-14 2.3271540205e-14 4.0205374771e-15 4.2380438595e-15
3.9154052734e+02 3.1457981098e-14 2.3254054275e-14 3.9854997026e-15 4.2184271204e-15
3.9160156250e+02 3.1549164763e-14 2.3371890655e-14 4.0098759425e-15 4.1673981652e-15
3.9166259766e+02 3.1646161437e-14 2.3454742849e-14 3.9976517036e-15 4.1937668846e-15
3.9172363281e+02 3.1515853094e-14 2.3324199082e-14 3.9898912508e-15 4.2017627616e-15
3.9178466797e+02 3.1597226350e-14 2.3370655981e-14 4.0219435240e-15 4.2046268452e-15
3.9184570312e+02 3.1730386571e-14 2.3490788262e-14 4.0092025648e-15 4.2303957441e-15
3.9190673828e+02 3.1625358867e-14 2.3394675117e-14 3.9978768570e-15 4.2328068929e-15
3.9196777344e+02 3.1562824501e-14 2.3346546503e-14 4.0186266421e-15 4.1976513556e-15
3.9202880859e+02 3.1468814307e-14 2.3343598810e-14 3.9583445638e-15 4.1668709331e-15
3.9208984375e+02 3.1429363085e-14 2.3304603966e-14 3.9557964333e-15 4.1689626859e-15
3.9215087891e+02 3.1236693113e-14 2.3035743253e-14 3.9960325579e-15 4.2049173021e-15
3.9221191406e+02 3.1159151872e-14 2.2962031594e-14 4.0173384730e-15 4.1797818049e-15
3.9227294922e+02 3.1216992148e-14 2.3016512802e-14 4.0325243853e-15 4.1679549605e-15
3.9233398438e+02 3.1352406574e-14 2.3135328862e-14 4.0149617305e-15 4.2021159807e-15
3.9239501953e+02 3.1461434350e-14 2.3255075720e-14 4.0216388626e-15 4.1847197680e-15
3.9245605469e+02 3.1500014485e-14 2.3256522863e-14 4.0346126638e-15 4.2088789580e-15
3.9251708984e+02 3.1360175465e-14 2.3221390838e-14 3.9805336366e-15 4.1582509898e-15
3.9257812500e+02 3.1337481470e-14 2.3157676118e-14 4.0009451806e-15 4.1788601713e-15
3.9263916016e+02 3.1342076974e-14 2.3062458226e-14 4.0780273578e-15 4.2015913896e-15
3.9270019531e+02 3.1227796179e-14 2.2943005271e-14 4.0678619545e-15 4.2169289530e-15
3.9276123047e+02 3.1241023354e-14 2.2960533975e-14 4.0549865229e-15 4.2255028556e-15
3.9282226562e+02 3.1194566341e-14 2.2942098671e-14 4.0275974955e-15 4.2248701746e-15
3.9288330078e+02 3.1135454041e-14 2.2900317030e-14 4.0318942144e-15 4.2032427966e-15
3.9294433594e+02 3.1107032314e-14 2.2886159482e-14 3.9978772833e-15 4.2229955492e-15
3.9300537109e+02 3.1161245594e-14 2.2920029026e-14 3.9745985603e-15 4.2666180085e-15
3.9306640625e+02 3.1261976904e-14 2.3020287241e-14 3.9987423908e-15 4.2429472727e-15
3.9312744141e+02 3.1120417406e-14 2.2893198225e-14 3.9866319481e-15 4.2405872327e-15
3.9318847656e+02 3.1002443628e-14 2.2812158691e-14 3.9826848817e-15 4.2076000552e-15
3.9324951172e+02 3.0989510687e-14 2.2809796011e-14 3.9878646145e-15 4.1918500609e-15
3.9331054688e+02 3.0960702555e-14 2.2761201347e-14 4.0073124918e-15 4.1921887165e-15
3.9337158203e+02 3.0962478866e-14 2.2757234778e-14 4.0184441087e-15 4.1867999790e-15
3.9343261719e+02 3.0820835529e-14 2.2629904150e-14 3.9918852149e-15 4.1990461642e-15
3.9349365234e+02 3.0783168150e-14 2.2594191505e-14 3.9853609911e-15 4.2036156537e-15
3.9355468750e+02 3.0798411106e-14 2.2610525861e-14 4.0133322825e-15 4.1745529626e-15
3.9361572266e+02 3.0928919930e-14 2.2751854380e-14 4.0010296961e-15 4.1760358543e-15
3.9367675781e+02 3.1081414118e-14 2.2861924733e-14 4.0469042286e-15 4.1725851566e-15
3.9373779297e+02 3.1048157835e-14 2.2803802286e-14 4.0360721274e-15 4.2082834209e-15
3.9379882812e+02 3.1061563438e-14 2.2786810409e-14 4.0632950358e-15 4.2114579935e-15
3.9385986328e+02 3.0974918691e-14 2.2724295596e-14 4.0698514107e-15 4.1807716847e-15
3.9392089844e+02 3.0793002857e-14 2.2584349976e-14 4.0233358266e-15 4.1853170549e-15
3.9398193359e+02 3.0609252109e-14 2.2463426728e-14 3.9969624857e-15 4.1488628948e-15
3.9404296875e+02 3.0584664428e-14 2.2453528310e-14 3.9937997347e-15 4.1373363831e-15
3.9410400391e+02 3.0631613278e-14 2.2432871973e-14 4.0095129120e-15 4.1892283934e-15
3.9416503906e+02 3.0676207993e-14 2.2516271073e-14 3.9594542555e-15 4.2004826646e-15
3.9422607422e+02 3.0837998832e-14 2.2697995582e-14 3.9432846587e-15 4.1967185905e-15
3.9428710938e+02 3.0916230120e-14 2.2739715833e-14 3.9553501518e-15 4.2211641350e-15
3.9434814453e+02 3.0892419273e-14 2.2689211635e-14 3.9763744794e-15 4.2268331591e-15
3.9440917969e+02 3.0899850895e-14 2.2652571451e-14 3.9989980097e-15 4.2482814340e-15
3.9447021484e+02 3.0819608251e-14 2.2589965023e-14 4.0062195188e-15 4.2234237095e-15
3.9453125000e+02 3.0750989182e-14 2.2562241715e-14 3.9813027113e-15 4.2074447556e-15
3.9459228516e+02 3.0582492149e-14 2.2419176328e-14 3.9487080523e-15 4.2146077684e-15
3.9465332031e+02 3.0460999645e-14 2.2302768865e-14 3.9625641786e-15 4.1956666016e-15
3.9471435547e+02 3.0491945978e-14 2.2276870251e-14 4.0363619961e-15 4.1787137309e-15
3.9477539062e+02 3.0611680608e-14 2.2379434515e-14 4.0374325120e-15 4.1948135806e-15
3.9483642578e+02 3.0551634924e-14 2.2361951705e-14 4.0101539728e-15 4.1795292469e-15
3.9489746094e+02 3.0615092481e-14 2.2400465895e-14 4.0377085275e-15 4.1769180588e-15
3.9495849609e+02 3.0646411452e-14 2.2418917380e-14 4.0061483110e-15 4.2213457609e-15
3.9501953125e+02 3.0681171804e-14 2.2449987026e-14 3.9861164415e-15 4.2450683361e-15
3.9508056641e+02 3.0571897682e-14 2.2392985066e-14 3.9863768689e-15 4.1925357471e-15
3.9514160156e+02 3.0518761277e-14 2.2324051125e-14 3.9799669409e-15 4.2147432107e-15
3.9520263672e+02 3.0425375008e-14 2.2232798313e-14 3.9759889876e-15 4.2165877074e-15
3.9526367188e+02 3.0380490546e-14 2.2194696533e-14 4.0088170592e-15 4.1769769536e-15
3.9532470703e+02 3.0356372027e-14 2.2126568386e-14 4.0131209798e-15 4.2166826616e-15
3.9538574219e+02 3.0387280955e-14 2.2106272623e-14 4.0316731023e-15 4.2493352296e-15
3.9544677734e+02 3.0397645755e-14 2.2174947211e-14 3.9960704304e-15 4.2266281130e-15
3.9550781250e+02 3.0523606197e-14 2.2308763751e-14 3.9695664896e-15 4.2452759573e-15
3.9556884766e+02 3.0468628084e-14 2.2251972896e-14 3.9978363750e-15 4.2188188138e-15
3.9562988281e+02 3.0375277518e-14 2.2151851612e-14 4.0181253329e-15 4.2053005734e-15
3.9569091797e+02 3.0462818757e-14 2.2224712830e-14 3.9946203674e-15 4.2434855591e-15
3.9575195312e+02 3.0460356488e-14 2.2216096390e-14 3.9682796793e-15 4.2759804184e-15
3.9581298828e+02 3.0208875267e-14 2.2006782017e-14 3.9835277606e-15 4.2185654889e-15
3.9587402344e+02 3.0127764598e-14 2.1962790059e-14 3.9690181314e-15 4.1959564077e-15
3.9593505859e+02 3.0096888841e-14 2.1900028514e-14 3.9725648804e-15 4.2242954463e-15
3.9599609375e+02 3.0118802328e-14 2.1934380135e-14 3.9832510508e-15 4.2011711427e-15
3.9605712891e+02 3.0233069038e-14 2.1982606143e-14 4.0223251027e-15 4.2281377919e-15
3.9611816406e+02 3.0217639268e-14 2.2021484336e-14 3.9763898380e-15 4.2197650945e-15
3.9617919922e+02 3.0145873137e-14 2.1969801864e-14 3.9697522817e-15 4.2063189913e-15
3.9624023438e+02 3.0160987500e-14 2.1930102740e-14 4.0002733128e-15 4.2306114472e-15
3.9630126953e+02 3.0145130719e-14 2.1949808194e-14 3.9605960140e-15 4.2347265106e-15
3.9636230469e+02 3.0185949589e-14 2.1939354938e-14 3.9964905767e-15 4.2501040742e-15
3.9642333984e+02 3.0233388543e-14 2.1985091795e-14 3.9959912110e-15 4.2523055373e-15
3.9648437500e+02 3.0154933949e-14 2.1948321680e-14 3.9825625424e-15 4.2240497263e-15
3.9654541016e+02 3.0012049287e-14 2.1848072547e-14 3.9583575202e-15 4.2056192199e-15
3.9660644531e+02 2.9947036016e-14 2.1687479186e-14 3.9959770296e-15 4.2635798003e-15
3.9666748047e+02 2.9939296192e-14 2.1754343140e-14 3.9634619438e-15 4.2214911079e-15
3.9672851562e+02 3.0025038621e-14 2.1811360237e-14 4.0132160088e-15 4.2004623755e-15
3.9678955078e+02 3.0059764798e-14 2.1796502767e-14 4.0382207610e-15 4.2250412698e-15
3.9685058594e+02 2.9972883091e-14 2.1741911579e-14 4.0229135274e-15 4.2080579843e-15
3.9691162109e+02 3.0065690549e-14 2.1811184774e-14 4.0224090668e-15 4.2320967081e-15
3.9697265625e+02 3.0005508392e-14 2.1762200263e-14 4.0142866627e-15 4.2290214659e-15
3.9703369141e+02 2.9894046608e-14 2.1655886552e-14 3.9965523487e-15 4.2416077075e-15
3.9709472656e+02 2.9867854351e-14 2.1639246829e-14 3.9930301139e-15 4.2355774083e-15
3.9715576172e+02 2.9962591821e-14 2.1743929703e-14 4.0019963174e-15 4.2166658005e-15
3.9721679688e+02 2.9801557383e-14 2.1620313598e-14 3.9463747189e-15 4.2348690660e-15
3.9727783203e+02 2.9611368171e-14 2.1525085447e-14 3.9327698761e-15 4.1535128477e-15
3.9733886719e+02 2.9781240062e-14 2.1629733549e-14 3.9583567797e-15 4.1931497338e-15
3.9739990234e+02 2.9808444478e-14 2.1620812466e-14 3.9850235741e-15 4.2026084384e-15
3.9746093750e+02 2.9771788085e-14 2.1600568763e-14 3.9485403499e-15 4.2226789725e-15
3.9752197266e+02 2.9865235589e-14 2.1660276408e-14 3.9872699029e-15 4.2176892775e-15
3.9758300781e+02 2.9922950974e-14 2.1750687878e-14 4.0011407949e-15 4.1711223003e-15
3.9764404297e+02 2.9832013954e-14 2.1687817744e-14 3.9601847548e-15 4.1840114558e-15
3.9770507812e+02 2.9819931494e-14 2.1646531188e-14 3.9909319310e-15 4.1824683756e-15
3.9776611328e+02 2.9811310201e-14 2.1617181773e-14 4.0086611401e-15 4.1854672870e-15
3.9782714844e+02 2.9781973286e-14 2.1586839047e-14 4.0088398442e-15 4.1862943946e-15
3.9788818359e+02 2.9805122457e-14 2.1558969395e-14 4.0347198884e-15 4.2114331743e-15
3.9794921875e+02 2.9642160703e-14 2.1406019555e-14 4.0325453903e-15 4.2035957582e-15
3.9801025391e+02 2.9417664198e-14 2.1235812082e-14 3.9835977468e-15 4.1982543692e-15
3.9807128906e+02 2.9363894627e-14 2.1167641755e-14 3.9775990455e-15 4.2186538267e-15
3.9813232422e+02 2.9475808681e-14 2.1321997216e-14 3.9990681985e-15 4.1547432667e-15
3.9819335938e+02 2.9580178509e-14 2.1394260861e-14 4.0159044599e-15 4.1700131879e-15
3.9825439453e+02 2.9533594450e-14 2.1304534946e-14 4.0240698310e-15 4.2049896722e-15
3.9831542969e+02 2.9506035384e-14 2.1327279566e-14 3.9762767859e-15 4.2024790316e-15
3.9837646484e+02 2.9592623059e-14 2.1358691939e-14 4.0240396068e-15 4.2098915133e-15
3.9843750000e+02 2.9491673544e-14 2.1244054617e-14 4.0218981591e-15 4.2257207676e-15
3.9849853516e+02 2.9346591352e-14 2.1154517650e-14 3.9845321542e-15 4.2075415478e-15
3.9855957031e+02 2.9263860507e-14 2.1098041646e-14 3.9575040423e-15 4.2083148182e-15
3.9862060547e+02 2.9230273844e-14 2.1112548399e-14 3.9363293999e-15 4.1813960448e-15
3.9868164062e+02 2.9354035424e-14 2.1170522412e-14 4.0030501939e-15 4.1804628172e-15
3.9874267578e+02 2.9370789028e-14 2.1166103590e-14 4.0032309818e-15 4.2014544559e-15
3.9880371094e+02 2.9219018745e-14 2.1014934486e-14 3.9808378580e-15 4.2232464004e-15
3.9886474609e+02 2.9223196237e-14 2.1003076613e-14 3.9872994216e-15 4.2328202019e-15
3.9892578125e+02 2.9241099896e-14 2.1031571435e-14 3.9676607813e-15 4.2418676802e-15
3.9898681641e+02 2.9305620286e-14 2.1086189478e-14 4.0065985644e-15 4.2128322440e-15
3.9904785156e+02 2.9402630099e-14 2.1165276954e-14 4.0110221932e-15 4.2263309517e-15
3.9910888672e+02 2.9345899759e-14 2.1157702666e-14 3.9783828969e-15 4.2098141961e-15
3.9916992188e+02 2.9158572715e-14 2.0987699455e-14 3.9966102988e-15 4.1742629610e-15
3.9923095703e+02 2.9062373353e-14 2.0893972395e-14 3.9560436439e-15 4.2123573146e-15
3.9929199219e+02 2.9085985243e-14 2.0843841568e-14 3.9852581698e-15 4.2568855049e-15
3.9935302734e+02 2.9049289112e-14 2.0835716362e-14 3.9582939148e-15 4.2552788353e-15
3.9941406250e+02 2.9131628107e-14 2.0942646446e-14 3.9621447087e-15 4.2268369517e-15
3.9947509766e+02 2.9282939100e-14 2.1057359121e-14 4.0165583762e-15 4.2090216028e-15
3.9953613281e+02 2.9257235172e-14 2.1042926941e-14 4.0039733805e-15 4.2103348506e-15
3.9959716797e+02 2.9162843286e-14 2.0934196747e-14 3.9888805800e-15 4.2397659590e-15
3.9965820312e+02 2.9082812323e-14 2.0843362127e-14 4.0070277443e-15 4.2324224515e-15
3.9971923828e+02 2.9072245717e-14 2.0870042577e-14 4.0184438396e-15 4.1837593008e-15
3.9978027344e+02 2.9004126698e-14 2.0804056096e-14 4.0073558538e-15 4.1927147479e-15
3.9984130859e+02 2.9019685302e-14 2.0814530902e-14 3.9794684826e-15 4.2256859177e-15
3.9990234375e+02 2.8964745476e-14 2.0794215433e-14 3.9758046843e-15 4.1947253593e-15
3.9996337891e+02 2.8933922597e-14 2.0778154446e-14 3.9855863034e-15 4.1701818474e-15
4.0002441406e+02 2.9103101362e-14 2.0912578782e-14 3.9845245894e-15 4.2059979913e-15
4.0008544922e+02 2.9048340308e-14 2.0903634466e-14 3.9869807935e-15 4.1577250486e-15
4.0014648438e+02 2.8966376686e-14 2.0803355155e-14 3.9974262200e-15 4.1655953111e-15
4.0020751953e+02 2.8903547649e-14 2.0745829298e-14 3.9671141260e-15 4.1906042258e-15
4.0026855469e+02 2.8868244870e-14 2.0681426329e-14 4.0055128520e-15 4.1813056886e-15
4.0032958984e+02 2.8803013588e-14 2.0611325632e-14 4.0285019443e-15 4.1631860118e-15
4.0039062500e+02 2.8797343241e-14 2.0580457658e-14 4.0197249699e-15 4.1971606132e-15
4.0045166016e+02 2.8809139820e-14 2.0567570904e-14 4.0257677798e-15 4.2158011364e-15
4.0051269531e+02 2.8825308280e-14 2.0572586831e-14 4.0647912097e-15 4.1879302390e-15
4.0057373047e+02 2.8707198534e-14 2.0483578026e-14 4.0270609288e-15 4.1965595793e-15
4.0063476562e+02 2.8570728591e-14 2.0384555531e-14 4.0087788292e-15 4.1773942310e-15
4.0069580078e+02 2.8634875954e-14 2.0410121995e-14 4.0180578918e-15 4.2066960669e-15
4.0075683594e+02 2.8677867154e-14 2.0420466296e-14 4.0133404174e-15 4.2440604403e-15
4.0081787109e+02 2.8638221487e-14 2.0393530573e-14 4.0131699611e-15 4.2315209527e-15
4.0087890625e+02 2.8587282441e-14 2.0363900925e-14 4.0081863292e-15 4.2151951870e-15
4.0093994141e+02 2.8647997863e-14 2.0474274025e-14 3.9955550339e-15 4.1781688043e-15
4.0100097656e+02 2.8708637772e-14 2.0484870161e-14 4.0271414323e-15 4.1966261788e-15
4.0106201172e+02 2.8662233780e-14 2.0419260304e-14 4.0074343652e-15 4.2355391101e-15
4.0112304688e+02 2.8720089351e-14 2.0504956525e-14 3.9730099076e-15 4.2421229188e-15
4.0118408203e+02 2.8617451435e-14 2.0485338673e-14 3.9334433267e-15 4.1986694353e-15
4.0124511719e+02 2.8598708379e-14 2.0491374770e-14 3.9465272410e-15 4.1608063675e-15
4.0130615234e+02 2.8581371035e-14 2.0462024677e-14 3.9369837137e-15 4.1823626447e-15
4.0136718750e+02 2.8603115710e-14 2.0399597837e-14 3.9669692828e-15 4.2365485909e-15
4.0142822266e+02 2.8665017702e-14 2.0400413520e-14 3.9872056061e-15 4.2773985758e-15
4.0148925781e+02 2.8671844731e-14 2.0462873775e-14 3.9944573127e-15 4.2145136433e-15
4.0155029297e+02 2.8532935577e-14 2.0363063450e-14 3.9899896658e-15 4.1798824613e-15
4.0161132812e+02 2.8413169147e-14 2.0232601011e-14 3.9850626719e-15 4.1955054645e-15
4.0167236328e+02 2.8372900288e-14 2.0246762074e-14 3.9549699991e-15 4.1711682151e-15
4.0173339844e+02 2.8509569491e-14 2.0354996904e-14 3.9900091930e-15 4.1645633943e-15
4.0179443359e+02 2.8512257673e-14 2.0358358077e-14 4.0251944618e-15 4.1287051343e-15
4.0185546875e+02 2.8451339049e-14 2.0265429742e-14 4.0274745163e-15 4.1584347909e-15
4.0191650391e+02 2.8403565504e-14 2.0196812610e-14 3.9893721340e-15 4.2173807599e-15
4.0197753906e+02 2.8432369908e-14 2.0265483734e-14 3.9699422435e-15 4.1969439300e-15
4.0203857422e+02 2.8404302388e-14 2.0206856392e-14 3.9883091660e-15 4.2091368300e-15
4.0209960938e+02 2.8279832114e-14 2.0062302365e-14 4.0082239414e-15 4.2093058073e-15
4.0216064453e+02 2.8352991320e-14 2.0164152538e-14 3.9815274179e-15 4.2073113642e-15
4.0222167969e+02 2.8448726048e-14 2.0306220131e-14 3.9901024199e-15 4.1524034976e-15
4.0228271484e+02 2.8536309111e-14 2.0365391529e-14 3.9752947793e-15 4.1956228030e-15
4.0234375000e+02 2.8476528908e-14 2.0249018092e-14 4.0078134666e-15 4.2196973491e-15
4.0240478516e+02 2.8538028543e-14 2.0243872428e-14 4.0631520471e-15 4.2310040672e-15
4.0246582031e+02 2.8508743724e-14 2.0262557333e-14 4.0476145184e-15 4.1985718728e-15
4.0252685547e+02 2.8328485536e-14 2.0131300375e-14 3.9846920039e-15 4.2124931570e-15
4.0258789062e+02 2.8205686403e-14 2.0045446270e-14 3.9618048913e-15 4.1984352414e-15
4.0264892578e+02 2.8205815879e-14 2.0025144354e-14 3.9777985090e-15 4.2028730161e-15
4.0270996094e+02 2.8195260962e-14 1.9993095278e-14 3.9768842974e-15 4.2252813859e-15
4.0277099609e+02 2.8146415033e-14 1.9936751384e-14 3.9947168336e-15 4.2149468151e-15
4.0283203125e+02 2.8126484910e-14 1.9926262393e-14 3.9859060620e-15 4.2143164554e-15
4.0289306641e+02 2.8103018276e-14 1.9894949999e-14 4.0045328683e-15 4.2035354085e-15
4.0295410156e+02 2.8064962064e-14 1.9907393873e-14 3.9909903755e-15 4.1665778153e-15
4.0301513672e+02 2.8151395560e-14 1.9987967559e-14 3.9678079125e-15 4.1956200879e-15
4.0307617188e+02 2.8178184789e-14 1.9978279241e-14 3.9827710169e-15 4.2171345311e-15
4.0313720703e+02 2.8241090830e-14 2.0085969328e-14 3.9546103505e-15 4.2005111513e-15
4.0319824219e+02 2.8180110347e-14 2.0047156016e-14 3.9713221558e-15 4.1616321752e-15
4.0325927734e+02 2.7988928677e-14 1.9872431868e-14 3.9644346947e-15 4.1520621148e-15
4.0332031250e+02 2.7875038411e-14 1.9741936085e-14 3.9603222092e-15 4.1727801167e-15
4.0338134766e+02 2.7895250765e-14 1.9751471931e-14 3.9699229307e-15 4.1738559037e-15
4.0344238281e+02 2.8014951844e-14 1.9806349964e-14 3.9760029637e-15 4.2325989168e-15
4.0350341797e+02 2.7996999079e-14 1.9806579753e-14 3.9973304457e-15 4.1930888809e-15
4.0356445312e+02 2.7995356162e-14 1.9879885689e-14 3.9385297195e-15 4.1769407539e-15
4.0362548828e+02 2.7949725229e-14 1.9784038842e-14 3.9410620074e-15 4.2246243802e-15
4.0368652344e+02 2.7950996193e-14 1.9795923505e-14 3.9499778509e-15 4.2050948365e-15
4.0374755859e+02 2.7803493957e-14 1.9634541434e-14 3.9683334499e-15 4.2006190734e-15
4.0380859375e+02 2.7808350961e-14 1.9611911038e-14 3.9954380691e-15 4.2010018540e-15
4.0386962891e+02 2.7828434887e-14 1.9612489193e-14 4.0110030645e-15 4.2049426295e-15
4.0393066406e+02 2.7811847473e-14 1.9609542096e-14 3.9603158652e-15 4.2419895121e-15
4.0399169922e+02 2.7724599430e-14 1.9543257761e-14 3.9809623025e-15 4.2003793667e-15
4.0405273438e+02 2.7768921413e-14 1.9587591978e-14 4.0028267817e-15 4.1785026534e-15
4.0411376953e+02 2.7980178561e-14 1.9747758495e-14 4.0274755987e-15 4.2049444668e-15
4.0417480469e+02 2.8067344908e-14 1.9806878817e-14 4.0339469957e-15 4.2265190952e-15
4.0423583984e+02 2.7926314390e-14 1.9732838989e-14 4.0238645802e-15 4.1696108208e-15
4.0429687500e+02 2.7767831016e-14 1.9592105092e-14 3.9913600147e-15 4.1843659096e-15
4.0435791016e+02 2.7743034430e-14 1.9570752483e-14 3.9818044104e-15 4.1904775366e-15
4.0441894531e+02 2.7771701999e-14 1.9542525993e-14 4.0293520495e-15 4.1998239564e-15
4.0447998047e+02 2.7707742634e-14 1.9535495173e-14 3.9862561551e-15 4.1859913057e-15
4.0454101562e+02 2.7680100323e-14 1.9504081857e-14 3.9761838884e-15 4.1998345780e-15
4.0460205078e+02 2.7729107482e-14 1.9569876129e-14 3.9725944232e-15 4.1866369293e-15
4.0466308594e+02 2.7692800466e-14 1.9495677591e-14 3.9736369832e-15 4.2234858922e-15
4.0472412109e+02 2.7640108996e-14 1.9436891704e-14 3.9768301145e-15 4.2263871782e-15
4.0478515625e+02 2.7604418677e-14 1.9413223738e-14 3.9758302566e-15 4.2153646817e-15
4.0484619141e+02 2.7614413291e-14 1.9473603661e-14 3.9765448343e-15 4.1642647955e-15
4.0490722656e+02 2.7736596775e-14 1.9566190979e-14 4.0051413981e-15 4.1652643979e-15
4.0496826172e+02 2.7777923767e-14 1.9523328120e-14 4.0473004525e-15 4.2072951940e-15
4.0502929688e+02 2.7670634240e-14 1.9424945970e-14 4.0496050566e-15 4.1960832138e-15
4.0509033203e+02 2.7729520256e-14 1.9474956774e-14 4.0427984868e-15 4.2117649957e-15
4.0515136719e+02 2.7504713416e-14 1.9316655991e-14 3.9776102022e-15 4.2104472233e-15
4.0521240234e+02 2.7449976057e-14 1.9243717920e-14 3.9817223647e-15 4.2245357724e-15
4.0527343750e+02 2.7527525726e-14 1.9248923134e-14 4.0008905774e-15 4.2777120143e-15
4.0533447266e+02 2.7543330076e-14 1.9318872623e-14 3.9795496743e-15 4.2449077780e-15
4.0539550781e+02 2.7575096436e-14 1.9368730178e-14 4.0046106518e-15 4.2017556065e-15
4.0545654297e+02 2.7573260260e-14 1.9325626942e-14 4.0242486204e-15 4.2233846969e-15
4.0551757812e+02 2.7531571972e-14 1.9306455779e-14 3.9848407697e-15 4.2402754232e-15
4.0557861328e+02 2.7549983093e-14 1.9298591511e-14 3.9800034052e-15 4.2713881769e-15
4.0563964844e+02 2.7511602592e-14 1.9285057819e-14 3.9938909986e-15 4.2326537738e-15
4.0570068359e+02 2.7580893478e-14 1.9362049678e-14 3.9912239432e-15 4.2276198574e-15
4.0576171875e+02 2.7537345737e-14 1.9314094633e-14 3.9928073388e-15 4.2304437646e-15
4.0582275391e+02 2.7530464016e-14 1.9355727538e-14 3.9930186832e-15 4.1817177950e-15
4.0588378906e+02 2.7567616533e-14 1.9398953600e-14 3.9546672027e-15 4.2139957298e-15
4.0594482422e+02 2.7500852981e-14 1.9342716564e-14 3.9522990302e-15 4.2058373866e-15
4.0600585938e+02 2.7491958361e-14 1.9244119612e-14 4.0175510787e-15 4.2302876700e-15
4.0606689453e+02 2.7429920076e-14 1.9155946493e-14 4.0025731286e-15 4.2714004552e-15
4.0612792969e+02 2.7393305113e-14 1.9180993811e-14 3.9732489882e-15 4.2390623142e-15
4.0618896484e+02 2.7264752289e-14 1.9104720460e-14 3.9522606597e-15 4.2077711697e-15
4.0625000000e+02 2.7330298073e-14 1.9141933522e-14 3.9954372017e-15 4.1929273494e-15
4.0631103516e+02 2.7328984773e-14 1.9092861756e-14 4.0290619674e-15 4.2070610493e-15
4.0637207031e+02 2.7179502508e-14 1.8959322600e-14 4.0219797166e-15 4.1982001918e-15
4.0643310547e+02 2.7202223034e-14 1.8982269961e-14 4.0258519210e-15 4.1941011513e-15
4.0649414062e+02 2.7103238967e-14 1.8946368196e-14 3.9741281676e-15 4.1827426032e-15
4.0655517578e+02 2.7055195044e-14 1.8918139636e-14 3.9400725730e-15 4.1969828355e-15
4.0661621094e+02 2.7099488121e-14 1.8897641401e-14 3.9555519525e-15 4.2462947680e-15
4.0667724609e+02 2.7247122176e-14 1.8992309704e-14 3.9719411498e-15 4.2828713225e-15
4.0673828125e+02 2.7236294594e-14 1.9011347183e-14 4.0076962383e-15 4.2172511732e-15
4.0679931641e+02 2.7015944012e-14 1.8866112910e-14 3.9974692697e-15 4.1523618325e-15
4.0686035156e+02 2.7087727362e-14 1.8903305622e-14 3.9912919243e-15 4.1931298153e-15
4.0692138672e+02 2.7161873141e-14 1.8936379949e-14 3.9646519084e-15 4.2608412841e-15
4.0698242188e+02 2.7153695021e-14 1.8953093710e-14 3.9486756924e-15 4.2519256187e-15
4.0704345703e+02 2.7198800210e-14 1.9024649517e-14 3.9496448102e-15 4.2245058824e-15
4.0710449219e+02 2.7161863157e-14 1.8981728713e-14 3.9537704080e-15 4.2263640365e-15
4.0716552734e+02 2.6967629137e-14 1.8837362950e-14 3.9091919961e-15 4.2210741913e-15
4.0722656250e+02 2.7085195463e-14 1.8852729355e-14 3.9561679642e-15 4.2762981445e-15
4.0728759766e+02 2.7084800301e-14 1.8844344534e-14 4.0183984337e-15 4.2220573328e-15
4.0734863281e+02 2.6855774135e-14 1.8667012940e-14 4.0030140080e-15 4.1857471872e-15
4.0740966797e+02 2.6845002812e-14 1.8646220683e-14 4.0045985500e-15 4.1941835786e-15
4.0747070312e+02 2.7012144651e-14 1.8791713548e-14 4.0006456987e-15 4.2197854041e-15
4.0753173828e+02 2.7068278748e-14 1.8882006571e-14 3.9817473121e-15 4.2045248649e-15
4.0759277344e+02 2.7052139802e-14 1.8844808178e-14 3.9791406715e-15 4.2281909526e-15
4.0765380859e+02 2.7048367837e-14 1.8790272105e-14 4.0280175416e-15 4.2300781909e-15
4.0771484375e+02 2.7154166548e-14 1.8916340848e-14 4.0428497206e-15 4.1949759793e-15
4.0777587891e+02 2.7078250229e-14 1.8836538784e-14 4.0229298045e-15 4.2187816407e-15
4.0783691406e+02 2.6902619241e-14 1.8700942846e-14 3.9560439559e-15 4.2456324391e-15
4.0789794922e+02 2.6871535454e-14 1.8714108272e-14 3.9610650320e-15 4.1963621497e-15
4.0795898438e+02 2.6948683693e-14 1.8767478663e-14 3.9700366990e-15 4.2111683305e-15
4.0802001953e+02 2.6926180027e-14 1.8749439406e-14 3.9627517858e-15 4.2139888354e-15
4.0808105469e+02 2.6946473594e-14 1.8712736490e-14 4.0202212771e-15 4.2135158270e-15
4.0814208984e+02 2.6885815094e-14 1.8707280688e-14 3.9470229074e-15 4.2315114985e-15
4.0820312500e+02 2.6911168445e-14 1.8715702452e-14 3.9479065410e-15 4.2475594514e-15
4.0826416016e+02 2.6880648290e-14 1.8700042452e-14 3.9829529126e-15 4.1976529259e-15
4.0832519531e+02 2.6773767209e-14 1.8578602984e-14 4.0176113415e-15 4.1775528839e-15
4.0838623047e+02 2.6605859837e-14 1.8442147911e-14 3.9860879902e-15 4.1776239358e-15
4.0844726562e+02 2.6601176134e-14 1.8453616739e-14 3.9660252557e-15 4.1815341388e-15
4.0850830078e+02 2.6736310651e-14 1.8595705282e-14 3.9259663768e-15 4.2146389919e-15
4.0856933594e+02 2.6719658547e-14 1.8561067089e-14 3.9109875985e-15 4.2476038590e-15
4.0863037109e+02 2.6602711216e-14 1.8446639051e-14 3.9347134419e-15 4.2213587238e-15
4.0869140625e+02 2.6605724738e-14 1.8415244320e-14 3.9978547413e-15 4.1926256765e-15
4.0875244141e+02 2.6608323968e-14 1.8388876421e-14 4.0420694573e-15 4.1773780895e-15
4.0881347656e+02 2.6707148391e-14 1.8431968480e-14 4.0340449233e-15 4.2411349874e-15
4.0887451172e+02 2.6705766416e-14 1.8458184360e-14 3.9973330504e-15 4.2502490060e-15
4.0893554688e+02 2.6608060961e-14 1.8432601010e-14 3.9598068483e-15 4.2156531019e-15
4.0899658203e+02 2.6586533215e-14 1.8414290934e-14 3.9762437889e-15 4.1959984919e-15
4.0905761719e+02 2.6514595256e-14 1.8331445648e-14 3.9967309994e-15 4.1864186080e-15
4.0911865234e+02 2.6424642485e-14 1.8298576145e-14 3.9788588268e-15 4.1472075133e-15
4.0917968750e+02 2.6521220446e-14 1.8384964270e-14 3.9886793864e-15 4.1475767902e-15
4.0924072266e+02 2.6554001345e-14 1.8325659463e-14 3.9961140950e-15 4.2322277868e-15
4.0930175781e+02 2.6460786838e-14 1.8251490532e-14 3.9983705226e-15 4.2109257838e-15
4.0936279297e+02 2.6452881109e-14 1.8290707653e-14 3.9908559814e-15 4.1713174744e-15
4.0942382812e+02 2.6454618884e-14 1.8273238657e-14 4.0174283506e-15 4.1639518756e-15
4.0948486328e+02 2.6450262495e-14 1.8261649605e-14 4.0019456146e-15 4.1866672749e-15
4.0954589844e+02 2.6490668812e-14 1.8284488617e-14 4.0152237804e-15 4.1909564144e-15
4.0960693359e+02 2.6494348738e-14 1.8223009185e-14 4.0474874610e-15 4.2238520920e-15
4.0966796875e+02 2.6503865867e-14 1.8311536414e-14 3.9947007682e-15 4.1976286852e-15
4.0972900391e+02 2.6437057723e-14 1.8286967209e-14 3.9671418180e-15 4.1829486958e-15
4.0979003906e+02 2.6344502600e-14 1.8246580907e-14 3.9232384571e-15 4.1746832357e-15
4.0985107422e+02 2.6419826758e-14 1.8288586634e-14 3.9308809692e-15 4.2003591555e-15
4.0991210938e+02 2.6487760481e-14 1.8278288583e-14 3.9736168881e-15 4.2358550099e-15
4.0997314453e+02 2.6461099090e-14 1.8241473511e-14 3.9934739024e-15 4.2261516765e-15
4.1003417969e+02 2.6346860749e-14 1.8129084867e-14 3.9991392716e-15 4.2186366111e-15
4.1009521484e+02 2.6068342376e-14 1.7928152842e-14 3.9992585879e-15 4.1409309461e-15
4.1015625000e+02 2.6226364416e-14 1.8062994074e-14 3.9748543977e-15 4.1885159437e-15
4.1021728516e+02 2.6392859093e-14 1.8210682108e-14 3.9629927178e-15 4.2191842674e-15
4.1027832031e+02 2.6405656287e-14 1.8156523210e-14 4.0144088733e-15 4.2347242036e-15
4.1033935547e+02 2.6361900226e-14 1.8180376225e-14 4.0053492051e-15 4.1761747958e-15
4.1040039062e+02 2.6305685732e-14 1.8167422547e-14 3.9765495856e-15 4.1617135999e-15
4.1046142578e+02 2.6292606165e-14 1.8150964260e-14 3.9734327212e-15 4.1682091835e-15
4.1052246094e+02 2.6280400470e-14 1.8123724675e-14 3.9585658078e-15 4.1981099872e-15
4.1058349609e+02 2.6188587599e-14 1.8017128192e-14 3.9618632318e-15 4.2095961748e-15
4.1064453125e+02 2.6142162192e-14 1.7951105608e-14 3.9922487239e-15 4.1988078606e-15
4.1070556641e+02 2.6048105134e-14 1.7898796379e-14 3.9529219685e-15 4.1963867862e-15
4.1076660156e+02 2.6213129136e-14 1.8049406202e-14 3.9474926027e-15 4.2162303311e-15
4.1082763672e+02 2.6322924005e-14 1.8130313287e-14 3.9626969864e-15 4.2299137318e-15
4.1088867188e+02 2.6185102086e-14 1.7989991164e-14 3.9569562107e-15 4.2381547118e-15
4.1094970703e+02 2.5962976782e-14 1.7786931386e-14 3.9565494875e-15 4.2194959091e-15
4.1101074219e+02 2.5842459159e-14 1.7705386578e-14 3.9626259379e-15 4.1744466430e-15
4.1107177734e+02 2.5978658362e-14 1.7807279763e-14 3.9831883683e-15 4.1881902315e-15
4.1113281250e+02 2.6098481990e-14 1.7896186625e-14 3.9966058473e-15 4.2056895180e-15
4.1119384766e+02 2.6118165449e-14 1.7891774412e-14 4.0140208423e-15 4.2123701944e-15
4.1125488281e+02 2.5951154081e-14 1.7789116592e-14 3.9631296095e-15 4.1989078794e-15
4.1131591797e+02 2.5834598960e-14 1.7675479141e-14 3.9779768118e-15 4.1811430070e-15
4.1137695312e+02 2.5818633243e-14 1.7619870210e-14 3.9783345269e-15 4.2204285060e-15
4.1143798828e+02 2.5886790919e-14 1.7643226022e-14 3.9667781132e-15 4.2767867836e-15
4.1149902344e+02 2.5844687100e-14 1.7630583456e-14 3.9479658437e-15 4.2661378002e-15
4.1156005859e+02 2.6004541919e-14 1.7779376251e-14 4.0029021412e-15 4.2222635262e-15
4.1162109375e+02 2.6070248292e-14 1.7833199741e-14 4.0169224245e-15 4.2201261258e-15
4.1168212891e+02 2.6067297786e-14 1.7869359502e-14 3.9807249722e-15 4.2172133117e-15
4.1174316406e+02 2.6001643161e-14 1.7852158462e-14 3.9731146132e-15 4.1763700861e-15
4.1180419922e+02 2.5851658066e-14 1.7727837727e-14 3.9253102376e-15 4.1985101014e-15
4.1186523438e+02 2.5694866815e-14 1.7545739283e-14 3.9371240649e-15 4.2120034669e-15
4.1192626953e+02 2.5813515087e-14 1.7570251154e-14 3.9839164334e-15 4.2593474992e-15
4.1198730469e+02 2.5888699195e-14 1.7646805043e-14 3.9858518971e-15 4.2560422545e-15
4.1204833984e+02 2.5886960811e-14 1.7743193711e-14 3.9500350394e-15 4.1937320614e-15
4.1210937500e+02 2.5811244416e-14 1.7651334983e-14 3.9821309851e-15 4.1777784478e-15
4.1217041016e+02 2.5880457068e-14 1.7705382779e-14 3.9758500636e-15 4.1992242255e-15
4.1223144531e+02 2.6075672051e-14 1.7850136735e-14 4.0406808372e-15 4.1848544784e-15
4.1229248047e+02 2.6030162189e-14 1.7795598608e-14 4.0246545120e-15 4.2099090687e-15
4.1235351562e+02 2.5922603069e-14 1.7667044857e-14 3.9891248908e-15 4.2664333213e-15
4.1241455078e+02 2.5783692630e-14 1.7569691807e-14 3.9839755195e-15 4.2300253029e-15
4.1247558594e+02 2.5770103857e-14 1.7622646175e-14 3.9681103166e-15 4.1793473646e-15
4.1253662109e+02 2.5809406386e-14 1.7620700632e-14 3.9767203779e-15 4.2119853758e-15
4.1259765625e+02 2.5853422490e-14 1.7626130400e-14 4.0055191470e-15 4.2217729427e-15
4.1265869141e+02 2.5735444313e-14 1.7557223690e-14 3.9868509592e-15 4.1913696642e-15
4.1271972656e+02 2.5556793538e-14 1.7452859091e-14 3.9146506884e-15 4.1892837583e-15
4.1278076172e+02 2.5591178736e-14 1.7469534816e-14 3.9095774545e-15 4.2120664646e-15
4.1284179688e+02 2.5524754615e-14 1.7423776750e-14 3.9354201840e-15 4.1655576812e-15
4.1290283203e+02 2.5536278349e-14 1.7388832461e-14 3.9653593017e-15 4.1820865856e-15
4.1296386719e+02 2.5623884863e-14 1.7436898896e-14 4.0089249313e-15 4.1780610352e-15
4.1302490234e+02 2.5535756425e-14 1.7377792370e-14 3.9707194074e-15 4.1872446478e-15
4.1308593750e+02 2.5513143841e-14 1.7334467914e-14 3.9851985917e-15 4.1934773353e-15
4.1314697266e+02 2.5514594346e-14 1.7357205545e-14 3.9884202029e-15 4.1689685983e-15
4.1320800781e+02 2.5571725336e-14 1.7373912402e-14 4.0118468331e-15 4.1859661017e-15
4.1326904297e+02 2.5523414770e-14 1.7319691894e-14 4.0055203959e-15 4.1982024809e-15
4.1333007812e+02 2.5422808920e-14 1.7284754420e-14 3.9581128657e-15 4.1799416334e-15
4.1339111328e+02 2.5550525347e-14 1.7400835953e-14 3.9869701849e-15 4.1627192090e-15
4.1345214844e+02 2.5688882478e-14 1.7513997549e-14 3.9837501004e-15 4.1911348283e-15
4.1351318359e+02 2.5654563512e-14 1.7456791090e-14 3.9805044855e-15 4.2172679358e-15
4.1357421875e+02 2.5604142031e-14 1.7414133275e-14 3.9637695622e-15 4.2262391938e-15
4.1363525391e+02 2.5566228184e-14 1.7388859410e-14 3.9661604653e-15 4.2112083081e-15
4.1369628906e+02 2.5604829975e-14 1.7446688232e-14 3.9833172084e-15 4.1748245343e-15
4.1375732422e+02 2.5683342888e-14 1.7472394805e-14 4.0038265879e-15 4.2071214945e-15
4.1381835938e+02 2.5593363833e-14 1.7413230871e-14 3.9802565781e-15 4.1998763844e-15
4.1387939453e+02 2.5509212405e-14 1.7379595951e-14 3.9506503907e-15 4.1789660634e-15
4.1394042969e+02 2.5366700197e-14 1.7249455026e-14 3.9289910192e-15 4.1882541522e-15
4.1400146484e+02 2.5295957298e-14 1.7179468525e-14 3.9441288234e-15 4.1723599491e-15
4.1406250000e+02 2.5373333864e-14 1.7201831450e-14 3.9848984480e-15 4.1866039652e-15
4.1412353516e+02 2.5341038635e-14 1.7160954723e-14 4.0049879868e-15 4.1750959259e-15
4.1418457031e+02 2.5459032325e-14 1.7251326381e-14 4.0009967233e-15 4.2067092207e-15
4.1424560547e+02 2.5549393017e-14 1.7332461006e-14 3.9947021845e-15 4.2222298268e-15
4.1430664062e+02 2.5449486025e-14 1.7312968993e-14 3.9907756284e-15 4.1457414035e-15
4.1436767578e+02 2.5399337006e-14 1.7288349652e-14 3.9829141071e-15 4.1280732474e-15
4.1442871094e+02 2.5501488806e-14 1.7328406353e-14 3.9711185104e-15 4.2019639429e-15
4.1448974609e+02 2.5517705851e-14 1.7296183943e-14 3.9722930764e-15 4.2492288317e-15
4.1455078125e+02 2.5424658982e-14 1.7256169782e-14 3.9463045447e-15 4.2221846546e-15
4.1461181641e+02 2.5571243912e-14 1.7360678493e-14 3.9938306041e-15 4.2167348148e-15
4.1467285156e+02 2.5685483294e-14 1.7485675149e-14 3.9963799622e-15 4.2034281821e-15
4.1473388672e+02 2.5504519484e-14 1.7278364199e-14 3.9907810910e-15 4.2353741943e-15
4.1479492188e+02 2.5266508342e-14 1.7068547966e-14 3.9932351506e-15 4.2047252251e-15
4.1485595703e+02 2.5200552806e-14 1.6977944927e-14 4.0128994959e-15 4.2097083830e-15
4.1491699219e+02 2.5272251499e-14 1.7074000462e-14 4.0095136897e-15 4.1887373470e-15
4.1497802734e+02 2.5384601383e-14 1.7251694262e-14 3.9804314943e-15 4.1524756259e-15
4.1503906250e+02 2.5388058867e-14 1.7225464410e-14 3.9793492986e-15 4.1832451588e-15
4.1510009766e+02 2.5368017734e-14 1.7204176991e-14 4.0017183413e-15 4.1621224019e-15
4.1516113281e+02 2.5379809147e-14 1.7216697948e-14 3.9944082540e-15 4.1687029455e-15
4.1522216797e+02 2.5301924893e-14 1.7220419010e-14 3.9914272583e-15 4.0900786247e-15
4.1528320312e+02 2.5128369671e-14 1.6991728422e-14 3.9683767176e-15 4.1682645320e-15
4.1534423828e+02 2.4999240855e-14 1.6852760569e-14 3.9548290484e-15 4.1916512374e-15
4.1540527344e+02 2.4931305827e-14 1.6787834689e-14 3.9669167002e-15 4.1765544375e-15
4.1546630859e+02 2.5037948072e-14 1.6913420882e-14 3.9444000864e-15 4.1801271028e-15
4.1552734375e+02 2.5164418094e-14 1.6997322481e-14 3.9630772130e-15 4.2040183997e-15
4.1558837891e+02 2.5265879909e-14 1.7055433396e-14 3.9907729475e-15 4.2196735658e-15
4.1564941406e+02 2.5246831808e-14 1.7082380763e-14 3.9734569519e-15 4.1909940935e-15
4.1571044922e+02 2.5187396998e-14 1.7021261057e-14 3.9592738806e-15 4.2068620598e-15
4.1577148438e+02 2.5055768536e-14 1.6881206760e-14 3.9498420719e-15 4.2247197040e-15
4.1583251953e+02 2.5128676471e-14 1.6869761290e-14 3.9834739727e-15 4.2754412084e-15
4.1589355469e+02 2.5191544125e-14 1.6969129741e-14 3.9802433020e-15 4.2421710818e-15
4.1595458984e+02 2.5155714274e-14 1.6954870740e-14 3.9766505564e-15 4.2241929773e-15
4.1601562500e+02 2.5118079139e-14 1.6937027385e-14 3.9821917543e-15 4.1988599995e-15
4.1607666016e+02 2.5069621966e-14 1.6918225914e-14 3.9675142793e-15 4.1838817724e-15
4.1613769531e+02 2.5149484368e-14 1.6998531636e-14 3.9673319653e-15 4.1836207660e-15
4.1619873047e+02 2.5157619702e-14 1.6948429754e-14 4.0154700210e-15 4.1937199268e-15
4.1625976562e+02 2.5120613934e-14 1.6894486774e-14 4.0294331184e-15 4.1966940413e-15
4.1632080078e+02 2.5065578519e-14 1.6869638799e-14 3.9962307943e-15 4.1997089253e-15
4.1638183594e+02 2.5102397898e-14 1.6931049561e-14 3.9484824833e-15 4.2228658532e-15
4.1644287109e+02 2.4984641254e-14 1.6840798767e-14 3.9202347392e-15 4.2236077484e-15
4.1650390625e+02 2.4964193777e-14 1.6827183949e-14 3.9098368999e-15 4.2271729279e-15
4.1656494141e+02 2.4971226458e-14 1.6805549512e-14 3.9776352516e-15 4.1880416947e-15
4.1662597656e+02 2.4949476810e-14 1.6735932628e-14 4.0068123795e-15 4.2067318022e-15
4.1668701172e+02 2.4832166991e-14 1.6683769364e-14 3.9456514410e-15 4.2027461862e-15
4.1674804688e+02 2.4688223557e-14 1.6583531988e-14 3.8995489516e-15 4.2051426178e-15
4.1680908203e+02 2.4695345854e-14 1.6526314712e-14 3.9211197313e-15 4.2479114107e-15
4.1687011719e+02 2.4760818054e-14 1.6552132593e-14 3.9858297916e-15 4.2228556692e-15
4.1693115234e+02 2.4754004871e-14 1.6634004978e-14 3.9544983230e-15 4.1655015696e-15
4.1699218750e+02 2.4764421061e-14 1.6589647933e-14 3.9837263409e-15 4.1910467872e-15
4.1705322266e+02 2.4750204791e-14 1.6568946704e-14 4.0128934040e-15 4.1683646822e-15
4.1711425781e+02 2.4805361994e-14 1.6603780351e-14 4.0281723950e-15 4.1734092483e-15
4.1717529297e+02 2.4913924835e-14 1.6649315919e-14 4.0160250627e-15 4.2485838533e-15
4.1723632812e+02 2.4885950287e-14 1.6616402562e-14 4.0416131762e-15 4.2279345488e-15
4.1729736328e+02 2.4731090065e-14 1.6562893170e-14 3.9537890872e-15 4.2144078080e-15
4.1735839844e+02 2.4662257207e-14 1.6551544522e-14 3.9303648358e-15 4.1803478487e-15
4.1741943359e+02 2.4786976677e-14 1.6637777437e-14 3.9725640774e-15 4.1766351627e-15
4.1748046875e+02 2.4720564795e-14 1.6584333366e-14 3.9464663317e-15 4.1897650967e-15
4.1754150391e+02 2.4520544400e-14 1.6396844142e-14 3.9490038531e-15 4.1746964048e-15
4.1760253906e+02 2.4488531695e-14 1.6334581810e-14 3.9412278614e-15 4.2127220234e-15
4.1766357422e+02 2.4488974983e-14 1.6355066294e-14 3.9432998742e-15 4.1906088151e-15
4.1772460938e+02 2.4632108583e-14 1.6490572917e-14 3.9244864066e-15 4.2170492587e-15
4.1778564453e+02 2.4719990787e-14 1.6511336120e-14 3.9521486600e-15 4.2565060064e-15
4.1784667969e+02 2.4633275106e-14 1.6437902519e-14 3.9826480670e-15 4.2127245203e-15
4.1790771484e+02 2.4545684148e-14 1.6375708797e-14 3.9846777131e-15 4.1852976380e-15
4.1796875000e+02 2.4611360920e-14 1.6437097957e-14 3.9451254163e-15 4.2291375463e-15
4.1802978516e+02 2.4551046143e-14 1.6403570633e-14 3.9389861803e-15 4.2084893300e-15
4.1809082031e+02 2.4503622165e-14 1.6351264768e-14 3.9331150388e-15 4.2192423583e-15
4.1815185547e+02 2.4431923738e-14 1.6321693173e-14 3.9459896575e-15 4.1642409081e-15
4.1821289062e+02 2.4450472684e-14 1.6293104853e-14 3.9942312485e-15 4.1631365817e-15
4.1827392578e+02 2.4565905697e-14 1.6362185698e-14 4.0005705681e-15 4.2031494307e-15
4.1833496094e+02 2.4651833975e-14 1.6442944668e-14 3.9812238351e-15 4.2276654717e-15
4.1839599609e+02 2.4609777429e-14 1.6406123492e-14 3.9759867188e-15 4.2276672183e-15
4.1845703125e+02 2.4545204038e-14 1.6354593496e-14 3.9826361906e-15 4.2079743509e-15
4.1851806641e+02 2.4565500435e-14 1.6353260680e-14 3.9891660189e-15 4.2230737367e-15
4.1857910156e+02 2.4541315193e-14 1.6329302177e-14 3.9882339792e-15 4.2237790366e-15
4.1864013672e+02 2.4441398392e-14 1.6293587404e-14 3.9549204862e-15 4.1928905018e-15
4.1870117188e+02 2.4432802564e-14 1.6274976889e-14 3.9990536267e-15 4.1587720481e-15
4.1876220703e+02 2.4470085322e-14 1.6287481329e-14 3.9703635951e-15 4.2122403977e-15
4.1882324219e+02 2.4511019172e-14 1.6311347977e-14 3.9790666056e-15 4.2206045891e-15
4.1888427734e+02 2.4470742202e-14 1.6310396458e-14 3.9978272544e-15 4.1625184899e-15
4.1894531250e+02 2.4388801977e-14 1.6235885366e-14 3.9821967697e-15 4.1707198414e-15
4.1900634766e+02 2.4375282202e-14 1.6152413025e-14 3.9982848689e-15 4.2245843082e-15
4.1906738281e+02 2.4410806071e-14 1.6212062921e-14 3.9861589362e-15 4.2125842137e-15
4.1912841797e+02 2.4434971036e-14 1.6250803027e-14 4.0111899874e-15 4.1729780214e-15
4.1918945312e+02 2.4249723108e-14 1.6093586865e-14 3.9952543059e-15 4.1608819362e-15
4.1925048828e+02 2.4203040535e-14 1.6011261519e-14 3.9953111627e-15 4.1964678528e-15
4.1931152344e+02 2.4290103537e-14 1.6081329341e-14 3.9989143258e-15 4.2098598703e-15
4.1937255859e+02 2.4197637257e-14 1.6018023018e-14 3.9949881163e-15 4.1846261229e-15
4.1943359375e+02 2.4207140472e-14 1.5997044087e-14 3.9993135465e-15 4.2107828383e-15
4.1949462891e+02 2.4207660313e-14 1.5973941527e-14 3.9980531817e-15 4.2356656034e-15
4.1955566406e+02 2.4201363287e-14 1.5959531019e-14 3.9798493868e-15 4.2619828814e-15
4.1961669922e+02 2.4069309558e-14 1.5870889549e-14 3.9664347244e-15 4.2319852849e-15
4.1967773438e+02 2.4064959954e-14 1.5915375566e-14 3.9503683199e-15 4.1992160685e-15
4.1973876953e+02 2.4134844214e-14 1.5981387880e-14 3.9919525724e-15 4.1615037623e-15
4.1979980469e+02 2.4119422778e-14 1.5951029070e-14 4.0008128386e-15 4.1675808692e-15
4.1986083984e+02 2.4143068150e-14 1.5959620982e-14 3.9759254746e-15 4.2075216932e-15
4.1992187500e+02 2.4163599904e-14 1.5975287586e-14 3.9876103614e-15 4.2007019562e-15
4.1998291016e+02 2.4152412455e-14 1.5980392391e-14 3.9983575359e-15 4.1736625276e-15
4.2004394531e+02 2.4181893762e-14 1.6017523457e-14 3.9668490812e-15 4.1975212232e-15
4.2010498047e+02 2.4153477656e-14 1.5963252820e-14 3.9997343634e-15 4.1904904730e-15
4.2016601562e+02 2.4044197327e-14 1.5912034324e-14 3.9833186551e-15 4.1488443475e-15
4.2022705078e+02 2.4083379193e-14 1.5979004999e-14 3.9529256653e-15 4.1514485288e-15
4.2028808594e+02 2.4145806189e-14 1.6006043258e-14 3.9634367039e-15 4.1763262268e-15
4.2034912109e+02 2.4109583317e-14 1.5955475037e-14 3.9579521955e-15 4.1961560851e-15
4.2041015625e+02 2.4009805690e-14 1.5882251818e-14 3.9850226528e-15 4.1425312193e-15
4.2047119141e+02 2.4055846196e-14 1.5888582256e-14 3.9832450243e-15 4.1840189156e-15
4.2053222656e+02 2.4063662226e-14 1.5870849723e-14 3.9690238738e-15 4.2237886288e-15
4.2059326172e+02 2.3981872875e-14 1.5816055083e-14 3.9317763720e-15 4.2340414201e-15
4.2065429688e+02 2.4060877184e-14 1.5893246104e-14 3.9346389410e-15 4.2329921396e-15
4.2071533203e+02 2.4179381530e-14 1.5955673564e-14 3.9680276745e-15 4.2556802911e-15
4.2077636719e+02 2.4088699453e-14 1.5934444503e-14 3.9557462396e-15 4.1985087111e-15
4.2083740234e+02 2.3975200270e-14 1.5847222031e-14 3.9415885561e-15 4.1863896828e-15
4.2089843750e+02 2.3931174342e-14 1.5791777680e-14 3.9543698815e-15 4.1850267798e-15
4.2095947266e+02 2.4016700169e-14 1.5804857378e-14 4.0039086528e-15 4.2079341386e-15
4.2102050781e+02 2.4007589390e-14 1.5833102910e-14 3.9554660827e-15 4.2190203972e-15
4.2108154297e+02 2.3704158621e-14 1.5587156117e-14 3.9110913286e-15 4.2059111755e-15
4.2114257812e+02 2.3645577845e-14 1.5482764281e-14 3.9574966207e-15 4.2053169434e-15
4.2120361328e+02 2.3831296606e-14 1.5599317384e-14 4.0041738504e-15 4.2278053717e-15
4.2126464844e+02 2.3908041418e-14 1.5661245091e-14 4.0181331545e-15 4.2286631728e-15
4.2132568359e+02 2.3922156663e-14 1.5688922579e-14 4.0119856053e-15 4.2212484792e-15
4.2138671875e+02 2.3913783971e-14 1.5723535095e-14 3.9588654231e-15 4.2313834529e-15
4.2144775391e+02 2.3819162190e-14 1.5727417382e-14 3.8955398689e-15 4.1962049393e-15
4.2150878906e+02 2.3736526004e-14 1.5644118301e-14 3.9063096731e-15 4.1860980294e-15
4.2156982422e+02 2.3745201859e-14 1.5585294792e-14 3.9651404318e-15 4.1947666353e-15
4.2163085938e+02 2.3863477268e-14 1.5679404664e-14 3.9875125065e-15 4.1965600984e-15
4.2169189453e+02 2.3907305770e-14 1.5736165745e-14 3.9773609379e-15 4.1937790866e-15
4.2175292969e+02 2.3804307220e-14 1.5671278989e-14 3.9511012158e-15 4.1819270154e-15
4.2181396484e+02 2.3651586136e-14 1.5473767035e-14 4.0010762851e-15 4.1767428161e-15
4.2187500000e+02 2.3623318361e-14 1.5471504976e-14 3.9793645199e-15 4.1724488648e-15
4.2193603516e+02 2.3755269940e-14 1.5557218259e-14 3.9909495464e-15 4.2071021350e-15
4.2199707031e+02 2.3841651444e-14 1.5709195233e-14 3.9496216673e-15 4.1828345440e-15
4.2205810547e+02 2.3848326765e-14 1.5688329448e-14 3.9394562668e-15 4.2205410504e-15
4.2211914062e+02 2.3720861707e-14 1.5535219293e-14 3.9309525939e-15 4.2546898200e-15
4.2218017578e+02 2.3741926364e-14 1.5579307173e-14 3.9371675867e-15 4.2254516051e-15
4.2224121094e+02 2.3694817700e-14 1.5587123500e-14 3.9432538433e-15 4.1644403570e-15
4.2230224609e+02 2.3697479188e-14 1.5558304389e-14 3.9760443196e-15 4.1631304794e-15
4.2236328125e+02 2.3646042791e-14 1.5502937899e-14 3.9674443108e-15 4.1756605808e-15
4.2242431641e+02 2.3605873297e-14 1.5475281857e-14 3.9306920201e-15 4.1998994205e-15
4.2248535156e+02 2.3743210830e-14 1.5530946831e-14 3.9735209467e-15 4.2387430523e-15
4.2254638672e+02 2.3838490831e-14 1.5610631634e-14 4.0000046870e-15 4.2278545101e-15
4.2260742188e+02 2.3902780701e-14 1.5689555043e-14 3.9780564531e-15 4.2351692047e-15
4.2266845703e+02 2.3864152156e-14 1.5693704646e-14 3.9759599095e-15 4.1944876001e-15
4.2272949219e+02 2.3797055546e-14 1.5683097798e-14 3.9738624683e-15 4.1400952797e-15
4.2279052734e+02 2.3738071331e-14 1.5582782425e-14 3.9624881538e-15 4.1928007528e-15
4.2285156250e+02 2.3768055593e-14 1.5606412439e-14 3.9672587674e-15 4.1943843864e-15
4.2291259766e+02 2.3769752163e-14 1.5622751305e-14 3.9406626677e-15 4.2063381901e-15
4.2297363281e+02 2.3659138826e-14 1.5482491482e-14 3.9338436820e-15 4.2428036622e-15
4.2303466797e+02 2.3426943137e-14 1.5261001083e-14 3.9396784482e-15 4.2262636051e-15
4.2309570312e+02 2.3416285649e-14 1.5340113368e-14 3.9110223027e-15 4.1651499782e-15
4.2315673828e+02 2.3532114906e-14 1.5386408257e-14 3.9597482147e-15 4.1859584339e-15
4.2321777344e+02 2.3611173333e-14 1.5354856657e-14 4.0280748145e-15 4.2282418618e-15
4.2327880859e+02 2.3484992785e-14 1.5283129210e-14 4.0238128603e-15 4.1780507149e-15
4.2333984375e+02 2.3466351344e-14 1.5296176421e-14 3.9876481034e-15 4.1825268193e-15
4.2340087891e+02 2.3526331943e-14 1.5342895896e-14 4.0199466028e-15 4.1634894447e-15
4.2346191406e+02 2.3587773565e-14 1.5397651318e-14 4.0417034686e-15 4.1484187788e-15
4.2352294922e+02 2.3618002716e-14 1.5419448466e-14 4.0091506883e-15 4.1894035613e-15
4.2358398438e+02 2.3533191013e-14 1.5404665387e-14 3.9229132201e-15 4.2056124058e-15
4.2364501953e+02 2.3408824940e-14 1.5333912067e-14 3.9088990051e-15 4.1660138682e-15
4.2370605469e+02 2.3442905738e-14 1.5321203545e-14 3.9751639730e-15 4.1465382191e-15
4.2376708984e+02 2.3484035680e-14 1.5345497808e-14 3.9604276778e-15 4.1781101944e-15
4.2382812500e+02 2.3491296722e-14 1.5330035255e-14 3.9756448546e-15 4.1856166131e-15
4.2388916016e+02 2.3468658987e-14 1.5284745345e-14 4.0046071678e-15 4.1793064746e-15
4.2395019531e+02 2.3492535890e-14 1.5299634511e-14 4.0139199428e-15 4.1789814363e-15
4.2401123047e+02 2.3429880275e-14 1.5305592649e-14 3.9481125479e-15 4.1761750777e-15
4.2407226562e+02 2.3390861888e-14 1.5192824268e-14 3.9687704134e-15 4.2292672070e-15
4.2413330078e+02 2.3248051766e-14 1.5067982598e-14 3.9742883425e-15 4.2057808260e-15
4.2419433594e+02 2.3079037920e-14 1.4973445940e-14 3.9356226038e-15 4.1699693755e-15
4.2425537109e+02 2.3076217619e-14 1.4986916269e-14 3.9463643488e-15 4.1429370004e-15
4.2431640625e+02 2.3224445407e-14 1.5125057024e-14 3.9593176219e-15 4.1400707613e-15
4.2437744141e+02 2.3317538426e-14 1.5183711663e-14 3.9564950099e-15 4.1773317529e-15
4.2443847656e+02 2.3284684234e-14 1.5097679424e-14 3.9820688892e-15 4.2049359210e-15
4.2449951172e+02 2.3250208578e-14 1.5012865904e-14 4.0221601005e-15 4.2151825729e-15
4.2456054688e+02 2.3281985086e-14 1.5041164103e-14 4.0292971513e-15 4.2115238319e-15
4.2462158203e+02 2.3184780146e-14 1.5010085218e-14 3.9918831775e-15 4.1828117510e-15
4.2468261719e+02 2.3239823399e-14 1.5061835697e-14 3.9923785126e-15 4.1856091894e-15
4.2474365234e+02 2.3335156390e-14 1.5144864895e-14 4.0060557696e-15 4.1842357257e-15
4.2480468750e+02 2.3366469052e-14 1.5198149135e-14 3.9787780173e-15 4.1895419004e-15
4.2486572266e+02 2.3413366737e-14 1.5266134623e-14 3.9378403594e-15 4.2093917549e-15
4.2492675781e+02 2.3370359042e-14 1.5217885903e-14 3.9531547859e-15 4.1993183535e-15
4.2498779297e+02 2.3235579599e-14 1.5095344349e-14 3.9828026475e-15 4.1574326028e-15
4.2504882812e+02 2.3129020562e-14 1.4996118336e-14 3.9662831524e-15 4.1666190734e-15
4.2510986328e+02 2.3053693078e-14 1.4931496732e-14 3.9686656356e-15 4.1535307108e-15
4.2517089844e+02 2.3073795208e-14 1.4967867653e-14 3.9617422399e-15 4.1441853146e-15
4.2523193359e+02 2.3139103410e-14 1.5010179641e-14 3.9456615449e-15 4.1832622245e-15
4.2529296875e+02 2.3093931752e-14 1.5011236266e-14 3.9633572376e-15 4.1193382477e-15
4.2535400391e+02 2.2960751399e-14 1.4877885367e-14 3.9733936668e-15 4.1094723660e-15
4.2541503906e+02 2.3003805532e-14 1.4838476877e-14 3.9731329650e-15 4.1921956898e-15
4.2547607422e+02 2.3124252176e-14 1.4866359383e-14 4.0061129326e-15 4.2517798611e-15
4.2553710938e+02 2.3024584924e-14 1.4875721199e-14 3.9375982816e-15 4.2112654426e-15
4.2559814453e+02 2.2991607859e-14 1.4861770392e-14 3.9338184762e-15 4.1960189901e-15
4.2565917969e+02 2.3011364287e-14 1.4838299813e-14 3.9820435344e-15 4.1910209396e-15
4.2572021484e+02 2.3022609338e-14 1.4854182540e-14 3.9712086053e-15 4.1972181929e-15
4.2578125000e+02 2.3065406095e-14 1.4860176291e-14 3.9910718967e-15 4.2141579074e-15
4.2584228516e+02 2.3035838668e-14 1.4825909355e-14 4.0035379304e-15 4.2063913833e-15
4.2590332031e+02 2.3001621051e-14 1.4785148415e-14 3.9992401250e-15 4.2172325114e-15
4.2596435547e+02 2.2951990511e-14 1.4776843046e-14 3.9819527641e-15 4.1931947011e-15
4.2602539062e+02 2.2886059415e-14 1.4780408337e-14 3.9656268855e-15 4.1400241924e-15
4.2608642578e+02 2.2914345856e-14 1.4758352324e-14 3.9749441463e-15 4.1810493856e-15
4.2614746094e+02 2.2970555082e-14 1.4795480728e-14 3.9373421620e-15 4.2377321921e-15
4.2620849609e+02 2.3043915758e-14 1.4861033792e-14 3.9525580949e-15 4.2303238714e-15
4.2626953125e+02 2.3000216376e-14 1.4840446816e-14 3.9563582157e-15 4.2034113449e-15
4.2633056641e+02 2.2955772031e-14 1.4797476445e-14 3.9804675440e-15 4.1778280425e-15
4.2639160156e+02 2.2904621561e-14 1.4788315864e-14 3.9491316369e-15 4.1671740600e-15
4.2645263672e+02 2.2949286346e-14 1.4788266215e-14 3.9609094896e-15 4.2001106406e-15
4.2651367188e+02 2.2933911603e-14 1.4790017074e-14 3.9558483315e-15 4.1880461977e-15
4.2657470703e+02 2.2799139175e-14 1.4669734249e-14 3.9517826516e-15 4.1776222746e-15
4.2663574219e+02 2.2821723521e-14 1.4683578472e-14 3.9781070131e-15 4.1600380354e-15
4.2669677734e+02 2.2802715409e-14 1.4692021702e-14 3.9850663363e-15 4.1256273704e-15
4.2675781250e+02 2.2913581328e-14 1.4757574312e-14 3.9782572274e-15 4.1777497892e-15
4.2681884766e+02 2.2868673729e-14 1.4719149852e-14 3.9434044114e-15 4.2061194653e-15
4.2687988281e+02 2.2883402027e-14 1.4779849278e-14 3.9319173677e-15 4.1716353813e-15
4.2694091797e+02 2.2886253241e-14 1.4695241257e-14 3.9874721779e-15 4.2035398056e-15
4.2700195312e+02 2.2819776088e-14 1.4622024276e-14 3.9819409330e-15 4.2158108788e-15
4.2706298828e+02 2.2767637744e-14 1.4558827914e-14 3.9778497332e-15 4.2309600964e-15
4.2712402344e+02 2.2759533661e-14 1.4614506571e-14 3.9672517929e-15 4.1777752969e-15
4.2718505859e+02 2.2760245877e-14 1.4667558731e-14 3.9533206008e-15 4.1393665447e-15
4.2724609375e+02 2.2741012158e-14 1.4641074360e-14 3.9505682864e-15 4.1493695117e-15
4.2730712891e+02 2.2775366285e-14 1.4647762553e-14 3.9503274040e-15 4.1772763281e-15
4.2736816406e+02 2.2888845355e-14 1.4708104953e-14 3.9551914399e-15 4.2255489628e-15
4.2742919922e+02 2.2921003128e-14 1.4717586931e-14 3.9504027867e-15 4.2530134097e-15
4.2749023438e+02 2.2945116937e-14 1.4766388684e-14 3.9624374918e-15 4.2162907610e-15
4.2755126953e+02 2.2796621605e-14 1.4660626307e-14 3.9643552938e-15 4.1716400044e-15
4.2761230469e+02 2.2812313839e-14 1.4677017542e-14 3.9647836725e-15 4.1705126244e-15
4.2767333984e+02 2.2715844870e-14 1.4618967710e-14 3.9272884377e-15 4.1695887224e-15
4.2773437500e+02 2.2734885318e-14 1.4608078964e-14 3.9368758860e-15 4.1899304677e-15
4.2779541016e+02 2.2792699806e-14 1.4580815641e-14 3.9858099829e-15 4.2260741815e-15
4.2785644531e+02 2.2692594947e-14 1.4483107068e-14 3.9727758613e-15 4.2367120172e-15
4.2791748047e+02 2.2569336691e-14 1.4408947178e-14 3.9754364933e-15 4.1849530192e-15
4.2797851562e+02 2.2444844532e-14 1.4313614062e-14 3.9757585115e-15 4.1554719581e-15
4.2803955078e+02 2.2495264325e-14 1.4333463719e-14 3.9655815848e-15 4.1962190213e-15
4.2810058594e+02 2.2512810699e-14 1.4323891474e-14 3.9852532715e-15 4.2036659528e-15
4.2816162109e+02 2.2507760215e-14 1.4313550958e-14 4.0045389689e-15 4.1896702882e-15
4.2822265625e+02 2.2396326266e-14 1.4292573442e-14 3.9602715817e-15 4.1434812419e-15
4.2828369141e+02 2.2244815704e-14 1.4203435569e-14 3.9340896867e-15 4.1072904487e-15
4.2834472656e+02 2.2333975429e-14 1.4234674579e-14 3.9631985144e-15 4.1361023360e-15
4.2840576172e+02 2.2356520956e-14 1.4217297589e-14 3.9922849431e-15 4.1469384240e-15
4.2846679688e+02 2.2375317240e-14 1.4230599955e-14 3.9611263920e-15 4.1835908933e-15
4.2852783203e+02 2.2479982751e-14 1.4337045248e-14 3.9351574819e-15 4.2077800209e-15
4.2858886719e+02 2.2522797889e-14 1.4407462502e-14 3.9315144888e-15 4.1838208982e-15
4.2864990234e+02 2.2540657118e-14 1.4414914363e-14 3.9749182001e-15 4.1508245549e-15
4.2871093750e+02 2.2568597936e-14 1.4364529896e-14 4.0144165549e-15 4.1896514844e-15
4.2877197266e+02 2.2554492445e-14 1.4340456446e-14 4.0137199804e-15 4.2003160190e-15
4.2883300781e+02 2.2597553069e-14 1.4394707603e-14 3.9928603178e-15 4.2099851488e-15
4.2889404297e+02 2.2390020771e-14 1.4243327413e-14 3.9488431840e-15 4.1978501734e-15
4.2895507812e+02 2.2297866401e-14 1.4204374858e-14 3.9219956305e-15 4.1714959123e-15
4.2901611328e+02 2.2437815325e-14 1.4316855872e-14 3.9675450990e-15 4.1534143539e-15
4.2907714844e+02 2.2434192281e-14 1.4328224294e-14 3.9496921326e-15 4.1562758544e-15
4.2913818359e+02 2.2322524510e-14 1.4247403736e-14 3.9000200565e-15 4.1751007177e-15
4.2919921875e+02 2.2358678637e-14 1.4209680497e-14 3.9746766054e-15 4.1743215346e-15
4.2926025391e+02 2.2257872251e-14 1.4122884072e-14 3.9672892104e-15 4.1676989687e-15
4.2932128906e+02 2.2155215652e-14 1.3996452814e-14 3.9738572791e-15 4.1849055591e-15
4.2938232422e+02 2.2140181666e-14 1.3993708615e-14 3.9616147932e-15 4.1848582579e-15
4.2944335938e+02 2.2176638919e-14 1.4076770894e-14 3.9207783715e-15 4.1790896527e-15
4.2950439453e+02 2.2346953362e-14 1.4163438511e-14 3.9834946037e-15 4.2000202478e-15
4.2956542969e+02 2.2419135108e-14 1.4242383913e-14 3.9973576978e-15 4.1793934968e-15
4.2962646484e+02 2.2551545631e-14 1.4367120471e-14 3.9920143649e-15 4.1924107946e-15
4.2968750000e+02 2.2507623519e-14 1.4361987961e-14 3.9798873850e-15 4.1657481725e-15
4.2974853516e+02 2.2424047760e-14 1.4327177951e-14 3.9572595159e-15 4.1396102936e-15
4.2980957031e+02 2.2583335213e-14 1.4402167175e-14 3.9685782686e-15 4.2125897695e-15
4.2987060547e+02 2.2526811831e-14 1.4331422408e-14 3.9974591449e-15 4.1979302783e-15
4.2993164062e+02 2.2399769951e-14 1.4228118671e-14 3.9857324441e-15 4.1859188358e-15
4.2999267578e+02 2.2291383337e-14 1.4134817183e-14 3.9440505087e-15 4.2125156452e-15
4.3005371094e+02 2.2318333644e-14 1.4148803973e-14 3.9433272900e-15 4.2262023803e-15
4.3011474609e+02 2.2218337854e-14 1.4105330640e-14 3.9399310070e-15 4.1730762067e-15
4.3017578125e+02 2.2216369714e-14 1.4081751945e-14 3.9626573313e-15 4.1719604376e-15
4.3023681641e+02 2.2223069447e-14 1.4083008585e-14 3.9897415804e-15 4.1503192819e-15
4.3029785156e+02 2.2325302473e-14 1.4183695464e-14 3.9687093570e-15 4.1728976515e-15
4.3035888672e+02 2.2262842077e-14 1.4090218006e-14 3.9642849838e-15 4.2083390866e-15
4.3041992188e+02 2.2240552021e-14 1.4103763291e-14 3.9322513444e-15 4.2045373848e-15
4.3048095703e+02 2.2209538311e-14 1.4035285190e-14 3.9685168965e-15 4.2057362252e-15
4.3054199219e+02 2.2206858359e-14 1.4026933317e-14 3.9913022914e-15 4.1886227503e-15
4.3060302734e+02 2.2189782853e-14 1.4021594828e-14 3.9684021042e-15 4.1997859208e-15
4.3066406250e+02 2.2190591127e-14 1.4068996487e-14 3.9588313427e-15 4.1627632968e-15
4.3072509766e+02 2.2213461560e-14 1.4111930251e-14 3.9666722094e-15 4.1348590998e-15
4.3078613281e+02 2.2217211385e-14 1.4101375429e-14 3.9670314693e-15 4.1488044860e-15
4.3084716797e+02 2.2155392164e-14 1.4034051217e-14 3.9565411953e-15 4.1647997521e-15
4.3090820312e+02 2.2198126410e-14 1.4059860653e-14 3.9730877107e-15 4.1651780468e-15
4.3096923828e+02 2.2190992058e-14 1.4059276306e-14 3.9769819669e-15 4.1547337859e-15
4.3103027344e+02 2.2188527268e-14 1.4047105017e-14 3.9681559877e-15 4.1732662638e-15
4.3109130859e+02 2.2257888283e-14 1.4039783343e-14 3.9901540264e-15 4.2279509136e-15
4.3115234375e+02 2.2083550323e-14 1.3891288608e-14 3.9846660664e-15 4.2075956484e-15
4.3121337891e+02 2.2007020598e-14 1.3866825375e-14 3.9828699146e-15 4.1573253080e-15
4.3127441406e+02 2.1903502835e-14 1.3805311601e-14 3.9827696360e-15 4.1154215986e-15
4.3133544922e+02 2.1879588629e-14 1.3756469830e-14 3.9989951844e-15 4.1241236148e-15
4.3139648438e+02 2.1813038337e-14 1.3713271652e-14 3.9524500720e-15 4.1473166136e-15
4.3145751953e+02 2.1834141066e-14 1.3687923508e-14 3.9730467058e-15 4.1731708529e-15
4.3151855469e+02 2.1854487493e-14 1.3715219976e-14 3.9995900341e-15 4.1396774830e-15
4.3157958984e+02 2.1906135649e-14 1.3796519853e-14 3.9948938883e-15 4.1147219070e-15
4.3164062500e+02 2.1962357011e-14 1.3828773688e-14 3.9930174974e-15 4.1405658264e-15
4.3170166016e+02 2.1936117469e-14 1.3749432473e-14 3.9692154683e-15 4.2174695274e-15
4.3176269531e+02 2.1929392687e-14 1.3716414761e-14 3.9781843269e-15 4.2347935986e-15
4.3182373047e+02 2.1877603423e-14 1.3698494735e-14 3.9884496986e-15 4.1906589901e-15
4.3188476562e+02 2.1830011932e-14 1.3657363956e-14 3.9778398723e-15 4.1948081041e-15
4.3194580078e+02 2.1799192939e-14 1.3646328230e-14 3.9773473794e-15 4.1755173301e-15
4.3200683594e+02 2.1818830699e-14 1.3682558370e-14 3.9637175479e-15 4.1725547806e-15
4.3206787109e+02 2.1845598136e-14 1.3705758616e-14 3.9355721426e-15 4.2042673773e-15
4.3212890625e+02 2.1845735454e-14 1.3691261311e-14 3.9650844213e-15 4.1893897209e-15
4.3218994141e+02 2.1925054873e-14 1.3770726256e-14 4.0004785511e-15 4.1538500656e-15
4.3225097656e+02 2.1827568702e-14 1.3732035253e-14 3.9552745511e-15 4.1402588974e-15
4.3231201172e+02 2.1896273666e-14 1.3775340989e-14 3.9868328473e-15 4.1340998298e-15
4.3237304688e+02 2.1931638031e-14 1.3794894913e-14 3.9820472366e-15 4.1546958811e-15
4.3243408203e+02 2.1919882051e-14 1.3756376688e-14 3.9789295160e-15 4.1845758472e-15
4.3249511719e+02 2.1950027249e-14 1.3830982924e-14 3.9717588632e-15 4.1472854623e-15
4.3255615234e+02 2.1774651219e-14 1.3692215205e-14 3.9462810522e-15 4.1361549616e-15
4.3261718750e+02 2.1693175640e-14 1.3553243430e-14 3.9821992203e-15 4.1577329891e-15
4.3267822266e+02 2.1704508640e-14 1.3517636413e-14 4.0084561692e-15 4.1784160572e-15
4.3273925781e+02 2.1685617697e-14 1.3498707961e-14 3.9983130097e-15 4.1885967266e-15
4.3280029297e+02 2.1774764419e-14 1.3590902795e-14 3.9834264427e-15 4.2004351811e-15
4.3286132812e+02 2.1757629449e-14 1.3613827345e-14 3.9841155462e-15 4.1596865575e-15
4.3292236328e+02 2.1607576806e-14 1.3559801628e-14 3.9024172955e-15 4.1453578825e-15
4.3298339844e+02 2.1595748130e-14 1.3487712049e-14 3.9494173028e-15 4.1586187781e-15
4.3304443359e+02 2.1581450866e-14 1.3444462462e-14 3.9624660118e-15 4.1745223919e-15
4.3310546875e+02 2.1653988902e-14 1.3512097927e-14 3.9547513196e-15 4.1871396547e-15
4.3316650391e+02 2.1583294198e-14 1.3483544451e-14 3.9621140138e-15 4.1376357332e-15
4.3322753906e+02 2.1535025693e-14 1.3399934063e-14 3.9364145319e-15 4.1986770978e-15
4.3328857422e+02 2.1559847302e-14 1.3387971126e-14 3.9644835432e-15 4.2073926324e-15
4.3334960938e+02 2.1626832281e-14 1.3435740968e-14 3.9954193398e-15 4.1956719725e-15
4.3341064453e+02 2.1667009987e-14 1.3511064764e-14 3.9678916765e-15 4.1880535459e-15
4.3347167969e+02 2.1700634025e-14 1.3561315784e-14 3.9409704447e-15 4.1983477962e-15
4.3353271484e+02 2.1741095719e-14 1.3609717735e-14 3.9413582698e-15 4.1900197141e-15
4.3359375000e+02 2.1646707260e-14 1.3490910123e-14 3.9791810484e-15 4.1766160887e-15
4.3365478516e+02 2.1578785237e-14 1.3496589640e-14 3.9443286555e-15 4.1378669413e-15
4.3371582031e+02 2.1591556363e-14 1.3511183670e-14 3.9724356331e-15 4.1079370599e-15
4.3377685547e+02 2.1615140849e-14 1.3479910097e-14 4.0032994965e-15 4.1319312556e-15
4.3383789062e+02 2.1527337511e-14 1.3359807061e-14 3.9866745840e-15 4.1808558652e-15
4.3389892578e+02 2.1486330383e-14 1.3310702051e-14 3.9978980828e-15 4.1777302493e-15
4.3395996094e+02 2.1651836901e-14 1.3464172009e-14 3.9989150083e-15 4.1887498833e-15
4.3402099609e+02 2.1544238372e-14 1.3382798096e-14 3.9776705001e-15 4.1837697759e-15
4.3408203125e+02 2.1445982049e-14 1.3319315343e-14 3.9491113533e-15 4.1775553525e-15
4.3414306641e+02 2.1329492367e-14 1.3230267121e-14 3.9319610537e-15 4.1672641925e-15
4.3420410156e+02 2.1394832418e-14 1.3270088868e-14 3.9607597322e-15 4.1639838182e-15
4.3426513672e+02 2.1463338530e-14 1.3322259204e-14 3.9584199414e-15 4.1826593849e-15
4.3432617188e+02 2.1491692540e-14 1.3346685538e-14 3.9377631356e-15 4.2072438670e-15
4.3438720703e+02 2.1513735249e-14 1.3383742391e-14 3.9798946270e-15 4.1500982304e-15
4.3444824219e+02 2.1487096560e-14 1.3309934060e-14 4.0532031006e-15 4.1239593991e-15
4.3450927734e+02 2.1506967278e-14 1.3309193812e-14 4.0222046659e-15 4.1755688003e-15
4.3457031250e+02 2.1452899218e-14 1.3276692961e-14 3.9805257634e-15 4.1956804932e-15
4.3463134766e+02 2.1419700616e-14 1.3279497380e-14 3.9628793011e-15 4.1773239349e-15
4.3469238281e+02 2.1297230916e-14 1.3214327207e-14 3.9359294095e-15 4.1469742999e-15
4.3475341797e+02 2.1399734686e-14 1.3276799043e-14 3.9527256856e-15 4.1702099571e-15
4.3481445312e+02 2.1464721960e-14 1.3329430939e-14 3.9660080507e-15 4.1692829702e-15
4.3487548828e+02 2.1510040699e-14 1.3403820144e-14 3.9574514584e-15 4.1487690969e-15
4.3493652344e+02 2.1519604713e-14 1.3396070123e-14 3.9523761545e-15 4.1711584357e-15
4.3499755859e+02 2.1422037051e-14 1.3333045628e-14 3.9514779664e-15 4.1375134565e-15
4.3505859375e+02 2.1388149515e-14 1.3276088223e-14 3.9590141171e-15 4.1530471748e-15
4.3511962891e+02 2.1185049261e-14 1.3084150671e-14 3.9585390662e-15 4.1423595237e-15
4.3518066406e+02 2.1299457211e-14 1.3153238602e-14 3.9754094567e-15 4.1708091523e-15
4.3524169922e+02 2.1334429112e-14 1.3211890318e-14 3.9520189201e-15 4.1705198739e-15
4.3530273438e+02 2.1380853937e-14 1.3299952909e-14 3.9268316611e-15 4.1540693671e-15
4.3536376953e+02 2.1264820567e-14 1.3159142202e-14 3.9492025939e-15 4.1564757717e-15
4.3542480469e+02 2.1217333170e-14 1.3101824705e-14 3.9644411107e-15 4.1510673546e-15
4.3548583984e+02 2.1227155135e-14 1.3057937591e-14 3.9882288579e-15 4.1809886869e-15
4.3554687500e+02 2.1283340200e-14 1.3094353135e-14 3.9872131832e-15 4.2017738815e-15
4.3560791016e+02 2.1259529287e-14 1.3090041835e-14 3.9739013002e-15 4.1955861520e-15
4.3566894531e+02 2.1222044976e-14 1.3085525681e-14 3.9671368008e-15 4.1693824935e-15
4.3572998047e+02 2.1255025466e-14 1.3194046687e-14 3.9277982871e-15 4.1331804918e-15
4.3579101562e+02 2.1213641576e-14 1.3123383054e-14 3.9318424451e-15 4.1584160762e-15
4.3585205078e+02 2.1157627175e-14 1.3017246378e-14 3.9545460063e-15 4.1858347906e-15
4.3591308594e+02 2.1089732405e-14 1.2973647288e-14 3.9714825503e-15 4.1446025667e-15
4.3597412109e+02 2.1141335668e-14 1.2954001023e-14 3.9762003589e-15 4.2111342861e-15
4.3603515625e+02 2.1162034747e-14 1.3008562760e-14 3.9702094254e-15 4.1832625613e-15
4.3609619141e+02 2.1251220311e-14 1.3068141485e-14 4.0036738963e-15 4.1794049301e-15
4.3615722656e+02 2.1279823842e-14 1.3087068003e-14 3.9940182653e-15 4.1987375729e-15
4.3621826172e+02 2.1250406536e-14 1.3117398746e-14 3.9584118164e-15 4.1745959731e-15
4.3627929688e+02 2.1202512998e-14 1.3100862840e-14 3.9321780212e-15 4.1694721365e-15
4.3634033203e+02 2.1101580555e-14 1.3054909551e-14 3.9308133901e-15 4.1158576143e-15
4.3640136719e+02 2.1065461318e-14 1.2983986379e-14 3.9550029496e-15 4.1264719890e-15
4.3646240234e+02 2.1055491490e-14 1.2907495027e-14 4.0066632943e-15 4.1413331679e-15
4.3652343750e+02 2.1031684893e-14 1.2896392474e-14 3.9801216063e-15 4.1551708128e-15
4.3658447266e+02 2.0914827414e-14 1.2864922622e-14 3.9005496391e-15 4.1493551524e-15
4.3664550781e+02 2.0935053642e-14 1.2913836908e-14 3.9052976099e-15 4.1159191241e-15
4.3670654297e+02 2.1088646565e-14 1.3006448847e-14 3.9603129714e-15 4.1218847468e-15
4.3676757812e+02 2.1211954131e-14 1.3109784706e-14 3.9412205300e-15 4.1609488949e-15
4.3682861328e+02 2.1167477976e-14 1.3069184785e-14 3.9284366905e-15 4.1698565010e-15
4.3688964844e+02 2.1174604989e-14 1.3023635331e-14 3.9854072175e-15 4.1655624407e-15
4.3695068359e+02 2.1180622665e-14 1.2996809322e-14 3.9798232442e-15 4.2039900989e-15
4.3701171875e+02 2.1052347243e-14 1.2956384623e-14 3.9572668232e-15 4.1386957965e-15
4.3707275391e+02 2.1084492905e-14 1.2996485267e-14 3.9763681282e-15 4.1116395096e-15
4.3713378906e+02 2.1064042847e-14 1.2946441734e-14 4.0251304391e-15 4.0924706735e-15
4.3719482422e+02 2.1060057947e-14 1.2901565885e-14 4.0154983570e-15 4.1429937051e-15
4.3725585938e+02 2.1061318459e-14 1.2945391463e-14 3.9334202216e-15 4.1825067742e-15
4.3731689453e+02 2.1090063806e-14 1.2968602153e-14 3.9384764083e-15 4.1829852443e-15
4.3737792969e+02 2.1026470190e-14 1.2889775423e-14 3.9413336862e-15 4.1953610807e-15
4.3743896484e+02 2.0930442672e-14 1.2834917376e-14 3.9062415134e-15 4.1892837824e-15
4.3750000000e+02 2.1033603370e-14 1.2887614513e-14 3.9497477129e-15 4.1962411448e-15
4.3756103516e+02 2.1010556317e-14 1.2926378798e-14 3.9447712880e-15 4.1394062311e-15
4.3762207031e+02 2.0994688976e-14 1.2962134998e-14 3.9142940889e-15 4.1182598890e-15
4.3768310547e+02 2.1024829509e-14 1.2902058956e-14 3.9817520720e-15 4.1410184810e-15
4.3774414062e+02 2.0931422868e-14 1.2828011218e-14 3.9537849237e-15 4.1496267262e-15
4.3780517578e+02 2.0791836035e-14 1.2776196560e-14 3.9227256698e-15 4.0929138058e-15
4.3786621094e+02 2.0888024339e-14 1.2814741691e-14 3.9596275786e-15 4.1136550686e-15
4.3792724609e+02 2.0846253296e-14 1.2725220214e-14 3.9556238468e-15 4.1654092344e-15
4.3798828125e+02 2.0866994628e-14 1.2736273067e-14 3.9526385074e-15 4.1780830531e-15
4.3804931641e+02 2.0815088483e-14 1.2688394984e-14 3.9456342982e-15 4.1810592011e-15
4.3811035156e+02 2.0777303915e-14 1.2627490770e-14 3.9470603275e-15 4.2027528176e-15
4.3817138672e+02 2.0758567148e-14 1.2641831622e-14 3.9482407143e-15 4.1684948110e-15
4.3823242188e+02 2.0793219155e-14 1.2675830005e-14 3.9670575468e-15 4.1503316036e-15
4.3829345703e+02 2.0858560461e-14 1.2749111198e-14 3.9470616074e-15 4.1623876554e-15
4.3835449219e+02 2.0855693228e-14 1.2688912144e-14 3.9927661059e-15 4.1740149776e-15
4.3841552734e+02 2.0815983729e-14 1.2662720178e-14 3.9907847036e-15 4.1624788472e-15
4.3847656250e+02 2.0749409247e-14 1.2696841360e-14 3.8866341327e-15 4.1659337545e-15
4.3853759766e+02 2.0810550704e-14 1.2722228680e-14 3.8872076087e-15 4.2011144149e-15
4.3859863281e+02 2.0792149005e-14 1.2694907127e-14 3.9134818628e-15 4.1837600149e-15
4.3865966797e+02 2.0798051147e-14 1.2705886035e-14 3.9376918275e-15 4.1544732837e-15
4.3872070312e+02 2.0865180201e-14 1.2790345749e-14 3.9652987434e-15 4.1095357089e-15
4.3878173828e+02 2.0907265693e-14 1.2740396088e-14 4.0025336886e-15 4.1643359167e-15
4.3884277344e+02 2.0759662058e-14 1.2632293654e-14 3.9759750879e-15 4.1513933166e-15
4.3890380859e+02 2.0759264789e-14 1.2682434179e-14 3.9472036745e-15 4.1296269359e-15
4.3896484375e+02 2.0931269421e-14 1.2830183254e-14 3.9279469800e-15 4.1731391869e-15
4.3902587891e+02 2.0902745694e-14 1.2796319558e-14 3.9550667351e-15 4.1513594004e-15
4.3908691406e+02 2.0835417482e-14 1.2673307468e-14 3.9717675679e-15 4.1903424460e-15
4.3914794922e+02 2.0718203446e-14 1.2643066758e-14 3.9253409262e-15 4.1497957626e-15
4.3920898438e+02 2.0716033994e-14 1.2675229214e-14 3.9064829779e-15 4.1343218018e-15
4.3927001953e+02 2.0653876103e-14 1.2538693388e-14 3.9391796302e-15 4.1760030854e-15
4.3933105469e+02 2.0667260616e-14 1.2486251573e-14 3.9720782069e-15 4.2089308357e-15
4.3939208984e+02 2.0623354202e-14 1.2450925063e-14 3.9879128351e-15 4.1845163034e-15
4.3945312500e+02 2.0585222405e-14 1.2433249936e-14 4.0078629070e-15 4.1441095616e-15
4.3951416016e+02 2.0582332894e-14 1.2468861500e-14 3.9725857551e-15 4.1408856392e-15
4.3957519531e+02 2.0598469516e-14 1.2458462872e-14 3.9623104783e-15 4.1776961664e-15
4.3963623047e+02 2.0606500583e-14 1.2470565653e-14 3.9830878261e-15 4.1528471038e-15
4.3969726562e+02 2.0611142095e-14 1.2503232745e-14 3.9693400443e-15 4.1385693060e-15
4.3975830078e+02 2.0599804469e-14 1.2515613968e-14 3.9416325428e-15 4.1425579577e-15
4.3981933594e+02 2.0560364590e-14 1.2485939483e-14 3.9426591927e-15 4.1317659145e-15
4.3988037109e+02 2.0477583274e-14 1.2404761478e-14 3.9397801225e-15 4.1330416736e-15
4.3994140625e+02 2.0640271658e-14 1.2512306228e-14 3.9708871113e-15 4.1570783178e-15
4.4000244141e+02 2.0592126532e-14 1.2442009490e-14 3.9763744023e-15 4.1737426406e-15
4.4006347656e+02 2.0510078996e-14 1.2391094148e-14 3.9341626220e-15 4.1848222267e-15
4.4012451172e+02 2.0427779671e-14 1.2386357267e-14 3.9252393058e-15 4.1161830983e-15
4.4018554688e+02 2.0467868800e-14 1.2403241054e-14 3.9551336655e-15 4.1094940806e-15
4.4024658203e+02 2.0460143486e-14 1.2337846311e-14 3.9635865520e-15 4.1587106226e-15
4.4030761719e+02 2.0439431024e-14 1.2331404726e-14 3.9966386602e-15 4.1113876380e-15
4.4036865234e+02 2.0425689225e-14 1.2286081323e-14 4.0204088004e-15 4.1191991023e-15
4.4042968750e+02 2.0388284493e-14 1.2277320212e-14 3.9531020278e-15 4.1578622534e-15
4.4049072266e+02 2.0376196833e-14 1.2273816628e-14 3.9522180163e-15 4.1501621891e-15
4.4055175781e+02 2.0279156555e-14 1.2216430735e-14 3.9544614318e-15 4.1082643874e-15
4.4061279297e+02 2.0329692963e-14 1.2238307957e-14 3.9540875157e-15 4.1372974898e-15
4.4067382812e+02 2.0329673639e-14 1.2250484458e-14 3.9426921830e-15 4.1364969981e-15
4.4073486328e+02 2.0406225875e-14 1.2318740852e-14 3.9563597126e-15 4.1311253105e-15
4.4079589844e+02 2.0474414896e-14 1.2347711785e-14 3.9851348722e-15 4.1415682395e-15
4.4085693359e+02 2.0441783929e-14 1.2335798533e-14 3.9596019909e-15 4.1463834054e-15
4.4091796875e+02 2.0556521847e-14 1.2399720438e-14 3.9616231264e-15 4.1951782821e-15
4.4097900391e+02 2.0540949404e-14 1.2370620693e-14 3.9586788585e-15 4.2116498522e-15
4.4104003906e+02 2.0453374849e-14 1.2343707676e-14 3.9383629640e-15 4.1713042097e-15
4.4110107422e+02 2.0373990804e-14 1.2247263847e-14 3.9652578436e-15 4.1614691127e-15
4.4116210938e+02 2.0467069477e-14 1.2253517007e-14 4.0088760388e-15 4.2046764313e-15
4.4122314453e+02 2.0439638990e-14 1.2253553585e-14 3.9806008553e-15 4.2054845496e-15
4.4128417969e+02 2.0308835923e-14 1.2190875826e-14 3.9866770177e-15 4.1312830788e-15
4.4134521484e+02 2.0247701527e-14 1.2116145933e-14 3.9590153456e-15 4.1725402482e-15
4.4140625000e+02 2.0212866177e-14 1.2144340407e-14 3.9228404789e-15 4.1456852916e-15
4.4146728516e+02 2.0176611399e-14 1.2072109538e-14 3.9512260981e-15 4.1532757631e-15
4.4152832031e+02 2.0118794179e-14 1.2047877799e-14 3.9348354740e-15 4.1360809064e-15
4.4158935547e+02 2.0200392595e-14 1.2129589153e-14 3.9258384283e-15 4.1449650131e-15
4.4165039062e+02 2.0337918227e-14 1.2197989812e-14 3.9716252501e-15 4.1683031647e-15
4.4171142578e+02 2.0385691327e-14 1.2281881276e-14 3.9326724392e-15 4.1711376119e-15
4.4177246094e+02 2.0324867590e-14 1.2181983011e-14 3.9643766768e-15 4.1785079020e-15
4.4183349609e+02 2.0222539036e-14 1.2118909156e-14 3.9665110969e-15 4.1371187824e-15
4.4189453125e+02 2.0151304103e-14 1.2078028038e-14 3.9567627172e-15 4.1165133479e-15
4.4195556641e+02 2.0190095747e-14 1.2069484331e-14 3.9705196011e-15 4.1500918147e-15
4.4201660156e+02 2.0347625716e-14 1.2213988962e-14 3.9878164103e-15 4.1458203442e-15
4.4207763672e+02 2.0353752645e-14 1.2255461647e-14 3.9663371942e-15 4.1319538033e-15
4.4213867188e+02 2.0269529085e-14 1.2161374515e-14 3.9972133064e-15 4.1109412629e-15
4.4219970703e+02 2.0254062127e-14 1.2159720474e-14 3.9880665464e-15 4.1062751062e-15
4.4226074219e+02 2.0147342461e-14 1.2088132530e-14 3.9747849169e-15 4.0844250142e-15
4.4232177734e+02 2.0138073244e-14 1.2068639373e-14 3.9853177164e-15 4.0841161550e-15
4.4238281250e+02 2.0129987427e-14 1.2070955330e-14 3.9224474525e-15 4.1365846449e-15
4.4244384766e+02 2.0080829603e-14 1.2013051105e-14 3.9204902189e-15 4.1472882794e-15
4.4250488281e+02 2.0092759611e-14 1.2017990444e-14 3.9258106958e-15 4.1489584715e-15
4.4256591797e+02 2.0119494267e-14 1.2007007747e-14 3.9628537364e-15 4.1496327837e-15
4.4262695312e+02 2.0209149451e-14 1.2045798498e-14 3.9846239944e-15 4.1787269584e-15
4.4268798828e+02 2.0146709133e-14 1.2012608533e-14 3.9896500355e-15 4.1444505649e-15
4.4274902344e+02 2.0078838252e-14 1.1973298548e-14 3.9846108798e-15 4.1209288235e-15
4.4281005859e+02 2.0114373402e-14 1.2064083189e-14 3.9402055159e-15 4.1100846966e-15
4.4287109375e+02 2.0154099282e-14 1.2060533691e-14 3.9605489728e-15 4.1330166185e-15
4.4293212891e+02 2.0254732797e-14 1.2152752316e-14 3.9787875263e-15 4.1231929544e-15
4.4299316406e+02 2.0243608271e-14 1.2159315225e-14 3.9536205895e-15 4.1306724566e-15
4.4305419922e+02 2.0260647305e-14 1.2143070597e-14 3.9546507404e-15 4.1629259675e-15
4.4311523438e+02 2.0186880931e-14 1.2052513940e-14 3.9917783889e-15 4.1425886023e-15
4.4317626953e+02 2.0076869730e-14 1.1975025758e-14 3.9896129899e-15 4.1122309820e-15
4.4323730469e+02 2.0000275953e-14 1.1920737575e-14 3.9401989508e-15 4.1393394273e-15
4.4329833984e+02 1.9926825266e-14 1.1847000860e-14 3.9429030972e-15 4.1369213093e-15
4.4335937500e+02 1.9847016340e-14 1.1799760233e-14 3.9256794071e-15 4.1215767000e-15
4.4342041016e+02 1.9779155517e-14 1.1784302871e-14 3.9109099380e-15 4.0839427077e-15
4.4348144531e+02 2.0017579389e-14 1.1880898983e-14 3.9727765740e-15 4.1639038319e-15
4.4354248047e+02 2.0073098226e-14 1.1915092129e-14 3.9817543465e-15 4.1762517509e-15
4.4360351562e+02 2.0119743502e-14 1.2028175659e-14 3.9357470411e-15 4.1558208012e-15
4.4366455078e+02 2.0077391130e-14 1.2003018923e-14 3.9632338129e-15 4.1111383938e-15
4.4372558594e+02 2.0064163743e-14 1.1975040969e-14 3.9561792645e-15 4.1329435098e-15
4.4378662109e+02 2.0145996755e-14 1.2076141476e-14 3.9666903881e-15 4.1031648909e-15
4.4384765625e+02 2.0067288142e-14 1.1971876215e-14 3.9683644011e-15 4.1270475266e-15
4.4390869141e+02 1.9920988463e-14 1.1903625092e-14 3.9128389840e-15 4.1045243865e-15
4.4396972656e+02 1.9832780555e-14 1.1815167047e-14 3.9105232138e-15 4.1070902937e-15
4.4403076172e+02 1.9746136252e-14 1.1732059587e-14 3.8787362120e-15 4.1353404535e-15
4.4409179688e+02 1.9771884465e-14 1.1753044458e-14 3.9040000573e-15 4.1148399491e-15
4.4415283203e+02 1.9787011468e-14 1.1783453452e-14 3.9188609373e-15 4.0846970787e-15
4.4421386719e+02 1.9861981259e-14 1.1838821831e-14 3.9481726860e-15 4.0749867420e-15
4.4427490234e+02 1.9897112990e-14 1.1893936210e-14 3.9495173383e-15 4.0536594423e-15
4.4433593750e+02 1.9867121618e-14 1.1851356729e-14 3.9176800688e-15 4.0980848204e-15
4.4439697266e+02 1.9754684540e-14 1.1680270627e-14 3.9276184746e-15 4.1467954380e-15
4.4445800781e+02 1.9732900303e-14 1.1654790128e-14 3.9327297933e-15 4.1453803823e-15
4.4451904297e+02 1.9646556748e-14 1.1580567963e-14 3.9417905953e-15 4.1241981890e-15
4.4458007812e+02 1.9601668166e-14 1.1557154763e-14 3.9347917765e-15 4.1097216268e-15
4.4464111328e+02 1.9683340044e-14 1.1598621042e-14 3.9844612187e-15 4.1002577827e-15
4.4470214844e+02 1.9771140023e-14 1.1677964617e-14 3.9689672478e-15 4.1242081585e-15
4.4476318359e+02 1.9815804578e-14 1.1724790261e-14 3.9581657423e-15 4.1328485743e-15
4.4482421875e+02 1.9831235704e-14 1.1733526490e-14 3.9747885314e-15 4.1229206826e-15
4.4488525391e+02 1.9811571416e-14 1.1751367996e-14 3.9662313192e-15 4.0939721012e-15
4.4494628906e+02 1.9802736366e-14 1.1762625506e-14 3.9552377588e-15 4.0848731013e-15
4.4500732422e+02 1.9803989296e-14 1.1729142669e-14 3.9829874656e-15 4.0918591613e-15
4.4506835938e+02 1.9773925851e-14 1.1710840567e-14 3.9577025208e-15 4.1053827632e-15
4.4512939453e+02 1.9759266060e-14 1.1705512082e-14 3.9080710407e-15 4.1456829364e-15
4.4519042969e+02 1.9782116010e-14 1.1666168369e-14 3.9626619880e-15 4.1532856536e-15
4.4525146484e+02 1.9801798889e-14 1.1676198129e-14 3.9722604401e-15 4.1533403205e-15
4.4531250000e+02 1.9875480017e-14 1.1759338246e-14 3.9628640219e-15 4.1532777489e-15
4.4537353516e+02 1.9727961120e-14 1.1618302243e-14 3.9641518590e-15 4.1455070175e-15
4.4543457031e+02 1.9715003796e-14 1.1616136043e-14 3.9423787524e-15 4.1564890005e-15
4.4549560547e+02 1.9724044569e-14 1.1658673867e-14 3.9680694368e-15 4.0973012658e-15
4.4555664062e+02 1.9774110926e-14 1.1680969693e-14 3.9928702393e-15 4.1002709943e-15
4.4561767578e+02 1.9700446991e-14 1.1644394711e-14 3.9407487987e-15 4.1153034815e-15
4.4567871094e+02 1.9676549182e-14 1.1602743134e-14 3.9239048997e-15 4.1499011486e-15
4.4573974609e+02 1.9662974430e-14 1.1564637131e-14 3.9347219763e-15 4.1636153233e-15
4.4580078125e+02 1.9668501751e-14 1.1567979874e-14 3.9466753220e-15 4.1538465552e-15
4.4586181641e+02 1.9597934566e-14 1.1546146259e-14 3.9506421799e-15 4.1011461277e-15
4.4592285156e+02 1.9523529213e-14 1.1488631848e-14 3.9448812554e-15 4.0900161100e-15
4.4598388672e+02 1.9578384360e-14 1.1463119266e-14 3.9750738696e-15 4.1401912246e-15
4.4604492188e+02 1.9538491905e-14 1.1387926570e-14 3.9976074856e-15 4.1529578500e-15
4.4610595703e+02 1.9476216745e-14 1.1322149342e-14 4.0237222110e-15 4.1303451924e-15
4.4616699219e+02 1.9534844218e-14 1.1405156747e-14 3.9946993389e-15 4.1349881317e-15
4.4622802734e+02 1.9552844206e-14 1.1386741929e-14 4.0107722674e-15 4.1553300098e-15
4.4628906250e+02 1.9570281980e-14 1.1378826626e-14 4.0094980455e-15 4.1819573082e-15
4.4635009766e+02 1.9475461485e-14 1.1336444584e-14 3.9879744853e-15 4.1510424161e-15
4.4641113281e+02 1.9517983613e-14 1.1372631143e-14 3.9943989303e-15 4.1509535399e-15
4.4647216797e+02 1.9497097571e-14 1.1438966301e-14 3.9642140088e-15 4.0939172613e-15
4.4653320312e+02 1.9430678698e-14 1.1415841555e-14 3.9391399571e-15 4.0756971864e-15
4.4659423828e+02 1.9445574288e-14 1.1403056377e-14 3.9683489743e-15 4.0741689367e-15
4.4665527344e+02 1.9453995194e-14 1.1423651530e-14 3.9579484020e-15 4.0723952620e-15
4.4671630859e+02 1.9499547116e-14 1.1419307108e-14 3.9505227582e-15 4.1297172498e-15
4.4677734375e+02 1.9445210784e-14 1.1383957933e-14 3.9316786052e-15 4.1295742463e-15
4.4683837891e+02 1.9462240106e-14 1.1379451454e-14 3.9637561424e-15 4.1190325099e-15
4.4689941406e+02 1.9559693375e-14 1.1419409797e-14 3.9948889761e-15 4.1453946012e-15
4.4696044922e+02 1.9608953135e-14 1.1477920699e-14 3.9671026588e-15 4.1639297767e-15
4.4702148438e+02 1.9609793837e-14 1.1496972670e-14 3.9725766335e-15 4.1402445335e-15
4.4708251953e+02 1.9574929182e-14 1.1443389192e-14 3.9870687635e-15 4.1444712262e-15
4.4714355469e+02 1.9469924394e-14 1.1372170380e-14 3.9536102665e-15 4.1441437479e-15
4.4720458984e+02 1.9362969212e-14 1.1307606779e-14 3.9438310990e-15 4.1115313332e-15
4.4726562500e+02 1.9477246258e-14 1.1372796663e-14 3.9524775932e-15 4.1519720026e-15
4.4732666016e+02 1.9423891587e-14 1.1306653217e-14 3.9507721534e-15 4.1664662172e-15
4.4738769531e+02 1.9384949796e-14 1.1290075899e-14 3.9553176905e-15 4.1395562069e-15
4.4744873047e+02 1.9411646200e-14 1.1306552453e-14 3.9571017982e-15 4.1479919483e-15
4.4750976562e+02 1.9406999471e-14 1.1338332686e-14 3.9387105815e-15 4.1299562036e-15
4.4757080078e+02 1.9441684272e-14 1.1380372658e-14 3.9575515498e-15 4.1037600645e-15
4.4763183594e+02 1.9496507091e-14 1.1355393246e-14 4.0167884752e-15 4.1243253692e-15
4.4769287109e+02 1.9511133117e-14 1.1335288883e-14 4.0324229951e-15 4.1434212389e-15
4.4775390625e+02 1.9462305476e-14 1.1324931100e-14 4.0088792000e-15 4.1284951756e-15
4.4781494141e+02 1.9329287083e-14 1.1226162264e-14 3.9551619600e-15 4.1479628589e-15
4.4787597656e+02 1.9347209331e-14 1.1232360374e-14 3.9757265345e-15 4.1391224217e-15
4.4793701172e+02 1.9321364035e-14 1.1226496955e-14 3.9785157283e-15 4.1163513518e-15
4.4799804688e+02 1.9271200983e-14 1.1191264535e-14 4.0140251633e-15 4.0659112846e-15
4.4805908203e+02 1.9315142755e-14 1.1241765586e-14 3.9965670637e-15 4.0768101053e-15
4.4812011719e+02 1.9313489590e-14 1.1240416980e-14 3.9854039308e-15 4.0876686789e-15
4.4818115234e+02 1.9275488267e-14 1.1232244584e-14 3.9868596344e-15 4.0563840485e-15
4.4824218750e+02 1.9326278266e-14 1.1264501374e-14 3.9688422687e-15 4.0929346240e-15
4.4830322266e+02 1.9237011554e-14 1.1138115659e-14 3.9669499398e-15 4.1319459553e-15
4.4836425781e+02 1.9210838389e-14 1.1132974689e-14 3.9657743236e-15 4.1120893758e-15
4.4842529297e+02 1.9157666765e-14 1.1124280959e-14 3.9382040660e-15 4.0951817406e-15
4.4848632812e+02 1.9183281836e-14 1.1132831499e-14 3.9457897895e-15 4.1046605471e-15
4.4854736328e+02 1.9128849689e-14 1.1071083273e-14 3.9734310199e-15 4.0843353956e-15
4.4860839844e+02 1.9106144034e-14 1.1010679395e-14 3.9832429538e-15 4.1122216852e-15
4.4866943359e+02 1.9144203700e-14 1.1010294964e-14 3.9997151636e-15 4.1341935715e-15
4.4873046875e+02 1.9136219911e-14 1.1030536835e-14 4.0015482099e-15 4.1041348661e-15
4.4879150391e+02 1.9226386620e-14 1.1168490300e-14 3.9239440342e-15 4.1339522861e-15
4.4885253906e+02 1.9236406907e-14 1.1157614068e-14 3.9526048335e-15 4.1261880056e-15
4.4891357422e+02 1.9118624250e-14 1.1073205793e-14 3.9657450084e-15 4.0796734494e-15
4.4897460938e+02 1.9073517954e-14 1.1071892231e-14 3.9509793292e-15 4.0506463933e-15
4.4903564453e+02 1.9098144222e-14 1.1072585515e-14 3.9421491891e-15 4.0834095180e-15
4.4909667969e+02 1.9103612710e-14 1.1105117057e-14 3.9174981758e-15 4.0809974770e-15
4.4915771484e+02 1.9231977724e-14 1.1149468626e-14 3.9587539008e-15 4.1237551971e-15
4.4921875000e+02 1.9246422342e-14 1.1145210830e-14 3.9735131467e-15 4.1276983658e-15
4.4927978516e+02 1.9190949022e-14 1.1023449641e-14 4.0171415424e-15 4.1503578389e-15
4.4934082031e+02 1.9195535875e-14 1.1085497446e-14 3.9780453945e-15 4.1319930342e-15
4.4940185547e+02 1.9205605071e-14 1.1125612330e-14 3.9713376558e-15 4.1086550848e-15
4.4946289062e+02 1.9201668643e-14 1.1096759351e-14 3.9747301167e-15 4.1301791760e-15
4.4952392578e+02 1.9162017116e-14 1.1109679704e-14 3.9380420747e-15 4.1142953369e-15
4.4958496094e+02 1.9193037215e-14 1.1119800226e-14 3.9730084255e-15 4.1002285634e-15
4.4964599609e+02 1.9288470610e-14 1.1166861718e-14 3.9965569725e-15 4.1250519194e-15
4.4970703125e+02 1.9274999273e-14 1.1181623537e-14 3.9868878495e-15 4.1064878869e-15
4.4976806641e+02 1.9147277982e-14 1.1028521616e-14 4.0099324542e-15 4.1088239120e-15
4.4982910156e+02 1.8938744084e-14 1.0894734659e-14 3.9431039758e-15 4.1009054492e-15
4.4989013672e+02 1.9057835790e-14 1.0958250985e-14 3.9605232891e-15 4.1390615154e-15
4.4995117188e+02 1.9239154943e-14 1.1110282758e-14 3.9739725205e-15 4.1548996648e-15
4.5001220703e+02 1.9262783313e-14 1.1203242899e-14 3.9434571506e-15 4.1160832632e-15
4.5007324219e+02 1.9225433748e-14 1.1179479326e-14 3.9718024600e-15 4.0741519618e-15
4.5013427734e+02 1.9003317912e-14 1.0976590052e-14 3.9443349947e-15 4.0823928652e-15
4.5019531250e+02 1.8906998814e-14 1.0882406163e-14 3.9353890589e-15 4.0892035916e-15
4.5025634766e+02 1.8858162871e-14 1.0819886183e-14 3.9186647327e-15 4.1196119553e-15
4.5031738281e+02 1.8863313292e-14 1.0790324303e-14 3.9374143192e-15 4.1355746702e-15
4.5037841797e+02 1.8848413536e-14 1.0777443910e-14 3.9682802669e-15 4.1026893596e-15
4.5043945312e+02 1.8864230573e-14 1.0782585074e-14 3.9843632656e-15 4.0972822336e-15
4.5050048828e+02 1.8849029122e-14 1.0822200257e-14 3.9439419061e-15 4.0828869588e-15
4.5056152344e+02 1.8928598952e-14 1.0873391930e-14 3.9619813451e-15 4.0932256774e-15
4.5062255859e+02 1.8913413288e-14 1.0836955798e-14 4.0053811194e-15 4.0710763706e-15
4.5068359375e+02 1.8807289847e-14 1.0711906181e-14 3.9981360373e-15 4.0972476292e-15
4.5074462891e+02 1.8804036306e-14 1.0695843583e-14 4.0104379471e-15 4.0977547763e-15
4.5080566406e+02 1.8873216167e-14 1.0806093696e-14 3.9586070173e-15 4.1085154538e-15
4.5086669922e+02 1.8890598497e-14 1.0876320106e-14 3.9335893403e-15 4.0806890511e-15
4.5092773438e+02 1.8907195475e-14 1.0849399909e-14 3.9779952459e-15 4.0798003196e-15
4.5098876953e+02 1.8905537954e-14 1.0813112473e-14 3.9933474015e-15 4.0990780797e-15
4.5104980469e+02 1.8889543344e-14 1.0767816869e-14 3.9863511667e-15 4.1353753083e-15
4.5111083984e+02 1.8834012669e-14 1.0744418243e-14 3.9558027696e-15 4.1337916558e-15
4.5117187500e+02 1.8791619339e-14 1.0763160643e-14 3.9679754526e-15 4.0604832430e-15
4.5123291016e+02 1.8866625758e-14 1.0774090278e-14 4.0237665738e-15 4.0687689054e-15
4.5129394531e+02 1.8856968812e-14 1.0733788956e-14 3.9837900375e-15 4.1393898182e-15
4.5135498047e+02 1.8754209974e-14 1.0696234841e-14 3.9532419950e-15 4.1047331373e-15
4.5141601562e+02 1.8802470111e-14 1.0772673367e-14 3.9328640599e-15 4.0969326847e-15
4.5147705078e+02 1.8786369329e-14 1.0774449494e-14 3.9066684107e-15 4.1052514236e-15
4.5153808594e+02 1.8751012284e-14 1.0701818134e-14 3.9311432492e-15 4.1180509006e-15
4.5159912109e+02 1.8786911462e-14 1.0695413623e-14 3.9821990702e-15 4.1092987683e-15
4.5166015625e+02 1.8740914108e-14 1.0691478476e-14 3.9721011158e-15 4.0773345159e-15
4.5172119141e+02 1.8771822385e-14 1.0772075984e-14 3.9288384963e-15 4.0709079053e-15
4.5178222656e+02 1.8868548426e-14 1.0836049845e-14 3.9398143832e-15 4.0926841974e-15
4.5184326172e+02 1.8885331644e-14 1.0785012534e-14 3.9567511957e-15 4.1435679142e-15
4.5190429688e+02 1.8779645208e-14 1.0708685734e-14 3.9606520699e-15 4.1103074039e-15
4.5196533203e+02 1.8789505278e-14 1.0720454621e-14 3.9580843982e-15 4.1109662593e-15
4.5202636719e+02 1.8719694326e-14 1.0678195650e-14 3.9335739720e-15 4.1079247040e-15
4.5208740234e+02 1.8734964498e-14 1.0688504726e-14 3.9190813033e-15 4.1273784692e-15
4.5214843750e+02 1.8718331035e-14 1.0687073911e-14 3.9236078905e-15 4.1076492333e-15
4.5220947266e+02 1.8759146813e-14 1.0706619990e-14 3.9361132575e-15 4.1164135656e-15
4.5227050781e+02 1.8760409673e-14 1.0674193054e-14 3.9412650571e-15 4.1449515621e-15
4.5233154297e+02 1.8739042879e-14 1.0635834221e-14 3.9651490124e-15 4.1380596455e-15
4.5239257812e+02 1.8636620020e-14 1.0553601728e-14 3.9862595519e-15 4.0967587401e-15
4.5245361328e+02 1.8648467809e-14 1.0552763238e-14 3.9696318072e-15 4.1260727636e-15
4.5251464844e+02 1.8611399173e-14 1.0503308869e-14 3.9576398354e-15 4.1504504691e-15
4.5257568359e+02 1.8552212613e-14 1.0499088261e-14 3.9109522202e-15 4.1421721316e-15
4.5263671875e+02 1.8547208971e-14 1.0483219484e-14 3.9259008609e-15 4.1380886268e-15
4.5269775391e+02 1.8603881244e-14 1.0561873062e-14 3.9545006184e-15 4.0875075643e-15
4.5275878906e+02 1.8611541548e-14 1.0558083898e-14 3.9793302779e-15 4.0741273715e-15
4.5281982422e+02 1.8629683857e-14 1.0565539117e-14 3.9497847514e-15 4.1143599887e-15
4.5288085938e+02 1.8606103085e-14 1.0507809873e-14 3.9487404431e-15 4.1495527689e-15
4.5294189453e+02 1.8669361370e-14 1.0600694077e-14 3.9602010249e-15 4.1084662685e-15
4.5300292969e+02 1.8667878064e-14 1.0617797714e-14 3.9864850432e-15 4.0635953060e-15
4.5306396484e+02 1.8640785231e-14 1.0536384435e-14 4.0297971520e-15 4.0746036439e-15
4.5312500000e+02 1.8576273761e-14 1.0553893348e-14 3.9579660185e-15 4.0644143946e-15
4.5318603516e+02 1.8513651093e-14 1.0519246742e-14 3.9336756317e-15 4.0607287191e-15
4.5324707031e+02 1.8470678597e-14 1.0440521649e-14 3.9853915006e-15 4.0447654476e-15
4.5330810547e+02 1.8473272397e-14 1.0470390175e-14 3.9296653499e-15 4.0732168717e-15
4.5336914062e+02 1.8555117384e-14 1.0493398421e-14 3.9370241910e-15 4.1246947718e-15
4.5343017578e+02 1.8491432303e-14 1.0399367002e-14 3.9722242602e-15 4.1198410415e-15
4.5349121094e+02 1.8402368571e-14 1.0319105441e-14 3.9921355802e-15 4.0911275499e-15
4.5355224609e+02 1.8422694646e-14 1.0358591658e-14 3.9631582381e-15 4.1009447501e-15
4.5361328125e+02 1.8437319211e-14 1.0327389824e-14 4.0018051315e-15 4.1081242554e-15
4.5367431641e+02 1.8453082116e-14 1.0373327334e-14 3.9735511830e-15 4.1062035985e-15
4.5373535156e+02 1.8440288512e-14 1.0412173129e-14 3.9418731017e-15 4.0862422807e-15
4.5379638672e+02 1.8399173121e-14 1.0370446309e-14 3.9297850651e-15 4.0989417469e-15
4.5385742188e+02 1.8490177647e-14 1.0471492124e-14 3.9395759854e-15 4.0791095373e-15
4.5391845703e+02 1.8550229100e-14 1.0494197219e-14 3.9690711502e-15 4.0869607317e-15
4.5397949219e+02 1.8534261335e-14 1.0445340082e-14 3.9696319400e-15 4.1192893128e-15
4.5404052734e+02 1.8419878774e-14 1.0397014080e-14 3.9201332903e-15 4.1027314034e-15
4.5410156250e+02 1.8446563510e-14 1.0370871622e-14 3.9549793287e-15 4.1207125591e-15
4.5416259766e+02 1.8613536693e-14 1.0521654341e-14 3.9723327776e-15 4.1195495736e-15
4.5422363281e+02 1.8577102792e-14 1.0460242414e-14 3.9745304441e-15 4.1423299339e-15
4.5428466797e+02 1.8432504412e-14 1.0297209263e-14 3.9544627558e-15 4.1808323936e-15
4.5434570312e+02 1.8373862933e-14 1.0284088966e-14 3.9734791308e-15 4.1162948361e-15
4.5440673828e+02 1.8341097821e-14 1.0258164169e-14 3.9818813888e-15 4.1010522631e-15
4.5446777344e+02 1.8370178616e-14 1.0282337265e-14 3.9706463179e-15 4.1171950337e-15
4.5452880859e+02 1.8366944848e-14 1.0317286148e-14 3.9807628805e-15 4.0688958194e-15
4.5458984375e+02 1.8344444171e-14 1.0338989273e-14 3.9738386559e-15 4.0316162430e-15
4.5465087891e+02 1.8271663051e-14 1.0269945676e-14 3.9469211860e-15 4.0547961886e-15
4.5471191406e+02 1.8164757951e-14 1.0129260918e-14 3.9531034371e-15 4.0823935958e-15
4.5477294922e+02 1.8256713014e-14 1.0194232556e-14 3.9532460981e-15 4.1092343602e-15
4.5483398438e+02 1.8187682810e-14 1.0165043178e-14 3.8955416071e-15 4.1270980252e-15
4.5489501953e+02 1.8158991056e-14 1.0115055017e-14 3.9359589300e-15 4.1079771091e-15
4.5495605469e+02 1.8155488364e-14 1.0096932337e-14 3.9680324475e-15 4.0905235803e-15
4.5501708984e+02 1.8241620221e-14 1.0179606242e-14 3.9768070139e-15 4.0852069648e-15
4.5507812500e+02 1.8388236814e-14 1.0389081758e-14 3.9348119738e-15 4.0643430823e-15
4.5513916016e+02 1.8408271614e-14 1.0393391699e-14 3.9348009972e-15 4.0800789171e-15
4.5520019531e+02 1.8357277003e-14 1.0335882554e-14 3.9384574164e-15 4.0829370330e-15
4.5526123047e+02 1.8277698963e-14 1.0225597697e-14 3.9337024589e-15 4.1183988073e-15
4.5532226562e+02 1.8208883448e-14 1.0153887594e-14 3.9532015860e-15 4.1017942678e-15
4.5538330078e+02 1.8144321977e-14 1.0158425854e-14 3.9503627918e-15 4.0355333319e-15
4.5544433594e+02 1.8208076360e-14 1.0157623630e-14 3.9923830492e-15 4.0580696808e-15
4.5550537109e+02 1.8257167406e-14 1.0195660195e-14 4.0021012767e-15 4.0594059342e-15
4.5556640625e+02 1.8311006678e-14 1.0276510649e-14 3.9627407835e-15 4.0717552462e-15
4.5562744141e+02 1.8359058580e-14 1.0322862155e-14 3.9720584643e-15 4.0641379608e-15
4.5568847656e+02 1.8339776641e-14 1.0366047426e-14 3.9355511193e-15 4.0381780959e-15
4.5574951172e+02 1.8381949308e-14 1.0366378058e-14 3.9378715355e-15 4.0776997146e-15
4.5581054688e+02 1.8270318761e-14 1.0174950510e-14 3.9718983078e-15 4.1234699430e-15
4.5587158203e+02 1.8127841693e-14 1.0067075822e-14 3.9754602992e-15 4.0853055724e-15
4.5593261719e+02 1.8195463576e-14 1.0170272552e-14 3.9415558309e-15 4.0836351924e-15
4.5599365234e+02 1.8133101413e-14 1.0141692976e-14 3.9448017424e-15 4.0466066943e-15
4.5605468750e+02 1.8184790856e-14 1.0119454856e-14 3.9872647373e-15 4.0780712623e-15
4.5611572266e+02 1.8176058026e-14 1.0103778574e-14 3.9864278049e-15 4.0858516478e-15
4.5617675781e+02 1.8086532033e-14 1.0064815499e-14 3.9382020800e-15 4.0835144538e-15
4.5623779297e+02 1.8133197726e-14 1.0097013996e-14 3.9368822920e-15 4.0993014379e-15
4.5629882812e+02 1.8217695964e-14 1.0130141483e-14 3.9864527935e-15 4.1011016876e-15
4.5635986328e+02 1.8188134227e-14 1.0141041298e-14 3.9769040415e-15 4.0701888868e-15
4.5642089844e+02 1.8175540183e-14 1.0126885482e-14 3.9741022898e-15 4.0745524115e-15
4.5648193359e+02 1.8073829957e-14 1.0037925229e-14 3.9689596525e-15 4.0669450761e-15
4.5654296875e+02 1.8080754492e-14 1.0021540845e-14 3.9765470619e-15 4.0826665857e-15
4.5660400391e+02 1.8109566459e-14 1.0049496348e-14 3.9573914120e-15 4.1026786989e-15
4.5666503906e+02 1.8069749664e-14 1.0058118053e-14 3.9630012680e-15 4.0486303427e-15
4.5672607422e+02 1.8046017876e-14 1.0030567334e-14 3.9734564898e-15 4.0419940522e-15
4.5678710938e+02 1.8128915204e-14 1.0049794602e-14 3.9875960238e-15 4.0915245788e-15
4.5684814453e+02 1.8208142815e-14 1.0136387096e-14 3.9927364598e-15 4.0790192594e-15
4.5690917969e+02 1.8173299354e-14 1.0140641739e-14 3.9608581696e-15 4.0717994450e-15
4.5697021484e+02 1.8148945389e-14 1.0068391888e-14 3.9912287812e-15 4.0893247193e-15
4.5703125000e+02 1.8076481649e-14 1.0003348287e-14 3.9688702874e-15 4.1042630743e-15
4.5709228516e+02 1.7945927920e-14 9.8986165273e-15 3.9532513893e-15 4.0940600035e-15
4.5715332031e+02 1.7987551796e-14 9.9349442203e-15 3.9472055965e-15 4.1054019792e-15
4.5721435547e+02 1.8006005274e-14 9.9631986155e-15 3.9510805721e-15 4.0917260864e-15
4.5727539062e+02 1.8018987449e-14 9.9617028969e-15 3.9385836445e-15 4.1187009075e-15
4.5733642578e+02 1.7999396487e-14 9.9375910957e-15 3.9658982864e-15 4.0959071049e-15
4.5739746094e+02 1.7961051926e-14 9.9041164474e-15 4.0228733926e-15 4.0340620855e-15
4.5745849609e+02 1.7933694681e-14 9.9061461638e-15 3.9685957932e-15 4.0589527240e-15
4.5751953125e+02 1.7850364735e-14 9.8777664789e-15 3.9088885807e-15 4.0637096759e-15
4.5758056641e+02 1.7917230060e-14 9.9104460217e-15 3.9428892881e-15 4.0638947499e-15
4.5764160156e+02 1.7827100609e-14 9.8585693235e-15 3.9196690762e-15 4.0488622095e-15
4.5770263672e+02 1.7814449556e-14 9.8787491233e-15 3.8976556353e-15 4.0380447973e-15
4.5776367188e+02 1.7847992042e-14 9.8325132594e-15 3.9291989888e-15 4.0862797933e-15
4.5782470703e+02 1.7831841691e-14 9.8174249771e-15 3.9234193070e-15 4.0909974070e-15
4.5788574219e+02 1.7788922396e-14 9.8214886438e-15 3.8946430891e-15 4.0727906627e-15
4.5794677734e+02 1.7907545770e-14 9.8465930217e-15 3.9603157071e-15 4.1006370410e-15
4.5800781250e+02 1.8062323734e-14 9.9632703364e-15 4.0243963111e-15 4.0746570869e-15
4.5806884766e+02 1.7869097020e-14 9.9006368021e-15 3.9385671149e-15 4.0298931028e-15
4.5812988281e+02 1.7889272637e-14 9.9392697260e-15 3.9500979884e-15 3.9999049224e-15
4.5819091797e+02 1.7789383388e-14 9.8566442288e-15 3.9163469779e-15 4.0163921813e-15
4.5825195312e+02 1.7716927171e-14 9.7496454453e-15 3.9101804512e-15 4.0571012745e-15
4.5831298828e+02 1.7776923453e-14 9.7479791165e-15 3.9273179320e-15 4.1016264050e-15
4.5837402344e+02 1.7837885794e-14 9.8271740983e-15 3.9119566262e-15 4.0987550695e-15
4.5843505859e+02 1.7910323887e-14 9.8812244827e-15 3.9602278207e-15 4.0688715837e-15
4.5849609375e+02 1.8023317397e-14 9.9520766544e-15 3.9863039290e-15 4.0849368134e-15
4.5855712891e+02 1.8017788902e-14 9.9321798550e-15 3.9903879530e-15 4.0952210936e-15
4.5861816406e+02 1.7944003979e-14 9.8923231592e-15 3.9129179716e-15 4.1387628479e-15
4.5867919922e+02 1.7898974163e-14 9.8825844181e-15 3.8751914272e-15 4.1411983175e-15
4.5874023438e+02 1.7906730082e-14 9.8982806076e-15 3.9197039382e-15 4.0887455358e-15
4.5880126953e+02 1.7898167553e-14 9.8713949361e-15 3.9157371534e-15 4.1110354630e-15
4.5886230469e+02 1.7943470780e-14 9.8893768002e-15 3.9636855957e-15 4.0904083839e-15
4.5892333984e+02 1.7984033866e-14 9.9289008872e-15 3.9793641794e-15 4.0757687997e-15
4.5898437500e+02 1.7924160903e-14 9.8626468559e-15 3.9638601693e-15 4.0976538776e-15
4.5904541016e+02 1.7856209158e-14 9.8435289047e-15 3.9453771393e-15 4.0673031142e-15
4.5910644531e+02 1.7705975227e-14 9.7474834480e-15 3.9187957753e-15 4.0396960042e-15
4.5916748047e+02 1.7635965804e-14 9.6723860877e-15 3.9233507074e-15 4.0402290087e-15
4.5922851562e+02 1.7691915582e-14 9.7317409106e-15 3.9099976494e-15 4.0501770223e-15
4.5928955078e+02 1.7723902860e-14 9.7232876146e-15 3.8866615894e-15 4.1139536564e-15
4.5935058594e+02 1.7823097791e-14 9.8009403544e-15 3.9477693790e-15 4.0743880575e-15
4.5941162109e+02 1.7906416151e-14 9.8547469612e-15 3.9611877751e-15 4.0904814148e-15
4.5947265625e+02 1.7973024035e-14 9.8973290515e-15 3.9849687975e-15 4.0907261863e-15
4.5953369141e+02 1.7875423462e-14 9.8511804618e-15 3.9281240630e-15 4.0961189372e-15
4.5959472656e+02 1.7790673376e-14 9.7452024897e-15 3.9474381572e-15 4.0980327288e-15
4.5965576172e+02 1.7757552084e-14 9.7245011699e-15 3.9520013116e-15 4.0810496021e-15
4.5971679688e+02 1.7808823263e-14 9.7807278706e-15 3.9491138827e-15 4.0789815097e-15
4.5977783203e+02 1.7774454682e-14 9.7136826646e-15 3.9852351293e-15 4.0755368886e-15
4.5983886719e+02 1.7740138923e-14 9.6503805423e-15 3.9825372372e-15 4.1072211431e-15
4.5989990234e+02 1.7722672620e-14 9.6637685650e-15 3.9679419362e-15 4.0909621192e-15
4.5996093750e+02 1.7623586008e-14 9.5593185869e-15 3.9512203992e-15 4.1130470218e-15
4.6002197266e+02 1.7683585077e-14 9.6150537813e-15 3.9550809443e-15 4.1134503519e-15
4.6008300781e+02 1.7631706448e-14 9.5717727614e-15 3.9461489977e-15 4.1137846895e-15
4.6014404297e+02 1.7665065625e-14 9.6147492924e-15 3.9593317612e-15 4.0909845715e-15
4.6020507812e+02 1.7671622652e-14 9.6823698123e-15 3.9235773768e-15 4.0656754633e-15
4.6026611328e+02 1.7705173085e-14 9.7184529015e-15 3.9186228835e-15 4.0680973004e-15
4.6032714844e+02 1.7693559066e-14 9.6692658077e-15 3.9538896435e-15 4.0704036144e-15
4.6038818359e+02 1.7635877353e-14 9.6702367013e-15 3.9259555856e-15 4.0396850662e-15
4.6044921875e+02 1.7564784591e-14 9.6049717127e-15 3.9100360446e-15 4.0497768334e-15
4.6051025391e+02 1.7546512886e-14 9.5379253081e-15 3.9559247073e-15 4.0526628703e-15
4.6057128906e+02 1.7561256392e-14 9.5774347652e-15 3.9633964742e-15 4.0204251530e-15
4.6063232422e+02 1.7570218571e-14 9.6018233456e-15 3.9132641426e-15 4.0551310825e-15
4.6069335938e+02 1.7490311320e-14 9.5375489867e-15 3.9091297409e-15 4.0436325928e-15
4.6075439453e+02 1.7468878293e-14 9.5005898745e-15 3.9227503587e-15 4.0455380595e-15
4.6081542969e+02 1.7484359859e-14 9.4684110314e-15 3.9514584925e-15 4.0644903348e-15
4.6087646484e+02 1.7492967287e-14 9.4799366426e-15 3.9270497761e-15 4.0859808686e-15
4.6093750000e+02 1.7522422576e-14 9.5241984648e-15 3.9361599826e-15 4.0620641288e-15
4.6099853516e+02 1.7529504629e-14 9.5168747525e-15 3.9583359989e-15 4.0542938778e-15
4.6105957031e+02 1.7495974207e-14 9.4417040172e-15 3.9822689309e-15 4.0720012585e-15
4.6112060547e+02 1.7443861019e-14 9.4139553692e-15 3.9636978031e-15 4.0662078469e-15
4.6118164062e+02 1.7361665323e-14 9.3657459789e-15 3.9206321695e-15 4.0752871742e-15
4.6124267578e+02 1.7334451985e-14 9.3758472043e-15 3.9272455906e-15 4.0313591904e-15
4.6130371094e+02 1.7400125829e-14 9.3848150905e-15 3.9519939783e-15 4.0633167601e-15
4.6136474609e+02 1.7481800332e-14 9.4756397470e-15 3.9126265172e-15 4.0935340680e-15
4.6142578125e+02 1.7612649880e-14 9.5792009384e-15 3.9367072587e-15 4.0967416827e-15
4.6148681641e+02 1.7549132770e-14 9.5179194751e-15 3.9492016993e-15 4.0820115951e-15
4.6154785156e+02 1.7492206509e-14 9.5090344476e-15 3.9456928534e-15 4.0374792080e-15
4.6160888672e+02 1.7474655159e-14 9.4478529514e-15 3.9497866286e-15 4.0770155795e-15
4.6166992188e+02 1.7502566260e-14 9.4844252922e-15 3.9491893955e-15 4.0689515728e-15
4.6173095703e+02 1.7529008449e-14 9.5181900671e-15 3.9584197923e-15 4.0523985896e-15
4.6179199219e+02 1.7588800701e-14 9.5401813375e-15 3.9384079482e-15 4.1102114153e-15
4.6185302734e+02 1.7451641733e-14 9.4450961809e-15 3.9253382910e-15 4.0812072616e-15
4.6191406250e+02 1.7427010711e-14 9.4337034469e-15 3.9339776971e-15 4.0593295667e-15
4.6197509766e+02 1.7466523925e-14 9.4381957441e-15 3.9573760119e-15 4.0709521690e-15
4.6203613281e+02 1.7538342427e-14 9.5196501853e-15 3.9372347322e-15 4.0814575091e-15
4.6209716797e+02 1.7488418435e-14 9.4804167706e-15 3.9223737182e-15 4.0856279457e-15
4.6215820312e+02 1.7459501963e-14 9.4606523705e-15 3.9144577809e-15 4.0843918113e-15
4.6221923828e+02 1.7435140474e-14 9.3874677409e-15 3.9405696812e-15 4.1071030523e-15
4.6228027344e+02 1.7372316591e-14 9.3904068358e-15 3.9158119818e-15 4.0660977737e-15
4.6234130859e+02 1.7359149917e-14 9.3955791717e-15 3.9149307663e-15 4.0486399792e-15
4.6240234375e+02 1.7242872020e-14 9.3023721689e-15 3.9004894402e-15 4.0400104111e-15
4.6246337891e+02 1.7180320109e-14 9.2098950047e-15 3.9277323349e-15 4.0426927692e-15
4.6252441406e+02 1.7262946561e-14 9.2790033735e-15 3.9780632770e-15 4.0058799105e-15
4.6258544922e+02 1.7273843566e-14 9.2954036879e-15 3.9343357665e-15 4.0441041118e-15
4.6264648438e+02 1.7318622515e-14 9.2803888140e-15 3.9173942867e-15 4.1208394142e-15
4.6270751953e+02 1.7263069513e-14 9.2895175403e-15 3.9272741358e-15 4.0462778373e-15
4.6276855469e+02 1.7302851535e-14 9.3296765496e-15 3.9306226484e-15 4.0425523370e-15
4.6282958984e+02 1.7382337413e-14 9.3651834147e-15 3.9548144304e-15 4.0623395681e-15
4.6289062500e+02 1.7462376667e-14 9.4275256993e-15 3.9580860267e-15 4.0767649407e-15
4.6295166016e+02 1.7431782812e-14 9.4188913361e-15 3.9456642411e-15 4.0672272352e-15
4.6301269531e+02 1.7371006684e-14 9.3947730677e-15 3.9422451547e-15 4.0339884613e-15
4.6307373047e+02 1.7288774955e-14 9.3403357746e-15 3.9249193398e-15 4.0235198404e-15
4.6313476562e+02 1.7295214966e-14 9.3335557620e-15 3.9506014747e-15 4.0110577289e-15
4.6319580078e+02 1.7405385393e-14 9.3969921954e-15 3.9330005022e-15 4.0753926950e-15
4.6325683594e+02 1.7400593757e-14 9.3542183465e-15 3.9567386631e-15 4.0896367471e-15
4.6331787109e+02 1.7367853303e-14 9.3107735625e-15 3.9415073891e-15 4.1155723516e-15
4.6337890625e+02 1.7345054265e-14 9.3215568054e-15 3.9222597438e-15 4.1012377156e-15
4.6343994141e+02 1.7244059485e-14 9.2345062252e-15 3.9178990020e-15 4.0916542583e-15
4.6350097656e+02 1.7228866226e-14 9.2123095435e-15 3.9519460416e-15 4.0646106412e-15
4.6356201172e+02 1.7309293636e-14 9.2836831522e-15 3.9691958456e-15 4.0564146385e-15
4.6362304688e+02 1.7278597634e-14 9.3012093559e-15 3.9383126876e-15 4.0390755902e-15
4.6368408203e+02 1.7269986904e-14 9.2342173378e-15 3.9794283564e-15 4.0563412093e-15
4.6374511719e+02 1.7253969120e-14 9.1772216966e-15 4.0005183326e-15 4.0762290911e-15
4.6380615234e+02 1.7219190747e-14 9.2015373650e-15 3.9461535337e-15 4.0714998485e-15
4.6386718750e+02 1.7271009910e-14 9.2506872898e-15 3.9539636766e-15 4.0663589436e-15
4.6392822266e+02 1.7208170724e-14 9.1981709437e-15 3.9440710984e-15 4.0659286821e-15
4.6398925781e+02 1.7292540913e-14 9.2441698434e-15 3.9680587643e-15 4.0803123055e-15
4.6405029297e+02 1.7261145431e-14 9.2349614037e-15 3.9995326166e-15 4.0266514109e-15
4.6411132812e+02 1.7284422178e-14 9.2740931204e-15 4.0177399090e-15 3.9925891490e-15
4.6417236328e+02 1.7252256823e-14 9.1887314499e-15 4.0208286047e-15 4.0426967688e-15
4.6423339844e+02 1.7134756390e-14 9.1276302572e-15 3.9754832459e-15 4.0316428870e-15
4.6429443359e+02 1.7290440835e-14 9.2618474807e-15 3.9825705023e-15 4.0460228521e-15
4.6435546875e+02 1.7280120709e-14 9.2697501692e-15 3.9650862540e-15 4.0452842854e-15
4.6441650391e+02 1.7226197636e-14 9.1931470735e-15 3.9583346549e-15 4.0747159080e-15
4.6447753906e+02 1.7249977873e-14 9.1513902233e-15 4.0123411334e-15 4.0862465162e-15
4.6453857422e+02 1.7247725973e-14 9.1670404957e-15 4.0056213317e-15 4.0750641456e-15
4.6459960938e+02 1.7171109677e-14 9.1808760025e-15 3.9491244869e-15 4.0411091873e-15
4.6466064453e+02 1.7098608810e-14 9.1297036670e-15 3.9553577235e-15 4.0135474194e-15
4.6472167969e+02 1.7117636373e-14 9.1629713780e-15 3.9835619257e-15 3.9711030696e-15
4.6478271484e+02 1.7159868820e-14 9.1512059898e-15 3.9870059468e-15 4.0216568837e-15
4.6484375000e+02 1.7176033293e-14 9.1202204085e-15 3.9931352364e-15 4.0626776477e-15
4.6490478516e+02 1.7094282150e-14 9.0098893381e-15 3.9669937626e-15 4.1173990488e-15
4.6496582031e+02 1.7130996173e-14 9.0881114105e-15 3.9462330452e-15 4.0966517171e-15
4.6502685547e+02 1.7184844293e-14 9.2087816639e-15 3.9302310115e-15 4.0458316174e-15
4.6508789062e+02 1.7213595846e-14 9.1711371024e-15 3.9793773497e-15 4.0630813935e-15
4.6514892578e+02 1.7192950565e-14 9.1393144560e-15 3.9717391232e-15 4.0818969862e-15
4.6520996094e+02 1.7074052972e-14 9.0278210246e-15 3.9613050749e-15 4.0849268724e-15
4.6527099609e+02 1.7061399793e-14 9.0305486158e-15 3.9586162873e-15 4.0722348903e-15
4.6533203125e+02 1.7061316166e-14 9.0522423530e-15 3.9703159081e-15 4.0387579045e-15
4.6539306641e+02 1.7039821969e-14 8.9915918812e-15 3.9988882127e-15 4.0493418755e-15
4.6545410156e+02 1.7000728462e-14 8.9473826749e-15 4.0124470911e-15 4.0408986961e-15
4.6551513672e+02 1.7039007023e-14 8.9970533938e-15 3.9904267954e-15 4.0515268341e-15
4.6557617188e+02 1.7016686957e-14 8.9957891960e-15 3.9795549222e-15 4.0413428388e-15
4.6563720703e+02 1.7041096886e-14 9.0439282857e-15 3.9400984989e-15 4.0570701018e-15
4.6569824219e+02 1.7012100352e-14 8.9920718987e-15 3.9469955144e-15 4.0730329388e-15
4.6575927734e+02 1.6954720743e-14 8.9115452539e-15 3.9827352253e-15 4.0604402639e-15
4.6582031250e+02 1.7066592752e-14 9.0162741163e-15 4.0007333550e-15 4.0495852809e-15
4.6588134766e+02 1.7145099197e-14 9.0602544434e-15 4.0027999429e-15 4.0820448104e-15
4.6594238281e+02 1.7040138779e-14 9.0344404485e-15 3.9308506790e-15 4.0748476511e-15
4.6600341797e+02 1.7054380571e-14 9.0109959981e-15 3.9535568221e-15 4.0898277507e-15
4.6606445312e+02 1.6980845690e-14 8.9305224241e-15 4.0023527006e-15 4.0479705655e-15
4.6612548828e+02 1.6991232460e-14 8.9182384567e-15 4.0124744620e-15 4.0605195416e-15
4.6618652344e+02 1.6951804579e-14 8.9218066025e-15 4.0001429161e-15 4.0298550604e-15
4.6624755859e+02 1.6907490428e-14 8.9068254092e-15 3.9518305352e-15 4.0488344838e-15
4.6630859375e+02 1.6904734726e-14 8.9133614176e-15 3.9216718848e-15 4.0697014232e-15
4.6636962891e+02 1.6932403990e-14 8.9663892717e-15 3.8975573915e-15 4.0684573264e-15
4.6643066406e+02 1.6887049976e-14 8.9281221653e-15 3.9187693888e-15 4.0401584220e-15
4.6649169922e+02 1.6857734116e-14 8.9001041942e-15 3.9588043634e-15 3.9988255585e-15
4.6655273438e+02 1.6837824872e-14 8.8758279734e-15 3.9455283159e-15 4.0164685827e-15
4.6661376953e+02 1.6908578017e-14 8.9189078663e-15 3.9388882058e-15 4.0507819450e-15
4.6667480469e+02 1.6997720041e-14 8.9489154344e-15 3.9456298355e-15 4.1031747710e-15
4.6673583984e+02 1.7017285593e-14 8.9374292833e-15 3.9929032770e-15 4.0869530324e-15
4.6679687500e+02 1.6948735960e-14 8.9253395894e-15 3.9439001683e-15 4.0794962023e-15
4.6685791016e+02 1.6994870761e-14 8.9299162983e-15 3.9559165887e-15 4.1090378742e-15
4.6691894531e+02 1.6915946969e-14 8.8589436451e-15 3.9482642436e-15 4.1087390808e-15
4.6697998047e+02 1.6880820749e-14 8.8626921336e-15 3.9606464795e-15 4.0574821364e-15
4.6704101562e+02 1.7013445456e-14 8.9603237708e-15 4.0012419260e-15 4.0518797592e-15
4.6710205078e+02 1.6998046393e-14 8.9575506581e-15 3.9801977627e-15 4.0602979722e-15
4.6716308594e+02 1.7044011418e-14 8.9625308644e-15 3.9882696742e-15 4.0932108791e-15
4.6722412109e+02 1.7022115647e-14 8.9360770679e-15 4.0000476713e-15 4.0859909077e-15
4.6728515625e+02 1.6886024735e-14 8.8411003028e-15 3.9969057148e-15 4.0480187176e-15
4.6734619141e+02 1.6877970398e-14 8.8159546819e-15 4.0068487525e-15 4.0551669631e-15
4.6740722656e+02 1.6910720631e-14 8.8801525975e-15 3.9728927768e-15 4.0576752562e-15
4.6746826172e+02 1.6962567723e-14 8.9220700111e-15 4.0023389292e-15 4.0381587829e-15
4.6752929688e+02 1.6945933232e-14 8.8912619203e-15 3.9894860036e-15 4.0651853078e-15
4.6759033203e+02 1.6967122363e-14 8.8659501734e-15 3.9894407664e-15 4.1117314229e-15
4.6765136719e+02 1.6970438732e-14 8.8626608159e-15 3.9885457701e-15 4.1192321456e-15
4.6771240234e+02 1.6921194300e-14 8.8090025069e-15 4.0169050317e-15 4.0952867614e-15
4.6777343750e+02 1.6855240180e-14 8.8223686887e-15 3.9673265332e-15 4.0655449583e-15
4.6783447266e+02 1.6800589003e-14 8.8084283515e-15 3.9495824659e-15 4.0425781860e-15
4.6789550781e+02 1.6757876730e-14 8.8182887910e-15 3.9298094867e-15 4.0097784522e-15
4.6795654297e+02 1.6782742759e-14 8.8092874875e-15 3.9213410403e-15 4.0521142311e-15
4.6801757812e+02 1.6813330180e-14 8.7698435956e-15 3.9620143384e-15 4.0814722460e-15
4.6807861328e+02 1.6759158676e-14 8.7970864101e-15 3.9331341164e-15 4.0289381492e-15
4.6813964844e+02 1.6726812959e-14 8.7249279498e-15 3.9336233118e-15 4.0682616969e-15
4.6820068359e+02 1.6769631266e-14 8.6941005186e-15 3.9767915310e-15 4.0987392167e-15
4.6826171875e+02 1.6806420481e-14 8.7729323243e-15 3.9763875534e-15 4.0571006035e-15
4.6832275391e+02 1.6863837866e-14 8.8067163200e-15 3.9807229086e-15 4.0763986371e-15
4.6838378906e+02 1.6915719825e-14 8.8134123836e-15 4.0063494929e-15 4.0959579482e-15
4.6844482422e+02 1.6801666708e-14 8.7127990415e-15 4.0122018340e-15 4.0766658321e-15
4.6850585938e+02 1.6633923427e-14 8.5665041728e-15 4.0041870939e-15 4.0632321601e-15
4.6856689453e+02 1.6636447997e-14 8.5970927140e-15 3.9907524799e-15 4.0486028026e-15
4.6862792969e+02 1.6587994402e-14 8.5909052629e-15 3.9820373015e-15 4.0150518374e-15
4.6868896484e+02 1.6635008948e-14 8.6450008952e-15 3.9873421392e-15 4.0026659135e-15
4.6875000000e+02 1.6735926767e-14 8.7013707230e-15 3.9897555732e-15 4.0448004709e-15
4.6881103516e+02 1.6724042980e-14 8.6690392270e-15 4.0060822238e-15 4.0489215291e-15
4.6887207031e+02 1.6603238178e-14 8.5789674120e-15 3.9609102887e-15 4.0633604777e-15
4.6893310547e+02 1.6617867006e-14 8.6213504411e-15 3.9369128438e-15 4.0596037211e-15
4.6899414062e+02 1.6567239373e-14 8.6036296212e-15 3.9358935016e-15 4.0277162503e-15
4.6905517578e+02 1.6565752832e-14 8.5941034437e-15 3.9563852450e-15 4.0152641432e-15
4.6911621094e+02 1.6617504251e-14 8.6335188597e-15 3.9628655705e-15 4.0211198203e-15
4.6917724609e+02 1.6576460933e-14 8.6374460764e-15 3.9418922607e-15 3.9971225964e-15
4.6923828125e+02 1.6726713824e-14 8.7501710652e-15 3.9444670210e-15 4.0320757381e-15
4.6929931641e+02 1.6779065334e-14 8.7491610541e-15 3.9545313474e-15 4.0753729323e-15
4.6936035156e+02 1.6706475764e-14 8.7003043580e-15 3.9863823130e-15 4.0197890927e-15
4.6942138672e+02 1.6724639763e-14 8.7415365851e-15 3.9469340755e-15 4.0361691022e-15
4.6948242188e+02 1.6682921338e-14 8.7000523245e-15 3.9436687281e-15 4.0392002854e-15
4.6954345703e+02 1.6666816471e-14 8.6501665875e-15 3.9811378948e-15 4.0355119884e-15
4.6960449219e+02 1.6697220060e-14 8.6582313967e-15 3.9946969606e-15 4.0442917024e-15
4.6966552734e+02 1.6667424249e-14 8.6274006016e-15 3.9699763705e-15 4.0700472767e-15
4.6972656250e+02 1.6654182158e-14 8.6469354146e-15 3.9562568916e-15 4.0509898514e-15
4.6978759766e+02 1.6671849371e-14 8.6757133754e-15 3.9327178274e-15 4.0634181687e-15
4.6984863281e+02 1.6523414628e-14 8.5254268927e-15 3.9381466794e-15 4.0598410557e-15
4.6990966797e+02 1.6491463640e-14 8.4898742681e-15 3.9583922699e-15 4.0431971020e-15
4.6997070312e+02 1.6454084477e-14 8.4720693793e-15 3.9301757381e-15 4.0518393600e-15
4.7003173828e+02 1.6552942781e-14 8.5528466275e-15 3.9186703390e-15 4.0814258149e-15
4.7009277344e+02 1.6684028698e-14 8.6800383824e-15 3.9442736801e-15 4.0597166350e-15
4.7015380859e+02 1.6630408082e-14 8.6595520691e-15 3.9421943044e-15 4.0286617082e-15
4.7021484375e+02 1.6693059802e-14 8.6858632933e-15 3.9687159440e-15 4.0384805644e-15
4.7027587891e+02 1.6741499953e-14 8.7151914694e-15 3.9907872945e-15 4.0355211895e-15
4.7033691406e+02 1.6670855486e-14 8.7007946033e-15 3.9314683362e-15 4.0385925460e-15
4.7039794922e+02 1.6625900409e-14 8.6565532998e-15 3.9287606018e-15 4.0405865076e-15
4.7045898438e+02 1.6653900522e-14 8.6675857776e-15 3.9374168963e-15 4.0488978483e-15
4.7052001953e+02 1.6784974987e-14 8.7792320961e-15 3.9385389712e-15 4.0672039198e-15
4.7058105469e+02 1.6660759969e-14 8.6926465866e-15 3.9254385380e-15 4.0426748446e-15
4.7064208984e+02 1.6642342576e-14 8.6711285840e-15 3.9254222655e-15 4.0457917269e-15
4.7070312500e+02 1.6611215620e-14 8.6851408925e-15 3.9118112816e-15 4.0142634462e-15
4.7076416016e+02 1.6511240770e-14 8.5830439944e-15 3.9332588116e-15 3.9949379640e-15
4.7082519531e+02 1.6489383516e-14 8.5436136360e-15 3.9069959153e-15 4.0387739650e-15
4.7088623047e+02 1.6539320957e-14 8.5201631224e-15 3.9616509903e-15 4.0575068440e-15
4.7094726562e+02 1.6460265583e-14 8.4202014753e-15 3.9753566679e-15 4.0647074398e-15
4.7100830078e+02 1.6567639557e-14 8.5312908726e-15 3.9511668391e-15 4.0851818450e-15
4.7106933594e+02 1.6538411264e-14 8.5373914998e-15 3.9363575570e-15 4.0646622072e-15
4.7113037109e+02 1.6379888911e-14 8.4220935610e-15 3.9360328947e-15 4.0217624551e-15
4.7119140625e+02 1.6392185508e-14 8.4166637907e-15 3.9704380839e-15 4.0050836331e-15
4.7125244141e+02 1.6303742014e-14 8.3733626710e-15 3.9602897656e-15 3.9700895773e-15
4.7131347656e+02 1.6430121868e-14 8.4589024576e-15 3.9603144371e-15 4.0109049732e-15
4.7137451172e+02 1.6459903947e-14 8.4673580631e-15 3.9593243929e-15 4.0332214906e-15
4.7143554688e+02 1.6397707625e-14 8.4139978502e-15 3.9395380696e-15 4.0441717052e-15
4.7149658203e+02 1.6436965053e-14 8.4784491396e-15 3.9301893351e-15 4.0283265782e-15
4.7155761719e+02 1.6477955571e-14 8.5294191677e-15 3.9409155527e-15 4.0076208507e-15
4.7161865234e+02 1.6466918399e-14 8.5029737431e-15 3.9187480776e-15 4.0451965786e-15
4.7167968750e+02 1.6485170438e-14 8.5396865532e-15 3.9226058086e-15 4.0228780758e-15
4.7174072266e+02 1.6610472383e-14 8.5846927177e-15 3.9852562845e-15 4.0405233806e-15
4.7180175781e+02 1.6569855001e-14 8.5304826379e-15 3.9759904982e-15 4.0633818651e-15
4.7186279297e+02 1.6573358331e-14 8.5240422477e-15 3.9545537608e-15 4.0947623228e-15
4.7192382812e+02 1.6492751055e-14 8.4520754738e-15 3.9599432050e-15 4.0807323763e-15
4.7198486328e+02 1.6495335869e-14 8.4890796684e-15 3.9374629977e-15 4.0687932034e-15
4.7204589844e+02 1.6451694609e-14 8.4441837830e-15 3.9530795106e-15 4.0544313156e-15
4.7210693359e+02 1.6398649647e-14 8.3713574682e-15 3.9502841454e-15 4.0770080334e-15
4.7216796875e+02 1.6293766426e-14 8.3165340863e-15 3.9405579593e-15 4.0366743803e-15
4.7222900391e+02 1.6354068924e-14 8.3523339580e-15 3.9675063605e-15 4.0342286051e-15
4.7229003906e+02 1.6470339523e-14 8.4033944598e-15 3.9944351050e-15 4.0725099579e-15
4.7235107422e+02 1.6456442963e-14 8.4170058511e-15 3.9663340094e-15 4.0731031024e-15
4.7241210938e+02 1.6455682947e-14 8.4180074767e-15 3.9656803596e-15 4.0719951110e-15
4.7247314453e+02 1.6353776396e-14 8.3819752150e-15 3.9476823208e-15 4.0241188601e-15
4.7253417969e+02 1.6358520344e-14 8.3798859691e-15 3.9484145732e-15 4.0302198020e-15
4.7259521484e+02 1.6315989550e-14 8.3164826047e-15 3.9564844574e-15 4.0430224880e-15
4.7265625000e+02 1.6331325147e-14 8.3040044358e-15 3.9709336922e-15 4.0563870189e-15
4.7271728516e+02 1.6333789790e-14 8.3216591485e-15 3.9641387779e-15 4.0479918634e-15
4.7277832031e+02 1.6454727779e-14 8.3620362999e-15 3.9973460154e-15 4.0953454639e-15
4.7283935547e+02 1.6391814088e-14 8.3103406447e-15 3.9923768600e-15 4.0890965834e-15
4.7290039062e+02 1.6368126634e-14 8.3133881574e-15 3.9802195870e-15 4.0745188891e-15
4.7296142578e+02 1.6426505790e-14 8.3806092457e-15 3.9437908208e-15 4.1021057234e-15
4.7302246094e+02 1.6382311111e-14 8.3553371795e-15 3.9122608594e-15 4.1147130723e-15
4.7308349609e+02 1.6223357118e-14 8.2943450214e-15 3.8863963089e-15 4.0426157881e-15
4.7314453125e+02 1.6187411955e-14 8.2561439131e-15 3.9034831161e-15 4.0277849253e-15
4.7320556641e+02 1.6280861415e-14 8.2765397263e-15 3.9309207334e-15 4.0734009548e-15
4.7326660156e+02 1.6342403717e-14 8.2731745615e-15 3.9937033309e-15 4.0755258247e-15
4.7332763672e+02 1.6294557242e-14 8.2944973312e-15 3.9590566934e-15 4.0410032174e-15
4.7338867188e+02 1.6216794264e-14 8.2198382754e-15 3.9086133966e-15 4.0883425924e-15
4.7344970703e+02 1.6277536935e-14 8.3021992560e-15 3.9203003043e-15 4.0550373745e-15
4.7351074219e+02 1.6329237285e-14 8.3628103722e-15 3.9577068192e-15 4.0087200930e-15
4.7357177734e+02 1.6318308672e-14 8.3141464518e-15 3.9891199849e-15 4.0150422349e-15
4.7363281250e+02 1.6327720348e-14 8.3300885365e-15 3.9735474719e-15 4.0240843401e-15
4.7369384766e+02 1.6307857608e-14 8.3109606819e-15 3.9365525787e-15 4.0603443477e-15
4.7375488281e+02 1.6350699054e-14 8.3711216089e-15 3.9342529984e-15 4.0453244464e-15
4.7381591797e+02 1.6337742185e-14 8.3491732931e-15 3.9405064519e-15 4.0480624404e-15
4.7387695312e+02 1.6299149305e-14 8.2768365674e-15 3.9578782868e-15 4.0644344513e-15
4.7393798828e+02 1.6347154506e-14 8.3432588805e-15 3.9244741502e-15 4.0794214749e-15
4.7399902344e+02 1.6243016543e-14 8.3091514572e-15 3.8877041811e-15 4.0461609045e-15
4.7406005859e+02 1.6274257207e-14 8.3086000066e-15 3.9185152945e-15 4.0471419059e-15
4.7412109375e+02 1.6259863760e-14 8.2682405878e-15 3.9565199941e-15 4.0351031782e-15
4.7418212891e+02 1.6264636888e-14 8.2585975987e-15 3.9658080628e-15 4.0402312268e-15
4.7424316406e+02 1.6325907322e-14 8.2672240598e-15 3.9660460004e-15 4.0926372618e-15
4.7430419922e+02 1.6345458149e-14 8.2921576451e-15 3.9651748136e-15 4.0881256902e-15
4.7436523438e+02 1.6280316417e-14 8.2704778748e-15 3.9341559259e-15 4.0756826164e-15
4.7442626953e+02 1.6310010683e-14 8.3378760744e-15 3.9165598317e-15 4.0555747772e-15
4.7448730469e+02 1.6326716388e-14 8.3650040148e-15 3.9376286562e-15 4.0240837175e-15
4.7454833984e+02 1.6362833355e-14 8.3243057822e-15 3.9950495083e-15 4.0434780648e-15
4.7460937500e+02 1.6305985367e-14 8.2742877391e-15 3.9623888576e-15 4.0693087708e-15
4.7467041016e+02 1.6187647282e-14 8.2035476449e-15 3.9371706956e-15 4.0469289411e-15
4.7473144531e+02 1.6228309007e-14 8.2381055147e-15 3.9249147124e-15 4.0652887797e-15
4.7479248047e+02 1.6206228991e-14 8.2327036460e-15 3.9451632957e-15 4.0283620490e-15
4.7485351562e+02 1.6250585418e-14 8.2482220647e-15 3.9238913218e-15 4.0784720315e-15
4.7491455078e+02 1.6278985161e-14 8.2455404336e-15 3.9463175901e-15 4.0871271375e-15
4.7497558594e+02 1.6290464616e-14 8.2986436440e-15 3.9430471061e-15 4.0487738656e-15
4.7503662109e+02 1.6351806878e-14 8.3042331669e-15 3.9313154132e-15 4.1162582975e-15
4.7509765625e+02 1.6224415768e-14 8.1848999499e-15 3.9746146109e-15 4.0649012075e-15
4.7515869141e+02 1.6137641279e-14 8.1371716888e-15 3.9649639128e-15 4.0355056777e-15
4.7521972656e+02 1.6110821704e-14 8.1295782257e-15 3.9483334938e-15 4.0329099848e-15
4.7528076172e+02 1.6132607562e-14 8.1532165163e-15 3.9631556859e-15 4.0162353597e-15
4.7534179688e+02 1.6225343843e-14 8.1973381870e-15 3.9750659399e-15 4.0529397161e-15
4.7540283203e+02 1.6236929184e-14 8.2229640409e-15 3.9859977100e-15 4.0279674331e-15
4.7546386719e+02 1.6141327278e-14 8.1267881014e-15 3.9952733148e-15 4.0192658618e-15
4.7552490234e+02 1.6116425086e-14 8.0688947188e-15 3.9635819538e-15 4.0839484135e-15
4.7558593750e+02 1.6123784692e-14 8.0542523645e-15 3.9726724653e-15 4.0968598616e-15
4.7564697266e+02 1.6124364340e-14 8.0986885497e-15 3.9529933113e-15 4.0726824787e-15
4.7570800781e+02 1.6166464840e-14 8.1596838337e-15 3.9539001096e-15 4.0528808963e-15
4.7576904297e+02 1.6288785055e-14 8.2676395873e-15 3.9776176802e-15 4.0435277873e-15
4.7583007812e+02 1.6254272609e-14 8.2090473250e-15 3.9641186181e-15 4.0811066654e-15
4.7589111328e+02 1.6167882757e-14 8.1386890186e-15 3.9801986073e-15 4.0489951310e-15
4.7595214844e+02 1.6182222231e-14 8.1952436301e-15 3.9403540955e-15 4.0466245053e-15
4.7601318359e+02 1.6194021987e-14 8.2055823199e-15 3.9354137511e-15 4.0530259156e-15
4.7607421875e+02 1.6259072085e-14 8.2382215558e-15 3.9664853940e-15 4.0543651354e-15
4.7613525391e+02 1.6179778750e-14 8.1314271969e-15 4.0107784448e-15 4.0375731081e-15
4.7619628906e+02 1.6226005165e-14 8.1896982738e-15 4.0052847195e-15 4.0310221721e-15
4.7625732422e+02 1.6203479775e-14 8.1813755440e-15 4.0229591702e-15 3.9991450610e-15
4.7631835938e+02 1.6144613222e-14 8.0930875967e-15 4.0078904966e-15 4.0436351289e-15
4.7637939453e+02 1.6124256944e-14 8.1068383335e-15 3.9578962572e-15 4.0595223532e-15
4.7644042969e+02 1.6123980305e-14 8.0467609986e-15 4.0145275956e-15 4.0626917110e-15
4.7650146484e+02 1.6037371517e-14 8.0362803835e-15 3.9352719123e-15 4.0658192208e-15
4.7656250000e+02 1.5998297244e-14 8.0882105388e-15 3.8808524270e-15 4.0292342785e-15
4.7662353516e+02 1.6029716217e-14 8.0644222994e-15 3.9196533135e-15 4.0456406037e-15
4.7668457031e+02 1.6136620057e-14 8.0867150704e-15 4.0139932417e-15 4.0359117450e-15
4.7674560547e+02 1.6082044679e-14 8.0460245631e-15 4.0057566892e-15 4.0302634269e-15
4.7680664062e+02 1.6022847984e-14 8.0461474392e-15 3.9421017726e-15 4.0345987723e-15
4.7686767578e+02 1.6007583799e-14 8.0179376826e-15 3.9186600312e-15 4.0709860848e-15
4.7692871094e+02 1.6038185379e-14 8.0274186383e-15 3.9397957102e-15 4.0709710305e-15
4.7698974609e+02 1.6205525926e-14 8.1532863766e-15 3.9923564566e-15 4.0598830922e-15
4.7705078125e+02 1.6176304300e-14 8.1813776690e-15 3.9562212898e-15 4.0387053412e-15
4.7711181641e+02 1.6082222669e-14 8.0665916244e-15 3.9700760890e-15 4.0455549554e-15
4.7717285156e+02 1.6051672935e-14 8.0740497767e-15 3.9346372076e-15 4.0429859502e-15
4.7723388672e+02 1.6078034101e-14 8.0736750862e-15 3.9406946625e-15 4.0636643522e-15
4.7729492188e+02 1.6091292590e-14 8.0898725260e-15 3.9967869877e-15 4.0046330761e-15
4.7735595703e+02 1.5977167164e-14 8.0244571391e-15 3.9626907820e-15 3.9900192430e-15
4.7741699219e+02 1.5964545570e-14 7.9879859022e-15 3.9680914463e-15 4.0084682214e-15
4.7747802734e+02 1.6078264715e-14 8.0499465706e-15 3.9740102980e-15 4.0543078459e-15
4.7753906250e+02 1.6073712299e-14 8.0250844219e-15 3.9939130889e-15 4.0547147886e-15
4.7760009766e+02 1.5977780165e-14 7.9795243114e-15 3.9841425749e-15 4.0141132789e-15
4.7766113281e+02 1.5900383640e-14 7.9026706091e-15 3.9772961313e-15 4.0204168998e-15
4.7772216797e+02 1.5893825162e-14 7.9101285656e-15 3.9692321554e-15 4.0144644409e-15
4.7778320312e+02 1.5890357182e-14 7.9267756941e-15 3.9379513976e-15 4.0256300898e-15
4.7784423828e+02 1.5980723781e-14 7.9916996880e-15 3.9656286325e-15 4.0233954609e-15
4.7790527344e+02 1.5954858722e-14 8.0023425868e-15 3.9588683461e-15 3.9936477886e-15
4.7796630859e+02 1.5972288536e-14 8.0293467384e-15 3.9173155192e-15 4.0256262787e-15
4.7802734375e+02 1.6006657893e-14 8.0457557725e-15 3.9118837225e-15 4.0490183976e-15
4.7808837891e+02 1.5973797974e-14 7.9776849264e-15 3.9560159777e-15 4.0400970698e-15
4.7814941406e+02 1.5981008447e-14 7.9654124974e-15 3.9643871450e-15 4.0512088045e-15
4.7821044922e+02 1.5938328703e-14 7.9807342085e-15 3.9424164630e-15 4.0151780318e-15
4.7827148438e+02 1.6018566631e-14 8.0434071598e-15 3.9393427924e-15 4.0358166786e-15
4.7833251953e+02 1.6080753187e-14 8.0450987740e-15 3.9897480604e-15 4.0459063526e-15
4.7839355469e+02 1.6010728968e-14 7.9784853747e-15 3.9609131160e-15 4.0713304773e-15
4.7845458984e+02 1.5953171619e-14 7.9528072193e-15 3.9588133877e-15 4.0415510117e-15
4.7851562500e+02 1.6002179999e-14 7.9983827479e-15 3.9747459912e-15 4.0290512603e-15
4.7857666016e+02 1.5845235905e-14 7.8839536695e-15 3.9404135998e-15 4.0208686357e-15
4.7863769531e+02 1.5944590353e-14 7.9010128616e-15 3.9550451862e-15 4.0885323051e-15
4.7869873047e+02 1.5989657372e-14 7.9531288469e-15 3.9759270899e-15 4.0606014352e-15
4.7875976562e+02 1.6022839117e-14 8.0110260074e-15 3.9749100134e-15 4.0369030965e-15
4.7882080078e+02 1.6048014340e-14 8.0788187877e-15 3.9373812813e-15 4.0318142711e-15
4.7888183594e+02 1.5971409685e-14 7.9869371803e-15 3.9502012004e-15 4.0342713042e-15
4.7894287109e+02 1.5826780245e-14 7.8648179097e-15 3.9162617681e-15 4.0457005673e-15
4.7900390625e+02 1.5881576060e-14 7.9152957289e-15 3.9377517859e-15 4.0285285456e-15
4.7906494141e+02 1.5899171280e-14 7.9228015224e-15 3.9620691890e-15 4.0143005689e-15
4.7912597656e+02 1.5812606134e-14 7.8766394993e-15 3.9599371526e-15 3.9760294816e-15
4.7918701172e+02 1.5848245208e-14 7.9342110254e-15 3.9279101502e-15 3.9861240326e-15
4.7924804688e+02 1.5879165503e-14 7.9227584246e-15 3.9463945602e-15 4.0100125186e-15
4.7930908203e+02 1.5934930825e-14 7.9222297124e-15 3.9788142604e-15 4.0338868524e-15
4.7937011719e+02 1.5915375039e-14 7.9265337212e-15 3.9457216524e-15 4.0431196654e-15
4.7943115234e+02 1.5790709715e-14 7.8057856856e-15 3.9493747571e-15 4.0355492719e-15
4.7949218750e+02 1.5771661004e-14 7.7925252040e-15 3.9334983814e-15 4.0456374184e-15
4.7955322266e+02 1.5846906120e-14 7.8247896974e-15 3.9836803888e-15 4.0384360338e-15
4.7961425781e+02 1.5895030924e-14 7.9023403071e-15 3.9809443200e-15 4.0117462966e-15
4.7967529297e+02 1.5874835833e-14 7.8906093804e-15 3.9911859261e-15 3.9930405261e-15
4.7973632812e+02 1.5831654064e-14 7.8498491041e-15 3.9962117824e-15 3.9855931779e-15
4.7979736328e+02 1.5804492135e-14 7.7879696436e-15 3.9860683264e-15 4.0304541648e-15
4.7985839844e+02 1.5740849941e-14 7.7157522878e-15 3.9613919956e-15 4.0637056575e-15
4.7991943359e+02 1.5813335912e-14 7.8200782349e-15 3.9538650658e-15 4.0393926108e-15
4.7998046875e+02 1.5800942261e-14 7.8259195571e-15 3.9510450951e-15 4.0239776086e-15
4.8004150391e+02 1.5875340947e-14 7.8455720379e-15 3.9670929764e-15 4.0626759327e-15
4.8010253906e+02 1.5930822845e-14 7.8751248196e-15 3.9680566154e-15 4.0876414104e-15
4.8016357422e+02 1.5750439326e-14 7.7508057408e-15 3.9761180552e-15 4.0235155303e-15
4.8022460938e+02 1.5710619606e-14 7.7260754229e-15 3.9522420176e-15 4.0323021660e-15
4.8028564453e+02 1.5840640905e-14 7.8237452944e-15 3.9517311887e-15 4.0651644220e-15
4.8034667969e+02 1.5836253857e-14 7.8416992106e-15 3.9515393977e-15 4.0430152486e-15
4.8040771484e+02 1.5887707162e-14 7.8829915021e-15 3.9458203148e-15 4.0588953453e-15
4.8046875000e+02 1.5788668679e-14 7.8308701773e-15 3.9405086900e-15 4.0172898116e-15
4.8052978516e+02 1.5774644873e-14 7.7837036282e-15 4.0174903360e-15 3.9734509086e-15
4.8059082031e+02 1.5776802283e-14 7.7800153275e-15 4.0026661759e-15 3.9941207795e-15
4.8065185547e+02 1.5779105968e-14 7.8299159602e-15 3.9455743999e-15 4.0036156081e-15
4.8071289062e+02 1.5838131353e-14 7.8883297235e-15 3.9447271055e-15 4.0050745237e-15
4.8077392578e+02 1.5877126558e-14 7.8628926292e-15 3.9862777897e-15 4.0279561393e-15
4.8083496094e+02 1.5804707509e-14 7.7905171749e-15 3.9867656614e-15 4.0274246727e-15
4.8089599609e+02 1.5707062161e-14 7.7712937170e-15 3.9556173020e-15 3.9801511417e-15
4.8095703125e+02 1.5742953502e-14 7.7544666174e-15 3.9938705792e-15 3.9946163058e-15
4.8101806641e+02 1.5759366620e-14 7.7597641516e-15 3.9842900167e-15 4.0153124522e-15
4.8107910156e+02 1.5710155223e-14 7.7411971713e-15 3.9809953239e-15 3.9879627280e-15
4.8114013672e+02 1.5769955208e-14 7.8075113704e-15 3.9850922806e-15 3.9773515568e-15
4.8120117188e+02 1.5839973183e-14 7.8235413177e-15 3.9915361583e-15 4.0248957072e-15
4.8126220703e+02 1.5736454329e-14 7.7813731000e-15 3.9755150813e-15 3.9795661474e-15
4.8132324219e+02 1.5750011241e-14 7.7617943151e-15 3.9899239687e-15 3.9982929571e-15
4.8138427734e+02 1.5717192230e-14 7.7241778866e-15 3.9768844865e-15 4.0161298565e-15
4.8144531250e+02 1.5686877288e-14 7.7163666994e-15 3.9503934746e-15 4.0201171141e-15
4.8150634766e+02 1.5743366578e-14 7.7558525277e-15 3.9607186615e-15 4.0267953892e-15
4.8156738281e+02 1.5728654074e-14 7.7149760391e-15 3.9860826697e-15 4.0275953650e-15
4.8162841797e+02 1.5828540309e-14 7.8179815973e-15 3.9885720011e-15 4.0219867104e-15
4.8168945312e+02 1.5828056488e-14 7.7971021949e-15 4.0065608349e-15 4.0243934578e-15
4.8175048828e+02 1.5801771277e-14 7.7941918986e-15 3.9803260133e-15 4.0272533646e-15
4.8181152344e+02 1.5779183334e-14 7.7623735729e-15 3.9825839269e-15 4.0342258344e-15
4.8187255859e+02 1.5766486735e-14 7.7803646421e-15 3.9633892211e-15 4.0227328715e-15
4.8193359375e+02 1.5729636143e-14 7.7775540613e-15 3.9636343311e-15 3.9884477502e-15
4.8199462891e+02 1.5768372615e-14 7.7558554655e-15 3.9758501895e-15 4.0366669600e-15
4.8205566406e+02 1.5836056155e-14 7.8050460632e-15 3.9582413424e-15 4.0727687491e-15
4.8211669922e+02 1.5779466873e-14 7.7605655444e-15 3.9787356957e-15 4.0401656329e-15
4.8217773438e+02 1.5770837254e-14 7.7931182293e-15 3.9632286679e-15 4.0144903569e-15
4.8223876953e+02 1.5751404352e-14 7.7636175313e-15 3.9878113414e-15 3.9999754788e-15
4.8229980469e+02 1.5760597953e-14 7.7158332622e-15 4.0272217227e-15 4.0175429678e-15
4.8236083984e+02 1.5756744755e-14 7.7315168063e-15 4.0033744548e-15 4.0218534943e-15
4.8242187500e+02 1.5709390156e-14 7.6912297142e-15 4.0157040519e-15 4.0024563904e-15
4.8248291016e+02 1.5730215924e-14 7.7226793302e-15 3.9891191754e-15 4.0184174188e-15
4.8254394531e+02 1.5664506396e-14 7.6847938306e-15 3.9600376582e-15 4.0196749068e-15
4.8260498047e+02 1.5725774237e-14 7.7154333302e-15 3.9914877733e-15 4.0188531338e-15
4.8266601562e+02 1.5704163999e-14 7.6998247422e-15 3.9581664665e-15 4.0461727907e-15
4.8272705078e+02 1.5761548191e-14 7.7610035516e-15 3.9335302157e-15 4.0670144239e-15
4.8278808594e+02 1.5673954546e-14 7.7342653103e-15 3.9255649789e-15 4.0141242567e-15
4.8284912109e+02 1.5616124251e-14 7.6559780234e-15 3.9367423206e-15 4.0234039067e-15
4.8291015625e+02 1.5645490638e-14 7.6761198483e-15 3.9488763355e-15 4.0204944539e-15
4.8297119141e+02 1.5605018926e-14 7.6997037171e-15 3.9291084576e-15 3.9762067515e-15
4.8303222656e+02 1.5682019879e-14 7.7292285527e-15 3.9598968144e-15 3.9928945123e-15
4.8309326172e+02 1.5690207244e-14 7.6879238664e-15 3.9717702665e-15 4.0305131107e-15
4.8315429688e+02 1.5687026404e-14 7.6775495573e-15 3.9764659071e-15 4.0330109394e-15
4.8321533203e+02 1.5753110727e-14 7.7042802668e-15 4.0053921164e-15 4.0434383435e-15
4.8327636719e+02 1.5681765920e-14 7.6693955911e-15 3.9713045803e-15 4.0410657489e-15
4.8333740234e+02 1.5575948713e-14 7.6324175248e-15 3.9393277635e-15 4.0042034244e-15
4.8339843750e+02 1.5610214468e-14 7.6256110020e-15 3.9636505318e-15 4.0209529337e-15
4.8345947266e+02 1.5590346941e-14 7.6603448184e-15 3.9203652999e-15 4.0096368229e-15
4.8352050781e+02 1.5627786525e-14 7.6802365541e-15 3.9150902533e-15 4.0324597173e-15
4.8358154297e+02 1.5652205762e-14 7.6665901582e-15 3.9395023581e-15 4.0461132460e-15
4.8364257812e+02 1.5613715540e-14 7.6184493583e-15 3.9638517418e-15 4.0314144395e-15
4.8370361328e+02 1.5596401521e-14 7.6227800747e-15 3.9282607103e-15 4.0453607363e-15
4.8376464844e+02 1.5643363289e-14 7.6607199901e-15 3.9231077149e-15 4.0595355839e-15
4.8382568359e+02 1.5701880790e-14 7.6920504346e-15 3.9633896624e-15 4.0464406932e-15
4.8388671875e+02 1.5613128228e-14 7.6113382263e-15 3.9772095462e-15 4.0245804556e-15
4.8394775391e+02 1.5632807726e-14 7.5935686316e-15 3.9861909937e-15 4.0530481005e-15
4.8400878906e+02 1.5611220043e-14 7.5845600112e-15 3.9724364790e-15 4.0542235525e-15
4.8406982422e+02 1.5610809339e-14 7.6200120427e-15 3.9600887667e-15 4.0307085301e-15
4.8413085938e+02 1.5592389832e-14 7.6094362947e-15 3.9873040309e-15 3.9956495063e-15
4.8419189453e+02 1.5601703726e-14 7.6265007909e-15 3.9597690963e-15 4.0154338388e-15
4.8425292969e+02 1.5599577179e-14 7.6457045322e-15 3.9433037552e-15 4.0105688918e-15
4.8431396484e+02 1.5632195881e-14 7.6277540894e-15 3.9763727359e-15 4.0280690553e-15
4.8437500000e+02 1.5589317110e-14 7.5739440082e-15 3.9615575234e-15 4.0538155781e-15
4.8443603516e+02 1.5554719326e-14 7.5794014398e-15 3.9593025980e-15 4.0160152879e-15
4.8449707031e+02 1.5676544809e-14 7.6377089366e-15 4.0186440258e-15 4.0201918467e-15
4.8455810547e+02 1.5653125110e-14 7.6021602758e-15 4.0288256940e-15 4.0221391399e-15
4.8461914062e+02 1.5559649454e-14 7.5476190518e-15 3.9843029473e-15 4.0277274550e-15
4.8468017578e+02 1.5619330406e-14 7.6335352030e-15 3.9592412951e-15 4.0265539075e-15
4.8474121094e+02 1.5704019127e-14 7.7338246863e-15 3.9777287927e-15 3.9924656479e-15
4.8480224609e+02 1.5665826633e-14 7.6860164082e-15 3.9732115172e-15 4.0065987074e-15
4.8486328125e+02 1.5660854122e-14 7.6730777882e-15 3.9591438647e-15 4.0286324694e-15
4.8492431641e+02 1.5603711246e-14 7.6172877471e-15 3.9936950764e-15 3.9927284222e-15
4.8498535156e+02 1.5610516041e-14 7.6185280444e-15 4.0005343464e-15 3.9914536499e-15
4.8504638672e+02 1.5534680728e-14 7.5785871259e-15 3.9288063736e-15 4.0272872286e-15
4.8510742188e+02 1.5559666719e-14 7.5631559723e-15 3.9714904592e-15 4.0250202874e-15
4.8516845703e+02 1.5563930789e-14 7.5257207507e-15 4.0115341054e-15 4.0266759331e-15
4.8522949219e+02 1.5525069386e-14 7.5138891616e-15 4.0046509087e-15 4.0065293158e-15
4.8529052734e+02 1.5544705911e-14 7.5470085564e-15 3.9703737268e-15 4.0273236278e-15
4.8535156250e+02 1.5529521951e-14 7.5432458878e-15 3.9521529475e-15 4.0341231157e-15
4.8541259766e+02 1.5513325780e-14 7.5923337207e-15 3.9110621431e-15 4.0099299167e-15
4.8547363281e+02 1.5607878097e-14 7.6518553828e-15 3.9230284563e-15 4.0329942581e-15
4.8553466797e+02 1.5502044101e-14 7.5682294396e-15 3.9390250154e-15 3.9947896464e-15
4.8559570312e+02 1.5430746166e-14 7.4978537685e-15 3.9513593854e-15 3.9815330125e-15
4.8565673828e+02 1.5488119078e-14 7.5389532248e-15 3.9374808906e-15 4.0116849629e-15
4.8571777344e+02 1.5459660963e-14 7.4705808409e-15 3.9452169828e-15 4.0438631391e-15
4.8577880859e+02 1.5455581061e-14 7.5087677339e-15 3.9187705237e-15 4.0280428035e-15
4.8583984375e+02 1.5498036945e-14 7.5544555680e-15 3.9662274776e-15 3.9773538994e-15
4.8590087891e+02 1.5433458164e-14 7.4891854375e-15 3.9526829323e-15 3.9915897937e-15
4.8596191406e+02 1.5455283265e-14 7.4934157667e-15 3.9461654857e-15 4.0157020128e-15
4.8602294922e+02 1.5524348372e-14 7.5376119015e-15 3.9571890923e-15 4.0295473780e-15
4.8608398438e+02 1.5519254104e-14 7.4984120879e-15 3.9740733584e-15 4.0467686580e-15
4.8614501953e+02 1.5517730959e-14 7.4628696456e-15 3.9881400479e-15 4.0667212654e-15
4.8620605469e+02 1.5456865725e-14 7.4528184876e-15 3.9794775738e-15 4.0245696639e-15
4.8626708984e+02 1.5414186020e-14 7.4651265557e-15 3.9464571566e-15 4.0026023078e-15
4.8632812500e+02 1.5381235374e-14 7.4087870430e-15 3.9434705388e-15 4.0289777923e-15
4.8638916016e+02 1.5392116413e-14 7.4224290235e-15 3.9517777529e-15 4.0179096369e-15
4.8645019531e+02 1.5370290003e-14 7.3754861717e-15 3.9832925007e-15 4.0115113301e-15
4.8651123047e+02 1.5369192793e-14 7.3921552934e-15 3.9759436681e-15 4.0010938315e-15
4.8657226562e+02 1.5359804020e-14 7.4081152621e-15 3.9155635230e-15 4.0361252352e-15
4.8663330078e+02 1.5452864598e-14 7.4866565313e-15 3.9166683678e-15 4.0495396985e-15
4.8669433594e+02 1.5499625590e-14 7.5329320866e-15 3.9274890329e-15 4.0392044704e-15
4.8675537109e+02 1.5608053514e-14 7.5856548504e-15 3.9823883925e-15 4.0400102713e-15
4.8681640625e+02 1.5669163593e-14 7.5932297715e-15 3.9753679270e-15 4.1005658946e-15
4.8687744141e+02 1.5563557528e-14 7.6140597306e-15 3.9262543093e-15 4.0232434877e-15
4.8693847656e+02 1.5527819747e-14 7.5737241432e-15 3.9450406384e-15 4.0090549654e-15
4.8699951172e+02 1.5565908313e-14 7.5354182494e-15 3.9943842163e-15 4.0361058468e-15
4.8706054688e+02 1.5531648773e-14 7.5524160536e-15 3.9347752811e-15 4.0444574382e-15
4.8712158203e+02 1.5469521010e-14 7.5369120961e-15 3.9153919589e-15 4.0172169547e-15
4.8718261719e+02 1.5398129356e-14 7.4594323979e-15 3.9400263664e-15 3.9986705915e-15
4.8724365234e+02 1.5456478767e-14 7.5007808235e-15 3.9251186064e-15 4.0305793372e-15
4.8730468750e+02 1.5389834716e-14 7.4696856185e-15 3.8955471096e-15 4.0246019874e-15
4.8736572266e+02 1.5404861943e-14 7.4419234233e-15 3.9598762873e-15 4.0030622326e-15
4.8742675781e+02 1.5435588747e-14 7.4613557075e-15 3.9888578620e-15 3.9853751780e-15
4.8748779297e+02 1.5415790718e-14 7.4956979757e-15 3.9272681256e-15 3.9928246166e-15
4.8754882812e+02 1.5418108280e-14 7.4791015105e-15 3.9531641767e-15 3.9858425933e-15
4.8760986328e+02 1.5417965808e-14 7.4008852852e-15 3.9699481718e-15 4.0471323510e-15
4.8767089844e+02 1.5427999144e-14 7.4379578166e-15 3.9781447479e-15 4.0118965791e-15
4.8773193359e+02 1.5448134951e-14 7.4137819537e-15 4.0077521855e-15 4.0266008114e-15
4.8779296875e+02 1.5448360332e-14 7.4251676320e-15 4.0064761050e-15 4.0167165953e-15
4.8785400391e+02 1.5425387750e-14 7.4501946414e-15 3.9508625050e-15 4.0243306033e-15
4.8791503906e+02 1.5456670377e-14 7.4694346165e-15 3.9639010539e-15 4.0233347061e-15
4.8797607422e+02 1.5584818007e-14 7.5506302293e-15 3.9697960910e-15 4.0643916869e-15
4.8803710938e+02 1.5529343502e-14 7.5489829677e-15 3.9359871423e-15 4.0443733923e-15
4.8809814453e+02 1.5510836318e-14 7.5308541808e-15 3.9752857185e-15 4.0046964191e-15
4.8815917969e+02 1.5512303130e-14 7.4948438375e-15 3.9832987104e-15 4.0341605821e-15
4.8822021484e+02 1.5462039020e-14 7.4777002843e-15 3.9735058068e-15 4.0108329290e-15
4.8828125000e+02 1.5384379466e-14 7.4359425848e-15 3.9457898155e-15 4.0026470654e-15
4.8834228516e+02 1.5339917865e-14 7.3911705678e-15 3.9738866958e-15 3.9748606019e-15
4.8840332031e+02 1.5311628025e-14 7.3247607930e-15 3.9779624182e-15 4.0089048141e-15
4.8846435547e+02 1.5331636177e-14 7.4070053408e-15 3.9623330240e-15 3.9622978119e-15
4.8852539062e+02 1.5374469177e-14 7.4057337384e-15 3.9727867900e-15 3.9959486483e-15
4.8858642578e+02 1.5387049649e-14 7.3767975144e-15 3.9907182916e-15 4.0195338429e-15
4.8864746094e+02 1.5422165582e-14 7.4180608694e-15 3.9834851617e-15 4.0206195508e-15
4.8870849609e+02 1.5424274198e-14 7.4219159324e-15 4.0145600942e-15 3.9877981713e-15
4.8876953125e+02 1.5382212056e-14 7.3790457055e-15 3.9834345385e-15 4.0197318123e-15
4.8883056641e+02 1.5467323119e-14 7.4896814473e-15 3.9802034357e-15 3.9974382357e-15
4.8889160156e+02 1.5431342337e-14 7.4683455117e-15 3.9594328058e-15 4.0035640197e-15
4.8895263672e+02 1.5368559584e-14 7.4171825539e-15 3.8976078979e-15 4.0537691320e-15
4.8901367188e+02 1.5392872498e-14 7.4365758339e-15 3.9552039969e-15 4.0010926676e-15
4.8907470703e+02 1.5441631832e-14 7.4267345188e-15 3.9860879770e-15 4.0288093366e-15
4.8913574219e+02 1.5345796826e-14 7.3817675561e-15 3.9230445973e-15 4.0409846724e-15
4.8919677734e+02 1.5365412610e-14 7.3840418350e-15 3.9448958339e-15 4.0364749406e-15
4.8925781250e+02 1.5284661985e-14 7.3473776638e-15 3.9348400911e-15 4.0024442301e-15
4.8931884766e+02 1.5219032152e-14 7.2985852589e-15 3.9407171882e-15 3.9797297053e-15
4.8937988281e+02 1.5278113088e-14 7.3466762568e-15 3.9527206764e-15 3.9787161545e-15
4.8944091797e+02 1.5330795456e-14 7.4238364057e-15 3.9267303583e-15 3.9802286924e-15
4.8950195312e+02 1.5454733182e-14 7.4800772773e-15 3.9619717483e-15 4.0126841563e-15
4.8956298828e+02 1.5374891302e-14 7.4071598739e-15 3.9703286660e-15 3.9974027623e-15
4.8962402344e+02 1.5346568850e-14 7.3799657869e-15 3.9691415086e-15 3.9974615549e-15
4.8968505859e+02 1.5360408883e-14 7.4011086387e-15 3.9278734634e-15 4.0314267806e-15
4.8974609375e+02 1.5241960179e-14 7.3255902505e-15 3.9054425764e-15 4.0109273525e-15
4.8980712891e+02 1.5276328408e-14 7.3266141404e-15 3.9521793140e-15 3.9975349532e-15
4.8986816406e+02 1.5242790187e-14 7.3384468925e-15 3.9227126177e-15 3.9816306772e-15
4.8992919922e+02 1.5351690999e-14 7.4726923015e-15 3.9083401037e-15 3.9706585934e-15
4.8999023438e+02 1.5370070457e-14 7.4381776166e-15 3.9389786890e-15 3.9929141518e-15
4.9005126953e+02 1.5302777242e-14 7.3620716238e-15 3.9422066101e-15 3.9984990079e-15
4.9011230469e+02 1.5353662444e-14 7.3947599266e-15 3.9580602240e-15 4.0008422930e-15
4.9017333984e+02 1.5414786833e-14 7.3793980375e-15 3.9894428873e-15 4.0459459087e-15
4.9023437500e+02 1.5429335070e-14 7.3749254496e-15 4.0010160422e-15 4.0533935784e-15
4.9029541016e+02 1.5273920878e-14 7.2831236818e-15 3.9788103164e-15 4.0119868795e-15
4.9035644531e+02 1.5223838027e-14 7.2267143361e-15 3.9898580037e-15 4.0072656876e-15
4.9041748047e+02 1.5216033637e-14 7.2611640990e-15 3.9761145592e-15 3.9787549786e-15
4.9047851562e+02 1.5232027952e-14 7.3016706322e-15 3.9352938359e-15 3.9950634836e-15
4.9053955078e+02 1.5184048431e-14 7.2272784758e-15 3.9303522712e-15 4.0264176844e-15
4.9060058594e+02 1.5256615742e-14 7.2815031410e-15 3.9567835185e-15 4.0183290827e-15
4.9066162109e+02 1.5306837651e-14 7.3445311158e-15 3.9582180887e-15 4.0040884467e-15
4.9072265625e+02 1.5316431549e-14 7.3824476767e-15 3.9733679211e-15 3.9606159510e-15
4.9078369141e+02 1.5257408322e-14 7.3213645560e-15 3.9521853159e-15 3.9838584504e-15
4.9084472656e+02 1.5272634915e-14 7.2362284431e-15 3.9946527869e-15 4.0417536851e-15
4.9090576172e+02 1.5345932784e-14 7.3275099215e-15 3.9816255741e-15 4.0367972881e-15
4.9096679688e+02 1.5368601449e-14 7.3547565359e-15 3.9839434074e-15 4.0299015055e-15
4.9102783203e+02 1.5266541459e-14 7.3032724473e-15 3.9742202424e-15 3.9890487691e-15
4.9108886719e+02 1.5294091724e-14 7.3463691834e-15 3.9561267118e-15 3.9915958288e-15
4.9114990234e+02 1.5285644002e-14 7.3106522547e-15 3.9443401475e-15 4.0306515999e-15
4.9121093750e+02 1.5274459602e-14 7.2729162050e-15 4.0108775741e-15 3.9906658232e-15
4.9127197266e+02 1.5301839557e-14 7.2853789838e-15 4.0297828920e-15 3.9866776807e-15
4.9133300781e+02 1.5340627904e-14 7.2985229023e-15 3.9896179398e-15 4.0524870616e-15
4.9139404297e+02 1.5387629168e-14 7.3469652162e-15 3.9832788246e-15 4.0573851274e-15
4.9145507812e+02 1.5376908868e-14 7.2829371396e-15 4.0068937422e-15 4.0870779861e-15
4.9151611328e+02 1.5314923355e-14 7.2793238222e-15 3.9559066130e-15 4.0796929196e-15
4.9157714844e+02 1.5237433758e-14 7.2314836255e-15 3.9606785944e-15 4.0452715384e-15
4.9163818359e+02 1.5195367365e-14 7.2232247767e-15 3.9697121649e-15 4.0024304239e-15
4.9169921875e+02 1.5182830986e-14 7.2357010962e-15 3.9725419428e-15 3.9745879473e-15
4.9176025391e+02 1.5228159801e-14 7.2722362287e-15 3.9747540867e-15 3.9811694853e-15
4.9182128906e+02 1.5269135816e-14 7.2710144987e-15 3.9687330767e-15 4.0293882402e-15
4.9188232422e+02 1.5330867354e-14 7.3038952435e-15 3.9874324441e-15 4.0395396665e-15
4.9194335938e+02 1.5279437187e-14 7.2864903900e-15 3.9534774454e-15 4.0394693519e-15
4.9200439453e+02 1.5209774073e-14 7.1768584396e-15 3.9965373869e-15 4.0363782463e-15
4.9206542969e+02 1.5176057991e-14 7.2385212801e-15 3.9599290742e-15 3.9776076370e-15
4.9212646484e+02 1.5190176315e-14 7.2655965631e-15 3.9088352149e-15 4.0157445373e-15
4.9218750000e+02 1.5401878684e-14 7.4275003581e-15 3.9356673096e-15 4.0387110165e-15
4.9224853516e+02 1.5432100357e-14 7.4216103167e-15 3.9290565233e-15 4.0814335171e-15
4.9230957031e+02 1.5245919647e-14 7.2848250192e-15 3.9037897913e-15 4.0573048368e-15
4.9237060547e+02 1.5258564373e-14 7.2786583628e-15 3.9474282506e-15 4.0324777601e-15
4.9243164062e+02 1.5377008655e-14 7.3480120779e-15 3.9871869073e-15 4.0418096702e-15
4.9249267578e+02 1.5387951675e-14 7.3504401106e-15 3.9810232231e-15 4.0564883417e-15
4.9255371094e+02 1.5467442426e-14 7.4357698753e-15 3.9551704836e-15 4.0765020672e-15
4.9261474609e+02 1.5480227755e-14 7.4316685680e-15 3.9792007961e-15 4.0693583905e-15
4.9267578125e+02 1.5355489662e-14 7.3437511851e-15 3.9995005675e-15 4.0122379090e-15
4.9273681641e+02 1.5319213639e-14 7.3265507208e-15 3.9697959850e-15 4.0228669332e-15
4.9279785156e+02 1.5248206084e-14 7.2484017121e-15 3.9611970556e-15 4.0386073163e-15
4.9285888672e+02 1.5243636976e-14 7.2865525955e-15 3.9432702568e-15 4.0138141232e-15
4.9291992188e+02 1.5279763061e-14 7.3374776041e-15 3.9419113446e-15 4.0003741128e-15
4.9298095703e+02 1.5121190226e-14 7.1943374982e-15 3.9117436000e-15 4.0151091278e-15
4.9304199219e+02 1.5187544244e-14 7.2312942474e-15 3.8980540342e-15 4.0581959624e-15
4.9310302734e+02 1.5179106709e-14 7.2415408601e-15 3.9314762531e-15 4.0060895958e-15
4.9316406250e+02 1.5191255073e-14 7.2779394510e-15 3.9267776607e-15 3.9865379617e-15
4.9322509766e+02 1.5063740417e-14 7.1631781908e-15 3.9313033756e-15 3.9692588508e-15
4.9328613281e+02 1.5241958039e-14 7.2453331929e-15 3.9909150219e-15 4.0057098243e-15
4.9334716797e+02 1.5415752650e-14 7.3446184574e-15 4.0092460307e-15 4.0618881616e-15
4.9340820312e+02 1.5363068920e-14 7.3742690041e-15 3.9498018011e-15 4.0389981152e-15
4.9346923828e+02 1.5334641682e-14 7.3678029591e-15 3.9566740247e-15 4.0101646985e-15
4.9353027344e+02 1.5263483917e-14 7.3029763836e-15 3.9740671824e-15 3.9864403510e-15
4.9359130859e+02 1.5197841344e-14 7.2895147395e-15 3.9568015222e-15 3.9515250823e-15
4.9365234375e+02 1.5276177890e-14 7.3714601497e-15 3.9139286778e-15 3.9907890621e-15
4.9371337891e+02 1.5344782284e-14 7.3923140445e-15 3.9744075398e-15 3.9780607001e-15
4.9377441406e+02 1.5290503028e-14 7.3263959597e-15 3.9897247663e-15 3.9743823023e-15
4.9383544922e+02 1.5278384790e-14 7.2869948014e-15 4.0008728428e-15 3.9905171459e-15
4.9389648438e+02 1.5304576610e-14 7.2547838875e-15 4.0071632551e-15 4.0426294676e-15
4.9395751953e+02 1.5290999978e-14 7.2903078759e-15 3.9972097478e-15 4.0034823546e-15
4.9401855469e+02 1.5285253652e-14 7.2734655084e-15 3.9998781065e-15 4.0119100367e-15
4.9407958984e+02 1.5190344724e-14 7.2417597708e-15 3.9297932919e-15 4.0187916611e-15
4.9414062500e+02 1.5289794713e-14 7.3180048343e-15 3.9392217497e-15 4.0325681289e-15
4.9420166016e+02 1.5313409513e-14 7.3101269031e-15 4.0007247586e-15 4.0025578511e-15
4.9426269531e+02 1.5316524421e-14 7.3217930131e-15 3.9968146210e-15 3.9979167872e-15
4.9432373047e+02 1.5309537745e-14 7.3059329490e-15 3.9686327924e-15 4.0349720038e-15
4.9438476562e+02 1.5220099684e-14 7.2177386249e-15 3.9811316915e-15 4.0212293674e-15
4.9444580078e+02 1.5243882539e-14 7.2554380850e-15 3.9500154803e-15 4.0384289741e-15
4.9450683594e+02 1.5310009052e-14 7.2766588732e-15 3.9663687601e-15 4.0669814182e-15
4.9456787109e+02 1.5309670534e-14 7.3331914061e-15 3.9589618066e-15 4.0175173214e-15
4.9462890625e+02 1.5303918867e-14 7.3307844464e-15 4.0074893718e-15 3.9656450484e-15
4.9468994141e+02 1.5252897543e-14 7.2965572379e-15 4.0041950564e-15 3.9521452485e-15
4.9475097656e+02 1.5166850851e-14 7.2787876310e-15 3.9141319383e-15 3.9739312817e-15
4.9481201172e+02 1.5216842710e-14 7.2842070650e-15 3.9023650442e-15 4.0302706006e-15
4.9487304688e+02 1.5224811951e-14 7.2786908879e-15 3.9333881330e-15 4.0127329297e-15
4.9493408203e+02 1.5194284629e-14 7.2764276267e-15 3.9290809805e-15 3.9887760213e-15
4.9499511719e+02 1.5201639117e-14 7.2577928966e-15 3.9624761331e-15 3.9813700874e-15
4.9505615234e+02 1.5274606292e-14 7.2423547671e-15 3.9945288754e-15 4.0377226500e-15
4.9511718750e+02 1.5258904415e-14 7.2308984097e-15 3.9622627431e-15 4.0657432624e-15
4.9517822266e+02 1.5356561926e-14 7.3010009310e-15 3.9864143759e-15 4.0691466195e-15
4.9523925781e+02 1.5283540654e-14 7.2532572159e-15 4.0053715079e-15 4.0249119301e-15
4.9530029297e+02 1.5238688928e-14 7.2446251402e-15 3.9690101420e-15 4.0250536460e-15
4.9536132812e+02 1.5272336408e-14 7.2995050815e-15 3.9448596152e-15 4.0279717112e-15
4.9542236328e+02 1.5358277685e-14 7.3294781916e-15 3.9692405431e-15 4.0595589502e-15
4.9548339844e+02 1.5359546237e-14 7.3242728801e-15 4.0076840865e-15 4.0275892703e-15
4.9554443359e+02 1.5282863186e-14 7.2707908189e-15 4.0155225723e-15 3.9965497946e-15
4.9560546875e+02 1.5269069298e-14 7.2654676924e-15 4.0026769917e-15 4.0009246136e-15
4.9566650391e+02 1.5259017186e-14 7.2073296454e-15 3.9848943684e-15 4.0667931718e-15
4.9572753906e+02 1.5254275513e-14 7.2725598142e-15 3.9487270741e-15 4.0329886246e-15
4.9578857422e+02 1.5204415242e-14 7.2355111975e-15 3.9571133505e-15 4.0117906935e-15
4.9584960938e+02 1.5158353612e-14 7.2022497710e-15 3.9538173678e-15 4.0022864732e-15
4.9591064453e+02 1.5134258634e-14 7.1941140934e-15 3.9429071627e-15 3.9972373777e-15
4.9597167969e+02 1.5191154608e-14 7.2367520608e-15 3.9168544835e-15 4.0375480640e-15
4.9603271484e+02 1.5287793270e-14 7.2255461006e-15 4.0102951819e-15 4.0519519876e-15
4.9609375000e+02 1.5286975473e-14 7.2558265088e-15 4.0373490502e-15 3.9937999141e-15
4.9615478516e+02 1.5259166324e-14 7.2736919184e-15 3.9438241306e-15 4.0416502752e-15
4.9621582031e+02 1.5289269913e-14 7.2920054244e-15 3.9237705929e-15 4.0734938957e-15
4.9627685547e+02 1.5255478281e-14 7.3028149390e-15 3.9324934261e-15 4.0201699160e-15
4.9633789062e+02 1.5286175658e-14 7.3417913159e-15 3.9448188531e-15 3.9995654894e-15
4.9639892578e+02 1.5193321389e-14 7.2617086679e-15 3.9303517804e-15 4.0012609409e-15
4.9645996094e+02 1.5226903846e-14 7.2467082994e-15 3.9555385951e-15 4.0246569518e-15
4.9652099609e+02 1.5134635623e-14 7.1762374679e-15 3.9474580842e-15 4.0109400706e-15
4.9658203125e+02 1.5217565010e-14 7.2553283472e-15 3.9270459917e-15 4.0351906715e-15
4.9664306641e+02 1.5331660414e-14 7.3221583489e-15 3.9509174172e-15 4.0585846484e-15
4.9670410156e+02 1.5430760992e-14 7.3552908564e-15 3.9595714001e-15 4.1158987353e-15
4.9676513672e+02 1.5440541190e-14 7.4153631001e-15 3.9444013910e-15 4.0807766987e-15
4.9682617188e+02 1.5426644988e-14 7.3926854595e-15 4.0175345709e-15 4.0164249574e-15
4.9688720703e+02 1.5410500250e-14 7.3494569999e-15 4.0182187170e-15 4.0428245328e-15
4.9694824219e+02 1.5170885656e-14 7.2316813300e-15 3.9175411945e-15 4.0216631314e-15
4.9700927734e+02 1.5131893721e-14 7.1904094225e-15 3.9319863284e-15 4.0094979705e-15
4.9707031250e+02 1.5210407696e-14 7.1893725677e-15 3.9917254697e-15 4.0293096590e-15
4.9713134766e+02 1.5221884763e-14 7.2158787729e-15 3.9729171654e-15 4.0330888243e-15
4.9719238281e+02 1.5120224073e-14 7.1742770967e-15 3.9587573218e-15 3.9871896542e-15
4.9725341797e+02 1.5032020202e-14 7.1245302684e-15 3.9338082739e-15 3.9736816598e-15
4.9731445312e+02 1.5047976124e-14 7.1562241650e-15 3.9330686594e-15 3.9586832991e-15
4.9737548828e+02 1.5133006458e-14 7.1738967333e-15 3.9849682834e-15 3.9741414409e-15
4.9743652344e+02 1.5223796630e-14 7.2373014177e-15 4.0049958396e-15 3.9814993731e-15
4.9749755859e+02 1.5245806840e-14 7.2875045140e-15 3.9562847414e-15 4.0020175847e-15
4.9755859375e+02 1.5286208844e-14 7.3079501771e-15 3.9526427388e-15 4.0256159279e-15
4.9761962891e+02 1.5237787618e-14 7.2439305728e-15 3.9617809688e-15 4.0320760768e-15
4.9768066406e+02 1.5200745315e-14 7.1770888791e-15 3.9785299712e-15 4.0451264646e-15
4.9774169922e+02 1.5189409872e-14 7.1458024587e-15 3.9495059275e-15 4.0941014855e-15
4.9780273438e+02 1.5059192509e-14 7.0556022197e-15 3.9422657236e-15 4.0613245660e-15
4.9786376953e+02 1.5083978155e-14 7.1044929099e-15 3.9697635983e-15 4.0097216471e-15
4.9792480469e+02 1.5162760520e-14 7.1464673754e-15 3.9970973536e-15 4.0191957911e-15
4.9798583984e+02 1.5171558527e-14 7.1499638910e-15 3.9812241091e-15 4.0403705269e-15
4.9804687500e+02 1.5138134985e-14 7.1350736675e-15 3.9638030355e-15 4.0392582824e-15
4.9810791016e+02 1.5173112911e-14 7.1914394784e-15 3.9742789324e-15 4.0073945000e-15
4.9816894531e+02 1.5102953605e-14 7.1402470836e-15 3.9478690806e-15 4.0148374411e-15
4.9822998047e+02 1.5076305991e-14 7.0973862056e-15 3.9470240503e-15 4.0318957351e-15
4.9829101562e+02 1.4987653734e-14 7.0056317090e-15 3.9542780887e-15 4.0277439365e-15
4.9835205078e+02 1.5027461554e-14 7.0751301607e-15 3.9453888743e-15 4.0069425186e-15
4.9841308594e+02 1.5002445381e-14 7.0742363274e-15 3.9594028116e-15 3.9688062423e-15
4.9847412109e+02 1.5100153139e-14 7.1166280865e-15 3.9710820943e-15 4.0124429578e-15
4.9853515625e+02 1.5146946723e-14 7.1716690916e-15 3.9702558994e-15 4.0050217318e-15
4.9859619141e+02 1.5144233637e-14 7.1782377299e-15 3.9443871303e-15 4.0216087764e-15
4.9865722656e+02 1.5180369516e-14 7.1777925487e-15 3.9648138486e-15 4.0377631187e-15
4.9871826172e+02 1.5176861003e-14 7.2052335917e-15 3.9554452374e-15 4.0161821736e-15
4.9877929688e+02 1.5202150287e-14 7.1900304923e-15 4.0016817637e-15 4.0104380312e-15
4.9884033203e+02 1.5273795638e-14 7.2579818423e-15 3.9832846729e-15 4.0325291232e-15
4.9890136719e+02 1.5201690415e-14 7.2483036315e-15 3.9587197727e-15 3.9946670108e-15
4.9896240234e+02 1.5187631518e-14 7.2326541676e-15 3.9745894899e-15 3.9803878608e-15
4.9902343750e+02 1.5162997301e-14 7.1732386696e-15 3.9720334880e-15 4.0177251431e-15
4.9908447266e+02 1.5190287862e-14 7.2462651069e-15 3.9568491513e-15 3.9871736042e-15
4.9914550781e+02 1.5241903595e-14 7.2764450843e-15 3.9637810840e-15 4.0016774262e-15
4.9920654297e+02 1.5177675367e-14 7.2000574402e-15 3.9747781082e-15 4.0028398187e-15
4.9926757812e+02 1.5067470264e-14 7.0889036196e-15 4.0025667934e-15 3.9759998507e-15
4.9932861328e+02 1.5092358054e-14 7.1755265534e-15 3.9514053270e-15 3.9654261734e-15
4.9938964844e+02 1.5154127855e-14 7.2171925040e-15 3.9380547901e-15 3.9988805613e-15
4.9945068359e+02 1.5192240858e-14 7.2022711471e-15 3.9493117119e-15 4.0406579993e-15
4.9951171875e+02 1.5140017262e-14 7.1792259375e-15 3.9167663326e-15 4.0440249923e-15
4.9957275391e+02 1.5127644522e-14 7.1797947168e-15 3.9294704833e-15 4.0183793219e-15
4.9963378906e+02 1.5130761395e-14 7.2068058959e-15 3.9407204393e-15 3.9832350599e-15
4.9969482422e+02 1.5105424897e-14 7.1612335202e-15 3.9700264463e-15 3.9741649303e-15
4.9975585938e+02 1.5188681389e-14 7.1921510191e-15 3.9911700841e-15 4.0053602853e-15
4.9981689453e+02 1.5329836452e-14 7.2820027351e-15 4.0096585020e-15 4.0381752154e-15
4.9987792969e+02 1.5291169365e-14 7.3330727275e-15 3.9563154389e-15 4.0017811982e-15
4.9993896484e+02 1.5252164269e-14 7.2942154258e-15 3.9519388294e-15 4.0060100139e-15
5.0000000000e+02 1.5307756477e-14 7.3129924888e-15 4.0022506846e-15 3.9925133032e-15
