# freq_THz  G_total  G_x  G_y  G_z
# Directional MD-derived VDOS: G_total = G_x + G_y + G_z at every frequency.
# G_x uses vx; G_y uses vy; G_z uses vz. Interpret x as armchair/strain and y as transverse only when those directions are aligned with the LAMMPS Cartesian axes.
# mass_weighted=True; primitive_atoms=2; block_duration_ps=16.38400000; df_THz=0.06103516
0.0000000000e+00 0.0000000000e+00 0.0000000000e+00 0.0000000000e+00 0.0000000000e+00
6.1035156250e-02 2.9367122476e-02 4.9272112301e-05 1.4214670649e-04 2.9175703658e-02
1.2207031250e-01 6.6884197575e-02 1.8680323183e-05 1.8838459759e-04 6.6677132654e-02
1.8310546875e-01 3.1290696509e-01 6.2810102075e-05 3.6618884246e-04 3.1247796614e-01
2.4414062500e-01 1.8343120550e-01 5.8537427724e-05 4.3779380922e-04 1.8293487426e-01
3.0517578125e-01 5.7859009954e-02 7.4484002263e-05 4.1999999093e-04 5.7364525961e-02
3.6621093750e-01 1.1496681343e-01 2.2756833863e-04 7.6262145782e-04 1.1397662363e-01
4.2724609375e-01 1.2837853017e-01 2.9363865691e-03 8.3488352922e-03 1.1709330831e-01
4.8828125000e-01 6.4296190736e-02 5.7164545217e-03 9.7411019311e-03 4.8838634283e-02
5.4931640625e-01 9.3898003715e-02 1.8295122760e-03 1.8814964922e-03 9.0186994946e-02
6.1035156250e-01 1.7738931553e-01 1.0793332407e-02 9.0765459929e-03 1.5751943713e-01
6.7138671875e-01 1.1639690438e-01 8.6856545100e-03 6.9138183523e-03 1.0079743152e-01
7.3242187500e-01 8.0146692134e-02 5.3860425481e-03 4.6521331607e-03 7.0108516425e-02
7.9345703125e-01 1.7335531412e-01 1.5513577460e-03 6.6890569982e-03 1.6511489937e-01
8.5449218750e-01 1.3207170167e-01 6.8103516410e-04 5.5505838655e-03 1.2584008264e-01
9.1552734375e-01 1.0999666135e-01 4.7318037418e-03 8.1113021329e-03 9.7153555473e-02
9.7656250000e-01 1.6052949711e-01 1.9317445992e-02 1.9298540502e-02 1.2191351062e-01
1.0375976562e+00 2.2647843572e-01 3.0973785607e-02 2.2270481916e-02 1.7323416819e-01
1.0986328125e+00 1.1275022134e-01 1.1684352111e-02 1.0282246307e-02 9.0783622917e-02
1.1596679688e+00 8.5222708326e-02 4.2066842046e-03 5.8582269086e-03 7.5157797213e-02
1.2207031250e+00 1.6633408978e-01 4.0393986993e-03 4.1425892083e-03 1.5815210187e-01
1.2817382812e+00 1.3699063156e-01 8.2459234291e-03 7.0229425017e-03 1.2172176563e-01
1.3427734375e+00 9.7141670670e-02 2.6595112780e-03 7.7599275701e-03 8.6722231822e-02
1.4038085938e+00 1.3705652563e-01 1.1986470318e-02 1.1725594955e-02 1.1334446036e-01
1.4648437500e+00 1.7578344435e-01 3.1098141775e-02 8.9506561956e-03 1.3573464638e-01
1.5258789062e+00 1.1886631260e-01 1.1696621853e-02 4.1950727919e-03 1.0297461795e-01
1.5869140625e+00 1.3018300093e-01 1.4554776892e-02 1.8335757874e-02 9.7292466165e-02
1.6479492188e+00 2.3944758057e-01 2.8512720499e-02 2.6638149539e-02 1.8429671053e-01
1.7089843750e+00 1.8890700529e-01 2.2292913264e-02 1.5304788662e-02 1.5130930336e-01
1.7700195312e+00 1.0981954593e-01 6.1052113342e-03 1.2550116631e-02 9.1164217961e-02
1.8310546875e+00 1.6801944391e-01 1.2115317995e-02 2.3790707023e-02 1.3211341889e-01
1.8920898438e+00 2.5225289692e-01 5.4488059134e-02 3.8319235801e-02 1.5944560198e-01
1.9531250000e+00 2.0279844784e-01 3.7934297175e-02 1.2951255699e-02 1.5191289497e-01
2.0141601562e+00 1.7355362576e-01 2.1485835451e-02 1.6286358514e-02 1.3578143179e-01
2.0751953125e+00 1.6943646140e-01 1.4292550044e-02 9.7247523506e-03 1.4541915900e-01
2.1362304688e+00 1.8213223700e-01 4.8795535526e-03 3.5281933450e-03 1.7372449010e-01
2.1972656250e+00 1.7123608286e-01 2.1124777843e-02 1.5231987342e-02 1.3487931767e-01
2.2583007812e+00 1.8617911764e-01 2.3395268802e-02 3.5108930604e-02 1.2767491823e-01
2.3193359375e+00 2.5185253855e-01 1.9114869156e-02 3.2356519372e-02 2.0038115002e-01
2.3803710938e+00 2.1571480768e-01 4.2093770204e-02 1.9660972653e-02 1.5396006482e-01
2.4414062500e+00 1.9243533052e-01 3.4366130646e-02 2.8076243059e-02 1.2999295681e-01
2.5024414062e+00 1.8751027450e-01 2.5559305639e-02 2.0852625913e-02 1.4109834295e-01
2.5634765625e+00 2.0941025941e-01 1.5284529159e-02 2.0623052828e-02 1.7350267742e-01
2.6245117188e+00 2.0255596071e-01 2.1892756845e-02 2.2854560858e-02 1.5780864301e-01
2.6855468750e+00 1.5885760090e-01 7.8027330662e-03 1.2022938106e-02 1.3903192973e-01
2.7465820312e+00 1.9629997967e-01 9.1921343740e-03 2.0659404001e-02 1.6644844129e-01
2.8076171875e+00 2.7404286056e-01 3.1466050911e-02 2.7156843635e-02 2.1541996602e-01
2.8686523438e+00 2.4429102123e-01 5.3297864566e-02 3.9107735604e-02 1.5188542106e-01
2.9296875000e+00 1.9116544034e-01 3.2569776787e-02 2.0743709027e-02 1.3785195452e-01
2.9907226562e+00 2.3606753003e-01 2.3153633027e-02 1.5028817293e-02 1.9788507971e-01
3.0517578125e+00 3.0355208027e-01 2.8006375252e-02 2.0727271286e-02 2.5481843373e-01
3.1127929688e+00 2.5112369088e-01 1.8685376864e-02 1.6399666183e-02 2.1603864783e-01
3.1738281250e+00 2.1321093019e-01 2.2213150913e-02 2.6009288262e-02 1.6498849102e-01
3.2348632812e+00 2.1848864190e-01 2.2161430444e-02 3.2219109193e-02 1.6410810226e-01
3.2958984375e+00 3.2265866349e-01 4.5906893692e-02 3.7167639810e-02 2.3958412999e-01
3.3569335938e+00 2.7762372709e-01 5.7107201658e-02 3.1271044989e-02 1.8924548044e-01
3.4179687500e+00 2.4779009576e-01 4.4816253934e-02 2.9213945300e-02 1.7375989652e-01
3.4790039062e+00 2.1498468500e-01 2.8390535915e-02 2.8626839205e-02 1.5796730988e-01
3.5400390625e+00 2.7627008564e-01 1.9010280479e-02 1.9966017896e-02 2.3729378727e-01
3.6010742188e+00 3.3834971648e-01 2.2225840712e-02 4.3109725395e-02 2.7301415037e-01
3.6621093750e+00 2.8838215033e-01 3.4205296893e-02 4.0951198307e-02 2.1322565513e-01
3.7231445312e+00 3.1017351933e-01 5.3755861638e-02 3.5367837320e-02 2.2104982037e-01
3.7841796875e+00 3.3570171557e-01 7.1069310017e-02 2.3846579185e-02 2.4078582636e-01
3.8452148438e+00 3.4097629382e-01 4.7565438625e-02 3.1211356727e-02 2.6219949846e-01
3.9062500000e+00 3.4738254810e-01 2.6535594865e-02 3.0524622201e-02 2.9032233103e-01
3.9672851562e+00 3.3144902954e-01 2.9208662202e-02 3.2694311999e-02 2.6954605534e-01
4.0283203125e+00 3.8619092585e-01 3.0843806865e-02 7.3470095428e-02 2.8187702356e-01
4.0893554688e+00 3.7034506571e-01 2.2989887487e-02 5.7829440020e-02 2.8952573820e-01
4.1503906250e+00 4.3829647929e-01 1.4648832490e-02 3.3117335357e-02 3.9053031145e-01
4.2114257812e+00 4.0524316994e-01 4.8282051250e-02 2.4804339426e-02 3.3215677927e-01
4.2724609375e+00 4.2339732412e-01 7.6433315860e-02 4.8066269999e-02 2.9889773826e-01
4.3334960938e+00 3.6828648150e-01 5.4907520266e-02 4.5215939386e-02 2.6816302185e-01
4.3945312500e+00 3.5156053064e-01 3.8566305159e-02 3.4145625542e-02 2.7884859994e-01
4.4555664062e+00 3.8378564974e-01 4.9241311813e-02 4.9259410866e-02 2.8528492706e-01
4.5166015625e+00 2.7911237868e-01 2.2553744005e-02 3.1102547398e-02 2.2545608728e-01
4.5776367188e+00 2.7820528943e-01 2.6968129582e-02 3.4724148183e-02 2.1651301166e-01
4.6386718750e+00 3.3278450984e-01 6.2165891748e-02 4.1655238790e-02 2.2896337930e-01
4.6997070312e+00 3.7286597975e-01 8.5271713005e-02 4.5034670109e-02 2.4255959663e-01
4.7607421875e+00 2.7609823582e-01 4.0541145703e-02 2.7781090401e-02 2.0777599972e-01
4.8217773438e+00 2.8317161183e-01 3.9356543577e-02 5.3676414198e-02 1.9013865405e-01
4.8828125000e+00 3.5120637969e-01 4.5481207601e-02 7.1197288181e-02 2.3452788391e-01
4.9438476562e+00 3.2590103563e-01 3.3517414942e-02 4.7281877795e-02 2.4510174289e-01
5.0048828125e+00 2.8777764332e-01 2.9461388749e-02 4.2039063439e-02 2.1627719113e-01
5.0659179688e+00 3.4789143969e-01 7.1258455026e-02 6.2387955137e-02 2.1424502953e-01
5.1269531250e+00 4.0804306774e-01 1.3680413665e-01 5.3273528927e-02 2.1796540216e-01
5.1879882812e+00 3.8224555835e-01 7.2707965182e-02 3.9292212837e-02 2.7024538034e-01
5.2490234375e+00 3.4238535277e-01 4.2740137640e-02 5.7096976994e-02 2.4254823814e-01
5.3100585938e+00 3.1797187123e-01 3.6605441490e-02 4.8904823235e-02 2.3246160651e-01
5.3710937500e+00 2.8587535040e-01 3.9549216038e-02 4.0254185475e-02 2.0607194889e-01
5.4321289062e+00 2.8026699543e-01 4.9229631453e-02 4.6216856247e-02 1.8482050774e-01
5.4931640625e+00 2.6555368914e-01 5.9155384934e-02 5.4607639548e-02 1.5179066465e-01
5.5541992188e+00 2.9406459520e-01 9.0632206378e-02 5.7229957929e-02 1.4620243089e-01
5.6152343750e+00 2.8568578667e-01 8.3581565015e-02 7.5418917579e-02 1.2668530408e-01
5.6762695312e+00 2.4069558314e-01 5.0386375072e-02 8.2466605586e-02 1.0784260249e-01
5.7373046875e+00 1.9363903701e-01 2.9849693764e-02 5.4673736684e-02 1.0911560656e-01
5.7983398438e+00 1.8595549125e-01 4.8212873514e-02 4.0622755900e-02 9.7119861833e-02
5.8593750000e+00 2.0963095293e-01 6.5611854906e-02 5.8893462918e-02 8.5125635106e-02
5.9204101562e+00 1.9035418022e-01 9.1102045484e-02 6.4420854235e-02 3.4831280501e-02
5.9814453125e+00 1.7732473115e-01 1.0710300700e-01 6.3389750907e-02 6.8319732409e-03
6.0424804688e+00 1.7576865161e-01 9.7063224395e-02 7.4757481963e-02 3.9479452546e-03
6.1035156250e+00 1.1280550013e-01 5.4513352046e-02 5.5149994785e-02 3.1421533031e-03
6.1645507812e+00 7.7702805925e-02 3.9116968309e-02 3.5924454739e-02 2.6613828774e-03
6.2255859375e+00 1.4319722915e-01 7.4298996083e-02 6.6389043895e-02 2.5091891727e-03
6.2866210938e+00 1.6520872882e-01 8.2581221178e-02 8.0251355899e-02 2.3761517414e-03
6.3476562500e+00 1.2791528567e-01 6.0740188763e-02 6.4966062277e-02 2.2090346305e-03
6.4086914062e+00 1.5892744481e-01 7.8615392602e-02 7.8195691902e-02 2.1163603093e-03
6.4697265625e+00 1.6932203177e-01 9.4250834074e-02 7.3017549532e-02 2.0536481618e-03
6.5307617188e+00 1.9084758640e-01 1.0060034089e-01 8.8210704893e-02 2.0365406224e-03
6.5917968750e+00 1.9921887251e-01 1.0834037695e-01 8.8880247780e-02 1.9982477798e-03
6.6528320312e+00 1.7173078552e-01 9.8897246739e-02 7.0884967679e-02 1.9485710984e-03
6.7138671875e+00 1.4168166608e-01 7.2804001182e-02 6.6964334303e-02 1.9133305956e-03
6.7749023438e+00 1.5679503109e-01 9.0712862069e-02 6.4123696006e-02 1.9584730156e-03
6.8359375000e+00 2.2500996780e-01 1.3435877801e-01 8.8654056710e-02 1.9971330764e-03
6.8969726562e+00 1.9605396874e-01 1.1308422691e-01 8.0915483036e-02 2.0542587897e-03
6.9580078125e+00 1.6961806070e-01 8.6931338366e-02 8.0525018379e-02 2.1617039525e-03
7.0190429688e+00 1.9605848138e-01 9.3132460997e-02 1.0060850324e-01 2.3175171462e-03
7.0800781250e+00 2.3156922240e-01 1.2603793012e-01 1.0305175258e-01 2.4795396969e-03
7.1411132812e+00 2.1113589802e-01 1.1406081199e-01 9.4351256863e-02 2.7238291713e-03
7.2021484375e+00 2.3233650642e-01 1.3303770415e-01 9.6210845684e-02 3.0879565838e-03
7.2631835938e+00 2.3515213246e-01 1.3913430104e-01 9.2317792831e-02 3.7000385860e-03
7.3242187500e+00 2.2807988912e-01 1.3242026482e-01 8.9769483963e-02 5.8901403372e-03
7.3852539062e+00 2.8453468046e-01 1.4469166362e-01 1.1791422788e-01 2.1928788958e-02
7.4462890625e+00 3.1717995795e-01 1.4421873454e-01 1.1383344016e-01 5.9127783249e-02
7.5073242188e+00 3.4365039603e-01 1.6040547749e-01 1.0192126593e-01 8.1323652612e-02
7.5683593750e+00 3.6562520547e-01 1.7171165673e-01 1.1309376685e-01 8.0819781882e-02
7.6293945312e+00 4.2065861887e-01 1.8795884105e-01 1.3762678001e-01 9.5072997804e-02
7.6904296875e+00 4.6939814909e-01 2.0503046344e-01 1.4735389727e-01 1.1701378838e-01
7.7514648438e+00 4.3412058916e-01 1.8461549096e-01 1.2246916346e-01 1.2703593474e-01
7.8125000000e+00 3.6160375223e-01 1.2115181777e-01 9.5731307157e-02 1.4472062731e-01
7.8735351562e+00 3.9698107108e-01 1.1179576203e-01 1.3669198275e-01 1.4849332630e-01
7.9345703125e+00 4.2982492130e-01 1.4085944755e-01 1.4580255653e-01 1.4316291722e-01
7.9956054688e+00 4.2508302472e-01 1.4117254153e-01 1.1207177604e-01 1.7183870715e-01
8.0566406250e+00 4.2840255473e-01 1.4617090248e-01 1.3486163550e-01 1.4737001675e-01
8.1176757812e+00 4.2743585122e-01 1.2645300366e-01 1.4825102514e-01 1.5273182242e-01
8.1787109375e+00 4.2090440589e-01 7.8292366410e-02 1.4292757340e-01 1.9968446608e-01
8.2397460938e+00 3.7520165109e-01 8.5593273850e-02 9.2155360381e-02 1.9745301686e-01
8.3007812500e+00 4.0292246827e-01 1.0128272165e-01 1.0695107578e-01 1.9468867084e-01
8.3618164062e+00 4.7691772122e-01 1.3138768323e-01 1.2997754918e-01 2.1555248881e-01
8.4228515625e+00 5.8533361180e-01 1.4082838249e-01 1.6516028178e-01 2.7934494754e-01
8.4838867188e+00 5.3104459861e-01 1.1811520033e-01 1.4334161287e-01 2.6958778541e-01
8.5449218750e+00 4.8896392510e-01 1.1306545016e-01 9.4646358419e-02 2.8125211652e-01
8.6059570312e+00 5.3909045778e-01 8.9320405014e-02 8.5001181677e-02 3.6476887109e-01
8.6669921875e+00 5.9288414364e-01 7.3998308944e-02 9.1787117545e-02 4.2709871715e-01
8.7280273438e+00 6.0671357722e-01 1.0769031623e-01 1.4114757300e-01 3.5787568800e-01
8.7890625000e+00 6.1340242705e-01 1.4530929871e-01 1.0425828473e-01 3.6383484362e-01
8.8500976562e+00 5.6123155602e-01 1.0716959479e-01 7.7187023003e-02 3.7687493822e-01
8.9111328125e+00 4.8797697357e-01 8.1112572296e-02 8.8881374342e-02 3.1798302693e-01
8.9721679688e+00 4.4535044083e-01 6.5984593610e-02 1.0892326774e-01 2.7044257949e-01
9.0332031250e+00 5.1603814641e-01 9.3671871927e-02 1.2764720678e-01 2.9471906770e-01
9.0942382812e+00 4.7696470097e-01 1.0271334880e-01 8.8042693326e-02 2.8620865884e-01
9.1552734375e+00 4.7831453662e-01 1.0303732875e-01 7.4986595527e-02 3.0029061234e-01
9.2163085938e+00 4.6173277384e-01 1.2029332182e-01 1.0940801619e-01 2.3203143583e-01
9.2773437500e+00 4.1863095119e-01 9.9259426298e-02 1.0775116081e-01 2.1162036408e-01
9.3383789062e+00 4.4011290827e-01 8.0749475791e-02 9.9538792950e-02 2.5982463953e-01
9.3994140625e+00 3.9049856822e-01 8.2148227407e-02 8.5503026075e-02 2.2284731474e-01
9.4604492188e+00 3.3329381784e-01 7.3110534255e-02 5.7169431359e-02 2.0301385223e-01
9.5214843750e+00 4.2948107065e-01 1.1112285107e-01 9.7911057349e-02 2.2044716223e-01
9.5825195312e+00 4.2728158337e-01 1.0935607380e-01 1.0924571303e-01 2.0867979654e-01
9.6435546875e+00 3.5849586954e-01 6.1422995813e-02 8.1839642375e-02 2.1523323135e-01
9.7045898438e+00 3.8506382834e-01 8.2099406107e-02 9.1893804546e-02 2.1107061768e-01
9.7656250000e+00 3.7725869678e-01 1.0155097916e-01 7.8193677454e-02 1.9751404017e-01
9.8266601562e+00 3.6474969267e-01 1.0195807204e-01 7.0071409604e-02 1.9272021103e-01
9.8876953125e+00 3.8196487556e-01 8.2783900511e-02 6.9276599685e-02 2.2990437537e-01
9.9487304688e+00 3.3327733853e-01 7.8609707475e-02 6.6641822360e-02 1.8802580869e-01
1.0009765625e+01 3.4373798510e-01 7.3850198519e-02 7.5262680886e-02 1.9462510569e-01
1.0070800781e+01 3.3121366816e-01 7.2852086994e-02 6.7793465654e-02 1.9056811551e-01
1.0131835938e+01 3.4508984935e-01 7.9041950941e-02 6.9635896663e-02 1.9641200175e-01
1.0192871094e+01 3.7732651118e-01 8.1644664779e-02 9.4502840953e-02 2.0117900545e-01
1.0253906250e+01 3.4895146102e-01 9.0263194744e-02 8.9970105517e-02 1.6871816076e-01
1.0314941406e+01 3.4276032424e-01 9.2384847294e-02 8.1931237511e-02 1.6844423943e-01
1.0375976562e+01 3.6072162873e-01 7.9241990890e-02 7.0473265439e-02 2.1100637240e-01
1.0437011719e+01 3.4509759237e-01 7.8965103788e-02 8.1637317682e-02 1.8449517090e-01
1.0498046875e+01 3.2741597454e-01 8.7661758759e-02 7.9821764704e-02 1.5993245108e-01
1.0559082031e+01 3.3875324085e-01 8.5216092665e-02 7.7422897007e-02 1.7611425118e-01
1.0620117188e+01 3.1475579373e-01 8.3883692778e-02 6.8859728730e-02 1.6201237222e-01
1.0681152344e+01 2.8713742523e-01 5.9436255233e-02 7.2755615596e-02 1.5494555440e-01
1.0742187500e+01 2.7934701785e-01 5.3880025772e-02 7.9843334147e-02 1.4562365793e-01
1.0803222656e+01 3.4335121859e-01 8.3666479870e-02 7.6577531579e-02 1.8310720714e-01
1.0864257812e+01 3.8591503902e-01 1.0686080819e-01 7.1203845610e-02 2.0785038522e-01
1.0925292969e+01 2.9334255994e-01 8.0562782420e-02 6.3569507628e-02 1.4921026989e-01
1.0986328125e+01 3.1843658948e-01 8.5387563671e-02 8.0689237376e-02 1.5235978843e-01
1.1047363281e+01 3.2203997293e-01 6.9787430139e-02 6.4930213100e-02 1.8732232969e-01
1.1108398438e+01 2.8088963629e-01 5.7820590794e-02 5.0578224771e-02 1.7249082072e-01
1.1169433594e+01 2.7855984346e-01 6.2798706303e-02 6.1624425954e-02 1.5413671120e-01
1.1230468750e+01 3.0534966006e-01 6.2695581469e-02 7.6952297271e-02 1.6570178132e-01
1.1291503906e+01 2.8903884574e-01 4.5992140201e-02 6.2164328578e-02 1.8088237696e-01
1.1352539062e+01 2.3825725556e-01 5.3740575335e-02 4.2304720266e-02 1.4221195996e-01
1.1413574219e+01 2.5129698210e-01 6.5250612507e-02 3.3233857553e-02 1.5281251204e-01
1.1474609375e+01 2.6763175719e-01 5.0210532829e-02 4.5443208467e-02 1.7197801589e-01
1.1535644531e+01 2.3380330844e-01 4.5294474405e-02 5.2634523269e-02 1.3587431077e-01
1.1596679688e+01 2.3744088285e-01 4.2548641614e-02 4.2620608653e-02 1.5227163258e-01
1.1657714844e+01 2.4429691177e-01 3.5073345738e-02 4.2378553020e-02 1.6684501301e-01
1.1718750000e+01 2.2551988564e-01 3.1044031129e-02 4.8477138122e-02 1.4599871639e-01
1.1779785156e+01 2.3785888845e-01 3.5096699093e-02 4.5447998460e-02 1.5731419090e-01
1.1840820312e+01 2.3798901717e-01 5.2451405088e-02 4.3263459428e-02 1.4227415266e-01
1.1901855469e+01 2.7493960862e-01 8.1024156962e-02 4.6535426875e-02 1.4738002478e-01
1.1962890625e+01 2.6558163229e-01 6.7336485589e-02 5.4894485887e-02 1.4335066081e-01
1.2023925781e+01 2.5094998816e-01 5.0360647211e-02 5.0260868208e-02 1.5032847274e-01
1.2084960938e+01 2.6619241568e-01 4.4235715005e-02 5.6707846166e-02 1.6524885451e-01
1.2145996094e+01 2.4967743265e-01 4.0366323986e-02 6.1575556722e-02 1.4773555194e-01
1.2207031250e+01 2.5900830635e-01 4.4885471362e-02 6.3222738068e-02 1.5090009692e-01
1.2268066406e+01 2.6000869412e-01 4.6893661837e-02 5.0518349476e-02 1.6259668280e-01
1.2329101562e+01 2.6563499377e-01 6.6035204328e-02 4.9235041408e-02 1.5036474803e-01
1.2390136719e+01 2.7521082525e-01 7.8626060393e-02 6.2198461886e-02 1.3438630297e-01
1.2451171875e+01 2.4653077974e-01 6.7576240537e-02 6.5394226217e-02 1.1356031299e-01
1.2512207031e+01 1.6182163979e-01 5.2706927736e-02 6.2719306631e-02 4.6395405424e-02
1.2573242188e+01 1.0923270047e-01 4.4695044538e-02 5.7451277843e-02 7.0863780924e-03
1.2634277344e+01 1.1310244270e-01 4.7313550840e-02 6.2084763895e-02 3.7041279685e-03
1.2695312500e+01 1.3229373138e-01 6.5878250018e-02 6.3504842654e-02 2.9106387062e-03
1.2756347656e+01 1.6718128219e-01 9.8210594078e-02 6.6418980274e-02 2.5517078415e-03
1.2817382812e+01 1.5587265532e-01 8.8867899598e-02 6.4793678081e-02 2.2110776456e-03
1.2878417969e+01 1.4331330304e-01 6.9215927844e-02 7.2077885268e-02 2.0194899306e-03
1.2939453125e+01 1.3488175350e-01 5.8594491723e-02 7.4388164605e-02 1.8990971764e-03
1.3000488281e+01 1.1833895991e-01 5.4758284711e-02 6.1818606078e-02 1.7620691204e-03
1.3061523438e+01 1.5879680334e-01 8.0691892917e-02 7.6439691496e-02 1.6652189310e-03
1.3122558594e+01 1.9125598523e-01 1.0563924300e-01 8.4025670947e-02 1.5910712877e-03
1.3183593750e+01 1.7389264575e-01 9.6653431990e-02 7.5718840820e-02 1.5203729409e-03
1.3244628906e+01 1.7076501606e-01 8.3130773914e-02 8.6149193222e-02 1.4850489235e-03
1.3305664062e+01 1.7990881032e-01 8.9603078977e-02 8.8860531454e-02 1.4451998923e-03
1.3366699219e+01 2.0800577468e-01 1.0802989851e-01 9.8559024582e-02 1.4168515938e-03
1.3427734375e+01 2.3125496064e-01 1.2499295431e-01 1.0484647931e-01 1.4155270192e-03
1.3488769531e+01 2.5559024015e-01 1.4585264522e-01 1.0833588892e-01 1.4017060127e-03
1.3549804688e+01 2.6047446662e-01 1.4544993513e-01 1.1366425134e-01 1.3602801535e-03
1.3610839844e+01 2.9448742712e-01 1.6440777531e-01 1.2871063080e-01 1.3690210161e-03
1.3671875000e+01 3.2841320425e-01 1.8084240328e-01 1.4619717809e-01 1.3736228808e-03
1.3732910156e+01 3.3026936334e-01 1.7606243676e-01 1.5282282334e-01 1.3841032412e-03
1.3793945312e+01 3.3615390637e-01 1.7175010655e-01 1.6302593835e-01 1.3778614694e-03
1.3854980469e+01 3.3572250414e-01 1.5962333768e-01 1.7472495272e-01 1.3742137301e-03
1.3916015625e+01 3.3930262988e-01 1.6537881611e-01 1.7256430384e-01 1.3595099321e-03
1.3977050781e+01 3.1683046694e-01 1.5152512886e-01 1.6397658306e-01 1.3287550277e-03
1.4038085938e+01 2.8775930427e-01 1.3264152476e-01 1.5382195174e-01 1.2958277665e-03
1.4099121094e+01 2.6307785572e-01 1.1572374402e-01 1.4606780351e-01 1.2863081918e-03
1.4160156250e+01 2.4352459889e-01 9.5461916499e-02 1.4679580258e-01 1.2668798044e-03
1.4221191406e+01 1.9322633996e-01 6.6919789246e-02 1.2510643880e-01 1.2001119165e-03
1.4282226562e+01 1.7918339489e-01 5.7490985229e-02 1.2052233906e-01 1.1700706080e-03
1.4343261719e+01 1.9319840251e-01 5.8959781153e-02 1.3306818548e-01 1.1704358724e-03
1.4404296875e+01 1.6719254955e-01 5.0026576500e-02 1.1601532126e-01 1.1506517911e-03
1.4465332031e+01 1.6982504391e-01 4.9988639375e-02 1.1869662979e-01 1.1397747375e-03
1.4526367188e+01 1.8158703936e-01 5.2813486035e-02 1.2765150062e-01 1.1220526971e-03
1.4587402344e+01 1.5792668562e-01 4.5780292991e-02 1.1104975236e-01 1.0966402674e-03
1.4648437500e+01 1.5090334506e-01 4.3638695532e-02 1.0619024059e-01 1.0744089367e-03
1.4709472656e+01 1.4748668627e-01 4.2446055672e-02 1.0398446021e-01 1.0561703822e-03
1.4770507812e+01 1.4385397288e-01 4.1349776942e-02 1.0146041127e-01 1.0437846673e-03
1.4831542969e+01 1.5304831243e-01 4.3795072131e-02 1.0822459900e-01 1.0286413021e-03
1.4892578125e+01 1.2967448153e-01 3.7166668032e-02 9.1514590232e-02 9.9322326694e-04
1.4953613281e+01 1.0778389791e-01 3.1000714135e-02 7.5822800235e-02 9.6038354483e-04
1.5014648438e+01 6.3218476518e-02 1.8606641634e-02 4.3720874678e-02 8.9096020572e-04
1.5075683594e+01 2.8373931234e-02 8.8572923015e-03 1.8688855987e-02 8.2778294499e-04
1.5136718750e+01 1.6659802828e-02 5.5399240324e-03 1.0325256406e-02 7.9462238958e-04
1.5197753906e+01 1.2703335061e-02 4.4006737350e-03 7.5253122985e-03 7.7734902716e-04
1.5258789062e+01 1.0381580544e-02 3.7404792955e-03 5.8872963839e-03 7.5380486454e-04
1.5319824219e+01 8.7766242925e-03 3.2699462205e-03 4.7778374232e-03 7.2884064878e-04
1.5380859375e+01 7.7163646799e-03 2.9114134734e-03 4.0852625003e-03 7.1968870619e-04
1.5441894531e+01 7.0505587664e-03 2.6946529437e-03 3.6477115334e-03 7.0819428932e-04
1.5502929688e+01 6.4131029546e-03 2.4896435910e-03 3.2251866271e-03 6.9827273653e-04
1.5563964844e+01 6.0517051848e-03 2.3792030571e-03 2.9748353911e-03 6.9766673655e-04
1.5625000000e+01 5.7636411159e-03 2.3022980695e-03 2.7684128432e-03 6.9293020321e-04
1.5686035156e+01 5.4297109039e-03 2.1912503513e-03 2.5541171414e-03 6.8434341118e-04
1.5747070312e+01 5.1813109717e-03 2.1128711530e-03 2.4020052063e-03 6.6643461249e-04
1.5808105469e+01 4.9717666025e-03 2.0347032288e-03 2.2823178451e-03 6.5474552864e-04
1.5869140625e+01 4.7243299753e-03 1.9479379552e-03 2.1254516483e-03 6.5094037186e-04
1.5930175781e+01 4.5508860389e-03 1.8833079580e-03 2.0198737621e-03 6.4770431886e-04
1.5991210938e+01 4.4813261426e-03 1.8619373455e-03 1.9762360707e-03 6.4315272650e-04
1.6052246094e+01 4.3968629581e-03 1.8279646330e-03 1.9181004100e-03 6.5079791510e-04
1.6113281250e+01 4.1944231560e-03 1.7751638442e-03 1.7755700214e-03 6.4368929039e-04
1.6174316406e+01 4.1272971548e-03 1.7629001087e-03 1.7289764151e-03 6.3542063101e-04
1.6235351562e+01 4.0822480820e-03 1.7441631123e-03 1.7160244668e-03 6.2206050292e-04
1.6296386719e+01 3.9487947797e-03 1.7037204451e-03 1.6317099028e-03 6.1336443180e-04
1.6357421875e+01 3.9005062452e-03 1.7033467694e-03 1.5909983427e-03 6.0616113315e-04
1.6418457031e+01 3.7990142129e-03 1.6586385608e-03 1.5363817653e-03 6.0399388685e-04
1.6479492188e+01 3.7342664690e-03 1.6512173646e-03 1.4925784678e-03 5.9047063665e-04
1.6540527344e+01 3.6818279138e-03 1.6414925486e-03 1.4568611189e-03 5.8347424625e-04
1.6601562500e+01 3.6255773407e-03 1.6386221768e-03 1.4095014609e-03 5.7745370307e-04
1.6662597656e+01 3.5231688727e-03 1.5990162663e-03 1.3574624201e-03 5.6669018628e-04
1.6723632812e+01 3.3965082130e-03 1.5472316633e-03 1.2931455127e-03 5.5613103691e-04
1.6784667969e+01 3.3444931802e-03 1.5395523187e-03 1.2516258482e-03 5.5331501331e-04
1.6845703125e+01 3.2870542863e-03 1.5334228757e-03 1.2052748613e-03 5.4835654926e-04
1.6906738281e+01 3.2741798981e-03 1.5309449515e-03 1.1930779876e-03 5.5015695899e-04
1.6967773438e+01 3.2210000403e-03 1.5159925647e-03 1.1605833574e-03 5.4442411813e-04
1.7028808594e+01 3.1970578453e-03 1.5076838049e-03 1.1465509223e-03 5.4282311809e-04
1.7089843750e+01 3.2029980446e-03 1.5212830524e-03 1.1348506752e-03 5.4686431705e-04
1.7150878906e+01 3.2201548094e-03 1.5463503428e-03 1.1252366419e-03 5.4856782470e-04
1.7211914062e+01 3.2403208389e-03 1.5635435458e-03 1.1264640331e-03 5.5031325997e-04
1.7272949219e+01 3.2403437076e-03 1.5709752219e-03 1.1210001323e-03 5.4836835342e-04
1.7333984375e+01 3.2420425905e-03 1.5781523725e-03 1.1091246198e-03 5.5476559831e-04
1.7395019531e+01 3.2321792322e-03 1.5749386497e-03 1.1124523164e-03 5.4478826613e-04
1.7456054688e+01 3.2330611633e-03 1.5856742252e-03 1.1118927472e-03 5.3549419094e-04
1.7517089844e+01 3.2154674122e-03 1.5769411816e-03 1.1007485256e-03 5.3777770494e-04
1.7578125000e+01 3.2185635296e-03 1.5957625993e-03 1.0805198780e-03 5.4228105224e-04
1.7639160156e+01 3.2239304877e-03 1.6072449837e-03 1.0812270459e-03 5.3545845812e-04
1.7700195312e+01 3.2076008645e-03 1.6100418833e-03 1.0631499058e-03 5.3440907540e-04
1.7761230469e+01 3.1920064683e-03 1.6121424031e-03 1.0478875347e-03 5.3197653052e-04
1.7822265625e+01 3.1963451682e-03 1.6195543105e-03 1.0442206867e-03 5.3257017102e-04
1.7883300781e+01 3.1556272281e-03 1.5885612134e-03 1.0322341717e-03 5.3483184299e-04
1.7944335938e+01 3.1512606240e-03 1.5961513320e-03 1.0195568167e-03 5.3555247532e-04
1.8005371094e+01 3.1807845277e-03 1.6271903290e-03 1.0200773830e-03 5.3351681575e-04
1.8066406250e+01 3.2371568463e-03 1.6649856978e-03 1.0310700873e-03 5.4110106124e-04
1.8127441406e+01 3.2989286464e-03 1.7114453509e-03 1.0455313519e-03 5.4195194373e-04
1.8188476562e+01 3.3407389993e-03 1.7341621429e-03 1.0507895274e-03 5.5578732903e-04
1.8249511719e+01 3.3433703070e-03 1.7387557843e-03 1.0465070174e-03 5.5810750531e-04
1.8310546875e+01 3.3834298056e-03 1.7797594915e-03 1.0516732987e-03 5.5199701538e-04
1.8371582031e+01 3.4167658109e-03 1.8136683544e-03 1.0501841081e-03 5.5291334832e-04
1.8432617188e+01 3.4759936871e-03 1.8622886684e-03 1.0575474161e-03 5.5615760262e-04
1.8493652344e+01 3.5696809871e-03 1.9282010274e-03 1.0762072341e-03 5.6527272557e-04
1.8554687500e+01 3.6620947068e-03 1.9975424577e-03 1.0977193239e-03 5.6683292516e-04
1.8615722656e+01 3.7417427076e-03 2.0651980890e-03 1.1123824733e-03 5.6416214536e-04
1.8676757812e+01 3.8739504711e-03 2.1680747159e-03 1.1369648417e-03 5.6891091359e-04
1.8737792969e+01 4.0170722497e-03 2.2702221881e-03 1.1721831584e-03 5.7466690327e-04
1.8798828125e+01 4.1628687717e-03 2.3739033070e-03 1.2062255598e-03 5.8273990489e-04
1.8859863281e+01 4.3226146308e-03 2.4984040057e-03 1.2425171834e-03 5.8169344169e-04
1.8920898438e+01 4.4406052984e-03 2.5753306891e-03 1.2837442780e-03 5.8153033121e-04
1.8981933594e+01 4.6279775611e-03 2.7201332584e-03 1.3194972712e-03 5.8834703144e-04
1.9042968750e+01 4.8987452132e-03 2.9253923246e-03 1.3817005635e-03 5.9165232506e-04
1.9104003906e+01 5.2033827866e-03 3.1648394982e-03 1.4406324268e-03 5.9791086157e-04
1.9165039062e+01 5.4366125998e-03 3.3325663135e-03 1.5039344791e-03 6.0011180718e-04
1.9226074219e+01 5.6691241228e-03 3.5000508377e-03 1.5639611237e-03 6.0511216138e-04
1.9287109375e+01 6.0741749858e-03 3.7974674504e-03 1.6631464065e-03 6.1356112884e-04
1.9348144531e+01 6.6508770336e-03 4.2442045070e-03 1.7856105708e-03 6.2106195589e-04
1.9409179688e+01 7.5467690722e-03 4.9188797884e-03 1.9920527072e-03 6.3583657661e-04
1.9470214844e+01 8.4693228236e-03 5.5898833515e-03 2.2195730590e-03 6.5986641307e-04
1.9531250000e+01 9.8667506559e-03 6.6348257228e-03 2.5493141004e-03 6.8261083266e-04
1.9592285156e+01 1.2564353438e-02 8.6439929547e-03 3.2272582385e-03 6.9310224504e-04
1.9653320312e+01 1.7673039003e-02 1.2491704847e-02 4.4716933124e-03 7.0964084371e-04
1.9714355469e+01 3.7229981319e-02 2.7024780819e-02 9.4609466545e-03 7.4425384599e-04
1.9775390625e+01 9.1090109834e-02 6.6836658627e-02 2.3457822367e-02 7.9562883990e-04
1.9836425781e+01 1.4514541604e-01 1.0755864225e-01 3.6756413450e-02 8.3036033066e-04
1.9897460938e+01 1.6497774384e-01 1.2322366526e-01 4.0907768488e-02 8.4631008866e-04
1.9958496094e+01 1.9366069637e-01 1.4582020155e-01 4.6981951687e-02 8.5854312426e-04
2.0019531250e+01 1.8522307085e-01 1.4079082682e-01 4.3576761547e-02 8.5548248746e-04
2.0080566406e+01 1.9033289623e-01 1.4722372628e-01 4.2254956214e-02 8.5421373931e-04
2.0141601562e+01 2.0422886470e-01 1.5985503134e-01 4.3521783692e-02 8.5204966955e-04
2.0202636719e+01 2.1996618396e-01 1.7775501526e-01 4.1359443126e-02 8.5172557843e-04
2.0263671875e+01 2.5144760461e-01 2.0594984207e-01 4.4653789809e-02 8.4397273173e-04
2.0324707031e+01 2.5174941001e-01 2.0321444283e-01 4.7683928910e-02 8.5103826399e-04
2.0385742188e+01 2.2513921561e-01 1.7747596952e-01 4.6799890419e-02 8.6335567214e-04
2.0446777344e+01 2.2048546905e-01 1.7234131393e-01 4.7287086202e-02 8.5706892232e-04
2.0507812500e+01 2.1358921935e-01 1.6255773212e-01 5.0161818924e-02 8.6966830418e-04
2.0568847656e+01 2.2532418399e-01 1.6903678736e-01 5.5414863336e-02 8.7253329586e-04
2.0629882812e+01 2.1965574635e-01 1.6625034707e-01 5.2542558875e-02 8.6284041391e-04
2.0690917969e+01 1.8622207466e-01 1.4150889738e-01 4.3846373511e-02 8.6680376222e-04
2.0751953125e+01 2.2054224063e-01 1.6019745181e-01 5.9454685353e-02 8.9010346891e-04
2.0812988281e+01 2.2560743227e-01 1.6407613118e-01 6.0646949092e-02 8.8435199809e-04
2.0874023438e+01 2.1926795045e-01 1.6312686989e-01 5.5259327367e-02 8.8175320229e-04
2.0935058594e+01 2.1845514081e-01 1.6242768028e-01 5.5140613094e-02 8.8684742750e-04
2.0996093750e+01 2.4658674317e-01 1.7067836205e-01 7.4987824402e-02 9.2055671894e-04
2.1057128906e+01 2.4465057081e-01 1.6927858545e-01 7.4454414620e-02 9.1757074124e-04
2.1118164062e+01 2.3561181482e-01 1.6955008105e-01 6.5151331378e-02 9.1040239637e-04
2.1179199219e+01 2.3357886839e-01 1.6523357800e-01 6.7427596822e-02 9.1769357032e-04
2.1240234375e+01 2.4957959111e-01 1.7066111964e-01 7.7982341954e-02 9.3612951769e-04
2.1301269531e+01 2.8506315039e-01 1.9603631267e-01 8.8065694679e-02 9.6114303991e-04
2.1362304688e+01 2.7464184014e-01 1.9208817675e-01 8.1583140025e-02 9.7052336509e-04
2.1423339844e+01 2.5564506250e-01 1.7748903566e-01 7.7215372883e-02 9.4065395932e-04
2.1484375000e+01 3.1471977753e-01 2.1520929552e-01 9.8511491072e-02 9.9899094324e-04
2.1545410156e+01 3.8811994666e-01 2.4531901208e-01 1.4174087029e-01 1.0600642818e-03
2.1606445312e+01 3.5504669317e-01 2.2722043248e-01 1.2678219530e-01 1.0440653897e-03
2.1667480469e+01 3.0168534400e-01 2.0949384872e-01 9.1188893561e-02 1.0026017268e-03
2.1728515625e+01 3.1257815949e-01 2.1141099765e-01 1.0016537085e-01 1.0017909850e-03
2.1789550781e+01 3.2063181389e-01 2.0657393574e-01 1.1304188912e-01 1.0159890249e-03
2.1850585938e+01 2.7787791531e-01 1.9934998685e-01 7.7559715963e-02 9.6821249919e-04
2.1911621094e+01 2.5823119760e-01 1.9218046702e-01 6.5105723340e-02 9.4500723951e-04
2.1972656250e+01 2.4682937959e-01 1.7711144385e-01 6.8783568714e-02 9.3436702645e-04
2.2033691406e+01 2.8698385920e-01 2.0428756877e-01 8.1760424791e-02 9.3586564255e-04
2.2094726562e+01 2.6137204749e-01 1.9141875667e-01 6.9020077967e-02 9.3321286026e-04
2.2155761719e+01 2.2729209742e-01 1.7423845321e-01 5.2142521446e-02 9.1112276445e-04
2.2216796875e+01 2.6280481224e-01 2.0311841988e-01 5.8778086970e-02 9.0830539004e-04
2.2277832031e+01 2.7970736824e-01 2.0610289482e-01 7.2688038276e-02 9.1643514264e-04
2.2338867188e+01 2.7277072237e-01 2.0732708127e-01 6.4541707829e-02 9.0193327475e-04
2.2399902344e+01 2.5705191717e-01 2.0559270086e-01 5.0567670545e-02 8.9154576269e-04
2.2460937500e+01 2.6780178963e-01 2.1142232057e-01 5.5487234867e-02 8.9223419731e-04
2.2521972656e+01 2.8818729969e-01 2.2961413150e-01 5.7680538213e-02 8.9262998699e-04
2.2583007812e+01 2.7534549009e-01 2.2349358893e-01 5.0954400924e-02 8.9750023857e-04
2.2644042969e+01 2.9683688281e-01 2.4381499385e-01 5.2123654054e-02 8.9823490995e-04
2.2705078125e+01 3.0167705302e-01 2.4689158504e-01 5.3900123506e-02 8.8534447453e-04
2.2766113281e+01 3.1431121973e-01 2.6577590283e-01 4.7636194765e-02 8.9912213597e-04
2.2827148438e+01 3.2183902927e-01 2.7601354896e-01 4.4910523283e-02 9.1495702464e-04
2.2888183594e+01 3.1921626818e-01 2.7924184036e-01 3.9063062056e-02 9.1136576606e-04
2.2949218750e+01 3.3336728035e-01 2.9667598448e-01 3.5787650496e-02 9.0364537128e-04
2.3010253906e+01 3.6295425174e-01 3.2799474522e-01 3.4040868275e-02 9.1863823592e-04
2.3071289062e+01 3.9694497008e-01 3.6447452626e-01 3.1547359740e-02 9.2308408251e-04
2.3132324219e+01 4.1667930355e-01 3.8841918325e-01 2.7348006825e-02 9.1211348020e-04
2.3193359375e+01 4.3536942741e-01 4.1231103758e-01 2.2143316258e-02 9.1507357901e-04
2.3254394531e+01 4.0232873102e-01 3.8338541037e-01 1.8001048927e-02 9.4227172859e-04
2.3315429688e+01 2.5783250508e-01 2.4062619726e-01 1.6244799268e-02 9.6150854951e-04
2.3376464844e+01 1.0620573081e-01 8.7427725957e-02 1.7773348232e-02 1.0046566228e-03
2.3437500000e+01 6.2686464753e-02 3.9366989045e-02 2.2233387109e-02 1.0860885983e-03
2.3498535156e+01 7.1691594251e-02 3.4923529076e-02 3.5582648468e-02 1.1854167069e-03
2.3559570312e+01 1.5879314097e-01 6.9176850213e-02 8.8246948052e-02 1.3693427028e-03
2.3620605469e+01 3.7884384832e-01 1.6071948711e-01 2.1646238899e-01 1.6619722296e-03
2.3681640625e+01 5.8542119564e-01 2.2808798867e-01 3.5533898272e-01 1.9942242517e-03
2.3742675781e+01 7.7772931123e-01 2.6757000728e-01 5.0782309352e-01 2.3362104405e-03
2.3803710938e+01 9.3603234157e-01 3.0532773796e-01 6.2806106209e-01 2.6435415215e-03
2.3864746094e+01 9.9628357035e-01 3.1730179278e-01 6.7615972867e-01 2.8220488951e-03
2.3925781250e+01 1.0009039864e+00 2.9065472199e-01 7.0733481446e-01 2.9144499892e-03
2.3986816406e+01 1.0444002320e+00 2.7728592392e-01 7.6406518035e-01 3.0491277157e-03
2.4047851562e+01 1.2344575187e+00 3.0856631625e-01 9.2261669297e-01 3.2745094995e-03
2.4108886719e+01 1.3896591712e+00 3.2974569026e-01 1.0565302229e+00 3.3832580305e-03
2.4169921875e+01 1.0714997948e+00 2.2216701989e-01 8.4628673915e-01 3.0460357936e-03
2.4230957031e+01 7.0584677580e-01 1.0851771220e-01 5.9466094909e-01 2.6681145095e-03
2.4291992188e+01 5.4970006378e-01 6.6913025905e-02 4.8039951727e-01 2.3875206056e-03
2.4353027344e+01 4.8394349110e-01 4.8963540044e-02 4.3274312607e-01 2.2368249906e-03
2.4414062500e+01 4.0977809167e-01 3.5133226338e-02 3.7258138987e-01 2.0634754646e-03
2.4475097656e+01 3.9922101534e-01 2.8761849258e-02 3.6848988643e-01 1.9692796496e-03
2.4536132812e+01 3.7578600261e-01 2.3090060084e-02 3.5083292636e-01 1.8630161725e-03
2.4597167969e+01 3.5529652199e-01 1.8417967474e-02 3.3509203020e-01 1.7865243179e-03
2.4658203125e+01 3.3886388326e-01 1.5126594789e-02 3.2198963064e-01 1.7476578278e-03
2.4719238281e+01 3.5357013987e-01 1.3369304085e-02 3.3848182240e-01 1.7190133848e-03
2.4780273438e+01 3.1983933237e-01 1.0554658597e-02 3.0764673491e-01 1.6379388683e-03
2.4841308594e+01 2.9916144625e-01 8.6975404213e-03 2.8889106710e-01 1.5728387200e-03
2.4902343750e+01 2.7771128489e-01 7.1677189346e-03 2.6903161165e-01 1.5119543064e-03
2.4963378906e+01 2.6719119680e-01 5.9696988463e-03 2.5978688443e-01 1.4346135306e-03
2.5024414062e+01 2.6997157499e-01 4.8829798270e-03 2.6368809112e-01 1.4005040374e-03
2.5085449219e+01 2.6214922418e-01 4.0563814347e-03 2.5680368843e-01 1.2891543186e-03
2.5146484375e+01 2.0512903723e-01 3.3767735177e-03 2.0064883390e-01 1.1034298077e-03
2.5207519531e+01 9.2369461720e-02 2.9772467152e-03 8.8519469927e-02 8.7274507848e-04
2.5268554688e+01 2.9817502098e-02 2.7693766974e-03 2.6322928911e-02 7.2519648899e-04
2.5329589844e+01 1.6279293002e-02 2.6697643962e-03 1.2949881459e-02 6.5964714722e-04
2.5390625000e+01 1.1931131758e-02 2.5939197712e-03 8.7243415824e-03 6.1287040483e-04
2.5451660156e+01 9.9493774055e-03 2.5027141955e-03 6.8785053166e-03 5.6815789333e-04
2.5512695312e+01 8.8517552766e-03 2.4532405720e-03 5.8657247713e-03 5.3278993339e-04
2.5573730469e+01 8.1216854521e-03 2.3590418418e-03 5.2561145831e-03 5.0652902710e-04
2.5634765625e+01 7.3137670142e-03 2.1658110310e-03 4.6600837445e-03 4.8787223871e-04
2.5695800781e+01 6.6805797237e-03 2.0497521687e-03 4.1629843405e-03 4.6784321448e-04
2.5756835938e+01 6.1659485832e-03 2.0026215161e-03 3.7071650458e-03 4.5616202131e-04
2.5817871094e+01 5.8620493406e-03 1.9537424614e-03 3.4628259233e-03 4.4548095585e-04
2.5878906250e+01 5.4093737829e-03 1.8470338932e-03 3.1365300940e-03 4.2580979574e-04
2.5939941406e+01 5.0495428755e-03 1.7780548830e-03 2.8615704250e-03 4.0991756756e-04
2.6000976562e+01 4.7590589633e-03 1.7440726011e-03 2.6165392853e-03 3.9844707682e-04
2.6062011719e+01 4.4844448720e-03 1.6934445731e-03 2.4051448421e-03 3.8585545684e-04
2.6123046875e+01 4.3351355236e-03 1.6566481091e-03 2.3081959414e-03 3.7029147304e-04
2.6184082031e+01 4.2588413371e-03 1.6393894265e-03 2.2661749576e-03 3.5327695302e-04
2.6245117188e+01 4.1489616405e-03 1.6349085593e-03 2.1785786711e-03 3.3547441013e-04
2.6306152344e+01 3.9884681053e-03 1.5981385726e-03 2.0594659418e-03 3.3086359096e-04
2.6367187500e+01 3.8459196289e-03 1.5527822014e-03 1.9734288258e-03 3.1970860169e-04
2.6428222656e+01 3.7264786300e-03 1.5121515976e-03 1.9035355641e-03 3.1079146826e-04
2.6489257812e+01 3.6420539299e-03 1.4887475555e-03 1.8553677720e-03 2.9793860244e-04
2.6550292969e+01 3.5506100292e-03 1.4556671127e-03 1.8070318134e-03 2.8791110316e-04
2.6611328125e+01 3.4239991071e-03 1.4254660785e-03 1.7134801686e-03 2.8505285992e-04
2.6672363281e+01 3.2795142161e-03 1.3976661184e-03 1.6041525199e-03 2.7769557785e-04
2.6733398438e+01 3.1872573906e-03 1.3664351400e-03 1.5506435619e-03 2.7017868867e-04
2.6794433594e+01 3.0969801721e-03 1.3593920731e-03 1.4744037745e-03 2.6318432449e-04
2.6855468750e+01 3.0033142042e-03 1.3518768727e-03 1.3972643529e-03 2.5417297858e-04
2.6916503906e+01 2.9588986520e-03 1.3612130534e-03 1.3466526234e-03 2.5103297520e-04
2.6977539062e+01 2.8966093560e-03 1.3418626632e-03 1.3091174275e-03 2.4562926531e-04
2.7038574219e+01 2.8235327189e-03 1.2994411568e-03 1.2805401810e-03 2.4355138104e-04
2.7099609375e+01 2.7397447753e-03 1.2622145906e-03 1.2392390048e-03 2.3829117990e-04
2.7160644531e+01 2.6820000939e-03 1.2321913852e-03 1.2183992644e-03 2.3140944427e-04
2.7221679688e+01 2.6556757590e-03 1.2314164502e-03 1.2016783364e-03 2.2258097249e-04
2.7282714844e+01 2.6017695818e-03 1.2309366662e-03 1.1550877118e-03 2.1574520376e-04
2.7343750000e+01 2.5567584611e-03 1.2121845630e-03 1.1360313908e-03 2.0854250734e-04
2.7404785156e+01 2.5687490693e-03 1.2168483695e-03 1.1442333841e-03 2.0766731578e-04
2.7465820312e+01 2.5550699478e-03 1.2074270336e-03 1.1437958157e-03 2.0384709849e-04
2.7526855469e+01 2.5055965436e-03 1.2001448166e-03 1.1064724787e-03 1.9897924833e-04
2.7587890625e+01 2.4409076248e-03 1.2005523638e-03 1.0440101844e-03 1.9634507660e-04
2.7648925781e+01 2.4067815522e-03 1.1951473514e-03 1.0187998391e-03 1.9283436164e-04
2.7709960938e+01 2.3678191057e-03 1.1708091863e-03 1.0020439439e-03 1.9496597553e-04
2.7770996094e+01 2.3312707370e-03 1.1477655552e-03 9.9022215451e-04 1.9328302722e-04
2.7832031250e+01 2.3044186225e-03 1.1297832290e-03 9.8402352962e-04 1.9061186391e-04
2.7893066406e+01 2.2647747424e-03 1.1054757881e-03 9.6770726912e-04 1.9159168515e-04
2.7954101562e+01 2.1803717133e-03 1.0747059605e-03 9.1469592526e-04 1.9096982754e-04
2.8015136719e+01 2.1627891258e-03 1.0740030624e-03 9.0291168525e-04 1.8587437808e-04
2.8076171875e+01 2.1446012181e-03 1.0583822927e-03 9.0273123577e-04 1.8348768962e-04
2.8137207031e+01 2.1025894597e-03 1.0417502029e-03 8.7783700435e-04 1.8300225242e-04
2.8198242188e+01 2.0511431950e-03 1.0435390569e-03 8.3095332721e-04 1.7665081087e-04
2.8259277344e+01 2.0203843293e-03 1.0420976060e-03 8.0648336079e-04 1.7180336248e-04
2.8320312500e+01 1.9865328855e-03 1.0193726449e-03 8.0332408415e-04 1.6383615650e-04
2.8381347656e+01 1.9381600384e-03 9.8849210143e-04 7.9555703801e-04 1.5411089899e-04
2.8442382812e+01 1.9258610441e-03 9.8446190127e-04 7.9447477322e-04 1.4692436958e-04
2.8503417969e+01 1.9041114930e-03 9.7955029286e-04 7.8391528272e-04 1.4064591740e-04
2.8564453125e+01 1.8510058709e-03 9.5783303613e-04 7.6085894019e-04 1.3231389461e-04
2.8625488281e+01 1.7874971369e-03 9.3706816558e-04 7.2692644880e-04 1.2350252252e-04
2.8686523438e+01 1.7852164825e-03 9.4545442946e-04 7.2249244641e-04 1.1726960659e-04
2.8747558594e+01 1.8210049208e-03 9.6803009870e-04 7.4010727713e-04 1.1286754494e-04
2.8808593750e+01 1.8060084094e-03 9.6564394396e-04 7.3157667854e-04 1.0878778688e-04
2.8869628906e+01 1.7545276736e-03 9.3644413098e-04 7.1523127216e-04 1.0285227046e-04
2.8930664062e+01 1.7505006588e-03 9.4073376349e-04 7.1206356761e-04 9.7703327742e-05
2.8991699219e+01 1.7482176370e-03 9.4485416023e-04 7.0924547896e-04 9.4117997819e-05
2.9052734375e+01 1.6986981976e-03 9.0661526034e-04 7.0103443235e-04 9.1048504869e-05
2.9113769531e+01 1.6914776987e-03 9.0862046640e-04 6.9689075970e-04 8.5966472563e-05
2.9174804688e+01 1.6951818187e-03 9.1887728006e-04 6.9514699426e-04 8.1157544352e-05
2.9235839844e+01 1.6656465774e-03 9.0575202726e-04 6.8379326315e-04 7.6101287014e-05
2.9296875000e+01 1.6329648513e-03 8.9962114407e-04 6.6098427767e-04 7.2359429564e-05
2.9357910156e+01 1.5982800249e-03 8.8996866866e-04 6.4125669380e-04 6.7054662405e-05
2.9418945312e+01 1.5671710751e-03 8.7706872939e-04 6.2692800724e-04 6.3174338492e-05
2.9479980469e+01 1.5695859911e-03 8.8603704926e-04 6.2389959624e-04 5.9649345631e-05
2.9541015625e+01 1.5733601988e-03 8.9551171481e-04 6.2201158137e-04 5.5836902588e-05
2.9602050781e+01 1.5581548018e-03 8.8399702800e-04 6.2285963426e-04 5.1298139535e-05
2.9663085938e+01 1.5574711359e-03 8.8188043383e-04 6.2740787726e-04 4.8182824769e-05
2.9724121094e+01 1.5455025117e-03 8.7807034601e-04 6.2237830453e-04 4.5053861202e-05
2.9785156250e+01 1.5187680992e-03 8.6862190790e-04 6.0778661706e-04 4.2359574280e-05
2.9846191406e+01 1.4831991411e-03 8.5146481673e-04 5.9243406327e-04 3.9300261085e-05
2.9907226562e+01 1.4716777876e-03 8.5019853225e-04 5.8451173687e-04 3.6967518510e-05
2.9968261719e+01 1.4585542163e-03 8.4539543602e-04 5.7865278484e-04 3.4505995480e-05
3.0029296875e+01 1.4484160415e-03 8.3740155307e-04 5.7881353014e-04 3.2200958323e-05
3.0090332031e+01 1.4553092037e-03 8.4403688156e-04 5.8082852101e-04 3.0443801117e-05
3.0151367188e+01 1.4588895494e-03 8.5146051610e-04 5.7832053201e-04 2.9108501315e-05
3.0212402344e+01 1.4357759590e-03 8.4257382966e-04 5.6539547831e-04 2.7806651004e-05
3.0273437500e+01 1.4507479089e-03 8.5684911292e-04 5.6688111082e-04 2.7017685128e-05
3.0334472656e+01 1.4520090497e-03 8.4941498222e-04 5.7624177870e-04 2.6352288812e-05
3.0395507812e+01 1.4495986076e-03 8.4101877618e-04 5.8299541001e-04 2.5584421456e-05
3.0456542969e+01 1.4318411182e-03 8.3233167944e-04 5.7505780859e-04 2.4451630137e-05
3.0517578125e+01 1.4160407558e-03 8.2287696217e-04 5.6929329973e-04 2.3870493886e-05
3.0578613281e+01 1.4373210972e-03 8.3259463376e-04 5.8124109494e-04 2.3485368482e-05
3.0639648438e+01 1.4452409770e-03 8.3594407788e-04 5.8605006297e-04 2.3246836119e-05
3.0700683594e+01 1.4133446763e-03 8.1790336051e-04 5.7282577964e-04 2.2615536179e-05
3.0761718750e+01 1.3908462432e-03 8.0763965113e-04 5.6101904538e-04 2.2187546648e-05
3.0822753906e+01 1.3781145664e-03 8.0855029069e-04 5.4755297477e-04 2.2011300939e-05
3.0883789062e+01 1.3505971088e-03 7.9457505845e-04 5.3470747172e-04 2.1314578657e-05
3.0944824219e+01 1.3527802330e-03 7.9486559366e-04 5.3680721615e-04 2.1107423142e-05
3.1005859375e+01 1.3511701971e-03 7.9285205638e-04 5.3739862065e-04 2.0919520095e-05
3.1066894531e+01 1.3557434546e-03 7.9827286481e-04 5.3662314950e-04 2.0847440338e-05
3.1127929688e+01 1.3639407511e-03 7.9659091446e-04 5.4622473300e-04 2.1125103655e-05
3.1188964844e+01 1.3428574199e-03 7.7921408132e-04 5.4219818233e-04 2.1445156248e-05
3.1250000000e+01 1.3362332265e-03 7.7547359618e-04 5.3873153385e-04 2.2028096480e-05
3.1311035156e+01 1.3358431143e-03 7.7997711753e-04 5.3378522634e-04 2.2080770449e-05
3.1372070312e+01 1.3123478328e-03 7.6146260187e-04 5.2837550581e-04 2.2509725093e-05
3.1433105469e+01 1.3046251788e-03 7.5410835748e-04 5.2716681291e-04 2.3350008407e-05
3.1494140625e+01 1.3281934051e-03 7.7194511626e-04 5.3204900391e-04 2.4199284971e-05
3.1555175781e+01 1.3279781843e-03 7.7484253876e-04 5.2811825106e-04 2.5017394493e-05
3.1616210938e+01 1.3318126796e-03 7.7081337578e-04 5.3504905357e-04 2.5950250207e-05
3.1677246094e+01 1.3246593102e-03 7.6180526576e-04 5.3621341428e-04 2.6640630147e-05
3.1738281250e+01 1.3171594945e-03 7.6335216858e-04 5.2658524051e-04 2.7222085434e-05
3.1799316406e+01 1.3073897527e-03 7.5660502673e-04 5.2308114405e-04 2.7703581889e-05
3.1860351562e+01 1.2938969938e-03 7.4442614020e-04 5.2100843064e-04 2.8462422965e-05
3.1921386719e+01 1.2751113340e-03 7.2877882141e-04 5.1749996169e-04 2.8832550861e-05
3.1982421875e+01 1.2672650879e-03 7.2340647403e-04 5.1487924566e-04 2.8979368176e-05
3.2043457031e+01 1.2703129841e-03 7.2491672756e-04 5.1631878472e-04 2.9077471843e-05
3.2104492188e+01 1.2696404854e-03 7.2891275154e-04 5.1163448434e-04 2.9093249520e-05
3.2165527344e+01 1.2788008090e-03 7.3348209654e-04 5.1585750012e-04 2.9461212368e-05
3.2226562500e+01 1.2740147566e-03 7.3033562999e-04 5.1322741297e-04 3.0451713601e-05
3.2287597656e+01 1.2570736225e-03 7.2448216656e-04 5.0144140394e-04 3.1150051988e-05
3.2348632812e+01 1.2578779894e-03 7.2186477733e-04 5.0451623366e-04 3.1496978437e-05
3.2409667969e+01 1.2538892634e-03 7.1553557311e-04 5.0617293057e-04 3.2180759701e-05
3.2470703125e+01 1.2629655802e-03 7.2249425760e-04 5.0758341441e-04 3.2887908148e-05
3.2531738281e+01 1.2732324117e-03 7.2508530281e-04 5.1405475419e-04 3.4092354676e-05
3.2592773438e+01 1.2426369792e-03 7.0078957720e-04 5.0722107268e-04 3.4626329283e-05
3.2653808594e+01 1.2198112336e-03 6.8964118908e-04 4.9549485724e-04 3.4675187309e-05
3.2714843750e+01 1.2006937513e-03 6.8135864667e-04 4.8447740579e-04 3.4857698810e-05
3.2775878906e+01 1.2120367827e-03 6.9408738265e-04 4.8319337215e-04 3.4756027891e-05
3.2836914062e+01 1.2220421949e-03 6.9885535944e-04 4.8938771003e-04 3.3799125432e-05
3.2897949219e+01 1.2229348237e-03 6.9653866729e-04 4.9355526230e-04 3.2840894146e-05
3.2958984375e+01 1.2306845470e-03 7.0275824343e-04 4.9627228231e-04 3.1654021213e-05
3.3020019531e+01 1.2375157764e-03 7.0871978782e-04 4.9820570770e-04 3.0590280931e-05
3.3081054688e+01 1.2294931017e-03 7.0074460148e-04 4.9891267183e-04 2.9835828392e-05
3.3142089844e+01 1.2275271190e-03 6.9955137631e-04 4.9880721897e-04 2.9168523735e-05
3.3203125000e+01 1.2226004092e-03 6.9670300231e-04 4.9744723863e-04 2.8450168257e-05
3.3264160156e+01 1.2211905295e-03 7.0412593776e-04 4.8952120358e-04 2.7543388155e-05
3.3325195312e+01 1.2293196342e-03 7.1808606269e-04 4.8479032144e-04 2.6443250097e-05
3.3386230469e+01 1.2615274935e-03 7.4296118343e-04 4.9311712469e-04 2.5449185402e-05
3.3447265625e+01 1.2749039229e-03 7.5415606550e-04 4.9613813672e-04 2.4609720665e-05
3.3508300781e+01 1.2703822487e-03 7.5325423935e-04 4.9298368775e-04 2.4144321580e-05
3.3569335938e+01 1.2673328137e-03 7.5803773521e-04 4.8611264895e-04 2.3182429526e-05
3.3630371094e+01 1.2670063214e-03 7.6190877047e-04 4.8267505269e-04 2.2422498196e-05
3.3691406250e+01 1.2880878162e-03 7.8378486611e-04 4.8241575014e-04 2.1887199990e-05
3.3752441406e+01 1.2996313273e-03 8.0073138855e-04 4.7804549772e-04 2.0854441019e-05
3.3813476562e+01 1.3033173930e-03 7.9947527088e-04 4.8396609367e-04 1.9876028449e-05
3.3874511719e+01 1.3140290922e-03 8.0363630771e-04 4.9144600853e-04 1.8946776006e-05
3.3935546875e+01 1.3267622764e-03 8.2246593282e-04 4.8600933241e-04 1.8287011157e-05
3.3996582031e+01 1.3217870706e-03 8.2538724798e-04 4.7879029436e-04 1.7609528265e-05
3.4057617188e+01 1.3146510592e-03 8.2409177784e-04 4.7372377971e-04 1.6835501651e-05
3.4118652344e+01 1.3027258971e-03 8.1804817200e-04 4.6852228716e-04 1.6155437979e-05
3.4179687500e+01 1.3037099651e-03 8.1597116344e-04 4.7217978472e-04 1.5559016907e-05
3.4240722656e+01 1.3008826117e-03 8.1332912184e-04 4.7240138608e-04 1.5152103773e-05
3.4301757812e+01 1.2978319746e-03 8.0950014998e-04 4.7382127550e-04 1.4510549117e-05
3.4362792969e+01 1.2964019129e-03 8.0757024261e-04 4.7497156177e-04 1.3860108474e-05
3.4423828125e+01 1.2984629579e-03 8.0949931109e-04 4.7551426466e-04 1.3449382127e-05
3.4484863281e+01 1.2821328743e-03 7.9959530813e-04 4.6950871450e-04 1.3028851708e-05
3.4545898438e+01 1.2693452764e-03 7.9081600199e-04 4.6611118494e-04 1.2418089478e-05
3.4606933594e+01 1.2784033013e-03 7.9655717493e-04 4.6979744092e-04 1.2048685448e-05
3.4667968750e+01 1.2800496150e-03 7.9712055261e-04 4.7101997936e-04 1.1909083040e-05
3.4729003906e+01 1.2481562640e-03 7.7880078276e-04 4.5784478598e-04 1.1510695265e-05
3.4790039062e+01 1.2389202078e-03 7.7948763023e-04 4.4836520495e-04 1.1067372647e-05
3.4851074219e+01 1.2376369663e-03 7.7936891382e-04 4.4749943809e-04 1.0768614372e-05
3.4912109375e+01 1.2332041388e-03 7.7191517896e-04 4.5076286595e-04 1.0526093877e-05
3.4973144531e+01 1.2233319637e-03 7.6259140554e-04 4.5053324006e-04 1.0207318115e-05
3.5034179688e+01 1.2202887238e-03 7.6047216289e-04 4.4986650885e-04 9.9500520257e-06
3.5095214844e+01 1.2194090833e-03 7.6351325703e-04 4.4623643555e-04 9.6593907326e-06
3.5156250000e+01 1.1861625386e-03 7.4497385647e-04 4.3193035870e-04 9.2583234567e-06
3.5217285156e+01 1.1653594980e-03 7.2716038077e-04 4.2926731832e-04 8.9317989066e-06
3.5278320312e+01 1.1531592796e-03 7.1743454788e-04 4.2692996272e-04 8.7947690456e-06
3.5339355469e+01 1.1477331050e-03 7.0790861793e-04 4.3124660098e-04 8.5778861142e-06
3.5400390625e+01 1.1354585424e-03 6.9824511875e-04 4.2889453103e-04 8.3188926511e-06
3.5461425781e+01 1.1458936392e-03 7.0735085528e-04 4.3048735263e-04 8.0554312447e-06
3.5522460938e+01 1.1100153716e-03 6.8893265836e-04 4.1325728975e-04 7.8254234945e-06
3.5583496094e+01 1.0982224628e-03 6.7938274994e-04 4.1115077732e-04 7.6889355039e-06
3.5644531250e+01 1.0938706827e-03 6.8179117946e-04 4.0468345928e-04 7.3960439531e-06
3.5705566406e+01 1.0796854153e-03 6.6758147565e-04 4.0487587112e-04 7.2280685675e-06
3.5766601562e+01 1.0553132811e-03 6.5429578834e-04 3.9395351009e-04 7.0639826514e-06
3.5827636719e+01 1.0462188243e-03 6.4656663333e-04 3.9273165230e-04 6.9205386628e-06
3.5888671875e+01 1.0418190532e-03 6.3904280259e-04 3.9593612931e-04 6.8401212821e-06
3.5949707031e+01 1.0424848493e-03 6.4150190915e-04 3.9422302386e-04 6.7599163089e-06
3.6010742188e+01 1.0328617675e-03 6.3504447748e-04 3.9122746382e-04 6.5898261630e-06
3.6071777344e+01 1.0230829733e-03 6.3023202474e-04 3.8647251929e-04 6.3784292200e-06
3.6132812500e+01 9.9816124433e-04 6.1265644602e-04 3.7937172903e-04 6.1330692806e-06
3.6193847656e+01 9.8865847652e-04 6.0700836857e-04 3.7566064595e-04 5.9894619989e-06
3.6254882812e+01 9.8251015820e-04 6.0353024252e-04 3.7313670643e-04 5.8432092464e-06
3.6315917969e+01 9.8112769064e-04 6.0357829980e-04 3.7200581135e-04 5.5435794947e-06
3.6376953125e+01 9.7251291560e-04 5.9634505559e-04 3.7078698971e-04 5.3808703038e-06
3.6437988281e+01 9.6418563680e-04 5.8791091457e-04 3.7096872849e-04 5.3059937477e-06
3.6499023438e+01 9.6013807781e-04 5.8310677691e-04 3.7188942050e-04 5.1418803966e-06
3.6560058594e+01 9.5371117230e-04 5.7899403315e-04 3.6972350711e-04 4.9936320360e-06
3.6621093750e+01 9.5006958633e-04 5.7705147430e-04 3.6819509920e-04 4.8230128361e-06
3.6682128906e+01 9.3677795309e-04 5.6787598644e-04 3.6420764498e-04 4.6943216677e-06
3.6743164062e+01 9.3210023926e-04 5.5694332100e-04 3.7049689041e-04 4.6600278441e-06
3.6804199219e+01 9.1599030885e-04 5.3998127268e-04 3.7145630773e-04 4.5527284453e-06
3.6865234375e+01 9.1162387080e-04 5.3116011793e-04 3.7602400362e-04 4.4397492518e-06
3.6926269531e+01 8.9171718817e-04 5.1039550990e-04 3.7699461286e-04 4.3270653995e-06
3.6987304688e+01 8.7499026085e-04 4.9593881862e-04 3.7476224986e-04 4.2891923641e-06
3.7048339844e+01 8.7048327958e-04 4.8503685542e-04 3.8117073500e-04 4.2756891538e-06
3.7109375000e+01 8.6487746295e-04 4.6772886619e-04 3.9294809443e-04 4.2005023369e-06
3.7170410156e+01 8.4669127444e-04 4.4012509522e-04 4.0238126233e-04 4.1849168766e-06
3.7231445312e+01 8.5112494067e-04 4.2833971121e-04 4.1859653347e-04 4.1886959874e-06
3.7292480469e+01 8.4751372405e-04 4.1482026310e-04 4.2853062354e-04 4.1628374080e-06
3.7353515625e+01 8.4731075586e-04 4.0353374161e-04 4.3961744696e-04 4.1595672952e-06
3.7414550781e+01 8.5847910170e-04 3.9517569176e-04 4.5911689936e-04 4.1865105829e-06
3.7475585938e+01 8.7012525753e-04 3.8498361113e-04 4.8098010562e-04 4.1615407731e-06
3.7536621094e+01 8.7815338348e-04 3.7875271287e-04 4.9519261482e-04 4.2080557846e-06
3.7597656250e+01 8.9257426315e-04 3.7516749961e-04 5.1320095671e-04 4.2058068377e-06
3.7658691406e+01 8.9889449776e-04 3.7417428679e-04 5.2051969152e-04 4.2005194572e-06
3.7719726562e+01 8.9931257368e-04 3.6822749557e-04 5.2690186968e-04 4.1832084277e-06
3.7780761719e+01 8.9600798544e-04 3.5506989247e-04 5.3683781409e-04 4.1002788890e-06
3.7841796875e+01 8.6971824548e-04 3.3837117900e-04 5.2726036223e-04 4.0867042401e-06
3.7902832031e+01 8.4413718981e-04 3.2254241295e-04 5.1757293205e-04 4.0218448203e-06
3.7963867188e+01 8.1040722403e-04 3.0318109982e-04 5.0327672921e-04 3.9493949960e-06
3.8024902344e+01 7.6453357702e-04 2.7786526273e-04 4.8280492371e-04 3.8633905912e-06
3.8085937500e+01 7.2158102744e-04 2.5555875451e-04 4.6222684022e-04 3.7954327117e-06
3.8146972656e+01 6.8094123833e-04 2.3438555379e-04 4.4277698004e-04 3.7787044970e-06
3.8208007812e+01 6.3988215883e-04 2.1161648720e-04 4.2458059168e-04 3.6850799457e-06
3.8269042969e+01 5.9680965023e-04 1.9145063878e-04 4.0177643385e-04 3.5825775997e-06
3.8330078125e+01 5.5176140830e-04 1.7392458814e-04 3.7434894922e-04 3.4878709426e-06
3.8391113281e+01 5.2072363908e-04 1.6203992206e-04 3.5527590998e-04 3.4078070287e-06
3.8452148438e+01 5.0559712307e-04 1.5397452649e-04 3.4832150081e-04 3.3010957783e-06
3.8513183594e+01 4.8265430724e-04 1.4461601214e-04 3.3483790037e-04 3.2003947378e-06
3.8574218750e+01 4.5802603351e-04 1.3734088454e-04 3.1752964133e-04 3.1555076368e-06
3.8635253906e+01 4.3145337827e-04 1.2896601651e-04 2.9942892448e-04 3.0584372828e-06
3.8696289062e+01 4.0697386428e-04 1.2022208492e-04 2.8373983155e-04 3.0119478186e-06
3.8757324219e+01 3.7759510935e-04 1.1054797256e-04 2.6411054343e-04 2.9365933613e-06
3.8818359375e+01 3.4522049451e-04 1.0146064492e-04 2.4093761572e-04 2.8222338727e-06
3.8879394531e+01 3.1460841741e-04 9.2561407224e-05 2.1928981368e-04 2.7571965086e-06
3.8940429688e+01 2.8637815129e-04 8.3312346275e-05 2.0038713728e-04 2.6786677380e-06
3.9001464844e+01 2.5340089709e-04 7.3597594681e-05 1.7721590709e-04 2.5873953289e-06
3.9062500000e+01 2.2190722147e-04 6.3750480618e-05 1.5563097297e-04 2.5257678785e-06
3.9123535156e+01 1.9168841947e-04 5.4690084702e-05 1.3459485442e-04 2.4034803398e-06
3.9184570312e+01 1.6616977831e-04 4.7580451834e-05 1.1628072725e-04 2.3085992266e-06
3.9245605469e+01 1.4741743563e-04 4.2097949614e-05 1.0304950086e-04 2.2699851612e-06
3.9306640625e+01 1.2974579581e-04 3.7633693506e-05 8.9893519646e-05 2.2185826588e-06
3.9367675781e+01 1.1638621231e-04 3.4442926948e-05 7.9783635467e-05 2.1596498922e-06
3.9428710938e+01 1.0717473842e-04 3.2142783620e-05 7.2934932810e-05 2.0970219918e-06
3.9489746094e+01 9.8809236926e-05 3.0470688968e-05 6.6291204401e-05 2.0473435562e-06
3.9550781250e+01 9.0685736318e-05 2.8612633380e-05 6.0085330845e-05 1.9877720930e-06
3.9611816406e+01 8.3586794741e-05 2.6909779249e-05 5.4719341421e-05 1.9576740716e-06
3.9672851562e+01 7.7629263673e-05 2.5777409940e-05 4.9924093052e-05 1.9277606799e-06
3.9733886719e+01 7.2844463380e-05 2.5102878282e-05 4.5844216543e-05 1.8973685549e-06
3.9794921875e+01 6.8416470954e-05 2.4309690035e-05 4.2239746629e-05 1.8670342899e-06
3.9855957031e+01 6.4499457914e-05 2.3889563555e-05 3.8747588111e-05 1.8623062472e-06
3.9916992188e+01 6.1653697620e-05 2.3881480855e-05 3.5949170778e-05 1.8230459871e-06
3.9978027344e+01 5.9279176499e-05 2.3703757202e-05 3.3799558783e-05 1.7758605132e-06
4.0039062500e+01 5.6632561746e-05 2.3784697608e-05 3.1097916512e-05 1.7499476255e-06
4.0100097656e+01 5.5235517380e-05 2.4378578851e-05 2.9104615435e-05 1.7523230937e-06
4.0161132812e+01 5.5094781933e-05 2.5222503630e-05 2.8135394520e-05 1.7368837821e-06
4.0222167969e+01 5.4932294665e-05 2.5865457481e-05 2.7378119672e-05 1.6887175123e-06
4.0283203125e+01 5.5404726551e-05 2.6376163714e-05 2.7355842742e-05 1.6727200953e-06
4.0344238281e+01 5.6555481386e-05 2.7301138700e-05 2.7615520679e-05 1.6388220072e-06
4.0405273438e+01 5.7192826639e-05 2.8041628962e-05 2.7520247066e-05 1.6309506104e-06
4.0466308594e+01 5.8365993813e-05 2.8845858506e-05 2.7903625848e-05 1.6165094583e-06
4.0527343750e+01 5.9873170620e-05 3.0084823522e-05 2.8205223085e-05 1.5831240129e-06
4.0588378906e+01 6.1395245723e-05 3.0828827258e-05 2.9001459817e-05 1.5649586485e-06
4.0649414062e+01 6.3032017142e-05 3.1477659971e-05 2.9983817687e-05 1.5705394839e-06
4.0710449219e+01 6.5051442569e-05 3.2601075120e-05 3.0895076268e-05 1.5552911807e-06
4.0771484375e+01 6.6970851855e-05 3.3549594970e-05 3.1886164984e-05 1.5350919008e-06
4.0832519531e+01 6.9149364945e-05 3.4711339219e-05 3.2907436243e-05 1.5305894833e-06
4.0893554688e+01 7.0350603462e-05 3.5387791053e-05 3.3426648185e-05 1.5361642241e-06
4.0954589844e+01 7.3436002912e-05 3.7089446829e-05 3.4813006583e-05 1.5335494998e-06
4.1015625000e+01 7.6502027453e-05 3.8832960259e-05 3.6168223564e-05 1.5008436294e-06
4.1076660156e+01 7.8696175537e-05 3.9697791177e-05 3.7509653754e-05 1.4887306055e-06
4.1137695312e+01 7.9738212194e-05 3.9888983789e-05 3.8356564854e-05 1.4926635507e-06
4.1198730469e+01 8.2771855277e-05 4.1395803873e-05 3.9895374526e-05 1.4806768787e-06
4.1259765625e+01 8.7327770668e-05 4.3597044935e-05 4.2257041454e-05 1.4736842789e-06
4.1320800781e+01 9.0891179672e-05 4.4957050594e-05 4.4454796836e-05 1.4793322423e-06
4.1381835938e+01 9.4533854179e-05 4.6713680095e-05 4.6345663727e-05 1.4745103573e-06
4.1442871094e+01 9.9899332797e-05 4.9358751809e-05 4.9057211373e-05 1.4833696155e-06
4.1503906250e+01 1.0082899114e-04 5.0046861465e-05 4.9311704648e-05 1.4704250239e-06
4.1564941406e+01 1.0283585243e-04 5.0443228470e-05 5.0921302402e-05 1.4713215539e-06
4.1625976562e+01 1.0639281297e-04 5.2292270432e-05 5.2626139574e-05 1.4744029682e-06
4.1687011719e+01 1.0911599490e-04 5.3888527681e-05 5.3760956117e-05 1.4665111067e-06
4.1748046875e+01 1.1397738324e-04 5.6717878009e-05 5.5783968549e-05 1.4755366815e-06
4.1809082031e+01 1.1706519543e-04 5.7751616341e-05 5.7841202681e-05 1.4723764117e-06
4.1870117188e+01 1.1919293808e-04 5.8612638235e-05 5.9095014454e-05 1.4852853900e-06
4.1931152344e+01 1.2146139216e-04 6.0112238888e-05 5.9883659628e-05 1.4654936420e-06
4.1992187500e+01 1.2371706316e-04 6.1197120683e-05 6.1067083098e-05 1.4528593765e-06
4.2053222656e+01 1.2761692830e-04 6.3428635028e-05 6.2729776521e-05 1.4585167530e-06
4.2114257812e+01 1.3284284904e-04 6.6072541355e-05 6.5295447738e-05 1.4748599433e-06
4.2175292969e+01 1.3454282049e-04 6.7893350173e-05 6.5189096424e-05 1.4603738952e-06
4.2236328125e+01 1.3692072049e-04 6.9640180579e-05 6.5836833709e-05 1.4437062021e-06
4.2297363281e+01 1.4058806085e-04 7.1750551372e-05 6.7395683338e-05 1.4418261391e-06
4.2358398438e+01 1.4377097852e-04 7.3297199594e-05 6.9023229762e-05 1.4505491687e-06
4.2419433594e+01 1.4821511205e-04 7.6077022266e-05 7.0684138747e-05 1.4539510374e-06
4.2480468750e+01 1.5290379880e-04 7.9545510206e-05 7.1890305789e-05 1.4679828010e-06
4.2541503906e+01 1.5798316730e-04 8.2328478823e-05 7.4177180715e-05 1.4775077603e-06
4.2602539062e+01 1.6241925981e-04 8.5352284560e-05 7.5590601252e-05 1.4763739979e-06
4.2663574219e+01 1.6660297804e-04 8.8749136892e-05 7.6373525653e-05 1.4803154956e-06
4.2724609375e+01 1.6981284344e-04 9.0504382636e-05 7.7816988730e-05 1.4914720706e-06
4.2785644531e+01 1.7596675205e-04 9.3870333740e-05 8.0593049305e-05 1.5033690076e-06
4.2846679688e+01 1.8184067849e-04 9.8004977788e-05 8.2344402041e-05 1.4912986596e-06
4.2907714844e+01 1.8537205698e-04 1.0124842063e-04 8.2625976350e-05 1.4976599916e-06
4.2968750000e+01 1.9056402880e-04 1.0514235393e-04 8.3920798150e-05 1.5008767211e-06
4.3029785156e+01 1.9590187657e-04 1.0931117853e-04 8.5093777005e-05 1.4969210367e-06
4.3090820312e+01 2.0187119280e-04 1.1232119934e-04 8.8033470087e-05 1.5165233732e-06
4.3151855469e+01 2.0330448846e-04 1.1426712726e-04 8.7529680759e-05 1.5076804490e-06
4.3212890625e+01 2.0453418637e-04 1.1500631994e-04 8.8007668384e-05 1.5201980425e-06
4.3273925781e+01 2.0653779338e-04 1.1680028405e-04 8.8222559670e-05 1.5149496616e-06
4.3334960938e+01 2.0992610603e-04 1.1837136549e-04 9.0030141632e-05 1.5245989055e-06
4.3395996094e+01 2.1215274495e-04 1.1829164777e-04 9.2312752165e-05 1.5483450147e-06
4.3457031250e+01 2.1993161114e-04 1.2168990201e-04 9.6668182654e-05 1.5735264697e-06
4.3518066406e+01 2.2874435630e-04 1.2404212651e-04 1.0309517947e-04 1.6070503216e-06
4.3579101562e+01 2.4611514645e-04 1.2997520743e-04 1.1449352034e-04 1.6464186790e-06
4.3640136719e+01 2.5872356379e-04 1.3358700786e-04 1.2346164571e-04 1.6749102218e-06
4.3701171875e+01 2.7508711444e-04 1.3823866294e-04 1.3512555131e-04 1.7229001944e-06
4.3762207031e+01 2.9616460138e-04 1.4565322120e-04 1.4874831810e-04 1.7630620792e-06
4.3823242188e+01 3.2034856643e-04 1.5491194555e-04 1.6363044093e-04 1.8061799493e-06
4.3884277344e+01 3.4578225539e-04 1.6109363860e-04 1.8284002081e-04 1.8485959764e-06
4.3945312500e+01 3.6375292766e-04 1.6535110490e-04 1.9650888995e-04 1.8929328166e-06
4.4006347656e+01 3.8593319505e-04 1.7147856084e-04 2.1252474636e-04 1.9298878469e-06
4.4067382812e+01 3.9873398641e-04 1.7415662688e-04 2.2261786433e-04 1.9594952024e-06
4.4128417969e+01 4.0628666958e-04 1.7529842786e-04 2.2898677831e-04 2.0014634178e-06
4.4189453125e+01 4.1734489224e-04 1.7677790377e-04 2.3854494511e-04 2.0220433594e-06
4.4250488281e+01 4.2482674127e-04 1.7622817668e-04 2.4655113684e-04 2.0474277541e-06
4.4311523438e+01 4.2867610830e-04 1.7350586830e-04 2.5311769260e-04 2.0525473979e-06
4.4372558594e+01 4.3693609690e-04 1.7511541146e-04 2.5973969680e-04 2.0809886377e-06
4.4433593750e+01 4.3529580311e-04 1.7286255338e-04 2.6032243296e-04 2.1108167771e-06
4.4494628906e+01 4.3784657391e-04 1.6999562725e-04 2.6573548493e-04 2.1154617294e-06
4.4555664062e+01 4.4062853683e-04 1.6909209417e-04 2.6939551404e-04 2.1409286280e-06
4.4616699219e+01 4.4478351081e-04 1.6999571276e-04 2.7264714405e-04 2.1406540012e-06
4.4677734375e+01 4.4950769521e-04 1.6974197649e-04 2.7761466547e-04 2.1510532456e-06
4.4738769531e+01 4.4623463762e-04 1.6752083405e-04 2.7655113704e-04 2.1626665286e-06
4.4799804688e+01 4.4618320139e-04 1.6702924769e-04 2.7697519600e-04 2.1787576925e-06
4.4860839844e+01 4.4742256810e-04 1.6321328453e-04 2.8202020389e-04 2.1890796755e-06
4.4921875000e+01 4.5225863150e-04 1.6358289639e-04 2.8650334855e-04 2.1723865600e-06
4.4982910156e+01 4.5258513386e-04 1.6276795349e-04 2.8764256621e-04 2.1746141460e-06
4.5043945312e+01 4.5572756228e-04 1.6348377456e-04 2.9005780616e-04 2.1859815609e-06
4.5104980469e+01 4.5961239079e-04 1.6383051342e-04 2.9357063004e-04 2.2112473326e-06
4.5166015625e+01 4.6729118958e-04 1.6426186431e-04 3.0083492164e-04 2.1944036283e-06
4.5227050781e+01 4.6894000437e-04 1.6414215460e-04 3.0256206822e-04 2.2357815569e-06
4.5288085938e+01 4.7745491713e-04 1.6559942838e-04 3.0959689570e-04 2.2585930513e-06
4.5349121094e+01 4.8366457093e-04 1.6611025854e-04 3.1531338669e-04 2.2409257025e-06
4.5410156250e+01 4.8151202491e-04 1.6429988049e-04 3.1499252521e-04 2.2196192089e-06
4.5471191406e+01 4.8306329816e-04 1.6239810971e-04 3.1846353588e-04 2.2016525726e-06
4.5532226562e+01 4.8000001879e-04 1.6315448203e-04 3.1463313887e-04 2.2123978829e-06
4.5593261719e+01 4.7862099919e-04 1.6318018867e-04 3.1320844194e-04 2.2323685827e-06
4.5654296875e+01 4.7639284582e-04 1.6138221473e-04 3.1279670596e-04 2.2139251245e-06
4.5715332031e+01 4.7008811282e-04 1.5655735467e-04 3.1132564684e-04 2.2051113097e-06
4.5776367188e+01 4.5727219682e-04 1.5066634108e-04 3.0439489986e-04 2.2109558821e-06
4.5837402344e+01 4.4527691392e-04 1.4717570283e-04 2.9590327479e-04 2.1979363064e-06
4.5898437500e+01 4.3296393939e-04 1.4154848578e-04 2.8923380567e-04 2.1816479406e-06
4.5959472656e+01 4.2568398391e-04 1.3720631648e-04 2.8632915601e-04 2.1485114242e-06
4.6020507812e+01 4.1462878642e-04 1.3195067593e-04 2.8056403294e-04 2.1140775483e-06
4.6081542969e+01 4.0834209817e-04 1.2745717283e-04 2.7879981897e-04 2.0851063589e-06
4.6142578125e+01 4.0336513998e-04 1.2459503853e-04 2.7670279882e-04 2.0673026364e-06
4.6203613281e+01 3.9563822986e-04 1.2057939487e-04 2.7300088811e-04 2.0579468804e-06
4.6264648438e+01 3.9018404334e-04 1.1556204644e-04 2.7257167642e-04 2.0503204820e-06
4.6325683594e+01 3.8789554900e-04 1.1232876981e-04 2.7351901536e-04 2.0477638204e-06
4.6386718750e+01 3.8304614283e-04 1.0872541135e-04 2.7227998563e-04 2.0407458550e-06
4.6447753906e+01 3.8117731530e-04 1.0451916678e-04 2.7459614625e-04 2.0620022774e-06
4.6508789062e+01 3.7347151201e-04 9.9644111975e-05 2.7178293220e-04 2.0444678369e-06
4.6569824219e+01 3.7334725728e-04 9.5659296558e-05 2.7564928434e-04 2.0386763893e-06
4.6630859375e+01 3.7125302707e-04 9.1761392857e-05 2.7749595625e-04 1.9956779547e-06
4.6691894531e+01 3.6332696093e-04 8.8210878116e-05 2.7313387123e-04 1.9822115860e-06
4.6752929688e+01 3.6482343756e-04 8.6432680027e-05 2.7638045389e-04 2.0103036429e-06
4.6813964844e+01 3.6677052313e-04 8.5094800244e-05 2.7968067291e-04 1.9950499746e-06
4.6875000000e+01 3.6834251163e-04 8.3137577481e-05 2.8321136116e-04 1.9935729867e-06
4.6936035156e+01 3.6414558879e-04 8.0278344303e-05 2.8188760334e-04 1.9796411510e-06
4.6997070312e+01 3.5641414558e-04 7.5199003977e-05 2.7925607735e-04 1.9590642509e-06
4.7058105469e+01 3.4686084448e-04 7.1011626484e-05 2.7390571400e-04 1.9435039937e-06
4.7119140625e+01 3.3917999068e-04 6.7591356972e-05 2.6967725384e-04 1.9113798746e-06
4.7180175781e+01 3.2250899372e-04 6.3230906992e-05 2.5737804078e-04 1.9000459541e-06
4.7241210938e+01 3.1021802370e-04 6.1674773200e-05 2.4668617068e-04 1.8570798200e-06
4.7302246094e+01 3.0322722500e-04 6.1983308769e-05 2.3940952007e-04 1.8343961620e-06
4.7363281250e+01 2.9800916670e-04 6.6085794683e-05 2.3009854977e-04 1.8248222559e-06
4.7424316406e+01 3.0006155898e-04 7.3704313686e-05 2.2456525151e-04 1.7919937807e-06
4.7485351562e+01 3.0632117531e-04 8.4884713393e-05 2.1967563587e-04 1.7608260508e-06
4.7546386719e+01 3.2064206648e-04 1.0062556926e-04 2.1825581761e-04 1.7606796124e-06
4.7607421875e+01 3.4562752108e-04 1.1650228329e-04 2.2735417640e-04 1.7710613950e-06
4.7668457031e+01 3.7459308484e-04 1.3532456853e-04 2.3749890800e-04 1.7696083084e-06
4.7729492188e+01 4.0586514685e-04 1.5522867255e-04 2.4884991042e-04 1.7865638803e-06
4.7790527344e+01 4.3573830492e-04 1.7525787170e-04 2.5871718869e-04 1.7632445367e-06
4.7851562500e+01 4.5802907402e-04 1.9378083369e-04 2.6246775119e-04 1.7804891360e-06
4.7912597656e+01 4.6513222065e-04 2.0722489047e-04 2.5615834202e-04 1.7489881607e-06
4.7973632812e+01 4.6335207659e-04 2.1225306164e-04 2.4939305043e-04 1.7059645265e-06
4.8034667969e+01 4.4961420889e-04 2.1072638587e-04 2.3721694956e-04 1.6708734631e-06
4.8095703125e+01 4.3265446634e-04 2.0981582529e-04 2.2122406283e-04 1.6145782152e-06
4.8156738281e+01 4.1985853199e-04 2.0929577925e-04 2.0901025051e-04 1.5525022291e-06
4.8217773438e+01 4.0021250101e-04 2.0453284516e-04 1.9418987406e-04 1.4897817983e-06
4.8278808594e+01 3.6862092832e-04 1.9160392264e-04 1.7557530502e-04 1.4417006590e-06
4.8339843750e+01 3.3707434686e-04 1.7944188301e-04 1.5626163985e-04 1.3708240001e-06
4.8400878906e+01 3.1165993188e-04 1.6949123408e-04 1.4083373670e-04 1.3349610958e-06
4.8461914062e+01 2.9084079034e-04 1.6162474099e-04 1.2793617421e-04 1.2798751470e-06
4.8522949219e+01 2.7173583458e-04 1.5443755778e-04 1.1606676882e-04 1.2315079818e-06
4.8583984375e+01 2.5843354478e-04 1.5007242902e-04 1.0717170029e-04 1.1894154677e-06
4.8645019531e+01 2.4466578663e-04 1.4337471201e-04 1.0013154094e-04 1.1595336851e-06
4.8706054688e+01 2.3225677257e-04 1.3761767073e-04 9.3506813269e-05 1.1322885700e-06
4.8767089844e+01 2.2423956698e-04 1.3546433400e-04 8.7667041835e-05 1.1081911482e-06
4.8828125000e+01 2.0787699132e-04 1.2667422727e-04 8.0152825940e-05 1.0499381163e-06
4.8889160156e+01 1.8998305909e-04 1.1690632793e-04 7.2059743469e-05 1.0169876866e-06
4.8950195312e+01 1.7354663275e-04 1.0822619092e-04 6.4340456504e-05 9.7998532585e-07
4.9011230469e+01 1.5749121614e-04 9.9955061260e-05 5.6595610512e-05 9.4054436643e-07
4.9072265625e+01 1.4271835865e-04 9.2271490316e-05 4.9537971562e-05 9.0889677371e-07
4.9133300781e+01 1.2940068515e-04 8.5762352734e-05 4.2765935842e-05 8.7239656939e-07
4.9194335938e+01 1.1448771468e-04 7.7077942724e-05 3.6562180392e-05 8.4759156831e-07
4.9255371094e+01 9.9388541432e-05 6.7935245948e-05 3.0635136025e-05 8.1815945958e-07
4.9316406250e+01 8.4861642146e-05 5.8792881276e-05 2.5283708716e-05 7.8505215388e-07
4.9377441406e+01 7.1867255504e-05 5.0274639099e-05 2.0826854352e-05 7.6576205269e-07
4.9438476562e+01 6.2460840225e-05 4.3923052547e-05 1.7788081437e-05 7.4970624019e-07
4.9499511719e+01 5.6294947964e-05 3.9870367814e-05 1.5693228437e-05 7.3135171304e-07
4.9560546875e+01 5.0895727934e-05 3.6153507867e-05 1.4026059804e-05 7.1616026264e-07
4.9621582031e+01 4.5582627212e-05 3.2427986958e-05 1.2453177558e-05 7.0146269542e-07
4.9682617188e+01 4.1260370021e-05 2.9244731164e-05 1.1324574884e-05 6.9106397198e-07
4.9743652344e+01 3.7095244052e-05 2.6156925769e-05 1.0260019375e-05 6.7829890762e-07
4.9804687500e+01 3.4019235113e-05 2.3892573733e-05 9.4600827103e-06 6.6657866878e-07
4.9865722656e+01 3.1093259944e-05 2.1725696267e-05 8.7157226365e-06 6.5184104047e-07
4.9926757812e+01 2.7661582936e-05 1.8986404482e-05 8.0414310694e-06 6.3374738415e-07
4.9987792969e+01 2.4708913715e-05 1.6608710923e-05 7.4769257781e-06 6.2327701376e-07
5.0048828125e+01 2.2069628629e-05 1.4441778609e-05 7.0169071653e-06 6.1094285502e-07
5.0109863281e+01 2.0171092715e-05 1.2943249535e-05 6.6324535104e-06 5.9538966997e-07
5.0170898438e+01 1.8290866884e-05 1.1450518976e-05 6.2592338166e-06 5.8111409157e-07
5.0231933594e+01 1.6565211369e-05 9.9712820356e-06 6.0110351196e-06 5.8289421347e-07
5.0292968750e+01 1.4703262772e-05 8.3230464915e-06 5.8055943057e-06 5.7462197442e-07
5.0354003906e+01 1.3297386761e-05 7.0838436155e-06 5.6501515890e-06 5.6339155673e-07
5.0415039062e+01 1.2282031101e-05 6.2186661032e-06 5.5052617062e-06 5.5810329199e-07
5.0476074219e+01 1.1727112350e-05 5.8566169827e-06 5.3224537701e-06 5.4804159738e-07
5.0537109375e+01 1.1419887794e-05 5.6250090719e-06 5.2574226263e-06 5.3745609620e-07
5.0598144531e+01 1.1061920292e-05 5.4005219120e-06 5.1273719942e-06 5.3402638621e-07
5.0659179688e+01 1.0676005368e-05 5.1546578404e-06 4.9973104915e-06 5.2403703581e-07
5.0720214844e+01 1.0313781578e-05 4.9621159507e-06 4.8409124146e-06 5.1075321279e-07
5.0781250000e+01 1.0106357568e-05 4.8632036377e-06 4.7331743918e-06 5.0997953822e-07
5.0842285156e+01 9.8218735553e-06 4.6714865565e-06 4.6472787892e-06 5.0310820964e-07
5.0903320312e+01 9.5099866795e-06 4.4741871738e-06 4.5344968236e-06 5.0130268217e-07
5.0964355469e+01 9.4026895770e-06 4.4651198132e-06 4.4414301654e-06 4.9613959842e-07
5.1025390625e+01 9.1967787558e-06 4.3405655190e-06 4.3677999472e-06 4.8841328957e-07
5.1086425781e+01 9.0543513851e-06 4.2168109799e-06 4.3510500201e-06 4.8649038513e-07
5.1147460938e+01 8.8971945473e-06 4.1220463861e-06 4.2989627860e-06 4.7618537523e-07
5.1208496094e+01 8.7071286357e-06 4.0326810973e-06 4.2012765923e-06 4.7317094611e-07
5.1269531250e+01 8.5501974227e-06 3.9110179374e-06 4.1664289331e-06 4.7275055219e-07
5.1330566406e+01 8.4174672275e-06 3.8701621611e-06 4.0837620646e-06 4.6354300184e-07
5.1391601562e+01 8.2749655442e-06 3.8078204070e-06 4.0092767893e-06 4.5786834791e-07
5.1452636719e+01 8.1874435122e-06 3.7530506207e-06 3.9809969785e-06 4.5339591293e-07
5.1513671875e+01 8.0479395891e-06 3.6882177100e-06 3.9105472114e-06 4.4917466761e-07
5.1574707031e+01 7.9601652583e-06 3.6583373478e-06 3.8535445355e-06 4.4828337493e-07
5.1635742188e+01 7.8147879971e-06 3.5336844587e-06 3.8356889179e-06 4.4541462050e-07
5.1696777344e+01 7.6633294782e-06 3.4508089677e-06 3.7668946368e-06 4.4562587374e-07
5.1757812500e+01 7.5208340162e-06 3.3845392733e-06 3.6949835639e-06 4.4131117906e-07
5.1818847656e+01 7.4351368353e-06 3.3123054014e-06 3.6782093369e-06 4.4462209700e-07
5.1879882812e+01 7.3504068409e-06 3.2850721955e-06 3.6239221830e-06 4.4141246237e-07
5.1940917969e+01 7.1610751705e-06 3.1703547841e-06 3.5540468573e-06 4.3667352911e-07
5.2001953125e+01 7.1062159137e-06 3.1068635194e-06 3.5687722085e-06 4.3058018578e-07
5.2062988281e+01 7.0228637144e-06 3.1172912431e-06 3.4715398481e-06 4.3403262321e-07
5.2124023438e+01 6.9118319451e-06 3.0561113448e-06 3.4207911421e-06 4.3492945822e-07
5.2185058594e+01 6.7583128978e-06 2.9701201769e-06 3.3632792097e-06 4.2491351124e-07
5.2246093750e+01 6.7053405208e-06 2.9256848040e-06 3.3634239809e-06 4.1623173595e-07
5.2307128906e+01 6.6844783229e-06 2.9365700170e-06 3.3357508660e-06 4.1215743982e-07
5.2368164062e+01 6.5656319708e-06 2.8568516412e-06 3.3002113645e-06 4.0856896510e-07
5.2429199219e+01 6.4401240947e-06 2.8237757137e-06 3.2124728582e-06 4.0387552271e-07
5.2490234375e+01 6.3785115998e-06 2.7796365816e-06 3.2001284093e-06 3.9874660896e-07
5.2551269531e+01 6.2902328739e-06 2.7268372216e-06 3.1798557714e-06 3.8353988090e-07
5.2612304688e+01 6.2328397466e-06 2.7224116234e-06 3.1295348454e-06 3.8089327775e-07
5.2673339844e+01 6.1465546264e-06 2.6860981495e-06 3.0867616534e-06 3.7369482346e-07
5.2734375000e+01 6.0418737615e-06 2.6257307920e-06 3.0478290129e-06 3.6831395658e-07
5.2795410156e+01 6.0111249823e-06 2.6096100876e-06 3.0371479184e-06 3.6436697623e-07
5.2856445312e+01 6.0014458951e-06 2.6018500050e-06 3.0409214959e-06 3.5867439418e-07
5.2917480469e+01 5.9286730414e-06 2.5529263846e-06 3.0237986722e-06 3.5194798463e-07
5.2978515625e+01 5.7909305981e-06 2.4835096559e-06 2.9610244312e-06 3.4639651096e-07
5.3039550781e+01 5.7526176420e-06 2.4686455456e-06 2.9432104582e-06 3.4076163822e-07
5.3100585938e+01 5.6825408184e-06 2.4390973742e-06 2.9109267677e-06 3.3251667652e-07
5.3161621094e+01 5.6600837325e-06 2.3902707415e-06 2.9376003922e-06 3.3221259881e-07
5.3222656250e+01 5.5981311382e-06 2.3771368315e-06 2.8956507272e-06 3.2534357952e-07
5.3283691406e+01 5.5234545389e-06 2.3719222101e-06 2.8325381627e-06 3.1899416616e-07
5.3344726562e+01 5.4322184941e-06 2.3133751564e-06 2.8053200921e-06 3.1352324560e-07
5.3405761719e+01 5.3946192114e-06 2.3132272009e-06 2.7784232085e-06 3.0296880204e-07
5.3466796875e+01 5.3935841084e-06 2.2994829727e-06 2.7959887004e-06 2.9811243536e-07
5.3527832031e+01 5.4036480790e-06 2.2847606375e-06 2.8265636183e-06 2.9232382316e-07
5.3588867188e+01 5.3263945773e-06 2.2719059175e-06 2.7670758959e-06 2.8741276390e-07
5.3649902344e+01 5.2614541405e-06 2.2382560094e-06 2.7402805832e-06 2.8291754781e-07
5.3710937500e+01 5.2472966839e-06 2.2460425989e-06 2.7242312020e-06 2.7702288299e-07
5.3771972656e+01 5.2034030265e-06 2.2321034655e-06 2.7010996103e-06 2.7019995071e-07
5.3833007812e+01 5.1547109243e-06 2.2167696507e-06 2.6716564480e-06 2.6628482550e-07
5.3894042969e+01 5.1184685830e-06 2.1836856719e-06 2.6719682612e-06 2.6281464990e-07
5.3955078125e+01 5.1057396546e-06 2.1813693628e-06 2.6656307014e-06 2.5873959043e-07
5.4016113281e+01 5.0875892744e-06 2.1774025840e-06 2.6541105631e-06 2.5607612730e-07
5.4077148438e+01 5.0852036462e-06 2.1710832952e-06 2.6649949149e-06 2.4912543617e-07
5.4138183594e+01 5.0183502389e-06 2.1548880131e-06 2.6167280663e-06 2.4673415949e-07
5.4199218750e+01 5.0029959735e-06 2.1483180757e-06 2.6121671708e-06 2.4251072695e-07
5.4260253906e+01 4.9508555829e-06 2.1198695397e-06 2.5919577826e-06 2.3902826060e-07
5.4321289062e+01 4.9155486102e-06 2.1142526699e-06 2.5646023541e-06 2.3669358621e-07
5.4382324219e+01 4.8893375391e-06 2.0937498022e-06 2.5624923891e-06 2.3309534784e-07
5.4443359375e+01 4.8867400069e-06 2.0851177086e-06 2.5710290153e-06 2.3059328304e-07
5.4504394531e+01 4.8697343698e-06 2.0944478804e-06 2.5499390617e-06 2.2534742770e-07
5.4565429688e+01 4.8022517559e-06 2.0614068147e-06 2.5166110817e-06 2.2423385956e-07
5.4626464844e+01 4.8140741014e-06 2.0617176404e-06 2.5292657958e-06 2.2309066525e-07
5.4687500000e+01 4.8184663433e-06 2.0681545082e-06 2.5312670860e-06 2.1904474907e-07
5.4748535156e+01 4.7385083210e-06 2.0375154843e-06 2.4871741112e-06 2.1381872551e-07
5.4809570312e+01 4.7310998756e-06 2.0170779763e-06 2.5035113620e-06 2.1051053733e-07
5.4870605469e+01 4.7455815819e-06 2.0172197685e-06 2.5193390172e-06 2.0902279620e-07
5.4931640625e+01 4.7116130897e-06 2.0002119422e-06 2.5051347066e-06 2.0626644099e-07
5.4992675781e+01 4.6649273876e-06 1.9967929840e-06 2.4625347711e-06 2.0559963251e-07
5.5053710938e+01 4.6269064384e-06 1.9827405835e-06 2.4402471931e-06 2.0391866181e-07
5.5114746094e+01 4.5834612491e-06 1.9806647124e-06 2.4008779565e-06 2.0191858018e-07
5.5175781250e+01 4.5515239007e-06 1.9565492211e-06 2.3942966649e-06 2.0067801475e-07
5.5236816406e+01 4.5372437773e-06 1.9378095689e-06 2.3978812965e-06 2.0155291188e-07
5.5297851562e+01 4.5018217841e-06 1.9291555291e-06 2.3698805354e-06 2.0278571954e-07
5.5358886719e+01 4.4635565664e-06 1.9083286545e-06 2.3545961973e-06 2.0063171465e-07
5.5419921875e+01 4.4454086133e-06 1.9162331621e-06 2.3310773273e-06 1.9809812397e-07
5.5480957031e+01 4.4425312941e-06 1.8985527774e-06 2.3441781882e-06 1.9980032849e-07
5.5541992188e+01 4.4423603446e-06 1.8810817295e-06 2.3616817257e-06 1.9959688938e-07
5.5603027344e+01 4.4464082037e-06 1.8907645359e-06 2.3541740670e-06 2.0146960082e-07
5.5664062500e+01 4.4478766849e-06 1.8861364362e-06 2.3592120821e-06 2.0252816660e-07
5.5725097656e+01 4.3761868315e-06 1.8588143871e-06 2.3140873764e-06 2.0328506802e-07
5.5786132812e+01 4.3466957085e-06 1.8545172232e-06 2.2870993971e-06 2.0507908820e-07
5.5847167969e+01 4.3159534171e-06 1.8367032021e-06 2.2765646404e-06 2.0268557467e-07
5.5908203125e+01 4.3075914425e-06 1.8281821932e-06 2.2786308475e-06 2.0077840185e-07
5.5969238281e+01 4.2945605854e-06 1.8249545155e-06 2.2678003870e-06 2.0180568285e-07
5.6030273438e+01 4.2802929457e-06 1.8216040550e-06 2.2554841480e-06 2.0320474259e-07
5.6091308594e+01 4.2561236120e-06 1.8053069654e-06 2.2474671766e-06 2.0334946998e-07
5.6152343750e+01 4.2180946390e-06 1.7898252314e-06 2.2240022288e-06 2.0426717888e-07
5.6213378906e+01 4.2136861567e-06 1.7948033384e-06 2.2141788786e-06 2.0470393972e-07
5.6274414062e+01 4.1985787925e-06 1.7930064140e-06 2.2007982065e-06 2.0477417202e-07
5.6335449219e+01 4.1773341094e-06 1.7777342418e-06 2.1915183157e-06 2.0808155184e-07
5.6396484375e+01 4.1651786081e-06 1.7625412000e-06 2.1915394792e-06 2.1109792893e-07
5.6457519531e+01 4.1555034269e-06 1.7668777967e-06 2.1769996079e-06 2.1162602234e-07
5.6518554688e+01 4.1348090645e-06 1.7498136302e-06 2.1726631013e-06 2.1233233303e-07
5.6579589844e+01 4.1176924553e-06 1.7476977726e-06 2.1615617347e-06 2.0843294805e-07
5.6640625000e+01 4.0357069277e-06 1.7086265199e-06 2.1167663404e-06 2.1031406738e-07
5.6701660156e+01 4.0334603123e-06 1.7094473341e-06 2.1128288688e-06 2.1118410943e-07
5.6762695312e+01 4.0085349373e-06 1.7111292003e-06 2.0887857099e-06 2.0862002714e-07
5.6823730469e+01 4.0007644513e-06 1.7062923609e-06 2.0880645583e-06 2.0640753215e-07
5.6884765625e+01 3.9903760325e-06 1.7063590909e-06 2.0794353581e-06 2.0458158345e-07
5.6945800781e+01 3.9520639095e-06 1.6863710103e-06 2.0629327152e-06 2.0276018391e-07
5.7006835938e+01 3.9277172180e-06 1.6716672367e-06 2.0569918297e-06 1.9905815158e-07
5.7067871094e+01 3.8944785744e-06 1.6652102756e-06 2.0374253279e-06 1.9184297095e-07
5.7128906250e+01 3.8898020804e-06 1.6534412186e-06 2.0448881030e-06 1.9147275877e-07
5.7189941406e+01 3.8409058654e-06 1.6325699105e-06 2.0192826304e-06 1.8905332460e-07
5.7250976562e+01 3.8435448317e-06 1.6479590712e-06 2.0073275534e-06 1.8825820713e-07
5.7312011719e+01 3.8460978426e-06 1.6478940881e-06 2.0147104420e-06 1.8349331249e-07
5.7373046875e+01 3.8251517509e-06 1.6185454523e-06 2.0304826362e-06 1.7612366241e-07
5.7434082031e+01 3.8124049185e-06 1.6025892416e-06 2.0358676824e-06 1.7394799446e-07
5.7495117188e+01 3.7907026877e-06 1.5915423988e-06 2.0265471251e-06 1.7261316381e-07
5.7556152344e+01 3.7439457339e-06 1.5565321469e-06 2.0192510668e-06 1.6816252018e-07
5.7617187500e+01 3.7451477571e-06 1.5594336302e-06 2.0238458182e-06 1.6186830859e-07
5.7678222656e+01 3.7380937634e-06 1.5545650713e-06 2.0252573324e-06 1.5827135975e-07
5.7739257812e+01 3.7026163706e-06 1.5421966760e-06 2.0032446612e-06 1.5717503341e-07
5.7800292969e+01 3.6870558808e-06 1.5282794984e-06 2.0045533212e-06 1.5422306122e-07
5.7861328125e+01 3.6679282186e-06 1.5122622770e-06 2.0060445049e-06 1.4962143667e-07
5.7922363281e+01 3.6625567273e-06 1.4995048716e-06 2.0179883138e-06 1.4506354181e-07
5.7983398438e+01 3.6433214843e-06 1.4916812394e-06 2.0111201255e-06 1.4052011934e-07
5.8044433594e+01 3.6219309238e-06 1.4692903592e-06 2.0156134621e-06 1.3702710245e-07
5.8105468750e+01 3.5756820554e-06 1.4584977427e-06 1.9824225752e-06 1.3476173754e-07
5.8166503906e+01 3.5253464566e-06 1.4411967100e-06 1.9532568497e-06 1.3089289686e-07
5.8227539062e+01 3.5188942259e-06 1.4178553722e-06 1.9730539753e-06 1.2798487845e-07
5.8288574219e+01 3.4813479412e-06 1.4067454633e-06 1.9517338666e-06 1.2286861125e-07
5.8349609375e+01 3.4833540212e-06 1.4177684374e-06 1.9471083767e-06 1.1847720709e-07
5.8410644531e+01 3.4709300949e-06 1.4052777499e-06 1.9485363787e-06 1.1711596620e-07
5.8471679688e+01 3.4102683034e-06 1.3724050843e-06 1.9230279289e-06 1.1483529018e-07
5.8532714844e+01 3.3883219136e-06 1.3638250318e-06 1.9123446469e-06 1.1215223486e-07
5.8593750000e+01 3.3605704515e-06 1.3580029154e-06 1.8948889884e-06 1.0767854775e-07
5.8654785156e+01 3.3062458218e-06 1.3416841919e-06 1.8623219765e-06 1.0223965339e-07
5.8715820312e+01 3.2564554371e-06 1.3093879047e-06 1.8471481042e-06 9.9919428149e-08
5.8776855469e+01 3.2109130548e-06 1.2847588650e-06 1.8270859798e-06 9.9068209924e-08
5.8837890625e+01 3.1552802608e-06 1.2589861638e-06 1.8005150573e-06 9.5779039692e-08
5.8898925781e+01 3.1508245958e-06 1.2599140408e-06 1.7973417661e-06 9.3568788896e-08
5.8959960938e+01 3.0883282501e-06 1.2445126484e-06 1.7533057474e-06 9.0509854324e-08
5.9020996094e+01 3.0298363482e-06 1.2069666111e-06 1.7341082257e-06 8.8761511321e-08
5.9082031250e+01 2.9845371600e-06 1.1843803910e-06 1.7130891099e-06 8.7067659108e-08
5.9143066406e+01 2.9665189079e-06 1.1871060610e-06 1.6947901710e-06 8.4622675964e-08
5.9204101562e+01 2.9093680708e-06 1.1627976209e-06 1.6631449422e-06 8.3425507678e-08
5.9265136719e+01 2.8571963441e-06 1.1461018904e-06 1.6304218677e-06 8.0672585958e-08
5.9326171875e+01 2.8170055536e-06 1.1250238372e-06 1.6131205686e-06 7.8861147781e-08
5.9387207031e+01 2.7812734779e-06 1.1025337794e-06 1.6019769097e-06 7.6762788901e-08
5.9448242188e+01 2.7201615468e-06 1.0915532459e-06 1.5543169094e-06 7.4291391405e-08
5.9509277344e+01 2.6586942209e-06 1.0704415904e-06 1.5148945842e-06 7.3358046221e-08
5.9570312500e+01 2.6124831719e-06 1.0492258870e-06 1.4919308953e-06 7.1326389605e-08
5.9631347656e+01 2.5675311890e-06 1.0288692412e-06 1.4690599174e-06 6.9602030429e-08
5.9692382812e+01 2.5298519462e-06 1.0151194270e-06 1.4462791906e-06 6.8453328562e-08
5.9753417969e+01 2.4847381715e-06 9.9952774842e-07 1.4190591141e-06 6.6151308934e-08
5.9814453125e+01 2.4366130045e-06 9.7405502442e-07 1.3973269935e-06 6.5230986499e-08
5.9875488281e+01 2.3858033498e-06 9.5415589350e-07 1.3681726004e-06 6.3474855834e-08
5.9936523438e+01 2.3203053729e-06 9.3671402409e-07 1.3220149926e-06 6.1576356169e-08
5.9997558594e+01 2.2755008272e-06 9.2835170869e-07 1.2871389952e-06 6.0010123339e-08
6.0058593750e+01 2.2260558880e-06 8.9917877310e-07 1.2691421389e-06 5.7734976021e-08
6.0119628906e+01 2.1835092873e-06 8.7485095870e-07 1.2530061452e-06 5.5652183439e-08
6.0180664062e+01 2.1301775651e-06 8.5902951747e-07 1.2168705740e-06 5.4277473654e-08
6.0241699219e+01 2.0884661403e-06 8.4102749149e-07 1.1947729807e-06 5.2665668106e-08
6.0302734375e+01 2.0438336386e-06 8.1482343567e-07 1.1775991826e-06 5.1411020261e-08
6.0363769531e+01 1.9960364881e-06 8.0241126854e-07 1.1448895048e-06 4.8735714742e-08
6.0424804688e+01 1.9775198604e-06 7.9025445326e-07 1.1400170203e-06 4.7248386853e-08
6.0485839844e+01 1.9523173701e-06 7.7896796956e-07 1.1286186332e-06 4.4730767307e-08
6.0546875000e+01 1.9004765054e-06 7.5855767720e-07 1.0998021130e-06 4.2116715220e-08
6.0607910156e+01 1.8558984705e-06 7.4265208346e-07 1.0723702773e-06 4.0876109663e-08
6.0668945312e+01 1.8130479231e-06 7.2973759704e-07 1.0440654217e-06 3.9244904397e-08
6.0729980469e+01 1.7595813303e-06 7.1407600158e-07 1.0083463846e-06 3.7158944129e-08
6.0791015625e+01 1.7243272446e-06 6.9884972973e-07 9.9035183774e-07 3.5125677096e-08
6.0852050781e+01 1.7068867585e-06 6.9141278554e-07 9.8193254274e-07 3.3541430193e-08
6.0913085938e+01 1.6628742322e-06 6.8092748984e-07 9.4991899989e-07 3.2027742463e-08
6.0974121094e+01 1.6177395816e-06 6.7600930518e-07 9.1122626100e-07 3.0504015399e-08
6.1035156250e+01 1.5864535154e-06 6.6485224197e-07 8.9273129829e-07 2.8869975132e-08
6.1096191406e+01 1.5586004220e-06 6.5537999435e-07 8.7568494654e-07 2.7535481114e-08
6.1157226562e+01 1.5263232449e-06 6.5053867332e-07 8.5001814091e-07 2.5766430715e-08
6.1218261719e+01 1.4919125603e-06 6.4582904824e-07 8.2146789090e-07 2.4615621134e-08
6.1279296875e+01 1.4740763764e-06 6.4881670998e-07 8.0153955635e-07 2.3720110081e-08
6.1340332031e+01 1.4514000866e-06 6.4898558295e-07 7.7985843461e-07 2.2556069034e-08
6.1401367188e+01 1.4303875542e-06 6.4607583695e-07 7.6301714385e-07 2.1294573417e-08
6.1462402344e+01 1.4232189145e-06 6.5023616688e-07 7.5257028715e-07 2.0412460429e-08
6.1523437500e+01 1.4030188389e-06 6.5190325689e-07 7.3173492143e-07 1.9380660630e-08
6.1584472656e+01 1.3720311745e-06 6.5020786759e-07 7.0353652493e-07 1.8286781957e-08
6.1645507812e+01 1.3454719248e-06 6.4112393168e-07 6.8697931855e-07 1.7368674587e-08
6.1706542969e+01 1.3298203819e-06 6.4355606770e-07 6.6963028064e-07 1.6634033538e-08
6.1767578125e+01 1.2940482374e-06 6.3286109105e-07 6.4508911806e-07 1.6098028240e-08
6.1828613281e+01 1.2581938082e-06 6.2178618170e-07 6.2121322611e-07 1.5194400391e-08
6.1889648438e+01 1.2133142293e-06 6.0697062995e-07 5.9190495701e-07 1.4438642331e-08
6.1950683594e+01 1.1752641666e-06 5.9699047278e-07 5.6440556569e-07 1.3868128128e-08
6.2011718750e+01 1.1357104929e-06 5.8518146412e-07 5.3701702281e-07 1.3512005954e-08
6.2072753906e+01 1.0993022152e-06 5.7512032796e-07 5.1116483482e-07 1.3017052423e-08
6.2133789062e+01 1.0561186199e-06 5.5748172833e-07 4.8621870755e-07 1.2418184009e-08
6.2194824219e+01 1.0186326166e-06 5.4639227385e-07 4.6031060899e-07 1.1929733717e-08
6.2255859375e+01 9.8336010958e-07 5.3636579061e-07 4.3528619349e-07 1.1708125479e-08
6.2316894531e+01 9.5077720422e-07 5.2587411591e-07 4.1354167573e-07 1.1361412577e-08
6.2377929688e+01 9.1834766207e-07 5.1461489592e-07 3.9277703965e-07 1.0955726495e-08
6.2438964844e+01 8.7654383589e-07 4.9546605888e-07 3.7034151942e-07 1.0736257587e-08
6.2500000000e+01 8.3653717217e-07 4.7522556873e-07 3.5093436949e-07 1.0377233945e-08
6.2561035156e+01 8.0564497523e-07 4.6184601081e-07 3.3364557129e-07 1.0153393119e-08
6.2622070312e+01 7.7028672967e-07 4.4631162956e-07 3.1411947133e-07 9.8556287785e-09
6.2683105469e+01 7.3797589542e-07 4.2670746023e-07 3.0162771592e-07 9.6407192776e-09
6.2744140625e+01 7.0799005899e-07 4.1473655050e-07 2.8383144528e-07 9.4220632136e-09
6.2805175781e+01 6.8045829512e-07 4.0380736201e-07 2.6726755022e-07 9.3833828882e-09
6.2866210938e+01 6.5013420441e-07 3.8444232596e-07 2.5638625922e-07 9.3056192221e-09
6.2927246094e+01 6.1548155040e-07 3.6594209204e-07 2.4050031607e-07 9.0391422909e-09
6.2988281250e+01 5.9013288352e-07 3.5394778165e-07 2.2733677971e-07 8.8483221542e-09
6.3049316406e+01 5.5686993705e-07 3.3365037525e-07 2.1445401895e-07 8.7655428591e-09
6.3110351562e+01 5.2902709393e-07 3.1717870472e-07 2.0332166483e-07 8.5267243804e-09
6.3171386719e+01 5.0968195367e-07 3.0671764665e-07 1.9459469145e-07 8.3696155719e-09
6.3232421875e+01 4.8569658301e-07 2.9185427495e-07 1.8556964021e-07 8.2726678500e-09
6.3293457031e+01 4.6742341047e-07 2.7948590278e-07 1.7975238840e-07 8.1851192880e-09
6.3354492188e+01 4.4874961170e-07 2.6607274917e-07 1.7460083066e-07 8.0760318678e-09
6.3415527344e+01 4.3588324555e-07 2.5973590339e-07 1.6819941043e-07 7.9479317281e-09
6.3476562500e+01 4.2094850692e-07 2.4996884892e-07 1.6317527877e-07 7.8043792328e-09
6.3537597656e+01 4.0932393015e-07 2.4264643516e-07 1.5896525359e-07 7.7122414049e-09
6.3598632812e+01 4.0146440540e-07 2.3804805012e-07 1.5568794431e-07 7.7284109693e-09
6.3659667969e+01 3.9385354706e-07 2.3291224737e-07 1.5323979304e-07 7.7015066474e-09
6.3720703125e+01 3.8597193595e-07 2.2726808973e-07 1.5126876462e-07 7.4350815944e-09
6.3781738281e+01 3.7858335563e-07 2.2058680187e-07 1.5065887431e-07 7.3376794597e-09
6.3842773438e+01 3.7585543371e-07 2.1695697076e-07 1.5159862485e-07 7.2998381054e-09
6.3903808594e+01 3.7318070525e-07 2.1479395397e-07 1.5114886047e-07 7.2378908155e-09
6.3964843750e+01 3.7121939524e-07 2.1250422150e-07 1.5145964474e-07 7.2555289998e-09
6.4025878906e+01 3.6615514331e-07 2.0947283208e-07 1.4956365823e-07 7.1186530012e-09
6.4086914062e+01 3.6304121974e-07 2.0577183026e-07 1.5022948258e-07 7.0399068869e-09
6.4147949219e+01 3.6699695896e-07 2.0795060900e-07 1.5206671117e-07 6.9796387945e-09
6.4208984375e+01 3.6696716061e-07 2.0667576879e-07 1.5339185164e-07 6.8995401804e-09
6.4270019531e+01 3.6939221376e-07 2.0641997115e-07 1.5616427029e-07 6.8079723239e-09
6.4331054688e+01 3.7171919077e-07 2.0634792338e-07 1.5854758470e-07 6.8236826936e-09
6.4392089844e+01 3.7541127838e-07 2.0727717233e-07 1.6130167134e-07 6.8324347053e-09
6.4453125000e+01 3.7884884095e-07 2.0769088280e-07 1.6443550013e-07 6.7224580217e-09
6.4514160156e+01 3.8252762485e-07 2.0978635572e-07 1.6614071881e-07 6.6005503324e-09
6.4575195312e+01 3.8352728030e-07 2.0895920638e-07 1.6796465474e-07 6.6034191780e-09
6.4636230469e+01 3.8673625017e-07 2.0963812917e-07 1.7048876790e-07 6.6093530936e-09
6.4697265625e+01 3.9309542293e-07 2.1344366756e-07 1.7311738464e-07 6.5343707343e-09
6.4758300781e+01 3.9752413310e-07 2.1520253385e-07 1.7582305365e-07 6.4985455986e-09
6.4819335938e+01 4.0423085677e-07 2.1808712799e-07 1.7970141538e-07 6.4423133882e-09
6.4880371094e+01 4.0339285488e-07 2.1706228529e-07 1.7994709566e-07 6.3834739309e-09
6.4941406250e+01 4.0663558422e-07 2.1666809434e-07 1.8361025909e-07 6.3572307977e-09
6.5002441406e+01 4.2130669353e-07 2.2441809216e-07 1.9048227230e-07 6.4063290711e-09
6.5063476562e+01 4.2315922842e-07 2.2326354161e-07 1.9351899358e-07 6.3766932324e-09
6.5124511719e+01 4.2804373324e-07 2.2434794106e-07 1.9745788730e-07 6.2379048756e-09
6.5185546875e+01 4.3319876319e-07 2.2655281320e-07 2.0044268674e-07 6.2032632468e-09
6.5246582031e+01 4.4191126953e-07 2.2895067264e-07 2.0680739154e-07 6.1532053483e-09
6.5307617188e+01 4.4863691017e-07 2.2990143027e-07 2.1261556843e-07 6.1199114690e-09
6.5368652344e+01 4.5554439747e-07 2.3384918456e-07 2.1561995732e-07 6.0752555984e-09
6.5429687500e+01 4.5924176763e-07 2.3605365572e-07 2.1712859934e-07 6.0595125730e-09
6.5490722656e+01 4.6375550748e-07 2.3714343504e-07 2.2051948409e-07 6.0925883480e-09
6.5551757812e+01 4.7265674462e-07 2.3925770276e-07 2.2735428641e-07 6.0447554420e-09
6.5612792969e+01 4.7504431026e-07 2.3954844185e-07 2.2950014126e-07 5.9957271493e-09
6.5673828125e+01 4.8063033511e-07 2.4168053765e-07 2.3305227461e-07 5.8975228578e-09
6.5734863281e+01 4.8754826213e-07 2.4501748246e-07 2.3661551919e-07 5.9152604778e-09
6.5795898438e+01 4.9304407282e-07 2.4659222570e-07 2.4057041731e-07 5.8814298098e-09
6.5856933594e+01 4.9590274820e-07 2.4781499438e-07 2.4228720282e-07 5.8005509947e-09
6.5917968750e+01 5.0190950957e-07 2.4755649687e-07 2.4853112508e-07 5.8218876203e-09
6.5979003906e+01 5.0619281897e-07 2.4875495002e-07 2.5163542083e-07 5.8024481164e-09
6.6040039062e+01 5.0695954115e-07 2.4682850628e-07 2.5432975231e-07 5.8012825657e-09
6.6101074219e+01 5.0645344377e-07 2.4564476913e-07 2.5501682229e-07 5.7918523515e-09
6.6162109375e+01 5.0942537594e-07 2.4809605007e-07 2.5556047507e-07 5.7688507948e-09
6.6223144531e+01 5.1314355055e-07 2.4839522849e-07 2.5901360867e-07 5.7347133879e-09
6.6284179688e+01 5.2137015182e-07 2.5187491177e-07 2.6381516314e-07 5.6800769026e-09
6.6345214844e+01 5.2217631229e-07 2.5185528278e-07 2.6469430288e-07 5.6267266216e-09
6.6406250000e+01 5.1969914240e-07 2.4768002520e-07 2.6639901374e-07 5.6201034560e-09
6.6467285156e+01 5.2271352817e-07 2.4700862455e-07 2.7011803158e-07 5.5868720439e-09
6.6528320312e+01 5.2733007207e-07 2.4772619344e-07 2.7402715355e-07 5.5767250844e-09
6.6589355469e+01 5.2405478811e-07 2.4473552350e-07 2.7378322170e-07 5.5360429112e-09
6.6650390625e+01 5.2556106315e-07 2.4523885722e-07 2.7479907547e-07 5.5231304680e-09
6.6711425781e+01 5.2701762591e-07 2.4462603364e-07 2.7688034076e-07 5.5112515149e-09
6.6772460938e+01 5.2928269785e-07 2.4502928786e-07 2.7881968492e-07 5.4337250604e-09
6.6833496094e+01 5.3388757472e-07 2.4473271904e-07 2.8378134987e-07 5.3735058136e-09
6.6894531250e+01 5.3442707191e-07 2.4327226913e-07 2.8579466999e-07 5.3601327864e-09
6.6955566406e+01 5.3183818989e-07 2.4161564635e-07 2.8491356809e-07 5.3089754431e-09
6.7016601562e+01 5.3065824949e-07 2.3829397682e-07 2.8706717736e-07 5.2970953061e-09
6.7077636719e+01 5.3676968826e-07 2.3989344032e-07 2.9165640923e-07 5.2198387098e-09
6.7138671875e+01 5.3809767433e-07 2.4228203104e-07 2.9064316893e-07 5.1724743688e-09
6.7199707031e+01 5.3364699680e-07 2.3638792622e-07 2.9211647915e-07 5.1425914286e-09
6.7260742188e+01 5.3292764825e-07 2.3553475679e-07 2.9221001868e-07 5.1828727830e-09
6.7321777344e+01 5.3300822761e-07 2.3341444508e-07 2.9444250937e-07 5.1512731644e-09
6.7382812500e+01 5.2991175506e-07 2.2838428813e-07 2.9647466230e-07 5.0528046231e-09
6.7443847656e+01 5.3431993691e-07 2.2874646363e-07 3.0050780563e-07 5.0656676441e-09
6.7504882812e+01 5.4112142344e-07 2.3094936077e-07 3.0511662647e-07 5.0554362013e-09
6.7565917969e+01 5.4155085438e-07 2.2809594794e-07 3.0843197996e-07 5.0229264792e-09
6.7626953125e+01 5.4213578955e-07 2.2766039431e-07 3.0949545340e-07 4.9799418381e-09
6.7687988281e+01 5.4515296051e-07 2.2985992542e-07 3.1028767789e-07 5.0053572013e-09
6.7749023438e+01 5.5027336926e-07 2.3118312777e-07 3.1412713036e-07 4.9631111365e-09
6.7810058594e+01 5.5296266952e-07 2.2883027000e-07 3.1920620853e-07 4.9261909857e-09
6.7871093750e+01 5.6001474424e-07 2.3091568247e-07 3.2424781948e-07 4.8512422849e-09
6.7932128906e+01 5.6492155021e-07 2.3496101324e-07 3.2511667726e-07 4.8438597040e-09
6.7993164062e+01 5.6866449642e-07 2.3594671230e-07 3.2795277517e-07 4.7650089550e-09
6.8054199219e+01 5.6605066196e-07 2.3647992645e-07 3.2479944356e-07 4.7712919509e-09
6.8115234375e+01 5.6654141244e-07 2.3558353808e-07 3.2624307839e-07 4.7147959700e-09
6.8176269531e+01 5.6961914283e-07 2.3369940866e-07 3.3125432842e-07 4.6654057501e-09
6.8237304688e+01 5.7545886457e-07 2.3442566839e-07 3.3634901058e-07 4.6841856029e-09
6.8298339844e+01 5.7528012900e-07 2.3644943757e-07 3.3419172603e-07 4.6389654096e-09
6.8359375000e+01 5.7504177937e-07 2.3588600199e-07 3.3447054856e-07 4.6852288189e-09
6.8420410156e+01 5.7084151708e-07 2.3288412606e-07 3.3334243555e-07 4.6149554727e-09
6.8481445312e+01 5.6486003459e-07 2.3254797486e-07 3.2778480514e-07 4.5272545863e-09
6.8542480469e+01 5.6386448081e-07 2.3449232401e-07 3.2486283605e-07 4.5093207526e-09
6.8603515625e+01 5.5722260350e-07 2.3124847553e-07 3.2149926952e-07 4.4748584453e-09
6.8664550781e+01 5.5544643261e-07 2.2961770297e-07 3.2137646054e-07 4.4522691083e-09
6.8725585938e+01 5.5147951080e-07 2.2948842432e-07 3.1758090624e-07 4.4101802428e-09
6.8786621094e+01 5.4403012600e-07 2.2828047820e-07 3.1144208711e-07 4.3075606878e-09
6.8847656250e+01 5.4221170881e-07 2.2921308584e-07 3.0870044254e-07 4.2981804337e-09
6.8908691406e+01 5.3632235813e-07 2.2640781396e-07 3.0565252761e-07 4.2620165512e-09
6.8969726562e+01 5.3127545190e-07 2.2351054979e-07 3.0359390083e-07 4.1710012788e-09
6.9030761719e+01 5.2480959263e-07 2.2015633350e-07 3.0048672503e-07 4.1665341005e-09
6.9091796875e+01 5.2317860145e-07 2.2142620361e-07 2.9763948154e-07 4.1129162959e-09
6.9152832031e+01 5.1594596381e-07 2.1971365403e-07 2.9219018978e-07 4.0421200037e-09
6.9213867188e+01 5.1223644396e-07 2.1930254481e-07 2.8894273750e-07 3.9911616490e-09
6.9274902344e+01 5.0233854601e-07 2.1627915815e-07 2.8208977756e-07 3.9696102965e-09
6.9335937500e+01 4.9569175717e-07 2.1268274278e-07 2.7906795878e-07 3.9410555970e-09
6.9396972656e+01 4.8946919574e-07 2.1086602132e-07 2.7465646471e-07 3.9467097094e-09
6.9458007812e+01 4.8323422785e-07 2.1024370870e-07 2.6913912603e-07 3.8513931219e-09
6.9519042969e+01 4.7323715761e-07 2.0554191432e-07 2.6392949157e-07 3.7657517177e-09
6.9580078125e+01 4.6746224264e-07 2.0482300872e-07 2.5890379401e-07 3.7354399074e-09
6.9641113281e+01 4.5757920605e-07 2.0113711688e-07 2.5272627154e-07 3.7158176281e-09
6.9702148438e+01 4.4728321320e-07 1.9747959532e-07 2.4616087506e-07 3.6427428187e-09
6.9763183594e+01 4.3459060203e-07 1.9362047925e-07 2.3739025873e-07 3.5798640435e-09
6.9824218750e+01 4.2424730487e-07 1.8903016000e-07 2.3166360057e-07 3.5535443027e-09
6.9885253906e+01 4.1404691169e-07 1.8415390627e-07 2.2639713247e-07 3.4958729448e-09
6.9946289062e+01 4.0428073786e-07 1.8076174926e-07 2.2007597318e-07 3.4430154183e-09
7.0007324219e+01 3.9399332976e-07 1.7781843216e-07 2.1273226756e-07 3.4426300480e-09
7.0068359375e+01 3.8074078531e-07 1.7298023825e-07 2.0436103656e-07 3.3995104933e-09
7.0129394531e+01 3.7319037054e-07 1.6858842927e-07 2.0128976586e-07 3.3121754176e-09
7.0190429688e+01 3.6467474319e-07 1.6479736266e-07 1.9659572250e-07 3.2816580361e-09
7.0251464844e+01 3.5537503991e-07 1.6216093468e-07 1.8997716633e-07 3.2369389024e-09
7.0312500000e+01 3.4733950264e-07 1.5875019134e-07 1.8541374185e-07 3.1755694452e-09
7.0373535156e+01 3.3870009058e-07 1.5550846730e-07 1.8004958855e-07 3.1420347379e-09
7.0434570312e+01 3.3070078321e-07 1.5300825330e-07 1.7459109053e-07 3.1014393802e-09
7.0495605469e+01 3.2035219869e-07 1.4830745338e-07 1.6906015764e-07 2.9845876688e-09
7.0556640625e+01 3.1356704696e-07 1.4539264747e-07 1.6520293422e-07 2.9714652736e-09
7.0617675781e+01 3.0349466665e-07 1.4041694102e-07 1.6008222920e-07 2.9954964348e-09
7.0678710938e+01 2.9762451735e-07 1.3705652974e-07 1.5763466667e-07 2.9333209418e-09
7.0739746094e+01 2.9306213836e-07 1.3612714221e-07 1.5407302639e-07 2.8619697616e-09
7.0800781250e+01 2.8405844333e-07 1.3275426922e-07 1.4851633429e-07 2.7878398218e-09
7.0861816406e+01 2.7674779331e-07 1.2859752785e-07 1.4535722306e-07 2.7930424094e-09
7.0922851562e+01 2.6906752536e-07 1.2521468881e-07 1.4107999635e-07 2.7728402062e-09
7.0983886719e+01 2.6124331718e-07 1.2143943580e-07 1.3707958684e-07 2.7242945390e-09
7.1044921875e+01 2.5399159976e-07 1.1833431331e-07 1.3296915345e-07 2.6881330015e-09
7.1105957031e+01 2.4813291968e-07 1.1566031346e-07 1.2982815454e-07 2.6444516780e-09
7.1166992188e+01 2.4540032317e-07 1.1460521946e-07 1.2822258774e-07 2.5725159715e-09
7.1228027344e+01 2.4028755242e-07 1.1113182155e-07 1.2658190075e-07 2.5738301199e-09
7.1289062500e+01 2.3588136065e-07 1.0720725161e-07 1.2612743520e-07 2.5466738402e-09
7.1350097656e+01 2.3172349862e-07 1.0526225185e-07 1.2398086573e-07 2.4803810417e-09
7.1411132812e+01 2.3234780670e-07 1.0525692061e-07 1.2464821293e-07 2.4426731591e-09
7.1472167969e+01 2.3267532153e-07 1.0414061013e-07 1.2609803776e-07 2.4366736406e-09
7.1533203125e+01 2.2932670877e-07 1.0097106558e-07 1.2592442500e-07 2.4312181867e-09
7.1594238281e+01 2.2819848406e-07 1.0013690277e-07 1.2566401263e-07 2.3975686708e-09
7.1655273438e+01 2.2829243900e-07 9.8812413858e-08 1.2711471393e-07 2.3653112101e-09
7.1716308594e+01 2.2874881999e-07 9.7217175536e-08 1.2917745198e-07 2.3541924770e-09
7.1777343750e+01 2.2678529379e-07 9.6186225349e-08 1.2828479155e-07 2.3142768860e-09
7.1838378906e+01 2.2348663559e-07 9.4367140872e-08 1.2685837474e-07 2.2611199789e-09
7.1899414062e+01 2.1869031138e-07 9.2451077269e-08 1.2401433119e-07 2.2249029176e-09
7.1960449219e+01 2.1211612410e-07 8.9776044971e-08 1.2011885131e-07 2.2212278218e-09
7.2021484375e+01 2.0710238809e-07 8.7545078779e-08 1.1734599890e-07 2.2113104144e-09
7.2082519531e+01 1.9976607568e-07 8.3850249897e-08 1.1373497177e-07 2.1808540153e-09
7.2143554688e+01 1.9189197401e-07 8.0232165018e-08 1.0953594106e-07 2.1238679318e-09
7.2204589844e+01 1.8266664416e-07 7.5814407128e-08 1.0475244588e-07 2.0997911535e-09
7.2265625000e+01 1.7388670894e-07 7.2005832735e-08 9.9828718287e-08 2.0521579170e-09
7.2326660156e+01 1.6639372694e-07 6.8554384496e-08 9.5806458303e-08 2.0328841443e-09
7.2387695312e+01 1.5907609386e-07 6.5334499342e-08 9.1770270273e-08 1.9713242461e-09
7.2448730469e+01 1.5038583577e-07 6.0936804475e-08 8.7511864902e-08 1.9371663938e-09
7.2509765625e+01 1.4408954236e-07 5.8033120768e-08 8.4168901586e-08 1.8875200028e-09
7.2570800781e+01 1.3800673816e-07 5.5717206840e-08 8.0430558702e-08 1.8589726167e-09
7.2631835938e+01 1.3052680494e-07 5.2511457665e-08 7.6178232308e-08 1.8371149672e-09
7.2692871094e+01 1.2594063180e-07 5.0018273148e-08 7.4114220778e-08 1.8081378735e-09
7.2753906250e+01 1.1770679732e-07 4.6419584028e-08 6.9500700474e-08 1.7865128173e-09
7.2814941406e+01 1.1115325225e-07 4.3898541511e-08 6.5517508762e-08 1.7372019799e-09
7.2875976562e+01 1.0387805055e-07 4.0920770230e-08 6.1252848374e-08 1.7044319467e-09
7.2937011719e+01 9.6327262068e-08 3.7800940294e-08 5.6838656711e-08 1.6876650635e-09
7.2998046875e+01 9.1913057359e-08 3.5903245179e-08 5.4348005406e-08 1.6618067742e-09
7.3059082031e+01 8.6105915411e-08 3.3635758735e-08 5.0826103476e-08 1.6440532005e-09
7.3120117188e+01 7.9926881924e-08 3.1204910501e-08 4.7124521867e-08 1.5974495566e-09
7.3181152344e+01 7.4872686894e-08 2.9274511250e-08 4.4041057187e-08 1.5571184569e-09
7.3242187500e+01 6.9836659513e-08 2.7202196150e-08 4.1097150226e-08 1.5373131381e-09
7.3303222656e+01 6.4855728381e-08 2.5143970216e-08 3.8184139893e-08 1.5276182727e-09
7.3364257812e+01 6.0847354311e-08 2.3651143820e-08 3.5693978281e-08 1.5022322099e-09
7.3425292969e+01 5.6839490586e-08 2.2121413704e-08 3.3238801901e-08 1.4792749802e-09
7.3486328125e+01 5.3595272778e-08 2.1022401018e-08 3.1140517084e-08 1.4323546762e-09
7.3547363281e+01 5.0292578083e-08 1.9939743562e-08 2.8947623628e-08 1.4052108933e-09
7.3608398438e+01 4.7188102144e-08 1.9015364179e-08 2.6779400697e-08 1.3933372681e-09
7.3669433594e+01 4.4144879406e-08 1.7840641262e-08 2.4938335116e-08 1.3659030281e-09
7.3730468750e+01 4.1673903414e-08 1.6976725386e-08 2.3353761432e-08 1.3434165951e-09
7.3791503906e+01 3.9410620352e-08 1.6338165214e-08 2.1755188410e-08 1.3172667274e-09
7.3852539062e+01 3.7334539856e-08 1.5731029414e-08 2.0325506517e-08 1.2780039257e-09
7.3913574219e+01 3.5637804974e-08 1.5184964634e-08 1.9184036439e-08 1.2688039013e-09
7.3974609375e+01 3.4075700625e-08 1.4548071778e-08 1.8281770464e-08 1.2458583824e-09
7.4035644531e+01 3.2660269303e-08 1.4056777455e-08 1.7379769190e-08 1.2237226584e-09
7.4096679688e+01 3.1504157353e-08 1.3803354133e-08 1.6494274484e-08 1.2065287360e-09
7.4157714844e+01 3.0214068202e-08 1.3367852974e-08 1.5655950366e-08 1.1902648630e-09
7.4218750000e+01 2.9360423642e-08 1.2992132489e-08 1.5194101573e-08 1.1741895797e-09
7.4279785156e+01 2.8218715343e-08 1.2594139841e-08 1.4465694711e-08 1.1588807910e-09
7.4340820312e+01 2.7112877349e-08 1.2146714374e-08 1.3824294717e-08 1.1418682576e-09
7.4401855469e+01 2.6481382326e-08 1.1862211528e-08 1.3497558532e-08 1.1216122658e-09
7.4462890625e+01 2.5917344389e-08 1.1691875191e-08 1.3109693600e-08 1.1157755973e-09
7.4523925781e+01 2.5138651011e-08 1.1436910055e-08 1.2614673303e-08 1.0870676528e-09
7.4584960938e+01 2.4376970294e-08 1.1100845220e-08 1.2208514519e-08 1.0676105556e-09
7.4645996094e+01 2.3919100209e-08 1.0951924066e-08 1.1907923583e-08 1.0592525604e-09
7.4707031250e+01 2.3571779433e-08 1.0947402151e-08 1.1577311076e-08 1.0470662063e-09
7.4768066406e+01 2.3318447568e-08 1.0796191366e-08 1.1492657966e-08 1.0295982360e-09
7.4829101562e+01 2.2837109526e-08 1.0556305403e-08 1.1273504053e-08 1.0073000700e-09
7.4890136719e+01 2.2410054918e-08 1.0361277013e-08 1.1053617096e-08 9.9516080949e-10
7.4951171875e+01 2.2104807081e-08 1.0169799363e-08 1.0945189159e-08 9.8981855973e-10
7.5012207031e+01 2.1711251824e-08 1.0078434754e-08 1.0665103863e-08 9.6771320727e-10
7.5073242188e+01 2.1080636162e-08 9.8439300255e-09 1.0282091710e-08 9.5461442646e-10
7.5134277344e+01 2.0770680302e-08 9.7001228099e-09 1.0119678578e-08 9.5087891333e-10
7.5195312500e+01 2.0453457240e-08 9.6072073873e-09 9.9118970046e-09 9.3435284785e-10
7.5256347656e+01 2.0239828931e-08 9.5369522751e-09 9.7825704392e-09 9.2030621701e-10
7.5317382812e+01 1.9821358043e-08 9.3499651639e-09 9.5513076008e-09 9.2008527850e-10
7.5378417969e+01 1.9725990305e-08 9.3590361190e-09 9.4603353083e-09 9.0661887802e-10
7.5439453125e+01 1.9514622360e-08 9.2811832349e-09 9.3370798651e-09 8.9635925989e-10
7.5500488281e+01 1.9275348499e-08 9.1107911202e-09 9.2783713990e-09 8.8618597947e-10
7.5561523438e+01 1.8941788803e-08 8.9793812148e-09 9.0863970643e-09 8.7601052392e-10
7.5622558594e+01 1.8702708955e-08 8.8389249840e-09 8.9804723589e-09 8.8331161165e-10
7.5683593750e+01 1.8494891167e-08 8.7428829796e-09 8.8665001796e-09 8.8550800729e-10
7.5744628906e+01 1.8278005541e-08 8.6501716819e-09 8.7555985776e-09 8.7223528182e-10
7.5805664062e+01 1.8054188683e-08 8.5302097179e-09 8.6645442084e-09 8.5943475637e-10
7.5866699219e+01 1.7696788889e-08 8.3361508289e-09 8.5124844629e-09 8.4815359758e-10
7.5927734375e+01 1.7476062697e-08 8.3114509184e-09 8.3215182070e-09 8.4309357200e-10
7.5988769531e+01 1.7264872450e-08 8.1389744380e-09 8.2870982933e-09 8.3879971911e-10
7.6049804688e+01 1.7065698584e-08 8.0021644860e-09 8.2276680397e-09 8.3586605808e-10
7.6110839844e+01 1.6948224247e-08 8.0158278666e-09 8.0919799333e-09 8.4041644658e-10
7.6171875000e+01 1.6648259477e-08 7.9307851839e-09 7.9016709507e-09 8.1580334209e-10
7.6232910156e+01 1.6494857433e-08 7.8107771419e-09 7.8633932101e-09 8.2068708134e-10
7.6293945312e+01 1.6407617152e-08 7.7177252522e-09 7.8666034172e-09 8.2328848230e-10
7.6354980469e+01 1.6272275356e-08 7.6947027085e-09 7.7598239026e-09 8.1774874496e-10
7.6416015625e+01 1.5985588343e-08 7.5564421478e-09 7.6218877333e-09 8.0725846226e-10
7.6477050781e+01 1.5786843403e-08 7.4527811045e-09 7.5300785310e-09 8.0398376750e-10
7.6538085938e+01 1.5689859195e-08 7.4678177598e-09 7.4193392092e-09 8.0270222642e-10
7.6599121094e+01 1.5592689967e-08 7.3832985890e-09 7.4214227128e-09 7.8796866493e-10
7.6660156250e+01 1.5386239753e-08 7.2700258269e-09 7.3252357917e-09 7.9097813450e-10
7.6721191406e+01 1.5315721221e-08 7.2459606711e-09 7.2775077247e-09 7.9225282557e-10
7.6782226562e+01 1.5170159575e-08 7.2125855682e-09 7.1653334985e-09 7.9224050843e-10
7.6843261719e+01 1.4940768106e-08 7.0663780347e-09 7.0791431206e-09 7.9524695073e-10
7.6904296875e+01 1.4715481249e-08 6.9647309096e-09 6.9506634232e-09 8.0008691620e-10
7.6965332031e+01 1.4642327186e-08 6.9386986551e-09 6.9180506161e-09 7.8557791442e-10
7.7026367188e+01 1.4614812921e-08 6.8851150463e-09 6.9431474547e-09 7.8655042036e-10
7.7087402344e+01 1.4396442258e-08 6.7773010776e-09 6.8454597622e-09 7.7368141849e-10
7.7148437500e+01 1.4178294229e-08 6.6696006109e-09 6.7504243125e-09 7.5826930567e-10
7.7209472656e+01 1.4084663098e-08 6.6434859897e-09 6.6803498867e-09 7.6082722162e-10
7.7270507812e+01 1.3911332596e-08 6.5456666408e-09 6.6101683491e-09 7.5549760568e-10
7.7331542969e+01 1.3807356227e-08 6.4881658635e-09 6.5682778663e-09 7.5091249756e-10
7.7392578125e+01 1.3778503556e-08 6.4464598995e-09 6.5844956692e-09 7.4754798773e-10
7.7453613281e+01 1.3741036532e-08 6.4181490843e-09 6.5855690582e-09 7.3731838959e-10
7.7514648438e+01 1.3430566217e-08 6.3074824811e-09 6.3868920560e-09 7.3619167956e-10
7.7575683594e+01 1.3339565786e-08 6.3016294510e-09 6.3045669331e-09 7.3336940216e-10
7.7636718750e+01 1.3326271270e-08 6.2648748516e-09 6.3353934110e-09 7.2600300754e-10
7.7697753906e+01 1.3274504552e-08 6.2449003105e-09 6.3062240766e-09 7.2338016457e-10
7.7758789062e+01 1.3153407321e-08 6.1756710965e-09 6.2538959448e-09 7.2384027925e-10
7.7819824219e+01 1.3054048060e-08 6.1124245173e-09 6.2185396255e-09 7.2308391704e-10
7.7880859375e+01 1.2940985651e-08 6.0392119401e-09 6.1858616711e-09 7.1591203997e-10
7.7941894531e+01 1.2733410391e-08 5.9408591789e-09 6.0803922764e-09 7.1215893573e-10
7.8002929688e+01 1.2765638973e-08 5.9670280419e-09 6.0907325304e-09 7.0787840064e-10
7.8063964844e+01 1.2847726765e-08 6.0003790808e-09 6.1371459780e-09 7.1020170643e-10
7.8125000000e+01 1.2834469551e-08 6.0152343262e-09 6.1205945612e-09 6.9864066399e-10
7.8186035156e+01 1.2511061481e-08 5.8529389077e-09 5.9617197766e-09 6.9640279660e-10
7.8247070312e+01 1.2244545235e-08 5.7651641383e-09 5.7895459254e-09 6.8983517139e-10
7.8308105469e+01 1.2213623306e-08 5.7560344772e-09 5.7687389772e-09 6.8884985110e-10
7.8369140625e+01 1.2106047581e-08 5.6480818110e-09 5.7653423024e-09 6.9262346754e-10
7.8430175781e+01 1.1960210578e-08 5.5269333547e-09 5.7500104007e-09 6.8326682211e-10
7.8491210938e+01 1.1997100796e-08 5.5724666142e-09 5.7396760914e-09 6.8495809065e-10
7.8552246094e+01 1.1982905094e-08 5.6012625415e-09 5.6970675730e-09 6.8457497921e-10
7.8613281250e+01 1.1898178439e-08 5.5731412285e-09 5.6459576064e-09 6.7907960424e-10
7.8674316406e+01 1.1834810346e-08 5.5754172079e-09 5.5971956999e-09 6.6219743776e-10
7.8735351562e+01 1.1767296951e-08 5.5348069437e-09 5.5788041028e-09 6.5368590437e-10
7.8796386719e+01 1.1711921745e-08 5.4459580351e-09 5.6083966356e-09 6.5756707430e-10
7.8857421875e+01 1.1633024825e-08 5.3538720791e-09 5.6255224382e-09 6.5363030772e-10
7.8918457031e+01 1.1488188188e-08 5.2705117009e-09 5.5798763387e-09 6.3780014836e-10
7.8979492188e+01 1.1415788436e-08 5.2842135838e-09 5.4996867579e-09 6.3188809420e-10
7.9040527344e+01 1.1364435669e-08 5.2738823830e-09 5.4483564292e-09 6.4219685682e-10
7.9101562500e+01 1.1277357894e-08 5.2137315672e-09 5.4290617218e-09 6.3456460494e-10
7.9162597656e+01 1.1069394157e-08 5.0721786263e-09 5.3628272509e-09 6.3438827962e-10
7.9223632812e+01 1.1037043707e-08 5.0827571681e-09 5.3316856695e-09 6.2260086950e-10
7.9284667969e+01 1.0994548664e-08 5.0854453067e-09 5.2990416531e-09 6.1006170412e-10
7.9345703125e+01 1.0978067162e-08 5.0972929313e-09 5.2681246798e-09 6.1264955084e-10
7.9406738281e+01 1.0796606141e-08 4.9963641521e-09 5.1864223270e-09 6.1381966231e-10
7.9467773438e+01 1.0705706908e-08 4.9105292387e-09 5.1978118740e-09 5.9736579536e-10
7.9528808594e+01 1.0663257002e-08 4.8862965003e-09 5.1811083518e-09 5.9585215001e-10
7.9589843750e+01 1.0475936963e-08 4.7744192647e-09 5.1052644418e-09 5.9625325623e-10
7.9650878906e+01 1.0422762489e-08 4.7488873952e-09 5.0877875207e-09 5.8608757340e-10
7.9711914062e+01 1.0409945298e-08 4.7219044929e-09 5.1116705379e-09 5.7637026674e-10
7.9772949219e+01 1.0227332966e-08 4.6246339293e-09 5.0300000361e-09 5.7269900101e-10
7.9833984375e+01 1.0071309238e-08 4.5823718750e-09 4.9329446483e-09 5.5599271507e-10
7.9895019531e+01 1.0004963071e-08 4.5746769370e-09 4.8862960115e-09 5.4399012243e-10
7.9956054688e+01 9.8634805876e-09 4.4667659569e-09 4.8558950374e-09 5.4081959325e-10
8.0017089844e+01 9.8101501474e-09 4.4661827664e-09 4.8025453864e-09 5.4142199470e-10
8.0078125000e+01 9.6672721187e-09 4.4268172095e-09 4.7049256648e-09 5.3552924437e-10
8.0139160156e+01 9.5885239782e-09 4.3962779472e-09 4.6650922893e-09 5.2715374170e-10
8.0200195312e+01 9.5350944392e-09 4.3481695410e-09 4.6604381567e-09 5.2648674150e-10
8.0261230469e+01 9.4490930316e-09 4.3565084985e-09 4.5765520597e-09 5.1603247342e-10
8.0322265625e+01 9.3440162366e-09 4.2872304880e-09 4.5494607946e-09 5.0732495398e-10
8.0383300781e+01 9.2256602930e-09 4.2380152110e-09 4.4917064001e-09 4.9593868188e-10
8.0444335938e+01 9.1345936967e-09 4.1712607505e-09 4.4790148807e-09 4.8431806550e-10
8.0505371094e+01 9.0048438438e-09 4.1224710440e-09 4.3939921331e-09 4.8838066682e-10
8.0566406250e+01 8.8651855876e-09 4.0563579066e-09 4.3312419412e-09 4.7758573986e-10
8.0627441406e+01 8.7856612350e-09 4.0186559893e-09 4.3002451958e-09 4.6676004987e-10
8.0688476562e+01 8.7224318861e-09 3.9667867121e-09 4.2987543519e-09 4.5689082210e-10
8.0749511719e+01 8.6106473667e-09 3.8901437068e-09 4.2705638392e-09 4.4993982073e-10
8.0810546875e+01 8.5234074689e-09 3.8487724852e-09 4.2290055386e-09 4.4562944509e-10
8.0871582031e+01 8.4648381733e-09 3.8227846946e-09 4.2068147119e-09 4.3523876687e-10
8.0932617188e+01 8.3637962729e-09 3.7946792124e-09 4.1413532412e-09 4.2776381932e-10
8.0993652344e+01 8.2171077317e-09 3.7368466435e-09 4.0667584794e-09 4.1350260874e-10
8.1054687500e+01 8.1143619411e-09 3.7054789315e-09 4.0033782199e-09 4.0550478965e-10
8.1115722656e+01 8.0544828773e-09 3.6698971425e-09 3.9904387952e-09 3.9414693958e-10
8.1176757812e+01 7.9176192338e-09 3.5848022401e-09 3.9460466329e-09 3.8677036082e-10
8.1237792969e+01 7.7644297539e-09 3.5258350170e-09 3.8621419582e-09 3.7645277877e-10
8.1298828125e+01 7.6963830034e-09 3.4860607249e-09 3.8441303909e-09 3.6619188757e-10
8.1359863281e+01 7.6111173337e-09 3.4567579954e-09 3.7974533165e-09 3.5690602181e-10
8.1420898438e+01 7.5383553891e-09 3.4110778927e-09 3.7783487197e-09 3.4892877670e-10
8.1481933594e+01 7.4619047190e-09 3.3634413398e-09 3.7522704504e-09 3.4619292879e-10
8.1542968750e+01 7.2823392742e-09 3.2915940924e-09 3.6587235433e-09 3.3202163855e-10
8.1604003906e+01 7.2131196864e-09 3.2807057350e-09 3.6096087451e-09 3.2280520628e-10
8.1665039062e+01 7.1768370558e-09 3.2695894029e-09 3.5907427664e-09 3.1650488643e-10
8.1726074219e+01 7.0337905645e-09 3.1758364049e-09 3.5495474634e-09 3.0840669617e-10
8.1787109375e+01 6.9048147620e-09 3.1339011590e-09 3.4686301202e-09 3.0228348275e-10
8.1848144531e+01 6.8780320003e-09 3.1161047850e-09 3.4676677443e-09 2.9425947095e-10
8.1909179688e+01 6.7647188086e-09 3.0571620577e-09 3.4243879624e-09 2.8316878851e-10
8.1970214844e+01 6.6288974208e-09 3.0213740369e-09 3.3321642389e-09 2.7535914501e-10
8.2031250000e+01 6.5147103736e-09 2.9441557464e-09 3.3062631944e-09 2.6429143276e-10
8.2092285156e+01 6.4159423191e-09 2.9066595721e-09 3.2535897203e-09 2.5569302671e-10
8.2153320312e+01 6.3801433535e-09 2.9034400308e-09 3.2286047726e-09 2.4809855007e-10
8.2214355469e+01 6.2744490748e-09 2.8343622058e-09 3.1997634761e-09 2.4032339281e-10
8.2275390625e+01 6.2145070095e-09 2.8251242106e-09 3.1507335921e-09 2.3864920681e-10
8.2336425781e+01 6.1453350945e-09 2.8022783918e-09 3.1107651001e-09 2.3229160259e-10
8.2397460938e+01 5.9868253992e-09 2.7134744866e-09 3.0483250819e-09 2.2502583073e-10
8.2458496094e+01 5.9190732254e-09 2.6838437344e-09 3.0172339661e-09 2.1799552503e-10
8.2519531250e+01 5.8127740372e-09 2.6690474601e-09 2.9311484294e-09 2.1257814776e-10
8.2580566406e+01 5.6836008814e-09 2.6095990914e-09 2.8676960675e-09 2.0630572256e-10
8.2641601562e+01 5.5809764283e-09 2.5402493009e-09 2.8394501130e-09 2.0127701438e-10
8.2702636719e+01 5.5392424910e-09 2.5128604287e-09 2.8299489326e-09 1.9643312963e-10
8.2763671875e+01 5.4401406415e-09 2.4730906465e-09 2.7762313944e-09 1.9081860063e-10
8.2824707031e+01 5.3010391702e-09 2.4281168035e-09 2.6901375916e-09 1.8278477512e-10
8.2885742188e+01 5.2101308675e-09 2.4046836870e-09 2.6281771491e-09 1.7727003132e-10
8.2946777344e+01 5.1175729929e-09 2.3831792601e-09 2.5641143029e-09 1.7027942985e-10
8.3007812500e+01 5.0343927389e-09 2.3368209869e-09 2.5315791307e-09 1.6599262139e-10
8.3068847656e+01 4.9343965049e-09 2.2670035785e-09 2.5057454970e-09 1.6164742946e-10
8.3129882812e+01 4.8299345353e-09 2.2399394767e-09 2.4346485284e-09 1.5534653019e-10
8.3190917969e+01 4.7345706608e-09 2.1938803434e-09 2.3892761473e-09 1.5141417013e-10
8.3251953125e+01 4.6682818779e-09 2.1617081745e-09 2.3568997385e-09 1.4967396485e-10
8.3312988281e+01 4.5754493619e-09 2.1223110408e-09 2.3076543337e-09 1.4548398740e-10
8.3374023438e+01 4.5041435199e-09 2.0931508001e-09 2.2699739807e-09 1.4101873902e-10
8.3435058594e+01 4.4549487415e-09 2.0868990796e-09 2.2316971124e-09 1.3635254952e-10
8.3496093750e+01 4.3577001876e-09 2.0502766990e-09 2.1752663288e-09 1.3215715984e-10
8.3557128906e+01 4.2562144151e-09 1.9937817345e-09 2.1350300052e-09 1.2740267545e-10
8.3618164062e+01 4.1692034224e-09 1.9483599906e-09 2.0976063827e-09 1.2323704904e-10
8.3679199219e+01 4.1037808222e-09 1.9393234018e-09 2.0452641583e-09 1.1919326219e-10
8.3740234375e+01 4.0111071746e-09 1.8991137870e-09 1.9971652796e-09 1.1482810800e-10
8.3801269531e+01 3.9374232443e-09 1.8541090118e-09 1.9720419525e-09 1.1127228002e-10
8.3862304688e+01 3.8506273087e-09 1.8291286426e-09 1.9131644592e-09 1.0833420697e-10
8.3923339844e+01 3.7593377099e-09 1.7806409765e-09 1.8747213925e-09 1.0397534086e-10
8.3984375000e+01 3.6971205491e-09 1.7537828376e-09 1.8416208717e-09 1.0171683979e-10
8.4045410156e+01 3.6082589417e-09 1.7216616037e-09 1.7899674670e-09 9.6629871006e-11
8.4106445312e+01 3.5380811970e-09 1.6907308028e-09 1.7541304012e-09 9.3219993015e-11
8.4167480469e+01 3.4758403510e-09 1.6651656397e-09 1.7204666354e-09 9.0208075841e-11
8.4228515625e+01 3.3705666514e-09 1.6156343499e-09 1.6672501365e-09 8.7682164914e-11
8.4289550781e+01 3.3076299007e-09 1.5901738141e-09 1.6325111372e-09 8.4944949422e-11
8.4350585938e+01 3.2620042339e-09 1.5623730327e-09 1.6175413521e-09 8.2089849064e-11
8.4411621094e+01 3.1947674224e-09 1.5288021947e-09 1.5866474906e-09 7.9317737061e-11
8.4472656250e+01 3.1663567947e-09 1.5337464077e-09 1.5561757998e-09 7.6434587164e-11
8.4533691406e+01 3.1117908901e-09 1.5054273754e-09 1.5324245496e-09 7.3938965059e-11
8.4594726562e+01 3.0108642693e-09 1.4578322381e-09 1.4817903353e-09 7.1241695863e-11
8.4655761719e+01 2.9712880526e-09 1.4435638416e-09 1.4587789063e-09 6.8945304724e-11
8.4716796875e+01 2.8968661686e-09 1.4143475994e-09 1.4168189076e-09 6.5699661655e-11
8.4777832031e+01 2.8540102348e-09 1.3998982961e-09 1.3908357966e-09 6.3276142096e-11
8.4838867188e+01 2.8150976418e-09 1.3769571847e-09 1.3761358281e-09 6.2004629014e-11
8.4899902344e+01 2.7707899311e-09 1.3509242461e-09 1.3597885369e-09 6.0077148049e-11
8.4960937500e+01 2.7205623046e-09 1.3240882363e-09 1.3384428052e-09 5.8031263108e-11
8.5021972656e+01 2.6586955324e-09 1.3028519425e-09 1.2997035273e-09 5.6140062652e-11
8.5083007812e+01 2.6194488017e-09 1.2885517449e-09 1.2766512552e-09 5.4245801626e-11
8.5144042969e+01 2.5599057554e-09 1.2507011556e-09 1.2563732497e-09 5.2831350148e-11
8.5205078125e+01 2.5196965240e-09 1.2364542625e-09 1.2322087896e-09 5.1033471907e-11
8.5266113281e+01 2.4967187308e-09 1.2330827844e-09 1.2133779855e-09 5.0257960855e-11
8.5327148438e+01 2.4712040233e-09 1.2105666985e-09 1.2114222833e-09 4.9215041569e-11
8.5388183594e+01 2.4400682489e-09 1.1858596876e-09 1.2062332007e-09 4.7975360619e-11
8.5449218750e+01 2.4077426482e-09 1.1728494206e-09 1.1885419650e-09 4.6351262583e-11
8.5510253906e+01 2.3620842191e-09 1.1582568333e-09 1.1584612635e-09 4.5366122284e-11
8.5571289062e+01 2.3317878233e-09 1.1480840669e-09 1.1393197322e-09 4.4384024230e-11
8.5632324219e+01 2.2810600526e-09 1.1127586293e-09 1.1249008487e-09 4.3400574685e-11
8.5693359375e+01 2.2372578376e-09 1.0884179091e-09 1.1062274649e-09 4.2612463690e-11
8.5754394531e+01 2.2073807458e-09 1.0894100575e-09 1.0762487445e-09 4.1721943803e-11
8.5815429688e+01 2.1735616389e-09 1.0755055849e-09 1.0574097413e-09 4.0646312683e-11
8.5876464844e+01 2.1392043731e-09 1.0606194790e-09 1.0383502398e-09 4.0234654310e-11
8.5937500000e+01 2.1010681960e-09 1.0420439275e-09 1.0197244272e-09 3.9299841349e-11
8.5998535156e+01 2.0579151925e-09 1.0178477265e-09 1.0016811456e-09 3.8386320393e-11
8.6059570312e+01 2.0134004528e-09 1.0073355279e-09 9.6821777267e-10 3.7847152257e-11
8.6120605469e+01 1.9866153211e-09 9.9412837295e-10 9.5526204391e-10 3.7224904284e-11
8.6181640625e+01 1.9508877793e-09 9.7238905836e-10 9.4173785176e-10 3.6760869140e-11
8.6242675781e+01 1.9124216990e-09 9.5585073480e-10 9.2039104399e-10 3.6179920160e-11
8.6303710938e+01 1.8808974374e-09 9.3838809071e-10 9.0650668014e-10 3.6002666523e-11
8.6364746094e+01 1.8441019182e-09 9.1943652804e-10 8.8935226763e-10 3.5313122501e-11
8.6425781250e+01 1.8025999190e-09 9.0569473015e-10 8.6185775280e-10 3.5047436047e-11
8.6486816406e+01 1.7625090755e-09 8.9251989985e-10 8.3542410786e-10 3.4565067788e-11
8.6547851562e+01 1.7414617435e-09 8.8643506612e-10 8.2066519848e-10 3.4361478947e-11
8.6608886719e+01 1.7100466364e-09 8.7614690547e-10 8.0004275783e-10 3.3856973115e-11
8.6669921875e+01 1.6900865499e-09 8.7198175051e-10 7.8521514053e-10 3.2889658879e-11
8.6730957031e+01 1.6570461704e-09 8.5406038272e-10 7.7044195467e-10 3.2543832988e-11
8.6791992188e+01 1.6220521134e-09 8.3673376571e-10 7.5283865272e-10 3.2479694928e-11
8.6853027344e+01 1.6034274331e-09 8.2517343308e-10 7.4595019842e-10 3.2303801648e-11
8.6914062500e+01 1.5823321965e-09 8.1450799425e-10 7.3634106208e-10 3.1483140127e-11
8.6975097656e+01 1.5502253013e-09 8.0109764306e-10 7.1833032745e-10 3.0797330753e-11
8.7036132812e+01 1.5423302527e-09 8.0481856284e-10 7.0692867233e-10 3.0583017513e-11
8.7097167969e+01 1.5230296286e-09 7.9807973847e-10 6.9442650060e-10 3.0523389571e-11
8.7158203125e+01 1.4997302249e-09 7.8646958829e-10 6.8320575541e-10 3.0054881210e-11
8.7219238281e+01 1.4840955623e-09 7.7240667180e-10 6.8164687929e-10 3.0042011226e-11
8.7280273438e+01 1.4658817831e-09 7.7035871319e-10 6.6564655130e-10 2.9876518597e-11
8.7341308594e+01 1.4540116647e-09 7.6346950972e-10 6.6115718790e-10 2.9384967046e-11
8.7402343750e+01 1.4338940394e-09 7.5111744781e-10 6.5374547393e-10 2.9031117653e-11
8.7463378906e+01 1.4287383032e-09 7.4616159738e-10 6.5393922367e-10 2.8637482145e-11
8.7524414062e+01 1.4318977503e-09 7.4944446491e-10 6.5384027110e-10 2.8613014312e-11
8.7585449219e+01 1.4244180337e-09 7.4417661671e-10 6.5213058522e-10 2.8110831806e-11
8.7646484375e+01 1.4275034837e-09 7.4360420845e-10 6.5608533218e-10 2.7813943038e-11
8.7707519531e+01 1.4263470641e-09 7.4279552614e-10 6.5576221023e-10 2.7789327748e-11
8.7768554688e+01 1.4092980726e-09 7.3256248857e-10 6.4967085023e-10 2.7064733843e-11
8.7829589844e+01 1.4054512953e-09 7.3081408676e-10 6.4774664147e-10 2.6890567111e-11
8.7890625000e+01 1.4070114777e-09 7.3261342180e-10 6.4768392360e-10 2.6714132253e-11
8.7951660156e+01 1.4112290751e-09 7.3242527080e-10 6.5221100634e-10 2.6592798012e-11
8.8012695312e+01 1.4129008213e-09 7.2817847695e-10 6.5834272912e-10 2.6379615220e-11
8.8073730469e+01 1.4159150189e-09 7.2874196749e-10 6.6123397918e-10 2.5939072189e-11
8.8134765625e+01 1.4071868685e-09 7.1508298572e-10 6.6624778664e-10 2.5856096117e-11
8.8195800781e+01 1.4105497523e-09 7.1024256560e-10 6.7453021249e-10 2.5776974178e-11
8.8256835938e+01 1.4309620037e-09 7.1998846775e-10 6.8563415393e-10 2.5339382058e-11
8.8317871094e+01 1.4358115575e-09 7.2179632696e-10 6.8903833452e-10 2.4976896002e-11
8.8378906250e+01 1.4207517049e-09 7.1024591715e-10 6.8535550013e-10 2.5150287602e-11
8.8439941406e+01 1.4147343135e-09 7.0537712206e-10 6.8414697004e-10 2.5210221387e-11
8.8500976562e+01 1.4399116461e-09 7.1367423047e-10 7.0132891287e-10 2.4908502796e-11
8.8562011719e+01 1.4473911591e-09 7.1956743954e-10 7.0321849391e-10 2.4605225604e-11
8.8623046875e+01 1.4479143171e-09 7.1972552959e-10 7.0389865282e-10 2.4290134640e-11
8.8684082031e+01 1.4383577060e-09 7.0690971845e-10 7.0731585611e-10 2.4132131394e-11
8.8745117188e+01 1.4280991066e-09 6.9831136042e-10 7.0547503024e-10 2.4312715905e-11
8.8806152344e+01 1.4531589290e-09 7.0778147888e-10 7.2156388027e-10 2.3813569820e-11
8.8867187500e+01 1.4605556346e-09 7.1243296088e-10 7.2463401737e-10 2.3488656330e-11
8.8928222656e+01 1.4582373664e-09 7.1544379036e-10 7.1926130535e-10 2.3532270735e-11
8.8989257812e+01 1.4707798644e-09 7.1489363489e-10 7.3256791089e-10 2.3318318619e-11
8.9050292969e+01 1.4761406153e-09 7.0526345871e-10 7.4766404483e-10 2.3213111782e-11
8.9111328125e+01 1.4767964638e-09 6.9963155613e-10 7.5416900614e-10 2.2995901485e-11
8.9172363281e+01 1.4763128143e-09 7.0242951377e-10 7.5096181646e-10 2.2921484026e-11
8.9233398438e+01 1.4892560906e-09 7.1106566472e-10 7.5589391203e-10 2.2296513850e-11
8.9294433594e+01 1.4842619323e-09 7.0656971544e-10 7.5535118572e-10 2.2341031104e-11
8.9355468750e+01 1.5005281386e-09 7.0598372112e-10 7.7213222594e-10 2.2412191500e-11
8.9416503906e+01 1.5062620449e-09 7.1446849440e-10 7.6993505142e-10 2.1858499080e-11
8.9477539062e+01 1.5055997104e-09 7.1034739778e-10 7.7349876577e-10 2.1753546798e-11
8.9538574219e+01 1.5021357295e-09 7.0933503151e-10 7.7098645978e-10 2.1814238156e-11
8.9599609375e+01 1.5057558536e-09 7.0929991953e-10 7.7523988237e-10 2.1216051667e-11
8.9660644531e+01 1.5075722415e-09 7.0850368323e-10 7.7777784435e-10 2.1290713959e-11
8.9721679688e+01 1.5172887170e-09 7.1095844399e-10 7.8514028597e-10 2.1189987043e-11
8.9782714844e+01 1.5013420685e-09 6.9713078314e-10 7.8311654390e-10 2.1094741466e-11
8.9843750000e+01 1.5113732636e-09 6.9249052551e-10 7.9822323963e-10 2.0659498471e-11
8.9904785156e+01 1.4984596950e-09 6.9250187509e-10 7.8522232056e-10 2.0735499371e-11
8.9965820312e+01 1.4995652155e-09 6.9043056635e-10 7.8834312877e-10 2.0791520330e-11
9.0026855469e+01 1.4969837849e-09 6.8834122580e-10 7.8791872503e-10 2.0723834074e-11
9.0087890625e+01 1.5040434298e-09 6.9528459757e-10 7.8835358243e-10 2.0405249775e-11
9.0148925781e+01 1.5054765139e-09 6.8247355679e-10 8.0274465506e-10 2.0258302045e-11
9.0209960938e+01 1.5042317465e-09 6.8293814570e-10 8.0102027192e-10 2.0273328870e-11
9.0270996094e+01 1.4994095802e-09 6.7831077244e-10 8.0094158236e-10 2.0157225408e-11
9.0332031250e+01 1.4921238713e-09 6.7810791155e-10 7.9393466174e-10 2.0081298043e-11
9.0393066406e+01 1.4833539032e-09 6.7537700783e-10 7.8830562404e-10 1.9671271342e-11
9.0454101562e+01 1.4884259368e-09 6.7606139838e-10 7.9310290580e-10 1.9261632625e-11
9.0515136719e+01 1.4848783855e-09 6.7510980564e-10 7.9043018903e-10 1.9338390824e-11
9.0576171875e+01 1.4923948523e-09 6.7389815378e-10 7.9917711490e-10 1.9319583677e-11
9.0637207031e+01 1.4856088956e-09 6.6646385615e-10 8.0009219809e-10 1.9052841358e-11
9.0698242188e+01 1.4688397257e-09 6.5626668111e-10 7.9372287180e-10 1.8850172849e-11
9.0759277344e+01 1.4630336191e-09 6.5579286921e-10 7.8850557876e-10 1.8735171162e-11
9.0820312500e+01 1.4553905389e-09 6.4909798252e-10 7.8764015425e-10 1.8652402167e-11
9.0881347656e+01 1.4554646215e-09 6.5394746689e-10 7.8304029400e-10 1.8476860573e-11
9.0942382812e+01 1.4652395982e-09 6.5643129593e-10 7.9060790434e-10 1.8200397974e-11
9.1003417969e+01 1.4677480693e-09 6.5339458661e-10 7.9639729643e-10 1.7956186231e-11
9.1064453125e+01 1.4439629784e-09 6.4255128447e-10 7.8350425605e-10 1.7907437909e-11
9.1125488281e+01 1.4346253279e-09 6.4374740254e-10 7.7286729013e-10 1.8010635217e-11
9.1186523438e+01 1.4320688333e-09 6.4274358009e-10 7.7150748723e-10 1.7817766001e-11
9.1247558594e+01 1.4214606678e-09 6.2697666615e-10 7.7667933007e-10 1.7804671539e-11
9.1308593750e+01 1.4156819314e-09 6.2213064768e-10 7.7604548510e-10 1.7505798617e-11
9.1369628906e+01 1.4236292804e-09 6.2665157972e-10 7.7974191936e-10 1.7235781362e-11
9.1430664062e+01 1.4235620236e-09 6.1985455215e-10 7.8658105606e-10 1.7126415427e-11
9.1491699219e+01 1.4064785751e-09 6.1478280695e-10 7.7455490471e-10 1.7140863485e-11
9.1552734375e+01 1.4064582563e-09 6.1104985438e-10 7.7838625543e-10 1.7022146492e-11
9.1613769531e+01 1.4044571773e-09 6.0740238575e-10 7.8007248899e-10 1.6982302526e-11
9.1674804688e+01 1.3931970669e-09 6.0068760683e-10 7.7558553206e-10 1.6923928063e-11
9.1735839844e+01 1.4026485441e-09 6.0315140972e-10 7.8269755127e-10 1.6799583083e-11
9.1796875000e+01 1.4024346473e-09 6.0594843775e-10 7.7990736631e-10 1.6578843262e-11
9.1857910156e+01 1.3925337605e-09 6.0411770263e-10 7.7201604529e-10 1.6400012547e-11
9.1918945312e+01 1.4030588753e-09 6.0796349198e-10 7.7895424553e-10 1.6141137733e-11
9.1979980469e+01 1.3828558100e-09 5.8969635433e-10 7.7716737949e-10 1.5992076152e-11
9.2041015625e+01 1.3864265725e-09 5.8897586842e-10 7.8145812128e-10 1.5992582832e-11
9.2102050781e+01 1.3842968558e-09 5.8926621436e-10 7.7922705666e-10 1.5803584768e-11
9.2163085938e+01 1.3770920486e-09 5.8522926284e-10 7.7608319587e-10 1.5779589868e-11
9.2224121094e+01 1.3616437346e-09 5.7908178119e-10 7.6703663667e-10 1.5525316695e-11
9.2285156250e+01 1.3431243823e-09 5.6473389405e-10 7.6306884970e-10 1.5321638535e-11
9.2346191406e+01 1.3516266711e-09 5.6707924217e-10 7.6925545173e-10 1.5291977204e-11
9.2407226562e+01 1.3565774066e-09 5.7212923518e-10 7.6935838143e-10 1.5089790021e-11
9.2468261719e+01 1.3307757035e-09 5.5793796017e-10 7.5797443640e-10 1.4863306907e-11
9.2529296875e+01 1.3209514941e-09 5.5184164166e-10 7.5428663357e-10 1.4823218857e-11
9.2590332031e+01 1.3032476474e-09 5.4791815553e-10 7.4057397423e-10 1.4755517674e-11
9.2651367188e+01 1.2949211325e-09 5.4014935752e-10 7.4019889754e-10 1.4572877471e-11
9.2712402344e+01 1.2780072471e-09 5.3194000275e-10 7.3160247191e-10 1.4464772457e-11
9.2773437500e+01 1.2746721597e-09 5.2784367047e-10 7.3245797772e-10 1.4370511536e-11
9.2834472656e+01 1.2624733342e-09 5.2514729817e-10 7.2292686656e-10 1.4399169450e-11
9.2895507812e+01 1.2573784864e-09 5.2271537359e-10 7.2041630836e-10 1.4246804476e-11
9.2956542969e+01 1.2354178901e-09 5.1177123369e-10 7.1001004852e-10 1.3636607889e-11
9.3017578125e+01 1.2317164749e-09 5.1196282228e-10 7.0620027571e-10 1.3553376872e-11
9.3078613281e+01 1.2244437270e-09 5.0622514082e-10 7.0461864854e-10 1.3599937689e-11
9.3139648438e+01 1.2072913392e-09 4.9869572333e-10 6.9524725833e-10 1.3348357494e-11
9.3200683594e+01 1.1877129199e-09 4.9900862173e-10 6.7549968209e-10 1.3204616065e-11
9.3261718750e+01 1.1635372996e-09 4.8600390486e-10 6.6431030518e-10 1.3223089556e-11
9.3322753906e+01 1.1465348068e-09 4.7833036966e-10 6.5511918583e-10 1.3085251362e-11
9.3383789062e+01 1.1343805337e-09 4.6964001629e-10 6.5190853828e-10 1.2831979135e-11
9.3444824219e+01 1.1186537056e-09 4.6381940440e-10 6.4230968580e-10 1.2524615402e-11
9.3505859375e+01 1.0982309047e-09 4.5616521872e-10 6.2969198834e-10 1.2373697673e-11
9.3566894531e+01 1.0880117652e-09 4.4741268910e-10 6.2829081923e-10 1.2308256839e-11
9.3627929688e+01 1.0697943814e-09 4.3780891061e-10 6.1986855307e-10 1.2116917732e-11
9.3688964844e+01 1.0536327020e-09 4.3218244289e-10 6.0955127894e-10 1.1898980177e-11
9.3750000000e+01 1.0315078143e-09 4.2637887834e-10 5.9332615268e-10 1.1802783278e-11
9.3811035156e+01 1.0138479274e-09 4.1329815362e-10 5.8887276421e-10 1.1677009572e-11
9.3872070312e+01 1.0023588303e-09 4.0213125092e-10 5.8868361238e-10 1.1543967002e-11
9.3933105469e+01 9.7496954150e-10 3.9591729748e-10 5.6763288167e-10 1.1419362348e-11
9.3994140625e+01 9.5944674608e-10 3.8861576885e-10 5.5934305528e-10 1.1487921947e-11
9.4055175781e+01 9.4901011189e-10 3.8321250486e-10 5.5454032678e-10 1.1257280260e-11
9.4116210938e+01 9.3268783214e-10 3.7508957864e-10 5.4652244528e-10 1.1075808219e-11
9.4177246094e+01 9.2524835918e-10 3.6781611387e-10 5.4656429699e-10 1.0867948310e-11
9.4238281250e+01 9.0900626197e-10 3.5887292764e-10 5.3954080106e-10 1.0592533269e-11
9.4299316406e+01 8.8790304626e-10 3.5028088848e-10 5.2718221305e-10 1.0439944729e-11
9.4360351562e+01 8.6702158106e-10 3.4064294313e-10 5.1603252714e-10 1.0346110790e-11
9.4421386719e+01 8.5110303155e-10 3.3539814017e-10 5.0555163604e-10 1.0153255335e-11
9.4482421875e+01 8.4457170319e-10 3.3210561994e-10 5.0242956916e-10 1.0036514094e-11
9.4543457031e+01 8.2793325215e-10 3.1927294733e-10 4.9865581418e-10 1.0004490638e-11
9.4604492188e+01 8.0826105339e-10 3.1347412605e-10 4.8491332589e-10 9.8736014524e-12
9.4665527344e+01 7.8600233878e-10 3.0375175543e-10 4.7261115731e-10 9.6394260367e-12
9.4726562500e+01 7.6751969229e-10 2.9883788315e-10 4.5913100020e-10 9.5508089303e-12
9.4787597656e+01 7.5740809791e-10 2.9387730627e-10 4.5416483817e-10 9.3659534637e-12
9.4848632812e+01 7.4131074911e-10 2.8820398513e-10 4.4380709562e-10 9.2996683556e-12
9.4909667969e+01 7.2834743532e-10 2.7839073213e-10 4.4078412796e-10 9.1725752301e-12
9.4970703125e+01 7.2181947428e-10 2.7793779803e-10 4.3484673762e-10 9.0349386270e-12
9.5031738281e+01 7.1342176779e-10 2.7638768309e-10 4.2809811426e-10 8.9359704442e-12
9.5092773438e+01 6.8891161846e-10 2.7005243389e-10 4.1003964117e-10 8.8195434097e-12
9.5153808594e+01 6.7232550530e-10 2.6592619893e-10 3.9774710615e-10 8.6522002221e-12
9.5214843750e+01 6.7055885031e-10 2.6441947138e-10 3.9764960700e-10 8.4897719261e-12
9.5275878906e+01 6.5702315487e-10 2.6120108625e-10 3.8750038306e-10 8.3216855603e-12
9.5336914062e+01 6.3861835418e-10 2.5840343341e-10 3.7199197166e-10 8.2229491115e-12
9.5397949219e+01 6.3142306210e-10 2.5900470821e-10 3.6435300211e-10 8.0653517788e-12
9.5458984375e+01 6.2083375489e-10 2.5691005157e-10 3.5598177952e-10 7.9419237958e-12
9.5520019531e+01 6.0886240446e-10 2.5301486554e-10 3.4806548600e-10 7.7820529168e-12
9.5581054688e+01 5.9794854101e-10 2.4908389161e-10 3.4129432284e-10 7.5703265635e-12
9.5642089844e+01 5.8011567917e-10 2.4681702572e-10 3.2582622805e-10 7.4724254038e-12
9.5703125000e+01 5.7059259848e-10 2.4541319343e-10 3.1770670597e-10 7.4726990750e-12
9.5764160156e+01 5.5582118774e-10 2.4345873360e-10 3.0510583792e-10 7.2566162253e-12
9.5825195312e+01 5.4312202258e-10 2.4069195324e-10 2.9526973001e-10 7.1603393272e-12
9.5886230469e+01 5.2793244587e-10 2.3652099329e-10 2.8439754048e-10 7.0139120937e-12
9.5947265625e+01 5.1108347440e-10 2.3314146856e-10 2.7108491620e-10 6.8570896366e-12
9.6008300781e+01 4.9476595030e-10 2.2731018455e-10 2.6069131935e-10 6.7644464001e-12
9.6069335938e+01 4.8400862454e-10 2.2574380721e-10 2.5160051695e-10 6.6643003880e-12
9.6130371094e+01 4.6788754330e-10 2.2003245175e-10 2.4135357108e-10 6.5015204691e-12
9.6191406250e+01 4.5225773448e-10 2.1548905293e-10 2.3035975252e-10 6.4089290249e-12
9.6252441406e+01 4.3595994896e-10 2.0983304860e-10 2.1976066567e-10 6.3662346905e-12
9.6313476562e+01 4.2140314926e-10 2.0428229670e-10 2.1095043980e-10 6.1704127615e-12
9.6374511719e+01 4.0827286077e-10 2.0112541807e-10 2.0111494113e-10 6.0325015742e-12
9.6435546875e+01 3.9260304879e-10 1.9509447358e-10 1.9148388507e-10 6.0246901426e-12
9.6496582031e+01 3.7758488756e-10 1.8853520522e-10 1.8313695991e-10 5.9127224253e-12
9.6557617188e+01 3.6287124568e-10 1.8292872971e-10 1.7412348205e-10 5.8190339226e-12
9.6618652344e+01 3.5211712081e-10 1.8027325333e-10 1.6619704871e-10 5.6468187719e-12
9.6679687500e+01 3.3580113319e-10 1.7449164809e-10 1.5582317567e-10 5.4863094388e-12
9.6740722656e+01 3.2261393661e-10 1.6786243527e-10 1.4927706274e-10 5.4744386012e-12
9.6801757812e+01 3.1073354964e-10 1.6321127450e-10 1.4210894422e-10 5.4133309219e-12
9.6862792969e+01 2.9670586768e-10 1.5649053010e-10 1.3495244118e-10 5.2628964025e-12
9.6923828125e+01 2.8483854346e-10 1.5026390170e-10 1.2940409519e-10 5.1705465701e-12
9.6984863281e+01 2.7243357376e-10 1.4501929596e-10 1.2230718726e-10 5.1070905331e-12
9.7045898438e+01 2.6294340452e-10 1.4149851326e-10 1.1647343914e-10 4.9714521235e-12
9.7106933594e+01 2.5298812445e-10 1.3611977644e-10 1.1198382547e-10 4.8845225406e-12
9.7167968750e+01 2.4164598718e-10 1.3034035632e-10 1.0642117404e-10 4.8844568228e-12
9.7229003906e+01 2.3035888825e-10 1.2409133136e-10 1.0143763052e-10 4.8299263665e-12
9.7290039062e+01 2.2142967806e-10 1.2008706763e-10 9.6689746179e-11 4.6528642438e-12
9.7351074219e+01 2.1374371988e-10 1.1535686579e-10 9.3747578267e-11 4.6392758249e-12
9.7412109375e+01 2.0571075732e-10 1.1090111423e-10 9.0243751752e-11 4.5658913316e-12
9.7473144531e+01 1.9800662107e-10 1.0614078176e-10 8.7361177075e-11 4.5046622427e-12
9.7534179688e+01 1.8877482975e-10 1.0128216488e-10 8.3017703539e-11 4.4749613290e-12
9.7595214844e+01 1.8142866572e-10 9.7056036285e-11 8.0018483753e-11 4.3541456816e-12
9.7656250000e+01 1.7588784471e-10 9.3521040211e-11 7.8080910640e-11 4.2858938632e-12
9.7717285156e+01 1.7028810819e-10 9.0062507866e-11 7.6029364655e-11 4.1962356688e-12
9.7778320312e+01 1.6297946822e-10 8.6171688125e-11 7.2659787311e-11 4.1479927806e-12
9.7839355469e+01 1.5793267440e-10 8.3145462590e-11 7.0684895312e-11 4.1023164961e-12
9.7900390625e+01 1.5230455489e-10 7.9188188022e-11 6.9060351474e-11 4.0560153951e-12
9.7961425781e+01 1.4846663499e-10 7.7323777063e-11 6.7152656100e-11 3.9902018258e-12
9.8022460938e+01 1.4353031075e-10 7.4574284922e-11 6.5020922626e-11 3.9351032051e-12
9.8083496094e+01 1.3970254400e-10 7.1990838127e-11 6.3827820380e-11 3.8838854931e-12
9.8144531250e+01 1.3598495027e-10 7.0179955406e-11 6.1928018960e-11 3.8769759038e-12
9.8205566406e+01 1.3049322023e-10 6.7422958456e-11 5.9304716595e-11 3.7655451804e-12
9.8266601562e+01 1.2731698374e-10 6.5065382888e-11 5.8568021144e-11 3.6835797112e-12
9.8327636719e+01 1.2383841324e-10 6.2742086857e-11 5.7423879843e-11 3.6724465354e-12
9.8388671875e+01 1.2175256640e-10 6.1628383616e-11 5.6503361219e-11 3.6208215661e-12
9.8449707031e+01 1.2008324556e-10 6.0225179432e-11 5.6272145763e-11 3.5859203624e-12
9.8510742188e+01 1.1783967321e-10 5.8800198084e-11 5.5501335232e-11 3.5381398983e-12
9.8571777344e+01 1.1401919054e-10 5.6580461696e-11 5.3935465981e-11 3.5032628604e-12
9.8632812500e+01 1.1163590392e-10 5.5044058536e-11 5.3152593150e-11 3.4392522327e-12
9.8693847656e+01 1.0975849278e-10 5.3741996281e-11 5.2604153686e-11 3.4123428100e-12
9.8754882812e+01 1.0780343158e-10 5.2553888611e-11 5.1868921245e-11 3.3806217276e-12
9.8815917969e+01 1.0599438113e-10 5.1776362467e-11 5.0899935200e-11 3.3180834616e-12
9.8876953125e+01 1.0388974086e-10 5.0606783005e-11 5.0012947163e-11 3.2700106879e-12
9.8937988281e+01 1.0199398388e-10 4.9662704452e-11 4.9103658698e-11 3.2276207339e-12
9.8999023438e+01 1.0086854446e-10 4.8913407390e-11 4.8767071783e-11 3.1880652837e-12
9.9060058594e+01 9.9661856714e-11 4.8367109634e-11 4.8103748712e-11 3.1909983686e-12
9.9121093750e+01 9.7916859697e-11 4.7616255809e-11 4.7160244344e-11 3.1403595440e-12
9.9182128906e+01 9.6190710698e-11 4.6475363337e-11 4.6648792618e-11 3.0665547439e-12
9.9243164062e+01 9.4345064653e-11 4.5521187034e-11 4.5784867479e-11 3.0390101400e-12
9.9304199219e+01 9.2838271938e-11 4.4687007448e-11 4.5130979917e-11 3.0202845725e-12
9.9365234375e+01 9.2329410971e-11 4.3869586332e-11 4.5492252831e-11 2.9675718075e-12
9.9426269531e+01 9.0642037116e-11 4.3226773976e-11 4.4470777185e-11 2.9444859548e-12
9.9487304688e+01 8.9674824779e-11 4.2839836682e-11 4.3910174167e-11 2.9248139302e-12
9.9548339844e+01 8.9843699763e-11 4.2899822967e-11 4.4054727447e-11 2.8891493485e-12
9.9609375000e+01 8.7425521501e-11 4.1742601966e-11 4.2806120504e-11 2.8767990311e-12
9.9670410156e+01 8.5990847557e-11 4.1174584273e-11 4.1937286215e-11 2.8789770688e-12
9.9731445312e+01 8.5728913963e-11 4.0901616130e-11 4.1987043606e-11 2.8402542280e-12
9.9792480469e+01 8.4955851571e-11 4.0450384129e-11 4.1719692995e-11 2.7857744467e-12
9.9853515625e+01 8.4044924990e-11 4.0116908756e-11 4.1159365264e-11 2.7686509702e-12
9.9914550781e+01 8.3437494179e-11 3.9612993989e-11 4.1077157383e-11 2.7473428070e-12
9.9975585938e+01 8.2538501543e-11 3.8817304294e-11 4.1027495215e-11 2.6937020339e-12
1.0003662109e+02 8.1630312473e-11 3.8517091299e-11 4.0443345202e-11 2.6698759730e-12
1.0009765625e+02 8.0373004971e-11 3.7774342057e-11 3.9949545642e-11 2.6491172725e-12
1.0015869141e+02 7.9763983581e-11 3.7821875436e-11 3.9321101005e-11 2.6210071398e-12
1.0021972656e+02 7.8819852431e-11 3.7637123166e-11 3.8608158995e-11 2.5745702705e-12
1.0028076172e+02 7.7662208890e-11 3.7077396386e-11 3.7992031339e-11 2.5927811648e-12
1.0034179688e+02 7.7631813678e-11 3.6820148245e-11 3.8256433424e-11 2.5552320086e-12
1.0040283203e+02 7.6660141909e-11 3.6463728894e-11 3.7685565159e-11 2.5108478557e-12
1.0046386719e+02 7.5542018973e-11 3.5686564740e-11 3.7342882034e-11 2.5125721993e-12
1.0052490234e+02 7.4673092802e-11 3.5188834749e-11 3.6982865003e-11 2.5013930500e-12
1.0058593750e+02 7.4046278868e-11 3.5091315937e-11 3.6496177166e-11 2.4587857642e-12
1.0064697266e+02 7.3800758965e-11 3.5124332005e-11 3.6255480704e-11 2.4209462560e-12
1.0070800781e+02 7.3123479364e-11 3.4449470588e-11 3.6261727587e-11 2.4122811886e-12
1.0076904297e+02 7.2604523333e-11 3.4262816368e-11 3.5978791271e-11 2.3629156937e-12
1.0083007812e+02 7.1272747156e-11 3.3692859547e-11 3.5245613835e-11 2.3342737746e-12
1.0089111328e+02 7.1126647453e-11 3.3462479963e-11 3.5318409478e-11 2.3457580120e-12
1.0095214844e+02 7.0883501845e-11 3.3313967241e-11 3.5219862710e-11 2.3496718940e-12
1.0101318359e+02 7.0375696368e-11 3.2995039988e-11 3.5040748415e-11 2.3399079657e-12
1.0107421875e+02 6.9702037464e-11 3.2735588461e-11 3.4663314048e-11 2.3031349547e-12
1.0113525391e+02 6.8965462690e-11 3.2567407368e-11 3.4138085909e-11 2.2599694136e-12
1.0119628906e+02 6.8278511822e-11 3.2228455532e-11 3.3831947663e-11 2.2181086266e-12
1.0125732422e+02 6.6740419211e-11 3.1429072164e-11 3.3134253100e-11 2.1770939475e-12
1.0131835938e+02 6.6520030540e-11 3.1240086333e-11 3.3111579541e-11 2.1683646659e-12
1.0137939453e+02 6.6597894886e-11 3.1313949530e-11 3.3140394375e-11 2.1435509803e-12
1.0144042969e+02 6.5658666504e-11 3.1007004525e-11 3.2523013830e-11 2.1286481490e-12
1.0150146484e+02 6.5325844993e-11 3.0455161450e-11 3.2766288404e-11 2.1043951387e-12
1.0156250000e+02 6.5147573192e-11 3.0578419149e-11 3.2518889928e-11 2.0502641153e-12
1.0162353516e+02 6.4050587810e-11 3.0108273976e-11 3.1943352149e-11 1.9989616846e-12
1.0168457031e+02 6.3213419377e-11 2.9470422323e-11 3.1725317489e-11 2.0176795656e-12
1.0174560547e+02 6.3026115020e-11 2.9539936818e-11 3.1478994289e-11 2.0071839128e-12
1.0180664062e+02 6.2762754876e-11 2.9531632758e-11 3.1260192741e-11 1.9709293778e-12
1.0186767578e+02 6.1873135629e-11 2.9017877971e-11 3.0932939358e-11 1.9223182997e-12
1.0192871094e+02 6.1083035272e-11 2.8292141213e-11 3.0892391221e-11 1.8985028388e-12
1.0198974609e+02 6.0974786437e-11 2.8286530170e-11 3.0756011064e-11 1.9322452029e-12
1.0205078125e+02 6.0548280481e-11 2.8062098189e-11 3.0602237154e-11 1.8839451384e-12
1.0211181641e+02 5.9820598615e-11 2.7587965981e-11 3.0399646561e-11 1.8329860730e-12
1.0217285156e+02 5.9228345367e-11 2.7478688943e-11 2.9919750658e-11 1.8299057672e-12
1.0223388672e+02 5.8473246102e-11 2.7023214394e-11 2.9644360275e-11 1.8056714328e-12
1.0229492188e+02 5.7657856741e-11 2.6715553677e-11 2.9139704293e-11 1.8025987705e-12
1.0235595703e+02 5.7309455861e-11 2.6766548278e-11 2.8771587447e-11 1.7713201356e-12
1.0241699219e+02 5.6579995141e-11 2.6225458444e-11 2.8588863357e-11 1.7656733397e-12
1.0247802734e+02 5.6260158793e-11 2.6001732969e-11 2.8520378485e-11 1.7380473390e-12
1.0253906250e+02 5.6010168967e-11 2.5916049302e-11 2.8395207437e-11 1.6989122279e-12
1.0260009766e+02 5.5272810770e-11 2.5736437653e-11 2.7866993153e-11 1.6693799637e-12
1.0266113281e+02 5.5036311331e-11 2.5590095865e-11 2.7817967127e-11 1.6282483386e-12
1.0272216797e+02 5.4406608534e-11 2.5148442467e-11 2.7633921906e-11 1.6242441612e-12
1.0278320312e+02 5.3869341553e-11 2.4872722613e-11 2.7397496410e-11 1.5991225306e-12
1.0284423828e+02 5.3364044074e-11 2.4302397900e-11 2.7477311627e-11 1.5843345473e-12
1.0290527344e+02 5.3054549355e-11 2.4280458856e-11 2.7201854284e-11 1.5722362155e-12
1.0296630859e+02 5.2335032430e-11 2.4221459992e-11 2.6565585433e-11 1.5479870044e-12
1.0302734375e+02 5.1793774984e-11 2.3886255238e-11 2.6396674983e-11 1.5108447636e-12
1.0308837891e+02 5.1266499834e-11 2.3729058336e-11 2.6062067174e-11 1.4753743234e-12
1.0314941406e+02 5.0920396166e-11 2.3572892265e-11 2.5882943294e-11 1.4645606074e-12
1.0321044922e+02 5.0003208018e-11 2.3114756038e-11 2.5451866992e-11 1.4365849873e-12
1.0327148438e+02 4.9821443550e-11 2.2899526453e-11 2.5495320406e-11 1.4265966912e-12
1.0333251953e+02 4.9588350334e-11 2.2862594339e-11 2.5299979051e-11 1.4257769438e-12
1.0339355469e+02 4.9161245886e-11 2.2626950444e-11 2.5140006485e-11 1.3942889568e-12
1.0345458984e+02 4.8842219280e-11 2.2394862293e-11 2.5068684224e-11 1.3786727630e-12
1.0351562500e+02 4.8438256584e-11 2.2316553864e-11 2.4753390425e-11 1.3683122949e-12
1.0357666016e+02 4.7990633276e-11 2.2041349737e-11 2.4616259447e-11 1.3330240926e-12
1.0363769531e+02 4.7428066540e-11 2.1723601975e-11 2.4392098688e-11 1.3123658763e-12
1.0369873047e+02 4.6825153320e-11 2.1431243707e-11 2.4081003423e-11 1.3129061894e-12
1.0375976562e+02 4.6668657758e-11 2.1191596963e-11 2.4182641005e-11 1.2944197899e-12
1.0382080078e+02 4.6128011707e-11 2.1013090269e-11 2.3827694683e-11 1.2872267556e-12
1.0388183594e+02 4.5445233614e-11 2.0714129320e-11 2.3463770742e-11 1.2673335529e-12
1.0394287109e+02 4.4925675032e-11 2.0640467619e-11 2.3028981882e-11 1.2562255308e-12
1.0400390625e+02 4.4659538300e-11 2.0434688105e-11 2.2988785380e-11 1.2360648145e-12
1.0406494141e+02 4.3823354536e-11 1.9961338823e-11 2.2663875998e-11 1.1981397149e-12
1.0412597656e+02 4.2998471188e-11 1.9634073308e-11 2.2169804098e-11 1.1945937817e-12
1.0418701172e+02 4.3003138156e-11 1.9522081012e-11 2.2298155690e-11 1.1829014542e-12
1.0424804688e+02 4.2885992261e-11 1.9526245982e-11 2.2210073819e-11 1.1496724602e-12
1.0430908203e+02 4.2219482990e-11 1.9216575445e-11 2.1850096807e-11 1.1528107374e-12
1.0437011719e+02 4.1617502210e-11 1.8792092668e-11 2.1689122758e-11 1.1362867845e-12
1.0443115234e+02 4.0989324400e-11 1.8559371303e-11 2.1334295118e-11 1.0956579792e-12
1.0449218750e+02 4.0546335767e-11 1.8471948063e-11 2.0990118387e-11 1.0842693161e-12
1.0455322266e+02 4.0383804842e-11 1.8401865463e-11 2.0908919710e-11 1.0730196701e-12
1.0461425781e+02 3.9924664781e-11 1.8115788890e-11 2.0759275284e-11 1.0496006064e-12
1.0467529297e+02 3.9178808222e-11 1.7682956122e-11 2.0466919885e-11 1.0289322144e-12
1.0473632812e+02 3.8626054505e-11 1.7443872855e-11 2.0180405387e-11 1.0017762631e-12
1.0479736328e+02 3.8285644856e-11 1.7256302772e-11 2.0039848817e-11 9.8949326753e-13
1.0485839844e+02 3.7947198620e-11 1.7221415604e-11 1.9766940778e-11 9.5884223843e-13
1.0491943359e+02 3.8096702598e-11 1.7207178376e-11 1.9941557947e-11 9.4796627497e-13
1.0498046875e+02 3.7267446263e-11 1.6829356818e-11 1.9501162451e-11 9.3692699449e-13
1.0504150391e+02 3.6524782443e-11 1.6611693450e-11 1.8994548277e-11 9.1854071568e-13
1.0510253906e+02 3.6046435700e-11 1.6466320714e-11 1.8669827448e-11 9.1028753766e-13
1.0516357422e+02 3.5458883973e-11 1.6166693240e-11 1.8391655131e-11 9.0053560219e-13
1.0522460938e+02 3.5397963843e-11 1.6123109340e-11 1.8399393776e-11 8.7546072703e-13
1.0528564453e+02 3.4919067018e-11 1.5750041016e-11 1.8308810974e-11 8.6021502746e-13
1.0534667969e+02 3.4702105014e-11 1.5703834999e-11 1.8158917837e-11 8.3935217842e-13
1.0540771484e+02 3.4315761974e-11 1.5677388023e-11 1.7820119611e-11 8.1825433979e-13
1.0546875000e+02 3.3623040743e-11 1.5309817172e-11 1.7506739864e-11 8.0648370672e-13
1.0552978516e+02 3.3279673121e-11 1.5039532614e-11 1.7456039576e-11 7.8410093152e-13
1.0559082031e+02 3.3074718185e-11 1.5162111888e-11 1.7138895891e-11 7.7371040575e-13
1.0565185547e+02 3.2508389027e-11 1.4942983967e-11 1.6803498006e-11 7.6190705410e-13
1.0571289062e+02 3.1950133358e-11 1.4579482306e-11 1.6627133941e-11 7.4351711084e-13
1.0577392578e+02 3.1711452494e-11 1.4418469017e-11 1.6567764719e-11 7.2521875808e-13
1.0583496094e+02 3.1268821259e-11 1.4242611842e-11 1.6322865853e-11 7.0334356388e-13
1.0589599609e+02 3.0628116707e-11 1.3918713314e-11 1.6023063982e-11 6.8633941112e-13
1.0595703125e+02 3.0233445249e-11 1.3727548803e-11 1.5825650758e-11 6.8024568791e-13
1.0601806641e+02 2.9934129619e-11 1.3541353660e-11 1.5723204830e-11 6.6957112827e-13
1.0607910156e+02 2.9628155878e-11 1.3536316953e-11 1.5441643976e-11 6.5019494941e-13
1.0614013672e+02 2.9335256910e-11 1.3360465568e-11 1.5340675647e-11 6.3411569532e-13
1.0620117188e+02 2.8831144646e-11 1.3071804455e-11 1.5141429315e-11 6.1791087520e-13
1.0626220703e+02 2.8338101795e-11 1.2911142585e-11 1.4821004648e-11 6.0595456166e-13
1.0632324219e+02 2.7874783616e-11 1.2755665714e-11 1.4528279892e-11 5.9083800906e-13
1.0638427734e+02 2.7401268111e-11 1.2513163970e-11 1.4307068899e-11 5.8103524247e-13
1.0644531250e+02 2.7087986381e-11 1.2403594816e-11 1.4113088493e-11 5.7130307186e-13
1.0650634766e+02 2.6697808472e-11 1.2213063278e-11 1.3930667213e-11 5.5407798010e-13
1.0656738281e+02 2.6274486343e-11 1.1998400047e-11 1.3725985424e-11 5.5010087214e-13
1.0662841797e+02 2.6007806014e-11 1.1870525219e-11 1.3593225506e-11 5.4405528954e-13
1.0668945312e+02 2.5608442069e-11 1.1632796457e-11 1.3446019535e-11 5.2962607763e-13
1.0675048828e+02 2.5166226332e-11 1.1442420654e-11 1.3219239148e-11 5.0456653053e-13
1.0681152344e+02 2.4630167567e-11 1.1228453354e-11 1.2902711487e-11 4.9900272530e-13
1.0687255859e+02 2.4233596489e-11 1.1117104895e-11 1.2626614078e-11 4.8987751601e-13
1.0693359375e+02 2.3901280995e-11 1.0953364292e-11 1.2473250000e-11 4.7466670207e-13
1.0699462891e+02 2.3556509903e-11 1.0708580266e-11 1.2377823911e-11 4.7010572613e-13
1.0705566406e+02 2.3215587111e-11 1.0625351923e-11 1.2134671531e-11 4.5556365637e-13
1.0711669922e+02 2.2918177858e-11 1.0492139818e-11 1.1980271227e-11 4.4576681336e-13
1.0717773438e+02 2.2432333617e-11 1.0200038059e-11 1.1794820270e-11 4.3747528745e-13
1.0723876953e+02 2.2081832740e-11 1.0103241761e-11 1.1547734148e-11 4.3085683104e-13
1.0729980469e+02 2.1918178565e-11 1.0027841335e-11 1.1465470092e-11 4.2486713741e-13
1.0736083984e+02 2.1589409343e-11 9.8104811159e-12 1.1359759180e-11 4.1916904696e-13
1.0742187500e+02 2.1241050090e-11 9.6725981391e-12 1.1152660703e-11 4.1579124727e-13
1.0748291016e+02 2.0810015445e-11 9.5992653797e-12 1.0809452997e-11 4.0129706854e-13
1.0754394531e+02 2.0468859238e-11 9.4024606934e-12 1.0675321589e-11 3.9107695635e-13
1.0760498047e+02 2.0167377779e-11 9.2622097254e-12 1.0520425358e-11 3.8474269546e-13
1.0766601562e+02 1.9928668498e-11 9.2144818279e-12 1.0337681703e-11 3.7650496677e-13
1.0772705078e+02 1.9522930415e-11 9.0121919301e-12 1.0141867138e-11 3.6887134707e-13
1.0778808594e+02 1.9279914644e-11 8.9126316731e-12 1.0006869272e-11 3.6041369883e-13
1.0784912109e+02 1.8949985389e-11 8.7921054339e-12 9.8066444469e-12 3.5123550771e-13
1.0791015625e+02 1.8590772968e-11 8.6113057980e-12 9.6329014513e-12 3.4656571851e-13
1.0797119141e+02 1.8385730824e-11 8.4595199903e-12 9.5854494557e-12 3.4076137787e-13
1.0803222656e+02 1.7991433734e-11 8.2745695493e-12 9.3815064025e-12 3.3535778204e-13
1.0809326172e+02 1.7846167805e-11 8.1652206319e-12 9.3553819945e-12 3.2556517898e-13
1.0815429688e+02 1.7525551935e-11 7.9906970000e-12 9.2187905584e-12 3.1606437677e-13
1.0821533203e+02 1.7141591144e-11 7.8588358939e-12 8.9705692072e-12 3.1218604320e-13
1.0827636719e+02 1.6831758917e-11 7.8061529435e-12 8.7162347977e-12 3.0937117555e-13
1.0833740234e+02 1.6543602224e-11 7.7218741961e-12 8.5205276175e-12 3.0120041027e-13
1.0839843750e+02 1.6300271475e-11 7.5482029313e-12 8.4549391544e-12 2.9712938933e-13
1.0845947266e+02 1.6089235141e-11 7.5189722664e-12 8.2798355614e-12 2.9042731356e-13
1.0852050781e+02 1.5881352257e-11 7.4274955323e-12 8.1712976437e-12 2.8255908098e-13
1.0858154297e+02 1.5559151379e-11 7.2970638484e-12 7.9828389227e-12 2.7924860801e-13
1.0864257812e+02 1.5421704362e-11 7.2041575084e-12 7.9447925480e-12 2.7275430605e-13
1.0870361328e+02 1.4984713511e-11 6.9891225596e-12 7.7267031368e-12 2.6888781478e-13
1.0876464844e+02 1.4755128649e-11 6.8798846613e-12 7.6127710398e-12 2.6247294767e-13
1.0882568359e+02 1.4567066024e-11 6.8070212026e-12 7.5019566751e-12 2.5808814657e-13
1.0888671875e+02 1.4396981192e-11 6.7501902382e-12 7.3921856814e-12 2.5460527212e-13
1.0894775391e+02 1.4177535418e-11 6.7132147776e-12 7.2161269789e-12 2.4819366141e-13
1.0900878906e+02 1.3833812147e-11 6.5728882362e-12 7.0156375273e-12 2.4528638384e-13
1.0906982422e+02 1.3547703043e-11 6.4459369366e-12 6.8570788817e-12 2.4468722427e-13
1.0913085938e+02 1.3462910475e-11 6.3808487533e-12 6.8422227480e-12 2.3983897324e-13
1.0919189453e+02 1.3264229767e-11 6.2841284207e-12 6.7491063127e-12 2.3099503327e-13
1.0925292969e+02 1.3143511214e-11 6.2634637692e-12 6.6545253392e-12 2.2552210513e-13
1.0931396484e+02 1.2955563765e-11 6.2055620141e-12 6.5265239351e-12 2.2347781635e-13
1.0937500000e+02 1.2713483084e-11 6.1249911893e-12 6.3687682812e-12 2.1972361306e-13
1.0943603516e+02 1.2462860077e-11 5.9882221949e-12 6.2600743005e-12 2.1456358202e-13
1.0949707031e+02 1.2354899989e-11 5.9962898408e-12 6.1468921915e-12 2.1171795654e-13
1.0955810547e+02 1.2196258478e-11 5.9394869141e-12 6.0496147609e-12 2.0715680317e-13
1.0961914062e+02 1.2019192119e-11 5.8223520992e-12 5.9905654928e-12 2.0627452740e-13
1.0968017578e+02 1.1835760017e-11 5.7314401719e-12 5.9015019944e-12 2.0281785045e-13
1.0974121094e+02 1.1605973046e-11 5.6196599724e-12 5.7862188961e-12 2.0009417794e-13
1.0980224609e+02 1.1502606103e-11 5.5798631909e-12 5.7263306174e-12 1.9641229434e-13
1.0986328125e+02 1.1296910979e-11 5.5124678218e-12 5.5909329477e-12 1.9351020956e-13
1.0992431641e+02 1.1201749614e-11 5.5046588494e-12 5.5061422212e-12 1.9094854320e-13
1.0998535156e+02 1.1009272579e-11 5.3950484367e-12 5.4260047246e-12 1.8821941817e-13
1.1004638672e+02 1.0774289262e-11 5.2303679249e-12 5.3578973728e-12 1.8602396406e-13
1.1010742188e+02 1.0737020238e-11 5.2146174855e-12 5.3392862605e-12 1.8311649225e-13
1.1016845703e+02 1.0584723375e-11 5.2053906108e-12 5.1988574521e-12 1.8047531208e-13
1.1022949219e+02 1.0410985819e-11 5.1090437571e-12 5.1224611673e-12 1.7948089479e-13
1.1029052734e+02 1.0219481482e-11 5.0459951705e-12 4.9963536475e-12 1.7713266430e-13
1.1035156250e+02 1.0068703744e-11 4.9978819437e-12 4.8975508732e-12 1.7327092655e-13
1.1041259766e+02 1.0000815747e-11 4.9024611392e-12 4.9271221933e-12 1.7123241421e-13
1.1047363281e+02 9.8763743791e-12 4.8781644701e-12 4.8272017673e-12 1.7100814166e-13
1.1053466797e+02 9.7521529921e-12 4.7976694119e-12 4.7863983719e-12 1.6808520830e-13
1.1059570312e+02 9.5137597315e-12 4.6582390953e-12 4.6888073182e-12 1.6671331798e-13
1.1065673828e+02 9.3639176962e-12 4.5581542276e-12 4.6402636574e-12 1.6549981122e-13
1.1071777344e+02 9.3094181199e-12 4.5596618349e-12 4.5877649895e-12 1.6199129556e-13
1.1077880859e+02 9.2960937769e-12 4.5219254795e-12 4.6147664465e-12 1.5940185090e-13
1.1083984375e+02 9.2760266676e-12 4.4684239015e-12 4.6498441796e-12 1.5775858652e-13
1.1090087891e+02 9.1402790482e-12 4.3624819906e-12 4.6213647600e-12 1.5643229751e-13
1.1096191406e+02 8.9798786795e-12 4.3125914773e-12 4.5131677594e-12 1.5411944279e-13
1.1102294922e+02 8.7909188498e-12 4.2153825823e-12 4.4229743995e-12 1.5256186800e-13
1.1108398438e+02 8.7414978346e-12 4.1769333561e-12 4.4135065841e-12 1.5105789431e-13
1.1114501953e+02 8.7162159582e-12 4.1631462959e-12 4.4027141270e-12 1.5035553533e-13
1.1120605469e+02 8.6321261877e-12 4.0920455487e-12 4.3915905408e-12 1.4849009819e-13
1.1126708984e+02 8.5372190637e-12 4.0882063834e-12 4.3042350129e-12 1.4477766738e-13
1.1132812500e+02 8.4750543065e-12 4.0315471591e-12 4.2997561307e-12 1.4375101673e-13
1.1138916016e+02 8.3936340477e-12 3.9672196271e-12 4.2834107915e-12 1.4300362905e-13
1.1145019531e+02 8.3540617936e-12 3.9353099407e-12 4.2756647212e-12 1.4308713172e-13
1.1151123047e+02 8.2728363356e-12 3.9081961130e-12 4.2237827869e-12 1.4085743564e-13
1.1157226562e+02 8.1707152147e-12 3.8332480436e-12 4.1986928384e-12 1.3877433262e-13
1.1163330078e+02 8.1764347822e-12 3.7947779931e-12 4.2440824021e-12 1.3757438698e-13
1.1169433594e+02 8.1449873863e-12 3.7391692034e-12 4.2679584388e-12 1.3785974413e-13
1.1175537109e+02 8.0889124896e-12 3.6929013111e-12 4.2610652550e-12 1.3494592348e-13
1.1181640625e+02 7.9873775198e-12 3.6698686194e-12 4.1846178384e-12 1.3289106191e-13
1.1187744141e+02 7.9613550947e-12 3.6758779998e-12 4.1529123643e-12 1.3256473062e-13
1.1193847656e+02 7.9830971571e-12 3.6761947309e-12 4.1769210943e-12 1.2998133193e-13
1.1199951172e+02 7.9125785195e-12 3.6378324154e-12 4.1442298039e-12 1.3051630017e-13
1.1206054688e+02 7.8005119375e-12 3.5465131838e-12 4.1246146776e-12 1.2938407608e-13
1.1212158203e+02 7.7753596171e-12 3.4926145861e-12 4.1557541107e-12 1.2699092027e-13
1.1218261719e+02 7.7523156736e-12 3.4690470088e-12 4.1563978256e-12 1.2687083918e-13
1.1224365234e+02 7.7667638637e-12 3.4946201140e-12 4.1448383395e-12 1.2730541025e-13
1.1230468750e+02 7.7622986586e-12 3.4950548037e-12 4.1420755504e-12 1.2516830449e-13
1.1236572266e+02 7.7660359541e-12 3.4549095465e-12 4.1884906107e-12 1.2263579686e-13
1.1242675781e+02 7.7091787712e-12 3.4008333284e-12 4.1877737602e-12 1.2057168262e-13
1.1248779297e+02 7.6080181868e-12 3.3600505749e-12 4.1268760093e-12 1.2109160258e-13
1.1254882812e+02 7.6316659173e-12 3.3582190660e-12 4.1527958066e-12 1.2065104461e-13
1.1260986328e+02 7.6091182294e-12 3.3372921146e-12 4.1520245139e-12 1.1980160090e-13
1.1267089844e+02 7.4821055519e-12 3.2796426041e-12 4.0838713343e-12 1.1859161347e-13
1.1273193359e+02 7.5495477326e-12 3.3051974159e-12 4.1272871473e-12 1.1706316938e-13
1.1279296875e+02 7.5654788282e-12 3.3057045026e-12 4.1427540076e-12 1.1702031800e-13
1.1285400391e+02 7.5045336188e-12 3.2627903869e-12 4.1246772790e-12 1.1706595289e-13
1.1291503906e+02 7.4945933236e-12 3.2569843314e-12 4.1234068735e-12 1.1420211862e-13
1.1297607422e+02 7.4884876949e-12 3.2400454979e-12 4.1349039582e-12 1.1353823885e-13
1.1303710938e+02 7.4097298470e-12 3.2227669053e-12 4.0732474534e-12 1.1371548827e-13
1.1309814453e+02 7.4627970027e-12 3.2290807200e-12 4.1221575476e-12 1.1155873506e-13
1.1315917969e+02 7.4480992340e-12 3.2188864586e-12 4.1187916877e-12 1.1042108776e-13
1.1322021484e+02 7.4312207741e-12 3.1916381372e-12 4.1296596220e-12 1.0992301485e-13
1.1328125000e+02 7.4626805923e-12 3.1928466601e-12 4.1619625957e-12 1.0787133649e-13
1.1334228516e+02 7.4812775635e-12 3.2019728704e-12 4.1723471533e-12 1.0695753980e-13
1.1340332031e+02 7.4151142632e-12 3.1474318222e-12 4.1617042424e-12 1.0597819859e-13
1.1346435547e+02 7.3783100476e-12 3.1300504018e-12 4.1435391012e-12 1.0472054461e-13
1.1352539062e+02 7.2875355078e-12 3.0889579991e-12 4.0949967447e-12 1.0358076391e-13
1.1358642578e+02 7.3539565019e-12 3.0675096420e-12 4.1827376274e-12 1.0370923247e-13
1.1364746094e+02 7.3936041561e-12 3.0920217827e-12 4.1992786789e-12 1.0230369449e-13
1.1370849609e+02 7.3378384439e-12 3.0862496505e-12 4.1510232664e-12 1.0056552697e-13
1.1376953125e+02 7.2694956097e-12 3.0436610575e-12 4.1264889249e-12 9.9345627330e-14
1.1383056641e+02 7.2318705966e-12 3.0067968498e-12 4.1263757097e-12 9.8698037188e-14
1.1389160156e+02 7.2657189891e-12 3.0032054463e-12 4.1639722912e-12 9.8541251560e-14
1.1395263672e+02 7.2153998562e-12 2.9723295507e-12 4.1441607377e-12 9.8909567798e-14
1.1401367188e+02 7.1281492668e-12 2.9356370682e-12 4.0946494062e-12 9.7862792435e-14
1.1407470703e+02 7.1565029336e-12 2.9568311448e-12 4.1042496204e-12 9.5422168469e-14
1.1413574219e+02 7.1451197354e-12 2.9357431405e-12 4.1144452010e-12 9.4931393801e-14
1.1419677734e+02 7.1615464042e-12 2.9151649298e-12 4.1523498978e-12 9.4031576493e-14
1.1425781250e+02 7.0952955336e-12 2.8995284148e-12 4.1012580177e-12 9.4509101046e-14
1.1431884766e+02 7.0836915765e-12 2.8957760211e-12 4.0949551293e-12 9.2960426173e-14
1.1437988281e+02 7.0580000009e-12 2.8891453195e-12 4.0767591909e-12 9.2095490556e-14
1.1444091797e+02 7.0280816675e-12 2.8677180599e-12 4.0681770929e-12 9.2186514706e-14
1.1450195312e+02 7.0827401477e-12 2.8954004742e-12 4.0964389801e-12 9.0900693424e-14
1.1456298828e+02 7.0239047941e-12 2.8915807278e-12 4.0430659262e-12 8.9258140117e-14
1.1462402344e+02 6.9689103407e-12 2.8680668092e-12 4.0118610347e-12 8.8982496849e-14
1.1468505859e+02 6.9309603928e-12 2.8230297045e-12 4.0194280953e-12 8.8502593030e-14
1.1474609375e+02 6.8971532731e-12 2.8146321036e-12 3.9941780651e-12 8.8343104347e-14
1.1480712891e+02 6.9045660045e-12 2.7888174981e-12 4.0291024298e-12 8.6646076646e-14
1.1486816406e+02 6.8628077627e-12 2.7782828770e-12 3.9992910998e-12 8.5233785970e-14
1.1492919922e+02 6.8025084876e-12 2.7587859473e-12 3.9587099534e-12 8.5012586881e-14
1.1499023438e+02 6.7882954996e-12 2.7240189759e-12 3.9793222829e-12 8.4954240790e-14
1.1505126953e+02 6.7614027780e-12 2.7177351789e-12 3.9590233688e-12 8.4644230283e-14
1.1511230469e+02 6.7186291352e-12 2.6622775605e-12 3.9728636204e-12 8.3487954242e-14
1.1517333984e+02 6.6653223694e-12 2.6549503110e-12 3.9286547671e-12 8.1717291273e-14
1.1523437500e+02 6.6475052661e-12 2.6678362954e-12 3.8986405958e-12 8.1028374941e-14
1.1529541016e+02 6.5999216470e-12 2.6593617451e-12 3.8589070431e-12 8.1652858850e-14
1.1535644531e+02 6.5380374357e-12 2.6268524494e-12 3.8299946962e-12 8.1190290089e-14
1.1541748047e+02 6.5374012733e-12 2.6374009021e-12 3.8197985278e-12 8.0201843357e-14
1.1547851562e+02 6.5345517417e-12 2.6193540232e-12 3.8361015449e-12 7.9096173577e-14
1.1553955078e+02 6.4626779466e-12 2.5846361124e-12 3.7996309042e-12 7.8410930018e-14
1.1560058594e+02 6.4388255631e-12 2.5639755520e-12 3.7966536357e-12 7.8196375391e-14
1.1566162109e+02 6.3818930888e-12 2.5430338881e-12 3.7604365981e-12 7.8422602608e-14
1.1572265625e+02 6.3502269843e-12 2.5476644434e-12 3.7256703345e-12 7.6892206440e-14
1.1578369141e+02 6.2869527264e-12 2.5424535988e-12 3.6687307703e-12 7.5768357374e-14
1.1584472656e+02 6.2361599205e-12 2.5234397078e-12 3.6378319907e-12 7.4888222012e-14
1.1590576172e+02 6.2019908254e-12 2.5076474671e-12 3.6203159790e-12 7.4027379315e-14
1.1596679688e+02 6.1515851552e-12 2.4899231422e-12 3.5884021314e-12 7.3259881528e-14
1.1602783203e+02 6.1334083981e-12 2.4838736474e-12 3.5764348132e-12 7.3099937527e-14
1.1608886719e+02 6.0815506551e-12 2.4482096887e-12 3.5602979795e-12 7.3042986944e-14
1.1614990234e+02 6.0362523185e-12 2.4525880849e-12 3.5118187198e-12 7.1845513876e-14
1.1621093750e+02 5.9773874764e-12 2.4396127169e-12 3.4663015591e-12 7.1473200422e-14
1.1627197266e+02 5.9256577152e-12 2.4178102329e-12 3.4376029113e-12 7.0244570980e-14
1.1633300781e+02 5.8598613451e-12 2.3681897803e-12 3.4223494839e-12 6.9322080838e-14
1.1639404297e+02 5.7937794200e-12 2.3478445379e-12 3.3776894029e-12 6.8245479254e-14
1.1645507812e+02 5.7014252461e-12 2.3362078094e-12 3.2974481112e-12 6.7769325433e-14
1.1651611328e+02 5.7852355965e-12 2.3561897478e-12 3.3617879654e-12 6.7257883306e-14
1.1657714844e+02 5.7238252097e-12 2.3552174298e-12 3.3028603722e-12 6.5747407675e-14
1.1663818359e+02 5.6178500697e-12 2.3515723915e-12 3.2004871899e-12 6.5790488304e-14
1.1669921875e+02 5.5744446360e-12 2.3250898188e-12 3.1836031837e-12 6.5751633570e-14
1.1676025391e+02 5.4554426428e-12 2.2788143679e-12 3.1114548290e-12 6.5173445923e-14
1.1682128906e+02 5.3757114609e-12 2.2595473605e-12 3.0521131889e-12 6.4050911456e-14
1.1688232422e+02 5.3184279634e-12 2.2429586829e-12 3.0115943646e-12 6.3874915947e-14
1.1694335938e+02 5.2678671755e-12 2.2268293016e-12 2.9781919464e-12 6.2845927481e-14
1.1700439453e+02 5.3156261417e-12 2.2433361979e-12 3.0107976074e-12 6.1492336422e-14
1.1706542969e+02 5.2389443192e-12 2.2228548704e-12 2.9552283559e-12 6.0861092905e-14
1.1712646484e+02 5.1270133095e-12 2.1859097110e-12 2.8808127336e-12 6.0290864917e-14
1.1718750000e+02 5.0575969951e-12 2.1686126403e-12 2.8295910704e-12 5.9393284337e-14
1.1724853516e+02 5.0151814979e-12 2.1602894712e-12 2.7959784872e-12 5.8913539429e-14
1.1730957031e+02 4.9322144756e-12 2.1142324182e-12 2.7596068833e-12 5.8375174129e-14
1.1737060547e+02 4.8535627613e-12 2.0948605945e-12 2.7004308348e-12 5.8271332018e-14
1.1743164062e+02 4.8374579299e-12 2.0909227580e-12 2.6888837724e-12 5.7651399448e-14
1.1749267578e+02 4.7910700366e-12 2.0608912488e-12 2.6733215843e-12 5.6857203573e-14
1.1755371094e+02 4.7106783356e-12 2.0629406920e-12 2.5919646638e-12 5.5772979823e-14
1.1761474609e+02 4.6428611124e-12 2.0324118188e-12 2.5549120009e-12 5.5537292647e-14
1.1767578125e+02 4.5614411588e-12 2.0085642646e-12 2.4969323321e-12 5.5944562082e-14
1.1773681641e+02 4.4741511945e-12 1.9861024306e-12 2.4327462777e-12 5.5302486222e-14
1.1779785156e+02 4.4051621623e-12 1.9539469381e-12 2.3973579518e-12 5.3857272446e-14
1.1785888672e+02 4.3522689342e-12 1.9489447823e-12 2.3499830594e-12 5.3341092491e-14
1.1791992188e+02 4.2572319362e-12 1.9207532393e-12 2.2833389277e-12 5.3139769243e-14
1.1798095703e+02 4.2515334190e-12 1.9089637215e-12 2.2910450296e-12 5.1524667886e-14
1.1804199219e+02 4.1939137482e-12 1.8804013840e-12 2.2629212490e-12 5.0591115135e-14
1.1810302734e+02 4.0905131516e-12 1.8334242416e-12 2.2072313351e-12 4.9857574966e-14
1.1816406250e+02 4.0030640255e-12 1.8103769674e-12 2.1428492540e-12 4.9837804171e-14
1.1822509766e+02 3.9695270099e-12 1.7999891566e-12 2.1198086198e-12 4.9729233506e-14
1.1828613281e+02 3.8991831707e-12 1.7631166576e-12 2.0870104178e-12 4.9056095273e-14
1.1834716797e+02 3.8429675042e-12 1.7441062291e-12 2.0506342128e-12 4.8227062219e-14
1.1840820312e+02 3.7734762423e-12 1.7234341282e-12 2.0024697657e-12 4.7572348433e-14
1.1846923828e+02 3.6735714674e-12 1.6878584850e-12 1.9384070626e-12 4.7305919865e-14
1.1853027344e+02 3.6243619643e-12 1.6669355844e-12 1.9105370256e-12 4.6889354328e-14
1.1859130859e+02 3.5749424213e-12 1.6422137872e-12 1.8867028427e-12 4.6025791377e-14
1.1865234375e+02 3.5234537597e-12 1.6080767761e-12 1.8696402492e-12 4.5736734470e-14
1.1871337891e+02 3.4470165365e-12 1.5811719589e-12 1.8207322312e-12 4.5112346494e-14
1.1877441406e+02 3.4378509503e-12 1.5994800806e-12 1.7934771027e-12 4.4893767007e-14
1.1883544922e+02 3.3887636240e-12 1.5692053880e-12 1.7749742218e-12 4.4584014102e-14
1.1889648438e+02 3.3166567220e-12 1.5275206566e-12 1.7450039312e-12 4.4132134214e-14
1.1895751953e+02 3.2951011805e-12 1.5084810610e-12 1.7430119118e-12 4.3608207730e-14
1.1901855469e+02 3.2623113960e-12 1.4969574300e-12 1.7220986309e-12 4.3255335175e-14
1.1907958984e+02 3.2238098797e-12 1.4832175065e-12 1.6977760314e-12 4.2816341801e-14
1.1914062500e+02 3.1881067089e-12 1.4611305835e-12 1.6849557844e-12 4.2020341035e-14
1.1920166016e+02 3.1082426759e-12 1.4231299267e-12 1.6436849509e-12 4.1427798265e-14
1.1926269531e+02 3.0661262150e-12 1.4065330364e-12 1.6181648563e-12 4.1428322310e-14
1.1932373047e+02 2.9950420382e-12 1.3908038525e-12 1.5635966216e-12 4.0641564044e-14
1.1938476562e+02 2.9660195383e-12 1.3804944747e-12 1.5462802810e-12 3.9244782620e-14
1.1944580078e+02 2.9226114098e-12 1.3552290446e-12 1.5278672526e-12 3.9515112637e-14
1.1950683594e+02 2.8744504513e-12 1.3362195777e-12 1.4983553899e-12 3.9875483678e-14
1.1956787109e+02 2.8126564368e-12 1.3081328581e-12 1.4653119024e-12 3.9211676289e-14
1.1962890625e+02 2.8018657974e-12 1.3064466980e-12 1.4568052380e-12 3.8613861428e-14
1.1968994141e+02 2.7540294712e-12 1.2776655472e-12 1.4380587338e-12 3.8305190208e-14
1.1975097656e+02 2.7031033121e-12 1.2577796718e-12 1.4074856248e-12 3.7838015536e-14
1.1981201172e+02 2.6351368864e-12 1.2212136086e-12 1.3770231893e-12 3.6900088422e-14
1.1987304688e+02 2.6086579073e-12 1.1962773512e-12 1.3754373151e-12 3.6943240936e-14
1.1993408203e+02 2.5799509075e-12 1.1830744626e-12 1.3603719127e-12 3.6504532252e-14
1.1999511719e+02 2.5216135311e-12 1.1668130214e-12 1.3186278625e-12 3.6172647215e-14
1.2005615234e+02 2.4987731250e-12 1.1519164381e-12 1.3109322927e-12 3.5924394163e-14
1.2011718750e+02 2.4576924362e-12 1.1368447355e-12 1.2852715940e-12 3.5576106652e-14
1.2017822266e+02 2.4123720056e-12 1.1123847134e-12 1.2649323633e-12 3.5054928860e-14
1.2023925781e+02 2.3590083527e-12 1.0855798617e-12 1.2385524534e-12 3.4876037576e-14
1.2030029297e+02 2.3065150688e-12 1.0682980149e-12 1.2039271276e-12 3.4289926346e-14
1.2036132812e+02 2.2753219337e-12 1.0588044190e-12 1.1827116625e-12 3.3805852172e-14
1.2042236328e+02 2.2561273722e-12 1.0464179098e-12 1.1762733840e-12 3.3436078365e-14
1.2048339844e+02 2.1754697955e-12 1.0085751288e-12 1.1338852779e-12 3.3009388852e-14
1.2054443359e+02 2.1482137077e-12 9.9056064193e-13 1.1250680352e-12 3.2585030574e-14
1.2060546875e+02 2.1259469013e-12 9.7917098890e-13 1.1145384297e-12 3.2237482656e-14
1.2066650391e+02 2.0843200904e-12 9.6081173795e-13 1.0913280649e-12 3.2180287583e-14
1.2072753906e+02 2.0486421967e-12 9.3702553787e-13 1.0794574107e-12 3.2159248074e-14
1.2078857422e+02 2.0176304891e-12 9.2284330134e-13 1.0633131162e-12 3.1474071529e-14
1.2084960938e+02 1.9821585418e-12 9.0782144893e-13 1.0431646484e-12 3.1172444481e-14
1.2091064453e+02 1.9502428250e-12 8.9462744285e-13 1.0243786052e-12 3.1236776971e-14
1.2097167969e+02 1.9154573120e-12 8.7314379469e-13 1.0108811270e-12 3.1432390337e-14
1.2103271484e+02 1.8881015328e-12 8.6515189677e-13 9.9232370188e-13 3.0625934145e-14
1.2109375000e+02 1.8576324653e-12 8.5277842304e-13 9.7441852260e-13 3.0435519666e-14
1.2115478516e+02 1.8184951352e-12 8.3183817444e-13 9.5662624145e-13 3.0030719322e-14
1.2121582031e+02 1.7859148134e-12 8.0756926324e-13 9.4874951986e-13 2.9596030273e-14
1.2127685547e+02 1.7596915812e-12 7.9996680473e-13 9.3062257828e-13 2.9102198151e-14
1.2133789062e+02 1.7436998716e-12 8.0180086056e-13 9.1320625785e-13 2.8692753182e-14
1.2139892578e+02 1.7187596455e-12 7.7732339346e-13 9.1269409321e-13 2.8742158834e-14
1.2145996094e+02 1.6960716445e-12 7.7071763431e-13 8.9695704856e-13 2.8396961668e-14
1.2152099609e+02 1.6548131930e-12 7.5422741310e-13 8.7235869588e-13 2.8227084011e-14
1.2158203125e+02 1.6305813651e-12 7.3495687314e-13 8.6778508563e-13 2.7839406341e-14
1.2164306641e+02 1.6086163900e-12 7.2532600902e-13 8.5582029018e-13 2.7470090844e-14
1.2170410156e+02 1.5993629349e-12 7.2531248712e-13 8.4679624958e-13 2.7254198161e-14
1.2176513672e+02 1.5701011406e-12 7.1326843961e-13 8.2960052781e-13 2.7232173185e-14
1.2182617188e+02 1.5368592836e-12 6.9499473410e-13 8.1507865448e-13 2.6785894972e-14
1.2188720703e+02 1.5065309259e-12 6.8009145889e-13 7.9984075842e-13 2.6598708583e-14
1.2194824219e+02 1.5032296488e-12 6.8805066097e-13 7.8861717429e-13 2.6561813558e-14
1.2200927734e+02 1.4777798119e-12 6.7232445517e-13 7.7928168202e-13 2.6173674726e-14
1.2207031250e+02 1.4564792894e-12 6.6010840898e-13 7.7028772321e-13 2.6083157191e-14
1.2213134766e+02 1.4405813178e-12 6.4950802726e-13 7.6478273534e-13 2.6290555234e-14
1.2219238281e+02 1.4381078022e-12 6.5483657518e-13 7.5710457021e-13 2.6166656819e-14
1.2225341797e+02 1.4234097337e-12 6.4328117318e-13 7.5446831708e-13 2.5660243453e-14
1.2231445312e+02 1.3962916778e-12 6.3742369914e-13 7.3358201779e-13 2.5285960860e-14
1.2237548828e+02 1.3731611893e-12 6.2861805993e-13 7.1942923341e-13 2.5113895949e-14
1.2243652344e+02 1.3735627114e-12 6.2117361530e-13 7.2763662982e-13 2.4752466250e-14
1.2249755859e+02 1.3513812502e-12 6.1204234863e-13 7.1462611709e-13 2.4712784432e-14
1.2255859375e+02 1.3432994269e-12 6.1023518755e-13 7.0829562697e-13 2.4768612369e-14
1.2261962891e+02 1.3433636791e-12 6.0572474922e-13 7.1333353005e-13 2.4305399831e-14
1.2268066406e+02 1.3321038193e-12 5.9910034361e-13 7.0907303296e-13 2.3930442750e-14
1.2274169922e+02 1.3154757644e-12 5.9360996982e-13 6.9799449598e-13 2.3871298637e-14
1.2280273438e+02 1.2999564862e-12 5.9575021820e-13 6.8047784766e-13 2.3728420359e-14
1.2286376953e+02 1.2938578766e-12 5.8639315363e-13 6.8388085050e-13 2.3583872463e-14
1.2292480469e+02 1.2662996532e-12 5.6920828903e-13 6.7384768963e-13 2.3243674567e-14
1.2298583984e+02 1.2589521726e-12 5.6126807046e-13 6.7483658853e-13 2.2847513624e-14
1.2304687500e+02 1.2396547342e-12 5.5719127766e-13 6.5939166271e-13 2.3071793817e-14
1.2310791016e+02 1.2393791980e-12 5.6265072800e-13 6.5393641344e-13 2.2792056558e-14
1.2316894531e+02 1.2356857228e-12 5.6115567234e-13 6.5169415144e-13 2.2835899041e-14
1.2322998047e+02 1.2244713739e-12 5.5616577982e-13 6.4553763100e-13 2.2767963063e-14
1.2329101562e+02 1.2090420484e-12 5.4830514136e-13 6.3827892073e-13 2.2457986356e-14
1.2335205078e+02 1.2002177105e-12 5.4521464598e-13 6.3275343584e-13 2.2249628708e-14
1.2341308594e+02 1.1909229022e-12 5.3391812112e-13 6.3481156153e-13 2.2193219503e-14
1.2347412109e+02 1.1802197141e-12 5.2564271626e-13 6.3268695041e-13 2.1890047400e-14
1.2353515625e+02 1.1823538805e-12 5.2778228484e-13 6.3292480615e-13 2.1646789536e-14
1.2359619141e+02 1.1634326958e-12 5.2374933367e-13 6.1817925030e-13 2.1504111862e-14
1.2365722656e+02 1.1520985041e-12 5.2136107980e-13 6.0939338109e-13 2.1344043223e-14
1.2371826172e+02 1.1591748566e-12 5.2346314636e-13 6.1424921516e-13 2.1462495029e-14
1.2377929688e+02 1.1586077782e-12 5.2229117254e-13 6.1497434194e-13 2.1342263678e-14
1.2384033203e+02 1.1565326941e-12 5.2477447899e-13 6.1036603817e-13 2.1392176980e-14
1.2390136719e+02 1.1468424742e-12 5.1460929271e-13 6.1097758001e-13 2.1255601521e-14
1.2396240234e+02 1.1413474069e-12 5.1190730306e-13 6.0846896224e-13 2.0971141602e-14
1.2402343750e+02 1.1403902847e-12 5.1595750938e-13 6.0354309028e-13 2.0889684992e-14
1.2408447266e+02 1.1275759459e-12 5.1530145858e-13 5.9145962281e-13 2.0814864488e-14
1.2414550781e+02 1.1191507607e-12 5.0519270696e-13 5.9323079399e-13 2.0727259722e-14
1.2420654297e+02 1.1058635018e-12 4.9595207405e-13 5.8947534538e-13 2.0436082365e-14
1.2426757812e+02 1.1042953764e-12 4.9728363856e-13 5.8686548463e-13 2.0146253214e-14
1.2432861328e+02 1.0971098812e-12 4.9088817759e-13 5.8625676260e-13 1.9964940963e-14
1.2438964844e+02 1.1013945860e-12 4.9453540606e-13 5.8677885983e-13 2.0080320096e-14
1.2445068359e+02 1.0914566424e-12 4.9472423661e-13 5.7665449538e-13 2.0077910408e-14
1.2451171875e+02 1.0912571918e-12 4.9338957641e-13 5.7782981862e-13 2.0037796803e-14
1.2457275391e+02 1.0829982958e-12 4.8149840177e-13 5.8166264303e-13 1.9837250989e-14
1.2463378906e+02 1.0680725219e-12 4.7475814515e-13 5.7388556242e-13 1.9428814324e-14
1.2469482422e+02 1.0695889982e-12 4.7909662589e-13 5.7131942539e-13 1.9172946957e-14
1.2475585938e+02 1.0707116551e-12 4.7938194333e-13 5.7237109379e-13 1.8958617991e-14
1.2481689453e+02 1.0685754920e-12 4.7974822401e-13 5.6976713472e-13 1.9060133253e-14
1.2487792969e+02 1.0529384477e-12 4.7125980118e-13 5.6276539645e-13 1.8913250058e-14
1.2493896484e+02 1.0571199834e-12 4.7674769654e-13 5.6139428396e-13 1.8978002947e-14
1.2500000000e+02 1.0544777727e-12 4.7500175897e-13 5.6060865297e-13 1.8867360781e-14
1.2506103516e+02 1.0492934283e-12 4.7087823364e-13 5.5970331228e-13 1.8711882394e-14
1.2512207031e+02 1.0398596992e-12 4.6646781525e-13 5.5498279161e-13 1.8409092301e-14
1.2518310547e+02 1.0298828366e-12 4.6270741374e-13 5.4887707255e-13 1.8298350353e-14
1.2524414062e+02 1.0288139716e-12 4.6263937397e-13 5.4817117745e-13 1.8003420184e-14
1.2530517578e+02 1.0335493580e-12 4.6041594956e-13 5.5475156763e-13 1.8381840798e-14
1.2536621094e+02 1.0274818506e-12 4.5676044918e-13 5.5255096814e-13 1.8170433239e-14
1.2542724609e+02 1.0125809165e-12 4.5695188825e-13 5.3779468073e-13 1.7834347543e-14
1.2548828125e+02 1.0064095461e-12 4.5379766474e-13 5.3469405593e-13 1.7917825397e-14
1.2554931641e+02 1.0115711165e-12 4.5558503565e-13 5.3809483801e-13 1.7891242816e-14
1.2561035156e+02 9.9410850372e-13 4.5096064414e-13 5.2555448527e-13 1.7593374316e-14
1.2567138672e+02 9.9598492252e-13 4.4614526553e-13 5.3227637847e-13 1.7563278514e-14
1.2573242188e+02 1.0011184483e-12 4.5300956362e-13 5.3054007451e-13 1.7568810155e-14
1.2579345703e+02 9.8833033639e-13 4.4723733023e-13 5.2371744561e-13 1.7375560547e-14
1.2585449219e+02 9.9039820686e-13 4.4195047858e-13 5.3138671097e-13 1.7061017302e-14
1.2591552734e+02 9.8252656699e-13 4.3718819609e-13 5.2821812980e-13 1.7120241102e-14
1.2597656250e+02 9.8176295223e-13 4.4317724291e-13 5.2128451502e-13 1.7301194299e-14
1.2603759766e+02 9.7606594663e-13 4.4010889296e-13 5.1910262349e-13 1.6854430178e-14
1.2609863281e+02 9.6369759676e-13 4.3443606803e-13 5.1251329911e-13 1.6748229617e-14
1.2615966797e+02 9.5884744583e-13 4.3294082523e-13 5.0912517266e-13 1.6781447932e-14
1.2622070312e+02 9.5163518961e-13 4.3080358747e-13 5.0422298833e-13 1.6608613798e-14
1.2628173828e+02 9.4595084799e-13 4.2388429260e-13 5.0553574816e-13 1.6530807238e-14
1.2634277344e+02 9.4235112610e-13 4.2751964166e-13 4.9846073376e-13 1.6370750688e-14
1.2640380859e+02 9.4811548425e-13 4.3216469066e-13 4.9978022412e-13 1.6170569479e-14
1.2646484375e+02 9.4509222394e-13 4.2767828556e-13 5.0130337196e-13 1.6110566415e-14
1.2652587891e+02 9.4279628363e-13 4.2278134467e-13 5.0395775710e-13 1.6057181859e-14
1.2658691406e+02 9.4932699238e-13 4.2250067972e-13 5.1067952380e-13 1.6146788866e-14
1.2664794922e+02 9.3708543578e-13 4.2422027713e-13 4.9673454308e-13 1.6130615566e-14
1.2670898438e+02 9.2286730103e-13 4.1691683027e-13 4.9007157249e-13 1.5878898258e-14
1.2677001953e+02 9.2066753939e-13 4.1230004772e-13 4.9257510944e-13 1.5792382230e-14
1.2683105469e+02 9.0930454478e-13 4.0420267363e-13 4.8937036506e-13 1.5731506096e-14
1.2689208984e+02 9.1119241412e-13 4.1111471510e-13 4.8451655198e-13 1.5561147035e-14
1.2695312500e+02 9.1572164660e-13 4.0794798768e-13 4.9228361636e-13 1.5490042559e-14
1.2701416016e+02 9.0903582605e-13 4.0370657415e-13 4.8983026396e-13 1.5498987932e-14
1.2707519531e+02 9.0328546377e-13 4.0539262631e-13 4.8253425927e-13 1.5358578182e-14
1.2713623047e+02 8.9733720452e-13 4.0158722192e-13 4.8067096522e-13 1.5079017373e-14
1.2719726562e+02 8.9512976417e-13 3.9950846183e-13 4.8073405414e-13 1.4887248208e-14
1.2725830078e+02 9.0128981133e-13 4.0710707949e-13 4.7928056046e-13 1.4902171379e-14
1.2731933594e+02 8.9708202454e-13 4.0487839205e-13 4.7739305885e-13 1.4810573636e-14
1.2738037109e+02 8.9111943118e-13 4.0024496370e-13 4.7611308329e-13 1.4761384195e-14
1.2744140625e+02 8.9081143016e-13 3.9888277693e-13 4.7704866403e-13 1.4879989198e-14
1.2750244141e+02 8.8480929040e-13 3.9689259163e-13 4.7312882489e-13 1.4787873878e-14
1.2756347656e+02 8.8752794390e-13 4.0151557418e-13 4.7132765389e-13 1.4684715839e-14
1.2762451172e+02 8.8628163486e-13 3.9944223402e-13 4.7243477396e-13 1.4404626875e-14
1.2768554688e+02 8.7073964072e-13 3.8750815798e-13 4.6891358233e-13 1.4317900406e-14
1.2774658203e+02 8.7147031282e-13 3.8813343158e-13 4.6883811403e-13 1.4498767206e-14
1.2780761719e+02 8.7262103139e-13 3.9086636014e-13 4.6736022840e-13 1.4394442855e-14
1.2786865234e+02 8.6816891194e-13 3.9009650343e-13 4.6380827910e-13 1.4264129411e-14
1.2792968750e+02 8.5738535297e-13 3.8845431163e-13 4.5490299606e-13 1.4028045286e-14
1.2799072266e+02 8.5687645825e-13 3.8290231495e-13 4.6007864020e-13 1.3895503095e-14
1.2805175781e+02 8.6294093806e-13 3.8251985147e-13 4.6638840191e-13 1.4032684674e-14
1.2811279297e+02 8.6111337124e-13 3.8287897550e-13 4.6423184917e-13 1.4002546570e-14
1.2817382812e+02 8.5254022597e-13 3.8100243546e-13 4.5767601680e-13 1.3861773710e-14
1.2823486328e+02 8.5214191907e-13 3.8226899862e-13 4.5617970829e-13 1.3693212159e-14
1.2829589844e+02 8.5087078213e-13 3.8463312136e-13 4.5262927370e-13 1.3608387067e-14
1.2835693359e+02 8.4779099708e-13 3.8316990190e-13 4.5103987143e-13 1.3581223739e-14
1.2841796875e+02 8.3744039194e-13 3.7749124458e-13 4.4661743342e-13 1.3331713947e-14
1.2847900391e+02 8.3232117276e-13 3.7645144330e-13 4.4271925963e-13 1.3150469826e-14
1.2854003906e+02 8.3554112662e-13 3.7875517259e-13 4.4359915297e-13 1.3186801054e-14
1.2860107422e+02 8.2547501944e-13 3.7396370343e-13 4.3839430146e-13 1.3117014548e-14
1.2866210938e+02 8.2713934741e-13 3.7451340321e-13 4.3969384501e-13 1.2932099186e-14
1.2872314453e+02 8.1615525399e-13 3.6595740560e-13 4.3728571282e-13 1.2912135570e-14
1.2878417969e+02 8.1653272385e-13 3.6776362130e-13 4.3578318049e-13 1.2985922064e-14
1.2884521484e+02 8.1987142103e-13 3.6800321779e-13 4.3878487293e-13 1.3083330308e-14
1.2890625000e+02 8.1180102778e-13 3.6566479917e-13 4.3328881189e-13 1.2847416722e-14
1.2896728516e+02 8.0827524717e-13 3.6411243062e-13 4.3138030882e-13 1.2782507731e-14
1.2902832031e+02 8.0917026363e-13 3.6154464405e-13 4.3491819998e-13 1.2707419603e-14
1.2908935547e+02 7.9684358384e-13 3.5802096548e-13 4.2633913647e-13 1.2483481889e-14
1.2915039062e+02 7.9484621921e-13 3.5860687845e-13 4.2376955566e-13 1.2469785095e-14
1.2921142578e+02 7.9265855972e-13 3.5450836003e-13 4.2559215794e-13 1.2558041746e-14
1.2927246094e+02 7.8333923618e-13 3.5111391717e-13 4.1981067436e-13 1.2414644651e-14
1.2933349609e+02 7.9566998387e-13 3.5693680444e-13 4.2640317523e-13 1.2330004193e-14
1.2939453125e+02 7.8819113958e-13 3.5945930114e-13 4.1641748776e-13 1.2314350677e-14
1.2945556641e+02 7.7875254163e-13 3.5466652353e-13 4.1186179792e-13 1.2224220182e-14
1.2951660156e+02 7.8675208064e-13 3.5368629592e-13 4.2091084776e-13 1.2154936963e-14
1.2957763672e+02 7.8508164841e-13 3.5013366743e-13 4.2298015157e-13 1.1967829410e-14
1.2963867188e+02 7.8881796822e-13 3.5407998382e-13 4.2268600174e-13 1.2051982666e-14
1.2969970703e+02 7.8576118961e-13 3.5673966357e-13 4.1702376849e-13 1.1997757555e-14
1.2976074219e+02 7.7102440413e-13 3.5180983154e-13 4.0720447803e-13 1.2010094550e-14
1.2982177734e+02 7.6475707463e-13 3.4346525099e-13 4.0941082113e-13 1.1881002505e-14
1.2988281250e+02 7.6664648470e-13 3.4806236250e-13 4.0685644064e-13 1.1727681562e-14
1.2994384766e+02 7.6079768839e-13 3.4709724277e-13 4.0212283057e-13 1.1577615053e-14
1.3000488281e+02 7.6022048143e-13 3.4554501584e-13 4.0312131132e-13 1.1554154274e-14
1.3006591797e+02 7.6163638618e-13 3.4673546729e-13 4.0345887988e-13 1.1442039014e-14
1.3012695312e+02 7.5655255358e-13 3.4287082148e-13 4.0230849701e-13 1.1373235090e-14
1.3018798828e+02 7.5253168737e-13 3.4098545163e-13 4.0010904760e-13 1.1437188141e-14
1.3024902344e+02 7.5736752565e-13 3.4435588220e-13 4.0156876512e-13 1.1442878340e-14
1.3031005859e+02 7.5703741711e-13 3.4830694651e-13 3.9727104292e-13 1.1459427673e-14
1.3037109375e+02 7.4605322599e-13 3.4193031576e-13 3.9272555913e-13 1.1397351100e-14
1.3043212891e+02 7.4485512774e-13 3.3837348536e-13 3.9521409486e-13 1.1267547520e-14
1.3049316406e+02 7.4998417468e-13 3.4146255883e-13 3.9731297404e-13 1.1208641806e-14
1.3055419922e+02 7.4511284833e-13 3.3737579497e-13 3.9654439747e-13 1.1192655894e-14
1.3061523438e+02 7.3217831477e-13 3.3303400340e-13 3.8803776084e-13 1.1106550537e-14
1.3067626953e+02 7.2930213999e-13 3.3472643288e-13 3.8358019408e-13 1.0995513024e-14
1.3073730469e+02 7.3709159347e-13 3.3696805377e-13 3.8907334564e-13 1.1050194058e-14
1.3079833984e+02 7.4239144324e-13 3.3599290441e-13 3.9543843948e-13 1.0960099353e-14
1.3085937500e+02 7.3201523174e-13 3.3207196561e-13 3.8922820678e-13 1.0715059346e-14
1.3092041016e+02 7.2130871559e-13 3.3180931917e-13 3.7873181565e-13 1.0767580776e-14
1.3098144531e+02 7.2121390530e-13 3.3306569589e-13 3.7736925786e-13 1.0778951555e-14
1.3104248047e+02 7.1783882349e-13 3.2818092681e-13 3.7884844164e-13 1.0809455040e-14
1.3110351562e+02 7.1417696863e-13 3.2528859771e-13 3.7815013836e-13 1.0738232562e-14
1.3116455078e+02 7.0734636981e-13 3.2508120217e-13 3.7167137733e-13 1.0593790310e-14
1.3122558594e+02 7.0219511103e-13 3.2352694581e-13 3.6807569344e-13 1.0592471780e-14
1.3128662109e+02 7.0045837711e-13 3.2409574541e-13 3.6573308657e-13 1.0629545131e-14
1.3134765625e+02 7.0459538818e-13 3.2167327811e-13 3.7237431022e-13 1.0547799851e-14
1.3140869141e+02 7.0680924660e-13 3.1897172942e-13 3.7746342321e-13 1.0374093970e-14
1.3146972656e+02 7.0072778208e-13 3.1880853268e-13 3.7143908013e-13 1.0480169269e-14
1.3153076172e+02 6.8342174636e-13 3.1297695322e-13 3.5993006449e-13 1.0514728639e-14
1.3159179688e+02 6.7941206169e-13 3.1277751232e-13 3.5625485191e-13 1.0379697473e-14
1.3165283203e+02 6.9193411205e-13 3.1952423343e-13 3.6209624764e-13 1.0313630974e-14
1.3171386719e+02 6.9356197583e-13 3.2005566648e-13 3.6324147008e-13 1.0264839279e-14
1.3177490234e+02 6.9154253566e-13 3.2080746471e-13 3.6035514842e-13 1.0379922523e-14
1.3183593750e+02 6.8490722018e-13 3.1485349031e-13 3.5971382342e-13 1.0339906451e-14
1.3189697266e+02 6.8933337241e-13 3.1744538422e-13 3.6161503274e-13 1.0272955441e-14
1.3195800781e+02 6.9145196132e-13 3.2060062249e-13 3.6055787237e-13 1.0293466462e-14
1.3201904297e+02 6.8078464628e-13 3.1209312172e-13 3.5844950457e-13 1.0242019992e-14
1.3208007812e+02 6.8200074926e-13 3.1038864590e-13 3.6138856717e-13 1.0223536193e-14
1.3214111328e+02 6.8179653996e-13 3.1697263991e-13 3.5474842296e-13 1.0075477087e-14
1.3220214844e+02 6.7380949942e-13 3.1416251112e-13 3.4957694765e-13 1.0070040649e-14
1.3226318359e+02 6.7050719974e-13 3.0973947470e-13 3.5073845511e-13 1.0029269932e-14
1.3232421875e+02 6.7783957842e-13 3.1229291183e-13 3.5561038791e-13 9.9362786862e-15
1.3238525391e+02 6.6792742692e-13 3.1000485915e-13 3.4804734313e-13 9.8752246343e-15
1.3244628906e+02 6.6812925921e-13 3.1034879751e-13 3.4781936696e-13 9.9610947388e-15
1.3250732422e+02 6.6798171193e-13 3.0914505398e-13 3.4890959051e-13 9.9270674529e-15
1.3256835938e+02 6.6448956617e-13 3.0531129012e-13 3.4932714580e-13 9.8511302524e-15
1.3262939453e+02 6.6095146478e-13 3.0090993478e-13 3.5011819818e-13 9.9233318290e-15
1.3269042969e+02 6.6415666805e-13 3.0492694089e-13 3.4929650712e-13 9.9332200354e-15
1.3275146484e+02 6.6851606319e-13 3.0614404972e-13 3.5244747053e-13 9.9245429331e-15
1.3281250000e+02 6.6769339601e-13 3.0522791039e-13 3.5253877857e-13 9.9267070468e-15
1.3287353516e+02 6.6029069193e-13 3.0056910354e-13 3.4990224629e-13 9.8193420960e-15
1.3293457031e+02 6.5964785124e-13 3.0026858524e-13 3.4966226352e-13 9.7170024849e-15
1.3299560547e+02 6.5613015718e-13 3.0253862859e-13 3.4393446351e-13 9.6570650791e-15
1.3305664062e+02 6.5372817781e-13 2.9959862574e-13 3.4455491719e-13 9.5746348831e-15
1.3311767578e+02 6.5141507199e-13 2.9732574630e-13 3.4428922111e-13 9.8001045789e-15
1.3317871094e+02 6.3941011221e-13 2.9272786029e-13 3.3685508651e-13 9.8271654078e-15
1.3323974609e+02 6.4205316526e-13 2.9523993650e-13 3.3715823876e-13 9.6549900003e-15
1.3330078125e+02 6.4395253648e-13 2.9957057859e-13 3.3474460045e-13 9.6373574389e-15
1.3336181641e+02 6.4402493797e-13 2.9567535878e-13 3.3873614017e-13 9.6134390248e-15
1.3342285156e+02 6.3718933676e-13 2.9030822284e-13 3.3730872349e-13 9.5723904289e-15
1.3348388672e+02 6.3509292382e-13 2.8791749358e-13 3.3764532168e-13 9.5301085559e-15
1.3354492188e+02 6.3323562499e-13 2.8830657240e-13 3.3541744893e-13 9.5116036732e-15
1.3360595703e+02 6.3446474461e-13 2.9157597021e-13 3.3333963771e-13 9.5491366866e-15
1.3366699219e+02 6.3234782695e-13 2.9473445670e-13 3.2814294198e-13 9.4704282683e-15
1.3372802734e+02 6.2547466601e-13 2.9120876599e-13 3.2475220766e-13 9.5136923576e-15
1.3378906250e+02 6.2994150466e-13 2.9129294404e-13 3.2918951154e-13 9.4590490781e-15
1.3385009766e+02 6.3290053040e-13 2.9033116307e-13 3.3322591032e-13 9.3434570150e-15
1.3391113281e+02 6.3570271326e-13 2.9406107950e-13 3.3228149852e-13 9.3601352285e-15
1.3397216797e+02 6.3007528908e-13 2.9014077662e-13 3.3055546283e-13 9.3790496263e-15
1.3403320312e+02 6.2206477907e-13 2.8536075923e-13 3.2725794855e-13 9.4460712866e-15
1.3409423828e+02 6.2385297666e-13 2.8564148732e-13 3.2874293347e-13 9.4685558713e-15
1.3415527344e+02 6.2420348041e-13 2.8601516464e-13 3.2889489287e-13 9.2934229028e-15
1.3421630859e+02 6.2715040383e-13 2.8210226565e-13 3.3565795589e-13 9.3901822962e-15
1.3427734375e+02 6.2210636467e-13 2.8657087782e-13 3.2617681218e-13 9.3586746798e-15
1.3433837891e+02 6.1836848593e-13 2.8300269498e-13 3.2609730238e-13 9.2684885637e-15
1.3439941406e+02 6.1696401973e-13 2.8106838654e-13 3.2659612564e-13 9.2995075505e-15
1.3446044922e+02 6.1704483555e-13 2.8530816900e-13 3.2246081748e-13 9.2758490668e-15
1.3452148438e+02 6.2068925190e-13 2.9055273199e-13 3.2086327456e-13 9.2732453577e-15
1.3458251953e+02 6.1933855879e-13 2.8564078484e-13 3.2441972705e-13 9.2780469065e-15
1.3464355469e+02 6.2059675379e-13 2.8369073692e-13 3.2753384576e-13 9.3721711040e-15
1.3470458984e+02 6.1723791465e-13 2.8083011813e-13 3.2713441840e-13 9.2733781174e-15
1.3476562500e+02 6.1498445570e-13 2.8247211901e-13 3.2324350688e-13 9.2688298079e-15
1.3482666016e+02 6.1271874397e-13 2.7915394505e-13 3.2434829940e-13 9.2164995216e-15
1.3488769531e+02 6.1036626441e-13 2.7987731721e-13 3.2138340572e-13 9.1055414777e-15
1.3494873047e+02 6.1142151711e-13 2.8064955845e-13 3.2167413088e-13 9.0978277798e-15
1.3500976562e+02 6.1255029512e-13 2.8403197608e-13 3.1936403924e-13 9.1542798020e-15
1.3507080078e+02 6.0773618891e-13 2.7934410930e-13 3.1910422508e-13 9.2878545204e-15
1.3513183594e+02 6.0996829212e-13 2.8062301219e-13 3.2023307583e-13 9.1122041105e-15
1.3519287109e+02 6.1182635071e-13 2.7780767204e-13 3.2489873767e-13 9.1199409944e-15
1.3525390625e+02 6.1099762607e-13 2.7452863341e-13 3.2730809710e-13 9.1608955604e-15
1.3531494141e+02 6.1289169223e-13 2.7899320758e-13 3.2468410334e-13 9.2143813087e-15
1.3537597656e+02 6.1064559575e-13 2.8144483261e-13 3.2007171736e-13 9.1290457817e-15
1.3543701172e+02 6.0364626809e-13 2.7801088667e-13 3.1658025364e-13 9.0551277755e-15
1.3549804688e+02 5.9715338909e-13 2.7281309892e-13 3.1523221777e-13 9.1080724071e-15
1.3555908203e+02 5.9972105107e-13 2.7215073463e-13 3.1846146869e-13 9.1088477518e-15
1.3562011719e+02 6.0119593443e-13 2.7232418002e-13 3.1988027456e-13 8.9914798490e-15
1.3568115234e+02 5.9905062517e-13 2.7533737494e-13 3.1475001174e-13 8.9632384977e-15
1.3574218750e+02 5.9968658016e-13 2.7916919361e-13 3.1147264548e-13 9.0447410665e-15
1.3580322266e+02 6.0419642037e-13 2.7843801404e-13 3.1680655019e-13 8.9518561378e-15
1.3586425781e+02 6.0290220815e-13 2.7357008366e-13 3.2038562027e-13 8.9465042244e-15
1.3592529297e+02 6.0319615519e-13 2.7449197530e-13 3.1969443399e-13 9.0097458986e-15
1.3598632812e+02 5.9830715592e-13 2.7211272405e-13 3.1716887954e-13 9.0255523367e-15
1.3604736328e+02 5.9441034956e-13 2.7114566423e-13 3.1422016622e-13 9.0445191123e-15
1.3610839844e+02 5.9795496774e-13 2.7499919789e-13 3.1393114796e-13 9.0246218937e-15
1.3616943359e+02 5.9668177838e-13 2.7261181599e-13 3.1515735070e-13 8.9126116926e-15
1.3623046875e+02 6.0123427526e-13 2.7568777680e-13 3.1657426331e-13 8.9722351520e-15
1.3629150391e+02 6.0025999593e-13 2.7522319302e-13 3.1608290697e-13 8.9538959389e-15
1.3635253906e+02 6.0042177656e-13 2.7357475849e-13 3.1803364983e-13 8.8133682400e-15
1.3641357422e+02 5.9271322451e-13 2.7026185704e-13 3.1362141728e-13 8.8299501809e-15
1.3647460938e+02 5.9513712877e-13 2.7074902835e-13 3.1550203018e-13 8.8860702387e-15
1.3653564453e+02 5.9408142913e-13 2.6905832608e-13 3.1615259765e-13 8.8705054093e-15
1.3659667969e+02 5.8871676479e-13 2.6803668390e-13 3.1175519595e-13 8.9248849443e-15
1.3665771484e+02 5.8513421708e-13 2.6775904923e-13 3.0853179578e-13 8.8433720728e-15
1.3671875000e+02 5.7601452496e-13 2.6085884471e-13 3.0634019461e-13 8.8154856401e-15
1.3677978516e+02 5.8114685558e-13 2.6586094012e-13 3.0642393158e-13 8.8619838805e-15
1.3684082031e+02 5.8610872783e-13 2.6749788997e-13 3.0977909615e-13 8.8317417081e-15
1.3690185547e+02 5.8919414865e-13 2.6668205837e-13 3.1376564777e-13 8.7464425079e-15
1.3696289062e+02 5.7626844144e-13 2.6321259330e-13 3.0423048854e-13 8.8253595947e-15
1.3702392578e+02 5.7791996490e-13 2.6352569832e-13 3.0551651656e-13 8.8777500065e-15
1.3708496094e+02 5.8133588109e-13 2.6438233486e-13 3.0817342490e-13 8.7801213334e-15
1.3714599609e+02 5.7802320572e-13 2.6601381458e-13 3.0323162536e-13 8.7777657772e-15
1.3720703125e+02 5.8036257778e-13 2.6674793548e-13 3.0487259389e-13 8.7420484137e-15
1.3726806641e+02 5.8365704150e-13 2.6978965712e-13 3.0504384763e-13 8.8235367485e-15
1.3732910156e+02 5.8114823855e-13 2.6818754612e-13 3.0424593731e-13 8.7147551331e-15
1.3739013672e+02 5.7559799837e-13 2.6354587278e-13 3.0334929507e-13 8.7028305168e-15
1.3745117188e+02 5.7474163847e-13 2.6357657899e-13 3.0239445153e-13 8.7706079506e-15
1.3751220703e+02 5.7860741309e-13 2.6188332513e-13 3.0807327500e-13 8.6508129583e-15
1.3757324219e+02 5.7910465199e-13 2.6312629760e-13 3.0724972347e-13 8.7286309110e-15
1.3763427734e+02 5.6951124057e-13 2.5902836168e-13 3.0176948837e-13 8.7133905212e-15
1.3769531250e+02 5.7917197168e-13 2.6325444021e-13 3.0724830852e-13 8.6692229421e-15
1.3775634766e+02 5.7874282545e-13 2.6793540956e-13 3.0205229990e-13 8.7551159876e-15
1.3781738281e+02 5.8195835799e-13 2.6476521759e-13 3.0841686853e-13 8.7762718699e-15
1.3787841797e+02 5.8341327288e-13 2.6377891589e-13 3.1092209467e-13 8.7122623127e-15
1.3793945312e+02 5.7157307441e-13 2.6232966421e-13 3.0060569840e-13 8.6377117931e-15
1.3800048828e+02 5.6255157432e-13 2.5925790285e-13 2.9462947267e-13 8.6641988001e-15
1.3806152344e+02 5.6323394867e-13 2.6100241857e-13 2.9354992650e-13 8.6816036120e-15
1.3812255859e+02 5.6479046460e-13 2.6006209722e-13 2.9606153593e-13 8.6668314491e-15
1.3818359375e+02 5.7026361352e-13 2.6303904135e-13 2.9869102450e-13 8.5335476738e-15
1.3824462891e+02 5.6879435941e-13 2.6068499164e-13 2.9961265559e-13 8.4967121762e-15
1.3830566406e+02 5.6794882111e-13 2.6029974813e-13 2.9914913033e-13 8.4999426581e-15
1.3836669922e+02 5.6890717249e-13 2.6081310282e-13 2.9953107441e-13 8.5629952532e-15
1.3842773438e+02 5.6394022808e-13 2.5713816416e-13 2.9814870805e-13 8.6533558710e-15
1.3848876953e+02 5.6717725218e-13 2.5649181567e-13 3.0196619280e-13 8.7192437114e-15
1.3854980469e+02 5.5787221660e-13 2.5189922530e-13 2.9740207066e-13 8.5709206503e-15
1.3861083984e+02 5.6031616597e-13 2.5380139420e-13 2.9794863747e-13 8.5661343053e-15
1.3867187500e+02 5.6427715519e-13 2.5740993664e-13 2.9835940997e-13 8.5078085753e-15
1.3873291016e+02 5.6387722121e-13 2.5655989499e-13 2.9871263577e-13 8.6046904558e-15
1.3879394531e+02 5.5470893679e-13 2.5501323665e-13 2.9118729935e-13 8.5084007884e-15
1.3885498047e+02 5.4576397909e-13 2.4788088709e-13 2.8941923193e-13 8.4638600620e-15
1.3891601562e+02 5.5278230825e-13 2.4613246791e-13 2.9818062493e-13 8.4692154062e-15
1.3897705078e+02 5.5995676966e-13 2.5457313918e-13 2.9685118997e-13 8.5324405124e-15
1.3903808594e+02 5.6284051145e-13 2.5809252163e-13 2.9625825803e-13 8.4897317965e-15
1.3909912109e+02 5.5760483602e-13 2.5424123963e-13 2.9493005891e-13 8.4335374788e-15
1.3916015625e+02 5.5392116162e-13 2.5134009072e-13 2.9417926954e-13 8.4018013548e-15
1.3922119141e+02 5.6040179283e-13 2.5442691000e-13 2.9753243780e-13 8.4424450348e-15
1.3928222656e+02 5.6220257059e-13 2.5683741962e-13 2.9686405302e-13 8.5010979473e-15
1.3934326172e+02 5.6035885979e-13 2.5485794050e-13 2.9703774630e-13 8.4631729897e-15
1.3940429688e+02 5.6150005828e-13 2.5365939584e-13 2.9932752538e-13 8.5131370612e-15
1.3946533203e+02 5.5155192037e-13 2.5251215718e-13 2.9060366349e-13 8.4360996998e-15
1.3952636719e+02 5.4612113220e-13 2.4887811114e-13 2.8889874192e-13 8.3442791421e-15
1.3958740234e+02 5.4660942234e-13 2.4930013294e-13 2.8889962226e-13 8.4096671358e-15
1.3964843750e+02 5.4490270115e-13 2.4934880877e-13 2.8718580746e-13 8.3680849289e-15
1.3970947266e+02 5.4778866688e-13 2.4998137726e-13 2.8943500685e-13 8.3722827728e-15
1.3977050781e+02 5.5053104087e-13 2.5482050992e-13 2.8736075950e-13 8.3497714530e-15
1.3983154297e+02 5.4981063578e-13 2.5553588693e-13 2.8586929932e-13 8.4054495372e-15
1.3989257812e+02 5.4991652970e-13 2.5344019900e-13 2.8799851122e-13 8.4778194675e-15
1.3995361328e+02 5.5067263115e-13 2.5354892678e-13 2.8868677487e-13 8.4369295024e-15
1.4001464844e+02 5.4778194680e-13 2.5054197325e-13 2.8887404908e-13 8.3659244707e-15
1.4007568359e+02 5.3977392520e-13 2.4622778758e-13 2.8522766675e-13 8.3184708770e-15
1.4013671875e+02 5.3913624385e-13 2.4571416157e-13 2.8509370590e-13 8.3283763774e-15
1.4019775391e+02 5.3522066219e-13 2.4718576920e-13 2.7974072115e-13 8.2941718437e-15
1.4025878906e+02 5.3334945659e-13 2.4463845207e-13 2.8041215949e-13 8.2988450337e-15
1.4031982422e+02 5.4123311624e-13 2.4643942618e-13 2.8651448370e-13 8.2792063581e-15
1.4038085938e+02 5.5046884294e-13 2.5452023131e-13 2.8772310053e-13 8.2255111022e-15
1.4044189453e+02 5.4697609177e-13 2.5228903521e-13 2.8638093804e-13 8.3061185306e-15
1.4050292969e+02 5.3818009393e-13 2.4705990310e-13 2.8283617359e-13 8.2840172412e-15
1.4056396484e+02 5.4008953601e-13 2.5190464590e-13 2.7996953691e-13 8.2153531936e-15
1.4062500000e+02 5.3962122592e-13 2.5106262488e-13 2.8032169738e-13 8.2369036556e-15
1.4068603516e+02 5.3626481388e-13 2.4727655424e-13 2.8070571598e-13 8.2825436625e-15
1.4074707031e+02 5.3718722646e-13 2.4652997864e-13 2.8224377218e-13 8.4134756337e-15
1.4080810547e+02 5.3430035161e-13 2.4143321157e-13 2.8450081112e-13 8.3663289217e-15
1.4086914062e+02 5.3519176410e-13 2.4426324611e-13 2.8269751062e-13 8.2310073706e-15
1.4093017578e+02 5.2916147915e-13 2.4303186385e-13 2.7793015581e-13 8.1994594943e-15
1.4099121094e+02 5.3927241223e-13 2.4744539134e-13 2.8364005069e-13 8.1869701975e-15
1.4105224609e+02 5.3879686935e-13 2.4569703550e-13 2.8486361806e-13 8.2362157890e-15
1.4111328125e+02 5.3530302024e-13 2.4485725644e-13 2.8209667510e-13 8.3490887035e-15
1.4117431641e+02 5.2919742537e-13 2.4224813051e-13 2.7862200252e-13 8.3272923394e-15
1.4123535156e+02 5.2419245311e-13 2.4043983128e-13 2.7559390804e-13 8.1587137942e-15
1.4129638672e+02 5.2745538983e-13 2.4071730314e-13 2.7856939068e-13 8.1686960010e-15
1.4135742188e+02 5.3752661561e-13 2.4741614141e-13 2.8184871977e-13 8.2617544245e-15
1.4141845703e+02 5.3575804328e-13 2.4456158047e-13 2.8296855286e-13 8.2279099507e-15
1.4147949219e+02 5.2652618388e-13 2.3831638618e-13 2.8006449107e-13 8.1453066325e-15
1.4154052734e+02 5.2729202480e-13 2.4208737626e-13 2.7697487119e-13 8.2297773536e-15
1.4160156250e+02 5.2293993652e-13 2.4179301791e-13 2.7287979178e-13 8.2671268239e-15
1.4166259766e+02 5.2339410592e-13 2.4013076142e-13 2.7502296961e-13 8.2403748914e-15
1.4172363281e+02 5.2448126055e-13 2.4077847844e-13 2.7546717411e-13 8.2356079986e-15
1.4178466797e+02 5.3028021540e-13 2.4405927975e-13 2.7804949018e-13 8.1714454740e-15
1.4184570312e+02 5.2315898949e-13 2.4119562491e-13 2.7384577727e-13 8.1175873122e-15
1.4190673828e+02 5.1225350247e-13 2.3451714858e-13 2.6964728092e-13 8.0890729785e-15
1.4196777344e+02 5.1550593302e-13 2.3502551826e-13 2.7237169993e-13 8.1087148321e-15
1.4202880859e+02 5.2319053315e-13 2.3910841923e-13 2.7601326152e-13 8.0688523979e-15
1.4208984375e+02 5.1909507593e-13 2.4065266407e-13 2.7035286952e-13 8.0895423365e-15
1.4215087891e+02 5.2049089394e-13 2.4057953762e-13 2.7180338144e-13 8.1079748779e-15
1.4221191406e+02 5.2201026367e-13 2.4319874037e-13 2.7075591220e-13 8.0556111075e-15
1.4227294922e+02 5.2060704849e-13 2.4030059814e-13 2.7226012356e-13 8.0463267920e-15
1.4233398438e+02 5.1985069544e-13 2.3628879618e-13 2.7546014797e-13 8.1017512941e-15
1.4239501953e+02 5.1204292165e-13 2.3241551030e-13 2.7142599056e-13 8.2014207962e-15
1.4245605469e+02 5.0969586556e-13 2.3367729690e-13 2.6777977179e-13 8.2387968773e-15
1.4251708984e+02 5.0901852210e-13 2.3321039823e-13 2.6766000199e-13 8.1481218743e-15
1.4257812500e+02 5.1034039186e-13 2.3436073702e-13 2.6797203509e-13 8.0076197515e-15
1.4263916016e+02 5.1215889618e-13 2.3626706008e-13 2.6782471505e-13 8.0671210596e-15
1.4270019531e+02 5.1098238829e-13 2.3719819840e-13 2.6572602761e-13 8.0581622809e-15
1.4276123047e+02 5.0652690915e-13 2.3107095998e-13 2.6744330193e-13 8.0126472432e-15
1.4282226562e+02 5.1226403155e-13 2.3693806788e-13 2.6737924106e-13 7.9467226032e-15
1.4288330078e+02 5.1588848570e-13 2.4402193844e-13 2.6379306610e-13 8.0734811648e-15
1.4294433594e+02 5.2292780238e-13 2.4174050059e-13 2.7308477707e-13 8.1025247140e-15
1.4300537109e+02 5.1954441045e-13 2.3764781683e-13 2.7382814030e-13 8.0684533255e-15
1.4306640625e+02 5.1321481024e-13 2.3746502964e-13 2.6770387665e-13 8.0459039456e-15
1.4312744141e+02 5.1079766439e-13 2.3562699285e-13 2.6721403353e-13 7.9566380129e-15
1.4318847656e+02 5.0890583735e-13 2.3359106525e-13 2.6727055656e-13 8.0442155447e-15
1.4324951172e+02 5.1037156038e-13 2.3221402820e-13 2.7015529975e-13 8.0022324302e-15
1.4331054688e+02 5.0669313236e-13 2.3129274208e-13 2.6743118697e-13 7.9692033123e-15
1.4337158203e+02 5.0584146837e-13 2.3221666199e-13 2.6570556857e-13 7.9192378103e-15
1.4343261719e+02 5.1815261921e-13 2.4033673332e-13 2.6983166318e-13 7.9842227123e-15
1.4349365234e+02 5.1566844432e-13 2.3307847275e-13 2.7457028224e-13 8.0196893224e-15
1.4355468750e+02 5.0513104692e-13 2.3184678685e-13 2.6527843967e-13 8.0058204089e-15
1.4361572266e+02 5.0172627159e-13 2.3346804658e-13 2.6021026265e-13 8.0479623602e-15
1.4367675781e+02 5.0233254208e-13 2.3342386458e-13 2.6089513666e-13 8.0135408493e-15
1.4373779297e+02 4.9565855942e-13 2.2741331241e-13 2.6025517023e-13 7.9900767811e-15
1.4379882812e+02 4.9520027167e-13 2.2340650060e-13 2.6380287693e-13 7.9908941319e-15
1.4385986328e+02 4.9545966265e-13 2.2676980862e-13 2.6071926699e-13 7.9705870383e-15
1.4392089844e+02 4.9855504966e-13 2.2967173508e-13 2.6091875815e-13 7.9645564332e-15
1.4398193359e+02 5.0436490842e-13 2.3574889412e-13 2.6070129460e-13 7.9147196931e-15
1.4404296875e+02 5.0416258145e-13 2.3431554601e-13 2.6192200445e-13 7.9250309954e-15
1.4410400391e+02 5.0035355782e-13 2.3092190620e-13 2.6150761057e-13 7.9240410420e-15
1.4416503906e+02 4.9729365605e-13 2.3014365010e-13 2.5927743247e-13 7.8725734797e-15
1.4422607422e+02 4.9924039932e-13 2.2854596512e-13 2.6278897887e-13 7.9054553313e-15
1.4428710938e+02 4.9828040532e-13 2.2834402981e-13 2.6204013632e-13 7.8962391885e-15
1.4434814453e+02 5.0174501891e-13 2.3404089642e-13 2.5982318883e-13 7.8809336571e-15
1.4440917969e+02 5.0488115300e-13 2.3463114666e-13 2.6240238006e-13 7.8476262865e-15
1.4447021484e+02 4.9621140735e-13 2.2715286885e-13 2.6122795073e-13 7.8305877700e-15
1.4453125000e+02 4.9404962276e-13 2.2576979302e-13 2.6038589173e-13 7.8939380130e-15
1.4459228516e+02 4.9497609814e-13 2.2848393263e-13 2.5859912227e-13 7.8930432299e-15
1.4465332031e+02 4.9658270268e-13 2.2982784076e-13 2.5881089465e-13 7.9439672712e-15
1.4471435547e+02 4.9430257950e-13 2.3118729705e-13 2.5523294801e-13 7.8823344446e-15
1.4477539062e+02 4.9230943850e-13 2.2900650364e-13 2.5550585572e-13 7.7970791317e-15
1.4483642578e+02 4.9201008278e-13 2.2266261801e-13 2.6150259058e-13 7.8448741959e-15
1.4489746094e+02 4.9517190005e-13 2.2467693348e-13 2.6256934426e-13 7.9256223094e-15
1.4495849609e+02 4.9675026861e-13 2.2864037936e-13 2.6026023352e-13 7.8496557396e-15
1.4501953125e+02 4.9015407072e-13 2.2652385972e-13 2.5584764011e-13 7.7825708972e-15
1.4508056641e+02 4.8879271614e-13 2.2600734977e-13 2.5484310987e-13 7.9422564959e-15
1.4514160156e+02 4.9219570888e-13 2.2597816221e-13 2.5832594661e-13 7.8916000596e-15
1.4520263672e+02 4.9210716184e-13 2.2466833019e-13 2.5956086675e-13 7.8779649098e-15
1.4526367188e+02 4.9004318893e-13 2.2631310936e-13 2.5588274901e-13 7.8473305663e-15
1.4532470703e+02 4.8721453068e-13 2.2673206677e-13 2.5276088181e-13 7.7215821074e-15
1.4538574219e+02 4.8998819261e-13 2.2577315072e-13 2.5643633006e-13 7.7787118210e-15
1.4544677734e+02 4.9296320638e-13 2.2577210105e-13 2.5930376604e-13 7.8873392821e-15
1.4550781250e+02 4.8562332987e-13 2.1998489808e-13 2.5775034290e-13 7.8880888952e-15
1.4556884766e+02 4.8421517692e-13 2.2325420598e-13 2.5313859433e-13 7.8223766158e-15
1.4562988281e+02 4.8854627966e-13 2.2305602762e-13 2.5758578460e-13 7.9044674461e-15
1.4569091797e+02 4.8731601777e-13 2.2285979263e-13 2.5661325508e-13 7.8429700671e-15
1.4575195312e+02 4.7923780649e-13 2.1978786814e-13 2.5162932549e-13 7.8206128653e-15
1.4581298828e+02 4.8095634537e-13 2.2378529017e-13 2.4931320200e-13 7.8578531963e-15
1.4587402344e+02 4.8398132188e-13 2.2415060346e-13 2.5202799570e-13 7.8027227214e-15
1.4593505859e+02 4.8224471157e-13 2.1836927366e-13 2.5606405789e-13 7.8113800245e-15
1.4599609375e+02 4.8466753437e-13 2.1959402371e-13 2.5724490234e-13 7.8286083269e-15
1.4605712891e+02 4.8867319496e-13 2.2360118239e-13 2.5725993114e-13 7.8120814296e-15
1.4611816406e+02 4.8245189134e-13 2.2437341402e-13 2.5030493282e-13 7.7735444944e-15
1.4617919922e+02 4.8291434499e-13 2.2325899918e-13 2.5194298701e-13 7.7123587979e-15
1.4624023438e+02 4.7817508052e-13 2.1802740399e-13 2.5243046247e-13 7.7172140537e-15
1.4630126953e+02 4.7913478847e-13 2.1907036222e-13 2.5224611093e-13 7.8183153224e-15
1.4636230469e+02 4.8142569095e-13 2.2258248937e-13 2.5101123512e-13 7.8319664697e-15
1.4642333984e+02 4.8747363700e-13 2.2667648810e-13 2.5305256160e-13 7.7445872975e-15
1.4648437500e+02 4.8532354704e-13 2.2465329351e-13 2.5298467972e-13 7.6855738115e-15
1.4654541016e+02 4.7406784227e-13 2.1935254670e-13 2.4701605541e-13 7.6992401641e-15
1.4660644531e+02 4.7195752376e-13 2.1764800446e-13 2.4662866531e-13 7.6808539933e-15
1.4666748047e+02 4.7923079109e-13 2.2287720631e-13 2.4859823155e-13 7.7553532333e-15
1.4672851562e+02 4.7642384745e-13 2.2068843970e-13 2.4806232177e-13 7.6730859749e-15
1.4678955078e+02 4.7725008933e-13 2.2127791935e-13 2.4821780137e-13 7.7543686099e-15
1.4685058594e+02 4.8170675801e-13 2.2220704170e-13 2.5169367650e-13 7.8060398164e-15
1.4691162109e+02 4.8097725209e-13 2.2012991458e-13 2.5300276168e-13 7.8445758292e-15
1.4697265625e+02 4.7912604020e-13 2.1804748294e-13 2.5328937280e-13 7.7891844605e-15
1.4703369141e+02 4.7715157490e-13 2.2209182209e-13 2.4734177102e-13 7.7179817917e-15
1.4709472656e+02 4.7010554266e-13 2.1754819112e-13 2.4493680932e-13 7.6205422184e-15
1.4715576172e+02 4.7550603696e-13 2.1771841974e-13 2.5015604780e-13 7.6315694264e-15
1.4721679688e+02 4.7797960891e-13 2.1981883402e-13 2.5044424435e-13 7.7165305404e-15
1.4727783203e+02 4.7008750745e-13 2.1676462808e-13 2.4556460601e-13 7.7582733574e-15
1.4733886719e+02 4.6449209571e-13 2.1748825913e-13 2.3922292737e-13 7.7809092090e-15
1.4739990234e+02 4.7006691500e-13 2.1783707236e-13 2.4456760771e-13 7.6622349235e-15
1.4746093750e+02 4.7068697831e-13 2.1565346250e-13 2.4739929137e-13 7.6342244444e-15
1.4752197266e+02 4.6265971434e-13 2.1564613287e-13 2.3934311623e-13 7.6704652456e-15
1.4758300781e+02 4.6943150729e-13 2.1620487319e-13 2.4554450931e-13 7.6821247866e-15
1.4764404297e+02 4.7590018036e-13 2.1481130419e-13 2.5352201333e-13 7.5668628363e-15
1.4770507812e+02 4.7835715272e-13 2.1636423823e-13 2.5434939332e-13 7.6435211739e-15
1.4776611328e+02 4.7440244193e-13 2.1477752009e-13 2.5195108347e-13 7.6738383702e-15
1.4782714844e+02 4.6734818599e-13 2.1511625111e-13 2.4461950408e-13 7.6124307981e-15
1.4788818359e+02 4.6989167301e-13 2.1759618096e-13 2.4466820796e-13 7.6272840888e-15
1.4794921875e+02 4.6501873866e-13 2.1472473360e-13 2.4260131215e-13 7.6926929145e-15
1.4801025391e+02 4.6364191360e-13 2.1148365549e-13 2.4442666540e-13 7.7315927129e-15
1.4807128906e+02 4.6790134386e-13 2.1184745215e-13 2.4837233974e-13 7.6815519694e-15
1.4813232422e+02 4.6635511074e-13 2.1401156055e-13 2.4467922998e-13 7.6643202101e-15
1.4819335938e+02 4.6524295100e-13 2.1566249189e-13 2.4184035658e-13 7.7401025252e-15
1.4825439453e+02 4.6963951322e-13 2.1657355985e-13 2.4545075047e-13 7.6152028893e-15
1.4831542969e+02 4.6031185150e-13 2.1316554895e-13 2.3948266152e-13 7.6636410241e-15
1.4837646484e+02 4.6346116794e-13 2.1661001468e-13 2.3922710711e-13 7.6240461472e-15
1.4843750000e+02 4.6575579363e-13 2.1603403336e-13 2.4215140687e-13 7.5703533987e-15
1.4849853516e+02 4.6125002083e-13 2.1409503327e-13 2.3956744076e-13 7.5875468039e-15
1.4855957031e+02 4.6431871446e-13 2.1233378429e-13 2.4437069384e-13 7.6142363288e-15
1.4862060547e+02 4.6807054964e-13 2.1301903366e-13 2.4749223623e-13 7.5592797516e-15
1.4868164062e+02 4.6272361175e-13 2.1044398266e-13 2.4476526771e-13 7.5143613795e-15
1.4874267578e+02 4.5870645704e-13 2.1370661714e-13 2.3745761618e-13 7.5422237232e-15
1.4880371094e+02 4.6759153223e-13 2.1630387871e-13 2.4375315529e-13 7.5344982326e-15
1.4886474609e+02 4.7066814460e-13 2.1588460397e-13 2.4723135988e-13 7.5521807563e-15
1.4892578125e+02 4.7330010313e-13 2.1515548368e-13 2.5061064458e-13 7.5339748689e-15
1.4898681641e+02 4.6252315744e-13 2.1313277827e-13 2.4176635309e-13 7.6240260806e-15
1.4904785156e+02 4.6126749810e-13 2.1477210431e-13 2.3884592607e-13 7.6494677242e-15
1.4910888672e+02 4.6873240952e-13 2.1647564231e-13 2.4466142392e-13 7.5953432930e-15
1.4916992188e+02 4.6018503277e-13 2.1146586467e-13 2.4116714106e-13 7.5520270382e-15
1.4923095703e+02 4.5941486005e-13 2.1307824230e-13 2.3884534900e-13 7.4912687462e-15
1.4929199219e+02 4.6174714889e-13 2.1345735123e-13 2.4070793681e-13 7.5818608532e-15
1.4935302734e+02 4.5856211180e-13 2.1241560518e-13 2.3856537855e-13 7.5811280730e-15
1.4941406250e+02 4.5999271800e-13 2.1082639528e-13 2.4155573053e-13 7.6105921860e-15
1.4947509766e+02 4.6054451552e-13 2.1085753846e-13 2.4202993231e-13 7.6570447555e-15
1.4953613281e+02 4.6223709457e-13 2.1179459925e-13 2.4285956588e-13 7.5829294335e-15
1.4959716797e+02 4.5266413362e-13 2.0755832841e-13 2.3754146449e-13 7.5643407187e-15
1.4965820312e+02 4.5446615950e-13 2.1191550204e-13 2.3505113755e-13 7.4995199098e-15
1.4971923828e+02 4.5767304416e-13 2.1280585129e-13 2.3735527271e-13 7.5119201619e-15
1.4978027344e+02 4.5558057789e-13 2.0897942791e-13 2.3905898673e-13 7.5421632541e-15
1.4984130859e+02 4.5947347421e-13 2.1458640879e-13 2.3733232542e-13 7.5547400032e-15
1.4990234375e+02 4.5062970331e-13 2.0893715551e-13 2.3419797546e-13 7.4945723405e-15
1.4996337891e+02 4.5405713395e-13 2.0875893530e-13 2.3782520267e-13 7.4729959861e-15
1.5002441406e+02 4.5780708173e-13 2.1118257877e-13 2.3911384263e-13 7.5106603249e-15
1.5008544922e+02 4.4907326384e-13 2.0710935687e-13 2.3449012495e-13 7.4737820166e-15
1.5014648438e+02 4.4935980879e-13 2.0664769357e-13 2.3525377960e-13 7.4583356241e-15
1.5020751953e+02 4.5281448681e-13 2.0846331044e-13 2.3683483596e-13 7.5163404106e-15
1.5026855469e+02 4.5058515442e-13 2.0810651962e-13 2.3502602634e-13 7.4526084564e-15
1.5032958984e+02 4.5430729091e-13 2.1122865674e-13 2.3557548480e-13 7.5031493702e-15
1.5039062500e+02 4.5082355152e-13 2.0832946748e-13 2.3500687082e-13 7.4872132209e-15
1.5045166016e+02 4.4481975874e-13 2.0223280426e-13 2.3499615139e-13 7.5908030921e-15
1.5051269531e+02 4.4548306033e-13 2.0261521415e-13 2.3532214708e-13 7.5456990955e-15
1.5057373047e+02 4.5171461319e-13 2.0700950246e-13 2.3713655830e-13 7.5685524341e-15
1.5063476562e+02 4.4937636880e-13 2.0761094170e-13 2.3432549884e-13 7.4399282514e-15
1.5069580078e+02 4.5110832756e-13 2.0976355160e-13 2.3396654557e-13 7.3782303919e-15
1.5075683594e+02 4.5111309188e-13 2.0889098394e-13 2.3476366349e-13 7.4584444456e-15
1.5081787109e+02 4.4620172521e-13 2.0590804193e-13 2.3278587810e-13 7.5078051761e-15
1.5087890625e+02 4.4694985629e-13 2.0501232080e-13 2.3449265933e-13 7.4448761566e-15
1.5093994141e+02 4.4592084637e-13 2.0487000389e-13 2.3350251847e-13 7.5483240057e-15
1.5100097656e+02 4.4499289731e-13 2.0439525579e-13 2.3315040891e-13 7.4472326121e-15
1.5106201172e+02 4.4989754073e-13 2.0727852530e-13 2.3522893514e-13 7.3900802940e-15
1.5112304688e+02 4.4690545763e-13 2.0648228239e-13 2.3291569994e-13 7.5074753026e-15
1.5118408203e+02 4.4998106745e-13 2.0642525188e-13 2.3602330778e-13 7.5325077978e-15
1.5124511719e+02 4.4848879700e-13 2.0408397473e-13 2.3690127886e-13 7.5035434047e-15
1.5130615234e+02 4.4925854356e-13 2.0428337657e-13 2.3754137418e-13 7.4337928173e-15
1.5136718750e+02 4.5423466096e-13 2.0684485707e-13 2.3988789890e-13 7.5019049853e-15
1.5142822266e+02 4.4833124817e-13 2.0412837777e-13 2.3670037255e-13 7.5024978521e-15
1.5148925781e+02 4.4416990699e-13 2.0540789244e-13 2.3126448320e-13 7.4975313570e-15
1.5155029297e+02 4.4669953699e-13 2.0605543940e-13 2.3314178172e-13 7.5023158716e-15
1.5161132812e+02 4.4030135096e-13 2.0705480663e-13 2.2575592933e-13 7.4906150115e-15
1.5167236328e+02 4.3737061447e-13 2.0409235936e-13 2.2590001074e-13 7.3782443752e-15
1.5173339844e+02 4.4496850031e-13 2.0537879278e-13 2.3211799264e-13 7.4717148893e-15
1.5179443359e+02 4.4913166772e-13 2.0780262669e-13 2.3388293419e-13 7.4461068372e-15
1.5185546875e+02 4.4522862981e-13 2.0570554604e-13 2.3210884563e-13 7.4142381413e-15
1.5191650391e+02 4.4326983147e-13 2.0459668333e-13 2.3122528298e-13 7.4478651581e-15
1.5197753906e+02 4.4804185516e-13 2.0508332777e-13 2.3558851651e-13 7.3700108874e-15
1.5203857422e+02 4.4262030685e-13 2.0342425897e-13 2.3166052143e-13 7.5355264448e-15
1.5209960938e+02 4.4136862680e-13 2.0277159021e-13 2.3107648332e-13 7.5205532643e-15
1.5216064453e+02 4.3822278380e-13 2.0435547401e-13 2.2644280891e-13 7.4245008910e-15
1.5222167969e+02 4.3236143923e-13 2.0363386097e-13 2.2136243190e-13 7.3651463579e-15
1.5228271484e+02 4.3479354902e-13 2.0396742630e-13 2.2346021314e-13 7.3659095745e-15
1.5234375000e+02 4.3731582336e-13 2.0363153450e-13 2.2622608246e-13 7.4582063976e-15
1.5240478516e+02 4.4142929485e-13 2.0317423182e-13 2.3079576242e-13 7.4593006152e-15
1.5246582031e+02 4.4169578899e-13 2.0130865119e-13 2.3297721768e-13 7.4099201184e-15
1.5252685547e+02 4.3825516456e-13 1.9974880319e-13 2.3103857314e-13 7.4677882309e-15
1.5258789062e+02 4.4037947737e-13 1.9910106541e-13 2.3384749878e-13 7.4309131826e-15
1.5264892578e+02 4.4153210535e-13 2.0236740468e-13 2.3174906355e-13 7.4156371223e-15
1.5270996094e+02 4.4150352157e-13 2.0397617653e-13 2.3014278615e-13 7.3845588923e-15
1.5277099609e+02 4.3490241435e-13 1.9861722301e-13 2.2888178676e-13 7.4034045900e-15
1.5283203125e+02 4.3117058421e-13 1.9492835261e-13 2.2883162408e-13 7.4106075246e-15
1.5289306641e+02 4.3323344207e-13 1.9540873246e-13 2.3036878838e-13 7.4559212352e-15
1.5295410156e+02 4.3355773115e-13 1.9844474024e-13 2.2763022470e-13 7.4827662186e-15
1.5301513672e+02 4.3630909738e-13 1.9832244632e-13 2.3058301703e-13 7.4036340267e-15
1.5307617188e+02 4.3692329256e-13 1.9930757819e-13 2.3019256539e-13 7.4231489849e-15
1.5313720703e+02 4.3068265719e-13 1.9819058363e-13 2.2506011787e-13 7.4319556930e-15
1.5319824219e+02 4.2790414620e-13 1.9689936015e-13 2.2360087772e-13 7.4039083267e-15
1.5325927734e+02 4.2835435728e-13 2.0049363451e-13 2.2052357977e-13 7.3371429902e-15
1.5332031250e+02 4.3155409357e-13 2.0165156026e-13 2.2254963243e-13 7.3529008842e-15
1.5338134766e+02 4.3054478623e-13 1.9845744940e-13 2.2471230692e-13 7.3750299041e-15
1.5344238281e+02 4.3784711190e-13 2.0006327915e-13 2.3049260158e-13 7.2912311711e-15
1.5350341797e+02 4.3820551751e-13 2.0464857236e-13 2.2621279580e-13 7.3441493508e-15
1.5356445312e+02 4.3700151382e-13 2.0493170431e-13 2.2472368918e-13 7.3461203292e-15
1.5362548828e+02 4.3223534067e-13 2.0140605137e-13 2.2354722403e-13 7.2820652701e-15
1.5368652344e+02 4.3233889455e-13 2.0055141882e-13 2.2449133276e-13 7.2961429740e-15
1.5374755859e+02 4.3684272446e-13 2.0350258312e-13 2.2601797626e-13 7.3221650757e-15
1.5380859375e+02 4.3578408903e-13 1.9985607049e-13 2.2859679786e-13 7.3312206779e-15
1.5386962891e+02 4.2848293917e-13 1.9636759112e-13 2.2474741475e-13 7.3679333046e-15
1.5393066406e+02 4.2541797179e-13 1.9389499216e-13 2.2416665885e-13 7.3563207793e-15
1.5399169922e+02 4.3186601725e-13 1.9882546589e-13 2.2569043376e-13 7.3501175971e-15
1.5405273438e+02 4.3025142157e-13 1.9767568540e-13 2.2520904828e-13 7.3666878979e-15
1.5411376953e+02 4.2704284466e-13 1.9630153494e-13 2.2331748381e-13 7.4238259025e-15
1.5417480469e+02 4.2913970792e-13 1.9851731684e-13 2.2329742885e-13 7.3249622234e-15
1.5423583984e+02 4.2537212107e-13 1.9618009904e-13 2.2190918904e-13 7.2828329898e-15
1.5429687500e+02 4.2581120213e-13 1.9338136713e-13 2.2514201245e-13 7.2878225521e-15
1.5435791016e+02 4.2623623244e-13 1.9375072215e-13 2.2518572110e-13 7.2997891850e-15
1.5441894531e+02 4.2619448584e-13 1.9483315318e-13 2.2412053774e-13 7.2407949131e-15
1.5447998047e+02 4.2684798775e-13 1.9598946666e-13 2.2360928367e-13 7.2492374195e-15
1.5454101562e+02 4.2899408080e-13 1.9559134661e-13 2.2611176599e-13 7.2909681989e-15
1.5460205078e+02 4.2582190065e-13 1.9443173554e-13 2.2402522711e-13 7.3649379969e-15
1.5466308594e+02 4.2745204257e-13 1.9494654146e-13 2.2513043891e-13 7.3750621949e-15
1.5472412109e+02 4.2539105897e-13 1.9487686048e-13 2.2324951399e-13 7.2646844943e-15
1.5478515625e+02 4.2986102751e-13 1.9934143198e-13 2.2316426983e-13 7.3553256943e-15
1.5484619141e+02 4.2740102061e-13 1.9698319945e-13 2.2311536292e-13 7.3024582387e-15
1.5490722656e+02 4.2329543314e-13 1.9377393691e-13 2.2226418379e-13 7.2573124359e-15
1.5496826172e+02 4.2251701277e-13 1.9382446050e-13 2.2139750267e-13 7.2950495995e-15
1.5502929688e+02 4.2319405519e-13 1.9515311004e-13 2.2074552226e-13 7.2954228884e-15
1.5509033203e+02 4.2432790458e-13 1.9432183890e-13 2.2268334497e-13 7.3227207120e-15
1.5515136719e+02 4.1930689279e-13 1.9069472935e-13 2.2133899748e-13 7.2731659593e-15
1.5521240234e+02 4.2972609217e-13 1.9451062386e-13 2.2802945083e-13 7.1860174773e-15
1.5527343750e+02 4.2630390247e-13 1.9636109105e-13 2.2270976356e-13 7.2330478655e-15
1.5533447266e+02 4.2490758138e-13 1.9567082595e-13 2.2200146050e-13 7.2352949258e-15
1.5539550781e+02 4.2364215743e-13 1.9453877626e-13 2.2181029434e-13 7.2930868281e-15
1.5545654297e+02 4.2382060067e-13 1.9753324439e-13 2.1898000932e-13 7.3073469581e-15
1.5551757812e+02 4.2544231690e-13 1.9618354198e-13 2.2200337127e-13 7.2554036483e-15
1.5557861328e+02 4.2014172644e-13 1.9589851906e-13 2.1695710803e-13 7.2860993620e-15
1.5563964844e+02 4.1978885034e-13 1.9536868965e-13 2.1712670549e-13 7.2934551969e-15
1.5570068359e+02 4.2769546381e-13 1.9720662971e-13 2.2323166441e-13 7.2571696833e-15
1.5576171875e+02 4.2654269765e-13 1.9618551211e-13 2.2311746693e-13 7.2397186149e-15
1.5582275391e+02 4.1974893640e-13 1.9315176676e-13 2.1937912744e-13 7.2180422064e-15
1.5588378906e+02 4.1779654112e-13 1.9158383903e-13 2.1895007916e-13 7.2626229261e-15
1.5594482422e+02 4.1804769489e-13 1.9286566894e-13 2.1797425624e-13 7.2077697091e-15
1.5600585938e+02 4.2549888479e-13 1.9855204881e-13 2.1976235890e-13 7.1844770824e-15
1.5606689453e+02 4.2238599659e-13 1.9823229597e-13 2.1691887887e-13 7.2348217463e-15
1.5612792969e+02 4.1818126877e-13 1.9358723636e-13 2.1736878185e-13 7.2252505546e-15
1.5618896484e+02 4.1879989570e-13 1.9135490095e-13 2.2022399684e-13 7.2209979130e-15
1.5625000000e+02 4.1578843421e-13 1.9133249958e-13 2.1729803862e-13 7.1578960121e-15
1.5631103516e+02 4.1868394621e-13 1.9521373225e-13 2.1631505990e-13 7.1551540692e-15
1.5637207031e+02 4.2011776666e-13 1.9591943590e-13 2.1706405288e-13 7.1342778871e-15
1.5643310547e+02 4.1521839082e-13 1.9211291119e-13 2.1586582127e-13 7.2396583526e-15
1.5649414062e+02 4.1136074875e-13 1.8887145425e-13 2.1522524579e-13 7.2640487141e-15
1.5655517578e+02 4.0654657685e-13 1.8754007574e-13 2.1176719305e-13 7.2393080563e-15
1.5661621094e+02 4.0636992016e-13 1.8700081214e-13 2.1216616218e-13 7.2029458489e-15
1.5667724609e+02 4.1109148045e-13 1.8962991916e-13 2.1428383406e-13 7.1777272342e-15
1.5673828125e+02 4.1795327810e-13 1.9289532541e-13 2.1788919596e-13 7.1687567269e-15
1.5679931641e+02 4.1576940865e-13 1.9119997891e-13 2.1746739517e-13 7.1020345723e-15
1.5686035156e+02 4.1299091258e-13 1.8946920735e-13 2.1632723940e-13 7.1944658356e-15
1.5692138672e+02 4.1430019826e-13 1.8935276183e-13 2.1764478859e-13 7.3026478398e-15
1.5698242188e+02 4.1823813747e-13 1.9045604064e-13 2.2051785001e-13 7.2642468189e-15
1.5704345703e+02 4.1315570180e-13 1.8989542719e-13 2.1612258325e-13 7.1376913616e-15
1.5710449219e+02 4.1546021298e-13 1.9213658162e-13 2.1607866312e-13 7.2449682378e-15
1.5716552734e+02 4.1336901182e-13 1.9206018987e-13 2.1402852132e-13 7.2803006334e-15
1.5722656250e+02 4.1396459711e-13 1.8747731676e-13 2.1930665911e-13 7.1806212343e-15
1.5728759766e+02 4.1260616946e-13 1.8985332976e-13 2.1552291745e-13 7.2299222409e-15
1.5734863281e+02 4.1509901185e-13 1.9309188651e-13 2.1478745541e-13 7.2196699257e-15
1.5740966797e+02 4.1232370001e-13 1.9079712668e-13 2.1434494760e-13 7.1816257343e-15
1.5747070312e+02 4.1176740303e-13 1.9021322081e-13 2.1440563243e-13 7.1485497909e-15
1.5753173828e+02 4.1130197947e-13 1.9069637462e-13 2.1339545612e-13 7.2101487334e-15
1.5759277344e+02 4.0895362746e-13 1.9049892859e-13 2.1134174922e-13 7.1129496450e-15
1.5765380859e+02 4.1416793613e-13 1.9279793037e-13 2.1427832430e-13 7.0916814642e-15
1.5771484375e+02 4.1088802102e-13 1.8992695877e-13 2.1383074410e-13 7.1303181547e-15
1.5777587891e+02 4.0862308886e-13 1.8575380385e-13 2.1579779979e-13 7.0714852273e-15
1.5783691406e+02 4.0383778601e-13 1.8338790515e-13 2.1334336699e-13 7.1065138743e-15
1.5789794922e+02 4.0205938608e-13 1.8528613402e-13 2.0959251399e-13 7.1807380735e-15
1.5795898438e+02 4.0236733880e-13 1.8791478951e-13 2.0729972925e-13 7.1528200442e-15
1.5802001953e+02 4.0330501364e-13 1.8745906689e-13 2.0871025451e-13 7.1356922415e-15
1.5808105469e+02 4.0664466531e-13 1.8746035064e-13 2.1206529212e-13 7.1190225507e-15
1.5814208984e+02 4.0315037400e-13 1.8367190487e-13 2.1234230983e-13 7.1361592976e-15
1.5820312500e+02 4.0877345341e-13 1.8559988686e-13 2.1600838403e-13 7.1651825283e-15
1.5826416016e+02 4.0823079406e-13 1.8425451243e-13 2.1678462933e-13 7.1916522956e-15
1.5832519531e+02 4.0907360286e-13 1.8530477651e-13 2.1658477364e-13 7.1840527068e-15
1.5838623047e+02 4.0487937400e-13 1.8518836578e-13 2.1245351621e-13 7.2374920094e-15
1.5844726562e+02 3.9926208149e-13 1.8385588142e-13 2.0828056202e-13 7.1256380536e-15
1.5850830078e+02 3.9768111247e-13 1.8292667717e-13 2.0766841038e-13 7.0860249183e-15
1.5856933594e+02 4.0037686012e-13 1.8358486612e-13 2.0968165067e-13 7.1103433291e-15
1.5863037109e+02 4.0075749702e-13 1.8642256711e-13 2.0727759202e-13 7.0573378849e-15
1.5869140625e+02 3.9954905963e-13 1.8546646832e-13 2.0701309992e-13 7.0694913901e-15
1.5875244141e+02 4.0089903329e-13 1.8508077599e-13 2.0881414227e-13 7.0041150257e-15
1.5881347656e+02 4.0267690893e-13 1.8682123465e-13 2.0880853192e-13 7.0471423582e-15
1.5887451172e+02 4.0661753031e-13 1.8682609521e-13 2.1276394426e-13 7.0274908382e-15
1.5893554688e+02 4.0366513651e-13 1.8934232140e-13 2.0721693582e-13 7.1058792881e-15
1.5899658203e+02 4.0204982413e-13 1.8482719226e-13 2.1018362993e-13 7.0390019355e-15
1.5905761719e+02 3.9906982731e-13 1.8317943728e-13 2.0892835370e-13 6.9620363304e-15
1.5911865234e+02 3.9295843373e-13 1.8085612281e-13 2.0504085784e-13 7.0614530897e-15
1.5917968750e+02 3.9651921833e-13 1.8085742603e-13 2.0856821158e-13 7.0935807226e-15
1.5924072266e+02 4.0258339056e-13 1.8386245504e-13 2.1167388437e-13 7.0470511524e-15
1.5930175781e+02 4.0274829968e-13 1.8520831637e-13 2.1049812469e-13 7.0418586215e-15
1.5936279297e+02 4.0373584542e-13 1.8498605641e-13 2.1173691612e-13 7.0128728889e-15
1.5942382812e+02 4.0068415771e-13 1.8274209597e-13 2.1087779108e-13 7.0642706552e-15
1.5948486328e+02 3.9890240528e-13 1.8198937642e-13 2.0982415421e-13 7.0888746602e-15
1.5954589844e+02 3.9835018350e-13 1.8156010212e-13 2.0973127599e-13 7.0588053849e-15
1.5960693359e+02 3.9725850418e-13 1.8305227467e-13 2.0720692224e-13 6.9993072704e-15
1.5966796875e+02 3.9332751666e-13 1.8236018963e-13 2.0402275231e-13 6.9445747238e-15
1.5972900391e+02 3.9762491821e-13 1.8252846067e-13 2.0812761087e-13 6.9688466765e-15
1.5979003906e+02 3.9602887976e-13 1.8210109838e-13 2.0691604539e-13 7.0117359953e-15
1.5985107422e+02 3.9335635131e-13 1.8097006491e-13 2.0529456784e-13 7.0917185546e-15
1.5991210938e+02 3.9875850034e-13 1.8246409457e-13 2.0916311439e-13 7.1312913828e-15
1.5997314453e+02 3.9578841163e-13 1.8094018440e-13 2.0778655409e-13 7.0616731441e-15
1.6003417969e+02 3.9313488337e-13 1.8094550827e-13 2.0512567049e-13 7.0637046032e-15
1.6009521484e+02 3.9824772285e-13 1.8298778428e-13 2.0816048145e-13 7.0994571206e-15
1.6015625000e+02 3.9808828914e-13 1.8173119769e-13 2.0929006687e-13 7.0670245877e-15
1.6021728516e+02 3.9495259157e-13 1.8079186511e-13 2.0712772875e-13 7.0329977066e-15
1.6027832031e+02 3.9576291637e-13 1.8150819099e-13 2.0717668469e-13 7.0780406946e-15
1.6033935547e+02 3.9541113083e-13 1.7945255738e-13 2.0888375711e-13 7.0748163417e-15
1.6040039062e+02 3.9790040712e-13 1.8168084811e-13 2.0917868608e-13 7.0408729276e-15
1.6046142578e+02 3.9757732637e-13 1.8098951209e-13 2.0958822046e-13 6.9995938334e-15
1.6052246094e+02 3.9153638507e-13 1.8299661640e-13 2.0151786107e-13 7.0219076005e-15
1.6058349609e+02 3.9494031128e-13 1.8218363479e-13 2.0578578143e-13 6.9708950592e-15
1.6064453125e+02 3.9696646227e-13 1.8328977938e-13 2.0676323076e-13 6.9134521295e-15
1.6070556641e+02 3.9516515303e-13 1.8198946566e-13 2.0621083365e-13 6.9648537111e-15
1.6076660156e+02 3.9157900803e-13 1.7889371583e-13 2.0570762982e-13 6.9776623848e-15
1.6082763672e+02 3.9410131514e-13 1.7966761995e-13 2.0742987794e-13 7.0038172455e-15
1.6088867188e+02 3.9399295469e-13 1.7817410412e-13 2.0881741094e-13 7.0014396230e-15
1.6094970703e+02 3.8994292471e-13 1.7836544455e-13 2.0454682642e-13 7.0306537488e-15
1.6101074219e+02 3.8844010769e-13 1.7995854755e-13 2.0138861293e-13 7.0929472082e-15
1.6107177734e+02 3.9331854649e-13 1.8020838564e-13 2.0611016524e-13 6.9999956128e-15
1.6113281250e+02 3.9427437364e-13 1.8161318412e-13 2.0563610454e-13 7.0250849828e-15
1.6119384766e+02 3.8741485558e-13 1.7723437566e-13 2.0311128675e-13 7.0691931763e-15
1.6125488281e+02 3.8897725577e-13 1.7905108801e-13 2.0290746183e-13 7.0187059297e-15
1.6131591797e+02 3.9144261389e-13 1.8160023247e-13 2.0288425317e-13 6.9581282451e-15
1.6137695312e+02 3.9257373391e-13 1.8121753440e-13 2.0440504553e-13 6.9511539769e-15
1.6143798828e+02 3.9295070261e-13 1.7966713979e-13 2.0634106148e-13 6.9425013349e-15
1.6149902344e+02 3.9297054888e-13 1.8039815122e-13 2.0564382890e-13 6.9285687582e-15
1.6156005859e+02 3.9198279415e-13 1.8141705101e-13 2.0357241846e-13 6.9933246902e-15
1.6162109375e+02 3.8558469297e-13 1.8142164597e-13 1.9719996160e-13 6.9630853982e-15
1.6168212891e+02 3.8152421785e-13 1.7779887662e-13 1.9671834971e-13 7.0069915200e-15
1.6174316406e+02 3.8716336119e-13 1.7746369017e-13 2.0269206893e-13 7.0076020903e-15
1.6180419922e+02 3.8345213044e-13 1.7591379521e-13 2.0054066835e-13 6.9976668789e-15
1.6186523438e+02 3.8390515888e-13 1.7708255116e-13 1.9983519503e-13 6.9874126837e-15
1.6192626953e+02 3.8342731540e-13 1.7654565867e-13 1.9991288887e-13 6.9687678475e-15
1.6198730469e+02 3.8383922294e-13 1.7764182747e-13 1.9912274081e-13 7.0746546597e-15
1.6204833984e+02 3.8453771580e-13 1.7625994799e-13 2.0129781152e-13 6.9799562898e-15
1.6210937500e+02 3.8730617954e-13 1.7888663801e-13 2.0140808606e-13 7.0114554711e-15
1.6217041016e+02 3.8641369928e-13 1.7756026731e-13 2.0178913782e-13 7.0642941508e-15
1.6223144531e+02 3.8343764068e-13 1.7801278197e-13 1.9843122047e-13 6.9936382342e-15
1.6229248047e+02 3.8697762121e-13 1.8085318532e-13 1.9913807449e-13 6.9863614017e-15
1.6235351562e+02 3.8401263482e-13 1.7854295538e-13 1.9848991297e-13 6.9797664747e-15
1.6241455078e+02 3.8180130037e-13 1.7645584647e-13 1.9841161570e-13 6.9338382087e-15
1.6247558594e+02 3.7888230201e-13 1.7413199959e-13 1.9782948156e-13 6.9208208639e-15
1.6253662109e+02 3.8063579386e-13 1.7525047786e-13 1.9844099197e-13 6.9443240304e-15
1.6259765625e+02 3.8191326278e-13 1.7743737757e-13 1.9750635687e-13 6.9695283436e-15
1.6265869141e+02 3.8238752122e-13 1.7645803058e-13 1.9899402980e-13 6.9354608417e-15
1.6271972656e+02 3.8449765925e-13 1.7590674760e-13 2.0167795396e-13 6.9129576894e-15
1.6278076172e+02 3.8487194593e-13 1.7799351132e-13 1.9994824108e-13 6.9301935290e-15
1.6284179688e+02 3.8407896634e-13 1.7651202062e-13 2.0064469934e-13 6.9222463708e-15
1.6290283203e+02 3.8371031925e-13 1.7651517378e-13 2.0027337683e-13 6.9217686427e-15
1.6296386719e+02 3.8058077019e-13 1.7488804956e-13 1.9882495845e-13 6.8677621791e-15
1.6302490234e+02 3.8047809178e-13 1.7567546709e-13 1.9790744043e-13 6.8951842728e-15
1.6308593750e+02 3.8362717954e-13 1.7819326829e-13 1.9850571034e-13 6.9282008987e-15
1.6314697266e+02 3.8053279957e-13 1.7573547462e-13 1.9785864068e-13 6.9386842742e-15
1.6320800781e+02 3.7767944226e-13 1.7329968394e-13 1.9739920089e-13 6.9805574355e-15
1.6326904297e+02 3.8577834061e-13 1.7867985352e-13 2.0013578931e-13 6.9626977758e-15
1.6333007812e+02 3.8328304035e-13 1.7603595727e-13 2.0029558815e-13 6.9514949259e-15
1.6339111328e+02 3.8097462824e-13 1.7456681385e-13 1.9949595138e-13 6.9118630093e-15
1.6345214844e+02 3.8153319530e-13 1.7626536126e-13 1.9834413777e-13 6.9236962759e-15
1.6351318359e+02 3.8382683447e-13 1.7617397781e-13 2.0070545236e-13 6.9474043002e-15
1.6357421875e+02 3.8733543618e-13 1.7790999203e-13 2.0251678991e-13 6.9086542345e-15
1.6363525391e+02 3.8216568588e-13 1.7721255455e-13 1.9807696109e-13 6.8761702456e-15
1.6369628906e+02 3.7936851031e-13 1.7404465224e-13 1.9842112088e-13 6.9027371899e-15
1.6375732422e+02 3.8245193722e-13 1.7636700318e-13 1.9918099360e-13 6.9039404443e-15
1.6381835938e+02 3.8362575889e-13 1.7726220935e-13 1.9944420227e-13 6.9193472586e-15
1.6387939453e+02 3.7675607130e-13 1.7408184783e-13 1.9574595006e-13 6.9282734135e-15
1.6394042969e+02 3.7337830238e-13 1.7364381911e-13 1.9286374319e-13 6.8707400712e-15
1.6400146484e+02 3.7622969330e-13 1.7350300696e-13 1.9588576089e-13 6.8409254487e-15
1.6406250000e+02 3.7494050779e-13 1.7215880154e-13 1.9588619925e-13 6.8955070055e-15
1.6412353516e+02 3.7141306130e-13 1.7393787649e-13 1.9055105526e-13 6.9241295566e-15
1.6418457031e+02 3.7209491835e-13 1.7142192084e-13 1.9379828638e-13 6.8747111243e-15
1.6424560547e+02 3.7216909000e-13 1.7204951873e-13 1.9323503874e-13 6.8845325238e-15
1.6430664062e+02 3.7735918326e-13 1.7315689016e-13 1.9738605651e-13 6.8162365910e-15
1.6436767578e+02 3.7577759973e-13 1.7032501366e-13 1.9860234569e-13 6.8502403792e-15
1.6442871094e+02 3.7403999251e-13 1.7015497080e-13 1.9699610422e-13 6.8889174866e-15
1.6448974609e+02 3.7183794230e-13 1.7023162062e-13 1.9473855328e-13 6.8677684046e-15
1.6455078125e+02 3.7618181539e-13 1.7418723341e-13 1.9511172478e-13 6.8828571992e-15
1.6461181641e+02 3.7299505127e-13 1.7188466506e-13 1.9420597650e-13 6.9044097093e-15
1.6467285156e+02 3.7330216561e-13 1.7258270282e-13 1.9383489803e-13 6.8845647611e-15
1.6473388672e+02 3.7150069521e-13 1.7080256236e-13 1.9378488076e-13 6.9132520997e-15
1.6479492188e+02 3.7046922982e-13 1.6907921987e-13 1.9451606270e-13 6.8739472460e-15
1.6485595703e+02 3.7344459852e-13 1.7014756392e-13 1.9649781211e-13 6.7992224893e-15
1.6491699219e+02 3.7287271694e-13 1.7247014275e-13 1.9354732239e-13 6.8552518025e-15
1.6497802734e+02 3.7133652241e-13 1.7000674097e-13 1.9442852920e-13 6.9012522410e-15
1.6503906250e+02 3.7458805039e-13 1.7061285739e-13 1.9710550899e-13 6.8696840065e-15
1.6510009766e+02 3.7163165756e-13 1.6914675085e-13 1.9563195318e-13 6.8529535277e-15
1.6516113281e+02 3.6781364043e-13 1.6914180277e-13 1.9178242940e-13 6.8894082574e-15
1.6522216797e+02 3.6741550696e-13 1.6904873065e-13 1.9149698006e-13 6.8697962568e-15
1.6528320312e+02 3.7033887877e-13 1.7042134284e-13 1.9301567910e-13 6.9018568299e-15
1.6534423828e+02 3.6945976434e-13 1.7019035492e-13 1.9245299941e-13 6.8164100044e-15
1.6540527344e+02 3.7166210818e-13 1.6867995512e-13 1.9616987018e-13 6.8122828795e-15
1.6546630859e+02 3.7258363328e-13 1.7091942835e-13 1.9487404610e-13 6.7901588261e-15
1.6552734375e+02 3.6971866724e-13 1.6944921479e-13 1.9346104197e-13 6.8084104858e-15
1.6558837891e+02 3.7147751148e-13 1.6976539299e-13 1.9483172433e-13 6.8803941695e-15
1.6564941406e+02 3.6422054336e-13 1.6699647489e-13 1.9037634622e-13 6.8477222528e-15
1.6571044922e+02 3.6414103973e-13 1.6645661208e-13 1.9084259026e-13 6.8418373883e-15
1.6577148438e+02 3.6892119817e-13 1.6877330338e-13 1.9331000149e-13 6.8378933011e-15
1.6583251953e+02 3.6745235074e-13 1.6905732012e-13 1.9162960520e-13 6.7654254136e-15
1.6589355469e+02 3.6854997877e-13 1.6981652893e-13 1.9189706472e-13 6.8363851080e-15
1.6595458984e+02 3.6902985485e-13 1.6859839566e-13 1.9358058858e-13 6.8508706083e-15
1.6601562500e+02 3.6536269103e-13 1.6498690870e-13 1.9356604968e-13 6.8097326521e-15
1.6607666016e+02 3.6107613147e-13 1.6544066847e-13 1.8875814909e-13 6.8773139022e-15
1.6613769531e+02 3.6357436479e-13 1.6860811265e-13 1.8806591287e-13 6.9003392701e-15
1.6619873047e+02 3.6581695554e-13 1.7120515885e-13 1.8774618443e-13 6.8656122641e-15
1.6625976562e+02 3.6657900517e-13 1.6905076945e-13 1.9064653764e-13 6.8816980773e-15
1.6632080078e+02 3.6302213252e-13 1.6740188778e-13 1.8879567062e-13 6.8245741245e-15
1.6638183594e+02 3.6148510733e-13 1.6660512277e-13 1.8806933609e-13 6.8106484737e-15
1.6644287109e+02 3.6448849816e-13 1.6743166729e-13 1.9023294726e-13 6.8238836106e-15
1.6650390625e+02 3.6443500031e-13 1.6788771998e-13 1.8976500991e-13 6.7822704318e-15
1.6656494141e+02 3.6314469460e-13 1.6649026145e-13 1.8988421956e-13 6.7702136030e-15
1.6662597656e+02 3.6517187881e-13 1.6857050859e-13 1.8973797506e-13 6.8633951643e-15
1.6668701172e+02 3.6951467529e-13 1.7133785639e-13 1.9132131772e-13 6.8555011812e-15
1.6674804688e+02 3.6868738638e-13 1.6966384783e-13 1.9226211563e-13 6.7614229102e-15
1.6680908203e+02 3.6869075405e-13 1.7005412161e-13 1.9184991822e-13 6.7867142204e-15
1.6687011719e+02 3.6542530474e-13 1.6799080159e-13 1.9060410008e-13 6.8304030686e-15
1.6693115234e+02 3.6177932080e-13 1.6576597009e-13 1.8908874046e-13 6.9246102503e-15
1.6699218750e+02 3.6597044328e-13 1.6808249752e-13 1.9105227974e-13 6.8356660211e-15
1.6705322266e+02 3.6375108336e-13 1.6952485283e-13 1.8751631698e-13 6.7099135543e-15
1.6711425781e+02 3.6248661156e-13 1.6405429778e-13 1.9165620227e-13 6.7761115085e-15
1.6717529297e+02 3.6344534271e-13 1.6600117654e-13 1.9068585047e-13 6.7583157094e-15
1.6723632812e+02 3.6398136684e-13 1.6788706691e-13 1.8928733940e-13 6.8069605346e-15
1.6729736328e+02 3.6248436388e-13 1.6647552107e-13 1.8920791579e-13 6.8009270275e-15
1.6735839844e+02 3.6345049273e-13 1.6777949410e-13 1.8893447081e-13 6.7365278219e-15
1.6741943359e+02 3.5943368684e-13 1.6681394923e-13 1.8584845875e-13 6.7712788568e-15
1.6748046875e+02 3.6124000329e-13 1.6694483300e-13 1.8743170035e-13 6.8634699416e-15
1.6754150391e+02 3.6071080871e-13 1.6450583015e-13 1.8937305896e-13 6.8319195996e-15
1.6760253906e+02 3.6024779854e-13 1.6593082040e-13 1.8760276326e-13 6.7142148794e-15
1.6766357422e+02 3.6331895888e-13 1.6788746586e-13 1.8872084111e-13 6.7106519149e-15
1.6772460938e+02 3.6185756519e-13 1.6620059316e-13 1.8891434771e-13 6.7426243282e-15
1.6778564453e+02 3.6066969033e-13 1.6537022242e-13 1.8853322642e-13 6.7662414878e-15
1.6784667969e+02 3.5982570636e-13 1.6542015363e-13 1.8763075882e-13 6.7747939113e-15
1.6790771484e+02 3.5965941385e-13 1.6488543741e-13 1.8797465941e-13 6.7993170285e-15
1.6796875000e+02 3.6051398943e-13 1.6677413311e-13 1.8699818995e-13 6.7416663635e-15
1.6802978516e+02 3.5792486964e-13 1.6536935582e-13 1.8583572080e-13 6.7197930226e-15
1.6809082031e+02 3.5825847174e-13 1.6329615241e-13 1.8829413197e-13 6.6681873727e-15
1.6815185547e+02 3.5757221338e-13 1.6335493788e-13 1.8747761388e-13 6.7396616212e-15
1.6821289062e+02 3.6278489568e-13 1.6719555438e-13 1.8877256132e-13 6.8167799916e-15
1.6827392578e+02 3.6027489661e-13 1.6748728223e-13 1.8600070362e-13 6.7869107605e-15
1.6833496094e+02 3.6223073375e-13 1.6627349852e-13 1.8926137426e-13 6.6958609615e-15
1.6839599609e+02 3.5871280031e-13 1.6520128800e-13 1.8676873338e-13 6.7427789349e-15
1.6845703125e+02 3.5141238322e-13 1.6200652620e-13 1.8271362417e-13 6.6922328447e-15
1.6851806641e+02 3.5544469903e-13 1.6467021137e-13 1.8405564677e-13 6.7188408883e-15
1.6857910156e+02 3.5710677311e-13 1.6320831334e-13 1.8713576916e-13 6.7626906064e-15
1.6864013672e+02 3.5768155141e-13 1.6395268768e-13 1.8698264676e-13 6.7462169679e-15
1.6870117188e+02 3.6145972650e-13 1.6625587232e-13 1.8841068102e-13 6.7931731688e-15
1.6876220703e+02 3.6055413561e-13 1.6342982595e-13 1.9037429874e-13 6.7500109239e-15
1.6882324219e+02 3.5932249481e-13 1.6466618783e-13 1.8791534180e-13 6.7409651876e-15
1.6888427734e+02 3.5290919085e-13 1.6331971955e-13 1.8288172870e-13 6.7077425945e-15
1.6894531250e+02 3.5255321051e-13 1.6297667159e-13 1.8282683158e-13 6.7497073431e-15
1.6900634766e+02 3.5430758032e-13 1.6218229136e-13 1.8539133252e-13 6.7339564399e-15
1.6906738281e+02 3.5422296701e-13 1.6366846121e-13 1.8391878423e-13 6.6357215645e-15
1.6912841797e+02 3.5397704884e-13 1.6354877044e-13 1.8375028144e-13 6.6779969584e-15
1.6918945312e+02 3.5610925188e-13 1.6461640479e-13 1.8484023494e-13 6.6526121451e-15
1.6925048828e+02 3.5347182061e-13 1.6406661424e-13 1.8270023242e-13 6.7049739530e-15
1.6931152344e+02 3.5202060872e-13 1.6446437829e-13 1.8086342885e-13 6.6928015845e-15
1.6937255859e+02 3.5200108448e-13 1.6286067392e-13 1.8247991577e-13 6.6604947968e-15
1.6943359375e+02 3.5459807813e-13 1.6168098493e-13 1.8631141555e-13 6.6056776522e-15
1.6949462891e+02 3.5097104635e-13 1.6245530438e-13 1.8188529202e-13 6.6304499518e-15
1.6955566406e+02 3.5010332758e-13 1.6255904601e-13 1.8081077637e-13 6.7335051964e-15
1.6961669922e+02 3.4773080599e-13 1.6167717749e-13 1.7931122558e-13 6.7424029189e-15
1.6967773438e+02 3.5105485399e-13 1.6335203840e-13 1.8109523178e-13 6.6075838069e-15
1.6973876953e+02 3.4960886791e-13 1.6314333903e-13 1.7984517300e-13 6.6203558827e-15
1.6979980469e+02 3.4405621667e-13 1.6038357143e-13 1.7699534238e-13 6.6773028595e-15
1.6986083984e+02 3.4697552462e-13 1.5956517361e-13 1.8073348630e-13 6.6768647133e-15
1.6992187500e+02 3.4447928061e-13 1.5747408990e-13 1.8030507012e-13 6.7001205861e-15
1.6998291016e+02 3.5201483002e-13 1.6174757887e-13 1.8362948995e-13 6.6377612003e-15
1.7004394531e+02 3.5171393567e-13 1.6221839503e-13 1.8284027279e-13 6.6552678551e-15
1.7010498047e+02 3.5038977246e-13 1.6132034123e-13 1.8235850569e-13 6.7109255372e-15
1.7016601562e+02 3.4677242650e-13 1.5984397933e-13 1.8024294242e-13 6.6855047510e-15
1.7022705078e+02 3.4782566484e-13 1.6123510666e-13 1.7993164686e-13 6.6589113208e-15
1.7028808594e+02 3.5175659156e-13 1.6158003692e-13 1.8349753014e-13 6.6790244933e-15
1.7034912109e+02 3.5017143428e-13 1.5881943478e-13 1.8468608204e-13 6.6659174554e-15
1.7041015625e+02 3.4892277365e-13 1.5795238276e-13 1.8427708137e-13 6.6933095226e-15
1.7047119141e+02 3.5047403775e-13 1.6068447057e-13 1.8314019626e-13 6.6493709262e-15
1.7053222656e+02 3.5021748106e-13 1.6202600450e-13 1.8154458884e-13 6.6468877153e-15
1.7059326172e+02 3.4638849572e-13 1.6012937540e-13 1.7958408388e-13 6.6750364433e-15
1.7065429688e+02 3.4731784746e-13 1.5967581996e-13 1.8099585410e-13 6.6461733891e-15
1.7071533203e+02 3.4251273378e-13 1.5884209099e-13 1.7708183410e-13 6.5888087018e-15
1.7077636719e+02 3.4402489235e-13 1.6011712963e-13 1.7726772010e-13 6.6400426196e-15
1.7083740234e+02 3.4298114070e-13 1.5791440075e-13 1.7843312890e-13 6.6336110439e-15
1.7089843750e+02 3.4350396804e-13 1.5787810618e-13 1.7897208611e-13 6.6537757460e-15
1.7095947266e+02 3.4660736883e-13 1.5954385454e-13 1.8035182940e-13 6.7116848971e-15
1.7102050781e+02 3.4536317960e-13 1.5994654248e-13 1.7871599399e-13 6.7006431256e-15
1.7108154297e+02 3.4631923448e-13 1.5765383369e-13 1.8206624863e-13 6.5991521581e-15
1.7114257812e+02 3.4347318833e-13 1.5670340537e-13 1.8017316798e-13 6.5966149736e-15
1.7120361328e+02 3.4018313146e-13 1.5846058522e-13 1.7501586050e-13 6.7066857400e-15
1.7126464844e+02 3.4137166823e-13 1.5846576572e-13 1.7623453049e-13 6.6713720261e-15
1.7132568359e+02 3.4548754146e-13 1.5775087439e-13 1.8110750594e-13 6.6291611328e-15
1.7138671875e+02 3.4603529657e-13 1.5859647235e-13 1.8078045181e-13 6.6583724130e-15
1.7144775391e+02 3.3974928763e-13 1.5602585390e-13 1.7714149957e-13 6.5819341639e-15
1.7150878906e+02 3.3922002418e-13 1.5707642057e-13 1.7555214684e-13 6.5914567737e-15
1.7156982422e+02 3.3945954587e-13 1.5676918006e-13 1.7606183080e-13 6.6285350113e-15
1.7163085938e+02 3.4425906317e-13 1.5830351106e-13 1.7935524142e-13 6.6003106874e-15
1.7169189453e+02 3.4062782557e-13 1.5766423750e-13 1.7628384152e-13 6.6797465457e-15
1.7175292969e+02 3.4459741883e-13 1.5942352002e-13 1.7852214807e-13 6.6517507381e-15
1.7181396484e+02 3.5127717345e-13 1.6026489491e-13 1.8426734730e-13 6.7449312512e-15
1.7187500000e+02 3.4304794091e-13 1.5769298777e-13 1.7867245148e-13 6.6825016551e-15
1.7193603516e+02 3.3977314722e-13 1.5749858761e-13 1.7562904739e-13 6.6455122252e-15
1.7199707031e+02 3.3898253698e-13 1.5754945611e-13 1.7482303871e-13 6.6100421642e-15
1.7205810547e+02 3.4119471228e-13 1.5801770286e-13 1.7660938380e-13 6.5676256208e-15
1.7211914062e+02 3.4286218218e-13 1.5937750133e-13 1.7688184462e-13 6.6028362280e-15
1.7218017578e+02 3.4322715354e-13 1.5732583602e-13 1.7924579313e-13 6.6555243972e-15
1.7224121094e+02 3.4166342480e-13 1.5518654204e-13 1.7984745011e-13 6.6294326474e-15
1.7230224609e+02 3.3962917226e-13 1.5638785516e-13 1.7663122994e-13 6.6100871633e-15
1.7236328125e+02 3.3676804474e-13 1.5380246125e-13 1.7647116070e-13 6.4944227977e-15
1.7242431641e+02 3.3889217335e-13 1.5483293088e-13 1.7754040537e-13 6.5188371095e-15
1.7248535156e+02 3.4324385648e-13 1.5650419062e-13 1.8013308260e-13 6.6065832575e-15
1.7254638672e+02 3.4000579198e-13 1.5607613787e-13 1.7730419417e-13 6.6254599479e-15
1.7260742188e+02 3.3988909297e-13 1.5554540522e-13 1.7774966277e-13 6.5940249884e-15
1.7266845703e+02 3.3884416198e-13 1.5530581441e-13 1.7703971650e-13 6.4986310695e-15
1.7272949219e+02 3.3804491897e-13 1.5405680014e-13 1.7743463000e-13 6.5534888300e-15
1.7279052734e+02 3.3630055347e-13 1.5327542658e-13 1.7642861694e-13 6.5965099521e-15
1.7285156250e+02 3.3721754707e-13 1.5412613043e-13 1.7651974470e-13 6.5716719381e-15
1.7291259766e+02 3.4165522057e-13 1.5747100264e-13 1.7763378127e-13 6.5504366535e-15
1.7297363281e+02 3.3581729946e-13 1.5392361968e-13 1.7531636495e-13 6.5773148397e-15
1.7303466797e+02 3.3369685769e-13 1.5206579334e-13 1.7504325125e-13 6.5878131013e-15
1.7309570312e+02 3.3529508278e-13 1.5289273547e-13 1.7584348195e-13 6.5588653574e-15
1.7315673828e+02 3.3321094924e-13 1.5359725344e-13 1.7303236564e-13 6.5813301572e-15
1.7321777344e+02 3.3489382369e-13 1.5541685981e-13 1.7297503873e-13 6.5019251463e-15
1.7327880859e+02 3.3159778287e-13 1.5235899432e-13 1.7269773382e-13 6.5410547306e-15
1.7333984375e+02 3.3379613819e-13 1.5315252197e-13 1.7398468534e-13 6.6589308849e-15
1.7340087891e+02 3.3727861003e-13 1.5454284435e-13 1.7616493951e-13 6.5708261689e-15
1.7346191406e+02 3.3582078698e-13 1.5283563262e-13 1.7637189690e-13 6.6132574622e-15
1.7352294922e+02 3.3624146140e-13 1.5337625072e-13 1.7631341333e-13 6.5517973535e-15
1.7358398438e+02 3.3674308435e-13 1.5329184706e-13 1.7693915711e-13 6.5120801891e-15
1.7364501953e+02 3.3673749423e-13 1.5419980645e-13 1.7594028324e-13 6.5974045479e-15
1.7370605469e+02 3.3385087775e-13 1.5202888532e-13 1.7519047726e-13 6.6315151686e-15
1.7376708984e+02 3.3332162232e-13 1.5230840460e-13 1.7438720720e-13 6.6260105302e-15
1.7382812500e+02 3.3526431697e-13 1.5438999493e-13 1.7423049062e-13 6.6438314152e-15
1.7388916016e+02 3.3696696347e-13 1.5391762470e-13 1.7646163731e-13 6.5877014591e-15
1.7395019531e+02 3.3510724965e-13 1.5182629481e-13 1.7669299420e-13 6.5879606376e-15
1.7401123047e+02 3.3406471821e-13 1.5242975311e-13 1.7514701913e-13 6.4879459663e-15
1.7407226562e+02 3.3291146362e-13 1.5076794742e-13 1.7561417856e-13 6.5293376399e-15
1.7413330078e+02 3.3205400217e-13 1.5115134178e-13 1.7433741590e-13 6.5652444876e-15
1.7419433594e+02 3.2959462842e-13 1.5095112784e-13 1.7205463442e-13 6.5888661618e-15
1.7425537109e+02 3.3001619716e-13 1.5053310469e-13 1.7286759507e-13 6.6154974006e-15
1.7431640625e+02 3.3102698469e-13 1.5131243396e-13 1.7317510576e-13 6.5394449646e-15
1.7437744141e+02 3.3544609143e-13 1.5504384665e-13 1.7387284940e-13 6.5293953858e-15
1.7443847656e+02 3.3271980752e-13 1.5543828532e-13 1.7076010018e-13 6.5214220208e-15
1.7449951172e+02 3.2687451047e-13 1.5113110393e-13 1.6919325421e-13 6.5501523262e-15
1.7456054688e+02 3.2590307229e-13 1.5033974757e-13 1.6897884049e-13 6.5844842279e-15
1.7462158203e+02 3.3043455911e-13 1.5131222727e-13 1.7258061198e-13 6.5417198545e-15
1.7468261719e+02 3.3019624190e-13 1.5033454869e-13 1.7328726242e-13 6.5744307897e-15
1.7474365234e+02 3.2544677021e-13 1.5080236527e-13 1.6808191191e-13 6.5624930333e-15
1.7480468750e+02 3.2552824709e-13 1.4997396593e-13 1.6900861860e-13 6.5456625551e-15
1.7486572266e+02 3.2380218950e-13 1.4814142664e-13 1.6912182131e-13 6.5389415607e-15
1.7492675781e+02 3.2205378463e-13 1.4772219296e-13 1.6780420127e-13 6.5273903943e-15
1.7498779297e+02 3.2695880325e-13 1.4958410174e-13 1.7087853410e-13 6.4961674081e-15
1.7504882812e+02 3.2936069317e-13 1.5103827129e-13 1.7178411656e-13 6.5383053238e-15
1.7510986328e+02 3.3009655919e-13 1.5211181678e-13 1.7139624936e-13 6.5884930585e-15
1.7517089844e+02 3.3236476779e-13 1.5428071617e-13 1.7152108820e-13 6.5629634121e-15
1.7523193359e+02 3.2981587364e-13 1.5230801935e-13 1.7097513358e-13 6.5327207107e-15
1.7529296875e+02 3.2401136955e-13 1.4956882708e-13 1.6793665607e-13 6.5058864069e-15
1.7535400391e+02 3.2970658465e-13 1.5216458661e-13 1.7102282201e-13 6.5191760280e-15
1.7541503906e+02 3.2921289318e-13 1.5046675436e-13 1.7220067809e-13 6.5454607233e-15
1.7547607422e+02 3.2459858183e-13 1.4797625610e-13 1.7011537219e-13 6.5069535290e-15
1.7553710938e+02 3.3107063600e-13 1.5135967872e-13 1.7318295817e-13 6.5279991071e-15
1.7559814453e+02 3.3115871148e-13 1.5333619987e-13 1.7132300088e-13 6.4995107363e-15
1.7565917969e+02 3.2801772076e-13 1.5159671803e-13 1.6989884444e-13 6.5221582905e-15
1.7572021484e+02 3.2722498588e-13 1.5186362953e-13 1.6880408671e-13 6.5572696473e-15
1.7578125000e+02 3.2750735626e-13 1.5390602933e-13 1.6707040310e-13 6.5309238254e-15
1.7584228516e+02 3.2579692652e-13 1.5081863905e-13 1.6844041421e-13 6.5378732641e-15
1.7590332031e+02 3.2222449879e-13 1.4717244315e-13 1.6852927851e-13 6.5227771398e-15
1.7596435547e+02 3.2384906435e-13 1.4900093598e-13 1.6828635974e-13 6.5617686232e-15
1.7602539062e+02 3.2367488325e-13 1.4947603798e-13 1.6766172799e-13 6.5371172885e-15
1.7608642578e+02 3.2270983421e-13 1.4928170266e-13 1.6690969036e-13 6.5184411983e-15
1.7614746094e+02 3.2305032759e-13 1.4965110881e-13 1.6691013422e-13 6.4890845665e-15
1.7620849609e+02 3.2609299946e-13 1.5018754725e-13 1.6940867336e-13 6.4967788497e-15
1.7626953125e+02 3.2557117665e-13 1.4907867151e-13 1.6999023787e-13 6.5022672689e-15
1.7633056641e+02 3.2925634448e-13 1.5134531637e-13 1.7142987491e-13 6.4811531934e-15
1.7639160156e+02 3.2709022891e-13 1.4922923073e-13 1.7142499139e-13 6.4360067920e-15
1.7645263672e+02 3.2366082710e-13 1.4732561828e-13 1.6990128209e-13 6.4339267261e-15
1.7651367188e+02 3.2509319166e-13 1.4997907023e-13 1.6859942587e-13 6.5146955487e-15
1.7657470703e+02 3.2333259058e-13 1.5072108527e-13 1.6611961118e-13 6.4918941256e-15
1.7663574219e+02 3.2474683090e-13 1.4837188792e-13 1.6989929877e-13 6.4756442083e-15
1.7669677734e+02 3.1994232034e-13 1.4632647543e-13 1.6719323027e-13 6.4226146464e-15
1.7675781250e+02 3.1623314933e-13 1.4517577654e-13 1.6463319391e-13 6.4241788840e-15
1.7681884766e+02 3.1964707878e-13 1.4816270696e-13 1.6499005303e-13 6.4943187870e-15
1.7687988281e+02 3.2134376799e-13 1.4769855345e-13 1.6708349570e-13 6.5617188421e-15
1.7694091797e+02 3.1848428914e-13 1.4511395216e-13 1.6682390903e-13 6.5464279609e-15
1.7700195312e+02 3.1787245124e-13 1.4696699285e-13 1.6436137375e-13 6.5440846466e-15
1.7706298828e+02 3.2067662833e-13 1.4895355282e-13 1.6520032631e-13 6.5227492046e-15
1.7712402344e+02 3.2291670520e-13 1.4999696434e-13 1.6646739910e-13 6.4523417654e-15
1.7718505859e+02 3.2218453668e-13 1.4860340395e-13 1.6708426178e-13 6.4968709467e-15
1.7724609375e+02 3.2156333181e-13 1.4700419827e-13 1.6802899681e-13 6.5301367404e-15
1.7730712891e+02 3.1963099075e-13 1.4677268346e-13 1.6641094042e-13 6.4473668707e-15
1.7736816406e+02 3.1963461971e-13 1.4752525882e-13 1.6562995611e-13 6.4794047801e-15
1.7742919922e+02 3.1473133009e-13 1.4509947960e-13 1.6316794191e-13 6.4639085817e-15
1.7749023438e+02 3.1553700816e-13 1.4505286201e-13 1.6402624899e-13 6.4578971713e-15
1.7755126953e+02 3.1826437426e-13 1.4544432588e-13 1.6637402586e-13 6.4460225176e-15
1.7761230469e+02 3.1494356115e-13 1.4531217817e-13 1.6317891625e-13 6.4524667294e-15
1.7767333984e+02 3.1785413861e-13 1.4636057766e-13 1.6504042814e-13 6.4531328106e-15
1.7773437500e+02 3.2254393913e-13 1.4775260553e-13 1.6829492176e-13 6.4964118423e-15
1.7779541016e+02 3.2158777453e-13 1.4698532907e-13 1.6812262022e-13 6.4798252394e-15
1.7785644531e+02 3.1711970729e-13 1.4442574991e-13 1.6621425286e-13 6.4797045202e-15
1.7791748047e+02 3.1602012132e-13 1.4326181100e-13 1.6623322602e-13 6.5250842972e-15
1.7797851562e+02 3.1608206796e-13 1.4560350445e-13 1.6402997184e-13 6.4485916727e-15
1.7803955078e+02 3.1785707476e-13 1.4561140282e-13 1.6588066251e-13 6.3650094328e-15
1.7810058594e+02 3.1920959822e-13 1.4538062080e-13 1.6740659077e-13 6.4223866546e-15
1.7816162109e+02 3.2119762829e-13 1.4650519534e-13 1.6826552534e-13 6.4269076095e-15
1.7822265625e+02 3.1985477936e-13 1.4599207419e-13 1.6743265168e-13 6.4300534894e-15
1.7828369141e+02 3.1874694479e-13 1.4811258656e-13 1.6424120032e-13 6.3931579155e-15
1.7834472656e+02 3.1470430084e-13 1.4513974726e-13 1.6314840252e-13 6.4161510672e-15
1.7840576172e+02 3.1229920700e-13 1.4283869406e-13 1.6295036528e-13 6.5101476566e-15
1.7846679688e+02 3.1516827346e-13 1.4507445468e-13 1.6360201165e-13 6.4918071267e-15
1.7852783203e+02 3.1465336419e-13 1.4528347896e-13 1.6290446198e-13 6.4654232577e-15
1.7858886719e+02 3.1021816540e-13 1.4266541349e-13 1.6111794805e-13 6.4348038619e-15
1.7864990234e+02 3.1064207198e-13 1.4512729292e-13 1.5909158431e-13 6.4231947493e-15
1.7871093750e+02 3.1608414196e-13 1.4535963982e-13 1.6433549063e-13 6.3890115123e-15
1.7877197266e+02 3.1447362265e-13 1.4379165930e-13 1.6424868396e-13 6.4332793853e-15
1.7883300781e+02 3.1239269462e-13 1.4318769573e-13 1.6282260805e-13 6.3823908357e-15
1.7889404297e+02 3.0809326379e-13 1.4137607923e-13 1.6033726481e-13 6.3799197509e-15
1.7895507812e+02 3.1035244587e-13 1.4309597782e-13 1.6082424096e-13 6.4322270851e-15
1.7901611328e+02 3.1686133419e-13 1.4538244946e-13 1.6512043789e-13 6.3584468426e-15
1.7907714844e+02 3.1502194241e-13 1.4192871250e-13 1.6675645420e-13 6.3367757063e-15
1.7913818359e+02 3.1580865115e-13 1.4375362842e-13 1.6572131307e-13 6.3337096662e-15
1.7919921875e+02 3.1489171337e-13 1.4455392055e-13 1.6394996727e-13 6.3878255466e-15
1.7926025391e+02 3.1508478123e-13 1.4390196383e-13 1.6478956941e-13 6.3932479921e-15
1.7932128906e+02 3.1657292921e-13 1.4445461104e-13 1.6568792794e-13 6.4303902204e-15
1.7938232422e+02 3.1474838004e-13 1.4503269894e-13 1.6327276962e-13 6.4429114743e-15
1.7944335938e+02 3.1595688138e-13 1.4715521414e-13 1.6239449719e-13 6.4071700595e-15
1.7950439453e+02 3.1303805212e-13 1.4500823495e-13 1.6161456121e-13 6.4152559571e-15
1.7956542969e+02 3.1178108112e-13 1.4290484405e-13 1.6240202502e-13 6.4742120509e-15
1.7962646484e+02 3.1116621422e-13 1.4386354026e-13 1.6083417883e-13 6.4684951340e-15
1.7968750000e+02 3.1113662843e-13 1.4414294351e-13 1.6055308770e-13 6.4405972155e-15
1.7974853516e+02 3.0857091433e-13 1.3987649601e-13 1.6228090895e-13 6.4135093633e-15
1.7980957031e+02 3.0821978750e-13 1.4040292634e-13 1.6134261056e-13 6.4742505985e-15
1.7987060547e+02 3.1376606060e-13 1.4327945943e-13 1.6403831224e-13 6.4482889260e-15
1.7993164062e+02 3.1404728346e-13 1.4286726391e-13 1.6478297800e-13 6.3970415531e-15
1.7999267578e+02 3.1348504291e-13 1.4484287755e-13 1.6216357103e-13 6.4785943309e-15
1.8005371094e+02 3.0941210640e-13 1.4211848065e-13 1.6089014622e-13 6.4034795263e-15
1.8011474609e+02 3.0975353723e-13 1.4087905575e-13 1.6246314224e-13 6.4113392451e-15
1.8017578125e+02 3.1095971204e-13 1.4140813643e-13 1.6314646766e-13 6.4051079531e-15
1.8023681641e+02 3.0722633635e-13 1.4153899288e-13 1.5927916572e-13 6.4081777461e-15
1.8029785156e+02 3.0533971326e-13 1.4113013757e-13 1.5784134575e-13 6.3682299303e-15
1.8035888672e+02 3.1024520007e-13 1.4190649597e-13 1.6193697877e-13 6.4017253289e-15
1.8041992188e+02 3.1023051750e-13 1.4155337654e-13 1.6232108795e-13 6.3560530026e-15
1.8048095703e+02 3.0916788868e-13 1.4062177188e-13 1.6214945824e-13 6.3966585652e-15
1.8054199219e+02 3.0749857827e-13 1.3982643617e-13 1.6124877836e-13 6.4233637388e-15
1.8060302734e+02 3.0608776441e-13 1.4015993951e-13 1.5948953115e-13 6.4382937426e-15
1.8066406250e+02 3.0660505806e-13 1.3990766340e-13 1.6028960737e-13 6.4077872926e-15
1.8072509766e+02 3.1175959916e-13 1.4297768251e-13 1.6238351122e-13 6.3984054217e-15
1.8078613281e+02 3.1375634336e-13 1.4415565937e-13 1.6321769960e-13 6.3829843929e-15
1.8084716797e+02 3.1519469613e-13 1.4529336929e-13 1.6351648858e-13 6.3848382590e-15
1.8090820312e+02 3.0817352400e-13 1.4259418417e-13 1.5920716893e-13 6.3721709035e-15
1.8096923828e+02 3.0880042302e-13 1.4295099822e-13 1.5956882162e-13 6.2806031745e-15
1.8103027344e+02 3.0407295290e-13 1.4076242197e-13 1.5700698443e-13 6.3035464967e-15
1.8109130859e+02 3.0906943504e-13 1.4265773682e-13 1.6002069650e-13 6.3910017241e-15
1.8115234375e+02 3.1188278010e-13 1.4428178983e-13 1.6124748390e-13 6.3535063705e-15
1.8121337891e+02 3.0629044590e-13 1.4106738316e-13 1.5884725197e-13 6.3758107671e-15
1.8127441406e+02 3.0452596095e-13 1.3839330802e-13 1.5963736910e-13 6.4952838217e-15
1.8133544922e+02 3.0735539291e-13 1.4195258784e-13 1.5903130043e-13 6.3715046431e-15
1.8139648438e+02 3.0318627442e-13 1.3960745581e-13 1.5731377157e-13 6.2650470415e-15
1.8145751953e+02 3.0535964194e-13 1.3970620025e-13 1.5929759332e-13 6.3558483674e-15
1.8151855469e+02 3.0813164307e-13 1.4118112106e-13 1.6061190841e-13 6.3386136023e-15
1.8157958984e+02 3.0350636541e-13 1.3804656212e-13 1.5913755720e-13 6.3222460935e-15
1.8164062500e+02 3.0170726070e-13 1.3743316310e-13 1.5798014365e-13 6.2939539421e-15
1.8170166016e+02 3.0037083442e-13 1.3804796210e-13 1.5602965070e-13 6.2932216213e-15
1.8176269531e+02 3.0152526670e-13 1.4019005645e-13 1.5499858718e-13 6.3366230717e-15
1.8182373047e+02 3.0591254804e-13 1.4187542123e-13 1.5775352160e-13 6.2836052194e-15
1.8188476562e+02 3.0445046079e-13 1.3930140800e-13 1.5886282035e-13 6.2862324378e-15
1.8194580078e+02 3.0325124508e-13 1.3830265127e-13 1.5867381954e-13 6.2747742606e-15
1.8200683594e+02 3.0142844547e-13 1.3751105415e-13 1.5760901993e-13 6.3083713930e-15
1.8206787109e+02 3.0369799081e-13 1.3938597609e-13 1.5800477891e-13 6.3072358026e-15
1.8212890625e+02 3.0375272994e-13 1.4007140208e-13 1.5730838213e-13 6.3729457337e-15
1.8218994141e+02 3.0320891517e-13 1.3976730594e-13 1.5701980359e-13 6.4218056431e-15
1.8225097656e+02 3.0404091645e-13 1.3826414077e-13 1.5944179835e-13 6.3349773349e-15
1.8231201172e+02 3.0150744943e-13 1.3873253256e-13 1.5645769234e-13 6.3172245267e-15
1.8237304688e+02 3.0197076312e-13 1.4022373166e-13 1.5544488358e-13 6.3021478745e-15
1.8243408203e+02 3.0395635302e-13 1.3997178871e-13 1.5775611232e-13 6.2284519912e-15
1.8249511719e+02 3.0170051306e-13 1.3867900247e-13 1.5671354177e-13 6.3079688189e-15
1.8255615234e+02 3.0015019125e-13 1.3738693437e-13 1.5644534252e-13 6.3179143563e-15
1.8261718750e+02 3.0223240209e-13 1.3838237861e-13 1.5759424136e-13 6.2557821214e-15
1.8267822266e+02 3.0341580150e-13 1.3922530782e-13 1.5792335112e-13 6.2671425574e-15
1.8273925781e+02 3.0218145541e-13 1.3896683884e-13 1.5690900379e-13 6.3056127808e-15
1.8280029297e+02 3.0058965800e-13 1.3731697376e-13 1.5691624225e-13 6.3564419904e-15
1.8286132812e+02 2.9839516809e-13 1.3478567690e-13 1.5729503313e-13 6.3144580566e-15
1.8292236328e+02 2.9920735031e-13 1.3564863751e-13 1.5722134696e-13 6.3373658409e-15
1.8298339844e+02 2.9849305591e-13 1.3488625678e-13 1.5719274425e-13 6.4140548807e-15
1.8304443359e+02 2.9449176241e-13 1.3579696809e-13 1.5232847016e-13 6.3663241617e-15
1.8310546875e+02 2.9750071223e-13 1.3819292847e-13 1.5299533338e-13 6.3124503829e-15
1.8316650391e+02 2.9728167978e-13 1.3810585498e-13 1.5285164860e-13 6.3241761959e-15
1.8322753906e+02 2.9770456962e-13 1.3675540495e-13 1.5461010339e-13 6.3390612879e-15
1.8328857422e+02 3.0190828840e-13 1.3779706106e-13 1.5779384346e-13 6.3173838848e-15
1.8334960938e+02 3.0102691865e-13 1.3883439602e-13 1.5589508935e-13 6.2974332854e-15
1.8341064453e+02 2.9336032248e-13 1.3429975340e-13 1.5272289338e-13 6.3376756982e-15
1.8347167969e+02 2.9355780797e-13 1.3495396060e-13 1.5224798433e-13 6.3558630411e-15
1.8353271484e+02 2.9691338828e-13 1.3717157531e-13 1.5345161564e-13 6.2901973357e-15
1.8359375000e+02 3.0095965097e-13 1.3957729958e-13 1.5506655838e-13 6.3157930086e-15
1.8365478516e+02 2.9337211652e-13 1.3466037037e-13 1.5244659161e-13 6.2651545322e-15
1.8371582031e+02 2.9584857017e-13 1.3446970465e-13 1.5513557596e-13 6.2432895625e-15
1.8377685547e+02 2.9931029231e-13 1.3596563790e-13 1.5703958856e-13 6.3050658513e-15
1.8383789062e+02 2.9659732608e-13 1.3493905495e-13 1.5538245733e-13 6.2758137983e-15
1.8389892578e+02 2.9986168422e-13 1.3775502179e-13 1.5583556366e-13 6.2710987693e-15
1.8395996094e+02 2.9861278493e-13 1.3757192598e-13 1.5477804322e-13 6.2628157182e-15
1.8402099609e+02 2.9893812702e-13 1.3719371886e-13 1.5545832967e-13 6.2860784915e-15
1.8408203125e+02 2.9822031154e-13 1.3726604929e-13 1.5464332513e-13 6.3109371155e-15
1.8414306641e+02 2.9692824249e-13 1.3652418242e-13 1.5418988716e-13 6.2141729139e-15
1.8420410156e+02 2.9377829254e-13 1.3392822962e-13 1.5365825569e-13 6.1918072320e-15
1.8426513672e+02 2.9323296927e-13 1.3366026103e-13 1.5330243628e-13 6.2702719736e-15
1.8432617188e+02 2.9146880803e-13 1.3447659947e-13 1.5073773378e-13 6.2544747875e-15
1.8438720703e+02 2.9091365502e-13 1.3400185625e-13 1.5071336150e-13 6.1984372699e-15
1.8444824219e+02 2.9106356938e-13 1.3303915050e-13 1.5180442089e-13 6.2199979830e-15
1.8450927734e+02 2.9385983931e-13 1.3538244261e-13 1.5219428625e-13 6.2831104462e-15
1.8457031250e+02 2.9474545227e-13 1.3648705176e-13 1.5200366847e-13 6.2547320417e-15
1.8463134766e+02 2.9412379732e-13 1.3526194836e-13 1.5259663199e-13 6.2652169697e-15
1.8469238281e+02 2.9013505711e-13 1.3388113425e-13 1.5000593168e-13 6.2479911812e-15
1.8475341797e+02 2.9263007224e-13 1.3527620096e-13 1.5110341820e-13 6.2504530892e-15
1.8481445312e+02 2.9520187141e-13 1.3689374846e-13 1.5208676565e-13 6.2213573070e-15
1.8487548828e+02 2.9767287572e-13 1.3735503862e-13 1.5412862630e-13 6.1892108058e-15
1.8493652344e+02 2.9624513227e-13 1.3515094721e-13 1.5480249846e-13 6.2916865970e-15
1.8499755859e+02 2.9529915955e-13 1.3504736597e-13 1.5387694112e-13 6.3748524575e-15
1.8505859375e+02 2.9869861896e-13 1.3539837747e-13 1.5704556589e-13 6.2546755971e-15
1.8511962891e+02 2.9551114590e-13 1.3516394943e-13 1.5415225056e-13 6.1949459100e-15
1.8518066406e+02 2.9300703656e-13 1.3423879790e-13 1.5249270455e-13 6.2755341156e-15
1.8524169922e+02 2.9169506038e-13 1.3268421543e-13 1.5268660722e-13 6.3242377362e-15
1.8530273438e+02 2.9480000566e-13 1.3505070916e-13 1.5344783835e-13 6.3014581517e-15
1.8536376953e+02 2.9622547814e-13 1.3704195616e-13 1.5290461807e-13 6.2789039079e-15
1.8542480469e+02 2.9173556587e-13 1.3465778364e-13 1.5085351748e-13 6.2242647487e-15
1.8548583984e+02 2.9404890212e-13 1.3463763162e-13 1.5323452516e-13 6.1767453432e-15
1.8554687500e+02 2.9489711005e-13 1.3541289742e-13 1.5323175527e-13 6.2524573668e-15
1.8560791016e+02 2.9375935971e-13 1.3593542545e-13 1.5153888268e-13 6.2850515865e-15
1.8566894531e+02 2.9732294160e-13 1.3542380251e-13 1.5557026192e-13 6.3288771710e-15
1.8572998047e+02 2.9456213206e-13 1.3412388047e-13 1.5422473505e-13 6.2135165401e-15
1.8579101562e+02 2.8872730650e-13 1.3243667020e-13 1.5010617614e-13 6.1844601683e-15
1.8585205078e+02 2.8747335773e-13 1.3122173459e-13 1.5002813910e-13 6.2234840457e-15
1.8591308594e+02 2.8931158779e-13 1.3135464557e-13 1.5174111556e-13 6.2158266493e-15
1.8597412109e+02 2.8862156553e-13 1.3235845881e-13 1.5003838182e-13 6.2247249073e-15
1.8603515625e+02 2.9120946951e-13 1.3392490284e-13 1.5105041527e-13 6.2341514070e-15
1.8609619141e+02 2.9078502059e-13 1.3341459095e-13 1.5109368365e-13 6.2767459855e-15
1.8615722656e+02 2.9000160977e-13 1.3266833997e-13 1.5111683852e-13 6.2164312783e-15
1.8621826172e+02 2.8676546424e-13 1.3031757941e-13 1.5025350344e-13 6.1943814013e-15
1.8627929688e+02 2.8639871874e-13 1.3197877741e-13 1.4816930403e-13 6.2506372936e-15
1.8634033203e+02 2.9158634447e-13 1.3471272804e-13 1.5059638792e-13 6.2772285073e-15
1.8640136719e+02 2.9070566388e-13 1.3320505069e-13 1.5123549979e-13 6.2651133946e-15
1.8646240234e+02 2.9333664596e-13 1.3447592452e-13 1.5261995766e-13 6.2407637700e-15
1.8652343750e+02 2.8953448517e-13 1.3253473744e-13 1.5083720062e-13 6.1625471201e-15
1.8658447266e+02 2.8591028463e-13 1.2958370541e-13 1.5019183906e-13 6.1347401667e-15
1.8664550781e+02 2.8724084099e-13 1.2894333329e-13 1.5207118699e-13 6.2263207029e-15
1.8670654297e+02 2.8720139064e-13 1.2992464202e-13 1.5109281017e-13 6.1839384441e-15
1.8676757812e+02 2.8817566045e-13 1.3178641735e-13 1.5019329554e-13 6.1959475660e-15
1.8682861328e+02 2.8748921776e-13 1.3257829482e-13 1.4867748208e-13 6.2334408646e-15
1.8688964844e+02 2.8500592185e-13 1.2960734033e-13 1.4914117938e-13 6.2574021460e-15
1.8695068359e+02 2.8656721068e-13 1.3099502649e-13 1.4934845442e-13 6.2237297651e-15
1.8701171875e+02 2.8859151263e-13 1.3271657799e-13 1.4964220050e-13 6.2327341389e-15
1.8707275391e+02 2.8935635619e-13 1.3171508727e-13 1.5141042319e-13 6.2308457186e-15
1.8713378906e+02 2.8970516772e-13 1.3333787746e-13 1.5022911655e-13 6.1381737182e-15
1.8719482422e+02 2.8989152717e-13 1.3075460276e-13 1.5297245407e-13 6.1644703480e-15
1.8725585938e+02 2.9012006142e-13 1.3254609745e-13 1.5135024861e-13 6.2237153666e-15
1.8731689453e+02 2.8562315365e-13 1.3138742392e-13 1.4801114605e-13 6.2245836888e-15
1.8737792969e+02 2.8339978837e-13 1.3001538459e-13 1.4721568590e-13 6.1687178732e-15
1.8743896484e+02 2.8545376195e-13 1.3189182207e-13 1.4740048242e-13 6.1614574564e-15
1.8750000000e+02 2.8544058373e-13 1.3321911623e-13 1.4604249670e-13 6.1789707982e-15
1.8756103516e+02 2.8593255966e-13 1.3185707346e-13 1.4794681862e-13 6.1286675890e-15
1.8762207031e+02 2.8624120843e-13 1.2948585072e-13 1.5064033806e-13 6.1150196499e-15
1.8768310547e+02 2.8492736604e-13 1.3026844043e-13 1.4840323894e-13 6.2556866611e-15
1.8774414062e+02 2.8484609169e-13 1.3102815689e-13 1.4754762227e-13 6.2703125317e-15
1.8780517578e+02 2.8070105851e-13 1.3028042785e-13 1.4426581281e-13 6.1548178444e-15
1.8786621094e+02 2.8090256236e-13 1.2833866250e-13 1.4643698100e-13 6.1269188678e-15
1.8792724609e+02 2.8223503374e-13 1.2822865288e-13 1.4792003438e-13 6.0863464834e-15
1.8798828125e+02 2.8119185530e-13 1.2777623098e-13 1.4726698003e-13 6.1486442979e-15
1.8804931641e+02 2.8628014000e-13 1.3095136653e-13 1.4911438954e-13 6.2143839282e-15
1.8811035156e+02 2.8812908885e-13 1.3274203211e-13 1.4916452627e-13 6.2225304796e-15
1.8817138672e+02 2.8419179560e-13 1.3161712706e-13 1.4638012763e-13 6.1945409043e-15
1.8823242188e+02 2.8261031105e-13 1.3148323786e-13 1.4498046367e-13 6.1466095296e-15
1.8829345703e+02 2.8281836417e-13 1.3041951531e-13 1.4622137132e-13 6.1774775385e-15
1.8835449219e+02 2.8201016415e-13 1.2877805689e-13 1.4707976195e-13 6.1523453146e-15
1.8841552734e+02 2.8428219878e-13 1.3025324585e-13 1.4788252136e-13 6.1464315669e-15
1.8847656250e+02 2.8499611521e-13 1.3087212403e-13 1.4793369448e-13 6.1902966974e-15
1.8853759766e+02 2.8716320856e-13 1.3119192506e-13 1.4973758614e-13 6.2336973521e-15
1.8859863281e+02 2.8725293190e-13 1.3122792783e-13 1.4987639236e-13 6.1486117177e-15
1.8865966797e+02 2.8138815300e-13 1.2907778191e-13 1.4613520887e-13 6.1751622193e-15
1.8872070312e+02 2.7801007229e-13 1.2863157595e-13 1.4317916693e-13 6.1993294120e-15
1.8878173828e+02 2.8084581242e-13 1.3019397830e-13 1.4448980660e-13 6.1620275280e-15
1.8884277344e+02 2.8097942177e-13 1.2884207975e-13 1.4594136202e-13 6.1959799989e-15
1.8890380859e+02 2.8114676648e-13 1.2934744423e-13 1.4565264948e-13 6.1466727635e-15
1.8896484375e+02 2.8079479345e-13 1.2839940625e-13 1.4625865173e-13 6.1367354674e-15
1.8902587891e+02 2.8074029622e-13 1.2760432656e-13 1.4703106983e-13 6.1048998295e-15
1.8908691406e+02 2.7885458074e-13 1.2813995074e-13 1.4456402299e-13 6.1506070030e-15
1.8914794922e+02 2.7929998465e-13 1.2637767959e-13 1.4674411732e-13 6.1781877499e-15
1.8920898438e+02 2.8243024830e-13 1.2861393309e-13 1.4762950765e-13 6.1868075528e-15
1.8927001953e+02 2.8142989169e-13 1.2772483564e-13 1.4756505519e-13 6.1400008564e-15
1.8933105469e+02 2.8217501573e-13 1.2887568744e-13 1.4719205945e-13 6.1072688328e-15
1.8939208984e+02 2.7922650730e-13 1.2747851081e-13 1.4569056212e-13 6.0574343640e-15
1.8945312500e+02 2.7915485012e-13 1.2856763601e-13 1.4443449303e-13 6.1527210795e-15
1.8951416016e+02 2.8049786880e-13 1.3008971045e-13 1.4425498625e-13 6.1531721014e-15
1.8957519531e+02 2.8039703968e-13 1.2802595921e-13 1.4628406164e-13 6.0870188264e-15
1.8963623047e+02 2.7908287088e-13 1.2637632121e-13 1.4653969349e-13 6.1668561864e-15
1.8969726562e+02 2.7863594593e-13 1.2507377640e-13 1.4736485013e-13 6.1973193968e-15
1.8975830078e+02 2.7841183949e-13 1.2796506872e-13 1.4434790738e-13 6.0988633892e-15
1.8981933594e+02 2.7736657938e-13 1.2704089749e-13 1.4424606344e-13 6.0796184539e-15
1.8988037109e+02 2.7784835628e-13 1.2754984560e-13 1.4421416872e-13 6.0843419602e-15
1.8994140625e+02 2.7960370716e-13 1.2702803222e-13 1.4643978781e-13 6.1358871292e-15
1.9000244141e+02 2.7828675409e-13 1.2746982831e-13 1.4472146043e-13 6.0954653483e-15
1.9006347656e+02 2.7679733086e-13 1.2779172096e-13 1.4291375642e-13 6.0918534766e-15
1.9012451172e+02 2.7877175573e-13 1.2766777027e-13 1.4498125177e-13 6.1227336920e-15
1.9018554688e+02 2.7925320872e-13 1.2910612304e-13 1.4401369306e-13 6.1333926184e-15
1.9024658203e+02 2.7907371273e-13 1.2880061471e-13 1.4409922019e-13 6.1738778307e-15
1.9030761719e+02 2.7647903330e-13 1.2707216747e-13 1.4326352999e-13 6.1433358427e-15
1.9036865234e+02 2.7382151435e-13 1.2531370130e-13 1.4242563226e-13 6.0821807831e-15
1.9042968750e+02 2.7511669416e-13 1.2610005171e-13 1.4298003959e-13 6.0366028716e-15
1.9049072266e+02 2.7115801985e-13 1.2346313239e-13 1.4164895696e-13 6.0459305039e-15
1.9055175781e+02 2.7030256247e-13 1.2326180518e-13 1.4095197669e-13 6.0887805993e-15
1.9061279297e+02 2.7452545808e-13 1.2594252406e-13 1.4239570391e-13 6.1872301123e-15
1.9067382812e+02 2.7707880304e-13 1.2741818095e-13 1.4351202881e-13 6.1485932814e-15
1.9073486328e+02 2.7414912344e-13 1.2631379790e-13 1.4168161125e-13 6.1537142886e-15
1.9079589844e+02 2.7310147934e-13 1.2634816462e-13 1.4070282013e-13 6.0504945866e-15
1.9085693359e+02 2.7644167824e-13 1.2711106289e-13 1.4329369620e-13 6.0369191406e-15
1.9091796875e+02 2.7491603050e-13 1.2560908239e-13 1.4321866538e-13 6.0882827343e-15
1.9097900391e+02 2.7472435897e-13 1.2551080612e-13 1.4315208369e-13 6.0614691621e-15
1.9104003906e+02 2.7621687355e-13 1.2592849943e-13 1.4420502891e-13 6.0833452112e-15
1.9110107422e+02 2.7434732049e-13 1.2476531734e-13 1.4349245407e-13 6.0895490885e-15
1.9116210938e+02 2.7476243458e-13 1.2464783319e-13 1.4403767446e-13 6.0769269289e-15
1.9122314453e+02 2.7769977723e-13 1.2701844955e-13 1.4466233659e-13 6.0189910978e-15
1.9128417969e+02 2.7499161715e-13 1.2780598765e-13 1.4120388527e-13 5.9817442341e-15
1.9134521484e+02 2.7219269011e-13 1.2680557018e-13 1.3930073810e-13 6.0863818233e-15
1.9140625000e+02 2.7188946218e-13 1.2439112177e-13 1.4137043208e-13 6.1279083339e-15
1.9146728516e+02 2.7143883882e-13 1.2302922736e-13 1.4234004282e-13 6.0695686406e-15
1.9152832031e+02 2.7370246750e-13 1.2510504103e-13 1.4248097375e-13 6.1164527238e-15
1.9158935547e+02 2.7023189161e-13 1.2442253713e-13 1.3966797090e-13 6.1413835825e-15
1.9165039062e+02 2.7240799109e-13 1.2332990020e-13 1.4295163371e-13 6.1264571817e-15
1.9171142578e+02 2.7471030747e-13 1.2579168719e-13 1.4280629744e-13 6.1123228323e-15
1.9177246094e+02 2.7522879760e-13 1.2695770562e-13 1.4214740382e-13 6.1236881553e-15
1.9183349609e+02 2.7416358643e-13 1.2556957010e-13 1.4249522029e-13 6.0987960430e-15
1.9189453125e+02 2.7317719766e-13 1.2517379307e-13 1.4183059601e-13 6.1728085786e-15
1.9195556641e+02 2.7039638252e-13 1.2383913980e-13 1.4036667454e-13 6.1905681713e-15
1.9201660156e+02 2.7072059298e-13 1.2404915670e-13 1.4052184173e-13 6.1495945398e-15
1.9207763672e+02 2.7160658969e-13 1.2335471507e-13 1.4208186241e-13 6.1700122145e-15
1.9213867188e+02 2.7031858631e-13 1.2328858230e-13 1.4092318802e-13 6.1068159866e-15
1.9219970703e+02 2.6830390745e-13 1.2380706446e-13 1.3844891276e-13 6.0479302241e-15
1.9226074219e+02 2.6929174871e-13 1.2326439159e-13 1.3988608846e-13 6.1412686545e-15
1.9232177734e+02 2.6954779321e-13 1.2274662883e-13 1.4066062986e-13 6.1405345152e-15
1.9238281250e+02 2.6998974461e-13 1.2392922307e-13 1.3990680738e-13 6.1537141597e-15
1.9244384766e+02 2.6780899478e-13 1.2277697713e-13 1.3890726483e-13 6.1247528243e-15
1.9250488281e+02 2.6762934083e-13 1.2427027105e-13 1.3732317126e-13 6.0358985220e-15
1.9256591797e+02 2.7034395186e-13 1.2579391462e-13 1.3848668948e-13 6.0633477606e-15
1.9262695312e+02 2.7319783074e-13 1.2655260478e-13 1.4055447706e-13 6.0907489048e-15
1.9268798828e+02 2.7134328028e-13 1.2367053438e-13 1.4155790603e-13 6.1148398708e-15
1.9274902344e+02 2.6809543448e-13 1.2116224480e-13 1.4081385895e-13 6.1193307192e-15
1.9281005859e+02 2.6826664722e-13 1.2292957623e-13 1.3923191242e-13 6.1051585713e-15
1.9287109375e+02 2.7268076033e-13 1.2290321995e-13 1.4367715278e-13 6.1003875951e-15
1.9293212891e+02 2.7229215082e-13 1.2377030173e-13 1.4252381764e-13 5.9980314454e-15
1.9299316406e+02 2.6725568889e-13 1.2379589052e-13 1.3749654061e-13 5.9632577686e-15
1.9305419922e+02 2.6708484636e-13 1.2508316583e-13 1.3599205963e-13 6.0096208989e-15
1.9311523438e+02 2.6664522602e-13 1.2272480211e-13 1.3788852991e-13 6.0318940040e-15
1.9317626953e+02 2.6737709996e-13 1.2195770058e-13 1.3939927115e-13 6.0201282190e-15
1.9323730469e+02 2.6313870358e-13 1.1978217991e-13 1.3733548330e-13 6.0210403683e-15
1.9329833984e+02 2.6085146249e-13 1.1781306974e-13 1.3705244183e-13 5.9859509162e-15
1.9335937500e+02 2.6501653043e-13 1.2065181953e-13 1.3836692648e-13 5.9977844230e-15
1.9342041016e+02 2.7063051427e-13 1.2288098143e-13 1.4168744598e-13 6.0620868504e-15
1.9348144531e+02 2.6977256769e-13 1.2382150025e-13 1.3986154986e-13 6.0895175782e-15
1.9354248047e+02 2.6948796001e-13 1.2575831906e-13 1.3764443242e-13 6.0852085279e-15
1.9360351562e+02 2.6938150979e-13 1.2475482089e-13 1.3854552943e-13 6.0811594674e-15
1.9366455078e+02 2.6512099712e-13 1.2249575614e-13 1.3656434575e-13 6.0608952278e-15
1.9372558594e+02 2.6626990097e-13 1.2160608359e-13 1.3862477191e-13 6.0390454668e-15
1.9378662109e+02 2.6821066474e-13 1.2135274804e-13 1.4080287394e-13 6.0550427590e-15
1.9384765625e+02 2.6559245700e-13 1.2173975549e-13 1.3777521611e-13 6.0774854026e-15
1.9390869141e+02 2.6688888819e-13 1.2357363608e-13 1.3723874855e-13 6.0765035626e-15
1.9396972656e+02 2.6128806452e-13 1.2160506011e-13 1.3360540812e-13 6.0775962944e-15
1.9403076172e+02 2.6258774349e-13 1.2006750763e-13 1.3652171134e-13 5.9985245251e-15
1.9409179688e+02 2.6546826574e-13 1.2227530681e-13 1.3724201750e-13 5.9509414362e-15
1.9415283203e+02 2.6591550760e-13 1.2243297444e-13 1.3744968703e-13 6.0328461236e-15
1.9421386719e+02 2.6258226152e-13 1.1964142877e-13 1.3687152743e-13 6.0693053136e-15
1.9427490234e+02 2.6442062341e-13 1.2056926860e-13 1.3782470914e-13 6.0266456734e-15
1.9433593750e+02 2.6607392986e-13 1.2230251993e-13 1.3773811624e-13 6.0332936877e-15
1.9439697266e+02 2.6531718848e-13 1.2163326702e-13 1.3764998692e-13 6.0339345306e-15
1.9445800781e+02 2.6381371576e-13 1.2088000336e-13 1.3690032630e-13 6.0333860956e-15
1.9451904297e+02 2.6187958855e-13 1.1957583274e-13 1.3627598698e-13 6.0277688252e-15
1.9458007812e+02 2.6253441189e-13 1.1945344349e-13 1.3706663638e-13 6.0143320201e-15
1.9464111328e+02 2.6417081495e-13 1.2070193405e-13 1.3750908872e-13 5.9597921851e-15
1.9470214844e+02 2.6544290110e-13 1.2102709480e-13 1.3840502992e-13 6.0107763718e-15
1.9476318359e+02 2.6212495869e-13 1.1912244470e-13 1.3699222364e-13 6.0102903553e-15
1.9482421875e+02 2.6516925143e-13 1.2232887909e-13 1.3683199462e-13 6.0083777151e-15
1.9488525391e+02 2.6709670148e-13 1.2407346571e-13 1.3701328920e-13 6.0099465791e-15
1.9494628906e+02 2.6347104636e-13 1.2028529917e-13 1.3716379763e-13 6.0219495564e-15
1.9500732422e+02 2.6021172865e-13 1.1972109671e-13 1.3446326560e-13 6.0273663442e-15
1.9506835938e+02 2.6082556507e-13 1.1934666628e-13 1.3545972865e-13 6.0191701336e-15
1.9512939453e+02 2.6386133234e-13 1.2039221254e-13 1.3739906276e-13 6.0700570328e-15
1.9519042969e+02 2.6588467576e-13 1.2036860724e-13 1.3941863678e-13 6.0974317451e-15
1.9525146484e+02 2.6199998868e-13 1.1996543032e-13 1.3593752156e-13 6.0970368032e-15
1.9531250000e+02 2.5814670356e-13 1.2000882502e-13 1.3209285513e-13 6.0450234071e-15
1.9537353516e+02 2.6151122917e-13 1.1972671640e-13 1.3577023498e-13 6.0142777796e-15
1.9543457031e+02 2.6336833796e-13 1.2132104155e-13 1.3611058001e-13 5.9367164091e-15
1.9549560547e+02 2.6222251588e-13 1.2037464318e-13 1.3592376383e-13 5.9241088681e-15
1.9555664062e+02 2.6336967091e-13 1.2064124244e-13 1.3677041864e-13 5.9580098292e-15
1.9561767578e+02 2.6203371802e-13 1.1962939411e-13 1.3642463757e-13 5.9796863338e-15
1.9567871094e+02 2.5980509888e-13 1.2009399020e-13 1.3367591603e-13 6.0351926471e-15
1.9573974609e+02 2.5850900974e-13 1.1953888705e-13 1.3299341572e-13 5.9767069764e-15
1.9580078125e+02 2.6008133212e-13 1.1896004390e-13 1.3516494607e-13 5.9563421517e-15
1.9586181641e+02 2.6116263801e-13 1.2047826092e-13 1.3469888117e-13 5.9854959143e-15
1.9592285156e+02 2.5897184475e-13 1.1895327977e-13 1.3402234616e-13 5.9962188183e-15
1.9598388672e+02 2.5812913241e-13 1.1957965923e-13 1.3259501729e-13 5.9544558944e-15
1.9604492188e+02 2.5980652362e-13 1.2104015040e-13 1.3275633128e-13 6.0100419401e-15
1.9610595703e+02 2.6243512653e-13 1.2088547735e-13 1.3554871315e-13 6.0009360303e-15
1.9616699219e+02 2.6263618062e-13 1.1996577010e-13 1.3671117178e-13 5.9592387320e-15
1.9622802734e+02 2.5773209423e-13 1.1764961144e-13 1.3406114902e-13 6.0213337701e-15
1.9628906250e+02 2.6084768241e-13 1.2050669762e-13 1.3428902365e-13 6.0519611340e-15
1.9635009766e+02 2.5912537510e-13 1.1924942856e-13 1.3386996403e-13 6.0059825035e-15
1.9641113281e+02 2.5549157299e-13 1.1694791535e-13 1.3261397261e-13 5.9296850263e-15
1.9647216797e+02 2.5665145942e-13 1.1759219320e-13 1.3311057535e-13 5.9486908651e-15
1.9653320312e+02 2.5847299219e-13 1.1918777605e-13 1.3328344368e-13 6.0017724693e-15
1.9659423828e+02 2.5651185299e-13 1.1858990521e-13 1.3192902462e-13 5.9929231579e-15
1.9665527344e+02 2.5885545813e-13 1.2001566973e-13 1.3284102917e-13 5.9987592261e-15
1.9671630859e+02 2.5742940345e-13 1.1607915261e-13 1.3534883514e-13 6.0014157013e-15
1.9677734375e+02 2.5718538162e-13 1.1474502678e-13 1.3643681654e-13 6.0035382945e-15
1.9683837891e+02 2.5655324878e-13 1.1695157654e-13 1.3360351361e-13 5.9981586305e-15
1.9689941406e+02 2.5666572837e-13 1.1916995281e-13 1.3153599272e-13 5.9597828363e-15
1.9696044922e+02 2.5811641963e-13 1.1876860435e-13 1.3340980687e-13 5.9380084136e-15
1.9702148438e+02 2.6049286958e-13 1.1982650580e-13 1.3475562095e-13 5.9107428270e-15
1.9708251953e+02 2.6225378063e-13 1.1966039089e-13 1.3670810256e-13 5.8852871796e-15
1.9714355469e+02 2.5956860868e-13 1.1746879844e-13 1.3618640904e-13 5.9134012021e-15
1.9720458984e+02 2.5744058801e-13 1.1818772754e-13 1.3332429000e-13 5.9285704712e-15
1.9726562500e+02 2.5966003340e-13 1.2092421260e-13 1.3273556018e-13 6.0002606170e-15
1.9732666016e+02 2.5584204523e-13 1.1766035721e-13 1.3219369894e-13 5.9879890810e-15
1.9738769531e+02 2.5534523162e-13 1.1661188295e-13 1.3281048764e-13 5.9228610324e-15
1.9744873047e+02 2.5985210253e-13 1.1811345961e-13 1.3584924558e-13 5.8893973345e-15
1.9750976562e+02 2.5443759495e-13 1.1744030631e-13 1.3103614574e-13 5.9611428968e-15
1.9757080078e+02 2.5147527585e-13 1.1674685466e-13 1.2870359939e-13 6.0248217932e-15
1.9763183594e+02 2.5107949920e-13 1.1556372925e-13 1.2953561305e-13 5.9801568996e-15
1.9769287109e+02 2.5522043931e-13 1.1791070817e-13 1.3136579491e-13 5.9439362350e-15
1.9775390625e+02 2.5441909345e-13 1.1771179226e-13 1.3075447301e-13 5.9528281819e-15
1.9781494141e+02 2.5639149833e-13 1.1791288350e-13 1.3256519282e-13 5.9134220132e-15
1.9787597656e+02 2.5732002696e-13 1.1889633513e-13 1.3246102564e-13 5.9626661849e-15
1.9793701172e+02 2.5469643284e-13 1.1837135065e-13 1.3039483050e-13 5.9302516882e-15
1.9799804688e+02 2.5528138642e-13 1.1877872929e-13 1.3055881028e-13 5.9438468554e-15
1.9805908203e+02 2.5317310288e-13 1.1799176352e-13 1.2924207572e-13 5.9392636420e-15
1.9812011719e+02 2.5173310313e-13 1.1619021321e-13 1.2961810263e-13 5.9247872892e-15
1.9818115234e+02 2.5109224377e-13 1.1534652795e-13 1.2982744908e-13 5.9182667399e-15
1.9824218750e+02 2.5173818534e-13 1.1498682101e-13 1.3084599382e-13 5.9053705120e-15
1.9830322266e+02 2.5043797125e-13 1.1393898267e-13 1.3059257307e-13 5.9064155067e-15
1.9836425781e+02 2.4905662753e-13 1.1414907473e-13 1.2896477718e-13 5.9427756277e-15
1.9842529297e+02 2.4993452731e-13 1.1451050049e-13 1.2943299794e-13 5.9910288818e-15
1.9848632812e+02 2.5148004066e-13 1.1492051926e-13 1.3056240484e-13 5.9971165611e-15
1.9854736328e+02 2.5164850318e-13 1.1432776987e-13 1.3136183550e-13 5.9588978141e-15
1.9860839844e+02 2.5050207681e-13 1.1313576268e-13 1.3140470357e-13 5.9616105508e-15
1.9866943359e+02 2.5287275236e-13 1.1467592557e-13 1.3222164441e-13 5.9751823791e-15
1.9873046875e+02 2.5082312555e-13 1.1427688192e-13 1.3061403924e-13 5.9322043901e-15
1.9879150391e+02 2.4976358639e-13 1.1583420609e-13 1.2798430316e-13 5.9450771438e-15
1.9885253906e+02 2.5242674519e-13 1.1611166902e-13 1.3037659661e-13 5.9384795638e-15
1.9891357422e+02 2.5523134880e-13 1.1684395015e-13 1.3240074452e-13 5.9866541263e-15
1.9897460938e+02 2.5560245680e-13 1.1616429897e-13 1.3349053464e-13 5.9476232004e-15
1.9903564453e+02 2.5207123361e-13 1.1286404548e-13 1.3326761291e-13 5.9395752141e-15
1.9909667969e+02 2.5095761624e-13 1.1292561087e-13 1.3208070293e-13 5.9513024332e-15
1.9915771484e+02 2.5171518945e-13 1.1464074392e-13 1.3115729577e-13 5.9171497625e-15
1.9921875000e+02 2.5258525293e-13 1.1498656587e-13 1.3169600464e-13 5.9026824120e-15
1.9927978516e+02 2.5168610100e-13 1.1490430434e-13 1.3085950850e-13 5.9222881558e-15
1.9934082031e+02 2.5104833913e-13 1.1419879317e-13 1.3091331242e-13 5.9362335334e-15
1.9940185547e+02 2.5243863435e-13 1.1564040399e-13 1.3087876966e-13 5.9194607006e-15
1.9946289062e+02 2.5204783221e-13 1.1498743790e-13 1.3113517776e-13 5.9252165525e-15
1.9952392578e+02 2.5137205863e-13 1.1624962193e-13 1.2916622877e-13 5.9562079349e-15
1.9958496094e+02 2.5074843483e-13 1.1478074702e-13 1.3007726433e-13 5.8904234814e-15
1.9964599609e+02 2.5012619828e-13 1.1452575744e-13 1.2968648031e-13 5.9139605262e-15
1.9970703125e+02 2.4898461960e-13 1.1418048337e-13 1.2892619590e-13 5.8779403268e-15
1.9976806641e+02 2.4896808639e-13 1.1427614321e-13 1.2882326912e-13 5.8686740590e-15
1.9982910156e+02 2.5149461100e-13 1.1673510468e-13 1.2882661078e-13 5.9328955362e-15
1.9989013672e+02 2.5143749025e-13 1.1680137845e-13 1.2869567354e-13 5.9404382541e-15
1.9995117188e+02 2.4969572809e-13 1.1530628340e-13 1.2848093344e-13 5.9085112537e-15
2.0001220703e+02 2.4988750182e-13 1.1490852161e-13 1.2907365609e-13 5.9053241230e-15
2.0007324219e+02 2.5043600606e-13 1.1435553201e-13 1.3019516987e-13 5.8853041770e-15
2.0013427734e+02 2.5105995747e-13 1.1416307495e-13 1.3094977219e-13 5.9471103309e-15
2.0019531250e+02 2.5067150735e-13 1.1477003054e-13 1.2999629454e-13 5.9051822778e-15
2.0025634766e+02 2.4782676125e-13 1.1332665303e-13 1.2862929196e-13 5.8708162612e-15
2.0031738281e+02 2.4758067856e-13 1.1367896513e-13 1.2799736603e-13 5.9043473991e-15
2.0037841797e+02 2.4881067199e-13 1.1282602857e-13 1.3007386270e-13 5.9107807207e-15
2.0043945312e+02 2.4870623537e-13 1.1149173575e-13 1.3130074366e-13 5.9137559551e-15
2.0050048828e+02 2.4996976502e-13 1.1336881416e-13 1.3064828179e-13 5.9526690708e-15
2.0056152344e+02 2.4620086872e-13 1.1428904627e-13 1.2599695998e-13 5.9148624579e-15
2.0062255859e+02 2.4564593926e-13 1.1340780653e-13 1.2628753512e-13 5.9505976044e-15
2.0068359375e+02 2.4601154456e-13 1.1299736680e-13 1.2711753452e-13 5.8966432379e-15
2.0074462891e+02 2.4580951161e-13 1.1316088059e-13 1.2678970073e-13 5.8589302846e-15
2.0080566406e+02 2.4489513686e-13 1.1273884799e-13 1.2628934301e-13 5.8669458539e-15
2.0086669922e+02 2.4329472407e-13 1.1253971471e-13 1.2488597035e-13 5.8690390070e-15
2.0092773438e+02 2.4510012157e-13 1.1247525126e-13 1.2676723448e-13 5.8576358332e-15
2.0098876953e+02 2.4688972069e-13 1.1384020128e-13 1.2718658666e-13 5.8629327471e-15
2.0104980469e+02 2.4646575441e-13 1.1293856535e-13 1.2764828469e-13 5.8789043749e-15
2.0111083984e+02 2.4532683719e-13 1.1302288844e-13 1.2636999552e-13 5.9339532320e-15
2.0117187500e+02 2.4541321875e-13 1.1192829306e-13 1.2750950184e-13 5.9754238556e-15
2.0123291016e+02 2.4734308093e-13 1.1292287391e-13 1.2844360483e-13 5.9766021993e-15
2.0129394531e+02 2.4954855918e-13 1.1334784337e-13 1.3027266344e-13 5.9280523623e-15
2.0135498047e+02 2.4443269307e-13 1.1213470714e-13 1.2641829533e-13 5.8796906010e-15
2.0141601562e+02 2.4392813145e-13 1.1176097882e-13 1.2627927450e-13 5.8878781341e-15
2.0147705078e+02 2.4654162930e-13 1.1245546843e-13 1.2825453788e-13 5.8316229936e-15
2.0153808594e+02 2.4432434224e-13 1.1091506247e-13 1.2762741253e-13 5.7818672366e-15
2.0159912109e+02 2.4457900528e-13 1.1222940058e-13 1.2655569769e-13 5.7939070131e-15
2.0166015625e+02 2.4666344481e-13 1.1426253044e-13 1.2657655343e-13 5.8243609467e-15
2.0172119141e+02 2.4421028926e-13 1.1391970632e-13 1.2442566307e-13 5.8649198651e-15
2.0178222656e+02 2.4476027023e-13 1.1309217021e-13 1.2586680352e-13 5.8012965037e-15
2.0184326172e+02 2.4551297908e-13 1.1218939266e-13 1.2747514929e-13 5.8484371261e-15
2.0190429688e+02 2.4587212272e-13 1.1209440076e-13 1.2789999901e-13 5.8777229458e-15
2.0196533203e+02 2.4591661162e-13 1.1271211346e-13 1.2733281479e-13 5.8716833662e-15
2.0202636719e+02 2.4455032566e-13 1.1252391006e-13 1.2613218708e-13 5.8942285249e-15
2.0208740234e+02 2.4303177011e-13 1.1108072198e-13 1.2612541276e-13 5.8256353721e-15
2.0214843750e+02 2.4126903091e-13 1.1174981469e-13 1.2372049846e-13 5.7987177617e-15
2.0220947266e+02 2.4584925950e-13 1.1337261231e-13 1.2664068884e-13 5.8359583485e-15
2.0227050781e+02 2.4880390519e-13 1.1401122811e-13 1.2889000343e-13 5.9026736480e-15
2.0233154297e+02 2.4644944291e-13 1.1284286811e-13 1.2769615786e-13 5.9104169441e-15
2.0239257812e+02 2.4472670329e-13 1.1284408110e-13 1.2599059074e-13 5.8920314437e-15
2.0245361328e+02 2.4342235372e-13 1.1322820157e-13 1.2428740297e-13 5.9067491753e-15
2.0251464844e+02 2.4342362517e-13 1.1171391083e-13 1.2582017291e-13 5.8895414364e-15
2.0257568359e+02 2.4236874925e-13 1.0938193888e-13 1.2712584842e-13 5.8609619553e-15
2.0263671875e+02 2.4014792267e-13 1.1046289798e-13 1.2385517635e-13 5.8298483402e-15
2.0269775391e+02 2.3862782484e-13 1.1072987251e-13 1.2205412960e-13 5.8438227329e-15
2.0275878906e+02 2.4150098785e-13 1.1160609983e-13 1.2404938857e-13 5.8454994502e-15
2.0281982422e+02 2.4064575771e-13 1.1105557955e-13 1.2376763521e-13 5.8225429550e-15
2.0288085938e+02 2.4114922298e-13 1.1021337354e-13 1.2506691309e-13 5.8689363514e-15
2.0294189453e+02 2.3958471048e-13 1.0926497044e-13 1.2443288984e-13 5.8868502009e-15
2.0300292969e+02 2.4349722309e-13 1.1059248386e-13 1.2709539272e-13 5.8093465144e-15
2.0306396484e+02 2.4217524920e-13 1.0868961751e-13 1.2772864721e-13 5.7569844891e-15
2.0312500000e+02 2.4207395095e-13 1.0927716589e-13 1.2695012712e-13 5.8466579384e-15
2.0318603516e+02 2.4051634301e-13 1.0823209394e-13 1.2642722500e-13 5.8570240705e-15
2.0324707031e+02 2.4249858010e-13 1.1028199270e-13 1.2640141160e-13 5.8151757890e-15
2.0330810547e+02 2.4006582820e-13 1.0987571096e-13 1.2434380601e-13 5.8463112267e-15
2.0336914062e+02 2.3952155425e-13 1.0893090272e-13 1.2474967311e-13 5.8409784174e-15
2.0343017578e+02 2.3957620169e-13 1.1010417039e-13 1.2363029353e-13 5.8417377692e-15
2.0349121094e+02 2.4097376828e-13 1.0994120899e-13 1.2518950410e-13 5.8430551898e-15
2.0355224609e+02 2.4260330703e-13 1.0940577129e-13 1.2738361834e-13 5.8139173965e-15
2.0361328125e+02 2.4057315089e-13 1.1055945111e-13 1.2417863935e-13 5.8350604254e-15
2.0367431641e+02 2.4044360990e-13 1.1081170766e-13 1.2386651647e-13 5.7653857670e-15
2.0373535156e+02 2.3911801474e-13 1.0930032362e-13 1.2407654482e-13 5.7411463015e-15
2.0379638672e+02 2.4038265529e-13 1.0983537109e-13 1.2474287402e-13 5.8044101891e-15
2.0385742188e+02 2.4106248778e-13 1.0931300922e-13 1.2590863579e-13 5.8408427705e-15
2.0391845703e+02 2.3927800753e-13 1.0887108270e-13 1.2456890632e-13 5.8380185165e-15
2.0397949219e+02 2.3738611409e-13 1.0754485618e-13 1.2396850551e-13 5.8727523994e-15
2.0404052734e+02 2.3823712334e-13 1.0805161485e-13 1.2435452822e-13 5.8309802764e-15
2.0410156250e+02 2.4489388796e-13 1.1198690972e-13 1.2702873866e-13 5.8782395765e-15
2.0416259766e+02 2.4143977362e-13 1.0970938371e-13 1.2590569664e-13 5.8246932648e-15
2.0422363281e+02 2.4107613467e-13 1.0820434189e-13 1.2704723590e-13 5.8245568820e-15
2.0428466797e+02 2.4417450700e-13 1.1104551497e-13 1.2731393483e-13 5.8150571980e-15
2.0434570312e+02 2.4296427489e-13 1.1267133822e-13 1.2452196947e-13 5.7709671963e-15
2.0440673828e+02 2.3801810315e-13 1.0973755477e-13 1.2248791786e-13 5.7926305207e-15
2.0446777344e+02 2.3733405888e-13 1.0871760466e-13 1.2282012984e-13 5.7963243890e-15
2.0452880859e+02 2.4014749584e-13 1.1034490238e-13 1.2398613497e-13 5.8164584887e-15
2.0458984375e+02 2.4101071509e-13 1.1039349843e-13 1.2479854041e-13 5.8186762477e-15
2.0465087891e+02 2.4014917199e-13 1.0974695229e-13 1.2457989185e-13 5.8223278555e-15
2.0471191406e+02 2.3942176133e-13 1.0986539262e-13 1.2377927942e-13 5.7770893001e-15
2.0477294922e+02 2.3856933524e-13 1.0942199700e-13 1.2339893498e-13 5.7484032672e-15
2.0483398438e+02 2.3782909417e-13 1.0968976646e-13 1.2233935827e-13 5.7999694356e-15
2.0489501953e+02 2.3753363600e-13 1.0875603777e-13 1.2287592140e-13 5.9016768175e-15
2.0495605469e+02 2.3293546240e-13 1.0762179173e-13 1.1945701470e-13 5.8566559630e-15
2.0501708984e+02 2.3516682248e-13 1.0838490073e-13 1.2093397869e-13 5.8479430527e-15
2.0507812500e+02 2.3774657066e-13 1.0891891600e-13 1.2300000380e-13 5.8276508577e-15
2.0513916016e+02 2.3747722807e-13 1.0863666728e-13 1.2304607097e-13 5.7944898173e-15
2.0520019531e+02 2.3843862326e-13 1.0980506642e-13 1.2287395201e-13 5.7596048273e-15
2.0526123047e+02 2.3746684136e-13 1.0898423609e-13 1.2271821168e-13 5.7643935883e-15
2.0532226562e+02 2.3753097303e-13 1.0913876563e-13 1.2260257418e-13 5.7896332190e-15
2.0538330078e+02 2.3568510044e-13 1.0836061614e-13 1.2146864576e-13 5.8558385332e-15
2.0544433594e+02 2.3676106802e-13 1.0750361205e-13 1.2338978542e-13 5.8676705466e-15
2.0550537109e+02 2.3707962639e-13 1.0647573277e-13 1.2479599133e-13 5.8079022982e-15
2.0556640625e+02 2.3719150216e-13 1.0743559459e-13 1.2391283145e-13 5.8430761122e-15
2.0562744141e+02 2.3830820411e-13 1.0831283905e-13 1.2418136286e-13 5.8140022023e-15
2.0568847656e+02 2.3746489506e-13 1.0886342583e-13 1.2280478285e-13 5.7966863846e-15
2.0574951172e+02 2.3584444746e-13 1.0790554945e-13 1.2217728604e-13 5.7616119556e-15
2.0581054688e+02 2.3460874820e-13 1.0726669469e-13 1.2152591950e-13 5.8161340098e-15
2.0587158203e+02 2.3463884595e-13 1.0814035874e-13 1.2067906234e-13 5.8194248669e-15
2.0593261719e+02 2.3637296873e-13 1.0862140524e-13 1.2188898092e-13 5.8625825716e-15
2.0599365234e+02 2.3784806878e-13 1.0846534163e-13 1.2351740782e-13 5.8653193310e-15
2.0605468750e+02 2.3710919390e-13 1.0767748019e-13 1.2359387662e-13 5.8378370911e-15
2.0611572266e+02 2.3583735097e-13 1.0824812983e-13 1.2180961443e-13 5.7796067030e-15
2.0617675781e+02 2.3487339238e-13 1.0780296163e-13 1.2129188951e-13 5.7785412455e-15
2.0623779297e+02 2.3466625517e-13 1.0668425345e-13 1.2225402769e-13 5.7279740304e-15
2.0629882812e+02 2.3715810407e-13 1.0734797245e-13 1.2402349551e-13 5.7866361075e-15
2.0635986328e+02 2.3837324129e-13 1.0827805879e-13 1.2423030525e-13 5.8648772549e-15
2.0642089844e+02 2.3282910695e-13 1.0601144462e-13 1.2098389074e-13 5.8337715899e-15
2.0648193359e+02 2.3387528390e-13 1.0690484835e-13 1.2122405332e-13 5.7463822308e-15
2.0654296875e+02 2.3430701300e-13 1.0834939758e-13 1.2017254551e-13 5.7850699159e-15
2.0660400391e+02 2.3077688461e-13 1.0676820278e-13 1.1819915691e-13 5.8095249211e-15
2.0666503906e+02 2.3227176265e-13 1.0718591745e-13 1.1926992565e-13 5.8159195410e-15
2.0672607422e+02 2.3495922455e-13 1.0743879063e-13 1.2170539235e-13 5.8150415784e-15
2.0678710938e+02 2.3416891810e-13 1.0701365665e-13 1.2138584630e-13 5.7694151443e-15
2.0684814453e+02 2.3073789524e-13 1.0543059366e-13 1.1962603668e-13 5.6812649082e-15
2.0690917969e+02 2.3070362248e-13 1.0547785089e-13 1.1950834803e-13 5.7174235559e-15
2.0697021484e+02 2.3421680881e-13 1.0695023486e-13 1.2150823028e-13 5.7583436690e-15
2.0703125000e+02 2.3809408003e-13 1.0912620430e-13 1.2318079036e-13 5.7870853724e-15
2.0709228516e+02 2.3420751599e-13 1.0706814690e-13 1.2135871031e-13 5.7806587765e-15
2.0715332031e+02 2.3282706459e-13 1.0609783923e-13 1.2097181761e-13 5.7574077410e-15
2.0721435547e+02 2.3294149075e-13 1.0637211945e-13 1.2076059647e-13 5.8087748369e-15
2.0727539062e+02 2.2996241204e-13 1.0489888578e-13 1.1926525463e-13 5.7982716274e-15
2.0733642578e+02 2.2822374387e-13 1.0470926067e-13 1.1772754228e-13 5.7869409236e-15
2.0739746094e+02 2.3117152482e-13 1.0685335288e-13 1.1854933107e-13 5.7688408699e-15
2.0745849609e+02 2.3151590647e-13 1.0672275948e-13 1.1903729282e-13 5.7558541607e-15
2.0751953125e+02 2.3166522244e-13 1.0594939216e-13 1.1997752916e-13 5.7383011287e-15
2.0758056641e+02 2.3085274449e-13 1.0590430302e-13 1.1919805786e-13 5.7503836082e-15
2.0764160156e+02 2.2959728239e-13 1.0552890924e-13 1.1829003390e-13 5.7783392513e-15
2.0770263672e+02 2.3218026221e-13 1.0664662586e-13 1.1979811998e-13 5.7355163659e-15
2.0776367188e+02 2.3091602571e-13 1.0567118790e-13 1.1950038102e-13 5.7444567873e-15
2.0782470703e+02 2.2982091595e-13 1.0447134975e-13 1.1963058955e-13 5.7189766562e-15
2.0788574219e+02 2.2843878438e-13 1.0488725162e-13 1.1778723777e-13 5.7642949870e-15
2.0794677734e+02 2.2820417144e-13 1.0377772821e-13 1.1866434662e-13 5.7620966131e-15
2.0800781250e+02 2.3063024739e-13 1.0418296744e-13 1.2070133143e-13 5.7459485135e-15
2.0806884766e+02 2.2967352931e-13 1.0364254402e-13 1.2032385097e-13 5.7071343137e-15
2.0812988281e+02 2.3267260958e-13 1.0585912375e-13 1.2111463317e-13 5.6988526699e-15
2.0819091797e+02 2.3129475445e-13 1.0553404226e-13 1.2004034674e-13 5.7203654531e-15
2.0825195312e+02 2.3272464926e-13 1.0454839440e-13 1.2244399685e-13 5.7322580119e-15
2.0831298828e+02 2.2980190594e-13 1.0431743359e-13 1.1974638626e-13 5.7380860857e-15
2.0837402344e+02 2.2726825433e-13 1.0438003203e-13 1.1719145141e-13 5.6967708909e-15
2.0843505859e+02 2.2653263828e-13 1.0332300521e-13 1.1747260284e-13 5.7370302240e-15
2.0849609375e+02 2.2793917061e-13 1.0423643097e-13 1.1793379915e-13 5.7689404763e-15
2.0855712891e+02 2.2899488243e-13 1.0536965406e-13 1.1792956472e-13 5.6956636459e-15
2.0861816406e+02 2.2608382995e-13 1.0458569197e-13 1.1574705199e-13 5.7510859875e-15
2.0867919922e+02 2.2913562282e-13 1.0549554410e-13 1.1790581604e-13 5.7342626767e-15
2.0874023438e+02 2.3134081101e-13 1.0418871111e-13 1.2137369624e-13 5.7784036550e-15
2.0880126953e+02 2.2917326755e-13 1.0410059990e-13 1.1929245448e-13 5.7802131739e-15
2.0886230469e+02 2.3032808196e-13 1.0487449422e-13 1.1971846055e-13 5.7351271898e-15
2.0892333984e+02 2.3039332929e-13 1.0562573487e-13 1.1901670500e-13 5.7508894206e-15
2.0898437500e+02 2.2633659311e-13 1.0431667170e-13 1.1628106831e-13 5.7388531002e-15
2.0904541016e+02 2.2306176453e-13 1.0280319775e-13 1.1448395183e-13 5.7746149445e-15
2.0910644531e+02 2.2460889782e-13 1.0242016081e-13 1.1644292291e-13 5.7458140967e-15
2.0916748047e+02 2.2628108166e-13 1.0297040555e-13 1.1761307231e-13 5.6976038042e-15
2.0922851562e+02 2.2666191976e-13 1.0390406623e-13 1.1710591198e-13 5.6519415524e-15
2.0928955078e+02 2.2820091441e-13 1.0412209816e-13 1.1841337941e-13 5.6654368358e-15
2.0935058594e+02 2.2938488904e-13 1.0515487542e-13 1.1849493397e-13 5.7350796441e-15
2.0941162109e+02 2.2960005952e-13 1.0502165389e-13 1.1887326503e-13 5.7051405920e-15
2.0947265625e+02 2.2899545270e-13 1.0518597249e-13 1.1807285041e-13 5.7366297926e-15
2.0953369141e+02 2.2859880750e-13 1.0590379188e-13 1.1692671144e-13 5.7683041761e-15
2.0959472656e+02 2.2819629314e-13 1.0583677342e-13 1.1658950334e-13 5.7700163834e-15
2.0965576172e+02 2.2653788836e-13 1.0376195398e-13 1.1701575825e-13 5.7601761200e-15
2.0971679688e+02 2.2781419826e-13 1.0229318055e-13 1.1978753291e-13 5.7334847933e-15
2.0977783203e+02 2.2590379508e-13 1.0142536687e-13 1.1872375523e-13 5.7546729754e-15
2.0983886719e+02 2.2799936533e-13 1.0335129517e-13 1.1888352866e-13 5.7645414968e-15
2.0989990234e+02 2.2736405634e-13 1.0420349912e-13 1.1741253151e-13 5.7480257165e-15
2.0996093750e+02 2.2835025960e-13 1.0558827437e-13 1.1707162618e-13 5.6903590411e-15
2.1002197266e+02 2.2875035486e-13 1.0533769075e-13 1.1771503843e-13 5.6976256770e-15
2.1008300781e+02 2.2717601109e-13 1.0455420495e-13 1.1693589164e-13 5.6859144946e-15
2.1014404297e+02 2.2614219771e-13 1.0399513224e-13 1.1643962877e-13 5.7074367022e-15
2.1020507812e+02 2.2269802886e-13 1.0189284018e-13 1.1503977996e-13 5.7654087241e-15
2.1026611328e+02 2.2541741586e-13 1.0314227388e-13 1.1648687189e-13 5.7882700952e-15
2.1032714844e+02 2.2683449071e-13 1.0444359357e-13 1.1669166336e-13 5.6992337724e-15
2.1038818359e+02 2.2426333547e-13 1.0312716817e-13 1.1548080091e-13 5.6553663903e-15
2.1044921875e+02 2.2293746497e-13 1.0182560617e-13 1.1546771766e-13 5.6441411297e-15
2.1051025391e+02 2.2525554313e-13 1.0230541872e-13 1.1732249872e-13 5.6276256872e-15
2.1057128906e+02 2.2428399009e-13 1.0189338729e-13 1.1673549546e-13 5.6551073386e-15
2.1063232422e+02 2.2333536729e-13 1.0220535320e-13 1.1550120051e-13 5.6288135747e-15
2.1069335938e+02 2.2323836700e-13 1.0331828566e-13 1.1431794429e-13 5.6021370435e-15
2.1075439453e+02 2.2382461418e-13 1.0308863166e-13 1.1509355112e-13 5.6424314033e-15
2.1081542969e+02 2.2336572685e-13 1.0252887660e-13 1.1514529529e-13 5.6915549631e-15
2.1087646484e+02 2.2364485587e-13 1.0168207194e-13 1.1627344537e-13 5.6893385523e-15
2.1093750000e+02 2.2362005246e-13 1.0212673666e-13 1.1579591541e-13 5.6974003956e-15
2.1099853516e+02 2.2434412293e-13 1.0250036310e-13 1.1613617565e-13 5.7075841772e-15
2.1105957031e+02 2.2461420830e-13 1.0195754922e-13 1.1697724823e-13 5.6794108489e-15
2.1112060547e+02 2.2279672103e-13 1.0166358540e-13 1.1543911327e-13 5.6940223602e-15
2.1118164062e+02 2.2306086914e-13 1.0301851419e-13 1.1433046697e-13 5.7118879885e-15
2.1124267578e+02 2.2446047095e-13 1.0305587640e-13 1.1571165342e-13 5.6929411387e-15
2.1130371094e+02 2.2352847167e-13 1.0286209274e-13 1.1496445832e-13 5.7019206086e-15
2.1136474609e+02 2.2371166770e-13 1.0293487991e-13 1.1511484793e-13 5.6619398599e-15
2.1142578125e+02 2.2212707515e-13 1.0182662546e-13 1.1462915363e-13 5.6712960521e-15
2.1148681641e+02 2.2165052830e-13 1.0149241619e-13 1.1448116344e-13 5.6769486718e-15
2.1154785156e+02 2.2203263564e-13 1.0151115277e-13 1.1481708936e-13 5.7043935089e-15
2.1160888672e+02 2.2486134849e-13 1.0293528201e-13 1.1622143777e-13 5.7046287092e-15
2.1166992188e+02 2.2549998710e-13 1.0419648309e-13 1.1561485279e-13 5.6886512109e-15
2.1173095703e+02 2.2328167962e-13 1.0227477950e-13 1.1533452890e-13 5.6723712151e-15
2.1179199219e+02 2.2347555159e-13 1.0228849506e-13 1.1550052432e-13 5.6865322112e-15
2.1185302734e+02 2.2614931250e-13 1.0324649334e-13 1.1724210839e-13 5.6607107688e-15
2.1191406250e+02 2.2143027509e-13 1.0175904894e-13 1.1397242064e-13 5.6988055043e-15
2.1197509766e+02 2.2138951743e-13 1.0072622605e-13 1.1496470944e-13 5.6985819359e-15
2.1203613281e+02 2.2378821795e-13 1.0038361506e-13 1.1775837913e-13 5.6462237616e-15
2.1209716797e+02 2.2138882124e-13 1.0141906206e-13 1.1431269559e-13 5.6570635865e-15
2.1215820312e+02 2.2125077635e-13 1.0394626680e-13 1.1164452822e-13 5.6599813231e-15
2.1221923828e+02 2.2177506753e-13 1.0352776759e-13 1.1258228517e-13 5.6650147627e-15
2.1228027344e+02 2.1844307408e-13 1.0079226666e-13 1.1199090449e-13 5.6599029397e-15
2.1234130859e+02 2.1945057597e-13 1.0055310940e-13 1.1322844069e-13 5.6690258748e-15
2.1240234375e+02 2.2292066276e-13 1.0229762683e-13 1.1492297467e-13 5.7000612608e-15
2.1246337891e+02 2.2296944630e-13 1.0189515043e-13 1.1540207783e-13 5.6722180338e-15
2.1252441406e+02 2.1793538909e-13 1.0034853194e-13 1.1189583694e-13 5.6910202088e-15
2.1258544922e+02 2.1993194490e-13 1.0019488418e-13 1.1404967321e-13 5.6873875110e-15
2.1264648438e+02 2.2095449240e-13 1.0081863365e-13 1.1444326493e-13 5.6925938220e-15
2.1270751953e+02 2.1682272032e-13 9.9328848268e-14 1.1184762213e-13 5.6462499238e-15
2.1276855469e+02 2.1882393676e-13 1.0002353599e-13 1.1315397250e-13 5.6464282639e-15
2.1282958984e+02 2.1922542666e-13 1.0051803882e-13 1.1309039359e-13 5.6169942593e-15
2.1289062500e+02 2.2041915161e-13 1.0025130871e-13 1.1448930394e-13 5.6785389638e-15
2.1295166016e+02 2.2038809426e-13 1.0104944033e-13 1.1363035476e-13 5.7082991742e-15
2.1301269531e+02 2.1930359901e-13 1.0193513292e-13 1.1168959118e-13 5.6788749065e-15
2.1307373047e+02 2.1928657955e-13 1.0164276853e-13 1.1197067866e-13 5.6731323551e-15
2.1313476562e+02 2.2046244222e-13 1.0106463200e-13 1.1373380329e-13 5.6640069369e-15
2.1319580078e+02 2.2386091166e-13 1.0122992359e-13 1.1696795122e-13 5.6630368428e-15
2.1325683594e+02 2.1973012793e-13 9.9956169990e-14 1.1411006526e-13 5.6638926830e-15
2.1331787109e+02 2.2083797590e-13 1.0123716185e-13 1.1394221337e-13 5.6586006746e-15
2.1337890625e+02 2.2029413133e-13 1.0032627763e-13 1.1431430949e-13 5.6535442140e-15
2.1343994141e+02 2.1920824395e-13 9.9369722368e-14 1.1425575831e-13 5.5827632737e-15
2.1350097656e+02 2.1933794732e-13 1.0011486061e-13 1.1359775333e-13 5.6253333883e-15
2.1356201172e+02 2.1981573433e-13 9.9305688578e-14 1.1484488117e-13 5.6651645821e-15
2.1362304688e+02 2.2122618616e-13 1.0067702150e-13 1.1487926318e-13 5.6699014797e-15
2.1368408203e+02 2.1770743073e-13 9.9784012239e-14 1.1225075761e-13 5.6726608818e-15
2.1374511719e+02 2.1991543575e-13 1.0049642921e-13 1.1375439935e-13 5.6646071818e-15
2.1380615234e+02 2.1731737310e-13 1.0025520620e-13 1.1137150503e-13 5.6906618649e-15
2.1386718750e+02 2.1672212827e-13 9.9540982010e-14 1.1149277837e-13 5.6883678896e-15
2.1392822266e+02 2.1887577317e-13 9.8856638124e-14 1.1435491720e-13 5.6642178502e-15
2.1398925781e+02 2.2049839569e-13 1.0033547262e-13 1.1451007028e-13 5.6528527928e-15
2.1405029297e+02 2.2081279499e-13 1.0113261061e-13 1.1405613896e-13 5.6240454187e-15
2.1411132812e+02 2.1653061831e-13 9.9809751597e-14 1.1106090006e-13 5.6599666605e-15
2.1417236328e+02 2.1468861954e-13 9.9032264284e-14 1.0999170134e-13 5.6646539139e-15
2.1423339844e+02 2.1664735945e-13 9.8818281839e-14 1.1215713951e-13 5.6719381003e-15
2.1429443359e+02 2.1723609638e-13 9.8983842120e-14 1.1261384496e-13 5.6384092997e-15
2.1435546875e+02 2.1309284225e-13 9.8876046392e-14 1.0861119521e-13 5.6056006506e-15
2.1441650391e+02 2.1544884180e-13 9.9561050805e-14 1.1024587797e-13 5.6419130339e-15
2.1447753906e+02 2.1626625545e-13 9.9245326721e-14 1.1136998251e-13 5.6509462227e-15
2.1453857422e+02 2.1482955203e-13 9.8314832011e-14 1.1088568719e-13 5.6290328214e-15
2.1459960938e+02 2.1685985332e-13 9.8877301145e-14 1.1238229523e-13 5.6002569492e-15
2.1466064453e+02 2.1596254306e-13 9.9218349714e-14 1.1114803549e-13 5.5961578631e-15
2.1472167969e+02 2.1926408660e-13 1.0106995607e-13 1.1255201534e-13 5.6421151920e-15
2.1478271484e+02 2.1713224094e-13 9.9654541645e-14 1.1182682751e-13 5.6508717883e-15
2.1484375000e+02 2.1727360820e-13 9.8438161537e-14 1.1320032372e-13 5.6351229360e-15
2.1490478516e+02 2.1702669777e-13 9.7981811860e-14 1.1341015233e-13 5.6347335736e-15
2.1496582031e+02 2.1826970340e-13 1.0030399381e-13 1.1232902716e-13 5.6366824347e-15
2.1502685547e+02 2.1717560298e-13 9.8567263135e-14 1.1296301767e-13 5.6453221749e-15
2.1508789062e+02 2.1478102270e-13 9.6599613817e-14 1.1250407568e-13 5.6773332053e-15
2.1514892578e+02 2.1449062487e-13 9.7819461171e-14 1.1101365216e-13 5.6575115334e-15
2.1520996094e+02 2.1455665203e-13 9.8050169816e-14 1.1089593987e-13 5.6105423518e-15
2.1527099609e+02 2.1501585870e-13 9.7961791688e-14 1.1143042541e-13 5.6236415961e-15
2.1533203125e+02 2.1432755113e-13 9.8225124463e-14 1.1048816260e-13 5.6142640688e-15
2.1539306641e+02 2.1479414385e-13 9.8788239406e-14 1.1043423153e-13 5.5716729125e-15
2.1545410156e+02 2.1315603700e-13 9.7158393082e-14 1.1042631417e-13 5.5713297414e-15
2.1551513672e+02 2.1777615144e-13 9.7619692573e-14 1.1457363333e-13 5.5828255356e-15
2.1557617188e+02 2.1766466716e-13 9.8021141378e-14 1.1405670249e-13 5.5868232840e-15
2.1563720703e+02 2.1545679603e-13 9.8466268853e-14 1.1134089003e-13 5.6496371497e-15
2.1569824219e+02 2.1460595729e-13 9.8594848479e-14 1.1030758451e-13 5.7035242969e-15
2.1575927734e+02 2.1441306198e-13 9.8842625476e-14 1.0993234655e-13 5.6380899528e-15
2.1582031250e+02 2.1392897471e-13 9.8755858554e-14 1.0950754702e-13 5.6655691393e-15
2.1588134766e+02 2.1382394103e-13 9.8600799675e-14 1.0956062057e-13 5.6625207835e-15
2.1594238281e+02 2.1265693938e-13 9.7308629253e-14 1.0971150720e-13 5.6368029309e-15
2.1600341797e+02 2.1429320627e-13 9.7966214725e-14 1.1063290522e-13 5.6940863222e-15
2.1606445312e+02 2.1264080560e-13 9.7560009443e-14 1.0946326102e-13 5.6175351351e-15
2.1612548828e+02 2.1359323033e-13 9.8025607652e-14 1.0991388589e-13 5.6537367859e-15
2.1618652344e+02 2.1086427725e-13 9.6593005703e-14 1.0869992040e-13 5.5713511497e-15
2.1624755859e+02 2.0936953441e-13 9.5982289464e-14 1.0787379996e-13 5.5134449863e-15
2.1630859375e+02 2.1324075477e-13 9.7282297269e-14 1.1038278910e-13 5.5756684025e-15
2.1636962891e+02 2.1405516817e-13 9.7013839220e-14 1.1142234596e-13 5.6189829906e-15
2.1643066406e+02 2.1207801683e-13 9.5955675723e-14 1.1050146252e-13 5.6208785791e-15
2.1649169922e+02 2.1141468024e-13 9.7164596922e-14 1.0859636625e-13 5.6537170615e-15
2.1655273438e+02 2.1034765229e-13 9.6156880659e-14 1.0859409842e-13 5.5966732119e-15
2.1661376953e+02 2.0992596187e-13 9.5657622520e-14 1.0867301644e-13 5.5953229161e-15
2.1667480469e+02 2.0923088061e-13 9.5357069125e-14 1.0820825822e-13 5.6655532674e-15
2.1673583984e+02 2.1290535495e-13 9.7512148135e-14 1.0976937054e-13 5.6238362680e-15
2.1679687500e+02 2.1339023616e-13 9.7976622421e-14 1.0981346370e-13 5.6001500300e-15
2.1685791016e+02 2.1488685326e-13 9.8564744164e-14 1.1075083205e-13 5.5712770468e-15
2.1691894531e+02 2.1476996221e-13 9.8060466487e-14 1.1111273286e-13 5.5967628625e-15
2.1697998047e+02 2.1326371391e-13 9.7945877845e-14 1.0977404310e-13 5.5437929682e-15
2.1704101562e+02 2.1274018892e-13 9.7022810922e-14 1.1012078383e-13 5.5965941683e-15
2.1710205078e+02 2.1183662174e-13 9.5780190523e-14 1.1044822062e-13 5.6082105901e-15
2.1716308594e+02 2.1214159504e-13 9.7545590145e-14 1.0895704734e-13 5.6389575516e-15
2.1722412109e+02 2.1245000237e-13 9.7312014892e-14 1.0949829096e-13 5.6396965198e-15
2.1728515625e+02 2.1083898663e-13 9.5946528323e-14 1.0925338655e-13 5.6390717557e-15
2.1734619141e+02 2.0781877917e-13 9.5321046041e-14 1.0683386542e-13 5.6638677141e-15
2.1740722656e+02 2.0866860505e-13 9.6608272170e-14 1.0644412733e-13 5.6162055461e-15
2.1746826172e+02 2.1119200371e-13 9.7262802716e-14 1.0831035872e-13 5.6188422738e-15
2.1752929688e+02 2.1116104935e-13 9.5526381477e-14 1.1003623110e-13 5.5984367790e-15
2.1759033203e+02 2.1180033444e-13 9.6939661644e-14 1.0926453306e-13 5.5961397307e-15
2.1765136719e+02 2.1134341617e-13 9.6997457862e-14 1.0875669761e-13 5.5892606967e-15
2.1771240234e+02 2.0988618356e-13 9.5994436846e-14 1.0829999079e-13 5.5917559220e-15
2.1777343750e+02 2.1063334223e-13 9.6105487822e-14 1.0892287869e-13 5.6049757201e-15
2.1783447266e+02 2.1015913095e-13 9.6466334042e-14 1.0810908775e-13 5.5837091584e-15
2.1789550781e+02 2.1060006228e-13 9.4903059217e-14 1.1004721058e-13 5.6497924872e-15
2.1795654297e+02 2.1052767705e-13 9.4370303137e-14 1.1053775912e-13 5.6196147928e-15
2.1801757812e+02 2.1123393974e-13 9.4581829018e-14 1.1102562075e-13 5.6264899785e-15
2.1807861328e+02 2.1144949570e-13 9.6650403166e-14 1.0915085953e-13 5.6482330075e-15
2.1813964844e+02 2.1111095692e-13 9.6664136513e-14 1.0877643894e-13 5.6703814708e-15
2.1820068359e+02 2.1075612467e-13 9.6167986846e-14 1.0897591028e-13 5.6122275510e-15
2.1826171875e+02 2.1028099430e-13 9.6169877966e-14 1.0858965334e-13 5.5214629981e-15
2.1832275391e+02 2.0967255131e-13 9.6737799962e-14 1.0734955843e-13 5.5851929150e-15
2.1838378906e+02 2.0745016476e-13 9.4340270758e-14 1.0747412229e-13 5.6357717144e-15
2.1844482422e+02 2.0799332939e-13 9.5652236200e-14 1.0671202069e-13 5.6290724963e-15
2.1850585938e+02 2.0534202521e-13 9.4703281290e-14 1.0504974595e-13 5.5889979742e-15
2.1856689453e+02 2.0672658395e-13 9.5823424126e-14 1.0531409593e-13 5.5890638957e-15
2.1862792969e+02 2.1098746994e-13 9.7186453334e-14 1.0822861588e-13 5.5724007274e-15
2.1868896484e+02 2.1016101674e-13 9.7331660044e-14 1.0724851365e-13 5.5808430392e-15
2.1875000000e+02 2.0822164538e-13 9.7389522420e-14 1.0521516807e-13 5.6169548873e-15
2.1881103516e+02 2.0621816255e-13 9.4938296635e-14 1.0563813880e-13 5.6417271185e-15
2.1887207031e+02 2.0755658809e-13 9.4748559217e-14 1.0724524577e-13 5.5627831113e-15
2.1893310547e+02 2.0827520297e-13 9.5554864322e-14 1.0716585218e-13 5.5544864754e-15
2.1899414062e+02 2.0619056997e-13 9.4771632174e-14 1.0584885965e-13 5.5700781460e-15
2.1905517578e+02 2.0748917460e-13 9.6319777355e-14 1.0561513134e-13 5.5542659070e-15
2.1911621094e+02 2.0663225850e-13 9.4992534066e-14 1.0602332639e-13 5.6163980388e-15
2.1917724609e+02 2.0952999563e-13 9.5010266578e-14 1.0890488665e-13 5.6148424014e-15
2.1923828125e+02 2.0828652178e-13 9.5280738496e-14 1.0737740372e-13 5.6283795638e-15
2.1929931641e+02 2.0881057350e-13 9.6284835182e-14 1.0692157216e-13 5.6041661555e-15
2.1936035156e+02 2.0927728496e-13 9.6722888393e-14 1.0697913018e-13 5.5752663874e-15
2.1942138672e+02 2.0770262490e-13 9.5172282934e-14 1.0696640805e-13 5.5639339248e-15
2.1948242188e+02 2.0419875889e-13 9.3198755718e-14 1.0540397002e-13 5.5960331552e-15
2.1954345703e+02 2.0749000260e-13 9.4074004173e-14 1.0783038732e-13 5.5856111045e-15
2.1960449219e+02 2.0876155379e-13 9.4890667715e-14 1.0823638023e-13 5.6345058424e-15
2.1966552734e+02 2.0698972172e-13 9.5316949779e-14 1.0605313465e-13 5.6196372958e-15
2.1972656250e+02 2.0481924916e-13 9.4736464984e-14 1.0447638025e-13 5.6064039313e-15
2.1978759766e+02 2.0546350882e-13 9.3307338687e-14 1.0653024302e-13 5.6259271228e-15
2.1984863281e+02 2.0502653276e-13 9.3270951191e-14 1.0623706443e-13 5.5185171346e-15
2.1990966797e+02 2.0657657798e-13 9.5331890066e-14 1.0567862176e-13 5.5660661478e-15
2.1997070312e+02 2.0695299568e-13 9.4796193996e-14 1.0656790717e-13 5.5888945087e-15
2.2003173828e+02 2.0702271646e-13 9.5325332522e-14 1.0616118487e-13 5.5361990604e-15
2.2009277344e+02 2.0703274884e-13 9.4181853255e-14 1.0736281643e-13 5.4880791587e-15
2.2015380859e+02 2.0499519065e-13 9.3178220886e-14 1.0624872870e-13 5.5682410633e-15
2.2021484375e+02 2.0617732267e-13 9.4058920212e-14 1.0659927282e-13 5.5191296380e-15
2.2027587891e+02 2.0519406912e-13 9.3503019150e-14 1.0613514979e-13 5.5559001799e-15
2.2033691406e+02 2.0200424534e-13 9.2449250323e-14 1.0402238451e-13 5.5326105064e-15
2.2039794922e+02 2.0421738724e-13 9.3012881246e-14 1.0567336208e-13 5.5311439134e-15
2.2045898438e+02 2.0476534040e-13 9.3916670001e-14 1.0534304035e-13 5.5056300540e-15
2.2052001953e+02 2.0308840480e-13 9.2961994483e-14 1.0462546401e-13 5.5009463026e-15
2.2058105469e+02 2.0371758024e-13 9.2653983282e-14 1.0553240468e-13 5.5311922797e-15
2.2064208984e+02 2.0266540510e-13 9.2916291663e-14 1.0417436364e-13 5.5747497969e-15
2.2070312500e+02 2.0505084859e-13 9.4410630412e-14 1.0505233161e-13 5.5878865610e-15
2.2076416016e+02 2.0536651767e-13 9.3242865969e-14 1.0658019001e-13 5.5434616893e-15
2.2082519531e+02 2.0568286651e-13 9.3236550564e-14 1.0694888474e-13 5.4974312037e-15
2.2088623047e+02 2.0380718434e-13 9.2296062099e-14 1.0601902626e-13 5.4920959877e-15
2.2094726562e+02 2.0367523434e-13 9.1693495159e-14 1.0642367104e-13 5.5580681451e-15
2.2100830078e+02 2.0352257775e-13 9.3223109551e-14 1.0478960414e-13 5.5098640585e-15
2.2106933594e+02 2.0419859751e-13 9.3039794921e-14 1.0562409631e-13 5.5347062767e-15
2.2113037109e+02 2.0405195189e-13 9.3013562345e-14 1.0553328960e-13 5.5050999461e-15
2.2119140625e+02 2.0281585010e-13 9.2331701218e-14 1.0498490713e-13 5.4992417447e-15
2.2125244141e+02 2.0384780778e-13 9.3283255724e-14 1.0500927537e-13 5.5552766866e-15
2.2131347656e+02 2.0277519626e-13 9.2942280213e-14 1.0425275590e-13 5.5801601413e-15
2.2137451172e+02 2.0336781267e-13 9.2004154805e-14 1.0575404557e-13 5.6096122941e-15
2.2143554688e+02 2.0322646036e-13 9.1999662340e-14 1.0564280208e-13 5.5839959392e-15
2.2149658203e+02 2.0202445957e-13 9.2636578096e-14 1.0390004722e-13 5.4878342524e-15
2.2155761719e+02 2.0352638722e-13 9.2742707646e-14 1.0523888189e-13 5.5447976812e-15
2.2161865234e+02 2.0222345630e-13 9.2832084599e-14 1.0391241666e-13 5.4789550466e-15
2.2167968750e+02 1.9965835772e-13 9.1648421287e-14 1.0260457149e-13 5.4053649441e-15
2.2174072266e+02 2.0169522453e-13 9.1780191371e-14 1.0446839208e-13 5.4466410779e-15
2.2180175781e+02 2.0340969887e-13 9.2876097669e-14 1.0505932590e-13 5.4742752992e-15
2.2186279297e+02 2.0091549268e-13 9.2708155505e-14 1.0269363391e-13 5.5137032626e-15
2.2192382812e+02 2.0082205711e-13 9.2136626547e-14 1.0319832680e-13 5.4871037630e-15
2.2198486328e+02 2.0315536816e-13 9.3108836967e-14 1.0449681774e-13 5.5497134588e-15
2.2204589844e+02 2.0495881761e-13 9.4118647748e-14 1.0531140798e-13 5.5287618863e-15
2.2210693359e+02 2.0336432331e-13 9.1348612782e-14 1.0647910881e-13 5.5366017198e-15
2.2216796875e+02 2.0215566843e-13 9.1217286730e-14 1.0543307455e-13 5.5053071522e-15
2.2222900391e+02 2.0366184278e-13 9.2455712240e-14 1.0568826454e-13 5.5178660058e-15
2.2229003906e+02 2.0275749150e-13 9.2011223661e-14 1.0518986866e-13 5.5563991760e-15
2.2235107422e+02 2.0190266060e-13 9.2542154093e-14 1.0384264252e-13 5.5178639838e-15
2.2241210938e+02 2.0109452867e-13 9.2087999444e-14 1.0346024460e-13 5.5462846271e-15
2.2247314453e+02 1.9999043371e-13 9.1373565425e-14 1.0309701941e-13 5.5198488694e-15
2.2253417969e+02 1.9963925323e-13 9.1040440550e-14 1.0311830837e-13 5.4805043042e-15
2.2259521484e+02 2.0084305351e-13 9.1782591278e-14 1.0352091853e-13 5.5395437026e-15
2.2265625000e+02 2.0024779000e-13 9.1740506508e-14 1.0300767145e-13 5.4996120419e-15
2.2271728516e+02 1.9895520451e-13 9.1731764637e-14 1.0171778273e-13 5.5056571445e-15
2.2277832031e+02 1.9872391048e-13 9.1346459719e-14 1.0188922307e-13 5.4882276955e-15
2.2283935547e+02 1.9891430453e-13 9.0489489512e-14 1.0294295783e-13 5.4818571796e-15
2.2290039062e+02 2.0012567190e-13 9.1547606928e-14 1.0308221710e-13 5.4958478756e-15
2.2296142578e+02 2.0017142561e-13 9.1715307246e-14 1.0293709121e-13 5.5190271587e-15
2.2302246094e+02 2.0054861528e-13 9.1565877381e-14 1.0346020628e-13 5.5225316187e-15
2.2308349609e+02 2.0211776899e-13 9.2470885343e-14 1.0414018906e-13 5.5066945899e-15
2.2314453125e+02 2.0196894057e-13 9.2093271739e-14 1.0437941381e-13 5.4962550237e-15
2.2320556641e+02 2.0250627132e-13 9.2864710927e-14 1.0419297938e-13 5.4485810088e-15
2.2326660156e+02 1.9986938961e-13 9.2462097391e-14 1.0195568119e-13 5.4516110309e-15
2.2332763672e+02 1.9916012784e-13 9.0811300699e-14 1.0290049911e-13 5.4483280308e-15
2.2338867188e+02 2.0086246228e-13 9.1420071773e-14 1.0401778815e-13 5.4246023650e-15
2.2344970703e+02 2.0159211211e-13 9.0737939216e-14 1.0534078879e-13 5.5133840983e-15
2.2351074219e+02 2.0119745468e-13 9.1018106946e-14 1.0467763970e-13 5.5017080308e-15
2.2357177734e+02 1.9873783640e-13 9.0825530581e-14 1.0243054703e-13 5.4817587874e-15
2.2363281250e+02 1.9863147433e-13 9.0036391177e-14 1.0305767167e-13 5.5374114820e-15
2.2369384766e+02 2.0072989902e-13 9.1373681939e-14 1.0384662292e-13 5.5095941629e-15
2.2375488281e+02 2.0071060163e-13 9.1748054233e-14 1.0346435500e-13 5.4981924000e-15
2.2381591797e+02 2.0075212592e-13 9.2338331745e-14 1.0294605408e-13 5.4677400932e-15
2.2387695312e+02 2.0040043418e-13 9.2191012750e-14 1.0269605560e-13 5.5133658328e-15
2.2393798828e+02 1.9866549117e-13 9.0034430786e-14 1.0321838952e-13 5.4126708730e-15
2.2399902344e+02 1.9741583658e-13 8.9135605932e-14 1.0286600397e-13 5.4142266731e-15
2.2406005859e+02 1.9583184548e-13 8.8247130997e-14 1.0212535603e-13 5.4593584614e-15
2.2412109375e+02 1.9688062607e-13 9.0226927173e-14 1.0115561320e-13 5.4980856933e-15
2.2418212891e+02 1.9960867276e-13 9.1865746257e-14 1.0222362845e-13 5.5192980613e-15
2.2424316406e+02 1.9877873403e-13 9.1377022944e-14 1.0189085572e-13 5.5108553652e-15
2.2430419922e+02 1.9924960061e-13 9.0322609631e-14 1.0343151546e-13 5.4954755174e-15
2.2436523438e+02 2.0137607303e-13 9.0812873438e-14 1.0510391130e-13 5.4592882930e-15
2.2442626953e+02 1.9737916293e-13 8.9225095827e-14 1.0270276129e-13 5.4513058135e-15
2.2448730469e+02 1.9643548412e-13 9.0605656208e-14 1.0040720038e-13 5.4226275336e-15
2.2454833984e+02 1.9662856049e-13 9.1768022197e-14 9.9418223872e-14 5.4423144193e-15
2.2460937500e+02 1.9531435452e-13 9.0920628338e-14 9.8897587946e-14 5.4961382334e-15
2.2467041016e+02 1.9667628489e-13 8.9349673414e-14 1.0179124556e-13 5.5353659176e-15
2.2473144531e+02 1.9685360691e-13 8.9778289271e-14 1.0156585013e-13 5.5094675151e-15
2.2479248047e+02 1.9603547647e-13 9.0007635768e-14 1.0054744928e-13 5.4803914177e-15
2.2485351562e+02 1.9571971942e-13 9.0293322287e-14 9.9961172943e-14 5.4652241912e-15
2.2491455078e+02 1.9605373162e-13 8.8811263745e-14 1.0179176383e-13 5.4507040411e-15
2.2497558594e+02 1.9626399426e-13 8.8924617220e-14 1.0188749741e-13 5.4518796299e-15
2.2503662109e+02 1.9620335151e-13 8.9266233892e-14 1.0146099714e-13 5.4761204803e-15
2.2509765625e+02 1.9843903555e-13 8.9830158668e-14 1.0313746913e-13 5.4714077555e-15
2.2515869141e+02 1.9959054330e-13 8.9836519922e-14 1.0429699160e-13 5.4570317731e-15
2.2521972656e+02 1.9610733364e-13 8.8466637291e-14 1.0214105526e-13 5.4996410845e-15
2.2528076172e+02 1.9734979205e-13 9.1329717825e-14 1.0051894846e-13 5.5011257584e-15
2.2534179688e+02 1.9722027339e-13 9.1713683526e-14 1.0003892914e-13 5.4676607184e-15
2.2540283203e+02 1.9529044172e-13 8.9778192352e-14 1.0004328488e-13 5.4689644834e-15
2.2546386719e+02 1.9659781708e-13 8.9755207261e-14 1.0138273750e-13 5.4598723164e-15
2.2552490234e+02 1.9443365575e-13 8.8436845390e-14 1.0052144964e-13 5.4753607248e-15
2.2558593750e+02 1.9604871050e-13 9.0047713501e-14 1.0051987180e-13 5.4811251940e-15
2.2564697266e+02 1.9682083063e-13 9.0049595141e-14 1.0130473858e-13 5.4664968998e-15
2.2570800781e+02 1.9551306779e-13 8.9328992264e-14 1.0075477144e-13 5.4293040862e-15
2.2576904297e+02 1.9421048549e-13 8.8732193435e-14 1.0006628101e-13 5.4120110439e-15
2.2583007812e+02 1.9454374127e-13 8.8493518742e-14 1.0059443131e-13 5.4557912250e-15
2.2589111328e+02 1.9605360558e-13 8.8045238053e-14 1.0249055502e-13 5.5178125050e-15
2.2595214844e+02 1.9492798636e-13 8.7899009787e-14 1.0151892417e-13 5.5100524023e-15
2.2601318359e+02 1.9499162881e-13 8.8475616034e-14 1.0104319356e-13 5.4728192113e-15
2.2607421875e+02 1.9644151842e-13 8.9487402807e-14 1.0152351641e-13 5.4305992054e-15
2.2613525391e+02 1.9590810268e-13 8.9020053674e-14 1.0143321649e-13 5.4548325214e-15
2.2619628906e+02 1.9764281262e-13 8.9637115052e-14 1.0250430586e-13 5.5013917071e-15
2.2625732422e+02 1.9734811954e-13 9.0945653349e-14 1.0085006502e-13 5.5524011714e-15
2.2631835938e+02 1.9447443658e-13 8.9554918069e-14 9.9421910731e-14 5.4976077842e-15
2.2637939453e+02 1.9369466777e-13 8.9255699247e-14 9.8987457518e-14 5.4515110076e-15
2.2644042969e+02 1.9453269577e-13 8.8669915006e-14 1.0042140576e-13 5.4413750020e-15
2.2650146484e+02 1.9431582620e-13 8.8199534031e-14 1.0068990742e-13 5.4263847486e-15
2.2656250000e+02 1.9109160069e-13 8.6951531455e-14 9.8764747589e-14 5.3753216423e-15
2.2662353516e+02 1.9157274592e-13 8.8263621088e-14 9.7877089828e-14 5.4320350007e-15
2.2668457031e+02 1.9420456264e-13 8.8197103972e-14 1.0053218036e-13 5.4752783034e-15
2.2674560547e+02 1.9585331163e-13 8.9291049744e-14 1.0109912104e-13 5.4631408461e-15
2.2680664062e+02 1.9385114690e-13 8.9679137730e-14 9.8710131491e-14 5.4618776768e-15
2.2686767578e+02 1.9283747897e-13 8.9190891507e-14 9.8234627987e-14 5.4119594806e-15
2.2692871094e+02 1.9269852134e-13 8.8145638697e-14 9.9175593423e-14 5.3772892216e-15
2.2698974609e+02 1.9124711256e-13 8.8662178439e-14 9.7171099095e-14 5.4138350309e-15
2.2705078125e+02 1.9219748440e-13 8.7934018278e-14 9.8841487637e-14 5.4219784865e-15
2.2711181641e+02 1.9377204060e-13 8.8965414585e-14 9.9342241770e-14 5.4643842401e-15
2.2717285156e+02 1.9118537581e-13 8.8197530077e-14 9.7566654767e-14 5.4211909687e-15
2.2723388672e+02 1.9304670618e-13 8.7833789145e-14 9.9784866105e-14 5.4280509283e-15
2.2729492188e+02 1.9420717991e-13 8.8664708556e-14 1.0012718874e-13 5.4152826148e-15
2.2735595703e+02 1.9325135934e-13 8.8911573793e-14 9.8856095561e-14 5.4836899864e-15
2.2741699219e+02 1.9697231977e-13 9.0098615137e-14 1.0139199640e-13 5.4817082319e-15
2.2747802734e+02 1.9370643646e-13 8.8556592094e-14 9.9692642299e-14 5.4572020659e-15
2.2753906250e+02 1.9253582843e-13 8.6957072572e-14 1.0018139511e-13 5.3973607482e-15
2.2760009766e+02 1.9288040721e-13 8.7887240858e-14 9.9554203012e-14 5.4389633382e-15
2.2766113281e+02 1.9115615730e-13 8.8112940493e-14 9.7587984173e-14 5.4552326366e-15
2.2772216797e+02 1.9376909549e-13 8.8871270262e-14 9.9471438939e-14 5.4263862881e-15
2.2778320312e+02 1.9053785572e-13 8.7708306621e-14 9.7412959177e-14 5.4165899251e-15
2.2784423828e+02 1.9065650587e-13 8.6664830294e-14 9.8556892731e-14 5.4347828401e-15
2.2790527344e+02 1.9138485495e-13 8.7498815080e-14 9.8486523194e-14 5.3995166733e-15
2.2796630859e+02 1.9036144029e-13 8.7839926327e-14 9.7112480418e-14 5.4090335446e-15
2.2802734375e+02 1.9012805715e-13 8.7571268207e-14 9.7123985239e-14 5.4328036987e-15
2.2808837891e+02 1.8926247587e-13 8.8141325798e-14 9.5713632776e-14 5.4075172933e-15
2.2814941406e+02 1.8860529513e-13 8.6361052345e-14 9.6813113175e-14 5.4311296055e-15
2.2821044922e+02 1.8994314689e-13 8.6499815279e-14 9.8007719806e-14 5.4356118034e-15
2.2827148438e+02 1.9046833346e-13 8.8204404853e-14 9.6880625912e-14 5.3833026906e-15
2.2833251953e+02 1.8888062300e-13 8.7332827204e-14 9.6133670352e-14 5.4141254405e-15
2.2839355469e+02 1.9053229773e-13 8.7533959229e-14 9.7522043035e-14 5.4762954696e-15
2.2845458984e+02 1.8925230321e-13 8.6989647510e-14 9.6824543503e-14 5.4381121938e-15
2.2851562500e+02 1.8865335143e-13 8.7677345890e-14 9.5618267017e-14 5.3577385206e-15
2.2857666016e+02 1.9157081980e-13 8.7483080522e-14 9.8704079519e-14 5.3836597604e-15
2.2863769531e+02 1.9369228213e-13 8.8808966843e-14 9.9450219175e-14 5.4330961108e-15
2.2869873047e+02 1.9011767029e-13 8.8066000961e-14 9.6637806143e-14 5.4138631893e-15
2.2875976562e+02 1.8869828343e-13 8.7573346659e-14 9.5754291155e-14 5.3706456149e-15
2.2882080078e+02 1.9123896767e-13 8.8019279635e-14 9.7849146988e-14 5.3705410499e-15
2.2888183594e+02 1.8979068267e-13 8.6811164027e-14 9.7632303385e-14 5.3472152537e-15
2.2894287109e+02 1.9082810604e-13 8.8306416083e-14 9.7100051212e-14 5.4216387417e-15
2.2900390625e+02 1.9126366967e-13 8.7755462926e-14 9.8113615158e-14 5.3945915857e-15
2.2906494141e+02 1.9103868263e-13 8.5712283091e-14 9.9927436805e-14 5.3989627371e-15
2.2912597656e+02 1.8964997014e-13 8.6543340267e-14 9.7672991337e-14 5.4336385400e-15
2.2918701172e+02 1.8922561065e-13 8.7017080204e-14 9.6843114889e-14 5.3654155621e-15
2.2924804688e+02 1.8821117029e-13 8.5810851060e-14 9.7006206024e-14 5.3941132083e-15
2.2930908203e+02 1.8704355062e-13 8.5269316299e-14 9.6369157245e-14 5.4050770737e-15
2.2937011719e+02 1.8788437238e-13 8.5642434487e-14 9.6842681033e-14 5.3992568611e-15
2.2943115234e+02 1.9093453078e-13 8.6900380377e-14 9.8600399559e-14 5.4337508442e-15
2.2949218750e+02 1.8872871605e-13 8.4942939367e-14 9.8346021336e-14 5.4397553458e-15
2.2955322266e+02 1.8854107297e-13 8.4784825462e-14 9.8310291456e-14 5.4459560555e-15
2.2961425781e+02 1.8978411663e-13 8.6040828106e-14 9.8219645723e-14 5.5236428019e-15
2.2967529297e+02 1.8868208518e-13 8.7397079399e-14 9.5818735544e-14 5.4662702387e-15
2.2973632812e+02 1.8996062536e-13 8.8033655793e-14 9.6547539370e-14 5.3794301940e-15
2.2979736328e+02 1.9090693815e-13 8.6974619026e-14 9.8515531701e-14 5.4167874203e-15
2.2985839844e+02 1.8964420259e-13 8.7056768925e-14 9.7138414423e-14 5.4490192379e-15
2.2991943359e+02 1.8864236973e-13 8.5809804177e-14 9.7394252429e-14 5.4383131277e-15
2.2998046875e+02 1.8870692240e-13 8.7001588499e-14 9.6300494219e-14 5.4048396826e-15
2.3004150391e+02 1.9006360941e-13 8.6806895218e-14 9.7838814178e-14 5.4179000097e-15
2.3010253906e+02 1.9001063096e-13 8.6745460898e-14 9.7871039832e-14 5.3941302265e-15
2.3016357422e+02 1.9025851244e-13 8.6080771141e-14 9.8829400380e-14 5.3483409206e-15
2.3022460938e+02 1.9079356736e-13 8.7390344264e-14 9.8012713565e-14 5.3905095350e-15
2.3028564453e+02 1.8806475871e-13 8.6028025301e-14 9.6569553662e-14 5.4671797517e-15
2.3034667969e+02 1.8878970802e-13 8.7244511318e-14 9.6071471518e-14 5.4737251795e-15
2.3040771484e+02 1.8823905706e-13 8.7187643213e-14 9.5611220577e-14 5.4401932686e-15
2.3046875000e+02 1.8792445527e-13 8.6130998139e-14 9.6317726538e-14 5.4757305933e-15
2.3052978516e+02 1.8747956942e-13 8.5190226467e-14 9.6846559998e-14 5.4427829574e-15
2.3059082031e+02 1.8712433956e-13 8.4449669921e-14 9.7289935153e-14 5.3847344874e-15
2.3065185547e+02 1.8559219384e-13 8.2952183397e-14 9.7297157302e-14 5.3428531423e-15
2.3071289062e+02 1.8696525256e-13 8.4374605410e-14 9.7210860367e-14 5.3797867870e-15
2.3077392578e+02 1.8746379696e-13 8.5880780442e-14 9.6148456715e-14 5.4345598013e-15
2.3083496094e+02 1.8687130203e-13 8.6568207865e-14 9.4897843186e-14 5.4052509795e-15
2.3089599609e+02 1.8743183287e-13 8.6472798759e-14 9.5586352706e-14 5.3726814086e-15
2.3095703125e+02 1.8768925095e-13 8.5706900000e-14 9.6610081316e-14 5.3722696385e-15
2.3101806641e+02 1.8860815870e-13 8.6377440316e-14 9.6904002606e-14 5.3267157776e-15
2.3107910156e+02 1.8723059991e-13 8.6668255134e-14 9.5210542371e-14 5.3518024012e-15
2.3114013672e+02 1.8604160334e-13 8.6049826997e-14 9.4638548102e-14 5.3532282447e-15
2.3120117188e+02 1.8423019372e-13 8.5805926035e-14 9.3047591887e-14 5.3766757963e-15
2.3126220703e+02 1.8475344772e-13 8.5014723026e-14 9.4386497302e-14 5.3522273947e-15
2.3132324219e+02 1.8568398981e-13 8.5061723717e-14 9.5257686311e-14 5.3645797829e-15
2.3138427734e+02 1.8723905686e-13 8.5572956754e-14 9.6251143736e-14 5.4149563705e-15
2.3144531250e+02 1.8757640432e-13 8.5947743318e-14 9.6263861394e-14 5.3647996061e-15
2.3150634766e+02 1.8774092281e-13 8.6339500135e-14 9.6011449756e-14 5.3899729194e-15
2.3156738281e+02 1.8513994134e-13 8.5312958458e-14 9.4408731309e-14 5.4182515694e-15
2.3162841797e+02 1.8555613184e-13 8.4702317213e-14 9.5433833377e-14 5.4199812531e-15
2.3168945312e+02 1.8498206152e-13 8.3427806976e-14 9.6167281516e-14 5.3869730241e-15
2.3175048828e+02 1.8374853997e-13 8.3135722693e-14 9.5273276839e-14 5.3395404413e-15
2.3181152344e+02 1.8314580679e-13 8.2601805646e-14 9.5158854855e-14 5.3851462854e-15
2.3187255859e+02 1.8392629506e-13 8.3416579779e-14 9.5149847396e-14 5.3598678895e-15
2.3193359375e+02 1.8296906697e-13 8.3113458729e-14 9.4503956510e-14 5.3516517330e-15
2.3199462891e+02 1.8338879353e-13 8.3153088991e-14 9.4895947491e-14 5.3397570530e-15
2.3205566406e+02 1.8419705783e-13 8.3586924144e-14 9.5264294977e-14 5.3458387129e-15
2.3211669922e+02 1.8528291913e-13 8.3803871444e-14 9.6091493197e-14 5.3875544849e-15
2.3217773438e+02 1.8398666917e-13 8.3782779173e-14 9.4839257849e-14 5.3646321465e-15
2.3223876953e+02 1.8222814901e-13 8.3251034677e-14 9.3651565155e-14 5.3255491787e-15
2.3229980469e+02 1.8402706510e-13 8.4186542871e-14 9.4429649889e-14 5.4108723418e-15
2.3236083984e+02 1.8477769220e-13 8.3631318168e-14 9.5717471461e-14 5.4289025715e-15
2.3242187500e+02 1.8344783156e-13 8.4213123284e-14 9.3806478258e-14 5.4282300166e-15
2.3248291016e+02 1.8269739458e-13 8.2806958823e-14 9.4485695320e-14 5.4047404348e-15
2.3254394531e+02 1.8380666869e-13 8.3566559074e-14 9.4875427272e-14 5.3646823454e-15
2.3260498047e+02 1.8364863351e-13 8.3615685425e-14 9.4693867453e-14 5.3390806312e-15
2.3266601562e+02 1.8430142464e-13 8.3609762545e-14 9.5329981993e-14 5.3616801047e-15
2.3272705078e+02 1.8361342719e-13 8.3404667343e-14 9.4807228044e-14 5.4015317976e-15
2.3278808594e+02 1.8241713992e-13 8.3841612522e-14 9.3199737977e-14 5.3757894249e-15
2.3284912109e+02 1.8401718147e-13 8.3351653721e-14 9.5291109449e-14 5.3744182977e-15
2.3291015625e+02 1.8503155046e-13 8.4884237380e-14 9.4757454417e-14 5.3898586579e-15
2.3297119141e+02 1.8434542957e-13 8.4413815702e-14 9.4516002643e-14 5.4156112261e-15
2.3303222656e+02 1.8489340394e-13 8.4467655169e-14 9.4987641671e-14 5.4381071038e-15
2.3309326172e+02 1.8410965584e-13 8.3756537305e-14 9.4940884808e-14 5.4122337230e-15
2.3315429688e+02 1.8272904350e-13 8.3701052011e-14 9.3683127820e-14 5.3448636651e-15
2.3321533203e+02 1.8359579064e-13 8.3731653955e-14 9.4476429435e-14 5.3877072516e-15
2.3327636719e+02 1.8351486374e-13 8.3382598657e-14 9.4767571718e-14 5.3646933671e-15
2.3333740234e+02 1.8486305340e-13 8.4257201044e-14 9.5180787242e-14 5.4250651124e-15
2.3339843750e+02 1.8323590447e-13 8.2468683053e-14 9.5324351920e-14 5.4428694979e-15
2.3345947266e+02 1.8285821148e-13 8.2230426378e-14 9.5206595556e-14 5.4211895460e-15
2.3352050781e+02 1.8343944534e-13 8.3827346618e-14 9.4179296004e-14 5.4328027210e-15
2.3358154297e+02 1.8056165302e-13 8.2875774297e-14 9.2350006824e-14 5.3358719022e-15
2.3364257812e+02 1.7873517385e-13 8.1455396519e-14 9.1992154135e-14 5.2876231910e-15
2.3370361328e+02 1.8128735739e-13 8.1540461300e-14 9.4375617896e-14 5.3712781956e-15
2.3376464844e+02 1.8130228548e-13 8.2531577454e-14 9.3419655853e-14 5.3510521709e-15
2.3382568359e+02 1.8212992510e-13 8.3830118952e-14 9.2946460111e-14 5.3533460415e-15
2.3388671875e+02 1.8253988866e-13 8.3170055697e-14 9.3993561858e-14 5.3762711071e-15
2.3394775391e+02 1.8256043363e-13 8.3703071890e-14 9.3452992278e-14 5.4043694570e-15
2.3400878906e+02 1.8314511195e-13 8.3449929592e-14 9.4299619358e-14 5.3955629993e-15
2.3406982422e+02 1.8049015805e-13 8.2491476623e-14 9.2641423673e-14 5.3572577518e-15
2.3413085938e+02 1.8053119997e-13 8.3014861405e-14 9.2197859209e-14 5.3184793530e-15
2.3419189453e+02 1.8189346869e-13 8.3356448462e-14 9.3189614925e-14 5.3474053002e-15
2.3425292969e+02 1.8127415189e-13 8.2284200575e-14 9.3663880256e-14 5.3260710540e-15
2.3431396484e+02 1.8400499233e-13 8.3773265975e-14 9.4866115210e-14 5.3656111479e-15
2.3437500000e+02 1.8312823848e-13 8.3700234534e-14 9.4077802397e-14 5.3502015479e-15
2.3443603516e+02 1.8283973697e-13 8.3396753053e-14 9.4098720875e-14 5.3442630376e-15
2.3449707031e+02 1.8187750825e-13 8.3493025293e-14 9.3031027430e-14 5.3534555260e-15
2.3455810547e+02 1.8183057338e-13 8.3189918578e-14 9.3237416865e-14 5.4032379409e-15
2.3461914062e+02 1.7885448128e-13 8.0214733080e-14 9.3244531486e-14 5.3952167183e-15
2.3468017578e+02 1.7913872756e-13 8.0230009392e-14 9.3582073656e-14 5.3266445115e-15
2.3474121094e+02 1.8016041375e-13 8.2253088328e-14 9.2594974978e-14 5.3123504401e-15
2.3480224609e+02 1.7699423299e-13 8.0642772069e-14 9.1020052383e-14 5.3314085369e-15
2.3486328125e+02 1.7936607155e-13 8.1556831241e-14 9.2469464811e-14 5.3397754995e-15
2.3492431641e+02 1.7904802901e-13 8.1217975715e-14 9.2515619831e-14 5.3144334588e-15
2.3498535156e+02 1.8030121811e-13 8.1831873838e-14 9.3125258261e-14 5.3440860122e-15
2.3504638672e+02 1.8090183187e-13 8.1345610466e-14 9.4224271826e-14 5.3319495794e-15
2.3510742188e+02 1.8070866239e-13 8.2687416200e-14 9.2685970916e-14 5.3352752769e-15
2.3516845703e+02 1.7903198626e-13 8.1708276302e-14 9.1984884205e-14 5.3388257537e-15
2.3522949219e+02 1.7846709398e-13 8.0933808919e-14 9.2165714867e-14 5.3675701965e-15
2.3529052734e+02 1.7834873497e-13 8.0038056520e-14 9.3006421432e-14 5.3042570187e-15
2.3535156250e+02 1.7952516595e-13 8.1513920938e-14 9.2682060554e-14 5.3291844590e-15
2.3541259766e+02 1.7723995607e-13 8.0008738459e-14 9.1870685336e-14 5.3605322745e-15
2.3547363281e+02 1.7692027972e-13 7.9002727312e-14 9.2620311070e-14 5.2972413375e-15
2.3553466797e+02 1.7709654560e-13 8.0512605888e-14 9.1255206575e-14 5.3287331420e-15
2.3559570312e+02 1.7706359550e-13 8.1147317473e-14 9.0608502883e-14 5.3077751425e-15
2.3565673828e+02 1.7880191032e-13 8.1552626675e-14 9.1878262324e-14 5.3710213229e-15
2.3571777344e+02 1.7841929619e-13 8.1398982223e-14 9.1642685519e-14 5.3776284434e-15
2.3577880859e+02 1.7721131433e-13 8.0616646020e-14 9.1306111767e-14 5.2885565465e-15
2.3583984375e+02 1.7992035971e-13 8.2023083592e-14 9.2620997158e-14 5.2762789619e-15
2.3590087891e+02 1.7850304319e-13 8.2078740266e-14 9.1106797959e-14 5.3175049652e-15
2.3596191406e+02 1.7832855515e-13 8.0760192801e-14 9.2207898179e-14 5.3604641690e-15
2.3602294922e+02 1.7853071955e-13 8.0489831547e-14 9.2712737602e-14 5.3281503994e-15
2.3608398438e+02 1.7941871793e-13 8.2455395379e-14 9.1675329596e-14 5.2879929587e-15
2.3614501953e+02 1.7883838238e-13 8.1585600492e-14 9.1947826680e-14 5.3049552112e-15
2.3620605469e+02 1.7957862557e-13 8.1551828167e-14 9.2721213689e-14 5.3055837092e-15
2.3626708984e+02 1.7865122798e-13 8.2134029316e-14 9.1212607005e-14 5.3045916541e-15
2.3632812500e+02 1.7790927086e-13 8.1546066838e-14 9.1072246559e-14 5.2909574591e-15
2.3638916016e+02 1.8016847203e-13 8.2984736194e-14 9.1904753532e-14 5.2789823041e-15
2.3645019531e+02 1.7861298341e-13 8.2249646168e-14 9.1064522020e-14 5.2988152254e-15
2.3651123047e+02 1.7662256186e-13 8.0604616083e-14 9.0751952855e-14 5.2659929244e-15
2.3657226562e+02 1.7509283852e-13 7.8051083021e-14 9.1746812929e-14 5.2949425746e-15
2.3663330078e+02 1.7674959420e-13 7.9783498466e-14 9.1644657554e-14 5.3214381807e-15
2.3669433594e+02 1.7546541563e-13 8.0742136779e-14 8.9373641809e-14 5.3496370370e-15
2.3675537109e+02 1.7670365890e-13 8.0494033505e-14 9.0832183589e-14 5.3774418032e-15
2.3681640625e+02 1.7643823603e-13 8.0088188993e-14 9.0982145624e-14 5.3679014105e-15
2.3687744141e+02 1.7651751101e-13 8.0947421060e-14 9.0194657032e-14 5.3754329204e-15
2.3693847656e+02 1.8062237521e-13 8.2581278600e-14 9.2651152299e-14 5.3899443140e-15
2.3699951172e+02 1.7753082580e-13 8.1441569233e-14 9.0766931461e-14 5.3223251024e-15
2.3706054688e+02 1.7654984952e-13 8.0746160195e-14 9.0491275287e-14 5.3124140402e-15
2.3712158203e+02 1.7707147701e-13 7.9557187565e-14 9.2186298164e-14 5.3279912782e-15
2.3718261719e+02 1.7762877770e-13 8.0140626691e-14 9.2145956833e-14 5.3421941787e-15
2.3724365234e+02 1.7757972908e-13 8.0952343304e-14 9.1275103406e-14 5.3522823667e-15
2.3730468750e+02 1.7732933207e-13 8.1151827924e-14 9.0772367260e-14 5.4051368826e-15
2.3736572266e+02 1.7689051235e-13 8.0207966890e-14 9.1309738867e-14 5.3728065901e-15
2.3742675781e+02 1.7857782085e-13 8.0146640253e-14 9.3086742484e-14 5.3444381119e-15
2.3748779297e+02 1.7738327396e-13 8.0962634345e-14 9.1084780844e-14 5.3358587708e-15
2.3754882812e+02 1.7698956978e-13 8.0634762798e-14 9.1018939389e-14 5.3358675975e-15
2.3760986328e+02 1.7746997164e-13 8.1818906029e-14 9.0335235884e-14 5.3158297309e-15
2.3767089844e+02 1.7679416112e-13 8.1341358457e-14 9.0161042038e-14 5.2917606294e-15
2.3773193359e+02 1.7635369398e-13 8.1529108981e-14 8.9575167504e-14 5.2494174919e-15
2.3779296875e+02 1.7575285984e-13 8.1378624708e-14 8.9102056097e-14 5.2721790320e-15
2.3785400391e+02 1.7537397909e-13 8.0810997087e-14 8.9254357105e-14 5.3086248942e-15
2.3791503906e+02 1.7365446271e-13 7.9582931637e-14 8.8730175904e-14 5.3413551695e-15
2.3797607422e+02 1.7616479138e-13 8.0787834015e-14 9.0058307822e-14 5.3186495429e-15
2.3803710938e+02 1.7536597341e-13 7.9662272394e-14 9.0323703642e-14 5.3799973788e-15
2.3809814453e+02 1.7453470257e-13 7.8887334759e-14 9.0250838802e-14 5.3965290107e-15
2.3815917969e+02 1.7526932474e-13 8.0008939841e-14 8.9941121850e-14 5.3192630510e-15
2.3822021484e+02 1.7580086077e-13 8.0919948533e-14 8.9571333301e-14 5.3095789396e-15
2.3828125000e+02 1.7659062390e-13 8.0839404295e-14 9.0408805055e-14 5.3424145474e-15
2.3834228516e+02 1.7626094532e-13 7.9848236401e-14 9.1099770301e-14 5.3129386148e-15
2.3840332031e+02 1.7774051703e-13 8.0853277720e-14 9.1549950713e-14 5.3372885984e-15
2.3846435547e+02 1.7775274504e-13 8.0615949356e-14 9.1750111878e-14 5.3866838046e-15
2.3852539062e+02 1.7574128808e-13 7.9590099574e-14 9.0756691808e-14 5.3944967025e-15
2.3858642578e+02 1.7166830777e-13 7.7752040589e-14 8.8552052031e-14 5.3642151505e-15
2.3864746094e+02 1.7240534383e-13 7.8558677587e-14 8.8529085323e-14 5.3175809232e-15
2.3870849609e+02 1.7441723194e-13 7.9618463054e-14 8.9476798836e-14 5.3219700456e-15
2.3876953125e+02 1.7664736015e-13 8.1209015494e-14 9.0142776176e-14 5.2955684844e-15
2.3883056641e+02 1.7462278230e-13 7.9250362340e-14 9.0138001240e-14 5.2344187246e-15
2.3889160156e+02 1.7220919790e-13 7.7626210483e-14 8.9325534982e-14 5.2574524324e-15
2.3895263672e+02 1.7361450083e-13 7.9000366246e-14 8.9322661079e-14 5.2914735014e-15
2.3901367188e+02 1.7483976407e-13 7.9252952291e-14 9.0280449756e-14 5.3063620266e-15
2.3907470703e+02 1.7532181765e-13 7.8715450055e-14 9.1314784139e-14 5.2915834559e-15
2.3913574219e+02 1.7461963765e-13 7.8982124169e-14 9.0326196872e-14 5.3113166057e-15
2.3919677734e+02 1.7353260228e-13 7.8937983960e-14 8.9278208807e-14 5.3164095088e-15
2.3925781250e+02 1.7213127422e-13 7.8969898363e-14 8.7879141442e-14 5.2822344146e-15
2.3931884766e+02 1.7196682092e-13 7.8203106278e-14 8.8426324445e-14 5.3373901980e-15
2.3937988281e+02 1.7280829242e-13 7.8391689972e-14 8.9117354331e-14 5.2992481154e-15
2.3944091797e+02 1.7230742000e-13 7.8911918267e-14 8.8133964650e-14 5.2615370874e-15
2.3950195312e+02 1.7258988021e-13 7.9048403681e-14 8.8250941284e-14 5.2905352419e-15
2.3956298828e+02 1.7296028059e-13 7.9232357696e-14 8.8410339936e-14 5.3175829623e-15
2.3962402344e+02 1.7413885246e-13 8.0438487692e-14 8.8417403768e-14 5.2829610039e-15
2.3968505859e+02 1.7464544600e-13 7.9942220344e-14 8.9407433401e-14 5.2957922530e-15
2.3974609375e+02 1.7607669593e-13 8.0108377222e-14 9.0715785395e-14 5.2525333147e-15
2.3980712891e+02 1.7653050326e-13 8.1174575261e-14 9.0071805833e-14 5.2841221706e-15
2.3986816406e+02 1.7717816876e-13 8.0353502169e-14 9.1603241745e-14 5.2214248420e-15
2.3992919922e+02 1.7361794456e-13 7.9186785974e-14 8.9145032145e-14 5.2861264426e-15
2.3999023438e+02 1.7383343710e-13 8.0194359282e-14 8.8315974887e-14 5.3231029312e-15
2.4005126953e+02 1.7363837550e-13 7.8960969080e-14 8.9365678053e-14 5.3117283686e-15
2.4011230469e+02 1.7198856997e-13 7.8424791622e-14 8.8276865069e-14 5.2869132761e-15
2.4017333984e+02 1.7252421602e-13 7.7993365871e-14 8.9286145924e-14 5.2447042278e-15
2.4023437500e+02 1.6974865094e-13 7.7434373434e-14 8.7059955964e-14 5.2543215467e-15
2.4029541016e+02 1.7024218596e-13 7.7927474190e-14 8.7033646358e-14 5.2810654155e-15
2.4035644531e+02 1.7226593807e-13 7.7528323359e-14 8.9455326393e-14 5.2822883231e-15
2.4041748047e+02 1.7272317679e-13 7.7581825765e-14 8.9849680055e-14 5.2916709735e-15
2.4047851562e+02 1.7253561868e-13 7.7938275229e-14 8.9319853732e-14 5.2774897146e-15
2.4053955078e+02 1.7413656726e-13 7.8379724999e-14 9.0493730838e-14 5.2631114235e-15
2.4060058594e+02 1.7360489354e-13 7.8896021260e-14 8.9448841896e-14 5.2600303869e-15
2.4066162109e+02 1.7292293385e-13 7.9293414634e-14 8.8391354621e-14 5.2381645954e-15
2.4072265625e+02 1.7333021182e-13 7.8800800639e-14 8.9306325720e-14 5.2230854615e-15
2.4078369141e+02 1.7251429738e-13 7.7595554168e-14 8.9640126173e-14 5.2786170379e-15
2.4084472656e+02 1.7057577275e-13 7.6956925312e-14 8.8315370242e-14 5.3034771941e-15
2.4090576172e+02 1.7043574918e-13 7.7323414063e-14 8.7865536197e-14 5.2467989240e-15
2.4096679688e+02 1.7280719131e-13 7.8898187294e-14 8.8584445469e-14 5.3245585477e-15
2.4102783203e+02 1.7242173909e-13 7.8328689095e-14 8.8810885535e-14 5.2821644645e-15
2.4108886719e+02 1.6987061533e-13 7.7321129761e-14 8.7253366856e-14 5.2961187118e-15
2.4114990234e+02 1.6853655981e-13 7.7395425552e-14 8.5852727946e-14 5.2884063106e-15
2.4121093750e+02 1.7140162508e-13 7.8548960757e-14 8.7606498031e-14 5.2461662904e-15
2.4127197266e+02 1.7105192953e-13 7.8834120871e-14 8.6961772814e-14 5.2560358403e-15
2.4133300781e+02 1.7091639420e-13 7.8992547278e-14 8.6644164464e-14 5.2796824563e-15
2.4139404297e+02 1.7364699343e-13 7.9479348677e-14 8.8898175049e-14 5.2694697074e-15
2.4145507812e+02 1.7339694618e-13 7.8603574103e-14 8.9476794195e-14 5.3165778853e-15
2.4151611328e+02 1.7106955446e-13 7.7349600164e-14 8.8428755635e-14 5.2911986646e-15
2.4157714844e+02 1.7033876724e-13 7.7646472937e-14 8.7444254003e-14 5.2480403001e-15
2.4163818359e+02 1.7112431895e-13 7.9200155505e-14 8.6673896051e-14 5.2502673898e-15
2.4169921875e+02 1.7345854987e-13 7.9797702554e-14 8.8367766029e-14 5.2930812872e-15
2.4176025391e+02 1.7289255807e-13 7.8762914873e-14 8.8850619793e-14 5.2790233996e-15
2.4182128906e+02 1.7044954936e-13 7.7401046201e-14 8.7819204118e-14 5.2292990450e-15
2.4188232422e+02 1.7057240060e-13 7.7165699679e-14 8.8163941174e-14 5.2427597437e-15
2.4194335938e+02 1.7040610229e-13 7.6928583024e-14 8.8237265956e-14 5.2402533123e-15
2.4200439453e+02 1.6847788728e-13 7.7412222763e-14 8.5828039811e-14 5.2376247076e-15
2.4206542969e+02 1.6909560568e-13 7.7925063052e-14 8.5914561227e-14 5.2559813992e-15
2.4212646484e+02 1.7018611162e-13 7.7053120095e-14 8.7901271899e-14 5.2317196284e-15
2.4218750000e+02 1.6889624916e-13 7.7373541926e-14 8.6306778279e-14 5.2159289570e-15
2.4224853516e+02 1.6907575648e-13 7.7099987452e-14 8.6776307395e-14 5.1994616308e-15
2.4230957031e+02 1.6954009007e-13 7.6429146393e-14 8.7866855985e-14 5.2440876962e-15
2.4237060547e+02 1.7066912314e-13 7.6824002873e-14 8.8607233028e-14 5.2378872362e-15
2.4243164062e+02 1.7038734153e-13 7.6325033905e-14 8.8875925541e-14 5.1863820865e-15
2.4249267578e+02 1.6943178602e-13 7.6715040078e-14 8.7475672271e-14 5.2410736740e-15
2.4255371094e+02 1.7056704174e-13 7.7691305771e-14 8.7655603735e-14 5.2201322365e-15
2.4261474609e+02 1.6800392457e-13 7.6219849007e-14 8.6596485537e-14 5.1875900241e-15
2.4267578125e+02 1.6681375028e-13 7.5330673051e-14 8.6318080270e-14 5.1649969589e-15
2.4273681641e+02 1.6933901242e-13 7.6354057105e-14 8.7764576480e-14 5.2203788322e-15
2.4279785156e+02 1.7024477333e-13 7.7480334356e-14 8.7528173730e-14 5.2362652426e-15
2.4285888672e+02 1.6822455352e-13 7.6548708250e-14 8.6437946158e-14 5.2378991146e-15
2.4291992188e+02 1.6937952552e-13 7.6911957876e-14 8.7223614357e-14 5.2439532912e-15
2.4298095703e+02 1.7114901141e-13 7.8862908224e-14 8.7003944654e-14 5.2821585310e-15
2.4304199219e+02 1.7150694426e-13 7.9252331642e-14 8.6968799498e-14 5.2858131164e-15
2.4310302734e+02 1.6949091768e-13 7.7362478779e-14 8.6890759075e-14 5.2376798277e-15
2.4316406250e+02 1.7009353439e-13 7.7293266428e-14 8.7574390221e-14 5.2258777447e-15
2.4322509766e+02 1.6765173617e-13 7.7478024124e-14 8.4920957081e-14 5.2527549706e-15
2.4328613281e+02 1.6537236265e-13 7.5780399805e-14 8.4361954134e-14 5.2300087101e-15
2.4334716797e+02 1.6797718327e-13 7.6157498683e-14 8.6626108468e-14 5.1935761197e-15
2.4340820312e+02 1.6813770541e-13 7.7062305144e-14 8.5861265742e-14 5.2141345274e-15
2.4346923828e+02 1.6768434111e-13 7.6640766273e-14 8.5821023655e-14 5.2225511808e-15
2.4353027344e+02 1.6783202178e-13 7.6177412239e-14 8.6450592946e-14 5.2040165940e-15
2.4359130859e+02 1.6787204117e-13 7.5894246736e-14 8.6731720064e-14 5.2460743663e-15
2.4365234375e+02 1.6848282760e-13 7.6581513320e-14 8.6654012554e-14 5.2473017306e-15
2.4371337891e+02 1.7151705373e-13 7.8423775491e-14 8.7858922027e-14 5.2343562165e-15
2.4377441406e+02 1.7049992648e-13 7.8511266335e-14 8.6701721244e-14 5.2869389022e-15
2.4383544922e+02 1.6853570502e-13 7.6329578762e-14 8.6991964283e-14 5.2141619738e-15
2.4389648438e+02 1.6529312485e-13 7.5222995635e-14 8.4841800342e-14 5.2283288758e-15
2.4395751953e+02 1.6627620312e-13 7.5696404514e-14 8.5352674203e-14 5.2271244055e-15
2.4401855469e+02 1.6783120547e-13 7.6855489563e-14 8.5784467795e-14 5.1912481088e-15
2.4407958984e+02 1.6731409906e-13 7.6103937370e-14 8.5949214026e-14 5.2609476603e-15
2.4414062500e+02 1.6707111384e-13 7.5727133186e-14 8.6025846963e-14 5.3181336868e-15
2.4420166016e+02 1.6430915601e-13 7.4839332506e-14 8.4228079148e-14 5.2417443575e-15
2.4426269531e+02 1.6551872332e-13 7.6034565425e-14 8.4241156055e-14 5.2430018446e-15
2.4432373047e+02 1.6527546528e-13 7.6549127685e-14 8.3508155545e-14 5.2181820455e-15
2.4438476562e+02 1.6709074988e-13 7.6816579469e-14 8.5021332427e-14 5.2528379853e-15
2.4444580078e+02 1.6934913149e-13 7.6773301966e-14 8.7318083453e-14 5.2577460691e-15
2.4450683594e+02 1.6723374230e-13 7.5790864896e-14 8.6215826269e-14 5.2270511320e-15
2.4456787109e+02 1.6429072321e-13 7.4280628109e-14 8.4802865201e-14 5.2072299029e-15
2.4462890625e+02 1.6588677349e-13 7.5434097912e-14 8.5281828262e-14 5.1708473216e-15
2.4468994141e+02 1.6761036878e-13 7.6124412131e-14 8.6311581980e-14 5.1743746728e-15
2.4475097656e+02 1.6616007481e-13 7.6695051542e-14 8.4279951033e-14 5.1850722356e-15
2.4481201172e+02 1.6413990686e-13 7.6226036409e-14 8.2658756792e-14 5.2551136585e-15
2.4487304688e+02 1.6544934010e-13 7.6224451944e-14 8.3961961033e-14 5.2629271185e-15
2.4493408203e+02 1.6748823289e-13 7.6782984115e-14 8.5469198673e-14 5.2360501016e-15
2.4499511719e+02 1.6816190639e-13 7.6699421074e-14 8.6199932593e-14 5.2625527269e-15
2.4505615234e+02 1.6702717615e-13 7.6225647510e-14 8.5487617316e-14 5.3139113237e-15
2.4511718750e+02 1.6647598215e-13 7.6456075782e-14 8.4742213735e-14 5.2776926299e-15
2.4517822266e+02 1.6648641531e-13 7.6331364166e-14 8.4894327435e-14 5.2607237113e-15
2.4523925781e+02 1.6579601522e-13 7.5620317743e-14 8.4891087349e-14 5.2846101329e-15
2.4530029297e+02 1.6478302554e-13 7.5264215908e-14 8.4261468435e-14 5.2573411968e-15
2.4536132812e+02 1.6376517372e-13 7.6107734821e-14 8.2369555964e-14 5.2878829311e-15
2.4542236328e+02 1.6575643730e-13 7.5804020089e-14 8.4686557274e-14 5.2658599363e-15
2.4548339844e+02 1.6474051250e-13 7.5543643750e-14 8.3988099483e-14 5.2087692626e-15
2.4554443359e+02 1.6151649747e-13 7.3902184726e-14 8.2413649618e-14 5.2006631298e-15
2.4560546875e+02 1.6196231100e-13 7.3408990963e-14 8.3328369949e-14 5.2249500916e-15
2.4566650391e+02 1.6321635289e-13 7.4220125047e-14 8.3714901277e-14 5.2813265709e-15
2.4572753906e+02 1.6239127956e-13 7.3556904541e-14 8.3552348733e-14 5.2820262896e-15
2.4578857422e+02 1.6277446854e-13 7.3049209618e-14 8.4481690303e-14 5.2435686209e-15
2.4584960938e+02 1.6451056852e-13 7.4029152813e-14 8.5222495544e-14 5.2589201593e-15
2.4591064453e+02 1.6574403285e-13 7.4521738281e-14 8.6012201629e-14 5.2100929424e-15
2.4597167969e+02 1.6480872575e-13 7.3681396012e-14 8.5914010445e-14 5.2133192913e-15
2.4603271484e+02 1.6291046069e-13 7.3112744360e-14 8.4512073088e-14 5.2856432457e-15
2.4609375000e+02 1.6209183615e-13 7.3204288292e-14 8.3619254810e-14 5.2682930447e-15
2.4615478516e+02 1.6481045840e-13 7.5549267072e-14 8.3988572491e-14 5.2726188420e-15
2.4621582031e+02 1.6363139718e-13 7.5033836625e-14 8.3352682719e-14 5.2448778351e-15
2.4627685547e+02 1.6461309311e-13 7.5278270653e-14 8.4110665864e-14 5.2241565934e-15
2.4633789062e+02 1.6398053935e-13 7.4840218407e-14 8.3907959361e-14 5.2323615818e-15
2.4639892578e+02 1.6262492933e-13 7.3583015076e-14 8.3826394696e-14 5.2155195594e-15
2.4645996094e+02 1.6226834650e-13 7.4434602073e-14 8.2606627866e-14 5.2271165586e-15
2.4652099609e+02 1.6394693539e-13 7.4981618531e-14 8.3697187850e-14 5.2681290048e-15
2.4658203125e+02 1.6308350585e-13 7.4592857992e-14 8.3232627151e-14 5.2580207065e-15
2.4664306641e+02 1.6472486759e-13 7.5012569023e-14 8.4505334852e-14 5.2069637188e-15
2.4670410156e+02 1.6530262275e-13 7.5968722824e-14 8.4134693937e-14 5.1992059922e-15
2.4676513672e+02 1.6386649476e-13 7.5610366755e-14 8.3061480090e-14 5.1946479176e-15
2.4682617188e+02 1.6385407718e-13 7.5324300359e-14 8.3325751339e-14 5.2040254777e-15
2.4688720703e+02 1.6558125273e-13 7.5139459806e-14 8.5287174582e-14 5.1546183395e-15
2.4694824219e+02 1.6479567370e-13 7.4875876238e-14 8.4733386241e-14 5.1864112263e-15
2.4700927734e+02 1.6367316359e-13 7.5123015803e-14 8.3351717450e-14 5.1984303375e-15
2.4707031250e+02 1.6263721275e-13 7.4346977277e-14 8.3094510836e-14 5.1957246361e-15
2.4713134766e+02 1.6215015337e-13 7.3404928269e-14 8.3563620588e-14 5.1816045166e-15
2.4719238281e+02 1.6250053217e-13 7.4155586226e-14 8.3125844213e-14 5.2191017292e-15
2.4725341797e+02 1.6332565407e-13 7.4090014868e-14 8.4012824556e-14 5.2228146499e-15
2.4731445312e+02 1.6247946630e-13 7.2251117792e-14 8.5000926139e-14 5.2274223690e-15
2.4737548828e+02 1.6101574614e-13 7.2800574631e-14 8.2964562169e-14 5.2506093418e-15
2.4743652344e+02 1.6110104483e-13 7.3166381506e-14 8.2636061906e-14 5.2986014175e-15
2.4749755859e+02 1.6112647441e-13 7.3644344230e-14 8.2244127961e-14 5.2380022226e-15
2.4755859375e+02 1.6426257093e-13 7.4875227619e-14 8.4145924042e-14 5.2414192727e-15
2.4761962891e+02 1.6321976727e-13 7.4618162472e-14 8.3403488941e-14 5.1981158614e-15
2.4768066406e+02 1.6128711648e-13 7.2974131210e-14 8.3061334914e-14 5.2516503571e-15
2.4774169922e+02 1.6345877275e-13 7.4546275216e-14 8.3653118332e-14 5.2593792030e-15
2.4780273438e+02 1.6243023790e-13 7.3527505984e-14 8.3670079484e-14 5.2326524306e-15
2.4786376953e+02 1.6232933382e-13 7.3395136044e-14 8.3722663912e-14 5.2115338677e-15
2.4792480469e+02 1.6164010531e-13 7.3235208900e-14 8.3194418941e-14 5.2104774685e-15
2.4798583984e+02 1.6161779341e-13 7.2575044848e-14 8.3778101803e-14 5.2646467568e-15
2.4804687500e+02 1.6357442047e-13 7.3334432954e-14 8.5002277111e-14 5.2377104008e-15
2.4810791016e+02 1.6117874923e-13 7.3985379665e-14 8.2010825299e-14 5.1825442711e-15
2.4816894531e+02 1.6113593674e-13 7.3350151444e-14 8.2632630023e-14 5.1531552703e-15
2.4822998047e+02 1.6316474194e-13 7.2528831178e-14 8.5430596531e-14 5.2053142365e-15
2.4829101562e+02 1.6394416421e-13 7.2950215061e-14 8.5798879503e-14 5.1950696494e-15
2.4835205078e+02 1.6382841549e-13 7.4117182902e-14 8.4511017801e-14 5.2002147896e-15
2.4841308594e+02 1.6401627555e-13 7.4296057030e-14 8.4495673181e-14 5.2245453392e-15
2.4847412109e+02 1.6300492582e-13 7.3979899715e-14 8.3795871066e-14 5.2291550423e-15
2.4853515625e+02 1.6145740479e-13 7.3399003909e-14 8.2812575613e-14 5.2458252691e-15
2.4859619141e+02 1.5876022108e-13 7.3014492100e-14 8.0512464084e-14 5.2332648990e-15
2.4865722656e+02 1.5997137857e-13 7.5082823984e-14 7.9761614787e-14 5.1269397942e-15
2.4871826172e+02 1.6126245307e-13 7.3731668693e-14 8.2413246099e-14 5.1175382834e-15
2.4877929688e+02 1.5820637940e-13 7.2795385578e-14 8.0305728943e-14 5.1052648788e-15
2.4884033203e+02 1.5760835570e-13 7.2875581295e-14 7.9623211677e-14 5.1095627311e-15
2.4890136719e+02 1.5827801913e-13 7.2585898004e-14 8.0540844993e-14 5.1512761330e-15
2.4896240234e+02 1.6049048001e-13 7.3709997771e-14 8.1618787367e-14 5.1616948711e-15
2.4902343750e+02 1.6280314971e-13 7.4012293227e-14 8.3576168656e-14 5.2146878251e-15
2.4908447266e+02 1.6025021190e-13 7.2395399211e-14 8.2679784416e-14 5.1750282689e-15
2.4914550781e+02 1.5951383201e-13 7.2266819689e-14 8.2044338951e-14 5.2026733678e-15
2.4920654297e+02 1.6195102056e-13 7.3724069197e-14 8.3027623200e-14 5.1993281628e-15
2.4926757812e+02 1.5946436162e-13 7.3096259818e-14 8.1151189365e-14 5.2169124398e-15
2.4932861328e+02 1.5853707436e-13 7.2479504806e-14 8.0863735055e-14 5.1938345030e-15
2.4938964844e+02 1.5943995631e-13 7.2732322068e-14 8.1529743852e-14 5.1778903941e-15
2.4945068359e+02 1.5947168261e-13 7.3106447306e-14 8.1130744745e-14 5.2344905614e-15
2.4951171875e+02 1.6076179725e-13 7.3484023566e-14 8.2081258253e-14 5.1965154291e-15
2.4957275391e+02 1.6170558709e-13 7.3649053969e-14 8.2885027675e-14 5.1715054427e-15
2.4963378906e+02 1.6047825955e-13 7.2027461007e-14 8.3241888288e-14 5.2089102511e-15
2.4969482422e+02 1.6039142768e-13 7.2702521472e-14 8.2476085698e-14 5.2128205135e-15
2.4975585938e+02 1.6041181913e-13 7.2627908982e-14 8.2597728828e-14 5.1861813216e-15
2.4981689453e+02 1.5848154040e-13 7.1603796040e-14 8.1754883050e-14 5.1228613123e-15
2.4987792969e+02 1.5695846240e-13 7.1072804341e-14 8.0790417374e-14 5.0952406881e-15
2.4993896484e+02 1.5986015383e-13 7.2968162497e-14 8.1743828137e-14 5.1481631965e-15
2.5000000000e+02 1.6068194420e-13 7.3034152583e-14 8.2460877753e-14 5.1869138671e-15
2.5006103516e+02 1.5947856478e-13 7.2042741315e-14 8.2275348317e-14 5.1604751446e-15
2.5012207031e+02 1.6004865641e-13 7.2793263784e-14 8.2118154998e-14 5.1372376312e-15
2.5018310547e+02 1.5945726166e-13 7.2059639344e-14 8.2221164086e-14 5.1764582268e-15
2.5024414062e+02 1.5899781999e-13 7.2729010434e-14 8.1069527356e-14 5.1992822036e-15
2.5030517578e+02 1.6041287594e-13 7.3691316789e-14 8.1547165158e-14 5.1743939876e-15
2.5036621094e+02 1.5918224477e-13 7.2656231606e-14 8.1369046102e-14 5.1569670650e-15
2.5042724609e+02 1.5975773643e-13 7.2285703628e-14 8.2289608715e-14 5.1824240918e-15
2.5048828125e+02 1.6060962853e-13 7.2739770967e-14 8.2651620421e-14 5.2182371410e-15
2.5054931641e+02 1.5789682942e-13 7.2300050037e-14 8.0398513094e-14 5.1982662839e-15
2.5061035156e+02 1.5887703614e-13 7.1910086871e-14 8.1825910630e-14 5.1410386388e-15
2.5067138672e+02 1.5963491239e-13 7.2198952756e-14 8.2308035138e-14 5.1279244987e-15
2.5073242188e+02 1.5981950104e-13 7.3145625368e-14 8.1504470604e-14 5.1694050718e-15
2.5079345703e+02 1.5855415448e-13 7.2819057040e-14 8.0617304691e-14 5.1177927518e-15
2.5085449219e+02 1.5896753485e-13 7.3056081796e-14 8.0743668848e-14 5.1677842018e-15
2.5091552734e+02 1.5945123680e-13 7.2886448624e-14 8.1377647284e-14 5.1871408951e-15
2.5097656250e+02 1.6035682387e-13 7.3092276586e-14 8.2135241032e-14 5.1293062548e-15
2.5103759766e+02 1.6026584843e-13 7.3349599056e-14 8.1763239218e-14 5.1530101549e-15
2.5109863281e+02 1.5936968729e-13 7.2614433805e-14 8.1648066105e-14 5.1071873788e-15
2.5115966797e+02 1.5727860647e-13 7.1141333919e-14 8.0982085115e-14 5.1551874370e-15
2.5122070312e+02 1.5582162150e-13 7.1257132626e-14 7.9378375897e-14 5.1861129724e-15
2.5128173828e+02 1.5453934904e-13 7.1027663021e-14 7.8310268168e-14 5.2014178469e-15
2.5134277344e+02 1.5685429952e-13 7.0933320674e-14 8.0742581120e-14 5.1783977247e-15
2.5140380859e+02 1.5660886364e-13 7.1368515372e-14 8.0066992293e-14 5.1733559758e-15
2.5146484375e+02 1.5748047793e-13 7.1585781212e-14 8.0682612317e-14 5.2120843999e-15
2.5152587891e+02 1.5753941249e-13 7.1591806081e-14 8.0777511933e-14 5.1700944785e-15
2.5158691406e+02 1.5678195106e-13 7.1911643287e-14 7.9667773706e-14 5.2025340639e-15
2.5164794922e+02 1.5560394472e-13 7.1852764166e-14 7.8575253080e-14 5.1759274717e-15
2.5170898438e+02 1.5611255737e-13 7.1415218193e-14 7.9579509469e-14 5.1178297122e-15
2.5177001953e+02 1.5531408410e-13 7.0028397929e-14 8.0119654013e-14 5.1660321580e-15
2.5183105469e+02 1.5538024617e-13 7.0371651726e-14 7.9873784970e-14 5.1348094755e-15
2.5189208984e+02 1.5740019528e-13 7.1704531163e-14 8.0507537082e-14 5.1881270349e-15
2.5195312500e+02 1.5937692996e-13 7.2466231981e-14 8.1723520205e-14 5.1871777722e-15
2.5201416016e+02 1.5696821385e-13 7.1832087607e-14 7.9942856625e-14 5.1932696169e-15
2.5207519531e+02 1.5554872793e-13 7.0959066769e-14 7.9410966853e-14 5.1786943097e-15
2.5213623047e+02 1.5725623201e-13 7.1563517300e-14 8.0569979179e-14 5.1227355326e-15
2.5219726562e+02 1.5616203690e-13 7.1257074679e-14 7.9832759698e-14 5.0722025240e-15
2.5225830078e+02 1.5573684815e-13 7.1238663435e-14 7.9387015536e-14 5.1111691758e-15
2.5231933594e+02 1.5676944857e-13 7.1645982900e-14 7.9980032660e-14 5.1434330140e-15
2.5238037109e+02 1.5837905295e-13 7.2504605445e-14 8.0666948512e-14 5.2074989941e-15
2.5244140625e+02 1.5885237123e-13 7.2916996193e-14 8.0761819026e-14 5.1735560063e-15
2.5250244141e+02 1.5625499145e-13 7.1130172562e-14 7.9977573181e-14 5.1472457102e-15
2.5256347656e+02 1.5532506392e-13 6.9888904275e-14 8.0260600119e-14 5.1755595266e-15
2.5262451172e+02 1.5564576926e-13 6.9658803567e-14 8.0817621983e-14 5.1693437073e-15
2.5268554688e+02 1.5596146433e-13 7.0603873278e-14 8.0151669936e-14 5.2059211175e-15
2.5274658203e+02 1.5565027549e-13 7.0742992411e-14 7.9694384193e-14 5.2128988845e-15
2.5280761719e+02 1.5523934969e-13 7.0609235003e-14 7.9429425398e-14 5.2006892853e-15
2.5286865234e+02 1.5651276188e-13 7.1229657002e-14 8.0091897010e-14 5.1912078637e-15
2.5292968750e+02 1.5704524299e-13 7.1642217018e-14 8.0219395956e-14 5.1836300116e-15
2.5299072266e+02 1.5525572230e-13 7.1071645732e-14 7.9004156776e-14 5.1799197932e-15
2.5305175781e+02 1.5513662215e-13 7.0004947531e-14 7.9925097333e-14 5.2065772820e-15
2.5311279297e+02 1.5672900398e-13 7.0280455566e-14 8.1289073784e-14 5.1594746253e-15
2.5317382812e+02 1.5516301805e-13 6.9922496990e-14 8.0081509726e-14 5.1590113314e-15
2.5323486328e+02 1.5470287878e-13 7.0952827265e-14 7.8580396829e-14 5.1696546832e-15
2.5329589844e+02 1.5451962160e-13 7.0251219944e-14 7.9087476040e-14 5.1809256136e-15
2.5335693359e+02 1.5562397919e-13 7.0781035928e-14 7.9668331821e-14 5.1746114394e-15
2.5341796875e+02 1.5787876338e-13 7.1782702891e-14 8.0943172926e-14 5.1528875623e-15
2.5347900391e+02 1.5722675767e-13 7.1788351660e-14 8.0343012578e-14 5.0953934300e-15
2.5354003906e+02 1.5819923293e-13 7.1832038458e-14 8.1238918142e-14 5.1282763281e-15
2.5360107422e+02 1.5631316468e-13 7.1494396558e-14 7.9636399823e-14 5.1823682948e-15
2.5366210938e+02 1.5448550152e-13 7.0668823045e-14 7.8630566584e-14 5.1861118891e-15
2.5372314453e+02 1.5502363577e-13 7.0704476271e-14 7.9168410442e-14 5.1507490590e-15
2.5378417969e+02 1.5627403305e-13 7.0714047932e-14 8.0438884640e-14 5.1211004752e-15
2.5384521484e+02 1.5475600790e-13 7.0272557528e-14 7.9366367413e-14 5.1170829609e-15
2.5390625000e+02 1.5323648923e-13 7.0144869151e-14 7.8003956416e-14 5.0876636626e-15
2.5396728516e+02 1.5499984354e-13 7.0710938871e-14 7.9179343484e-14 5.1095611798e-15
2.5402832031e+02 1.5400155068e-13 6.9774778383e-14 7.9057538360e-14 5.1692339381e-15
2.5408935547e+02 1.5332593085e-13 6.9724977152e-14 7.8474392723e-14 5.1265609734e-15
2.5415039062e+02 1.5528071516e-13 6.9702895066e-14 8.0454027329e-14 5.1237927640e-15
2.5421142578e+02 1.5370986567e-13 6.8632137384e-14 7.9928238764e-14 5.1494895186e-15
2.5427246094e+02 1.5301026274e-13 6.8726389697e-14 7.9211812459e-14 5.0720605806e-15
2.5433349609e+02 1.5067881672e-13 6.7425639928e-14 7.8216625614e-14 5.0365511749e-15
2.5439453125e+02 1.5196325554e-13 6.8170231059e-14 7.8742848205e-14 5.0501762760e-15
2.5445556641e+02 1.5560633503e-13 7.0463876372e-14 8.0013675117e-14 5.1287835425e-15
2.5451660156e+02 1.5503907497e-13 7.0330219681e-14 7.9566934940e-14 5.1419203524e-15
2.5457763672e+02 1.5232913682e-13 7.0004985588e-14 7.7224227448e-14 5.0999237896e-15
2.5463867188e+02 1.5250568896e-13 6.9972179685e-14 7.7422708020e-14 5.1108012592e-15
2.5469970703e+02 1.5419405074e-13 7.0504620383e-14 7.8594635082e-14 5.0947952778e-15
2.5476074219e+02 1.5512948317e-13 7.0586753474e-14 7.9410068204e-14 5.1326614969e-15
2.5482177734e+02 1.5448219117e-13 7.0314460881e-14 7.9067307267e-14 5.1004230177e-15
2.5488281250e+02 1.5409288947e-13 7.0681216032e-14 7.8320123272e-14 5.0915501634e-15
2.5494384766e+02 1.5208329962e-13 6.9870191940e-14 7.7136371439e-14 5.0767362394e-15
2.5500488281e+02 1.5174998326e-13 6.9591720505e-14 7.7079450816e-14 5.0788119375e-15
2.5506591797e+02 1.5195448545e-13 6.8582854333e-14 7.8267843884e-14 5.1037872273e-15
2.5512695312e+02 1.5196833733e-13 6.8722139989e-14 7.8157692036e-14 5.0885053043e-15
2.5518798828e+02 1.5048631276e-13 6.8624809333e-14 7.6748410165e-14 5.1130932595e-15
2.5524902344e+02 1.5223696152e-13 6.8639632252e-14 7.8405211002e-14 5.1921182692e-15
2.5531005859e+02 1.5408531427e-13 6.9343655813e-14 7.9534028240e-14 5.2076302149e-15
2.5537109375e+02 1.5602017445e-13 7.1337060623e-14 7.9521911791e-14 5.1612020374e-15
2.5543212891e+02 1.5462207746e-13 7.0705038052e-14 7.8790407485e-14 5.1266319204e-15
2.5549316406e+02 1.5496166875e-13 7.0399722637e-14 7.9375692060e-14 5.1862540568e-15
2.5555419922e+02 1.5418807756e-13 7.0403793799e-14 7.8616483259e-14 5.1678005001e-15
2.5561523438e+02 1.5309229892e-13 6.9124778705e-14 7.8838279607e-14 5.1292406131e-15
2.5567626953e+02 1.5425345668e-13 6.9052614887e-14 8.0102137058e-14 5.0987047376e-15
2.5573730469e+02 1.5590941077e-13 7.0867314755e-14 7.9933291004e-14 5.1088050131e-15
2.5579833984e+02 1.5491863564e-13 6.9913750746e-14 7.9853712236e-14 5.1511726559e-15
2.5585937500e+02 1.5149682800e-13 6.9070505633e-14 7.7349328827e-14 5.0769935435e-15
2.5592041016e+02 1.5054937303e-13 6.8690855323e-14 7.6800612549e-14 5.0579051553e-15
2.5598144531e+02 1.5208721801e-13 6.8757156629e-14 7.8243375972e-14 5.0866854127e-15
2.5604248047e+02 1.5267738760e-13 6.9255700439e-14 7.8303245915e-14 5.1184412439e-15
2.5610351562e+02 1.5286306226e-13 6.9732163464e-14 7.7990684837e-14 5.1402139546e-15
2.5616455078e+02 1.5151648172e-13 6.8542126271e-14 7.7894784976e-14 5.0795704745e-15
2.5622558594e+02 1.5060897094e-13 6.7709765005e-14 7.7796444549e-14 5.1027613880e-15
2.5628662109e+02 1.5134341802e-13 6.8145924018e-14 7.8060550184e-14 5.1369438204e-15
2.5634765625e+02 1.5191616300e-13 6.8687048919e-14 7.8090652060e-14 5.1384620171e-15
2.5640869141e+02 1.5148913362e-13 6.8142463671e-14 7.8228662199e-14 5.1180077488e-15
2.5646972656e+02 1.5192035017e-13 6.9854252108e-14 7.6941516703e-14 5.1245813629e-15
2.5653076172e+02 1.5158316850e-13 6.8873544585e-14 7.7582922983e-14 5.1267009355e-15
2.5659179688e+02 1.5196531524e-13 6.8236126686e-14 7.8608748781e-14 5.1204397764e-15
2.5665283203e+02 1.5260189932e-13 6.8649906127e-14 7.8873989847e-14 5.0780033446e-15
2.5671386719e+02 1.5125414288e-13 6.8435430595e-14 7.7676089008e-14 5.1426232744e-15
2.5677490234e+02 1.5108509560e-13 6.8805801512e-14 7.7136384905e-14 5.1429091817e-15
2.5683593750e+02 1.4911865051e-13 6.7813035509e-14 7.6188684778e-14 5.1169302242e-15
2.5689697266e+02 1.5103194602e-13 6.8394868373e-14 7.7510791918e-14 5.1262857300e-15
2.5695800781e+02 1.5240197576e-13 6.9522048908e-14 7.7756359428e-14 5.1235674276e-15
2.5701904297e+02 1.5312401367e-13 6.9969683244e-14 7.8068769472e-14 5.0855609513e-15
2.5708007812e+02 1.5149872604e-13 6.9337227633e-14 7.7096421712e-14 5.0650766976e-15
2.5714111328e+02 1.5038598776e-13 6.8664744849e-14 7.6655674932e-14 5.0655679792e-15
2.5720214844e+02 1.4937537944e-13 6.7820234476e-14 7.6464798519e-14 5.0903464445e-15
2.5726318359e+02 1.4911644779e-13 6.7253737938e-14 7.6754850943e-14 5.1078589134e-15
2.5732421875e+02 1.4994284995e-13 6.7658834155e-14 7.7166599668e-14 5.1174161305e-15
2.5738525391e+02 1.4959024753e-13 6.7720093331e-14 7.6743138719e-14 5.1270154814e-15
2.5744628906e+02 1.4869190648e-13 6.7366288666e-14 7.6258590942e-14 5.0670268751e-15
2.5750732422e+02 1.4906708855e-13 6.8033130834e-14 7.5938619179e-14 5.0953385352e-15
2.5756835938e+02 1.4983206610e-13 6.8207162066e-14 7.6517419193e-14 5.1074848387e-15
2.5762939453e+02 1.5046471090e-13 6.8331188044e-14 7.7017430360e-14 5.1160924972e-15
2.5769042969e+02 1.5047979132e-13 6.8586617004e-14 7.6851437004e-14 5.0417373124e-15
2.5775146484e+02 1.5209329436e-13 6.8510208244e-14 7.8460713466e-14 5.1223726497e-15
2.5781250000e+02 1.4871895771e-13 6.6988979398e-14 7.6593048711e-14 5.1369295975e-15
2.5787353516e+02 1.4899092780e-13 6.7706967537e-14 7.6129425282e-14 5.1545349763e-15
2.5793457031e+02 1.4829754324e-13 6.7643278871e-14 7.5539105574e-14 5.1151587937e-15
2.5799560547e+02 1.4891683885e-13 6.7316062111e-14 7.6471496897e-14 5.1292798408e-15
2.5805664062e+02 1.5215461367e-13 6.9188456200e-14 7.7813938203e-14 5.1522192642e-15
2.5811767578e+02 1.5128731355e-13 6.8661295083e-14 7.7449080689e-14 5.1769377795e-15
2.5817871094e+02 1.5034020194e-13 6.7849699215e-14 7.7330013767e-14 5.1604889586e-15
2.5823974609e+02 1.5039756520e-13 6.9287461071e-14 7.6001830511e-14 5.1082736209e-15
2.5830078125e+02 1.4994482526e-13 6.9309050788e-14 7.5573869980e-14 5.0619044900e-15
2.5836181641e+02 1.4979411769e-13 6.7940929207e-14 7.6775777646e-14 5.0774108418e-15
2.5842285156e+02 1.4922175286e-13 6.7544951612e-14 7.6589317708e-14 5.0874835356e-15
2.5848388672e+02 1.4768843239e-13 6.6410472997e-14 7.6192940959e-14 5.0850184386e-15
2.5854492188e+02 1.4930240020e-13 6.7969279835e-14 7.6231718915e-14 5.1014014475e-15
2.5860595703e+02 1.5056422641e-13 6.8901289340e-14 7.6545110966e-14 5.1178261007e-15
2.5866699219e+02 1.5099699805e-13 6.8305054899e-14 7.7594955187e-14 5.0969879627e-15
2.5872802734e+02 1.4909981561e-13 6.6745718219e-14 7.7208806884e-14 5.1452905068e-15
2.5878906250e+02 1.4870114514e-13 6.7181765643e-14 7.6369571177e-14 5.1498083200e-15
2.5885009766e+02 1.4996399002e-13 6.8035438172e-14 7.6836991892e-14 5.0915599548e-15
2.5891113281e+02 1.4947974897e-13 6.8082927758e-14 7.6332778957e-14 5.0640422508e-15
2.5897216797e+02 1.4794003864e-13 6.6898501826e-14 7.5984641080e-14 5.0568957357e-15
2.5903320312e+02 1.4938289131e-13 6.7055604692e-14 7.7254873554e-14 5.0724130632e-15
2.5909423828e+02 1.4922728648e-13 6.8162481850e-14 7.5997425432e-14 5.0673792020e-15
2.5915527344e+02 1.4842787071e-13 6.8029596389e-14 7.5343193036e-14 5.0550812867e-15
2.5921630859e+02 1.4901470033e-13 6.7175185317e-14 7.6724050798e-14 5.1154642185e-15
2.5927734375e+02 1.4603550964e-13 6.6259796281e-14 7.4646357698e-14 5.1293556593e-15
2.5933837891e+02 1.4727480013e-13 6.6181510991e-14 7.5997936833e-14 5.0953523021e-15
2.5939941406e+02 1.4799595888e-13 6.5388794172e-14 7.7487144375e-14 5.1200203286e-15
2.5946044922e+02 1.4862967710e-13 6.6548973728e-14 7.6956311754e-14 5.1243916132e-15
2.5952148438e+02 1.4851866589e-13 6.7048573107e-14 7.6371156435e-14 5.0989363430e-15
2.5958251953e+02 1.4883449286e-13 6.6632509589e-14 7.7120454098e-14 5.0815291772e-15
2.5964355469e+02 1.4931016676e-13 6.7275962749e-14 7.6963544316e-14 5.0706596903e-15
2.5970458984e+02 1.4940776264e-13 6.7865053732e-14 7.6447683940e-14 5.0950249632e-15
2.5976562500e+02 1.4869382499e-13 6.7270298737e-14 7.6300038223e-14 5.1234880324e-15
2.5982666016e+02 1.4828083255e-13 6.6448173955e-14 7.6709576138e-14 5.1230824515e-15
2.5988769531e+02 1.4891457931e-13 6.6863365208e-14 7.6852477196e-14 5.1987369025e-15
2.5994873047e+02 1.4887684622e-13 6.7242952201e-14 7.6505872624e-14 5.1280213955e-15
2.6000976562e+02 1.4850760784e-13 6.8160170372e-14 7.5273413904e-14 5.0740235608e-15
2.6007080078e+02 1.4892061948e-13 6.8568807848e-14 7.5265698797e-14 5.0861128349e-15
2.6013183594e+02 1.4787807287e-13 6.6977872806e-14 7.5816262314e-14 5.0839377485e-15
2.6019287109e+02 1.4864171742e-13 6.7139108592e-14 7.6390756421e-14 5.1118524122e-15
2.6025390625e+02 1.4937255001e-13 6.8900770288e-14 7.5381306245e-14 5.0904734757e-15
2.6031494141e+02 1.4851938000e-13 6.7650737962e-14 7.5747953860e-14 5.1206881777e-15
2.6037597656e+02 1.4900576048e-13 6.6849794375e-14 7.7093000219e-14 5.0629658821e-15
2.6043701172e+02 1.4748233914e-13 6.5897668395e-14 7.6524226491e-14 5.0604442509e-15
2.6049804688e+02 1.4736326402e-13 6.5426315777e-14 7.6879803978e-14 5.0571442691e-15
2.6055908203e+02 1.4771341717e-13 6.6800751175e-14 7.5852475727e-14 5.0601902721e-15
2.6062011719e+02 1.4814900608e-13 6.8132325870e-14 7.4947613507e-14 5.0690666992e-15
2.6068115234e+02 1.4739417842e-13 6.7597715716e-14 7.4758373107e-14 5.0380895942e-15
2.6074218750e+02 1.4561706629e-13 6.6631954008e-14 7.3912938490e-14 5.0721737901e-15
2.6080322266e+02 1.4763454075e-13 6.7730575744e-14 7.4803843279e-14 5.1001217268e-15
2.6086425781e+02 1.4760633036e-13 6.7775322491e-14 7.4739478688e-14 5.0915291792e-15
2.6092529297e+02 1.4664183022e-13 6.6314327909e-14 7.5265083110e-14 5.0624192050e-15
2.6098632812e+02 1.4783522255e-13 6.7333690786e-14 7.5392058537e-14 5.1094732270e-15
2.6104736328e+02 1.4714734518e-13 6.7116480155e-14 7.4915148703e-14 5.1157163194e-15
2.6110839844e+02 1.4639813458e-13 6.6283775449e-14 7.4998815967e-14 5.1155431633e-15
2.6116943359e+02 1.4581058125e-13 6.5886376466e-14 7.4827004604e-14 5.0972001813e-15
2.6123046875e+02 1.4639149276e-13 6.6467275672e-14 7.4882229287e-14 5.0419877990e-15
2.6129150391e+02 1.4579416890e-13 6.6556622044e-14 7.4191044282e-14 5.0465025778e-15
2.6135253906e+02 1.4499355889e-13 6.5604492197e-14 7.4320926748e-14 5.0681399488e-15
2.6141357422e+02 1.4618150372e-13 6.5690910699e-14 7.5408675874e-14 5.0819171489e-15
2.6147460938e+02 1.4700490071e-13 6.6462158866e-14 7.5467992349e-14 5.0747494952e-15
2.6153564453e+02 1.4744338427e-13 6.6965815726e-14 7.5390862703e-14 5.0867058414e-15
2.6159667969e+02 1.4604837238e-13 6.6311653751e-14 7.4600417756e-14 5.1363008762e-15
2.6165771484e+02 1.4650462143e-13 6.6442741212e-14 7.4944845856e-14 5.1170343618e-15
2.6171875000e+02 1.4744636915e-13 6.6558893850e-14 7.5762392211e-14 5.1250830909e-15
2.6177978516e+02 1.4547606636e-13 6.5945957455e-14 7.4494645620e-14 5.0354632824e-15
2.6184082031e+02 1.4496489172e-13 6.6352490813e-14 7.3603476092e-14 5.0089248161e-15
2.6190185547e+02 1.4616796364e-13 6.6296215870e-14 7.4782832988e-14 5.0889147838e-15
2.6196289062e+02 1.4513864190e-13 6.5967456064e-14 7.4071091961e-14 5.1000938756e-15
2.6202392578e+02 1.4420526014e-13 6.4727901551e-14 7.4370813488e-14 5.1065450979e-15
2.6208496094e+02 1.4298001760e-13 6.4786488680e-14 7.3149391916e-14 5.0441370042e-15
2.6214599609e+02 1.4369463177e-13 6.5064253392e-14 7.3601740162e-14 5.0286382205e-15
2.6220703125e+02 1.4297986917e-13 6.4253970622e-14 7.3657879383e-14 5.0680191695e-15
2.6226806641e+02 1.4203505879e-13 6.4196724494e-14 7.2765010192e-14 5.0733241001e-15
2.6232910156e+02 1.4472650699e-13 6.5160516867e-14 7.4457709993e-14 5.1082801256e-15
2.6239013672e+02 1.4707816528e-13 6.5957181038e-14 7.6010786504e-14 5.1101977353e-15
2.6245117188e+02 1.4753009709e-13 6.7073582105e-14 7.5392167571e-14 5.0643474180e-15
2.6251220703e+02 1.4550336455e-13 6.5829569388e-14 7.4601494423e-14 5.0723007366e-15
2.6257324219e+02 1.4468329452e-13 6.5127368641e-14 7.4455889770e-14 5.1000361058e-15
2.6263427734e+02 1.4553859028e-13 6.5537784824e-14 7.4924007031e-14 5.0767984211e-15
2.6269531250e+02 1.4326749869e-13 6.4824690124e-14 7.3374720262e-14 5.0680883084e-15
2.6275634766e+02 1.4212704241e-13 6.5264690195e-14 7.1791479472e-14 5.0708727410e-15
2.6281738281e+02 1.4304894878e-13 6.5526161772e-14 7.2502590282e-14 5.0201967235e-15
2.6287841797e+02 1.4409551128e-13 6.5050318319e-14 7.4087630748e-14 4.9575622129e-15
2.6293945312e+02 1.4440584675e-13 6.5382548364e-14 7.4026716278e-14 4.9965821118e-15
2.6300048828e+02 1.4335450944e-13 6.5497724116e-14 7.2812250481e-14 5.0445348385e-15
2.6306152344e+02 1.4357909359e-13 6.5689057646e-14 7.2808416934e-14 5.0816190125e-15
2.6312255859e+02 1.4427818349e-13 6.5963848068e-14 7.3216144835e-14 5.0981905865e-15
2.6318359375e+02 1.4487286230e-13 6.5887633606e-14 7.3927160107e-14 5.0580685904e-15
2.6324462891e+02 1.4509712830e-13 6.6373773640e-14 7.3678101281e-14 5.0452533797e-15
2.6330566406e+02 1.4430684658e-13 6.6279272191e-14 7.2943108855e-14 5.0844655371e-15
2.6336669922e+02 1.4166546918e-13 6.3842750022e-14 7.2752983248e-14 5.0697359059e-15
2.6342773438e+02 1.4282668102e-13 6.4028707490e-14 7.3697825139e-14 5.1001483901e-15
2.6348876953e+02 1.4406730755e-13 6.5161899242e-14 7.3831402535e-14 5.0740057751e-15
2.6354980469e+02 1.4463611911e-13 6.5021155976e-14 7.4579911608e-14 5.0350515276e-15
2.6361083984e+02 1.4324438973e-13 6.5184849368e-14 7.3010865301e-14 5.0486750643e-15
2.6367187500e+02 1.4322032624e-13 6.4387009689e-14 7.3783792179e-14 5.0495243701e-15
2.6373291016e+02 1.4533610282e-13 6.5388043430e-14 7.4907563393e-14 5.0404959951e-15
2.6379394531e+02 1.4588324923e-13 6.5295581134e-14 7.5515113276e-14 5.0725548252e-15
2.6385498047e+02 1.4427174118e-13 6.5849096086e-14 7.3382955701e-14 5.0396893935e-15
2.6391601562e+02 1.4405033753e-13 6.5984327237e-14 7.3005186287e-14 5.0608240028e-15
2.6397705078e+02 1.4200492047e-13 6.5207170205e-14 7.1733693819e-14 5.0640564503e-15
2.6403808594e+02 1.4313983903e-13 6.5083777210e-14 7.2989926218e-14 5.0661355971e-15
2.6409912109e+02 1.4423565573e-13 6.5200286733e-14 7.3948104192e-14 5.0872648089e-15
2.6416015625e+02 1.4313793179e-13 6.5114347231e-14 7.2970376330e-14 5.0532082325e-15
2.6422119141e+02 1.4356276260e-13 6.5216506997e-14 7.3330817209e-14 5.0154383938e-15
2.6428222656e+02 1.4317580974e-13 6.5226589875e-14 7.2945259345e-14 5.0039605221e-15
2.6434326172e+02 1.4380240073e-13 6.6458827282e-14 7.2337974053e-14 5.0055993972e-15
2.6440429688e+02 1.4368089492e-13 6.5564897328e-14 7.3063203681e-14 5.0527939128e-15
2.6446533203e+02 1.4240686990e-13 6.5204301771e-14 7.2167013963e-14 5.0355541628e-15
2.6452636719e+02 1.4169094933e-13 6.4900301004e-14 7.1770452952e-14 5.0201953779e-15
2.6458740234e+02 1.4176070893e-13 6.4140797352e-14 7.2606829315e-14 5.0130822606e-15
2.6464843750e+02 1.4215967697e-13 6.4381096551e-14 7.2749709963e-14 5.0288704580e-15
2.6470947266e+02 1.4256678405e-13 6.5405952836e-14 7.2057641727e-14 5.1031894872e-15
2.6477050781e+02 1.4335625483e-13 6.5394749706e-14 7.2928477475e-14 5.0330276502e-15
2.6483154297e+02 1.4456296402e-13 6.5987343921e-14 7.3573776440e-14 5.0018436583e-15
2.6489257812e+02 1.4284503494e-13 6.5048416795e-14 7.2765091736e-14 5.0315264065e-15
2.6495361328e+02 1.4233206463e-13 6.5059969743e-14 7.2241806523e-14 5.0302883640e-15
2.6501464844e+02 1.4267414250e-13 6.4686223063e-14 7.2988360894e-14 4.9995585399e-15
2.6507568359e+02 1.4405075263e-13 6.5422942340e-14 7.3605150457e-14 5.0226598300e-15
2.6513671875e+02 1.4346964560e-13 6.6005887176e-14 7.2407783866e-14 5.0559745615e-15
2.6519775391e+02 1.4249682496e-13 6.4824564920e-14 7.2673657335e-14 4.9986027023e-15
2.6525878906e+02 1.4155810186e-13 6.4836352247e-14 7.1666665668e-14 5.0550839414e-15
2.6531982422e+02 1.4189122700e-13 6.4440346449e-14 7.2386985407e-14 5.0638951429e-15
2.6538085938e+02 1.4191027517e-13 6.3931807953e-14 7.2914012148e-14 5.0644550693e-15
2.6544189453e+02 1.4070106573e-13 6.3232553064e-14 7.2343673597e-14 5.1248390700e-15
2.6550292969e+02 1.4151949700e-13 6.4296298013e-14 7.2144119181e-14 5.0790798075e-15
2.6556396484e+02 1.4162620213e-13 6.4202350828e-14 7.2342174270e-14 5.0816770341e-15
2.6562500000e+02 1.4251589237e-13 6.3818887184e-14 7.3637801538e-14 5.0592036480e-15
2.6568603516e+02 1.4304471343e-13 6.4764857318e-14 7.3256661928e-14 5.0231941818e-15
2.6574707031e+02 1.4184498900e-13 6.4364179199e-14 7.2487047907e-14 4.9937618929e-15
2.6580810547e+02 1.4153367732e-13 6.4109884786e-14 7.2391933368e-14 5.0318591713e-15
2.6586914062e+02 1.4168440284e-13 6.3718411696e-14 7.2914558583e-14 5.0514325633e-15
2.6593017578e+02 1.4148125242e-13 6.5129445641e-14 7.1293249947e-14 5.0585568295e-15
2.6599121094e+02 1.4046819564e-13 6.3913958408e-14 7.1504776804e-14 5.0494604257e-15
2.6605224609e+02 1.4105861771e-13 6.3496714252e-14 7.2519012316e-14 5.0428911448e-15
2.6611328125e+02 1.4245203190e-13 6.4785872023e-14 7.2622210232e-14 5.0439496462e-15
2.6617431641e+02 1.4255453966e-13 6.4283414287e-14 7.3237291215e-14 5.0338341532e-15
2.6623535156e+02 1.4034386693e-13 6.3269380222e-14 7.1995048973e-14 5.0794377353e-15
2.6629638672e+02 1.3900238841e-13 6.3206884927e-14 7.0753142021e-14 5.0423614613e-15
2.6635742188e+02 1.3850916653e-13 6.3149995765e-14 7.0303238768e-14 5.0559319995e-15
2.6641845703e+02 1.3941752167e-13 6.3574711319e-14 7.0785306068e-14 5.0575042788e-15
2.6647949219e+02 1.4063060606e-13 6.3340484507e-14 7.2241211512e-14 5.0489100387e-15
2.6654052734e+02 1.4021519591e-13 6.3494809806e-14 7.1687048092e-14 5.0333380080e-15
2.6660156250e+02 1.4200095717e-13 6.4118087007e-14 7.2814212948e-14 5.0686572165e-15
2.6666259766e+02 1.4133515186e-13 6.3280908840e-14 7.2976454496e-14 5.0777885266e-15
2.6672363281e+02 1.4032159579e-13 6.2827611082e-14 7.2480249664e-14 5.0137350417e-15
2.6678466797e+02 1.4257798725e-13 6.3120890187e-14 7.4471624813e-14 4.9854722548e-15
2.6684570312e+02 1.4228527085e-13 6.3109406248e-14 7.4149980102e-14 5.0258844960e-15
2.6690673828e+02 1.4120494809e-13 6.3730478363e-14 7.2409854569e-14 5.0646151607e-15
2.6696777344e+02 1.3923226551e-13 6.3080421928e-14 7.1087090851e-14 5.0647527303e-15
2.6702880859e+02 1.4024952976e-13 6.3503795062e-14 7.1706007174e-14 5.0397275246e-15
2.6708984375e+02 1.3997123771e-13 6.3484492032e-14 7.1410591161e-14 5.0761545178e-15
2.6715087891e+02 1.3982167703e-13 6.3154237938e-14 7.1622528564e-14 5.0449105295e-15
2.6721191406e+02 1.3922729088e-13 6.2080169615e-14 7.2190665434e-14 4.9564558356e-15
2.6727294922e+02 1.3965475196e-13 6.2256171452e-14 7.2329427842e-14 5.0691526660e-15
2.6733398438e+02 1.4082629722e-13 6.3889095266e-14 7.1864373222e-14 5.0728287274e-15
2.6739501953e+02 1.4067364588e-13 6.4261868027e-14 7.1369948325e-14 5.0418295254e-15
2.6745605469e+02 1.3909108439e-13 6.3411167866e-14 7.0662278722e-14 5.0176378011e-15
2.6751708984e+02 1.4022183272e-13 6.2920852467e-14 7.2264443232e-14 5.0365370180e-15
2.6757812500e+02 1.4125028637e-13 6.3443749469e-14 7.2801106082e-14 5.0054308186e-15
2.6763916016e+02 1.4027034265e-13 6.2888378689e-14 7.2325992463e-14 5.0559715004e-15
2.6770019531e+02 1.4031744460e-13 6.3222089446e-14 7.2023885564e-14 5.0714695887e-15
2.6776123047e+02 1.4090663138e-13 6.4130288057e-14 7.1752742650e-14 5.0236006715e-15
2.6782226562e+02 1.4017677653e-13 6.3370904017e-14 7.1849896668e-14 4.9559758458e-15
2.6788330078e+02 1.3821876400e-13 6.2557301363e-14 7.0619679224e-14 5.0417834125e-15
2.6794433594e+02 1.3797194533e-13 6.1841771500e-14 7.1106244269e-14 5.0239295652e-15
2.6800537109e+02 1.3882269382e-13 6.2392333105e-14 7.1395819778e-14 5.0345409349e-15
2.6806640625e+02 1.4011967534e-13 6.4057846726e-14 7.1060077535e-14 5.0017510769e-15
2.6812744141e+02 1.3867673375e-13 6.3458081115e-14 7.0245816288e-14 4.9728363496e-15
2.6818847656e+02 1.3747935878e-13 6.2889191743e-14 6.9619216222e-14 4.9709508145e-15
2.6824951172e+02 1.3811920150e-13 6.1800844332e-14 7.1289176949e-14 5.0291802154e-15
2.6831054688e+02 1.3863524011e-13 6.2876603738e-14 7.0737764761e-14 5.0208716061e-15
2.6837158203e+02 1.3905865290e-13 6.3502421936e-14 7.0611857645e-14 4.9443733197e-15
2.6843261719e+02 1.3770289677e-13 6.2963270963e-14 6.9785132994e-14 4.9544928142e-15
2.6849365234e+02 1.3599102777e-13 6.1727097855e-14 6.9296284315e-14 4.9676456006e-15
2.6855468750e+02 1.3631576810e-13 6.2031129125e-14 6.9297653837e-14 4.9869851374e-15
2.6861572266e+02 1.3720457913e-13 6.1338991126e-14 7.0843883658e-14 5.0217043459e-15
2.6867675781e+02 1.3812821161e-13 6.1508911119e-14 7.1636104576e-14 4.9831959136e-15
2.6873779297e+02 1.3808649848e-13 6.2422633771e-14 7.0640612617e-14 5.0232520931e-15
2.6879882812e+02 1.3842551149e-13 6.2075561054e-14 7.1298882732e-14 5.0510677073e-15
2.6885986328e+02 1.3847858659e-13 6.1944456001e-14 7.1490200889e-14 5.0439296999e-15
2.6892089844e+02 1.3856973683e-13 6.2137874728e-14 7.1440922313e-14 4.9909397852e-15
2.6898193359e+02 1.3898083927e-13 6.2645293406e-14 7.1347386316e-14 4.9881595514e-15
2.6904296875e+02 1.3789044000e-13 6.2343610586e-14 7.0558004003e-14 4.9888254059e-15
2.6910400391e+02 1.3684395876e-13 6.2180537535e-14 6.9651040539e-14 5.0123806855e-15
2.6916503906e+02 1.3763572652e-13 6.3288485708e-14 6.9306779483e-14 5.0404613274e-15
2.6922607422e+02 1.3694541686e-13 6.2694746169e-14 6.9217547398e-14 5.0331232886e-15
2.6928710938e+02 1.3679224805e-13 6.2435987254e-14 6.9322054699e-14 5.0342060932e-15
2.6934814453e+02 1.3765284024e-13 6.1583580430e-14 7.1041668428e-14 5.0275913771e-15
2.6940917969e+02 1.3841026707e-13 6.2781650584e-14 7.0639258905e-14 4.9893575839e-15
2.6947021484e+02 1.3666810067e-13 6.2522808259e-14 6.9134535339e-14 5.0107570740e-15
2.6953125000e+02 1.3716597397e-13 6.2492397771e-14 6.9688472307e-14 4.9851038890e-15
2.6959228516e+02 1.3910319076e-13 6.2210910157e-14 7.1885947738e-14 5.0063328621e-15
2.6965332031e+02 1.3717104078e-13 6.1576216374e-14 7.0553007616e-14 5.0418167886e-15
2.6971435547e+02 1.3597612617e-13 6.1162737681e-14 6.9805400253e-14 5.0079882335e-15
2.6977539062e+02 1.3771996561e-13 6.1539145659e-14 7.1189746192e-14 4.9910737590e-15
2.6983642578e+02 1.3573589212e-13 6.1464482504e-14 6.9293134105e-14 4.9782755136e-15
2.6989746094e+02 1.3648291388e-13 6.1505305688e-14 6.9977811267e-14 4.9997969248e-15
2.6995849609e+02 1.3877013735e-13 6.1998195612e-14 7.1783709396e-14 4.9882323447e-15
2.7001953125e+02 1.3893601003e-13 6.1939164453e-14 7.1991772876e-14 5.0050727033e-15
2.7008056641e+02 1.3930799733e-13 6.2840921278e-14 7.1421586112e-14 5.0454899430e-15
2.7014160156e+02 1.3792434253e-13 6.2103313629e-14 7.0837377806e-14 4.9836510916e-15
2.7020263672e+02 1.3709244919e-13 6.1250046654e-14 7.0862456547e-14 4.9799459874e-15
2.7026367188e+02 1.3792201194e-13 6.2541639690e-14 7.0308137949e-14 5.0722343061e-15
2.7032470703e+02 1.3986945031e-13 6.3952648416e-14 7.0881314003e-14 5.0354878897e-15
2.7038574219e+02 1.3979349250e-13 6.3198372260e-14 7.1613033782e-14 4.9820864624e-15
2.7044677734e+02 1.3777400082e-13 6.1738061417e-14 7.1068417842e-14 4.9675215604e-15
2.7050781250e+02 1.3662243810e-13 6.2022989773e-14 6.9603781095e-14 4.9956672289e-15
2.7056884766e+02 1.3511211047e-13 6.1725069615e-14 6.8344330907e-14 5.0427099487e-15
2.7062988281e+02 1.3535644921e-13 6.1406024841e-14 6.8963666350e-14 4.9867580141e-15
2.7069091797e+02 1.3633095757e-13 6.2477111494e-14 6.8859508041e-14 4.9943380343e-15
2.7075195312e+02 1.3456252205e-13 6.1085377621e-14 6.8507119121e-14 4.9700253072e-15
2.7081298828e+02 1.3520274956e-13 6.1235162073e-14 6.8977283189e-14 4.9903042992e-15
2.7087402344e+02 1.3512131179e-13 6.1364974112e-14 6.8762495247e-14 4.9938424275e-15
2.7093505859e+02 1.3435838305e-13 6.1306616496e-14 6.8078895006e-14 4.9728715526e-15
2.7099609375e+02 1.3567833771e-13 6.1829765346e-14 6.8887704691e-14 4.9608676775e-15
2.7105712891e+02 1.3797641331e-13 6.2367702304e-14 7.0667335637e-14 4.9413753675e-15
2.7111816406e+02 1.3678138878e-13 6.1473457807e-14 7.0292524331e-14 5.0154066444e-15
2.7117919922e+02 1.3541381705e-13 6.1643392174e-14 6.8783024381e-14 4.9874004963e-15
2.7124023438e+02 1.3547509874e-13 6.0869732243e-14 6.9700763788e-14 4.9046027085e-15
2.7130126953e+02 1.3512145434e-13 6.0522316017e-14 6.9683076212e-14 4.9160621140e-15
2.7136230469e+02 1.3582012322e-13 6.1049086377e-14 6.9806343781e-14 4.9646930620e-15
2.7142333984e+02 1.3680425123e-13 6.2227141515e-14 6.9561605337e-14 5.0155043823e-15
2.7148437500e+02 1.3537176999e-13 6.1704508602e-14 6.8623426805e-14 5.0438345831e-15
2.7154541016e+02 1.3535883118e-13 6.1889987415e-14 6.8514844598e-14 4.9539991713e-15
2.7160644531e+02 1.3625998903e-13 6.1623305258e-14 6.9623243712e-14 5.0134400642e-15
2.7166748047e+02 1.3652255039e-13 6.2347729608e-14 6.9129627378e-14 5.0451934014e-15
2.7172851562e+02 1.3790009467e-13 6.3133037074e-14 6.9761009068e-14 5.0060485289e-15
2.7178955078e+02 1.3562957046e-13 6.1679186206e-14 6.8969622516e-14 4.9807617403e-15
2.7185058594e+02 1.3363836796e-13 6.0803469856e-14 6.7875284741e-14 4.9596133609e-15
2.7191162109e+02 1.3412525988e-13 6.0842658721e-14 6.8335417488e-14 4.9471836752e-15
2.7197265625e+02 1.3513426086e-13 6.1346414746e-14 6.8795135374e-14 4.9927107385e-15
2.7203369141e+02 1.3576529610e-13 6.1703376087e-14 6.9103975250e-14 4.9579447622e-15
2.7209472656e+02 1.3661226950e-13 6.1768081468e-14 6.9823121509e-14 5.0210665247e-15
2.7215576172e+02 1.3393350932e-13 6.1314869254e-14 6.7652891795e-14 4.9657482696e-15
2.7221679688e+02 1.3494935410e-13 6.1155661330e-14 6.8826357445e-14 4.9673353261e-15
2.7227783203e+02 1.3502353524e-13 6.1039535672e-14 6.9014866545e-14 4.9691330188e-15
2.7233886719e+02 1.3591743578e-13 6.0973800944e-14 7.0009903901e-14 4.9337309366e-15
2.7239990234e+02 1.3828921891e-13 6.2301216135e-14 7.1028351101e-14 4.9596516720e-15
2.7246093750e+02 1.3577602910e-13 6.1037439897e-14 6.9775388692e-14 4.9632005143e-15
2.7252197266e+02 1.3547335444e-13 6.1205751900e-14 6.9270735374e-14 4.9968671643e-15
2.7258300781e+02 1.3397896533e-13 6.1491665529e-14 6.7516391021e-14 4.9709087780e-15
2.7264404297e+02 1.3522753886e-13 6.1896597944e-14 6.8362634098e-14 4.9683068203e-15
2.7270507812e+02 1.3484041196e-13 6.1680107649e-14 6.8207342694e-14 4.9529616139e-15
2.7276611328e+02 1.3414425478e-13 6.1365611067e-14 6.7776275202e-14 5.0023685138e-15
2.7282714844e+02 1.3553310537e-13 6.1007656531e-14 6.9514864758e-14 5.0105840758e-15
2.7288818359e+02 1.3390385029e-13 5.9714837978e-14 6.9245525899e-14 4.9434864120e-15
2.7294921875e+02 1.3487938919e-13 6.0536310404e-14 6.9412402962e-14 4.9306758255e-15
2.7301025391e+02 1.3494074894e-13 6.0990995570e-14 6.9019824644e-14 4.9299287258e-15
2.7307128906e+02 1.3401824837e-13 6.1097071500e-14 6.7947068226e-14 4.9741086427e-15
2.7313232422e+02 1.3208576725e-13 5.9674515193e-14 6.7452149183e-14 4.9591028729e-15
2.7319335938e+02 1.3287465992e-13 6.0354757333e-14 6.7562709277e-14 4.9571933100e-15
2.7325439453e+02 1.3393554740e-13 6.0551933528e-14 6.8400585887e-14 4.9830279892e-15
2.7331542969e+02 1.3326007390e-13 5.9477864838e-14 6.8803948154e-14 4.9782609053e-15
2.7337646484e+02 1.3517233264e-13 6.0630839789e-14 6.9574719301e-14 4.9667735538e-15
2.7343750000e+02 1.3727148485e-13 6.1988945918e-14 7.0310932627e-14 4.9716063053e-15
2.7349853516e+02 1.3532560906e-13 6.0755582769e-14 6.9553989755e-14 5.0160365356e-15
2.7355957031e+02 1.3255698353e-13 5.9863009848e-14 6.7695472601e-14 4.9985010837e-15
2.7362060547e+02 1.3311687294e-13 6.0066242534e-14 6.8045637724e-14 5.0049926853e-15
2.7368164062e+02 1.3381660181e-13 6.0213947060e-14 6.8596668185e-14 5.0059865681e-15
2.7374267578e+02 1.3438770334e-13 6.0882951446e-14 6.8526788693e-14 4.9779631999e-15
2.7380371094e+02 1.3529574523e-13 6.1434375676e-14 6.8820031518e-14 5.0413380366e-15
2.7386474609e+02 1.3481800559e-13 6.1075694281e-14 6.8679009527e-14 5.0633017770e-15
2.7392578125e+02 1.3290141429e-13 5.9404213478e-14 6.8512001569e-14 4.9851992398e-15
2.7398681641e+02 1.3237943477e-13 5.9557299045e-14 6.7893029145e-14 4.9291065826e-15
2.7404785156e+02 1.3265000985e-13 6.0703537914e-14 6.6981047013e-14 4.9654249251e-15
2.7410888672e+02 1.3166621947e-13 6.0302275208e-14 6.6406373335e-14 4.9575709298e-15
2.7416992188e+02 1.3247560872e-13 6.0233863704e-14 6.7269210825e-14 4.9725341860e-15
2.7423095703e+02 1.3286874600e-13 6.0751518914e-14 6.7156466262e-14 4.9607608227e-15
2.7429199219e+02 1.3246703519e-13 6.0630778045e-14 6.6879286251e-14 4.9569708966e-15
2.7435302734e+02 1.3302569098e-13 6.1118837088e-14 6.6923634972e-14 4.9832189177e-15
2.7441406250e+02 1.3191029140e-13 6.0468749574e-14 6.6443880748e-14 4.9976610787e-15
2.7447509766e+02 1.3335891939e-13 6.0681624158e-14 6.7728830486e-14 4.9484647432e-15
2.7453613281e+02 1.3351817549e-13 6.0008707469e-14 6.8548609088e-14 4.9608589315e-15
2.7459716797e+02 1.3254605963e-13 5.9426734477e-14 6.8181587279e-14 4.9377378784e-15
2.7465820312e+02 1.3336105332e-13 5.9468852765e-14 6.8974924966e-14 4.9172755878e-15
2.7471923828e+02 1.3351300069e-13 6.0192258871e-14 6.8363176574e-14 4.9575652493e-15
2.7478027344e+02 1.3417563245e-13 6.1381064241e-14 6.7832357153e-14 4.9622110604e-15
2.7484130859e+02 1.3306783151e-13 6.0531374315e-14 6.7561856808e-14 4.9746003832e-15
2.7490234375e+02 1.3394128239e-13 6.1021685872e-14 6.7946096390e-14 4.9735001252e-15
2.7496337891e+02 1.3230769246e-13 6.0705668776e-14 6.6654579586e-14 4.9474440926e-15
2.7502441406e+02 1.3193505560e-13 5.9845550943e-14 6.7092222127e-14 4.9972825323e-15
2.7508544922e+02 1.3176873187e-13 5.8983605921e-14 6.7791003333e-14 4.9941226194e-15
2.7514648438e+02 1.3279234200e-13 5.9698592728e-14 6.8131406162e-14 4.9623431088e-15
2.7520751953e+02 1.3229723752e-13 5.9664768781e-14 6.7656844918e-14 4.9756238258e-15
2.7526855469e+02 1.3284849052e-13 6.0459570557e-14 6.7418263649e-14 4.9706563179e-15
2.7532958984e+02 1.3336719075e-13 6.1250635384e-14 6.7126079986e-14 4.9904753758e-15
2.7539062500e+02 1.3265854137e-13 6.0025106839e-14 6.7669571767e-14 4.9638627607e-15
2.7545166016e+02 1.3255815638e-13 5.9762467232e-14 6.7842025907e-14 4.9536632434e-15
2.7551269531e+02 1.3324366874e-13 5.9876081947e-14 6.8476464847e-14 4.8911219407e-15
2.7557373047e+02 1.3171586562e-13 5.9261444873e-14 6.7545188122e-14 4.9092326217e-15
2.7563476562e+02 1.3039482129e-13 5.9050166917e-14 6.6409282152e-14 4.9353722234e-15
2.7569580078e+02 1.3079781083e-13 5.8606936923e-14 6.7230704949e-14 4.9601689546e-15
2.7575683594e+02 1.3300010652e-13 5.9437450823e-14 6.8591839115e-14 4.9708165842e-15
2.7581787109e+02 1.3291256016e-13 5.9603265239e-14 6.8337710700e-14 4.9715842165e-15
2.7587890625e+02 1.3114099869e-13 5.9548042160e-14 6.6665034168e-14 4.9279223575e-15
2.7593994141e+02 1.3046043981e-13 5.9331234973e-14 6.6226103879e-14 4.9031009608e-15
2.7600097656e+02 1.3074515694e-13 5.9684238197e-14 6.6144143328e-14 4.9167754131e-15
2.7606201172e+02 1.3182792788e-13 6.0660451109e-14 6.6219441190e-14 4.9480355814e-15
2.7612304688e+02 1.3206272677e-13 5.9867523878e-14 6.7244795945e-14 4.9504069438e-15
2.7618408203e+02 1.3199851965e-13 5.9712213662e-14 6.7353869398e-14 4.9324365901e-15
2.7624511719e+02 1.3240009222e-13 6.0324005323e-14 6.7110826320e-14 4.9652605802e-15
2.7630615234e+02 1.3229847910e-13 6.0170348300e-14 6.7201737283e-14 4.9263935177e-15
2.7636718750e+02 1.3228324971e-13 6.0444766397e-14 6.6893564033e-14 4.9449192796e-15
2.7642822266e+02 1.3327705459e-13 6.0905730119e-14 6.7412548005e-14 4.9587764633e-15
2.7648925781e+02 1.3045675912e-13 5.9385754422e-14 6.6139605092e-14 4.9313996061e-15
2.7655029297e+02 1.3119754398e-13 5.9136328105e-14 6.7142074633e-14 4.9191412411e-15
2.7661132812e+02 1.3199787010e-13 5.9797720857e-14 6.7264978715e-14 4.9351705317e-15
2.7667236328e+02 1.3186385495e-13 5.9985672170e-14 6.6857104366e-14 5.0210784118e-15
2.7673339844e+02 1.3054304164e-13 5.9864654251e-14 6.5687426329e-14 4.9909610580e-15
2.7679443359e+02 1.3115222543e-13 6.0439251430e-14 6.5737606224e-14 4.9753677802e-15
2.7685546875e+02 1.3106854729e-13 5.9766414639e-14 6.6328131537e-14 4.9740011165e-15
2.7691650391e+02 1.3098094076e-13 6.0470772393e-14 6.5532981816e-14 4.9771865503e-15
2.7697753906e+02 1.3001505425e-13 5.9199074360e-14 6.5889841028e-14 4.9261388630e-15
2.7703857422e+02 1.2914964414e-13 5.8455291016e-14 6.5723097945e-14 4.9712551825e-15
2.7709960938e+02 1.3019264770e-13 5.9126023682e-14 6.6083137125e-14 4.9834868975e-15
2.7716064453e+02 1.3249781450e-13 5.9890379166e-14 6.7660421022e-14 4.9470143151e-15
2.7722167969e+02 1.3046754862e-13 5.8757305415e-14 6.6817141337e-14 4.8931018640e-15
2.7728271484e+02 1.3118262533e-13 5.8947527695e-14 6.7339113351e-14 4.8959842849e-15
2.7734375000e+02 1.3094615810e-13 5.9553924598e-14 6.6467016118e-14 4.9252173878e-15
2.7740478516e+02 1.2933446105e-13 5.9055819923e-14 6.5309898173e-14 4.9687429518e-15
2.7746582031e+02 1.3046793610e-13 5.8864502021e-14 6.6676612667e-14 4.9268214146e-15
2.7752685547e+02 1.3091001514e-13 5.9015292801e-14 6.6970981423e-14 4.9237409156e-15
2.7758789062e+02 1.3146755050e-13 6.0010267911e-14 6.6533107783e-14 4.9241748087e-15
2.7764892578e+02 1.3211711572e-13 5.9727870749e-14 6.7438099027e-14 4.9511459483e-15
2.7770996094e+02 1.3074719458e-13 5.8531606735e-14 6.7244237192e-14 4.9713506539e-15
2.7777099609e+02 1.3130574115e-13 5.9167195291e-14 6.7184658203e-14 4.9538876585e-15
2.7783203125e+02 1.2974571675e-13 5.9391248789e-14 6.5393053989e-14 4.9614139680e-15
2.7789306641e+02 1.2780866907e-13 5.8247695048e-14 6.4582086688e-14 4.9788873370e-15
2.7795410156e+02 1.2825538966e-13 5.7744645984e-14 6.5540556930e-14 4.9701867445e-15
2.7801513672e+02 1.2932017538e-13 5.7829738515e-14 6.6557220061e-14 4.9332168033e-15
2.7807617188e+02 1.2921672229e-13 5.8395925737e-14 6.5899073051e-14 4.9217235067e-15
2.7813720703e+02 1.2983251992e-13 5.8823122041e-14 6.6026950538e-14 4.9824473400e-15
2.7819824219e+02 1.2817185266e-13 5.8281928804e-14 6.4914851978e-14 4.9750718732e-15
2.7825927734e+02 1.2918549257e-13 5.8145839843e-14 6.6066194626e-14 4.9734581002e-15
2.7832031250e+02 1.3059568404e-13 5.8037024959e-14 6.7614809412e-14 4.9438496718e-15
2.7838134766e+02 1.3181643529e-13 5.9089924610e-14 6.7746794950e-14 4.9797157340e-15
2.7844238281e+02 1.3101966425e-13 5.9751419332e-14 6.6310941956e-14 4.9573029636e-15
2.7850341797e+02 1.3139969656e-13 5.9905080054e-14 6.6529876471e-14 4.9647400392e-15
2.7856445312e+02 1.2905195642e-13 5.8087266922e-14 6.5950024343e-14 5.0146651520e-15
2.7862548828e+02 1.2762032242e-13 5.7321767827e-14 6.5341896525e-14 4.9566580644e-15
2.7868652344e+02 1.2822867058e-13 5.8700254894e-14 6.4614166383e-14 4.9142493009e-15
2.7874755859e+02 1.2961661554e-13 5.9863367813e-14 6.4840068712e-14 4.9131790157e-15
2.7880859375e+02 1.2976387862e-13 5.9403339515e-14 6.5403611539e-14 4.9569275642e-15
2.7886962891e+02 1.2945411513e-13 5.8946235558e-14 6.5563937665e-14 4.9439419058e-15
2.7893066406e+02 1.2914902884e-13 5.9402206005e-14 6.4817645856e-14 4.9291769770e-15
2.7899169922e+02 1.2917431928e-13 5.8247723817e-14 6.6015782494e-14 4.9108129659e-15
2.7905273438e+02 1.2802767317e-13 5.7662984767e-14 6.5403436937e-14 4.9612514607e-15
2.7911376953e+02 1.2708180556e-13 5.7375325530e-14 6.4727425413e-14 4.9790546133e-15
2.7917480469e+02 1.2811528875e-13 5.7944959745e-14 6.5225434282e-14 4.9448947203e-15
2.7923583984e+02 1.2814732867e-13 5.8338459064e-14 6.4868430141e-14 4.9404394683e-15
2.7929687500e+02 1.3000910756e-13 5.9191756460e-14 6.5870027444e-14 4.9473236571e-15
2.7935791016e+02 1.2801587005e-13 5.8403236545e-14 6.4721094358e-14 4.8915391457e-15
2.7941894531e+02 1.2738965858e-13 5.7699731539e-14 6.4811643175e-14 4.8782838624e-15
2.7947998047e+02 1.2935371019e-13 5.8915615974e-14 6.5563531768e-14 4.8745624438e-15
2.7954101562e+02 1.3019086645e-13 5.8946526345e-14 6.6381398925e-14 4.8629411809e-15
2.7960205078e+02 1.2848910691e-13 5.8096187435e-14 6.5502478055e-14 4.8904414217e-15
2.7966308594e+02 1.2788383312e-13 5.8121806224e-14 6.4798085575e-14 4.9639413171e-15
2.7972412109e+02 1.2615303070e-13 5.5811439300e-14 6.5353997971e-14 4.9875934277e-15
2.7978515625e+02 1.2479787383e-13 5.5717867239e-14 6.4134724944e-14 4.9452816463e-15
2.7984619141e+02 1.2828619235e-13 5.7753470922e-14 6.5573146540e-14 4.9595748869e-15
2.7990722656e+02 1.2883843423e-13 5.8460115761e-14 6.5398899034e-14 4.9794194369e-15
2.7996826172e+02 1.2698237613e-13 5.7764713437e-14 6.4257985329e-14 4.9596773672e-15
2.8002929688e+02 1.2866828628e-13 5.8802758870e-14 6.4970380469e-14 4.8951469365e-15
2.8009033203e+02 1.2717032908e-13 5.8615418662e-14 6.3677336176e-14 4.8775742453e-15
2.8015136719e+02 1.2638820363e-13 5.8363050329e-14 6.3084220564e-14 4.9409327355e-15
2.8021240234e+02 1.2785112137e-13 5.8558313088e-14 6.4382412403e-14 4.9103958774e-15
2.8027343750e+02 1.2781400522e-13 5.7993028039e-14 6.4998634676e-14 4.8223425077e-15
2.8033447266e+02 1.2678898415e-13 5.6861738302e-14 6.5027774793e-14 4.8994710534e-15
2.8039550781e+02 1.2738772621e-13 5.8074612930e-14 6.4328820380e-14 4.9842928962e-15
2.8045654297e+02 1.2683295336e-13 5.7366490822e-14 6.4515321744e-14 4.9511407902e-15
2.8051757812e+02 1.2736260583e-13 5.7267803441e-14 6.5163338065e-14 4.9314643240e-15
2.8057861328e+02 1.2855903137e-13 5.7832580759e-14 6.5856984318e-14 4.8694662951e-15
2.8063964844e+02 1.2743114153e-13 5.7685646627e-14 6.4823954148e-14 4.9215407548e-15
2.8070068359e+02 1.2608088739e-13 5.7230050893e-14 6.3884875050e-14 4.9659614507e-15
2.8076171875e+02 1.2782274810e-13 5.8165413958e-14 6.4719447914e-14 4.9378862257e-15
2.8082275391e+02 1.2586959846e-13 5.6603908721e-14 6.4369990589e-14 4.8956991469e-15
2.8088378906e+02 1.2679163075e-13 5.7015022920e-14 6.4877208205e-14 4.8993996228e-15
2.8094482422e+02 1.2790552442e-13 5.8171038885e-14 6.4794676247e-14 4.9398092869e-15
2.8100585938e+02 1.2815698910e-13 5.8435479923e-14 6.4798140015e-14 4.9233691580e-15
2.8106689453e+02 1.2746867432e-13 5.7917791014e-14 6.4629948716e-14 4.9209345889e-15
2.8112792969e+02 1.2678552237e-13 5.6713123567e-14 6.5158269783e-14 4.9141290152e-15
2.8118896484e+02 1.2746706827e-13 5.6826736026e-14 6.5745067225e-14 4.8952650162e-15
2.8125000000e+02 1.2741880069e-13 5.7385303289e-14 6.5131903428e-14 4.9015939701e-15
2.8131103516e+02 1.2761966547e-13 5.7706811893e-14 6.4996094506e-14 4.9167590672e-15
2.8137207031e+02 1.2806972179e-13 5.8045325732e-14 6.5156744831e-14 4.8676512293e-15
2.8143310547e+02 1.2674104646e-13 5.7362133707e-14 6.4454075961e-14 4.9248367910e-15
2.8149414062e+02 1.2680784097e-13 5.7588181293e-14 6.4309319506e-14 4.9103401754e-15
2.8155517578e+02 1.2665207340e-13 5.7569050636e-14 6.4156347617e-14 4.9266751451e-15
2.8161621094e+02 1.2781666995e-13 5.7849650214e-14 6.5039691280e-14 4.9273284536e-15
2.8167724609e+02 1.2622640444e-13 5.7084155921e-14 6.4232474241e-14 4.9097742803e-15
2.8173828125e+02 1.2415070187e-13 5.6451731926e-14 6.2781695551e-14 4.9172743895e-15
2.8179931641e+02 1.2571814811e-13 5.6397230396e-14 6.4396757660e-14 4.9241600542e-15
2.8186035156e+02 1.2829222536e-13 5.8390042011e-14 6.5017836473e-14 4.8843468734e-15
2.8192138672e+02 1.2758262853e-13 5.8089582576e-14 6.4529136386e-14 4.9639095717e-15
2.8198242188e+02 1.2611416046e-13 5.7128006793e-14 6.4069054441e-14 4.9170992244e-15
2.8204345703e+02 1.2644816730e-13 5.7157596617e-14 6.4391849137e-14 4.8987215425e-15
2.8210449219e+02 1.2692877224e-13 5.7153470366e-14 6.4818289216e-14 4.9570126544e-15
2.8216552734e+02 1.2554131911e-13 5.6539207778e-14 6.3984186126e-14 5.0179252092e-15
2.8222656250e+02 1.2433354039e-13 5.6248294230e-14 6.3119751141e-14 4.9654950212e-15
2.8228759766e+02 1.2594824141e-13 5.7046539895e-14 6.3981443188e-14 4.9202583302e-15
2.8234863281e+02 1.2501970625e-13 5.6130685777e-14 6.3983460544e-14 4.9055599288e-15
2.8240966797e+02 1.2580891884e-13 5.6553476043e-14 6.4400192678e-14 4.8552501174e-15
2.8247070312e+02 1.2619693233e-13 5.6825752696e-14 6.4508442537e-14 4.8627370953e-15
2.8253173828e+02 1.2322761687e-13 5.5538970158e-14 6.2824004020e-14 4.8646426893e-15
2.8259277344e+02 1.2390942134e-13 5.6192118424e-14 6.2837315122e-14 4.8799877971e-15
2.8265380859e+02 1.2561966908e-13 5.7134155985e-14 6.3591770080e-14 4.8937430150e-15
2.8271484375e+02 1.2610393237e-13 5.7128988865e-14 6.4030351238e-14 4.9445922712e-15
2.8277587891e+02 1.2547990855e-13 5.5933814917e-14 6.4604527525e-14 4.9415661040e-15
2.8283691406e+02 1.2501420550e-13 5.6432570399e-14 6.3642111290e-14 4.9395238097e-15
2.8289794922e+02 1.2612477480e-13 5.7221086606e-14 6.3964616148e-14 4.9390720457e-15
2.8295898438e+02 1.2591264543e-13 5.7490726291e-14 6.3518834620e-14 4.9030845169e-15
2.8302001953e+02 1.2419315764e-13 5.6472867394e-14 6.2834774458e-14 4.8855157911e-15
2.8308105469e+02 1.2466451012e-13 5.6602405908e-14 6.3171611615e-14 4.8904925965e-15
2.8314208984e+02 1.2461253092e-13 5.6597943470e-14 6.3100706427e-14 4.9138810199e-15
2.8320312500e+02 1.2458797422e-13 5.6936135112e-14 6.2733929637e-14 4.9179094750e-15
2.8326416016e+02 1.2532122944e-13 5.6779095252e-14 6.3640665425e-14 4.9014687618e-15
2.8332519531e+02 1.2485122733e-13 5.5994750192e-14 6.3927488698e-14 4.9289884375e-15
2.8338623047e+02 1.2334753316e-13 5.5122298835e-14 6.3306844250e-14 4.9183900786e-15
2.8344726562e+02 1.2446780245e-13 5.6053744728e-14 6.3464433721e-14 4.9496239971e-15
2.8350830078e+02 1.2378366512e-13 5.5600288388e-14 6.3270337348e-14 4.9130393879e-15
2.8356933594e+02 1.2461607715e-13 5.5320516862e-14 6.4377147147e-14 4.9184131446e-15
2.8363037109e+02 1.2360585904e-13 5.5488097149e-14 6.3194586406e-14 4.9231754832e-15
2.8369140625e+02 1.2436710672e-13 5.6050755342e-14 6.3379515600e-14 4.9368357809e-15
2.8375244141e+02 1.2358244778e-13 5.6244574672e-14 6.2426602941e-14 4.9112701687e-15
2.8381347656e+02 1.2486061264e-13 5.6542096040e-14 6.3424305489e-14 4.8942111106e-15
2.8387451172e+02 1.2484724349e-13 5.6159704955e-14 6.3774326686e-14 4.9132118535e-15
2.8393554688e+02 1.2465351025e-13 5.5872280728e-14 6.3874243857e-14 4.9069856664e-15
2.8399658203e+02 1.2275035802e-13 5.6393028444e-14 6.1382338618e-14 4.9749909550e-15
2.8405761719e+02 1.2363741775e-13 5.5850865872e-14 6.2802720950e-14 4.9838309238e-15
2.8411865234e+02 1.2572156830e-13 5.5967255523e-14 6.4815266047e-14 4.9390467306e-15
2.8417968750e+02 1.2445390408e-13 5.5985495919e-14 6.3565462050e-14 4.9029461113e-15
2.8424072266e+02 1.2247756680e-13 5.5248482821e-14 6.2323440994e-14 4.9056429864e-15
2.8430175781e+02 1.2444102324e-13 5.5367154984e-14 6.4188917443e-14 4.8849508089e-15
2.8436279297e+02 1.2515581843e-13 5.5827575511e-14 6.4449278113e-14 4.8789648015e-15
2.8442382812e+02 1.2572674621e-13 5.6379336008e-14 6.4477441431e-14 4.8699687672e-15
2.8448486328e+02 1.2537664761e-13 5.6834443419e-14 6.3634108641e-14 4.9080955515e-15
2.8454589844e+02 1.2373789711e-13 5.6666346399e-14 6.2205326188e-14 4.8662245236e-15
2.8460693359e+02 1.2357399463e-13 5.6046046512e-14 6.2647216815e-14 4.8807313038e-15
2.8466796875e+02 1.2465468440e-13 5.7216177270e-14 6.2560720919e-14 4.8777862138e-15
2.8472900391e+02 1.2345604618e-13 5.6220068671e-14 6.2381019985e-14 4.8549575215e-15
2.8479003906e+02 1.2417720565e-13 5.6423509924e-14 6.2890412926e-14 4.8632827996e-15
2.8485107422e+02 1.2439229881e-13 5.6325156354e-14 6.3167396322e-14 4.8997461384e-15
2.8491210938e+02 1.2339553317e-13 5.5521697013e-14 6.2939102107e-14 4.9347340513e-15
2.8497314453e+02 1.2399904499e-13 5.5478106885e-14 6.3612779946e-14 4.9081581586e-15
2.8503417969e+02 1.2421687491e-13 5.6231511026e-14 6.3104565314e-14 4.8807985726e-15
2.8509521484e+02 1.2353364496e-13 5.5962363909e-14 6.2697263138e-14 4.8740179093e-15
2.8515625000e+02 1.2301148767e-13 5.5494932077e-14 6.2636316363e-14 4.8802392272e-15
2.8521728516e+02 1.2346782438e-13 5.5227343357e-14 6.3295735492e-14 4.9447455273e-15
2.8527832031e+02 1.2197165382e-13 5.4985737155e-14 6.2037688903e-14 4.9482277605e-15
2.8533935547e+02 1.2321920330e-13 5.6549373781e-14 6.1782798003e-14 4.8870315198e-15
2.8540039062e+02 1.2465965574e-13 5.6783861390e-14 6.2969505415e-14 4.9062889377e-15
2.8546142578e+02 1.2432161674e-13 5.6369556448e-14 6.3025762136e-14 4.9262981605e-15
2.8552246094e+02 1.2308461009e-13 5.5945414703e-14 6.2223585566e-14 4.9156098224e-15
2.8558349609e+02 1.2292451836e-13 5.5579911631e-14 6.2388359400e-14 4.9562473285e-15
2.8564453125e+02 1.2326861567e-13 5.5314832837e-14 6.3052869795e-14 4.9009130387e-15
2.8570556641e+02 1.2426622466e-13 5.6892282902e-14 6.2479844616e-14 4.8940971392e-15
2.8576660156e+02 1.2377642004e-13 5.6367252466e-14 6.2520968727e-14 4.8881988474e-15
2.8582763672e+02 1.2385298967e-13 5.6017090878e-14 6.2938774949e-14 4.8971238414e-15
2.8588867188e+02 1.2502423507e-13 5.6930610410e-14 6.3207623006e-14 4.8860016572e-15
2.8594970703e+02 1.2344715699e-13 5.6581286768e-14 6.1979539409e-14 4.8863308117e-15
2.8601074219e+02 1.2350277053e-13 5.6080349928e-14 6.2499937886e-14 4.9224827184e-15
2.8607177734e+02 1.2471941059e-13 5.6194700912e-14 6.3602628866e-14 4.9220808069e-15
2.8613281250e+02 1.2540378250e-13 5.6775025991e-14 6.3739600437e-14 4.8891560706e-15
2.8619384766e+02 1.2390166821e-13 5.6458504590e-14 6.2533927349e-14 4.9092362757e-15
2.8625488281e+02 1.2378164405e-13 5.6405235081e-14 6.2487095721e-14 4.8893132476e-15
2.8631591797e+02 1.2275261813e-13 5.5499205527e-14 6.2356552162e-14 4.8968604385e-15
2.8637695312e+02 1.2237534479e-13 5.5246156831e-14 6.2200819937e-14 4.9283680251e-15
2.8643798828e+02 1.2161881247e-13 5.5524273170e-14 6.1177776280e-14 4.9167630207e-15
2.8649902344e+02 1.2273841941e-13 5.5979878090e-14 6.1874449368e-14 4.8840919527e-15
2.8656005859e+02 1.2277768081e-13 5.5102118133e-14 6.2792222916e-14 4.8833397604e-15
2.8662109375e+02 1.2306523958e-13 5.5197781012e-14 6.2934230348e-14 4.9332282184e-15
2.8668212891e+02 1.2245807052e-13 5.5880444849e-14 6.1700878310e-14 4.8767473616e-15
2.8674316406e+02 1.2274531851e-13 5.5392783706e-14 6.2512729644e-14 4.8398051603e-15
2.8680419922e+02 1.2313805745e-13 5.5517561446e-14 6.2725710696e-14 4.8947853088e-15
2.8686523438e+02 1.2207455912e-13 5.4757396551e-14 6.2398389287e-14 4.9187732801e-15
2.8692626953e+02 1.2221951201e-13 5.5177693679e-14 6.2144688123e-14 4.8971302041e-15
2.8698730469e+02 1.2194236764e-13 5.5452807891e-14 6.1607576663e-14 4.8819830828e-15
2.8704833984e+02 1.2188374797e-13 5.5671763747e-14 6.1310647623e-14 4.9013365973e-15
2.8710937500e+02 1.2023000753e-13 5.4105368365e-14 6.1197654424e-14 4.9269847398e-15
2.8717041016e+02 1.2083266270e-13 5.4191386725e-14 6.1728724414e-14 4.9125515585e-15
2.8723144531e+02 1.2199246786e-13 5.4469354476e-14 6.2653896143e-14 4.8692172438e-15
2.8729248047e+02 1.2208455715e-13 5.5063697158e-14 6.2085626856e-14 4.9352331337e-15
2.8735351562e+02 1.2300351408e-13 5.5882943385e-14 6.2184602113e-14 4.9359685775e-15
2.8741455078e+02 1.2246434769e-13 5.5691326978e-14 6.1865243056e-14 4.9077776589e-15
2.8747558594e+02 1.2239066605e-13 5.5267548708e-14 6.2236825503e-14 4.8862918350e-15
2.8753662109e+02 1.2357690763e-13 5.5060316198e-14 6.3624366639e-14 4.8922247894e-15
2.8759765625e+02 1.2385200688e-13 5.6378831738e-14 6.2557778100e-14 4.9153970460e-15
2.8765869141e+02 1.2142886865e-13 5.5477057048e-14 6.1012957346e-14 4.9388542570e-15
2.8771972656e+02 1.2236717549e-13 5.5322238866e-14 6.2143498379e-14 4.9014382475e-15
2.8778076172e+02 1.2279276874e-13 5.5030290765e-14 6.2856450281e-14 4.9060276953e-15
2.8784179688e+02 1.2098043365e-13 5.4312175529e-14 6.1763225075e-14 4.9050330428e-15
2.8790283203e+02 1.1981302198e-13 5.3944670025e-14 6.0971587643e-14 4.8967643152e-15
2.8796386719e+02 1.2103419455e-13 5.5112630209e-14 6.0984128992e-14 4.9374353463e-15
2.8802490234e+02 1.2096097769e-13 5.4630785851e-14 6.1439352366e-14 4.8908394706e-15
2.8808593750e+02 1.2041264093e-13 5.4255621263e-14 6.1293473162e-14 4.8635465092e-15
2.8814697266e+02 1.2012309781e-13 5.4300993973e-14 6.0941585392e-14 4.8805184429e-15
2.8820800781e+02 1.2189202369e-13 5.5506932874e-14 6.1548385331e-14 4.8367054824e-15
2.8826904297e+02 1.2214280391e-13 5.5419502918e-14 6.1873656358e-14 4.8496446331e-15
2.8833007812e+02 1.2132630618e-13 5.4929429788e-14 6.1500460216e-14 4.8964161795e-15
2.8839111328e+02 1.2103196589e-13 5.4988871795e-14 6.1143035459e-14 4.9000586325e-15
2.8845214844e+02 1.2188777397e-13 5.5586599011e-14 6.1416566611e-14 4.8846083479e-15
2.8851318359e+02 1.2073240964e-13 5.5116766035e-14 6.0787533551e-14 4.8281100534e-15
2.8857421875e+02 1.2031108806e-13 5.4264760202e-14 6.1207821918e-14 4.8385059400e-15
2.8863525391e+02 1.2102711608e-13 5.4503349680e-14 6.1672779467e-14 4.8509869303e-15
2.8869628906e+02 1.2099568015e-13 5.4675946015e-14 6.1424441832e-14 4.8952922988e-15
2.8875732422e+02 1.2058406592e-13 5.4500963663e-14 6.1142957787e-14 4.9401444746e-15
2.8881835938e+02 1.2108838384e-13 5.4306462915e-14 6.1892332667e-14 4.8895882580e-15
2.8887939453e+02 1.2002167515e-13 5.4268028461e-14 6.0888195851e-14 4.8654508346e-15
2.8894042969e+02 1.2048611443e-13 5.5049860686e-14 6.0597065764e-14 4.8391879808e-15
2.8900146484e+02 1.1923071557e-13 5.4743414334e-14 5.9624175898e-14 4.8631253420e-15
2.8906250000e+02 1.1870288471e-13 5.5048173155e-14 5.8799254425e-14 4.8554571286e-15
2.8912353516e+02 1.1981981759e-13 5.4813791487e-14 6.0130233538e-14 4.8757925666e-15
2.8918457031e+02 1.1971090154e-13 5.4454351133e-14 6.0349875551e-14 4.9066748578e-15
2.8924560547e+02 1.1856959256e-13 5.4279271987e-14 5.9409665536e-14 4.8806550398e-15
2.8930664062e+02 1.2136168710e-13 5.4708508130e-14 6.1768329700e-14 4.8848492701e-15
2.8936767578e+02 1.2166479040e-13 5.4667529457e-14 6.2110655745e-14 4.8866051942e-15
2.8942871094e+02 1.2176508442e-13 5.5119989585e-14 6.1788078539e-14 4.8570162924e-15
2.8948974609e+02 1.1970504762e-13 5.3915201612e-14 6.0927180905e-14 4.8626651015e-15
2.8955078125e+02 1.1755793584e-13 5.3191135496e-14 5.9496474251e-14 4.8703260903e-15
2.8961181641e+02 1.2035400635e-13 5.3779857227e-14 6.1708335413e-14 4.8658137111e-15
2.8967285156e+02 1.1969204809e-13 5.3542802956e-14 6.1300412172e-14 4.8488329616e-15
2.8973388672e+02 1.1782181277e-13 5.2914302689e-14 6.0037925943e-14 4.8695841369e-15
2.8979492188e+02 1.1863099290e-13 5.3009177731e-14 6.0756157538e-14 4.8656576364e-15
2.8985595703e+02 1.1972932256e-13 5.4333813979e-14 6.0522352709e-14 4.8731558728e-15
2.8991699219e+02 1.2054744754e-13 5.4968458803e-14 6.0692570368e-14 4.8864183726e-15
2.8997802734e+02 1.1962800515e-13 5.4324404049e-14 6.0420623834e-14 4.8829772652e-15
2.9003906250e+02 1.1990708409e-13 5.4048787645e-14 6.0994949525e-14 4.8633469187e-15
2.9010009766e+02 1.1892270848e-13 5.3852418944e-14 6.0223137386e-14 4.8471521544e-15
2.9016113281e+02 1.1847328140e-13 5.3995294462e-14 5.9656833134e-14 4.8211538032e-15
2.9022216797e+02 1.1888295610e-13 5.4075316796e-14 5.9962403222e-14 4.8452360787e-15
2.9028320312e+02 1.2012966550e-13 5.4708884043e-14 6.0569731537e-14 4.8510499207e-15
2.9034423828e+02 1.2017512564e-13 5.3919595220e-14 6.1409817491e-14 4.8457129255e-15
2.9040527344e+02 1.1999735725e-13 5.4531480596e-14 6.0616170616e-14 4.8497060391e-15
2.9046630859e+02 1.2062200265e-13 5.4239647688e-14 6.1521353268e-14 4.8610016925e-15
2.9052734375e+02 1.2031787929e-13 5.3519163681e-14 6.1910568377e-14 4.8881472290e-15
2.9058837891e+02 1.1908488636e-13 5.3065904309e-14 6.1155356542e-14 4.8636255098e-15
2.9064941406e+02 1.1888019310e-13 5.3577510522e-14 6.0460752141e-14 4.8419304360e-15
2.9071044922e+02 1.1970355967e-13 5.3819103662e-14 6.1033985317e-14 4.8504706954e-15
2.9077148438e+02 1.1984679651e-13 5.3905165172e-14 6.1058865714e-14 4.8827656203e-15
2.9083251953e+02 1.1875178882e-13 5.3648975891e-14 6.0202941920e-14 4.8998710131e-15
2.9089355469e+02 1.1837664447e-13 5.3549991712e-14 5.9923042081e-14 4.9036106739e-15
2.9095458984e+02 1.1867795318e-13 5.3422767648e-14 6.0368473515e-14 4.8867120141e-15
2.9101562500e+02 1.1780082209e-13 5.3367394277e-14 5.9573400438e-14 4.8600273777e-15
2.9107666016e+02 1.1940163473e-13 5.4683362996e-14 5.9830065503e-14 4.8882062269e-15
2.9113769531e+02 1.2020480820e-13 5.4520956261e-14 6.0786527698e-14 4.8973242391e-15
2.9119873047e+02 1.2038608553e-13 5.4476829273e-14 6.1046165078e-14 4.8630911793e-15
2.9125976562e+02 1.2002392080e-13 5.3830263349e-14 6.1316336720e-14 4.8773207309e-15
2.9132080078e+02 1.2024610873e-13 5.3774152018e-14 6.1604618589e-14 4.8673381272e-15
2.9138183594e+02 1.1787114260e-13 5.2771578528e-14 6.0271030275e-14 4.8285337957e-15
2.9144287109e+02 1.1812399394e-13 5.2751025507e-14 6.0526760247e-14 4.8462081861e-15
2.9150390625e+02 1.1922460341e-13 5.4128893817e-14 6.0210715352e-14 4.8849942380e-15
2.9156494141e+02 1.1915507263e-13 5.3692031693e-14 6.0572947703e-14 4.8900932304e-15
2.9162597656e+02 1.1938917586e-13 5.3966833516e-14 6.0520291549e-14 4.9020507928e-15
2.9168701172e+02 1.1905829637e-13 5.3533279842e-14 6.0642712758e-14 4.8823037718e-15
2.9174804688e+02 1.1842817209e-13 5.3387785704e-14 6.0188507604e-14 4.8518787825e-15
2.9180908203e+02 1.1776957666e-13 5.3550323733e-14 5.9380158080e-14 4.8390948491e-15
2.9187011719e+02 1.1803966438e-13 5.3452056716e-14 5.9740680570e-14 4.8469270895e-15
2.9193115234e+02 1.1857781896e-13 5.3889059327e-14 5.9795416146e-14 4.8933434884e-15
2.9199218750e+02 1.1848087861e-13 5.3790314448e-14 5.9781688726e-14 4.9088754346e-15
2.9205322266e+02 1.1839321967e-13 5.3430772657e-14 6.0116529480e-14 4.8459175368e-15
2.9211425781e+02 1.1727803877e-13 5.3195365672e-14 5.9250844595e-14 4.8318285073e-15
2.9217529297e+02 1.1895042882e-13 5.3209137291e-14 6.0866615788e-14 4.8746757427e-15
2.9223632812e+02 1.1841751212e-13 5.3244721086e-14 6.0308007336e-14 4.8647836979e-15
2.9229736328e+02 1.1641242134e-13 5.2934348095e-14 5.8648884085e-14 4.8291891639e-15
2.9235839844e+02 1.1819309477e-13 5.3643798496e-14 5.9703877184e-14 4.8454190928e-15
2.9241943359e+02 1.1891572225e-13 5.3838881953e-14 6.0185391940e-14 4.8914483559e-15
2.9248046875e+02 1.1759837750e-13 5.2926321481e-14 5.9772456311e-14 4.8995997047e-15
2.9254150391e+02 1.1674083956e-13 5.2341789748e-14 5.9536510102e-14 4.8625397149e-15
2.9260253906e+02 1.1671835360e-13 5.2374613702e-14 5.9498529274e-14 4.8452106278e-15
2.9266357422e+02 1.1801656692e-13 5.3806583194e-14 5.9393247271e-14 4.8167364532e-15
2.9272460938e+02 1.1696560559e-13 5.3202449889e-14 5.8956373067e-14 4.8067826303e-15
2.9278564453e+02 1.1732433186e-13 5.3156595003e-14 5.9327223857e-14 4.8405129985e-15
2.9284667969e+02 1.1771695687e-13 5.3082952175e-14 5.9839984271e-14 4.7940204287e-15
2.9290771484e+02 1.1802071431e-13 5.3766917265e-14 5.9426706197e-14 4.8270908450e-15
2.9296875000e+02 1.1797469556e-13 5.3690294619e-14 5.9487084539e-14 4.7973164024e-15
2.9302978516e+02 1.1660261459e-13 5.3183083068e-14 5.8607819897e-14 4.8117116257e-15
2.9309082031e+02 1.1558286022e-13 5.2615925836e-14 5.8123048428e-14 4.8438859596e-15
2.9315185547e+02 1.1806802042e-13 5.3795399874e-14 5.9445886129e-14 4.8267344188e-15
2.9321289062e+02 1.1896875778e-13 5.3644817041e-14 6.0481631390e-14 4.8423093451e-15
2.9327392578e+02 1.1880727163e-13 5.4436788300e-14 5.9533644766e-14 4.8368385626e-15
2.9333496094e+02 1.1756899701e-13 5.3993361009e-14 5.8752325695e-14 4.8233103024e-15
2.9339599609e+02 1.1726433903e-13 5.2759383086e-14 5.9712313865e-14 4.7926420829e-15
2.9345703125e+02 1.1772258831e-13 5.3273855364e-14 5.9603189195e-14 4.8455437477e-15
2.9351806641e+02 1.1777848201e-13 5.3342790563e-14 5.9558338532e-14 4.8773529115e-15
2.9357910156e+02 1.1707673684e-13 5.2830505172e-14 5.9385866503e-14 4.8603651654e-15
2.9364013672e+02 1.1689176336e-13 5.2776232648e-14 5.9270791373e-14 4.8447393400e-15
2.9370117188e+02 1.1745456205e-13 5.2996412290e-14 5.9629807060e-14 4.8283426996e-15
2.9376220703e+02 1.1735168803e-13 5.2725674215e-14 5.9838870951e-14 4.7871428653e-15
2.9382324219e+02 1.1696215608e-13 5.2754074596e-14 5.9402874383e-14 4.8052070999e-15
2.9388427734e+02 1.1534033739e-13 5.2233131264e-14 5.8231382675e-14 4.8758234493e-15
2.9394531250e+02 1.1492073112e-13 5.2069673865e-14 5.8027220037e-14 4.8238372192e-15
2.9400634766e+02 1.1554903387e-13 5.2464210613e-14 5.8269200630e-14 4.8156226239e-15
2.9406738281e+02 1.1500646049e-13 5.1963910727e-14 5.8241235903e-14 4.8013138552e-15
2.9412841797e+02 1.1681333000e-13 5.2583438809e-14 5.9438310825e-14 4.7915803664e-15
2.9418945312e+02 1.1783967473e-13 5.3950930784e-14 5.9071079071e-14 4.8176648700e-15
2.9425048828e+02 1.1638122694e-13 5.3217182931e-14 5.8340653373e-14 4.8233906331e-15
2.9431152344e+02 1.1681366516e-13 5.2737298240e-14 5.9211531479e-14 4.8648354399e-15
2.9437255859e+02 1.1544483548e-13 5.2022004165e-14 5.8528911143e-14 4.8939201695e-15
2.9443359375e+02 1.1709494590e-13 5.2697116254e-14 5.9571624062e-14 4.8262055853e-15
2.9449462891e+02 1.1796046333e-13 5.3212606905e-14 5.9918374551e-14 4.8294818783e-15
2.9455566406e+02 1.1719250294e-13 5.3111362561e-14 5.9210723985e-14 4.8704163894e-15
2.9461669922e+02 1.1606148820e-13 5.2381618148e-14 5.8815495675e-14 4.8643743807e-15
2.9467773438e+02 1.1478488740e-13 5.1255175940e-14 5.8723334842e-14 4.8063766232e-15
2.9473876953e+02 1.1649249637e-13 5.2062305551e-14 5.9652377291e-14 4.7778135223e-15
2.9479980469e+02 1.1759568172e-13 5.2135161649e-14 6.0643348777e-14 4.8171712966e-15
2.9486083984e+02 1.1584392212e-13 5.1731208894e-14 5.9244339436e-14 4.8683737922e-15
2.9492187500e+02 1.1720748539e-13 5.3075355364e-14 5.9220214845e-14 4.9119151773e-15
2.9498291016e+02 1.1825616095e-13 5.2668061382e-14 6.0718428643e-14 4.8696709289e-15
2.9504394531e+02 1.1702515996e-13 5.1945354942e-14 6.0248585953e-14 4.8312190693e-15
2.9510498047e+02 1.1469539749e-13 5.2027533862e-14 5.7849711990e-14 4.8181516374e-15
2.9516601562e+02 1.1556643384e-13 5.2552728348e-14 5.8200383017e-14 4.8133224754e-15
2.9522705078e+02 1.1731002149e-13 5.3435896100e-14 5.9044326134e-14 4.8297992519e-15
2.9528808594e+02 1.1635963270e-13 5.2482236303e-14 5.9057170875e-14 4.8202255201e-15
2.9534912109e+02 1.1517495756e-13 5.1578197549e-14 5.8789276284e-14 4.8074837232e-15
2.9541015625e+02 1.1555545868e-13 5.1735641967e-14 5.8956027807e-14 4.8637889075e-15
2.9547119141e+02 1.1523807063e-13 5.1539984493e-14 5.8843375018e-14 4.8547111208e-15
2.9553222656e+02 1.1496344046e-13 5.1859465628e-14 5.8328506455e-14 4.7754683792e-15
2.9559326172e+02 1.1465805900e-13 5.1671280781e-14 5.8170435684e-14 4.8163425352e-15
2.9565429688e+02 1.1677570154e-13 5.2938193497e-14 5.8949577062e-14 4.8879309788e-15
2.9571533203e+02 1.1643831436e-13 5.2372969411e-14 5.9227613709e-14 4.8377312368e-15
2.9577636719e+02 1.1527211234e-13 5.2179687494e-14 5.8283730071e-14 4.8086947750e-15
2.9583740234e+02 1.1489562139e-13 5.2004204305e-14 5.8058750385e-14 4.8326667041e-15
2.9589843750e+02 1.1597888212e-13 5.2968085926e-14 5.8133441971e-14 4.8773542238e-15
2.9595947266e+02 1.1609380354e-13 5.2425401529e-14 5.8810726228e-14 4.8576757837e-15
2.9602050781e+02 1.1526923376e-13 5.2333062995e-14 5.8091117985e-14 4.8450527772e-15
2.9608154297e+02 1.1575213032e-13 5.2809318677e-14 5.8094147929e-14 4.8486637133e-15
2.9614257812e+02 1.1536649776e-13 5.2494354523e-14 5.7986436458e-14 4.8857067773e-15
2.9620361328e+02 1.1508303332e-13 5.2037410333e-14 5.8169474945e-14 4.8761480434e-15
2.9626464844e+02 1.1592069502e-13 5.2636289990e-14 5.8410615293e-14 4.8737897360e-15
2.9632568359e+02 1.1630334636e-13 5.2167801457e-14 5.9253880314e-14 4.8816645866e-15
2.9638671875e+02 1.1486619900e-13 5.1682106605e-14 5.8337223565e-14 4.8468688314e-15
2.9644775391e+02 1.1334107096e-13 5.1253884138e-14 5.7232281974e-14 4.8549048481e-15
2.9650878906e+02 1.1415631445e-13 5.2127091141e-14 5.7133044496e-14 4.8961788170e-15
2.9656982422e+02 1.1286688848e-13 5.1161478592e-14 5.6897347110e-14 4.8080627811e-15
2.9663085938e+02 1.1385205827e-13 5.1126048268e-14 5.7899573581e-14 4.8264364161e-15
2.9669189453e+02 1.1378606121e-13 5.1577814504e-14 5.7373421593e-14 4.8348251115e-15
2.9675292969e+02 1.1557579963e-13 5.2548235983e-14 5.8239960633e-14 4.7876030181e-15
2.9681396484e+02 1.1575719856e-13 5.2288517485e-14 5.8642261837e-14 4.8264192407e-15
2.9687500000e+02 1.1478774103e-13 5.1716760349e-14 5.8243396697e-14 4.8275839872e-15
2.9693603516e+02 1.1425261924e-13 5.1301670328e-14 5.8142098718e-14 4.8088501927e-15
2.9699707031e+02 1.1299412132e-13 5.0796020047e-14 5.7383297565e-14 4.8148037071e-15
2.9705810547e+02 1.1311668255e-13 5.0766204507e-14 5.7479580929e-14 4.8708971107e-15
2.9711914062e+02 1.1384298189e-13 5.1343411372e-14 5.7620513514e-14 4.8790570082e-15
2.9718017578e+02 1.1421182030e-13 5.1386907421e-14 5.7967103382e-14 4.8578095024e-15
2.9724121094e+02 1.1406331422e-13 5.1154970467e-14 5.8107653278e-14 4.8006904747e-15
2.9730224609e+02 1.1406038716e-13 5.0953601533e-14 5.8329512822e-14 4.7772728088e-15
2.9736328125e+02 1.1451138432e-13 5.1944194248e-14 5.7764771701e-14 4.8024183744e-15
2.9742431641e+02 1.1297458907e-13 5.1400892391e-14 5.6789102194e-14 4.7845944828e-15
2.9748535156e+02 1.1261989672e-13 5.0633396348e-14 5.7219344823e-14 4.7671555503e-15
2.9754638672e+02 1.1399429601e-13 5.0399765590e-14 5.8789343460e-14 4.8051869611e-15
2.9760742188e+02 1.1356907149e-13 5.0474691215e-14 5.8260836541e-14 4.8335437371e-15
2.9766845703e+02 1.1294000950e-13 5.1164045741e-14 5.6915094933e-14 4.8608688287e-15
2.9772949219e+02 1.1386339253e-13 5.1793685153e-14 5.7256036073e-14 4.8136713058e-15
2.9779052734e+02 1.1365795482e-13 5.1923585808e-14 5.6905647496e-14 4.8287215199e-15
2.9785156250e+02 1.1424122468e-13 5.1845979907e-14 5.7548737093e-14 4.8465076777e-15
2.9791259766e+02 1.1518673032e-13 5.1994685396e-14 5.8356860869e-14 4.8351840570e-15
2.9797363281e+02 1.1451371120e-13 5.2147404211e-14 5.7549566516e-14 4.8167404762e-15
2.9803466797e+02 1.1472768488e-13 5.2312278703e-14 5.7615599143e-14 4.7998070358e-15
2.9809570312e+02 1.1340476263e-13 5.1316849044e-14 5.7308918437e-14 4.7789951474e-15
2.9815673828e+02 1.1294355344e-13 5.0812537792e-14 5.7366940846e-14 4.7640747988e-15
2.9821777344e+02 1.1419516350e-13 5.1562725160e-14 5.7875096955e-14 4.7573413886e-15
2.9827880859e+02 1.1275287596e-13 5.1202061523e-14 5.6785509425e-14 4.7653050165e-15
2.9833984375e+02 1.1283737177e-13 5.0575416470e-14 5.7455358112e-14 4.8065971917e-15
2.9840087891e+02 1.1349667272e-13 5.0623893147e-14 5.8063761508e-14 4.8090180648e-15
2.9846191406e+02 1.1362899307e-13 5.1423357029e-14 5.7386063060e-14 4.8195729773e-15
2.9852294922e+02 1.1323317307e-13 5.0964293374e-14 5.7470913584e-14 4.7979661159e-15
2.9858398438e+02 1.1297719025e-13 5.0796019817e-14 5.7323162029e-14 4.8580084060e-15
2.9864501953e+02 1.1336185103e-13 5.0848504773e-14 5.7672370659e-14 4.8409756009e-15
2.9870605469e+02 1.1250563795e-13 5.0030209954e-14 5.7617812529e-14 4.8576154641e-15
2.9876708984e+02 1.1273378482e-13 5.0649715534e-14 5.7224122851e-14 4.8599464389e-15
2.9882812500e+02 1.1353215327e-13 5.1316604656e-14 5.7394115139e-14 4.8214334795e-15
2.9888916016e+02 1.1371716732e-13 5.1453056776e-14 5.7476567292e-14 4.7875432494e-15
2.9895019531e+02 1.1287291230e-13 5.1132840375e-14 5.6999852712e-14 4.7402192104e-15
2.9901123047e+02 1.1193486385e-13 5.0977507569e-14 5.6165738987e-14 4.7916172938e-15
2.9907226562e+02 1.1303999075e-13 5.1033686617e-14 5.7216786510e-14 4.7895176233e-15
2.9913330078e+02 1.1417206458e-13 5.1104089674e-14 5.8277309800e-14 4.7906651084e-15
2.9919433594e+02 1.1254880977e-13 5.0278632820e-14 5.7437236658e-14 4.8329402922e-15
2.9925537109e+02 1.1284178851e-13 5.1410875432e-14 5.6559753479e-14 4.8711596023e-15
2.9931640625e+02 1.1306298081e-13 5.1182799810e-14 5.7066758620e-14 4.8134223789e-15
2.9937744141e+02 1.1247465736e-13 5.0388262757e-14 5.7267186076e-14 4.8192085282e-15
2.9943847656e+02 1.1313252124e-13 5.0594641859e-14 5.7729785353e-14 4.8080940244e-15
2.9949951172e+02 1.1222081144e-13 5.0215159687e-14 5.7191875764e-14 4.8137759915e-15
2.9956054688e+02 1.1291880032e-13 5.0720271252e-14 5.7380333604e-14 4.8181954682e-15
2.9962158203e+02 1.1379374463e-13 5.1457433978e-14 5.7506764619e-14 4.8295460332e-15
2.9968261719e+02 1.1369150423e-13 5.1022799502e-14 5.7796097156e-14 4.8726075677e-15
2.9974365234e+02 1.1386485611e-13 5.1491202178e-14 5.7543288448e-14 4.8303654819e-15
2.9980468750e+02 1.1427941546e-13 5.2024934599e-14 5.7404821290e-14 4.8496595706e-15
2.9986572266e+02 1.1243566826e-13 5.0639373403e-14 5.6969935997e-14 4.8263588593e-15
2.9992675781e+02 1.1222528950e-13 5.0300297537e-14 5.7127593994e-14 4.7973979712e-15
2.9998779297e+02 1.1273133768e-13 5.0658536249e-14 5.7257112161e-14 4.8156892682e-15
3.0004882812e+02 1.1243705306e-13 5.0586339134e-14 5.7085009499e-14 4.7657044286e-15
3.0010986328e+02 1.1321822016e-13 5.1047974201e-14 5.7417849017e-14 4.7523969455e-15
3.0017089844e+02 1.1283129863e-13 5.0445415349e-14 5.7529619882e-14 4.8562633941e-15
3.0023193359e+02 1.1213260789e-13 5.0239733985e-14 5.7042453270e-14 4.8504206309e-15
3.0029296875e+02 1.1048768062e-13 4.9816891885e-14 5.5860363050e-14 4.8104256827e-15
3.0035400391e+02 1.1095349159e-13 4.9948701202e-14 5.6230565621e-14 4.7742247680e-15
3.0041503906e+02 1.1076977365e-13 5.0003406289e-14 5.5997594687e-14 4.7687726779e-15
3.0047607422e+02 1.1012219952e-13 5.0000664995e-14 5.5399992349e-14 4.7215421744e-15
3.0053710938e+02 1.1105553843e-13 4.9622468363e-14 5.6722413510e-14 4.7106565561e-15
3.0059814453e+02 1.1360758194e-13 5.1125376097e-14 5.7731297568e-14 4.7509082759e-15
3.0065917969e+02 1.1320314272e-13 5.0917312024e-14 5.7497173560e-14 4.7886571393e-15
3.0072021484e+02 1.1041626051e-13 4.9377960228e-14 5.6248858978e-14 4.7894413079e-15
3.0078125000e+02 1.1139910960e-13 4.9860900215e-14 5.6764415734e-14 4.7737936546e-15
3.0084228516e+02 1.1248158655e-13 5.0981297067e-14 5.6736283198e-14 4.7640062892e-15
3.0090332031e+02 1.1310053250e-13 5.0655517450e-14 5.7609240907e-14 4.8357741451e-15
3.0096435547e+02 1.1190297464e-13 5.0097074446e-14 5.6952993151e-14 4.8529070431e-15
3.0102539062e+02 1.1093317088e-13 4.9672195133e-14 5.6400549383e-14 4.8604263656e-15
3.0108642578e+02 1.1074793610e-13 4.9817276949e-14 5.6066604478e-14 4.8640546771e-15
3.0114746094e+02 1.0939731770e-13 4.9746117080e-14 5.4842038748e-14 4.8091618737e-15
3.0120849609e+02 1.0951473377e-13 4.9991283489e-14 5.4786651453e-14 4.7367988307e-15
3.0126953125e+02 1.0991978433e-13 4.9906633763e-14 5.5173333961e-14 4.8398166091e-15
3.0133056641e+02 1.0974710770e-13 4.9848907839e-14 5.5065204680e-14 4.8329951771e-15
3.0139160156e+02 1.1233177371e-13 5.0665890314e-14 5.6849714736e-14 4.8161686636e-15
3.0145263672e+02 1.1284419808e-13 5.0747613927e-14 5.7269860347e-14 4.8267238080e-15
3.0151367188e+02 1.0969438524e-13 4.8763872298e-14 5.6125011318e-14 4.8055016248e-15
3.0157470703e+02 1.1100899715e-13 4.9796541318e-14 5.6447345139e-14 4.7651106877e-15
3.0163574219e+02 1.1044026790e-13 4.9519151685e-14 5.6166151966e-14 4.7549642513e-15
3.0169677734e+02 1.1149220502e-13 4.9891069011e-14 5.6786289010e-14 4.8148469954e-15
3.0175781250e+02 1.1209916279e-13 5.0470258346e-14 5.6862196783e-14 4.7667076620e-15
3.0181884766e+02 1.1157393335e-13 5.0811543084e-14 5.5988587679e-14 4.7738025838e-15
3.0187988281e+02 1.1172163112e-13 5.0913925290e-14 5.6029528265e-14 4.7781775642e-15
3.0194091797e+02 1.1001146830e-13 5.0045816089e-14 5.5181671263e-14 4.7839809502e-15
3.0200195312e+02 1.0876541160e-13 4.9416376190e-14 5.4574049331e-14 4.7749860811e-15
3.0206298828e+02 1.1002174562e-13 4.9794094511e-14 5.5424980779e-14 4.8026703328e-15
3.0212402344e+02 1.0972449787e-13 4.9171806805e-14 5.5767544984e-14 4.7851460824e-15
3.0218505859e+02 1.1142735622e-13 4.9830457761e-14 5.6845989900e-14 4.7509085570e-15
3.0224609375e+02 1.1113211936e-13 5.0005588925e-14 5.6299520945e-14 4.8270094923e-15
3.0230712891e+02 1.1237725462e-13 5.0876370175e-14 5.6637557557e-14 4.8633268900e-15
3.0236816406e+02 1.1173512292e-13 5.0492003974e-14 5.6426212077e-14 4.8169068655e-15
3.0242919922e+02 1.1056122965e-13 4.9598813765e-14 5.6172045695e-14 4.7903701949e-15
3.0249023438e+02 1.1035199908e-13 4.9396181743e-14 5.6159009823e-14 4.7968075167e-15
3.0255126953e+02 1.1101120337e-13 5.0124823306e-14 5.6049781763e-14 4.8365983043e-15
3.0261230469e+02 1.0974818356e-13 4.9698139237e-14 5.5184104388e-14 4.8659399330e-15
3.0267333984e+02 1.1015667585e-13 4.9939168740e-14 5.5415641157e-14 4.8018659534e-15
3.0273437500e+02 1.1021669090e-13 4.9961148593e-14 5.5451501706e-14 4.8040406004e-15
3.0279541016e+02 1.0962223378e-13 4.9180593305e-14 5.5627036430e-14 4.8146040453e-15
3.0285644531e+02 1.1087235769e-13 5.0133636546e-14 5.5971700000e-14 4.7670211415e-15
3.0291748047e+02 1.1085052802e-13 5.0011558005e-14 5.6013292516e-14 4.8256774986e-15
3.0297851562e+02 1.1070980942e-13 4.9304887661e-14 5.6601895626e-14 4.8030261363e-15
3.0303955078e+02 1.1111926679e-13 4.9519148534e-14 5.6807521040e-14 4.7925972144e-15
3.0310058594e+02 1.1163634838e-13 5.0573931156e-14 5.6234349894e-14 4.8280673271e-15
3.0316162109e+02 1.1082372820e-13 5.0345032445e-14 5.5628731703e-14 4.8499640504e-15
3.0322265625e+02 1.1055850755e-13 4.9904746306e-14 5.5836382695e-14 4.8173785480e-15
3.0328369141e+02 1.1088385892e-13 5.0166449169e-14 5.5927328059e-14 4.7900816968e-15
3.0334472656e+02 1.1035602446e-13 4.9893222763e-14 5.5681223399e-14 4.7815782947e-15
3.0340576172e+02 1.1020196439e-13 4.9444683397e-14 5.6014940940e-14 4.7423400524e-15
3.0346679688e+02 1.1033238259e-13 4.9958512930e-14 5.5608696333e-14 4.7651733270e-15
3.0352783203e+02 1.1126733011e-13 5.0586387139e-14 5.5889488577e-14 4.7914543980e-15
3.0358886719e+02 1.1078736244e-13 4.9810670120e-14 5.6162461683e-14 4.8142306365e-15
3.0364990234e+02 1.0991250253e-13 4.9525148952e-14 5.5561265801e-14 4.8260877789e-15
3.0371093750e+02 1.0976146758e-13 4.9950660089e-14 5.5021565650e-14 4.7892418385e-15
3.0377197266e+02 1.0996018312e-13 4.9463222006e-14 5.5713086904e-14 4.7838742100e-15
3.0383300781e+02 1.0979262921e-13 4.9227366390e-14 5.5789626298e-14 4.7756365233e-15
3.0389404297e+02 1.0929177854e-13 4.8930731086e-14 5.5576045431e-14 4.7850020236e-15
3.0395507812e+02 1.0866764070e-13 4.8253016184e-14 5.5649918722e-14 4.7647057964e-15
3.0401611328e+02 1.0934824442e-13 4.8667315129e-14 5.5862754317e-14 4.8181749698e-15
3.0407714844e+02 1.0996061678e-13 4.9223872582e-14 5.5925970416e-14 4.8107737821e-15
3.0413818359e+02 1.1030508014e-13 4.9475519320e-14 5.6030474006e-14 4.7990868103e-15
3.0419921875e+02 1.0928357764e-13 4.8983315670e-14 5.5467572734e-14 4.8326892401e-15
3.0426025391e+02 1.0962537405e-13 4.8981539530e-14 5.5878210747e-14 4.7656237776e-15
3.0432128906e+02 1.1071355124e-13 4.9275533907e-14 5.6638858858e-14 4.7991584741e-15
3.0438232422e+02 1.0846090396e-13 4.9050427331e-14 5.4583385112e-14 4.8270915161e-15
3.0444335938e+02 1.0945647765e-13 4.9127936321e-14 5.5527995189e-14 4.8005461367e-15
3.0450439453e+02 1.0932491959e-13 4.9116248420e-14 5.5444893591e-14 4.7637775775e-15
3.0456542969e+02 1.1024212990e-13 4.9404846957e-14 5.6098139677e-14 4.7391432689e-15
3.0462646484e+02 1.0994914059e-13 4.9812730212e-14 5.5350062779e-14 4.7863475965e-15
3.0468750000e+02 1.0862689311e-13 4.9556048036e-14 5.4316940510e-14 4.7539045661e-15
3.0474853516e+02 1.0902938892e-13 4.9664427312e-14 5.4600919487e-14 4.7640421178e-15
3.0480957031e+02 1.0961406583e-13 4.9578685219e-14 5.5229809808e-14 4.8055707988e-15
3.0487060547e+02 1.1089934908e-13 4.9993678332e-14 5.6124569900e-14 4.7811008474e-15
3.0493164062e+02 1.1049193318e-13 5.0105030397e-14 5.5603718958e-14 4.7831838205e-15
3.0499267578e+02 1.0995062608e-13 4.9469212092e-14 5.5677387923e-14 4.8040260673e-15
3.0505371094e+02 1.0911865891e-13 4.9018561357e-14 5.5282488544e-14 4.8176090132e-15
3.0511474609e+02 1.0864835310e-13 4.9236545982e-14 5.4608890692e-14 4.8029164214e-15
3.0517578125e+02 1.0920277406e-13 4.8990320345e-14 5.5416403970e-14 4.7960497445e-15
3.0523681641e+02 1.1023462049e-13 4.9902096490e-14 5.5496691239e-14 4.8358327585e-15
3.0529785156e+02 1.0794899254e-13 4.8600905022e-14 5.4509124898e-14 4.8389626237e-15
3.0535888672e+02 1.0923868609e-13 4.9328193975e-14 5.5130534043e-14 4.7799580687e-15
3.0541992188e+02 1.0852298231e-13 4.8730546399e-14 5.5044081411e-14 4.7483545010e-15
3.0548095703e+02 1.0862921885e-13 4.8862700242e-14 5.4998122722e-14 4.7683958849e-15
3.0554199219e+02 1.0742350814e-13 4.8237438517e-14 5.4390580845e-14 4.7954887765e-15
3.0560302734e+02 1.0622058222e-13 4.7539215980e-14 5.3868242755e-14 4.8131234867e-15
3.0566406250e+02 1.0725807648e-13 4.8076275105e-14 5.4366148797e-14 4.8156525797e-15
3.0572509766e+02 1.0939574888e-13 4.9596685295e-14 5.4986303095e-14 4.8127604876e-15
3.0578613281e+02 1.0900200446e-13 4.9484113047e-14 5.4697919400e-14 4.8199720114e-15
3.0584716797e+02 1.0900716181e-13 4.9705822156e-14 5.4480570606e-14 4.8207690433e-15
3.0590820312e+02 1.0959934726e-13 5.0175336380e-14 5.4641539344e-14 4.7824715403e-15
3.0596923828e+02 1.0979455196e-13 4.9698125323e-14 5.5317682873e-14 4.7787437645e-15
3.0603027344e+02 1.0941567963e-13 4.9649677367e-14 5.5028371522e-14 4.7376307438e-15
3.0609130859e+02 1.0951654206e-13 4.9670488307e-14 5.5085290890e-14 4.7607628597e-15
3.0615234375e+02 1.0894947290e-13 4.8950908382e-14 5.5179866588e-14 4.8186979277e-15
3.0621337891e+02 1.0820616843e-13 4.8035513881e-14 5.5356055369e-14 4.8145991815e-15
3.0627441406e+02 1.0789108918e-13 4.7725705325e-14 5.5369671706e-14 4.7957121522e-15
3.0633544922e+02 1.0623009263e-13 4.6957532467e-14 5.4493312572e-14 4.7792475926e-15
3.0639648438e+02 1.0773702392e-13 4.8010897012e-14 5.4960915336e-14 4.7652115767e-15
3.0645751953e+02 1.0835192003e-13 4.8900173402e-14 5.4709273817e-14 4.7424728127e-15
3.0651855469e+02 1.0807505802e-13 4.8935998965e-14 5.4372056950e-14 4.7670021026e-15
3.0657958984e+02 1.0791783362e-13 4.8825994656e-14 5.4297466782e-14 4.7943721819e-15
3.0664062500e+02 1.0832563593e-13 4.8564076834e-14 5.4984502228e-14 4.7770568694e-15
3.0670166016e+02 1.0838686562e-13 4.8683060204e-14 5.4919607957e-14 4.7841974607e-15
3.0676269531e+02 1.0703728031e-13 4.8195398774e-14 5.4109537287e-14 4.7323442468e-15
3.0682373047e+02 1.0659434063e-13 4.8110206341e-14 5.3734748837e-14 4.7493854516e-15
3.0688476562e+02 1.0901240764e-13 4.8341694748e-14 5.5881252656e-14 4.7894602381e-15
3.0694580078e+02 1.0870541629e-13 4.7997299654e-14 5.5880246958e-14 4.8278696774e-15
3.0700683594e+02 1.0701000437e-13 4.7717214233e-14 5.4483180547e-14 4.8096095851e-15
3.0706787109e+02 1.0737501158e-13 4.8608656022e-14 5.4010484789e-14 4.7558707670e-15
3.0712890625e+02 1.0874872767e-13 4.9629644527e-14 5.4329202446e-14 4.7898806959e-15
3.0718994141e+02 1.0925753694e-13 4.9364305619e-14 5.5080692094e-14 4.8125392266e-15
3.0725097656e+02 1.0768110007e-13 4.8263910511e-14 5.4641255064e-14 4.7759344951e-15
3.0731201172e+02 1.0809566007e-13 4.8593604441e-14 5.4789717740e-14 4.7123378870e-15
3.0737304688e+02 1.0755170842e-13 4.7955410542e-14 5.4844583501e-14 4.7517143802e-15
3.0743408203e+02 1.0722716140e-13 4.8051677730e-14 5.4419162063e-14 4.7563216108e-15
3.0749511719e+02 1.0714502982e-13 4.7861846418e-14 5.4514602173e-14 4.7685812291e-15
3.0755615234e+02 1.0745853363e-13 4.8863660354e-14 5.3832224130e-14 4.7626491478e-15
3.0761718750e+02 1.0708684434e-13 4.8581297594e-14 5.3695255070e-14 4.8102916794e-15
3.0767822266e+02 1.0658902810e-13 4.8167937118e-14 5.3636559700e-14 4.7845312843e-15
3.0773925781e+02 1.0798193148e-13 4.8712910506e-14 5.4520215318e-14 4.7488056606e-15
3.0780029297e+02 1.0787319650e-13 4.8771165812e-14 5.4354919961e-14 4.7471107236e-15
3.0786132812e+02 1.0715787212e-13 4.8345662681e-14 5.4048616503e-14 4.7635929355e-15
3.0792236328e+02 1.0706729851e-13 4.8492981001e-14 5.3809016378e-14 4.7653011270e-15
3.0798339844e+02 1.0680147236e-13 4.8741312153e-14 5.3283225435e-14 4.7769347719e-15
3.0804443359e+02 1.0737840362e-13 4.8846951089e-14 5.3755844653e-14 4.7756078774e-15
3.0810546875e+02 1.0821918292e-13 4.8518723210e-14 5.4953083446e-14 4.7473762685e-15
3.0816650391e+02 1.0771290149e-13 4.7650681401e-14 5.5301660616e-14 4.7605594735e-15
3.0822753906e+02 1.0590256190e-13 4.7260598607e-14 5.3847517986e-14 4.7944453069e-15
3.0828857422e+02 1.0478032717e-13 4.7075121776e-14 5.2890739230e-14 4.8144661674e-15
3.0834960938e+02 1.0551829031e-13 4.7313343615e-14 5.3416710597e-14 4.7882360990e-15
3.0841064453e+02 1.0702151445e-13 4.7638504082e-14 5.4647139285e-14 4.7358710860e-15
3.0847167969e+02 1.0762961668e-13 4.7795303744e-14 5.5103325191e-14 4.7309877454e-15
3.0853271484e+02 1.0662046727e-13 4.8035740069e-14 5.3805762132e-14 4.7789650700e-15
3.0859375000e+02 1.0662177889e-13 4.7449898159e-14 5.4412301733e-14 4.7595790011e-15
3.0865478516e+02 1.0576804898e-13 4.7157263413e-14 5.3876300945e-14 4.7344846219e-15
3.0871582031e+02 1.0723359913e-13 4.7894968930e-14 5.4615104131e-14 4.7235260675e-15
3.0877685547e+02 1.0739314548e-13 4.7984554700e-14 5.4616405231e-14 4.7921855454e-15
3.0883789062e+02 1.0690064597e-13 4.8198415423e-14 5.3876558970e-14 4.8256715801e-15
3.0889892578e+02 1.0606892698e-13 4.7728274229e-14 5.3538968530e-14 4.8016842214e-15
3.0895996094e+02 1.0719265373e-13 4.7731192131e-14 5.4713596032e-14 4.7478655658e-15
3.0902099609e+02 1.0833689537e-13 4.8182220651e-14 5.5380824840e-14 4.7738498783e-15
3.0908203125e+02 1.0651961911e-13 4.7752133894e-14 5.4000586622e-14 4.7668985890e-15
3.0914306641e+02 1.0612589354e-13 4.7784471946e-14 5.3618350859e-14 4.7230707402e-15
3.0920410156e+02 1.0774311843e-13 4.8948911875e-14 5.4073328641e-14 4.7208779162e-15
3.0926513672e+02 1.0696135973e-13 4.8277972189e-14 5.3964625682e-14 4.7187618611e-15
3.0932617188e+02 1.0585690660e-13 4.7728716527e-14 5.3384808057e-14 4.7433820137e-15
3.0938720703e+02 1.0627068813e-13 4.7768675188e-14 5.3771368447e-14 4.7306444963e-15
3.0944824219e+02 1.0642220052e-13 4.7606820233e-14 5.4048751091e-14 4.7666291989e-15
3.0950927734e+02 1.0598155584e-13 4.7887771408e-14 5.3297509314e-14 4.7962751151e-15
3.0957031250e+02 1.0653901983e-13 4.7704426819e-14 5.4042714618e-14 4.7918783935e-15
3.0963134766e+02 1.0706188029e-13 4.8261978437e-14 5.4022437729e-14 4.7774641244e-15
3.0969238281e+02 1.0701116922e-13 4.8334009027e-14 5.3919885296e-14 4.7572749002e-15
3.0975341797e+02 1.0598881884e-13 4.7537019785e-14 5.3693021783e-14 4.7587772758e-15
3.0981445312e+02 1.0521273989e-13 4.7236797129e-14 5.3242451205e-14 4.7334915582e-15
3.0987548828e+02 1.0611129125e-13 4.8052841848e-14 5.3317822152e-14 4.7406272454e-15
3.0993652344e+02 1.0634790763e-13 4.7998754494e-14 5.3583253829e-14 4.7658993036e-15
3.0999755859e+02 1.0719141895e-13 4.8636202055e-14 5.3834036702e-14 4.7211801960e-15
3.1005859375e+02 1.0724958187e-13 4.8202940811e-14 5.4287560759e-14 4.7590802988e-15
3.1011962891e+02 1.0585721353e-13 4.7326882592e-14 5.3790297011e-14 4.7400339314e-15
3.1018066406e+02 1.0479925486e-13 4.7517899656e-14 5.2554361814e-14 4.7269933872e-15
3.1024169922e+02 1.0488745612e-13 4.8042519980e-14 5.2072728266e-14 4.7722078741e-15
3.1030273438e+02 1.0489365678e-13 4.8274200541e-14 5.1882948422e-14 4.7365078208e-15
3.1036376953e+02 1.0462807191e-13 4.7265220837e-14 5.2687303067e-14 4.6755480068e-15
3.1042480469e+02 1.0468423420e-13 4.6603344694e-14 5.3351719666e-14 4.7291698449e-15
3.1048583984e+02 1.0521165114e-13 4.7577781486e-14 5.2895908512e-14 4.7379611416e-15
3.1054687500e+02 1.0583285299e-13 4.7864446483e-14 5.3220136168e-14 4.7482703434e-15
3.1060791016e+02 1.0581027286e-13 4.7627666066e-14 5.3412379608e-14 4.7702271812e-15
3.1066894531e+02 1.0556637963e-13 4.7360353549e-14 5.3408782171e-14 4.7972439092e-15
3.1072998047e+02 1.0643661602e-13 4.7809381031e-14 5.3852412173e-14 4.7748228162e-15
3.1079101562e+02 1.0752869355e-13 4.8380315738e-14 5.4447514068e-14 4.7008637435e-15
3.1085205078e+02 1.0510390280e-13 4.6636058692e-14 5.3745767243e-14 4.7220768692e-15
3.1091308594e+02 1.0476400495e-13 4.6618923450e-14 5.3445959793e-14 4.6991217028e-15
3.1097412109e+02 1.0545459810e-13 4.7513979928e-14 5.3241072667e-14 4.6995455062e-15
3.1103515625e+02 1.0555746046e-13 4.7376611455e-14 5.3491327965e-14 4.6895210422e-15
3.1109619141e+02 1.0564839590e-13 4.7080163955e-14 5.3813947366e-14 4.7542845761e-15
3.1115722656e+02 1.0447569359e-13 4.6973506197e-14 5.2719755885e-14 4.7824315067e-15
3.1121826172e+02 1.0373027271e-13 4.6971824460e-14 5.1980436010e-14 4.7780122439e-15
3.1127929688e+02 1.0473089662e-13 4.7650360588e-14 5.2331022552e-14 4.7495134797e-15
3.1134033203e+02 1.0486137420e-13 4.7115971414e-14 5.3004425666e-14 4.7409771222e-15
3.1140136719e+02 1.0524984588e-13 4.7156833588e-14 5.3376815825e-14 4.7161964669e-15
3.1146240234e+02 1.0559996453e-13 4.6993054954e-14 5.3827853266e-14 4.7790563103e-15
3.1152343750e+02 1.0512941190e-13 4.7118819307e-14 5.3162684063e-14 4.8479085288e-15
3.1158447266e+02 1.0490434490e-13 4.7245660913e-14 5.2866858975e-14 4.7918250165e-15
3.1164550781e+02 1.0486270810e-13 4.6921478697e-14 5.3182147064e-14 4.7590823359e-15
3.1170654297e+02 1.0422973625e-13 4.6548911924e-14 5.2917057412e-14 4.7637669177e-15
3.1176757812e+02 1.0431211118e-13 4.6983343366e-14 5.2586268002e-14 4.7424998109e-15
3.1182861328e+02 1.0495669354e-13 4.7376795468e-14 5.2813965683e-14 4.7659323924e-15
3.1188964844e+02 1.0472177837e-13 4.7151920617e-14 5.2808165724e-14 4.7616920310e-15
3.1195068359e+02 1.0407549250e-13 4.7158012000e-14 5.2183207362e-14 4.7342731356e-15
3.1201171875e+02 1.0527946185e-13 4.7452511486e-14 5.3073723267e-14 4.7532270963e-15
3.1207275391e+02 1.0481549338e-13 4.7241748036e-14 5.2823716964e-14 4.7500283853e-15
3.1213378906e+02 1.0451256437e-13 4.6776195585e-14 5.3015678071e-14 4.7206907093e-15
3.1219482422e+02 1.0353813011e-13 4.6911020934e-14 5.1875623775e-14 4.7514854054e-15
3.1225585938e+02 1.0451638216e-13 4.6398832236e-14 5.3316307779e-14 4.8012421423e-15
3.1231689453e+02 1.0523357888e-13 4.7040030558e-14 5.3374129263e-14 4.8194190584e-15
3.1237792969e+02 1.0411346711e-13 4.7008228585e-14 5.2325974610e-14 4.7792639191e-15
3.1243896484e+02 1.0412759584e-13 4.6825629588e-14 5.2555933176e-14 4.7460330754e-15
3.1250000000e+02 1.0269642556e-13 4.5890639328e-14 5.2052425610e-14 4.7533606202e-15
3.1256103516e+02 1.0446844213e-13 4.6570025934e-14 5.3113468631e-14 4.7849475626e-15
3.1262207031e+02 1.0447826692e-13 4.6853527103e-14 5.2874015802e-14 4.7507240141e-15
3.1268310547e+02 1.0464768680e-13 4.7280394133e-14 5.2630231903e-14 4.7370607684e-15
3.1274414062e+02 1.0497789540e-13 4.7534509523e-14 5.2731199303e-14 4.7121865699e-15
3.1280517578e+02 1.0488787785e-13 4.7505542020e-14 5.2666239581e-14 4.7160962541e-15
3.1286621094e+02 1.0377438403e-13 4.6960717695e-14 5.2083748126e-14 4.7299182052e-15
3.1292724609e+02 1.0331971143e-13 4.6557426036e-14 5.2011925052e-14 4.7503603463e-15
3.1298828125e+02 1.0408238850e-13 4.6974474276e-14 5.2364395579e-14 4.7435186492e-15
3.1304931641e+02 1.0440062076e-13 4.6735875174e-14 5.2923077016e-14 4.7416685686e-15
3.1311035156e+02 1.0328094860e-13 4.6171019493e-14 5.2376504777e-14 4.7334243305e-15
3.1317138672e+02 1.0350466646e-13 4.6677253921e-14 5.2090216127e-14 4.7371964150e-15
3.1323242188e+02 1.0337974728e-13 4.6600044289e-14 5.2035947829e-14 4.7437551642e-15
3.1329345703e+02 1.0398128133e-13 4.6816751574e-14 5.2420621340e-14 4.7439084196e-15
3.1335449219e+02 1.0544006484e-13 4.7316338169e-14 5.3372417826e-14 4.7513088431e-15
3.1341552734e+02 1.0457387763e-13 4.6539592096e-14 5.3310715926e-14 4.7235696092e-15
3.1347656250e+02 1.0344854952e-13 4.6034599182e-14 5.2631091485e-14 4.7828588490e-15
3.1353759766e+02 1.0402656527e-13 4.6690798691e-14 5.2555743208e-14 4.7800233679e-15
3.1359863281e+02 1.0492483967e-13 4.6516889984e-14 5.3686619009e-14 4.7213306728e-15
3.1365966797e+02 1.0434812859e-13 4.5781006526e-14 5.3876985832e-14 4.6901362316e-15
3.1372070312e+02 1.0412362073e-13 4.5955505602e-14 5.3423464787e-14 4.7446503395e-15
3.1378173828e+02 1.0430355557e-13 4.6696536739e-14 5.2892623765e-14 4.7143950689e-15
3.1384277344e+02 1.0503548235e-13 4.6860099533e-14 5.3468897848e-14 4.7064849731e-15
3.1390380859e+02 1.0416591437e-13 4.6369416156e-14 5.3116602445e-14 4.6798957657e-15
3.1396484375e+02 1.0248086526e-13 4.5861171344e-14 5.1888587303e-14 4.7311066147e-15
3.1402587891e+02 1.0201404427e-13 4.6386328203e-14 5.0881260106e-14 4.7464559637e-15
3.1408691406e+02 1.0286123033e-13 4.6212949520e-14 5.1947981100e-14 4.7002997133e-15
3.1414794922e+02 1.0272623910e-13 4.6123227406e-14 5.1841290537e-14 4.7617211605e-15
3.1420898438e+02 1.0393883942e-13 4.6883784882e-14 5.2271891867e-14 4.7831626677e-15
3.1427001953e+02 1.0432449409e-13 4.6757492941e-14 5.2777893272e-14 4.7891078762e-15
3.1433105469e+02 1.0376759802e-13 4.6667664676e-14 5.2344229976e-14 4.7557033657e-15
3.1439208984e+02 1.0289096427e-13 4.6608652708e-14 5.1572057884e-14 4.7102536790e-15
3.1445312500e+02 1.0277176724e-13 4.6756390486e-14 5.1299315119e-14 4.7160616315e-15
3.1451416016e+02 1.0341992901e-13 4.7256453626e-14 5.1410877019e-14 4.7525983665e-15
3.1457519531e+02 1.0283254578e-13 4.6349668866e-14 5.1683908221e-14 4.7989686893e-15
3.1463623047e+02 1.0333320369e-13 4.5919546768e-14 5.2663055732e-14 4.7506011954e-15
3.1469726562e+02 1.0339326340e-13 4.6173978825e-14 5.2485496088e-14 4.7337884877e-15
3.1475830078e+02 1.0301264873e-13 4.5930818244e-14 5.2361471084e-14 4.7203594058e-15
3.1481933594e+02 1.0308605572e-13 4.6259789030e-14 5.2131375833e-14 4.6948908586e-15
3.1488037109e+02 1.0194062618e-13 4.5683578088e-14 5.1509206302e-14 4.7478417890e-15
3.1494140625e+02 1.0236072465e-13 4.6106344605e-14 5.1499393887e-14 4.7549861539e-15
3.1500244141e+02 1.0327653621e-13 4.6549265497e-14 5.1997123275e-14 4.7301474397e-15
3.1506347656e+02 1.0326982239e-13 4.6463094803e-14 5.2077560165e-14 4.7291674204e-15
3.1512451172e+02 1.0242192487e-13 4.6279661609e-14 5.1415237338e-14 4.7270259274e-15
3.1518554688e+02 1.0309091017e-13 4.6641367600e-14 5.1742763493e-14 4.7067790740e-15
3.1524658203e+02 1.0359418086e-13 4.6645799782e-14 5.2209582740e-14 4.7387983356e-15
3.1530761719e+02 1.0388400462e-13 4.6704602684e-14 5.2448189917e-14 4.7312120225e-15
3.1536865234e+02 1.0366193398e-13 4.7178528386e-14 5.1774187199e-14 4.7092183989e-15
3.1542968750e+02 1.0182534411e-13 4.6115719348e-14 5.0976993428e-14 4.7326313295e-15
3.1549072266e+02 1.0175978396e-13 4.6087691252e-14 5.0924880978e-14 4.7472117330e-15
3.1555175781e+02 1.0248759666e-13 4.6386046525e-14 5.1372893106e-14 4.7286570315e-15
3.1561279297e+02 1.0214580180e-13 4.6184541526e-14 5.1236985736e-14 4.7242745428e-15
3.1567382812e+02 1.0142194934e-13 4.5277410584e-14 5.1427334395e-14 4.7172043603e-15
3.1573486328e+02 1.0331887184e-13 4.6460201000e-14 5.2149515440e-14 4.7091554043e-15
3.1579589844e+02 1.0412120272e-13 4.6933257722e-14 5.2457474931e-14 4.7304700696e-15
3.1585693359e+02 1.0350031965e-13 4.6346018441e-14 5.2456516919e-14 4.6977842926e-15
3.1591796875e+02 1.0267574954e-13 4.6303130511e-14 5.1649053090e-14 4.7235659430e-15
3.1597900391e+02 1.0267976038e-13 4.6712812488e-14 5.1245299138e-14 4.7216487548e-15
3.1604003906e+02 1.0225837705e-13 4.6101183853e-14 5.1438394143e-14 4.7187990569e-15
3.1610107422e+02 1.0210382339e-13 4.5903763155e-14 5.1465757738e-14 4.7343024993e-15
3.1616210938e+02 1.0352925475e-13 4.6610277265e-14 5.2211106471e-14 4.7078710099e-15
3.1622314453e+02 1.0247175071e-13 4.6285500100e-14 5.1449677658e-14 4.7365729497e-15
3.1628417969e+02 1.0192349265e-13 4.6270527958e-14 5.0866458933e-14 4.7865057625e-15
3.1634521484e+02 1.0218315391e-13 4.6460790371e-14 5.0937404470e-14 4.7849590658e-15
3.1640625000e+02 1.0092961416e-13 4.5353797703e-14 5.0816462006e-14 4.7593544510e-15
3.1646728516e+02 1.0133098212e-13 4.5054351225e-14 5.1543749298e-14 4.7328815914e-15
3.1652832031e+02 1.0151748005e-13 4.5814920229e-14 5.0986969427e-14 4.7155903908e-15
3.1658935547e+02 1.0150739435e-13 4.5758766926e-14 5.0986724068e-14 4.7619033585e-15
3.1665039062e+02 1.0191388855e-13 4.6106453799e-14 5.1052412375e-14 4.7550223734e-15
3.1671142578e+02 1.0235774873e-13 4.6142563550e-14 5.1475773955e-14 4.7394112219e-15
3.1677246094e+02 1.0333822107e-13 4.6241432264e-14 5.2358206896e-14 4.7385819100e-15
3.1683349609e+02 1.0290248727e-13 4.6531432362e-14 5.1677045042e-14 4.6940098631e-15
3.1689453125e+02 1.0195690292e-13 4.6352987998e-14 5.0920784789e-14 4.6831301322e-15
3.1695556641e+02 1.0214871072e-13 4.5925401808e-14 5.1531668033e-14 4.6916408783e-15
3.1701660156e+02 1.0244710678e-13 4.6210733659e-14 5.1507832711e-14 4.7285404114e-15
3.1707763672e+02 1.0241055056e-13 4.6205918543e-14 5.1458269532e-14 4.7463624802e-15
3.1713867188e+02 1.0154662673e-13 4.5944651862e-14 5.0857522957e-14 4.7444519137e-15
3.1719970703e+02 1.0116937771e-13 4.5430041845e-14 5.0960956275e-14 4.7783795939e-15
3.1726074219e+02 1.0185461893e-13 4.5886511583e-14 5.1244877590e-14 4.7232297590e-15
3.1732177734e+02 1.0238857700e-13 4.6386880466e-14 5.1285033132e-14 4.7166633989e-15
3.1738281250e+02 1.0236715703e-13 4.6412212035e-14 5.1232213239e-14 4.7227317602e-15
3.1744384766e+02 1.0202811269e-13 4.5806528974e-14 5.1461692004e-14 4.7598917115e-15
3.1750488281e+02 1.0175730460e-13 4.5877844968e-14 5.1132071633e-14 4.7473879967e-15
3.1756591797e+02 1.0203011448e-13 4.6121446984e-14 5.1202688637e-14 4.7059788542e-15
3.1762695312e+02 1.0163664787e-13 4.5369003083e-14 5.1557808762e-14 4.7098360290e-15
3.1768798828e+02 1.0152172047e-13 4.5526248211e-14 5.1270577120e-14 4.7248951411e-15
3.1774902344e+02 1.0197173322e-13 4.5425404292e-14 5.1817012075e-14 4.7293168553e-15
3.1781005859e+02 1.0215858877e-13 4.5161344048e-14 5.2285635560e-14 4.7116091651e-15
3.1787109375e+02 1.0116558865e-13 4.5500969193e-14 5.0971867022e-14 4.6927524316e-15
3.1793212891e+02 1.0165174802e-13 4.5570002351e-14 5.1353291964e-14 4.7284537045e-15
3.1799316406e+02 1.0245177072e-13 4.5918853371e-14 5.1775030686e-14 4.7578866582e-15
3.1805419922e+02 1.0147082627e-13 4.5651217013e-14 5.1133586321e-14 4.6860229358e-15
3.1811523438e+02 1.0117250558e-13 4.5289672705e-14 5.1196077492e-14 4.6867553813e-15
3.1817626953e+02 1.0043239054e-13 4.5010727718e-14 5.0744653145e-14 4.6770096797e-15
3.1823730469e+02 1.0036236954e-13 4.5132110066e-14 5.0517585428e-14 4.7126740449e-15
3.1829833984e+02 9.9651277454e-14 4.4969681535e-14 4.9922429966e-14 4.7591659526e-15
3.1835937500e+02 1.0023252276e-13 4.4882892833e-14 5.0625264314e-14 4.7243656178e-15
3.1842041016e+02 9.9891869689e-14 4.4846827456e-14 5.0302571791e-14 4.7424704419e-15
3.1848144531e+02 9.9978658942e-14 4.4823576962e-14 5.0409358036e-14 4.7457239438e-15
3.1854248047e+02 1.0091474491e-13 4.4773032376e-14 5.1416408711e-14 4.7253038205e-15
3.1860351562e+02 1.0073833881e-13 4.4796442332e-14 5.1238537360e-14 4.7033591202e-15
3.1866455078e+02 1.0048703953e-13 4.5218251978e-14 5.0561677694e-14 4.7071098626e-15
3.1872558594e+02 1.0093290929e-13 4.5618956184e-14 5.0603238974e-14 4.7107141334e-15
3.1878662109e+02 1.0100862202e-13 4.5538542864e-14 5.0744161966e-14 4.7259171933e-15
3.1884765625e+02 1.0032463631e-13 4.5453350488e-14 5.0136906720e-14 4.7343790993e-15
3.1890869141e+02 9.9757068924e-14 4.5146833076e-14 4.9886324265e-14 4.7239115826e-15
3.1896972656e+02 1.0046586805e-13 4.5061186694e-14 5.0737734257e-14 4.6669471009e-15
3.1903076172e+02 1.0077468239e-13 4.4997969770e-14 5.1095381375e-14 4.6813312432e-15
3.1909179688e+02 1.0057956202e-13 4.5471614899e-14 5.0419098854e-14 4.6888482682e-15
3.1915283203e+02 1.0008855412e-13 4.5091899434e-14 5.0351434835e-14 4.6452198553e-15
3.1921386719e+02 1.0042994371e-13 4.5456866323e-14 5.0276217653e-14 4.6968597336e-15
3.1927490234e+02 1.0094630134e-13 4.5315575737e-14 5.0889259279e-14 4.7414663216e-15
3.1933593750e+02 1.0076149599e-13 4.5677995209e-14 5.0340665439e-14 4.7428353387e-15
3.1939697266e+02 1.0024246467e-13 4.5261255869e-14 5.0260467029e-14 4.7207417736e-15
3.1945800781e+02 1.0031825359e-13 4.5547116505e-14 5.0062673921e-14 4.7084631626e-15
3.1951904297e+02 1.0069177288e-13 4.5394951668e-14 5.0593973326e-14 4.7028478835e-15
3.1958007812e+02 1.0034951889e-13 4.4790436123e-14 5.0885071257e-14 4.6740115112e-15
3.1964111328e+02 9.9712113467e-14 4.4798820956e-14 5.0221782138e-14 4.6915103739e-15
3.1970214844e+02 9.9987708026e-14 4.4943368453e-14 5.0303054800e-14 4.7412847736e-15
3.1976318359e+02 1.0077885719e-13 4.5381961013e-14 5.0658881018e-14 4.7380151637e-15
3.1982421875e+02 1.0000701826e-13 4.5264581303e-14 5.0049893754e-14 4.6925431999e-15
3.1988525391e+02 1.0009409523e-13 4.5393278348e-14 5.0018875991e-14 4.6819408964e-15
3.1994628906e+02 9.9791309141e-14 4.5091644445e-14 5.0014783337e-14 4.6848813596e-15
3.2000732422e+02 9.9853598575e-14 4.4418449016e-14 5.0772709735e-14 4.6624398238e-15
3.2006835938e+02 9.9219593741e-14 4.3873202580e-14 5.0660231213e-14 4.6861599488e-15
3.2012939453e+02 1.0040523498e-13 4.4492080124e-14 5.1213447671e-14 4.6997071825e-15
3.2019042969e+02 1.0122093819e-13 4.5464196008e-14 5.1065937210e-14 4.6908049668e-15
3.2025146484e+02 1.0139653177e-13 4.5760831496e-14 5.0960966849e-14 4.6747334231e-15
3.2031250000e+02 1.0065062029e-13 4.5437241231e-14 5.0517556926e-14 4.6958221321e-15
3.2037353516e+02 9.9263516452e-14 4.4616363827e-14 4.9903236948e-14 4.7439156760e-15
3.2043457031e+02 9.9744951911e-14 4.4995742737e-14 5.0001958637e-14 4.7472505370e-15
3.2049560547e+02 1.0077700852e-13 4.5540677885e-14 5.0534382308e-14 4.7019483265e-15
3.2055664062e+02 1.0035548873e-13 4.4505835309e-14 5.1166965199e-14 4.6826882241e-15
3.2061767578e+02 1.0065977542e-13 4.4585832660e-14 5.1402669889e-14 4.6712728732e-15
3.2067871094e+02 1.0025093230e-13 4.4870753738e-14 5.0697474833e-14 4.6827037286e-15
3.2073974609e+02 9.9741171523e-14 4.4465591615e-14 5.0549961240e-14 4.7256186681e-15
3.2080078125e+02 9.9929191214e-14 4.4020978510e-14 5.1250226607e-14 4.6579860973e-15
3.2086181641e+02 9.9567405712e-14 4.3852302650e-14 5.1010917399e-14 4.7041856624e-15
3.2092285156e+02 9.9649601914e-14 4.3889342772e-14 5.1039606552e-14 4.7206525904e-15
3.2098388672e+02 9.8590423325e-14 4.3409524845e-14 5.0455749993e-14 4.7251484876e-15
3.2104492188e+02 9.9276479734e-14 4.4576479087e-14 4.9980277719e-14 4.7197229282e-15
3.2110595703e+02 9.9033692701e-14 4.4350100174e-14 5.0017374903e-14 4.6662176243e-15
3.2116699219e+02 9.9363622020e-14 4.4634651852e-14 5.0086726234e-14 4.6422439345e-15
3.2122802734e+02 9.8562519726e-14 4.4619518702e-14 4.9293072757e-14 4.6499282671e-15
3.2128906250e+02 9.8878469511e-14 4.4762829675e-14 4.9431505083e-14 4.6841347535e-15
3.2135009766e+02 9.8486196663e-14 4.4397351337e-14 4.9476488180e-14 4.6123571454e-15
3.2141113281e+02 9.8603138449e-14 4.4501155142e-14 4.9501661473e-14 4.6003218340e-15
3.2147216797e+02 9.9456759496e-14 4.4882676286e-14 4.9904107211e-14 4.6699759984e-15
3.2153320312e+02 9.9717192044e-14 4.5226193483e-14 4.9769192006e-14 4.7218065551e-15
3.2159423828e+02 1.0035597136e-13 4.4808106043e-14 5.0833661731e-14 4.7142035818e-15
3.2165527344e+02 9.9192835179e-14 4.4439663910e-14 5.0062724464e-14 4.6904468047e-15
3.2171630859e+02 9.8911985921e-14 4.4523659829e-14 4.9688884702e-14 4.6994413896e-15
3.2177734375e+02 9.9305969679e-14 4.4888635864e-14 4.9750134616e-14 4.6671991987e-15
3.2183837891e+02 9.9433009602e-14 4.4453318156e-14 5.0282169220e-14 4.6975222255e-15
3.2189941406e+02 9.8697236793e-14 4.4088502077e-14 4.9903395770e-14 4.7053389457e-15
3.2196044922e+02 9.8642449553e-14 4.4156906827e-14 4.9797668259e-14 4.6878744667e-15
3.2202148438e+02 9.7970963928e-14 4.3264190700e-14 5.0048948177e-14 4.6578250507e-15
3.2208251953e+02 9.7000512006e-14 4.3234126451e-14 4.9119915593e-14 4.6464699621e-15
3.2214355469e+02 9.8732818247e-14 4.4492339189e-14 4.9573507612e-14 4.6669714454e-15
3.2220458984e+02 9.8938388315e-14 4.4588142723e-14 4.9644311341e-14 4.7059342502e-15
3.2226562500e+02 9.9118527576e-14 4.3915696455e-14 5.0478468515e-14 4.7243626055e-15
3.2232666016e+02 9.9530385571e-14 4.4822483576e-14 5.0009652407e-14 4.6982495876e-15
3.2238769531e+02 9.8548497027e-14 4.4358652464e-14 4.9500115526e-14 4.6897290366e-15
3.2244873047e+02 9.9721838570e-14 4.4444680167e-14 5.0607087723e-14 4.6700706790e-15
3.2250976562e+02 1.0014203254e-13 4.5042439827e-14 5.0467188251e-14 4.6324044618e-15
3.2257080078e+02 1.0034874791e-13 4.4758344703e-14 5.0910611596e-14 4.6797916104e-15
3.2263183594e+02 9.9964004361e-14 4.4953804767e-14 5.0320716102e-14 4.6894834930e-15
3.2269287109e+02 9.7959006704e-14 4.4028040336e-14 4.9229196312e-14 4.7017700559e-15
3.2275390625e+02 9.7678150779e-14 4.3663116824e-14 4.9318873109e-14 4.6961608463e-15
3.2281494141e+02 9.7725022384e-14 4.3896256076e-14 4.9152464335e-14 4.6763019723e-15
3.2287597656e+02 9.7540366052e-14 4.4034013773e-14 4.8829656208e-14 4.6766960703e-15
3.2293701172e+02 9.9413722714e-14 4.5080190409e-14 4.9650248379e-14 4.6832839255e-15
3.2299804688e+02 9.9447426441e-14 4.4694880545e-14 5.0078824802e-14 4.6737210947e-15
3.2305908203e+02 9.8680238809e-14 4.3785927961e-14 5.0188950294e-14 4.7053605537e-15
3.2312011719e+02 9.8014233199e-14 4.3929837758e-14 4.9382373150e-14 4.7020222910e-15
3.2318115234e+02 9.7582327116e-14 4.4210653106e-14 4.8653228345e-14 4.7184456646e-15
3.2324218750e+02 9.8804831268e-14 4.4822903733e-14 4.9286590803e-14 4.6953367317e-15
3.2330322266e+02 9.8199933964e-14 4.4375558561e-14 4.9153232938e-14 4.6711424652e-15
3.2336425781e+02 9.8928543919e-14 4.4501083721e-14 4.9779768255e-14 4.6476919433e-15
3.2342529297e+02 9.7563741142e-14 4.3492714151e-14 4.9401609347e-14 4.6694176445e-15
3.2348632812e+02 9.8753005440e-14 4.3881015622e-14 5.0168188248e-14 4.7038015692e-15
3.2354736328e+02 9.9075918430e-14 4.4379243898e-14 4.9990025560e-14 4.7066489716e-15
3.2360839844e+02 9.7809788123e-14 4.3647721900e-14 4.9440516458e-14 4.7215497648e-15
3.2366943359e+02 9.7916826525e-14 4.4025140832e-14 4.9220750359e-14 4.6709353343e-15
3.2373046875e+02 9.7813790295e-14 4.4598826909e-14 4.8545265767e-14 4.6696976183e-15
3.2379150391e+02 9.7431704579e-14 4.3976710364e-14 4.8759524176e-14 4.6954700389e-15
3.2385253906e+02 9.7257599129e-14 4.3603017421e-14 4.8979238477e-14 4.6753432316e-15
3.2391357422e+02 9.7121314150e-14 4.3985651669e-14 4.8476584932e-14 4.6590775494e-15
3.2397460938e+02 9.6451324754e-14 4.3388385087e-14 4.8396715414e-14 4.6662242530e-15
3.2403564453e+02 9.8476322396e-14 4.3838246477e-14 4.9957297154e-14 4.6807787651e-15
3.2409667969e+02 9.9424811174e-14 4.4712761739e-14 5.0016623978e-14 4.6954254568e-15
3.2415771484e+02 9.8810928275e-14 4.4047704835e-14 5.0053772395e-14 4.7094510444e-15
3.2421875000e+02 9.8296951101e-14 4.3829927140e-14 4.9759420758e-14 4.7076032023e-15
3.2427978516e+02 9.8062017166e-14 4.4311793132e-14 4.9015854740e-14 4.7343692941e-15
3.2434082031e+02 9.8365627271e-14 4.4430153959e-14 4.9184870134e-14 4.7506031769e-15
3.2440185547e+02 9.7376059674e-14 4.4102048264e-14 4.8553559897e-14 4.7204515130e-15
3.2446289062e+02 9.7421746830e-14 4.4391506733e-14 4.8364660576e-14 4.6655795210e-15
3.2452392578e+02 9.6814510955e-14 4.3734275911e-14 4.8445273598e-14 4.6349614456e-15
3.2458496094e+02 9.7001679745e-14 4.4129112117e-14 4.8191223765e-14 4.6813438630e-15
3.2464599609e+02 9.7739695053e-14 4.4628130913e-14 4.8457896743e-14 4.6536673972e-15
3.2470703125e+02 9.7416898962e-14 4.3487270430e-14 4.9260618990e-14 4.6690095423e-15
3.2476806641e+02 9.6824772980e-14 4.3435812272e-14 4.8666712622e-14 4.7222480856e-15
3.2482910156e+02 9.6907458792e-14 4.3993448086e-14 4.8231488088e-14 4.6825226175e-15
3.2489013672e+02 9.8051208840e-14 4.4091441333e-14 4.9306013614e-14 4.6537538923e-15
3.2495117188e+02 9.7546273176e-14 4.3552890918e-14 4.9383762330e-14 4.6096199287e-15
3.2501220703e+02 9.7120784095e-14 4.3359549048e-14 4.9122979142e-14 4.6382559049e-15
3.2507324219e+02 9.6952829687e-14 4.3322126858e-14 4.8963504945e-14 4.6671978835e-15
3.2513427734e+02 9.6955886097e-14 4.3344789323e-14 4.8893376508e-14 4.7177202661e-15
3.2519531250e+02 9.6710851635e-14 4.3359251193e-14 4.8631653073e-14 4.7199473685e-15
3.2525634766e+02 9.6714786078e-14 4.3894233856e-14 4.8148260836e-14 4.6722913866e-15
3.2531738281e+02 9.8298478004e-14 4.4286999518e-14 4.9327052849e-14 4.6844256369e-15
3.2537841797e+02 9.8415489176e-14 4.4412931669e-14 4.9288517704e-14 4.7140398035e-15
3.2543945312e+02 9.8155838978e-14 4.4030332250e-14 4.9439237183e-14 4.6862695451e-15
3.2550048828e+02 9.7766917155e-14 4.3999940866e-14 4.9046887330e-14 4.7200889585e-15
3.2556152344e+02 9.5930154141e-14 4.3521633897e-14 4.7739342940e-14 4.6691773037e-15
3.2562255859e+02 9.7621122792e-14 4.3718114511e-14 4.9197175153e-14 4.7058331284e-15
3.2568359375e+02 9.7455365934e-14 4.3788108062e-14 4.8970599940e-14 4.6966579326e-15
3.2574462891e+02 9.5849187443e-14 4.3560976322e-14 4.7637683078e-14 4.6505280430e-15
3.2580566406e+02 9.5820873267e-14 4.3609987597e-14 4.7567416575e-14 4.6434690955e-15
3.2586669922e+02 9.5667174409e-14 4.3337627764e-14 4.7670836625e-14 4.6587100202e-15
3.2592773438e+02 9.6433255209e-14 4.3171263599e-14 4.8574257162e-14 4.6877344486e-15
3.2598876953e+02 9.6146959436e-14 4.3088208576e-14 4.8358219297e-14 4.7005315631e-15
3.2604980469e+02 9.5932262463e-14 4.2569065436e-14 4.8658945894e-14 4.7042511332e-15
3.2611083984e+02 9.6709258320e-14 4.3259678785e-14 4.8765049027e-14 4.6845305083e-15
3.2617187500e+02 9.7000078470e-14 4.3262779523e-14 4.9089264313e-14 4.6480346351e-15
3.2623291016e+02 9.7247636370e-14 4.3591240609e-14 4.8992226216e-14 4.6641695442e-15
3.2629394531e+02 9.6616453812e-14 4.3052324198e-14 4.8893861132e-14 4.6702684825e-15
3.2635498047e+02 9.6687835429e-14 4.3018352546e-14 4.8988241275e-14 4.6812416088e-15
3.2641601562e+02 9.6807020529e-14 4.3342554577e-14 4.8750866276e-14 4.7135996759e-15
3.2647705078e+02 9.6208061671e-14 4.2688030295e-14 4.8792581074e-14 4.7274503018e-15
3.2653808594e+02 9.6757890641e-14 4.2956566660e-14 4.9122197441e-14 4.6791265393e-15
3.2659912109e+02 9.7167795398e-14 4.3211667074e-14 4.9328099042e-14 4.6280292816e-15
3.2666015625e+02 9.7010145169e-14 4.3271775396e-14 4.9088096399e-14 4.6502733745e-15
3.2672119141e+02 9.7164078204e-14 4.3309302858e-14 4.9183889585e-14 4.6708857603e-15
3.2678222656e+02 9.6172149453e-14 4.2988990071e-14 4.8523595518e-14 4.6595638644e-15
3.2684326172e+02 9.6101246438e-14 4.3052330246e-14 4.8346654295e-14 4.7022618971e-15
3.2690429688e+02 9.6965918170e-14 4.3463534734e-14 4.8845268782e-14 4.6571146550e-15
3.2696533203e+02 9.6650008874e-14 4.2842904179e-14 4.9131793647e-14 4.6753110479e-15
3.2702636719e+02 9.5752834601e-14 4.2495762798e-14 4.8554387407e-14 4.7026843963e-15
3.2708740234e+02 9.5719277718e-14 4.2758456975e-14 4.8273414263e-14 4.6874064804e-15
3.2714843750e+02 9.6978596279e-14 4.3126119534e-14 4.9158602883e-14 4.6938738618e-15
3.2720947266e+02 9.5938008076e-14 4.3060232615e-14 4.8186726378e-14 4.6910490835e-15
3.2727050781e+02 9.5880412395e-14 4.2770791351e-14 4.8384679517e-14 4.7249415269e-15
3.2733154297e+02 9.6343677293e-14 4.2926986619e-14 4.8746997176e-14 4.6696934977e-15
3.2739257812e+02 9.6599320131e-14 4.3458221060e-14 4.8468459878e-14 4.6726391934e-15
3.2745361328e+02 9.5361580992e-14 4.3125490821e-14 4.7555524446e-14 4.6805657252e-15
3.2751464844e+02 9.5686947102e-14 4.2975120177e-14 4.8054870721e-14 4.6569562047e-15
3.2757568359e+02 9.5566188314e-14 4.3021180555e-14 4.7924243455e-14 4.6207643037e-15
3.2763671875e+02 9.5405610198e-14 4.2908128290e-14 4.7898269590e-14 4.5992123178e-15
3.2769775391e+02 9.6414904248e-14 4.3150996634e-14 4.8571384795e-14 4.6925228193e-15
3.2775878906e+02 9.6293473681e-14 4.3248394118e-14 4.8349087939e-14 4.6959916238e-15
3.2781982422e+02 9.5939667735e-14 4.3269605168e-14 4.8002941160e-14 4.6671214068e-15
3.2788085938e+02 9.5461665468e-14 4.2608465013e-14 4.8145576422e-14 4.7076240324e-15
3.2794189453e+02 9.5448144175e-14 4.2421884283e-14 4.8335710398e-14 4.6905494941e-15
3.2800292969e+02 9.5733708303e-14 4.2670774667e-14 4.8420121573e-14 4.6428120629e-15
3.2806396484e+02 9.5544731560e-14 4.2816070907e-14 4.8043097758e-14 4.6855628949e-15
3.2812500000e+02 9.5973532589e-14 4.3128286136e-14 4.8120389902e-14 4.7248565503e-15
3.2818603516e+02 9.5835340152e-14 4.3289915590e-14 4.7870303766e-14 4.6751207959e-15
3.2824707031e+02 9.6303985357e-14 4.3482626890e-14 4.8154058429e-14 4.6673000372e-15
3.2830810547e+02 9.6796934607e-14 4.3803137574e-14 4.8286239831e-14 4.7075572010e-15
3.2836914062e+02 9.6103540329e-14 4.3288251079e-14 4.8113883257e-14 4.7014059932e-15
3.2843017578e+02 9.5506726166e-14 4.2441755270e-14 4.8425435963e-14 4.6395349332e-15
3.2849121094e+02 9.5272662073e-14 4.2729599685e-14 4.7902154533e-14 4.6409078551e-15
3.2855224609e+02 9.5311924381e-14 4.3072299087e-14 4.7595829694e-14 4.6437956002e-15
3.2861328125e+02 9.6203335334e-14 4.3612077575e-14 4.7917006499e-14 4.6742512608e-15
3.2867431641e+02 9.5571038650e-14 4.3377124370e-14 4.7525728209e-14 4.6681860713e-15
3.2873535156e+02 9.5200534909e-14 4.3428707012e-14 4.7098469974e-14 4.6733579234e-15
3.2879638672e+02 9.5344311632e-14 4.3110098241e-14 4.7593334394e-14 4.6408789967e-15
3.2885742188e+02 9.5984372160e-14 4.3399343134e-14 4.7964834041e-14 4.6201949847e-15
3.2891845703e+02 9.5270463442e-14 4.2554675066e-14 4.8092046903e-14 4.6237414734e-15
3.2897949219e+02 9.5392120395e-14 4.2600150866e-14 4.8142647614e-14 4.6493219149e-15
3.2904052734e+02 9.6639653101e-14 4.3440207882e-14 4.8537315191e-14 4.6621300285e-15
3.2910156250e+02 9.6259738601e-14 4.2741363793e-14 4.8846739279e-14 4.6716355297e-15
3.2916259766e+02 9.6571583956e-14 4.3222876031e-14 4.8712164038e-14 4.6365438874e-15
3.2922363281e+02 9.5933000693e-14 4.3202357303e-14 4.8070983629e-14 4.6596597616e-15
3.2928466797e+02 9.5247882616e-14 4.3675426509e-14 4.6920069189e-14 4.6523869176e-15
3.2934570312e+02 9.4330977824e-14 4.2838114436e-14 4.6878204373e-14 4.6146590150e-15
3.2940673828e+02 9.4497740047e-14 4.2171176062e-14 4.7728266567e-14 4.5982974185e-15
3.2946777344e+02 9.5436170759e-14 4.2887864749e-14 4.7955701269e-14 4.5926047412e-15
3.2952880859e+02 9.6627239480e-14 4.3861713446e-14 4.8109359756e-14 4.6561662781e-15
3.2958984375e+02 9.5268803033e-14 4.3553110953e-14 4.7035276028e-14 4.6804160520e-15
3.2965087891e+02 9.5494940693e-14 4.2808586962e-14 4.8015563664e-14 4.6707900665e-15
3.2971191406e+02 9.4480268194e-14 4.2179439028e-14 4.7618224852e-14 4.6826043136e-15
3.2977294922e+02 9.6108964963e-14 4.2833959861e-14 4.8596663387e-14 4.6783417159e-15
3.2983398438e+02 9.5632279606e-14 4.2318157974e-14 4.8629502760e-14 4.6846188724e-15
3.2989501953e+02 9.4300878274e-14 4.1940225426e-14 4.7630643557e-14 4.7300092914e-15
3.2995605469e+02 9.4815393273e-14 4.2297065400e-14 4.7827809712e-14 4.6905181612e-15
3.3001708984e+02 9.4548700468e-14 4.2075824259e-14 4.7756257157e-14 4.7166190511e-15
3.3007812500e+02 9.4133165304e-14 4.1954324130e-14 4.7466157916e-14 4.7126832575e-15
3.3013916016e+02 9.5437936210e-14 4.2825325027e-14 4.7970617506e-14 4.6419936769e-15
3.3020019531e+02 9.4453030687e-14 4.2414009381e-14 4.7370385013e-14 4.6686362934e-15
3.3026123047e+02 9.3114589983e-14 4.1379571525e-14 4.7067500608e-14 4.6675178495e-15
3.3032226562e+02 9.4897172205e-14 4.2614673167e-14 4.7589182172e-14 4.6933168663e-15
3.3038330078e+02 9.4384395967e-14 4.2632704574e-14 4.7086388610e-14 4.6653027825e-15
3.3044433594e+02 9.3860252386e-14 4.1845099565e-14 4.7364728502e-14 4.6504243184e-15
3.3050537109e+02 9.4327053884e-14 4.1977821726e-14 4.7685599665e-14 4.6636324932e-15
3.3056640625e+02 9.4298646816e-14 4.2260335758e-14 4.7383690514e-14 4.6546205437e-15
3.3062744141e+02 9.5032740348e-14 4.2109921885e-14 4.8256247858e-14 4.6665706043e-15
3.3068847656e+02 9.4035777676e-14 4.1712909686e-14 4.7650987522e-14 4.6718804674e-15
3.3074951172e+02 9.4313162628e-14 4.2624810500e-14 4.7063581299e-14 4.6247708284e-15
3.3081054688e+02 9.4162361090e-14 4.2603787911e-14 4.6927634385e-14 4.6309387942e-15
3.3087158203e+02 9.5172321884e-14 4.3035834556e-14 4.7452400525e-14 4.6840868033e-15
3.3093261719e+02 9.4903995925e-14 4.2693588720e-14 4.7578958454e-14 4.6314487515e-15
3.3099365234e+02 9.4713894680e-14 4.2629359139e-14 4.7493725326e-14 4.5908102151e-15
3.3105468750e+02 9.4032555595e-14 4.2449415443e-14 4.6987348499e-14 4.5957916529e-15
3.3111572266e+02 9.4493238757e-14 4.2406301044e-14 4.7458056880e-14 4.6288808328e-15
3.3117675781e+02 9.4060407063e-14 4.2340620534e-14 4.7052012533e-14 4.6677739961e-15
3.3123779297e+02 9.3254413970e-14 4.1559488063e-14 4.7013906084e-14 4.6810198223e-15
3.3129882812e+02 9.3455565097e-14 4.1562713230e-14 4.7215246904e-14 4.6776049627e-15
3.3135986328e+02 9.3507098324e-14 4.0957331401e-14 4.7910951880e-14 4.6388150430e-15
3.3142089844e+02 9.3416747483e-14 4.0763120550e-14 4.8007728554e-14 4.6458983798e-15
3.3148193359e+02 9.3940201658e-14 4.1511896779e-14 4.7751403240e-14 4.6769016383e-15
3.3154296875e+02 9.4164611773e-14 4.2025574655e-14 4.7454571373e-14 4.6844657443e-15
3.3160400391e+02 9.4136658814e-14 4.1950202808e-14 4.7532628766e-14 4.6538272394e-15
3.3166503906e+02 9.4430808828e-14 4.2469652676e-14 4.7355511121e-14 4.6056450309e-15
3.3172607422e+02 9.3129268535e-14 4.2067132445e-14 4.6432931048e-14 4.6292050415e-15
3.3178710938e+02 9.2969490647e-14 4.1670075538e-14 4.6607671237e-14 4.6917438716e-15
3.3184814453e+02 9.4291244273e-14 4.2729422448e-14 4.6914305079e-14 4.6475167465e-15
3.3190917969e+02 9.5408732936e-14 4.2912081220e-14 4.7820723802e-14 4.6759279143e-15
3.3197021484e+02 9.4469517337e-14 4.1999412816e-14 4.7800789997e-14 4.6693145233e-15
3.3203125000e+02 9.4363610860e-14 4.1548758964e-14 4.8138562876e-14 4.6762890198e-15
3.3209228516e+02 9.3709091870e-14 4.1705423132e-14 4.7310732826e-14 4.6929359117e-15
3.3215332031e+02 9.4133254367e-14 4.1957363425e-14 4.7524598897e-14 4.6512920448e-15
3.3221435547e+02 9.4867088321e-14 4.1968486371e-14 4.8225427453e-14 4.6731744969e-15
3.3227539062e+02 9.4098410362e-14 4.1680354889e-14 4.7747934625e-14 4.6701208482e-15
3.3233642578e+02 9.4000475675e-14 4.1824641449e-14 4.7532485581e-14 4.6433486450e-15
3.3239746094e+02 9.3445095553e-14 4.1879303365e-14 4.6905654890e-14 4.6601372977e-15
3.3245849609e+02 9.4243525716e-14 4.2597463311e-14 4.6970214739e-14 4.6758476658e-15
3.3251953125e+02 9.4163845679e-14 4.2672113687e-14 4.6786718432e-14 4.7050135595e-15
3.3258056641e+02 9.4621323172e-14 4.2534406311e-14 4.7400171740e-14 4.6867451214e-15
3.3264160156e+02 9.4063455473e-14 4.2266007874e-14 4.7133408210e-14 4.6640393887e-15
3.3270263672e+02 9.4439052853e-14 4.2252812434e-14 4.7517796902e-14 4.6684435163e-15
3.3276367188e+02 9.3520520828e-14 4.1202408630e-14 4.7621355663e-14 4.6967565344e-15
3.3282470703e+02 9.3570489709e-14 4.1505376678e-14 4.7393107351e-14 4.6720056792e-15
3.3288574219e+02 9.4393384231e-14 4.1889125169e-14 4.7873503829e-14 4.6307552328e-15
3.3294677734e+02 9.3863466636e-14 4.1552248630e-14 4.7658748363e-14 4.6524696429e-15
3.3300781250e+02 9.3474947061e-14 4.1986508450e-14 4.6864453008e-14 4.6239856019e-15
3.3306884766e+02 9.3053788338e-14 4.2049447259e-14 4.6363281770e-14 4.6410593090e-15
3.3312988281e+02 9.3124966580e-14 4.1781880732e-14 4.6666361425e-14 4.6767244228e-15
3.3319091797e+02 9.3672559218e-14 4.1654392028e-14 4.7356659212e-14 4.6615079778e-15
3.3325195312e+02 9.2476072649e-14 4.1396614244e-14 4.6392074618e-14 4.6873837869e-15
3.3331298828e+02 9.2793713487e-14 4.1929179148e-14 4.6231871636e-14 4.6326627034e-15
3.3337402344e+02 9.2766317050e-14 4.1888460000e-14 4.6282088672e-14 4.5957683772e-15
3.3343505859e+02 9.3779676247e-14 4.1727308518e-14 4.7447225091e-14 4.6051426375e-15
3.3349609375e+02 9.3175229483e-14 4.1721893647e-14 4.6797923677e-14 4.6554121583e-15
3.3355712891e+02 9.2617660475e-14 4.1930416886e-14 4.6065112897e-14 4.6221306930e-15
3.3361816406e+02 9.2669692109e-14 4.1642170167e-14 4.6396814789e-14 4.6307071533e-15
3.3367919922e+02 9.3334990832e-14 4.2223610577e-14 4.6453210115e-14 4.6581701394e-15
3.3374023438e+02 9.3040620135e-14 4.1592092472e-14 4.6743927171e-14 4.7046004924e-15
3.3380126953e+02 9.4053310146e-14 4.1974790029e-14 4.7425937018e-14 4.6525830998e-15
3.3386230469e+02 9.2132731461e-14 4.1563756974e-14 4.5936553302e-14 4.6324211859e-15
3.3392333984e+02 9.2608954460e-14 4.1703034240e-14 4.6269621726e-14 4.6362984945e-15
3.3398437500e+02 9.3434411160e-14 4.1764134666e-14 4.7023672700e-14 4.6466037937e-15
3.3404541016e+02 9.2586534143e-14 4.1181480139e-14 4.6782339359e-14 4.6227146447e-15
3.3410644531e+02 9.2781428231e-14 4.1733612118e-14 4.6404260529e-14 4.6435555849e-15
3.3416748047e+02 9.3621491875e-14 4.1871153315e-14 4.7076004054e-14 4.6743345061e-15
3.3422851562e+02 9.3623614395e-14 4.1745829028e-14 4.7203556100e-14 4.6742292661e-15
3.3428955078e+02 9.2802191430e-14 4.1273076285e-14 4.6858393805e-14 4.6707213402e-15
3.3435058594e+02 9.2393327449e-14 4.1351886415e-14 4.6389976505e-14 4.6514645289e-15
3.3441162109e+02 9.3495591896e-14 4.1669141721e-14 4.7188212682e-14 4.6382374928e-15
3.3447265625e+02 9.2959907602e-14 4.1479686641e-14 4.6811650161e-14 4.6685707999e-15
3.3453369141e+02 9.2659956543e-14 4.1462641032e-14 4.6523103544e-14 4.6742119669e-15
3.3459472656e+02 9.2612088594e-14 4.1237591726e-14 4.6729277142e-14 4.6452197264e-15
3.3465576172e+02 9.2385539468e-14 4.1724915029e-14 4.5994518352e-14 4.6661060867e-15
3.3471679688e+02 9.2322459474e-14 4.1260763582e-14 4.6421434246e-14 4.6402616470e-15
3.3477783203e+02 9.2999131297e-14 4.1584383221e-14 4.6785153102e-14 4.6295949737e-15
3.3483886719e+02 9.2323810074e-14 4.1704698631e-14 4.5958534074e-14 4.6605773693e-15
3.3489990234e+02 9.2665171692e-14 4.1714057991e-14 4.6300754346e-14 4.6503593554e-15
3.3496093750e+02 9.3008460936e-14 4.1954734078e-14 4.6410306322e-14 4.6434205355e-15
3.3502197266e+02 9.4231013582e-14 4.2177970243e-14 4.7363951074e-14 4.6890922642e-15
3.3508300781e+02 9.2160349329e-14 4.1616272186e-14 4.5924630820e-14 4.6194463222e-15
3.3514404297e+02 9.1930004544e-14 4.0974466480e-14 4.6342410943e-14 4.6131271212e-15
3.3520507812e+02 9.2761452432e-14 4.1518989355e-14 4.6611364806e-14 4.6310982716e-15
3.3526611328e+02 9.2313276679e-14 4.1241531875e-14 4.6487608318e-14 4.5841364864e-15
3.3532714844e+02 9.0967572704e-14 4.0608745131e-14 4.5731105223e-14 4.6277223510e-15
3.3538818359e+02 9.1963640323e-14 4.1123696289e-14 4.6180491848e-14 4.6594521856e-15
3.3544921875e+02 9.2460768097e-14 4.1749723386e-14 4.6058211581e-14 4.6528331306e-15
3.3551025391e+02 9.1785435988e-14 4.1478311710e-14 4.5635276520e-14 4.6718477584e-15
3.3557128906e+02 9.2563652049e-14 4.1637398819e-14 4.6254841875e-14 4.6714113559e-15
3.3563232422e+02 9.1682694032e-14 4.0825711477e-14 4.6196569111e-14 4.6604134442e-15
3.3569335938e+02 9.0671402237e-14 4.0186715084e-14 4.5859055269e-14 4.6256318830e-15
3.3575439453e+02 9.2090691128e-14 4.0790246835e-14 4.6647161725e-14 4.6532825676e-15
3.3581542969e+02 9.3063793312e-14 4.1199730711e-14 4.7223294692e-14 4.6407679088e-15
3.3587646484e+02 9.2864807730e-14 4.1513858092e-14 4.6729607449e-14 4.6213421894e-15
3.3593750000e+02 9.2154798809e-14 4.0798649815e-14 4.6738136203e-14 4.6180127911e-15
3.3599853516e+02 9.1619415722e-14 4.0942872421e-14 4.6011346778e-14 4.6651965227e-15
3.3605957031e+02 9.1596428508e-14 4.1334340776e-14 4.5624596511e-14 4.6374912205e-15
3.3612060547e+02 9.2740426486e-14 4.1538706102e-14 4.6577955867e-14 4.6237645179e-15
3.3618164062e+02 9.3250706324e-14 4.1806603090e-14 4.6837943028e-14 4.6061602056e-15
3.3624267578e+02 9.2948124371e-14 4.1806405925e-14 4.6510365380e-14 4.6313530653e-15
3.3630371094e+02 9.2152735493e-14 4.1587321519e-14 4.5922673372e-14 4.6427406016e-15
3.3636474609e+02 9.1029627215e-14 4.0619192758e-14 4.5772411041e-14 4.6380234164e-15
3.3642578125e+02 9.0893657046e-14 4.0565359225e-14 4.5677535913e-14 4.6507619085e-15
3.3648681641e+02 9.2102216530e-14 4.1737595741e-14 4.5705037978e-14 4.6595828106e-15
3.3654785156e+02 9.1857108591e-14 4.1341824241e-14 4.5878467044e-14 4.6368173058e-15
3.3660888672e+02 9.1040372957e-14 4.0840250174e-14 4.5524847934e-14 4.6752748493e-15
3.3666992188e+02 9.1729656683e-14 4.1209773313e-14 4.5883327510e-14 4.6365558601e-15
3.3673095703e+02 9.2184741539e-14 4.0974366980e-14 4.6572371005e-14 4.6380035529e-15
3.3679199219e+02 9.1637925658e-14 4.1093184926e-14 4.5928765101e-14 4.6159756313e-15
3.3685302734e+02 9.1957183570e-14 4.1303651502e-14 4.6017280016e-14 4.6362520519e-15
3.3691406250e+02 9.1186292230e-14 4.0799307626e-14 4.5737624084e-14 4.6493605200e-15
3.3697509766e+02 9.1067494205e-14 4.0854410594e-14 4.5612112905e-14 4.6009707062e-15
3.3703613281e+02 9.1144275667e-14 4.0884802858e-14 4.5649797226e-14 4.6096755835e-15
3.3709716797e+02 9.2856411890e-14 4.1397755416e-14 4.6822254766e-14 4.6364017084e-15
3.3715820312e+02 9.2321540532e-14 4.1288911087e-14 4.6429527016e-14 4.6031024286e-15
3.3721923828e+02 9.0913288345e-14 4.0765880789e-14 4.5535849140e-14 4.6115584150e-15
3.3728027344e+02 9.0582602972e-14 4.0872789738e-14 4.5110440332e-14 4.5993729021e-15
3.3734130859e+02 9.0585522132e-14 4.0909202969e-14 4.5070095065e-14 4.6062240986e-15
3.3740234375e+02 9.1673357237e-14 4.1166792121e-14 4.5900041699e-14 4.6065234183e-15
3.3746337891e+02 9.1448866183e-14 4.1019631952e-14 4.5783694397e-14 4.6455398329e-15
3.3752441406e+02 9.0605671488e-14 4.0637957703e-14 4.5281627243e-14 4.6860865426e-15
3.3758544922e+02 8.9940926265e-14 4.0498655706e-14 4.4824416372e-14 4.6178541860e-15
3.3764648438e+02 8.9971962495e-14 4.0403903623e-14 4.4963132671e-14 4.6049262018e-15
3.3770751953e+02 9.1432974506e-14 4.0930855569e-14 4.5833081414e-14 4.6690375226e-15
3.3776855469e+02 9.1917616961e-14 4.1564922385e-14 4.5702019890e-14 4.6506746862e-15
3.3782958984e+02 9.0606248196e-14 4.0643347321e-14 4.5338038116e-14 4.6248627586e-15
3.3789062500e+02 9.0545425319e-14 4.0031517180e-14 4.5870754812e-14 4.6431533271e-15
3.3795166016e+02 9.0800720135e-14 4.0083070006e-14 4.6114150039e-14 4.6035000905e-15
3.3801269531e+02 9.0375731819e-14 4.0396291648e-14 4.5368485434e-14 4.6109547370e-15
3.3807373047e+02 9.0258665108e-14 4.0766406085e-14 4.4837714000e-14 4.6545450232e-15
3.3813476562e+02 9.0388022847e-14 4.0579235808e-14 4.5121991555e-14 4.6867954836e-15
3.3819580078e+02 8.9911957280e-14 4.0423480084e-14 4.4838041111e-14 4.6504360846e-15
3.3825683594e+02 9.1851859840e-14 4.1333490652e-14 4.5889181715e-14 4.6291874728e-15
3.3831787109e+02 9.1611955246e-14 4.0918369652e-14 4.6075234964e-14 4.6183506299e-15
3.3837890625e+02 9.0846546652e-14 4.0609581055e-14 4.5598216668e-14 4.6387489291e-15
3.3843994141e+02 9.1067680894e-14 4.0594002267e-14 4.5864484801e-14 4.6091938267e-15
3.3850097656e+02 9.1659687367e-14 4.1059852760e-14 4.5982811792e-14 4.6170228153e-15
3.3856201172e+02 9.0626912752e-14 4.0022569619e-14 4.5955607328e-14 4.6487358057e-15
3.3862304688e+02 9.0311497189e-14 4.0264584277e-14 4.5402658848e-14 4.6442540648e-15
3.3868408203e+02 9.1471297844e-14 4.1179367528e-14 4.5664442048e-14 4.6274882681e-15
3.3874511719e+02 9.1344326911e-14 4.0497557079e-14 4.6219007392e-14 4.6277624400e-15
3.3880615234e+02 9.0034540116e-14 3.9795751850e-14 4.5579288071e-14 4.6595001946e-15
3.3886718750e+02 8.9565226094e-14 3.9956410013e-14 4.4975175744e-14 4.6336403358e-15
3.3892822266e+02 9.1051965537e-14 4.0277175670e-14 4.6149843944e-14 4.6249459226e-15
3.3898925781e+02 9.0283569358e-14 3.9985240450e-14 4.5701110175e-14 4.5972187337e-15
3.3905029297e+02 8.8942513953e-14 3.9909416767e-14 4.4426110275e-14 4.6069869116e-15
3.3911132812e+02 8.8694928803e-14 3.9453170020e-14 4.4563863609e-14 4.6778951751e-15
3.3917236328e+02 8.9727576390e-14 3.9752874097e-14 4.5319766298e-14 4.6549359949e-15
3.3923339844e+02 9.0984499540e-14 4.0400890700e-14 4.5956966299e-14 4.6266425401e-15
3.3929443359e+02 9.1362011319e-14 4.0908177154e-14 4.5845544706e-14 4.6082894590e-15
3.3935546875e+02 9.1598305823e-14 4.1133831480e-14 4.5865911069e-14 4.5985632737e-15
3.3941650391e+02 9.0986547102e-14 4.0884279524e-14 4.5498913706e-14 4.6033538713e-15
3.3947753906e+02 8.9739863362e-14 4.0296822546e-14 4.4841195014e-14 4.6018458020e-15
3.3953857422e+02 8.9858288782e-14 4.0221824219e-14 4.4982268727e-14 4.6541958358e-15
3.3959960938e+02 9.0254778916e-14 4.0299262697e-14 4.5264177422e-14 4.6913387963e-15
3.3966064453e+02 9.0262032927e-14 4.0524168139e-14 4.5100608052e-14 4.6372567358e-15
3.3972167969e+02 8.9945652884e-14 4.0338909254e-14 4.4932876292e-14 4.6738673383e-15
3.3978271484e+02 8.9790059274e-14 4.0461804198e-14 4.4635581156e-14 4.6926739200e-15
3.3984375000e+02 8.9518118053e-14 4.0305142576e-14 4.4560538037e-14 4.6524374401e-15
3.3990478516e+02 8.9575960727e-14 3.9944873419e-14 4.4970501687e-14 4.6605856208e-15
3.3996582031e+02 9.0551267492e-14 4.0172480226e-14 4.5765637089e-14 4.6131501764e-15
3.4002685547e+02 8.8829335288e-14 3.9700163172e-14 4.4466369807e-14 4.6628023083e-15
3.4008789062e+02 9.0083733783e-14 4.0173076757e-14 4.5230129270e-14 4.6805277565e-15
3.4014892578e+02 9.0568592410e-14 4.0682435694e-14 4.5241783126e-14 4.6443735893e-15
3.4020996094e+02 9.0826157189e-14 4.0899407178e-14 4.5269488437e-14 4.6572615753e-15
3.4027099609e+02 9.0074687905e-14 4.0713556368e-14 4.4703521324e-14 4.6576102136e-15
3.4033203125e+02 8.9754175159e-14 4.0540079866e-14 4.4575196653e-14 4.6388986405e-15
3.4039306641e+02 8.9697310464e-14 4.0027381124e-14 4.5038408731e-14 4.6315206101e-15
3.4045410156e+02 9.0011018648e-14 3.9725697643e-14 4.5733995670e-14 4.5513253350e-15
3.4051513672e+02 9.0161521450e-14 3.9970645829e-14 4.5629876271e-14 4.5609993500e-15
3.4057617188e+02 9.0571789430e-14 4.0873033092e-14 4.5079589639e-14 4.6191666987e-15
3.4063720703e+02 9.0156996465e-14 4.0893155718e-14 4.4632361992e-14 4.6314787547e-15
3.4069824219e+02 8.8757805065e-14 4.0267693854e-14 4.3853310183e-14 4.6368010276e-15
3.4075927734e+02 8.8514985757e-14 3.9987649655e-14 4.3903580847e-14 4.6237552550e-15
3.4082031250e+02 8.9700987411e-14 4.0217728330e-14 4.4894401977e-14 4.5888571034e-15
3.4088134766e+02 9.0464799539e-14 4.0400477989e-14 4.5457199959e-14 4.6071215913e-15
3.4094238281e+02 8.9351641922e-14 4.0040157126e-14 4.4723962920e-14 4.5875218768e-15
3.4100341797e+02 8.9078754396e-14 3.9679944791e-14 4.4794401887e-14 4.6044077184e-15
3.4106445312e+02 8.9020815001e-14 3.9481690347e-14 4.4866645724e-14 4.6724789306e-15
3.4112548828e+02 8.8496725545e-14 3.9249076366e-14 4.4571339804e-14 4.6763093751e-15
3.4118652344e+02 8.8390794330e-14 3.9751336266e-14 4.4045582017e-14 4.5938760474e-15
3.4124755859e+02 8.9537676928e-14 3.9721146217e-14 4.5210134275e-14 4.6063964359e-15
3.4130859375e+02 8.9951569654e-14 4.0012971444e-14 4.5268308224e-14 4.6702899864e-15
3.4136962891e+02 8.9682253246e-14 4.0523120475e-14 4.4502597131e-14 4.6565356409e-15
3.4143066406e+02 9.1035165247e-14 4.1203849040e-14 4.5169245565e-14 4.6620706422e-15
3.4149169922e+02 9.1065613605e-14 4.0650852891e-14 4.5742547073e-14 4.6722136410e-15
3.4155273438e+02 9.0632904701e-14 4.0124516633e-14 4.5909180498e-14 4.5992075706e-15
3.4161376953e+02 9.0479790715e-14 3.9770574704e-14 4.6103437887e-14 4.6057781245e-15
3.4167480469e+02 8.9995919941e-14 3.9603732928e-14 4.5764315186e-14 4.6278718275e-15
3.4173583984e+02 8.9258837245e-14 4.0271599478e-14 4.4365694463e-14 4.6215433040e-15
3.4179687500e+02 8.8521433480e-14 4.0115412283e-14 4.3801494329e-14 4.6045268684e-15
3.4185791016e+02 8.8818278160e-14 3.9770682909e-14 4.4450113405e-14 4.5974818461e-15
3.4191894531e+02 8.9574104532e-14 3.9894830296e-14 4.5059269796e-14 4.6200044407e-15
3.4197998047e+02 8.8956993282e-14 3.9676968784e-14 4.4689446206e-14 4.5905782912e-15
3.4204101562e+02 8.9091062079e-14 3.9624172802e-14 4.4832164512e-14 4.6347247655e-15
3.4210205078e+02 8.8972917070e-14 3.9707818147e-14 4.4617638563e-14 4.6474603604e-15
3.4216308594e+02 8.9295413291e-14 3.9580036240e-14 4.5120332930e-14 4.5950441220e-15
3.4222412109e+02 8.8291398632e-14 3.9589350011e-14 4.4090586524e-14 4.6114620978e-15
3.4228515625e+02 8.8663081194e-14 3.9787498847e-14 4.4212740876e-14 4.6628414708e-15
3.4234619141e+02 8.9466861704e-14 4.0307994090e-14 4.4462641243e-14 4.6962263707e-15
3.4240722656e+02 8.8036149939e-14 3.9810958828e-14 4.3587920809e-14 4.6372703028e-15
3.4246826172e+02 8.7877878163e-14 3.9181623619e-14 4.4105352557e-14 4.5909019874e-15
3.4252929688e+02 8.8873814339e-14 3.8996255787e-14 4.5268630414e-14 4.6089281382e-15
3.4259033203e+02 8.8818971321e-14 3.9206557328e-14 4.4964014654e-14 4.6483993395e-15
3.4265136719e+02 8.9380290607e-14 3.9497194553e-14 4.5258797301e-14 4.6242987528e-15
3.4271240234e+02 8.9237553220e-14 3.9783827543e-14 4.4830065173e-14 4.6236605036e-15
3.4277343750e+02 8.7750577663e-14 3.9268590891e-14 4.3860535609e-14 4.6214511622e-15
3.4283447266e+02 8.7992292518e-14 3.9532847060e-14 4.3830161358e-14 4.6292841003e-15
3.4289550781e+02 8.9773096458e-14 4.0253415506e-14 4.4897916565e-14 4.6217643867e-15
3.4295654297e+02 8.9554009013e-14 4.0140617214e-14 4.4815884419e-14 4.5975073792e-15
3.4301757812e+02 8.9280616029e-14 4.0109029188e-14 4.4553918781e-14 4.6176680597e-15
3.4307861328e+02 9.0240781309e-14 4.0390254077e-14 4.5239786193e-14 4.6107410391e-15
3.4313964844e+02 8.9562071241e-14 3.9706079525e-14 4.5241460107e-14 4.6145316094e-15
3.4320068359e+02 8.8322861727e-14 3.9576440136e-14 4.4156063478e-14 4.5903581129e-15
3.4326171875e+02 8.8112715669e-14 3.9580312560e-14 4.3946273368e-14 4.5861297410e-15
3.4332275391e+02 8.8736168846e-14 3.9505599507e-14 4.4623993640e-14 4.6065756989e-15
3.4338378906e+02 8.8341387342e-14 3.9439486176e-14 4.4290855610e-14 4.6110455571e-15
3.4344482422e+02 8.8794725099e-14 3.9610964247e-14 4.4589235874e-14 4.5945249782e-15
3.4350585938e+02 8.9567201027e-14 3.9584438604e-14 4.5357126087e-14 4.6256363367e-15
3.4356689453e+02 8.9021673177e-14 3.9696025476e-14 4.4737494455e-14 4.5881532465e-15
3.4362792969e+02 8.7863236186e-14 3.9735846207e-14 4.3531641779e-14 4.5957481995e-15
3.4368896484e+02 8.8095377441e-14 3.9365879710e-14 4.4127026281e-14 4.6024714505e-15
3.4375000000e+02 8.8247628086e-14 3.9497329456e-14 4.4135228513e-14 4.6150701160e-15
3.4381103516e+02 8.8404559845e-14 3.9650576741e-14 4.4139760263e-14 4.6142228408e-15
3.4387207031e+02 8.8568702376e-14 3.9240933245e-14 4.4750988512e-14 4.5767806194e-15
3.4393310547e+02 8.8437778821e-14 3.9303920533e-14 4.4532822551e-14 4.6010357368e-15
3.4399414062e+02 8.8059335827e-14 3.9490073003e-14 4.3936062949e-14 4.6331998760e-15
3.4405517578e+02 8.7637127430e-14 3.9334099061e-14 4.3705332089e-14 4.5976962798e-15
3.4411621094e+02 8.8155106491e-14 3.9787202852e-14 4.3772472497e-14 4.5954311424e-15
3.4417724609e+02 8.7944022898e-14 3.9609733018e-14 4.3718043620e-14 4.6162462594e-15
3.4423828125e+02 8.7646392014e-14 3.9101667254e-14 4.3940980082e-14 4.6037446778e-15
3.4429931641e+02 8.7687904008e-14 3.9076098438e-14 4.4007318192e-14 4.6044873782e-15
3.4436035156e+02 8.9010534193e-14 3.9642738503e-14 4.4786161981e-14 4.5816337091e-15
3.4442138672e+02 8.9426636093e-14 3.9962693726e-14 4.4877361082e-14 4.5865812845e-15
3.4448242188e+02 8.8835986853e-14 3.9836997032e-14 4.4363649552e-14 4.6353402686e-15
3.4454345703e+02 8.8492778714e-14 3.9365905540e-14 4.4519476646e-14 4.6073965283e-15
3.4460449219e+02 8.8051482014e-14 3.9168640963e-14 4.4301360355e-14 4.5814806962e-15
3.4466552734e+02 8.8390517654e-14 3.9668189026e-14 4.4119784860e-14 4.6025437678e-15
3.4472656250e+02 8.8887219487e-14 3.9623698115e-14 4.4664037435e-14 4.5994839368e-15
3.4478759766e+02 8.7890155918e-14 3.9270030954e-14 4.4004572378e-14 4.6155525860e-15
3.4484863281e+02 8.7432076192e-14 3.9121745619e-14 4.3706117692e-14 4.6042128810e-15
3.4490966797e+02 8.7055357738e-14 3.9354290817e-14 4.3091514784e-14 4.6095521365e-15
3.4497070312e+02 8.6570244701e-14 3.9168453114e-14 4.2832470942e-14 4.5693206446e-15
3.4503173828e+02 8.7735855950e-14 3.9843646721e-14 4.3340788149e-14 4.5514210795e-15
3.4509277344e+02 8.8522543574e-14 4.0053075834e-14 4.3935927207e-14 4.5335405335e-15
3.4515380859e+02 8.7652216173e-14 3.9653561561e-14 4.3414721510e-14 4.5839331016e-15
3.4521484375e+02 8.7750058386e-14 3.9729441105e-14 4.3431951433e-14 4.5886658481e-15
3.4527587891e+02 8.7428733709e-14 3.9325795467e-14 4.3552710509e-14 4.5502277325e-15
3.4533691406e+02 8.7778094911e-14 3.9019275117e-14 4.4190104881e-14 4.5687149129e-15
3.4539794922e+02 8.9011301187e-14 3.9897575827e-14 4.4510199725e-14 4.6035256339e-15
3.4545898438e+02 8.8789302656e-14 3.9858673383e-14 4.4336593449e-14 4.5940358242e-15
3.4552001953e+02 8.8830166531e-14 3.9857498705e-14 4.4412160974e-14 4.5605068531e-15
3.4558105469e+02 8.8306754086e-14 3.9229268959e-14 4.4495395279e-14 4.5820898476e-15
3.4564208984e+02 8.6482176773e-14 3.8900890269e-14 4.3003414559e-14 4.5778719452e-15
3.4570312500e+02 8.6987426234e-14 3.8944456959e-14 4.3454594836e-14 4.5883744383e-15
3.4576416016e+02 8.7638287162e-14 3.9209204708e-14 4.3870042557e-14 4.5590398964e-15
3.4582519531e+02 8.8783013260e-14 3.9633632768e-14 4.4571167681e-14 4.5782128112e-15
3.4588623047e+02 8.8192894774e-14 3.9615185797e-14 4.3919632703e-14 4.6580762737e-15
3.4594726562e+02 8.7054444778e-14 3.9274064229e-14 4.3142693105e-14 4.6376874440e-15
3.4600830078e+02 8.7476685266e-14 3.9478140576e-14 4.3417780877e-14 4.5807638132e-15
3.4606933594e+02 8.7631678776e-14 3.9459900462e-14 4.3610830845e-14 4.5609474685e-15
3.4613037109e+02 8.7557537597e-14 3.9302597754e-14 4.3720876738e-14 4.5340631047e-15
3.4619140625e+02 8.7553863692e-14 3.9002229179e-14 4.3952193716e-14 4.5994407972e-15
3.4625244141e+02 8.7860523109e-14 3.9349041103e-14 4.3900646732e-14 4.6108352739e-15
3.4631347656e+02 8.7814223919e-14 3.8999080141e-14 4.4191112537e-14 4.6240312408e-15
3.4637451172e+02 8.7985599517e-14 3.8828602152e-14 4.4550734375e-14 4.6062629893e-15
3.4643554688e+02 8.7622887674e-14 3.8733550946e-14 4.4311983936e-14 4.5773527918e-15
3.4649658203e+02 8.7322128879e-14 3.9069452865e-14 4.3683652254e-14 4.5690237597e-15
3.4655761719e+02 8.7265720995e-14 3.8765115817e-14 4.3930779058e-14 4.5698261198e-15
3.4661865234e+02 8.7435413417e-14 3.8537423206e-14 4.4285416082e-14 4.6125741293e-15
3.4667968750e+02 8.6884321567e-14 3.9015482823e-14 4.3281681596e-14 4.5871571480e-15
3.4674072266e+02 8.7171238358e-14 3.9139209687e-14 4.3459888389e-14 4.5721402822e-15
3.4680175781e+02 8.6355714665e-14 3.8424227436e-14 4.3311802100e-14 4.6196851285e-15
3.4686279297e+02 8.5777382604e-14 3.8216716326e-14 4.2954710321e-14 4.6059559574e-15
3.4692382812e+02 8.6328581324e-14 3.8393333232e-14 4.3335629198e-14 4.5996188940e-15
3.4698486328e+02 8.6696149445e-14 3.8379314023e-14 4.3716715551e-14 4.6001198717e-15
3.4704589844e+02 8.6525843885e-14 3.8630131446e-14 4.3306505283e-14 4.5892071562e-15
3.4710693359e+02 8.7071582816e-14 3.9077790339e-14 4.3346317566e-14 4.6474749111e-15
3.4716796875e+02 8.8050099369e-14 3.9769487574e-14 4.3620649498e-14 4.6599622977e-15
3.4722900391e+02 8.8445027332e-14 3.8994008680e-14 4.4819521618e-14 4.6314970338e-15
3.4729003906e+02 8.7241941380e-14 3.9060409037e-14 4.3574177581e-14 4.6073547619e-15
3.4735107422e+02 8.6232780129e-14 3.8921491809e-14 4.2736251863e-14 4.5750364572e-15
3.4741210938e+02 8.5608445616e-14 3.8426149629e-14 4.2610549917e-14 4.5717460704e-15
3.4747314453e+02 8.6668379531e-14 3.8835927814e-14 4.3229057666e-14 4.6033940510e-15
3.4753417969e+02 8.7214007744e-14 3.8877126188e-14 4.3679385651e-14 4.6574959049e-15
3.4759521484e+02 8.6845812258e-14 3.8325312853e-14 4.3895452764e-14 4.6250466408e-15
3.4765625000e+02 8.5910713633e-14 3.8513310412e-14 4.2803726526e-14 4.5936766952e-15
3.4771728516e+02 8.7562034902e-14 3.9624122827e-14 4.3353872057e-14 4.5840400174e-15
3.4777832031e+02 8.6465852789e-14 3.8213422375e-14 4.3684148778e-14 4.5682816355e-15
3.4783935547e+02 8.5948170613e-14 3.8290311546e-14 4.3100975294e-14 4.5568837725e-15
3.4790039062e+02 8.6415752727e-14 3.8844663514e-14 4.2992517638e-14 4.5785715752e-15
3.4796142578e+02 8.6589540049e-14 3.8885096460e-14 4.3097750396e-14 4.6066931937e-15
3.4802246094e+02 8.5596080282e-14 3.8652580686e-14 4.2341229605e-14 4.6022699922e-15
3.4808349609e+02 8.6865499529e-14 3.8572964816e-14 4.3734879899e-14 4.5576548146e-15
3.4814453125e+02 8.7267069456e-14 3.8533540502e-14 4.4129007296e-14 4.6045216567e-15
3.4820556641e+02 8.6654787593e-14 3.8571542109e-14 4.3511683736e-14 4.5715617483e-15
3.4826660156e+02 8.6518971130e-14 3.8461146499e-14 4.3451633448e-14 4.6061911828e-15
3.4832763672e+02 8.6310215307e-14 3.8697202325e-14 4.2993960015e-14 4.6190529662e-15
3.4838867188e+02 8.7152517374e-14 3.9253743727e-14 4.3267372515e-14 4.6314011323e-15
3.4844970703e+02 8.7633708170e-14 3.8763019768e-14 4.4208378780e-14 4.6623096223e-15
3.4851074219e+02 8.7292295309e-14 3.9128378614e-14 4.3554672132e-14 4.6092445626e-15
3.4857177734e+02 8.6345957720e-14 3.8594212210e-14 4.3155899865e-14 4.5958456441e-15
3.4863281250e+02 8.6339678069e-14 3.8924330284e-14 4.2833575489e-14 4.5817722964e-15
3.4869384766e+02 8.7441369322e-14 3.9409268314e-14 4.3466339493e-14 4.5657615141e-15
3.4875488281e+02 8.7018579785e-14 3.8973259204e-14 4.3441956733e-14 4.6033638476e-15
3.4881591797e+02 8.6052598155e-14 3.8473639525e-14 4.2993885792e-14 4.5850728380e-15
3.4887695312e+02 8.6099256018e-14 3.8316154829e-14 4.3242116444e-14 4.5409847452e-15
3.4893798828e+02 8.6246748693e-14 3.8074676339e-14 4.3589945395e-14 4.5821269591e-15
3.4899902344e+02 8.8054802281e-14 3.9127602807e-14 4.4350713066e-14 4.5764864091e-15
3.4906005859e+02 8.7529110031e-14 3.9065105175e-14 4.3901620402e-14 4.5623844539e-15
3.4912109375e+02 8.7605718191e-14 3.8830809088e-14 4.4197168146e-14 4.5777409574e-15
3.4918212891e+02 8.6951774388e-14 3.8684341303e-14 4.3680898438e-14 4.5865346467e-15
3.4924316406e+02 8.6556622181e-14 3.8510893521e-14 4.3458229670e-14 4.5874989896e-15
3.4930419922e+02 8.6162978276e-14 3.8538169147e-14 4.3073145773e-14 4.5516633563e-15
3.4936523438e+02 8.5799412824e-14 3.8502224695e-14 4.2697114344e-14 4.6000737856e-15
3.4942626953e+02 8.5783134250e-14 3.8511180748e-14 4.2679522720e-14 4.5924307817e-15
3.4948730469e+02 8.5875379468e-14 3.8773283931e-14 4.2500657270e-14 4.6014382673e-15
3.4954833984e+02 8.5799528555e-14 3.8337417420e-14 4.2876223524e-14 4.5858876109e-15
3.4960937500e+02 8.6836889418e-14 3.8669471039e-14 4.3569735723e-14 4.5976826558e-15
3.4967041016e+02 8.6141518619e-14 3.8595160852e-14 4.2922835998e-14 4.6235217691e-15
3.4973144531e+02 8.4821903850e-14 3.8300259186e-14 4.1938417659e-14 4.5832270047e-15
3.4979248047e+02 8.5567554763e-14 3.8250285522e-14 4.2697939683e-14 4.6193295576e-15
3.4985351562e+02 8.6420071527e-14 3.8286585726e-14 4.3532820230e-14 4.6006655711e-15
3.4991455078e+02 8.5638946615e-14 3.8469778353e-14 4.2602409414e-14 4.5667588483e-15
3.4997558594e+02 8.4924480051e-14 3.8173441462e-14 4.2192660555e-14 4.5583780339e-15
3.5003662109e+02 8.6001870438e-14 3.8546495257e-14 4.2892856309e-14 4.5625188719e-15
3.5009765625e+02 8.6397771569e-14 3.8588920201e-14 4.3210559359e-14 4.5982920089e-15
3.5015869141e+02 8.6544147385e-14 3.8286052171e-14 4.3668828487e-14 4.5892667264e-15
3.5021972656e+02 8.5594518493e-14 3.7974244890e-14 4.3085838563e-14 4.5344350402e-15
3.5028076172e+02 8.5257063429e-14 3.7982395567e-14 4.2738819619e-14 4.5358482426e-15
3.5034179688e+02 8.5854420683e-14 3.7766134688e-14 4.3486359489e-14 4.6019265063e-15
3.5040283203e+02 8.5083577103e-14 3.7898516136e-14 4.2533595123e-14 4.6514658444e-15
3.5046386719e+02 8.5664670341e-14 3.8465749700e-14 4.2595354708e-14 4.6035659334e-15
3.5052490234e+02 8.5629868972e-14 3.8380343260e-14 4.2646467057e-14 4.6030586546e-15
3.5058593750e+02 8.4620290839e-14 3.7860028300e-14 4.2146382927e-14 4.6138796115e-15
3.5064697266e+02 8.5579039443e-14 3.8444911089e-14 4.2531261699e-14 4.6028666552e-15
3.5070800781e+02 8.4757679945e-14 3.8074703544e-14 4.2109654919e-14 4.5733214818e-15
3.5076904297e+02 8.3938494271e-14 3.7586620582e-14 4.1778521391e-14 4.5733522983e-15
3.5083007812e+02 8.4560119620e-14 3.8031646609e-14 4.1962353226e-14 4.5661197857e-15
3.5089111328e+02 8.6200450499e-14 3.8287853502e-14 4.3330399555e-14 4.5821974421e-15
3.5095214844e+02 8.5954677502e-14 3.8302587480e-14 4.3066116191e-14 4.5859738310e-15
3.5101318359e+02 8.6131543652e-14 3.8308293818e-14 4.3214571919e-14 4.6086779153e-15
3.5107421875e+02 8.6189900920e-14 3.8318881310e-14 4.3292409709e-14 4.5786099008e-15
3.5113525391e+02 8.5896305581e-14 3.8546977515e-14 4.2738013600e-14 4.6113144663e-15
3.5119628906e+02 8.6237955634e-14 3.8798800001e-14 4.2803603810e-14 4.6355518229e-15
3.5125732422e+02 8.5349654043e-14 3.8335898227e-14 4.2433487491e-14 4.5802683245e-15
3.5131835938e+02 8.4992142303e-14 3.8026304342e-14 4.2383795919e-14 4.5820420416e-15
3.5137939453e+02 8.5249134622e-14 3.8157309266e-14 4.2526131439e-14 4.5656939172e-15
3.5144042969e+02 8.4971357677e-14 3.8066556415e-14 4.2306214212e-14 4.5985870498e-15
3.5150146484e+02 8.5389258384e-14 3.8271180254e-14 4.2500531522e-14 4.6175466073e-15
3.5156250000e+02 8.5849818512e-14 3.8262665647e-14 4.2935359967e-14 4.6517928980e-15
3.5162353516e+02 8.5358334573e-14 3.8218651272e-14 4.2532579488e-14 4.6071038132e-15
3.5168457031e+02 8.5010179153e-14 3.7885651005e-14 4.2538461981e-14 4.5860661677e-15
3.5174560547e+02 8.5034952290e-14 3.7896042384e-14 4.2554148534e-14 4.5847613716e-15
3.5180664062e+02 8.5609961900e-14 3.8269057770e-14 4.2745248171e-14 4.5956559595e-15
3.5186767578e+02 8.4974918544e-14 3.7792354261e-14 4.2569309591e-14 4.6132546927e-15
3.5192871094e+02 8.4725113448e-14 3.7507513457e-14 4.2618851476e-14 4.5987485144e-15
3.5198974609e+02 8.4594082140e-14 3.7623210879e-14 4.2372703512e-14 4.5981677486e-15
3.5205078125e+02 8.5719597239e-14 3.8730676907e-14 4.2358140639e-14 4.6307796926e-15
3.5211181641e+02 8.4988464359e-14 3.8898647394e-14 4.1509252770e-14 4.5805641951e-15
3.5217285156e+02 8.5088601515e-14 3.7844346917e-14 4.2690384554e-14 4.5538700433e-15
3.5223388672e+02 8.5401888805e-14 3.7821330237e-14 4.2953077037e-14 4.6274815309e-15
3.5229492188e+02 8.5471903258e-14 3.8084817347e-14 4.2741145274e-14 4.6459406368e-15
3.5235595703e+02 8.5333720099e-14 3.8102640038e-14 4.2707781308e-14 4.5232987526e-15
3.5241699219e+02 8.4958423329e-14 3.8208113982e-14 4.2249570755e-14 4.5007385923e-15
3.5247802734e+02 8.5083189924e-14 3.8184067087e-14 4.2341517451e-14 4.5576053859e-15
3.5253906250e+02 8.5361311128e-14 3.8220519815e-14 4.2561871720e-14 4.5789195933e-15
3.5260009766e+02 8.5198148253e-14 3.7551671888e-14 4.2993621535e-14 4.6528548305e-15
3.5266113281e+02 8.5435476754e-14 3.7908088919e-14 4.2858842708e-14 4.6685451276e-15
3.5272216797e+02 8.4918488217e-14 3.7883706562e-14 4.2445165327e-14 4.5896163274e-15
3.5278320312e+02 8.3943603354e-14 3.7386605309e-14 4.2002600808e-14 4.5543972368e-15
3.5284423828e+02 8.5309989927e-14 3.7913851241e-14 4.2756835296e-14 4.6393033900e-15
3.5290527344e+02 8.5341918245e-14 3.8426603449e-14 4.2273174778e-14 4.6421400179e-15
3.5296630859e+02 8.5354569123e-14 3.8078085877e-14 4.2688735002e-14 4.5877482433e-15
3.5302734375e+02 8.6008308232e-14 3.8850247532e-14 4.2568856572e-14 4.5892041281e-15
3.5308837891e+02 8.5931270598e-14 3.8273331419e-14 4.3114806504e-14 4.5431326750e-15
3.5314941406e+02 8.5857785346e-14 3.8416980710e-14 4.2890069970e-14 4.5507346658e-15
3.5321044922e+02 8.5832327530e-14 3.8342220874e-14 4.2877705507e-14 4.6124011493e-15
3.5327148438e+02 8.4530693269e-14 3.7746329872e-14 4.2203641212e-14 4.5807221850e-15
3.5333251953e+02 8.4821133874e-14 3.7784733331e-14 4.2498737582e-14 4.5376629612e-15
3.5339355469e+02 8.5528824289e-14 3.7987665153e-14 4.2941982411e-14 4.5991767254e-15
3.5345458984e+02 8.6092974350e-14 3.8414929999e-14 4.3060743871e-14 4.6173004796e-15
3.5351562500e+02 8.4862178387e-14 3.7450190778e-14 4.2795010670e-14 4.6169769386e-15
3.5357666016e+02 8.5217216397e-14 3.7663896290e-14 4.2991692411e-14 4.5616276965e-15
3.5363769531e+02 8.5314677156e-14 3.8390646824e-14 4.2363127027e-14 4.5609033054e-15
3.5369873047e+02 8.4939509880e-14 3.8318816452e-14 4.2058620520e-14 4.5620729079e-15
3.5375976562e+02 8.3509614547e-14 3.7149681088e-14 4.1794286033e-14 4.5656474257e-15
3.5382080078e+02 8.3312717711e-14 3.7252188088e-14 4.1522817791e-14 4.5377118310e-15
3.5388183594e+02 8.3929460935e-14 3.7535919815e-14 4.1862165753e-14 4.5313753673e-15
3.5394287109e+02 8.4261573672e-14 3.7285201294e-14 4.2414794901e-14 4.5615774774e-15
3.5400390625e+02 8.3942052696e-14 3.7347623109e-14 4.2025568830e-14 4.5688607565e-15
3.5406494141e+02 8.4236680836e-14 3.7238273073e-14 4.2364203545e-14 4.6342042177e-15
3.5412597656e+02 8.4606853962e-14 3.7421162906e-14 4.2561673008e-14 4.6240180479e-15
3.5418701172e+02 8.4391171768e-14 3.7972142851e-14 4.1829183065e-14 4.5898458512e-15
3.5424804688e+02 8.3858941122e-14 3.7173242374e-14 4.2134279709e-14 4.5514190396e-15
3.5430908203e+02 8.4563516129e-14 3.7381906625e-14 4.2629513363e-14 4.5520961413e-15
3.5437011719e+02 8.4919758057e-14 3.7775215052e-14 4.2571463458e-14 4.5730795476e-15
3.5443115234e+02 8.4320230956e-14 3.7968366919e-14 4.1729588384e-14 4.6222756526e-15
3.5449218750e+02 8.3833120058e-14 3.8016631002e-14 4.1216899942e-14 4.5995891136e-15
3.5455322266e+02 8.4523312166e-14 3.7690206563e-14 4.2215181532e-14 4.6179240706e-15
3.5461425781e+02 8.4659023288e-14 3.7809841501e-14 4.2270869677e-14 4.5783121100e-15
3.5467529297e+02 8.4727279362e-14 3.7920621659e-14 4.2238262163e-14 4.5683955402e-15
3.5473632812e+02 8.5386602322e-14 3.8059723351e-14 4.2748743477e-14 4.5781354944e-15
3.5479736328e+02 8.5649325610e-14 3.8002516812e-14 4.3064596264e-14 4.5822125338e-15
3.5485839844e+02 8.4987349720e-14 3.7964199667e-14 4.2448168920e-14 4.5749811327e-15
3.5491943359e+02 8.4309826264e-14 3.7691667186e-14 4.2012512028e-14 4.6056470496e-15
3.5498046875e+02 8.4054334197e-14 3.7131514700e-14 4.2307922040e-14 4.6148974563e-15
3.5504150391e+02 8.3892720752e-14 3.7285183461e-14 4.2035776041e-14 4.5717612507e-15
3.5510253906e+02 8.4027204857e-14 3.7969551946e-14 4.1516092098e-14 4.5415608125e-15
3.5516357422e+02 8.3524897422e-14 3.7426216696e-14 4.1527422405e-14 4.5712583208e-15
3.5522460938e+02 8.3563571339e-14 3.7305256184e-14 4.1671083719e-14 4.5872314361e-15
3.5528564453e+02 8.2884470580e-14 3.7041111432e-14 4.1269761194e-14 4.5735979528e-15
3.5534667969e+02 8.3481168769e-14 3.6901282923e-14 4.1999378592e-14 4.5805072551e-15
3.5540771484e+02 8.3433295597e-14 3.6967159939e-14 4.1869196217e-14 4.5969394413e-15
3.5546875000e+02 8.3193012293e-14 3.6686306236e-14 4.1908187473e-14 4.5985185841e-15
3.5552978516e+02 8.4376348015e-14 3.7719510013e-14 4.2067355299e-14 4.5894827030e-15
3.5559082031e+02 8.2681464307e-14 3.6799041108e-14 4.1303604612e-14 4.5788185872e-15
3.5565185547e+02 8.4087343401e-14 3.7312364005e-14 4.2187282373e-14 4.5876970230e-15
3.5571289062e+02 8.4869705959e-14 3.7613665809e-14 4.2687137721e-14 4.5689024278e-15
3.5577392578e+02 8.3734977718e-14 3.7461034169e-14 4.1683310528e-14 4.5906330211e-15
3.5583496094e+02 8.3885748553e-14 3.7509968897e-14 4.1828738778e-14 4.5470408778e-15
3.5589599609e+02 8.3754854345e-14 3.7560359626e-14 4.1616484262e-14 4.5780104577e-15
3.5595703125e+02 8.3098223745e-14 3.7181511562e-14 4.1313188054e-14 4.6035241291e-15
3.5601806641e+02 8.2251292305e-14 3.7058992643e-14 4.0617849274e-14 4.5744503886e-15
3.5607910156e+02 8.1938319778e-14 3.6713627608e-14 4.0648222330e-14 4.5764698402e-15
3.5614013672e+02 8.2274936050e-14 3.6941810404e-14 4.0762660868e-14 4.5704647780e-15
3.5620117188e+02 8.2513695887e-14 3.6993129032e-14 4.0953222013e-14 4.5673448414e-15
3.5626220703e+02 8.2907277488e-14 3.7241804163e-14 4.1104314514e-14 4.5611588105e-15
3.5632324219e+02 8.2427349599e-14 3.7097813009e-14 4.0760940215e-14 4.5685963747e-15
3.5638427734e+02 8.3290167314e-14 3.7347844469e-14 4.1325102363e-14 4.6172204819e-15
3.5644531250e+02 8.4348561589e-14 3.7455701579e-14 4.2323177073e-14 4.5696829370e-15
3.5650634766e+02 8.3695718895e-14 3.7394552382e-14 4.1756647977e-14 4.5445185364e-15
3.5656738281e+02 8.3343811629e-14 3.7054445338e-14 4.1704520499e-14 4.5848457924e-15
3.5662841797e+02 8.3994295696e-14 3.7484402550e-14 4.1902423532e-14 4.6074696140e-15
3.5668945312e+02 8.3822376982e-14 3.7526632844e-14 4.1743046660e-14 4.5526974784e-15
3.5675048828e+02 8.3675710292e-14 3.7292908936e-14 4.1876217605e-14 4.5065837511e-15
3.5681152344e+02 8.3411217409e-14 3.7272489371e-14 4.1569445021e-14 4.5692830173e-15
3.5687255859e+02 8.2296310812e-14 3.6410870358e-14 4.1330251003e-14 4.5551894508e-15
3.5693359375e+02 8.4243357775e-14 3.7440845689e-14 4.2215125107e-14 4.5873869781e-15
3.5699462891e+02 8.4874328219e-14 3.7681657697e-14 4.2599684972e-14 4.5929855501e-15
3.5705566406e+02 8.3787364381e-14 3.7401627271e-14 4.1829866587e-14 4.5558705226e-15
3.5711669922e+02 8.3190579268e-14 3.7425282963e-14 4.1236877248e-14 4.5284190571e-15
3.5717773438e+02 8.3030533564e-14 3.7262356087e-14 4.1203458380e-14 4.5647190979e-15
3.5723876953e+02 8.2850967550e-14 3.7107987800e-14 4.1159188730e-14 4.5837910202e-15
3.5729980469e+02 8.3360714106e-14 3.7504587222e-14 4.1273964077e-14 4.5821628069e-15
3.5736083984e+02 8.3541083715e-14 3.7286003063e-14 4.1629980623e-14 4.6251000286e-15
3.5742187500e+02 8.3663429258e-14 3.7360491803e-14 4.1730747990e-14 4.5721894643e-15
3.5748291016e+02 8.2687410074e-14 3.6902861154e-14 4.1220553973e-14 4.5639949473e-15
3.5754394531e+02 8.2382601689e-14 3.6359027029e-14 4.1416881237e-14 4.6066934227e-15
3.5760498047e+02 8.2738452546e-14 3.6468991323e-14 4.1663099865e-14 4.6063613583e-15
3.5766601562e+02 8.3675325941e-14 3.7213542120e-14 4.1873121056e-14 4.5886627649e-15
3.5772705078e+02 8.3219269415e-14 3.7252828311e-14 4.1411046870e-14 4.5553942339e-15
3.5778808594e+02 8.2333231921e-14 3.6654477610e-14 4.1082201974e-14 4.5965523361e-15
3.5784912109e+02 8.2195946401e-14 3.6780690209e-14 4.0826678632e-14 4.5885775594e-15
3.5791015625e+02 8.2265392051e-14 3.7141649859e-14 4.0580750800e-14 4.5429913919e-15
3.5797119141e+02 8.2328951307e-14 3.6830798390e-14 4.0924447979e-14 4.5737049381e-15
3.5803222656e+02 8.3134970487e-14 3.7159043016e-14 4.1386452735e-14 4.5894747364e-15
3.5809326172e+02 8.2672301265e-14 3.6872684622e-14 4.1240355179e-14 4.5592614642e-15
3.5815429688e+02 8.2656273250e-14 3.7047415550e-14 4.1080002150e-14 4.5288555502e-15
3.5821533203e+02 8.2821710611e-14 3.7144624396e-14 4.1105647547e-14 4.5714386685e-15
3.5827636719e+02 8.2784899912e-14 3.7307346675e-14 4.0934309547e-14 4.5432436897e-15
3.5833740234e+02 8.2436428960e-14 3.7009435360e-14 4.0888322710e-14 4.5386708906e-15
3.5839843750e+02 8.2455598216e-14 3.6900161911e-14 4.0983969698e-14 4.5714666065e-15
3.5845947266e+02 8.2787425528e-14 3.6837889396e-14 4.1400093795e-14 4.5494423369e-15
3.5852050781e+02 8.3272810880e-14 3.7547857571e-14 4.1165976407e-14 4.5589769022e-15
3.5858154297e+02 8.2333621502e-14 3.6795791426e-14 4.0963350274e-14 4.5744798014e-15
3.5864257812e+02 8.1805709620e-14 3.6454227038e-14 4.0756652125e-14 4.5948304576e-15
3.5870361328e+02 8.2511613996e-14 3.6630753131e-14 4.1300233743e-14 4.5806271219e-15
3.5876464844e+02 8.2046148252e-14 3.7053054436e-14 4.0442869968e-14 4.5502238476e-15
3.5882568359e+02 8.2077536430e-14 3.6756392634e-14 4.0726400417e-14 4.5947433798e-15
3.5888671875e+02 8.1983670112e-14 3.7157934061e-14 4.0204928042e-14 4.6208080083e-15
3.5894775391e+02 8.2415415297e-14 3.6987318571e-14 4.0878018099e-14 4.5500786268e-15
3.5900878906e+02 8.2910637772e-14 3.6889946150e-14 4.1482658090e-14 4.5380335325e-15
3.5906982422e+02 8.2973358530e-14 3.7078030746e-14 4.1364736228e-14 4.5305915565e-15
3.5913085938e+02 8.3436213028e-14 3.7593530202e-14 4.1290607784e-14 4.5520750419e-15
3.5919189453e+02 8.3642893581e-14 3.7312208624e-14 4.1738724549e-14 4.5919604079e-15
3.5925292969e+02 8.2089306975e-14 3.6829560561e-14 4.0714364282e-14 4.5453821311e-15
3.5931396484e+02 8.2196335260e-14 3.7084818454e-14 4.0541267420e-14 4.5702493857e-15
3.5937500000e+02 8.2444890972e-14 3.7013019911e-14 4.0870108541e-14 4.5617625201e-15
3.5943603516e+02 8.2872550957e-14 3.6605100911e-14 4.1680342709e-14 4.5871073367e-15
3.5949707031e+02 8.3319408010e-14 3.6778010385e-14 4.1974301353e-14 4.5670962712e-15
3.5955810547e+02 8.2219687428e-14 3.6635030212e-14 4.1068382551e-14 4.5162746649e-15
3.5961914062e+02 8.2045025023e-14 3.6903348796e-14 4.0566208703e-14 4.5754675242e-15
3.5968017578e+02 8.2631826771e-14 3.7361118675e-14 4.0728350763e-14 4.5423573328e-15
3.5974121094e+02 8.2861808656e-14 3.7126735171e-14 4.1211747319e-14 4.5233261660e-15
3.5980224609e+02 8.2508893564e-14 3.6362381591e-14 4.1583630052e-14 4.5628819217e-15
3.5986328125e+02 8.1672067760e-14 3.6584134827e-14 4.0532886891e-14 4.5550460413e-15
3.5992431641e+02 8.2214070800e-14 3.7008011618e-14 4.0613085168e-14 4.5929740144e-15
3.5998535156e+02 8.1886413645e-14 3.6379580011e-14 4.0906981047e-14 4.5998525868e-15
3.6004638672e+02 8.2295603000e-14 3.7033689242e-14 4.0715796970e-14 4.5461167879e-15
3.6010742188e+02 8.2342584375e-14 3.6740416065e-14 4.1042876594e-14 4.5592917167e-15
3.6016845703e+02 8.1390819256e-14 3.6430819604e-14 4.0368386317e-14 4.5916133349e-15
3.6022949219e+02 8.1200556012e-14 3.6434801923e-14 4.0180841256e-14 4.5849128335e-15
3.6029052734e+02 8.0980403229e-14 3.6184588219e-14 4.0220529231e-14 4.5752857787e-15
3.6035156250e+02 8.1388342652e-14 3.6159497996e-14 4.0630393843e-14 4.5984508130e-15
3.6041259766e+02 8.1048677785e-14 3.5736619999e-14 4.0706988897e-14 4.6050688895e-15
3.6047363281e+02 8.1317429232e-14 3.6314058143e-14 4.0461904153e-14 4.5414669368e-15
3.6053466797e+02 8.2240126924e-14 3.6865939792e-14 4.0823590403e-14 4.5505967280e-15
3.6059570312e+02 8.2163613464e-14 3.6743983284e-14 4.0835093904e-14 4.5845362758e-15
3.6065673828e+02 8.2309894617e-14 3.6360932008e-14 4.1362762253e-14 4.5862003556e-15
3.6071777344e+02 8.1496466075e-14 3.5928866978e-14 4.0991903290e-14 4.5756958077e-15
3.6077880859e+02 8.1750831155e-14 3.6010019831e-14 4.1154326101e-14 4.5864852226e-15
3.6083984375e+02 8.0750513339e-14 3.5464022541e-14 4.0682752198e-14 4.6037385995e-15
3.6090087891e+02 8.0713841062e-14 3.5906553144e-14 4.0235057030e-14 4.5722308881e-15
3.6096191406e+02 8.0779843015e-14 3.6173178506e-14 4.0035586457e-14 4.5710780517e-15
3.6102294922e+02 8.1343612645e-14 3.6197651246e-14 4.0545734013e-14 4.6002273862e-15
3.6108398438e+02 8.1458888070e-14 3.6266371955e-14 4.0609085165e-14 4.5834309506e-15
3.6114501953e+02 8.1095138512e-14 3.5940777881e-14 4.0578195947e-14 4.5761646843e-15
3.6120605469e+02 8.1877420825e-14 3.6356351157e-14 4.0929066139e-14 4.5920035299e-15
3.6126708984e+02 8.1317867749e-14 3.6097344072e-14 4.0678149049e-14 4.5423746275e-15
3.6132812500e+02 8.2058551576e-14 3.6442919747e-14 4.1050875398e-14 4.5647564312e-15
3.6138916016e+02 8.2450914561e-14 3.6791247653e-14 4.1071484032e-14 4.5881828770e-15
3.6145019531e+02 8.2241183720e-14 3.6874509193e-14 4.0800473111e-14 4.5662014165e-15
3.6151123047e+02 8.2273135671e-14 3.6787632305e-14 4.0871019160e-14 4.6144842057e-15
3.6157226562e+02 8.3000616355e-14 3.7212302721e-14 4.1149205873e-14 4.6391077601e-15
3.6163330078e+02 8.1779424184e-14 3.6241842216e-14 4.0969058387e-14 4.5685235814e-15
3.6169433594e+02 8.0507447061e-14 3.5658021467e-14 4.0233489381e-14 4.6159362132e-15
3.6175537109e+02 8.1063095738e-14 3.5763751068e-14 4.0685466152e-14 4.6138785184e-15
3.6181640625e+02 8.0699015007e-14 3.5628812258e-14 4.0515406635e-14 4.5547961136e-15
3.6187744141e+02 8.0748930913e-14 3.5677260612e-14 4.0484500283e-14 4.5871700182e-15
3.6193847656e+02 8.0444906931e-14 3.5621179733e-14 4.0315291560e-14 4.5084356375e-15
3.6199951172e+02 8.0486503460e-14 3.5777891398e-14 4.0206783150e-14 4.5018289119e-15
3.6206054688e+02 8.1965512159e-14 3.6712642404e-14 4.0676569469e-14 4.5763002865e-15
3.6212158203e+02 8.1540163272e-14 3.6498446399e-14 4.0458420322e-14 4.5832965511e-15
3.6218261719e+02 8.1567851408e-14 3.6467667730e-14 4.0503239388e-14 4.5969442895e-15
3.6224365234e+02 8.1315724876e-14 3.6386819928e-14 4.0365468018e-14 4.5634369304e-15
3.6230468750e+02 8.2005997480e-14 3.6297522259e-14 4.1150220538e-14 4.5582546827e-15
3.6236572266e+02 8.2873028544e-14 3.7057402187e-14 4.1275442877e-14 4.5401834802e-15
3.6242675781e+02 8.2288547522e-14 3.6818699816e-14 4.0946428100e-14 4.5234196066e-15
3.6248779297e+02 8.1607934229e-14 3.6454401904e-14 4.0628547345e-14 4.5249849792e-15
3.6254882812e+02 8.1376491362e-14 3.6004252112e-14 4.0819866039e-14 4.5523732117e-15
3.6260986328e+02 8.1131731177e-14 3.5707077172e-14 4.0837404688e-14 4.5872493170e-15
3.6267089844e+02 8.1401044193e-14 3.5996693437e-14 4.0877916301e-14 4.5264344556e-15
3.6273193359e+02 8.0889191875e-14 3.6403167631e-14 3.9932492586e-14 4.5535316576e-15
3.6279296875e+02 7.9701432158e-14 3.5643445829e-14 3.9503999831e-14 4.5539864985e-15
3.6285400391e+02 8.0251069454e-14 3.5784854853e-14 3.9888580129e-14 4.5776344716e-15
3.6291503906e+02 8.1092698842e-14 3.6231314187e-14 4.0290317588e-14 4.5710670669e-15
3.6297607422e+02 8.0725715197e-14 3.6114583672e-14 4.0054901246e-14 4.5562302797e-15
3.6303710938e+02 8.0203676416e-14 3.6154681515e-14 3.9487713577e-14 4.5612813237e-15
3.6309814453e+02 7.9739428933e-14 3.5981421108e-14 3.9193303361e-14 4.5647044642e-15
3.6315917969e+02 8.0458760418e-14 3.6186221037e-14 3.9712363626e-14 4.5601757543e-15
3.6322021484e+02 7.9851440411e-14 3.5923400945e-14 3.9379503231e-14 4.5485362354e-15
3.6328125000e+02 8.0986431311e-14 3.6127751258e-14 4.0349388762e-14 4.5092912916e-15
3.6334228516e+02 8.0637642798e-14 3.6202790202e-14 3.9897663526e-14 4.5371890703e-15
3.6340332031e+02 8.0621463266e-14 3.6198706737e-14 3.9879420755e-14 4.5433357742e-15
3.6346435547e+02 8.1100607945e-14 3.6399385640e-14 4.0166216805e-14 4.5350054996e-15
3.6352539062e+02 8.1701902143e-14 3.6789327489e-14 4.0361697024e-14 4.5508776288e-15
3.6358642578e+02 8.0942394249e-14 3.5947148794e-14 4.0411667850e-14 4.5835776049e-15
3.6364746094e+02 8.0523589150e-14 3.5570387191e-14 4.0419570241e-14 4.5336317186e-15
3.6370849609e+02 8.0996351111e-14 3.5813688303e-14 4.0647112126e-14 4.5355506818e-15
3.6376953125e+02 8.1189121569e-14 3.5443776671e-14 4.1201754653e-14 4.5435902441e-15
3.6383056641e+02 7.9873944022e-14 3.4832078971e-14 4.0478518320e-14 4.5633467308e-15
3.6389160156e+02 8.0104858787e-14 3.5580160036e-14 3.9962103219e-14 4.5625955324e-15
3.6395263672e+02 7.9492477263e-14 3.5381423694e-14 3.9542567916e-14 4.5684856539e-15
3.6401367188e+02 7.9895040263e-14 3.5421048330e-14 3.9908001772e-14 4.5659901606e-15
3.6407470703e+02 8.0350263315e-14 3.5564848604e-14 4.0237790461e-14 4.5476242508e-15
3.6413574219e+02 8.0728224150e-14 3.5937741497e-14 4.0258426621e-14 4.5320560325e-15
3.6419677734e+02 8.0591392114e-14 3.5657000575e-14 4.0397344160e-14 4.5370473794e-15
3.6425781250e+02 7.9985064088e-14 3.5213303507e-14 4.0240050997e-14 4.5317095841e-15
3.6431884766e+02 7.9643138698e-14 3.5398865905e-14 3.9718521418e-14 4.5257513751e-15
3.6437988281e+02 7.9521411942e-14 3.5178587866e-14 3.9770204635e-14 4.5726194412e-15
3.6444091797e+02 8.0900197659e-14 3.5586405780e-14 4.0753082571e-14 4.5607093082e-15
3.6450195312e+02 8.1118437278e-14 3.6417599543e-14 4.0193307846e-14 4.5075298882e-15
3.6456298828e+02 8.0508047704e-14 3.6119075371e-14 3.9870931880e-14 4.5180404528e-15
3.6462402344e+02 8.0966567267e-14 3.5860932175e-14 4.0549976840e-14 4.5556582526e-15
3.6468505859e+02 8.1964605693e-14 3.6124077811e-14 4.1256753721e-14 4.5837741606e-15
3.6474609375e+02 8.1196188697e-14 3.6289620974e-14 4.0358469892e-14 4.5480978299e-15
3.6480712891e+02 8.0688478013e-14 3.5828931517e-14 4.0331444128e-14 4.5281023681e-15
3.6486816406e+02 8.0142079255e-14 3.5229422660e-14 4.0367414215e-14 4.5452423797e-15
3.6492919922e+02 8.0076726645e-14 3.5389793415e-14 4.0157721529e-14 4.5292117002e-15
3.6499023438e+02 8.0399040270e-14 3.6052311757e-14 3.9781500656e-14 4.5652278561e-15
3.6505126953e+02 8.0312253866e-14 3.6311542302e-14 3.9425375759e-14 4.5753358046e-15
3.6511230469e+02 8.0523010881e-14 3.5656132806e-14 4.0289576404e-14 4.5773016705e-15
3.6517333984e+02 8.0986409077e-14 3.5876199746e-14 4.0569611662e-14 4.5405976686e-15
3.6523437500e+02 8.1905292933e-14 3.6318196209e-14 4.1024728754e-14 4.5623679703e-15
3.6529541016e+02 8.1180312680e-14 3.6235491363e-14 4.0415456869e-14 4.5293644475e-15
3.6535644531e+02 7.9536306322e-14 3.5460862754e-14 3.9590017771e-14 4.4854257963e-15
3.6541748047e+02 7.9885422602e-14 3.6050228038e-14 3.9304302209e-14 4.5308923545e-15
3.6547851562e+02 8.0159488716e-14 3.6408648828e-14 3.9206693022e-14 4.5441468664e-15
3.6553955078e+02 7.9329227845e-14 3.5636292427e-14 3.9166198486e-14 4.5267369312e-15
3.6560058594e+02 7.9628080457e-14 3.5310418181e-14 3.9810385659e-14 4.5072766170e-15
3.6566162109e+02 8.1271434419e-14 3.5666753480e-14 4.1038440321e-14 4.5662406172e-15
3.6572265625e+02 8.0317716800e-14 3.5690255835e-14 4.0081612125e-14 4.5458488400e-15
3.6578369141e+02 7.9340623797e-14 3.5359935807e-14 3.9448439414e-14 4.5322485765e-15
3.6584472656e+02 8.0038985984e-14 3.5722150069e-14 3.9809381055e-14 4.5074548605e-15
3.6590576172e+02 8.0611123348e-14 3.5933006024e-14 4.0157812405e-14 4.5203049192e-15
3.6596679688e+02 8.0197518292e-14 3.5602303757e-14 4.0087913825e-14 4.5073007095e-15
3.6602783203e+02 8.1459406270e-14 3.5957544786e-14 4.0965391576e-14 4.5364699075e-15
3.6608886719e+02 8.0615603038e-14 3.5765838495e-14 4.0316019927e-14 4.5337446164e-15
3.6614990234e+02 7.9508933713e-14 3.5423629530e-14 3.9605793055e-14 4.4795111277e-15
3.6621093750e+02 7.9140285654e-14 3.5298927407e-14 3.9307457472e-14 4.5339007750e-15
3.6627197266e+02 7.9978527057e-14 3.5768299089e-14 3.9669369222e-14 4.5408587456e-15
3.6633300781e+02 7.8940781356e-14 3.5003877383e-14 3.9388341743e-14 4.5485622305e-15
3.6639404297e+02 7.9837024336e-14 3.5530637040e-14 3.9739904131e-14 4.5664831656e-15
3.6645507812e+02 7.9115435698e-14 3.5498962118e-14 3.9068998293e-14 4.5474752867e-15
3.6651611328e+02 7.8988325807e-14 3.5346170696e-14 3.9040635177e-14 4.6015199346e-15
3.6657714844e+02 7.9696552709e-14 3.5493858955e-14 3.9612586715e-14 4.5901070390e-15
3.6663818359e+02 8.0159850181e-14 3.5702583249e-14 3.9894338908e-14 4.5629280242e-15
3.6669921875e+02 8.0666990886e-14 3.5469596280e-14 4.0610051858e-14 4.5873427487e-15
3.6676025391e+02 8.0257000075e-14 3.5621927479e-14 4.0119375745e-14 4.5156968516e-15
3.6682128906e+02 7.9926554371e-14 3.5882401418e-14 3.9520992013e-14 4.5231609394e-15
3.6688232422e+02 7.9358286069e-14 3.5555341803e-14 3.9235606332e-14 4.5673379337e-15
3.6694335938e+02 7.9902996838e-14 3.5766364412e-14 3.9606671733e-14 4.5299606934e-15
3.6700439453e+02 8.0181812766e-14 3.5996125751e-14 3.9650848330e-14 4.5348386850e-15
3.6706542969e+02 8.0032149322e-14 3.5732812216e-14 3.9764515770e-14 4.5348213365e-15
3.6712646484e+02 8.0259013504e-14 3.5854833203e-14 3.9915584523e-14 4.4885957781e-15
3.6718750000e+02 8.0834224534e-14 3.6704201507e-14 3.9615813146e-14 4.5142098802e-15
3.6724853516e+02 8.0033152969e-14 3.6350928817e-14 3.9201607179e-14 4.4806169731e-15
3.6730957031e+02 8.0063519284e-14 3.5866555619e-14 3.9648725302e-14 4.5482383631e-15
3.6737060547e+02 8.0021956419e-14 3.5940385295e-14 3.9499200754e-14 4.5823703692e-15
3.6743164062e+02 8.0106772868e-14 3.5621387976e-14 3.9941962453e-14 4.5434224391e-15
3.6749267578e+02 7.9835863618e-14 3.5537467227e-14 3.9714803628e-14 4.5835927630e-15
3.6755371094e+02 7.9688091282e-14 3.5726425258e-14 3.9395183372e-14 4.5664826514e-15
3.6761474609e+02 7.9720040772e-14 3.5588500027e-14 3.9575185304e-14 4.5563554408e-15
3.6767578125e+02 7.9934701610e-14 3.5357144072e-14 4.0007054732e-14 4.5705028057e-15
3.6773681641e+02 7.9489675167e-14 3.5260733946e-14 3.9680215390e-14 4.5487258311e-15
3.6779785156e+02 7.9876360936e-14 3.5242020531e-14 4.0034484379e-14 4.5998560266e-15
3.6785888672e+02 7.9898486635e-14 3.5283872035e-14 4.0038772578e-14 4.5758420219e-15
3.6791992188e+02 8.1151939277e-14 3.6131091915e-14 4.0503185083e-14 4.5176622792e-15
3.6798095703e+02 8.0649277539e-14 3.5861242927e-14 4.0308258397e-14 4.4797762158e-15
3.6804199219e+02 7.9818288418e-14 3.4944179330e-14 4.0383008895e-14 4.4911001935e-15
3.6810302734e+02 7.9323509882e-14 3.4982705819e-14 3.9863783841e-14 4.4770202221e-15
3.6816406250e+02 7.9173233656e-14 3.4929474045e-14 3.9685419446e-14 4.5583401650e-15
3.6822509766e+02 7.9205716966e-14 3.4941785670e-14 3.9672173591e-14 4.5917577045e-15
3.6828613281e+02 7.9995879445e-14 3.5269250749e-14 4.0164678435e-14 4.5619502606e-15
3.6834716797e+02 7.9663400890e-14 3.5210788116e-14 3.9884897084e-14 4.5677156905e-15
3.6840820312e+02 7.9136620015e-14 3.5154601372e-14 3.9406797393e-14 4.5752212492e-15
3.6846923828e+02 7.9791366603e-14 3.5659953958e-14 3.9570842076e-14 4.5605705689e-15
3.6853027344e+02 8.0145184154e-14 3.5970988686e-14 3.9632748843e-14 4.5414466252e-15
3.6859130859e+02 7.9754179470e-14 3.5618209437e-14 3.9581223604e-14 4.5547464284e-15
3.6865234375e+02 7.9604970857e-14 3.5216817680e-14 3.9834631471e-14 4.5535217048e-15
3.6871337891e+02 7.9164795103e-14 3.4850021852e-14 3.9762758247e-14 4.5520150034e-15
3.6877441406e+02 7.8792993599e-14 3.4701358413e-14 3.9558535035e-14 4.5331001506e-15
3.6883544922e+02 7.9159979473e-14 3.4996576454e-14 3.9599753507e-14 4.5636495121e-15
3.6889648438e+02 7.9248816776e-14 3.4896799070e-14 3.9793857620e-14 4.5581600850e-15
3.6895751953e+02 7.8806539184e-14 3.4621548337e-14 3.9645931621e-14 4.5390592265e-15
3.6901855469e+02 7.9535293135e-14 3.5415001193e-14 3.9597211595e-14 4.5230803469e-15
3.6907958984e+02 8.0724567777e-14 3.5807145598e-14 4.0415845859e-14 4.5015763210e-15
3.6914062500e+02 7.9817439468e-14 3.5499602769e-14 3.9841164729e-14 4.4766719708e-15
3.6920166016e+02 7.9132141248e-14 3.5383043266e-14 3.9269863536e-14 4.4792344459e-15
3.6926269531e+02 7.8944912975e-14 3.5189970613e-14 3.9203494134e-14 4.5514482289e-15
3.6932373047e+02 7.8236029468e-14 3.4961394736e-14 3.8712275156e-14 4.5623595758e-15
3.6938476562e+02 7.8136900493e-14 3.4671846764e-14 3.8896641761e-14 4.5684119688e-15
3.6944580078e+02 7.9042493481e-14 3.4962600879e-14 3.9541576322e-14 4.5383162802e-15
3.6950683594e+02 7.9412527149e-14 3.5153346012e-14 3.9751743469e-14 4.5074376678e-15
3.6956787109e+02 7.8745252865e-14 3.4912555687e-14 3.9341243554e-14 4.4914536241e-15
3.6962890625e+02 7.8468327908e-14 3.4907148745e-14 3.9028692116e-14 4.5324870464e-15
3.6968994141e+02 7.8309473479e-14 3.4747278592e-14 3.9011729755e-14 4.5504651324e-15
3.6975097656e+02 7.8845216879e-14 3.5013671696e-14 3.9270168322e-14 4.5613768608e-15
3.6981201172e+02 7.8723496962e-14 3.4677943335e-14 3.9522168271e-14 4.5233853556e-15
3.6987304688e+02 7.8493624048e-14 3.4383542012e-14 3.9602307665e-14 4.5077743707e-15
3.6993408203e+02 7.8878783664e-14 3.4891301277e-14 3.9476153797e-14 4.5113285898e-15
3.6999511719e+02 7.8880928296e-14 3.4972134827e-14 3.9375349916e-14 4.5334435531e-15
3.7005615234e+02 7.8499834529e-14 3.4846954215e-14 3.9156227706e-14 4.4966526078e-15
3.7011718750e+02 7.9701599638e-14 3.5691251267e-14 3.9522233177e-14 4.4881151937e-15
3.7017822266e+02 7.9969130698e-14 3.5869753792e-14 3.9566702196e-14 4.5326747100e-15
3.7023925781e+02 7.9359183728e-14 3.5598220920e-14 3.9248863881e-14 4.5120989261e-15
3.7030029297e+02 7.8850170406e-14 3.5007076164e-14 3.9322490977e-14 4.5206032643e-15
3.7036132812e+02 7.8582687140e-14 3.4463673930e-14 3.9569370143e-14 4.5496430678e-15
3.7042236328e+02 7.8350821470e-14 3.4672604543e-14 3.9130449284e-14 4.5477676434e-15
3.7048339844e+02 7.7834008176e-14 3.4993832960e-14 3.8253825749e-14 4.5863494667e-15
3.7054443359e+02 7.7799196707e-14 3.4645134942e-14 3.8615248843e-14 4.5388129218e-15
3.7060546875e+02 7.7559392600e-14 3.4610395590e-14 3.8431649261e-14 4.5173477495e-15
3.7066650391e+02 7.7892299775e-14 3.5019867918e-14 3.8350209219e-14 4.5222226382e-15
3.7072753906e+02 7.8183496833e-14 3.5122868309e-14 3.8480212440e-14 4.5804160832e-15
3.7078857422e+02 7.8481718951e-14 3.4958982710e-14 3.8966240021e-14 4.5564962197e-15
3.7084960938e+02 7.8451239605e-14 3.5109412968e-14 3.8839238635e-14 4.5025880015e-15
3.7091064453e+02 7.8589885339e-14 3.4895341954e-14 3.9233609234e-14 4.4609341508e-15
3.7097167969e+02 7.8456061650e-14 3.4900103169e-14 3.9069029434e-14 4.4869290464e-15
3.7103271484e+02 7.8829750853e-14 3.4793975925e-14 3.9488325683e-14 4.5474492450e-15
3.7109375000e+02 7.8334652768e-14 3.4889168521e-14 3.8909255272e-14 4.5362289744e-15
3.7115478516e+02 7.8972077821e-14 3.4878961209e-14 3.9563695480e-14 4.5294211320e-15
3.7121582031e+02 7.9242089513e-14 3.5050730726e-14 3.9671249014e-14 4.5201097731e-15
3.7127685547e+02 7.9259227880e-14 3.5255728461e-14 3.9480716499e-14 4.5227829196e-15
3.7133789062e+02 7.8550177711e-14 3.5349551315e-14 3.8716382035e-14 4.4842443607e-15
3.7139892578e+02 7.8705480046e-14 3.5331433650e-14 3.8857310739e-14 4.5167356579e-15
3.7145996094e+02 7.8560005765e-14 3.4985119076e-14 3.9047138620e-14 4.5277480701e-15
3.7152099609e+02 7.8834734596e-14 3.5297088611e-14 3.9098272843e-14 4.4393731423e-15
3.7158203125e+02 7.8691498225e-14 3.4963330013e-14 3.9243267877e-14 4.4849003346e-15
3.7164306641e+02 7.9009799396e-14 3.4903314870e-14 3.9567929224e-14 4.5385553027e-15
3.7170410156e+02 7.8773254880e-14 3.5193989406e-14 3.9058670793e-14 4.5205946810e-15
3.7176513672e+02 7.8634792961e-14 3.5244465407e-14 3.8818373762e-14 4.5719537916e-15
3.7182617188e+02 7.8241099968e-14 3.4482333065e-14 3.9250153425e-14 4.5086134776e-15
3.7188720703e+02 7.8081322109e-14 3.4826797409e-14 3.8684540902e-14 4.5699837985e-15
3.7194824219e+02 7.7967414899e-14 3.4861547573e-14 3.8499123333e-14 4.6067439921e-15
3.7200927734e+02 7.7079619430e-14 3.4007594034e-14 3.8542768893e-14 4.5292565028e-15
3.7207031250e+02 7.7502875346e-14 3.4352816984e-14 3.8592393884e-14 4.5576644780e-15
3.7213134766e+02 7.8071251235e-14 3.4744898140e-14 3.8812570059e-14 4.5137830370e-15
3.7219238281e+02 7.8178468728e-14 3.4674284882e-14 3.8987722923e-14 4.5164609226e-15
3.7225341797e+02 7.8269260327e-14 3.4728784956e-14 3.9052124567e-14 4.4883508036e-15
3.7231445312e+02 7.8020647275e-14 3.4408972958e-14 3.9118915040e-14 4.4927592771e-15
3.7237548828e+02 7.8287861719e-14 3.4448168973e-14 3.9288101428e-14 4.5515913179e-15
3.7243652344e+02 7.8548500403e-14 3.4948366493e-14 3.9028957663e-14 4.5711762474e-15
3.7249755859e+02 7.8519209041e-14 3.5228402171e-14 3.8726594130e-14 4.5642127399e-15
3.7255859375e+02 7.8809106773e-14 3.5340042328e-14 3.8940335347e-14 4.5287290983e-15
3.7261962891e+02 7.7470421641e-14 3.4897573136e-14 3.8023342220e-14 4.5495062846e-15
3.7268066406e+02 7.8268032018e-14 3.5343439883e-14 3.8396941427e-14 4.5276507085e-15
3.7274169922e+02 7.8089284675e-14 3.5133450847e-14 3.8451270355e-14 4.5045634731e-15
3.7280273438e+02 7.7393256648e-14 3.4748364320e-14 3.8165027047e-14 4.4798652814e-15
3.7286376953e+02 7.7858284351e-14 3.4677710480e-14 3.8701580317e-14 4.4789935541e-15
3.7292480469e+02 7.8167272243e-14 3.5018264298e-14 3.8661098148e-14 4.4879097971e-15
3.7298583984e+02 7.8382169792e-14 3.4797775565e-14 3.9048706041e-14 4.5356881858e-15
3.7304687500e+02 7.7817332118e-14 3.4345163361e-14 3.8926201869e-14 4.5459668873e-15
3.7310791016e+02 7.8019414476e-14 3.4777072912e-14 3.8681766507e-14 4.5605750568e-15
3.7316894531e+02 7.8258702165e-14 3.4627534545e-14 3.9098022816e-14 4.5331448044e-15
3.7322998047e+02 7.8668305861e-14 3.5003283574e-14 3.9156231594e-14 4.5087906933e-15
3.7329101562e+02 7.7665075102e-14 3.4639723127e-14 3.8543076096e-14 4.4822758787e-15
3.7335205078e+02 7.7094365618e-14 3.4283785857e-14 3.8263138311e-14 4.5474414501e-15
3.7341308594e+02 7.7683371193e-14 3.4365658461e-14 3.8772923387e-14 4.5447893451e-15
3.7347412109e+02 7.8584840806e-14 3.4564436665e-14 3.9465076053e-14 4.5553280881e-15
3.7353515625e+02 7.8512893545e-14 3.4724519458e-14 3.9186403346e-14 4.6019707406e-15
3.7359619141e+02 7.8282858785e-14 3.5010344418e-14 3.8684123892e-14 4.5883904747e-15
3.7365722656e+02 7.7873155399e-14 3.4468196784e-14 3.8818722858e-14 4.5862357567e-15
3.7371826172e+02 7.8141235716e-14 3.4407550805e-14 3.9216335282e-14 4.5173496298e-15
3.7377929688e+02 7.7700167882e-14 3.4332017814e-14 3.8854872151e-14 4.5132779172e-15
3.7384033203e+02 7.7696640405e-14 3.4860063895e-14 3.8275533405e-14 4.5610431050e-15
3.7390136719e+02 7.7781830274e-14 3.4891918757e-14 3.8331138881e-14 4.5587726368e-15
3.7396240234e+02 7.7257329891e-14 3.4437663862e-14 3.8316816364e-14 4.5028496658e-15
3.7402343750e+02 7.7722651189e-14 3.4588815288e-14 3.8581294546e-14 4.5525413554e-15
3.7408447266e+02 7.7528382444e-14 3.4182101178e-14 3.8818285079e-14 4.5279961873e-15
3.7414550781e+02 7.7605145952e-14 3.4529956005e-14 3.8516249411e-14 4.5589405356e-15
3.7420654297e+02 7.7453552808e-14 3.4582940701e-14 3.8295404317e-14 4.5752077890e-15
3.7426757812e+02 7.7629776707e-14 3.4559864605e-14 3.8514288607e-14 4.5556234950e-15
3.7432861328e+02 7.7568349527e-14 3.4595647504e-14 3.8481642283e-14 4.4910597402e-15
3.7438964844e+02 7.7677522105e-14 3.4742173002e-14 3.8402945712e-14 4.5324033906e-15
3.7445068359e+02 7.8176594921e-14 3.4905712009e-14 3.8719062943e-14 4.5518199686e-15
3.7451171875e+02 7.8003592518e-14 3.4500578836e-14 3.8949208746e-14 4.5538049355e-15
3.7457275391e+02 7.7071500352e-14 3.4132491306e-14 3.8409329601e-14 4.5296794453e-15
3.7463378906e+02 7.6363681251e-14 3.3537266715e-14 3.8276753218e-14 4.5496613181e-15
3.7469482422e+02 7.6895818852e-14 3.4030532111e-14 3.8337435893e-14 4.5278508485e-15
3.7475585938e+02 7.7650835346e-14 3.4118340667e-14 3.9037104156e-14 4.4953905223e-15
3.7481689453e+02 7.6612751886e-14 3.3487673600e-14 3.8594107140e-14 4.5309711455e-15
3.7487792969e+02 7.7014133171e-14 3.3967552278e-14 3.8512584278e-14 4.5339966153e-15
3.7493896484e+02 7.8006580047e-14 3.4096663781e-14 3.9392435680e-14 4.5174805867e-15
3.7500000000e+02 7.7334583212e-14 3.4104917070e-14 3.8670954894e-14 4.5587112470e-15
3.7506103516e+02 7.6497900284e-14 3.3751756650e-14 3.8219997692e-14 4.5261459421e-15
3.7512207031e+02 7.6393063893e-14 3.3877689826e-14 3.8007915463e-14 4.5074586035e-15
3.7518310547e+02 7.7636733316e-14 3.4574573625e-14 3.8538884668e-14 4.5232750228e-15
3.7524414062e+02 7.7827524830e-14 3.4782939452e-14 3.8512921230e-14 4.5316641480e-15
3.7530517578e+02 7.8144047469e-14 3.4908354975e-14 3.8705804296e-14 4.5298881979e-15
3.7536621094e+02 7.8351604834e-14 3.4917637050e-14 3.8918731338e-14 4.5152364458e-15
3.7542724609e+02 7.7366280356e-14 3.4243069707e-14 3.8576080145e-14 4.5471305046e-15
3.7548828125e+02 7.6454209348e-14 3.3575576640e-14 3.8346092983e-14 4.5325397241e-15
3.7554931641e+02 7.6590414877e-14 3.3619245064e-14 3.8461334882e-14 4.5098349312e-15
3.7561035156e+02 7.7015176315e-14 3.3964848973e-14 3.8510197429e-14 4.5401299121e-15
3.7567138672e+02 7.6966375576e-14 3.3758317736e-14 3.8668862501e-14 4.5391953400e-15
3.7573242188e+02 7.7493410040e-14 3.3873478339e-14 3.9066830547e-14 4.5531011542e-15
3.7579345703e+02 7.7543088506e-14 3.4525888801e-14 3.8457420820e-14 4.5597788845e-15
3.7585449219e+02 7.6480001389e-14 3.4237440917e-14 3.7709176624e-14 4.5333838475e-15
3.7591552734e+02 7.5746167056e-14 3.4175703647e-14 3.7024957387e-14 4.5455060218e-15
3.7597656250e+02 7.6147010488e-14 3.4171167107e-14 3.7480903713e-14 4.4949396673e-15
3.7603759766e+02 7.6309903655e-14 3.4197649271e-14 3.7623783278e-14 4.4884711059e-15
3.7609863281e+02 7.7165084825e-14 3.4123735836e-14 3.8524728461e-14 4.5166205287e-15
3.7615966797e+02 7.7434973054e-14 3.4097343095e-14 3.8813657883e-14 4.5239720762e-15
3.7622070312e+02 7.7252550088e-14 3.4272734963e-14 3.8462737330e-14 4.5170777942e-15
3.7628173828e+02 7.6888402492e-14 3.3981526038e-14 3.8370506438e-14 4.5363700162e-15
3.7634277344e+02 7.7363479766e-14 3.3651820860e-14 3.9176289654e-14 4.5353692521e-15
3.7640380859e+02 7.8060925776e-14 3.4521054434e-14 3.9038919744e-14 4.5009515978e-15
3.7646484375e+02 7.8337619188e-14 3.5199638446e-14 3.8608872690e-14 4.5291080520e-15
3.7652587891e+02 7.6664081963e-14 3.4318414984e-14 3.7793429622e-14 4.5522373579e-15
3.7658691406e+02 7.5967407850e-14 3.3690722503e-14 3.7774036932e-14 4.5026484150e-15
3.7664794922e+02 7.6823294959e-14 3.3843956439e-14 3.8487831071e-14 4.4915074487e-15
3.7670898438e+02 7.6850957826e-14 3.4300591184e-14 3.8026520436e-14 4.5238462058e-15
3.7677001953e+02 7.7269656761e-14 3.4420769467e-14 3.8308150685e-14 4.5407366087e-15
3.7683105469e+02 7.7414960051e-14 3.4369140477e-14 3.8496946790e-14 4.5488727845e-15
3.7689208984e+02 7.6614769871e-14 3.4104105797e-14 3.7957004005e-14 4.5536600696e-15
3.7695312500e+02 7.6878953951e-14 3.4328361662e-14 3.8033455351e-14 4.5171369383e-15
3.7701416016e+02 7.6422076230e-14 3.3848813673e-14 3.8079689993e-14 4.4935725635e-15
3.7707519531e+02 7.6339348372e-14 3.3760877131e-14 3.8061164507e-14 4.5173067341e-15
3.7713623047e+02 7.6133053177e-14 3.3623210134e-14 3.7956567287e-14 4.5532757562e-15
3.7719726562e+02 7.6242540927e-14 3.3860447081e-14 3.7858909928e-14 4.5231839182e-15
3.7725830078e+02 7.6484932921e-14 3.4228147228e-14 3.7718526180e-14 4.5382595120e-15
3.7731933594e+02 7.6448342883e-14 3.4093584764e-14 3.7859371373e-14 4.4953867460e-15
3.7738037109e+02 7.6414961651e-14 3.3881289019e-14 3.8052440268e-14 4.4812323638e-15
3.7744140625e+02 7.5284622609e-14 3.3467653320e-14 3.7327266548e-14 4.4897027404e-15
3.7750244141e+02 7.5253205780e-14 3.3450609579e-14 3.7265810041e-14 4.5367861601e-15
3.7756347656e+02 7.5839015583e-14 3.3815705180e-14 3.7475338525e-14 4.5479718781e-15
3.7762451172e+02 7.7102275801e-14 3.4536479947e-14 3.8035689680e-14 4.5301061745e-15
3.7768554688e+02 7.7132907988e-14 3.4074319200e-14 3.8573469958e-14 4.4851188297e-15
3.7774658203e+02 7.5729678395e-14 3.3648822198e-14 3.7538573081e-14 4.5422831154e-15
3.7780761719e+02 7.5199428160e-14 3.3603289808e-14 3.7068294233e-14 4.5278441196e-15
3.7786865234e+02 7.5690465909e-14 3.3322493758e-14 3.7842044192e-14 4.5259279586e-15
3.7792968750e+02 7.6107225730e-14 3.3451806889e-14 3.8105014372e-14 4.5504044693e-15
3.7799072266e+02 7.6502520804e-14 3.4096217037e-14 3.7880911672e-14 4.5253920948e-15
3.7805175781e+02 7.6943963711e-14 3.4209148952e-14 3.8196920235e-14 4.5378945240e-15
3.7811279297e+02 7.6966652439e-14 3.4336948661e-14 3.8098829275e-14 4.5308745025e-15
3.7817382812e+02 7.7648998270e-14 3.4098912398e-14 3.9011067273e-14 4.5390185989e-15
3.7823486328e+02 7.7076088757e-14 3.3981662526e-14 3.8585149357e-14 4.5092768744e-15
3.7829589844e+02 7.5331055577e-14 3.3407364234e-14 3.7416867467e-14 4.5068238760e-15
3.7835693359e+02 7.5806774864e-14 3.3844411340e-14 3.7496404572e-14 4.4659589522e-15
3.7841796875e+02 7.6097320225e-14 3.3841633695e-14 3.7743391472e-14 4.5122950581e-15
3.7847900391e+02 7.6058000879e-14 3.3992972747e-14 3.7561249257e-14 4.5037788755e-15
3.7854003906e+02 7.6357607030e-14 3.3752292002e-14 3.8068581201e-14 4.5367338262e-15
3.7860107422e+02 7.6390813675e-14 3.4295888473e-14 3.7573106058e-14 4.5218191436e-15
3.7866210938e+02 7.5660609244e-14 3.3614460136e-14 3.7506703788e-14 4.5394453190e-15
3.7872314453e+02 7.5887376223e-14 3.3882091310e-14 3.7461483097e-14 4.5438018153e-15
3.7878417969e+02 7.6042689242e-14 3.3810680237e-14 3.7694520994e-14 4.5374880108e-15
3.7884521484e+02 7.6619038022e-14 3.3671237272e-14 3.8420493706e-14 4.5273070438e-15
3.7890625000e+02 7.5653397101e-14 3.3308620437e-14 3.7803501387e-14 4.5412752768e-15
3.7896728516e+02 7.5620889413e-14 3.3524788610e-14 3.7515322506e-14 4.5807782968e-15
3.7902832031e+02 7.5425200416e-14 3.3555056263e-14 3.7342738583e-14 4.5274055703e-15
3.7908935547e+02 7.5719261825e-14 3.3443699466e-14 3.7755682639e-14 4.5198797196e-15
3.7915039062e+02 7.5914566459e-14 3.3585380690e-14 3.7784048428e-14 4.5451373412e-15
3.7921142578e+02 7.5661519736e-14 3.3549706355e-14 3.7589574004e-14 4.5222393774e-15
3.7927246094e+02 7.5716353297e-14 3.3633349202e-14 3.7586486976e-14 4.4965171197e-15
3.7933349609e+02 7.5426074047e-14 3.3125097092e-14 3.7779449633e-14 4.5215273220e-15
3.7939453125e+02 7.5436417678e-14 3.3162400166e-14 3.7739561745e-14 4.5344557675e-15
3.7945556641e+02 7.6241391711e-14 3.3812559851e-14 3.7928366728e-14 4.5004651308e-15
3.7951660156e+02 7.5560755455e-14 3.3523614985e-14 3.7538359261e-14 4.4987812087e-15
3.7957763672e+02 7.5315754469e-14 3.3626005870e-14 3.7193282053e-14 4.4964665459e-15
3.7963867188e+02 7.5365983889e-14 3.3588353805e-14 3.7277409670e-14 4.5002204142e-15
3.7969970703e+02 7.4977202284e-14 3.3077290963e-14 3.7401247626e-14 4.4986636954e-15
3.7976074219e+02 7.5812802429e-14 3.3577833567e-14 3.7677482094e-14 4.5574867673e-15
3.7982177734e+02 7.6358902113e-14 3.4117796034e-14 3.7649331817e-14 4.5917742623e-15
3.7988281250e+02 7.6436021961e-14 3.3721907065e-14 3.8198847334e-14 4.5152675616e-15
3.7994384766e+02 7.6131719420e-14 3.3787728177e-14 3.7837529187e-14 4.5064620560e-15
3.8000488281e+02 7.4963495403e-14 3.3680506800e-14 3.6763515294e-14 4.5194733093e-15
3.8006591797e+02 7.4673642309e-14 3.3739201598e-14 3.6431477479e-14 4.5029632320e-15
3.8012695312e+02 7.5613481699e-14 3.3887994748e-14 3.7177963220e-14 4.5475237316e-15
3.8018798828e+02 7.5732414424e-14 3.3772480463e-14 3.7373416268e-14 4.5865176928e-15
3.8024902344e+02 7.5912333407e-14 3.4018909915e-14 3.7335677174e-14 4.5577463182e-15
3.8031005859e+02 7.6481643851e-14 3.4184032136e-14 3.7795220415e-14 4.5023912995e-15
3.8037109375e+02 7.5644117814e-14 3.4242822166e-14 3.6880838659e-14 4.5204569889e-15
3.8043212891e+02 7.5680737977e-14 3.3670774747e-14 3.7511498143e-14 4.4984650871e-15
3.8049316406e+02 7.5748762300e-14 3.3199274738e-14 3.8039507818e-14 4.5099797438e-15
3.8055419922e+02 7.5766818358e-14 3.2978247022e-14 3.8259406396e-14 4.5291649399e-15
3.8061523438e+02 7.5931893230e-14 3.3559654546e-14 3.7842894651e-14 4.5293440337e-15
3.8067626953e+02 7.6284495812e-14 3.4080232298e-14 3.7679483471e-14 4.5247800428e-15
3.8073730469e+02 7.5195958128e-14 3.3689654745e-14 3.7026112669e-14 4.4801907139e-15
3.8079833984e+02 7.5138967000e-14 3.3582179821e-14 3.7064869554e-14 4.4919176255e-15
3.8085937500e+02 7.4251903308e-14 3.3127719098e-14 3.6618330923e-14 4.5058532875e-15
3.8092041016e+02 7.4502007687e-14 3.2780527463e-14 3.7170466430e-14 4.5510137943e-15
3.8098144531e+02 7.4708823787e-14 3.3051675688e-14 3.7116102037e-14 4.5410460616e-15
3.8104248047e+02 7.4498023907e-14 3.3018894838e-14 3.6947969831e-14 4.5311592380e-15
3.8110351562e+02 7.4210555853e-14 3.3072877052e-14 3.6573599402e-14 4.5640793991e-15
3.8116455078e+02 7.5002601606e-14 3.3558064637e-14 3.6896808461e-14 4.5477285086e-15
3.8122558594e+02 7.6222488012e-14 3.4115346210e-14 3.7553548952e-14 4.5535928504e-15
3.8128662109e+02 7.5991062832e-14 3.3103815179e-14 3.8318208841e-14 4.5690388119e-15
3.8134765625e+02 7.4849591793e-14 3.2720879725e-14 3.7647112932e-14 4.4815991354e-15
3.8140869141e+02 7.5036512979e-14 3.3020182099e-14 3.7508209389e-14 4.5081214916e-15
3.8146972656e+02 7.5334232520e-14 3.3595838332e-14 3.7247546595e-14 4.4908475939e-15
3.8153076172e+02 7.5542455102e-14 3.3292564980e-14 3.7773537089e-14 4.4763530331e-15
3.8159179688e+02 7.5329202674e-14 3.2946700231e-14 3.7865344146e-14 4.5171582966e-15
3.8165283203e+02 7.4634968290e-14 3.3084048455e-14 3.7024527570e-14 4.5263922656e-15
3.8171386719e+02 7.4912361519e-14 3.3154202420e-14 3.7220676282e-14 4.5374828179e-15
3.8177490234e+02 7.5692090412e-14 3.3436820712e-14 3.7691943774e-14 4.5633259260e-15
3.8183593750e+02 7.5138797857e-14 3.3188195391e-14 3.7431279604e-14 4.5193228612e-15
3.8189697266e+02 7.5598762879e-14 3.3251824186e-14 3.7850011202e-14 4.4969274909e-15
3.8195800781e+02 7.5739534581e-14 3.3286971574e-14 3.7968956130e-14 4.4836068769e-15
3.8201904297e+02 7.4416835036e-14 3.2859055684e-14 3.7082719030e-14 4.4750603221e-15
3.8208007812e+02 7.5578246759e-14 3.3253135989e-14 3.7812418859e-14 4.5126919110e-15
3.8214111328e+02 7.5852172785e-14 3.3541390992e-14 3.7775297673e-14 4.5354841195e-15
3.8220214844e+02 7.5196072863e-14 3.3481071662e-14 3.7193594111e-14 4.5214070904e-15
3.8226318359e+02 7.4890966356e-14 3.3199648348e-14 3.7210288078e-14 4.4810299302e-15
3.8232421875e+02 7.3939316295e-14 3.2979245266e-14 3.6446209662e-14 4.5138613678e-15
3.8238525391e+02 7.4303114431e-14 3.3131591661e-14 3.6619456049e-14 4.5520667215e-15
3.8244628906e+02 7.5312510157e-14 3.3318013816e-14 3.7460896952e-14 4.5335993885e-15
3.8250732422e+02 7.5181734367e-14 3.3373901533e-14 3.7308009722e-14 4.4998231124e-15
3.8256835938e+02 7.4556755228e-14 3.3024190723e-14 3.7020936852e-14 4.5116276522e-15
3.8262939453e+02 7.4310636959e-14 3.2966636421e-14 3.6796579131e-14 4.5474214073e-15
3.8269042969e+02 7.5731827840e-14 3.3499890380e-14 3.7729307013e-14 4.5026304470e-15
3.8275146484e+02 7.5405867803e-14 3.3447207717e-14 3.7445525695e-14 4.5131343919e-15
3.8281250000e+02 7.4787850349e-14 3.3286439170e-14 3.6960605818e-14 4.5408053602e-15
3.8287353516e+02 7.4780021039e-14 3.2890709717e-14 3.7365574200e-14 4.5237371214e-15
3.8293457031e+02 7.5572698565e-14 3.3146204496e-14 3.7852497821e-14 4.5739962483e-15
3.8299560547e+02 7.4169522852e-14 3.3026716938e-14 3.6578924434e-14 4.5638814796e-15
3.8305664062e+02 7.4655139592e-14 3.3273313861e-14 3.6856886057e-14 4.5249396736e-15
3.8311767578e+02 7.4828219862e-14 3.3536401842e-14 3.6784878495e-14 4.5069395244e-15
3.8317871094e+02 7.4574218803e-14 3.3169515913e-14 3.6890553890e-14 4.5141489997e-15
3.8323974609e+02 7.4902081430e-14 3.3448858275e-14 3.6896689939e-14 4.5565332170e-15
3.8330078125e+02 7.4553891328e-14 3.3529070441e-14 3.6483821829e-14 4.5409990584e-15
3.8336181641e+02 7.4776635232e-14 3.3146384343e-14 3.7107877309e-14 4.5223735811e-15
3.8342285156e+02 7.5808939869e-14 3.3850443765e-14 3.7446758111e-14 4.5117379928e-15
3.8348388672e+02 7.4679168453e-14 3.3444291621e-14 3.6736805663e-14 4.4980711693e-15
3.8354492188e+02 7.3813971451e-14 3.2760448750e-14 3.6554593881e-14 4.4989288199e-15
3.8360595703e+02 7.4175083920e-14 3.3022968763e-14 3.6684353282e-14 4.4677618753e-15
3.8366699219e+02 7.4329832259e-14 3.2984558181e-14 3.6869002145e-14 4.4762719328e-15
3.8372802734e+02 7.4150557740e-14 3.2677347768e-14 3.6957938084e-14 4.5152718880e-15
3.8378906250e+02 7.5041804558e-14 3.3081775997e-14 3.7428958292e-14 4.5310702699e-15
3.8385009766e+02 7.4765547627e-14 3.3399584567e-14 3.6876112885e-14 4.4898501753e-15
3.8391113281e+02 7.5026292015e-14 3.3506786540e-14 3.7072949809e-14 4.4465556659e-15
3.8397216797e+02 7.4273599265e-14 3.2837158974e-14 3.6943173499e-14 4.4932667921e-15
3.8403320312e+02 7.4346958750e-14 3.3072361908e-14 3.6755776578e-14 4.5188202634e-15
3.8409423828e+02 7.4412266884e-14 3.3144583303e-14 3.6759768423e-14 4.5079151581e-15
3.8415527344e+02 7.4726289005e-14 3.3182859015e-14 3.7032745928e-14 4.5106840622e-15
3.8421630859e+02 7.5164188742e-14 3.3216404095e-14 3.7459615179e-14 4.4881694681e-15
3.8427734375e+02 7.4991048942e-14 3.3204599732e-14 3.7311178243e-14 4.4752709672e-15
3.8433837891e+02 7.4108624869e-14 3.2947438233e-14 3.6683856258e-14 4.4773303780e-15
3.8439941406e+02 7.4597664047e-14 3.2788039814e-14 3.7286952850e-14 4.5226713835e-15
3.8446044922e+02 7.4413177477e-14 3.2517945534e-14 3.7352746370e-14 4.5424855730e-15
3.8452148438e+02 7.4651271020e-14 3.3022782777e-14 3.7067244337e-14 4.5612439057e-15
3.8458251953e+02 7.4477938726e-14 3.3120244652e-14 3.6810178436e-14 4.5475156382e-15
3.8464355469e+02 7.4538446685e-14 3.2741311145e-14 3.7274068930e-14 4.5230666102e-15
3.8470458984e+02 7.4565313837e-14 3.3105609991e-14 3.6968881093e-14 4.4908227540e-15
3.8476562500e+02 7.4807316364e-14 3.3483418093e-14 3.6874709135e-14 4.4491891357e-15
3.8482666016e+02 7.4999884539e-14 3.3544725923e-14 3.6942666466e-14 4.5124921504e-15
3.8488769531e+02 7.4308705067e-14 3.2755115783e-14 3.7070237726e-14 4.4833515585e-15
3.8494873047e+02 7.4765281974e-14 3.3185132829e-14 3.7109696083e-14 4.4704530619e-15
3.8500976562e+02 7.4499240630e-14 3.3188128601e-14 3.6792848275e-14 4.5182637544e-15
3.8507080078e+02 7.3574620486e-14 3.3116746890e-14 3.5919975074e-14 4.5378985227e-15
3.8513183594e+02 7.3944838599e-14 3.3135687283e-14 3.6281241252e-14 4.5279100644e-15
3.8519287109e+02 7.4600712844e-14 3.3076045560e-14 3.7031802092e-14 4.4928651918e-15
3.8525390625e+02 7.3509976044e-14 3.2789352529e-14 3.6260296840e-14 4.4603266759e-15
3.8531494141e+02 7.4268238943e-14 3.3074845210e-14 3.6674923905e-14 4.5184698278e-15
3.8537597656e+02 7.4745308336e-14 3.3354183534e-14 3.6888726405e-14 4.5023983960e-15
3.8543701172e+02 7.4749235005e-14 3.3456983212e-14 3.6798921407e-14 4.4933303872e-15
3.8549804688e+02 7.5220560082e-14 3.3616321999e-14 3.7125290686e-14 4.4789473971e-15
3.8555908203e+02 7.4655490953e-14 3.3148544516e-14 3.7016557170e-14 4.4903892661e-15
3.8562011719e+02 7.3988119846e-14 3.2956257246e-14 3.6549305039e-14 4.4825575614e-15
3.8568115234e+02 7.3923750588e-14 3.2773585741e-14 3.6658961340e-14 4.4912035076e-15
3.8574218750e+02 7.3744207695e-14 3.2564855483e-14 3.6680044249e-14 4.4993079637e-15
3.8580322266e+02 7.3649006620e-14 3.2606678699e-14 3.6558213483e-14 4.4841144383e-15
3.8586425781e+02 7.2925525993e-14 3.2394008669e-14 3.6043738470e-14 4.4877788538e-15
3.8592529297e+02 7.3403446185e-14 3.2785073018e-14 3.6164967510e-14 4.4534056578e-15
3.8598632812e+02 7.4798202740e-14 3.3614859354e-14 3.6683330199e-14 4.5000131872e-15
3.8604736328e+02 7.5343419909e-14 3.3876758719e-14 3.6943508237e-14 4.5231529533e-15
3.8610839844e+02 7.5145299986e-14 3.3454576620e-14 3.7184530359e-14 4.5061930058e-15
3.8616943359e+02 7.4946747773e-14 3.3229067806e-14 3.7220472503e-14 4.4972074649e-15
3.8623046875e+02 7.4829042833e-14 3.2887220024e-14 3.7389955146e-14 4.5518676637e-15
3.8629150391e+02 7.3985773888e-14 3.2926316685e-14 3.6520819612e-14 4.5386375916e-15
3.8635253906e+02 7.4448229883e-14 3.2943959232e-14 3.6958305361e-14 4.5459652901e-15
3.8641357422e+02 7.3712895589e-14 3.3136105161e-14 3.6088483004e-14 4.4883074241e-15
3.8647460938e+02 7.4123819738e-14 3.3259838902e-14 3.6383287550e-14 4.4806932854e-15
3.8653564453e+02 7.4150148609e-14 3.3505643559e-14 3.6133257935e-14 4.5112471149e-15
3.8659667969e+02 7.4794989157e-14 3.3567035106e-14 3.6703081619e-14 4.5248724320e-15
3.8665771484e+02 7.4901479638e-14 3.3415427142e-14 3.6979752741e-14 4.5062997548e-15
3.8671875000e+02 7.4291364922e-14 3.2779424967e-14 3.7018316974e-14 4.4936229805e-15
3.8677978516e+02 7.4746017409e-14 3.2731201319e-14 3.7502682019e-14 4.5121340716e-15
3.8684082031e+02 7.4583860450e-14 3.2867069598e-14 3.7225576259e-14 4.4912145937e-15
3.8690185547e+02 7.3493356292e-14 3.2772851158e-14 3.6211214165e-14 4.5092909677e-15
3.8696289062e+02 7.3724202506e-14 3.2777221272e-14 3.6422813221e-14 4.5241680131e-15
3.8702392578e+02 7.4039828178e-14 3.2807893783e-14 3.6724625487e-14 4.5073089082e-15
3.8708496094e+02 7.4459969486e-14 3.2866863424e-14 3.7109458166e-14 4.4836478962e-15
3.8714599609e+02 7.4358566744e-14 3.2670123701e-14 3.7211776449e-14 4.4766665941e-15
3.8720703125e+02 7.4096302083e-14 3.3172627193e-14 3.6425600629e-14 4.4980742606e-15
3.8726806641e+02 7.3457363673e-14 3.3087109715e-14 3.5878746190e-14 4.4915077684e-15
3.8732910156e+02 7.3757783102e-14 3.2926589862e-14 3.6319704093e-14 4.5114891469e-15
3.8739013672e+02 7.3654869367e-14 3.2814049704e-14 3.6328613043e-14 4.5122066208e-15
3.8745117188e+02 7.3447954407e-14 3.2542223503e-14 3.6370930741e-14 4.5348001631e-15
3.8751220703e+02 7.4376583376e-14 3.3110703391e-14 3.6784255934e-14 4.4816240519e-15
3.8757324219e+02 7.4347288986e-14 3.3254489113e-14 3.6623326256e-14 4.4694736172e-15
3.8763427734e+02 7.4198193552e-14 3.3012435071e-14 3.6680378408e-14 4.5053800729e-15
3.8769531250e+02 7.2958614062e-14 3.2155352760e-14 3.6311151168e-14 4.4921101341e-15
3.8775634766e+02 7.3689531053e-14 3.3104603012e-14 3.6073687004e-14 4.5112410365e-15
3.8781738281e+02 7.4130009889e-14 3.3676026846e-14 3.5937438121e-14 4.5165449217e-15
3.8787841797e+02 7.4235498440e-14 3.3077029280e-14 3.6649376333e-14 4.5090928267e-15
3.8793945312e+02 7.3280064701e-14 3.2388527196e-14 3.6402550808e-14 4.4889866969e-15
3.8800048828e+02 7.2099006847e-14 3.2145422480e-14 3.5466164624e-14 4.4874197428e-15
3.8806152344e+02 7.3175126083e-14 3.2835805481e-14 3.5809405520e-14 4.5299150810e-15
3.8812255859e+02 7.3090824543e-14 3.2490437481e-14 3.6088670933e-14 4.5117161289e-15
3.8818359375e+02 7.2930532119e-14 3.2293680690e-14 3.6123401474e-14 4.5134499553e-15
3.8824462891e+02 7.2778991006e-14 3.2099172404e-14 3.6147327583e-14 4.5324910190e-15
3.8830566406e+02 7.3292083724e-14 3.2494343447e-14 3.6263022603e-14 4.5347176739e-15
3.8836669922e+02 7.3846220427e-14 3.2741112368e-14 3.6601812646e-14 4.5032954136e-15
3.8842773438e+02 7.3174714180e-14 3.2523765840e-14 3.6213032047e-14 4.4379162941e-15
3.8848876953e+02 7.3710094518e-14 3.2406378836e-14 3.6819417868e-14 4.4842978137e-15
3.8854980469e+02 7.3842409807e-14 3.2550664379e-14 3.6778011712e-14 4.5137337166e-15
3.8861083984e+02 7.3225189023e-14 3.2339226783e-14 3.6381744504e-14 4.5042177352e-15
3.8867187500e+02 7.3255080818e-14 3.2386046996e-14 3.6404076901e-14 4.4649569208e-15
3.8873291016e+02 7.3381932775e-14 3.3093050499e-14 3.5844878512e-14 4.4440037637e-15
3.8879394531e+02 7.2594581495e-14 3.2727753658e-14 3.5380656383e-14 4.4861714539e-15
3.8885498047e+02 7.2628378267e-14 3.2532498203e-14 3.5630549536e-14 4.4653305283e-15
3.8891601562e+02 7.3139148460e-14 3.2290335709e-14 3.6344637437e-14 4.5041753140e-15
3.8897705078e+02 7.2844905071e-14 3.2114829686e-14 3.6231468779e-14 4.4986066053e-15
3.8903808594e+02 7.3634832347e-14 3.2679557706e-14 3.6440654389e-14 4.5146202524e-15
3.8909912109e+02 7.3855154455e-14 3.2724185103e-14 3.6627496879e-14 4.5034724728e-15
3.8916015625e+02 7.3692072316e-14 3.2790831132e-14 3.6421592936e-14 4.4796482480e-15
3.8922119141e+02 7.3112716364e-14 3.2278798417e-14 3.6278948784e-14 4.5549691632e-15
3.8928222656e+02 7.2910090305e-14 3.2164781682e-14 3.6229138717e-14 4.5161699072e-15
3.8934326172e+02 7.3254303183e-14 3.2458232823e-14 3.6304687461e-14 4.4913828997e-15
3.8940429688e+02 7.3252594313e-14 3.2766770556e-14 3.6015921045e-14 4.4699027113e-15
3.8946533203e+02 7.2813555845e-14 3.2110015851e-14 3.6153453690e-14 4.5500863038e-15
3.8952636719e+02 7.2489926055e-14 3.2381663620e-14 3.5581260921e-14 4.5270015134e-15
3.8958740234e+02 7.3036351491e-14 3.2617732792e-14 3.5908788122e-14 4.5098305769e-15
3.8964843750e+02 7.3168599850e-14 3.2401880373e-14 3.6263419667e-14 4.5032998096e-15
3.8970947266e+02 7.3460254490e-14 3.2495811045e-14 3.6445987506e-14 4.5184559391e-15
3.8977050781e+02 7.4027665265e-14 3.2349276334e-14 3.7154267976e-14 4.5241209551e-15
3.8983154297e+02 7.3576883777e-14 3.2633452668e-14 3.6435226473e-14 4.5082046355e-15
3.8989257812e+02 7.3902063680e-14 3.2464370775e-14 3.6908725738e-14 4.5289671673e-15
3.8995361328e+02 7.4017991520e-14 3.2285213521e-14 3.7140372484e-14 4.5924055147e-15
3.9001464844e+02 7.3286179980e-14 3.2355510783e-14 3.6413449665e-14 4.5172195316e-15
3.9007568359e+02 7.3525793487e-14 3.2880422622e-14 3.6154949270e-14 4.4904215946e-15
3.9013671875e+02 7.2900106334e-14 3.2566505031e-14 3.5834532963e-14 4.4990683401e-15
3.9019775391e+02 7.3010146008e-14 3.2329849014e-14 3.6162598157e-14 4.5176988368e-15
3.9025878906e+02 7.2876421491e-14 3.2669230057e-14 3.5681332728e-14 4.5258587051e-15
3.9031982422e+02 7.2650575381e-14 3.2839503365e-14 3.5283043783e-14 4.5280282333e-15
3.9038085938e+02 7.2793303260e-14 3.2726128600e-14 3.5539099531e-14 4.5280751293e-15
3.9044189453e+02 7.3503395983e-14 3.2547525753e-14 3.6423741201e-14 4.5321290291e-15
3.9050292969e+02 7.3809118918e-14 3.2324419025e-14 3.6984830289e-14 4.4998696041e-15
3.9056396484e+02 7.2747576802e-14 3.2186310976e-14 3.6065286587e-14 4.4959792394e-15
3.9062500000e+02 7.2436254707e-14 3.2064836383e-14 3.5844382591e-14 4.5270357333e-15
3.9068603516e+02 7.2583006250e-14 3.2372226762e-14 3.5717676260e-14 4.4931032285e-15
3.9074707031e+02 7.2949504442e-14 3.2577697101e-14 3.5890185898e-14 4.4816214427e-15
3.9080810547e+02 7.3076234989e-14 3.2777637740e-14 3.5859360870e-14 4.4392363782e-15
3.9086914062e+02 7.3259317656e-14 3.2513683022e-14 3.6329414059e-14 4.4162205747e-15
3.9093017578e+02 7.2879234891e-14 3.2573655774e-14 3.5852850469e-14 4.4527286477e-15
3.9099121094e+02 7.2510430760e-14 3.2560221724e-14 3.5500576592e-14 4.4496324443e-15
3.9105224609e+02 7.2870249547e-14 3.2707351563e-14 3.5704017165e-14 4.4588808188e-15
3.9111328125e+02 7.3884835677e-14 3.3213313497e-14 3.6204452441e-14 4.4670697389e-15
3.9117431641e+02 7.3156827984e-14 3.2208347405e-14 3.6444616387e-14 4.5038641920e-15
3.9123535156e+02 7.2496876783e-14 3.2149356250e-14 3.5837180271e-14 4.5103402619e-15
3.9129638672e+02 7.2831281685e-14 3.2479680338e-14 3.5868612678e-14 4.4829886688e-15
3.9135742188e+02 7.2927781299e-14 3.2351778573e-14 3.6081995051e-14 4.4940076751e-15
3.9141845703e+02 7.2644537723e-14 3.2157767998e-14 3.5973759216e-14 4.5130105091e-15
3.9147949219e+02 7.1981474550e-14 3.2106320150e-14 3.5387213999e-14 4.4879404002e-15
3.9154052734e+02 7.2370404249e-14 3.2256056467e-14 3.5643202094e-14 4.4711456880e-15
3.9160156250e+02 7.2342635605e-14 3.1963823582e-14 3.5897283893e-14 4.4815281305e-15
3.9166259766e+02 7.2289264767e-14 3.1842057859e-14 3.5904201282e-14 4.5430056259e-15
3.9172363281e+02 7.1926522694e-14 3.1478889402e-14 3.5930970136e-14 4.5166631552e-15
3.9178466797e+02 7.2721815992e-14 3.2197389051e-14 3.6042741793e-14 4.4816851471e-15
3.9184570312e+02 7.3069199421e-14 3.2405925665e-14 3.6157091726e-14 4.5061820304e-15
3.9190673828e+02 7.2817147458e-14 3.2435441446e-14 3.5889107226e-14 4.4925987863e-15
3.9196777344e+02 7.2748531371e-14 3.2742199890e-14 3.5485710615e-14 4.5206208664e-15
3.9202880859e+02 7.3067162845e-14 3.2607081458e-14 3.5959693172e-14 4.5003882145e-15
3.9208984375e+02 7.2335848131e-14 3.1926487593e-14 3.5885542753e-14 4.5238177850e-15
3.9215087891e+02 7.2937084916e-14 3.2210514504e-14 3.6232473884e-14 4.4940965282e-15
3.9221191406e+02 7.2829908698e-14 3.2007506914e-14 3.6298254123e-14 4.5241476611e-15
3.9227294922e+02 7.2130038366e-14 3.1838078900e-14 3.5789786711e-14 4.5021727549e-15
3.9233398438e+02 7.2523681092e-14 3.2206048222e-14 3.5824463265e-14 4.4931696053e-15
3.9239501953e+02 7.2326538505e-14 3.2098840692e-14 3.5726278223e-14 4.5014195895e-15
3.9245605469e+02 7.2617089165e-14 3.2470958417e-14 3.5656376188e-14 4.4897545592e-15
3.9251708984e+02 7.3228089706e-14 3.2546140332e-14 3.6168435780e-14 4.5135135940e-15
3.9257812500e+02 7.1789583189e-14 3.2179566783e-14 3.5111307238e-14 4.4987091676e-15
3.9263916016e+02 7.1793306219e-14 3.1930350424e-14 3.5370835952e-14 4.4921198423e-15
3.9270019531e+02 7.2220581755e-14 3.2110563960e-14 3.5607870764e-14 4.5021470312e-15
3.9276123047e+02 7.2140161881e-14 3.1790131493e-14 3.5923800393e-14 4.4262299945e-15
3.9282226562e+02 7.1685067757e-14 3.1540880454e-14 3.5694727612e-14 4.4494596913e-15
3.9288330078e+02 7.1855368705e-14 3.2171015562e-14 3.5193710226e-14 4.4906429165e-15
3.9294433594e+02 7.2834021445e-14 3.2505684868e-14 3.5834028786e-14 4.4943077909e-15
3.9300537109e+02 7.3452354671e-14 3.2742266496e-14 3.6225656348e-14 4.4844318262e-15
3.9306640625e+02 7.2770562644e-14 3.2187952669e-14 3.6095956486e-14 4.4866534885e-15
3.9312744141e+02 7.2363856884e-14 3.2313110940e-14 3.5563387574e-14 4.4873583696e-15
3.9318847656e+02 7.2897778276e-14 3.2254617097e-14 3.6150753872e-14 4.4924073072e-15
3.9324951172e+02 7.2824388629e-14 3.2216401290e-14 3.6112053361e-14 4.4959339775e-15
3.9331054688e+02 7.2187109970e-14 3.1955768651e-14 3.5718546960e-14 4.5127943597e-15
3.9337158203e+02 7.2309345588e-14 3.2066522963e-14 3.5737195429e-14 4.5056271962e-15
3.9343261719e+02 7.1777829703e-14 3.1964256018e-14 3.5306730924e-14 4.5068427596e-15
3.9349365234e+02 7.2720473829e-14 3.2545094859e-14 3.5679609517e-14 4.4957694529e-15
3.9355468750e+02 7.2537585140e-14 3.2113515162e-14 3.5999235337e-14 4.4248346410e-15
3.9361572266e+02 7.2629268046e-14 3.2091213185e-14 3.6083539556e-14 4.4545153047e-15
3.9367675781e+02 7.3088773532e-14 3.2478111723e-14 3.6145463166e-14 4.4651986428e-15
3.9373779297e+02 7.1969604496e-14 3.2126631118e-14 3.5374355002e-14 4.4686183761e-15
3.9379882812e+02 7.1717194573e-14 3.2361525209e-14 3.4904020196e-14 4.4516491674e-15
3.9385986328e+02 7.1613392782e-14 3.1990660129e-14 3.5153421716e-14 4.4693109372e-15
3.9392089844e+02 7.1901623161e-14 3.1979366546e-14 3.5467802028e-14 4.4544545861e-15
3.9398193359e+02 7.3233847436e-14 3.2764647836e-14 3.5991081931e-14 4.4781176695e-15
3.9404296875e+02 7.3232332643e-14 3.2774685195e-14 3.5973091048e-14 4.4845564002e-15
3.9410400391e+02 7.2619335545e-14 3.2463458997e-14 3.5666498284e-14 4.4893782636e-15
3.9416503906e+02 7.2510095061e-14 3.2058298454e-14 3.5940421931e-14 4.5113746754e-15
3.9422607422e+02 7.1908392588e-14 3.1635293519e-14 3.5790289642e-14 4.4828094268e-15
3.9428710938e+02 7.2870599330e-14 3.2103289763e-14 3.6306149891e-14 4.4611596763e-15
3.9434814453e+02 7.2634734217e-14 3.2157510050e-14 3.5951057152e-14 4.5261670159e-15
3.9440917969e+02 7.1506542825e-14 3.2204099485e-14 3.4722126448e-14 4.5803168915e-15
3.9447021484e+02 7.1103840858e-14 3.1565860991e-14 3.5020759701e-14 4.5172201666e-15
3.9453125000e+02 7.0986282638e-14 3.1546730951e-14 3.4961134558e-14 4.4784171285e-15
3.9459228516e+02 7.1601254826e-14 3.1635348452e-14 3.5497570411e-14 4.4683359630e-15
3.9465332031e+02 7.2072168494e-14 3.1406699807e-14 3.6179713500e-14 4.4857551878e-15
3.9471435547e+02 7.2967612748e-14 3.2327226319e-14 3.6155834654e-14 4.4845517748e-15
3.9477539062e+02 7.3061204182e-14 3.2208652226e-14 3.6408919334e-14 4.4436326216e-15
3.9483642578e+02 7.2716081694e-14 3.1753130788e-14 3.6472955888e-14 4.4899950180e-15
3.9489746094e+02 7.1214402920e-14 3.1258510814e-14 3.5501504914e-14 4.4543871928e-15
3.9495849609e+02 7.2127645493e-14 3.1916870416e-14 3.5792328697e-14 4.4184463789e-15
3.9501953125e+02 7.2095060126e-14 3.1952064126e-14 3.5665516736e-14 4.4774792651e-15
3.9508056641e+02 7.2133027855e-14 3.2214168080e-14 3.5419086528e-14 4.4997732472e-15
3.9514160156e+02 7.2273376650e-14 3.2238446740e-14 3.5583275715e-14 4.4516541949e-15
3.9520263672e+02 7.1791608381e-14 3.1719007194e-14 3.5618434800e-14 4.4541663870e-15
3.9526367188e+02 7.1804676172e-14 3.1700000089e-14 3.5615484511e-14 4.4891915720e-15
3.9532470703e+02 7.1224358673e-14 3.1798279499e-14 3.4933559599e-14 4.4925195756e-15
3.9538574219e+02 7.0846559299e-14 3.1292511564e-14 3.5075683571e-14 4.4783641638e-15
3.9544677734e+02 7.1521251172e-14 3.1726997132e-14 3.5312292374e-14 4.4819616663e-15
3.9550781250e+02 7.1765387779e-14 3.2054596845e-14 3.5230039140e-14 4.4807517941e-15
3.9556884766e+02 7.1779180503e-14 3.2027626559e-14 3.5242487510e-14 4.5090664336e-15
3.9562988281e+02 7.2027977271e-14 3.2127845911e-14 3.5393095752e-14 4.5070356084e-15
3.9569091797e+02 7.1350680942e-14 3.1725964395e-14 3.5125555142e-14 4.4991614060e-15
3.9575195312e+02 7.1828305472e-14 3.1687677960e-14 3.5661996771e-14 4.4786307412e-15
3.9581298828e+02 7.1547046390e-14 3.1960706187e-14 3.5117161082e-14 4.4691791209e-15
3.9587402344e+02 7.1780288714e-14 3.1923022988e-14 3.5341459233e-14 4.5158064930e-15
3.9593505859e+02 7.2268976902e-14 3.1808906826e-14 3.5974148080e-14 4.4859219955e-15
3.9599609375e+02 7.2552784102e-14 3.2281850956e-14 3.5776036169e-14 4.4948969771e-15
3.9605712891e+02 7.3003924824e-14 3.2090626785e-14 3.6414165323e-14 4.4991327155e-15
3.9611816406e+02 7.2004470392e-14 3.1345388762e-14 3.6155808833e-14 4.5032727971e-15
3.9617919922e+02 7.1747310422e-14 3.1428393252e-14 3.5834097357e-14 4.4848198131e-15
3.9624023438e+02 7.1872737829e-14 3.2048722103e-14 3.5361833592e-14 4.4621821344e-15
3.9630126953e+02 7.1479306966e-14 3.1784997769e-14 3.5170866106e-14 4.5234430902e-15
3.9636230469e+02 7.1498128662e-14 3.1796976313e-14 3.5196146356e-14 4.5050059923e-15
3.9642333984e+02 7.1476016540e-14 3.1898830571e-14 3.5100034160e-14 4.4771518089e-15
3.9648437500e+02 7.1283768532e-14 3.1570670679e-14 3.5202209734e-14 4.5108881185e-15
3.9654541016e+02 7.0972078361e-14 3.1417625654e-14 3.5015605473e-14 4.5388472337e-15
3.9660644531e+02 7.1516986096e-14 3.1348443000e-14 3.5693595649e-14 4.4749474471e-15
3.9666748047e+02 7.2471388060e-14 3.1942761889e-14 3.6044009768e-14 4.4846164031e-15
3.9672851562e+02 7.1809091089e-14 3.1440884124e-14 3.5864073572e-14 4.5041333923e-15
3.9678955078e+02 7.2587220454e-14 3.1891033891e-14 3.6220511439e-14 4.4756751241e-15
3.9685058594e+02 7.2304712102e-14 3.1805744870e-14 3.6009891492e-14 4.4890757403e-15
3.9691162109e+02 7.2205992719e-14 3.1737039551e-14 3.5977526034e-14 4.4914271344e-15
3.9697265625e+02 7.1304291121e-14 3.1188996860e-14 3.5586308299e-14 4.5289859621e-15
3.9703369141e+02 7.1067814448e-14 3.1185341880e-14 3.5372249474e-14 4.5102230940e-15
3.9709472656e+02 7.1126972553e-14 3.1397660142e-14 3.5276127177e-14 4.4531852342e-15
3.9715576172e+02 7.1255999180e-14 3.1558823888e-14 3.5222664431e-14 4.4745108610e-15
3.9721679688e+02 7.2139330771e-14 3.1848060448e-14 3.5774275537e-14 4.5169947866e-15
3.9727783203e+02 7.1740950003e-14 3.1657960179e-14 3.5584799232e-14 4.4981905914e-15
3.9733886719e+02 7.1021404234e-14 3.1113053941e-14 3.5412367055e-14 4.4959832368e-15
3.9739990234e+02 7.1142553224e-14 3.1032225819e-14 3.5610051024e-14 4.5002763806e-15
3.9746093750e+02 7.1363166406e-14 3.1526110961e-14 3.5360532459e-14 4.4765229860e-15
3.9752197266e+02 7.1875584571e-14 3.1775589298e-14 3.5616695956e-14 4.4832993170e-15
3.9758300781e+02 7.0831790096e-14 3.1475216631e-14 3.4843796251e-14 4.5127772145e-15
3.9764404297e+02 7.1172664662e-14 3.1449553235e-14 3.5278395789e-14 4.4447156372e-15
3.9770507812e+02 7.1739934916e-14 3.1751544952e-14 3.5557238303e-14 4.4311516611e-15
3.9776611328e+02 7.1047040445e-14 3.0984143054e-14 3.5610151611e-14 4.4527457795e-15
3.9782714844e+02 7.1044935493e-14 3.1183066083e-14 3.5425370513e-14 4.4364988972e-15
3.9788818359e+02 7.1663575865e-14 3.1129252396e-14 3.6085593730e-14 4.4487297390e-15
3.9794921875e+02 7.0809634188e-14 3.0879848286e-14 3.5499088112e-14 4.4306977906e-15
3.9801025391e+02 7.1230163117e-14 3.1430865691e-14 3.5375471199e-14 4.4238262269e-15
3.9807128906e+02 7.1587685425e-14 3.1835175865e-14 3.5314654116e-14 4.4378554443e-15
3.9813232422e+02 7.1069675403e-14 3.2129253221e-14 3.4458536424e-14 4.4818857579e-15
3.9819335938e+02 7.1019250195e-14 3.1724037818e-14 3.4753462299e-14 4.5417500775e-15
3.9825439453e+02 7.1370984242e-14 3.1175958846e-14 3.5671606589e-14 4.5234188059e-15
3.9831542969e+02 7.0901473616e-14 3.1103444516e-14 3.5278384198e-14 4.5196449026e-15
3.9837646484e+02 7.0969164217e-14 3.1305372859e-14 3.5188975105e-14 4.4748162529e-15
3.9843750000e+02 7.1081568267e-14 3.1487355575e-14 3.5137842422e-14 4.4563702705e-15
3.9849853516e+02 7.1582486629e-14 3.1668105509e-14 3.5477461747e-14 4.4369193730e-15
3.9855957031e+02 7.1244205159e-14 3.1515615422e-14 3.5280441627e-14 4.4481481088e-15
3.9862060547e+02 7.0822912814e-14 3.1409133602e-14 3.4950028501e-14 4.4637507110e-15
3.9868164062e+02 7.0760663809e-14 3.1172874131e-14 3.5112840324e-14 4.4749493542e-15
3.9874267578e+02 7.0773013508e-14 3.0956792397e-14 3.5346750879e-14 4.4694702311e-15
3.9880371094e+02 7.1002247813e-14 3.1212161701e-14 3.5316125813e-14 4.4739602992e-15
3.9886474609e+02 7.1007721450e-14 3.1259090875e-14 3.5299812973e-14 4.4488176008e-15
3.9892578125e+02 7.0912022135e-14 3.1145222494e-14 3.5225347781e-14 4.5414518600e-15
3.9898681641e+02 7.0602418469e-14 3.1377344432e-14 3.4738997767e-14 4.4860762695e-15
3.9904785156e+02 7.1026623423e-14 3.1710810512e-14 3.4856123366e-14 4.4596895446e-15
3.9910888672e+02 7.0619838445e-14 3.1832690507e-14 3.4314196396e-14 4.4729515420e-15
3.9916992188e+02 7.0851397956e-14 3.1764798618e-14 3.4574318622e-14 4.5122807162e-15
3.9923095703e+02 7.1186161477e-14 3.1843529472e-14 3.4848760805e-14 4.4938712007e-15
3.9929199219e+02 7.1412600245e-14 3.1757244172e-14 3.5175174457e-14 4.4801816159e-15
3.9935302734e+02 7.1131005588e-14 3.1414662770e-14 3.5196191424e-14 4.5201513944e-15
3.9941406250e+02 7.1011002143e-14 3.1147418534e-14 3.5337164068e-14 4.5264195404e-15
3.9947509766e+02 7.0975118831e-14 3.1504723243e-14 3.4967215766e-14 4.5031798221e-15
3.9953613281e+02 6.9946058305e-14 3.1697803669e-14 3.3723390577e-14 4.5248640587e-15
3.9959716797e+02 7.0059163101e-14 3.1229831558e-14 3.4311773140e-14 4.5175584023e-15
3.9965820312e+02 7.0166600296e-14 3.0848844527e-14 3.4801820365e-14 4.5159354046e-15
3.9971923828e+02 7.0570652299e-14 3.0675642405e-14 3.5431196416e-14 4.4638134783e-15
3.9978027344e+02 7.0040031090e-14 3.0574804788e-14 3.5009620854e-14 4.4556054478e-15
3.9984130859e+02 7.0515136245e-14 3.1163356090e-14 3.4849809999e-14 4.5019701550e-15
3.9990234375e+02 7.0995330528e-14 3.1439670221e-14 3.5046522013e-14 4.5091382941e-15
3.9996337891e+02 7.0865556975e-14 3.1359846845e-14 3.5009196050e-14 4.4965140799e-15
4.0002441406e+02 7.0837134826e-14 3.1423318403e-14 3.4989090636e-14 4.4247257864e-15
4.0008544922e+02 7.1277056265e-14 3.1438454387e-14 3.5389482196e-14 4.4491196816e-15
4.0014648438e+02 7.1194349591e-14 3.1402785775e-14 3.5333209927e-14 4.4583538898e-15
4.0020751953e+02 7.0397797461e-14 3.1226580773e-14 3.4693898218e-14 4.4773184696e-15
4.0026855469e+02 7.0186904193e-14 3.1096429483e-14 3.4602370757e-14 4.4881039528e-15
4.0032958984e+02 6.9685272238e-14 3.0972967684e-14 3.4225818157e-14 4.4864863971e-15
4.0039062500e+02 7.0435157651e-14 3.1088855775e-14 3.4874636479e-14 4.4716653976e-15
4.0045166016e+02 7.0169143207e-14 3.1126148017e-14 3.4589794096e-14 4.4532010930e-15
4.0051269531e+02 7.0269288044e-14 3.1269816291e-14 3.4536775763e-14 4.4626959906e-15
4.0057373047e+02 7.0357408417e-14 3.1335686973e-14 3.4535349415e-14 4.4863720292e-15
4.0063476562e+02 7.1032590484e-14 3.1445012437e-14 3.5085565999e-14 4.5020120480e-15
4.0069580078e+02 7.0951105459e-14 3.1567245506e-14 3.4897306590e-14 4.4865533643e-15
4.0075683594e+02 7.1194825664e-14 3.1624060429e-14 3.5141370733e-14 4.4293945028e-15
4.0081787109e+02 6.9694540679e-14 3.1063828719e-14 3.4209176599e-14 4.4215353608e-15
4.0087890625e+02 6.9859685302e-14 3.1305276483e-14 3.4089924008e-14 4.4644848115e-15
4.0093994141e+02 7.0676727916e-14 3.1364801089e-14 3.4817541350e-14 4.4943854762e-15
4.0100097656e+02 7.0839596608e-14 3.1492452884e-14 3.4811012353e-14 4.5361313713e-15
4.0106201172e+02 6.9646854229e-14 3.1237281047e-14 3.3936208855e-14 4.4733643267e-15
4.0112304688e+02 7.0516161382e-14 3.1154637886e-14 3.4944417928e-14 4.4171055686e-15
4.0118408203e+02 7.0505650717e-14 3.1148553732e-14 3.4917094651e-14 4.4400023330e-15
4.0124511719e+02 7.0668645087e-14 3.1383897191e-14 3.4811491991e-14 4.4732559057e-15
4.0130615234e+02 7.1521592107e-14 3.1844577298e-14 3.5156686968e-14 4.5203278409e-15
4.0136718750e+02 7.1130749793e-14 3.1683989563e-14 3.4951071445e-14 4.4956887852e-15
4.0142822266e+02 7.0670887836e-14 3.1176751278e-14 3.4990025290e-14 4.5041112685e-15
4.0148925781e+02 7.0546976842e-14 3.1150772283e-14 3.4896258834e-14 4.4999457255e-15
4.0155029297e+02 7.0052874714e-14 3.1404676269e-14 3.4187038027e-14 4.4611604174e-15
4.0161132812e+02 7.0610407636e-14 3.1361779912e-14 3.4759468930e-14 4.4891587945e-15
4.0167236328e+02 7.1233044531e-14 3.1189763657e-14 3.5527998564e-14 4.5152823096e-15
4.0173339844e+02 7.0310693448e-14 3.0858647661e-14 3.4973264944e-14 4.4787808432e-15
4.0179443359e+02 7.0287863054e-14 3.1357207116e-14 3.4448801566e-14 4.4818543720e-15
4.0185546875e+02 7.0652534187e-14 3.1218294237e-14 3.4975938681e-14 4.4583012684e-15
4.0191650391e+02 7.0562137185e-14 3.1009364892e-14 3.5079027780e-14 4.4737445130e-15
4.0197753906e+02 7.1062321958e-14 3.1519863420e-14 3.5030354013e-14 4.5121045255e-15
4.0203857422e+02 7.1167997615e-14 3.1276493688e-14 3.5381561523e-14 4.5099424044e-15
4.0209960938e+02 7.0375058293e-14 3.0526800790e-14 3.5363500215e-14 4.4847572879e-15
4.0216064453e+02 6.9813813518e-14 3.0728692527e-14 3.4581905972e-14 4.5032150186e-15
4.0222167969e+02 7.0744434380e-14 3.1391894555e-14 3.4853626935e-14 4.4989128902e-15
4.0228271484e+02 7.0923507779e-14 3.1583468542e-14 3.4802195214e-14 4.5378440236e-15
4.0234375000e+02 7.0705782727e-14 3.1353605637e-14 3.4813196005e-14 4.5389810846e-15
4.0240478516e+02 6.9625006048e-14 3.0714148815e-14 3.4416675439e-14 4.4941817941e-15
4.0246582031e+02 7.0300407686e-14 3.1044321843e-14 3.4794039758e-14 4.4620460863e-15
4.0252685547e+02 7.0734474191e-14 3.1418040687e-14 3.4850655103e-14 4.4657784006e-15
4.0258789062e+02 7.0051468198e-14 3.1140695606e-14 3.4453328776e-14 4.4574438161e-15
4.0264892578e+02 6.9362199568e-14 3.0361672261e-14 3.4553241355e-14 4.4472859531e-15
4.0270996094e+02 6.9988652384e-14 3.0781266059e-14 3.4748422607e-14 4.4589637177e-15
4.0277099609e+02 7.0818613354e-14 3.1486072084e-14 3.4866598263e-14 4.4659430068e-15
4.0283203125e+02 7.0691970650e-14 3.1009109431e-14 3.5229592445e-14 4.4532687748e-15
4.0289306641e+02 7.0282055287e-14 3.1033347128e-14 3.4788764754e-14 4.4599434052e-15
4.0295410156e+02 6.9421270646e-14 3.0622032056e-14 3.4292320442e-14 4.5069181481e-15
4.0301513672e+02 6.9797634152e-14 3.0720411189e-14 3.4574605257e-14 4.5026177062e-15
4.0307617188e+02 6.9475660013e-14 3.1068456899e-14 3.3921409051e-14 4.4857940624e-15
4.0313720703e+02 7.0154925291e-14 3.1467948208e-14 3.4203055146e-14 4.4839219375e-15
4.0319824219e+02 6.9826937563e-14 3.1036169303e-14 3.4314216126e-14 4.4765521342e-15
4.0325927734e+02 6.9593449643e-14 3.0894223904e-14 3.4263139099e-14 4.4360866402e-15
4.0332031250e+02 6.9943574446e-14 3.0832855744e-14 3.4654683001e-14 4.4560357007e-15
4.0338134766e+02 6.9879214704e-14 3.0418827291e-14 3.4975699447e-14 4.4846879668e-15
4.0344238281e+02 7.0097983892e-14 3.0862789119e-14 3.4814329622e-14 4.4208651516e-15
4.0350341797e+02 7.0093638880e-14 3.1070423334e-14 3.4575958580e-14 4.4472569668e-15
4.0356445312e+02 7.0236735106e-14 3.1296897016e-14 3.4467493958e-14 4.4723441324e-15
4.0362548828e+02 7.0391355079e-14 3.1449904841e-14 3.4442277796e-14 4.4991724416e-15
4.0368652344e+02 7.0673956344e-14 3.1716527449e-14 3.4457074106e-14 4.5003547886e-15
4.0374755859e+02 7.0338289082e-14 3.1306882350e-14 3.4589130753e-14 4.4422759795e-15
4.0380859375e+02 6.9558522281e-14 3.0483842990e-14 3.4648013148e-14 4.4266661423e-15
4.0386962891e+02 6.9647968715e-14 3.0254437181e-14 3.4941418925e-14 4.4521126092e-15
4.0393066406e+02 6.9643131351e-14 3.0715779244e-14 3.4510092572e-14 4.4172595345e-15
4.0399169922e+02 6.9703014918e-14 3.0758087380e-14 3.4512643313e-14 4.4322842251e-15
4.0405273438e+02 6.8517172412e-14 2.9736434574e-14 3.4327990612e-14 4.4527472269e-15
4.0411376953e+02 6.9819290772e-14 3.0794376725e-14 3.4539133734e-14 4.4857803127e-15
4.0417480469e+02 7.0453288541e-14 3.1172905200e-14 3.4801752455e-14 4.4786308855e-15
4.0423583984e+02 6.9031376223e-14 3.0473498168e-14 3.4080261014e-14 4.4776170415e-15
4.0429687500e+02 6.8798374608e-14 3.0349115622e-14 3.3981549028e-14 4.4677099586e-15
4.0435791016e+02 6.9404962383e-14 3.0734535520e-14 3.4174164947e-14 4.4962619155e-15
4.0441894531e+02 6.9235496247e-14 3.0781718744e-14 3.3966656742e-14 4.4871207621e-15
4.0447998047e+02 7.0095490755e-14 3.1069794319e-14 3.4564128080e-14 4.4615683563e-15
4.0454101562e+02 7.1175547067e-14 3.1489563842e-14 3.5189857586e-14 4.4961256393e-15
4.0460205078e+02 7.0107932532e-14 3.1080940505e-14 3.4536500751e-14 4.4904912760e-15
4.0466308594e+02 6.9755899896e-14 3.0966143675e-14 3.4288182977e-14 4.5015732439e-15
4.0472412109e+02 6.9775263779e-14 3.1047244104e-14 3.4250836249e-14 4.4771834261e-15
4.0478515625e+02 7.0097187891e-14 3.1167440688e-14 3.4487171692e-14 4.4425755108e-15
4.0484619141e+02 6.9456874043e-14 3.0552774235e-14 3.4470805606e-14 4.4332942027e-15
4.0490722656e+02 6.9821373039e-14 3.0533737716e-14 3.4835608803e-14 4.4520265205e-15
4.0496826172e+02 7.0239283983e-14 3.0781883572e-14 3.5020709852e-14 4.4366905595e-15
4.0502929688e+02 6.9426645031e-14 3.0564232523e-14 3.4410379789e-14 4.4520327199e-15
4.0509033203e+02 6.9247075081e-14 3.0595883717e-14 3.4167913104e-14 4.4832782603e-15
4.0515136719e+02 6.9299448047e-14 3.0603521432e-14 3.4222115754e-14 4.4738108615e-15
4.0521240234e+02 6.8943825887e-14 3.0494691849e-14 3.3992163707e-14 4.4569703307e-15
4.0527343750e+02 6.9004944610e-14 3.0557439227e-14 3.3981262554e-14 4.4662428289e-15
4.0533447266e+02 6.9250063271e-14 3.0420843604e-14 3.4357600425e-14 4.4716192414e-15
4.0539550781e+02 6.8906367052e-14 3.0376852621e-14 3.4073829601e-14 4.4556848294e-15
4.0545654297e+02 6.9588582207e-14 3.1007841494e-14 3.4118935208e-14 4.4618055049e-15
4.0551757812e+02 7.0408001962e-14 3.1231985553e-14 3.4678163157e-14 4.4978532522e-15
4.0557861328e+02 6.9393034303e-14 3.0698531655e-14 3.4204987303e-14 4.4895153448e-15
4.0563964844e+02 6.9140881901e-14 3.0927938656e-14 3.3731516409e-14 4.4814268356e-15
4.0570068359e+02 6.9406001441e-14 3.1215380398e-14 3.3648350826e-14 4.5422702170e-15
4.0576171875e+02 7.0103389630e-14 3.1195662314e-14 3.4419114192e-14 4.4886131247e-15
4.0582275391e+02 6.9955025199e-14 3.1299971533e-14 3.4196515856e-14 4.4585378103e-15
4.0588378906e+02 6.9985287261e-14 3.0969667184e-14 3.4574793307e-14 4.4408267702e-15
4.0594482422e+02 6.9689804467e-14 3.0385324017e-14 3.4866071510e-14 4.4384089397e-15
4.0600585938e+02 6.8619718992e-14 3.0033974765e-14 3.4163514866e-14 4.4222293610e-15
4.0606689453e+02 6.9009590141e-14 3.0213287123e-14 3.4336907628e-14 4.4593953893e-15
4.0612792969e+02 6.9228510237e-14 3.0579839129e-14 3.4198804807e-14 4.4498663009e-15
4.0618896484e+02 6.9868570013e-14 3.0670522108e-14 3.4747575000e-14 4.4504729043e-15
4.0625000000e+02 6.9110550567e-14 3.0652416761e-14 3.3957497684e-14 4.5006361229e-15
4.0631103516e+02 6.9007613770e-14 3.0366358969e-14 3.4116772767e-14 4.5244820337e-15
4.0637207031e+02 6.8999613464e-14 3.0347131096e-14 3.4137156412e-14 4.5153259557e-15
4.0643310547e+02 6.9898507414e-14 3.0898400653e-14 3.4538143108e-14 4.4619636519e-15
4.0649414062e+02 6.9130579310e-14 3.0778451961e-14 3.3939980221e-14 4.4121471282e-15
4.0655517578e+02 6.8221930691e-14 3.0539588985e-14 3.3246512782e-14 4.4358289240e-15
4.0661621094e+02 6.8443073526e-14 3.0648572753e-14 3.3298003684e-14 4.4964970894e-15
4.0667724609e+02 6.9325351473e-14 3.0808164422e-14 3.4017014760e-14 4.5001722914e-15
4.0673828125e+02 6.9871748257e-14 3.0858042478e-14 3.4523926834e-14 4.4897789446e-15
4.0679931641e+02 6.8895238623e-14 3.0529301783e-14 3.3900297454e-14 4.4656393853e-15
4.0686035156e+02 6.9006934759e-14 3.0849935609e-14 3.3726877722e-14 4.4301214274e-15
4.0692138672e+02 6.9126918180e-14 3.0862952754e-14 3.3848110524e-14 4.4158549024e-15
4.0698242188e+02 6.9390709194e-14 3.0678165550e-14 3.4273625084e-14 4.4389185600e-15
4.0704345703e+02 6.9916283034e-14 3.0679368174e-14 3.4767458720e-14 4.4694561404e-15
4.0710449219e+02 6.9066271200e-14 3.0180680209e-14 3.4382500141e-14 4.5030908505e-15
4.0716552734e+02 6.8952235012e-14 3.0502651220e-14 3.3964039524e-14 4.4855442683e-15
4.0722656250e+02 6.8899492655e-14 3.0300062867e-14 3.4137815938e-14 4.4616138496e-15
4.0728759766e+02 6.9038512693e-14 3.0107584270e-14 3.4484951683e-14 4.4459767397e-15
4.0734863281e+02 6.9172109042e-14 3.0139401224e-14 3.4588540732e-14 4.4441670855e-15
4.0740966797e+02 6.9374126400e-14 3.0090024204e-14 3.4842136649e-14 4.4419655461e-15
4.0747070312e+02 6.9401390098e-14 3.0493399289e-14 3.4475661889e-14 4.4323289198e-15
4.0753173828e+02 6.9166926087e-14 3.0864927279e-14 3.3798443797e-14 4.5035550107e-15
4.0759277344e+02 6.9147668718e-14 3.0560826463e-14 3.4062838252e-14 4.5240040024e-15
4.0765380859e+02 6.9352353512e-14 3.0581596687e-14 3.4312586622e-14 4.4581702032e-15
4.0771484375e+02 6.9247446004e-14 3.0578858738e-14 3.4210516888e-14 4.4580703787e-15
4.0777587891e+02 7.0063357871e-14 3.1140487419e-14 3.4445324315e-14 4.4775461362e-15
4.0783691406e+02 6.9476674889e-14 3.0456969648e-14 3.4534801393e-14 4.4849038483e-15
4.0789794922e+02 6.8800616855e-14 3.0386109229e-14 3.3925193647e-14 4.4893139792e-15
4.0795898438e+02 6.9260611653e-14 3.0881141364e-14 3.3894426565e-14 4.4850437250e-15
4.0802001953e+02 6.8978995735e-14 3.0432221597e-14 3.4072733264e-14 4.4740408733e-15
4.0808105469e+02 6.8608339593e-14 3.0371960001e-14 3.3742176765e-14 4.4942028271e-15
4.0814208984e+02 6.8656395478e-14 3.0504449271e-14 3.3683069185e-14 4.4688770225e-15
4.0820312500e+02 6.8023038200e-14 3.0100541802e-14 3.3436998182e-14 4.4854982165e-15
4.0826416016e+02 6.8504289433e-14 3.0534069838e-14 3.3470327714e-14 4.4998918814e-15
4.0832519531e+02 6.8596428183e-14 3.0248891604e-14 3.3863921768e-14 4.4836148116e-15
4.0838623047e+02 6.8637399516e-14 3.0420786739e-14 3.3788496448e-14 4.4281163296e-15
4.0844726562e+02 6.8568554874e-14 3.0873144351e-14 3.3247306957e-14 4.4481035655e-15
4.0850830078e+02 6.8096645905e-14 3.0476991316e-14 3.3177465925e-14 4.4421886642e-15
4.0856933594e+02 6.8257733730e-14 3.0205543966e-14 3.3599528314e-14 4.4526614491e-15
4.0863037109e+02 6.8849735221e-14 3.0496093731e-14 3.3893176795e-14 4.4604646951e-15
4.0869140625e+02 6.8047025933e-14 3.0319043992e-14 3.3289998575e-14 4.4379833656e-15
4.0875244141e+02 6.8524853447e-14 3.0081957395e-14 3.3994592202e-14 4.4483038503e-15
4.0881347656e+02 6.8670268316e-14 3.0252940998e-14 3.3977956964e-14 4.4393703543e-15
4.0887451172e+02 6.8776330843e-14 3.0366720333e-14 3.3956950899e-14 4.4526596119e-15
4.0893554688e+02 6.8169853636e-14 3.0134685870e-14 3.3575784153e-14 4.4593836128e-15
4.0899658203e+02 6.8815699494e-14 3.0397002820e-14 3.3933250493e-14 4.4854461813e-15
4.0905761719e+02 6.8560412138e-14 3.0385235697e-14 3.3705571902e-14 4.4696045387e-15
4.0911865234e+02 6.8564928744e-14 3.0436204357e-14 3.3632218646e-14 4.4965057415e-15
4.0917968750e+02 6.8266853006e-14 3.0126526778e-14 3.3672361260e-14 4.4679649683e-15
4.0924072266e+02 6.8376530415e-14 3.0070351976e-14 3.3825171411e-14 4.4810070287e-15
4.0930175781e+02 6.8939432130e-14 3.0403959731e-14 3.4072722010e-14 4.4627503890e-15
4.0936279297e+02 6.8453858022e-14 3.0333520791e-14 3.3608073100e-14 4.5122641308e-15
4.0942382812e+02 6.9191208225e-14 3.0455120367e-14 3.4230631501e-14 4.5054563566e-15
4.0948486328e+02 6.9257882637e-14 3.0630296685e-14 3.4169138879e-14 4.4584470723e-15
4.0954589844e+02 6.9671400923e-14 3.0668442885e-14 3.4572875076e-14 4.4300829628e-15
4.0960693359e+02 6.9289996421e-14 3.0464060690e-14 3.4352874146e-14 4.4730615853e-15
4.0966796875e+02 6.8803534878e-14 3.0633039004e-14 3.3730587208e-14 4.4399086666e-15
4.0972900391e+02 6.9486977011e-14 3.0822500307e-14 3.4219540122e-14 4.4449365827e-15
4.0979003906e+02 6.9279573758e-14 3.0300642478e-14 3.4514425490e-14 4.4645057903e-15
4.0985107422e+02 6.8109547346e-14 2.9876295162e-14 3.3725344970e-14 4.5079072140e-15
4.0991210938e+02 6.8308110089e-14 3.0360020680e-14 3.3468014032e-14 4.4800753775e-15
4.0997314453e+02 6.8975702441e-14 3.0809247286e-14 3.3692939357e-14 4.4735157978e-15
4.1003417969e+02 6.8344801855e-14 3.0354703331e-14 3.3515694037e-14 4.4744044871e-15
4.1009521484e+02 6.7496538746e-14 2.9691574078e-14 3.3334467813e-14 4.4704968552e-15
4.1015625000e+02 6.8368446234e-14 3.0507570378e-14 3.3371595064e-14 4.4892807925e-15
4.1021728516e+02 6.9285189798e-14 3.0583362192e-14 3.4212980828e-14 4.4888467783e-15
4.1027832031e+02 6.8373570721e-14 3.0204228019e-14 3.3678419202e-14 4.4909234996e-15
4.1033935547e+02 6.7989691572e-14 3.0021122119e-14 3.3479731828e-14 4.4888376251e-15
4.1040039062e+02 6.8509151056e-14 3.0106029337e-14 3.3914661260e-14 4.4884604585e-15
4.1046142578e+02 6.8942995148e-14 3.0436764821e-14 3.4008006277e-14 4.4982240501e-15
4.1052246094e+02 6.8359608390e-14 3.0238812211e-14 3.3612325003e-14 4.5084711755e-15
4.1058349609e+02 6.9388145364e-14 3.0597284764e-14 3.4293776425e-14 4.4970841750e-15
4.1064453125e+02 6.8837054038e-14 3.0485747763e-14 3.3905820403e-14 4.4454858723e-15
4.1070556641e+02 6.8133364882e-14 3.0380716310e-14 3.3342951236e-14 4.4096973357e-15
4.1076660156e+02 6.8065549623e-14 3.0196410785e-14 3.3459055010e-14 4.4100838282e-15
4.1082763672e+02 6.8564776227e-14 3.0217640033e-14 3.3873165911e-14 4.4739702830e-15
4.1088867188e+02 6.8153917647e-14 2.9869170307e-14 3.3814657722e-14 4.4700896183e-15
4.1094970703e+02 6.8282852136e-14 3.0372773933e-14 3.3475433284e-14 4.4346449197e-15
4.1101074219e+02 6.8939117559e-14 3.0899443093e-14 3.3600620943e-14 4.4390535231e-15
4.1107177734e+02 6.8821059635e-14 3.0837629437e-14 3.3526009431e-14 4.4574207663e-15
4.1113281250e+02 6.9064272469e-14 3.0738853661e-14 3.3835686758e-14 4.4897320507e-15
4.1119384766e+02 6.8806493255e-14 3.0432639290e-14 3.3844560842e-14 4.5292931225e-15
4.1125488281e+02 6.8709656355e-14 2.9911843602e-14 3.4321110362e-14 4.4767023906e-15
4.1131591797e+02 6.8584896673e-14 3.0220806171e-14 3.3912707183e-14 4.4513833198e-15
4.1137695312e+02 6.8937286533e-14 3.0556110542e-14 3.3869716153e-14 4.5114598382e-15
4.1143798828e+02 6.8493927215e-14 3.0281000971e-14 3.3709603284e-14 4.5033229591e-15
4.1149902344e+02 6.7980695292e-14 2.9863806170e-14 3.3671968650e-14 4.4449204716e-15
4.1156005859e+02 6.7863019071e-14 2.9990350033e-14 3.3460086753e-14 4.4125822854e-15
4.1162109375e+02 6.7904093336e-14 3.0100824040e-14 3.3344215479e-14 4.4590538169e-15
4.1168212891e+02 6.7799839891e-14 3.0001804369e-14 3.3312855040e-14 4.4851804820e-15
4.1174316406e+02 6.8279023137e-14 3.0127414410e-14 3.3656277604e-14 4.4953311228e-15
4.1180419922e+02 6.8266583464e-14 3.0315601406e-14 3.3490262827e-14 4.4607192305e-15
4.1186523438e+02 6.8798246344e-14 3.0888477438e-14 3.3444286026e-14 4.4654828797e-15
4.1192626953e+02 6.8511612074e-14 3.0515025673e-14 3.3534154574e-14 4.4624318263e-15
4.1198730469e+02 6.8419338064e-14 3.0219383321e-14 3.3779255657e-14 4.4206990863e-15
4.1204833984e+02 6.9074538679e-14 3.0774470009e-14 3.3848305374e-14 4.4517632963e-15
4.1210937500e+02 6.9054545920e-14 3.0097362077e-14 3.4502993973e-14 4.4541898699e-15
4.1217041016e+02 6.8571468423e-14 2.9792369609e-14 3.4348561426e-14 4.4305373885e-15
4.1223144531e+02 6.8514573942e-14 3.0168233222e-14 3.3844594408e-14 4.5017463119e-15
4.1229248047e+02 6.7888243386e-14 2.9851330079e-14 3.3546699530e-14 4.4902137764e-15
4.1235351562e+02 6.8414901786e-14 3.0046124155e-14 3.3854013068e-14 4.5147645630e-15
4.1241455078e+02 6.8603958185e-14 3.0392427934e-14 3.3678258954e-14 4.5332712976e-15
4.1247558594e+02 6.8249931207e-14 3.0145045393e-14 3.3636846425e-14 4.4680393891e-15
4.1253662109e+02 6.8257561159e-14 3.0072182478e-14 3.3720681448e-14 4.4646972329e-15
4.1259765625e+02 6.9242270640e-14 3.0629390687e-14 3.4141967515e-14 4.4709124377e-15
4.1265869141e+02 6.9231978704e-14 3.0776163162e-14 3.4006813404e-14 4.4490021385e-15
4.1271972656e+02 6.8206131423e-14 3.0134391265e-14 3.3606075827e-14 4.4656643316e-15
4.1278076172e+02 6.8465239849e-14 2.9856998765e-14 3.4100378433e-14 4.5078626509e-15
4.1284179688e+02 6.8598424400e-14 3.0388881853e-14 3.3711359529e-14 4.4981830191e-15
4.1290283203e+02 6.8320797235e-14 3.0598267967e-14 3.3218072403e-14 4.5044568660e-15
4.1296386719e+02 6.7205418900e-14 2.9778714391e-14 3.2956472502e-14 4.4702320073e-15
4.1302490234e+02 6.7208157386e-14 2.9488658410e-14 3.3259168324e-14 4.4603306526e-15
4.1308593750e+02 6.7745596027e-14 2.9672283048e-14 3.3586059496e-14 4.4872534824e-15
4.1314697266e+02 6.8088177381e-14 3.0165333744e-14 3.3477813436e-14 4.4450302019e-15
4.1320800781e+02 6.7766632310e-14 3.0360435231e-14 3.2974969660e-14 4.4312274189e-15
4.1326904297e+02 6.8513767266e-14 3.0476362655e-14 3.3597221222e-14 4.4401833885e-15
4.1333007812e+02 6.7971860354e-14 2.9834554679e-14 3.3713326734e-14 4.4239789411e-15
4.1339111328e+02 6.8285038585e-14 3.0151800844e-14 3.3680527332e-14 4.4527104087e-15
4.1345214844e+02 6.8284751389e-14 3.0318595253e-14 3.3471644889e-14 4.4945112473e-15
4.1351318359e+02 6.8247690047e-14 3.0476184452e-14 3.3272354808e-14 4.4991507873e-15
4.1357421875e+02 6.8323119233e-14 3.0161540926e-14 3.3652447648e-14 4.5091306593e-15
4.1363525391e+02 6.8581276475e-14 2.9929076017e-14 3.4194627365e-14 4.4575730930e-15
4.1369628906e+02 6.8467342314e-14 3.0163312093e-14 3.3860004297e-14 4.4440259237e-15
4.1375732422e+02 6.9000685786e-14 3.0384467479e-14 3.4095861591e-14 4.5203567156e-15
4.1381835938e+02 6.8428590684e-14 3.0158759823e-14 3.3758078318e-14 4.5117525436e-15
4.1387939453e+02 6.7191210578e-14 2.9624728715e-14 3.3074015274e-14 4.4924665893e-15
4.1394042969e+02 6.6944685086e-14 2.9337290920e-14 3.3087694385e-14 4.5196997804e-15
4.1400146484e+02 6.6926675685e-14 2.9409586479e-14 3.2981931767e-14 4.5351574387e-15
4.1406250000e+02 6.7692498879e-14 2.9902373943e-14 3.3278676394e-14 4.5114485418e-15
4.1412353516e+02 6.7999514492e-14 3.0293939527e-14 3.3247227570e-14 4.4583473943e-15
4.1418457031e+02 6.7607810658e-14 2.9882845255e-14 3.3311169399e-14 4.4137960046e-15
4.1424560547e+02 6.7860066662e-14 2.9901393178e-14 3.3486068199e-14 4.4726052851e-15
4.1430664062e+02 6.7965685889e-14 3.0185270830e-14 3.3318126589e-14 4.4622884705e-15
4.1436767578e+02 6.8368017099e-14 3.0679089692e-14 3.3271131432e-14 4.4177959754e-15
4.1442871094e+02 6.7775173267e-14 3.0360257396e-14 3.2998435738e-14 4.4164801338e-15
4.1448974609e+02 6.7324124654e-14 3.0044739831e-14 3.2824842014e-14 4.4545428086e-15
4.1455078125e+02 6.7808113885e-14 3.0040667461e-14 3.3286640374e-14 4.4808060496e-15
4.1461181641e+02 6.7759359454e-14 3.0217617902e-14 3.3023332762e-14 4.5184087896e-15
4.1467285156e+02 6.7334722244e-14 2.9868451310e-14 3.3027688092e-14 4.4385828413e-15
4.1473388672e+02 6.7277967325e-14 2.9581772678e-14 3.3238759329e-14 4.4574353175e-15
4.1479492188e+02 6.7671358495e-14 2.9784265437e-14 3.3451696953e-14 4.4353961057e-15
4.1485595703e+02 6.7656202754e-14 2.9903469090e-14 3.3325475957e-14 4.4272577063e-15
4.1491699219e+02 6.6968670550e-14 2.9842411368e-14 3.2695550974e-14 4.4307082084e-15
4.1497802734e+02 6.8278915376e-14 3.0345319302e-14 3.3474718347e-14 4.4588777276e-15
4.1503906250e+02 6.8500747175e-14 3.0179832036e-14 3.3858284727e-14 4.4626304120e-15
4.1510009766e+02 6.7115329725e-14 2.9958394119e-14 3.2709701945e-14 4.4472336606e-15
4.1516113281e+02 6.7195150245e-14 2.9864207777e-14 3.2890426844e-14 4.4405156246e-15
4.1522216797e+02 6.7606328910e-14 2.9640036424e-14 3.3469204613e-14 4.4970878727e-15
4.1528320312e+02 6.8167627585e-14 3.0018003969e-14 3.3686969593e-14 4.4626540236e-15
4.1534423828e+02 6.7362808942e-14 2.9987939865e-14 3.2903645848e-14 4.4712232281e-15
4.1540527344e+02 6.7261185043e-14 2.9624418501e-14 3.3196022165e-14 4.4407443766e-15
4.1546630859e+02 6.7125792401e-14 2.9478352019e-14 3.3234704959e-14 4.4127354229e-15
4.1552734375e+02 6.7611036255e-14 2.9602753266e-14 3.3557844775e-14 4.4504382140e-15
4.1558837891e+02 6.8295377180e-14 3.0151480431e-14 3.3648751100e-14 4.4951456488e-15
4.1564941406e+02 6.7993252331e-14 2.9745183785e-14 3.3797135460e-14 4.4509330868e-15
4.1571044922e+02 6.7801234967e-14 2.9781079828e-14 3.3529439668e-14 4.4907154708e-15
4.1577148438e+02 6.7606911587e-14 2.9845012872e-14 3.3231966337e-14 4.5299323785e-15
4.1583251953e+02 6.7478715311e-14 2.9833323793e-14 3.3152082140e-14 4.4933093788e-15
4.1589355469e+02 6.7670492663e-14 2.9958338874e-14 3.3230714866e-14 4.4814389220e-15
4.1595458984e+02 6.7347911510e-14 2.9778268956e-14 3.3112525080e-14 4.4571174743e-15
4.1601562500e+02 6.7316570567e-14 2.9696819979e-14 3.3182093734e-14 4.4376568545e-15
4.1607666016e+02 6.7421437838e-14 2.9626701374e-14 3.3401533284e-14 4.3932031798e-15
4.1613769531e+02 6.7462983214e-14 2.9591711597e-14 3.3450231889e-14 4.4210397276e-15
4.1619873047e+02 6.7594532998e-14 3.0236415650e-14 3.2864834694e-14 4.4932826549e-15
4.1625976562e+02 6.7541139757e-14 3.0309549908e-14 3.2843521203e-14 4.3880686456e-15
4.1632080078e+02 6.7840735194e-14 3.0375937744e-14 3.3051449263e-14 4.4133481867e-15
4.1638183594e+02 6.7988493336e-14 3.0304366767e-14 3.3192390353e-14 4.4917362163e-15
4.1644287109e+02 6.7876424294e-14 3.0130213620e-14 3.3288206536e-14 4.4580041383e-15
4.1650390625e+02 6.8382393003e-14 3.0420311904e-14 3.3537788515e-14 4.4242925831e-15
4.1656494141e+02 6.8109218109e-14 3.0210300996e-14 3.3440757418e-14 4.4581596951e-15
4.1662597656e+02 6.7733397510e-14 2.9796153221e-14 3.3450302229e-14 4.4869420590e-15
4.1668701172e+02 6.8177783701e-14 3.0208714396e-14 3.3491999307e-14 4.4770699981e-15
4.1674804688e+02 6.7870105745e-14 2.9892049350e-14 3.3517292433e-14 4.4607639625e-15
4.1680908203e+02 6.7876157556e-14 2.9872597741e-14 3.3550482338e-14 4.4530774764e-15
4.1687011719e+02 6.6948210013e-14 2.9568784524e-14 3.2944074626e-14 4.4353508624e-15
4.1693115234e+02 6.6530690024e-14 2.9403107062e-14 3.2674475103e-14 4.4531078600e-15
4.1699218750e+02 6.7053716733e-14 2.9378471520e-14 3.3229345430e-14 4.4458997831e-15
4.1705322266e+02 6.7796474183e-14 2.9940685460e-14 3.3428022641e-14 4.4277660826e-15
4.1711425781e+02 6.7135381671e-14 2.9690725588e-14 3.3005592188e-14 4.4390638954e-15
4.1717529297e+02 6.6558833339e-14 2.9389233548e-14 3.2722870394e-14 4.4467293962e-15
4.1723632812e+02 6.6694536676e-14 2.9555290666e-14 3.2696766181e-14 4.4424798293e-15
4.1729736328e+02 6.6283199357e-14 2.9457191974e-14 3.2382366549e-14 4.4436408343e-15
4.1735839844e+02 6.7061593909e-14 2.9634842543e-14 3.2996538224e-14 4.4302131423e-15
4.1741943359e+02 6.7650514099e-14 3.0001305916e-14 3.3227061199e-14 4.4221469839e-15
4.1748046875e+02 6.7964929844e-14 2.9908908399e-14 3.3647668356e-14 4.4083530885e-15
4.1754150391e+02 6.7351802090e-14 2.9572946383e-14 3.3370721860e-14 4.4081338476e-15
4.1760253906e+02 6.7177684883e-14 2.9545334064e-14 3.3187359251e-14 4.4449915686e-15
4.1766357422e+02 6.7111357275e-14 2.9676346471e-14 3.3008735122e-14 4.4262756827e-15
4.1772460938e+02 6.6906865684e-14 2.9342927040e-14 3.3120072973e-14 4.4438656710e-15
4.1778564453e+02 6.6979188679e-14 2.9297987704e-14 3.3205898896e-14 4.4753020789e-15
4.1784667969e+02 6.7034434108e-14 2.9656589726e-14 3.2934169047e-14 4.4436753349e-15
4.1790771484e+02 6.7109099750e-14 2.9334426519e-14 3.3334077314e-14 4.4405959169e-15
4.1796875000e+02 6.7415433045e-14 2.9506892759e-14 3.3436157919e-14 4.4723823666e-15
4.1802978516e+02 6.7201010672e-14 2.9697984168e-14 3.3042948074e-14 4.4600784300e-15
4.1809082031e+02 6.6740704442e-14 2.9346201755e-14 3.2901264805e-14 4.4932378815e-15
4.1815185547e+02 6.7169724207e-14 2.9673235013e-14 3.3055836326e-14 4.4406528676e-15
4.1821289062e+02 6.7160779158e-14 2.9516565077e-14 3.3202744005e-14 4.4414700765e-15
4.1827392578e+02 6.7338983764e-14 2.9709902940e-14 3.3199086091e-14 4.4299947327e-15
4.1833496094e+02 6.8127205980e-14 2.9861651739e-14 3.3787999026e-14 4.4775552147e-15
4.1839599609e+02 6.7500889311e-14 2.9483662735e-14 3.3548791542e-14 4.4684350352e-15
4.1845703125e+02 6.7028659599e-14 2.9742555299e-14 3.2829553361e-14 4.4565509390e-15
4.1851806641e+02 6.7376258460e-14 2.9852525376e-14 3.3066212861e-14 4.4575202224e-15
4.1857910156e+02 6.7447582668e-14 2.9658175621e-14 3.3315710392e-14 4.4736966548e-15
4.1864013672e+02 6.7537298213e-14 2.9766280374e-14 3.3319864411e-14 4.4511534277e-15
4.1870117188e+02 6.7586416351e-14 2.9925523073e-14 3.3236521009e-14 4.4243722699e-15
4.1876220703e+02 6.7031171151e-14 2.9618820586e-14 3.2967741387e-14 4.4446091782e-15
4.1882324219e+02 6.7098122880e-14 2.9462734186e-14 3.3200557849e-14 4.4348308444e-15
4.1888427734e+02 6.7580257923e-14 2.9548676664e-14 3.3618298201e-14 4.4132830576e-15
4.1894531250e+02 6.6887855456e-14 2.9483619923e-14 3.2952756969e-14 4.4514785643e-15
4.1900634766e+02 6.6641844417e-14 2.9314301252e-14 3.2838546823e-14 4.4889963416e-15
4.1906738281e+02 6.6426308012e-14 2.9110565185e-14 3.2836066811e-14 4.4796760160e-15
4.1912841797e+02 6.6680549235e-14 2.9022176790e-14 3.3169446719e-14 4.4889257262e-15
4.1918945312e+02 6.6865489173e-14 2.9298101521e-14 3.3079769351e-14 4.4876183006e-15
4.1925048828e+02 6.7674874093e-14 2.9985794674e-14 3.3242670375e-14 4.4464090436e-15
4.1931152344e+02 6.7054272100e-14 2.9965240985e-14 3.2654513548e-14 4.4345175674e-15
4.1937255859e+02 6.6555875200e-14 2.9331395321e-14 3.2801340612e-14 4.4231392668e-15
4.1943359375e+02 6.6682610979e-14 2.9438798892e-14 3.2824451689e-14 4.4193603981e-15
4.1949462891e+02 6.7719317253e-14 2.9928723260e-14 3.3333648248e-14 4.4569457448e-15
4.1955566406e+02 6.7648120891e-14 2.9946786670e-14 3.3267954846e-14 4.4333793754e-15
4.1961669922e+02 6.6301364712e-14 2.9306855478e-14 3.2573561912e-14 4.4209473222e-15
4.1967773438e+02 6.6321606996e-14 2.9461807168e-14 3.2445878563e-14 4.4139212647e-15
4.1973876953e+02 6.6944240979e-14 2.9755262224e-14 3.2790505053e-14 4.3984737022e-15
4.1979980469e+02 6.6685098245e-14 2.9486649718e-14 3.2777966935e-14 4.4204815913e-15
4.1986083984e+02 6.6937251059e-14 2.9844852493e-14 3.2653961173e-14 4.4384373934e-15
4.1992187500e+02 6.6680108609e-14 2.9336776281e-14 3.2878083086e-14 4.4652492424e-15
4.1998291016e+02 6.6419731170e-14 2.9036120871e-14 3.2911269085e-14 4.4723412139e-15
4.2004394531e+02 6.6534321224e-14 2.9427179802e-14 3.2678378139e-14 4.4287632824e-15
4.2010498047e+02 6.6261688747e-14 2.9500998866e-14 3.2347112961e-14 4.4135769205e-15
4.2016601562e+02 6.7051163099e-14 2.9832430405e-14 3.2762905180e-14 4.4558275136e-15
4.2022705078e+02 6.6471550083e-14 2.9168812828e-14 3.2852015877e-14 4.4507213786e-15
4.2028808594e+02 6.6562285420e-14 2.9285252978e-14 3.2832885680e-14 4.4441467610e-15
4.2034912109e+02 6.6541789543e-14 2.9200824036e-14 3.2892917801e-14 4.4480477055e-15
4.2041015625e+02 6.6166848482e-14 2.9113792261e-14 3.2621562488e-14 4.4314937325e-15
4.2047119141e+02 6.6295807568e-14 2.9676196135e-14 3.2196617377e-14 4.4229940555e-15
4.2053222656e+02 6.5815920991e-14 2.9151161141e-14 3.2234451105e-14 4.4303087453e-15
4.2059326172e+02 6.6114641633e-14 2.9251741226e-14 3.2460530791e-14 4.4023696171e-15
4.2065429688e+02 6.5652854002e-14 2.9265844685e-14 3.1926275855e-14 4.4607334618e-15
4.2071533203e+02 6.6231448808e-14 2.9007249968e-14 3.2726976485e-14 4.4972223551e-15
4.2077636719e+02 6.6460177413e-14 2.8758896075e-14 3.3209475079e-14 4.4918062586e-15
4.2083740234e+02 6.6792673146e-14 2.9171719124e-14 3.3173514639e-14 4.4474393829e-15
4.2089843750e+02 6.6612242904e-14 2.9692444209e-14 3.2452039997e-14 4.4677586979e-15
4.2095947266e+02 6.6509239539e-14 2.9440180848e-14 3.2586870940e-14 4.4821877508e-15
4.2102050781e+02 6.6837170479e-14 2.9534711002e-14 3.2887194350e-14 4.4152651260e-15
4.2108154297e+02 6.7402631790e-14 2.9516595014e-14 3.3469869668e-14 4.4161671081e-15
4.2114257812e+02 6.8005381098e-14 2.9543289298e-14 3.4016674716e-14 4.4454170840e-15
4.2120361328e+02 6.7647905941e-14 2.9842644816e-14 3.3399920478e-14 4.4053406463e-15
4.2126464844e+02 6.6071884982e-14 2.8900611167e-14 3.2734297885e-14 4.4369759309e-15
4.2132568359e+02 6.6449653879e-14 2.8895317365e-14 3.3054323640e-14 4.5000128740e-15
4.2138671875e+02 6.6914921650e-14 2.9343483011e-14 3.3065343668e-14 4.5060949709e-15
4.2144775391e+02 6.6807933644e-14 2.9294277766e-14 3.3061548658e-14 4.4521072198e-15
4.2150878906e+02 6.6161148437e-14 2.9009381182e-14 3.2724682867e-14 4.4270843889e-15
4.2156982422e+02 6.6227515408e-14 2.9547999498e-14 3.2214156997e-14 4.4653589129e-15
4.2163085938e+02 6.7272503958e-14 3.0067253239e-14 3.2698513261e-14 4.5067374580e-15
4.2169189453e+02 6.7168281928e-14 2.9562676508e-14 3.3116001874e-14 4.4896035460e-15
4.2175292969e+02 6.7111880891e-14 2.9691941822e-14 3.2945476179e-14 4.4744628892e-15
4.2181396484e+02 6.6902993564e-14 2.9486926727e-14 3.3004718699e-14 4.4113481371e-15
4.2187500000e+02 6.6378968659e-14 2.9214339945e-14 3.2747604476e-14 4.4170242378e-15
4.2193603516e+02 6.6441861423e-14 2.9524937592e-14 3.2461403344e-14 4.4555204867e-15
4.2199707031e+02 6.6683274948e-14 2.9575882047e-14 3.2658223799e-14 4.4491691027e-15
4.2205810547e+02 6.6420458868e-14 2.9490679052e-14 3.2467258144e-14 4.4625216730e-15
4.2211914062e+02 6.7401949064e-14 2.9612784888e-14 3.3319635135e-14 4.4695290417e-15
4.2218017578e+02 6.7664820460e-14 2.9679860732e-14 3.3554988362e-14 4.4299713666e-15
4.2224121094e+02 6.7557106479e-14 2.9667052475e-14 3.3454699020e-14 4.4353549833e-15
4.2230224609e+02 6.6181887802e-14 2.9193343459e-14 3.2507417764e-14 4.4811265794e-15
4.2236328125e+02 6.5667975619e-14 2.9052456161e-14 3.2141102184e-14 4.4744172744e-15
4.2242431641e+02 6.5974733163e-14 2.9322965196e-14 3.2169058304e-14 4.4827096634e-15
4.2248535156e+02 6.6028975121e-14 2.9369915781e-14 3.2190885259e-14 4.4681740802e-15
4.2254638672e+02 6.6102922955e-14 2.9213068720e-14 3.2479682364e-14 4.4101718702e-15
4.2260742188e+02 6.6419691370e-14 2.9308834905e-14 3.2665411170e-14 4.4454452959e-15
4.2266845703e+02 6.6293921935e-14 2.9124648121e-14 3.2690513377e-14 4.4787604372e-15
4.2272949219e+02 6.6251190546e-14 2.9127824105e-14 3.2638151646e-14 4.4852147950e-15
4.2279052734e+02 6.6528974046e-14 2.9304033583e-14 3.2802183237e-14 4.4227572260e-15
4.2285156250e+02 6.7010634991e-14 2.9695602610e-14 3.2912169491e-14 4.4028628900e-15
4.2291259766e+02 6.7358871362e-14 2.9949253331e-14 3.2994554871e-14 4.4150631594e-15
4.2297363281e+02 6.6778605243e-14 2.9451962863e-14 3.2915193931e-14 4.4114484483e-15
4.2303466797e+02 6.6285833024e-14 2.9366860662e-14 3.2512464392e-14 4.4065079698e-15
4.2309570312e+02 6.6263716472e-14 2.9520086140e-14 3.2308235145e-14 4.4353951872e-15
4.2315673828e+02 6.6773024041e-14 2.9508933318e-14 3.2774285689e-14 4.4898050339e-15
4.2321777344e+02 6.6326779668e-14 2.9122666215e-14 3.2758471234e-14 4.4456422190e-15
4.2327880859e+02 6.6245410392e-14 2.9098990889e-14 3.2713643082e-14 4.4327764223e-15
4.2333984375e+02 6.6557277745e-14 2.9496950401e-14 3.2609810518e-14 4.4505168256e-15
4.2340087891e+02 6.6442836195e-14 2.9643843249e-14 3.2367687633e-14 4.4313053129e-15
4.2346191406e+02 6.6513847200e-14 2.9287820551e-14 3.2786659762e-14 4.4393668871e-15
4.2352294922e+02 6.6315463503e-14 2.9421746814e-14 3.2462673295e-14 4.4310433937e-15
4.2358398438e+02 6.6515176181e-14 2.9464569490e-14 3.2630448138e-14 4.4201585528e-15
4.2364501953e+02 6.6804006291e-14 2.9518798489e-14 3.2842730777e-14 4.4424770246e-15
4.2370605469e+02 6.6931058990e-14 2.9815572158e-14 3.2668791246e-14 4.4466955862e-15
4.2376708984e+02 6.5867783978e-14 2.9200310922e-14 3.2227082944e-14 4.4403901112e-15
4.2382812500e+02 6.5277701242e-14 2.8811375838e-14 3.2016295243e-14 4.4500301614e-15
4.2388916016e+02 6.5315022891e-14 2.8851718547e-14 3.2006620997e-14 4.4566833471e-15
4.2395019531e+02 6.5840599157e-14 2.9084381414e-14 3.2348926491e-14 4.4072912520e-15
4.2401123047e+02 6.6301130679e-14 2.9403342727e-14 3.2487893126e-14 4.4098948263e-15
4.2407226562e+02 6.6571541078e-14 2.9402115888e-14 3.2777171325e-14 4.3922538642e-15
4.2413330078e+02 6.6678325084e-14 2.9566555632e-14 3.2690178098e-14 4.4215913543e-15
4.2419433594e+02 6.6272988446e-14 2.9182459181e-14 3.2644065398e-14 4.4464638662e-15
4.2425537109e+02 6.6391884199e-14 2.9372361480e-14 3.2629351813e-14 4.3901709065e-15
4.2431640625e+02 6.5745390751e-14 2.8753893770e-14 3.2609186488e-14 4.3823104923e-15
4.2437744141e+02 6.5845027089e-14 2.8738173348e-14 3.2666737877e-14 4.4401158638e-15
4.2443847656e+02 6.5152032136e-14 2.8733063694e-14 3.1997568864e-14 4.4213995778e-15
4.2449951172e+02 6.5743652709e-14 2.9055569625e-14 3.2252486780e-14 4.4355963045e-15
4.2456054688e+02 6.6168867367e-14 2.9110778091e-14 3.2634471945e-14 4.4236173322e-15
4.2462158203e+02 6.6332154784e-14 2.9122629140e-14 3.2758191825e-14 4.4513338192e-15
4.2468261719e+02 6.6208456360e-14 2.9211466062e-14 3.2520005409e-14 4.4769848885e-15
4.2474365234e+02 6.5934432968e-14 2.9363474956e-14 3.2103080973e-14 4.4678770385e-15
4.2480468750e+02 6.5649488140e-14 2.9026850864e-14 3.2155067496e-14 4.4675697802e-15
4.2486572266e+02 6.5808173938e-14 2.8845099575e-14 3.2512922871e-14 4.4501514919e-15
4.2492675781e+02 6.5967926544e-14 2.9393004333e-14 3.2127815608e-14 4.4471066031e-15
4.2498779297e+02 6.6053888657e-14 2.9369407747e-14 3.2234626098e-14 4.4498548124e-15
4.2504882812e+02 6.6288517771e-14 2.9259648345e-14 3.2587736782e-14 4.4411326439e-15
4.2510986328e+02 6.6357893058e-14 2.9169370458e-14 3.2766679691e-14 4.4218429090e-15
4.2517089844e+02 6.6540887050e-14 2.9178454574e-14 3.2909213002e-14 4.4532194734e-15
4.2523193359e+02 6.6268501414e-14 2.9187133873e-14 3.2660102253e-14 4.4212652884e-15
4.2529296875e+02 6.6331959598e-14 2.9711377550e-14 3.2175480164e-14 4.4451018837e-15
4.2535400391e+02 6.5943734608e-14 2.9364703868e-14 3.2149399547e-14 4.4296311918e-15
4.2541503906e+02 6.5855833507e-14 2.8967444568e-14 3.2450553131e-14 4.4378358083e-15
4.2547607422e+02 6.5891631274e-14 2.8816729852e-14 3.2564403489e-14 4.5104979332e-15
4.2553710938e+02 6.5851927310e-14 2.8658168574e-14 3.2718807292e-14 4.4749514437e-15
4.2559814453e+02 6.5566012110e-14 2.8767021514e-14 3.2361281917e-14 4.4377086795e-15
4.2565917969e+02 6.6152651086e-14 2.8652126936e-14 3.3027916463e-14 4.4726076862e-15
4.2572021484e+02 6.6513421150e-14 2.9306457515e-14 3.2705041897e-14 4.5019217379e-15
4.2578125000e+02 6.6017221559e-14 2.9200695879e-14 3.2327393774e-14 4.4891319053e-15
4.2584228516e+02 6.5420297986e-14 2.8533270056e-14 3.2421939903e-14 4.4650880265e-15
4.2590332031e+02 6.5748943047e-14 2.8836361746e-14 3.2414210612e-14 4.4983706894e-15
4.2596435547e+02 6.5902471186e-14 2.9057260374e-14 3.2367478112e-14 4.4777327002e-15
4.2602539062e+02 6.5643241683e-14 2.8946122708e-14 3.2227204721e-14 4.4699142541e-15
4.2608642578e+02 6.5881830546e-14 2.9137961275e-14 3.2298178346e-14 4.4456909245e-15
4.2614746094e+02 6.5184768985e-14 2.8887327525e-14 3.1846767250e-14 4.4506742100e-15
4.2620849609e+02 6.4744249171e-14 2.8942440519e-14 3.1347031507e-14 4.4547771450e-15
4.2626953125e+02 6.5651408978e-14 2.9099719800e-14 3.2106480791e-14 4.4452083868e-15
4.2633056641e+02 6.5591190998e-14 2.9348070370e-14 3.1832086411e-14 4.4110342169e-15
4.2639160156e+02 6.5119412701e-14 2.9048166966e-14 3.1612522649e-14 4.4587230866e-15
4.2645263672e+02 6.5417606948e-14 2.9008680781e-14 3.1907527734e-14 4.5013984336e-15
4.2651367188e+02 6.6279792948e-14 2.9227132352e-14 3.2568299011e-14 4.4843615858e-15
4.2657470703e+02 6.5995518593e-14 2.8937167723e-14 3.2609289536e-14 4.4490613348e-15
4.2663574219e+02 6.5489024195e-14 2.8444994308e-14 3.2610763397e-14 4.4332664899e-15
4.2669677734e+02 6.5765913756e-14 2.8667968246e-14 3.2667890778e-14 4.4300547316e-15
4.2675781250e+02 6.5645204531e-14 2.8931595454e-14 3.2217991108e-14 4.4956179697e-15
4.2681884766e+02 6.6163249859e-14 2.9034168375e-14 3.2636694800e-14 4.4923866840e-15
4.2687988281e+02 6.5820630906e-14 2.9101959467e-14 3.2282526377e-14 4.4361450611e-15
4.2694091797e+02 6.6071563113e-14 2.9482719501e-14 3.2174769900e-14 4.4140737111e-15
4.2700195312e+02 6.6117053797e-14 2.8771478946e-14 3.2924713483e-14 4.4208613682e-15
4.2706298828e+02 6.5283557347e-14 2.8531791115e-14 3.2288843072e-14 4.4629231601e-15
4.2712402344e+02 6.5776801858e-14 2.9171587722e-14 3.2122399296e-14 4.4828148395e-15
4.2718505859e+02 6.5886113912e-14 2.9012010680e-14 3.2457933162e-14 4.4161700697e-15
4.2724609375e+02 6.5448070656e-14 2.8891681382e-14 3.2118977436e-14 4.4374118385e-15
4.2730712891e+02 6.5488434500e-14 2.8695844755e-14 3.2334359075e-14 4.4582306701e-15
4.2736816406e+02 6.5918908626e-14 2.8718922509e-14 3.2768001458e-14 4.4319846592e-15
4.2742919922e+02 6.6447607573e-14 2.9206235648e-14 3.2788847823e-14 4.4525241014e-15
4.2749023438e+02 6.6350383179e-14 2.9386515781e-14 3.2546899365e-14 4.4169680329e-15
4.2755126953e+02 6.5709983521e-14 2.9034927009e-14 3.2233162679e-14 4.4418938334e-15
4.2761230469e+02 6.5771219974e-14 2.9359116913e-14 3.1973320414e-14 4.4387826472e-15
4.2767333984e+02 6.6173756530e-14 2.9465438961e-14 3.2289378699e-14 4.4189388698e-15
4.2773437500e+02 6.5791577411e-14 2.8875819274e-14 3.2474076577e-14 4.4416815603e-15
4.2779541016e+02 6.5872884410e-14 2.8414850337e-14 3.3011971018e-14 4.4460630550e-15
4.2785644531e+02 6.6979875264e-14 2.9521098965e-14 3.2997660660e-14 4.4611156386e-15
4.2791748047e+02 6.5716522632e-14 2.9078903536e-14 3.2131943970e-14 4.5056751263e-15
4.2797851562e+02 6.5553023451e-14 2.8748903980e-14 3.2300592054e-14 4.5035274164e-15
4.2803955078e+02 6.5495333933e-14 2.8491178909e-14 3.2552645280e-14 4.4515097436e-15
4.2810058594e+02 6.4440793729e-14 2.7997099432e-14 3.2024422002e-14 4.4192722949e-15
4.2816162109e+02 6.5162701013e-14 2.8287724022e-14 3.2431412289e-14 4.4435647014e-15
4.2822265625e+02 6.5765502723e-14 2.8859007054e-14 3.2501604226e-14 4.4048914425e-15
4.2828369141e+02 6.5590235518e-14 2.9002278967e-14 3.2176580591e-14 4.4113759598e-15
4.2834472656e+02 6.5801623090e-14 2.9159088932e-14 3.2212205543e-14 4.4303286152e-15
4.2840576172e+02 6.5306674066e-14 2.8813969624e-14 3.2074879273e-14 4.4178251686e-15
4.2846679688e+02 6.5353150417e-14 2.8636361947e-14 3.2294826572e-14 4.4219618972e-15
4.2852783203e+02 6.5226300118e-14 2.8754261216e-14 3.2090021178e-14 4.3820177237e-15
4.2858886719e+02 6.5556234646e-14 2.8959078288e-14 3.2170203180e-14 4.4269531788e-15
4.2864990234e+02 6.6568518936e-14 2.9285054825e-14 3.2823658581e-14 4.4598055299e-15
4.2871093750e+02 6.6385794762e-14 2.9131849717e-14 3.2828796153e-14 4.4251488906e-15
4.2877197266e+02 6.5784294828e-14 2.9076665502e-14 3.2295818284e-14 4.4118110418e-15
4.2883300781e+02 6.5106520271e-14 2.8513140808e-14 3.2152534116e-14 4.4408453460e-15
4.2889404297e+02 6.4588887128e-14 2.8209954192e-14 3.1916356946e-14 4.4625759903e-15
4.2895507812e+02 6.5775725255e-14 2.8890733204e-14 3.2425307311e-14 4.4596847404e-15
4.2901611328e+02 6.5752323121e-14 2.9193557785e-14 3.2077828347e-14 4.4809369900e-15
4.2907714844e+02 6.5877901081e-14 2.9107803603e-14 3.2317966851e-14 4.4521306278e-15
4.2913818359e+02 6.5883015822e-14 2.8786543386e-14 3.2679037877e-14 4.4174345587e-15
4.2919921875e+02 6.6027664256e-14 2.8830298895e-14 3.2740495088e-14 4.4568702726e-15
4.2926025391e+02 6.5849445410e-14 2.8855467689e-14 3.2533381185e-14 4.4605965352e-15
4.2932128906e+02 6.5271784279e-14 2.8714092213e-14 3.2117616085e-14 4.4400759811e-15
4.2938232422e+02 6.5281489881e-14 2.8757778094e-14 3.2114473909e-14 4.4092378785e-15
4.2944335938e+02 6.5751322696e-14 2.9040195545e-14 3.2271640915e-14 4.4394862357e-15
4.2950439453e+02 6.4529243903e-14 2.8178835947e-14 3.1896720965e-14 4.4536869911e-15
4.2956542969e+02 6.4454981828e-14 2.8107139689e-14 3.1898583003e-14 4.4492591356e-15
4.2962646484e+02 6.4326690392e-14 2.8537680645e-14 3.1380231981e-14 4.4087777663e-15
4.2968750000e+02 6.4953251728e-14 2.8770668583e-14 3.1755780228e-14 4.4268029165e-15
4.2974853516e+02 6.5280831045e-14 2.8730027696e-14 3.2099616814e-14 4.4511865345e-15
4.2980957031e+02 6.5900016343e-14 2.8956607400e-14 3.2529145344e-14 4.4142635996e-15
4.2987060547e+02 6.5228317013e-14 2.8747692918e-14 3.2029833795e-14 4.4507902997e-15
4.2993164062e+02 6.4792714634e-14 2.8946617871e-14 3.1400125332e-14 4.4459714310e-15
4.2999267578e+02 6.4882865936e-14 2.8635190058e-14 3.1796140110e-14 4.4515357680e-15
4.3005371094e+02 6.4658835158e-14 2.7837996849e-14 3.2399593604e-14 4.4212447044e-15
4.3011474609e+02 6.5366469767e-14 2.8340822153e-14 3.2616002779e-14 4.4096448348e-15
4.3017578125e+02 6.4944791573e-14 2.8391576959e-14 3.2125705969e-14 4.4275086451e-15
4.3023681641e+02 6.4868471607e-14 2.8615610009e-14 3.1861152997e-14 4.3917086012e-15
4.3029785156e+02 6.4851404627e-14 2.8635956642e-14 3.1824334895e-14 4.3911130894e-15
4.3035888672e+02 6.4789991670e-14 2.8576420844e-14 3.1738462690e-14 4.4751081353e-15
4.3041992188e+02 6.4743420402e-14 2.8605870172e-14 3.1648119174e-14 4.4894310558e-15
4.3048095703e+02 6.5073110441e-14 2.8765455980e-14 3.1804240310e-14 4.5034141507e-15
4.3054199219e+02 6.4793934463e-14 2.8714707444e-14 3.1626696839e-14 4.4525301801e-15
4.3060302734e+02 6.4897341770e-14 2.8903485285e-14 3.1548569359e-14 4.4452871258e-15
4.3066406250e+02 6.5578312579e-14 2.9026333654e-14 3.2068733768e-14 4.4832451566e-15
4.3072509766e+02 6.5657484355e-14 2.9150855695e-14 3.2038852797e-14 4.4677758629e-15
4.3078613281e+02 6.5190326726e-14 2.9040721027e-14 3.1733942045e-14 4.4156636549e-15
4.3084716797e+02 6.4543683261e-14 2.8699823412e-14 3.1406836433e-14 4.4370234156e-15
4.3090820312e+02 6.4133931761e-14 2.8302323749e-14 3.1415635131e-14 4.4159728811e-15
4.3096923828e+02 6.4707519065e-14 2.8505053130e-14 3.1796192456e-14 4.4062734786e-15
4.3103027344e+02 6.4967613811e-14 2.8483572825e-14 3.2092304659e-14 4.3917363271e-15
4.3109130859e+02 6.4847216263e-14 2.8637525692e-14 3.1783531634e-14 4.4261589378e-15
4.3115234375e+02 6.5119999401e-14 2.8798517541e-14 3.1860494014e-14 4.4609878466e-15
4.3121337891e+02 6.5751324699e-14 2.8808166251e-14 3.2430572922e-14 4.5125855258e-15
4.3127441406e+02 6.4714175572e-14 2.8579523870e-14 3.1677723186e-14 4.4569285163e-15
4.3133544922e+02 6.4516008065e-14 2.8901222772e-14 3.1150105019e-14 4.4646802738e-15
4.3139648438e+02 6.4921036570e-14 2.8914892085e-14 3.1559087340e-14 4.4470571447e-15
4.3145751953e+02 6.5199977779e-14 2.8709574227e-14 3.2055245359e-14 4.4351581937e-15
4.3151855469e+02 6.4894524681e-14 2.8369403090e-14 3.2075305833e-14 4.4498157576e-15
4.3157958984e+02 6.4802117176e-14 2.8591448667e-14 3.1801598005e-14 4.4090705040e-15
4.3164062500e+02 6.4435347680e-14 2.8266446195e-14 3.1757955354e-14 4.4109461309e-15
4.3170166016e+02 6.5418329894e-14 2.8519860487e-14 3.2445314336e-14 4.4531550715e-15
4.3176269531e+02 6.5121535982e-14 2.8725008735e-14 3.1963597791e-14 4.4329294561e-15
4.3182373047e+02 6.5458377650e-14 2.8794625875e-14 3.2266661828e-14 4.3970899482e-15
4.3188476562e+02 6.5255532397e-14 2.8966363886e-14 3.1832084046e-14 4.4570844655e-15
4.3194580078e+02 6.4879382400e-14 2.8660147821e-14 3.1750972296e-14 4.4682622838e-15
4.3200683594e+02 6.4533773458e-14 2.8161530242e-14 3.1923168490e-14 4.4490747258e-15
4.3206787109e+02 6.4891225873e-14 2.8467262593e-14 3.1966964772e-14 4.4569985084e-15
4.3212890625e+02 6.4724024364e-14 2.8408284906e-14 3.1841688525e-14 4.4740509336e-15
4.3218994141e+02 6.5045057409e-14 2.8552895692e-14 3.2061414216e-14 4.4307475011e-15
4.3225097656e+02 6.5219475694e-14 2.8785563753e-14 3.2003225892e-14 4.4306860490e-15
4.3231201172e+02 6.5517201632e-14 2.8721421440e-14 3.2347886937e-14 4.4478932550e-15
4.3237304688e+02 6.5091073541e-14 2.8696950870e-14 3.1972191599e-14 4.4219310725e-15
4.3243408203e+02 6.5883012720e-14 2.8908744034e-14 3.2569884035e-14 4.4043846508e-15
4.3249511719e+02 6.5755468871e-14 2.8770478390e-14 3.2550849666e-14 4.4341408152e-15
4.3255615234e+02 6.4093028311e-14 2.8035443590e-14 3.1629288471e-14 4.4282962501e-15
4.3261718750e+02 6.5255047761e-14 2.8369167125e-14 3.2469060413e-14 4.4168202233e-15
4.3267822266e+02 6.6314050843e-14 2.8727642031e-14 3.3158420346e-14 4.4279884660e-15
4.3273925781e+02 6.5517312013e-14 2.8720308269e-14 3.2377252390e-14 4.4197513545e-15
4.3280029297e+02 6.4467345295e-14 2.8039773386e-14 3.1993529461e-14 4.4340424476e-15
4.3286132812e+02 6.4863981629e-14 2.8017608968e-14 3.2370391297e-14 4.4759813636e-15
4.3292236328e+02 6.4262940968e-14 2.7988438612e-14 3.1816589324e-14 4.4579130318e-15
4.3298339844e+02 6.4111637699e-14 2.8639082596e-14 3.1045813443e-14 4.4267416602e-15
4.3304443359e+02 6.5194679992e-14 2.8800804743e-14 3.1974430740e-14 4.4194445088e-15
4.3310546875e+02 6.4696918336e-14 2.8574039285e-14 3.1720902316e-14 4.4019767344e-15
4.3316650391e+02 6.4945410878e-14 2.8650776630e-14 3.1868835155e-14 4.4257990934e-15
4.3322753906e+02 6.4905259173e-14 2.8476878613e-14 3.1993385435e-14 4.4349951242e-15
4.3328857422e+02 6.4569719035e-14 2.8558899997e-14 3.1600103786e-14 4.4107152526e-15
4.3334960938e+02 6.4594781428e-14 2.8573945605e-14 3.1618236153e-14 4.4025996690e-15
4.3341064453e+02 6.4737111476e-14 2.8374167185e-14 3.1896220001e-14 4.4667242893e-15
4.3347167969e+02 6.5152235434e-14 2.8897124775e-14 3.1755388665e-14 4.4997219939e-15
4.3353271484e+02 6.4525161041e-14 2.8695002955e-14 3.1410901341e-14 4.4192567450e-15
4.3359375000e+02 6.3672472576e-14 2.8064508297e-14 3.1216915340e-14 4.3910489383e-15
4.3365478516e+02 6.3796588645e-14 2.8131655791e-14 3.1244754816e-14 4.4201780374e-15
4.3371582031e+02 6.4563939246e-14 2.8775769007e-14 3.1365411158e-14 4.4227590809e-15
4.3377685547e+02 6.4952101018e-14 2.8631428077e-14 3.1905186162e-14 4.4154867789e-15
4.3383789062e+02 6.4163453144e-14 2.8402273812e-14 3.1352303454e-14 4.4088758783e-15
4.3389892578e+02 6.4750708777e-14 2.8718142537e-14 3.1629879375e-14 4.4026868650e-15
4.3395996094e+02 6.4741145665e-14 2.8505401120e-14 3.1835960880e-14 4.3997836646e-15
4.3402099609e+02 6.4282348539e-14 2.8402116978e-14 3.1438250137e-14 4.4419814246e-15
4.3408203125e+02 6.4880717486e-14 2.8157092112e-14 3.2283283030e-14 4.4403423451e-15
4.3414306641e+02 6.5309143768e-14 2.8556449356e-14 3.2372130917e-14 4.3805634943e-15
4.3420410156e+02 6.4816546355e-14 2.8764354902e-14 3.1672725590e-14 4.3794658630e-15
4.3426513672e+02 6.5377190860e-14 2.8798721600e-14 3.2156958546e-14 4.4215107131e-15
4.3432617188e+02 6.4740856292e-14 2.8733649603e-14 3.1578078816e-14 4.4291278736e-15
4.3438720703e+02 6.4226948515e-14 2.8587992472e-14 3.1223750212e-14 4.4152058303e-15
4.3444824219e+02 6.4687485195e-14 2.8714856998e-14 3.1548336161e-14 4.4242920367e-15
4.3450927734e+02 6.4142139935e-14 2.8493544583e-14 3.1239672544e-14 4.4089228075e-15
4.3457031250e+02 6.4774822871e-14 2.8598090096e-14 3.1774419661e-14 4.4023131146e-15
4.3463134766e+02 6.5194244426e-14 2.8757119751e-14 3.2017867553e-14 4.4192571219e-15
4.3469238281e+02 6.4858812626e-14 2.8832204569e-14 3.1562969992e-14 4.4636380649e-15
4.3475341797e+02 6.4656827236e-14 2.8634828526e-14 3.1560187081e-14 4.4618116290e-15
4.3481445312e+02 6.3769636046e-14 2.7863201607e-14 3.1471246681e-14 4.4351877584e-15
4.3487548828e+02 6.4144383939e-14 2.8381265172e-14 3.1302886865e-14 4.4602319023e-15
4.3493652344e+02 6.4832543660e-14 2.8539619366e-14 3.1847398687e-14 4.4455256064e-15
4.3499755859e+02 6.5129467788e-14 2.8642999797e-14 3.2061965802e-14 4.4245021888e-15
4.3505859375e+02 6.5134589317e-14 2.8463720872e-14 3.2230072837e-14 4.4407956079e-15
4.3511962891e+02 6.4283371486e-14 2.8155559368e-14 3.1730122683e-14 4.3976894345e-15
4.3518066406e+02 6.4586343237e-14 2.8302649648e-14 3.1888412115e-14 4.3952814736e-15
4.3524169922e+02 6.4822461133e-14 2.8509035014e-14 3.1885822244e-14 4.4276038748e-15
4.3530273438e+02 6.4959718185e-14 2.8632731408e-14 3.1875340501e-14 4.4516462758e-15
4.3536376953e+02 6.5037400282e-14 2.8740709847e-14 3.1889516079e-14 4.4071743566e-15
4.3542480469e+02 6.5265089025e-14 2.9055856097e-14 3.1827190615e-14 4.3820423125e-15
4.3548583984e+02 6.4892002232e-14 2.8855387266e-14 3.1671644758e-14 4.3649702089e-15
4.3554687500e+02 6.4224559315e-14 2.8516685302e-14 3.1324138017e-14 4.3837359960e-15
4.3560791016e+02 6.4569244613e-14 2.8338276529e-14 3.1774149843e-14 4.4568182414e-15
4.3566894531e+02 6.4686191343e-14 2.8554496093e-14 3.1716814870e-14 4.4148803804e-15
4.3572998047e+02 6.4529047855e-14 2.8267903899e-14 3.1861052190e-14 4.4000917656e-15
4.3579101562e+02 6.4721454117e-14 2.8414007060e-14 3.1894302923e-14 4.4131441342e-15
4.3585205078e+02 6.5033529223e-14 2.8398542027e-14 3.2185242730e-14 4.4497444659e-15
4.3591308594e+02 6.4749990503e-14 2.8432040805e-14 3.1879851243e-14 4.4380984550e-15
4.3597412109e+02 6.4598752832e-14 2.8399674819e-14 3.1769188129e-14 4.4298898845e-15
4.3603515625e+02 6.4573914600e-14 2.8463487576e-14 3.1678292344e-14 4.4321346797e-15
4.3609619141e+02 6.4203861250e-14 2.8502503512e-14 3.1318540554e-14 4.3828171840e-15
4.3615722656e+02 6.4625806810e-14 2.8757337142e-14 3.1488966172e-14 4.3795034965e-15
4.3621826172e+02 6.4790379539e-14 2.8618472436e-14 3.1774720307e-14 4.3971867965e-15
4.3627929688e+02 6.4925482269e-14 2.8505076460e-14 3.1964530985e-14 4.4558748238e-15
4.3634033203e+02 6.4642292320e-14 2.8353395500e-14 3.1843569396e-14 4.4453274236e-15
4.3640136719e+02 6.4500191444e-14 2.8027461569e-14 3.2026933284e-14 4.4457965908e-15
4.3646240234e+02 6.4557310983e-14 2.8252554107e-14 3.1863463830e-14 4.4412930452e-15
4.3652343750e+02 6.4437452952e-14 2.8244706507e-14 3.1762313727e-14 4.4304327175e-15
4.3658447266e+02 6.3747628986e-14 2.8116996014e-14 3.1175434578e-14 4.4551983937e-15
4.3664550781e+02 6.4127416728e-14 2.8278118786e-14 3.1375184743e-14 4.4741132000e-15
4.3670654297e+02 6.4890475589e-14 2.8572225222e-14 3.1868189624e-14 4.4500607433e-15
4.3676757812e+02 6.4286684641e-14 2.8315737624e-14 3.1516773409e-14 4.4541736074e-15
4.3682861328e+02 6.4162403888e-14 2.8097613487e-14 3.1616450792e-14 4.4483396095e-15
4.3688964844e+02 6.4034444537e-14 2.7890444002e-14 3.1686280865e-14 4.4577196699e-15
4.3695068359e+02 6.3719119794e-14 2.7873770206e-14 3.1422100735e-14 4.4232488535e-15
4.3701171875e+02 6.4506680974e-14 2.8442506135e-14 3.1653779939e-14 4.4103948998e-15
4.3707275391e+02 6.4630340439e-14 2.8478625589e-14 3.1705744015e-14 4.4459708341e-15
4.3713378906e+02 6.3648884807e-14 2.7954824005e-14 3.1244233675e-14 4.4498271267e-15
4.3719482422e+02 6.4292010387e-14 2.8302346753e-14 3.1579014109e-14 4.4106495257e-15
4.3725585938e+02 6.4862048059e-14 2.8771801273e-14 3.1717764424e-14 4.3724823628e-15
4.3731689453e+02 6.4742576314e-14 2.8458316806e-14 3.1888747819e-14 4.3955116884e-15
4.3737792969e+02 6.4910157224e-14 2.8486196490e-14 3.2000979356e-14 4.4229813779e-15
4.3743896484e+02 6.4393312666e-14 2.8665510579e-14 3.1303347612e-14 4.4244544745e-15
4.3750000000e+02 6.3896199375e-14 2.8860710736e-14 3.0627291328e-14 4.4081973112e-15
4.3756103516e+02 6.4338650285e-14 2.8337466694e-14 3.1568046503e-14 4.4331370876e-15
4.3762207031e+02 6.4115026667e-14 2.8222892657e-14 3.1444316520e-14 4.4478174902e-15
4.3768310547e+02 6.4136065172e-14 2.8188512256e-14 3.1495776033e-14 4.4517768821e-15
4.3774414062e+02 6.4629585904e-14 2.8236376090e-14 3.1971932319e-14 4.4212774948e-15
4.3780517578e+02 6.4525696091e-14 2.8087836387e-14 3.1989037860e-14 4.4488218433e-15
4.3786621094e+02 6.4215512633e-14 2.7919000735e-14 3.1860105175e-14 4.4364067231e-15
4.3792724609e+02 6.3797968561e-14 2.8044079309e-14 3.1353177970e-14 4.4007112819e-15
4.3798828125e+02 6.4529930419e-14 2.8491793802e-14 3.1612965879e-14 4.4251707374e-15
4.3804931641e+02 6.4514803737e-14 2.8549324180e-14 3.1545626913e-14 4.4198526443e-15
4.3811035156e+02 6.4936221947e-14 2.9289732901e-14 3.1224939635e-14 4.4215494113e-15
4.3817138672e+02 6.4292910486e-14 2.8522586816e-14 3.1388121274e-14 4.3822023960e-15
4.3823242188e+02 6.4362923252e-14 2.8212150644e-14 3.1753980675e-14 4.3967919333e-15
4.3829345703e+02 6.4213897652e-14 2.8214220342e-14 3.1600975941e-14 4.3987013696e-15
4.3835449219e+02 6.4217968322e-14 2.8171297390e-14 3.1655818194e-14 4.3908527387e-15
4.3841552734e+02 6.4250467194e-14 2.8449257268e-14 3.1414585725e-14 4.3866242009e-15
4.3847656250e+02 6.4546446746e-14 2.8446523930e-14 3.1695690185e-14 4.4042326305e-15
4.3853759766e+02 6.4571288686e-14 2.8323400501e-14 3.1810995039e-14 4.4368931457e-15
4.3859863281e+02 6.4187984429e-14 2.8131497802e-14 3.1654963698e-14 4.4015229301e-15
4.3865966797e+02 6.3654340918e-14 2.7737868753e-14 3.1472557182e-14 4.4439149828e-15
4.3872070312e+02 6.3430824517e-14 2.7792705543e-14 3.1165676732e-14 4.4724422421e-15
4.3878173828e+02 6.4028277068e-14 2.8148193602e-14 3.1396674096e-14 4.4834093699e-15
4.3884277344e+02 6.4150831565e-14 2.8281723499e-14 3.1410771639e-14 4.4583364273e-15
4.3890380859e+02 6.3761836447e-14 2.8510939010e-14 3.0825897953e-14 4.4249994840e-15
4.3896484375e+02 6.3643038486e-14 2.8657440814e-14 3.0517840641e-14 4.4677570316e-15
4.3902587891e+02 6.3997170891e-14 2.8538652656e-14 3.1003513685e-14 4.4550045502e-15
4.3908691406e+02 6.4893694421e-14 2.8810430121e-14 3.1669051839e-14 4.4142124605e-15
4.3914794922e+02 6.4670586860e-14 2.8688890223e-14 3.1589985043e-14 4.3917115941e-15
4.3920898438e+02 6.3644054759e-14 2.8205914869e-14 3.1073217349e-14 4.3649225406e-15
4.3927001953e+02 6.3450613213e-14 2.7996477669e-14 3.1056790420e-14 4.3973451242e-15
4.3933105469e+02 6.3896795899e-14 2.7805505089e-14 3.1707182731e-14 4.3841080790e-15
4.3939208984e+02 6.4482850937e-14 2.8201138401e-14 3.1884037390e-14 4.3976751463e-15
4.3945312500e+02 6.4162780383e-14 2.8115444981e-14 3.1648891122e-14 4.3984442800e-15
4.3951416016e+02 6.3503057654e-14 2.7738216157e-14 3.1337925338e-14 4.4269161586e-15
4.3957519531e+02 6.2909587631e-14 2.7850746341e-14 3.0665146301e-14 4.3936949884e-15
4.3963623047e+02 6.3545884592e-14 2.8473118642e-14 3.0631592724e-14 4.4411732263e-15
4.3969726562e+02 6.4010804775e-14 2.8593722533e-14 3.0955901213e-14 4.4611810289e-15
4.3975830078e+02 6.4248161825e-14 2.8229682787e-14 3.1576682881e-14 4.4417961574e-15
4.3981933594e+02 6.4086018937e-14 2.7972849458e-14 3.1692419324e-14 4.4207501546e-15
4.3988037109e+02 6.4222197255e-14 2.8306003065e-14 3.1533934210e-14 4.3822599802e-15
4.3994140625e+02 6.3794311349e-14 2.8252684053e-14 3.1124989450e-14 4.4166378452e-15
4.4000244141e+02 6.3808715841e-14 2.8308565922e-14 3.1087187167e-14 4.4129627524e-15
4.4006347656e+02 6.4505048312e-14 2.8804977415e-14 3.1294056233e-14 4.4060146642e-15
4.4012451172e+02 6.4223737538e-14 2.8651400047e-14 3.1165166619e-14 4.4071708715e-15
4.4018554688e+02 6.4136752346e-14 2.8130711057e-14 3.1589942842e-14 4.4160984470e-15
4.4024658203e+02 6.3629470388e-14 2.7975366034e-14 3.1228499670e-14 4.4256046836e-15
4.4030761719e+02 6.3723808521e-14 2.7857135834e-14 3.1437421955e-14 4.4292507319e-15
4.4036865234e+02 6.3969871333e-14 2.8018070938e-14 3.1538629138e-14 4.4131712571e-15
4.4042968750e+02 6.4393244076e-14 2.8722114608e-14 3.1247171603e-14 4.4239578657e-15
4.4049072266e+02 6.4521899418e-14 2.8525125033e-14 3.1598533253e-14 4.3982411313e-15
4.4055175781e+02 6.4034128545e-14 2.8033792893e-14 3.1614358533e-14 4.3859771188e-15
4.4061279297e+02 6.4169969725e-14 2.8372083972e-14 3.1386756550e-14 4.4111292028e-15
4.4067382812e+02 6.3850120542e-14 2.7792109405e-14 3.1626608336e-14 4.4314028008e-15
4.4073486328e+02 6.3364659379e-14 2.7761271200e-14 3.1164456729e-14 4.4389314498e-15
4.4079589844e+02 6.4004978156e-14 2.8463357813e-14 3.1108230340e-14 4.4333900028e-15
4.4085693359e+02 6.3837712737e-14 2.8134419040e-14 3.1307705494e-14 4.3955882040e-15
4.4091796875e+02 6.4015471692e-14 2.8386881528e-14 3.1180136229e-14 4.4484539351e-15
4.4097900391e+02 6.3599443015e-14 2.8099410622e-14 3.1055269064e-14 4.4447633299e-15
4.4104003906e+02 6.3413713014e-14 2.7974187799e-14 3.1055745869e-14 4.3837793461e-15
4.4110107422e+02 6.4636754233e-14 2.8289172317e-14 3.1971199995e-14 4.3763819209e-15
4.4116210938e+02 6.4065694173e-14 2.7917939751e-14 3.1718453290e-14 4.4293011326e-15
4.4122314453e+02 6.3769989638e-14 2.7928632491e-14 3.1404073327e-14 4.4372838194e-15
4.4128417969e+02 6.3844882838e-14 2.8345205572e-14 3.1112811072e-14 4.3868661938e-15
4.4134521484e+02 6.3460584798e-14 2.7768931874e-14 3.1308254698e-14 4.3833982259e-15
4.4140625000e+02 6.3200196867e-14 2.7781245937e-14 3.0981950195e-14 4.4370007344e-15
4.4146728516e+02 6.3390783070e-14 2.8322411230e-14 3.0638708239e-14 4.4296636016e-15
4.4152832031e+02 6.3775477427e-14 2.8313889234e-14 3.1077000645e-14 4.3845875479e-15
4.4158935547e+02 6.3911135702e-14 2.8266451948e-14 3.1228329241e-14 4.4163545123e-15
4.4165039062e+02 6.3796968100e-14 2.7808430202e-14 3.1558925965e-14 4.4296119329e-15
4.4171142578e+02 6.3773469001e-14 2.8024611531e-14 3.1360943384e-14 4.3879140857e-15
4.4177246094e+02 6.3380628042e-14 2.8020902296e-14 3.0961193461e-14 4.3985322850e-15
4.4183349609e+02 6.3212970997e-14 2.7831700432e-14 3.0981713028e-14 4.3995575374e-15
4.4189453125e+02 6.4150331795e-14 2.8643873559e-14 3.1149616639e-14 4.3568415968e-15
4.4195556641e+02 6.4412577391e-14 2.9032107534e-14 3.0976230489e-14 4.4042393677e-15
4.4201660156e+02 6.4357151149e-14 2.8675193042e-14 3.1295752872e-14 4.3862052357e-15
4.4207763672e+02 6.3369485556e-14 2.7889893555e-14 3.1063716956e-14 4.4158750446e-15
4.4213867188e+02 6.3004282257e-14 2.7563286459e-14 3.1055080095e-14 4.3859157027e-15
4.4219970703e+02 6.2731703157e-14 2.7814162320e-14 3.0553464536e-14 4.3640763007e-15
4.4226074219e+02 6.3907854979e-14 2.8354730648e-14 3.1161939722e-14 4.3911846092e-15
4.4232177734e+02 6.4170991308e-14 2.8261460970e-14 3.1501308047e-14 4.4082222917e-15
4.4238281250e+02 6.3578938149e-14 2.7881835721e-14 3.1297134340e-14 4.3999680876e-15
4.4244384766e+02 6.3103462608e-14 2.7563852039e-14 3.1120579274e-14 4.4190312948e-15
4.4250488281e+02 6.3058045235e-14 2.7917244971e-14 3.0705158229e-14 4.4356420356e-15
4.4256591797e+02 6.3572364516e-14 2.8316566598e-14 3.0853853325e-14 4.4019445927e-15
4.4262695312e+02 6.3401870762e-14 2.8078550099e-14 3.0920814464e-14 4.4025061987e-15
4.4268798828e+02 6.3508778711e-14 2.7826852932e-14 3.1239635951e-14 4.4422898274e-15
4.4274902344e+02 6.3519964558e-14 2.8161044715e-14 3.0894412732e-14 4.4645071114e-15
4.4281005859e+02 6.4146582529e-14 2.8191369125e-14 3.1516577692e-14 4.4386357118e-15
4.4287109375e+02 6.4075248838e-14 2.7960766378e-14 3.1698406821e-14 4.4160756389e-15
4.4293212891e+02 6.3844345314e-14 2.8162808453e-14 3.1258750787e-14 4.4227860749e-15
4.4299316406e+02 6.4052301942e-14 2.8213858343e-14 3.1415265353e-14 4.4231782463e-15
4.4305419922e+02 6.4216945242e-14 2.8296190381e-14 3.1512289416e-14 4.4084654456e-15
4.4311523438e+02 6.3854851627e-14 2.8368276133e-14 3.1085033609e-14 4.4015418853e-15
4.4317626953e+02 6.2742065267e-14 2.7775633228e-14 3.0570751886e-14 4.3956801539e-15
4.4323730469e+02 6.3433160544e-14 2.8046065441e-14 3.0980926002e-14 4.4061691009e-15
4.4329833984e+02 6.3304863013e-14 2.7954196893e-14 3.0890535533e-14 4.4601305877e-15
4.4335937500e+02 6.3841762999e-14 2.7800255549e-14 3.1573573362e-14 4.4679340876e-15
4.4342041016e+02 6.3543466983e-14 2.7844844794e-14 3.1286206377e-14 4.4124158129e-15
4.4348144531e+02 6.3529636821e-14 2.8095549061e-14 3.1020818063e-14 4.4132696973e-15
4.4354248047e+02 6.2990996688e-14 2.7898988234e-14 3.0650280420e-14 4.4417280344e-15
4.4360351562e+02 6.3314005836e-14 2.7788766473e-14 3.1120292896e-14 4.4049464669e-15
4.4366455078e+02 6.3719092571e-14 2.7932316194e-14 3.1356233451e-14 4.4305429260e-15
4.4372558594e+02 6.4120980780e-14 2.7820795499e-14 3.1864986184e-14 4.4351990968e-15
4.4378662109e+02 6.3397118916e-14 2.7966019086e-14 3.1043665746e-14 4.3874340841e-15
4.4384765625e+02 6.2970158604e-14 2.7617563087e-14 3.0939147472e-14 4.4134480453e-15
4.4390869141e+02 6.2849902663e-14 2.7851329550e-14 3.0591939771e-14 4.4066333425e-15
4.4396972656e+02 6.2951936391e-14 2.7895871078e-14 3.0658141246e-14 4.3979240677e-15
4.4403076172e+02 6.3615853466e-14 2.7918871408e-14 3.1282944823e-14 4.4140372348e-15
4.4409179688e+02 6.3363452435e-14 2.7894374298e-14 3.1088850246e-14 4.3802278907e-15
4.4415283203e+02 6.3537292583e-14 2.8253898451e-14 3.0847472032e-14 4.4359221007e-15
4.4421386719e+02 6.4366038049e-14 2.8454153376e-14 3.1495316825e-14 4.4165678480e-15
4.4427490234e+02 6.4175359282e-14 2.8074577199e-14 3.1720570223e-14 4.3802118602e-15
4.4433593750e+02 6.4091108665e-14 2.7964769897e-14 3.1735509693e-14 4.3908290751e-15
4.4439697266e+02 6.3942686592e-14 2.7945849692e-14 3.1576864438e-14 4.4199724620e-15
4.4445800781e+02 6.3179907393e-14 2.8065413261e-14 3.0662609761e-14 4.4518843717e-15
4.4451904297e+02 6.3991015592e-14 2.8218905922e-14 3.1287711828e-14 4.4843978418e-15
4.4458007812e+02 6.3123693832e-14 2.7764829008e-14 3.0932705947e-14 4.4261588771e-15
4.4464111328e+02 6.3114932922e-14 2.7894040281e-14 3.0854057855e-14 4.3668347855e-15
4.4470214844e+02 6.3133094413e-14 2.8105394370e-14 3.0614613821e-14 4.4130862216e-15
4.4476318359e+02 6.4191445329e-14 2.8413535699e-14 3.1386232139e-14 4.3916774911e-15
4.4482421875e+02 6.4088857691e-14 2.8057039410e-14 3.1662361999e-14 4.3694562820e-15
4.4488525391e+02 6.3231897710e-14 2.7760464216e-14 3.1115137130e-14 4.3562963650e-15
4.4494628906e+02 6.2524761589e-14 2.7411752284e-14 3.0733858752e-14 4.3791505527e-15
4.4500732422e+02 6.3629337671e-14 2.8068717989e-14 3.1152859806e-14 4.4077598757e-15
4.4506835938e+02 6.3358817945e-14 2.8047118998e-14 3.0892959523e-14 4.4187394248e-15
4.4512939453e+02 6.2913653293e-14 2.7816192595e-14 3.0688498326e-14 4.4089623717e-15
4.4519042969e+02 6.4124031931e-14 2.8217217344e-14 3.1485503956e-14 4.4213106309e-15
4.4525146484e+02 6.4313807553e-14 2.8121713054e-14 3.1745111208e-14 4.4469832908e-15
4.4531250000e+02 6.3923696065e-14 2.7726153141e-14 3.1743219390e-14 4.4543235338e-15
4.4537353516e+02 6.3651880679e-14 2.7751392166e-14 3.1416250871e-14 4.4842376420e-15
4.4543457031e+02 6.3468597553e-14 2.7728563532e-14 3.1288068536e-14 4.4519654855e-15
4.4549560547e+02 6.3369527107e-14 2.7749929729e-14 3.1221719831e-14 4.3978775467e-15
4.4555664062e+02 6.2701678743e-14 2.7737583253e-14 3.0557229412e-14 4.4068660772e-15
4.4561767578e+02 6.2628110565e-14 2.7703885047e-14 3.0506152888e-14 4.4180726303e-15
4.4567871094e+02 6.3333715054e-14 2.7898805058e-14 3.1011609207e-14 4.4233007894e-15
4.4573974609e+02 6.3355852058e-14 2.7753980742e-14 3.1176243571e-14 4.4256277446e-15
4.4580078125e+02 6.3398507270e-14 2.7803360760e-14 3.1160487007e-14 4.4346595030e-15
4.4586181641e+02 6.3203533135e-14 2.7719030709e-14 3.1060393617e-14 4.4241088088e-15
4.4592285156e+02 6.3194500088e-14 2.7952776176e-14 3.0846366368e-14 4.3953575446e-15
4.4598388672e+02 6.3469717087e-14 2.8061010248e-14 3.1009768973e-14 4.3989378664e-15
4.4604492188e+02 6.3153733857e-14 2.7635944597e-14 3.1104148369e-14 4.4136408902e-15
4.4610595703e+02 6.3240041508e-14 2.8060392698e-14 3.0819935084e-14 4.3597137260e-15
4.4616699219e+02 6.3259186204e-14 2.7553842453e-14 3.1298977389e-14 4.4063663626e-15
4.4622802734e+02 6.3316810331e-14 2.7850650832e-14 3.1058635935e-14 4.4075235637e-15
4.4628906250e+02 6.3520474879e-14 2.8173801069e-14 3.0987094915e-14 4.3595788944e-15
4.4635009766e+02 6.3402205939e-14 2.8005030667e-14 3.1012661787e-14 4.3845134852e-15
4.4641113281e+02 6.3465344415e-14 2.8020925278e-14 3.1010929991e-14 4.4334891466e-15
4.4647216797e+02 6.3571541932e-14 2.7969922160e-14 3.1163858215e-14 4.4377615565e-15
4.4653320312e+02 6.3385107237e-14 2.7695007011e-14 3.1222527528e-14 4.4675726983e-15
4.4659423828e+02 6.3397354579e-14 2.7924956665e-14 3.1050894050e-14 4.4215038638e-15
4.4665527344e+02 6.3280482717e-14 2.8045705284e-14 3.0817604151e-14 4.4171732815e-15
4.4671630859e+02 6.3579788675e-14 2.8076817263e-14 3.1091176162e-14 4.4117952494e-15
4.4677734375e+02 6.3175630400e-14 2.7984938189e-14 3.0771696266e-14 4.4189959457e-15
4.4683837891e+02 6.3390247849e-14 2.7684279538e-14 3.1259552597e-14 4.4464157142e-15
4.4689941406e+02 6.3097140486e-14 2.7974043272e-14 3.0698509298e-14 4.4245879162e-15
4.4696044922e+02 6.2731536236e-14 2.7713768708e-14 3.0565385820e-14 4.4523817080e-15
4.4702148438e+02 6.2923034802e-14 2.7734113870e-14 3.0778506516e-14 4.4104144161e-15
4.4708251953e+02 6.2870793647e-14 2.7829982780e-14 3.0680821848e-14 4.3599890194e-15
4.4714355469e+02 6.3821026760e-14 2.8271779170e-14 3.1141465507e-14 4.4077820830e-15
4.4720458984e+02 6.4181295456e-14 2.8473390277e-14 3.1287710333e-14 4.4201948459e-15
4.4726562500e+02 6.4122642007e-14 2.8595160253e-14 3.1136199127e-14 4.3912826278e-15
4.4732666016e+02 6.2953015186e-14 2.8090275730e-14 3.0457812774e-14 4.4049266828e-15
4.4738769531e+02 6.3356076750e-14 2.8041937109e-14 3.0950273387e-14 4.3638662547e-15
4.4744873047e+02 6.3081194198e-14 2.7751698743e-14 3.0942912989e-14 4.3865824663e-15
4.4750976562e+02 6.2775442039e-14 2.7458180442e-14 3.0948008547e-14 4.3692530499e-15
4.4757080078e+02 6.3140341713e-14 2.7614497567e-14 3.1114087123e-14 4.4117570232e-15
4.4763183594e+02 6.3399467167e-14 2.8075728781e-14 3.0943136451e-14 4.3806019339e-15
4.4769287109e+02 6.3426813986e-14 2.8080481235e-14 3.0962142659e-14 4.3841900923e-15
4.4775390625e+02 6.3064726605e-14 2.7659363048e-14 3.0986613077e-14 4.4187504801e-15
4.4781494141e+02 6.3961068064e-14 2.8383513654e-14 3.1198110950e-14 4.3794434599e-15
4.4787597656e+02 6.3365825146e-14 2.8234458369e-14 3.0733322201e-14 4.3980445756e-15
4.4793701172e+02 6.2994335864e-14 2.7565292123e-14 3.1044023201e-14 4.3850205395e-15
4.4799804688e+02 6.3117513433e-14 2.7564566923e-14 3.1192055764e-14 4.3608907467e-15
4.4805908203e+02 6.2809633228e-14 2.7410453875e-14 3.0994021595e-14 4.4051577582e-15
4.4812011719e+02 6.3038569495e-14 2.7527522824e-14 3.1099786073e-14 4.4112605973e-15
4.4818115234e+02 6.3422961864e-14 2.7865207680e-14 3.1170257546e-14 4.3874966376e-15
4.4824218750e+02 6.3046598280e-14 2.7641895051e-14 3.1051976177e-14 4.3527270514e-15
4.4830322266e+02 6.3365292997e-14 2.7657614693e-14 3.1316988488e-14 4.3906898153e-15
4.4836425781e+02 6.2956261252e-14 2.7471477629e-14 3.1068899158e-14 4.4158844655e-15
4.4842529297e+02 6.3284030370e-14 2.7942756009e-14 3.0945462150e-14 4.3958122114e-15
4.4848632812e+02 6.2756216631e-14 2.7547707711e-14 3.0807242573e-14 4.4012663469e-15
4.4854736328e+02 6.2888846099e-14 2.7490411336e-14 3.0965691771e-14 4.4327429926e-15
4.4860839844e+02 6.3089218330e-14 2.7812515309e-14 3.0862765977e-14 4.4139370443e-15
4.4866943359e+02 6.3174233237e-14 2.7904124927e-14 3.0872328754e-14 4.3977795557e-15
4.4873046875e+02 6.2892089858e-14 2.7404714814e-14 3.1098877675e-14 4.3884973693e-15
4.4879150391e+02 6.3183974084e-14 2.7590120048e-14 3.1218745975e-14 4.3751080605e-15
4.4885253906e+02 6.3299262272e-14 2.7818448248e-14 3.1055619558e-14 4.4251944669e-15
4.4891357422e+02 6.2574020515e-14 2.7167277295e-14 3.1045076175e-14 4.3616670461e-15
4.4897460938e+02 6.2198995610e-14 2.7341447688e-14 3.0505239445e-14 4.3523084765e-15
4.4903564453e+02 6.2356787088e-14 2.7610984703e-14 3.0350831566e-14 4.3949708183e-15
4.4909667969e+02 6.2220829874e-14 2.7518351585e-14 3.0328391924e-14 4.3740863647e-15
4.4915771484e+02 6.2498552734e-14 2.7329092146e-14 3.0750238694e-14 4.4192218940e-15
4.4921875000e+02 6.2353342555e-14 2.7378520307e-14 3.0562326006e-14 4.4124962427e-15
4.4927978516e+02 6.2573875932e-14 2.7640158412e-14 3.0496400880e-14 4.4373166402e-15
4.4934082031e+02 6.2618165390e-14 2.7641205752e-14 3.0561053482e-14 4.4159061551e-15
4.4940185547e+02 6.2159584365e-14 2.7590040997e-14 3.0176319709e-14 4.3932236599e-15
4.4946289062e+02 6.2196860424e-14 2.7570947315e-14 3.0221470520e-14 4.4044425898e-15
4.4952392578e+02 6.2414603349e-14 2.7497899523e-14 3.0479383563e-14 4.4373202620e-15
4.4958496094e+02 6.2747390797e-14 2.7608659751e-14 3.0718067730e-14 4.4206633161e-15
4.4964599609e+02 6.2710721042e-14 2.7797286866e-14 3.0511392690e-14 4.4020414858e-15
4.4970703125e+02 6.2593630019e-14 2.7802067000e-14 3.0425883207e-14 4.3656798111e-15
4.4976806641e+02 6.2975269065e-14 2.7804702069e-14 3.0795295449e-14 4.3752715470e-15
4.4982910156e+02 6.3086380691e-14 2.7525149242e-14 3.1163301837e-14 4.3979296119e-15
4.4989013672e+02 6.2683005614e-14 2.7377487279e-14 3.0917131874e-14 4.3883864615e-15
4.4995117188e+02 6.2630304317e-14 2.7518943701e-14 3.0725545820e-14 4.3858147964e-15
4.5001220703e+02 6.2671991795e-14 2.7528011478e-14 3.0723529050e-14 4.4204512674e-15
4.5007324219e+02 6.3049211438e-14 2.7562036628e-14 3.1088774507e-14 4.3984003026e-15
4.5013427734e+02 6.2675816557e-14 2.7201422263e-14 3.1094555092e-14 4.3798392021e-15
4.5019531250e+02 6.2471679734e-14 2.7251233355e-14 3.0815316825e-14 4.4051295541e-15
4.5025634766e+02 6.2758794566e-14 2.7497158463e-14 3.0867525077e-14 4.3941110260e-15
4.5031738281e+02 6.2408483371e-14 2.7397311357e-14 3.0600155025e-14 4.4110169888e-15
4.5037841797e+02 6.2629152832e-14 2.7602263108e-14 3.0634651111e-14 4.3922386131e-15
4.5043945312e+02 6.2561781129e-14 2.7101411341e-14 3.1087048062e-14 4.3733217263e-15
4.5050048828e+02 6.2662723287e-14 2.7315240942e-14 3.0942885030e-14 4.4045973147e-15
4.5056152344e+02 6.3227177125e-14 2.7999743128e-14 3.0808280605e-14 4.4191533918e-15
4.5062255859e+02 6.3022302605e-14 2.7860235814e-14 3.0754106632e-14 4.4079601590e-15
4.5068359375e+02 6.2293357201e-14 2.7634390911e-14 3.0244855792e-14 4.4141104980e-15
4.5074462891e+02 6.2061404378e-14 2.7559019448e-14 3.0077853796e-14 4.4245311345e-15
4.5080566406e+02 6.2877401644e-14 2.7666632107e-14 3.0825359643e-14 4.3854098942e-15
4.5086669922e+02 6.2988006747e-14 2.7823665779e-14 3.0772934286e-14 4.3914066822e-15
4.5092773438e+02 6.3127686479e-14 2.7643168009e-14 3.1104492863e-14 4.3800256071e-15
4.5098876953e+02 6.2471303549e-14 2.7457136138e-14 3.0623413425e-14 4.3907539847e-15
4.5104980469e+02 6.3375375943e-14 2.7977731216e-14 3.1002419517e-14 4.3952252086e-15
4.5111083984e+02 6.3820120330e-14 2.8272131555e-14 3.1144976862e-14 4.4030119129e-15
4.5117187500e+02 6.3076925405e-14 2.7761404740e-14 3.0923524746e-14 4.3919959198e-15
4.5123291016e+02 6.2834331075e-14 2.7424415568e-14 3.1021673501e-14 4.3882420062e-15
4.5129394531e+02 6.3077918111e-14 2.7521843727e-14 3.1164792557e-14 4.3912818278e-15
4.5135498047e+02 6.2514192233e-14 2.7195349055e-14 3.0916525258e-14 4.4023179199e-15
4.5141601562e+02 6.2012485198e-14 2.7074739937e-14 3.0568576872e-14 4.3691683890e-15
4.5147705078e+02 6.2020706217e-14 2.7227174726e-14 3.0444331663e-14 4.3491998280e-15
4.5153808594e+02 6.2618528971e-14 2.7548615778e-14 3.0661516298e-14 4.4083968956e-15
4.5159912109e+02 6.3380217608e-14 2.7844476613e-14 3.1134520884e-14 4.4012201112e-15
4.5166015625e+02 6.3232130730e-14 2.7957662255e-14 3.0844117661e-14 4.4303508136e-15
4.5172119141e+02 6.3116417983e-14 2.7753723237e-14 3.0904165264e-14 4.4585294815e-15
4.5178222656e+02 6.2730987090e-14 2.7698296447e-14 3.0581361726e-14 4.4513289168e-15
4.5184326172e+02 6.2912690001e-14 2.7967536029e-14 3.0521017615e-14 4.4241363570e-15
4.5190429688e+02 6.3026040347e-14 2.7795340889e-14 3.0817680577e-14 4.4130188813e-15
4.5196533203e+02 6.2904369002e-14 2.7648399722e-14 3.0818319730e-14 4.4376495495e-15
4.5202636719e+02 6.2279721385e-14 2.7391882587e-14 3.0440911850e-14 4.4469269474e-15
4.5208740234e+02 6.2169448650e-14 2.7173063462e-14 3.0561189556e-14 4.4351956318e-15
4.5214843750e+02 6.2396169792e-14 2.7487286891e-14 3.0498280323e-14 4.4106025776e-15
4.5220947266e+02 6.3013821479e-14 2.7718016228e-14 3.0867019904e-14 4.4287853482e-15
4.5227050781e+02 6.3756949440e-14 2.7905615274e-14 3.1452755166e-14 4.3985789996e-15
4.5233154297e+02 6.2783925789e-14 2.7457108181e-14 3.0913256136e-14 4.4135614710e-15
4.5239257812e+02 6.2069653201e-14 2.7327859605e-14 3.0301593392e-14 4.4402002030e-15
4.5245361328e+02 6.2531391224e-14 2.7691095686e-14 3.0407085088e-14 4.4332104499e-15
4.5251464844e+02 6.3022165874e-14 2.7804158238e-14 3.0797629644e-14 4.4203779922e-15
4.5257568359e+02 6.2804195529e-14 2.7677456185e-14 3.0756193675e-14 4.3705456694e-15
4.5263671875e+02 6.2755649939e-14 2.7972722817e-14 3.0398885207e-14 4.3840419151e-15
4.5269775391e+02 6.3375256790e-14 2.8263579635e-14 3.0748168342e-14 4.3635088128e-15
4.5275878906e+02 6.3172858760e-14 2.7881052701e-14 3.0871024307e-14 4.4207817515e-15
4.5281982422e+02 6.2717145898e-14 2.7815767841e-14 3.0501167455e-14 4.4002106018e-15
4.5288085938e+02 6.2164381362e-14 2.7365603447e-14 3.0428251353e-14 4.3705265628e-15
4.5294189453e+02 6.2549917259e-14 2.7293529232e-14 3.0835642203e-14 4.4207458240e-15
4.5300292969e+02 6.2592629852e-14 2.7370334262e-14 3.0808525540e-14 4.4137700502e-15
4.5306396484e+02 6.2413242195e-14 2.7252350798e-14 3.0760066357e-14 4.4008250409e-15
4.5312500000e+02 6.2636722914e-14 2.7429941936e-14 3.0770131072e-14 4.4366499053e-15
4.5318603516e+02 6.2837698420e-14 2.7817596078e-14 3.0626576814e-14 4.3935255283e-15
4.5324707031e+02 6.1914005434e-14 2.7214475582e-14 3.0303841226e-14 4.3956886265e-15
4.5330810547e+02 6.1727788959e-14 2.7481312796e-14 2.9854040478e-14 4.3924356844e-15
4.5336914062e+02 6.2441202181e-14 2.7753984601e-14 3.0289970001e-14 4.3972475788e-15
4.5343017578e+02 6.2824575538e-14 2.7638894108e-14 3.0763261980e-14 4.4224194504e-15
4.5349121094e+02 6.2508342627e-14 2.7528400436e-14 3.0571739923e-14 4.4082022674e-15
4.5355224609e+02 6.2694968160e-14 2.7593049816e-14 3.0681409229e-14 4.4205091152e-15
4.5361328125e+02 6.2801584899e-14 2.7463851788e-14 3.0935928092e-14 4.4018050197e-15
4.5367431641e+02 6.3326971895e-14 2.8009793124e-14 3.0896290212e-14 4.4208885590e-15
4.5373535156e+02 6.2905716920e-14 2.7907212586e-14 3.0558753611e-14 4.4397507236e-15
4.5379638672e+02 6.1621181207e-14 2.6842450685e-14 3.0348939895e-14 4.4297906267e-15
4.5385742188e+02 6.1495107145e-14 2.6961633742e-14 3.0104664021e-14 4.4288093827e-15
4.5391845703e+02 6.1844625574e-14 2.7361974142e-14 3.0086305348e-14 4.3963460847e-15
4.5397949219e+02 6.1814831814e-14 2.7003799269e-14 3.0414063504e-14 4.3969690403e-15
4.5404052734e+02 6.2362542991e-14 2.7216827667e-14 3.0727900573e-14 4.4178147510e-15
4.5410156250e+02 6.2215182626e-14 2.7210472527e-14 3.0563535767e-14 4.4411743314e-15
4.5416259766e+02 6.2605411046e-14 2.7661984364e-14 3.0503426599e-14 4.4400000826e-15
4.5422363281e+02 6.2972945165e-14 2.7582830539e-14 3.1010184524e-14 4.3799301021e-15
4.5428466797e+02 6.2485737902e-14 2.7370737637e-14 3.0737794962e-14 4.3772053030e-15
4.5434570312e+02 6.2780548674e-14 2.7625779238e-14 3.0730978368e-14 4.4237910692e-15
4.5440673828e+02 6.2967188844e-14 2.7421177158e-14 3.1104407227e-14 4.4416044583e-15
4.5446777344e+02 6.2556570600e-14 2.7138060760e-14 3.1031212129e-14 4.3872977109e-15
4.5452880859e+02 6.1778037730e-14 2.6900157256e-14 3.0509156245e-14 4.3687242292e-15
4.5458984375e+02 6.1921367362e-14 2.7244469344e-14 3.0289429877e-14 4.3874681415e-15
4.5465087891e+02 6.2030193261e-14 2.7661332839e-14 2.9974316704e-14 4.3945437185e-15
4.5471191406e+02 6.2390513936e-14 2.7586094286e-14 3.0403613548e-14 4.4008061028e-15
4.5477294922e+02 6.2931855826e-14 2.7821391341e-14 3.0700542004e-14 4.4099224812e-15
4.5483398438e+02 6.1637059854e-14 2.7087805944e-14 3.0140898525e-14 4.4083553848e-15
4.5489501953e+02 6.1966589841e-14 2.6896879328e-14 3.0634235820e-14 4.4354746924e-15
4.5495605469e+02 6.1695580096e-14 2.6905214938e-14 3.0360174910e-14 4.4301902482e-15
4.5501708984e+02 6.2136123110e-14 2.7446676801e-14 3.0276189796e-14 4.4132565118e-15
4.5507812500e+02 6.2782801087e-14 2.7894569817e-14 3.0532167780e-14 4.3560634892e-15
4.5513916016e+02 6.2891709414e-14 2.7830511723e-14 3.0715650826e-14 4.3455468651e-15
4.5520019531e+02 6.1805811958e-14 2.7209175235e-14 3.0207209453e-14 4.3894272699e-15
4.5526123047e+02 6.2114629605e-14 2.7201603601e-14 3.0500012904e-14 4.4130131000e-15
4.5532226562e+02 6.2622988854e-14 2.7596785736e-14 3.0603090875e-14 4.4231122431e-15
4.5538330078e+02 6.2229748904e-14 2.7424927376e-14 3.0373763492e-14 4.4310580359e-15
4.5544433594e+02 6.2713965156e-14 2.7482453142e-14 3.0786755622e-14 4.4447563925e-15
4.5550537109e+02 6.2401344016e-14 2.7256479647e-14 3.0684103902e-14 4.4607604665e-15
4.5556640625e+02 6.2116973541e-14 2.7109632726e-14 3.0606685874e-14 4.4006549417e-15
4.5562744141e+02 6.1990618504e-14 2.7020897927e-14 3.0572253959e-14 4.3974666182e-15
4.5568847656e+02 6.2034430549e-14 2.7302417897e-14 3.0320924419e-14 4.4110882335e-15
4.5574951172e+02 6.2581738141e-14 2.7262531501e-14 3.0930774376e-14 4.3884322639e-15
4.5581054688e+02 6.2388437377e-14 2.7317133438e-14 3.0647069241e-14 4.4242346985e-15
4.5587158203e+02 6.3078789337e-14 2.7613237378e-14 3.1058989837e-14 4.4065621227e-15
4.5593261719e+02 6.2645259396e-14 2.7698656141e-14 3.0560464811e-14 4.3861384441e-15
4.5599365234e+02 6.2736433276e-14 2.7474377127e-14 3.0866402648e-14 4.3956535015e-15
4.5605468750e+02 6.2335926223e-14 2.7261698786e-14 3.0706745557e-14 4.3674818796e-15
4.5611572266e+02 6.2035501681e-14 2.7231321085e-14 3.0431040523e-14 4.3731400733e-15
4.5617675781e+02 6.2396546474e-14 2.7572985075e-14 3.0409412053e-14 4.4141493458e-15
4.5623779297e+02 6.2591268616e-14 2.7449114176e-14 3.0748532812e-14 4.3936216286e-15
4.5629882812e+02 6.1777261074e-14 2.7226449040e-14 3.0152709002e-14 4.3981030317e-15
4.5635986328e+02 6.2045750329e-14 2.7495514577e-14 3.0068413569e-14 4.4818221827e-15
4.5642089844e+02 6.2208635360e-14 2.7368764212e-14 3.0410407047e-14 4.4294641016e-15
4.5648193359e+02 6.2296905259e-14 2.7310738021e-14 3.0601069159e-14 4.3850980781e-15
4.5654296875e+02 6.1554445909e-14 2.7133630640e-14 3.0011485783e-14 4.4093294859e-15
4.5660400391e+02 6.1822117022e-14 2.7034342921e-14 3.0381468645e-14 4.4063054557e-15
4.5666503906e+02 6.2512015961e-14 2.7289387119e-14 3.0799547057e-14 4.4230817846e-15
4.5672607422e+02 6.2283454631e-14 2.7321634933e-14 3.0559817551e-14 4.4020021469e-15
4.5678710938e+02 6.2276174772e-14 2.7468880601e-14 3.0422859317e-14 4.3844348540e-15
4.5684814453e+02 6.2399383763e-14 2.7449980245e-14 3.0559129182e-14 4.3902743358e-15
4.5690917969e+02 6.2845219667e-14 2.7523641949e-14 3.0890035942e-14 4.4315417756e-15
4.5697021484e+02 6.2555695182e-14 2.7756940292e-14 3.0356623055e-14 4.4421318355e-15
4.5703125000e+02 6.2418309126e-14 2.7699588047e-14 3.0261972093e-14 4.4567489859e-15
4.5709228516e+02 6.2272323395e-14 2.7456533059e-14 3.0399486580e-14 4.4163037568e-15
4.5715332031e+02 6.2409512344e-14 2.7682690136e-14 3.0299440589e-14 4.4273816192e-15
4.5721435547e+02 6.2036832495e-14 2.7146306273e-14 3.0444488897e-14 4.4460373247e-15
4.5727539062e+02 6.1698368749e-14 2.7012609967e-14 3.0271159340e-14 4.4145994414e-15
4.5733642578e+02 6.1743928163e-14 2.7213012906e-14 3.0141796454e-14 4.3891188027e-15
4.5739746094e+02 6.2277457969e-14 2.7355801241e-14 3.0511345827e-14 4.4103109004e-15
4.5745849609e+02 6.2410519414e-14 2.7307977622e-14 3.0706079580e-14 4.3964622118e-15
4.5751953125e+02 6.2339400830e-14 2.6940614753e-14 3.0954863379e-14 4.4439226982e-15
4.5758056641e+02 6.2069648352e-14 2.7154688123e-14 3.0472188283e-14 4.4427719451e-15
4.5764160156e+02 6.1880185614e-14 2.7277656022e-14 3.0196411552e-14 4.4061180398e-15
4.5770263672e+02 6.1723890114e-14 2.6712415129e-14 3.0584422686e-14 4.4270522986e-15
4.5776367188e+02 6.1962458918e-14 2.7209187500e-14 3.0315637920e-14 4.4376334982e-15
4.5782470703e+02 6.1802497145e-14 2.7329151341e-14 3.0010881928e-14 4.4624638765e-15
4.5788574219e+02 6.2027373568e-14 2.7508115821e-14 3.0077961142e-14 4.4412966049e-15
4.5794677734e+02 6.1780216285e-14 2.7141529388e-14 3.0220329897e-14 4.4183569998e-15
4.5800781250e+02 6.1486666173e-14 2.6638038663e-14 3.0445824009e-14 4.4028035010e-15
4.5806884766e+02 6.1382398078e-14 2.7046660731e-14 2.9965116619e-14 4.3706207273e-15
4.5812988281e+02 6.2677725108e-14 2.7506841067e-14 3.0757716205e-14 4.4131678363e-15
4.5819091797e+02 6.2570490914e-14 2.7436036073e-14 3.0721851559e-14 4.4126032817e-15
4.5825195312e+02 6.1714669815e-14 2.7181705869e-14 3.0148222239e-14 4.3847417065e-15
4.5831298828e+02 6.2102674013e-14 2.7264605173e-14 3.0465590295e-14 4.3724785449e-15
4.5837402344e+02 6.1165518327e-14 2.6758120802e-14 3.0052508260e-14 4.3548892644e-15
4.5843505859e+02 6.1723141752e-14 2.6814991945e-14 3.0560427775e-14 4.3477220316e-15
4.5849609375e+02 6.2399415781e-14 2.7149818649e-14 3.0850027943e-14 4.3995691887e-15
4.5855712891e+02 6.2088289847e-14 2.7415712419e-14 3.0259565863e-14 4.4130115659e-15
4.5861816406e+02 6.1816950788e-14 2.7093789205e-14 3.0319971765e-14 4.4031898181e-15
4.5867919922e+02 6.0904072033e-14 2.6677494947e-14 2.9805018324e-14 4.4215587623e-15
4.5874023438e+02 6.1377607113e-14 2.6909248408e-14 3.0060551979e-14 4.4078067262e-15
4.5880126953e+02 6.2188939452e-14 2.7289073650e-14 3.0574475239e-14 4.3253905633e-15
4.5886230469e+02 6.2034644969e-14 2.7371234025e-14 3.0317497351e-14 4.3459135931e-15
4.5892333984e+02 6.1920643312e-14 2.7473109371e-14 3.0039737664e-14 4.4077962775e-15
4.5898437500e+02 6.1979596241e-14 2.7360194065e-14 3.0228365918e-14 4.3910362578e-15
4.5904541016e+02 6.2787977004e-14 2.7684524455e-14 3.0722216722e-14 4.3812358265e-15
4.5910644531e+02 6.2345316930e-14 2.7286062173e-14 3.0666554768e-14 4.3926999898e-15
4.5916748047e+02 6.1964347850e-14 2.6892772751e-14 3.0745890710e-14 4.3256843888e-15
4.5922851562e+02 6.2054238535e-14 2.7093474206e-14 3.0613313996e-14 4.3474503326e-15
4.5928955078e+02 6.1358445215e-14 2.7263031122e-14 2.9718587078e-14 4.3768270149e-15
4.5935058594e+02 6.2093340812e-14 2.7190945100e-14 3.0521993188e-14 4.3804025237e-15
4.5941162109e+02 6.2446056264e-14 2.7397573577e-14 3.0707464593e-14 4.3410180938e-15
4.5947265625e+02 6.1934002100e-14 2.7297321118e-14 3.0298988102e-14 4.3376928801e-15
4.5953369141e+02 6.1460551230e-14 2.6798136577e-14 3.0302472836e-14 4.3599418165e-15
4.5959472656e+02 6.1490420777e-14 2.6775314460e-14 3.0357813076e-14 4.3572932407e-15
4.5965576172e+02 6.1549963713e-14 2.7014032543e-14 3.0189529802e-14 4.3464013685e-15
4.5971679688e+02 6.1911126773e-14 2.7173098030e-14 3.0388713266e-14 4.3493154773e-15
4.5977783203e+02 6.2588461978e-14 2.7427036619e-14 3.0766936705e-14 4.3944886548e-15
4.5983886719e+02 6.1834904334e-14 2.7222478763e-14 3.0236336956e-14 4.3760886160e-15
4.5989990234e+02 6.1968705154e-14 2.7481676521e-14 3.0121294903e-14 4.3657337293e-15
4.5996093750e+02 6.1677228408e-14 2.7053924343e-14 3.0237865573e-14 4.3854384926e-15
4.6002197266e+02 6.2134067656e-14 2.7113299644e-14 3.0612219166e-14 4.4085488462e-15
4.6008300781e+02 6.2306277350e-14 2.7227881163e-14 3.0667309439e-14 4.4110867485e-15
4.6014404297e+02 6.1436198415e-14 2.6974960213e-14 3.0049183806e-14 4.4120543963e-15
4.6020507812e+02 6.1439285094e-14 2.6884584693e-14 3.0110399638e-14 4.4443007626e-15
4.6026611328e+02 6.2545237355e-14 2.7472983162e-14 3.0677201050e-14 4.3950531430e-15
4.6032714844e+02 6.1823230658e-14 2.7288144755e-14 3.0160493948e-14 4.3745919546e-15
4.6038818359e+02 6.1213029916e-14 2.6496316701e-14 3.0329257799e-14 4.3874554156e-15
4.6044921875e+02 6.2084149207e-14 2.7263608329e-14 3.0430847073e-14 4.3896938049e-15
4.6051025391e+02 6.1351715089e-14 2.7057407768e-14 2.9920210221e-14 4.3740970997e-15
4.6057128906e+02 6.1176116725e-14 2.6627055833e-14 3.0192006203e-14 4.3570546887e-15
4.6063232422e+02 6.1312069691e-14 2.6697910373e-14 3.0222570358e-14 4.3915889599e-15
4.6069335938e+02 6.1827831742e-14 2.6994277075e-14 3.0426218265e-14 4.4073364015e-15
4.6075439453e+02 6.2458892228e-14 2.7335288250e-14 3.0746835614e-14 4.3767683637e-15
4.6081542969e+02 6.2262770017e-14 2.7589380852e-14 3.0323345501e-14 4.3500436641e-15
4.6087646484e+02 6.1427647265e-14 2.7010380312e-14 3.0059891970e-14 4.3573749831e-15
4.6093750000e+02 6.1045073095e-14 2.6902795122e-14 2.9750480031e-14 4.3917979410e-15
4.6099853516e+02 6.1519307093e-14 2.7390093078e-14 2.9717636918e-14 4.4115770976e-15
4.6105957031e+02 6.1686485305e-14 2.7093415224e-14 3.0177983658e-14 4.4150864228e-15
4.6112060547e+02 6.1078116562e-14 2.6868829412e-14 2.9802400004e-14 4.4068871469e-15
4.6118164062e+02 6.1094835874e-14 2.7214062632e-14 2.9500754021e-14 4.3800192205e-15
4.6124267578e+02 6.1062920392e-14 2.7127921347e-14 2.9522663013e-14 4.4123360318e-15
4.6130371094e+02 6.1736681855e-14 2.7026818212e-14 3.0315541646e-14 4.3943219970e-15
4.6136474609e+02 6.1816582216e-14 2.7026034215e-14 3.0415271015e-14 4.3752769866e-15
4.6142578125e+02 6.2272017160e-14 2.7333740323e-14 3.0586276880e-14 4.3519999561e-15
4.6148681641e+02 6.1497639053e-14 2.6760970776e-14 3.0385065069e-14 4.3516032082e-15
4.6154785156e+02 6.2006894941e-14 2.7110879550e-14 3.0501997727e-14 4.3940176643e-15
4.6160888672e+02 6.2897788374e-14 2.7787798653e-14 3.0689238736e-14 4.4207509860e-15
4.6166992188e+02 6.2557289539e-14 2.7452805896e-14 3.0714557962e-14 4.3899256809e-15
4.6173095703e+02 6.1387097473e-14 2.7354322402e-14 2.9591724901e-14 4.4410501697e-15
4.6179199219e+02 6.2563653270e-14 2.7781170005e-14 3.0341212750e-14 4.4412705160e-15
4.6185302734e+02 6.2165751813e-14 2.7244764633e-14 3.0533612532e-14 4.3873746481e-15
4.6191406250e+02 6.1685622821e-14 2.7120284485e-14 3.0147953931e-14 4.4173844045e-15
4.6197509766e+02 6.1313083002e-14 2.7276508392e-14 2.9584598868e-14 4.4519757424e-15
4.6203613281e+02 6.1047309042e-14 2.6872724411e-14 2.9748204609e-14 4.4263800216e-15
4.6209716797e+02 6.0707200580e-14 2.6646350039e-14 2.9666560072e-14 4.3942904685e-15
4.6215820312e+02 6.1642416991e-14 2.7134247991e-14 3.0084816374e-14 4.4233526263e-15
4.6221923828e+02 6.1768060411e-14 2.7100820296e-14 3.0248354106e-14 4.4188860098e-15
4.6228027344e+02 6.1891591035e-14 2.7038939575e-14 3.0444864347e-14 4.4077871130e-15
4.6234130859e+02 6.2063526710e-14 2.6684551471e-14 3.0989302308e-14 4.3896729310e-15
4.6240234375e+02 6.1985604771e-14 2.6657986055e-14 3.0929028855e-14 4.3985898617e-15
4.6246337891e+02 6.1529881447e-14 2.6829399881e-14 3.0310337035e-14 4.3901445311e-15
4.6252441406e+02 6.1425429286e-14 2.7198973482e-14 2.9829914815e-14 4.3965409881e-15
4.6258544922e+02 6.1609474741e-14 2.7093232815e-14 3.0110932769e-14 4.4053091563e-15
4.6264648438e+02 6.1865982317e-14 2.7420903833e-14 3.0058668437e-14 4.3864100474e-15
4.6270751953e+02 6.2091043062e-14 2.7399245879e-14 3.0356309652e-14 4.3354875310e-15
4.6276855469e+02 6.1167030473e-14 2.6854543418e-14 2.9965616458e-14 4.3468705967e-15
4.6282958984e+02 6.1138982041e-14 2.6827515772e-14 2.9944300145e-14 4.3671661237e-15
4.6289062500e+02 6.1431849328e-14 2.7132092599e-14 2.9911806806e-14 4.3879499227e-15
4.6295166016e+02 6.1288544501e-14 2.7269255365e-14 2.9661274345e-14 4.3580147908e-15
4.6301269531e+02 6.0874736269e-14 2.6908937655e-14 2.9611586306e-14 4.3542123075e-15
4.6307373047e+02 6.0818808122e-14 2.6827046840e-14 2.9651947349e-14 4.3398139337e-15
4.6313476562e+02 6.0967132574e-14 2.7016224947e-14 2.9594645562e-14 4.3562620655e-15
4.6319580078e+02 6.1174514597e-14 2.7045855426e-14 2.9734475857e-14 4.3941833149e-15
4.6325683594e+02 6.1653969563e-14 2.6932840626e-14 3.0323861027e-14 4.3972679099e-15
4.6331787109e+02 6.1842799770e-14 2.7284701589e-14 3.0181270782e-14 4.3768273993e-15
4.6337890625e+02 6.1823239675e-14 2.7235751373e-14 3.0192622864e-14 4.3948654382e-15
4.6343994141e+02 6.2253814535e-14 2.7122663761e-14 3.0706772977e-14 4.4243777971e-15
4.6350097656e+02 6.1643760198e-14 2.6730986117e-14 3.0501020791e-14 4.4117532890e-15
4.6356201172e+02 6.1801360372e-14 2.7134993422e-14 3.0248274480e-14 4.4180924706e-15
4.6362304688e+02 6.0892332790e-14 2.6997585200e-14 2.9510072484e-14 4.3846751060e-15
4.6368408203e+02 6.0857013865e-14 2.6743443497e-14 2.9702994231e-14 4.4105761376e-15
4.6374511719e+02 6.1066405064e-14 2.6683001436e-14 2.9967906286e-14 4.4154973424e-15
4.6380615234e+02 6.1068889874e-14 2.6969196070e-14 2.9705940456e-14 4.3937533483e-15
4.6386718750e+02 6.1486396763e-14 2.6943597083e-14 3.0147957047e-14 4.3948426330e-15
4.6392822266e+02 6.1736459058e-14 2.7074383305e-14 3.0263227969e-14 4.3988477835e-15
4.6398925781e+02 6.1471835595e-14 2.6901781993e-14 3.0200708710e-14 4.3693448912e-15
4.6405029297e+02 6.1789342988e-14 2.6941036346e-14 3.0486722169e-14 4.3615844731e-15
4.6411132812e+02 6.1565606216e-14 2.7077480637e-14 3.0134445408e-14 4.3536801710e-15
4.6417236328e+02 6.1065751571e-14 2.6745654863e-14 2.9975545130e-14 4.3445515787e-15
4.6423339844e+02 6.0600239464e-14 2.6535800475e-14 2.9694583700e-14 4.3698552887e-15
4.6429443359e+02 6.1268486136e-14 2.6541412988e-14 3.0367761695e-14 4.3593114523e-15
4.6435546875e+02 6.2268469900e-14 2.7118815618e-14 3.0769048179e-14 4.3806061029e-15
4.6441650391e+02 6.2609653995e-14 2.7407150944e-14 3.0806259686e-14 4.3962433649e-15
4.6447753906e+02 6.1820046514e-14 2.7111687309e-14 3.0317106962e-14 4.3912522425e-15
4.6453857422e+02 6.1331345374e-14 2.6925176614e-14 3.0030016174e-14 4.3761525862e-15
4.6459960938e+02 6.1107225667e-14 2.7138468944e-14 2.9579547701e-14 4.3892090220e-15
4.6466064453e+02 6.1217707475e-14 2.7264706215e-14 2.9565064522e-14 4.3879367383e-15
4.6472167969e+02 6.1527113477e-14 2.7265202392e-14 2.9852039514e-14 4.4098715705e-15
4.6478271484e+02 6.1647139263e-14 2.6956372351e-14 3.0257829449e-14 4.4329374633e-15
4.6484375000e+02 6.1285367666e-14 2.6712957711e-14 3.0176288408e-14 4.3961215465e-15
4.6490478516e+02 6.1398854939e-14 2.6947746197e-14 3.0075189920e-14 4.3759188220e-15
4.6496582031e+02 6.1677813497e-14 2.7174282147e-14 3.0110058262e-14 4.3934730891e-15
4.6502685547e+02 6.1568371676e-14 2.7213564714e-14 2.9937773219e-14 4.4170337436e-15
4.6508789062e+02 6.1330433069e-14 2.6785636759e-14 3.0073372570e-14 4.4714237403e-15
4.6514892578e+02 6.1728541388e-14 2.6942858233e-14 3.0374024594e-14 4.4116585610e-15
4.6520996094e+02 6.1299786031e-14 2.6957994102e-14 2.9957748956e-14 4.3840429727e-15
4.6527099609e+02 6.1717434019e-14 2.6991411399e-14 3.0272277416e-14 4.4537452040e-15
4.6533203125e+02 6.2726814358e-14 2.7465366266e-14 3.0866940715e-14 4.3945073768e-15
4.6539306641e+02 6.2343713451e-14 2.7401637659e-14 3.0551710504e-14 4.3903652879e-15
4.6545410156e+02 6.1427827311e-14 2.6930255881e-14 3.0099965364e-14 4.3976060658e-15
4.6551513672e+02 6.0869960549e-14 2.6512486748e-14 2.9981399211e-14 4.3760745899e-15
4.6557617188e+02 6.1307326763e-14 2.6999811869e-14 2.9913144615e-14 4.3943702790e-15
4.6563720703e+02 6.1442834352e-14 2.7535988880e-14 2.9507241093e-14 4.3996043780e-15
4.6569824219e+02 6.1104685115e-14 2.7363811636e-14 2.9385123864e-14 4.3557496146e-15
4.6575927734e+02 6.0757833520e-14 2.6774447705e-14 2.9582568392e-14 4.4008174221e-15
4.6582031250e+02 6.0592247395e-14 2.6616231215e-14 2.9576416116e-14 4.3996000639e-15
4.6588134766e+02 6.0769491642e-14 2.6743991170e-14 2.9660061379e-14 4.3654390928e-15
4.6594238281e+02 6.1672154603e-14 2.7090607207e-14 3.0211029544e-14 4.3705178524e-15
4.6600341797e+02 6.1092564108e-14 2.6820722260e-14 2.9888989959e-14 4.3828518889e-15
4.6606445312e+02 6.1635520830e-14 2.7317707293e-14 2.9929895858e-14 4.3879176794e-15
4.6612548828e+02 6.1605369488e-14 2.7295875194e-14 2.9928678226e-14 4.3808160680e-15
4.6618652344e+02 6.2044589216e-14 2.7099442283e-14 3.0528233395e-14 4.4169135381e-15
4.6624755859e+02 6.2064108028e-14 2.7049338844e-14 3.0625493891e-14 4.3892752933e-15
4.6630859375e+02 6.1759391652e-14 2.7221941662e-14 3.0189948911e-14 4.3475010790e-15
4.6636962891e+02 6.0830432875e-14 2.6955323537e-14 2.9479318380e-14 4.3957909577e-15
4.6643066406e+02 6.0118802491e-14 2.6482168839e-14 2.9236364767e-14 4.4002688852e-15
4.6649169922e+02 6.0796116304e-14 2.6967620257e-14 2.9424780685e-14 4.4037153631e-15
4.6655273438e+02 6.1295606919e-14 2.6839447866e-14 3.0039895401e-14 4.4162636517e-15
4.6661376953e+02 6.1538096992e-14 2.7061672622e-14 3.0088447777e-14 4.3879765932e-15
4.6667480469e+02 6.1532328507e-14 2.6958767212e-14 3.0197033988e-14 4.3765273072e-15
4.6673583984e+02 6.1062258201e-14 2.6743909575e-14 2.9945997596e-14 4.3723510306e-15
4.6679687500e+02 6.1117644138e-14 2.6663635634e-14 3.0070221519e-14 4.3837869841e-15
4.6685791016e+02 6.1339831158e-14 2.6814946859e-14 3.0138337008e-14 4.3865472908e-15
4.6691894531e+02 6.1105916717e-14 2.6914356525e-14 2.9805796600e-14 4.3857635914e-15
4.6697998047e+02 6.0537697958e-14 2.6681782915e-14 2.9460489783e-14 4.3954252598e-15
4.6704101562e+02 6.1156727895e-14 2.6769493624e-14 3.0024562701e-14 4.3626715707e-15
4.6710205078e+02 6.2028370928e-14 2.7426082834e-14 3.0221780725e-14 4.3805073685e-15
4.6716308594e+02 6.2083037442e-14 2.7536356781e-14 3.0111971531e-14 4.4347091301e-15
4.6722412109e+02 6.1586416516e-14 2.7252250072e-14 2.9932546973e-14 4.4016194711e-15
4.6728515625e+02 6.1121022167e-14 2.6912284701e-14 2.9822238153e-14 4.3864993134e-15
4.6734619141e+02 6.1141415728e-14 2.6846611341e-14 2.9942424319e-14 4.3523800675e-15
4.6740722656e+02 6.1375088508e-14 2.6786266021e-14 3.0195430847e-14 4.3933916407e-15
4.6746826172e+02 6.1190213269e-14 2.6660597816e-14 3.0153032508e-14 4.3765829459e-15
4.6752929688e+02 6.1481531200e-14 2.6842889117e-14 3.0239243679e-14 4.3993984037e-15
4.6759033203e+02 6.2572334344e-14 2.7351466341e-14 3.0801461795e-14 4.4194062081e-15
4.6765136719e+02 6.2314664811e-14 2.7136034290e-14 3.0776533659e-14 4.4020968615e-15
4.6771240234e+02 6.1964174897e-14 2.6759200007e-14 3.0771878327e-14 4.4330965624e-15
4.6777343750e+02 6.1714524632e-14 2.6816471374e-14 3.0469878512e-14 4.4281747462e-15
4.6783447266e+02 6.1500224398e-14 2.6948778739e-14 3.0097299231e-14 4.4541464275e-15
4.6789550781e+02 6.1219101490e-14 2.6920885765e-14 2.9904789459e-14 4.3934262659e-15
4.6795654297e+02 6.0892132310e-14 2.6896862565e-14 2.9622481009e-14 4.3727887351e-15
4.6801757812e+02 6.1471343881e-14 2.7350398605e-14 2.9720414435e-14 4.4005308415e-15
4.6807861328e+02 6.1965543509e-14 2.7577087854e-14 2.9960771427e-14 4.4276842284e-15
4.6813964844e+02 6.1630146842e-14 2.7054655001e-14 3.0167929563e-14 4.4075622783e-15
4.6820068359e+02 6.1566878446e-14 2.7012474364e-14 3.0181119314e-14 4.3732847690e-15
4.6826171875e+02 6.2338983211e-14 2.7369052923e-14 3.0572594770e-14 4.3973355177e-15
4.6832275391e+02 6.1390432520e-14 2.7011591565e-14 2.9993070871e-14 4.3857700838e-15
4.6838378906e+02 6.1255957467e-14 2.6819295651e-14 3.0020224136e-14 4.4164376808e-15
4.6844482422e+02 6.0829545430e-14 2.6456208994e-14 3.0023065266e-14 4.3502711707e-15
4.6850585938e+02 6.0544715314e-14 2.6541969755e-14 2.9668019972e-14 4.3347255869e-15
4.6856689453e+02 6.0897188050e-14 2.7132662858e-14 2.9405143525e-14 4.3593816665e-15
4.6862792969e+02 6.1059551595e-14 2.7058011580e-14 2.9646528131e-14 4.3550118839e-15
4.6868896484e+02 6.1926071617e-14 2.7219430403e-14 3.0326452770e-14 4.3801884430e-15
4.6875000000e+02 6.1217793973e-14 2.6908948679e-14 2.9878763992e-14 4.4300813022e-15
4.6881103516e+02 6.1301923513e-14 2.6846513882e-14 3.0029094444e-14 4.4263151874e-15
4.6887207031e+02 6.1360225156e-14 2.6736297429e-14 3.0195227743e-14 4.4286999832e-15
4.6893310547e+02 6.1154427037e-14 2.6406307345e-14 3.0371750456e-14 4.3763692361e-15
4.6899414062e+02 6.1193061913e-14 2.7028482687e-14 2.9731756757e-14 4.4328224694e-15
4.6905517578e+02 6.1364795214e-14 2.7192311040e-14 2.9713774633e-14 4.4587095408e-15
4.6911621094e+02 6.1634271337e-14 2.7233999709e-14 2.9980639415e-14 4.4196322135e-15
4.6917724609e+02 6.1127597934e-14 2.6873154793e-14 2.9851825283e-14 4.4026178587e-15
4.6923828125e+02 6.1386037734e-14 2.7022170465e-14 2.9969711496e-14 4.3941557731e-15
4.6929931641e+02 6.1073018886e-14 2.6845161764e-14 2.9838588613e-14 4.3892685090e-15
4.6936035156e+02 6.1083630602e-14 2.6885232223e-14 2.9787978266e-14 4.4104201128e-15
4.6942138672e+02 6.1579191293e-14 2.6949762025e-14 3.0212310930e-14 4.4171183374e-15
4.6948242188e+02 6.1427134109e-14 2.6880581129e-14 3.0185336472e-14 4.3612165080e-15
4.6954345703e+02 6.1299814486e-14 2.6964592207e-14 2.9938808916e-14 4.3964133630e-15
4.6960449219e+02 6.1085170301e-14 2.6595018572e-14 3.0062560371e-14 4.4275913579e-15
4.6966552734e+02 6.1246947319e-14 2.6412240488e-14 3.0424171933e-14 4.4105348980e-15
4.6972656250e+02 6.1172506155e-14 2.6679843598e-14 3.0061899920e-14 4.4307626370e-15
4.6978759766e+02 6.1693645750e-14 2.7053853140e-14 3.0190394520e-14 4.4493980893e-15
4.6984863281e+02 6.1665388392e-14 2.7144825456e-14 3.0126273832e-14 4.3942891043e-15
4.6990966797e+02 6.1409040098e-14 2.7102715645e-14 2.9949988941e-14 4.3563355108e-15
4.6997070312e+02 6.0808114694e-14 2.6908302721e-14 2.9498218106e-14 4.4015938672e-15
4.7003173828e+02 6.0727588800e-14 2.6946248448e-14 2.9378735791e-14 4.4026045617e-15
4.7009277344e+02 6.0957120871e-14 2.6741572544e-14 2.9834198881e-14 4.3813494457e-15
4.7015380859e+02 6.1430980864e-14 2.6851428507e-14 3.0208646962e-14 4.3709053951e-15
4.7021484375e+02 6.1805232357e-14 2.7357646353e-14 3.0102326536e-14 4.3452594673e-15
4.7027587891e+02 6.1292793552e-14 2.7311149576e-14 2.9612424356e-14 4.3692196197e-15
4.7033691406e+02 6.1394286939e-14 2.6991400152e-14 3.0025224274e-14 4.3776625128e-15
4.7039794922e+02 6.1411695353e-14 2.6781677656e-14 3.0219509999e-14 4.4105076978e-15
4.7045898438e+02 6.1471906520e-14 2.6796959449e-14 3.0234583269e-14 4.4403638021e-15
4.7052001953e+02 6.0982316571e-14 2.6839135178e-14 2.9720223414e-14 4.4229579781e-15
4.7058105469e+02 6.0819696916e-14 2.6864003395e-14 2.9534375643e-14 4.4213178781e-15
4.7064208984e+02 6.0495461506e-14 2.6742245060e-14 2.9370227628e-14 4.3829888173e-15
4.7070312500e+02 6.0832796115e-14 2.6682975504e-14 2.9803657404e-14 4.3461632069e-15
4.7076416016e+02 6.1583057692e-14 2.6893197813e-14 3.0294722142e-14 4.3951377369e-15
4.7082519531e+02 6.1490113262e-14 2.6948744758e-14 3.0120401194e-14 4.4209673106e-15
4.7088623047e+02 6.0260134401e-14 2.6552972099e-14 2.9290819654e-14 4.4163426482e-15
4.7094726562e+02 6.0336317538e-14 2.6523025999e-14 2.9431407794e-14 4.3818837457e-15
4.7100830078e+02 6.1165483852e-14 2.6728876403e-14 3.0051199743e-14 4.3854077065e-15
4.7106933594e+02 6.1095608118e-14 2.6761933622e-14 2.9901133978e-14 4.4325405178e-15
4.7113037109e+02 6.1582014619e-14 2.7038882772e-14 3.0123826459e-14 4.4193053885e-15
4.7119140625e+02 6.1991032513e-14 2.7398546871e-14 3.0211571479e-14 4.3809141631e-15
4.7125244141e+02 6.1876215400e-14 2.7171279399e-14 3.0299059156e-14 4.4058768448e-15
4.7131347656e+02 6.1531871479e-14 2.6876401853e-14 3.0250547715e-14 4.4049219106e-15
4.7137451172e+02 6.1148581051e-14 2.6826890130e-14 2.9942852060e-14 4.3788388606e-15
4.7143554688e+02 6.0773544794e-14 2.6612438071e-14 2.9756443656e-14 4.4046630669e-15
4.7149658203e+02 6.0867823635e-14 2.6623104381e-14 2.9874033348e-14 4.3706859068e-15
4.7155761719e+02 6.1464832322e-14 2.6761075528e-14 3.0284858525e-14 4.4188982690e-15
4.7161865234e+02 6.1556459653e-14 2.7045779597e-14 3.0056220240e-14 4.4544598163e-15
4.7167968750e+02 6.1130532963e-14 2.6810591699e-14 2.9861801451e-14 4.4581398127e-15
4.7174072266e+02 6.0973964319e-14 2.6714223194e-14 2.9815387194e-14 4.4443539307e-15
4.7180175781e+02 6.0936881520e-14 2.6669812579e-14 2.9877660721e-14 4.3894082210e-15
4.7186279297e+02 6.1321562761e-14 2.7113907209e-14 2.9829091460e-14 4.3785640914e-15
4.7192382812e+02 6.1064166763e-14 2.7082398716e-14 2.9617171288e-14 4.3645967588e-15
4.7198486328e+02 6.0534294341e-14 2.6834964506e-14 2.9346509376e-14 4.3528204593e-15
4.7204589844e+02 6.0457578441e-14 2.6533789926e-14 2.9550823543e-14 4.3729649718e-15
4.7210693359e+02 6.0464657968e-14 2.6218052928e-14 2.9872699318e-14 4.3739057230e-15
4.7216796875e+02 6.1270052499e-14 2.6749995945e-14 3.0185227024e-14 4.3348295293e-15
4.7222900391e+02 6.0964396673e-14 2.6638344286e-14 2.9969470302e-14 4.3565820846e-15
4.7229003906e+02 6.1664237378e-14 2.6758082255e-14 3.0543360053e-14 4.3627950698e-15
4.7235107422e+02 6.0856808596e-14 2.6686482063e-14 2.9769151618e-14 4.4011749147e-15
4.7241210938e+02 6.0559675695e-14 2.6723721152e-14 2.9447429063e-14 4.3885254798e-15
4.7247314453e+02 6.0547855085e-14 2.6518142088e-14 2.9630035903e-14 4.3996770942e-15
4.7253417969e+02 6.0945305838e-14 2.6983256553e-14 2.9559045024e-14 4.4030042610e-15
4.7259521484e+02 6.1013178040e-14 2.6792443270e-14 2.9813409651e-14 4.4073251193e-15
4.7265625000e+02 6.1205383605e-14 2.6488539756e-14 3.0308729128e-14 4.4081147207e-15
4.7271728516e+02 6.0676033834e-14 2.6331051330e-14 2.9930245063e-14 4.4147374413e-15
4.7277832031e+02 6.0811260741e-14 2.6542793313e-14 2.9858259449e-14 4.4102079784e-15
4.7283935547e+02 6.0977686567e-14 2.6664234659e-14 2.9923060864e-14 4.3903910440e-15
4.7290039062e+02 6.1527284303e-14 2.6944219069e-14 3.0183622103e-14 4.3994431316e-15
4.7296142578e+02 6.1886523587e-14 2.7203742671e-14 3.0281115608e-14 4.4016653077e-15
4.7302246094e+02 6.0898553107e-14 2.6927088038e-14 2.9598438575e-14 4.3730264936e-15
4.7308349609e+02 6.0753902463e-14 2.6700152719e-14 2.9639125718e-14 4.4146240264e-15
4.7314453125e+02 6.0506911148e-14 2.6680202894e-14 2.9383996145e-14 4.4427121081e-15
4.7320556641e+02 6.1326033466e-14 2.6837848334e-14 3.0087772622e-14 4.4004125102e-15
4.7326660156e+02 6.0789536735e-14 2.6394663668e-14 3.0011190445e-14 4.3836826217e-15
4.7332763672e+02 6.0002585942e-14 2.6342545895e-14 2.9255265080e-14 4.4047749662e-15
4.7338867188e+02 6.0802220692e-14 2.6770350243e-14 2.9625400434e-14 4.4064700152e-15
4.7344970703e+02 6.0748962113e-14 2.6669847873e-14 2.9682819294e-14 4.3962949461e-15
4.7351074219e+02 6.1167780783e-14 2.6548428548e-14 3.0204386123e-14 4.4149661127e-15
4.7357177734e+02 6.1303418963e-14 2.6856297910e-14 2.9979601544e-14 4.4675195087e-15
4.7363281250e+02 6.1229208094e-14 2.6938661836e-14 2.9892058524e-14 4.3984877336e-15
4.7369384766e+02 6.0784798180e-14 2.6736506878e-14 2.9657148192e-14 4.3911431105e-15
4.7375488281e+02 6.1556093703e-14 2.6950064447e-14 3.0193100983e-14 4.4129282735e-15
4.7381591797e+02 6.1188767880e-14 2.7142417054e-14 2.9654835355e-14 4.3915154716e-15
4.7387695312e+02 6.1409646084e-14 2.6909571747e-14 3.0095091072e-14 4.4049832659e-15
4.7393798828e+02 6.1364341690e-14 2.6908431561e-14 3.0067072822e-14 4.3888373071e-15
4.7399902344e+02 6.0795102127e-14 2.6834438948e-14 2.9631519405e-14 4.3291437742e-15
4.7406005859e+02 6.1007165474e-14 2.6945930491e-14 2.9724020392e-14 4.3372145913e-15
4.7412109375e+02 6.1066817025e-14 2.6886632214e-14 2.9852089725e-14 4.3280950858e-15
4.7418212891e+02 6.0669165407e-14 2.6227658171e-14 3.0069709211e-14 4.3717980258e-15
4.7424316406e+02 5.9875296261e-14 2.6000059202e-14 2.9477823653e-14 4.3974134062e-15
4.7430419922e+02 5.9863070415e-14 2.6039653607e-14 2.9434868126e-14 4.3885486819e-15
4.7436523438e+02 6.0321989874e-14 2.6116566708e-14 2.9808830602e-14 4.3965925634e-15
4.7442626953e+02 6.0529664085e-14 2.6797789737e-14 2.9303098003e-14 4.4287763450e-15
4.7448730469e+02 6.0702816843e-14 2.6792892075e-14 2.9461288226e-14 4.4486365420e-15
4.7454833984e+02 6.0746680347e-14 2.6679581141e-14 2.9700257479e-14 4.3668417259e-15
4.7460937500e+02 6.1062834895e-14 2.6621526940e-14 3.0049035448e-14 4.3922725066e-15
4.7467041016e+02 6.1162341046e-14 2.7008856853e-14 2.9734076051e-14 4.4194081417e-15
4.7473144531e+02 6.0477485274e-14 2.6948472765e-14 2.9106361213e-14 4.4226512959e-15
4.7479248047e+02 6.1029675150e-14 2.7104930441e-14 2.9494245054e-14 4.4304996549e-15
4.7485351562e+02 6.0690617818e-14 2.6764249546e-14 2.9507077569e-14 4.4192907034e-15
4.7491455078e+02 6.0399195112e-14 2.6783548919e-14 2.9201855587e-14 4.4137906062e-15
4.7497558594e+02 6.0877518797e-14 2.6978552234e-14 2.9473438539e-14 4.4255280235e-15
4.7503662109e+02 6.1075104602e-14 2.6710248841e-14 2.9973735393e-14 4.3911203682e-15
4.7509765625e+02 6.0819817263e-14 2.6668269720e-14 2.9769992237e-14 4.3815553063e-15
4.7515869141e+02 6.0597801368e-14 2.6725524025e-14 2.9477848343e-14 4.3944289995e-15
4.7521972656e+02 6.1259355724e-14 2.6791844913e-14 3.0059320986e-14 4.4081898252e-15
4.7528076172e+02 6.1173035000e-14 2.6584757545e-14 3.0199565591e-14 4.3887118631e-15
4.7534179688e+02 6.0966894384e-14 2.6816644420e-14 2.9748484682e-14 4.4017652809e-15
4.7540283203e+02 6.1117764680e-14 2.6945542108e-14 2.9722152652e-14 4.4500699198e-15
4.7546386719e+02 6.0996073786e-14 2.6880808924e-14 2.9691644522e-14 4.4236203392e-15
4.7552490234e+02 6.0724854960e-14 2.6829743390e-14 2.9544505157e-14 4.3506064138e-15
4.7558593750e+02 6.0671193083e-14 2.6926388401e-14 2.9422904406e-14 4.3219002765e-15
4.7564697266e+02 6.0449526738e-14 2.6740735851e-14 2.9358834864e-14 4.3499560233e-15
4.7570800781e+02 6.0286445858e-14 2.6446654727e-14 2.9436310402e-14 4.4034807283e-15
4.7576904297e+02 6.0148030506e-14 2.6305980231e-14 2.9437042527e-14 4.4050077479e-15
4.7583007812e+02 6.0546963661e-14 2.6525045067e-14 2.9600801053e-14 4.4211175407e-15
4.7589111328e+02 6.1033791660e-14 2.6727214531e-14 2.9874068770e-14 4.4325083588e-15
4.7595214844e+02 6.1716859620e-14 2.7211686337e-14 3.0077027559e-14 4.4281457240e-15
4.7601318359e+02 6.1224441482e-14 2.6650261221e-14 3.0159684466e-14 4.4144957959e-15
4.7607421875e+02 6.1307762764e-14 2.6677847974e-14 3.0194703771e-14 4.4352110187e-15
4.7613525391e+02 6.1912923812e-14 2.7145128283e-14 3.0366371329e-14 4.4014241990e-15
4.7619628906e+02 6.1633694333e-14 2.6944257389e-14 3.0300497057e-14 4.3889398873e-15
4.7625732422e+02 6.1537455876e-14 2.6918224966e-14 3.0196122695e-14 4.4231082158e-15
4.7631835938e+02 6.1397511235e-14 2.6578173569e-14 3.0396508570e-14 4.4228290961e-15
4.7637939453e+02 6.1046487874e-14 2.6479645796e-14 3.0098599428e-14 4.4682426499e-15
4.7644042969e+02 6.1139427583e-14 2.6792662706e-14 2.9879732106e-14 4.4670327707e-15
4.7650146484e+02 6.0413757636e-14 2.6389133573e-14 2.9596907379e-14 4.4277166842e-15
4.7656250000e+02 6.0682820765e-14 2.6500466249e-14 2.9799610789e-14 4.3827437278e-15
4.7662353516e+02 6.1570755878e-14 2.7103887327e-14 3.0054227089e-14 4.4126414625e-15
4.7668457031e+02 6.1067400703e-14 2.7167246303e-14 2.9501856670e-14 4.3982977298e-15
4.7674560547e+02 6.0771448752e-14 2.6695882354e-14 2.9643671781e-14 4.4318946174e-15
4.7680664062e+02 6.0943454288e-14 2.6659079562e-14 2.9872891505e-14 4.4114832211e-15
4.7686767578e+02 6.0613192688e-14 2.6669809970e-14 2.9583407713e-14 4.3599750047e-15
4.7692871094e+02 6.0801183927e-14 2.7035240045e-14 2.9375449881e-14 4.3904940010e-15
4.7698974609e+02 6.0573141985e-14 2.6771892495e-14 2.9398955352e-14 4.4022941372e-15
4.7705078125e+02 6.0398102684e-14 2.6636271662e-14 2.9356320538e-14 4.4055104834e-15
4.7711181641e+02 6.1230253407e-14 2.6792079076e-14 3.0007568396e-14 4.4306059352e-15
4.7717285156e+02 6.1027357549e-14 2.6700512562e-14 2.9887152239e-14 4.4396927476e-15
4.7723388672e+02 6.0834799812e-14 2.6872268728e-14 2.9544284903e-14 4.4182461810e-15
4.7729492188e+02 6.0738022220e-14 2.6904626137e-14 2.9486354307e-14 4.3470417765e-15
4.7735595703e+02 6.0722400325e-14 2.7103845936e-14 2.9265872645e-14 4.3526817428e-15
4.7741699219e+02 6.0722229216e-14 2.6835947690e-14 2.9484173063e-14 4.4021084627e-15
4.7747802734e+02 6.1297115754e-14 2.6833253562e-14 3.0027304838e-14 4.4365573542e-15
4.7753906250e+02 6.1028614811e-14 2.6663523881e-14 2.9937978655e-14 4.4271122754e-15
4.7760009766e+02 6.0737580723e-14 2.6551674565e-14 2.9805379584e-14 4.3805265741e-15
4.7766113281e+02 6.0925886926e-14 2.6835680228e-14 2.9693156365e-14 4.3970503333e-15
4.7772216797e+02 6.1227001082e-14 2.6899632396e-14 2.9952894392e-14 4.3744742942e-15
4.7778320312e+02 6.0814386469e-14 2.6791298181e-14 2.9638876505e-14 4.3842117837e-15
4.7784423828e+02 6.0958212381e-14 2.7050447644e-14 2.9473314123e-14 4.4344506142e-15
4.7790527344e+02 6.0461729627e-14 2.6795956473e-14 2.9274301900e-14 4.3914712537e-15
4.7796630859e+02 6.0204421471e-14 2.6358450160e-14 2.9460073257e-14 4.3858980544e-15
4.7802734375e+02 6.1035975610e-14 2.6842404939e-14 2.9807053979e-14 4.3865166916e-15
4.7808837891e+02 6.1241022470e-14 2.6789570580e-14 3.0023266797e-14 4.4281850926e-15
4.7814941406e+02 6.0752746039e-14 2.6645069998e-14 2.9647352060e-14 4.4603239812e-15
4.7821044922e+02 6.1349260972e-14 2.7071079680e-14 2.9884752248e-14 4.3934290449e-15
4.7827148438e+02 6.1031910216e-14 2.7174112732e-14 2.9495985104e-14 4.3618123793e-15
4.7833251953e+02 6.1167660690e-14 2.7108295796e-14 2.9704291504e-14 4.3550733908e-15
4.7839355469e+02 6.0738439546e-14 2.6768750401e-14 2.9594672302e-14 4.3750168432e-15
4.7845458984e+02 6.0781149703e-14 2.6811106922e-14 2.9601747856e-14 4.3682949254e-15
4.7851562500e+02 6.0468666600e-14 2.6369449612e-14 2.9733982752e-14 4.3652342363e-15
4.7857666016e+02 6.0155566668e-14 2.6467468302e-14 2.9306614653e-14 4.3814837127e-15
4.7863769531e+02 6.0198993850e-14 2.6289968896e-14 2.9519268131e-14 4.3897568231e-15
4.7869873047e+02 6.0793491350e-14 2.6498107628e-14 2.9868093651e-14 4.4272900713e-15
4.7875976562e+02 6.0839559968e-14 2.6490744424e-14 2.9894460268e-14 4.4543552763e-15
4.7882080078e+02 6.0961317606e-14 2.6618477016e-14 2.9932409887e-14 4.4104307030e-15
4.7888183594e+02 6.0459003556e-14 2.6711703987e-14 2.9322519283e-14 4.4247802860e-15
4.7894287109e+02 6.0789257896e-14 2.6822569672e-14 2.9573131219e-14 4.3935570050e-15
4.7900390625e+02 6.0818780643e-14 2.6840649052e-14 2.9618757064e-14 4.3593745272e-15
4.7906494141e+02 6.0542842300e-14 2.6501733528e-14 2.9666808529e-14 4.3743002423e-15
4.7912597656e+02 6.0410266509e-14 2.6501408439e-14 2.9450067534e-14 4.4587905361e-15
4.7918701172e+02 6.0528252731e-14 2.6638035016e-14 2.9442145401e-14 4.4480723145e-15
4.7924804688e+02 6.0270233175e-14 2.6578167986e-14 2.9300001661e-14 4.3920635281e-15
4.7930908203e+02 6.0643257499e-14 2.6274927306e-14 2.9978372398e-14 4.3899577949e-15
4.7937011719e+02 6.0491856141e-14 2.6281943326e-14 2.9788943596e-14 4.4209692199e-15
4.7943115234e+02 6.0245470541e-14 2.6148512941e-14 2.9705326339e-14 4.3916312603e-15
4.7949218750e+02 6.0127270553e-14 2.6457047441e-14 2.9296866327e-14 4.3733567851e-15
4.7955322266e+02 6.0897542157e-14 2.6758505020e-14 2.9748680901e-14 4.3903562360e-15
4.7961425781e+02 6.0250645708e-14 2.6586098016e-14 2.9282798068e-14 4.3817496248e-15
4.7967529297e+02 6.0415775231e-14 2.6643553512e-14 2.9356475763e-14 4.4157459564e-15
4.7973632812e+02 6.0251676412e-14 2.6625371536e-14 2.9240733686e-14 4.3855711900e-15
4.7979736328e+02 6.0224387550e-14 2.6489774232e-14 2.9353850708e-14 4.3807626103e-15
4.7985839844e+02 6.0600661799e-14 2.6547656608e-14 2.9655591523e-14 4.3974136676e-15
4.7991943359e+02 6.0657581484e-14 2.6684983229e-14 2.9612287717e-14 4.3603105376e-15
4.7998046875e+02 6.1104896874e-14 2.6976075267e-14 2.9735629402e-14 4.3931922043e-15
4.8004150391e+02 6.1097609763e-14 2.7007789869e-14 2.9679577447e-14 4.4102424468e-15
4.8010253906e+02 6.1151937683e-14 2.7135301022e-14 2.9636608578e-14 4.3800280833e-15
4.8016357422e+02 6.0981485773e-14 2.6798371813e-14 2.9841802722e-14 4.3413112377e-15
4.8022460938e+02 6.0712708523e-14 2.6854817451e-14 2.9502841496e-14 4.3550495772e-15
4.8028564453e+02 6.1416525324e-14 2.7283252623e-14 2.9773815725e-14 4.3594569763e-15
4.8034667969e+02 6.1657597662e-14 2.7116452498e-14 3.0117334128e-14 4.4238110361e-15
4.8040771484e+02 6.1268522496e-14 2.6844445673e-14 2.9989375831e-14 4.4347009917e-15
4.8046875000e+02 6.1120755592e-14 2.7136952144e-14 2.9565810203e-14 4.4179932453e-15
4.8052978516e+02 6.1076750258e-14 2.6970454845e-14 2.9706002395e-14 4.4002930188e-15
4.8059082031e+02 6.0831528321e-14 2.6569872884e-14 2.9864840195e-14 4.3968152420e-15
4.8065185547e+02 6.0848377090e-14 2.6226444442e-14 3.0242886606e-14 4.3790460422e-15
4.8071289062e+02 6.0155310019e-14 2.6132196371e-14 2.9652944712e-14 4.3701689363e-15
4.8077392578e+02 6.0286465127e-14 2.6506807517e-14 2.9426749459e-14 4.3529081512e-15
4.8083496094e+02 6.0605603470e-14 2.6683002810e-14 2.9595571264e-14 4.3270293969e-15
4.8089599609e+02 6.0538811141e-14 2.6773703611e-14 2.9378756175e-14 4.3863513551e-15
4.8095703125e+02 6.0919477093e-14 2.7032671864e-14 2.9471726918e-14 4.4150783123e-15
4.8101806641e+02 6.1308126111e-14 2.6952892729e-14 2.9969133559e-14 4.3860998227e-15
4.8107910156e+02 6.0923453631e-14 2.6705977910e-14 2.9775343059e-14 4.4421326624e-15
4.8114013672e+02 6.0639821238e-14 2.6718576940e-14 2.9492220129e-14 4.4290241682e-15
4.8120117188e+02 6.0947525808e-14 2.6284724954e-14 3.0266656244e-14 4.3961446100e-15
4.8126220703e+02 6.1538697887e-14 2.6717882615e-14 3.0437689823e-14 4.3831254487e-15
4.8132324219e+02 6.1120068959e-14 2.6863462766e-14 2.9852506488e-14 4.4040997044e-15
4.8138427734e+02 6.0646060108e-14 2.6365483585e-14 2.9902609540e-14 4.3779669828e-15
4.8144531250e+02 6.1178881282e-14 2.6553356387e-14 3.0218304538e-14 4.4072203573e-15
4.8150634766e+02 6.0768939629e-14 2.6466705285e-14 2.9899877038e-14 4.4023573054e-15
4.8156738281e+02 6.0170373123e-14 2.6106292329e-14 2.9668633050e-14 4.3954477437e-15
4.8162841797e+02 6.0305675348e-14 2.6250010903e-14 2.9660402858e-14 4.3952615868e-15
4.8168945312e+02 6.0867946232e-14 2.6797763907e-14 2.9668767525e-14 4.4014148011e-15
4.8175048828e+02 6.0039573329e-14 2.6304309727e-14 2.9342075531e-14 4.3931880709e-15
4.8181152344e+02 6.0264774644e-14 2.6258024116e-14 2.9613133224e-14 4.3936173037e-15
4.8187255859e+02 6.0416553511e-14 2.6224567353e-14 2.9770128586e-14 4.4218575715e-15
4.8193359375e+02 6.0999048547e-14 2.6855808234e-14 2.9747008930e-14 4.3962313842e-15
4.8199462891e+02 6.1150136391e-14 2.7142677798e-14 2.9594090588e-14 4.4133680047e-15
4.8205566406e+02 6.0071420672e-14 2.6575189186e-14 2.9064910111e-14 4.4313213749e-15
4.8211669922e+02 6.0317826569e-14 2.6575093976e-14 2.9345791313e-14 4.3969412801e-15
4.8217773438e+02 6.0554537766e-14 2.6962547749e-14 2.9243949136e-14 4.3480408812e-15
4.8223876953e+02 6.0871282629e-14 2.6872996458e-14 2.9677353828e-14 4.3209323436e-15
4.8229980469e+02 6.0506577310e-14 2.6476140137e-14 2.9624719275e-14 4.4057178982e-15
4.8236083984e+02 6.0190196848e-14 2.6480186278e-14 2.9268645176e-14 4.4413653939e-15
4.8242187500e+02 6.0407126564e-14 2.6545976364e-14 2.9441839507e-14 4.4193106927e-15
4.8248291016e+02 6.0710867676e-14 2.6708977383e-14 2.9630848415e-14 4.3710418788e-15
4.8254394531e+02 6.0926721262e-14 2.6662763346e-14 2.9903629200e-14 4.3603287149e-15
4.8260498047e+02 6.0331717297e-14 2.6632844177e-14 2.9314029439e-14 4.3848436817e-15
4.8266601562e+02 6.1267312152e-14 2.6897727394e-14 2.9989631683e-14 4.3799530739e-15
4.8272705078e+02 6.0748145488e-14 2.6338630401e-14 2.9974638264e-14 4.4348768239e-15
4.8278808594e+02 6.0922517970e-14 2.6692766373e-14 2.9748043541e-14 4.4817080568e-15
4.8284912109e+02 6.0569688807e-14 2.6588238430e-14 2.9545703432e-14 4.4357469449e-15
4.8291015625e+02 6.1066269316e-14 2.6900073834e-14 2.9773028295e-14 4.3931671864e-15
4.8297119141e+02 6.1559677838e-14 2.6838347573e-14 3.0347641555e-14 4.3736887096e-15
4.8303222656e+02 6.0903905255e-14 2.6584379174e-14 2.9923993264e-14 4.3955328168e-15
4.8309326172e+02 6.1360377636e-14 2.7164881688e-14 2.9798274129e-14 4.3972218186e-15
4.8315429688e+02 6.1236650125e-14 2.7190614404e-14 2.9674449400e-14 4.3715863213e-15
4.8321533203e+02 6.1025958440e-14 2.6785388450e-14 2.9859316045e-14 4.3812539452e-15
4.8327636719e+02 6.1008938701e-14 2.6730180243e-14 2.9883400950e-14 4.3953575078e-15
4.8333740234e+02 6.0950018335e-14 2.6692335442e-14 2.9875914872e-14 4.3817680209e-15
4.8339843750e+02 6.0841471880e-14 2.6724114837e-14 2.9706002205e-14 4.4113548375e-15
4.8345947266e+02 6.0410041815e-14 2.6441235238e-14 2.9566359057e-14 4.4024475197e-15
4.8352050781e+02 6.0562425286e-14 2.6369671473e-14 2.9803673832e-14 4.3890799804e-15
4.8358154297e+02 6.0325372745e-14 2.6115153077e-14 2.9816198928e-14 4.3940207404e-15
4.8364257812e+02 6.0479651735e-14 2.6529808458e-14 2.9574091061e-14 4.3757522165e-15
4.8370361328e+02 6.1053697661e-14 2.6860954726e-14 2.9827359081e-14 4.3653838543e-15
4.8376464844e+02 6.1450617212e-14 2.7282051736e-14 2.9804489169e-14 4.3640763070e-15
4.8382568359e+02 6.0739501520e-14 2.7069773502e-14 2.9311153910e-14 4.3585741086e-15
4.8388671875e+02 6.1110533908e-14 2.7099822976e-14 2.9653117925e-14 4.3575930066e-15
4.8394775391e+02 6.1415190091e-14 2.6902320636e-14 3.0149164851e-14 4.3637046043e-15
4.8400878906e+02 6.1250635379e-14 2.7074941980e-14 2.9808083302e-14 4.3676100976e-15
4.8406982422e+02 6.0861015566e-14 2.7142526857e-14 2.9386378949e-14 4.3321097592e-15
4.8413085938e+02 6.0667917690e-14 2.6821427986e-14 2.9465364829e-14 4.3811248747e-15
4.8419189453e+02 6.0816285590e-14 2.6844088177e-14 2.9581579582e-14 4.3906178302e-15
4.8425292969e+02 6.1690478902e-14 2.7065329619e-14 3.0266864732e-14 4.3582845508e-15
4.8431396484e+02 6.1561333055e-14 2.6872672044e-14 3.0309865067e-14 4.3787959439e-15
4.8437500000e+02 6.0764497214e-14 2.6798142778e-14 2.9537527087e-14 4.4288273487e-15
4.8443603516e+02 6.0978759343e-14 2.6693067282e-14 2.9874927996e-14 4.4107640650e-15
4.8449707031e+02 6.0311771523e-14 2.6493167262e-14 2.9452091627e-14 4.3665126340e-15
4.8455810547e+02 6.0566554355e-14 2.6455859808e-14 2.9726073681e-14 4.3846208661e-15
4.8461914062e+02 6.0970294151e-14 2.6899754846e-14 2.9684775307e-14 4.3857639992e-15
4.8468017578e+02 6.0519530499e-14 2.6716498581e-14 2.9422962877e-14 4.3800690420e-15
4.8474121094e+02 6.0850432300e-14 2.6751675476e-14 2.9708046783e-14 4.3907100412e-15
4.8480224609e+02 6.1340473427e-14 2.6902155940e-14 3.0039873311e-14 4.3984441764e-15
4.8486328125e+02 6.1031912663e-14 2.6916769627e-14 2.9689016989e-14 4.4261260464e-15
4.8492431641e+02 6.0932122601e-14 2.6769970679e-14 2.9736846905e-14 4.4253050163e-15
4.8498535156e+02 6.0576172917e-14 2.6359880425e-14 2.9827250519e-14 4.3890419730e-15
4.8504638672e+02 6.0374174069e-14 2.6352552622e-14 2.9654939843e-14 4.3666816036e-15
4.8510742188e+02 6.0243576789e-14 2.6659035830e-14 2.9163194458e-14 4.4213465014e-15
4.8516845703e+02 6.0039357058e-14 2.6531026469e-14 2.9101197944e-14 4.4071326456e-15
4.8522949219e+02 6.0829647911e-14 2.7023990631e-14 2.9413155672e-14 4.3925016079e-15
4.8529052734e+02 6.0570621066e-14 2.6891934358e-14 2.9305758462e-14 4.3729282460e-15
4.8535156250e+02 6.0396726131e-14 2.6672945971e-14 2.9339952817e-14 4.3838273419e-15
4.8541259766e+02 6.0796301918e-14 2.6467246296e-14 2.9921363384e-14 4.4076922379e-15
4.8547363281e+02 6.0712382949e-14 2.6150069907e-14 3.0162031793e-14 4.4002812488e-15
4.8553466797e+02 6.0594170592e-14 2.6395556840e-14 2.9813297560e-14 4.3853161920e-15
4.8559570312e+02 6.0414073773e-14 2.6528204437e-14 2.9478745318e-14 4.4071240184e-15
4.8565673828e+02 6.0001151763e-14 2.6150834869e-14 2.9417976241e-14 4.4323406529e-15
4.8571777344e+02 5.9834864304e-14 2.6132469845e-14 2.9269004184e-14 4.4333902741e-15
4.8577880859e+02 6.0304672609e-14 2.6314621740e-14 2.9630585290e-14 4.3594655783e-15
4.8583984375e+02 6.0368673577e-14 2.6279188687e-14 2.9701805637e-14 4.3876792533e-15
4.8590087891e+02 6.0754024573e-14 2.6720612763e-14 2.9655892167e-14 4.3775196433e-15
4.8596191406e+02 6.1286108154e-14 2.6615134897e-14 3.0271888768e-14 4.3990844895e-15
4.8602294922e+02 6.1024597476e-14 2.6591552061e-14 3.0031622652e-14 4.4014227632e-15
4.8608398438e+02 6.0309350953e-14 2.6507729483e-14 2.9433063699e-14 4.3685577718e-15
4.8614501953e+02 6.0408423737e-14 2.6415754073e-14 2.9618950795e-14 4.3737188695e-15
4.8620605469e+02 6.0487665031e-14 2.6478504331e-14 2.9641769349e-14 4.3673913505e-15
4.8626708984e+02 6.0394080588e-14 2.6360141903e-14 2.9655974742e-14 4.3779639428e-15
4.8632812500e+02 6.1109624936e-14 2.6850280549e-14 2.9884227958e-14 4.3751164289e-15
4.8638916016e+02 6.1030356471e-14 2.6974465977e-14 2.9683715157e-14 4.3721753365e-15
4.8645019531e+02 6.1469955157e-14 2.6823299828e-14 3.0244306243e-14 4.4023490859e-15
4.8651123047e+02 6.0936557887e-14 2.6480732972e-14 3.0046831396e-14 4.4089935197e-15
4.8657226562e+02 6.0530742692e-14 2.6279887685e-14 2.9865863232e-14 4.3849917761e-15
4.8663330078e+02 6.0569312444e-14 2.6417805072e-14 2.9769689236e-14 4.3818181362e-15
4.8669433594e+02 6.0678544013e-14 2.6461163738e-14 2.9849169534e-14 4.3682107413e-15
4.8675537109e+02 6.0814359425e-14 2.6751896234e-14 2.9679449612e-14 4.3830135786e-15
4.8681640625e+02 6.0404678617e-14 2.6769366137e-14 2.9223821985e-14 4.4114904948e-15
4.8687744141e+02 6.0176494192e-14 2.6348757524e-14 2.9405996232e-14 4.4217404350e-15
4.8693847656e+02 6.0670554128e-14 2.6569306235e-14 2.9707679960e-14 4.3935679325e-15
4.8699951172e+02 6.0920804294e-14 2.7047770964e-14 2.9501309139e-14 4.3717241904e-15
4.8706054688e+02 6.1164211732e-14 2.6900320674e-14 2.9886810744e-14 4.3770803145e-15
4.8712158203e+02 6.0736836760e-14 2.6361661641e-14 2.9971764349e-14 4.4034107709e-15
4.8718261719e+02 6.0417833449e-14 2.6411214566e-14 2.9593063116e-14 4.4135557667e-15
4.8724365234e+02 6.0073027043e-14 2.6298441347e-14 2.9327107289e-14 4.4474784061e-15
4.8730468750e+02 6.0242111168e-14 2.6115849569e-14 2.9706755706e-14 4.4195058935e-15
4.8736572266e+02 6.0381143553e-14 2.6185384115e-14 2.9804869815e-14 4.3908896237e-15
4.8742675781e+02 6.0120723172e-14 2.6357967424e-14 2.9361368142e-14 4.4013876059e-15
4.8748779297e+02 5.9987361178e-14 2.6335465071e-14 2.9277233344e-14 4.3746627630e-15
4.8754882812e+02 5.9552959745e-14 2.6167262351e-14 2.8993998166e-14 4.3916992274e-15
4.8760986328e+02 6.0087092149e-14 2.6637063678e-14 2.9073392680e-14 4.3766357911e-15
4.8767089844e+02 6.0697347542e-14 2.6675402703e-14 2.9653674424e-14 4.3682704154e-15
4.8773193359e+02 6.0992052147e-14 2.6784848989e-14 2.9821690585e-14 4.3855125735e-15
4.8779296875e+02 6.0665635686e-14 2.6806425765e-14 2.9448549353e-14 4.4106605677e-15
4.8785400391e+02 6.0716159527e-14 2.6367626855e-14 2.9944385305e-14 4.4041473662e-15
4.8791503906e+02 6.0749340720e-14 2.6533015780e-14 2.9798829171e-14 4.4174957698e-15
4.8797607422e+02 6.0120400208e-14 2.6457833137e-14 2.9238854629e-14 4.4237124428e-15
4.8803710938e+02 6.0739081828e-14 2.6874583169e-14 2.9453162037e-14 4.4113366216e-15
4.8809814453e+02 6.1282239813e-14 2.7181970435e-14 2.9687579654e-14 4.4126897234e-15
4.8815917969e+02 6.0923569873e-14 2.6780229623e-14 2.9711364996e-14 4.4319752537e-15
4.8822021484e+02 6.0253009343e-14 2.6573104893e-14 2.9270527492e-14 4.4093769583e-15
4.8828125000e+02 6.0980068799e-14 2.6893353522e-14 2.9719978109e-14 4.3667371685e-15
4.8834228516e+02 5.9965717552e-14 2.6252163076e-14 2.9332663259e-14 4.3808912170e-15
4.8840332031e+02 5.9595816386e-14 2.6273221170e-14 2.8896609147e-14 4.4259860689e-15
4.8846435547e+02 6.0259701691e-14 2.6419557426e-14 2.9440906327e-14 4.3992379388e-15
4.8852539062e+02 6.0619498083e-14 2.6757312749e-14 2.9463955797e-14 4.3982295376e-15
4.8858642578e+02 6.0258654450e-14 2.6621963544e-14 2.9224995017e-14 4.4116958895e-15
4.8864746094e+02 6.0312011464e-14 2.6537929792e-14 2.9396918575e-14 4.3771630961e-15
4.8870849609e+02 6.0542695550e-14 2.6649153313e-14 2.9494355464e-14 4.3991867727e-15
4.8876953125e+02 6.0814018484e-14 2.6716606606e-14 2.9687575041e-14 4.4098368371e-15
4.8883056641e+02 6.1065512310e-14 2.6916041111e-14 2.9772161654e-14 4.3773095446e-15
4.8889160156e+02 6.1435758631e-14 2.6774564801e-14 3.0274866340e-14 4.3863274894e-15
4.8895263672e+02 6.0644282063e-14 2.6385591837e-14 2.9887946903e-14 4.3707433225e-15
4.8901367188e+02 6.0265963883e-14 2.6538706148e-14 2.9357001555e-14 4.3702561805e-15
4.8907470703e+02 6.0482724817e-14 2.6786860002e-14 2.9298981271e-14 4.3968835438e-15
4.8913574219e+02 6.0482004846e-14 2.6686379083e-14 2.9407418743e-14 4.3882070197e-15
4.8919677734e+02 6.0288408419e-14 2.6325936134e-14 2.9523248667e-14 4.4392236174e-15
4.8925781250e+02 6.0659512346e-14 2.6266286839e-14 2.9960407358e-14 4.4328181491e-15
4.8931884766e+02 6.0670999885e-14 2.6630215231e-14 2.9672061101e-14 4.3687235523e-15
4.8937988281e+02 6.0832210825e-14 2.6742761699e-14 2.9701769105e-14 4.3876800206e-15
4.8944091797e+02 6.0281967511e-14 2.6457807650e-14 2.9469342159e-14 4.3548177017e-15
4.8950195312e+02 6.0106223263e-14 2.6646858212e-14 2.9100603501e-14 4.3587615503e-15
4.8956298828e+02 6.0043322027e-14 2.6740277139e-14 2.8911493759e-14 4.3915511298e-15
4.8962402344e+02 6.0329111428e-14 2.6384057796e-14 2.9575168203e-14 4.3698854288e-15
4.8968505859e+02 6.0991974200e-14 2.6445635621e-14 3.0186949440e-14 4.3593891389e-15
4.8974609375e+02 6.0519657309e-14 2.6349109622e-14 2.9778163545e-14 4.3923841423e-15
4.8980712891e+02 5.9956735030e-14 2.6361471319e-14 2.9195788227e-14 4.3994754836e-15
4.8986816406e+02 6.1051123979e-14 2.6787047628e-14 2.9918269547e-14 4.3458068040e-15
4.8992919922e+02 6.1403989612e-14 2.6718873744e-14 3.0351798245e-14 4.3333176223e-15
4.8999023438e+02 6.1065506877e-14 2.6702302659e-14 2.9966007789e-14 4.3971964292e-15
4.9005126953e+02 6.0727591993e-14 2.6577706299e-14 2.9708692197e-14 4.4411934973e-15
4.9011230469e+02 6.0528452121e-14 2.6742468199e-14 2.9394299652e-14 4.3916842709e-15
4.9017333984e+02 6.0454365479e-14 2.6453965886e-14 2.9599012637e-14 4.4013869561e-15
4.9023437500e+02 5.9664030150e-14 2.5962411539e-14 2.9290881206e-14 4.4107374051e-15
4.9029541016e+02 5.9855017403e-14 2.6100326689e-14 2.9380992425e-14 4.3736982892e-15
4.9035644531e+02 6.0782484627e-14 2.6528331617e-14 2.9858463157e-14 4.3956898525e-15
4.9041748047e+02 6.1336292633e-14 2.6613023378e-14 3.0301715134e-14 4.4215541214e-15
4.9047851562e+02 6.0918078288e-14 2.6895090591e-14 2.9612319753e-14 4.4106679442e-15
4.9053955078e+02 6.0174023630e-14 2.6777199459e-14 2.8992754763e-14 4.4040694082e-15
4.9060058594e+02 6.0534893849e-14 2.6759469579e-14 2.9346918218e-14 4.4285060521e-15
4.9066162109e+02 6.0700892737e-14 2.6704339698e-14 2.9581130907e-14 4.4154221312e-15
4.9072265625e+02 6.0867176651e-14 2.6593995120e-14 2.9865524141e-14 4.4076573907e-15
4.9078369141e+02 6.1234748020e-14 2.6919933363e-14 2.9915295855e-14 4.3995188021e-15
4.9084472656e+02 6.0753511095e-14 2.6734186962e-14 2.9636405736e-14 4.3829183966e-15
4.9090576172e+02 6.0925207881e-14 2.6656774077e-14 2.9885846810e-14 4.3825869938e-15
4.9096679688e+02 6.0685401547e-14 2.6674718242e-14 2.9591338391e-14 4.4193449140e-15
4.9102783203e+02 5.9968653105e-14 2.6500308557e-14 2.9045327796e-14 4.4230167525e-15
4.9108886719e+02 6.0260750026e-14 2.6463177334e-14 2.9414323043e-14 4.3832496492e-15
4.9114990234e+02 6.0503291582e-14 2.6789459555e-14 2.9322773462e-14 4.3910585649e-15
4.9121093750e+02 5.9745323048e-14 2.6498313820e-14 2.8846496611e-14 4.4005126171e-15
4.9127197266e+02 6.0380480520e-14 2.6703031129e-14 2.9289175324e-14 4.3882740671e-15
4.9133300781e+02 6.0583093820e-14 2.6703573388e-14 2.9492072277e-14 4.3874481551e-15
4.9139404297e+02 6.0035342939e-14 2.6186134313e-14 2.9441095624e-14 4.4081130018e-15
4.9145507812e+02 6.0189267757e-14 2.6196061241e-14 2.9569920778e-14 4.4232857383e-15
4.9151611328e+02 6.0682060011e-14 2.6609413860e-14 2.9651148201e-14 4.4214979494e-15
4.9157714844e+02 6.0429638999e-14 2.6245451862e-14 2.9770043918e-14 4.4141432192e-15
4.9163818359e+02 6.0021425040e-14 2.5960228822e-14 2.9636157913e-14 4.4250383050e-15
4.9169921875e+02 5.9955961619e-14 2.6186011457e-14 2.9371471754e-14 4.3984784087e-15
4.9176025391e+02 6.0314807413e-14 2.6547556333e-14 2.9370644920e-14 4.3966061593e-15
4.9182128906e+02 6.0401400648e-14 2.6504253399e-14 2.9514001223e-14 4.3831460263e-15
4.9188232422e+02 6.0658222099e-14 2.6725779642e-14 2.9548706763e-14 4.3837356945e-15
4.9194335938e+02 6.0049840818e-14 2.6550400162e-14 2.9101117888e-14 4.3983227684e-15
4.9200439453e+02 5.9814421909e-14 2.6379605270e-14 2.9076935659e-14 4.3578809804e-15
4.9206542969e+02 6.0294923222e-14 2.6319167632e-14 2.9613395392e-14 4.3623601981e-15
4.9212646484e+02 5.9807775975e-14 2.5937306544e-14 2.9501615186e-14 4.3688542451e-15
4.9218750000e+02 6.0115225947e-14 2.6370606480e-14 2.9364655283e-14 4.3799641840e-15
4.9224853516e+02 6.0662501653e-14 2.6551470387e-14 2.9664516851e-14 4.4465144155e-15
4.9230957031e+02 6.0481058551e-14 2.6506726046e-14 2.9574931343e-14 4.3994011628e-15
4.9237060547e+02 6.0588393031e-14 2.6790035688e-14 2.9390551466e-14 4.4078058769e-15
4.9243164062e+02 6.0404938503e-14 2.6727932574e-14 2.9259216434e-14 4.4177894957e-15
4.9249267578e+02 6.0655600855e-14 2.6637128759e-14 2.9579273541e-14 4.4391985557e-15
4.9255371094e+02 6.0677992408e-14 2.6705319707e-14 2.9584940847e-14 4.3877318533e-15
4.9261474609e+02 6.0878774421e-14 2.6863448002e-14 2.9618276288e-14 4.3970501306e-15
4.9267578125e+02 6.0355217559e-14 2.6413001735e-14 2.9530930965e-14 4.4112848586e-15
4.9273681641e+02 6.0346174811e-14 2.6172395907e-14 2.9782742118e-14 4.3910367857e-15
4.9279785156e+02 6.0533280387e-14 2.6557449819e-14 2.9593119462e-14 4.3827111056e-15
4.9285888672e+02 6.0017008001e-14 2.6534722562e-14 2.9152122366e-14 4.3301630727e-15
4.9291992188e+02 6.0819944883e-14 2.6717373845e-14 2.9709844759e-14 4.3927262794e-15
4.9298095703e+02 6.0733070447e-14 2.6636954251e-14 2.9678478432e-14 4.4176377646e-15
4.9304199219e+02 6.0841174175e-14 2.6825522952e-14 2.9603969290e-14 4.4116819333e-15
4.9310302734e+02 6.0734888366e-14 2.6907416641e-14 2.9436482853e-14 4.3909888712e-15
4.9316406250e+02 6.0337986889e-14 2.6397355355e-14 2.9567433616e-14 4.3731979184e-15
4.9322509766e+02 6.0166786502e-14 2.6432469081e-14 2.9349871304e-14 4.3844461170e-15
4.9328613281e+02 6.0093457976e-14 2.6548323505e-14 2.9113123248e-14 4.4320112225e-15
4.9334716797e+02 6.0062407741e-14 2.6395113997e-14 2.9288200029e-14 4.3790937160e-15
4.9340820312e+02 6.0036396034e-14 2.6392118074e-14 2.9310093601e-14 4.3341843589e-15
4.9346923828e+02 6.0697522100e-14 2.6490695105e-14 2.9849595947e-14 4.3572310477e-15
4.9353027344e+02 6.0671585562e-14 2.6782088140e-14 2.9527233258e-14 4.3622641647e-15
4.9359130859e+02 5.9902989273e-14 2.6331978146e-14 2.9166292622e-14 4.4047185044e-15
4.9365234375e+02 5.9869724082e-14 2.6015155471e-14 2.9451129758e-14 4.4034388540e-15
4.9371337891e+02 6.0598973221e-14 2.6218582173e-14 3.0011796238e-14 4.3685948095e-15
4.9377441406e+02 6.0393180224e-14 2.6215945198e-14 2.9792972099e-14 4.3842629278e-15
4.9383544922e+02 5.9610612747e-14 2.6004872257e-14 2.9196779752e-14 4.4089607376e-15
4.9389648438e+02 5.9567776298e-14 2.6010325763e-14 2.9147049179e-14 4.4104013551e-15
4.9395751953e+02 5.9812022045e-14 2.6009983079e-14 2.9434197548e-14 4.3678414177e-15
4.9401855469e+02 5.9771153427e-14 2.6177730963e-14 2.9234655834e-14 4.3587666298e-15
4.9407958984e+02 6.0058619290e-14 2.6536198305e-14 2.9147286054e-14 4.3751349309e-15
4.9414062500e+02 6.0593151508e-14 2.6680204393e-14 2.9565054337e-14 4.3478927788e-15
4.9420166016e+02 6.0770241568e-14 2.6619752336e-14 2.9764773178e-14 4.3857160549e-15
4.9426269531e+02 6.0120980997e-14 2.6297421255e-14 2.9431185477e-14 4.3923742651e-15
4.9432373047e+02 6.0991721465e-14 2.6756573054e-14 2.9814506713e-14 4.4206416975e-15
4.9438476562e+02 6.1264370901e-14 2.6781430311e-14 3.0064898838e-14 4.4180417520e-15
4.9444580078e+02 6.0866693050e-14 2.6781157807e-14 2.9697856769e-14 4.3876784750e-15
4.9450683594e+02 6.1045275152e-14 2.6774871873e-14 2.9870871254e-14 4.3995320249e-15
4.9456787109e+02 6.0540998364e-14 2.6513927522e-14 2.9632577769e-14 4.3944930731e-15
4.9462890625e+02 6.0597338795e-14 2.6608027544e-14 2.9607044428e-14 4.3822668227e-15
4.9468994141e+02 6.0346552604e-14 2.6782825242e-14 2.9224947885e-14 4.3387794773e-15
4.9475097656e+02 6.0246023007e-14 2.6549818246e-14 2.9320876804e-14 4.3753279570e-15
4.9481201172e+02 5.9791468890e-14 2.6122548260e-14 2.9275022760e-14 4.3938978704e-15
4.9487304688e+02 6.0549328557e-14 2.6449691236e-14 2.9725347085e-14 4.3742902350e-15
4.9493408203e+02 6.0285459098e-14 2.6075926103e-14 2.9850838313e-14 4.3586946816e-15
4.9499511719e+02 6.0119480373e-14 2.6235026109e-14 2.9506606897e-14 4.3778473674e-15
4.9505615234e+02 6.0306537130e-14 2.6335220480e-14 2.9564229905e-14 4.4070867447e-15
4.9511718750e+02 6.0725725860e-14 2.6827577340e-14 2.9462802892e-14 4.4353456284e-15
4.9517822266e+02 5.9961272600e-14 2.6235629070e-14 2.9295021063e-14 4.4306224673e-15
4.9523925781e+02 6.0147997165e-14 2.6451667275e-14 2.9299690552e-14 4.3966393380e-15
4.9530029297e+02 5.9870311659e-14 2.6253127501e-14 2.9232320363e-14 4.3848637957e-15
4.9536132812e+02 5.9598543463e-14 2.6100708169e-14 2.9083159985e-14 4.4146753096e-15
4.9542236328e+02 6.0006414378e-14 2.6139679566e-14 2.9470146924e-14 4.3965878881e-15
4.9548339844e+02 6.0091484707e-14 2.6360462832e-14 2.9337716879e-14 4.3933049962e-15
4.9554443359e+02 6.0564816675e-14 2.6872932808e-14 2.9262287414e-14 4.4295964528e-15
4.9560546875e+02 6.1580887739e-14 2.7326090267e-14 2.9837988563e-14 4.4168089089e-15
4.9566650391e+02 6.1287873546e-14 2.6962930757e-14 2.9934542658e-14 4.3904001313e-15
4.9572753906e+02 6.0875376519e-14 2.7068910171e-14 2.9401251399e-14 4.4052149496e-15
4.9578857422e+02 6.0148847558e-14 2.6603304324e-14 2.9134119541e-14 4.4114236926e-15
4.9584960938e+02 6.0099284244e-14 2.6534841412e-14 2.9134959476e-14 4.4294833560e-15
4.9591064453e+02 5.9752274578e-14 2.6297658192e-14 2.9061416974e-14 4.3931994117e-15
4.9597167969e+02 6.0170238725e-14 2.6249710983e-14 2.9551631710e-14 4.3688960318e-15
4.9603271484e+02 6.0652929535e-14 2.6143169381e-14 3.0114387312e-14 4.3953728419e-15
4.9609375000e+02 6.0353162852e-14 2.6362157610e-14 2.9612954461e-14 4.3780507809e-15
4.9615478516e+02 6.0379851918e-14 2.6637757063e-14 2.9363333167e-14 4.3787616884e-15
4.9621582031e+02 6.0261964466e-14 2.6558501352e-14 2.9339476616e-14 4.3639864967e-15
4.9627685547e+02 5.9969745942e-14 2.6392782399e-14 2.9235564109e-14 4.3413994349e-15
4.9633789062e+02 5.9844890959e-14 2.6169353498e-14 2.9242229141e-14 4.4333083208e-15
4.9639892578e+02 5.9380487451e-14 2.6001885109e-14 2.8943836399e-14 4.4347659428e-15
4.9645996094e+02 5.9449993745e-14 2.5857974463e-14 2.9202959469e-14 4.3890598133e-15
4.9652099609e+02 5.9675111310e-14 2.6096816133e-14 2.9205684277e-14 4.3726108997e-15
4.9658203125e+02 6.0633595403e-14 2.6780823705e-14 2.9464976459e-14 4.3877952383e-15
4.9664306641e+02 6.0182991905e-14 2.6284875821e-14 2.9504052803e-14 4.3940632808e-15
4.9670410156e+02 6.0038198571e-14 2.6192245155e-14 2.9448341191e-14 4.3976122247e-15
4.9676513672e+02 6.0944194513e-14 2.6751708695e-14 2.9799293260e-14 4.3931925580e-15
4.9682617188e+02 6.1509105982e-14 2.6824730845e-14 3.0269462384e-14 4.4149127536e-15
4.9688720703e+02 6.0980981275e-14 2.6505366762e-14 3.0075038371e-14 4.4005761417e-15
4.9694824219e+02 6.0244669193e-14 2.6176119050e-14 2.9675228711e-14 4.3933214326e-15
4.9700927734e+02 6.0889396911e-14 2.6550553917e-14 2.9929225801e-14 4.4096171934e-15
4.9707031250e+02 6.0646849689e-14 2.6765808033e-14 2.9471938867e-14 4.4091027895e-15
4.9713134766e+02 6.0547504733e-14 2.6718170054e-14 2.9431970733e-14 4.3973639459e-15
4.9719238281e+02 6.0389966396e-14 2.6507955204e-14 2.9484270101e-14 4.3977410910e-15
4.9725341797e+02 6.0593359672e-14 2.6553026298e-14 2.9616014447e-14 4.4243189264e-15
4.9731445312e+02 6.0344305877e-14 2.6465955237e-14 2.9436132239e-14 4.4422184012e-15
4.9737548828e+02 6.0924256602e-14 2.6640762199e-14 2.9888154151e-14 4.3953402518e-15
4.9743652344e+02 6.0412472466e-14 2.6555227589e-14 2.9509999764e-14 4.3472451130e-15
4.9749755859e+02 6.0238445779e-14 2.6550036561e-14 2.9273787389e-14 4.4146218293e-15
4.9755859375e+02 6.0431874629e-14 2.6244720560e-14 2.9768203216e-14 4.4189508530e-15
4.9761962891e+02 5.9783687872e-14 2.6125774104e-14 2.9261612204e-14 4.3963015636e-15
4.9768066406e+02 5.9909655843e-14 2.6321342855e-14 2.9208877960e-14 4.3794350278e-15
4.9774169922e+02 6.0102313870e-14 2.6624705605e-14 2.9092893262e-14 4.3847150026e-15
4.9780273438e+02 6.0286657207e-14 2.6570992824e-14 2.9323150589e-14 4.3925137931e-15
4.9786376953e+02 6.0426864142e-14 2.6474131474e-14 2.9499872341e-14 4.4528603262e-15
4.9792480469e+02 6.0760706285e-14 2.6820880907e-14 2.9495466065e-14 4.4443593137e-15
4.9798583984e+02 6.1023119709e-14 2.7025408086e-14 2.9596305230e-14 4.4014063927e-15
4.9804687500e+02 6.0840212465e-14 2.6696667247e-14 2.9736300681e-14 4.4072445369e-15
4.9810791016e+02 6.0057112894e-14 2.6585381511e-14 2.9061101083e-14 4.4106302997e-15
4.9816894531e+02 5.9835764515e-14 2.6690810726e-14 2.8734928792e-14 4.4100249971e-15
4.9822998047e+02 6.0438392568e-14 2.6596713132e-14 2.9474364256e-14 4.3673151795e-15
4.9829101562e+02 5.9957969192e-14 2.6582477552e-14 2.8998233212e-14 4.3772584283e-15
4.9835205078e+02 5.9719380815e-14 2.6486878386e-14 2.8808344902e-14 4.4241575273e-15
4.9841308594e+02 6.0071080596e-14 2.6715401268e-14 2.8965095770e-14 4.3905835576e-15
4.9847412109e+02 6.0102185922e-14 2.6278488188e-14 2.9465091412e-14 4.3586063230e-15
4.9853515625e+02 5.9844643678e-14 2.6257179943e-14 2.9206509335e-14 4.3809543991e-15
4.9859619141e+02 5.9942461859e-14 2.6355727707e-14 2.9191129037e-14 4.3956051151e-15
4.9865722656e+02 5.9837644856e-14 2.6103975628e-14 2.9335757174e-14 4.3979120541e-15
4.9871826172e+02 6.0299335467e-14 2.6541600647e-14 2.9389301571e-14 4.3684332494e-15
4.9877929688e+02 6.0302425833e-14 2.6621925036e-14 2.9299325116e-14 4.3811756815e-15
4.9884033203e+02 6.0307621068e-14 2.6217004689e-14 2.9737797068e-14 4.3528193115e-15
4.9890136719e+02 6.0440950108e-14 2.6032685394e-14 3.0029778426e-14 4.3784862882e-15
4.9896240234e+02 5.9798437594e-14 2.5946974672e-14 2.9433688417e-14 4.4177745051e-15
4.9902343750e+02 5.9869631677e-14 2.6397867775e-14 2.9064989746e-14 4.4067741566e-15
4.9908447266e+02 6.0642984706e-14 2.6539244097e-14 2.9652675439e-14 4.4510651701e-15
4.9914550781e+02 6.0188070268e-14 2.6123393600e-14 2.9679755812e-14 4.3849208555e-15
4.9920654297e+02 5.9619918742e-14 2.6172996974e-14 2.9104194537e-14 4.3427272312e-15
4.9926757812e+02 6.0062085839e-14 2.6481901539e-14 2.9207961826e-14 4.3722224737e-15
4.9932861328e+02 6.0622853683e-14 2.6767374841e-14 2.9483140920e-14 4.3723379227e-15
4.9938964844e+02 6.1373602729e-14 2.7012596717e-14 2.9971741924e-14 4.3892640874e-15
4.9945068359e+02 6.0363028713e-14 2.6474455463e-14 2.9471135957e-14 4.4174372935e-15
4.9951171875e+02 6.0230181895e-14 2.6431100750e-14 2.9411379446e-14 4.3877016995e-15
4.9957275391e+02 6.0682287868e-14 2.6255122299e-14 3.0049064549e-14 4.3781010203e-15
4.9963378906e+02 6.0781056026e-14 2.6485138276e-14 2.9890681311e-14 4.4052364395e-15
4.9969482422e+02 6.0529239508e-14 2.6451395377e-14 2.9674930981e-14 4.4029131495e-15
4.9975585938e+02 6.0259928105e-14 2.6449136336e-14 2.9411642190e-14 4.3991495785e-15
4.9981689453e+02 6.0444060726e-14 2.6609802286e-14 2.9429661750e-14 4.4045966895e-15
4.9987792969e+02 6.0171756693e-14 2.6542776550e-14 2.9261935816e-14 4.3670443268e-15
4.9993896484e+02 6.0033753963e-14 2.6236910790e-14 2.9398467356e-14 4.3983758166e-15
5.0000000000e+02 6.0254420047e-14 2.6453613871e-14 2.9388857042e-14 4.4119491340e-15
