# freq_THz  G_total_s  G_Al_s  G_N_s
# Smoothed MD-derived velocity power spectrum. Common normalization: integral(G_total_s) = 3*primitive_atoms.
# Gaussian_sigma_THz=0.38; mass_weighted=True; primitive_atoms=2; total_equals_sum_of_species=True
0.0000000000e+00 0.0000000000e+00 0.0000000000e+00 0.0000000000e+00
6.1035156250e-02 1.1575085705e-01 7.6129979546e-02 3.9620877503e-02
1.2207031250e-01 1.1611619335e-01 7.6367675149e-02 3.9748518206e-02
1.8310546875e-01 1.1671207791e-01 7.6755348489e-02 3.9956729420e-02
2.4414062500e-01 1.1751982587e-01 7.7280817790e-02 4.0239008082e-02
3.0517578125e-01 1.1851887147e-01 7.7930699702e-02 4.0588171770e-02
3.6621093750e-01 1.1968774516e-01 7.8691055800e-02 4.0996689357e-02
4.2724609375e-01 1.2100325385e-01 7.9546831574e-02 4.1456422273e-02
4.8828125000e-01 1.2244148111e-01 8.0482531163e-02 4.1958949948e-02
5.4931640625e-01 1.2398024858e-01 8.1483813521e-02 4.2496435056e-02
6.1035156250e-01 1.2560077635e-01 8.2538578572e-02 4.3062197773e-02
6.7138671875e-01 1.2728077876e-01 8.3632428354e-02 4.3648350406e-02
7.3242187500e-01 1.2899968017e-01 8.4752078429e-02 4.4247601739e-02
7.9345703125e-01 1.3074191434e-01 8.5887529385e-02 4.4854384950e-02
8.5449218750e-01 1.3249721603e-01 8.7032255377e-02 4.5464960651e-02
9.1552734375e-01 1.3426171863e-01 8.8183919794e-02 4.6077798838e-02
9.7656250000e-01 1.3604471348e-01 8.9348820283e-02 4.6695893199e-02
1.0375976562e+00 1.3786927944e-01 9.0542308950e-02 4.7326970494e-02
1.0986328125e+00 1.3976530990e-01 9.1784202331e-02 4.7981107568e-02
1.1596679688e+00 1.4176954922e-01 9.3098806687e-02 4.8670742538e-02
1.2207031250e+00 1.4392475532e-01 9.4514382258e-02 4.9410373059e-02
1.2817382812e+00 1.4626863563e-01 9.6055862542e-02 5.0212773088e-02
1.3427734375e+00 1.4882406791e-01 9.7738419104e-02 5.1085648809e-02
1.4038085938e+00 1.5160240510e-01 9.9569645958e-02 5.2032759137e-02
1.4648437500e+00 1.5460257003e-01 1.0154898518e-01 5.3053584848e-02
1.5258789062e+00 1.5779658029e-01 1.0365819006e-01 5.4138390226e-02
1.5869140625e+00 1.6114232291e-01 1.0586973097e-01 5.5272591944e-02
1.6479492188e+00 1.6458700341e-01 1.0814907982e-01 5.6437923585e-02
1.7089843750e+00 1.6807345626e-01 1.1045886493e-01 5.7614591329e-02
1.7700195312e+00 1.7154443929e-01 1.1276171306e-01 5.8782726236e-02
1.8310546875e+00 1.7495295947e-01 1.1502699498e-01 5.9925964486e-02
1.8920898438e+00 1.7825858456e-01 1.1722844947e-01 6.1030135093e-02
1.9531250000e+00 1.8143375233e-01 1.1934831197e-01 6.2085440352e-02
2.0141601562e+00 1.8447203441e-01 1.2138279339e-01 6.3089241017e-02
2.0751953125e+00 1.8738175550e-01 1.2333785063e-01 6.4043904864e-02
2.1362304688e+00 1.9018128401e-01 1.2522606047e-01 6.4955223537e-02
2.1972656250e+00 1.9290418502e-01 1.2707009424e-01 6.5834090780e-02
2.2583007812e+00 1.9559439280e-01 1.2889949539e-01 6.6694897417e-02
2.3193359375e+00 1.9829818487e-01 1.3074542067e-01 6.7552764197e-02
2.3803710938e+00 2.0106325723e-01 1.3264003461e-01 6.8423222621e-02
2.4414062500e+00 2.0393873909e-01 1.3461648605e-01 6.9322253036e-02
2.5024414062e+00 2.0696773615e-01 1.3670406392e-01 7.0263672229e-02
2.5634765625e+00 2.1018345226e-01 1.3892561528e-01 7.1257836982e-02
2.6245117188e+00 2.1361275199e-01 1.4129998001e-01 7.2312771979e-02
2.6855468750e+00 2.1727153912e-01 1.4383871450e-01 7.3432824626e-02
2.7465820312e+00 2.2116409223e-01 1.4654594201e-01 7.4618150216e-02
2.8076171875e+00 2.2528580362e-01 1.4942007931e-01 7.5865724314e-02
2.8686523438e+00 2.2963185837e-01 1.5245961286e-01 7.7172245508e-02
2.9296875000e+00 2.3419568186e-01 1.5566207364e-01 7.8533608219e-02
2.9907226562e+00 2.3897043712e-01 1.5902498393e-01 7.9945453196e-02
3.0517578125e+00 2.4396034387e-01 1.6255355214e-01 8.1406791727e-02
3.1127929688e+00 2.4917865565e-01 1.6625916654e-01 8.2919489112e-02
3.1738281250e+00 2.5464346304e-01 1.7015659617e-01 8.4486866872e-02
3.2348632812e+00 2.6037572003e-01 1.7426254224e-01 8.6113177796e-02
3.2958984375e+00 2.6640244182e-01 1.7859776461e-01 8.7804677204e-02
3.3569335938e+00 2.7274151219e-01 1.8317682914e-01 8.9564683053e-02
3.4179687500e+00 2.7939285558e-01 1.8800198974e-01 9.1390865842e-02
3.4790039062e+00 2.8633761397e-01 1.9306233518e-01 9.3275278788e-02
3.5400390625e+00 2.9353269129e-01 1.9833005838e-01 9.5202632912e-02
3.6010742188e+00 3.0090004436e-01 2.0375310945e-01 9.7146934910e-02
3.6621093750e+00 3.0832777329e-01 2.0925568391e-01 9.9072089387e-02
3.7231445312e+00 3.1567434184e-01 2.1474075766e-01 1.0093358417e-01
3.7841796875e+00 3.2277438726e-01 2.2009424976e-01 1.0268013750e-01
3.8452148438e+00 3.2944618430e-01 2.2519002731e-01 1.0425615699e-01
3.9062500000e+00 3.3550540421e-01 2.2989939579e-01 1.0560600842e-01
3.9672851562e+00 3.4078037714e-01 2.3410163604e-01 1.0667874110e-01
4.0283203125e+00 3.4512471321e-01 2.3769321319e-01 1.0743150002e-01
4.0893554688e+00 3.4843146174e-01 2.4059755668e-01 1.0783390505e-01
4.1503906250e+00 3.5064492317e-01 2.4277367639e-01 1.0787124678e-01
4.2114257812e+00 3.5176855189e-01 2.4422194345e-01 1.0754660844e-01
4.2724609375e+00 3.5186556592e-01 2.4498464852e-01 1.0688091739e-01
4.3334960938e+00 3.5105198395e-01 2.4514147261e-01 1.0591051134e-01
4.3945312500e+00 3.4948631203e-01 2.4480207621e-01 1.0468423582e-01
4.4555664062e+00 3.4735511935e-01 2.4409633649e-01 1.0325878287e-01
4.5166015625e+00 3.4484943072e-01 2.4315767786e-01 1.0169175286e-01
4.5776367188e+00 3.4214271225e-01 2.4210722856e-01 1.0003548369e-01
4.6386718750e+00 3.3937632147e-01 2.4104315923e-01 9.8333162238e-02
4.6997070312e+00 3.3664471371e-01 2.4002978550e-01 9.6614928205e-02
4.7607421875e+00 3.3397939459e-01 2.3908589600e-01 9.4893498599e-02
4.8217773438e+00 3.3134989969e-01 2.3818475606e-01 9.3165143632e-02
4.8828125000e+00 3.2867089589e-01 2.3725853290e-01 9.1412362985e-02
4.9438476562e+00 3.2581419910e-01 2.3620622125e-01 8.9607977844e-02
5.0048828125e+00 3.2262076037e-01 2.3490200617e-01 8.7718754200e-02
5.0659179688e+00 3.1892224349e-01 2.3321031054e-01 8.5711932947e-02
5.1269531250e+00 3.1455874407e-01 2.3099854051e-01 8.3560203562e-02
5.1879882812e+00 3.0939947932e-01 2.2815213008e-01 8.1247349237e-02
5.2490234375e+00 3.0335668552e-01 2.2458523695e-01 7.8771448576e-02
5.3100585938e+00 2.9639112203e-01 2.2024587924e-01 7.6145242788e-02
5.3710937500e+00 2.8851748363e-01 2.1512109331e-01 7.3396390318e-02
5.4321289062e+00 2.7980584644e-01 2.0923960278e-01 7.0566243656e-02
5.4931640625e+00 2.7037647683e-01 2.0266993485e-01 6.7706541979e-02
5.5541992188e+00 2.6039192376e-01 1.9551649862e-01 6.4875425140e-02
5.6152343750e+00 2.5004565456e-01 1.8791297443e-01 6.2132680134e-02
5.6762695312e+00 2.3955713059e-01 1.8001975310e-01 5.9537377493e-02
5.7373046875e+00 2.2915517636e-01 1.7201272012e-01 5.7142456238e-02
5.7983398438e+00 2.1907273980e-01 1.6407913587e-01 5.4993603925e-02
5.8593750000e+00 2.0953318491e-01 1.5640661105e-01 5.3126573853e-02
5.9204101562e+00 2.0074243107e-01 1.4917560863e-01 5.1566822442e-02
5.9814453125e+00 1.9287799544e-01 1.4254983070e-01 5.0328164743e-02
6.0424804688e+00 1.8608322772e-01 1.3666909376e-01 4.9414133959e-02
6.1035156250e+00 1.8046456929e-01 1.3164400500e-01 4.8820564284e-02
6.1645507812e+00 1.7608239215e-01 1.2754721397e-01 4.8535178179e-02
6.2255859375e+00 1.7295522330e-01 1.2441432137e-01 4.8540901936e-02
6.2866210938e+00 1.7106474973e-01 1.2224553082e-01 4.8819218917e-02
6.3476562500e+00 1.7036535269e-01 1.2101171015e-01 4.9353642545e-02
6.4086914062e+00 1.7078654110e-01 1.2065578689e-01 5.0130754213e-02
6.4697265625e+00 1.7224948441e-01 1.2110406434e-01 5.1145420069e-02
6.5307617188e+00 1.7468017755e-01 1.2227714888e-01 5.2403028672e-02
6.5917968750e+00 1.7801552426e-01 1.2409412333e-01 5.3921400939e-02
6.6528320312e+00 1.8221128709e-01 1.2647936876e-01 5.5731918328e-02
6.7138671875e+00 1.8724788760e-01 1.2936888645e-01 5.7879001149e-02
6.7749023438e+00 1.9313134041e-01 1.3271185128e-01 6.0419489132e-02
6.8359375000e+00 1.9988522837e-01 1.3646746476e-01 6.3417763606e-02
6.8969726562e+00 2.0754389683e-01 1.4060236861e-01 6.6941528221e-02
6.9580078125e+00 2.1613876208e-01 1.4508546066e-01 7.1053301415e-02
7.0190429688e+00 2.2568992478e-01 1.4988442304e-01 7.5805501742e-02
7.0800781250e+00 2.3619460935e-01 1.5496132902e-01 8.1233280337e-02
7.1411132812e+00 2.4761346856e-01 1.6026712291e-01 8.7346345646e-02
7.2021484375e+00 2.5986548061e-01 1.6574141645e-01 9.4124064159e-02
7.2631835938e+00 2.7282528892e-01 1.7130989943e-01 1.0151538949e-01
7.3242187500e+00 2.8632488374e-01 1.7688661795e-01 1.0943826579e-01
7.3852539062e+00 3.0016370317e-01 1.8237948640e-01 1.1778421677e-01
7.4462890625e+00 3.1412373431e-01 1.8769598485e-01 1.2642774946e-01
7.5073242188e+00 3.2798882432e-01 1.9275152500e-01 1.3523729932e-01
7.5683593750e+00 3.4155743273e-01 1.9747277537e-01 1.4408465736e-01
7.6293945312e+00 3.5466638261e-01 2.0180765698e-01 1.5285872563e-01
7.6904296875e+00 3.6720345657e-01 2.0572991384e-01 1.6147354273e-01
7.7514648438e+00 3.7911389847e-01 2.0923843480e-01 1.6987546366e-01
7.8125000000e+00 3.9040355539e-01 2.1235832449e-01 1.7804523090e-01
7.8735351562e+00 4.0113053492e-01 2.1513719079e-01 1.8599334413e-01
7.9345703125e+00 4.1139011491e-01 2.1763681887e-01 1.9375329604e-01
7.9956054688e+00 4.2129504576e-01 2.1992544943e-01 2.0136959634e-01
8.0566406250e+00 4.3094913249e-01 2.2206663813e-01 2.0888249436e-01
8.1176757812e+00 4.4042478469e-01 2.2411050901e-01 2.1631427568e-01
8.1787109375e+00 4.4974657404e-01 2.2608949233e-01 2.2365708171e-01
8.2397460938e+00 4.5887395803e-01 2.2801094436e-01 2.3086301367e-01
8.3007812500e+00 4.6769762791e-01 2.2985684743e-01 2.3784078047e-01
8.3618164062e+00 4.7604452062e-01 2.3158617379e-01 2.4445834683e-01
8.4228515625e+00 4.8368984016e-01 2.3314002603e-01 2.5054981412e-01
8.4838867188e+00 4.9038245562e-01 2.3445088329e-01 2.5593157234e-01
8.5449218750e+00 4.9586402339e-01 2.3544736893e-01 2.6041665446e-01
8.6059570312e+00 4.9989865762e-01 2.3606421422e-01 2.6383444339e-01
8.6669921875e+00 5.0229810839e-01 2.3624987916e-01 2.6604822923e-01
8.7280273438e+00 5.0293977512e-01 2.3597086128e-01 2.6696891384e-01
8.7890625000e+00 5.0177918393e-01 2.3521402125e-01 2.6656516268e-01
8.8500976562e+00 4.9885562299e-01 2.3398829711e-01 2.6486732588e-01
8.9111328125e+00 4.9428578086e-01 2.3232227525e-01 2.6196350561e-01
8.9721679688e+00 4.8825299611e-01 2.3026046040e-01 2.5799253572e-01
9.0332031250e+00 4.8099314721e-01 2.2786052431e-01 2.5313262290e-01
9.0942382812e+00 4.7277217251e-01 2.2518670378e-01 2.4758546873e-01
9.1552734375e+00 4.6386777324e-01 2.2230625280e-01 2.4156152044e-01
9.2163085938e+00 4.5455092724e-01 2.1928588031e-01 2.3526504692e-01
9.2773437500e+00 4.4507272143e-01 2.1618921175e-01 2.2888350967e-01
9.3383789062e+00 4.3565162119e-01 2.1307387025e-01 2.2257775094e-01
9.3994140625e+00 4.2646410419e-01 2.0998879135e-01 2.1647531284e-01
9.4604492188e+00 4.1764728048e-01 2.0697607470e-01 2.1067120578e-01
9.5214843750e+00 4.0929863653e-01 2.0407077917e-01 2.0522785736e-01
9.5825195312e+00 4.0147893000e-01 2.0130157580e-01 2.0017735421e-01
9.6435546875e+00 3.9421807099e-01 1.9869029449e-01 1.9552777649e-01
9.7045898438e+00 3.8752092666e-01 1.9625336192e-01 1.9126756473e-01
9.7656250000e+00 3.8137149411e-01 1.9400050859e-01 1.8737098553e-01
9.8266601562e+00 3.7573883716e-01 1.9193517267e-01 1.8380366449e-01
9.8876953125e+00 3.7058102224e-01 1.9005427370e-01 1.8052674854e-01
9.9487304688e+00 3.6584854909e-01 1.8834817909e-01 1.7750037000e-01
1.0009765625e+01 3.6148611000e-01 1.8680043048e-01 1.7468567952e-01
1.0070800781e+01 3.5743878836e-01 1.8538924859e-01 1.7204953977e-01
1.0131835938e+01 3.5364790496e-01 1.8408604166e-01 1.6956186330e-01
1.0192871094e+01 3.5005528143e-01 1.8285791637e-01 1.6719736506e-01
1.0253906250e+01 3.4660829514e-01 1.8167049266e-01 1.6493780248e-01
1.0314941406e+01 3.4325858627e-01 1.8048865037e-01 1.6276993590e-01
1.0375976562e+01 3.3996295956e-01 1.7927939545e-01 1.6068356410e-01
1.0437011719e+01 3.3668230773e-01 1.7801078320e-01 1.5867152454e-01
1.0498046875e+01 3.3338082621e-01 1.7665270944e-01 1.5672811677e-01
1.0559082031e+01 3.3002500637e-01 1.7517837623e-01 1.5484663014e-01
1.0620117188e+01 3.2658090542e-01 1.7356309505e-01 1.5301781037e-01
1.0681152344e+01 3.2301882032e-01 1.7178708178e-01 1.5123173854e-01
1.0742187500e+01 3.1930758645e-01 1.6983278630e-01 1.4947480015e-01
1.0803222656e+01 3.1542077447e-01 1.6768855779e-01 1.4773221668e-01
1.0864257812e+01 3.1133912613e-01 1.6535090078e-01 1.4598822535e-01
1.0925292969e+01 3.0705303967e-01 1.6282466243e-01 1.4422837724e-01
1.0986328125e+01 3.0256961110e-01 1.6012686924e-01 1.4244274186e-01
1.1047363281e+01 2.9791446202e-01 1.5728808849e-01 1.4062637353e-01
1.1108398438e+01 2.9313231672e-01 1.5435157786e-01 1.3878073886e-01
1.1169433594e+01 2.8829031837e-01 1.5137517481e-01 1.3691514356e-01
1.1230468750e+01 2.8347022924e-01 1.4842603139e-01 1.3504419785e-01
1.1291503906e+01 2.7876036423e-01 1.4557444507e-01 1.3318591916e-01
1.1352539062e+01 2.7425272877e-01 1.4289294795e-01 1.3135978082e-01
1.1413574219e+01 2.7003046760e-01 1.4044820890e-01 1.2958225870e-01
1.1474609375e+01 2.6615805292e-01 1.3829520698e-01 1.2786284594e-01
1.1535644531e+01 2.6267521985e-01 1.3647363962e-01 1.2620158022e-01
1.1596679688e+01 2.5958532033e-01 1.3500196791e-01 1.2458335242e-01
1.1657714844e+01 2.5685389987e-01 1.3387635010e-01 1.2297754976e-01
1.1718750000e+01 2.5440731146e-01 1.3307101323e-01 1.2133629822e-01
1.1779785156e+01 2.5213606269e-01 1.3254040732e-01 1.1959565538e-01
1.1840820312e+01 2.4990271820e-01 1.3222392958e-01 1.1767878863e-01
1.1901855469e+01 2.4755014518e-01 1.3205044633e-01 1.1549969885e-01
1.1962890625e+01 2.4491718577e-01 1.3194631961e-01 1.1297086616e-01
1.2023925781e+01 2.4185453471e-01 1.3184246438e-01 1.1001207033e-01
1.2084960938e+01 2.3824083691e-01 1.3168287937e-01 1.0655795753e-01
1.2145996094e+01 2.3399722709e-01 1.3143016741e-01 1.0256705968e-01
1.2207031250e+01 2.2910053594e-01 1.3107070349e-01 9.8029832451e-02
1.2268066406e+01 2.2359072261e-01 1.3061829644e-01 9.2972426167e-02
1.2329101562e+01 2.1757308387e-01 1.3011455674e-01 8.7458527128e-02
1.2390136719e+01 2.1121467188e-01 1.2962802601e-01 8.1586645866e-02
1.2451171875e+01 2.0473579055e-01 1.2925086645e-01 7.5484924101e-02
1.2512207031e+01 1.9839563908e-01 1.2909416064e-01 6.9301478438e-02
1.2573242188e+01 1.9247013283e-01 1.2927927481e-01 6.3190858021e-02
1.2634277344e+01 1.8723831429e-01 1.2993400554e-01 5.7304308752e-02
1.2695312500e+01 1.8296058055e-01 1.3118294056e-01 5.1777639986e-02
1.2756347656e+01 1.7986264610e-01 1.3314171780e-01 4.6720928303e-02
1.2817382812e+01 1.7812339318e-01 1.3591061932e-01 4.2212773861e-02
1.2878417969e+01 1.7786522549e-01 1.3956736052e-01 3.8297864964e-02
1.2939453125e+01 1.7914947315e-01 1.4416183783e-01 3.4987635325e-02
1.3000488281e+01 1.8197268971e-01 1.4970980824e-01 3.2262881471e-02
1.3061523438e+01 1.8626866952e-01 1.5618770139e-01 3.0080968131e-02
1.3122558594e+01 1.9191118769e-01 1.6352855521e-01 2.8382632477e-02
1.3183593750e+01 1.9871476262e-01 1.7161719150e-01 2.7097571120e-02
1.3244628906e+01 2.0644101638e-01 1.8028883635e-01 2.6152180034e-02
1.3305664062e+01 2.1480456177e-01 1.8933025367e-01 2.5474308106e-02
1.3366699219e+01 2.2347914806e-01 1.9848306835e-01 2.4996079702e-02
1.3427734375e+01 2.3211098685e-01 2.0745371041e-01 2.4657276439e-02
1.3488769531e+01 2.4033064409e-01 2.1592525886e-01 2.4405385232e-02
1.3549804688e+01 2.4777245408e-01 2.2357580445e-01 2.4196649634e-02
1.3610839844e+01 2.5409175579e-01 2.3009671876e-01 2.3995037027e-02
1.3671875000e+01 2.5898484647e-01 2.3521304098e-01 2.3771805490e-02
1.3732910156e+01 2.6220893317e-01 2.3870370220e-01 2.3505230970e-02
1.3793945312e+01 2.6359589478e-01 2.4041680303e-01 2.3179091753e-02
1.3854980469e+01 2.6306367418e-01 2.4028082187e-01 2.2782852308e-02
1.3916015625e+01 2.6061864425e-01 2.3830761652e-01 2.2311027738e-02
1.3977050781e+01 2.5635132754e-01 2.3458899137e-01 2.1762336172e-02
1.4038085938e+01 2.5042488320e-01 2.2928552973e-01 2.1139353469e-02
1.4099121094e+01 2.4305651171e-01 2.2260865728e-01 2.0447854427e-02
1.4160156250e+01 2.3449420310e-01 2.1479909193e-01 1.9695111175e-02
1.4221191406e+01 2.2499448060e-01 2.0610469990e-01 1.8889780706e-02
1.4282226562e+01 2.1480112764e-01 1.9675976498e-01 1.8041362658e-02
1.4343261719e+01 2.0412669494e-01 1.8696766248e-01 1.7159032459e-02
1.4404296875e+01 1.9314171260e-01 1.7689045286e-01 1.6251259740e-02
1.4465332031e+01 1.8196907613e-01 1.6664368594e-01 1.5325390186e-02
1.4526367188e+01 1.7068791280e-01 1.5630011075e-01 1.4387802053e-02
1.4587402344e+01 1.5934297801e-01 1.4589877932e-01 1.3444198692e-02
1.4648437500e+01 1.4795716808e-01 1.3545730300e-01 1.2499865078e-02
1.4709472656e+01 1.3654836018e-01 1.2498796335e-01 1.1560396831e-02
1.4770507812e+01 1.2514292971e-01 1.1451094215e-01 1.0631987561e-02
1.4831542969e+01 1.1378558662e-01 1.0406406757e-01 9.7215190466e-03
1.4892578125e+01 1.0254679926e-01 9.3710021201e-02 8.8367780612e-03
1.4953613281e+01 9.1523285576e-02 8.3537105709e-02 7.9861798672e-03
1.5014648438e+01 8.0833603832e-02 7.3655166751e-02 7.1784370806e-03
1.5075683594e+01 7.0608624088e-02 6.4186682692e-02 6.4219413965e-03
1.5136718750e+01 6.0980173569e-02 5.5256028837e-02 5.7241447318e-03
1.5197753906e+01 5.2067853568e-02 4.6976900004e-02 5.0909535640e-03
1.5258789062e+01 4.3969070574e-02 3.9442764302e-02 4.5263062727e-03
1.5319824219e+01 3.6750545312e-02 3.2718627969e-02 4.0319173437e-03
1.5380859375e+01 3.0442955530e-02 2.6835792796e-02 3.6071627334e-03
1.5441894531e+01 2.5041233146e-02 2.1791942022e-02 3.2492911246e-03
1.5502929688e+01 2.0507450177e-02 1.7553732473e-02 2.9537177039e-03
1.5563964844e+01 1.6777293436e-02 1.4062824850e-02 2.7144685860e-03
1.5625000000e+01 1.3767030917e-02 1.1242292895e-02 2.5247380217e-03
1.5686035156e+01 1.1381925883e-02 9.0045871092e-03 2.3773387734e-03
1.5747070312e+01 9.5240242563e-03 7.2588628149e-03 2.2651614415e-03
1.5808105469e+01 8.0988809870e-03 5.9172681398e-03 2.1816128472e-03
1.5869140625e+01 7.0189770442e-03 4.8982737950e-03 2.1207032492e-03
1.5930175781e+01 6.2078685282e-03 4.1306071689e-03 2.0772613594e-03
1.5991210938e+01 5.6019681762e-03 3.5549110402e-03 2.0470571359e-03
1.6052246094e+01 5.1487391484e-03 3.1221387336e-03 2.0266004148e-03
1.6113281250e+01 4.8072264719e-03 2.7940470483e-03 2.0131794236e-03
1.6174316406e+01 4.5466879288e-03 2.5419172332e-03 2.0047706957e-03
1.6235351562e+01 4.3436864860e-03 2.3438512143e-03 1.9998352717e-03
1.6296386719e+01 4.1814965002e-03 2.1842076837e-03 1.9972888165e-03
1.6357421875e+01 4.0483680384e-03 2.0519672238e-03 1.9964008145e-03
1.6418457031e+01 3.9360591989e-03 1.9393610867e-03 1.9966981123e-03
1.6479492188e+01 3.8395056904e-03 1.8415570194e-03 1.9979486710e-03
1.6540527344e+01 3.7549438257e-03 1.7549075453e-03 2.0000362804e-03
1.6601562500e+01 3.6802133401e-03 1.6772368967e-03 2.0029764434e-03
1.6662597656e+01 3.6135843664e-03 1.6067475861e-03 2.0068367803e-03
1.6723632812e+01 3.5538633932e-03 1.5421403334e-03 2.0117230597e-03
1.6784667969e+01 3.5004919225e-03 1.4827217386e-03 2.0177701839e-03
1.6845703125e+01 3.4531517912e-03 1.4280472471e-03 2.0251045441e-03
1.6906738281e+01 3.4115795046e-03 1.3777601703e-03 2.0338193343e-03
1.6967773438e+01 3.3755031184e-03 1.3315411777e-03 2.0439619407e-03
1.7028808594e+01 3.3446127027e-03 1.2890834809e-03 2.0555292218e-03
1.7089843750e+01 3.3185521473e-03 1.2500818307e-03 2.0684703166e-03
1.7150878906e+01 3.2969181233e-03 1.2142214201e-03 2.0826967032e-03
1.7211914062e+01 3.2792840516e-03 1.1811866901e-03 2.0980973615e-03
1.7272949219e+01 3.2652252854e-03 1.1506669651e-03 2.1145583203e-03
1.7333984375e+01 3.2543477500e-03 1.1223642254e-03 2.1319835246e-03
1.7395019531e+01 3.2463207842e-03 1.0960064670e-03 2.1503143172e-03
1.7456054688e+01 3.2409064687e-03 1.0713582948e-03 2.1695481739e-03
1.7517089844e+01 3.2379764517e-03 1.0482256803e-03 2.1897507714e-03
1.7578125000e+01 3.2375239361e-03 1.0264606492e-03 2.2110632869e-03
1.7639160156e+01 3.2396658617e-03 1.0059630616e-03 2.2337028001e-03
1.7700195312e+01 3.2446378790e-03 9.8667639873e-04 2.2579614802e-03
1.7761230469e+01 3.2527804342e-03 9.6857774831e-04 2.2842026859e-03
1.7822265625e+01 3.2645273910e-03 9.5167401753e-04 2.3128533735e-03
1.7883300781e+01 3.2803926531e-03 9.3599190342e-04 2.3444007497e-03
1.7944335938e+01 3.3009476916e-03 9.2156653776e-04 2.3793811539e-03
1.8005371094e+01 3.3268301491e-03 9.0843805199e-04 2.4183920971e-03
1.8066406250e+01 3.3587545984e-03 8.9664369775e-04 2.4621109007e-03
1.8127441406e+01 3.3975471281e-03 8.8621551440e-04 2.5113316137e-03
1.8188476562e+01 3.4444214158e-03 8.7718165347e-04 2.5672397623e-03
1.8249511719e+01 3.5014245004e-03 8.6957041981e-04 2.6318540806e-03
1.8310546875e+01 3.5709781620e-03 8.6341497461e-04 2.7075631874e-03
1.8371582031e+01 3.6559851715e-03 8.5875686980e-04 2.7972283017e-03
1.8432617188e+01 3.7614628730e-03 8.5566907369e-04 2.9057937993e-03
1.8493652344e+01 3.8940315321e-03 8.5424186722e-04 3.0397896649e-03
1.8554687500e+01 4.0642813394e-03 8.5464656870e-04 3.2096347707e-03
1.8615722656e+01 4.2875944437e-03 8.5714183463e-04 3.4304526091e-03
1.8676757812e+01 4.5858642564e-03 8.6212143998e-04 3.7237428164e-03
1.8737792969e+01 4.9899637918e-03 8.7018754521e-04 4.1197762466e-03
1.8798828125e+01 5.5411123200e-03 8.8218178607e-04 4.6589305339e-03
1.8859863281e+01 6.2936489182e-03 8.9928607979e-04 5.3943628384e-03
1.8920898438e+01 7.3177824604e-03 9.2313934192e-04 6.3946431184e-03
1.8981933594e+01 8.6998866575e-03 9.5589154386e-04 7.7439951136e-03
1.9042968750e+01 1.0543044700e-02 1.0003542477e-03 9.5426904521e-03
1.9104003906e+01 1.2964279034e-02 1.0600239441e-03 1.1904255090e-02
1.9165039062e+01 1.6090397157e-02 1.1391580798e-03 1.4951239077e-02
1.9226074219e+01 2.0053017458e-02 1.2429438610e-03 1.8810073597e-02
1.9287109375e+01 2.4976723568e-02 1.3772220906e-03 2.3599501477e-02
1.9348144531e+01 3.0969066302e-02 1.5485145271e-03 2.9420551775e-02
1.9409179688e+01 3.8108321064e-02 1.7638674211e-03 3.6344453643e-02
1.9470214844e+01 4.6431698363e-02 2.0306474066e-03 4.4401050956e-02
1.9531250000e+01 5.5923787218e-02 2.3560703214e-03 5.3567716896e-02
1.9592285156e+01 6.6510533137e-02 2.7469858901e-03 6.3763547247e-02
1.9653320312e+01 7.8056925195e-02 3.2095353288e-03 7.4847389867e-02
1.9714355469e+01 9.0370294136e-02 3.7488650336e-03 8.6621429102e-02
1.9775390625e+01 1.0320922940e-01 4.3687771461e-03 9.8840452250e-02
1.9836425781e+01 1.1629644396e-01 5.0713490730e-03 1.1122509489e-01
1.9897460938e+01 1.2933786154e-01 5.8570830567e-03 1.2348077848e-01
1.9958496094e+01 1.4204380931e-01 6.7250630997e-03 1.3531874621e-01
2.0019531250e+01 1.5414727280e-01 7.6727865111e-03 1.4647448629e-01
2.0080566406e+01 1.6542040380e-01 8.6961404553e-03 1.5672426335e-01
2.0141601562e+01 1.7569130439e-01 9.7902254493e-03 1.6590107895e-01
2.0202636719e+01 1.8485396157e-01 1.0949682182e-02 1.7390427939e-01
2.0263671875e+01 1.9287010459e-01 1.2168852264e-02 1.8070125233e-01
2.0324707031e+01 1.9976720623e-01 1.3442070952e-02 1.8632513528e-01
2.0385742188e+01 2.0563341937e-01 1.4764330119e-02 1.9086908925e-01
2.0446777344e+01 2.1060584079e-01 1.6131435158e-02 1.9447440563e-01
2.0507812500e+01 2.1485810435e-01 1.7540412541e-02 1.9731769181e-01
2.0568847656e+01 2.1858309613e-01 1.8989004271e-02 1.9959409185e-01
2.0629882812e+01 2.2198008203e-01 2.0476111510e-02 2.0150397052e-01
2.0690917969e+01 2.2524155800e-01 2.2001867884e-02 2.0323969011e-01
2.0751953125e+01 2.2853874737e-01 2.3566798409e-02 2.0497194896e-01
2.0812988281e+01 2.3201226092e-01 2.5171622969e-02 2.0684063795e-01
2.0874023438e+01 2.3576461164e-01 2.6816823435e-02 2.0894778820e-01
2.0935058594e+01 2.3985540910e-01 2.8502233331e-02 2.1135317577e-01
2.0996093750e+01 2.4429796734e-01 3.0226337531e-02 2.1407162981e-01
2.1057128906e+01 2.4905841791e-01 3.1985609366e-02 2.1707280854e-01
2.1118164062e+01 2.5405967970e-01 3.3774655936e-02 2.2028502377e-01
2.1179199219e+01 2.5918511256e-01 3.5585656719e-02 2.2359945584e-01
2.1240234375e+01 2.6428763350e-01 3.7408844740e-02 2.2687878876e-01
2.1301269531e+01 2.6920020260e-01 3.9232908500e-02 2.2996729410e-01
2.1362304688e+01 2.7374935085e-01 4.1045877189e-02 2.3270347366e-01
2.1423339844e+01 2.7777148438e-01 4.2836443824e-02 2.3493504056e-01
2.1484375000e+01 2.8112787933e-01 4.4595231008e-02 2.3653264832e-01
2.1545410156e+01 2.8371783503e-01 4.6316110334e-02 2.3740172469e-01
2.1606445312e+01 2.8549101293e-01 4.7997354916e-02 2.3749365802e-01
2.1667480469e+01 2.8645342768e-01 4.9642617022e-02 2.3681081066e-01
2.1728515625e+01 2.8666876902e-01 5.1261012506e-02 2.3540775651e-01
2.1789550781e+01 2.8625322953e-01 5.2866678219e-02 2.3338655132e-01
2.1850585938e+01 2.8536776807e-01 5.4478739000e-02 2.3088902907e-01
2.1911621094e+01 2.8420616830e-01 5.6120453114e-02 2.2808571519e-01
2.1972656250e+01 2.8297627787e-01 5.7816888272e-02 2.2515938960e-01
2.2033691406e+01 2.8188431824e-01 5.9593365595e-02 2.2229095265e-01
2.2094726562e+01 2.8112162386e-01 6.1473800636e-02 2.1964782322e-01
2.2155761719e+01 2.8084817810e-01 6.3477913388e-02 2.1737026471e-01
2.2216796875e+01 2.8118510227e-01 6.5619719416e-02 2.1556538285e-01
2.2277832031e+01 2.8220750525e-01 6.7905487480e-02 2.1430201777e-01
2.2338867188e+01 2.8393941072e-01 7.0331729744e-02 2.1360768097e-01
2.2399902344e+01 2.8635786764e-01 7.2884392406e-02 2.1347347523e-01
2.2460937500e+01 2.8939602879e-01 7.5538050288e-02 2.1385797850e-01
2.2521972656e+01 2.9295250154e-01 7.8256533432e-02 2.1469596810e-01
2.2583007812e+01 2.9690014998e-01 8.0993654090e-02 2.1590649589e-01
2.2644042969e+01 3.0109843936e-01 8.3695250597e-02 2.1740318876e-01
2.2705078125e+01 3.0542641448e-01 8.6307436945e-02 2.1911897754e-01
2.2766113281e+01 3.0981162081e-01 8.8784595191e-02 2.2102702562e-01
2.2827148438e+01 3.1425783988e-01 9.1098058182e-02 2.2315978170e-01
2.2888183594e+01 3.1887653993e-01 9.3246593264e-02 2.2562994666e-01
2.2949218750e+01 3.2391599589e-01 9.5266925373e-02 2.2864907052e-01
2.3010253906e+01 3.2977189285e-01 9.7239922713e-02 2.3253197013e-01
2.3071289062e+01 3.3698349495e-01 9.9293116601e-02 2.3769037835e-01
2.3132324219e+01 3.4620667369e-01 1.0159643684e-01 2.4461023685e-01
2.3193359375e+01 3.5815895374e-01 1.0435001698e-01 2.5380893676e-01
2.3254394531e+01 3.7353445050e-01 1.0776303880e-01 2.6577141170e-01
2.3315429688e+01 3.9290723439e-01 1.1202818945e-01 2.8087904494e-01
2.3376464844e+01 4.1662582449e-01 1.1729181597e-01 2.9933400852e-01
2.3437500000e+01 4.4471355828e-01 1.2362479229e-01 3.2108876598e-01
2.3498535156e+01 4.7679148367e-01 1.3099818589e-01 3.4579329779e-01
2.3559570312e+01 5.1204227140e-01 1.3926876420e-01 3.7277350720e-01
2.3620605469e+01 5.4922089000e-01 1.4817683934e-01 4.0104405066e-01
2.3681640625e+01 5.8672178973e-01 1.5735916912e-01 4.2936262061e-01
2.3742675781e+01 6.2269301985e-01 1.6637517467e-01 4.5631784518e-01
2.3803710938e+01 6.5518860499e-01 1.7474396410e-01 4.8044464090e-01
2.3864746094e+01 6.8234351279e-01 1.8198863376e-01 5.0035487903e-01
2.3925781250e+01 7.0254457151e-01 1.8768099128e-01 5.1486358022e-01
2.3986816406e+01 7.1457912804e-01 1.9148172399e-01 5.2309740405e-01
2.4047851562e+01 7.1774125366e-01 1.9317053989e-01 5.2457071377e-01
2.4108886719e+01 7.1188317781e-01 1.9266280184e-01 5.1922037597e-01
2.4169921875e+01 6.9740546169e-01 1.9001059696e-01 5.0739486473e-01
2.4230957031e+01 6.7518855702e-01 1.8538849541e-01 4.8980006161e-01
2.4291992188e+01 6.4648163462e-01 1.7906798045e-01 4.6741365417e-01
2.4353027344e+01 6.1275974814e-01 1.7138296511e-01 4.4137678303e-01
2.4414062500e+01 5.7557380658e-01 1.6269279310e-01 4.1288101348e-01
2.4475097656e+01 5.3641026479e-01 1.5334700270e-01 3.8306326208e-01
2.4536132812e+01 4.9657728264e-01 1.4365631552e-01 3.5292096713e-01
2.4597167969e+01 4.5712904590e-01 1.3387309363e-01 3.2325595227e-01
2.4658203125e+01 4.1883128030e-01 1.2418219331e-01 2.9464908699e-01
2.4719238281e+01 3.8216625120e-01 1.1470198916e-01 2.6746426204e-01
2.4780273438e+01 3.4736956974e-01 1.0549364828e-01 2.4187592145e-01
2.4841308594e+01 3.1448970532e-01 9.6576459860e-02 2.1791324546e-01
2.4902343750e+01 2.8345599771e-01 8.7945330919e-02 1.9551066679e-01
2.4963378906e+01 2.5414305414e-01 7.9587117719e-02 1.7455593642e-01
2.5024414062e+01 2.2642671682e-01 7.1494726576e-02 1.5493199025e-01
2.5085449219e+01 2.0022480469e-01 6.3677071001e-02 1.3654773369e-01
2.5146484375e+01 1.7551500390e-01 5.6162399275e-02 1.1935260463e-01
2.5207519531e+01 1.5233594407e-01 4.8996890755e-02 1.0333905332e-01
2.5268554688e+01 1.3077630384e-01 4.2239871778e-02 8.8536432065e-02
2.5329589844e+01 1.1094981897e-01 3.5955265026e-02 7.4994553948e-02
2.5390625000e+01 9.2969565881e-02 3.0202987355e-02 6.2766578525e-02
2.5451660156e+01 7.6923833716e-02 2.5031024195e-02 5.1892809521e-02
2.5512695312e+01 6.2855707282e-02 2.0469043726e-02 4.2386663555e-02
2.5573730469e+01 5.0751769226e-02 1.6525113173e-02 3.4226656054e-02
2.5634765625e+01 4.0539816676e-02 1.3185182008e-02 2.7354634668e-02
2.5695800781e+01 3.2097272173e-02 1.0415991545e-02 2.1681280628e-02
2.5756835938e+01 2.5263396828e-02 8.1693890701e-03 1.7094007757e-02
2.5817871094e+01 1.9842426191e-02 6.3846027764e-03 1.3457823414e-02
2.5878906250e+01 1.5623885835e-02 4.9948568495e-03 1.0629028986e-02
2.5939941406e+01 1.2401372244e-02 3.9334953973e-03 8.4678768465e-03
2.6000976562e+01 9.9821386721e-03 3.1376066292e-03 6.8445320429e-03
2.6062011719e+01 8.1925416254e-03 2.5501784692e-03 5.6423631562e-03
2.6123046875e+01 6.8845867654e-03 2.1223622468e-03 4.7622245186e-03
2.6184082031e+01 5.9358652986e-03 1.8136316338e-03 4.1222336649e-03
2.6245117188e+01 5.2489485858e-03 1.5916509285e-03 3.6572976573e-03
2.6306152344e+01 4.7485873043e-03 1.4314103296e-03 3.3171769747e-03
2.6367187500e+01 4.3795684044e-03 1.3145273706e-03 3.0650410339e-03
2.6428222656e+01 4.1011089271e-03 1.2274315964e-03 2.8736773307e-03
2.6489257812e+01 3.8846623194e-03 1.1606243255e-03 2.7240379939e-03
2.6550292969e+01 3.7104805672e-03 1.1075397394e-03 2.6029408279e-03
2.6611328125e+01 3.5652856470e-03 1.0637684454e-03 2.5015172015e-03
2.6672363281e+01 3.4405918449e-03 1.0265009402e-03 2.4140909047e-03
2.6733398438e+01 3.3312715286e-03 9.9404946498e-04 2.3372220636e-03
2.6794433594e+01 3.2340311414e-03 9.6533689514e-04 2.2686942462e-03
2.6855468750e+01 3.1456014648e-03 9.3928058987e-04 2.2063208749e-03
2.6916503906e+01 3.0640037263e-03 9.1522824456e-04 2.1487754818e-03
2.6977539062e+01 2.9884019415e-03 8.9291259360e-04 2.0954893479e-03
2.7038574219e+01 2.9182262974e-03 8.7215452609e-04 2.0460717713e-03
2.7099609375e+01 2.8529905756e-03 8.5280278095e-04 2.0001877946e-03
2.7160644531e+01 2.7922363527e-03 8.3471501820e-04 1.9575213346e-03
2.7221679688e+01 2.7355103515e-03 8.1775079184e-04 1.9177595597e-03
2.7282714844e+01 2.6823481681e-03 8.0176680583e-04 1.8805813623e-03
2.7343750000e+01 2.6322839753e-03 7.8661979858e-04 1.8456641767e-03
2.7404785156e+01 2.5848590124e-03 7.7216927674e-04 1.8126897356e-03
2.7465820312e+01 2.5396379759e-03 7.5828306594e-04 1.7813549099e-03
2.7526855469e+01 2.4962140244e-03 7.4483908413e-04 1.7513749402e-03
2.7587890625e+01 2.4542284810e-03 7.3173142443e-04 1.7224970565e-03
2.7648925781e+01 2.4133797341e-03 7.1887298216e-04 1.6945067520e-03
2.7709960938e+01 2.3734273564e-03 7.0619675142e-04 1.6672306049e-03
2.7770996094e+01 2.3341978808e-03 6.9365725746e-04 1.6405406234e-03
2.7832031250e+01 2.2955830716e-03 6.8122956515e-04 1.6143535064e-03
2.7893066406e+01 2.2575335993e-03 6.6890703731e-04 1.5886265620e-03
2.7954101562e+01 2.2200513483e-03 6.5669842732e-04 1.5633529210e-03
2.8015136719e+01 2.1831806481e-03 6.4462509645e-04 1.5385555516e-03
2.8076171875e+01 2.1469980465e-03 6.3271755889e-04 1.5142804876e-03
2.8137207031e+01 2.1116033268e-03 6.2101262658e-04 1.4905907002e-03
2.8198242188e+01 2.0771081018e-03 6.0955003660e-04 1.4675580652e-03
2.8259277344e+01 2.0436256159e-03 5.9836945593e-04 1.4452561600e-03
2.8320312500e+01 2.0112612282e-03 5.8750784072e-04 1.4237533874e-03
2.8381347656e+01 1.9801061263e-03 5.7699795244e-04 1.4031081738e-03
2.8442382812e+01 1.9502283711e-03 5.6686592198e-04 1.3833624491e-03
2.8503417969e+01 1.9216669218e-03 5.5712982578e-04 1.3645370960e-03
2.8564453125e+01 1.8944298142e-03 5.4779930555e-04 1.3466305086e-03
2.8625488281e+01 1.8684914276e-03 5.3887508089e-04 1.3296163467e-03
2.8686523438e+01 1.8437942816e-03 5.3034940144e-04 1.3134448802e-03
2.8747558594e+01 1.8202547575e-03 5.2220766651e-04 1.2980470910e-03
2.8808593750e+01 1.7977692827e-03 5.1442997251e-04 1.2833393102e-03
2.8869628906e+01 1.7762245224e-03 5.0699384907e-04 1.2692306733e-03
2.8930664062e+01 1.7555052207e-03 4.9987596718e-04 1.2556292535e-03
2.8991699219e+01 1.7355038284e-03 4.9305440473e-04 1.2424494237e-03
2.9052734375e+01 1.7161301113e-03 4.8651102242e-04 1.2296190889e-03
2.9113769531e+01 1.6973138520e-03 4.8023163443e-04 1.2170822176e-03
2.9174804688e+01 1.6790070631e-03 4.7420637523e-04 1.2048006879e-03
2.9235839844e+01 1.6611847977e-03 4.6842968321e-04 1.1927551145e-03
2.9296875000e+01 1.6438433982e-03 4.6289964968e-04 1.1809437485e-03
2.9357910156e+01 1.6269955239e-03 4.5761673921e-04 1.1693787847e-03
2.9418945312e+01 1.6106668791e-03 4.5258309045e-04 1.1580837887e-03
2.9479980469e+01 1.5948912866e-03 4.4780150789e-04 1.1470897787e-03
2.9541015625e+01 1.5797074351e-03 4.4327488071e-04 1.1364325544e-03
2.9602050781e+01 1.5651540199e-03 4.3900543923e-04 1.1261485806e-03
2.9663085938e+01 1.5512690283e-03 4.3499497217e-04 1.1162740562e-03
2.9724121094e+01 1.5380871603e-03 4.3124454998e-04 1.1068426103e-03
2.9785156250e+01 1.5256359365e-03 4.2775369057e-04 1.0978822459e-03
2.9846191406e+01 1.5139319445e-03 4.2451970994e-04 1.0894122345e-03
2.9907226562e+01 1.5029789086e-03 4.2153724511e-04 1.0814416635e-03
2.9968261719e+01 1.4927638267e-03 4.1879724286e-04 1.0739665838e-03
3.0029296875e+01 1.4832524752e-03 4.1628556817e-04 1.0669669071e-03
3.0090332031e+01 1.4743905095e-03 4.1398336259e-04 1.0604071469e-03
3.0151367188e+01 1.4661031671e-03 4.1186674230e-04 1.0542364248e-03
3.0212402344e+01 1.4582983539e-03 4.0990745137e-04 1.0483909026e-03
3.0273437500e+01 1.4508717780e-03 4.0807430742e-04 1.0427974706e-03
3.0334472656e+01 1.4437157623e-03 4.0633550243e-04 1.0373802598e-03
3.0395507812e+01 1.4367280591e-03 4.0466109728e-04 1.0320669619e-03
3.0456542969e+01 1.4298189461e-03 4.0302493942e-04 1.0267940067e-03
3.0517578125e+01 1.4229178202e-03 4.0140647724e-04 1.0215113430e-03
3.0578613281e+01 1.4159798433e-03 3.9979272204e-04 1.0161871213e-03
3.0639648438e+01 1.4089881709e-03 3.9817885826e-04 1.0108093126e-03
3.0700683594e+01 1.4019508602e-03 3.9656727042e-04 1.0053835898e-03
3.0761718750e+01 1.3948992428e-03 3.9496693108e-04 9.9993231176e-04
3.0822753906e+01 1.3878822513e-03 3.9339168505e-04 9.9449056626e-04
3.0883789062e+01 1.3809573308e-03 3.9185745109e-04 9.8909987976e-04
3.0944824219e+01 1.3741837536e-03 3.9038003845e-04 9.8380371514e-04
3.1005859375e+01 1.3676149310e-03 3.8897272993e-04 9.7864220106e-04
3.1066894531e+01 1.3612915352e-03 3.8764412949e-04 9.7364740576e-04
3.1127929688e+01 1.3552393628e-03 3.8639742039e-04 9.6884194245e-04
3.1188964844e+01 1.3494663780e-03 3.8522961018e-04 9.6423676781e-04
3.1250000000e+01 1.3439627864e-03 3.8413167352e-04 9.5983111286e-04
3.1311035156e+01 1.3387032301e-03 3.8308940411e-04 9.5561382598e-04
3.1372070312e+01 1.3336502165e-03 3.8208489161e-04 9.5156532487e-04
3.1433105469e+01 1.3287591034e-03 3.8109838014e-04 9.4766072325e-04
3.1494140625e+01 1.3239827655e-03 3.8011007475e-04 9.4387269074e-04
3.1555175781e+01 1.3192772047e-03 3.7910222498e-04 9.4017497974e-04
3.1616210938e+01 1.3146057624e-03 3.7806075546e-04 9.3654500697e-04
3.1677246094e+01 1.3099416968e-03 3.7697617869e-04 9.3296551806e-04
3.1738281250e+01 1.3052702497e-03 3.7584420826e-04 9.2942604144e-04
3.1799316406e+01 1.3005883787e-03 3.7466561410e-04 9.2592276458e-04
3.1860351562e+01 1.2959023522e-03 3.7344531393e-04 9.2245703826e-04
3.1921386719e+01 1.2912258861e-03 3.7219134527e-04 9.1903454088e-04
3.1982421875e+01 1.2865765215e-03 3.7091342003e-04 9.1566310143e-04
3.2043457031e+01 1.2819735987e-03 3.6962192829e-04 9.1235167042e-04
3.2104492188e+01 1.2774360024e-03 3.6832673185e-04 9.0910927054e-04
3.2165527344e+01 1.2729820563e-03 3.6703689912e-04 9.0594515715e-04
3.2226562500e+01 1.2686308616e-03 3.6576082989e-04 9.0287003169e-04
3.2287597656e+01 1.2644040833e-03 3.6450656403e-04 8.9989751931e-04
3.2348632812e+01 1.2603279470e-03 3.6328252497e-04 8.9704542204e-04
3.2409667969e+01 1.2564363588e-03 3.6209847851e-04 8.9433788030e-04
3.2470703125e+01 1.2527724252e-03 3.6096620389e-04 8.9180622127e-04
3.2531738281e+01 1.2493882912e-03 3.5989972226e-04 8.8948856892e-04
3.2592773438e+01 1.2463447143e-03 3.5891555610e-04 8.8742915825e-04
3.2653808594e+01 1.2437079138e-03 3.5803200773e-04 8.8567590603e-04
3.2714843750e+01 1.2415454246e-03 3.5726819158e-04 8.8427723298e-04
3.2775878906e+01 1.2399221118e-03 3.5664301352e-04 8.8327909832e-04
3.2836914062e+01 1.2388946463e-03 3.5617364534e-04 8.8272100101e-04
3.2897949219e+01 1.2385082939e-03 3.5587455104e-04 8.8263374281e-04
3.2958984375e+01 1.2387932960e-03 3.5575618210e-04 8.8303711393e-04
3.3020019531e+01 1.2397621730e-03 3.5582424863e-04 8.8393792440e-04
3.3081054688e+01 1.2414088916e-03 3.5607913456e-04 8.8532975704e-04
3.3142089844e+01 1.2437082854e-03 3.5651570125e-04 8.8719258419e-04
3.3203125000e+01 1.2466145608e-03 3.5712263807e-04 8.8949192275e-04
3.3264160156e+01 1.2500636769e-03 3.5788303387e-04 8.9218064307e-04
3.3325195312e+01 1.2539731826e-03 3.5877427182e-04 8.9519891077e-04
3.3386230469e+01 1.2582439581e-03 3.5976841411e-04 8.9847554394e-04
3.3447265625e+01 1.2627624539e-03 3.6083278361e-04 9.0192967025e-04
3.3508300781e+01 1.2674038674e-03 3.6193079838e-04 9.0547306902e-04
3.3569335938e+01 1.2720354902e-03 3.6302294856e-04 9.0901254159e-04
3.3630371094e+01 1.2765207821e-03 3.6406789883e-04 9.1245288329e-04
3.3691406250e+01 1.2807254840e-03 3.6502429250e-04 9.1570119150e-04
3.3752441406e+01 1.2845218279e-03 3.6585216684e-04 9.1866966106e-04
3.3813476562e+01 1.2877939737e-03 3.6651463426e-04 9.2127933947e-04
3.3874511719e+01 1.2904416665e-03 3.6697923553e-04 9.2346243101e-04
3.3935546875e+01 1.2923839503e-03 3.6721928098e-04 9.2516466930e-04
3.3996582031e+01 1.2935602641e-03 3.6721446276e-04 9.2634580136e-04
3.4057617188e+01 1.2939321238e-03 3.6695163208e-04 9.2698049170e-04
3.4118652344e+01 1.2934814962e-03 3.6642451446e-04 9.2705698171e-04
3.4179687500e+01 1.2922085280e-03 3.6563316607e-04 9.2657536190e-04
3.4240722656e+01 1.2901272000e-03 3.6458267439e-04 9.2554452559e-04
3.4301757812e+01 1.2872628444e-03 3.6328235671e-04 9.2398048773e-04
3.4362792969e+01 1.2836474228e-03 3.6174418048e-04 9.2190324234e-04
3.4423828125e+01 1.2793168436e-03 3.5998170336e-04 9.1933514024e-04
3.4484863281e+01 1.2743073035e-03 3.5800872639e-04 9.1629857715e-04
3.4545898438e+01 1.2686533154e-03 3.5583845313e-04 9.1281486231e-04
3.4606933594e+01 1.2623865557e-03 3.5348285144e-04 9.0890370429e-04
3.4667968750e+01 1.2555362981e-03 3.5095256351e-04 9.0458373456e-04
3.4729003906e+01 1.2481290030e-03 3.4825661751e-04 8.9987238547e-04
3.4790039062e+01 1.2401900446e-03 3.4540294663e-04 8.9478709801e-04
3.4851074219e+01 1.2317447046e-03 3.4239868919e-04 8.8934601543e-04
3.4912109375e+01 1.2228200383e-03 3.3925081753e-04 8.8356922078e-04
3.4973144531e+01 1.2134462794e-03 3.3596669550e-04 8.7747958394e-04
3.5034179688e+01 1.2036585163e-03 3.3255486212e-04 8.7110365415e-04
3.5095214844e+01 1.1934968404e-03 3.2902518952e-04 8.6447165092e-04
3.5156250000e+01 1.1830061280e-03 3.2538908940e-04 8.5761703862e-04
3.5217285156e+01 1.1722364233e-03 3.2165981824e-04 8.5057660508e-04
3.5278320312e+01 1.1612412992e-03 3.1785208947e-04 8.4338920978e-04
3.5339355469e+01 1.1500777881e-03 3.1398215822e-04 8.3609562992e-04
3.5400390625e+01 1.1388035838e-03 3.1006700372e-04 8.2873658010e-04
3.5461425781e+01 1.1274759272e-03 3.0612392196e-04 8.2135200526e-04
3.5522460938e+01 1.1161503323e-03 3.0217015498e-04 8.1398017733e-04
3.5583496094e+01 1.1048789680e-03 2.9822228644e-04 8.0665668155e-04
3.5644531250e+01 1.0937088726e-03 2.9429567865e-04 7.9941319397e-04
3.5705566406e+01 1.0826820071e-03 2.9040430510e-04 7.9227770200e-04
3.5766601562e+01 1.0718333460e-03 2.8656031882e-04 7.8527302717e-04
3.5827636719e+01 1.0611912182e-03 2.8277398048e-04 7.7841723771e-04
3.5888671875e+01 1.0507765458e-03 2.7905355344e-04 7.7172299239e-04
3.5949707031e+01 1.0406023419e-03 2.7540520633e-04 7.6519713558e-04
3.6010742188e+01 1.0306736146e-03 2.7183306659e-04 7.5884054798e-04
3.6071777344e+01 1.0209879270e-03 2.6833953570e-04 7.5264839131e-04
3.6132812500e+01 1.0115348835e-03 2.6492523318e-04 7.4660965033e-04
3.6193847656e+01 1.0022973971e-03 2.6158954090e-04 7.4070785623e-04
3.6254882812e+01 9.9325378948e-04 2.5833129806e-04 7.3492249142e-04
3.6315917969e+01 9.8437942523e-04 2.5514936751e-04 7.2923005772e-04
3.6376953125e+01 9.7564938519e-04 2.5204339010e-04 7.2360599509e-04
3.6437988281e+01 9.6704290771e-04 2.4901490115e-04 7.1802800655e-04
3.6499023438e+01 9.5854727554e-04 2.4606821862e-04 7.1247905693e-04
3.6560058594e+01 9.5016193649e-04 2.4321130627e-04 7.0695063022e-04
3.6621093750e+01 9.4190146145e-04 2.4045613589e-04 7.0144532556e-04
3.6682128906e+01 9.3379756017e-04 2.3781875454e-04 6.9597880564e-04
3.6743164062e+01 9.2589896078e-04 2.3531879275e-04 6.9058016803e-04
3.6804199219e+01 9.1826727669e-04 2.3297782771e-04 6.8528944898e-04
3.6865234375e+01 9.1097196560e-04 2.3081769590e-04 6.8015426971e-04
3.6926269531e+01 9.0408104526e-04 2.2885786745e-04 6.7522317781e-04
3.6987304688e+01 8.9764925007e-04 2.2711219185e-04 6.7053705822e-04
3.7048339844e+01 8.9170484179e-04 2.2558548610e-04 6.6611935569e-04
3.7109375000e+01 8.8623761419e-04 2.2427071680e-04 6.6196689739e-04
3.7170410156e+01 8.8118541701e-04 2.2314580275e-04 6.5803961426e-04
3.7231445312e+01 8.7642687229e-04 2.2217208319e-04 6.5425478910e-04
3.7292480469e+01 8.7177742848e-04 2.2129373368e-04 6.5048369480e-04
3.7353515625e+01 8.6699113788e-04 2.2043856566e-04 6.4655257221e-04
3.7414550781e+01 8.6176885016e-04 2.1952030382e-04 6.4224854635e-04
3.7475585938e+01 8.5577340468e-04 2.1844271371e-04 6.3733069097e-04
3.7536621094e+01 8.4864979105e-04 2.1710483364e-04 6.3154495741e-04
3.7597656250e+01 8.4004919245e-04 2.1540707615e-04 6.2464211629e-04
3.7658691406e+01 8.2965411196e-04 2.1325767788e-04 6.1639643408e-04
3.7719726562e+01 8.1720299231e-04 2.1057901704e-04 6.0662397527e-04
3.7780761719e+01 8.0251000407e-04 2.0731274400e-04 5.9519726007e-04
3.7841796875e+01 7.8548017646e-04 2.0342380702e-04 5.8205636944e-04
3.7902832031e+01 7.6611577148e-04 1.9890231110e-04 5.6721346038e-04
3.7963867188e+01 7.4451461856e-04 1.9376341952e-04 5.5075119904e-04
3.8024902344e+01 7.2085999158e-04 1.8804514330e-04 5.3281484828e-04
3.8085937500e+01 6.9540404949e-04 1.8180448515e-04 5.1359956434e-04
3.8146972656e+01 6.6844658934e-04 1.7511235688e-04 4.9333423246e-04
3.8208007812e+01 6.4031144789e-04 1.6804782739e-04 4.7226362050e-04
3.8269042969e+01 6.1132398440e-04 1.6069251288e-04 4.5063147152e-04
3.8330078125e+01 5.8179118696e-04 1.5312555246e-04 4.2866563450e-04
3.8391113281e+01 5.5198782374e-04 1.4542003212e-04 4.0656779162e-04
3.8452148438e+01 5.2214767569e-04 1.3764053750e-04 3.8450713819e-04
3.8513183594e+01 4.9246241456e-04 1.2984267546e-04 3.6261973909e-04
3.8574218750e+01 4.6308481209e-04 1.2207353705e-04 3.4101127504e-04
3.8635253906e+01 4.3413700172e-04 1.1437339884e-04 3.1976360288e-04
3.8696289062e+01 4.0572105524e-04 1.0677810427e-04 2.9894295097e-04
3.8757324219e+01 3.7792953311e-04 9.9321322814e-05 2.7860821029e-04
3.8818359375e+01 3.5085409925e-04 9.2036385949e-05 2.5881771330e-04
3.8879394531e+01 3.2459270615e-04 8.4957740995e-05 2.3963496515e-04
3.8940429688e+01 2.9925164481e-04 7.8121202574e-05 2.2113044224e-04
3.9001464844e+01 2.7494464905e-04 7.1563445010e-05 2.0338120404e-04
3.9062500000e+01 2.5178889850e-04 6.5320787514e-05 1.8646811099e-04
3.9123535156e+01 2.2989839055e-04 5.9427424554e-05 1.7047096599e-04
3.9184570312e+01 2.0937625754e-04 5.3913410235e-05 1.5546284730e-04
3.9245605469e+01 1.9030774185e-04 4.8802891852e-05 1.4150484999e-04
3.9306640625e+01 1.7275387885e-04 4.4112630629e-05 1.2864124822e-04
3.9367675781e+01 1.5674750687e-04 3.9851119419e-05 1.1689638745e-04
3.9428710938e+01 1.4229203584e-04 3.6018473273e-05 1.0627356257e-04
3.9489746094e+01 1.2936177152e-04 3.2606719757e-05 9.6755051764e-05
3.9550781250e+01 1.1790551018e-04 2.9600951888e-05 8.8304558287e-05
3.9611816406e+01 1.0785106404e-04 2.6980641569e-05 8.0870422474e-05
3.9672851562e+01 9.9110648644e-05 2.4721178261e-05 7.4389470383e-05
3.9733886719e+01 9.1586850226e-05 2.2795543201e-05 6.8791307025e-05
3.9794921875e+01 8.5177932064e-05 2.1175759813e-05 6.4002172250e-05
3.9855957031e+01 7.9782367063e-05 1.9834090954e-05 5.9948276109e-05
3.9916992188e+01 7.5302297387e-05 1.8743973947e-05 5.6558323440e-05
3.9978027344e+01 7.1645581457e-05 1.7880534868e-05 5.3765046589e-05
4.0039062500e+01 6.8727479990e-05 1.7221016360e-05 5.1506463630e-05
4.0100097656e+01 6.6471308014e-05 1.6744947253e-05 4.9726360761e-05
4.0161132812e+01 6.4807784781e-05 1.6433963823e-05 4.8373820958e-05
4.0222167969e+01 6.3674754047e-05 1.6271714171e-05 4.7403039876e-05
4.0283203125e+01 6.3016394330e-05 1.6243638452e-05 4.6772755877e-05
4.0344238281e+01 6.2782752985e-05 1.6336868037e-05 4.6445884947e-05
4.0405273438e+01 6.2929046424e-05 1.6540026044e-05 4.6389020380e-05
4.0466308594e+01 6.3415185203e-05 1.6843082401e-05 4.6572102802e-05
4.0527343750e+01 6.4205528567e-05 1.7237316129e-05 4.6968212438e-05
4.0588378906e+01 6.5268657426e-05 1.7715204266e-05 4.7553453160e-05
4.0649414062e+01 6.6576832424e-05 1.8270284737e-05 4.8306547686e-05
4.0710449219e+01 6.8105911553e-05 1.8897135667e-05 4.9208775886e-05
4.0771484375e+01 6.9834887808e-05 1.9591231590e-05 5.0243656219e-05
4.0832519531e+01 7.1745415407e-05 2.0348788761e-05 5.1396626646e-05
4.0893554688e+01 7.3821407405e-05 2.1166661251e-05 5.2654746154e-05
4.0954589844e+01 7.6048303863e-05 2.2042134757e-05 5.4006169105e-05
4.1015625000e+01 7.8412601245e-05 2.2972777343e-05 5.5439823902e-05
4.1076660156e+01 8.0901390904e-05 2.3956302762e-05 5.6945088142e-05
4.1137695312e+01 8.3501985615e-05 2.4990459378e-05 5.8511526237e-05
4.1198730469e+01 8.6201714095e-05 2.6072939802e-05 6.0128774294e-05
4.1259765625e+01 8.8988026783e-05 2.7201426847e-05 6.1786599936e-05
4.1320800781e+01 9.1848599847e-05 2.8373597657e-05 6.3475002191e-05
4.1381835938e+01 9.4771680387e-05 2.9587220250e-05 6.5184460137e-05
4.1442871094e+01 9.7746603456e-05 3.0840321837e-05 6.6906281619e-05
4.1503906250e+01 1.0076420819e-04 3.2131319527e-05 6.8632888658e-05
4.1564941406e+01 1.0381733887e-04 3.3459196914e-05 7.0358141956e-05
4.1625976562e+01 1.0690111589e-04 3.4823595269e-05 7.2077520617e-05
4.1687011719e+01 1.1001327055e-04 3.6224978182e-05 7.3788292369e-05
4.1748046875e+01 1.1315422321e-04 3.7664652236e-05 7.5489570971e-05
4.1809082031e+01 1.1632700414e-04 3.9144767829e-05 7.7182236314e-05
4.1870117188e+01 1.1953690629e-04 4.0668207235e-05 7.8868699059e-05
4.1931152344e+01 1.2279121966e-04 4.2238500486e-05 8.0552719171e-05
4.1992187500e+01 1.2609854625e-04 4.3859525470e-05 8.2239020781e-05
4.2053222656e+01 1.2946830856e-04 4.5535295741e-05 8.3933012815e-05
4.2114257812e+01 1.3290975864e-04 4.7269521899e-05 8.5640236739e-05
4.2175292969e+01 1.3643154671e-04 4.9065370003e-05 8.7366176712e-05
4.2236328125e+01 1.4004101002e-04 5.0925093585e-05 8.9115916438e-05
4.2297363281e+01 1.4374365148e-04 5.2849705699e-05 9.0893945784e-05
4.2358398438e+01 1.4754288440e-04 5.4838752875e-05 9.2704131525e-05
4.2419433594e+01 1.5143994575e-04 5.6890160021e-05 9.4549785725e-05
4.2480468750e+01 1.5543468247e-04 5.9000406880e-05 9.6434275591e-05
4.2541503906e+01 1.5952609475e-04 6.1164638059e-05 9.8361456686e-05
4.2602539062e+01 1.6371405070e-04 6.3377260508e-05 1.0033679019e-04
4.2663574219e+01 1.6800130623e-04 6.5632686294e-05 1.0236861994e-04
4.2724609375e+01 1.7239561111e-04 6.7926174320e-05 1.0446943679e-04
4.2785644531e+01 1.7691226023e-04 7.0254913294e-05 1.0665734694e-04
4.2846679688e+01 1.8157674178e-04 7.2619234512e-05 1.0895750726e-04
4.2907714844e+01 1.8642642625e-04 7.5023435385e-05 1.1140299087e-04
4.2968750000e+01 1.9151207592e-04 7.7476686127e-05 1.1403538980e-04
4.3029785156e+01 1.9689758582e-04 7.9993300651e-05 1.1690428517e-04
4.3090820312e+01 2.0265850824e-04 8.2592521909e-05 1.2006598633e-04
4.3151855469e+01 2.0887846093e-04 8.5297521923e-05 1.2358093901e-04
4.3212890625e+01 2.1564385615e-04 8.8133724133e-05 1.2751013202e-04
4.3273925781e+01 2.2303741332e-04 9.1126615365e-05 1.3191079795e-04
4.3334960938e+01 2.3113006965e-04 9.4298891777e-05 1.3683117787e-04
4.3395996094e+01 2.3997289573e-04 9.7667476115e-05 1.4230541962e-04
4.3457031250e+01 2.4958910613e-04 1.0124050689e-04 1.4834859924e-04
4.3518066406e+01 2.5996794722e-04 1.0501491410e-04 1.5495303312e-04
4.3579101562e+01 2.7106056278e-04 1.0897465272e-04 1.6208591005e-04
4.3640136719e+01 2.8277894883e-04 1.1309013247e-04 1.6968881636e-04
4.3701171875e+01 2.9499796346e-04 1.1731868047e-04 1.7767928299e-04
4.3762207031e+01 3.0756115866e-04 1.2160641722e-04 1.8595474144e-04
4.3823242188e+01 3.2028871337e-04 1.2589109408e-04 1.9439761929e-04
4.3884277344e+01 3.3298793205e-04 1.3010578487e-04 2.0288214718e-04
4.3945312500e+01 3.4546510385e-04 1.3418320265e-04 2.1128190121e-04
4.4006347656e+01 3.5753675618e-04 1.3805977338e-04 2.1947698280e-04
4.4067382812e+01 3.6904037686e-04 1.4167964274e-04 2.2736073412e-04
4.4128417969e+01 3.7984277437e-04 1.4499775443e-04 2.3484501993e-04
4.4189453125e+01 3.8984588545e-04 1.4798195797e-04 2.4186392748e-04
4.4250488281e+01 3.9898956751e-04 1.5061404671e-04 2.4837552080e-04
4.4311523438e+01 4.0725160582e-04 1.5288975391e-04 2.5436185191e-04
4.4372558594e+01 4.1464471495e-04 1.5481756906e-04 2.5982714589e-04
4.4433593750e+01 4.2121169768e-04 1.5641695476e-04 2.6479474292e-04
4.4494628906e+01 4.2701856198e-04 1.5771578855e-04 2.6930277342e-04
4.4555664062e+01 4.3214710605e-04 1.5874758399e-04 2.7339952206e-04
4.4616699219e+01 4.3668694450e-04 1.5954860884e-04 2.7713833565e-04
4.4677734375e+01 4.4072770493e-04 1.6015502943e-04 2.8057267550e-04
4.4738769531e+01 4.4435211229e-04 1.6060034492e-04 2.8375176737e-04
4.4799804688e+01 4.4762971311e-04 1.6091312080e-04 2.8671659231e-04
4.4860839844e+01 4.5061198647e-04 1.6111512763e-04 2.8949685884e-04
4.4921875000e+01 4.5332915361e-04 1.6122010871e-04 2.9210904489e-04
4.4982910156e+01 4.5578831907e-04 1.6123305547e-04 2.9455526359e-04
4.5043945312e+01 4.5797380623e-04 1.6115011341e-04 2.9682369282e-04
4.5104980469e+01 4.5984897694e-04 1.6095926084e-04 2.9888971611e-04
4.5166015625e+01 4.6135979192e-04 1.6064151958e-04 3.0071827234e-04
4.5227050781e+01 4.6244062466e-04 1.6017301789e-04 3.0226760677e-04
4.5288085938e+01 4.6302008052e-04 1.5952716394e-04 3.0349291658e-04
4.5349121094e+01 4.6302834627e-04 1.5867738909e-04 3.0435095718e-04
4.5410156250e+01 4.6240433035e-04 1.5759997007e-04 3.0480436028e-04
4.5471191406e+01 4.6110238208e-04 1.5627653270e-04 3.0482584938e-04
4.5532226562e+01 4.5909782258e-04 1.5469623892e-04 3.0440158366e-04
4.5593261719e+01 4.5639050132e-04 1.5285716727e-04 3.0353333405e-04
4.5654296875e+01 4.5300658557e-04 1.5076709833e-04 3.0223948724e-04
4.5715332031e+01 4.4899805179e-04 1.4844330939e-04 3.0055474240e-04
4.5776367188e+01 4.4443982873e-04 1.4591159547e-04 2.9852823326e-04
4.5837402344e+01 4.3942532038e-04 1.4320470390e-04 2.9622061648e-04
4.5898437500e+01 4.3406038010e-04 1.4036018278e-04 2.9370019731e-04
4.5959472656e+01 4.2845628987e-04 1.3741796493e-04 2.9103832494e-04
4.6020507812e+01 4.2272314828e-04 1.3441821768e-04 2.8830493060e-04
4.6081542969e+01 4.1696297826e-04 1.3139905439e-04 2.8556392387e-04
4.6142578125e+01 4.1126436983e-04 1.2839492250e-04 2.8286944734e-04
4.6203613281e+01 4.0569833012e-04 1.2543545903e-04 2.8026287109e-04
4.6264648438e+01 4.0031584945e-04 1.2254495238e-04 2.7777089707e-04
4.6325683594e+01 3.9514730756e-04 1.1974237133e-04 2.7540493623e-04
4.6386718750e+01 3.9020338108e-04 1.1704178872e-04 2.7316159236e-04
4.6447753906e+01 3.8547845682e-04 1.1445356361e-04 2.7102489320e-04
4.6508789062e+01 3.8095509630e-04 1.1198565853e-04 2.6896943777e-04
4.6569824219e+01 3.7661040974e-04 1.0964542996e-04 2.6696497978e-04
4.6630859375e+01 3.7242305164e-04 1.0744142272e-04 2.6498162891e-04
4.6691894531e+01 3.6838082833e-04 1.0538516272e-04 2.6299566561e-04
4.6752929688e+01 3.6448818963e-04 1.0349277137e-04 2.6099541826e-04
4.6813964844e+01 3.6077315165e-04 1.0178646106e-04 2.5898669060e-04
4.6875000000e+01 3.5729148982e-04 1.0029509886e-04 2.5699639096e-04
4.6936035156e+01 3.5412843258e-04 9.9054014707e-05 2.5507441788e-04
4.6997070312e+01 3.5139604541e-04 9.8103723742e-05 2.5329232167e-04
4.7058105469e+01 3.4922614886e-04 9.7487366683e-05 2.5173878218e-04
4.7119140625e+01 3.4775894480e-04 9.7247040622e-05 2.5051190417e-04
4.7180175781e+01 3.4712741622e-04 9.7418929236e-05 2.4970848698e-04
4.7241210938e+01 3.4743935081e-04 9.8027952801e-05 2.4941139800e-04
4.7302246094e+01 3.4875812677e-04 9.9082123165e-05 2.4967600360e-04
4.7363281250e+01 3.5108550928e-04 1.0056755762e-04 2.5051795166e-04
4.7424316406e+01 3.5434808991e-04 1.0244468981e-04 2.5190340010e-04
4.7485351562e+01 3.5839014218e-04 1.0464655075e-04 2.5374359143e-04
4.7546386719e+01 3.6297415218e-04 1.0707935025e-04 2.5589480193e-04
4.7607421875e+01 3.6779012581e-04 1.0962588375e-04 2.5816424206e-04
4.7668457031e+01 3.7247261961e-04 1.1215135230e-04 2.6032126730e-04
4.7729492188e+01 3.7662503754e-04 1.1451143121e-04 2.6211360632e-04
4.7790527344e+01 3.7984799112e-04 1.1656167681e-04 2.6328631430e-04
4.7851562500e+01 3.8176886918e-04 1.1816735423e-04 2.6360151495e-04
4.7912597656e+01 3.8206965300e-04 1.1921260875e-04 2.6285704425e-04
4.7973632812e+01 3.8050967699e-04 1.1960812122e-04 2.6090155578e-04
4.8034667969e+01 3.7694079395e-04 1.1929618098e-04 2.5764461298e-04
4.8095703125e+01 3.7131417387e-04 1.1825304709e-04 2.5306112679e-04
4.8156738281e+01 3.6367760694e-04 1.1648825172e-04 2.4718935522e-04
4.8217773438e+01 3.5416518847e-04 1.1404120837e-04 2.4012398010e-04
4.8278808594e+01 3.4298018273e-04 1.1097564890e-04 2.3200453382e-04
4.8339843750e+01 3.3037375888e-04 1.0737264053e-04 2.2300111834e-04
4.8400878906e+01 3.1662297007e-04 1.0332326062e-04 2.1329970945e-04
4.8461914062e+01 3.0200945635e-04 9.8921492051e-05 2.0308796430e-04
4.8522949219e+01 2.8680162681e-04 9.4258167957e-05 1.9254345885e-04
4.8583984375e+01 2.7124143009e-04 8.9416533904e-05 1.8182489619e-04
4.8645019531e+01 2.5553657668e-04 8.4469456714e-05 1.7106711997e-04
4.8706054688e+01 2.3985794046e-04 7.9478397999e-05 1.6037954246e-04
4.8767089844e+01 2.2434152640e-04 7.4493823486e-05 1.4984770292e-04
4.8828125000e+01 2.0909314459e-04 6.9556581067e-05 1.3953656352e-04
4.8889160156e+01 1.9419535468e-04 6.4699957141e-05 1.2949539754e-04
4.8950195312e+01 1.7971458440e-04 5.9951811927e-05 1.1976277247e-04
4.9011230469e+01 1.6570727919e-04 5.5336438883e-05 1.1037084031e-04
4.9072265625e+01 1.5222468881e-04 5.0875965813e-05 1.0134872300e-04
4.9133300781e+01 1.3931543673e-04 4.6591084570e-05 9.2724352163e-05
4.9194335938e+01 1.2702622371e-04 4.2501196209e-05 8.4525027502e-05
4.9255371094e+01 1.1540092910e-04 3.8624078925e-05 7.6776850174e-05
4.9316406250e+01 1.0447837481e-04 3.4975154579e-05 6.9503220235e-05
4.9377441406e+01 9.4289723454e-05 3.1566672207e-05 6.2723051246e-05
4.9438476562e+01 8.4855987790e-05 2.8406971753e-05 5.6449016037e-05
4.9499511719e+01 7.6186127425e-05 2.5499967092e-05 5.0686160333e-05
4.9560546875e+01 6.8275946501e-05 2.2844873636e-05 4.5431072866e-05
4.9621582031e+01 6.1108388492e-05 2.0436433136e-05 4.0671955356e-05
4.9682617188e+01 5.4654565548e-05 1.8265317425e-05 3.6389248123e-05
4.9743652344e+01 4.8875829324e-05 1.6318892630e-05 3.2556936695e-05
4.9804687500e+01 4.3726526997e-05 1.4582202627e-05 2.9144324370e-05
4.9865722656e+01 3.9156608712e-05 1.3038825658e-05 2.6117783054e-05
4.9926757812e+01 3.5114090978e-05 1.1671708055e-05 2.3442382923e-05
4.9987792969e+01 3.1547500093e-05 1.0463967709e-05 2.1083532384e-05
5.0048828125e+01 2.8407751526e-05 9.3995057302e-06 1.9008245796e-05
5.0109863281e+01 2.5649323037e-05 8.4633862475e-06 1.7185936790e-05
5.0170898438e+01 2.3230781293e-05 7.6419814077e-06 1.5588799885e-05
5.0231933594e+01 2.1115045340e-05 6.9230641605e-06 1.4191981180e-05
5.0292968750e+01 1.9269027165e-05 6.2956805666e-06 1.2973346599e-05
5.0354003906e+01 1.7663177742e-05 5.7500026329e-06 1.1913175109e-05
5.0415039062e+01 1.6271113028e-05 5.2772048677e-06 1.0993908160e-05
5.0476074219e+01 1.5068799917e-05 4.8692113143e-06 1.0199588603e-05
5.0537109375e+01 1.4034200089e-05 4.5185824911e-06 9.5156175978e-06
5.0598144531e+01 1.3146998333e-05 4.2184221768e-06 8.9285761562e-06
5.0659179688e+01 1.2388369138e-05 3.9623269874e-06 8.4260421507e-06
5.0720214844e+01 1.1740905248e-05 3.7443535184e-06 7.9965517292e-06
5.0781250000e+01 1.1188643205e-05 3.5590368250e-06 7.6296063802e-06
5.0842285156e+01 1.0717036808e-05 3.4013903304e-06 7.3156464773e-06
5.0903320312e+01 1.0313027965e-05 3.2669357832e-06 7.0460921822e-06
5.0964355469e+01 9.9650766841e-06 3.1517057743e-06 6.8133709098e-06
5.1025390625e+01 9.6631416163e-06 3.0522459624e-06 6.6108956540e-06
5.1086425781e+01 9.3986626574e-06 2.9656102307e-06 6.4330524268e-06
5.1147460938e+01 9.1644807502e-06 2.8893329736e-06 6.2751477766e-06
5.1208496094e+01 8.9546804967e-06 2.8213767664e-06 6.1333037303e-06
5.1269531250e+01 8.7644329420e-06 2.7600804661e-06 6.0043524758e-06
5.1330566406e+01 8.5898701348e-06 2.7041171277e-06 5.8857530070e-06
5.1391601562e+01 8.4279133607e-06 2.6524330159e-06 5.7754803448e-06
5.1452636719e+01 8.2761627193e-06 2.6042098436e-06 5.6719528757e-06
5.1513671875e+01 8.1327685402e-06 2.5588184221e-06 5.5739501181e-06
5.1574707031e+01 7.9963030924e-06 2.5157749992e-06 5.4805280932e-06
5.1635742188e+01 7.8656940579e-06 2.4747156560e-06 5.3909784020e-06
5.1696777344e+01 7.7401399070e-06 2.4353681044e-06 5.3047718025e-06
5.1757812500e+01 7.6190637602e-06 2.3975332160e-06 5.2215305442e-06
5.1818847656e+01 7.5020481085e-06 2.3610635710e-06 5.1409845376e-06
5.1879882812e+01 7.3888003372e-06 2.3258534489e-06 5.0629468883e-06
5.1940917969e+01 7.2791068660e-06 2.2918218255e-06 4.9872850405e-06
5.2001953125e+01 7.1728160622e-06 2.2589080720e-06 4.9139079902e-06
5.2062988281e+01 7.0698122014e-06 2.2270638096e-06 4.8427483918e-06
5.2124023438e+01 6.9700047683e-06 2.1962499369e-06 4.7737548314e-06
5.2185058594e+01 6.8733162622e-06 2.1664320788e-06 4.7068841835e-06
5.2246093750e+01 6.7796686657e-06 2.1375760247e-06 4.6420926410e-06
5.2307128906e+01 6.6889814376e-06 2.1096465488e-06 4.5793348888e-06
5.2368164062e+01 6.6011698512e-06 2.0826064667e-06 4.5185633846e-06
5.2429199219e+01 6.5161497098e-06 2.0564188806e-06 4.4597308292e-06
5.2490234375e+01 6.4338334615e-06 2.0310446838e-06 4.4027887777e-06
5.2551269531e+01 6.3541314895e-06 2.0064446737e-06 4.3476868158e-06
5.2612304688e+01 6.2769595959e-06 1.9825824056e-06 4.2943771903e-06
5.2673339844e+01 6.2022374373e-06 1.9594242712e-06 4.2428131661e-06
5.2734375000e+01 6.1298924252e-06 1.9369429736e-06 4.1929494516e-06
5.2795410156e+01 6.0598630476e-06 1.9151191689e-06 4.1447438787e-06
5.2856445312e+01 5.9920995879e-06 1.8939429127e-06 4.0981566752e-06
5.2917480469e+01 5.9265670590e-06 1.8734150634e-06 4.0531519955e-06
5.2978515625e+01 5.8632444337e-06 1.8535461671e-06 4.0096982666e-06
5.3039550781e+01 5.8021211809e-06 1.8343547002e-06 3.9677664808e-06
5.3100585938e+01 5.7431984688e-06 1.8158659443e-06 3.9273325244e-06
5.3161621094e+01 5.6864784410e-06 1.7981049045e-06 3.8883735365e-06
5.3222656250e+01 5.6319605291e-06 1.7810939153e-06 3.8508666137e-06
5.3283691406e+01 5.5796363281e-06 1.7648479166e-06 3.8147884116e-06
5.3344726562e+01 5.5294827080e-06 1.7493698779e-06 3.7801128301e-06
5.3405761719e+01 5.4814569407e-06 1.7346477272e-06 3.7468092135e-06
5.3466796875e+01 5.4354973372e-06 1.7206549346e-06 3.7148424026e-06
5.3527832031e+01 5.3915235609e-06 1.7073506644e-06 3.6841728965e-06
5.3588867188e+01 5.3494342723e-06 1.6946807638e-06 3.6547535085e-06
5.3649902344e+01 5.3091170402e-06 1.6825836781e-06 3.6265333621e-06
5.3710937500e+01 5.2704499767e-06 1.6709933482e-06 3.5994566285e-06
5.3771972656e+01 5.2333062886e-06 1.6598437694e-06 3.5734625192e-06
5.3833007812e+01 5.1975579775e-06 1.6490736873e-06 3.5484842902e-06
5.3894042969e+01 5.1630830564e-06 1.6386297924e-06 3.5244532640e-06
5.3955078125e+01 5.1297681916e-06 1.6284693889e-06 3.5012988027e-06
5.4016113281e+01 5.0975072931e-06 1.6185598609e-06 3.4789474322e-06
5.4077148438e+01 5.0662031244e-06 1.6088785779e-06 3.4573245465e-06
5.4138183594e+01 5.0357683442e-06 1.5994113566e-06 3.4363569876e-06
5.4199218750e+01 5.0061200361e-06 1.5901489071e-06 3.4159711290e-06
5.4260253906e+01 4.9771812892e-06 1.5810850017e-06 3.3960962875e-06
5.4321289062e+01 4.9488752527e-06 1.5722122586e-06 3.3766629941e-06
5.4382324219e+01 4.9211228658e-06 1.5635201944e-06 3.3576026713e-06
5.4443359375e+01 4.8938428699e-06 1.5549936957e-06 3.3388491743e-06
5.4504394531e+01 4.8669523453e-06 1.5466127596e-06 3.3203395857e-06
5.4565429688e+01 4.8403676036e-06 1.5383529923e-06 3.3020146112e-06
5.4626464844e+01 4.8140069654e-06 1.5301872985e-06 3.2838196669e-06
5.4687500000e+01 4.7878015556e-06 1.5220899254e-06 3.2657116301e-06
5.4748535156e+01 4.7616973198e-06 1.5140380732e-06 3.2476592466e-06
5.4809570312e+01 4.7356637700e-06 1.5060158793e-06 3.2296478907e-06
5.4870605469e+01 4.7096966261e-06 1.4980159175e-06 3.2116807086e-06
5.4931640625e+01 4.6838195772e-06 1.4900395698e-06 3.1937800074e-06
5.4992675781e+01 4.6580812874e-06 1.4820970784e-06 3.1759842089e-06
5.5053710938e+01 4.6325515314e-06 1.4742061025e-06 3.1583454289e-06
5.5114746094e+01 4.6073110530e-06 1.4663874973e-06 3.1409235557e-06
5.5175781250e+01 4.5824450522e-06 1.4586642047e-06 3.1237808475e-06
5.5236816406e+01 4.5580268879e-06 1.4510552867e-06 3.1069716012e-06
5.5297851562e+01 4.5341120354e-06 1.4435745017e-06 3.0905375337e-06
5.5358886719e+01 4.5107322296e-06 1.4362280155e-06 3.0745042141e-06
5.5419921875e+01 4.4878906537e-06 1.4290131299e-06 3.0588775237e-06
5.5480957031e+01 4.4655642064e-06 1.4219192771e-06 3.0436449293e-06
5.5541992188e+01 4.4437071596e-06 1.4149292861e-06 3.0287778736e-06
5.5603027344e+01 4.4222591410e-06 1.4080222231e-06 3.0142369179e-06
5.5664062500e+01 4.4011502344e-06 1.4011748397e-06 2.9999753948e-06
5.5725097656e+01 4.3803115927e-06 1.3943647307e-06 2.9859468620e-06
5.5786132812e+01 4.3596764744e-06 1.3875714349e-06 2.9721050395e-06
5.5847167969e+01 4.3391862902e-06 1.3807776248e-06 2.9584086653e-06
5.5908203125e+01 4.3187898858e-06 1.3739688943e-06 2.9448209915e-06
5.5969238281e+01 4.2984427329e-06 1.3671332433e-06 2.9313094896e-06
5.6030273438e+01 4.2781041691e-06 1.3602596759e-06 2.9178444933e-06
5.6091308594e+01 4.2577372171e-06 1.3533384182e-06 2.9043987990e-06
5.6152343750e+01 4.2373053204e-06 1.3463588294e-06 2.8909464910e-06
5.6213378906e+01 4.2167707750e-06 1.3393092454e-06 2.8774615296e-06
5.6274414062e+01 4.1961005356e-06 1.3321787428e-06 2.8639217928e-06
5.6335449219e+01 4.1752675738e-06 1.3249567845e-06 2.8503107893e-06
5.6396484375e+01 4.1542524547e-06 1.3176348876e-06 2.8366175671e-06
5.6457519531e+01 4.1330496114e-06 1.3102082751e-06 2.8228413364e-06
5.6518554688e+01 4.1116703030e-06 1.3026771513e-06 2.8089931517e-06
5.6579589844e+01 4.0901418202e-06 1.2950467969e-06 2.7950950233e-06
5.6640625000e+01 4.0685078430e-06 1.2873283082e-06 2.7811795348e-06
5.6701660156e+01 4.0468269606e-06 1.2795378252e-06 2.7672891354e-06
5.6762695312e+01 4.0251660927e-06 1.2716946516e-06 2.7534714411e-06
5.6823730469e+01 4.0035971470e-06 1.2638205104e-06 2.7397766366e-06
5.6884765625e+01 3.9821897219e-06 1.2559367750e-06 2.7262529469e-06
5.6945800781e+01 3.9610040392e-06 1.2480618135e-06 2.7129422258e-06
5.7006835938e+01 3.9400874635e-06 1.2402101386e-06 2.6998773250e-06
5.7067871094e+01 3.9194690337e-06 1.2323899156e-06 2.6870791181e-06
5.7128906250e+01 3.8991567205e-06 1.2246020909e-06 2.6745546296e-06
5.7189941406e+01 3.8791367055e-06 1.2168395608e-06 2.6622971447e-06
5.7250976562e+01 3.8593735334e-06 1.2090876497e-06 2.6502858837e-06
5.7312011719e+01 3.8398121973e-06 1.2013246507e-06 2.6384875466e-06
5.7373046875e+01 3.8203799099e-06 1.1935224666e-06 2.6268574433e-06
5.7434082031e+01 3.8009894851e-06 1.1856487341e-06 2.6153407509e-06
5.7495117188e+01 3.7815440726e-06 1.1776687327e-06 2.6038753399e-06
5.7556152344e+01 3.7619410414e-06 1.1695472746e-06 2.5923937668e-06
5.7617187500e+01 3.7420750827e-06 1.1612512789e-06 2.5808238038e-06
5.7678222656e+01 3.7218399583e-06 1.1527505736e-06 2.5690893848e-06
5.7739257812e+01 3.7011320188e-06 1.1440195483e-06 2.5571124705e-06
5.7800292969e+01 3.6798508610e-06 1.1350375437e-06 2.5448133173e-06
5.7861328125e+01 3.6579012120e-06 1.1257891790e-06 2.5321120330e-06
5.7922363281e+01 3.6351918163e-06 1.1162631859e-06 2.5189286304e-06
5.7983398438e+01 3.6116358411e-06 1.1064515847e-06 2.5051842564e-06
5.8044433594e+01 3.5871507843e-06 1.0963483766e-06 2.4908024077e-06
5.8105468750e+01 3.5616577937e-06 1.0859474761e-06 2.4757103176e-06
5.8166503906e+01 3.5350817337e-06 1.0752421620e-06 2.4598395716e-06
5.8227539062e+01 3.5073527736e-06 1.0642249837e-06 2.4431277899e-06
5.8288574219e+01 3.4784058332e-06 1.0528865825e-06 2.4255192507e-06
5.8349609375e+01 3.4481867349e-06 1.0412176718e-06 2.4069690631e-06
5.8410644531e+01 3.4166529520e-06 1.0292096875e-06 2.3874432646e-06
5.8471679688e+01 3.3837786917e-06 1.0168568320e-06 2.3669218597e-06
5.8532714844e+01 3.3495569518e-06 1.0041573331e-06 2.3453996187e-06
5.8593750000e+01 3.3140010254e-06 9.9111460354e-07 2.3228864219e-06
5.8654785156e+01 3.2771453432e-06 9.7773818552e-07 2.2994071577e-06
5.8715820312e+01 3.2390437929e-06 9.6404345845e-07 2.2750003344e-06
5.8776855469e+01 3.1997675490e-06 9.5005121994e-07 2.2497163291e-06
5.8837890625e+01 3.1593986711e-06 9.3578611672e-07 2.2236125544e-06
5.8898925781e+01 3.1180279611e-06 9.2127533676e-07 2.1967526243e-06
5.8959960938e+01 3.0757484730e-06 9.0654661935e-07 2.1692018537e-06
5.9020996094e+01 3.0326506624e-06 8.9162704961e-07 2.1410236128e-06
5.9082031250e+01 2.9888208680e-06 8.7654212492e-07 2.1122787430e-06
5.9143066406e+01 2.9443390862e-06 8.6131501699e-07 2.0830240692e-06
5.9204101562e+01 2.8992775080e-06 8.4596650088e-07 2.0533110071e-06
5.9265136719e+01 2.8537038012e-06 8.3051621201e-07 2.0231875892e-06
5.9326171875e+01 2.8076817627e-06 8.1498285306e-07 1.9926989097e-06
5.9387207031e+01 2.7612719690e-06 7.9938498364e-07 1.9618869853e-06
5.9448242188e+01 2.7145360107e-06 7.8374265749e-07 1.9307933532e-06
5.9509277344e+01 2.6675380196e-06 7.6807753447e-07 1.8994604852e-06
5.9570312500e+01 2.6203467173e-06 7.5241374703e-07 1.8679329703e-06
5.9631347656e+01 2.5730360362e-06 7.3677772019e-07 1.8362583160e-06
5.9692382812e+01 2.5256862496e-06 7.2119783499e-07 1.8044884146e-06
5.9753417969e+01 2.4783834762e-06 7.0570372093e-07 1.7726797553e-06
5.9814453125e+01 2.4312179005e-06 6.9032539779e-07 1.7408925027e-06
5.9875488281e+01 2.3842836161e-06 6.7509254234e-07 1.7091910738e-06
5.9936523438e+01 2.3376739835e-06 6.6003285947e-07 1.6776411240e-06
5.9997558594e+01 2.2914795441e-06 6.4517193900e-07 1.6463076051e-06
6.0058593750e+01 2.2457842635e-06 6.3053238936e-07 1.6152518741e-06
6.0119628906e+01 2.2006613173e-06 6.1613307948e-07 1.5845282378e-06
6.0180664062e+01 2.1561728454e-06 6.0199012970e-07 1.5541827157e-06
6.0241699219e+01 2.1123678414e-06 5.8811670044e-07 1.5242511409e-06
6.0302734375e+01 2.0692828564e-06 5.7452388061e-07 1.4947589758e-06
6.0363769531e+01 2.0269443915e-06 5.6122127621e-07 1.4657231153e-06
6.0424804688e+01 1.9853727936e-06 5.4821793976e-07 1.4371548538e-06
6.0485839844e+01 1.9445851359e-06 5.3552271199e-07 1.4090624239e-06
6.0546875000e+01 1.9046014774e-06 5.2314517803e-07 1.3814562994e-06
6.0607910156e+01 1.8654451962e-06 5.1109508224e-07 1.3543501139e-06
6.0668945312e+01 1.8271458393e-06 4.9938244328e-07 1.3277633961e-06
6.0729980469e+01 1.7897382875e-06 4.8801638618e-07 1.3017219013e-06
6.0791015625e+01 1.7532608272e-06 4.7700460988e-07 1.2762562174e-06
6.0852050781e+01 1.7177486227e-06 4.6635161805e-07 1.2513970047e-06
6.0913085938e+01 1.6832277941e-06 4.5605745916e-07 1.2271703349e-06
6.0974121094e+01 1.6497084768e-06 4.4611652800e-07 1.2035919488e-06
6.1035156250e+01 1.6171777241e-06 4.3651615086e-07 1.1806615732e-06
6.1096191406e+01 1.5855922630e-06 4.2723560851e-07 1.1583566545e-06
6.1157226562e+01 1.5548748555e-06 4.1824596967e-07 1.1366288858e-06
6.1218261719e+01 1.5249131329e-06 4.0951025335e-07 1.1154028796e-06
6.1279296875e+01 1.4955610768e-06 4.0098416934e-07 1.0945769075e-06
6.1340332031e+01 1.4666443512e-06 3.9261761616e-07 1.0740267350e-06
6.1401367188e+01 1.4379683057e-06 3.8435695397e-07 1.0536113517e-06
6.1462402344e+01 1.4093290708e-06 3.7614765492e-07 1.0331814158e-06
6.1523437500e+01 1.3805254831e-06 3.6793726623e-07 1.0125882169e-06
6.1584472656e+01 1.3513714578e-06 3.5967818465e-07 9.9169327311e-07
6.1645507812e+01 1.3217083544e-06 3.5133074584e-07 9.7037760854e-07
6.1706542969e+01 1.2914136160e-06 3.4286513802e-07 9.4854847802e-07
6.1767578125e+01 1.2604079633e-06 3.3426318762e-07 9.2614477569e-07
6.1828613281e+01 1.2286576387e-06 3.2551896838e-07 9.0313867030e-07
6.1889648438e+01 1.1961745117e-06 3.1663859521e-07 8.7953591650e-07
6.1950683594e+01 1.1630117603e-06 3.0763912784e-07 8.5537263244e-07
6.2011718750e+01 1.1292573036e-06 2.9854688439e-07 8.3071041921e-07
6.2072753906e+01 1.0950266159e-06 2.8939537574e-07 8.0563124019e-07
6.2133789062e+01 1.0604535710e-06 2.8022263157e-07 7.8023093944e-07
6.2194824219e+01 1.0256814999e-06 2.7106881852e-07 7.5461268133e-07
6.2255859375e+01 9.9085659912e-07 2.6197424733e-07 7.2888235180e-07
6.2316894531e+01 9.5612231676e-07 2.5297768818e-07 7.0314462858e-07
6.2377929688e+01 9.2161487251e-07 2.4411510034e-07 6.7749977217e-07
6.2438964844e+01 8.8746174453e-07 2.3541927549e-07 6.5204246903e-07
6.2500000000e+01 8.5378151039e-07 2.2691967810e-07 6.2686183229e-07
6.2561035156e+01 8.2068370474e-07 2.1864263013e-07 6.0204107461e-07
6.2622070312e+01 7.8827070851e-07 2.1061195443e-07 5.7765875408e-07
6.2683105469e+01 7.5663966629e-07 2.0284959844e-07 5.5379006784e-07
6.2744140625e+01 7.2588431466e-07 1.9537634609e-07 5.3050796858e-07
6.2805175781e+01 6.9609601973e-07 1.8821226914e-07 5.0788375059e-07
6.2866210938e+01 6.6736429243e-07 1.8137694984e-07 4.8598734259e-07
6.2927246094e+01 6.3977704343e-07 1.7488969062e-07 4.6488735281e-07
6.2988281250e+01 6.1341909128e-07 1.6876920590e-07 4.4464988538e-07
6.3049316406e+01 5.8837029349e-07 1.6303317243e-07 4.2533712106e-07
6.3110351562e+01 5.6470378362e-07 1.5769773024e-07 4.0700605337e-07
6.3171386719e+01 5.4248287515e-07 1.5277676971e-07 3.8970610545e-07
6.3232421875e+01 5.2175837047e-07 1.4828102371e-07 3.7347734676e-07
6.3293457031e+01 5.0256674289e-07 1.4421758912e-07 3.5834915377e-07
6.3354492188e+01 4.8492881657e-07 1.4058942964e-07 3.4433938693e-07
6.3415527344e+01 4.6884865030e-07 1.3739497891e-07 3.3145367139e-07
6.3476562500e+01 4.5431424088e-07 1.3462816698e-07 3.1968607390e-07
6.3537597656e+01 4.4129773738e-07 1.3227847377e-07 3.0901926362e-07
6.3598632812e+01 4.2975801349e-07 1.3033157192e-07 2.9942644157e-07
6.3659667969e+01 4.1964243517e-07 1.2876981864e-07 2.9087261652e-07
6.3720703125e+01 4.1088955778e-07 1.2757299260e-07 2.8331656519e-07
6.3781738281e+01 4.0343113324e-07 1.2671900483e-07 2.7671212841e-07
6.3842773438e+01 3.9719469673e-07 1.2618481546e-07 2.7100988127e-07
6.3903808594e+01 3.9210532568e-07 1.2594694463e-07 2.6615838105e-07
6.3964843750e+01 3.8808732336e-07 1.2598215412e-07 2.6210516924e-07
6.4025878906e+01 3.8506549780e-07 1.2626780765e-07 2.5879769015e-07
6.4086914062e+01 3.8296556048e-07 1.2678208102e-07 2.5618347946e-07
6.4147949219e+01 3.8171519546e-07 1.2750424779e-07 2.5421094767e-07
6.4208984375e+01 3.8124471711e-07 1.2841479963e-07 2.5282991748e-07
6.4270019531e+01 3.8148720376e-07 1.2949532616e-07 2.5199187760e-07
6.4331054688e+01 3.8237908947e-07 1.3072862224e-07 2.5165046724e-07
6.4392089844e+01 3.8386066702e-07 1.3209868859e-07 2.5176197843e-07
6.4453125000e+01 3.8587633893e-07 1.3359066975e-07 2.5228566918e-07
6.4514160156e+01 3.8837476712e-07 1.3519085216e-07 2.5318391496e-07
6.4575195312e+01 3.9130878241e-07 1.3688658008e-07 2.5442220233e-07
6.4636230469e+01 3.9463564041e-07 1.3866619621e-07 2.5596944420e-07
6.4697265625e+01 3.9831605281e-07 1.4051885219e-07 2.5779720062e-07
6.4758300781e+01 4.0231385436e-07 1.4243438455e-07 2.5987946981e-07
6.4819335938e+01 4.0659513763e-07 1.4440301828e-07 2.6219211935e-07
6.4880371094e+01 4.1112725068e-07 1.4641510496e-07 2.6471214572e-07
6.4941406250e+01 4.1587834679e-07 1.4846097361e-07 2.6741737319e-07
6.5002441406e+01 4.2081638449e-07 1.5053062942e-07 2.7028575507e-07
6.5063476562e+01 4.2590869274e-07 1.5261358441e-07 2.7329510833e-07
6.5124511719e+01 4.3112183402e-07 1.5469883267e-07 2.7642300135e-07
6.5185546875e+01 4.3642147383e-07 1.5677484744e-07 2.7964662639e-07
6.5246582031e+01 4.4177269108e-07 1.5882983644e-07 2.8294285464e-07
6.5307617188e+01 4.4714033633e-07 1.6085187872e-07 2.8628845761e-07
6.5368652344e+01 4.5248941165e-07 1.6282917696e-07 2.8966023469e-07
6.5429687500e+01 4.5778570528e-07 1.6475045907e-07 2.9303524620e-07
6.5490722656e+01 4.6299658917e-07 1.6660529926e-07 2.9639128991e-07
6.5551757812e+01 4.6809161712e-07 1.6838444299e-07 2.9970717412e-07
6.5612792969e+01 4.7304290287e-07 1.7007987842e-07 3.0296302445e-07
6.5673828125e+01 4.7782561879e-07 1.7168498446e-07 3.0614063433e-07
6.5734863281e+01 4.8241863067e-07 1.7319465150e-07 3.0922397918e-07
6.5795898438e+01 4.8680486270e-07 1.7460525253e-07 3.1219961017e-07
6.5856933594e+01 4.9097117886e-07 1.7591441969e-07 3.1505675917e-07
6.5917968750e+01 4.9490879298e-07 1.7712109440e-07 3.1778769858e-07
6.5979003906e+01 4.9861290511e-07 1.7822534247e-07 3.2038756264e-07
6.6040039062e+01 5.0208236920e-07 1.7922824545e-07 3.2285412375e-07
6.6101074219e+01 5.0531944940e-07 1.8013183882e-07 3.2518761058e-07
6.6162109375e+01 5.0832933820e-07 1.8093913544e-07 3.2739020276e-07
6.6223144531e+01 5.1111949332e-07 1.8165415750e-07 3.2946533582e-07
6.6284179688e+01 5.1369908838e-07 1.8228191167e-07 3.3141717671e-07
6.6345214844e+01 5.1607873637e-07 1.8282859377e-07 3.3325014260e-07
6.6406250000e+01 5.1826976119e-07 1.8330148352e-07 3.3496827767e-07
6.6467285156e+01 5.2028415421e-07 1.8370914873e-07 3.3657500549e-07
6.6528320312e+01 5.2213402030e-07 1.8406123652e-07 3.3807278378e-07
6.6589355469e+01 5.2383191893e-07 1.8436861817e-07 3.3946330076e-07
6.6650390625e+01 5.2539129793e-07 1.8464343228e-07 3.4074786565e-07
6.6711425781e+01 5.2682628815e-07 1.8489877724e-07 3.4192751091e-07
6.6772460938e+01 5.2815234261e-07 1.8514873459e-07 3.4300360802e-07
6.6833496094e+01 5.2938685237e-07 1.8540828873e-07 3.4397856364e-07
6.6894531250e+01 5.3054958745e-07 1.8569321006e-07 3.4485637739e-07
6.6955566406e+01 5.3166293294e-07 1.8601980726e-07 3.4564312569e-07
6.7016601562e+01 5.3275204678e-07 1.8640479284e-07 3.4634725394e-07
6.7077636719e+01 5.3384406905e-07 1.8686461710e-07 3.4697945195e-07
6.7138671875e+01 5.3496752224e-07 1.8741509208e-07 3.4755243016e-07
6.7199707031e+01 5.3615083760e-07 1.8807064514e-07 3.4808019245e-07
6.7260742188e+01 5.3742028037e-07 1.8884331073e-07 3.4857696963e-07
6.7321777344e+01 5.3879821028e-07 1.8974199837e-07 3.4905621192e-07
6.7382812500e+01 5.4030062572e-07 1.9077151745e-07 3.4952910827e-07
6.7443847656e+01 5.4193527734e-07 1.9193183482e-07 3.5000344252e-07
6.7504882812e+01 5.4369984189e-07 1.9321735885e-07 3.5048248305e-07
6.7565917969e+01 5.4558111761e-07 1.9461680656e-07 3.5096431104e-07
6.7626953125e+01 5.4755432243e-07 1.9611306715e-07 3.5144125528e-07
6.7687988281e+01 5.4958369179e-07 1.9768370685e-07 3.5189998494e-07
6.7749023438e+01 5.5162333562e-07 1.9930159943e-07 3.5232173619e-07
6.7810058594e+01 5.5361940095e-07 2.0093608802e-07 3.5268331293e-07
6.7871093750e+01 5.5551217681e-07 2.0255402126e-07 3.5295815555e-07
6.7932128906e+01 5.5723900913e-07 2.0412126810e-07 3.5311774103e-07
6.7993164062e+01 5.5873687513e-07 2.0560399166e-07 3.5313288347e-07
6.8054199219e+01 5.5994542003e-07 2.0697000433e-07 3.5297541570e-07
6.8115234375e+01 5.6080956681e-07 2.0818998907e-07 3.5261957773e-07
6.8176269531e+01 5.6128195452e-07 2.0923859636e-07 3.5204335816e-07
6.8237304688e+01 5.6132433115e-07 2.1009514871e-07 3.5122918244e-07
6.8298339844e+01 5.6090904787e-07 2.1074415644e-07 3.5016489142e-07
6.8359375000e+01 5.6001928991e-07 2.1117547821e-07 3.4884381170e-07
6.8420410156e+01 5.5864880177e-07 2.1138426989e-07 3.4726453188e-07
6.8481445312e+01 5.5680096982e-07 2.1137044691e-07 3.4543052291e-07
6.8542480469e+01 5.5448708987e-07 2.1113789056e-07 3.4334919931e-07
6.8603515625e+01 5.5172451052e-07 2.1069359949e-07 3.4103091103e-07
6.8664550781e+01 5.4853418925e-07 2.1004650381e-07 3.3848768544e-07
6.8725585938e+01 5.4493867637e-07 2.0920654868e-07 3.3573212770e-07
6.8786621094e+01 5.4095983163e-07 2.0818363874e-07 3.3277619289e-07
6.8847656250e+01 5.3661691799e-07 2.0698671395e-07 3.2963020403e-07
6.8908691406e+01 5.3192557817e-07 2.0562329265e-07 3.2630228552e-07
6.8969726562e+01 5.2689707000e-07 2.0409914723e-07 3.2279792276e-07
6.9030761719e+01 5.2153815562e-07 2.0241824172e-07 3.1911991390e-07
6.9091796875e+01 5.1585165124e-07 2.0058294863e-07 3.1526870261e-07
6.9152832031e+01 5.0983760815e-07 1.9859460399e-07 3.1124300416e-07
6.9213867188e+01 5.0349435554e-07 1.9645405584e-07 3.0704029970e-07
6.9274902344e+01 4.9682012654e-07 1.9416228773e-07 3.0265783881e-07
6.9335937500e+01 4.8981493648e-07 1.9172119254e-07 2.9809374394e-07
6.9396972656e+01 4.8248213622e-07 1.8913434595e-07 2.9334779027e-07
6.9458007812e+01 4.7482969813e-07 1.8640749971e-07 2.8842219843e-07
6.9519042969e+01 4.6687148085e-07 1.8354905693e-07 2.8332242393e-07
6.9580078125e+01 4.5862774739e-07 1.8057026313e-07 2.7805748426e-07
6.9641113281e+01 4.5012540446e-07 1.7748528156e-07 2.7264012290e-07
6.9702148438e+01 4.4139731775e-07 1.7431072038e-07 2.6708659737e-07
6.9763183594e+01 4.3248169241e-07 1.7106524310e-07 2.6141644932e-07
6.9824218750e+01 4.2342069386e-07 1.6776888642e-07 2.5565180744e-07
6.9885253906e+01 4.1425902394e-07 1.6444220544e-07 2.4981681849e-07
6.9946289062e+01 4.0504185942e-07 1.6110520604e-07 2.4393665337e-07
7.0007324219e+01 3.9581330345e-07 1.5777646156e-07 2.3803684188e-07
7.0068359375e+01 3.8661494673e-07 1.5447234035e-07 2.3214260638e-07
7.0129394531e+01 3.7748462660e-07 1.5120632243e-07 2.2627830417e-07
7.0190429688e+01 3.6845594268e-07 1.4798872036e-07 2.2046722233e-07
7.0251464844e+01 3.5955769789e-07 1.4482636204e-07 2.1473133585e-07
7.0312500000e+01 3.5081443112e-07 1.4172290538e-07 2.0909152574e-07
7.0373535156e+01 3.4224691139e-07 1.3867919772e-07 2.0356771366e-07
7.0434570312e+01 3.3387293324e-07 1.3569374710e-07 1.9817918614e-07
7.0495605469e+01 3.2570869396e-07 1.3276363425e-07 1.9294505971e-07
7.0556640625e+01 3.1776953908e-07 1.2988518483e-07 1.8788435425e-07
7.0617675781e+01 3.1007106943e-07 1.2705485663e-07 1.8301621280e-07
7.0678710938e+01 3.0262963970e-07 1.2426983850e-07 1.7835980120e-07
7.0739746094e+01 2.9546284210e-07 1.2152872740e-07 1.7393411470e-07
7.0800781250e+01 2.8858897859e-07 1.1883167131e-07 1.6975730728e-07
7.0861816406e+01 2.8202651384e-07 1.1618051902e-07 1.6584599481e-07
7.0922851562e+01 2.7579248863e-07 1.1357849591e-07 1.6221399272e-07
7.0983886719e+01 2.6990104633e-07 1.1102983918e-07 1.5887120715e-07
7.1044921875e+01 2.6436124950e-07 1.0853895917e-07 1.5582229033e-07
7.1105957031e+01 2.5917493420e-07 1.0610963657e-07 1.5306529763e-07
7.1166992188e+01 2.5433461676e-07 1.0374410246e-07 1.5059051430e-07
7.1228027344e+01 2.4982188989e-07 1.0144222896e-07 1.4837966093e-07
7.1289062500e+01 2.4560635035e-07 9.9200823040e-08 1.4640552731e-07
7.1350097656e+01 2.4164537506e-07 9.7013216047e-08 1.4463215901e-07
7.1411132812e+01 2.3788480551e-07 9.4869258633e-08 1.4301554688e-07
7.1472167969e+01 2.3426084310e-07 9.2755602594e-08 1.4150524050e-07
7.1533203125e+01 2.3070255839e-07 9.0656327532e-08 1.4004623086e-07
7.1594238281e+01 2.2713539409e-07 8.8553979123e-08 1.3858141496e-07
7.1655273438e+01 2.2348511348e-07 8.6430740298e-08 1.3705437318e-07
7.1716308594e+01 2.1968172926e-07 8.4269685604e-08 1.3541204365e-07
7.1777343750e+01 2.1566362161e-07 8.2056116248e-08 1.3360750536e-07
7.1838378906e+01 2.1138077867e-07 7.9778596336e-08 1.3160218233e-07
7.1899414062e+01 2.0679726312e-07 7.7429785683e-08 1.2936747744e-07
7.1960449219e+01 2.0189273977e-07 7.5006985878e-08 1.2688575390e-07
7.2021484375e+01 1.9666270494e-07 7.2512151084e-08 1.2415055386e-07
7.2082519531e+01 1.9111772502e-07 6.9951659102e-08 1.2116606591e-07
7.2143554688e+01 1.8528151542e-07 6.7335662385e-08 1.1794585304e-07
7.2204589844e+01 1.7918858260e-07 6.4677279634e-08 1.1451130297e-07
7.2265625000e+01 1.7288104769e-07 6.1991527943e-08 1.1088951975e-07
7.2326660156e+01 1.6640573560e-07 5.9294391473e-08 1.0711134413e-07
7.2387695312e+01 1.5981130436e-07 5.6601890446e-08 1.0320941391e-07
7.2448730469e+01 1.5314564525e-07 5.3929249064e-08 9.9216396187e-08
7.2509765625e+01 1.4645416875e-07 5.1290378191e-08 9.5163790556e-08
7.2570800781e+01 1.3977856475e-07 4.8697548605e-08 9.1081016147e-08
7.2631835938e+01 1.3315620892e-07 4.6161294972e-08 8.6994913951e-08
7.2692871094e+01 1.2662010974e-07 4.3690455048e-08 8.2929654688e-08
7.2753906250e+01 1.2019917702e-07 4.1292380274e-08 7.8906796749e-08
7.2814941406e+01 1.1391881049e-07 3.8973213067e-08 7.4945597425e-08
7.2875976562e+01 1.0780132501e-07 3.6738042561e-08 7.1063282452e-08
7.2937011719e+01 1.0186648312e-07 3.4591175527e-08 6.7275307595e-08
7.2998046875e+01 9.6131779676e-08 3.2536248392e-08 6.3595531284e-08
7.3059082031e+01 9.0612751450e-08 3.0576362769e-08 6.0036388681e-08
7.3120117188e+01 8.5322953415e-08 2.8714057663e-08 5.6608895752e-08
7.3181152344e+01 8.0273763107e-08 2.6951225675e-08 5.3322537432e-08
7.3242187500e+01 7.5474356757e-08 2.5289086650e-08 5.0185270107e-08
7.3303222656e+01 7.0931540639e-08 2.3728135119e-08 4.7203405519e-08
7.3364257812e+01 6.6649659768e-08 2.2268075440e-08 4.4381584328e-08
7.3425292969e+01 6.2630493534e-08 2.0907764159e-08 4.1722729375e-08
7.3486328125e+01 5.8873305580e-08 1.9645248399e-08 3.9228057181e-08
7.3547363281e+01 5.5374949130e-08 1.8477798942e-08 3.6897150188e-08
7.3608398438e+01 5.2130012258e-08 1.7401972961e-08 3.4728039297e-08
7.3669433594e+01 4.9131127101e-08 1.6413740108e-08 3.2717386993e-08
7.3730468750e+01 4.6369152481e-08 1.5508570967e-08 3.0860581514e-08
7.3791503906e+01 4.3833497285e-08 1.4681581084e-08 2.9151916200e-08
7.3852539062e+01 4.1512399631e-08 1.3927634634e-08 2.7584764998e-08
7.3913574219e+01 3.9393235846e-08 1.3241498159e-08 2.6151737687e-08
7.3974609375e+01 3.7462840930e-08 1.2617939171e-08 2.4844901759e-08
7.4035644531e+01 3.5707778682e-08 1.2051822504e-08 2.3655956178e-08
7.4096679688e+01 3.4114536558e-08 1.1538173559e-08 2.2576362998e-08
7.4157714844e+01 3.2669831774e-08 1.1072274571e-08 2.1597557203e-08
7.4218750000e+01 3.1360772659e-08 1.0649681976e-08 2.0711090683e-08
7.4279785156e+01 3.0174935481e-08 1.0266238156e-08 1.9908697325e-08
7.4340820312e+01 2.9100606233e-08 9.9181130279e-09 1.9182493205e-08
7.4401855469e+01 2.8126686079e-08 9.6017526552e-09 1.8524933423e-08
7.4462890625e+01 2.7242841778e-08 9.3138979522e-09 1.7928943825e-08
7.4523925781e+01 2.6439469986e-08 9.0515470717e-09 1.7387922915e-08
7.4584960938e+01 2.5707670644e-08 8.8119382232e-09 1.6895732421e-08
7.4645996094e+01 2.5039334781e-08 8.5925564005e-09 1.6446778381e-08
7.4707031250e+01 2.4427053575e-08 8.3911038509e-09 1.6035949724e-08
7.4768066406e+01 2.3864111601e-08 8.2054890666e-09 1.5658622534e-08
7.4829101562e+01 2.3344510332e-08 8.0338413380e-09 1.5310668994e-08
7.4890136719e+01 2.2862928421e-08 7.8744979366e-09 1.4988430484e-08
7.4951171875e+01 2.2414690329e-08 7.7260019191e-09 1.4688688410e-08
7.5012207031e+01 2.1995747634e-08 7.5870906817e-09 1.4408656952e-08
7.5073242188e+01 2.1602596695e-08 7.4566753943e-09 1.4145921301e-08
7.5134277344e+01 2.1232233205e-08 7.3338264382e-09 1.3898406767e-08
7.5195312500e+01 2.0882069003e-08 7.2177471520e-09 1.3664321851e-08
7.5256347656e+01 2.0549862406e-08 7.1077465570e-09 1.3442115849e-08
7.5317382812e+01 2.0233650173e-08 7.0032174085e-09 1.3230432764e-08
7.5378417969e+01 1.9931711846e-08 6.9036192202e-09 1.3028092626e-08
7.5439453125e+01 1.9642531437e-08 6.8084636011e-09 1.2834067836e-08
7.5500488281e+01 1.9364773794e-08 6.7173098573e-09 1.2647463937e-08
7.5561523438e+01 1.9097279889e-08 6.6297599897e-09 1.2467519899e-08
7.5622558594e+01 1.8839066458e-08 6.5454625315e-09 1.2293603927e-08
7.5683593750e+01 1.8589324529e-08 6.4641093761e-09 1.2125215153e-08
7.5744628906e+01 1.8347414696e-08 6.3854453072e-09 1.1961969389e-08
7.5805664062e+01 1.8112845459e-08 6.3092610335e-09 1.1803584426e-08
7.5866699219e+01 1.7885266657e-08 6.2353949080e-09 1.1649871749e-08
7.5927734375e+01 1.7664422325e-08 6.1637215841e-09 1.1500700741e-08
7.5988769531e+01 1.7450113670e-08 6.0941428910e-09 1.1355970779e-08
7.6049804688e+01 1.7242186131e-08 6.0265883015e-09 1.1215597829e-08
7.6110839844e+01 1.7040486410e-08 5.9609985314e-09 1.1079487879e-08
7.6171875000e+01 1.6844831290e-08 5.8973161937e-09 1.0947515097e-08
7.6232910156e+01 1.6654994337e-08 5.8354777366e-09 1.0819516600e-08
7.6293945312e+01 1.6470708433e-08 5.7754139690e-09 1.0695294464e-08
7.6354980469e+01 1.6291663982e-08 5.7170429284e-09 1.0574621053e-08
7.6416015625e+01 1.6117521635e-08 5.6602721300e-09 1.0457249505e-08
7.6477050781e+01 1.5947927377e-08 5.6049993198e-09 1.0342928058e-08
7.6538085938e+01 1.5782530112e-08 5.5511132150e-09 1.0231416897e-08
7.6599121094e+01 1.5621003973e-08 5.4985009822e-09 1.0122502990e-08
7.6660156250e+01 1.5463061322e-08 5.4470521050e-09 1.0016009217e-08
7.6721191406e+01 1.5308467160e-08 5.3966626425e-09 9.9118045178e-09
7.6782226562e+01 1.5157060897e-08 5.3472473870e-09 9.8098135096e-09
7.6843261719e+01 1.5008745629e-08 5.2987373301e-09 9.7100082990e-09
7.6904296875e+01 1.4863494553e-08 5.2510846207e-09 9.6124099322e-09
7.6965332031e+01 1.4721335822e-08 5.2042636630e-09 9.5170721594e-09
7.7026367188e+01 1.4582346761e-08 5.1582723982e-09 9.4240743625e-09
7.7087402344e+01 1.4446629900e-08 5.1131262327e-09 9.3335036672e-09
7.7148437500e+01 1.4314297905e-08 5.0688562250e-09 9.2454416799e-09
7.7209472656e+01 1.4185449296e-08 5.0255005806e-09 9.1599487158e-09
7.7270507812e+01 1.4060154056e-08 4.9831018609e-09 9.0770521952e-09
7.7331542969e+01 1.3938435868e-08 4.9416994873e-09 8.9967363804e-09
7.7392578125e+01 1.3820258877e-08 4.9013244832e-09 8.9189343942e-09
7.7453613281e+01 1.3705525000e-08 4.8619933071e-09 8.8435316930e-09
7.7514648438e+01 1.3594065829e-08 4.8237041495e-09 8.7703616793e-09
7.7575683594e+01 1.3485653060e-08 4.7864369457e-09 8.6992161142e-09
7.7636718750e+01 1.3380005755e-08 4.7501490626e-09 8.6298566921e-09
7.7697753906e+01 1.3276812284e-08 4.7147792064e-09 8.5620330778e-09
7.7758789062e+01 1.3175749279e-08 4.6802507259e-09 8.4954985530e-09
7.7819824219e+01 1.3076500365e-08 4.6464731900e-09 8.4300271746e-09
7.7880859375e+01 1.2978782840e-08 4.6133516171e-09 8.3654312232e-09
7.7941894531e+01 1.2882374533e-08 4.5807943741e-09 8.3015801585e-09
7.8002929688e+01 1.2787125117e-08 4.5487195568e-09 8.2384055606e-09
7.8063964844e+01 1.2692955585e-08 4.5170582688e-09 8.1758973161e-09
7.8125000000e+01 1.2599864806e-08 4.4857617019e-09 8.1141031039e-09
7.8186035156e+01 1.2507911218e-08 4.4547983029e-09 8.0531129148e-09
7.8247070312e+01 1.2417184971e-08 4.4241486037e-09 7.9930363677e-09
7.8308105469e+01 1.2327778823e-08 4.3938001974e-09 7.9339786252e-09
7.8369140625e+01 1.2239762318e-08 4.3637408453e-09 7.8760214731e-09
7.8430175781e+01 1.2153147178e-08 4.3339501057e-09 7.8191970722e-09
7.8491210938e+01 1.2067872080e-08 4.3043942932e-09 7.7634777870e-09
7.8552246094e+01 1.1983790340e-08 4.2750199943e-09 7.7087703462e-09
7.8613281250e+01 1.1900682449e-08 4.2457598029e-09 7.6549226465e-09
7.8674316406e+01 1.1818270082e-08 4.2165349103e-09 7.6017351720e-09
7.8735351562e+01 1.1736233237e-08 4.1872584808e-09 7.5489747558e-09
7.8796386719e+01 1.1654239866e-08 4.1578451446e-09 7.4963947215e-09
7.8857421875e+01 1.1571974906e-08 4.1282195114e-09 7.4437553942e-09
7.8918457031e+01 1.1489155863e-08 4.0983176733e-09 7.3908381897e-09
7.8979492188e+01 1.1405546510e-08 4.0680909162e-09 7.3374555940e-09
7.9040527344e+01 1.1320963524e-08 4.0375077569e-09 7.2834557674e-09
7.9101562500e+01 1.1235276863e-08 4.0065499495e-09 7.2287269139e-09
7.9162597656e+01 1.1148392886e-08 3.9752064397e-09 7.1731864466e-09
7.9223632812e+01 1.1060255399e-08 3.9434724946e-09 7.1167829045e-09
7.9284667969e+01 1.0970838186e-08 3.9113474438e-09 7.0594907418e-09
7.9345703125e+01 1.0880137681e-08 3.8788331826e-09 7.0013044982e-09
7.9406738281e+01 1.0788168352e-08 3.8459315855e-09 6.9422367665e-09
7.9467773438e+01 1.0694965616e-08 3.8126503793e-09 6.8823152367e-09
7.9528808594e+01 1.0600589309e-08 3.7790035245e-09 6.8215857849e-09
7.9589843750e+01 1.0505119727e-08 3.7450124746e-09 6.7601072525e-09
7.9650878906e+01 1.0408662835e-08 3.7107104813e-09 6.6979523538e-09
7.9711914062e+01 1.0311347338e-08 3.6761410068e-09 6.6352063310e-09
7.9772949219e+01 1.0213320132e-08 3.6413551569e-09 6.5719649751e-09
7.9833984375e+01 1.0114728564e-08 3.6064061933e-09 6.5083223712e-09
7.9895019531e+01 1.0015717134e-08 3.5713461658e-09 6.4443709684e-09
7.9956054688e+01 9.9164232055e-09 3.5362231917e-09 6.3802000138e-09
8.0017089844e+01 9.8169616018e-09 3.5010763953e-09 6.3158852065e-09
8.0078125000e+01 9.7174231444e-09 3.4659343761e-09 6.2514887683e-09
8.0139160156e+01 9.6178758826e-09 3.4308149559e-09 6.1870609268e-09
8.0200195312e+01 9.5183609993e-09 3.3957270649e-09 6.1226339344e-09
8.0261230469e+01 9.4188990094e-09 3.3606724589e-09 6.0582265505e-09
8.0322265625e+01 9.3194971028e-09 3.3256503307e-09 5.9938467721e-09
8.0383300781e+01 9.2201492844e-09 3.2906591715e-09 5.9294901129e-09
8.0444335938e+01 9.1208439035e-09 3.2557005784e-09 5.8651433251e-09
8.0505371094e+01 9.0215662960e-09 3.2207797670e-09 5.8007865291e-09
8.0566406250e+01 8.9222978213e-09 3.1859058542e-09 5.7363919672e-09
8.0627441406e+01 8.8230207891e-09 3.1510914318e-09 5.6719293573e-09
8.0688476562e+01 8.7237163204e-09 3.1163501034e-09 5.6073662170e-09
8.0749511719e+01 8.6243694230e-09 3.0816977690e-09 5.5426716540e-09
8.0810546875e+01 8.5249651711e-09 3.0471474282e-09 5.4778177429e-09
8.0871582031e+01 8.4254976529e-09 3.0127117615e-09 5.4127858914e-09
8.0932617188e+01 8.3259730138e-09 2.9784026453e-09 5.3475703685e-09
8.0993652344e+01 8.2264103107e-09 2.9442298063e-09 5.2821805044e-09
8.1054687500e+01 8.1268379563e-09 2.9101992224e-09 5.2166387340e-09
8.1115722656e+01 8.0272980192e-09 2.8763160425e-09 5.1509819766e-09
8.1176757812e+01 7.9278443889e-09 2.8425849855e-09 5.0852594034e-09
8.1237792969e+01 7.8285300483e-09 2.8090068077e-09 5.0195232405e-09
8.1298828125e+01 7.7294094210e-09 2.7755823525e-09 4.9538270685e-09
8.1359863281e+01 7.6305356189e-09 2.7423135229e-09 4.8882220959e-09
8.1420898438e+01 7.5319502048e-09 2.7092016026e-09 4.8227486023e-09
8.1481933594e+01 7.4336852418e-09 2.6762491741e-09 4.7574360676e-09
8.1542968750e+01 7.3357650766e-09 2.6434600151e-09 4.6923050615e-09
8.1604003906e+01 7.2382030902e-09 2.6108390825e-09 4.6273640076e-09
8.1665039062e+01 7.1410076841e-09 2.5783920055e-09 4.5626156786e-09
8.1726074219e+01 7.0441787567e-09 2.5461216255e-09 4.4980571312e-09
8.1787109375e+01 6.9477096867e-09 2.5140269842e-09 4.4336827024e-09
8.1848144531e+01 6.8515875965e-09 2.4821007307e-09 4.3694868659e-09
8.1909179688e+01 6.7557903481e-09 2.4503270431e-09 4.3054633051e-09
8.1970214844e+01 6.6602840530e-09 2.4186799643e-09 4.2416040886e-09
8.2031250000e+01 6.5650234495e-09 2.3871247599e-09 4.1778986896e-09
8.2092285156e+01 6.4699539727e-09 2.3556204731e-09 4.1143334996e-09
8.2153320312e+01 6.3750132811e-09 2.3241219252e-09 4.0508913559e-09
8.2214355469e+01 6.2801352790e-09 2.2925849180e-09 3.9875503609e-09
8.2275390625e+01 6.1852598034e-09 2.2609713693e-09 3.9242884341e-09
8.2336425781e+01 6.0903391589e-09 2.2292536154e-09 3.8610855435e-09
8.2397460938e+01 5.9953443601e-09 2.1974169679e-09 3.7979273921e-09
8.2458496094e+01 5.9002732114e-09 2.1654629462e-09 3.7348102652e-09
8.2519531250e+01 5.8051537566e-09 2.1334091867e-09 3.6717445699e-09
8.2580566406e+01 5.7100456714e-09 2.1012870732e-09 3.6087585982e-09
8.2641601562e+01 5.6150369479e-09 2.0691399835e-09 3.5458969644e-09
8.2702636719e+01 5.5202398076e-09 2.0370197468e-09 3.4832200607e-09
8.2763671875e+01 5.4257866400e-09 2.0049825473e-09 3.4208040926e-09
8.2824707031e+01 5.3318174936e-09 1.9730847771e-09 3.3587327165e-09
8.2885742188e+01 5.2384704028e-09 1.9413795432e-09 3.2970908596e-09
8.2946777344e+01 5.1458763374e-09 1.9099137767e-09 3.2359625607e-09
8.3007812500e+01 5.0541472175e-09 1.8787257753e-09 3.1754214422e-09
8.3068847656e+01 4.9633705881e-09 1.8478434659e-09 3.1155271222e-09
8.3129882812e+01 4.8736086720e-09 1.8172844211e-09 3.0563242509e-09
8.3190917969e+01 4.7848909254e-09 1.7870539918e-09 2.9978369335e-09
8.3251953125e+01 4.6972226435e-09 1.7571491534e-09 2.9400734901e-09
8.3312988281e+01 4.6105885635e-09 1.7275587499e-09 2.8830298136e-09
8.3374023438e+01 4.5249566580e-09 1.6982663469e-09 2.8266903110e-09
8.3435058594e+01 4.4402881233e-09 1.6692536061e-09 2.7710345172e-09
8.3496093750e+01 4.3565495661e-09 1.6405040555e-09 2.7160455106e-09
8.3557128906e+01 4.2737182660e-09 1.6120059702e-09 2.6617122958e-09
8.3618164062e+01 4.1917888884e-09 1.5837552404e-09 2.6080336480e-09
8.3679199219e+01 4.1107800054e-09 1.5557572796e-09 2.5550227258e-09
8.3740234375e+01 4.0307348697e-09 1.5280267197e-09 2.5027081500e-09
8.3801269531e+01 3.9517222071e-09 1.5005874495e-09 2.4511347576e-09
8.3862304688e+01 3.8738292679e-09 1.4734688497e-09 2.4003604182e-09
8.3923339844e+01 3.7971588003e-09 1.4467036900e-09 2.3504551103e-09
8.3984375000e+01 3.7218214630e-09 1.4203247999e-09 2.3014966631e-09
8.4045410156e+01 3.6479257508e-09 1.3943605954e-09 2.2535651554e-09
8.4106445312e+01 3.5755742418e-09 1.3688333462e-09 2.2067408957e-09
8.4167480469e+01 3.5048558325e-09 1.3437571953e-09 2.1610986373e-09
8.4228515625e+01 3.4358411790e-09 1.3191374541e-09 2.1167037249e-09
8.4289550781e+01 3.3685805871e-09 1.2949710790e-09 2.0736095081e-09
8.4350585938e+01 3.3031058516e-09 1.2712493146e-09 2.0318565371e-09
8.4411621094e+01 3.2394297782e-09 1.2479591853e-09 1.9914705930e-09
8.4472656250e+01 3.1775489009e-09 1.2250857793e-09 1.9524631215e-09
8.4533691406e+01 3.1174493537e-09 1.2026154281e-09 1.9148339256e-09
8.4594726562e+01 3.0591099070e-09 1.1805382023e-09 1.8785717047e-09
8.4655761719e+01 3.0025048777e-09 1.1588482117e-09 1.8436566659e-09
8.4716796875e+01 2.9476057839e-09 1.1375440090e-09 1.8100617749e-09
8.4777832031e+01 2.8943818983e-09 1.1166285910e-09 1.7777533073e-09
8.4838867188e+01 2.8427987762e-09 1.0961072274e-09 1.7466915488e-09
8.4899902344e+01 2.7928168398e-09 1.0759857795e-09 1.7168310602e-09
8.4960937500e+01 2.7443869065e-09 1.0562679602e-09 1.6881189464e-09
8.5021972656e+01 2.6974481418e-09 1.0369534250e-09 1.6604947169e-09
8.5083007812e+01 2.6519255261e-09 1.0180356473e-09 1.6338898788e-09
8.5144042969e+01 2.6077276672e-09 9.9950096310e-10 1.6082267041e-09
8.5205078125e+01 2.5647471999e-09 9.8132764503e-10 1.5834195548e-09
8.5266113281e+01 2.5228636636e-09 9.6348709130e-10 1.5593765723e-09
8.5327148438e+01 2.4819483160e-09 9.4594553689e-10 1.5360027791e-09
8.5388183594e+01 2.4418677508e-09 9.2866558634e-10 1.5132021645e-09
8.5449218750e+01 2.4024912533e-09 9.1160939975e-10 1.4908818535e-09
8.5510253906e+01 2.3636971153e-09 8.9474144818e-10 1.4689556671e-09
8.5571289062e+01 2.3253771565e-09 8.7803020109e-10 1.4473469554e-09
8.5632324219e+01 2.2874427900e-09 8.6145099862e-10 1.4259917913e-09
8.5693359375e+01 2.2498266988e-09 8.4498678447e-10 1.4048399143e-09
8.5754394531e+01 2.2124848386e-09 8.2862876097e-10 1.3838560776e-09
8.5815429688e+01 2.1753969097e-09 8.1237651707e-10 1.3630203926e-09
8.5876464844e+01 2.1385630099e-09 7.9623701995e-10 1.3423259899e-09
8.5937500000e+01 2.1020037897e-09 7.8022411663e-10 1.3217796731e-09
8.5998535156e+01 2.0657574105e-09 7.6435734008e-10 1.3014000704e-09
8.6059570312e+01 2.0298752460e-09 7.4866061462e-10 1.2812146314e-09
8.6120605469e+01 1.9944213938e-09 7.3316161806e-10 1.2612597757e-09
8.6181640625e+01 1.9594686441e-09 7.1789045080e-10 1.2415781933e-09
8.6242675781e+01 1.9250945279e-09 7.0287805295e-10 1.2222164750e-09
8.6303710938e+01 1.8913823286e-09 6.8815665270e-10 1.2032256759e-09
8.6364746094e+01 1.8584159973e-09 6.7375782819e-10 1.1846581691e-09
8.6425781250e+01 1.8262795666e-09 6.5971283773e-10 1.1665667289e-09
8.6486816406e+01 1.7950547931e-09 6.4605145652e-10 1.1490033366e-09
8.6547851562e+01 1.7648195915e-09 6.3280172599e-10 1.1320178655e-09
8.6608886719e+01 1.7356466365e-09 6.1998992333e-10 1.1156567132e-09
8.6669921875e+01 1.7076026935e-09 6.0763983062e-10 1.0999628629e-09
8.6730957031e+01 1.6807491543e-09 5.9577343679e-10 1.0849757176e-09
8.6791992188e+01 1.6551402479e-09 5.8441026546e-10 1.0707299824e-09
8.6853027344e+01 1.6308241106e-09 5.7356786871e-10 1.0572562419e-09
8.6914062500e+01 1.6078435879e-09 5.6326177109e-10 1.0445818168e-09
8.6975097656e+01 1.5862361239e-09 5.5350556779e-10 1.0327305561e-09
8.7036132812e+01 1.5660324358e-09 5.4431028204e-10 1.0217221538e-09
8.7097167969e+01 1.5472568143e-09 5.3568432127e-10 1.0115724930e-09
8.7158203125e+01 1.5299255052e-09 5.2763288468e-10 1.0022926205e-09
8.7219238281e+01 1.5140465575e-09 5.2015742888e-10 9.9388912858e-10
8.7280273438e+01 1.4996182958e-09 5.1325525632e-10 9.8636303950e-10
8.7341308594e+01 1.4866274700e-09 5.0691920559e-10 9.7970826443e-10
8.7402343750e+01 1.4750495396e-09 5.0113738854e-10 9.7391215108e-10
8.7463378906e+01 1.4648486168e-09 4.9589371642e-10 9.6895490034e-10
8.7524414062e+01 1.4559775443e-09 4.9116826491e-10 9.6480927939e-10
8.7585449219e+01 1.4483793004e-09 4.8693798362e-10 9.6144131676e-10
8.7646484375e+01 1.4419886192e-09 4.8317783412e-10 9.5881078512e-10
8.7707519531e+01 1.4367340127e-09 4.7986192994e-10 9.5687208272e-10
8.7768554688e+01 1.4325396135e-09 4.7696418256e-10 9.5557543097e-10
8.7829589844e+01 1.4293275031e-09 4.7445886210e-10 9.5486864096e-10
8.7890625000e+01 1.4270184270e-09 4.7232109076e-10 9.5469733620e-10
8.7951660156e+01 1.4255337964e-09 4.7052691698e-10 9.5500687945e-10
8.8012695312e+01 1.4247965664e-09 4.6905299737e-10 9.5574356905e-10
8.8073730469e+01 1.4247322745e-09 4.6787633296e-10 9.5685594149e-10
8.8134765625e+01 1.4252695692e-09 4.6697375563e-10 9.5829581358e-10
8.8195800781e+01 1.4263418816e-09 4.6632211510e-10 9.6001976655e-10
8.8256835938e+01 1.4278867339e-09 4.6589773494e-10 9.6198899898e-10
8.8317871094e+01 1.4298482593e-09 4.6567715164e-10 9.6417110765e-10
8.8378906250e+01 1.4321756827e-09 4.6563711567e-10 9.6653856699e-10
8.8439941406e+01 1.4348245034e-09 4.6575535794e-10 9.6906914548e-10
8.8500976562e+01 1.4377558708e-09 4.6601136453e-10 9.7174450631e-10
8.8562011719e+01 1.4409358476e-09 4.6638662200e-10 9.7454922558e-10
8.8623046875e+01 1.4443331941e-09 4.6686471886e-10 9.7746847528e-10
8.8684082031e+01 1.4479188723e-09 4.6743177603e-10 9.8048709626e-10
8.8745117188e+01 1.4516635053e-09 4.6807588694e-10 9.8358761836e-10
8.8806152344e+01 1.4555357532e-09 4.6878691006e-10 9.8674884318e-10
8.8867187500e+01 1.4595012224e-09 4.6955557597e-10 9.8994564641e-10
8.8928222656e+01 1.4635215643e-09 4.7037302257e-10 9.9314854176e-10
8.8989257812e+01 1.4675539461e-09 4.7123006715e-10 9.9632387890e-10
8.9050292969e+01 1.4715514921e-09 4.7211646202e-10 9.9943503006e-10
8.9111328125e+01 1.4754640581e-09 4.7302055746e-10 1.0024435006e-09
8.9172363281e+01 1.4792400396e-09 4.7392931470e-10 1.0053107249e-09
8.9233398438e+01 1.4828279920e-09 4.7482836824e-10 1.0079996238e-09
8.9294433594e+01 1.4861787666e-09 4.7570242055e-10 1.0104763460e-09
8.9355468750e+01 1.4892477210e-09 4.7653577301e-10 1.0127119480e-09
8.9416503906e+01 1.4919960868e-09 4.7731300218e-10 1.0146830846e-09
8.9477539062e+01 1.4943927482e-09 4.7801977245e-10 1.0163729758e-09
8.9538574219e+01 1.4964148514e-09 4.7864342372e-10 1.0177714276e-09
8.9599609375e+01 1.4980490041e-09 4.7917389742e-10 1.0188751067e-09
8.9660644531e+01 1.4992902920e-09 4.7960359961e-10 1.0196866924e-09
8.9721679688e+01 1.5001413436e-09 4.7992755766e-10 1.0202137860e-09
8.9782714844e+01 1.5006107640e-09 4.8014315746e-10 1.0204676066e-09
8.9843750000e+01 1.5007117493e-09 4.8024971906e-10 1.0204620302e-09
8.9904785156e+01 1.5004601317e-09 4.8024776978e-10 1.0202123619e-09
8.9965820312e+01 1.4998721522e-09 4.8013825722e-10 1.0197338950e-09
9.0026855469e+01 1.4989634042e-09 4.7992213568e-10 1.0190412685e-09
9.0087890625e+01 1.4977474856e-09 4.7959973442e-10 1.0181477512e-09
9.0148925781e+01 1.4962364193e-09 4.7917086643e-10 1.0170655529e-09
9.0209960938e+01 1.4944403614e-09 4.7863486001e-10 1.0158055013e-09
9.0270996094e+01 1.4923675264e-09 4.7799081745e-10 1.0143767089e-09
9.0332031250e+01 1.4900250567e-09 4.7723798138e-10 1.0127870754e-09
9.0393066406e+01 1.4874201899e-09 4.7637618552e-10 1.0110440043e-09
9.0454101562e+01 1.4845609753e-09 4.7540650331e-10 1.0091544720e-09
9.0515136719e+01 1.4814574558e-09 4.7433167588e-10 1.0071257799e-09
9.0576171875e+01 1.4781211693e-09 4.7315571715e-10 1.0049654521e-09
9.0637207031e+01 1.4745665438e-09 4.7188429259e-10 1.0026822512e-09
9.0698242188e+01 1.4708107026e-09 4.7052457499e-10 1.0002861276e-09
9.0759277344e+01 1.4668737666e-09 4.6908489901e-10 9.9778886757e-10
9.0820312500e+01 1.4627793283e-09 4.6757443760e-10 9.9520489067e-10
9.0881347656e+01 1.4585541184e-09 4.6600317114e-10 9.9255094724e-10
9.0942382812e+01 1.4542265248e-09 4.6438118887e-10 9.8984533597e-10
9.1003417969e+01 1.4498280058e-09 4.6271886503e-10 9.8710914074e-10
9.1064453125e+01 1.4453905599e-09 4.6102609522e-10 9.8436446469e-10
9.1125488281e+01 1.4409459056e-09 4.5931225170e-10 9.8163365387e-10
9.1186523438e+01 1.4365231333e-09 4.5758544664e-10 9.7893768664e-10
9.1247558594e+01 1.4321474303e-09 4.5585239625e-10 9.7629503404e-10
9.1308593750e+01 1.4278369937e-09 4.5411769952e-10 9.7371929423e-10
9.1369628906e+01 1.4236019484e-09 4.5238379209e-10 9.7121815633e-10
9.1430664062e+01 1.4194408961e-09 4.5065008260e-10 9.6879081347e-10
9.1491699219e+01 1.4153419705e-09 4.4891336430e-10 9.6642860621e-10
9.1552734375e+01 1.4112804386e-09 4.4716729317e-10 9.6411314539e-10
9.1613769531e+01 1.4072200468e-09 4.4540247879e-10 9.6181756797e-10
9.1674804688e+01 1.4031139975e-09 4.4360690356e-10 9.5950709390e-10
9.1735839844e+01 1.3989072612e-09 4.4176639162e-10 9.5714086959e-10
9.1796875000e+01 1.3945391988e-09 4.3986501184e-10 9.5467418701e-10
9.1857910156e+01 1.3899466031e-09 4.3788586193e-10 9.5206074117e-10
9.1918945312e+01 1.3850668133e-09 4.3581184481e-10 9.4925496852e-10
9.1979980469e+01 1.3798409018e-09 4.3362660991e-10 9.4621429186e-10
9.2041015625e+01 1.3742165480e-09 4.3131526516e-10 9.4290128285e-10
9.2102050781e+01 1.3681501956e-09 4.2886548976e-10 9.3928470585e-10
9.2163085938e+01 1.3616082087e-09 4.2626798777e-10 9.3534022098e-10
9.2224121094e+01 1.3545677931e-09 4.2351711847e-10 9.3105067464e-10
9.2285156250e+01 1.3470164976e-09 4.2061092243e-10 9.2640557517e-10
9.2346191406e+01 1.3389509823e-09 4.1755097578e-10 9.2140000654e-10
9.2407226562e+01 1.3303753460e-09 4.1434193832e-10 9.1603340765e-10
9.2468261719e+01 1.3212992747e-09 4.1099092314e-10 9.1030835156e-10
9.2529296875e+01 1.3117353802e-09 4.0750640563e-10 9.0422897454e-10
9.2590332031e+01 1.3016969116e-09 4.0389720986e-10 8.9779970176e-10
9.2651367188e+01 1.2911960488e-09 4.0017174794e-10 8.9102430082e-10
9.2712402344e+01 1.2802413682e-09 3.9633686907e-10 8.8390449918e-10
9.2773437500e+01 1.2688382663e-09 3.9239780533e-10 8.7644046101e-10
9.2834472656e+01 1.2569892466e-09 3.8835790465e-10 8.6863134193e-10
9.2895507812e+01 1.2446946790e-09 3.8421889727e-10 8.6047578176e-10
9.2956542969e+01 1.2319547461e-09 3.7998137607e-10 8.5197337005e-10
9.3017578125e+01 1.2187715194e-09 3.7564569559e-10 8.4312582382e-10
9.3078613281e+01 1.2051510929e-09 3.7121247139e-10 8.3393862154e-10
9.3139648438e+01 1.1911048167e-09 3.6668331099e-10 8.2442150575e-10
9.3200683594e+01 1.1766513516e-09 3.6206155435e-10 8.1458979728e-10
9.3261718750e+01 1.1618168520e-09 3.5735251898e-10 8.0446433305e-10
9.3322753906e+01 1.1466339275e-09 3.5256323974e-10 7.9407068779e-10
9.3383789062e+01 1.1311417459e-09 3.4770270160e-10 7.8343904432e-10
9.3444824219e+01 1.1153839634e-09 3.4278141539e-10 7.7260254804e-10
9.3505859375e+01 1.0994064797e-09 3.3781078315e-10 7.6159569651e-10
9.3566894531e+01 1.0832563615e-09 3.3280272822e-10 7.5045363325e-10
9.3627929688e+01 1.0669790913e-09 3.2776901035e-10 7.3921008090e-10
9.3688964844e+01 1.0506180636e-09 3.2272112886e-10 7.2789693470e-10
9.3750000000e+01 1.0342121210e-09 3.1766949087e-10 7.1654263008e-10
9.3811035156e+01 1.0177949391e-09 3.1262317849e-10 7.0517176056e-10
9.3872070312e+01 1.0013945039e-09 3.0758977606e-10 6.9380472788e-10
9.3933105469e+01 9.8503230555e-10 3.0257510286e-10 6.8245720269e-10
9.3994140625e+01 9.6872462301e-10 2.9758332478e-10 6.7114129823e-10
9.4055175781e+01 9.5248310024e-10 2.9261716406e-10 6.5986593618e-10
9.4116210938e+01 9.3631496968e-10 2.8767800000e-10 6.4863696968e-10
9.4177246094e+01 9.2022608175e-10 2.8276677645e-10 6.3745930531e-10
9.4238281250e+01 9.0422165287e-10 2.7788429642e-10 6.2633735646e-10
9.4299316406e+01 8.8830867846e-10 2.7303210594e-10 6.1527657252e-10
9.4360351562e+01 8.7249656648e-10 2.6821286313e-10 6.0428370334e-10
9.4421386719e+01 8.5679858348e-10 2.6343080148e-10 5.9336778200e-10
9.4482421875e+01 8.4123141024e-10 2.5869172145e-10 5.8253968879e-10
9.4543457031e+01 8.2581511342e-10 2.5400312969e-10 5.7181198373e-10
9.4604492188e+01 8.1057084584e-10 2.4937330760e-10 5.6119753825e-10
9.4665527344e+01 7.9552009483e-10 2.4481093844e-10 5.5070915639e-10
9.4726562500e+01 7.8068222553e-10 2.4032425304e-10 5.4035797249e-10
9.4787597656e+01 7.6607235639e-10 2.3591996322e-10 5.3015239317e-10
9.4848632812e+01 7.5169973639e-10 2.3160251362e-10 5.2009722277e-10
9.4909667969e+01 7.3756620005e-10 2.2737340274e-10 5.1019279731e-10
9.4970703125e+01 7.2366571685e-10 2.2323088807e-10 5.0043482878e-10
9.5031738281e+01 7.0998422018e-10 2.1916982756e-10 4.9081439263e-10
9.5092773438e+01 6.9649996536e-10 2.1518194272e-10 4.8131802264e-10
9.5153808594e+01 6.8318406690e-10 2.1125612189e-10 4.7192794501e-10
9.5214843750e+01 6.7000246181e-10 2.0737917660e-10 4.6262328520e-10
9.5275878906e+01 6.5691693676e-10 2.0353654465e-10 4.5338039211e-10
9.5336914062e+01 6.4388709891e-10 1.9971307937e-10 4.4417401954e-10
9.5397949219e+01 6.3087207482e-10 1.9589388153e-10 4.3497819330e-10
9.5458984375e+01 6.1783242354e-10 1.9206499916e-10 4.2576742438e-10
9.5520019531e+01 6.0473223878e-10 1.8821409586e-10 4.1651814292e-10
9.5581054688e+01 5.9154002472e-10 1.8433079289e-10 4.0720923183e-10
9.5642089844e+01 5.7823063942e-10 1.8040711621e-10 3.9782352321e-10
9.5703125000e+01 5.6478634297e-10 1.7643765821e-10 3.8834868475e-10
9.5764160156e+01 5.5119716203e-10 1.7241951667e-10 3.7877764536e-10
9.5825195312e+01 5.3746154761e-10 1.6835232535e-10 3.6910922226e-10
9.5886230469e+01 5.2358585803e-10 1.6423794983e-10 3.5934790820e-10
9.5947265625e+01 5.0958388801e-10 1.6008024601e-10 3.4950364200e-10
9.6008300781e+01 4.9547601516e-10 1.5588469253e-10 3.3959132262e-10
9.6069335938e+01 4.8128823129e-10 1.5165813730e-10 3.2963009399e-10
9.6130371094e+01 4.6705118906e-10 1.4740853946e-10 3.1964264960e-10
9.6191406250e+01 4.5279857947e-10 1.4314459758e-10 3.0965398189e-10
9.6252441406e+01 4.3856613128e-10 1.3887555255e-10 2.9969057873e-10
9.6313476562e+01 4.2439062928e-10 1.3461107944e-10 2.8977954984e-10
9.6374511719e+01 4.1030902039e-10 1.3036109370e-10 2.7994792669e-10
9.6435546875e+01 3.9635799645e-10 1.2613576865e-10 2.7022222780e-10
9.6496582031e+01 3.8257303280e-10 1.2194534755e-10 2.6062768525e-10
9.6557617188e+01 3.6898816594e-10 1.1780008010e-10 2.5118808584e-10
9.6618652344e+01 3.5563575468e-10 1.1371013267e-10 2.4192562202e-10
9.6679687500e+01 3.4254619364e-10 1.0968546529e-10 2.3286072835e-10
9.6740722656e+01 3.2974731717e-10 1.0573558951e-10 2.2401172765e-10
9.6801757812e+01 3.1726446453e-10 1.0186945199e-10 2.1539501254e-10
9.6862792969e+01 3.0512071482e-10 9.8095399900e-11 2.0702531492e-10
9.6923828125e+01 2.9333618563e-10 9.4420863810e-11 1.9891532182e-10
9.6984863281e+01 2.8192790440e-10 9.0852248450e-11 1.9107565595e-10
9.7045898438e+01 2.7091014528e-10 8.7394998989e-11 1.8351514629e-10
9.7106933594e+01 2.6029419091e-10 8.4053503140e-11 1.7624068777e-10
9.7167968750e+01 2.5008835195e-10 8.0831126038e-11 1.6925722591e-10
9.7229003906e+01 2.4029818653e-10 7.7730301935e-11 1.6256788460e-10
9.7290039062e+01 2.3092636046e-10 7.4752537586e-11 1.5617382288e-10
9.7351074219e+01 2.2197320835e-10 7.1898639231e-11 1.5007456912e-10
9.7412109375e+01 2.1343662622e-10 6.9168728332e-11 1.4426789789e-10
9.7473144531e+01 2.0531246995e-10 6.6562350548e-11 1.3875011940e-10
9.7534179688e+01 1.9759466530e-10 6.4078602587e-11 1.3351606271e-10
9.7595214844e+01 1.9027542234e-10 6.1716117304e-11 1.2855930504e-10
9.7656250000e+01 1.8334544500e-10 5.9473078477e-11 1.2387236652e-10
9.7717285156e+01 1.7679431623e-10 5.7347344459e-11 1.1944697177e-10
9.7778320312e+01 1.7061045498e-10 5.5336350368e-11 1.1527410461e-10
9.7839355469e+01 1.6478142963e-10 5.3437154049e-11 1.1134427558e-10
9.7900390625e+01 1.5929402871e-10 5.1646404650e-11 1.0764762406e-10
9.7961425781e+01 1.5413449750e-10 4.9960365113e-11 1.0417413239e-10
9.8022460938e+01 1.4928867693e-10 4.8374978440e-11 1.0091369849e-10
9.8083496094e+01 1.4474192829e-10 4.6885810195e-11 9.7856118098e-11
9.8144531250e+01 1.4047936719e-10 4.5488157798e-11 9.4991209391e-11
9.8205566406e+01 1.3648585178e-10 4.4177098787e-11 9.2308752990e-11
9.8266601562e+01 1.3274617715e-10 4.2947604505e-11 8.9798572643e-11
9.8327636719e+01 1.2924492900e-10 4.1794539223e-11 8.7450389775e-11
9.8388671875e+01 1.2596676217e-10 4.0712808862e-11 8.5253953312e-11
9.8449707031e+01 1.2289650545e-10 3.9697432644e-11 8.3199072808e-11
9.8510742188e+01 1.2001921436e-10 3.8743609568e-11 8.1275604794e-11
9.8571777344e+01 1.1732041918e-10 3.7846781834e-11 7.9473637344e-11
9.8632812500e+01 1.1478621470e-10 3.7002680738e-11 7.7783533961e-11
9.8693847656e+01 1.1240346643e-10 3.6207372171e-11 7.6196094259e-11
9.8754882812e+01 1.1015988726e-10 3.5457257140e-11 7.4702630116e-11
9.8815917969e+01 1.0804411963e-10 3.4749067014e-11 7.3295052615e-11
9.8876953125e+01 1.0604573656e-10 3.4079839222e-11 7.1965897339e-11
9.8937988281e+01 1.0415533041e-10 3.3446887364e-11 7.0708443044e-11
9.8999023438e+01 1.0236447676e-10 3.2847766734e-11 6.9516710027e-11
9.9060058594e+01 1.0066563867e-10 3.2280229292e-11 6.8385409383e-11
9.9121093750e+01 9.9052117269e-11 3.1742182674e-11 6.7309934594e-11
9.9182128906e+01 9.7517863659e-11 3.1231631699e-11 6.6286231960e-11
9.9243164062e+01 9.6057433949e-11 3.0746675028e-11 6.5310758921e-11
9.9304199219e+01 9.4665848708e-11 3.0285462972e-11 6.4380385737e-11
9.9365234375e+01 9.3338498628e-11 2.9846209614e-11 6.3492289014e-11
9.9426269531e+01 9.2070929339e-11 2.9427150313e-11 6.2643779026e-11
9.9487304688e+01 9.0858863108e-11 2.9026567182e-11 6.1832295926e-11
9.9548339844e+01 8.9698070335e-11 2.8642795779e-11 6.1055274556e-11
9.9609375000e+01 8.8584421032e-11 2.8274247336e-11 6.0310173695e-11
9.9670410156e+01 8.7513829481e-11 2.7919415942e-11 5.9594413539e-11
9.9731445312e+01 8.6482333358e-11 2.7576907616e-11 5.8905425742e-11
9.9792480469e+01 8.5486213574e-11 2.7245465479e-11 5.8240748095e-11
9.9853515625e+01 8.4521970069e-11 2.6923961743e-11 5.7598008327e-11
9.9914550781e+01 8.3586488989e-11 2.6611436176e-11 5.6975052813e-11
9.9975585938e+01 8.2677087009e-11 2.6307093065e-11 5.6369993944e-11
1.0003662109e+02 8.1791571611e-11 2.6010296293e-11 5.5781275318e-11
1.0009765625e+02 8.0928228216e-11 2.5720561192e-11 5.5207667024e-11
1.0015869141e+02 8.0085817783e-11 2.5437543766e-11 5.4648274016e-11
1.0021972656e+02 7.9263463464e-11 2.5160998640e-11 5.4102464824e-11
1.0028076172e+02 7.8460601178e-11 2.4890763695e-11 5.3569837483e-11
1.0034179688e+02 7.7676847458e-11 2.4626723486e-11 5.3050123972e-11
1.0040283203e+02 7.6911882331e-11 2.4368783115e-11 5.2543099216e-11
1.0046386719e+02 7.6165348297e-11 2.4116836708e-11 5.2048511589e-11
1.0052490234e+02 7.5436723273e-11 2.3870736324e-11 5.1565986948e-11
1.0058593750e+02 7.4725273095e-11 2.3630290733e-11 5.1094982362e-11
1.0064697266e+02 7.4030053638e-11 2.3395255720e-11 5.0634797918e-11
1.0070800781e+02 7.3349908168e-11 2.3165339055e-11 5.0184569113e-11
1.0076904297e+02 7.2683512015e-11 2.2940218041e-11 4.9743293975e-11
1.0083007812e+02 7.2029470553e-11 2.2719557594e-11 4.9309912959e-11
1.0089111328e+02 7.1386380824e-11 2.2503021228e-11 4.8883359596e-11
1.0095214844e+02 7.0752940407e-11 2.2290302643e-11 4.8462637763e-11
1.0101318359e+02 7.0128035468e-11 2.2081138943e-11 4.8046896525e-11
1.0107421875e+02 6.9510719484e-11 2.1875308333e-11 4.7635411151e-11
1.0113525391e+02 6.8900274852e-11 2.1672629410e-11 4.7227645441e-11
1.0119628906e+02 6.8296207741e-11 2.1472961135e-11 4.6823246606e-11
1.0125732422e+02 6.7698119275e-11 2.1276168603e-11 4.6421950672e-11
1.0131835938e+02 6.7105699187e-11 2.1082110002e-11 4.6023589185e-11
1.0137939453e+02 6.6518681727e-11 2.0890626386e-11 4.5628055340e-11
1.0144042969e+02 6.5936746101e-11 2.0701525165e-11 4.5235220936e-11
1.0150146484e+02 6.5359501959e-11 2.0514582019e-11 4.4844919941e-11
1.0156250000e+02 6.4786484548e-11 2.0329547976e-11 4.4456936572e-11
1.0162353516e+02 6.4217161907e-11 2.0146174696e-11 4.4070987211e-11
1.0168457031e+02 6.3650964652e-11 1.9964227806e-11 4.3686736845e-11
1.0174560547e+02 6.3087351149e-11 1.9783515216e-11 4.3303835932e-11
1.0180664062e+02 6.2525864513e-11 1.9603916742e-11 4.2921947771e-11
1.0186767578e+02 6.1966171887e-11 1.9425385140e-11 4.2540786747e-11
1.0192871094e+02 6.1408100751e-11 1.9247954816e-11 4.2160145935e-11
1.0198974609e+02 6.0851697442e-11 1.9071749680e-11 4.1779947762e-11
1.0205078125e+02 6.0297185008e-11 1.8896961276e-11 4.1400223732e-11
1.0211181641e+02 5.9744948652e-11 1.8723820862e-11 4.1021127790e-11
1.0217285156e+02 5.9195498345e-11 1.8552579759e-11 4.0642918586e-11
1.0223388672e+02 5.8649414949e-11 1.8383482103e-11 4.0265932846e-11
1.0229492188e+02 5.8107275902e-11 1.8216728879e-11 3.9890547023e-11
1.0235595703e+02 5.7569586496e-11 1.8052459478e-11 3.9517127018e-11
1.0241699219e+02 5.7036756548e-11 1.7890743190e-11 3.9146013358e-11
1.0247802734e+02 5.6509037272e-11 1.7731565014e-11 3.8777472258e-11
1.0253906250e+02 5.5986551363e-11 1.7574832212e-11 3.8411719151e-11
1.0260009766e+02 5.5469309800e-11 1.7420398745e-11 3.8048911055e-11
1.0266113281e+02 5.4957257242e-11 1.7268078229e-11 3.7689179013e-11
1.0272216797e+02 5.4450295810e-11 1.7117664765e-11 3.7332631046e-11
1.0278320312e+02 5.3948328445e-11 1.6968952075e-11 3.6979376370e-11
1.0284423828e+02 5.3451309963e-11 1.6821756264e-11 3.6629553699e-11
1.0290527344e+02 5.2959205423e-11 1.6675917589e-11 3.6283287834e-11
1.0296630859e+02 5.2472020916e-11 1.6531312525e-11 3.5940708391e-11
1.0302734375e+02 5.1989756130e-11 1.6387840754e-11 3.5601915375e-11
1.0308837891e+02 5.1512302616e-11 1.6245402907e-11 3.5266899709e-11
1.0314941406e+02 5.1039428022e-11 1.6103895317e-11 3.4935532705e-11
1.0321044922e+02 5.0570742953e-11 1.5963200797e-11 3.4607542156e-11
1.0327148438e+02 5.0105647328e-11 1.5823171425e-11 3.4282475903e-11
1.0333251953e+02 4.9643352974e-11 1.5683633824e-11 3.3959719150e-11
1.0339355469e+02 4.9182947614e-11 1.5544402556e-11 3.3638545058e-11
1.0345458984e+02 4.8723422897e-11 1.5405280976e-11 3.3318141921e-11
1.0351562500e+02 4.8263774529e-11 1.5266084264e-11 3.2997690265e-11
1.0357666016e+02 4.7803090306e-11 1.5126662551e-11 3.2676427754e-11
1.0363769531e+02 4.7340641346e-11 1.4986917188e-11 3.2353724158e-11
1.0369873047e+02 4.6875941396e-11 1.4846807964e-11 3.2029133432e-11
1.0375976562e+02 4.6408755458e-11 1.4706348599e-11 3.1702406859e-11
1.0382080078e+02 4.5939135364e-11 1.4565608622e-11 3.1373526742e-11
1.0388183594e+02 4.5467373473e-11 1.4424695810e-11 3.1042677663e-11
1.0394287109e+02 4.4993951407e-11 1.4283736321e-11 3.0710215086e-11
1.0400390625e+02 4.4519506367e-11 1.4142861739e-11 3.0376644629e-11
1.0406494141e+02 4.4044730822e-11 1.4002185220e-11 3.0042545602e-11
1.0412597656e+02 4.3570319885e-11 1.3861790845e-11 2.9708529041e-11
1.0418701172e+02 4.3096929781e-11 1.3721730176e-11 2.9375199605e-11
1.0424804688e+02 4.2625125117e-11 1.3582019243e-11 2.9043105874e-11
1.0430908203e+02 4.2155374014e-11 1.3442650647e-11 2.8712723367e-11
1.0437011719e+02 4.1688027742e-11 1.3303597666e-11 2.8384430075e-11
1.0443115234e+02 4.1223344848e-11 1.3164836032e-11 2.8058508816e-11
1.0449218750e+02 4.0761495789e-11 1.3026354205e-11 2.7735141584e-11
1.0455322266e+02 4.0302589712e-11 1.2888158025e-11 2.7414431688e-11
1.0461425781e+02 3.9846678129e-11 1.2750275244e-11 2.7096402885e-11
1.0467529297e+02 3.9393778946e-11 1.2612761080e-11 2.6781017866e-11
1.0473632812e+02 3.8943889766e-11 1.2475685706e-11 2.6468204061e-11
1.0479736328e+02 3.8497004594e-11 1.2339135721e-11 2.6157868872e-11
1.0485839844e+02 3.8053090399e-11 1.2203192452e-11 2.5849897947e-11
1.0491943359e+02 3.7612119668e-11 1.2067931555e-11 2.5544188113e-11
1.0498046875e+02 3.7174045909e-11 1.1933414432e-11 2.5240631477e-11
1.0504150391e+02 3.6738793510e-11 1.1799673989e-11 2.4939119520e-11
1.0510253906e+02 3.6306259173e-11 1.1666717321e-11 2.4639541852e-11
1.0516357422e+02 3.5876294125e-11 1.1534521162e-11 2.4341772963e-11
1.0522460938e+02 3.5448707598e-11 1.1403037903e-11 2.4045669695e-11
1.0528564453e+02 3.5023266889e-11 1.1272196902e-11 2.3751069987e-11
1.0534667969e+02 3.4599709457e-11 1.1141910574e-11 2.3457798884e-11
1.0540771484e+02 3.4177773282e-11 1.1012086761e-11 2.3165686521e-11
1.0546875000e+02 3.3757200758e-11 1.0882632128e-11 2.2874568630e-11
1.0552978516e+02 3.3337762828e-11 1.0753453380e-11 2.2584309447e-11
1.0559082031e+02 3.2919280769e-11 1.0624469380e-11 2.2294811389e-11
1.0565185547e+02 3.2501641059e-11 1.0495611960e-11 2.2006029099e-11
1.0571289062e+02 3.2084785434e-11 1.0366824233e-11 2.1717961201e-11
1.0577392578e+02 3.1668705299e-11 1.0238060279e-11 2.1430645020e-11
1.0583496094e+02 3.1253445870e-11 1.0109289238e-11 2.1144156632e-11
1.0589599609e+02 3.0839085192e-11 9.9804887379e-12 2.0858596454e-11
1.0595703125e+02 3.0425706093e-11 9.8516414104e-12 2.0574064682e-11
1.0601806641e+02 3.0013402542e-11 9.7227383997e-12 2.0290664142e-11
1.0607910156e+02 2.9602268823e-11 9.5937764311e-12 2.0008492392e-11
1.0614013672e+02 2.9192404374e-11 9.4647660278e-12 1.9727638346e-11
1.0620117188e+02 2.8783922296e-11 9.3357303329e-12 1.9448191963e-11
1.0626220703e+02 2.8376956313e-11 9.2067073651e-12 1.9170248948e-11
1.0632324219e+02 2.7971658503e-11 9.0777511224e-12 1.8893907381e-11
1.0638427734e+02 2.7568218155e-11 8.9489360081e-12 1.8619282147e-11
1.0644531250e+02 2.7166870839e-11 8.8203600044e-12 1.8346510834e-11
1.0650634766e+02 2.6767882377e-11 8.6921389608e-12 1.8075743416e-11
1.0656738281e+02 2.6371579865e-11 8.5644128902e-12 1.7807166975e-11
1.0662841797e+02 2.5978296951e-11 8.4373294731e-12 1.7540967478e-11
1.0668945312e+02 2.5588385696e-11 8.3110449304e-12 1.7277340765e-11
1.0675048828e+02 2.5202207913e-11 8.1857164548e-12 1.7016491458e-11
1.0681152344e+02 2.4820101564e-11 8.0614916524e-12 1.6758609912e-11
1.0687255859e+02 2.4442383357e-11 7.9385077903e-12 1.6503875567e-11
1.0693359375e+02 2.4069307676e-11 7.8168773477e-12 1.6252430328e-11
1.0699462891e+02 2.3701068976e-11 7.6966875723e-12 1.6004381404e-11
1.0705566406e+02 2.3337784871e-11 7.5779945660e-12 1.5759790305e-11
1.0711669922e+02 2.2979492111e-11 7.4608283565e-12 1.5518663754e-11
1.0717773438e+02 2.2626152852e-11 7.3451929108e-12 1.5280959941e-11
1.0723876953e+02 2.2277680019e-11 7.2310775921e-12 1.5046602427e-11
1.0729980469e+02 2.1933933609e-11 7.1184569808e-12 1.4815476628e-11
1.0736083984e+02 2.1594744223e-11 7.0072991074e-12 1.4587445116e-11
1.0742187500e+02 2.1259940495e-11 6.8975738834e-12 1.4362366612e-11
1.0748291016e+02 2.0929354918e-11 6.7892556364e-12 1.4140099282e-11
1.0754394531e+02 2.0602835924e-11 6.6823255777e-12 1.3920510346e-11
1.0760498047e+02 2.0280265713e-11 6.5767760471e-12 1.3703489666e-11
1.0766601562e+02 1.9961555171e-11 6.4726082214e-12 1.3488946949e-11
1.0772705078e+02 1.9646649216e-11 6.3698318997e-12 1.3276817316e-11
1.0778808594e+02 1.9335523818e-11 6.2684635381e-12 1.3067060280e-11
1.0784912109e+02 1.9028179231e-11 6.1685237704e-12 1.2859655460e-11
1.0791015625e+02 1.8724641381e-11 6.0700356839e-12 1.2654605697e-11
1.0797119141e+02 1.8424961609e-11 5.9730243409e-12 1.2451937268e-11
1.0803222656e+02 1.8129206133e-11 5.8775120028e-12 1.2251694130e-11
1.0809326172e+02 1.7837460116e-11 5.7835182664e-12 1.2053941850e-11
1.0815429688e+02 1.7549818897e-11 5.6910578467e-12 1.1858761050e-11
1.0821533203e+02 1.7266381803e-11 5.6001406812e-12 1.1666241121e-11
1.0827636719e+02 1.6987257633e-11 5.5107726207e-12 1.1476485012e-11
1.0833740234e+02 1.6712549633e-11 5.4229536579e-12 1.1289595975e-11
1.0839843750e+02 1.6442361850e-11 5.3366814481e-12 1.1105680402e-11
1.0845947266e+02 1.6176789442e-11 5.2519513823e-12 1.0924838059e-11
1.0852050781e+02 1.5915926523e-11 5.1687598653e-12 1.0747166658e-11
1.0858154297e+02 1.5659870124e-11 5.0871054957e-12 1.0572764629e-11
1.0864257812e+02 1.5408711568e-11 5.0069906881e-12 1.0401720880e-11
1.0870361328e+02 1.5162540095e-11 4.9284207949e-12 1.0234119300e-11
1.0876464844e+02 1.4921441538e-11 4.8514022944e-12 1.0070039243e-11
1.0882568359e+02 1.4685486190e-11 4.7759414629e-12 9.9095447267e-12
1.0888671875e+02 1.4454726137e-11 4.7020426151e-12 9.7526835222e-12
1.0894775391e+02 1.4229187412e-11 4.6297058989e-12 9.5994815129e-12
1.0900878906e+02 1.4008856437e-11 4.5589237647e-12 9.4499326721e-12
1.0906982422e+02 1.3793674543e-11 4.4896800389e-12 9.3039945038e-12
1.0913085938e+02 1.3583537050e-11 4.4219487720e-12 9.1615882784e-12
1.0919189453e+02 1.3378296739e-11 4.3556953595e-12 9.0226013799e-12
1.0925292969e+02 1.3177768115e-11 4.2908758654e-12 8.8868922500e-12
1.0931396484e+02 1.2981740203e-11 4.2274396908e-12 8.7543005121e-12
1.0937500000e+02 1.2789980505e-11 4.1653300809e-12 8.6246504237e-12
1.0943603516e+02 1.2602259143e-11 4.1044872958e-12 8.4977718473e-12
1.0949707031e+02 1.2418355127e-11 4.0448500285e-12 8.3735050986e-12
1.0955810547e+02 1.2238069151e-11 3.9863596127e-12 8.2517095386e-12
1.0961914062e+02 1.2061234251e-11 3.9289616458e-12 8.1322726049e-12
1.0968017578e+02 1.1887709712e-11 3.8726063570e-12 8.0151033549e-12
1.0974121094e+02 1.1717396442e-11 3.8172544774e-12 7.9001419646e-12
1.0980224609e+02 1.1550228551e-11 3.7628768611e-12 7.7873516896e-12
1.0986328125e+02 1.1386171663e-11 3.7094557695e-12 7.6767158931e-12
1.0992431641e+02 1.1225225495e-11 3.6569869167e-12 7.5682385778e-12
1.0998535156e+02 1.1067418424e-11 3.6054793376e-12 7.4619390863e-12
1.1004638672e+02 1.0912806892e-11 3.5549545404e-12 7.3578523516e-12
1.1010742188e+02 1.0761475027e-11 3.5054452641e-12 7.2560297632e-12
1.1016845703e+02 1.0613528267e-11 3.4569929094e-12 7.1565353577e-12
1.1022949219e+02 1.0469085232e-11 3.4096433211e-12 7.0594419104e-12
1.1029052734e+02 1.0328280575e-11 3.3634444646e-12 6.9648361107e-12
1.1035156250e+02 1.0191245667e-11 3.3184401556e-12 6.8728055115e-12
1.1041259766e+02 1.0058108511e-11 3.2746681308e-12 6.7834403799e-12
1.1047363281e+02 9.9289792492e-12 3.2321570401e-12 6.6968222091e-12
1.1053466797e+02 9.8039445018e-12 3.1909232057e-12 6.6130212961e-12
1.1059570312e+02 9.6830631762e-12 3.1509715709e-12 6.5320916053e-12
1.1065673828e+02 9.5663585104e-12 3.1122944750e-12 6.4540640354e-12
1.1071777344e+02 9.4538225053e-12 3.0748746861e-12 6.3789478192e-12
1.1077880859e+02 9.3454244095e-12 3.0386901841e-12 6.3067342254e-12
1.1083984375e+02 9.2411111992e-12 3.0037158567e-12 6.2373953425e-12
1.1090087891e+02 9.1408188969e-12 2.9699287787e-12 6.1708901181e-12
1.1096191406e+02 9.0444779849e-12 2.9373091171e-12 6.1071688678e-12
1.1102294922e+02 8.9520217004e-12 2.9058442944e-12 6.0461774059e-12
1.1108398438e+02 8.8633835795e-12 2.8755276640e-12 5.9878559155e-12
1.1114501953e+02 8.7785023102e-12 2.8463586489e-12 5.9321436614e-12
1.1120605469e+02 8.6973215850e-12 2.8183424429e-12 5.8789791421e-12
1.1126708984e+02 8.6197800318e-12 2.7914845109e-12 5.8282955210e-12
1.1132812500e+02 8.5458098285e-12 2.7657890928e-12 5.7800207357e-12
1.1138916016e+02 8.4753333787e-12 2.7412569910e-12 5.7340763878e-12
1.1145019531e+02 8.4082645804e-12 2.7178833717e-12 5.6903812087e-12
1.1151123047e+02 8.3445014445e-12 2.6956547023e-12 5.6488467423e-12
1.1157226562e+02 8.2839377207e-12 2.6745516399e-12 5.6093860808e-12
1.1163330078e+02 8.2264556595e-12 2.6545454543e-12 5.5719102052e-12
1.1169433594e+02 8.1719304911e-12 2.6355995106e-12 5.5363309805e-12
1.1175537109e+02 8.1202401673e-12 2.6176719059e-12 5.5025682614e-12
1.1181640625e+02 8.0712590363e-12 2.6007148816e-12 5.4705441547e-12
1.1187744141e+02 8.0248596218e-12 2.5846761845e-12 5.4401834373e-12
1.1193847656e+02 7.9809145592e-12 2.5695005176e-12 5.4114140416e-12
1.1199951172e+02 7.9392939202e-12 2.5551294037e-12 5.3841645164e-12
1.1206054688e+02 7.8998718548e-12 2.5415047927e-12 5.3583670621e-12
1.1212158203e+02 7.8625195510e-12 2.5285675735e-12 5.3339519775e-12
1.1218261719e+02 7.8271104281e-12 2.5162593277e-12 5.3108511004e-12
1.1224365234e+02 7.7935216034e-12 2.5045228568e-12 5.2889987467e-12
1.1230468750e+02 7.7616412627e-12 2.4933048819e-12 5.2683363808e-12
1.1236572266e+02 7.7313733646e-12 2.4825570370e-12 5.2488163276e-12
1.1242675781e+02 7.7026366996e-12 2.4722352969e-12 5.2304014027e-12
1.1248779297e+02 7.6753680096e-12 2.4623017092e-12 5.2130663004e-12
1.1254882812e+02 7.6495194556e-12 2.4527246007e-12 5.1967948549e-12
1.1260986328e+02 7.6250511943e-12 2.4434762397e-12 5.1815749546e-12
1.1267089844e+02 7.6019248230e-12 2.4345324737e-12 5.1673923493e-12
1.1273193359e+02 7.5800955719e-12 2.4258721191e-12 5.1542234528e-12
1.1279296875e+02 7.5595053457e-12 2.4174765320e-12 5.1420288136e-12
1.1285400391e+02 7.5400706615e-12 2.4093256951e-12 5.1307449664e-12
1.1291503906e+02 7.5216787973e-12 2.4013978904e-12 5.1202809069e-12
1.1297607422e+02 7.5041888578e-12 2.3936708946e-12 5.1105179632e-12
1.1303710938e+02 7.4874279245e-12 2.3861196615e-12 5.1013082630e-12
1.1309814453e+02 7.4712026051e-12 2.3787176143e-12 5.0924849908e-12
1.1315917969e+02 7.4553052438e-12 2.3714371757e-12 5.0838680681e-12
1.1322021484e+02 7.4395236305e-12 2.3642512587e-12 5.0752723718e-12
1.1328125000e+02 7.4236572288e-12 2.3571341373e-12 5.0665230914e-12
1.1334228516e+02 7.4075239006e-12 2.3500611685e-12 5.0574627321e-12
1.1340332031e+02 7.3909716008e-12 2.3430112290e-12 5.0479603718e-12
1.1346435547e+02 7.3738848525e-12 2.3359651172e-12 5.0379197353e-12
1.1352539062e+02 7.3561893371e-12 2.3289068531e-12 5.0272824840e-12
1.1358642578e+02 7.3378535725e-12 2.3218235373e-12 5.0160300352e-12
1.1364746094e+02 7.3188830526e-12 2.3147042427e-12 5.0041788099e-12
1.1370849609e+02 7.2993144973e-12 2.3075386971e-12 4.9917758002e-12
1.1376953125e+02 7.2792083684e-12 2.3003183621e-12 4.9788900063e-12
1.1383056641e+02 7.2586371816e-12 2.2930346203e-12 4.9656025613e-12
1.1389160156e+02 7.2376766957e-12 2.2856795317e-12 4.9519971640e-12
1.1395263672e+02 7.2163921399e-12 2.2782446014e-12 4.9381475386e-12
1.1401367188e+02 7.1948295343e-12 2.2707206729e-12 4.9241088614e-12
1.1407470703e+02 7.1730101952e-12 2.2630989489e-12 4.9099112463e-12
1.1413574219e+02 7.1509229930e-12 2.2553697049e-12 4.8955532881e-12
1.1419677734e+02 7.1285303625e-12 2.2475238354e-12 4.8810065270e-12
1.1425781250e+02 7.1057673193e-12 2.2395520004e-12 4.8662153189e-12
1.1431884766e+02 7.0825449575e-12 2.2314439350e-12 4.8511010225e-12
1.1437988281e+02 7.0587657525e-12 2.2231908296e-12 4.8355749228e-12
1.1444091797e+02 7.0343279272e-12 2.2147831337e-12 4.8195447935e-12
1.1450195312e+02 7.0091343087e-12 2.2062105629e-12 4.8029237458e-12
1.1456298828e+02 6.9831013527e-12 2.1974626452e-12 4.7856387075e-12
1.1462402344e+02 6.9561663093e-12 2.1885293116e-12 4.7676369977e-12
1.1468505859e+02 6.9282865802e-12 2.1793994224e-12 4.7488871578e-12
1.1474609375e+02 6.8994465687e-12 2.1700639451e-12 4.7293826236e-12
1.1480712891e+02 6.8696511613e-12 2.1605151439e-12 4.7091360174e-12
1.1486816406e+02 6.8389231323e-12 2.1507473142e-12 4.6881758182e-12
1.1492919922e+02 6.8072985806e-12 2.1407573005e-12 4.6665412801e-12
1.1499023438e+02 6.7748246113e-12 2.1305460793e-12 4.6442785321e-12
1.1505126953e+02 6.7415434927e-12 2.1201158034e-12 4.6214276893e-12
1.1511230469e+02 6.7074947955e-12 2.1094709078e-12 4.5980238876e-12
1.1517333984e+02 6.6727081536e-12 2.0986163954e-12 4.5740917583e-12
1.1523437500e+02 6.6372022166e-12 2.0875570011e-12 4.5496452155e-12
1.1529541016e+02 6.6009842000e-12 2.0762966599e-12 4.5246875401e-12
1.1535644531e+02 6.5640472975e-12 2.0648369621e-12 4.4992103354e-12
1.1541748047e+02 6.5263737642e-12 2.0531766189e-12 4.4731971453e-12
1.1547851562e+02 6.4879401707e-12 2.0413125131e-12 4.4466276576e-12
1.1553955078e+02 6.4487183156e-12 2.0292398975e-12 4.4194784181e-12
1.1560058594e+02 6.4086791244e-12 2.0169530484e-12 4.3917260760e-12
1.1566162109e+02 6.3677952734e-12 2.0044460450e-12 4.3633492284e-12
1.1572265625e+02 6.3260461364e-12 1.9917142298e-12 4.3343319066e-12
1.1578369141e+02 6.2834140080e-12 1.9787530975e-12 4.3046609105e-12
1.1584472656e+02 6.2398876182e-12 1.9655598365e-12 4.2743277817e-12
1.1590576172e+02 6.1954585159e-12 1.9521315850e-12 4.2433269309e-12
1.1596679688e+02 6.1501206448e-12 1.9384659379e-12 4.2116547069e-12
1.1602783203e+02 6.1038683531e-12 1.9245602073e-12 4.1793081458e-12
1.1608886719e+02 6.0566954665e-12 1.9104101205e-12 4.1462853460e-12
1.1614990234e+02 6.0085974915e-12 1.8960113197e-12 4.1125861718e-12
1.1621093750e+02 5.9595679492e-12 1.8813586723e-12 4.0782092769e-12
1.1627197266e+02 5.9096021745e-12 1.8664471881e-12 4.0431549864e-12
1.1633300781e+02 5.8586994162e-12 1.8512719155e-12 4.0074275008e-12
1.1639404297e+02 5.8068635412e-12 1.8358296828e-12 3.9710338584e-12
1.1645507812e+02 5.7541098297e-12 1.8201210725e-12 3.9339887572e-12
1.1651611328e+02 5.7004611092e-12 1.8041488275e-12 3.8963122818e-12
1.1657714844e+02 5.6459496569e-12 1.7879196185e-12 3.8580300384e-12
1.1663818359e+02 5.5906187745e-12 1.7714437472e-12 3.8191750274e-12
1.1669921875e+02 5.5345193609e-12 1.7547346023e-12 3.7797847586e-12
1.1676025391e+02 5.4777041613e-12 1.7378069685e-12 3.7398971928e-12
1.1682128906e+02 5.4202246924e-12 1.7206761929e-12 3.6995484995e-12
1.1688232422e+02 5.3621271695e-12 1.7033562056e-12 3.6587709639e-12
1.1694335938e+02 5.3034474265e-12 1.6858584388e-12 3.6175889878e-12
1.1700439453e+02 5.2442098765e-12 1.6681911329e-12 3.5760187436e-12
1.1706542969e+02 5.1844274639e-12 1.6503587344e-12 3.5340687295e-12
1.1712646484e+02 5.1241033897e-12 1.6323623265e-12 3.4917410632e-12
1.1718750000e+02 5.0632318446e-12 1.6142002408e-12 3.4490316038e-12
1.1724853516e+02 5.0018073423e-12 1.5958701962e-12 3.4059371461e-12
1.1730957031e+02 4.9398249293e-12 1.5773694383e-12 3.3624554910e-12
1.1737060547e+02 4.8772878578e-12 1.5586968132e-12 3.3185910446e-12
1.1743164062e+02 4.8142111949e-12 1.5398537246e-12 3.2743574703e-12
1.1749267578e+02 4.7506234658e-12 1.5208449174e-12 3.2297785484e-12
1.1755371094e+02 4.6865689226e-12 1.5016789107e-12 3.1848900120e-12
1.1761474609e+02 4.6221063675e-12 1.4823678765e-12 3.1397384910e-12
1.1767578125e+02 4.5573083331e-12 1.4629274861e-12 3.0943808470e-12
1.1773681641e+02 4.4922593866e-12 1.4433767523e-12 3.0488826343e-12
1.1779785156e+02 4.4270528912e-12 1.4237377196e-12 3.0033151716e-12
1.1785888672e+02 4.3617905369e-12 1.4040354820e-12 2.9577550549e-12
1.1791992188e+02 4.2965801179e-12 1.3842980632e-12 2.9122820547e-12
1.1798095703e+02 4.2315354002e-12 1.3645572359e-12 2.8669781643e-12
1.1804199219e+02 4.1667765855e-12 1.3448486571e-12 2.8219279284e-12
1.1810302734e+02 4.1024294203e-12 1.3252118437e-12 2.7772175766e-12
1.1816406250e+02 4.0386294887e-12 1.3056908798e-12 2.7329386090e-12
1.1822509766e+02 3.9755157306e-12 1.2863324231e-12 2.6891833075e-12
1.1828613281e+02 3.9132276819e-12 1.2671842628e-12 2.6460434191e-12
1.1834716797e+02 3.8519047501e-12 1.2482944799e-12 2.6036102702e-12
1.1840820312e+02 3.7916744686e-12 1.2297071783e-12 2.5619672903e-12
1.1846923828e+02 3.7326466124e-12 1.2114602531e-12 2.5211863592e-12
1.1853027344e+02 3.6749061831e-12 1.1935829007e-12 2.4813232824e-12
1.1859130859e+02 3.6185034502e-12 1.1760923859e-12 2.4424110643e-12
1.1865234375e+02 3.5634535617e-12 1.1589938038e-12 2.4044597579e-12
1.1871337891e+02 3.5097298607e-12 1.1422784070e-12 2.3674514537e-12
1.1877441406e+02 3.4572669233e-12 1.1259249003e-12 2.3313420230e-12
1.1883544922e+02 3.4059677335e-12 1.1099019339e-12 2.2960657996e-12
1.1889648438e+02 3.3557122228e-12 1.0941711730e-12 2.2615410498e-12
1.1895751953e+02 3.3063649835e-12 1.0786898991e-12 2.2276750844e-12
1.1901855469e+02 3.2577894457e-12 1.0634156892e-12 2.1943737566e-12
1.1907958984e+02 3.2098582947e-12 1.0483098551e-12 2.1615484396e-12
1.1914062500e+02 3.1624604708e-12 1.0333396016e-12 2.1291208692e-12
1.1920166016e+02 3.1155070714e-12 1.0184800854e-12 2.0970269860e-12
1.1926269531e+02 3.0689345438e-12 1.0037148880e-12 2.0652196558e-12
1.1932373047e+02 3.0227032033e-12 9.8903517771e-13 2.0336680256e-12
1.1938476562e+02 2.9767940002e-12 9.7443869948e-13 2.0023553007e-12
1.1944580078e+02 2.9312036560e-12 9.5992851327e-13 1.9712751427e-12
1.1950683594e+02 2.8859396704e-12 9.4551046190e-13 1.9404292085e-12
1.1956787109e+02 2.8410122386e-12 9.3119058115e-13 1.9098216574e-12
1.1962890625e+02 2.7964334649e-12 9.1697522417e-13 1.8794582407e-12
1.1968994141e+02 2.7522122312e-12 9.0286889115e-13 1.8493433401e-12
1.1975097656e+02 2.7083525416e-12 8.8887401424e-13 1.8194785274e-12
1.1981201172e+02 2.6648547595e-12 8.7499088738e-13 1.7898638721e-12
1.1987304688e+02 2.6217184647e-12 8.6121887788e-13 1.7604995868e-12
1.1993408203e+02 2.5789433432e-12 8.4755641916e-13 1.7313869240e-12
1.1999511719e+02 2.5365327875e-12 8.3400226871e-13 1.7025305187e-12
1.2005615234e+02 2.4944970303e-12 8.2055663138e-13 1.6739403989e-12
1.2011718750e+02 2.4528533630e-12 8.0722135209e-13 1.6456320109e-12
1.2017822266e+02 2.4116292192e-12 7.9400147079e-13 1.6176277484e-12
1.2023925781e+02 2.3708601983e-12 7.8090503448e-13 1.5899551638e-12
1.2030029297e+02 2.3305893685e-12 7.6794295486e-13 1.5626464137e-12
1.2036132812e+02 2.2908634472e-12 7.5512857044e-13 1.5357348768e-12
1.2042236328e+02 2.2517328106e-12 7.4247784524e-13 1.5092549654e-12
1.2048339844e+02 2.2132452027e-12 7.3000745280e-13 1.4832377499e-12
1.2054443359e+02 2.1754434656e-12 7.1773373636e-13 1.4577097293e-12
1.2060546875e+02 2.1383649371e-12 7.0567218835e-13 1.4326927487e-12
1.2066650391e+02 2.1020390997e-12 6.9383650616e-13 1.4082025935e-12
1.2072753906e+02 2.0664867320e-12 6.8223735882e-13 1.3842493731e-12
1.2078857422e+02 2.0317211901e-12 6.7088237566e-13 1.3608388144e-12
1.2084960938e+02 1.9977480718e-12 6.5977576156e-13 1.3379723103e-12
1.2091064453e+02 1.9645688638e-12 6.4891912668e-13 1.3156497371e-12
1.2097167969e+02 1.9321794236e-12 6.3831107514e-13 1.2938683485e-12
1.2103271484e+02 1.9005741599e-12 6.2794876271e-13 1.2726253971e-12
1.2109375000e+02 1.8697455601e-12 6.1782791982e-13 1.2519176403e-12
1.2115478516e+02 1.8396851103e-12 6.0794381590e-13 1.2317412944e-12
1.2121582031e+02 1.8103834992e-12 5.9829142071e-13 1.2120920785e-12
1.2127685547e+02 1.7818332906e-12 5.8886679214e-13 1.1929664985e-12
1.2133789062e+02 1.7540278258e-12 5.7966691885e-13 1.1743609070e-12
1.2139892578e+02 1.7269621052e-12 5.7068977491e-13 1.1562723303e-12
1.2145996094e+02 1.7006336500e-12 5.6193489453e-13 1.1386987554e-12
1.2152099609e+02 1.6750434351e-12 5.5340358740e-13 1.1216398477e-12
1.2158203125e+02 1.6501964518e-12 5.4509872310e-13 1.1050977287e-12
1.2164306641e+02 1.6260997371e-12 5.3702409382e-13 1.0890756433e-12
1.2170410156e+02 1.6027634572e-12 5.2918476846e-13 1.0735786888e-12
1.2176513672e+02 1.5801986248e-12 5.2158606680e-13 1.0586125580e-12
1.2182617188e+02 1.5584159007e-12 5.1423336324e-13 1.0441825375e-12
1.2188720703e+02 1.5374232833e-12 5.0713135696e-13 1.0302919263e-12
1.2194824219e+02 1.5172241227e-12 5.0028340949e-13 1.0169407132e-12
1.2200927734e+02 1.4978160232e-12 4.9369123564e-13 1.0041247875e-12
1.2207031250e+02 1.4791892771e-12 4.8735456154e-13 9.9183471556e-13
1.2213134766e+02 1.4613244880e-12 4.8127040759e-13 9.8005408042e-13
1.2219238281e+02 1.4441948132e-12 4.7543352436e-13 9.6876128887e-13
1.2225341797e+02 1.4277652510e-12 4.6983596410e-13 9.5792928690e-13
1.2231445312e+02 1.4119935613e-12 4.6446737951e-13 9.4752618177e-13
1.2237548828e+02 1.3968323276e-12 4.5931514977e-13 9.3751717781e-13
1.2243652344e+02 1.3822314985e-12 4.5436490700e-13 9.2786659151e-13
1.2249755859e+02 1.3681405898e-12 4.4960105407e-13 9.1853953578e-13
1.2255859375e+02 1.3545112394e-12 4.4500740535e-13 9.0950383403e-13
1.2261962891e+02 1.3412999416e-12 4.4056830065e-13 9.0073164094e-13
1.2268066406e+02 1.3284701505e-12 4.3626913966e-13 8.9220101087e-13
1.2274169922e+02 1.3159941298e-12 4.3209748916e-13 8.8389664062e-13
1.2280273438e+02 1.3038531117e-12 4.2804366302e-13 8.7580944868e-13
1.2286376953e+02 1.2920380930e-12 4.2410151603e-13 8.6793657699e-13
1.2292480469e+02 1.2805483850e-12 4.2026841389e-13 8.6027997114e-13
1.2298583984e+02 1.2693910875e-12 4.1654541253e-13 8.5284567498e-13
1.2304687500e+02 1.2585781291e-12 4.1293658189e-13 8.4564154722e-13
1.2310791016e+02 1.2481245835e-12 4.0944839086e-13 8.3867619267e-13
1.2316894531e+02 1.2380459537e-12 4.0608855029e-13 8.3195740341e-13
1.2322998047e+02 1.2283560988e-12 4.0286499578e-13 8.2549110301e-13
1.2329101562e+02 1.2190648425e-12 3.9978459567e-13 8.1928024681e-13
1.2335205078e+02 1.2101765191e-12 3.9685206405e-13 8.1332445507e-13
1.2341308594e+02 1.2016886173e-12 3.9406907845e-13 8.0761953884e-13
1.2347412109e+02 1.1935904469e-12 3.9143354310e-13 8.0215690384e-13
1.2353515625e+02 1.1858631630e-12 3.8893944327e-13 7.9692371972e-13
1.2359619141e+02 1.1784810790e-12 3.8657714511e-13 7.9190393392e-13
1.2365722656e+02 1.1714118585e-12 3.8433374247e-13 7.8707811605e-13
1.2371826172e+02 1.1646190242e-12 3.8219406193e-13 7.8242496226e-13
1.2377929688e+02 1.1580641363e-12 3.8014176573e-13 7.7792237058e-13
1.2384033203e+02 1.1517095355e-12 3.7816059713e-13 7.7354893834e-13
1.2390136719e+02 1.1455206141e-12 3.7623545377e-13 7.6928516037e-13
1.2396240234e+02 1.1394680785e-12 3.7435345115e-13 7.6511462731e-13
1.2402343750e+02 1.1335293522e-12 3.7250458743e-13 7.6102476472e-13
1.2408447266e+02 1.1276892618e-12 3.7068192816e-13 7.5700733363e-13
1.2414550781e+02 1.1219395911e-12 3.6888165605e-13 7.5305793507e-13
1.2420654297e+02 1.1162779958e-12 3.6710265003e-13 7.4917534577e-13
1.2426757812e+02 1.1107061417e-12 3.6534570861e-13 7.4536043306e-13
1.2432861328e+02 1.1052281255e-12 3.6361280404e-13 7.4161532145e-13
1.2438964844e+02 1.0998478257e-12 3.6190615113e-13 7.3794167456e-13
1.2445068359e+02 1.0945678080e-12 3.6022765942e-13 7.3434014861e-13
1.2451171875e+02 1.0893881952e-12 3.5857820739e-13 7.3080998781e-13
1.2457275391e+02 1.0843051629e-12 3.5695714783e-13 7.2734801508e-13
1.2463378906e+02 1.0793121872e-12 3.5536240489e-13 7.2394978233e-13
1.2469482422e+02 1.0743992632e-12 3.5379023067e-13 7.2060903253e-13
1.2475585938e+02 1.0695546356e-12 3.5223582649e-13 7.1731880908e-13
1.2481689453e+02 1.0647654383e-12 3.5069345925e-13 7.1407197905e-13
1.2487792969e+02 1.0600188780e-12 3.4915715425e-13 7.1086172373e-13
1.2493896484e+02 1.0553028663e-12 3.4762119765e-13 7.0768166864e-13
1.2500000000e+02 1.0506074795e-12 3.4608093764e-13 7.0452654184e-13
1.2506103516e+02 1.0459254955e-12 3.4453336708e-13 7.0139212842e-13
1.2512207031e+02 1.0412519262e-12 3.4297723927e-13 6.9827468693e-13
1.2518310547e+02 1.0365850437e-12 3.4141361676e-13 6.9517142693e-13
1.2524414062e+02 1.0319251801e-12 3.3984546899e-13 6.9207971110e-13
1.2530517578e+02 1.0272739558e-12 3.3827740550e-13 6.8899655026e-13
1.2536621094e+02 1.0226345065e-12 3.3671533965e-13 6.8591916687e-13
1.2542724609e+02 1.0180098069e-12 3.3516542380e-13 6.8284438310e-13
1.2548828125e+02 1.0134021183e-12 3.3363331050e-13 6.7976880780e-13
1.2554931641e+02 1.0088127769e-12 3.3212343811e-13 6.7668933884e-13
1.2561035156e+02 1.0042422596e-12 3.3063842274e-13 6.7360383687e-13
1.2567138672e+02 9.9969078432e-13 3.2917884254e-13 6.7051194178e-13
1.2573242188e+02 9.9515855930e-13 3.2774315606e-13 6.6741540323e-13
1.2579345703e+02 9.9064652726e-13 3.2632806593e-13 6.6431846134e-13
1.2585449219e+02 9.8615698077e-13 3.2492894323e-13 6.6122803754e-13
1.2591552734e+02 9.8169441056e-13 3.2354077078e-13 6.5815363978e-13
1.2597656250e+02 9.7726468387e-13 3.2215840496e-13 6.5510627891e-13
1.2603759766e+02 9.7287547152e-13 3.2077764554e-13 6.5209782598e-13
1.2609863281e+02 9.6853433726e-13 3.1939533601e-13 6.4913900125e-13
1.2615966797e+02 9.6424820936e-13 3.1800971533e-13 6.4623849403e-13
1.2622070312e+02 9.6002269613e-13 3.1662050351e-13 6.4340219263e-13
1.2628173828e+02 9.5586066253e-13 3.1522871710e-13 6.4063194543e-13
1.2634277344e+02 9.5176267177e-13 3.1383665467e-13 6.3792601710e-13
1.2640380859e+02 9.4772712772e-13 3.1244770449e-13 6.3527942323e-13
1.2646484375e+02 9.4375154273e-13 3.1106609321e-13 6.3268544952e-13
1.2652587891e+02 9.3983302844e-13 3.0969655394e-13 6.3013647450e-13
1.2658691406e+02 9.3597012007e-13 3.0834428449e-13 6.2762583558e-13
1.2664794922e+02 9.3216329745e-13 3.0701459621e-13 6.2514870123e-13
1.2670898438e+02 9.2841572815e-13 3.0571276998e-13 6.2270295818e-13
1.2677001953e+02 9.2473265967e-13 3.0444341169e-13 6.2028924799e-13
1.2683105469e+02 9.2112061190e-13 3.0321020033e-13 6.1791041157e-13
1.2689208984e+02 9.1758616499e-13 3.0201564521e-13 6.1557051978e-13
1.2695312500e+02 9.1413486677e-13 3.0086082054e-13 6.1327404624e-13
1.2701416016e+02 9.1076956828e-13 2.9974505947e-13 6.1102450881e-13
1.2707519531e+02 9.0748895849e-13 2.9866584842e-13 6.0882311006e-13
1.2713623047e+02 9.0428811204e-13 2.9761931644e-13 6.0666879561e-13
1.2719726562e+02 9.0115841594e-13 2.9660051879e-13 6.0455789715e-13
1.2725830078e+02 8.9808804902e-13 2.9560367922e-13 6.0248436980e-13
1.2731933594e+02 8.9506372317e-13 2.9462286222e-13 6.0044086095e-13
1.2738037109e+02 8.9207179015e-13 2.9365246547e-13 5.9841932468e-13
1.2744140625e+02 8.8909927433e-13 2.9268749711e-13 5.9641177723e-13
1.2750244141e+02 8.8613554398e-13 2.9172394048e-13 5.9441160350e-13
1.2756347656e+02 8.8317191573e-13 2.9075865631e-13 5.9241325942e-13
1.2762451172e+02 8.8020270031e-13 2.8978966851e-13 5.9041303180e-13
1.2768554688e+02 8.7722417506e-13 2.8881560343e-13 5.8840857163e-13
1.2774658203e+02 8.7423364322e-13 2.8783560422e-13 5.8639803900e-13
1.2780761719e+02 8.7122947835e-13 2.8684933409e-13 5.8438014427e-13
1.2786865234e+02 8.6820906959e-13 2.8585628813e-13 5.8235278146e-13
1.2792968750e+02 8.6516900759e-13 2.8485596660e-13 5.8031304099e-13
1.2799072266e+02 8.6210498787e-13 2.8384798371e-13 5.7825700416e-13
1.2805175781e+02 8.5901168082e-13 2.8283184305e-13 5.7617983778e-13
1.2811279297e+02 8.5588346304e-13 2.8180716963e-13 5.7407629341e-13
1.2817382812e+02 8.5271499222e-13 2.8077375952e-13 5.7194123270e-13
1.2823486328e+02 8.4950253848e-13 2.7973186382e-13 5.6977067466e-13
1.2829589844e+02 8.4624454877e-13 2.7868205265e-13 5.6756249612e-13
1.2835693359e+02 8.4294220406e-13 2.7762526839e-13 5.6531693566e-13
1.2841796875e+02 8.3959982944e-13 2.7656277958e-13 5.6303704987e-13
1.2847900391e+02 8.3622458859e-13 2.7549599544e-13 5.6072859316e-13
1.2854003906e+02 8.3282643656e-13 2.7442644408e-13 5.5839999248e-13
1.2860107422e+02 8.2941738851e-13 2.7335565080e-13 5.5606173770e-13
1.2866210938e+02 8.2601074527e-13 2.7228509412e-13 5.5372565115e-13
1.2872314453e+02 8.2262075815e-13 2.7121645302e-13 5.5140430512e-13
1.2878417969e+02 8.1926163290e-13 2.7015156604e-13 5.4911006686e-13
1.2884521484e+02 8.1594697282e-13 2.6909250857e-13 5.4685446425e-13
1.2890625000e+02 8.1268984619e-13 2.6804194117e-13 5.4464790502e-13
1.2896728516e+02 8.0950152001e-13 2.6700284302e-13 5.4249867699e-13
1.2902832031e+02 8.0639064519e-13 2.6597829125e-13 5.4041235395e-13
1.2908935547e+02 8.0336298761e-13 2.6497141322e-13 5.3839157440e-13
1.2915039062e+02 8.0042078154e-13 2.6398484002e-13 5.3643594152e-13
1.2921142578e+02 7.9756259578e-13 2.6302055471e-13 5.3454204107e-13
1.2927246094e+02 7.9478298778e-13 2.6207953256e-13 5.3270345522e-13
1.2933349609e+02 7.9207233578e-13 2.6116127962e-13 5.3091105617e-13
1.2939453125e+02 7.8941875276e-13 2.6026409771e-13 5.2915465504e-13
1.2945556641e+02 7.8680913544e-13 2.5938531267e-13 5.2742382278e-13
1.2951660156e+02 7.8423021620e-13 2.5852137410e-13 5.2570884210e-13
1.2957763672e+02 7.8167004829e-13 2.5766839827e-13 5.2400165001e-13
1.2963867188e+02 7.7911942576e-13 2.5682260790e-13 5.2229681786e-13
1.2969970703e+02 7.7657277252e-13 2.5598081931e-13 5.2059195321e-13
1.2976074219e+02 7.7402800282e-13 2.5514059432e-13 5.1888740850e-13
1.2982177734e+02 7.7148597131e-13 2.5430037388e-13 5.1718559743e-13
1.2988281250e+02 7.6894967996e-13 2.5345961148e-13 5.1549006848e-13
1.2994384766e+02 7.6642277585e-13 2.5261843100e-13 5.1380434485e-13
1.3000488281e+02 7.6390820446e-13 2.5177738215e-13 5.1213082230e-13
1.3006591797e+02 7.6140724546e-13 2.5093735372e-13 5.1046989173e-13
1.3012695312e+02 7.5891871599e-13 2.5009924668e-13 5.0881946931e-13
1.3018798828e+02 7.5643837788e-13 2.4926373139e-13 5.0717464650e-13
1.3024902344e+02 7.5395883087e-13 2.4843098703e-13 5.0552784384e-13
1.3031005859e+02 7.5147063090e-13 2.4760085913e-13 5.0386977177e-13
1.3037109375e+02 7.4896275329e-13 2.4677267126e-13 5.0219008202e-13
1.3043212891e+02 7.4642374678e-13 2.4594535312e-13 5.0047839366e-13
1.3049316406e+02 7.4384272527e-13 2.4511744333e-13 4.9872528195e-13
1.3055419922e+02 7.4121054953e-13 2.4428734221e-13 4.9692320732e-13
1.3061523438e+02 7.3852059109e-13 2.4345339307e-13 4.9506719803e-13
1.3067626953e+02 7.3576970066e-13 2.4261404972e-13 4.9315565094e-13
1.3073730469e+02 7.3295855014e-13 2.4176819435e-13 4.9119035579e-13
1.3079833984e+02 7.3009253342e-13 2.4091541208e-13 4.8917712134e-13
1.3085937500e+02 7.2718119477e-13 2.4005592391e-13 4.8712527086e-13
1.3092041016e+02 7.2423837688e-13 2.3919085348e-13 4.8504752340e-13
1.3098144531e+02 7.2128215259e-13 2.3832231479e-13 4.8295983779e-13
1.3104248047e+02 7.1833312755e-13 2.3745319911e-13 4.8087992843e-13
1.3110351562e+02 7.1541352288e-13 2.3658689310e-13 4.7882662978e-13
1.3116455078e+02 7.1254648782e-13 2.3572750024e-13 4.7681898758e-13
1.3122558594e+02 7.0975383951e-13 2.3487913041e-13 4.7487470910e-13
1.3128662109e+02 7.0705494160e-13 2.3404577197e-13 4.7300916964e-13
1.3134765625e+02 7.0446522684e-13 2.3323096005e-13 4.7123426679e-13
1.3140869141e+02 7.0199508991e-13 2.3243757633e-13 4.6955751359e-13
1.3146972656e+02 6.9964921778e-13 2.3166758165e-13 4.6798163613e-13
1.3153076172e+02 6.9742662473e-13 2.3092189724e-13 4.6650472750e-13
1.3159179688e+02 6.9532044445e-13 2.3020020182e-13 4.6512024263e-13
1.3165283203e+02 6.9331877647e-13 2.2950099989e-13 4.6381777659e-13
1.3171386719e+02 6.9140644441e-13 2.2882199974e-13 4.6258444467e-13
1.3177490234e+02 6.8956583804e-13 2.2816007947e-13 4.6140575856e-13
1.3183593750e+02 6.8777882436e-13 2.2751167827e-13 4.6026714608e-13
1.3189697266e+02 6.8602857725e-13 2.2687337698e-13 4.5915520027e-13
1.3195800781e+02 6.8430103161e-13 2.2624228718e-13 4.5805874442e-13
1.3201904297e+02 6.8258535012e-13 2.2561626274e-13 4.5696908738e-13
1.3208007812e+02 6.8087476317e-13 2.2499423969e-13 4.5588052348e-13
1.3214111328e+02 6.7916624224e-13 2.2437625751e-13 4.5478998473e-13
1.3220214844e+02 6.7745940931e-13 2.2376303045e-13 4.5369637886e-13
1.3226318359e+02 6.7575548205e-13 2.2315580600e-13 4.5259967605e-13
1.3232421875e+02 6.7405578731e-13 2.2255573010e-13 4.5150005721e-13
1.3238525391e+02 6.7236070084e-13 2.2196344593e-13 4.5039725491e-13
1.3244628906e+02 6.7066837610e-13 2.2137871041e-13 4.4928966569e-13
1.3250732422e+02 6.6897405746e-13 2.2080010396e-13 4.4817395350e-13
1.3256835938e+02 6.6727050651e-13 2.2022502919e-13 4.4704547732e-13
1.3262939453e+02 6.6554870251e-13 2.1965011947e-13 4.4589858304e-13
1.3269042969e+02 6.6379894927e-13 2.1907159165e-13 4.4472735762e-13
1.3275146484e+02 6.6201222982e-13 2.1848573853e-13 4.4352649128e-13
1.3281250000e+02 6.6018191154e-13 2.1788964868e-13 4.4229226287e-13
1.3287353516e+02 6.5830507549e-13 2.1728176435e-13 4.4102331114e-13
1.3293457031e+02 6.5638340974e-13 2.1666204754e-13 4.3972136219e-13
1.3299560547e+02 6.5442373266e-13 2.1603224672e-13 4.3839148594e-13
1.3305664062e+02 6.5243749600e-13 2.1539572655e-13 4.3704176946e-13
1.3311767578e+02 6.5044011332e-13 2.1475711998e-13 4.3568299334e-13
1.3317871094e+02 6.4844919056e-13 2.1412172251e-13 4.3432746804e-13
1.3323974609e+02 6.4648351215e-13 2.1349518596e-13 4.3298832619e-13
1.3330078125e+02 6.4456163485e-13 2.1288297555e-13 4.3167865930e-13
1.3336181641e+02 6.4269987156e-13 2.1228984678e-13 4.3041002478e-13
1.3342285156e+02 6.4091133877e-13 2.1171960780e-13 4.2919173096e-13
1.3348388672e+02 6.3920490850e-13 2.1117489402e-13 4.2803001449e-13
1.3354492188e+02 6.3758517933e-13 2.1065717663e-13 4.2692800270e-13
1.3360595703e+02 6.3605273515e-13 2.1016697272e-13 4.2588576243e-13
1.3366699219e+02 6.3460399111e-13 2.0970371392e-13 4.2490027719e-13
1.3372802734e+02 6.3323259637e-13 2.0926623627e-13 4.2396636010e-13
1.3378906250e+02 6.3193036514e-13 2.0885293486e-13 4.2307743028e-13
1.3385009766e+02 6.3068793254e-13 2.0846176009e-13 4.2222617245e-13
1.3391113281e+02 6.2949592670e-13 2.0809055657e-13 4.2140537013e-13
1.3397216797e+02 6.2834620230e-13 2.0773717899e-13 4.2060902331e-13
1.3403320312e+02 6.2723172168e-13 2.0739939180e-13 4.1983232988e-13
1.3409423828e+02 6.2614713222e-13 2.0707502951e-13 4.1907210272e-13
1.3415527344e+02 6.2508860639e-13 2.0676180315e-13 4.1832680324e-13
1.3421630859e+02 6.2405363967e-13 2.0645745813e-13 4.1759618154e-13
1.3427734375e+02 6.2304062208e-13 2.0615962610e-13 4.1688099598e-13
1.3433837891e+02 6.2204840611e-13 2.0586591796e-13 4.1618248814e-13
1.3439941406e+02 6.2107612667e-13 2.0557398119e-13 4.1550214548e-13
1.3446044922e+02 6.2012266003e-13 2.0528150770e-13 4.1484115233e-13
1.3452148438e+02 6.1918650533e-13 2.0498639394e-13 4.1420011139e-13
1.3458251953e+02 6.1826613118e-13 2.0468705166e-13 4.1357907952e-13
1.3464355469e+02 6.1735951206e-13 2.0438234957e-13 4.1297716249e-13
1.3470458984e+02 6.1646458296e-13 2.0407188980e-13 4.1239269316e-13
1.3476562500e+02 6.1557907439e-13 2.0375591382e-13 4.1182316057e-13
1.3482666016e+02 6.1470038972e-13 2.0343531634e-13 4.1126507338e-13
1.3488769531e+02 6.1382601075e-13 2.0311170494e-13 4.1071430580e-13
1.3494873047e+02 6.1295376303e-13 2.0278724554e-13 4.1016651748e-13
1.3500976562e+02 6.1208167791e-13 2.0246444158e-13 4.0961723633e-13
1.3507080078e+02 6.1120822197e-13 2.0214594930e-13 4.0906227266e-13
1.3513183594e+02 6.1033300506e-13 2.0183449272e-13 4.0849851234e-13
1.3519287109e+02 6.0945678257e-13 2.0153256044e-13 4.0792422212e-13
1.3525390625e+02 6.0858220229e-13 2.0124243710e-13 4.0733976519e-13
1.3531494141e+02 6.0771328022e-13 2.0096592905e-13 4.0674735117e-13
1.3537597656e+02 6.0685506934e-13 2.0070410209e-13 4.0615096724e-13
1.3543701172e+02 6.0601322682e-13 2.0045728642e-13 4.0555594040e-13
1.3549804688e+02 6.0519362163e-13 2.0022511079e-13 4.0496851084e-13
1.3555908203e+02 6.0440100643e-13 2.0000624382e-13 4.0439476261e-13
1.3562011719e+02 6.0363787876e-13 1.9979844760e-13 4.0383943116e-13
1.3568115234e+02 6.0290399700e-13 1.9959867915e-13 4.0330531785e-13
1.3574218750e+02 6.0219599991e-13 1.9940324085e-13 4.0279275906e-13
1.3580322266e+02 6.0150695918e-13 1.9920794437e-13 4.0229901481e-13
1.3586425781e+02 6.0082693706e-13 1.9900831291e-13 4.0181862415e-13
1.3592529297e+02 6.0014347524e-13 1.9879984224e-13 4.0134363300e-13
1.3598632812e+02 5.9944266683e-13 1.9857824050e-13 4.0086442633e-13
1.3604736328e+02 5.9871024553e-13 1.9833975132e-13 4.0037049420e-13
1.3610839844e+02 5.9793280710e-13 1.9808122982e-13 3.9985157728e-13
1.3616943359e+02 5.9709984125e-13 1.9780069733e-13 3.9929914392e-13
1.3623046875e+02 5.9620390732e-13 1.9749725250e-13 3.9870665482e-13
1.3629150391e+02 5.9524231098e-13 1.9717144066e-13 3.9807087031e-13
1.3635253906e+02 5.9421724628e-13 1.9682515766e-13 3.9739208862e-13
1.3641357422e+02 5.9313582720e-13 1.9646168883e-13 3.9667413838e-13
1.3647460938e+02 5.9201001467e-13 1.9608554743e-13 3.9592446724e-13
1.3653564453e+02 5.9085564275e-13 1.9570213222e-13 3.9515351053e-13
1.3659667969e+02 5.8969100889e-13 1.9531735026e-13 3.9437365862e-13
1.3665771484e+02 5.8853549270e-13 1.9493716466e-13 3.9359832803e-13
1.3671875000e+02 5.8740749954e-13 1.9456692590e-13 3.9284057364e-13
1.3677978516e+02 5.8632350167e-13 1.9421120942e-13 3.9211229225e-13
1.3684082031e+02 5.8529666340e-13 1.9387341189e-13 3.9142325151e-13
1.3690185547e+02 5.8433579022e-13 1.9355556327e-13 3.9078022695e-13
1.3696289062e+02 5.8344545701e-13 1.9325846273e-13 3.9018699428e-13
1.3702392578e+02 5.8262543493e-13 1.9298159147e-13 3.8964384345e-13
1.3708496094e+02 5.8187166619e-13 1.9272348004e-13 3.8914818615e-13
1.3714599609e+02 5.8117649677e-13 1.9248184902e-13 3.8869464775e-13
1.3720703125e+02 5.8052967733e-13 1.9225393934e-13 3.8827573800e-13
1.3726806641e+02 5.7991896080e-13 1.9203657217e-13 3.8788238862e-13
1.3732910156e+02 5.7933095149e-13 1.9182629848e-13 3.8750465300e-13
1.3739013672e+02 5.7875213377e-13 1.9161971877e-13 3.8713241500e-13
1.3745117188e+02 5.7816927053e-13 1.9141344534e-13 3.8675582519e-13
1.3751220703e+02 5.7756992450e-13 1.9120415198e-13 3.8636577252e-13
1.3757324219e+02 5.7694326506e-13 1.9098881587e-13 3.8595444918e-13
1.3763427734e+02 5.7628066392e-13 1.9076481744e-13 3.8551584648e-13
1.3769531250e+02 5.7557628154e-13 1.9053015273e-13 3.8504612881e-13
1.3775634766e+02 5.7482725561e-13 1.9028355695e-13 3.8454369867e-13
1.3781738281e+02 5.7403359148e-13 1.9002452517e-13 3.8400906631e-13
1.3787841797e+02 5.7319834524e-13 1.8975344450e-13 3.8344490074e-13
1.3793945312e+02 5.7232653800e-13 1.8947127675e-13 3.8285526125e-13
1.3800048828e+02 5.7142508339e-13 1.8917969136e-13 3.8224539203e-13
1.3806152344e+02 5.7050156829e-13 1.8888074046e-13 3.8162082783e-13
1.3812255859e+02 5.6956385804e-13 1.8857671668e-13 3.8098714135e-13
1.3818359375e+02 5.6861956950e-13 1.8826998783e-13 3.8034958167e-13
1.3824462891e+02 5.6767564136e-13 1.8796291251e-13 3.7971272884e-13
1.3830566406e+02 5.6673854219e-13 1.8765791132e-13 3.7908063087e-13
1.3836669922e+02 5.6581426509e-13 1.8735735536e-13 3.7845690973e-13
1.3842773438e+02 5.6490902658e-13 1.8706365550e-13 3.7784537108e-13
1.3848876953e+02 5.6402909672e-13 1.8677925677e-13 3.7724983994e-13
1.3854980469e+02 5.6318084234e-13 1.8650658104e-13 3.7667426130e-13
1.3861083984e+02 5.6237001965e-13 1.8624767803e-13 3.7612234162e-13
1.3867187500e+02 5.6160141612e-13 1.8600410839e-13 3.7559730773e-13
1.3873291016e+02 5.6087799654e-13 1.8577664951e-13 3.7510134703e-13
1.3879394531e+02 5.6019986430e-13 1.8556502209e-13 3.7463484221e-13
1.3885498047e+02 5.5956367754e-13 1.8536767992e-13 3.7419599762e-13
1.3891601562e+02 5.5896221941e-13 1.8518170985e-13 3.7378050956e-13
1.3897705078e+02 5.5838479451e-13 1.8500308430e-13 3.7338171020e-13
1.3903808594e+02 5.5781825384e-13 1.8482698218e-13 3.7299127167e-13
1.3909912109e+02 5.5724803870e-13 1.8464830755e-13 3.7259973115e-13
1.3916015625e+02 5.5665992389e-13 1.8446223489e-13 3.7219768901e-13
1.3922119141e+02 5.5604164768e-13 1.8426479014e-13 3.7177685754e-13
1.3928222656e+02 5.5538361470e-13 1.8405309417e-13 3.7133052053e-13
1.3934326172e+02 5.5468076143e-13 1.8382596243e-13 3.7085479900e-13
1.3940429688e+02 5.5393190974e-13 1.8358357951e-13 3.7034833023e-13
1.3946533203e+02 5.5314033651e-13 1.8332765773e-13 3.6981267877e-13
1.3952636719e+02 5.5231238978e-13 1.8306084792e-13 3.6925154185e-13
1.3958740234e+02 5.5145653843e-13 1.8278636050e-13 3.6867017793e-13
1.3964843750e+02 5.5058242984e-13 1.8250752210e-13 3.6807490774e-13
1.3970947266e+02 5.4970014854e-13 1.8222743032e-13 3.6747271823e-13
1.3977050781e+02 5.4881935741e-13 1.8194870311e-13 3.6687065430e-13
1.3983154297e+02 5.4794888820e-13 1.8167330208e-13 3.6627558612e-13
1.3989257812e+02 5.4709587663e-13 1.8140231729e-13 3.6569355934e-13
1.3995361328e+02 5.4626594783e-13 1.8113619985e-13 3.6512974798e-13
1.4001464844e+02 5.4546343754e-13 1.8087493224e-13 3.6458850531e-13
1.4007568359e+02 5.4469056153e-13 1.8061799776e-13 3.6407256377e-13
1.4013671875e+02 5.4394809362e-13 1.8036481991e-13 3.6358327371e-13
1.4019775391e+02 5.4323455295e-13 1.8011469673e-13 3.6311985622e-13
1.4025878906e+02 5.4254694538e-13 1.7986698877e-13 3.6267995660e-13
1.4031982422e+02 5.4188052783e-13 1.7962124468e-13 3.6225928315e-13
1.4038085938e+02 5.4122951174e-13 1.7937740161e-13 3.6185211013e-13
1.4044189453e+02 5.4058772328e-13 1.7913573382e-13 3.6145198946e-13
1.4050292969e+02 5.3994891903e-13 1.7889673666e-13 3.6105218237e-13
1.4056396484e+02 5.3930757815e-13 1.7866114599e-13 3.6064643217e-13
1.4062500000e+02 5.3865952723e-13 1.7842985382e-13 3.6022967341e-13
1.4068603516e+02 5.3800184947e-13 1.7820357227e-13 3.5979827720e-13
1.4074707031e+02 5.3733268311e-13 1.7798259305e-13 3.5935009007e-13
1.4080810547e+02 5.3665112664e-13 1.7776662217e-13 3.5888450447e-13
1.4086914062e+02 5.3595693756e-13 1.7755476306e-13 3.5840217450e-13
1.4093017578e+02 5.3525012969e-13 1.7734545998e-13 3.5790466972e-13
1.4099121094e+02 5.3453040921e-13 1.7713661800e-13 3.5739379121e-13
1.4105224609e+02 5.3379728610e-13 1.7692584806e-13 3.5687143804e-13
1.4111328125e+02 5.3304963489e-13 1.7671059518e-13 3.5633903971e-13
1.4117431641e+02 5.3228605787e-13 1.7648856197e-13 3.5579749590e-13
1.4123535156e+02 5.3150526868e-13 1.7625795626e-13 3.5524731243e-13
1.4129638672e+02 5.3070647640e-13 1.7601775727e-13 3.5468871913e-13
1.4135742188e+02 5.2988956532e-13 1.7576771346e-13 3.5412185186e-13
1.4141845703e+02 5.2905554902e-13 1.7550845668e-13 3.5354709234e-13
1.4147949219e+02 5.2820630733e-13 1.7524125241e-13 3.5296505492e-13
1.4154052734e+02 5.2734487031e-13 1.7496800151e-13 3.5237686880e-13
1.4160156250e+02 5.2647527422e-13 1.7469092369e-13 3.5178435053e-13
1.4166259766e+02 5.2560202702e-13 1.7441229581e-13 3.5118973121e-13
1.4172363281e+02 5.2472963517e-13 1.7413425522e-13 3.5059537995e-13
1.4178466797e+02 5.2386234513e-13 1.7385868806e-13 3.5000365708e-13
1.4184570312e+02 5.2300384088e-13 1.7358704241e-13 3.4941679847e-13
1.4190673828e+02 5.2215731842e-13 1.7332043242e-13 3.4883688600e-13
1.4196777344e+02 5.2132526921e-13 1.7305965520e-13 3.4826561401e-13
1.4202880859e+02 5.2051020824e-13 1.7280541363e-13 3.4770479461e-13
1.4208984375e+02 5.1971505362e-13 1.7255847470e-13 3.4715657893e-13
1.4215087891e+02 5.1894339297e-13 1.7231977902e-13 3.4662361395e-13
1.4221191406e+02 5.1820000465e-13 1.7209060356e-13 3.4610940109e-13
1.4227294922e+02 5.1749095542e-13 1.7187262765e-13 3.4561832778e-13
1.4233398438e+02 5.1682290271e-13 1.7166765109e-13 3.4515525162e-13
1.4239501953e+02 5.1620260929e-13 1.7147744450e-13 3.4472516480e-13
1.4245605469e+02 5.1563562916e-13 1.7130337651e-13 3.4433225265e-13
1.4251708984e+02 5.1512519795e-13 1.7114604472e-13 3.4397915323e-13
1.4257812500e+02 5.1467082746e-13 1.7100483330e-13 3.4366599415e-13
1.4263916016e+02 5.1426823442e-13 1.7087796295e-13 3.4339027147e-13
1.4270019531e+02 5.1390856212e-13 1.7076216052e-13 3.4314640160e-13
1.4276123047e+02 5.1357867882e-13 1.7065287270e-13 3.4292580611e-13
1.4282226562e+02 5.1326225435e-13 1.7054454259e-13 3.4271771176e-13
1.4288330078e+02 5.1294094558e-13 1.7043105425e-13 3.4250989134e-13
1.4294433594e+02 5.1259595691e-13 1.7030619810e-13 3.4228975881e-13
1.4300537109e+02 5.1221027128e-13 1.7016440175e-13 3.4204586953e-13
1.4306640625e+02 5.1176957838e-13 1.7000109024e-13 3.4176848814e-13
1.4312744141e+02 5.1126341269e-13 1.6981307819e-13 3.4145033449e-13
1.4318847656e+02 5.1068634952e-13 1.6959891220e-13 3.4108743732e-13
1.4324951172e+02 5.1003811866e-13 1.6935892858e-13 3.4067919008e-13
1.4331054688e+02 5.0932376175e-13 1.6909532022e-13 3.4022844153e-13
1.4337158203e+02 5.0855310582e-13 1.6881197435e-13 3.3974113146e-13
1.4343261719e+02 5.0774013940e-13 1.6851408207e-13 3.3922605733e-13
1.4349365234e+02 5.0690147149e-13 1.6820765649e-13 3.3869381500e-13
1.4355468750e+02 5.0605528748e-13 1.6789912764e-13 3.3815615983e-13
1.4361572266e+02 5.0522010688e-13 1.6759482756e-13 3.3762527932e-13
1.4367675781e+02 5.0441308095e-13 1.6730043207e-13 3.3711264888e-13
1.4373779297e+02 5.0364821548e-13 1.6702037948e-13 3.3662783600e-13
1.4379882812e+02 5.0293554812e-13 1.6675765772e-13 3.3617789041e-13
1.4385986328e+02 5.0228040502e-13 1.6651371337e-13 3.3576669165e-13
1.4392089844e+02 5.0168292171e-13 1.6628828318e-13 3.3539463853e-13
1.4398193359e+02 5.0113835735e-13 1.6607966945e-13 3.3505868790e-13
1.4404296875e+02 5.0063804850e-13 1.6588510973e-13 3.3475293878e-13
1.4410400391e+02 5.0017074286e-13 1.6570126446e-13 3.3446947840e-13
1.4416503906e+02 4.9972377754e-13 1.6552463841e-13 3.3419913913e-13
1.4422607422e+02 4.9928462791e-13 1.6535195863e-13 3.3393266929e-13
1.4428710938e+02 4.9884249142e-13 1.6518063497e-13 3.3366185645e-13
1.4434814453e+02 4.9838887204e-13 1.6500890992e-13 3.3337996213e-13
1.4440917969e+02 4.9791792943e-13 1.6483571674e-13 3.3308221269e-13
1.4447021484e+02 4.9742710513e-13 1.6466087052e-13 3.3276623461e-13
1.4453125000e+02 4.9691639527e-13 1.6448467165e-13 3.3243172362e-13
1.4459228516e+02 4.9638779647e-13 1.6430774654e-13 3.3208004993e-13
1.4465332031e+02 4.9584464832e-13 1.6413084701e-13 3.3171380131e-13
1.4471435547e+02 4.9529054261e-13 1.6395447902e-13 3.3133606359e-13
1.4477539062e+02 4.9472908507e-13 1.6377890992e-13 3.3095017515e-13
1.4483642578e+02 4.9416310944e-13 1.6360405383e-13 3.3055905561e-13
1.4489746094e+02 4.9359463229e-13 1.6342955355e-13 3.3016507874e-13
1.4495849609e+02 4.9302434993e-13 1.6325473782e-13 3.2976961211e-13
1.4501953125e+02 4.9245190485e-13 1.6307882831e-13 3.2937307655e-13
1.4508056641e+02 4.9187695723e-13 1.6290124581e-13 3.2897571142e-13
1.4514160156e+02 4.9129889763e-13 1.6272170570e-13 3.2857719193e-13
1.4520263672e+02 4.9071693822e-13 1.6254011738e-13 3.2817682083e-13
1.4526367188e+02 4.9013120277e-13 1.6235692778e-13 3.2777427499e-13
1.4532470703e+02 4.8954290875e-13 1.6217314334e-13 3.2736976541e-13
1.4538574219e+02 4.8895400838e-13 1.6199005816e-13 3.2696395021e-13
1.4544677734e+02 4.8836757318e-13 1.6180932417e-13 3.2655824901e-13
1.4550781250e+02 4.8778739711e-13 1.6163269624e-13 3.2615470087e-13
1.4556884766e+02 4.8721753090e-13 1.6146174674e-13 3.2575578415e-13
1.4562988281e+02 4.8666224430e-13 1.6129779265e-13 3.2536445165e-13
1.4569091797e+02 4.8612492819e-13 1.6114156445e-13 3.2498336374e-13
1.4575195312e+02 4.8560766804e-13 1.6099297432e-13 3.2461469371e-13
1.4581298828e+02 4.8511123209e-13 1.6085128425e-13 3.2425994784e-13
1.4587402344e+02 4.8463513264e-13 1.6071512132e-13 3.2392001132e-13
1.4593505859e+02 4.8417714679e-13 1.6058254678e-13 3.2359460000e-13
1.4599609375e+02 4.8373385537e-13 1.6045129950e-13 3.2328255586e-13
1.4605712891e+02 4.8330155292e-13 1.6031929707e-13 3.2298225585e-13
1.4611816406e+02 4.8287589431e-13 1.6018465586e-13 3.2269123844e-13
1.4617919922e+02 4.8245279889e-13 1.6004598241e-13 3.2240681648e-13
1.4624023438e+02 4.8202871330e-13 1.5990257111e-13 3.2212614220e-13
1.4630126953e+02 4.8160083784e-13 1.5975437183e-13 3.2184646601e-13
1.4636230469e+02 4.8116717994e-13 1.5960192554e-13 3.2156525440e-13
1.4642333984e+02 4.8072600563e-13 1.5944605441e-13 3.2127995121e-13
1.4648437500e+02 4.8027591356e-13 1.5928767951e-13 3.2098823405e-13
1.4654541016e+02 4.7981557097e-13 1.5912759949e-13 3.2068797149e-13
1.4660644531e+02 4.7934330125e-13 1.5896620133e-13 3.2037709992e-13
1.4666748047e+02 4.7885706792e-13 1.5880336566e-13 3.2005370226e-13
1.4672851562e+02 4.7835496545e-13 1.5863861609e-13 3.1971634935e-13
1.4678955078e+02 4.7783528925e-13 1.5847112243e-13 3.1936416682e-13
1.4685058594e+02 4.7729755963e-13 1.5830013553e-13 3.1899742410e-13
1.4691162109e+02 4.7674259697e-13 1.5812513715e-13 3.1861745982e-13
1.4697265625e+02 4.7617288543e-13 1.5794604486e-13 3.1822684057e-13
1.4703369141e+02 4.7559314820e-13 1.5776359162e-13 3.1782955658e-13
1.4709472656e+02 4.7500986227e-13 1.5757915675e-13 3.1743070552e-13
1.4715576172e+02 4.7443021066e-13 1.5739453584e-13 3.1703567482e-13
1.4721679688e+02 4.7386173270e-13 1.5721185372e-13 3.1664987898e-13
1.4727783203e+02 4.7331149476e-13 1.5703329551e-13 3.1627819925e-13
1.4733886719e+02 4.7278451084e-13 1.5686054919e-13 3.1592396165e-13
1.4739990234e+02 4.7228312759e-13 1.5669457828e-13 3.1558854932e-13
1.4746093750e+02 4.7180676047e-13 1.5653543179e-13 3.1527132869e-13
1.4752197266e+02 4.7135246975e-13 1.5638248194e-13 3.1496998781e-13
1.4758300781e+02 4.7091519129e-13 1.5623437483e-13 3.1468081646e-13
1.4764404297e+02 4.7048848566e-13 1.5608934586e-13 3.1439913980e-13
1.4770507812e+02 4.7006643315e-13 1.5594573046e-13 3.1412070269e-13
1.4776611328e+02 4.6964410607e-13 1.5580210487e-13 3.1384200120e-13
1.4782714844e+02 4.6921879981e-13 1.5565777540e-13 3.1356102440e-13
1.4788818359e+02 4.6879050807e-13 1.5551285914e-13 3.1327764893e-13
1.4794921875e+02 4.6836205083e-13 1.5536836255e-13 3.1299368828e-13
1.4801025391e+02 4.6793870345e-13 1.5522598735e-13 3.1271271610e-13
1.4807128906e+02 4.6752737941e-13 1.5508797756e-13 3.1243940185e-13
1.4813232422e+02 4.6713598965e-13 1.5495688515e-13 3.1217910450e-13
1.4819335938e+02 4.6677180381e-13 1.5483506468e-13 3.1193673913e-13
1.4825439453e+02 4.6644069143e-13 1.5472446941e-13 3.1171622202e-13
1.4831542969e+02 4.6614667009e-13 1.5462653451e-13 3.1152013559e-13
1.4837646484e+02 4.6589032706e-13 1.5454166457e-13 3.1134866250e-13
1.4843750000e+02 4.6566933687e-13 1.5446938643e-13 3.1119995044e-13
1.4849853516e+02 4.6547806955e-13 1.5440821694e-13 3.1106985261e-13
1.4855957031e+02 4.6530758563e-13 1.5435560217e-13 3.1095198346e-13
1.4862060547e+02 4.6514680847e-13 1.5430818705e-13 3.1083862143e-13
1.4868164062e+02 4.6498315229e-13 1.5426195295e-13 3.1072119934e-13
1.4874267578e+02 4.6480320340e-13 1.5421241222e-13 3.1059079119e-13
1.4880371094e+02 4.6459457061e-13 1.5415504620e-13 3.1043952441e-13
1.4886474609e+02 4.6434638892e-13 1.5408557768e-13 3.1026081124e-13
1.4892578125e+02 4.6405016035e-13 1.5400018665e-13 3.1004997370e-13
1.4898681641e+02 4.6370059396e-13 1.5389593762e-13 3.0980465633e-13
1.4904785156e+02 4.6329605856e-13 1.5377100150e-13 3.0952505707e-13
1.4910888672e+02 4.6283799642e-13 1.5362468167e-13 3.0921331476e-13
1.4916992188e+02 4.6233057269e-13 1.5345739007e-13 3.0887318261e-13
1.4923095703e+02 4.6178032535e-13 1.5327063034e-13 3.0850969502e-13
1.4929199219e+02 4.6119510851e-13 1.5306680553e-13 3.0812830298e-13
1.4935302734e+02 4.6058346703e-13 1.5284894327e-13 3.0773452375e-13
1.4941406250e+02 4.5995361893e-13 1.5262038638e-13 3.0733323255e-13
1.4947509766e+02 4.5931293398e-13 1.5238450233e-13 3.0692843165e-13
1.4953613281e+02 4.5866805153e-13 1.5214464264e-13 3.0652340889e-13
1.4959716797e+02 4.5802403224e-13 1.5190378532e-13 3.0612024692e-13
1.4965820312e+02 4.5738496418e-13 1.5166457738e-13 3.0572038680e-13
1.4971923828e+02 4.5675396504e-13 1.5142929025e-13 3.0532467479e-13
1.4978027344e+02 4.5613341847e-13 1.5119979633e-13 3.0493362215e-13
1.4984130859e+02 4.5552531057e-13 1.5097759665e-13 3.0454771393e-13
1.4990234375e+02 4.5493148080e-13 1.5076393602e-13 3.0416754477e-13
1.4996337891e+02 4.5435358495e-13 1.5055975458e-13 3.0379383037e-13
1.5002441406e+02 4.5379376658e-13 1.5036586682e-13 3.0342789976e-13
1.5008544922e+02 4.5325416454e-13 1.5018288124e-13 3.0307128331e-13
1.5014648438e+02 4.5273698440e-13 1.5001123813e-13 3.0272574627e-13
1.5020751953e+02 4.5224471987e-13 1.4985133068e-13 3.0239338920e-13
1.5026855469e+02 4.5177968467e-13 1.4970344430e-13 3.0207624037e-13
1.5032958984e+02 4.5134365166e-13 1.4956772419e-13 3.0177592747e-13
1.5039062500e+02 4.5093798808e-13 1.4944420718e-13 3.0149378090e-13
1.5045166016e+02 4.5056389647e-13 1.4933303714e-13 3.0123085933e-13
1.5051269531e+02 4.5022158379e-13 1.4923407947e-13 3.0098750432e-13
1.5057373047e+02 4.4991083204e-13 1.4914717723e-13 3.0076365481e-13
1.5063476562e+02 4.4963021406e-13 1.4907180734e-13 3.0055840671e-13
1.5069580078e+02 4.4937743299e-13 1.4900707153e-13 3.0037036146e-13
1.5075683594e+02 4.4914963768e-13 1.4895178947e-13 3.0019784821e-13
1.5081787109e+02 4.4894245564e-13 1.4890408331e-13 3.0003837233e-13
1.5087890625e+02 4.4875057639e-13 1.4886160451e-13 2.9988897188e-13
1.5093994141e+02 4.4856771980e-13 1.4882150445e-13 2.9974621535e-13
1.5100097656e+02 4.4838665824e-13 1.4878048939e-13 2.9960616885e-13
1.5106201172e+02 4.4819997642e-13 1.4873519813e-13 2.9946477829e-13
1.5112304688e+02 4.4800023157e-13 1.4868233484e-13 2.9931789673e-13
1.5118408203e+02 4.4778072641e-13 1.4861899618e-13 2.9916173023e-13
1.5124511719e+02 4.4753548695e-13 1.4854271766e-13 2.9899276929e-13
1.5130615234e+02 4.4726036191e-13 1.4845192745e-13 2.9880843446e-13
1.5136718750e+02 4.4695308282e-13 1.4834596068e-13 2.9860712213e-13
1.5142822266e+02 4.4661290009e-13 1.4822493034e-13 2.9838796975e-13
1.5148925781e+02 4.4624094151e-13 1.4808982412e-13 2.9815111739e-13
1.5155029297e+02 4.4583919969e-13 1.4794213368e-13 2.9789706601e-13
1.5161132812e+02 4.4541066702e-13 1.4778379749e-13 2.9762686953e-13
1.5167236328e+02 4.4495912981e-13 1.4761706188e-13 2.9734206793e-13
1.5173339844e+02 4.4448842429e-13 1.4744418887e-13 2.9704423541e-13
1.5179443359e+02 4.4400277383e-13 1.4726751491e-13 2.9673525892e-13
1.5185546875e+02 4.4350661666e-13 1.4708922935e-13 2.9641738731e-13
1.5191650391e+02 4.4300462680e-13 1.4691139830e-13 2.9609322850e-13
1.5197753906e+02 4.4250157789e-13 1.4673587877e-13 2.9576569912e-13
1.5203857422e+02 4.4200208247e-13 1.4656425479e-13 2.9543782768e-13
1.5209960938e+02 4.4151011579e-13 1.4639760098e-13 2.9511251481e-13
1.5216064453e+02 4.4102887081e-13 1.4623659927e-13 2.9479227154e-13
1.5222167969e+02 4.4056033879e-13 1.4608142434e-13 2.9447891445e-13
1.5228271484e+02 4.4010447900e-13 1.4593155260e-13 2.9417292640e-13
1.5234375000e+02 4.3965953707e-13 1.4578593317e-13 2.9387360390e-13
1.5240478516e+02 4.3922244067e-13 1.4564319630e-13 2.9357924437e-13
1.5246582031e+02 4.3878927019e-13 1.4550182969e-13 2.9328744050e-13
1.5252685547e+02 4.3835602189e-13 1.4536045552e-13 2.9299556637e-13
1.5258789062e+02 4.3791967706e-13 1.4521806268e-13 2.9270161437e-13
1.5264892578e+02 4.3747909006e-13 1.4507432304e-13 2.9240476703e-13
1.5270996094e+02 4.3703553653e-13 1.4492966380e-13 2.9210587273e-13
1.5277099609e+02 4.3659280124e-13 1.4478527084e-13 2.9180753040e-13
1.5283203125e+02 4.3615707805e-13 1.4464301481e-13 2.9151406324e-13
1.5289306641e+02 4.3573602043e-13 1.4450517158e-13 2.9123084885e-13
1.5295410156e+02 4.3533780209e-13 1.4437413389e-13 2.9096366820e-13
1.5301513672e+02 4.3497005777e-13 1.4425209401e-13 2.9071796376e-13
1.5307617188e+02 4.3463813751e-13 1.4414055384e-13 2.9049758367e-13
1.5313720703e+02 4.3434449854e-13 1.4404027134e-13 2.9030422719e-13
1.5319824219e+02 4.3408801847e-13 1.4395102032e-13 2.9013699815e-13
1.5325927734e+02 4.3386369141e-13 1.4387142312e-13 2.8999226829e-13
1.5332031250e+02 4.3366277866e-13 1.4379908589e-13 2.8986369277e-13
1.5338134766e+02 4.3347408822e-13 1.4373097288e-13 2.8974311534e-13
1.5344238281e+02 4.3328500994e-13 1.4366360597e-13 2.8962140397e-13
1.5350341797e+02 4.3308269960e-13 1.4359340557e-13 2.8948929404e-13
1.5356445312e+02 4.3285565435e-13 1.4351711301e-13 2.8933854134e-13
1.5362548828e+02 4.3259509857e-13 1.4343223125e-13 2.8916286732e-13
1.5368652344e+02 4.3229593441e-13 1.4333719385e-13 2.8895874056e-13
1.5374755859e+02 4.3195681153e-13 1.4323145796e-13 2.8872535357e-13
1.5380859375e+02 4.3158055616e-13 1.4311566381e-13 2.8846489235e-13
1.5386962891e+02 4.3117335811e-13 1.4299130198e-13 2.8818205613e-13
1.5393066406e+02 4.3074420903e-13 1.4286067882e-13 2.8788353021e-13
1.5399169922e+02 4.3030361718e-13 1.4272643745e-13 2.8757717973e-13
1.5405273438e+02 4.2986234569e-13 1.4259122920e-13 2.8727111649e-13
1.5411376953e+02 4.2943048591e-13 1.4245753175e-13 2.8697295416e-13
1.5417480469e+02 4.2901641494e-13 1.4232724891e-13 2.8668916604e-13
1.5423583984e+02 4.2862606337e-13 1.4220165760e-13 2.8642440576e-13
1.5429687500e+02 4.2826272431e-13 1.4208130992e-13 2.8618141439e-13
1.5435791016e+02 4.2792730732e-13 1.4196623958e-13 2.8596106774e-13
1.5441894531e+02 4.2761836798e-13 1.4185598668e-13 2.8576238130e-13
1.5447998047e+02 4.2733295143e-13 1.4174983898e-13 2.8558311245e-13
1.5454101562e+02 4.2706703383e-13 1.4164711789e-13 2.8541991595e-13
1.5460205078e+02 4.2681636471e-13 1.4154731240e-13 2.8526905231e-13
1.5466308594e+02 4.2657718755e-13 1.4145026187e-13 2.8512692568e-13
1.5472412109e+02 4.2634641067e-13 1.4135620497e-13 2.8499020570e-13
1.5478515625e+02 4.2612186688e-13 1.4126571470e-13 2.8485615217e-13
1.5484619141e+02 4.2590222349e-13 1.4117957414e-13 2.8472264935e-13
1.5490722656e+02 4.2568669808e-13 1.4109862880e-13 2.8458806928e-13
1.5496826172e+02 4.2547490907e-13 1.4102366749e-13 2.8445124158e-13
1.5502929688e+02 4.2526610887e-13 1.4095501125e-13 2.8431109762e-13
1.5509033203e+02 4.2505931974e-13 1.4089257738e-13 2.8416674236e-13
1.5515136719e+02 4.2485274417e-13 1.4083567912e-13 2.8401706506e-13
1.5521240234e+02 4.2464378580e-13 1.4078302603e-13 2.8386075977e-13
1.5527343750e+02 4.2442883112e-13 1.4073260005e-13 2.8369623107e-13
1.5533447266e+02 4.2420382423e-13 1.4068198316e-13 2.8352184107e-13
1.5539550781e+02 4.2396459635e-13 1.4062851157e-13 2.8333608478e-13
1.5545654297e+02 4.2370691641e-13 1.4056939654e-13 2.8313751987e-13
1.5551757812e+02 4.2342643008e-13 1.4050181928e-13 2.8292461080e-13
1.5557861328e+02 4.2311936534e-13 1.4042326809e-13 2.8269609725e-13
1.5563964844e+02 4.2278254471e-13 1.4033168928e-13 2.8245085543e-13
1.5570068359e+02 4.2241337292e-13 1.4022555209e-13 2.8218782082e-13
1.5576171875e+02 4.2200986921e-13 1.4010389628e-13 2.8190597294e-13
1.5582275391e+02 4.2157121968e-13 1.3996659089e-13 2.8160462879e-13
1.5588378906e+02 4.2109749837e-13 1.3981420419e-13 2.8128329418e-13
1.5594482422e+02 4.2059040080e-13 1.3964818521e-13 2.8094221559e-13
1.5600585938e+02 4.2005336837e-13 1.3947078026e-13 2.8058258811e-13
1.5606689453e+02 4.1949181731e-13 1.3928501342e-13 2.8020680389e-13
1.5612792969e+02 4.1891347721e-13 1.3909466910e-13 2.7981880811e-13
1.5618896484e+02 4.1832801298e-13 1.3890401361e-13 2.7942399936e-13
1.5625000000e+02 4.1774676137e-13 1.3871757056e-13 2.7902919081e-13
1.5631103516e+02 4.1718215813e-13 1.3853987155e-13 2.7864228658e-13
1.5637207031e+02 4.1664666993e-13 1.3837511101e-13 2.7827155892e-13
1.5643310547e+02 4.1615192029e-13 1.3822672432e-13 2.7792519596e-13
1.5649414062e+02 4.1570723018e-13 1.3809697960e-13 2.7761025058e-13
1.5655517578e+02 4.1531868280e-13 1.3798675883e-13 2.7733192397e-13
1.5661621094e+02 4.1498826855e-13 1.3789540626e-13 2.7709286229e-13
1.5667724609e+02 4.1471386519e-13 1.3782076595e-13 2.7689309924e-13
1.5673828125e+02 4.1448896527e-13 1.3775924751e-13 2.7672971775e-13
1.5679931641e+02 4.1430318186e-13 1.3770618319e-13 2.7659699867e-13
1.5686035156e+02 4.1414363379e-13 1.3765634913e-13 2.7648728467e-13
1.5692138672e+02 4.1399554515e-13 1.3760428185e-13 2.7639126330e-13
1.5698242188e+02 4.1384385496e-13 1.3754488025e-13 2.7629897471e-13
1.5704345703e+02 4.1367429361e-13 1.3747376597e-13 2.7620052764e-13
1.5710449219e+02 4.1347428257e-13 1.3738757188e-13 2.7608671069e-13
1.5716552734e+02 4.1323383592e-13 1.3728416714e-13 2.7594966878e-13
1.5722656250e+02 4.1294584385e-13 1.3716260544e-13 2.7578323841e-13
1.5728759766e+02 4.1260639559e-13 1.3702314353e-13 2.7558325206e-13
1.5734863281e+02 4.1221506686e-13 1.3686713748e-13 2.7534792939e-13
1.5740966797e+02 4.1177424985e-13 1.3669668389e-13 2.7507756596e-13
1.5747070312e+02 4.1128904110e-13 1.3651450170e-13 2.7477453940e-13
1.5753173828e+02 4.1076685489e-13 1.3632369631e-13 2.7444315858e-13
1.5759277344e+02 4.1021670642e-13 1.3612749708e-13 2.7408920934e-13
1.5765380859e+02 4.0964901513e-13 1.3592919481e-13 2.7371982032e-13
1.5771484375e+02 4.0907419661e-13 1.3573180206e-13 2.7334239454e-13
1.5777587891e+02 4.0850191126e-13 1.3553790516e-13 2.7296400610e-13
1.5783691406e+02 4.0794070301e-13 1.3534966002e-13 2.7259104298e-13
1.5789794922e+02 4.0739701990e-13 1.3516860438e-13 2.7222841551e-13
1.5795898438e+02 4.0687527196e-13 1.3499579124e-13 2.7187948071e-13
1.5802001953e+02 4.0637768760e-13 1.3483174694e-13 2.7154594065e-13
1.5808105469e+02 4.0590443675e-13 1.3467659526e-13 2.7122784150e-13
1.5814208984e+02 4.0545429261e-13 1.3453016987e-13 2.7092412274e-13
1.5820312500e+02 4.0502542413e-13 1.3439216906e-13 2.7063325507e-13
1.5826416016e+02 4.0461578371e-13 1.3426216032e-13 2.7035362339e-13
1.5832519531e+02 4.0422385313e-13 1.3413978723e-13 2.7008406591e-13
1.5838623047e+02 4.0384910286e-13 1.3402477154e-13 2.6982433132e-13
1.5844726562e+02 4.0349135386e-13 1.3391667033e-13 2.6957468353e-13
1.5850830078e+02 4.0315095493e-13 1.3381497795e-13 2.6933597698e-13
1.5856933594e+02 4.0282852482e-13 1.3371906139e-13 2.6910946343e-13
1.5863037109e+02 4.0252430758e-13 1.3362810421e-13 2.6889620338e-13
1.5869140625e+02 4.0223760667e-13 1.3354107947e-13 2.6869652721e-13
1.5875244141e+02 4.0196706297e-13 1.3345692339e-13 2.6851013958e-13
1.5881347656e+02 4.0171016671e-13 1.3337462598e-13 2.6833554073e-13
1.5887451172e+02 4.0146368082e-13 1.3329326610e-13 2.6817041472e-13
1.5893554688e+02 4.0122361055e-13 1.3321209273e-13 2.6801151782e-13
1.5899658203e+02 4.0098571020e-13 1.3313062190e-13 2.6785508830e-13
1.5905761719e+02 4.0074589742e-13 1.3304862608e-13 2.6769727134e-13
1.5911865234e+02 4.0050042817e-13 1.3296608957e-13 2.6753433861e-13
1.5917968750e+02 4.0024626110e-13 1.3288311295e-13 2.6736314815e-13
1.5924072266e+02 3.9998126109e-13 1.3279982900e-13 2.6718143209e-13
1.5930175781e+02 3.9970487387e-13 1.3271655915e-13 2.6698831472e-13
1.5936279297e+02 3.9941768328e-13 1.3263356928e-13 2.6678411400e-13
1.5942382812e+02 3.9912172304e-13 1.3255114879e-13 2.6657057425e-13
1.5948486328e+02 3.9882036813e-13 1.3246962687e-13 2.6635074126e-13
1.5954589844e+02 3.9851817871e-13 1.3238933526e-13 2.6612884345e-13
1.5960693359e+02 3.9822024971e-13 1.3231054714e-13 2.6590970258e-13
1.5966796875e+02 3.9793162752e-13 1.3223336769e-13 2.6569825983e-13
1.5972900391e+02 3.9765713980e-13 1.3215778933e-13 2.6549935047e-13
1.5979003906e+02 3.9740021292e-13 1.3208346877e-13 2.6531674415e-13
1.5985107422e+02 3.9716287518e-13 1.3200983078e-13 2.6515304440e-13
1.5991210938e+02 3.9694515720e-13 1.3193595050e-13 2.6500920670e-13
1.5997314453e+02 3.9674524235e-13 1.3186070117e-13 2.6488454118e-13
1.6003417969e+02 3.9655947746e-13 1.3178281568e-13 2.6477666178e-13
1.6009521484e+02 3.9638267196e-13 1.3170093774e-13 2.6468173421e-13
1.6015625000e+02 3.9620885765e-13 1.3161384947e-13 2.6459500818e-13
1.6021728516e+02 3.9603199887e-13 1.3152065812e-13 2.6451134076e-13
1.6027832031e+02 3.9584605585e-13 1.3142067723e-13 2.6442537861e-13
1.6033935547e+02 3.9564590910e-13 1.3131366445e-13 2.6433224465e-13
1.6040039062e+02 3.9542763522e-13 1.3119980247e-13 2.6422783275e-13
1.6046142578e+02 3.9518879202e-13 1.3107970486e-13 2.6410908716e-13
1.6052246094e+02 3.9492860852e-13 1.3095443782e-13 2.6397417070e-13
1.6058349609e+02 3.9464772198e-13 1.3082539270e-13 2.6382232928e-13
1.6064453125e+02 3.9434800282e-13 1.3069422881e-13 2.6365377401e-13
1.6070556641e+02 3.9403222408e-13 1.3056279524e-13 2.6346942883e-13
1.6076660156e+02 3.9370356953e-13 1.3043294374e-13 2.6327062579e-13
1.6082763672e+02 3.9336508196e-13 1.3030632134e-13 2.6305876062e-13
1.6088867188e+02 3.9301935661e-13 1.3018426504e-13 2.6283509157e-13
1.6094970703e+02 3.9266782295e-13 1.3006751934e-13 2.6260030361e-13
1.6101074219e+02 3.9231078349e-13 1.2995621097e-13 2.6235457252e-13
1.6107177734e+02 3.9194710505e-13 1.2984971995e-13 2.6209738510e-13
1.6113281250e+02 3.9157456863e-13 1.2974680907e-13 2.6182775956e-13
1.6119384766e+02 3.9119037159e-13 1.2964575710e-13 2.6154461449e-13
1.6125488281e+02 3.9079166012e-13 1.2954459643e-13 2.6124706369e-13
1.6131591797e+02 3.9037612379e-13 1.2944137110e-13 2.6093475269e-13
1.6137695312e+02 3.8994300609e-13 1.2933455113e-13 2.6060845496e-13
1.6143798828e+02 3.8949322467e-13 1.2922310840e-13 2.6027011627e-13
1.6149902344e+02 3.8902972500e-13 1.2910676012e-13 2.5992296488e-13
1.6156005859e+02 3.8855764332e-13 1.2898603046e-13 2.5957161287e-13
1.6162109375e+02 3.8808333140e-13 1.2886205942e-13 2.5922127198e-13
1.6168212891e+02 3.8761395095e-13 1.2873647084e-13 2.5887748010e-13
1.6174316406e+02 3.8715704041e-13 1.2861119247e-13 2.5854584794e-13
1.6180419922e+02 3.8671898658e-13 1.2848801606e-13 2.5823097053e-13
1.6186523438e+02 3.8630476306e-13 1.2836847356e-13 2.5793628950e-13
1.6192626953e+02 3.8591766566e-13 1.2825368083e-13 2.5766398483e-13
1.6198730469e+02 3.8555908538e-13 1.2814430556e-13 2.5741477982e-13
1.6204833984e+02 3.8522889042e-13 1.2804058373e-13 2.5718830669e-13
1.6210937500e+02 3.8492563654e-13 1.2794236840e-13 2.5698326814e-13
1.6217041016e+02 3.8464719493e-13 1.2784934652e-13 2.5679784841e-13
1.6223144531e+02 3.8439158483e-13 1.2776125502e-13 2.5663032982e-13
1.6229248047e+02 3.8415701602e-13 1.2767795233e-13 2.5647906369e-13
1.6235351562e+02 3.8394198446e-13 1.2759942766e-13 2.5634255681e-13
1.6241455078e+02 3.8374547896e-13 1.2752587124e-13 2.5621960772e-13
1.6247558594e+02 3.8356699263e-13 1.2745764605e-13 2.5610934658e-13
1.6253662109e+02 3.8340596059e-13 1.2739510740e-13 2.5601085319e-13
1.6259765625e+02 3.8326159558e-13 1.2733852481e-13 2.5592307077e-13
1.6265869141e+02 3.8313289183e-13 1.2728804525e-13 2.5584484658e-13
1.6271972656e+02 3.8301855280e-13 1.2724353648e-13 2.5577501632e-13
1.6278076172e+02 3.8291699101e-13 1.2720461387e-13 2.5571237714e-13
1.6284179688e+02 3.8282584333e-13 1.2717038001e-13 2.5565546332e-13
1.6290283203e+02 3.8274251123e-13 1.2713961920e-13 2.5560289203e-13
1.6296386719e+02 3.8266385708e-13 1.2711075198e-13 2.5555310510e-13
1.6302490234e+02 3.8258613961e-13 1.2708185059e-13 2.5550428902e-13
1.6308593750e+02 3.8250452216e-13 1.2705058391e-13 2.5545393824e-13
1.6314697266e+02 3.8241327186e-13 1.2701441091e-13 2.5539886096e-13
1.6320800781e+02 3.8230556187e-13 1.2697065103e-13 2.5533491084e-13
1.6326904297e+02 3.8217359856e-13 1.2691654726e-13 2.5525705130e-13
1.6333007812e+02 3.8200912238e-13 1.2684957382e-13 2.5515954856e-13
1.6339111328e+02 3.8180419141e-13 1.2676767663e-13 2.5503651478e-13
1.6345214844e+02 3.8155164907e-13 1.2666939048e-13 2.5488225859e-13
1.6351318359e+02 3.8124639214e-13 1.2655417943e-13 2.5469221272e-13
1.6357421875e+02 3.8088582857e-13 1.2642250492e-13 2.5446332366e-13
1.6363525391e+02 3.8047072208e-13 1.2627589471e-13 2.5419482737e-13
1.6369628906e+02 3.8000546446e-13 1.2611688367e-13 2.5388858078e-13
1.6375732422e+02 3.7949800965e-13 1.2594889446e-13 2.5354911518e-13
1.6381835938e+02 3.7895910356e-13 1.2577583603e-13 2.5318326753e-13
1.6387939453e+02 3.7840152160e-13 1.2560179897e-13 2.5279972263e-13
1.6394042969e+02 3.7783904821e-13 1.2543074942e-13 2.5240829880e-13
1.6400146484e+02 3.7728492188e-13 1.2526605573e-13 2.5201886615e-13
1.6406250000e+02 3.7675098470e-13 1.2511031255e-13 2.5164067215e-13
1.6412353516e+02 3.7624631560e-13 1.2496503005e-13 2.5128128554e-13
1.6418457031e+02 3.7577717549e-13 1.2483076578e-13 2.5094640971e-13
1.6424560547e+02 3.7534652132e-13 1.2470711978e-13 2.5063940154e-13
1.6430664062e+02 3.7495399395e-13 1.2459287823e-13 2.5036111572e-13
1.6436767578e+02 3.7459675944e-13 1.2448634863e-13 2.5011041080e-13
1.6442871094e+02 3.7427001959e-13 1.2438558613e-13 2.4988443346e-13
1.6448974609e+02 3.7396777718e-13 1.2428863958e-13 2.4967913760e-13
1.6455078125e+02 3.7368375124e-13 1.2419378400e-13 2.4948996723e-13
1.6461181641e+02 3.7341200759e-13 1.2409972125e-13 2.4931228633e-13
1.6467285156e+02 3.7314733023e-13 1.2400556444e-13 2.4914176578e-13
1.6473388672e+02 3.7288562394e-13 1.2391081293e-13 2.4897481102e-13
1.6479492188e+02 3.7262370928e-13 1.2381529255e-13 2.4880841672e-13
1.6485595703e+02 3.7235937112e-13 1.2371908416e-13 2.4864028696e-13
1.6491699219e+02 3.7209153549e-13 1.2362244912e-13 2.4846908637e-13
1.6497802734e+02 3.7181938256e-13 1.2352559041e-13 2.4829379215e-13
1.6503906250e+02 3.7154236825e-13 1.2342863230e-13 2.4811373594e-13
1.6510009766e+02 3.7126011130e-13 1.2333159198e-13 2.4792851932e-13
1.6516113281e+02 3.7097216614e-13 1.2323433118e-13 2.4773783496e-13
1.6522216797e+02 3.7067793109e-13 1.2313658912e-13 2.4754134196e-13
1.6528320312e+02 3.7037658304e-13 1.2303796488e-13 2.4733861816e-13
1.6534423828e+02 3.7006721586e-13 1.2293800462e-13 2.4712921124e-13
1.6540527344e+02 3.6974922615e-13 1.2283634188e-13 2.4691288427e-13
1.6546630859e+02 3.6942258353e-13 1.2273276612e-13 2.4668981741e-13
1.6552734375e+02 3.6908752215e-13 1.2262714982e-13 2.4646037233e-13
1.6558837891e+02 3.6874517523e-13 1.2251967807e-13 2.4622549716e-13
1.6564941406e+02 3.6839779770e-13 1.2241087985e-13 2.4598691784e-13
1.6571044922e+02 3.6804857346e-13 1.2230162155e-13 2.4574695190e-13
1.6577148438e+02 3.6770155760e-13 1.2219315456e-13 2.4550840304e-13
1.6583251953e+02 3.6736179400e-13 1.2208713468e-13 2.4527465933e-13
1.6589355469e+02 3.6703474643e-13 1.2198550215e-13 2.4504924428e-13
1.6595458984e+02 3.6672644323e-13 1.2189051136e-13 2.4483593187e-13
1.6601562500e+02 3.6644253595e-13 1.2180436989e-13 2.4463816606e-13
1.6607666016e+02 3.6618805870e-13 1.2172912312e-13 2.4445893558e-13
1.6613769531e+02 3.6596686680e-13 1.2166637618e-13 2.4430049061e-13
1.6619873047e+02 3.6578121802e-13 1.2161704487e-13 2.4416417315e-13
1.6625976562e+02 3.6563116400e-13 1.2158106502e-13 2.4405009898e-13
1.6632080078e+02 3.6551449667e-13 1.2155735743e-13 2.4395713924e-13
1.6638183594e+02 3.6542657381e-13 1.2154381565e-13 2.4388275816e-13
1.6644287109e+02 3.6536054442e-13 1.2153736581e-13 2.4382317861e-13
1.6650390625e+02 3.6530784551e-13 1.2153433046e-13 2.4377351505e-13
1.6656494141e+02 3.6525887797e-13 1.2153076304e-13 2.4372811493e-13
1.6662597656e+02 3.6520369394e-13 1.2152280114e-13 2.4368089279e-13
1.6668701172e+02 3.6513325125e-13 1.2150714606e-13 2.4362610519e-13
1.6674804688e+02 3.6503967674e-13 1.2148126193e-13 2.4355841481e-13
1.6680908203e+02 3.6491731844e-13 1.2144364988e-13 2.4347366857e-13
1.6687011719e+02 3.6476290649e-13 1.2139381492e-13 2.4336909157e-13
1.6693115234e+02 3.6457582819e-13 1.2133223006e-13 2.4324359813e-13
1.6699218750e+02 3.6435800788e-13 1.2126018073e-13 2.4309782716e-13
1.6705322266e+02 3.6411327662e-13 1.2117940059e-13 2.4293387602e-13
1.6711425781e+02 3.6384689694e-13 1.2109185231e-13 2.4275504463e-13
1.6717529297e+02 3.6356485259e-13 1.2099945765e-13 2.4256539495e-13
1.6723632812e+02 3.6327331400e-13 1.2090398689e-13 2.4236932710e-13
1.6729736328e+02 3.6297784261e-13 1.2080680735e-13 2.4217103526e-13
1.6735839844e+02 3.6268314494e-13 1.2070895707e-13 2.4197418788e-13
1.6741943359e+02 3.6239312279e-13 1.2061125257e-13 2.4178187022e-13
1.6748046875e+02 3.6211034147e-13 1.2051425595e-13 2.4159608552e-13
1.6754150391e+02 3.6183624826e-13 1.2041832611e-13 2.4141792215e-13
1.6760253906e+02 3.6157136177e-13 1.2032378534e-13 2.4124757643e-13
1.6766357422e+02 3.6131541371e-13 1.2023095145e-13 2.4108446226e-13
1.6772460938e+02 3.6106739771e-13 1.2014002391e-13 2.4092737380e-13
1.6778564453e+02 3.6082612308e-13 1.2005126004e-13 2.4077486304e-13
1.6784667969e+02 3.6059020530e-13 1.1996490516e-13 2.4062530013e-13
1.6790771484e+02 3.6035823144e-13 1.1988109764e-13 2.4047713380e-13
1.6796875000e+02 3.6012856368e-13 1.1979980869e-13 2.4032875500e-13
1.6802978516e+02 3.5989970207e-13 1.1972094819e-13 2.4017875388e-13
1.6809082031e+02 3.5967023324e-13 1.1964426807e-13 2.4002596517e-13
1.6815185547e+02 3.5943884096e-13 1.1956945049e-13 2.3986939047e-13
1.6821289062e+02 3.5920401294e-13 1.1949599447e-13 2.3970801848e-13
1.6827392578e+02 3.5896418000e-13 1.1942331384e-13 2.3954086616e-13
1.6833496094e+02 3.5871793661e-13 1.1935082213e-13 2.3936711448e-13
1.6839599609e+02 3.5846345808e-13 1.1927776439e-13 2.3918569369e-13
1.6845703125e+02 3.5819907683e-13 1.1920341657e-13 2.3899566026e-13
1.6851806641e+02 3.5792276557e-13 1.1912687918e-13 2.3879588640e-13
1.6857910156e+02 3.5763248556e-13 1.1904721323e-13 2.3858527233e-13
1.6864013672e+02 3.5732648953e-13 1.1896347207e-13 2.3836301746e-13
1.6870117188e+02 3.5700328484e-13 1.1887468088e-13 2.3812860396e-13
1.6876220703e+02 3.5666181759e-13 1.1877988140e-13 2.3788193619e-13
1.6882324219e+02 3.5630150249e-13 1.1867810737e-13 2.3762339512e-13
1.6888427734e+02 3.5592244004e-13 1.1856854098e-13 2.3735389906e-13
1.6894531250e+02 3.5552535699e-13 1.1845054491e-13 2.3707481208e-13
1.6900634766e+02 3.5511165020e-13 1.1832364858e-13 2.3678800162e-13
1.6906738281e+02 3.5468313993e-13 1.1818767302e-13 2.3649546690e-13
1.6912841797e+02 3.5424250387e-13 1.1804287505e-13 2.3619962881e-13
1.6918945312e+02 3.5379286477e-13 1.1788989442e-13 2.3590297035e-13
1.6925048828e+02 3.5333817346e-13 1.1772993087e-13 2.3560824259e-13
1.6931152344e+02 3.5288312271e-13 1.1756477803e-13 2.3531834469e-13
1.6937255859e+02 3.5243311912e-13 1.1739679263e-13 2.3503632650e-13
1.6943359375e+02 3.5199424964e-13 1.1722883743e-13 2.3476541221e-13
1.6949462891e+02 3.5157289396e-13 1.1706411630e-13 2.3450877766e-13
1.6955566406e+02 3.5117549921e-13 1.1690603071e-13 2.3426946849e-13
1.6961669922e+02 3.5080791012e-13 1.1675785576e-13 2.3405005437e-13
1.6967773438e+02 3.5047471391e-13 1.1662246516e-13 2.3385224875e-13
1.6973876953e+02 3.5017882388e-13 1.1650205231e-13 2.3367677157e-13
1.6979980469e+02 3.4992075629e-13 1.1639784729e-13 2.3352290900e-13
1.6986083984e+02 3.4969847757e-13 1.1630994957e-13 2.3338852800e-13
1.6992187500e+02 3.4950699390e-13 1.1623716629e-13 2.3326982761e-13
1.6998291016e+02 3.4933917477e-13 1.1617722339e-13 2.3316195137e-13
1.7004394531e+02 3.4918590702e-13 1.1612685385e-13 2.3305905317e-13
1.7010498047e+02 3.4903690192e-13 1.1608202668e-13 2.3295487523e-13
1.7016601562e+02 3.4888175053e-13 1.1603843285e-13 2.3284331767e-13
1.7022705078e+02 3.4871104497e-13 1.1599190477e-13 2.3271914021e-13
1.7028808594e+02 3.4851703030e-13 1.1593878129e-13 2.3257824902e-13
1.7034912109e+02 3.4829417757e-13 1.1587619472e-13 2.3241798286e-13
1.7041015625e+02 3.4803991914e-13 1.1580242282e-13 2.3223749632e-13
1.7047119141e+02 3.4775462844e-13 1.1571693439e-13 2.3203769405e-13
1.7053222656e+02 3.4744123948e-13 1.1562027253e-13 2.3182096695e-13
1.7059326172e+02 3.4710492138e-13 1.1551397584e-13 2.3159094553e-13
1.7065429688e+02 3.4675238578e-13 1.1540025225e-13 2.3135213353e-13
1.7071533203e+02 3.4639105129e-13 1.1528164485e-13 2.3110940644e-13
1.7077636719e+02 3.4602836694e-13 1.1516072194e-13 2.3086764500e-13
1.7083740234e+02 3.4567131402e-13 1.1503986430e-13 2.3063144972e-13
1.7089843750e+02 3.4532593179e-13 1.1492104568e-13 2.3040488610e-13
1.7095947266e+02 3.4499712594e-13 1.1480575002e-13 2.3019137591e-13
1.7102050781e+02 3.4468847092e-13 1.1469496937e-13 2.2999350155e-13
1.7108154297e+02 3.4440267346e-13 1.1458940999e-13 2.2981326347e-13
1.7114257812e+02 3.4414127632e-13 1.1448945847e-13 2.2965181785e-13
1.7120361328e+02 3.4390502211e-13 1.1439541623e-13 2.2950960588e-13
1.7126464844e+02 3.4369369905e-13 1.1430747710e-13 2.2938622195e-13
1.7132568359e+02 3.4350641094e-13 1.1422591734e-13 2.2928049360e-13
1.7138671875e+02 3.4334130895e-13 1.1415097779e-13 2.2919033115e-13
1.7144775391e+02 3.4319516523e-13 1.1408273099e-13 2.2911243424e-13
1.7150878906e+02 3.4306409426e-13 1.1402119372e-13 2.2904290054e-13
1.7156982422e+02 3.4294312741e-13 1.1396611085e-13 2.2897701656e-13
1.7163085938e+02 3.4282678504e-13 1.1391698440e-13 2.2890980064e-13
1.7169189453e+02 3.4270927618e-13 1.1387300486e-13 2.2883627132e-13
1.7175292969e+02 3.4258486152e-13 1.1383301430e-13 2.2875184723e-13
1.7181396484e+02 3.4244848013e-13 1.1379563424e-13 2.2865284588e-13
1.7187500000e+02 3.4229608955e-13 1.1375932288e-13 2.2853676667e-13
1.7193603516e+02 3.4212488244e-13 1.1372243957e-13 2.2840244287e-13
1.7199707031e+02 3.4193333381e-13 1.1368332821e-13 2.2825000560e-13
1.7205810547e+02 3.4172107960e-13 1.1364038247e-13 2.2808069713e-13
1.7211914062e+02 3.4148875935e-13 1.1359220309e-13 2.2789655626e-13
1.7218017578e+02 3.4123758188e-13 1.1353751820e-13 2.2770006367e-13
1.7224121094e+02 3.4096899085e-13 1.1347529638e-13 2.2749369447e-13
1.7230224609e+02 3.4068459387e-13 1.1340482980e-13 2.2727976407e-13
1.7236328125e+02 3.4038565642e-13 1.1332564402e-13 2.2706001240e-13
1.7242431641e+02 3.4007335166e-13 1.1323760998e-13 2.2683574169e-13
1.7248535156e+02 3.3974878650e-13 1.1314100944e-13 2.2660777706e-13
1.7254638672e+02 3.3941323517e-13 1.1303651732e-13 2.2637671785e-13
1.7260742188e+02 3.3906852108e-13 1.1292523639e-13 2.2614328469e-13
1.7266845703e+02 3.3871705830e-13 1.1280867896e-13 2.2590837934e-13
1.7272949219e+02 3.3836230952e-13 1.1268879161e-13 2.2567351791e-13
1.7279052734e+02 3.3800860788e-13 1.1256776581e-13 2.2544084207e-13
1.7285156250e+02 3.3766111748e-13 1.1244803780e-13 2.2521307968e-13
1.7291259766e+02 3.3732539199e-13 1.1233204169e-13 2.2499335030e-13
1.7297363281e+02 3.3700708636e-13 1.1222205521e-13 2.2478503115e-13
1.7303466797e+02 3.3671139853e-13 1.1212003262e-13 2.2459136591e-13
1.7309570312e+02 3.3644224217e-13 1.1202736034e-13 2.2441488183e-13
1.7315673828e+02 3.3620179177e-13 1.1194470810e-13 2.2425708367e-13
1.7321777344e+02 3.3599004016e-13 1.1187189556e-13 2.2411814460e-13
1.7327880859e+02 3.3580496556e-13 1.1180796983e-13 2.2399699573e-13
1.7333984375e+02 3.3564200460e-13 1.1175108738e-13 2.2389091722e-13
1.7340087891e+02 3.3549478252e-13 1.1169873035e-13 2.2379605217e-13
1.7346191406e+02 3.3535581810e-13 1.1164798939e-13 2.2370782871e-13
1.7352294922e+02 3.3521647576e-13 1.1159556974e-13 2.2362090602e-13
1.7358398438e+02 3.3506815978e-13 1.1153815235e-13 2.2353000743e-13
1.7364501953e+02 3.3490296787e-13 1.1147268714e-13 2.2343028073e-13
1.7370605469e+02 3.3471414651e-13 1.1139653008e-13 2.2331761643e-13
1.7376708984e+02 3.3449651417e-13 1.1130770541e-13 2.2318880875e-13
1.7382812500e+02 3.3424693173e-13 1.1120502011e-13 2.2304191162e-13
1.7388916016e+02 3.3396387880e-13 1.1108804405e-13 2.2287583475e-13
1.7395019531e+02 3.3364758397e-13 1.1095717636e-13 2.2269040761e-13
1.7401123047e+02 3.3330001818e-13 1.1081364114e-13 2.2248637704e-13
1.7407226562e+02 3.3292434056e-13 1.1065932084e-13 2.2226501972e-13
1.7413330078e+02 3.3252495110e-13 1.1049668440e-13 2.2202826670e-13
1.7419433594e+02 3.3210711610e-13 1.1032860639e-13 2.2177850971e-13
1.7425537109e+02 3.3167701511e-13 1.1015830924e-13 2.2151870587e-13
1.7431640625e+02 3.3124153317e-13 1.0998916636e-13 2.2125236680e-13
1.7437744141e+02 3.3080823608e-13 1.0982462124e-13 2.2098361483e-13
1.7443847656e+02 3.3038529718e-13 1.0966800578e-13 2.2071729140e-13
1.7449951172e+02 3.2998111322e-13 1.0952239340e-13 2.2045871982e-13
1.7456054688e+02 3.2960415701e-13 1.0939050084e-13 2.2021365617e-13
1.7462158203e+02 3.2926211439e-13 1.0927448063e-13 2.1998763376e-13
1.7468261719e+02 3.2896152791e-13 1.0917578892e-13 2.1978573899e-13
1.7474365234e+02 3.2870709062e-13 1.0909509848e-13 2.1961199215e-13
1.7480468750e+02 3.2850107295e-13 1.0903218291e-13 2.1946889004e-13
1.7486572266e+02 3.2834288378e-13 1.0898591950e-13 2.1935696428e-13
1.7492675781e+02 3.2822882537e-13 1.0895430588e-13 2.1927451949e-13
1.7498779297e+02 3.2815251929e-13 1.0893465569e-13 2.1921786360e-13
1.7504882812e+02 3.2810512651e-13 1.0892376899e-13 2.1918135751e-13
1.7510986328e+02 3.2807607039e-13 1.0891815685e-13 2.1915791354e-13
1.7517089844e+02 3.2805381690e-13 1.0891433560e-13 2.1913948130e-13
1.7523193359e+02 3.2802700489e-13 1.0890907701e-13 2.1911792787e-13
1.7529296875e+02 3.2798542720e-13 1.0889970450e-13 2.1908572270e-13
1.7535400391e+02 3.2792054446e-13 1.0888411881e-13 2.1903642565e-13
1.7541503906e+02 3.2782621754e-13 1.0886093378e-13 2.1896528376e-13
1.7547607422e+02 3.2769923222e-13 1.0882957776e-13 2.1886965446e-13
1.7553710938e+02 3.2753933113e-13 1.0879016831e-13 2.1874916282e-13
1.7559814453e+02 3.2734884834e-13 1.0874332252e-13 2.1860552582e-13
1.7565917969e+02 3.2713232486e-13 1.0869009567e-13 2.1844222919e-13
1.7572021484e+02 3.2689585789e-13 1.0863177373e-13 2.1826408416e-13
1.7578125000e+02 3.2664620326e-13 1.0856965380e-13 2.1807654946e-13
1.7584228516e+02 3.2638983804e-13 1.0850483745e-13 2.1788500059e-13
1.7590332031e+02 3.2613201614e-13 1.0843806924e-13 2.1769394690e-13
1.7596435547e+02 3.2587623742e-13 1.0836964514e-13 2.1750659228e-13
1.7602539062e+02 3.2562381973e-13 1.0829937218e-13 2.1732444755e-13
1.7608642578e+02 3.2537352153e-13 1.0822654329e-13 2.1714697824e-13
1.7614746094e+02 3.2512216764e-13 1.0815010616e-13 2.1697206147e-13
1.7620849609e+02 3.2486525742e-13 1.0806885201e-13 2.1679640541e-13
1.7626953125e+02 3.2459789055e-13 1.0798167199e-13 2.1661621856e-13
1.7633056641e+02 3.2431567889e-13 1.0788781286e-13 2.1642786603e-13
1.7639160156e+02 3.2401565850e-13 1.0778704002e-13 2.1622861848e-13
1.7645263672e+02 3.2369704880e-13 1.0767981396e-13 2.1601723484e-13
1.7651367188e+02 3.2336141844e-13 1.0756732807e-13 2.1579409037e-13
1.7657470703e+02 3.2301247004e-13 1.0745128551e-13 2.1556118453e-13
1.7663574219e+02 3.2265577119e-13 1.0733384964e-13 2.1532192155e-13
1.7669677734e+02 3.2229772927e-13 1.0721726741e-13 2.1508046186e-13
1.7675781250e+02 3.2194480568e-13 1.0710359557e-13 2.1484121011e-13
1.7681884766e+02 3.2160272852e-13 1.0699446846e-13 2.1460826006e-13
1.7687988281e+02 3.2127588084e-13 1.0689092416e-13 2.1438495668e-13
1.7694091797e+02 3.2096692215e-13 1.0679334784e-13 2.1417357430e-13
1.7700195312e+02 3.2067706702e-13 1.0670158078e-13 2.1397548623e-13
1.7706298828e+02 3.2040613433e-13 1.0661505026e-13 2.1379108407e-13
1.7712402344e+02 3.2015308491e-13 1.0653298243e-13 2.1362010248e-13
1.7718505859e+02 3.1991689858e-13 1.0645472399e-13 2.1346217458e-13
1.7724609375e+02 3.1969644018e-13 1.0637976767e-13 2.1331667251e-13
1.7730712891e+02 3.1949091927e-13 1.0630785610e-13 2.1318306317e-13
1.7736816406e+02 3.1929986356e-13 1.0623900013e-13 2.1306086342e-13
1.7742919922e+02 3.1912304859e-13 1.0617342698e-13 2.1294962161e-13
1.7749023438e+02 3.1895994534e-13 1.0611135779e-13 2.1284858756e-13
1.7755126953e+02 3.1880902409e-13 1.0605277265e-13 2.1275625144e-13
1.7761230469e+02 3.1866788764e-13 1.0599740445e-13 2.1267048319e-13
1.7767333984e+02 3.1853274652e-13 1.0594452491e-13 2.1258822161e-13
1.7773437500e+02 3.1839853919e-13 1.0589295912e-13 2.1250558007e-13
1.7779541016e+02 3.1825920188e-13 1.0584113037e-13 2.1241807151e-13
1.7785644531e+02 3.1810815822e-13 1.0578720881e-13 2.1232094941e-13
1.7791748047e+02 3.1793894536e-13 1.0572927861e-13 2.1220966675e-13
1.7797851562e+02 3.1774599512e-13 1.0566555008e-13 2.1208044504e-13
1.7803955078e+02 3.1752530464e-13 1.0559460432e-13 2.1193070032e-13
1.7810058594e+02 3.1727500095e-13 1.0551553980e-13 2.1175946115e-13
1.7816162109e+02 3.1699595650e-13 1.0542816916e-13 2.1156778734e-13
1.7822265625e+02 3.1669169382e-13 1.0533306312e-13 2.1135863070e-13
1.7828369141e+02 3.1636858765e-13 1.0523163459e-13 2.1113695306e-13
1.7834472656e+02 3.1603524933e-13 1.0512599031e-13 2.1090925901e-13
1.7840576172e+02 3.1570169311e-13 1.0501873428e-13 2.1068295883e-13
1.7846679688e+02 3.1537881584e-13 1.0491288046e-13 2.1046593538e-13
1.7852783203e+02 3.1507716488e-13 1.0481153111e-13 2.1026563377e-13
1.7858886719e+02 3.1480598252e-13 1.0471754953e-13 2.1008843299e-13
1.7864990234e+02 3.1457226192e-13 1.0463333142e-13 2.0993893050e-13
1.7871093750e+02 3.1438000649e-13 1.0456055344e-13 2.0981945306e-13
1.7877197266e+02 3.1422991279e-13 1.0450005438e-13 2.0972985840e-13
1.7883300781e+02 3.1411923114e-13 1.0445173982e-13 2.0966749132e-13
1.7889404297e+02 3.1404183876e-13 1.0441453027e-13 2.0962730849e-13
1.7895507812e+02 3.1398893872e-13 1.0438657712e-13 2.0960236160e-13
1.7901611328e+02 3.1394999610e-13 1.0436541250e-13 2.0958458361e-13
1.7907714844e+02 3.1391354594e-13 1.0434816329e-13 2.0956538265e-13
1.7913818359e+02 3.1386852011e-13 1.0433187722e-13 2.0953664290e-13
1.7919921875e+02 3.1380531556e-13 1.0431384307e-13 2.0949147248e-13
1.7926025391e+02 3.1371621805e-13 1.0429164644e-13 2.0942457161e-13
1.7932128906e+02 3.1359633460e-13 1.0426346757e-13 2.0933286704e-13
1.7938232422e+02 3.1344360788e-13 1.0422811376e-13 2.0921549411e-13
1.7944335938e+02 3.1325889531e-13 1.0418509292e-13 2.0907380239e-13
1.7950439453e+02 3.1304512149e-13 1.0413435079e-13 2.0891077070e-13
1.7956542969e+02 3.1280718043e-13 1.0407641336e-13 2.0873076707e-13
1.7962646484e+02 3.1255082030e-13 1.0401205014e-13 2.0853877016e-13
1.7968750000e+02 3.1228199801e-13 1.0394221200e-13 2.0833978601e-13
1.7974853516e+02 3.1200656580e-13 1.0386797712e-13 2.0813858867e-13
1.7980957031e+02 3.1172990747e-13 1.0379046732e-13 2.0793944015e-13
1.7987060547e+02 3.1145651004e-13 1.0371077581e-13 2.0774573423e-13
1.7993164062e+02 3.1119046309e-13 1.0363009215e-13 2.0756037093e-13
1.7999267578e+02 3.1093527451e-13 1.0354960648e-13 2.0738566803e-13
1.8005371094e+02 3.1069395386e-13 1.0347052544e-13 2.0722342842e-13
1.8011474609e+02 3.1046944181e-13 1.0339414850e-13 2.0707529332e-13
1.8017578125e+02 3.1026422094e-13 1.0332168323e-13 2.0694253771e-13
1.8023681641e+02 3.1008004539e-13 1.0325415779e-13 2.0682588759e-13
1.8029785156e+02 3.0991773795e-13 1.0319232404e-13 2.0672541392e-13
1.8035888672e+02 3.0977675570e-13 1.0313647096e-13 2.0664028473e-13
1.8041992188e+02 3.0965480063e-13 1.0308635466e-13 2.0656844596e-13
1.8048095703e+02 3.0954773151e-13 1.0304110713e-13 2.0650662438e-13
1.8054199219e+02 3.0944961200e-13 1.0299930857e-13 2.0645030342e-13
1.8060302734e+02 3.0935304657e-13 1.0295903222e-13 2.0639401435e-13
1.8066406250e+02 3.0924989875e-13 1.0291805479e-13 2.0633184395e-13
1.8072509766e+02 3.0913170995e-13 1.0287399031e-13 2.0625771964e-13
1.8078613281e+02 3.0899062403e-13 1.0282455829e-13 2.0616606574e-13
1.8084716797e+02 3.0882018232e-13 1.0276780424e-13 2.0605237807e-13
1.8090820312e+02 3.0861589954e-13 1.0270235653e-13 2.0591354300e-13
1.8096923828e+02 3.0837562631e-13 1.0262742708e-13 2.0574819923e-13
1.8103027344e+02 3.0809970307e-13 1.0254294354e-13 2.0555675953e-13
1.8109130859e+02 3.0779106365e-13 1.0244959584e-13 2.0534146781e-13
1.8115234375e+02 3.0745465095e-13 1.0234864479e-13 2.0510600617e-13
1.8121337891e+02 3.0709708716e-13 1.0224187062e-13 2.0485521654e-13
1.8127441406e+02 3.0672613641e-13 1.0213137741e-13 2.0459475900e-13
1.8133544922e+02 3.0635010480e-13 1.0201942258e-13 2.0433068222e-13
1.8139648438e+02 3.0597721920e-13 1.0190824000e-13 2.0406897920e-13
1.8145751953e+02 3.0561501722e-13 1.0179984430e-13 2.0381517292e-13
1.8151855469e+02 3.0527005569e-13 1.0169594450e-13 2.0357411119e-13
1.8157958984e+02 3.0494751105e-13 1.0159779319e-13 2.0334971786e-13
1.8164062500e+02 3.0465076723e-13 1.0150607588e-13 2.0314469135e-13
1.8170166016e+02 3.0438132948e-13 1.0142098030e-13 2.0296034918e-13
1.8176269531e+02 3.0413901327e-13 1.0134221708e-13 2.0279679619e-13
1.8182373047e+02 3.0392186853e-13 1.0126906669e-13 2.0265280183e-13
1.8188476562e+02 3.0372628218e-13 1.0120041296e-13 2.0252586922e-13
1.8194580078e+02 3.0354762206e-13 1.0113496999e-13 2.0241265206e-13
1.8200683594e+02 3.0338057528e-13 1.0107139773e-13 2.0230917756e-13
1.8206787109e+02 3.0321931058e-13 1.0100830583e-13 2.0221100475e-13
1.8212890625e+02 3.0305772087e-13 1.0094436504e-13 2.0211335582e-13
1.8218994141e+02 3.0289025911e-13 1.0087843438e-13 2.0201182473e-13
1.8225097656e+02 3.0271186843e-13 1.0080956005e-13 2.0190230838e-13
1.8231201172e+02 3.0251818967e-13 1.0073692537e-13 2.0178126431e-13
1.8237304688e+02 3.0230616883e-13 1.0066005035e-13 2.0164611847e-13
1.8243408203e+02 3.0207375615e-13 1.0057862049e-13 2.0149513566e-13
1.8249511719e+02 3.0182037261e-13 1.0049260899e-13 2.0132776362e-13
1.8255615234e+02 3.0154657744e-13 1.0040215917e-13 2.0114441827e-13
1.8261718750e+02 3.0125450810e-13 1.0030779758e-13 2.0094671052e-13
1.8267822266e+02 3.0094737029e-13 1.0021018259e-13 2.0073718770e-13
1.8273925781e+02 3.0062972403e-13 1.0011024633e-13 2.0051947770e-13
1.8280029297e+02 3.0030694640e-13 1.0000907160e-13 2.0029787479e-13
1.8286132812e+02 2.9998474707e-13 9.9907736640e-14 2.0007701043e-13
1.8292236328e+02 2.9966894312e-13 9.9807285447e-14 1.9986165768e-13
1.8298339844e+02 2.9936521490e-13 9.9708681187e-14 1.9965653372e-13
1.8304443359e+02 2.9907830873e-13 9.9612586863e-14 1.9946572187e-13
1.8310546875e+02 2.9881207651e-13 9.9519509118e-14 1.9929256739e-13
1.8316650391e+02 2.9856918068e-13 9.9429695847e-14 1.9913948484e-13
1.8322753906e+02 2.9835091973e-13 9.9343182871e-14 1.9900773686e-13
1.8328857422e+02 2.9815716689e-13 9.9259865298e-14 1.9889730159e-13
1.8334960938e+02 2.9798635199e-13 9.9179525606e-14 1.9880682638e-13
1.8341064453e+02 2.9783544511e-13 9.9101857605e-14 1.9873358750e-13
1.8347167969e+02 2.9770024485e-13 9.9026565497e-14 1.9867367935e-13
1.8353271484e+02 2.9757534986e-13 9.8953273266e-14 1.9862207659e-13
1.8359375000e+02 2.9745430759e-13 9.8881553907e-14 1.9857275369e-13
1.8365478516e+02 2.9733016056e-13 9.8810894847e-14 1.9851926571e-13
1.8371582031e+02 2.9719604903e-13 9.8740846550e-14 1.9845520248e-13
1.8377685547e+02 2.9704579923e-13 9.8671005554e-14 1.9837479368e-13
1.8383789062e+02 2.9687452959e-13 9.8601075425e-14 1.9827345416e-13
1.8389892578e+02 2.9667940566e-13 9.8531007147e-14 1.9814839851e-13
1.8395996094e+02 2.9646031758e-13 9.8461075552e-14 1.9799924203e-13
1.8402099609e+02 2.9622005126e-13 9.8391915584e-14 1.9782813567e-13
1.8408203125e+02 2.9596436466e-13 9.8324588152e-14 1.9763977650e-13
1.8414306641e+02 2.9570157843e-13 9.8260489077e-14 1.9744108936e-13
1.8420410156e+02 2.9544163070e-13 9.8201149250e-14 1.9724048145e-13
1.8426513672e+02 2.9519529766e-13 9.8148167060e-14 1.9704713060e-13
1.8432617188e+02 2.9497305911e-13 9.8103017279e-14 1.9687004183e-13
1.8438720703e+02 2.9478381116e-13 9.8066821311e-14 1.9671698984e-13
1.8444824219e+02 2.9463383927e-13 9.8040180684e-14 1.9659365858e-13
1.8450927734e+02 2.9452624454e-13 9.8023076654e-14 1.9650316788e-13
1.8457031250e+02 2.9446056909e-13 9.8014867800e-14 1.9644570129e-13
1.8463134766e+02 2.9443293568e-13 9.8014292973e-14 1.9641864271e-13
1.8469238281e+02 2.9443631528e-13 9.8019532942e-14 1.9641678234e-13
1.8475341797e+02 2.9446166993e-13 9.8028438555e-14 1.9643323137e-13
1.8481445312e+02 2.9449866326e-13 9.8038641226e-14 1.9646002203e-13
1.8487548828e+02 2.9453643756e-13 9.8047675901e-14 1.9648876166e-13
1.8493652344e+02 2.9456491172e-13 9.8053281512e-14 1.9651163021e-13
1.8499755859e+02 2.9457506136e-13 9.8053384567e-14 1.9652167679e-13
1.8505859375e+02 2.9455940412e-13 9.8046214169e-14 1.9651318995e-13
1.8511962891e+02 2.9451250938e-13 9.8030474648e-14 1.9648203473e-13
1.8518066406e+02 2.9443075731e-13 9.8005262634e-14 1.9642549468e-13
1.8524169922e+02 2.9431238151e-13 9.7970121923e-14 1.9634225959e-13
1.8530273438e+02 2.9415676960e-13 9.7924909029e-14 1.9623186057e-13
1.8536376953e+02 2.9396474701e-13 9.7869873075e-14 1.9609487394e-13
1.8542480469e+02 2.9373843173e-13 9.7805652815e-14 1.9593277892e-13
1.8548583984e+02 2.9348080439e-13 9.7733155286e-14 1.9574764910e-13
1.8554687500e+02 2.9319599683e-13 9.7653621184e-14 1.9554237565e-13
1.8560791016e+02 2.9288902611e-13 9.7568543084e-14 1.9532048302e-13
1.8566894531e+02 2.9256581311e-13 9.7479644022e-14 1.9508616909e-13
1.8572998047e+02 2.9223290775e-13 9.7388729702e-14 1.9484417805e-13
1.8579101562e+02 2.9189706941e-13 9.7297630037e-14 1.9459943937e-13
1.8585205078e+02 2.9156491091e-13 9.7208037163e-14 1.9435687374e-13
1.8591308594e+02 2.9124248791e-13 9.7121376048e-14 1.9412111186e-13
1.8597412109e+02 2.9093461919e-13 9.7038617885e-14 1.9389600131e-13
1.8603515625e+02 2.9064470214e-13 9.6960292856e-14 1.9368440929e-13
1.8609619141e+02 2.9037448670e-13 9.6886369622e-14 1.9348811708e-13
1.8615722656e+02 2.9012419027e-13 9.6816364286e-14 1.9330782599e-13
1.8621826172e+02 2.8989274230e-13 9.6749415778e-14 1.9314332652e-13
1.8627929688e+02 2.8967810056e-13 9.6684448679e-14 1.9299365188e-13
1.8634033203e+02 2.8947779506e-13 9.6620333547e-14 1.9285746151e-13
1.8640136719e+02 2.8928946380e-13 9.6556117864e-14 1.9273334594e-13
1.8646240234e+02 2.8911102374e-13 9.6491059243e-14 1.9261996450e-13
1.8652343750e+02 2.8894104392e-13 9.6424774678e-14 1.9251626924e-13
1.8658447266e+02 2.8877834450e-13 9.6357125386e-14 1.9242121911e-13
1.8664550781e+02 2.8862184595e-13 9.6288180863e-14 1.9233366508e-13
1.8670654297e+02 2.8847056538e-13 9.6218139388e-14 1.9225242599e-13
1.8676757812e+02 2.8832292794e-13 9.6147150431e-14 1.9217577751e-13
1.8682861328e+02 2.8817660333e-13 9.6075163914e-14 1.9210143942e-13
1.8688964844e+02 2.8802849447e-13 9.6001915356e-14 1.9202657911e-13
1.8695068359e+02 2.8787485566e-13 9.5926880761e-14 1.9194797490e-13
1.8701171875e+02 2.8771166755e-13 9.5849395415e-14 1.9186227214e-13
1.8707275391e+02 2.8753484863e-13 9.5768686035e-14 1.9176616259e-13
1.8713378906e+02 2.8734107616e-13 9.5684133232e-14 1.9165694293e-13
1.8719482422e+02 2.8712835242e-13 9.5595463514e-14 1.9153288891e-13
1.8725585938e+02 2.8689634524e-13 9.5502868240e-14 1.9139347700e-13
1.8731689453e+02 2.8664665939e-13 9.5407124826e-14 1.9123953457e-13
1.8737792969e+02 2.8638275227e-13 9.5309608517e-14 1.9107314375e-13
1.8743896484e+02 2.8610965006e-13 9.5212216278e-14 1.9089743378e-13
1.8750000000e+02 2.8583366401e-13 9.5117237555e-14 1.9071642646e-13
1.8756103516e+02 2.8556176635e-13 9.5027134035e-14 1.9053463231e-13
1.8762207031e+02 2.8530085558e-13 9.4944315401e-14 1.9035654017e-13
1.8768310547e+02 2.8505721944e-13 9.4870849978e-14 1.9018636946e-13
1.8774414062e+02 2.8483566716e-13 9.4808143339e-14 1.9002752382e-13
1.8780517578e+02 2.8463929090e-13 9.4756851058e-14 1.8988243984e-13
1.8786621094e+02 2.8446890942e-13 9.4716636543e-14 1.8975227288e-13
1.8792724609e+02 2.8432319217e-13 9.4686243599e-14 1.8963694857e-13
1.8798828125e+02 2.8419883865e-13 9.4663609960e-14 1.8953522869e-13
1.8804931641e+02 2.8409056805e-13 9.4645906612e-14 1.8944466144e-13
1.8811035156e+02 2.8399191596e-13 9.4629928096e-14 1.8936198787e-13
1.8817138672e+02 2.8389564713e-13 9.4612298491e-14 1.8928334864e-13
1.8823242188e+02 2.8379448002e-13 9.4589819926e-14 1.8920466009e-13
1.8829345703e+02 2.8368189020e-13 9.4559837193e-14 1.8912205300e-13
1.8835449219e+02 2.8355263342e-13 9.4520469232e-14 1.8903216419e-13
1.8841552734e+02 2.8340327121e-13 9.4470781074e-14 1.8893249013e-13
1.8847656250e+02 2.8323234057e-13 9.4410822450e-14 1.8882151812e-13
1.8853759766e+02 2.8304044785e-13 9.4341611846e-14 1.8869883600e-13
1.8859863281e+02 2.8283026972e-13 9.4264999621e-14 1.8856527010e-13
1.8865966797e+02 2.8260600101e-13 9.4183404467e-14 1.8842259654e-13
1.8872070312e+02 2.8237283459e-13 9.4099481843e-14 1.8827335274e-13
1.8878173828e+02 2.8213628499e-13 9.4015804944e-14 1.8812048004e-13
1.8884277344e+02 2.8190158332e-13 9.3934615244e-14 1.8796696807e-13
1.8890380859e+02 2.8167319834e-13 9.3857524331e-14 1.8781567401e-13
1.8896484375e+02 2.8145405290e-13 9.3785362960e-14 1.8766868994e-13
1.8902587891e+02 2.8124562942e-13 9.3718241345e-14 1.8752738807e-13
1.8908691406e+02 2.8104801152e-13 9.3655617610e-14 1.8739239391e-13
1.8914794922e+02 2.8085981644e-13 9.3596398227e-14 1.8726341822e-13
1.8920898438e+02 2.8067859199e-13 9.3539187025e-14 1.8713940496e-13
1.8927001953e+02 2.8050140041e-13 9.3482577009e-14 1.8701882340e-13
1.8933105469e+02 2.8032516628e-13 9.3425295932e-14 1.8689987035e-13
1.8939208984e+02 2.8014694466e-13 9.3366343386e-14 1.8678060127e-13
1.8945312500e+02 2.7996417005e-13 9.3305056479e-14 1.8665911358e-13
1.8951416016e+02 2.7977486851e-13 9.3241102096e-14 1.8653376641e-13
1.8957519531e+02 2.7957749881e-13 9.3174379576e-14 1.8640311923e-13
1.8963623047e+02 2.7937083631e-13 9.3104891224e-14 1.8626594508e-13
1.8969726562e+02 2.7915402714e-13 9.3032687115e-14 1.8612134002e-13
1.8975830078e+02 2.7892620287e-13 9.2957654146e-14 1.8596854873e-13
1.8981933594e+02 2.7868652809e-13 9.2879544111e-14 1.8580698398e-13
1.8988037109e+02 2.7843444375e-13 9.2798028542e-14 1.8563641520e-13
1.8994140625e+02 2.7816982512e-13 9.2712794038e-14 1.8545703108e-13
1.9000244141e+02 2.7789326498e-13 9.2623662719e-14 1.8526960226e-13
1.9006347656e+02 2.7760630546e-13 9.2530737901e-14 1.8507556756e-13
1.9012451172e+02 2.7731182888e-13 9.2434606686e-14 1.8487722219e-13
1.9018554688e+02 2.7701401333e-13 9.2336395806e-14 1.8467761753e-13
1.9024658203e+02 2.7671819779e-13 9.2237721612e-14 1.8448047618e-13
1.9030761719e+02 2.7643039248e-13 9.2140628871e-14 1.8428976360e-13
1.9036865234e+02 2.7615684784e-13 9.2047401852e-14 1.8410944598e-13
1.9042968750e+02 2.7590345267e-13 9.1960356419e-14 1.8394309625e-13
1.9049072266e+02 2.7567494872e-13 9.1881539521e-14 1.8379340920e-13
1.9055175781e+02 2.7547429494e-13 9.1812472414e-14 1.8366182252e-13
1.9061279297e+02 2.7530221686e-13 9.1753940445e-14 1.8354827642e-13
1.9067382812e+02 2.7515714995e-13 9.1705886298e-14 1.8345126365e-13
1.9073486328e+02 2.7503537243e-13 9.1667424078e-14 1.8336794835e-13
1.9079589844e+02 2.7493140824e-13 9.1636900285e-14 1.8329450795e-13
1.9085693359e+02 2.7483879529e-13 9.1612194828e-14 1.8322660046e-13
1.9091796875e+02 2.7475060020e-13 9.1590825524e-14 1.8315977468e-13
1.9097900391e+02 2.7466043033e-13 9.1570372200e-14 1.8309005813e-13
1.9104003906e+02 2.7456287409e-13 9.1548592039e-14 1.8301428205e-13
1.9110107422e+02 2.7445400328e-13 9.1523635906e-14 1.8293036738e-13
1.9116210938e+02 2.7433147702e-13 9.1494171593e-14 1.8283730542e-13
1.9122314453e+02 2.7419449684e-13 9.1459373659e-14 1.8273512319e-13
1.9128417969e+02 2.7404353496e-13 9.1418878322e-14 1.8262465664e-13
1.9134521484e+02 2.7387990758e-13 9.1372648519e-14 1.8250725906e-13
1.9140625000e+02 2.7370512098e-13 9.1320795836e-14 1.8238432514e-13
1.9146728516e+02 2.7352047888e-13 9.1263474570e-14 1.8225700431e-13
1.9152832031e+02 2.7332699812e-13 9.1200861992e-14 1.8212613612e-13
1.9158935547e+02 2.7312517657e-13 9.1133094119e-14 1.8199208245e-13
1.9165039062e+02 2.7291509176e-13 9.1060301114e-14 1.8185479065e-13
1.9171142578e+02 2.7269657278e-13 9.0982701423e-14 1.8171387136e-13
1.9177246094e+02 2.7246985394e-13 9.0900780255e-14 1.8156907369e-13
1.9183349609e+02 2.7223586365e-13 9.0815357299e-14 1.8142050635e-13
1.9189453125e+02 2.7199641238e-13 9.0727626575e-14 1.8126878580e-13
1.9195556641e+02 2.7175413570e-13 9.0639054980e-14 1.8111508072e-13
1.9201660156e+02 2.7151254876e-13 9.0551389442e-14 1.8096115932e-13
1.9207763672e+02 2.7127576761e-13 9.0466463380e-14 1.8080930423e-13
1.9213867188e+02 2.7104766529e-13 9.0385856537e-14 1.8066180875e-13
1.9219970703e+02 2.7083161257e-13 9.0310827453e-14 1.8052078512e-13
1.9226074219e+02 2.7062983736e-13 9.0242088181e-14 1.8038774917e-13
1.9232177734e+02 2.7044287398e-13 9.0179627381e-14 1.8026324660e-13
1.9238281250e+02 2.7026944174e-13 9.0122730430e-14 1.8014671131e-13
1.9244384766e+02 2.7010634602e-13 9.0069973347e-14 1.8003637268e-13
1.9250488281e+02 2.6994931378e-13 9.0019597969e-14 1.7992971581e-13
1.9256591797e+02 2.6979315431e-13 8.9969600557e-14 1.7982355375e-13
1.9262695312e+02 2.6963261411e-13 8.9917995797e-14 1.7971461831e-13
1.9268798828e+02 2.6946322814e-13 8.9863221848e-14 1.7960000630e-13
1.9274902344e+02 2.6928204634e-13 8.9804300394e-14 1.7947774595e-13
1.9281005859e+02 2.6908804072e-13 8.9740967643e-14 1.7934707308e-13
1.9287109375e+02 2.6888238244e-13 8.9673788258e-14 1.7920859418e-13
1.9293212891e+02 2.6866812984e-13 8.9603988651e-14 1.7906414119e-13
1.9299316406e+02 2.6844979096e-13 8.9533301884e-14 1.7891648908e-13
1.9305419922e+02 2.6823268414e-13 8.9463753935e-14 1.7876893020e-13
1.9311523438e+02 2.6802192261e-13 8.9397314181e-14 1.7862460842e-13
1.9317626953e+02 2.6782168899e-13 8.9335640042e-14 1.7848604894e-13
1.9323730469e+02 2.6763422932e-13 8.9279712726e-14 1.7835451660e-13
1.9329833984e+02 2.6745996419e-13 8.9229871930e-14 1.7823009226e-13
1.9335937500e+02 2.6729716381e-13 8.9185670217e-14 1.7811149359e-13
1.9342041016e+02 2.6714226773e-13 8.9145931063e-14 1.7799633667e-13
1.9348144531e+02 2.6699066265e-13 8.9108970229e-14 1.7788169242e-13
1.9354248047e+02 2.6683755090e-13 8.9072859976e-14 1.7776469092e-13
1.9360351562e+02 2.6667864945e-13 8.9035646186e-14 1.7764300327e-13
1.9366455078e+02 2.6651095656e-13 8.8995613016e-14 1.7751534355e-13
1.9372558594e+02 2.6633311669e-13 8.8951451525e-14 1.7738166516e-13
1.9378662109e+02 2.6614563655e-13 8.8902395256e-14 1.7724324130e-13
1.9384765625e+02 2.6595077579e-13 8.8848207620e-14 1.7710256817e-13
1.9390869141e+02 2.6575201099e-13 8.8789163807e-14 1.7696284719e-13
1.9396972656e+02 2.6555344455e-13 8.8725875486e-14 1.7682756906e-13
1.9403076172e+02 2.6535934541e-13 8.8659254491e-14 1.7670009092e-13
1.9409179688e+02 2.6517336588e-13 8.8590285509e-14 1.7658308037e-13
1.9415283203e+02 2.6499826212e-13 8.8519992443e-14 1.7647826968e-13
1.9421386719e+02 2.6483569353e-13 8.8449339761e-14 1.7638635377e-13
1.9427490234e+02 2.6468617070e-13 8.8379175668e-14 1.7630699503e-13
1.9433593750e+02 2.6454895193e-13 8.8310164432e-14 1.7623878749e-13
1.9439697266e+02 2.6442222266e-13 8.8242782751e-14 1.7617943990e-13
1.9445800781e+02 2.6430351114e-13 8.8177339820e-14 1.7612617132e-13
1.9451904297e+02 2.6419003359e-13 8.8114021754e-14 1.7607601183e-13
1.9458007812e+02 2.6407878136e-13 8.8052838530e-14 1.7602594283e-13
1.9464111328e+02 2.6396664898e-13 8.7993647465e-14 1.7597300151e-13
1.9470214844e+02 2.6385083300e-13 8.7936196907e-14 1.7591463610e-13
1.9476318359e+02 2.6372914517e-13 8.7880240386e-14 1.7584890478e-13
1.9482421875e+02 2.6359986678e-13 8.7825469565e-14 1.7577439722e-13
1.9488525391e+02 2.6346180637e-13 8.7771566211e-14 1.7569024016e-13
1.9494628906e+02 2.6331445929e-13 8.7718267707e-14 1.7559619158e-13
1.9500732422e+02 2.6315793111e-13 8.7665382953e-14 1.7549254816e-13
1.9506835938e+02 2.6299278386e-13 8.7612779875e-14 1.7538000398e-13
1.9512939453e+02 2.6281990237e-13 8.7560350507e-14 1.7525955187e-13
1.9519042969e+02 2.6264028046e-13 8.7507978041e-14 1.7513230242e-13
1.9525146484e+02 2.6245510990e-13 8.7455591324e-14 1.7499951858e-13
1.9531250000e+02 2.6226545400e-13 8.7403076281e-14 1.7486237772e-13
1.9537353516e+02 2.6207244557e-13 8.7350334756e-14 1.7472211082e-13
1.9543457031e+02 2.6187723153e-13 8.7297304001e-14 1.7457992753e-13
1.9549560547e+02 2.6168077876e-13 8.7243894094e-14 1.7443688467e-13
1.9555664062e+02 2.6148409034e-13 8.7190105674e-14 1.7429398467e-13
1.9561767578e+02 2.6128777456e-13 8.7135866184e-14 1.7415190838e-13
1.9567871094e+02 2.6109239060e-13 8.7081171005e-14 1.7401121959e-13
1.9573974609e+02 2.6089834415e-13 8.7026117854e-14 1.7387222629e-13
1.9580078125e+02 2.6070558472e-13 8.6970733475e-14 1.7373485125e-13
1.9586181641e+02 2.6051378947e-13 8.6915073178e-14 1.7359871629e-13
1.9592285156e+02 2.6032262164e-13 8.6859289035e-14 1.7346333261e-13
1.9598388672e+02 2.6013155390e-13 8.6803525229e-14 1.7332802867e-13
1.9604492188e+02 2.5994041151e-13 8.6748061393e-14 1.7319235012e-13
1.9610595703e+02 2.5974953101e-13 8.6693315109e-14 1.7305621591e-13
1.9616699219e+02 2.5955998484e-13 8.6639832986e-14 1.7292015186e-13
1.9622802734e+02 2.5937355993e-13 8.6588251904e-14 1.7278530802e-13
1.9628906250e+02 2.5919291263e-13 8.6539309523e-14 1.7265360311e-13
1.9635009766e+02 2.5902122005e-13 8.6493759048e-14 1.7252746100e-13
1.9641113281e+02 2.5886159754e-13 8.6452155555e-14 1.7240944198e-13
1.9647216797e+02 2.5871699256e-13 8.6414908539e-14 1.7230208402e-13
1.9653320312e+02 2.5858936921e-13 8.6382097776e-14 1.7220727143e-13
1.9659423828e+02 2.5847919502e-13 8.6353414702e-14 1.7212578032e-13
1.9665527344e+02 2.5838511537e-13 8.6328094275e-14 1.7205702110e-13
1.9671630859e+02 2.5830387727e-13 8.6304941577e-14 1.7199893569e-13
1.9677734375e+02 2.5823037741e-13 8.6282358081e-14 1.7194801933e-13
1.9683837891e+02 2.5815809304e-13 8.6258453161e-14 1.7189963988e-13
1.9689941406e+02 2.5807958048e-13 8.6231141280e-14 1.7184843920e-13
1.9696044922e+02 2.5798722681e-13 8.6198299547e-14 1.7178892727e-13
1.9702148438e+02 2.5787424463e-13 8.6157978669e-14 1.7171626596e-13
1.9708251953e+02 2.5773529515e-13 8.6108528516e-14 1.7162676663e-13
1.9714355469e+02 2.5756707434e-13 8.6048809083e-14 1.7151826525e-13
1.9720458984e+02 2.5736856316e-13 8.5978236715e-14 1.7139032645e-13
1.9726562500e+02 2.5714107419e-13 8.5896858257e-14 1.7124421593e-13
1.9732666016e+02 2.5688792980e-13 8.5805347694e-14 1.7108258211e-13
1.9738769531e+02 2.5661380673e-13 8.5704858755e-14 1.7090894798e-13
1.9744873047e+02 2.5632406166e-13 8.5596882011e-14 1.7072717965e-13
1.9750976562e+02 2.5602394985e-13 8.5483084004e-14 1.7054086585e-13
1.9757080078e+02 2.5571803738e-13 8.5365111994e-14 1.7035292539e-13
1.9763183594e+02 2.5540981354e-13 8.5244462603e-14 1.7016535094e-13
1.9769287109e+02 2.5510160380e-13 8.5122423225e-14 1.6997918058e-13
1.9775390625e+02 2.5479475584e-13 8.5000049092e-14 1.6979470675e-13
1.9781494141e+02 2.5449009823e-13 8.4878285606e-14 1.6961181263e-13
1.9787597656e+02 2.5418834241e-13 8.4758009083e-14 1.6943033332e-13
1.9793701172e+02 2.5389090587e-13 8.4640273857e-14 1.6925063201e-13
1.9799804688e+02 2.5360013699e-13 8.4526351138e-14 1.6907378586e-13
1.9805908203e+02 2.5331948801e-13 8.4417769458e-14 1.6890171856e-13
1.9812011719e+02 2.5305357095e-13 8.4316312872e-14 1.6873725808e-13
1.9818115234e+02 2.5280775141e-13 8.4223911731e-14 1.6858383968e-13
1.9824218750e+02 2.5258745682e-13 8.4142435591e-14 1.6844502123e-13
1.9830322266e+02 2.5239773039e-13 8.4073518154e-14 1.6832421223e-13
1.9836425781e+02 2.5224225816e-13 8.4018270535e-14 1.6822398763e-13
1.9842529297e+02 2.5212297190e-13 8.3977171627e-14 1.6814580028e-13
1.9848632812e+02 2.5203969530e-13 8.3949949557e-14 1.6808974574e-13
1.9854736328e+02 2.5198998294e-13 8.3935563575e-14 1.6805441936e-13
1.9860839844e+02 2.5196929319e-13 8.3932248537e-14 1.6803704466e-13
1.9866943359e+02 2.5197135822e-13 8.3937618647e-14 1.6803373958e-13
1.9873046875e+02 2.5198873006e-13 8.3948868392e-14 1.6803986167e-13
1.9879150391e+02 2.5201341964e-13 8.3962985345e-14 1.6805043429e-13
1.9885253906e+02 2.5203754475e-13 8.3976906495e-14 1.6806063826e-13
1.9891357422e+02 2.5205405944e-13 8.3987803410e-14 1.6806625603e-13
1.9897460938e+02 2.5205704231e-13 8.3993203254e-14 1.6806383906e-13
1.9903564453e+02 2.5204202368e-13 8.3991112565e-14 1.6805091112e-13
1.9909667969e+02 2.5200650782e-13 8.3980241545e-14 1.6802626627e-13
1.9915771484e+02 2.5194945804e-13 8.3959897984e-14 1.6798956006e-13
1.9921875000e+02 2.5187135030e-13 8.3930072338e-14 1.6794127797e-13
1.9927978516e+02 2.5177386530e-13 8.3891388505e-14 1.6788247679e-13
1.9934082031e+02 2.5165964549e-13 8.3845026060e-14 1.6781461943e-13
1.9940185547e+02 2.5153173132e-13 8.3792544164e-14 1.6773918716e-13
1.9946289062e+02 2.5139324792e-13 8.3735710276e-14 1.6765753764e-13
1.9952392578e+02 2.5124699244e-13 8.3676356710e-14 1.6757063573e-13
1.9958496094e+02 2.5109506737e-13 8.3616151944e-14 1.6747891543e-13
1.9964599609e+02 2.5093885507e-13 8.3556504498e-14 1.6738235057e-13
1.9970703125e+02 2.5077875874e-13 8.3498377699e-14 1.6728038104e-13
1.9976806641e+02 2.5061423489e-13 8.3442309381e-14 1.6717192551e-13
1.9982910156e+02 2.5044377316e-13 8.3388313129e-14 1.6705546004e-13
1.9989013672e+02 2.5026543230e-13 8.3336047625e-14 1.6692938468e-13
1.9995117188e+02 2.5007693781e-13 8.3284840253e-14 1.6679209756e-13
2.0001220703e+02 2.4987593188e-13 8.3233771310e-14 1.6664216057e-13
2.0007324219e+02 2.4966060903e-13 8.3181899686e-14 1.6647870934e-13
2.0013427734e+02 2.4942998294e-13 8.3128383313e-14 1.6630159963e-13
2.0019531250e+02 2.4918403700e-13 8.3072586502e-14 1.6611145050e-13
2.0025634766e+02 2.4892406252e-13 8.3014161415e-14 1.6590990110e-13
2.0031738281e+02 2.4865276238e-13 8.2953178362e-14 1.6569958401e-13
2.0037841797e+02 2.4837400196e-13 8.2890080328e-14 1.6548392163e-13
2.0043945312e+02 2.4809266818e-13 8.2825672117e-14 1.6526699606e-13
2.0050048828e+02 2.4781437529e-13 8.2761062289e-14 1.6505331300e-13
2.0056152344e+02 2.4754501070e-13 8.2697542897e-14 1.6484746781e-13
2.0062255859e+02 2.4729019645e-13 8.2636416283e-14 1.6465378016e-13
2.0068359375e+02 2.4705483648e-13 8.2578885693e-14 1.6447595078e-13
2.0074462891e+02 2.4684259999e-13 8.2525835794e-14 1.6431676420e-13
2.0080566406e+02 2.4665560971e-13 8.2477736045e-14 1.6417787366e-13
2.0086669922e+02 2.4649440035e-13 8.2434634386e-14 1.6405976596e-13
2.0092773438e+02 2.4635782770e-13 8.2396113406e-14 1.6396171430e-13
2.0098876953e+02 2.4624331362e-13 8.2361365245e-14 1.6388194837e-13
2.0104980469e+02 2.4614722031e-13 8.2329326207e-14 1.6381789410e-13
2.0111083984e+02 2.4606524386e-13 8.2298812426e-14 1.6376643143e-13
2.0117187500e+02 2.4599295751e-13 8.2268721074e-14 1.6372423643e-13
2.0123291016e+02 2.4592631807e-13 8.2238148366e-14 1.6368816971e-13
2.0129394531e+02 2.4586183970e-13 8.2206448507e-14 1.6365539120e-13
2.0135498047e+02 2.4579694025e-13 8.2173301014e-14 1.6362363923e-13
2.0141601562e+02 2.4572988215e-13 8.2138663151e-14 1.6359121900e-13
2.0147705078e+02 2.4565991321e-13 8.2102752359e-14 1.6355716085e-13
2.0153808594e+02 2.4558668805e-13 8.2065834825e-14 1.6352085322e-13
2.0159912109e+02 2.4551017654e-13 8.2028215627e-14 1.6348196091e-13
2.0166015625e+02 2.4543030941e-13 8.1990094881e-14 1.6344021453e-13
2.0172119141e+02 2.4534678059e-13 8.1951552154e-14 1.6339522844e-13
2.0178222656e+02 2.4525864639e-13 8.1912477897e-14 1.6334616849e-13
2.0184326172e+02 2.4516439472e-13 8.1872585378e-14 1.6329180934e-13
2.0190429688e+02 2.4506179453e-13 8.1831390420e-14 1.6323040411e-13
2.0196533203e+02 2.4494815916e-13 8.1788297137e-14 1.6315986203e-13
2.0202636719e+02 2.4482058801e-13 8.1742635016e-14 1.6307795299e-13
2.0208740234e+02 2.4467619345e-13 8.1693683114e-14 1.6298251033e-13
2.0214843750e+02 2.4451277268e-13 8.1640837410e-14 1.6287193528e-13
2.0220947266e+02 2.4432893542e-13 8.1583583108e-14 1.6274535231e-13
2.0227050781e+02 2.4412473952e-13 8.1521682461e-14 1.6260305706e-13
2.0233154297e+02 2.4390180806e-13 8.1455173651e-14 1.6244663441e-13
2.0239257812e+02 2.4366335598e-13 8.1384448009e-14 1.6227890797e-13
2.0245361328e+02 2.4341408033e-13 8.1310265752e-14 1.6210381457e-13
2.0251464844e+02 2.4315977026e-13 8.1233703313e-14 1.6192606695e-13
2.0257568359e+02 2.4290690552e-13 8.1156143678e-14 1.6175076184e-13
2.0263671875e+02 2.4266166804e-13 8.1079024527e-14 1.6158264351e-13
2.0269775391e+02 2.4242964228e-13 8.1003813625e-14 1.6142582866e-13
2.0275878906e+02 2.4221517771e-13 8.0931833344e-14 1.6128334437e-13
2.0281982422e+02 2.4202093139e-13 8.0864133047e-14 1.6115679834e-13
2.0288085938e+02 2.4184784832e-13 8.0801382927e-14 1.6104646539e-13
2.0294189453e+02 2.4169545907e-13 8.0743962626e-14 1.6095149645e-13
2.0300292969e+02 2.4156187176e-13 8.0691851481e-14 1.6087002028e-13
2.0306396484e+02 2.4144436349e-13 8.0644730680e-14 1.6079963281e-13
2.0312500000e+02 2.4133997607e-13 8.0602112318e-14 1.6073786375e-13
2.0318603516e+02 2.4124580379e-13 8.0563371265e-14 1.6068243252e-13
2.0324707031e+02 2.4115947959e-13 8.0527886644e-14 1.6063159295e-13
2.0330810547e+02 2.4107946547e-13 8.0495119084e-14 1.6058434638e-13
2.0336914062e+02 2.4100495973e-13 8.0464643873e-14 1.6054031586e-13
2.0343017578e+02 2.4093590217e-13 8.0436196684e-14 1.6049970548e-13
2.0349121094e+02 2.4087298429e-13 8.0409741405e-14 1.6046324289e-13
2.0355224609e+02 2.4081715140e-13 8.0385355569e-14 1.6043179583e-13
2.0361328125e+02 2.4076929763e-13 8.0363177100e-14 1.6040612053e-13
2.0367431641e+02 2.4072999166e-13 8.0343380600e-14 1.6038661106e-13
2.0373535156e+02 2.4069907771e-13 8.0325998444e-14 1.6037307927e-13
2.0379638672e+02 2.4067542394e-13 8.0310846638e-14 1.6036457731e-13
2.0385742188e+02 2.4065686107e-13 8.0297465205e-14 1.6035939586e-13
2.0391845703e+02 2.4064016365e-13 8.0285085571e-14 1.6035507808e-13
2.0397949219e+02 2.4062095179e-13 8.0272540723e-14 1.6034841107e-13
2.0404052734e+02 2.4059412056e-13 8.0258376635e-14 1.6033574393e-13
2.0410156250e+02 2.4055424204e-13 8.0241009325e-14 1.6031323272e-13
2.0416259766e+02 2.4049602961e-13 8.0218836673e-14 1.6027719294e-13
2.0422363281e+02 2.4041486896e-13 8.0190434689e-14 1.6022443427e-13
2.0428466797e+02 2.4030729749e-13 8.0154711076e-14 1.6015258641e-13
2.0434570312e+02 2.4017139922e-13 8.0111110450e-14 1.6006028877e-13
2.0440673828e+02 2.4000720322e-13 8.0059668423e-14 1.5994753480e-13
2.0446777344e+02 2.3981654103e-13 8.0000994881e-14 1.5981554615e-13
2.0452880859e+02 2.3960306132e-13 7.9936252774e-14 1.5966680854e-13
2.0458984375e+02 2.3937186641e-13 7.9867017706e-14 1.5950484870e-13
2.0465087891e+02 2.3912933129e-13 7.9795157805e-14 1.5933417348e-13
2.0471191406e+02 2.3888233959e-13 7.9722596862e-14 1.5915974273e-13
2.0477294922e+02 2.3863790572e-13 7.9651192395e-14 1.5898671333e-13
2.0483398438e+02 2.3840243660e-13 7.9582501649e-14 1.5881993495e-13
2.0489501953e+02 2.3818133291e-13 7.9517708038e-14 1.5866362487e-13
2.0495605469e+02 2.3797868706e-13 7.9457569655e-14 1.5852111740e-13
2.0501708984e+02 2.3779692056e-13 7.9402406186e-14 1.5839451437e-13
2.0507812500e+02 2.3763668988e-13 7.9352101226e-14 1.5828458865e-13
2.0513916016e+02 2.3749720307e-13 7.9306284198e-14 1.5819091887e-13
2.0520019531e+02 2.3737634802e-13 7.9264374663e-14 1.5811197336e-13
2.0526123047e+02 2.3727089457e-13 7.9225664279e-14 1.5804523029e-13
2.0532226562e+02 2.3717708698e-13 7.9189465873e-14 1.5798762111e-13
2.0538330078e+02 2.3709104298e-13 7.9155181182e-14 1.5793586180e-13
2.0544433594e+02 2.3700914109e-13 7.9122363517e-14 1.5788677757e-13
2.0550537109e+02 2.3692817693e-13 7.9090677406e-14 1.5783749952e-13
2.0556640625e+02 2.3684531281e-13 7.9059797347e-14 1.5778551546e-13
2.0562744141e+02 2.3675834392e-13 7.9029428749e-14 1.5772891517e-13
2.0568847656e+02 2.3666550240e-13 7.8999224849e-14 1.5766627755e-13
2.0574951172e+02 2.3656545478e-13 7.8968749392e-14 1.5759670538e-13
2.0581054688e+02 2.3645688090e-13 7.8937386549e-14 1.5751949435e-13
2.0587158203e+02 2.3633864013e-13 7.8904422042e-14 1.5743421809e-13
2.0593261719e+02 2.3620966795e-13 7.8869055506e-14 1.5734061244e-13
2.0599365234e+02 2.3606901959e-13 7.8830476719e-14 1.5723854287e-13
2.0605468750e+02 2.3591591046e-13 7.8787908881e-14 1.5712800158e-13
2.0611572266e+02 2.3575005231e-13 7.8740774325e-14 1.5700927798e-13
2.0617675781e+02 2.3557193667e-13 7.8688797307e-14 1.5688313936e-13
2.0623779297e+02 2.3538268847e-13 7.8631987804e-14 1.5675070067e-13
2.0629882812e+02 2.3518422530e-13 7.8570661278e-14 1.5661356403e-13
2.0635986328e+02 2.3497913502e-13 7.8505363455e-14 1.5647377157e-13
2.0642089844e+02 2.3477045730e-13 7.8436817155e-14 1.5633364014e-13
2.0648193359e+02 2.3456135843e-13 7.8365795292e-14 1.5619556314e-13
2.0654296875e+02 2.3435466940e-13 7.8292987784e-14 1.5606168162e-13
2.0660400391e+02 2.3415250880e-13 7.8218883725e-14 1.5593362507e-13
2.0666503906e+02 2.3395602921e-13 7.8143759971e-14 1.5581226924e-13
2.0672607422e+02 2.3376540041e-13 7.8067718720e-14 1.5569768169e-13
2.0678710938e+02 2.3357956662e-13 7.7990626466e-14 1.5558894015e-13
2.0684814453e+02 2.3339672988e-13 7.7912363568e-14 1.5548436631e-13
2.0690917969e+02 2.3321461402e-13 7.7832895050e-14 1.5538171897e-13
2.0697021484e+02 2.3303099764e-13 7.7752422748e-14 1.5527857490e-13
2.0703125000e+02 2.3284402032e-13 7.7671405858e-14 1.5517261446e-13
2.0709228516e+02 2.3265262081e-13 7.7590666193e-14 1.5506195462e-13
2.0715332031e+02 2.3245689321e-13 7.7511400806e-14 1.5494549240e-13
2.0721435547e+02 2.3225791604e-13 7.7434959090e-14 1.5482295695e-13
2.0727539062e+02 2.3205766673e-13 7.7362767269e-14 1.5469489946e-13
2.0733642578e+02 2.3185884628e-13 7.7296183890e-14 1.5456266239e-13
2.0739746094e+02 2.3166437189e-13 7.7236272192e-14 1.5442809970e-13
2.0745849609e+02 2.3147697683e-13 7.7183661403e-14 1.5429331543e-13
2.0751953125e+02 2.3129896318e-13 7.7138524037e-14 1.5416043914e-13
2.0758056641e+02 2.3113197152e-13 7.7100558121e-14 1.5403141339e-13
2.0764160156e+02 2.3097668207e-13 7.7068960483e-14 1.5390772159e-13
2.0770263672e+02 2.3083273884e-13 7.7042472347e-14 1.5379026649e-13
2.0776367188e+02 2.3069888982e-13 7.7019564495e-14 1.5367932532e-13
2.0782470703e+02 2.3057310388e-13 7.6998500088e-14 1.5357460379e-13
2.0788574219e+02 2.3045279525e-13 7.6977485229e-14 1.5347531003e-13
2.0794677734e+02 2.3033518637e-13 7.6954844238e-14 1.5338034213e-13
2.0800781250e+02 2.3021761733e-13 7.6929150495e-14 1.5328846684e-13
2.0806884766e+02 2.3009759987e-13 7.6899282005e-14 1.5319831787e-13
2.0812988281e+02 2.2997332723e-13 7.6864553107e-14 1.5310877412e-13
2.0819091797e+02 2.2984380375e-13 7.6824812361e-14 1.5301899138e-13
2.0825195312e+02 2.2970859108e-13 7.6780308904e-14 1.5292828217e-13
2.0831298828e+02 2.2956812592e-13 7.6731805167e-14 1.5283632075e-13
2.0837402344e+02 2.2942336261e-13 7.6680357839e-14 1.5274300477e-13
2.0843505859e+02 2.2927565940e-13 7.6627283501e-14 1.5264837590e-13
2.0849609375e+02 2.2912649613e-13 7.6573938530e-14 1.5255255760e-13
2.0855712891e+02 2.2897745522e-13 7.6521639907e-14 1.5245581532e-13
2.0861816406e+02 2.2883025913e-13 7.6471601526e-14 1.5235865761e-13
2.0867919922e+02 2.2868673640e-13 7.6424839925e-14 1.5226189647e-13
2.0874023438e+02 2.2854882349e-13 7.6382137149e-14 1.5216668634e-13
2.0880126953e+02 2.2841857617e-13 7.6344023091e-14 1.5207455308e-13
2.0886230469e+02 2.2829816121e-13 7.6310780139e-14 1.5198738107e-13
2.0892333984e+02 2.2818969056e-13 7.6282429208e-14 1.5190726135e-13
2.0898437500e+02 2.2809500036e-13 7.6258744536e-14 1.5183625583e-13
2.0904541016e+02 2.2801531083e-13 7.6239228967e-14 1.5177608187e-13
2.0910644531e+02 2.2795087579e-13 7.6223125081e-14 1.5172775070e-13
2.0916748047e+02 2.2790077159e-13 7.6209430402e-14 1.5169134119e-13
2.0922851562e+02 2.2786276026e-13 7.6196934660e-14 1.5166582560e-13
2.0928955078e+02 2.2783328877e-13 7.6184294178e-14 1.5164899459e-13
2.0935058594e+02 2.2780791926e-13 7.6170172133e-14 1.5163774713e-13
2.0941162109e+02 2.2778148954e-13 7.6153329153e-14 1.5162816039e-13
2.0947265625e+02 2.2774866684e-13 7.6132738995e-14 1.5161592785e-13
2.0953369141e+02 2.2770433755e-13 7.6107607688e-14 1.5159672986e-13
2.0959472656e+02 2.2764397860e-13 7.6077417964e-14 1.5156656063e-13
2.0965576172e+02 2.2756411585e-13 7.6041953054e-14 1.5152216280e-13
2.0971679688e+02 2.2746226969e-13 7.6001194056e-14 1.5146107563e-13
2.0977783203e+02 2.2733719224e-13 7.5955280912e-14 1.5138191133e-13
2.0983886719e+02 2.2718873863e-13 7.5904412651e-14 1.5128432598e-13
2.0989990234e+02 2.2701792244e-13 7.5848867414e-14 1.5116905502e-13
2.0996093750e+02 2.2682672775e-13 7.5788946110e-14 1.5103778164e-13
2.1002197266e+02 2.2661803130e-13 7.5725028831e-14 1.5089300247e-13
2.1008300781e+02 2.2639551121e-13 7.5657640540e-14 1.5073787067e-13
2.1014404297e+02 2.2616340770e-13 7.5587453948e-14 1.5057595375e-13
2.1020507812e+02 2.2592634073e-13 7.5515332496e-14 1.5041100824e-13
2.1026611328e+02 2.2568901269e-13 7.5442313727e-14 1.5024669896e-13
2.1032714844e+02 2.2545614746e-13 7.5369660691e-14 1.5008648677e-13
2.1038818359e+02 2.2523196526e-13 7.5298686940e-14 1.4993327832e-13
2.1044921875e+02 2.2502012340e-13 7.5230705116e-14 1.4978941829e-13
2.1051025391e+02 2.2482355829e-13 7.5166945898e-14 1.4965661239e-13
2.1057128906e+02 2.2464421223e-13 7.5108370417e-14 1.4953584182e-13
2.1063232422e+02 2.2448309140e-13 7.5055663554e-14 1.4942742785e-13
2.1069335938e+02 2.2434025601e-13 7.5009116366e-14 1.4933113964e-13
2.1075439453e+02 2.2421497085e-13 7.4968700070e-14 1.4924627078e-13
2.1081542969e+02 2.2410598745e-13 7.4934113077e-14 1.4917187437e-13
2.1087646484e+02 2.2401159393e-13 7.4904787212e-14 1.4910680672e-13
2.1093750000e+02 2.2392979289e-13 7.4880056175e-14 1.4904973671e-13
2.1099853516e+02 2.2385846379e-13 7.4859195455e-14 1.4899926833e-13
2.1105957031e+02 2.2379569298e-13 7.4841580145e-14 1.4895411283e-13
2.1112060547e+02 2.2373955812e-13 7.4826631067e-14 1.4891292706e-13
2.1118164062e+02 2.2368811800e-13 7.4813833431e-14 1.4887428456e-13
2.1124267578e+02 2.2363957164e-13 7.4802752636e-14 1.4883681900e-13
2.1130371094e+02 2.2359183528e-13 7.4792837334e-14 1.4879899795e-13
2.1136474609e+02 2.2354268859e-13 7.4783450563e-14 1.4875923803e-13
2.1142578125e+02 2.2348947327e-13 7.4773652645e-14 1.4871582063e-13
2.1148681641e+02 2.2342932287e-13 7.4762312036e-14 1.4866701083e-13
2.1154785156e+02 2.2335914496e-13 7.4748042112e-14 1.4861110285e-13
2.1160888672e+02 2.2327591122e-13 7.4729332600e-14 1.4854657862e-13
2.1166992188e+02 2.2317693185e-13 7.4704667041e-14 1.4847226481e-13
2.1173095703e+02 2.2305992345e-13 7.4672616418e-14 1.4838730703e-13
2.1179199219e+02 2.2292367947e-13 7.4632130775e-14 1.4829154870e-13
2.1185302734e+02 2.2276789329e-13 7.4582542571e-14 1.4818535072e-13
2.1191406250e+02 2.2259356661e-13 7.4523738750e-14 1.4806982786e-13
2.1197509766e+02 2.2240290491e-13 7.4456189237e-14 1.4794671567e-13
2.1203613281e+02 2.2219906919e-13 7.4380844937e-14 1.4781822425e-13
2.1209716797e+02 2.2198604995e-13 7.4299128415e-14 1.4768692153e-13
2.1215820312e+02 2.2176838525e-13 7.4212810155e-14 1.4755557510e-13
2.1221923828e+02 2.2155096945e-13 7.4123904598e-14 1.4742706485e-13
2.1228027344e+02 2.2133854829e-13 7.4034513614e-14 1.4730403468e-13
2.1234130859e+02 2.2113571742e-13 7.3946780348e-14 1.4718893708e-13
2.1240234375e+02 2.2094668659e-13 7.3862801838e-14 1.4708388476e-13
2.1246337891e+02 2.2077500665e-13 7.3784489788e-14 1.4699051686e-13
2.1252441406e+02 2.2062348210e-13 7.3713515116e-14 1.4690996698e-13
2.1258544922e+02 2.2049393887e-13 7.3651209371e-14 1.4684272950e-13
2.1264648438e+02 2.2038726892e-13 7.3598522232e-14 1.4678874669e-13
2.1270751953e+02 2.2030327549e-13 7.3555922633e-14 1.4674735286e-13
2.1276855469e+02 2.2024044338e-13 7.3523293665e-14 1.4671714972e-13
2.1282958984e+02 2.2019600808e-13 7.3499942762e-14 1.4669606532e-13
2.1289062500e+02 2.2016629786e-13 7.3484688038e-14 1.4668160982e-13
2.1295166016e+02 2.2014659657e-13 7.3475822229e-14 1.4667077434e-13
2.1301269531e+02 2.2013159591e-13 7.3471281833e-14 1.4666031408e-13
2.1307373047e+02 2.2011578772e-13 7.3468783416e-14 1.4664700431e-13
2.1313476562e+02 2.2009373803e-13 7.3465993763e-14 1.4662774427e-13
2.1319580078e+02 2.2006062561e-13 7.3460739619e-14 1.4659988599e-13
2.1325683594e+02 2.2001237425e-13 7.3451104125e-14 1.4656127013e-13
2.1331787109e+02 2.1994601021e-13 7.3435584938e-14 1.4651042527e-13
2.1337890625e+02 2.1985956467e-13 7.3413082868e-14 1.4644648180e-13
2.1343994141e+02 2.1975219652e-13 7.3382975251e-14 1.4636922127e-13
2.1350097656e+02 2.1962408557e-13 7.3345081709e-14 1.4627900386e-13
2.1356201172e+02 2.1947603281e-13 7.3299526205e-14 1.4617650661e-13
2.1362304688e+02 2.1930957418e-13 7.3246729255e-14 1.4606284492e-13
2.1368408203e+02 2.1912680681e-13 7.3187369732e-14 1.4593943708e-13
2.1374511719e+02 2.1893014145e-13 7.3122256003e-14 1.4580788545e-13
2.1380615234e+02 2.1872240035e-13 7.3052348292e-14 1.4567005206e-13
2.1386718750e+02 2.1850691002e-13 7.2978793888e-14 1.4552811613e-13
2.1392822266e+02 2.1828728773e-13 7.2902874399e-14 1.4538441333e-13
2.1398925781e+02 2.1806777431e-13 7.2826135150e-14 1.4524163916e-13
2.1405029297e+02 2.1785288489e-13 7.2750240334e-14 1.4510264455e-13
2.1411132812e+02 2.1764727319e-13 7.2676980267e-14 1.4497029292e-13
2.1417236328e+02 2.1745530247e-13 7.2608110889e-14 1.4484719158e-13
2.1423339844e+02 2.1728088320e-13 7.2545291504e-14 1.4473559169e-13
2.1429443359e+02 2.1712692943e-13 7.2489849048e-14 1.4463708039e-13
2.1435546875e+02 2.1699482058e-13 7.2442571873e-14 1.4455224870e-13
2.1441650391e+02 2.1688437901e-13 7.2403683970e-14 1.4448069504e-13
2.1447753906e+02 2.1679371430e-13 7.2372714755e-14 1.4442099955e-13
2.1453857422e+02 2.1671928995e-13 7.2348561451e-14 1.4437072850e-13
2.1459960938e+02 2.1665641521e-13 7.2329592826e-14 1.4432682239e-13
2.1466064453e+02 2.1659959021e-13 7.2313803823e-14 1.4428578638e-13
2.1472167969e+02 2.1654330752e-13 7.2299151492e-14 1.4424415603e-13
2.1478271484e+02 2.1648268987e-13 7.2283786685e-14 1.4419890319e-13
2.1484375000e+02 2.1641393782e-13 7.2266241009e-14 1.4414769681e-13
2.1490478516e+02 2.1633444667e-13 7.2245511468e-14 1.4408893520e-13
2.1496582031e+02 2.1624325183e-13 7.2221197247e-14 1.4402205458e-13
2.1502685547e+02 2.1614066205e-13 7.2193385725e-14 1.4394727632e-13
2.1508789062e+02 2.1602794318e-13 7.2162516628e-14 1.4386542655e-13
2.1514892578e+02 2.1590684497e-13 7.2129210076e-14 1.4377763490e-13
2.1520996094e+02 2.1577916468e-13 7.2094025953e-14 1.4368513872e-13
2.1527099609e+02 2.1564620285e-13 7.2057305167e-14 1.4358889768e-13
2.1533203125e+02 2.1550841868e-13 7.2019053357e-14 1.4348936533e-13
2.1539306641e+02 2.1536554059e-13 7.1978952841e-14 1.4338658775e-13
2.1545410156e+02 2.1521644932e-13 7.1936367548e-14 1.4328008177e-13
2.1551513672e+02 2.1505961438e-13 7.1890508568e-14 1.4316910582e-13
2.1557617188e+02 2.1489347782e-13 7.1840640182e-14 1.4305283763e-13
2.1563720703e+02 2.1471687341e-13 7.1786225340e-14 1.4293064807e-13
2.1569824219e+02 2.1452940014e-13 7.1727093800e-14 1.4280230634e-13
2.1575927734e+02 2.1433155087e-13 7.1663514760e-14 1.4266803611e-13
2.1582031250e+02 2.1412496672e-13 7.1596235500e-14 1.4252873122e-13
2.1588134766e+02 2.1391256129e-13 7.1526522378e-14 1.4238603892e-13
2.1594238281e+02 2.1369821778e-13 7.1456014077e-14 1.4224220370e-13
2.1600341797e+02 2.1348630491e-13 7.1386516666e-14 1.4209978824e-13
2.1606445312e+02 2.1328170669e-13 7.1319969913e-14 1.4196173677e-13
2.1612548828e+02 2.1308924602e-13 7.1258222661e-14 1.4183102336e-13
2.1618652344e+02 2.1291326329e-13 7.1202886124e-14 1.4171037716e-13
2.1624755859e+02 2.1275748126e-13 7.1155231360e-14 1.4160224990e-13
2.1630859375e+02 2.1262441273e-13 7.1116027795e-14 1.4150838494e-13
2.1636962891e+02 2.1251539470e-13 7.1085589822e-14 1.4142980487e-13
2.1643066406e+02 2.1243011378e-13 7.1063608302e-14 1.4136650548e-13
2.1649169922e+02 2.1236672770e-13 7.1049246000e-14 1.4131748170e-13
2.1655273438e+02 2.1232180629e-13 7.1041139627e-14 1.4128066667e-13
2.1661376953e+02 2.1229061017e-13 7.1037512855e-14 1.4125309732e-13
2.1667480469e+02 2.1226737999e-13 7.1036328295e-14 1.4123105169e-13
2.1673583984e+02 2.1224581393e-13 7.1035425450e-14 1.4121038848e-13
2.1679687500e+02 2.1221973723e-13 7.1032724602e-14 1.4118701263e-13
2.1685791016e+02 2.1218366291e-13 7.1026393040e-14 1.4115726987e-13
2.1691894531e+02 2.1213347239e-13 7.1015050113e-14 1.4111842228e-13
2.1697998047e+02 2.1206664674e-13 7.0997768528e-14 1.4106887821e-13
2.1704101562e+02 2.1198274673e-13 7.0974232165e-14 1.4100851457e-13
2.1710205078e+02 2.1188315966e-13 7.0944625510e-14 1.4093853416e-13
2.1716308594e+02 2.1177094587e-13 7.0909608517e-14 1.4086133736e-13
2.1722412109e+02 2.1165027305e-13 7.0870175593e-14 1.4078009746e-13
2.1728515625e+02 2.1152578748e-13 7.0827478109e-14 1.4069830938e-13
2.1734619141e+02 2.1140206743e-13 7.0782707946e-14 1.4061935949e-13
2.1740722656e+02 2.1128290949e-13 7.0736953919e-14 1.4054595557e-13
2.1746826172e+02 2.1117083010e-13 7.0691058698e-14 1.4047977141e-13
2.1752929688e+02 2.1106694059e-13 7.0645589134e-14 1.4042135146e-13
2.1759033203e+02 2.1097065507e-13 7.0600751747e-14 1.4036990333e-13
2.1765136719e+02 2.1088011654e-13 7.0556464781e-14 1.4032365176e-13
2.1771240234e+02 2.1079213949e-13 7.0512287613e-14 1.4027985188e-13
2.1777343750e+02 2.1070298591e-13 7.0467612461e-14 1.4023537345e-13
2.1783447266e+02 2.1060860794e-13 7.0421636017e-14 1.4018697192e-13
2.1789550781e+02 2.1050517104e-13 7.0373515217e-14 1.4013165583e-13
2.1795654297e+02 2.1038966181e-13 7.0322538722e-14 1.4006712309e-13
2.1801757812e+02 2.1026025260e-13 7.0268262225e-14 1.3999199038e-13
2.1807861328e+02 2.1011627401e-13 7.0210539629e-14 1.3990573438e-13
2.1813964844e+02 2.0995845137e-13 7.0149641941e-14 1.3980880943e-13
2.1820068359e+02 2.0978883420e-13 7.0086266576e-14 1.3970256762e-13
2.1826171875e+02 2.0961063743e-13 7.0021549869e-14 1.3958908756e-13
2.1832275391e+02 2.0942775038e-13 6.9956931388e-14 1.3947081899e-13
2.1838378906e+02 2.0924459013e-13 6.9894044918e-14 1.3935054521e-13
2.1844482422e+02 2.0906543135e-13 6.9834484004e-14 1.3923094735e-13
2.1850585938e+02 2.0889417717e-13 6.9779682816e-14 1.3911449436e-13
2.1856689453e+02 2.0873399619e-13 6.9730723964e-14 1.3900327223e-13
2.1862792969e+02 2.0858704733e-13 6.9688213672e-14 1.3889883366e-13
2.1868896484e+02 2.0845453207e-13 6.9652263269e-14 1.3880226880e-13
2.1875000000e+02 2.0833648762e-13 6.9622429867e-14 1.3871405775e-13
2.1881103516e+02 2.0823193304e-13 6.9597809686e-14 1.3863412335e-13
2.1887207031e+02 2.0813912902e-13 6.9577188598e-14 1.3856194042e-13
2.1893310547e+02 2.0805552537e-13 6.9559096209e-14 1.3849642916e-13
2.1899414062e+02 2.0797798816e-13 6.9541946773e-14 1.3843604139e-13
2.1905517578e+02 2.0790322868e-13 6.9524252252e-14 1.3837897643e-13
2.1911621094e+02 2.0782793806e-13 6.9504705566e-14 1.3832323250e-13
2.1917724609e+02 2.0774907200e-13 6.9482252043e-14 1.3826681996e-13
2.1923828125e+02 2.0766401405e-13 6.9456116702e-14 1.3820789735e-13
2.1929931641e+02 2.0757081377e-13 6.9425827303e-14 1.3814498646e-13
2.1936035156e+02 2.0746819625e-13 6.9391165238e-14 1.3807703101e-13
2.1942138672e+02 2.0735574779e-13 6.9352150240e-14 1.3800359755e-13
2.1948242188e+02 2.0723367783e-13 6.9308892508e-14 1.3792478532e-13
2.1954345703e+02 2.0710274232e-13 6.9261599299e-14 1.3784114302e-13
2.1960449219e+02 2.0696395730e-13 6.9210475116e-14 1.3775348218e-13
2.1966552734e+02 2.0681842917e-13 6.9155683170e-14 1.3766274600e-13
2.1972656250e+02 2.0666722468e-13 6.9097371669e-14 1.3756985301e-13
2.1978759766e+02 2.0651116327e-13 6.9035678773e-14 1.3747548449e-13
2.1984863281e+02 2.0635094140e-13 6.8970834087e-14 1.3738010731e-13
2.1990966797e+02 2.0618714552e-13 6.8903200907e-14 1.3728394462e-13
2.1997070312e+02 2.0602043781e-13 6.8833348113e-14 1.3718708970e-13
2.2003173828e+02 2.0585172886e-13 6.8762121698e-14 1.3708960716e-13
2.2009277344e+02 2.0568231169e-13 6.8690631202e-14 1.3699168049e-13
2.2015380859e+02 2.0551380876e-13 6.8620184555e-14 1.3689362421e-13
2.2021484375e+02 2.0534833767e-13 6.8552268596e-14 1.3679606908e-13
2.2027587891e+02 2.0518825684e-13 6.8488403481e-14 1.3669985336e-13
2.2033691406e+02 2.0503571445e-13 6.8429915834e-14 1.3660579862e-13
2.2039794922e+02 2.0489256791e-13 6.8377877137e-14 1.3651469077e-13
2.2045898438e+02 2.0476002171e-13 6.8332956852e-14 1.3642706485e-13
2.2052001953e+02 2.0463846425e-13 6.8295359494e-14 1.3634310475e-13
2.2058105469e+02 2.0452729799e-13 6.8264789011e-14 1.3626250898e-13
2.2064208984e+02 2.0442497050e-13 6.8240453333e-14 1.3618451717e-13
2.2070312500e+02 2.0432930892e-13 6.8221238759e-14 1.3610807016e-13
2.2076416016e+02 2.0423751545e-13 6.8205765996e-14 1.3603174946e-13
2.2082519531e+02 2.0414676658e-13 6.8192572427e-14 1.3595419415e-13
2.2088623047e+02 2.0405432489e-13 6.8180205732e-14 1.3587411916e-13
2.2094726562e+02 2.0395795695e-13 6.8167378789e-14 1.3579057816e-13
2.2100830078e+02 2.0385617088e-13 6.8153062776e-14 1.3570310810e-13
2.2106933594e+02 2.0374833611e-13 6.8136504026e-14 1.3561183208e-13
2.2113037109e+02 2.0363458327e-13 6.8117229812e-14 1.3551735346e-13
2.2119140625e+02 2.0351604372e-13 6.8095120921e-14 1.3542092280e-13
2.2125244141e+02 2.0339459719e-13 6.8070366459e-14 1.3532423073e-13
2.2131347656e+02 2.0327261866e-13 6.8043368531e-14 1.3522925013e-13
2.2137451172e+02 2.0315276427e-13 6.8014677837e-14 1.3513808644e-13
2.2143554688e+02 2.0303772288e-13 6.7984961885e-14 1.3505276100e-13
2.2149658203e+02 2.0292984255e-13 6.7954878137e-14 1.3497496441e-13
2.2155761719e+02 2.0283090245e-13 6.7925005243e-14 1.3490589720e-13
2.2161865234e+02 2.0274170829e-13 6.7895684673e-14 1.3484602362e-13
2.2167968750e+02 2.0266197139e-13 6.7866993086e-14 1.3479497830e-13
2.2174072266e+02 2.0259014120e-13 6.7838652261e-14 1.3475148894e-13
2.2180175781e+02 2.0252349096e-13 6.7810050219e-14 1.3471344074e-13
2.2186279297e+02 2.0245843322e-13 6.7780330356e-14 1.3467810287e-13
2.2192382812e+02 2.0239073057e-13 6.7748449189e-14 1.3464228138e-13
2.2198486328e+02 2.0231594007e-13 6.7713313417e-14 1.3460262665e-13
2.2204589844e+02 2.0223014120e-13 6.7674032271e-14 1.3455610892e-13
2.2210693359e+02 2.0213044319e-13 6.7630060913e-14 1.3450038228e-13
2.2216796875e+02 2.0201535634e-13 6.7581320542e-14 1.3443403580e-13
2.2222900391e+02 2.0188514150e-13 6.7528295237e-14 1.3435684626e-13
2.2229003906e+02 2.0174185863e-13 6.7472025042e-14 1.3426983359e-13
2.2235107422e+02 2.0158934013e-13 6.7414066729e-14 1.3417527340e-13
2.2241210938e+02 2.0143269573e-13 6.7356322091e-14 1.3407637364e-13
2.2247314453e+02 2.0127787531e-13 6.7300862362e-14 1.3397701295e-13
2.2253417969e+02 2.0113090618e-13 6.7249685611e-14 1.3388122057e-13
2.2259521484e+02 2.0099736452e-13 6.7204546061e-14 1.3379281846e-13
2.2265625000e+02 2.0088168039e-13 6.7166725529e-14 1.3371495486e-13
2.2271728516e+02 2.0078661351e-13 6.7136900118e-14 1.3364971340e-13
2.2277832031e+02 2.0071308611e-13 6.7115145570e-14 1.3359794054e-13
2.2283935547e+02 2.0066005681e-13 6.7100881666e-14 1.3355917515e-13
2.2290039062e+02 2.0062464223e-13 6.7092925922e-14 1.3353171630e-13
2.2296142578e+02 2.0060258468e-13 6.7089694069e-14 1.3351289061e-13
2.2302246094e+02 2.0058869978e-13 6.7089330242e-14 1.3349936954e-13
2.2308349609e+02 2.0057734603e-13 6.7089871139e-14 1.3348747489e-13
2.2314453125e+02 2.0056300787e-13 6.7089421963e-14 1.3347358591e-13
2.2320556641e+02 2.0054075664e-13 6.7086280580e-14 1.3345447606e-13
2.2326660156e+02 2.0050651223e-13 6.7079025531e-14 1.3342748670e-13
2.2332763672e+02 2.0045723492e-13 6.7066591474e-14 1.3339064345e-13
2.2338867188e+02 2.0039112508e-13 6.7048316050e-14 1.3334280903e-13
2.2344970703e+02 2.0030751542e-13 6.7023914377e-14 1.3328360104e-13
2.2351074219e+02 2.0020662654e-13 6.6993387911e-14 1.3321323863e-13
2.2357177734e+02 2.0008955980e-13 6.6957009007e-14 1.3313255079e-13
2.2363281250e+02 1.9995804131e-13 6.6915257534e-14 1.3304278378e-13
2.2369384766e+02 1.9981415867e-13 6.6868725102e-14 1.3294543357e-13
2.2375488281e+02 1.9966027638e-13 6.6818078305e-14 1.3284219808e-13
2.2381591797e+02 1.9949869386e-13 6.6763961706e-14 1.3273473215e-13
2.2387695312e+02 1.9933161300e-13 6.6706983430e-14 1.3262462957e-13
2.2393798828e+02 1.9916098586e-13 6.6647707985e-14 1.3251327787e-13
2.2399902344e+02 1.9898831385e-13 6.6586570210e-14 1.3240174364e-13
2.2406005859e+02 1.9881483683e-13 6.6523990180e-14 1.3229084665e-13
2.2412109375e+02 1.9864143611e-13 6.6460340320e-14 1.3218109579e-13
2.2418212891e+02 1.9846880405e-13 6.6396051241e-14 1.3207275281e-13
2.2424316406e+02 1.9829771562e-13 6.6331654406e-14 1.3196606121e-13
2.2430419922e+02 1.9812915498e-13 6.6267842376e-14 1.3186131261e-13
2.2436523438e+02 1.9796444291e-13 6.6205486135e-14 1.3175895678e-13
2.2442626953e+02 1.9780525944e-13 6.6145642089e-14 1.3165961735e-13
2.2448730469e+02 1.9765365717e-13 6.6089479976e-14 1.3156417720e-13
2.2454833984e+02 1.9751186946e-13 6.6038161546e-14 1.3147370792e-13
2.2460937500e+02 1.9738190816e-13 6.5992694864e-14 1.3138921330e-13
2.2467041016e+02 1.9726535620e-13 6.5953815806e-14 1.3131154039e-13
2.2473144531e+02 1.9716297680e-13 6.5921853973e-14 1.3124112282e-13
2.2479248047e+02 1.9707443599e-13 6.5896614251e-14 1.3117782174e-13
2.2485351562e+02 1.9699838007e-13 6.5877423364e-14 1.3112095670e-13
2.2491455078e+02 1.9693234873e-13 6.5863118492e-14 1.3106923024e-13
2.2497558594e+02 1.9687306653e-13 6.5852171687e-14 1.3102089485e-13
2.2503662109e+02 1.9681684125e-13 6.5842886002e-14 1.3097395525e-13
2.2509765625e+02 1.9676009084e-13 6.5833614549e-14 1.3092647629e-13
2.2515869141e+02 1.9669971824e-13 6.5822900253e-14 1.3087681799e-13
2.2521972656e+02 1.9663339482e-13 6.5809613138e-14 1.3082378168e-13
2.2528076172e+02 1.9655985372e-13 6.5793085214e-14 1.3076676851e-13
2.2534179688e+02 1.9647909317e-13 6.5773151926e-14 1.3070594124e-13
2.2540283203e+02 1.9639212174e-13 6.5750089757e-14 1.3064203198e-13
2.2546386719e+02 1.9630069705e-13 6.5724498794e-14 1.3057619826e-13
2.2552490234e+02 1.9620703270e-13 6.5697165762e-14 1.3050986693e-13
2.2558593750e+02 1.9611326597e-13 6.5668890118e-14 1.3044437585e-13
2.2564697266e+02 1.9602100815e-13 6.5640292093e-14 1.3038071606e-13
2.2570800781e+02 1.9593115622e-13 6.5611736331e-14 1.3031941989e-13
2.2576904297e+02 1.9584357220e-13 6.5583218849e-14 1.3026035335e-13
2.2583007812e+02 1.9575709913e-13 6.5554361905e-14 1.3020273723e-13
2.2589111328e+02 1.9566969776e-13 6.5524452628e-14 1.3014524513e-13
2.2595214844e+02 1.9557854332e-13 6.5492560598e-14 1.3008598273e-13
2.2601318359e+02 1.9548077468e-13 6.5457777103e-14 1.3002299758e-13
2.2607421875e+02 1.9537362514e-13 6.5419283112e-14 1.2995434202e-13
2.2613525391e+02 1.9525498183e-13 6.5376554809e-14 1.2987842703e-13
2.2619628906e+02 1.9512387693e-13 6.5329521595e-14 1.2979435534e-13
2.2625732422e+02 1.9498037404e-13 6.5278517076e-14 1.2970185697e-13
2.2631835938e+02 1.9482599364e-13 6.5224386518e-14 1.2960160713e-13
2.2637939453e+02 1.9466339577e-13 6.5168288579e-14 1.2949510719e-13
2.2644042969e+02 1.9449610544e-13 6.5111570057e-14 1.2938453538e-13
2.2650146484e+02 1.9432825011e-13 6.5055624150e-14 1.2927262596e-13
2.2656250000e+02 1.9416411464e-13 6.5001723084e-14 1.2916239155e-13
2.2662353516e+02 1.9400775684e-13 6.4950899210e-14 1.2905685763e-13
2.2668457031e+02 1.9386264733e-13 6.4903871504e-14 1.2895877582e-13
2.2674560547e+02 1.9373139064e-13 6.4860995100e-14 1.2887039553e-13
2.2680664062e+02 1.9361548963e-13 6.4822299854e-14 1.2879318978e-13
2.2686767578e+02 1.9351516803e-13 6.4787508566e-14 1.2872765947e-13
2.2692871094e+02 1.9342937079e-13 6.4756084120e-14 1.2867328667e-13
2.2698974609e+02 1.9335579608e-13 6.4727304868e-14 1.2862849121e-13
2.2705078125e+02 1.9329096539e-13 6.4700265229e-14 1.2859070016e-13
2.2711181641e+02 1.9323048053e-13 6.4673918751e-14 1.2855656178e-13
2.2717285156e+02 1.9316907817e-13 6.4647023365e-14 1.2852205481e-13
2.2723388672e+02 1.9310136636e-13 6.4618276558e-14 1.2848308981e-13
2.2729492188e+02 1.9302216723e-13 6.4586355263e-14 1.2843581197e-13
2.2735595703e+02 1.9292680966e-13 6.4549925797e-14 1.2837688386e-13
2.2741699219e+02 1.9281180507e-13 6.4507840314e-14 1.2830396476e-13
2.2747802734e+02 1.9267514337e-13 6.4459250768e-14 1.2821589260e-13
2.2753906250e+02 1.9251660634e-13 6.4403719953e-14 1.2811288638e-13
2.2760009766e+02 1.9233774613e-13 6.4341321658e-14 1.2799642448e-13
2.2766113281e+02 1.9214190552e-13 6.4272736324e-14 1.2786916920e-13
2.2772216797e+02 1.9193394510e-13 6.4199227327e-14 1.2773471778e-13
2.2778320312e+02 1.9171976654e-13 6.4122538381e-14 1.2759722815e-13
2.2784423828e+02 1.9150597317e-13 6.4044844873e-14 1.2746112830e-13
2.2790527344e+02 1.9129925711e-13 6.3968536553e-14 1.2733072056e-13
2.2796630859e+02 1.9110568758e-13 6.3895960064e-14 1.2720972752e-13
2.2802734375e+02 1.9093051955e-13 6.3829331919e-14 1.2710118763e-13
2.2808837891e+02 1.9077774626e-13 6.3770492747e-14 1.2700725351e-13
2.2814941406e+02 1.9064975242e-13 6.3720724875e-14 1.2692902755e-13
2.2821044922e+02 1.9054721052e-13 6.3680676632e-14 1.2686653389e-13
2.2827148438e+02 1.9046912657e-13 6.3650345029e-14 1.2681878154e-13
2.2833251953e+02 1.9041296631e-13 6.3629091620e-14 1.2678387469e-13
2.2839355469e+02 1.9037494255e-13 6.3615716997e-14 1.2675922555e-13
2.2845458984e+02 1.9035026791e-13 6.3608601778e-14 1.2674166614e-13
2.2851562500e+02 1.9033365214e-13 6.3605854086e-14 1.2672779806e-13
2.2857666016e+02 1.9031971478e-13 6.3605487347e-14 1.2671422744e-13
2.2863769531e+02 1.9030340856e-13 6.3605610679e-14 1.2669779789e-13
2.2869873047e+02 1.9028048902e-13 6.3604565924e-14 1.2667592309e-13
2.2875976562e+02 1.9024779519e-13 6.3601049682e-14 1.2664674551e-13
2.2882080078e+02 1.9020346947e-13 6.3594204086e-14 1.2660926538e-13
2.2888183594e+02 1.9014712067e-13 6.3583660056e-14 1.2656346062e-13
2.2894287109e+02 1.9007979325e-13 6.3569536062e-14 1.2651025719e-13
2.2900390625e+02 1.9000369863e-13 6.3552372350e-14 1.2645132628e-13
2.2906494141e+02 1.8992217795e-13 6.3533072187e-14 1.2638910576e-13
2.2912597656e+02 1.8983900813e-13 6.3512732839e-14 1.2632627529e-13
2.2918701172e+02 1.8975822535e-13 6.3492575516e-14 1.2626564984e-13
2.2924804688e+02 1.8968359412e-13 6.3473760798e-14 1.2620983332e-13
2.2930908203e+02 1.8961810257e-13 6.3457254153e-14 1.2616084842e-13
2.2937011719e+02 1.8956388665e-13 6.3443765961e-14 1.2612012069e-13
2.2943115234e+02 1.8952169801e-13 6.3433597879e-14 1.2608810013e-13
2.2949218750e+02 1.8949104348e-13 6.3426662918e-14 1.2606438056e-13
2.2955322266e+02 1.8947013794e-13 6.3422453568e-14 1.2604768437e-13
2.2961425781e+02 1.8945607608e-13 6.3420109620e-14 1.2603596646e-13
2.2967529297e+02 1.8944510957e-13 6.3418464690e-14 1.2602664488e-13
2.2973632812e+02 1.8943299520e-13 6.3416160989e-14 1.2601683421e-13
2.2979736328e+02 1.8941528324e-13 6.3411736304e-14 1.2600354693e-13
2.2985839844e+02 1.8938775288e-13 6.3403768886e-14 1.2598398400e-13
2.2991943359e+02 1.8934667118e-13 6.3390949167e-14 1.2595572201e-13
2.2998046875e+02 1.8928904014e-13 6.3372170365e-14 1.2591686977e-13
2.3004150391e+02 1.8921290949e-13 6.3346641039e-14 1.2586626845e-13
2.3010253906e+02 1.8911750052e-13 6.3313939820e-14 1.2580356070e-13
2.3016357422e+02 1.8900316824e-13 6.3274030660e-14 1.2572913758e-13
2.3022460938e+02 1.8887148229e-13 6.3227297336e-14 1.2564418495e-13
2.3028564453e+02 1.8872506703e-13 6.3174519466e-14 1.2555054756e-13
2.3034667969e+02 1.8856720566e-13 6.3116758969e-14 1.2545044670e-13
2.3040771484e+02 1.8840157871e-13 6.3055263296e-14 1.2534631542e-13
2.3046875000e+02 1.8823209189e-13 6.2991445475e-14 1.2524064641e-13
2.3052978516e+02 1.8806227310e-13 6.2926645704e-14 1.2513562739e-13
2.3059082031e+02 1.8789512498e-13 6.2862077937e-14 1.2503304704e-13
2.3065185547e+02 1.8773279821e-13 6.2798725838e-14 1.2493407237e-13
2.3071289062e+02 1.8757653669e-13 6.2737304240e-14 1.2483923245e-13
2.3077392578e+02 1.8742669845e-13 6.2678256640e-14 1.2474844181e-13
2.3083496094e+02 1.8728278498e-13 6.2621757055e-14 1.2466102792e-13
2.3089599609e+02 1.8714359574e-13 6.2567783708e-14 1.2457581203e-13
2.3095703125e+02 1.8700746422e-13 6.2516189113e-14 1.2449127511e-13
2.3101806641e+02 1.8687249007e-13 6.2466754310e-14 1.2440573576e-13
2.3107910156e+02 1.8673673493e-13 6.2419273127e-14 1.2431746180e-13
2.3114013672e+02 1.8659825571e-13 6.2373508561e-14 1.2422474715e-13
2.3120117188e+02 1.8645532214e-13 6.2329276441e-14 1.2412604570e-13
2.3126220703e+02 1.8630659773e-13 6.2286437077e-14 1.2402016066e-13
2.3132324219e+02 1.8615120207e-13 6.2244888402e-14 1.2390631367e-13
2.3138427734e+02 1.8598885011e-13 6.2204546649e-14 1.2378430346e-13
2.3144531250e+02 1.8581993311e-13 6.2165356973e-14 1.2365457613e-13
2.3150634766e+02 1.8564558721e-13 6.2127276479e-14 1.2351831073e-13
2.3156738281e+02 1.8546765138e-13 6.2090283686e-14 1.2337736770e-13
2.3162841797e+02 1.8528862520e-13 6.2054368472e-14 1.2323425673e-13
2.3168945312e+02 1.8511157153e-13 6.2019558112e-14 1.2309201342e-13
2.3175048828e+02 1.8493973168e-13 6.1985845701e-14 1.2295388598e-13
2.3181152344e+02 1.8477635470e-13 6.1953194459e-14 1.2282316025e-13
2.3187255859e+02 1.8462435118e-13 6.1921558359e-14 1.2270279282e-13
2.3193359375e+02 1.8448604602e-13 6.1890835163e-14 1.2259521086e-13
2.3199462891e+02 1.8436313804e-13 6.1860934769e-14 1.2250220327e-13
2.3205566406e+02 1.8425645365e-13 6.1831770832e-14 1.2242468282e-13
2.3211669922e+02 1.8416612021e-13 6.1803325472e-14 1.2236279474e-13
2.3217773438e+02 1.8409167068e-13 6.1775690985e-14 1.2231597969e-13
2.3223876953e+02 1.8403204466e-13 6.1749035233e-14 1.2228300942e-13
2.3229980469e+02 1.8398579075e-13 6.1723626165e-14 1.2226216458e-13
2.3236083984e+02 1.8395123024e-13 6.1699835684e-14 1.2225139455e-13
2.3242187500e+02 1.8392647297e-13 6.1678053405e-14 1.2224841956e-13
2.3248291016e+02 1.8390943566e-13 6.1658629333e-14 1.2225080632e-13
2.3254394531e+02 1.8389780164e-13 6.1641794875e-14 1.2225600676e-13
2.3260498047e+02 1.8388909627e-13 6.1627643950e-14 1.2226145232e-13
2.3266601562e+02 1.8388064082e-13 6.1616038402e-14 1.2226460242e-13
2.3272705078e+02 1.8386945583e-13 6.1606550539e-14 1.2226290529e-13
2.3278808594e+02 1.8385252024e-13 6.1598502608e-14 1.2225401764e-13
2.3284912109e+02 1.8382668619e-13 6.1590913449e-14 1.2223577274e-13
2.3291015625e+02 1.8378907793e-13 6.1582611412e-14 1.2220646652e-13
2.3297119141e+02 1.8373721780e-13 6.1572291751e-14 1.2216492605e-13
2.3303222656e+02 1.8366933720e-13 6.1558625372e-14 1.2211071182e-13
2.3309326172e+02 1.8358447693e-13 6.1540357148e-14 1.2204411978e-13
2.3315429688e+02 1.8348285720e-13 6.1516483371e-14 1.2196637383e-13
2.3321533203e+02 1.8336576870e-13 6.1486313359e-14 1.2187945534e-13
2.3327636719e+02 1.8323563006e-13 6.1449593147e-14 1.2178603691e-13
2.3333740234e+02 1.8309599463e-13 6.1406606712e-14 1.2168938792e-13
2.3339843750e+02 1.8295105266e-13 6.1358074017e-14 1.2159297864e-13
2.3345947266e+02 1.8280544746e-13 6.1305188155e-14 1.2150025930e-13
2.3352050781e+02 1.8266381486e-13 6.1249502311e-14 1.2141431255e-13
2.3358154297e+02 1.8253027381e-13 6.1192732596e-14 1.2133754121e-13
2.3364257812e+02 1.8240806127e-13 6.1136621720e-14 1.2127143955e-13
2.3370361328e+02 1.8229922565e-13 6.1082775460e-14 1.2121645019e-13
2.3376464844e+02 1.8220439661e-13 6.1032520637e-14 1.2117187597e-13
2.3382568359e+02 1.8212267375e-13 6.0986724516e-14 1.2113594923e-13
2.3388671875e+02 1.8205160366e-13 6.0945737610e-14 1.2110586605e-13
2.3394775391e+02 1.8198765080e-13 6.0909444229e-14 1.2107820657e-13
2.3400878906e+02 1.8192639083e-13 6.0877234557e-14 1.2104915627e-13
2.3406982422e+02 1.8186290754e-13 6.0848078547e-14 1.2101482899e-13
2.3413085938e+02 1.8179234956e-13 6.0820710310e-14 1.2097163925e-13
2.3419189453e+02 1.8171036778e-13 6.0793735315e-14 1.2091663246e-13
2.3425292969e+02 1.8161352002e-13 6.0765791060e-14 1.2084772897e-13
2.3431396484e+02 1.8149973080e-13 6.0735738202e-14 1.2076399260e-13
2.3437500000e+02 1.8136824521e-13 6.0702724446e-14 1.2066552076e-13
2.3443603516e+02 1.8121980391e-13 6.0666274037e-14 1.2055352987e-13
2.3449707031e+02 1.8105651248e-13 6.0626333775e-14 1.2043017871e-13
2.3455810547e+02 1.8088150840e-13 6.0583191846e-14 1.2029831655e-13
2.3461914062e+02 1.8069846788e-13 6.0537379306e-14 1.2016108858e-13
2.3468017578e+02 1.8051130431e-13 6.0489536520e-14 1.2002176779e-13
2.3474121094e+02 1.8032361524e-13 6.0440283272e-14 1.1988333197e-13
2.3480224609e+02 1.8013840833e-13 6.0390101832e-14 1.1974830650e-13
2.3486328125e+02 1.7995804638e-13 6.0339294015e-14 1.1961875237e-13
2.3492431641e+02 1.7978401819e-13 6.0287944781e-14 1.1949607341e-13
2.3498535156e+02 1.7961729863e-13 6.0235991187e-14 1.1938130744e-13
2.3504638672e+02 1.7945846389e-13 6.0183325884e-14 1.1927513801e-13
2.3510742188e+02 1.7930810242e-13 6.0129950243e-14 1.1917815218e-13
2.3516845703e+02 1.7916696554e-13 6.0076065689e-14 1.1909089986e-13
2.3522949219e+02 1.7903615142e-13 6.0022149077e-14 1.1901400235e-13
2.3529052734e+02 1.7891702991e-13 5.9968969383e-14 1.1894806053e-13
2.3535156250e+02 1.7881128988e-13 5.9917589451e-14 1.1889370043e-13
2.3541259766e+02 1.7872057769e-13 5.9869231926e-14 1.1885134576e-13
2.3547363281e+02 1.7864600911e-13 5.9825066583e-14 1.1882094253e-13
2.3553466797e+02 1.7858808312e-13 5.9786131194e-14 1.1880195193e-13
2.3559570312e+02 1.7854630209e-13 5.9753141592e-14 1.1879316050e-13
2.3565673828e+02 1.7851905701e-13 5.9726389986e-14 1.1879266702e-13
2.3571777344e+02 1.7850349908e-13 5.9705626742e-14 1.1879787233e-13
2.3577880859e+02 1.7849581328e-13 5.9690119620e-14 1.1880569366e-13
2.3583984375e+02 1.7849150056e-13 5.9678738212e-14 1.1881276235e-13
2.3590087891e+02 1.7848570378e-13 5.9670063933e-14 1.1881563984e-13
2.3596191406e+02 1.7847371282e-13 5.9662528178e-14 1.1881118464e-13
2.3602294922e+02 1.7845137620e-13 5.9654588803e-14 1.1879678740e-13
2.3608398438e+02 1.7841557761e-13 5.9644906147e-14 1.1877067146e-13
2.3614501953e+02 1.7836448816e-13 5.9632465388e-14 1.1873202277e-13
2.3620605469e+02 1.7829787312e-13 5.9616695268e-14 1.1868117785e-13
2.3626708984e+02 1.7821698036e-13 5.9597448328e-14 1.1861953203e-13
2.3632812500e+02 1.7812455053e-13 5.9575061519e-14 1.1854948901e-13
2.3638916016e+02 1.7802449045e-13 5.9550266550e-14 1.1847422390e-13
2.3645019531e+02 1.7792138736e-13 5.9524058563e-14 1.1839732879e-13
2.3651123047e+02 1.7782006577e-13 5.9497602593e-14 1.1832246317e-13
2.3657226562e+02 1.7772499346e-13 5.9472069691e-14 1.1825292377e-13
2.3663330078e+02 1.7763988931e-13 5.9448509346e-14 1.1819137996e-13
2.3669433594e+02 1.7756725583e-13 5.9427756857e-14 1.1813949897e-13
2.3675537109e+02 1.7750817826e-13 5.9410335007e-14 1.1809784325e-13
2.3681640625e+02 1.7746219305e-13 5.9396391692e-14 1.1806580136e-13
2.3687744141e+02 1.7742750778e-13 5.9385751967e-14 1.1804175581e-13
2.3693847656e+02 1.7740113698e-13 5.9377921772e-14 1.1802321520e-13
2.3699951172e+02 1.7737932816e-13 5.9372159029e-14 1.1800716913e-13
2.3706054688e+02 1.7735781849e-13 5.9367500752e-14 1.1799031774e-13
2.3712158203e+02 1.7733246771e-13 5.9362926536e-14 1.1796954118e-13
2.3718261719e+02 1.7729948341e-13 5.9357384082e-14 1.1794209933e-13
2.3724365234e+02 1.7725572710e-13 5.9349856556e-14 1.1790587054e-13
2.3730468750e+02 1.7719895618e-13 5.9339456205e-14 1.1785949997e-13
2.3736572266e+02 1.7712800580e-13 5.9325502405e-14 1.1780250340e-13
2.3742675781e+02 1.7704287380e-13 5.9307577895e-14 1.1773529590e-13
2.3748779297e+02 1.7694475320e-13 5.9285593099e-14 1.1765916010e-13
2.3754882812e+02 1.7683575460e-13 5.9259782197e-14 1.1757597241e-13
2.3760986328e+02 1.7671879759e-13 5.9230683774e-14 1.1748811382e-13
2.3767089844e+02 1.7659730504e-13 5.9199100045e-14 1.1739820500e-13
2.3773193359e+02 1.7647485502e-13 5.9166000487e-14 1.1730885454e-13
2.3779296875e+02 1.7635474648e-13 5.9132402744e-14 1.1722234374e-13
2.3785400391e+02 1.7623968164e-13 5.9099228519e-14 1.1714045312e-13
2.3791503906e+02 1.7613134356e-13 5.9067158776e-14 1.1706418479e-13
2.3797607422e+02 1.7603026466e-13 5.9036551426e-14 1.1699371323e-13
2.3803710938e+02 1.7593586458e-13 5.9007403893e-14 1.1692846069e-13
2.3809814453e+02 1.7584644561e-13 5.8979337015e-14 1.1686710860e-13
2.3815917969e+02 1.7575949249e-13 5.8951668988e-14 1.1680782351e-13
2.3822021484e+02 1.7567208692e-13 5.8923528754e-14 1.1674855817e-13
2.3828125000e+02 1.7558139740e-13 5.8894019996e-14 1.1668737740e-13
2.3834228516e+02 1.7548497029e-13 5.8862351322e-14 1.1662261897e-13
2.3840332031e+02 1.7538109720e-13 5.8827924982e-14 1.1655317222e-13
2.3846435547e+02 1.7526909904e-13 5.8790465378e-14 1.1647863366e-13
2.3852539062e+02 1.7514921759e-13 5.8749982830e-14 1.1639923476e-13
2.3858642578e+02 1.7502272184e-13 5.8706821647e-14 1.1631590020e-13
2.3864746094e+02 1.7489151471e-13 5.8661533915e-14 1.1622998080e-13
2.3870849609e+02 1.7475794283e-13 5.8614822405e-14 1.1614312043e-13
2.3876953125e+02 1.7462473881e-13 5.8567526507e-14 1.1605721231e-13
2.3883056641e+02 1.7449473371e-13 5.8520554375e-14 1.1597417933e-13
2.3889160156e+02 1.7437069038e-13 5.8474838950e-14 1.1589585143e-13
2.3895263672e+02 1.7425528102e-13 5.8431312773e-14 1.1582396825e-13
2.3901367188e+02 1.7415103556e-13 5.8390937981e-14 1.1576009758e-13
2.3907470703e+02 1.7406024859e-13 5.8354680620e-14 1.1570556797e-13
2.3913574219e+02 1.7398478092e-13 5.8323442609e-14 1.1566133831e-13
2.3919677734e+02 1.7392591453e-13 5.8297988176e-14 1.1562792635e-13
2.3925781250e+02 1.7388405588e-13 5.8278855013e-14 1.1560520087e-13
2.3931884766e+02 1.7385844395e-13 5.8266219699e-14 1.1559222425e-13
2.3937988281e+02 1.7384703035e-13 5.8259824386e-14 1.1558720596e-13
2.3944091797e+02 1.7384639648e-13 5.8258899168e-14 1.1558749731e-13
2.3950195312e+02 1.7385180953e-13 5.8262159577e-14 1.1558964995e-13
2.3956298828e+02 1.7385753805e-13 5.8267863552e-14 1.1558967450e-13
2.3962402344e+02 1.7385760490e-13 5.8274026594e-14 1.1558357831e-13
2.3968505859e+02 1.7384631257e-13 5.8278586377e-14 1.1556772620e-13
2.3974609375e+02 1.7381882620e-13 5.8279612619e-14 1.1553921359e-13
2.3980712891e+02 1.7377194918e-13 5.8275556063e-14 1.1549639312e-13
2.3986816406e+02 1.7370450585e-13 5.8265421854e-14 1.1543908400e-13
2.3992919922e+02 1.7361736379e-13 5.8248860714e-14 1.1536850308e-13
2.3999023438e+02 1.7351326475e-13 5.8226147717e-14 1.1528711703e-13
2.4005126953e+02 1.7339649302e-13 5.8198120690e-14 1.1519837233e-13
2.4011230469e+02 1.7327212212e-13 5.8165985480e-14 1.1510613664e-13
2.4017333984e+02 1.7314527112e-13 5.8131124075e-14 1.1501414705e-13
2.4023437500e+02 1.7302025980e-13 5.8094785918e-14 1.1492547389e-13
2.4029541016e+02 1.7290028027e-13 5.8057998214e-14 1.1484228206e-13
2.4035644531e+02 1.7278712555e-13 5.8021437010e-14 1.1476568854e-13
2.4041748047e+02 1.7268113750e-13 5.7985358583e-14 1.1469577892e-13
2.4047851562e+02 1.7258136979e-13 5.7949633255e-14 1.1463173654e-13
2.4053955078e+02 1.7248616726e-13 5.7913888095e-14 1.1457227917e-13
2.4060058594e+02 1.7239374181e-13 5.7877661629e-14 1.1451608018e-13
2.4066162109e+02 1.7230258935e-13 5.7840543895e-14 1.1446204546e-13
2.4072265625e+02 1.7221196959e-13 5.7802337231e-14 1.1440963235e-13
2.4078369141e+02 1.7212202417e-13 5.7763111483e-14 1.1435891269e-13
2.4084472656e+02 1.7203377655e-13 5.7723240155e-14 1.1431053640e-13
2.4090576172e+02 1.7194883394e-13 5.7683330498e-14 1.1426550344e-13
2.4096679688e+02 1.7186905236e-13 5.7644157949e-14 1.1422489441e-13
2.4102783203e+02 1.7179613772e-13 5.7606561013e-14 1.1418957671e-13
2.4108886719e+02 1.7173101657e-13 5.7571256885e-14 1.1415975969e-13
2.4114990234e+02 1.7167369007e-13 5.7538762677e-14 1.1413492739e-13
2.4121093750e+02 1.7162304037e-13 5.7509314865e-14 1.1411372551e-13
2.4127197266e+02 1.7157677221e-13 5.7482804188e-14 1.1409396802e-13
2.4133300781e+02 1.7153160999e-13 5.7458767495e-14 1.1407284249e-13
2.4139404297e+02 1.7148383113e-13 5.7436483096e-14 1.1404734803e-13
2.4145507812e+02 1.7142958505e-13 5.7415002938e-14 1.1401458211e-13
2.4151611328e+02 1.7136544203e-13 5.7393277448e-14 1.1397216458e-13
2.4157714844e+02 1.7128867796e-13 5.7370209732e-14 1.1391846823e-13
2.4163818359e+02 1.7119788023e-13 5.7344875236e-14 1.1385300500e-13
2.4169921875e+02 1.7109290365e-13 5.7316525845e-14 1.1377637781e-13
2.4176025391e+02 1.7097492766e-13 5.7284713866e-14 1.1369021380e-13
2.4182128906e+02 1.7084646846e-13 5.7249395484e-14 1.1359707298e-13
2.4188232422e+02 1.7071075108e-13 5.7210805509e-14 1.1349994557e-13
2.4194335938e+02 1.7057156314e-13 5.7169541123e-14 1.1340202202e-13
2.4200439453e+02 1.7043284322e-13 5.7126496256e-14 1.1330634696e-13
2.4206542969e+02 1.7029821984e-13 5.7082750730e-14 1.1321546911e-13
2.4212646484e+02 1.7017072624e-13 5.7039468034e-14 1.1313125820e-13
2.4218750000e+02 1.7005271627e-13 5.6997830893e-14 1.1305488538e-13
2.4224853516e+02 1.6994555754e-13 5.6958880123e-14 1.1298667741e-13
2.4230957031e+02 1.6984977507e-13 5.6923472956e-14 1.1292630212e-13
2.4237060547e+02 1.6976512223e-13 5.6892194407e-14 1.1287292783e-13
2.4243164062e+02 1.6969075209e-13 5.6865323646e-14 1.1282542844e-13
2.4249267578e+02 1.6962520501e-13 5.6842789824e-14 1.1278241519e-13
2.4255371094e+02 1.6956656291e-13 5.6824164500e-14 1.1274239841e-13
2.4261474609e+02 1.6951269567e-13 5.6808758304e-14 1.1270393737e-13
2.4267578125e+02 1.6946121721e-13 5.6795602670e-14 1.1266561454e-13
2.4273681641e+02 1.6940975995e-13 5.6783609359e-14 1.1262615059e-13
2.4279785156e+02 1.6935601625e-13 5.6771613872e-14 1.1258440237e-13
2.4285888672e+02 1.6929816505e-13 5.6758588307e-14 1.1253957674e-13
2.4291992188e+02 1.6923483416e-13 5.6743694829e-14 1.1249113933e-13
2.4298095703e+02 1.6916520519e-13 5.6726366037e-14 1.1243883915e-13
2.4304199219e+02 1.6908926826e-13 5.6706363957e-14 1.1238290430e-13
2.4310302734e+02 1.6900771602e-13 5.6683794317e-14 1.1232392170e-13
2.4316406250e+02 1.6892163287e-13 5.6659009782e-14 1.1226262309e-13
2.4322509766e+02 1.6883227077e-13 5.6632497701e-14 1.1219977307e-13
2.4328613281e+02 1.6874079183e-13 5.6604763979e-14 1.1213602785e-13
2.4334716797e+02 1.6864805443e-13 5.6576266918e-14 1.1207178751e-13
2.4340820312e+02 1.6855424172e-13 5.6547234723e-14 1.1200700700e-13
2.4346923828e+02 1.6845876356e-13 5.6517630279e-14 1.1194113329e-13
2.4353027344e+02 1.6836046443e-13 5.6487208838e-14 1.1187325560e-13
2.4359130859e+02 1.6825787711e-13 5.6455574246e-14 1.1180230287e-13
2.4365234375e+02 1.6814948777e-13 5.6422255946e-14 1.1172723182e-13
2.4371337891e+02 1.6803419493e-13 5.6386856264e-14 1.1164733866e-13
2.4377441406e+02 1.6791165312e-13 5.6349176139e-14 1.1156247698e-13
2.4383544922e+02 1.6778240453e-13 5.6309260849e-14 1.1147314368e-13
2.4389648438e+02 1.6764806523e-13 5.6267450730e-14 1.1138061450e-13
2.4395751953e+02 1.6751103986e-13 5.6224294537e-14 1.1128674533e-13
2.4401855469e+02 1.6737434138e-13 5.6180526379e-14 1.1119381501e-13
2.4407958984e+02 1.6724127307e-13 5.6136951595e-14 1.1110432147e-13
2.4414062500e+02 1.6711491445e-13 5.6094312882e-14 1.1102060157e-13
2.4420166016e+02 1.6699784145e-13 5.6053212958e-14 1.1094462850e-13
2.4426269531e+02 1.6689178409e-13 5.6014014649e-14 1.1087776945e-13
2.4432373047e+02 1.6679750155e-13 5.5976798734e-14 1.1082070282e-13
2.4438476562e+02 1.6671478842e-13 5.5941401175e-14 1.1077338724e-13
2.4444580078e+02 1.6664242836e-13 5.5907411902e-14 1.1073501646e-13
2.4450683594e+02 1.6657826193e-13 5.5874216948e-14 1.1070404498e-13
2.4456787109e+02 1.6651948799e-13 5.5841102416e-14 1.1067838557e-13
2.4462890625e+02 1.6646283430e-13 5.5807332690e-14 1.1065550161e-13
2.4468994141e+02 1.6640456706e-13 5.5772138710e-14 1.1063242835e-13
2.4475097656e+02 1.6634081065e-13 5.5734823318e-14 1.1060598734e-13
2.4481201172e+02 1.6626779304e-13 5.5694827980e-14 1.1057296506e-13
2.4487304688e+02 1.6618202684e-13 5.5651717723e-14 1.1053030911e-13
2.4493408203e+02 1.6608063000e-13 5.5605256225e-14 1.1047537378e-13
2.4499511719e+02 1.6596177898e-13 5.5555533601e-14 1.1040624538e-13
2.4505615234e+02 1.6582474337e-13 5.5502879082e-14 1.1032186429e-13
2.4511718750e+02 1.6567024803e-13 5.5447943662e-14 1.1022230437e-13
2.4517822266e+02 1.6550047266e-13 5.5391676629e-14 1.1010879603e-13
2.4523925781e+02 1.6531897683e-13 5.5335279661e-14 1.0998369717e-13
2.4530029297e+02 1.6513052433e-13 5.5280132644e-14 1.0985039169e-13
2.4536132812e+02 1.6494077046e-13 5.5227708952e-14 1.0971306150e-13
2.4542236328e+02 1.6475555375e-13 5.5179406597e-14 1.0957614716e-13
2.4548339844e+02 1.6458049970e-13 5.5136423562e-14 1.0944407614e-13
2.4554443359e+02 1.6442042911e-13 5.5099632096e-14 1.0932079702e-13
2.4560546875e+02 1.6427907375e-13 5.5069501922e-14 1.0920957183e-13
2.4566650391e+02 1.6415877686e-13 5.5046080832e-14 1.0911269603e-13
2.4572753906e+02 1.6406034855e-13 5.5028946803e-14 1.0903140175e-13
2.4578857422e+02 1.6398321282e-13 5.5017324724e-14 1.0896588810e-13
2.4584960938e+02 1.6392558853e-13 5.5010133657e-14 1.0891545487e-13
2.4591064453e+02 1.6388503524e-13 5.5006204508e-14 1.0887883073e-13
2.4597167969e+02 1.6385865351e-13 5.5004341111e-14 1.0885431240e-13
2.4603271484e+02 1.6384358800e-13 5.5003498050e-14 1.0884008995e-13
2.4609375000e+02 1.6383714294e-13 5.5002827282e-14 1.0883431566e-13
2.4615478516e+02 1.6383692383e-13 5.5001720631e-14 1.0883520319e-13
2.4621582031e+02 1.6384090970e-13 5.4999791664e-14 1.0884111804e-13
2.4627685547e+02 1.6384730344e-13 5.4996852662e-14 1.0885045078e-13
2.4633789062e+02 1.6385446188e-13 5.4992826570e-14 1.0886163532e-13
2.4639892578e+02 1.6386057822e-13 5.4987637183e-14 1.0887294104e-13
2.4645996094e+02 1.6386360190e-13 5.4981145906e-14 1.0888245599e-13
2.4652099609e+02 1.6386130247e-13 5.4973142584e-14 1.0888815989e-13
2.4658203125e+02 1.6385118464e-13 5.4963262261e-14 1.0888792238e-13
2.4664306641e+02 1.6383081667e-13 5.4951059958e-14 1.0887975672e-13
2.4670410156e+02 1.6379799892e-13 5.4936053623e-14 1.0886194530e-13
2.4676513672e+02 1.6375105377e-13 5.4917812832e-14 1.0883324094e-13
2.4682617188e+02 1.6368915391e-13 5.4896054341e-14 1.0879309957e-13
2.4688720703e+02 1.6361252141e-13 5.4870718052e-14 1.0874180336e-13
2.4694824219e+02 1.6352248438e-13 5.4842033458e-14 1.0868045092e-13
2.4700927734e+02 1.6342142505e-13 5.4810534748e-14 1.0861089030e-13
2.4707031250e+02 1.6331267715e-13 5.4777103858e-14 1.0853557329e-13
2.4713134766e+02 1.6320020858e-13 5.4742854425e-14 1.0845735415e-13
2.4719238281e+02 1.6308809891e-13 5.4709016854e-14 1.0837908205e-13
2.4725341797e+02 1.6298023026e-13 5.4676836204e-14 1.0830339405e-13
2.4731445312e+02 1.6288006398e-13 5.4647489600e-14 1.0823257438e-13
2.4737548828e+02 1.6279020246e-13 5.4621922169e-14 1.0816828029e-13
2.4743652344e+02 1.6271230525e-13 5.4600762421e-14 1.0811154283e-13
2.4749755859e+02 1.6264703335e-13 5.4584261041e-14 1.0806277230e-13
2.4755859375e+02 1.6259400109e-13 5.4572227586e-14 1.0802177350e-13
2.4761962891e+02 1.6255201024e-13 5.4564081707e-14 1.0798792853e-13
2.4768066406e+02 1.6251915677e-13 5.4558896740e-14 1.0796026003e-13
2.4774169922e+02 1.6249282035e-13 5.4555416891e-14 1.0793740346e-13
2.4780273438e+02 1.6247008441e-13 5.4552229109e-14 1.0791785530e-13
2.4786376953e+02 1.6244758988e-13 5.4547764635e-14 1.0789982525e-13
2.4792480469e+02 1.6242173301e-13 5.4540437663e-14 1.0788129535e-13
2.4798583984e+02 1.6238877608e-13 5.4528724747e-14 1.0786005133e-13
2.4804687500e+02 1.6234497324e-13 5.4511243895e-14 1.0783372935e-13
2.4810791016e+02 1.6228680692e-13 5.4486838941e-14 1.0779996798e-13
2.4816894531e+02 1.6221142364e-13 5.4454736058e-14 1.0775668758e-13
2.4822998047e+02 1.6211679248e-13 5.4414576960e-14 1.0770221552e-13
2.4829101562e+02 1.6200212506e-13 5.4366500168e-14 1.0763562490e-13
2.4835205078e+02 1.6186812476e-13 5.4311205391e-14 1.0755691937e-13
2.4841308594e+02 1.6171710195e-13 5.4249945360e-14 1.0746715659e-13
2.4847412109e+02 1.6155280857e-13 5.4184432280e-14 1.0736837629e-13
2.4853515625e+02 1.6138027376e-13 5.4116760889e-14 1.0726351287e-13
2.4859619141e+02 1.6120532964e-13 5.4049244755e-14 1.0715608488e-13
2.4865722656e+02 1.6103399648e-13 5.3984168044e-14 1.0704982843e-13
2.4871826172e+02 1.6087193293e-13 5.3923629275e-14 1.0694830365e-13
2.4877929688e+02 1.6072390993e-13 5.3869333199e-14 1.0685457673e-13
2.4884033203e+02 1.6059330163e-13 5.3822421227e-14 1.0677088041e-13
2.4890136719e+02 1.6048198989e-13 5.3783424459e-14 1.0669856544e-13
2.4896240234e+02 1.6039022367e-13 5.3752214998e-14 1.0663800867e-13
2.4902343750e+02 1.6031672200e-13 5.3728038672e-14 1.0658868332e-13
2.4908447266e+02 1.6025919375e-13 5.3709705757e-14 1.0654948800e-13
2.4914550781e+02 1.6021452534e-13 5.3695661535e-14 1.0651886380e-13
2.4920654297e+02 1.6017935063e-13 5.3684244928e-14 1.0649510570e-13
2.4926757812e+02 1.6015025389e-13 5.3673807374e-14 1.0647644651e-13
2.4932861328e+02 1.6012414907e-13 5.3662908798e-14 1.0646124027e-13
2.4938964844e+02 1.6009859035e-13 5.3650439680e-14 1.0644815067e-13
2.4945068359e+02 1.6007174778e-13 5.3635694801e-14 1.0643605298e-13
2.4951171875e+02 1.6004250773e-13 5.3618416128e-14 1.0642409160e-13
2.4957275391e+02 1.6001041121e-13 5.3598761218e-14 1.0641164999e-13
2.4963378906e+02 1.5997555355e-13 5.3577242961e-14 1.0639831059e-13
2.4969482422e+02 1.5993856289e-13 5.3554685386e-14 1.0638387750e-13
2.4975585938e+02 1.5990023123e-13 5.3532008179e-14 1.0636822305e-13
2.4981689453e+02 1.5986152839e-13 5.3510157098e-14 1.0635137129e-13
2.4987792969e+02 1.5982331335e-13 5.3489929919e-14 1.0633338343e-13
2.4993896484e+02 1.5978625517e-13 5.3471905714e-14 1.0631434946e-13
2.5000000000e+02 1.5975065624e-13 5.3456360564e-14 1.0629429567e-13
2.5006103516e+02 1.5971644848e-13 5.3443265246e-14 1.0627318323e-13
2.5012207031e+02 1.5968315291e-13 5.3432318847e-14 1.0625083407e-13
2.5018310547e+02 1.5964995876e-13 5.3423007343e-14 1.0622695141e-13
2.5024414062e+02 1.5961563566e-13 5.3414649997e-14 1.0620098566e-13
2.5030517578e+02 1.5957877740e-13 5.3406543432e-14 1.0617223397e-13
2.5036621094e+02 1.5953783099e-13 5.3398006552e-14 1.0613982444e-13
2.5042724609e+02 1.5949096718e-13 5.3388360595e-14 1.0610260658e-13
2.5048828125e+02 1.5943619889e-13 5.3376997089e-14 1.0605920180e-13
2.5054931641e+02 1.5937154023e-13 5.3363385552e-14 1.0600815468e-13
2.5061035156e+02 1.5929510161e-13 5.3347042216e-14 1.0594805940e-13
2.5067138672e+02 1.5920512607e-13 5.3327540929e-14 1.0587758514e-13
2.5073242188e+02 1.5910013684e-13 5.3304475293e-14 1.0579566155e-13
2.5079345703e+02 1.5897922850e-13 5.3277515569e-14 1.0570171293e-13
2.5085449219e+02 1.5884235581e-13 5.3246450293e-14 1.0559590552e-13
2.5091552734e+02 1.5869028934e-13 5.3211198397e-14 1.0547909095e-13
2.5097656250e+02 1.5852481218e-13 5.3171881180e-14 1.0535293100e-13
2.5103759766e+02 1.5834884296e-13 5.3128872230e-14 1.0521997073e-13
2.5109863281e+02 1.5816619398e-13 5.3082776865e-14 1.0508341712e-13
2.5115966797e+02 1.5798137449e-13 5.3034436348e-14 1.0494693814e-13
2.5122070312e+02 1.5779925466e-13 5.2984857066e-14 1.0481439760e-13
2.5128173828e+02 1.5762463889e-13 5.2935130383e-14 1.0468950851e-13
2.5134277344e+02 1.5746198104e-13 5.2886390101e-14 1.0457559094e-13
2.5140380859e+02 1.5731499122e-13 5.2839702712e-14 1.0447528851e-13
2.5146484375e+02 1.5718631735e-13 5.2795971776e-14 1.0439034557e-13
2.5152587891e+02 1.5707747831e-13 5.2755904284e-14 1.0432157403e-13
2.5158691406e+02 1.5698891738e-13 5.2720012149e-14 1.0426890523e-13
2.5164794922e+02 1.5691986071e-13 5.2688502046e-14 1.0423135866e-13
2.5170898438e+02 1.5686854639e-13 5.2661335925e-14 1.0420721046e-13
2.5177001953e+02 1.5683245484e-13 5.2638254546e-14 1.0419420029e-13
2.5183105469e+02 1.5680849425e-13 5.2618782880e-14 1.0418971137e-13
2.5189208984e+02 1.5679323282e-13 5.2602291468e-14 1.0419094135e-13
2.5195312500e+02 1.5678312992e-13 5.2588076983e-14 1.0419505294e-13
2.5201416016e+02 1.5677474523e-13 5.2575378472e-14 1.0419936676e-13
2.5207519531e+02 1.5676489564e-13 5.2563442198e-14 1.0420145344e-13
2.5213623047e+02 1.5675091706e-13 5.2551607429e-14 1.0419930963e-13
2.5219726562e+02 1.5673067146e-13 5.2539290473e-14 1.0419138098e-13
2.5225830078e+02 1.5670276121e-13 5.2526039729e-14 1.0417672148e-13
2.5231933594e+02 1.5666646886e-13 5.2511520410e-14 1.0415494845e-13
2.5238037109e+02 1.5662185207e-13 5.2495546054e-14 1.0412630602e-13
2.5244140625e+02 1.5656969586e-13 5.2478073943e-14 1.0409162192e-13
2.5250244141e+02 1.5651135903e-13 5.2459190015e-14 1.0405216901e-13
2.5256347656e+02 1.5644871883e-13 5.2439126983e-14 1.0400959185e-13
2.5262451172e+02 1.5638403582e-13 5.2418261931e-14 1.0396577389e-13
2.5268554688e+02 1.5631960073e-13 5.2397049503e-14 1.0392255123e-13
2.5274658203e+02 1.5625766769e-13 5.2376035576e-14 1.0388163211e-13
2.5280761719e+02 1.5620012433e-13 5.2355769156e-14 1.0384435517e-13
2.5286865234e+02 1.5614844600e-13 5.2336800037e-14 1.0381164596e-13
2.5292968750e+02 1.5610341497e-13 5.2319545379e-14 1.0378386959e-13
2.5299072266e+02 1.5606500899e-13 5.2304244856e-14 1.0376076413e-13
2.5305175781e+02 1.5603227618e-13 5.2290874566e-14 1.0374140162e-13
2.5311279297e+02 1.5600348286e-13 5.2279131554e-14 1.0372435131e-13
2.5317382812e+02 1.5597608767e-13 5.2268406309e-14 1.0370768136e-13
2.5323486328e+02 1.5594688152e-13 5.2257816232e-14 1.0368906529e-13
2.5329589844e+02 1.5591222521e-13 5.2246267414e-14 1.0366595780e-13
2.5335693359e+02 1.5586846465e-13 5.2232625540e-14 1.0363583911e-13
2.5341796875e+02 1.5581215249e-13 5.2215780586e-14 1.0359637191e-13
2.5347900391e+02 1.5574050283e-13 5.2194837324e-14 1.0354566551e-13
2.5354003906e+02 1.5565168580e-13 5.2169228718e-14 1.0348245708e-13
2.5360107422e+02 1.5554506493e-13 5.2138792388e-14 1.0340627254e-13
2.5366210938e+02 1.5542116940e-13 5.2103770094e-14 1.0331739930e-13
2.5372314453e+02 1.5528184904e-13 5.2064840273e-14 1.0321700877e-13
2.5378417969e+02 1.5513012323e-13 5.2023028876e-14 1.0310709435e-13
2.5384521484e+02 1.5496982634e-13 5.1979580503e-14 1.0299024584e-13
2.5390625000e+02 1.5480527007e-13 5.1935826840e-14 1.0286944323e-13
2.5396728516e+02 1.5464101065e-13 5.1893105399e-14 1.0274790525e-13
2.5402832031e+02 1.5448137443e-13 5.1852574449e-14 1.0262879998e-13
2.5408935547e+02 1.5433015175e-13 5.1815104753e-14 1.0251504700e-13
2.5415039062e+02 1.5419028697e-13 5.1781232660e-14 1.0240905431e-13
2.5421142578e+02 1.5406373190e-13 5.1751130318e-14 1.0231260158e-13
2.5427246094e+02 1.5395133457e-13 5.1724563037e-14 1.0222677154e-13
2.5433349609e+02 1.5385289499e-13 5.1700996041e-14 1.0215189895e-13
2.5439453125e+02 1.5376739396e-13 5.1679693888e-14 1.0208770007e-13
2.5445556641e+02 1.5369320855e-13 5.1659809674e-14 1.0203339888e-13
2.5451660156e+02 1.5362844954e-13 5.1640561752e-14 1.0198788779e-13
2.5457763672e+02 1.5357134614e-13 5.1621346153e-14 1.0194999999e-13
2.5463867188e+02 1.5352049155e-13 5.1601860302e-14 1.0191863125e-13
2.5469970703e+02 1.5347520165e-13 5.1582190116e-14 1.0189301154e-13
2.5476074219e+02 1.5343567174e-13 5.1562868981e-14 1.0187280276e-13
2.5482177734e+02 1.5340274921e-13 5.1544745985e-14 1.0185800323e-13
2.5488281250e+02 1.5337778550e-13 5.1528899867e-14 1.0184888563e-13
2.5494384766e+02 1.5336226780e-13 5.1516447816e-14 1.0184581999e-13
2.5500488281e+02 1.5335732539e-13 5.1508327713e-14 1.0184899768e-13
2.5506591797e+02 1.5336334665e-13 5.1505109422e-14 1.0185823723e-13
2.5512695312e+02 1.5337947180e-13 5.1506790467e-14 1.0187268134e-13
2.5518798828e+02 1.5340347613e-13 5.1512714511e-14 1.0189076161e-13
2.5524902344e+02 1.5343174879e-13 5.1521553420e-14 1.0191019537e-13
2.5531005859e+02 1.5345947486e-13 5.1531406755e-14 1.0192806810e-13
2.5537109375e+02 1.5348125989e-13 5.1540045444e-14 1.0194121445e-13
2.5543212891e+02 1.5349158553e-13 5.1545112603e-14 1.0194647293e-13
2.5549316406e+02 1.5348540112e-13 5.1544398134e-14 1.0194100299e-13
2.5555419922e+02 1.5345869181e-13 5.1536089117e-14 1.0192260269e-13
2.5561523438e+02 1.5340910350e-13 5.1519029722e-14 1.0189007378e-13
2.5567626953e+02 1.5333602294e-13 5.1492791783e-14 1.0184323116e-13
2.5573730469e+02 1.5324065705e-13 5.1457717833e-14 1.0178293922e-13
2.5579833984e+02 1.5312594507e-13 5.1414882203e-14 1.0171106287e-13
2.5585937500e+02 1.5299599851e-13 5.1365894476e-14 1.0163010404e-13
2.5592041016e+02 1.5285575063e-13 5.1312729217e-14 1.0154302141e-13
2.5598144531e+02 1.5271034633e-13 5.1257490339e-14 1.0145285599e-13
2.5604248047e+02 1.5256469562e-13 5.1202209420e-14 1.0136248620e-13
2.5610351562e+02 1.5242307960e-13 5.1148670743e-14 1.0127440886e-13
2.5616455078e+02 1.5228870736e-13 5.1098238598e-14 1.0119046876e-13
2.5622558594e+02 1.5216358650e-13 5.1051788814e-14 1.0111179769e-13
2.5628662109e+02 1.5204844406e-13 5.1009656762e-14 1.0103878730e-13
2.5634765625e+02 1.5194302053e-13 5.0971701506e-14 1.0097131902e-13
2.5640869141e+02 1.5184605605e-13 5.0937336013e-14 1.0090872003e-13
2.5646972656e+02 1.5175559151e-13 5.0905614361e-14 1.0084997715e-13
2.5653076172e+02 1.5166929962e-13 5.0875363417e-14 1.0079393620e-13
2.5659179688e+02 1.5158456167e-13 5.0845254648e-14 1.0073930703e-13
2.5665283203e+02 1.5149892282e-13 5.0814005607e-14 1.0068491721e-13
2.5671386719e+02 1.5141028052e-13 5.0780493003e-14 1.0062978751e-13
2.5677490234e+02 1.5131704070e-13 5.0743915709e-14 1.0057312499e-13
2.5683593750e+02 1.5121822724e-13 5.0703879342e-14 1.0051434790e-13
2.5689697266e+02 1.5111367005e-13 5.0660487834e-14 1.0045318222e-13
2.5695800781e+02 1.5100397990e-13 5.0614382134e-14 1.0038959777e-13
2.5701904297e+02 1.5089063795e-13 5.0566730047e-14 1.0032390790e-13
2.5708007812e+02 1.5077569241e-13 5.0519086580e-14 1.0025660583e-13
2.5714111328e+02 1.5066173279e-13 5.0473290905e-14 1.0018844189e-13
2.5720214844e+02 1.5055157023e-13 5.0431261853e-14 1.0012030838e-13
2.5726318359e+02 1.5044803486e-13 5.0394790703e-14 1.0005324416e-13
2.5732421875e+02 1.5035372764e-13 5.0365357267e-14 9.9988370373e-14
2.5738525391e+02 1.5027071237e-13 5.0343950924e-14 9.9926761449e-14
2.5744628906e+02 1.5020031857e-13 5.0330930828e-14 9.9869387740e-14
2.5750732422e+02 1.5014305930e-13 5.0326026191e-14 9.9817033106e-14
2.5756835938e+02 1.5009857434e-13 5.0328350134e-14 9.9770224210e-14
2.5762939453e+02 1.5006577951e-13 5.0336521119e-14 9.9729258390e-14
2.5769042969e+02 1.5004295762e-13 5.0348825128e-14 9.9694132492e-14
2.5775146484e+02 1.5002784524e-13 5.0363348660e-14 9.9664496579e-14
2.5781250000e+02 1.5001797449e-13 5.0378229871e-14 9.9639744621e-14
2.5787353516e+02 1.5001073156e-13 5.0391797790e-14 9.9618933771e-14
2.5793457031e+02 1.5000362493e-13 5.0402707586e-14 9.9600917340e-14
2.5799560547e+02 1.4999439317e-13 5.0410016549e-14 9.9584376619e-14
2.5805664062e+02 1.4998111398e-13 5.0413216722e-14 9.9567897260e-14
2.5811767578e+02 1.4996230961e-13 5.0412211312e-14 9.9550098297e-14
2.5817871094e+02 1.4993692329e-13 5.0407247498e-14 9.9529675792e-14
2.5823974609e+02 1.4990432785e-13 5.0398787145e-14 9.9505540706e-14
2.5830078125e+02 1.4986430447e-13 5.0387421192e-14 9.9476883276e-14
2.5836181641e+02 1.4981689413e-13 5.0373733384e-14 9.9443160748e-14
2.5842285156e+02 1.4976235502e-13 5.0358214686e-14 9.9404140336e-14
2.5848388672e+02 1.4970099295e-13 5.0341182124e-14 9.9359810824e-14
2.5854492188e+02 1.4963326878e-13 5.0322807580e-14 9.9310461203e-14
2.5860595703e+02 1.4955966167e-13 5.0303104506e-14 9.9256557160e-14
2.5866699219e+02 1.4948081093e-13 5.0282009847e-14 9.9198801086e-14
2.5872802734e+02 1.4939747751e-13 5.0259430837e-14 9.9138046672e-14
2.5878906250e+02 1.4931067950e-13 5.0235334732e-14 9.9075344764e-14
2.5885009766e+02 1.4922181746e-13 5.0209845333e-14 9.9011972132e-14
2.5891113281e+02 1.4913262256e-13 5.0183272268e-14 9.8949350294e-14
2.5897216797e+02 1.4904524182e-13 5.0156133202e-14 9.8889108614e-14
2.5903320312e+02 1.4896203662e-13 5.0129121790e-14 9.8832914832e-14
2.5909423828e+02 1.4888540456e-13 5.0103049056e-14 9.8782355504e-14
2.5915527344e+02 1.4881757060e-13 5.0078771065e-14 9.8738799532e-14
2.5921630859e+02 1.4876034047e-13 5.0057089902e-14 9.8703250569e-14
2.5927734375e+02 1.4871496051e-13 5.0038680534e-14 9.8676279980e-14
2.5933837891e+02 1.4868177689e-13 5.0023963418e-14 9.8657813469e-14
2.5939941406e+02 1.4866033686e-13 5.0013115070e-14 9.8647221787e-14
2.5946044922e+02 1.4864925421e-13 5.0005983224e-14 9.8643270988e-14
2.5952148438e+02 1.4864641968e-13 5.0002140671e-14 9.8644279005e-14
2.5958251953e+02 1.4864914916e-13 5.0000908928e-14 9.8648240235e-14
2.5964355469e+02 1.4865442671e-13 5.0001415124e-14 9.8653011583e-14
2.5970458984e+02 1.4865925212e-13 5.0002693702e-14 9.8656558420e-14
2.5976562500e+02 1.4866065882e-13 5.0003701019e-14 9.8656957803e-14
2.5982666016e+02 1.4865599385e-13 5.0003415607e-14 9.8652578241e-14
2.5988769531e+02 1.4864309907e-13 5.0000895391e-14 9.8642203679e-14
2.5994873047e+02 1.4862028060e-13 4.9995291040e-14 9.8624989560e-14
2.6000976562e+02 1.4858637457e-13 4.9985929288e-14 9.8600445278e-14
2.6007080078e+02 1.4854069870e-13 4.9972300581e-14 9.8568398115e-14
2.6013183594e+02 1.4848304889e-13 4.9954093446e-14 9.8528955447e-14
2.6019287109e+02 1.4841370528e-13 4.9931231929e-14 9.8482473350e-14
2.6025390625e+02 1.4833327968e-13 4.9903849926e-14 9.8429429756e-14
2.6031494141e+02 1.4824278423e-13 4.9872333374e-14 9.8370450851e-14
2.6037597656e+02 1.4814347764e-13 4.9837239630e-14 9.8306238015e-14
2.6043701172e+02 1.4803679057e-13 4.9799271255e-14 9.8237519318e-14
2.6049804688e+02 1.4792435793e-13 4.9759252755e-14 9.8165105172e-14
2.6055908203e+02 1.4780784083e-13 4.9718010388e-14 9.8089830442e-14
2.6062011719e+02 1.4768886915e-13 4.9676301592e-14 9.8012567554e-14
2.6068115234e+02 1.4756900671e-13 4.9634779316e-14 9.7934227391e-14
2.6074218750e+02 1.4744965928e-13 4.9593917626e-14 9.7855741659e-14
2.6080322266e+02 1.4733209706e-13 4.9554007766e-14 9.7778089296e-14
2.6086425781e+02 1.4721741088e-13 4.9515172263e-14 9.7702238618e-14
2.6092529297e+02 1.4710633454e-13 4.9477339240e-14 9.7628995298e-14
2.6098632812e+02 1.4699938796e-13 4.9440321823e-14 9.7559066133e-14
2.6104736328e+02 1.4689679995e-13 4.9403871994e-14 9.7492927956e-14
2.6110839844e+02 1.4679844214e-13 4.9367707739e-14 9.7430734398e-14
2.6116943359e+02 1.4670366333e-13 4.9331492204e-14 9.7372171130e-14
2.6123046875e+02 1.4661140372e-13 4.9294894703e-14 9.7316509017e-14
2.6129150391e+02 1.4652019484e-13 4.9257576571e-14 9.7262618267e-14
2.6135253906e+02 1.4642821309e-13 4.9219221262e-14 9.7208991828e-14
2.6141357422e+02 1.4633344444e-13 4.9179510458e-14 9.7153933978e-14
2.6147460938e+02 1.4623393742e-13 4.9138182527e-14 9.7095754889e-14
2.6153564453e+02 1.4612817226e-13 4.9095082713e-14 9.7033089545e-14
2.6159667969e+02 1.4601527784e-13 4.9050214500e-14 9.6965063343e-14
2.6165771484e+02 1.4589526098e-13 4.9003761905e-14 9.6891499076e-14
2.6171875000e+02 1.4576917436e-13 4.8956150251e-14 9.6813024109e-14
2.6177978516e+02 1.4563901209e-13 4.8908006324e-14 9.6731005765e-14
2.6184082031e+02 1.4550758438e-13 4.8860137352e-14 9.6647447026e-14
2.6190185547e+02 1.4537827532e-13 4.8813483794e-14 9.6564791529e-14
2.6196289062e+02 1.4525444197e-13 4.8768961851e-14 9.6485480121e-14
2.6202392578e+02 1.4513906435e-13 4.8727373727e-14 9.6411690624e-14
2.6208496094e+02 1.4503422143e-13 4.8689288495e-14 9.6344932931e-14
2.6214599609e+02 1.4494094279e-13 4.8654999789e-14 9.6285943000e-14
2.6220703125e+02 1.4485907337e-13 4.8624474253e-14 9.6234599122e-14
2.6226806641e+02 1.4478730855e-13 4.8597369352e-14 9.6189939201e-14
2.6232910156e+02 1.4472347495e-13 4.8573106186e-14 9.6150368761e-14
2.6239013672e+02 1.4466495832e-13 4.8550992122e-14 9.6113966201e-14
2.6245117188e+02 1.4460920106e-13 4.8530356780e-14 9.6078844285e-14
2.6251220703e+02 1.4455412508e-13 4.8510656347e-14 9.6043468738e-14
2.6257324219e+02 1.4449832760e-13 4.8491524185e-14 9.6006803414e-14
2.6263427734e+02 1.4444131029e-13 4.8472824424e-14 9.5968485870e-14
2.6269531250e+02 1.4438344825e-13 4.8454652740e-14 9.5928795510e-14
2.6275634766e+02 1.4432577148e-13 4.8437257385e-14 9.5888514098e-14
2.6281738281e+02 1.4426974605e-13 4.8420960035e-14 9.5848786016e-14
2.6287841797e+02 1.4421696659e-13 4.8406087467e-14 9.5810879118e-14
2.6293945312e+02 1.4416884342e-13 4.8392859565e-14 9.5775983859e-14
2.6300048828e+02 1.4412642970e-13 4.8381378211e-14 9.5745051493e-14
2.6306152344e+02 1.4409035475e-13 4.8371622042e-14 9.5718732708e-14
2.6312255859e+02 1.4406074330e-13 4.8363433262e-14 9.5697310042e-14
2.6318359375e+02 1.4403726406e-13 4.8356568234e-14 9.5680695830e-14
2.6324462891e+02 1.4401914462e-13 4.8350740244e-14 9.5668404373e-14
2.6330566406e+02 1.4400531935e-13 4.8345657979e-14 9.5659661369e-14
2.6336669922e+02 1.4399444000e-13 4.8341029743e-14 9.5653410253e-14
2.6342773438e+02 1.4398493540e-13 4.8336566230e-14 9.5648369166e-14
2.6348876953e+02 1.4397509676e-13 4.8332003255e-14 9.5643093506e-14
2.6354980469e+02 1.4396319792e-13 4.8327081053e-14 9.5636116868e-14
2.6361083984e+02 1.4394744294e-13 4.8321485569e-14 9.5625957367e-14
2.6367187500e+02 1.4392618281e-13 4.8314895088e-14 9.5611287723e-14
2.6373291016e+02 1.4389800266e-13 4.8306955387e-14 9.5591047276e-14
2.6379394531e+02 1.4386193871e-13 4.8297333191e-14 9.5564605522e-14
2.6385498047e+02 1.4381747692e-13 4.8285717662e-14 9.5531759255e-14
2.6391601562e+02 1.4376460363e-13 4.8271858398e-14 9.5492745229e-14
2.6397705078e+02 1.4370399346e-13 4.8255631100e-14 9.5448362363e-14
2.6403808594e+02 1.4363683925e-13 4.8237019540e-14 9.5399819712e-14
2.6409912109e+02 1.4356480600e-13 4.8216144762e-14 9.5348661241e-14
2.6416015625e+02 1.4348982477e-13 4.8193231503e-14 9.5296593272e-14
2.6422119141e+02 1.4341397051e-13 4.8168593876e-14 9.5245376638e-14
2.6428222656e+02 1.4333938516e-13 4.8142637980e-14 9.5196747183e-14
2.6434326172e+02 1.4326792947e-13 4.8115792554e-14 9.5152136911e-14
2.6440429688e+02 1.4320105861e-13 4.8088480465e-14 9.5112578144e-14
2.6446533203e+02 1.4313969502e-13 4.8061093561e-14 9.5078601462e-14
2.6452636719e+02 1.4308414085e-13 4.8033998560e-14 9.5050142292e-14
2.6458740234e+02 1.4303399643e-13 4.8007495581e-14 9.5026500845e-14
2.6464843750e+02 1.4298813501e-13 4.7981812357e-14 9.5006322654e-14
2.6470947266e+02 1.4294487154e-13 4.7957117174e-14 9.4987754364e-14
2.6477050781e+02 1.4290220457e-13 4.7933558372e-14 9.4968646196e-14
2.6483154297e+02 1.4285802194e-13 4.7911247304e-14 9.4946774639e-14
2.6489257812e+02 1.4281038237e-13 4.7890300585e-14 9.4920081786e-14
2.6495361328e+02 1.4275773890e-13 4.7870799270e-14 9.4886939631e-14
2.6501464844e+02 1.4269902895e-13 4.7852757590e-14 9.4846271359e-14
2.6507568359e+02 1.4263398590e-13 4.7836167170e-14 9.4797818729e-14
2.6513671875e+02 1.4256294190e-13 4.7820928252e-14 9.4742013645e-14
2.6519775391e+02 1.4248679283e-13 4.7806825857e-14 9.4679966972e-14
2.6525878906e+02 1.4240679355e-13 4.7793521199e-14 9.4613272346e-14
2.6531982422e+02 1.4232422960e-13 4.7780528326e-14 9.4543701273e-14
2.6538085938e+02 1.4224030802e-13 4.7767267870e-14 9.4473040152e-14
2.6544189453e+02 1.4215588142e-13 4.7753091433e-14 9.4402789984e-14
2.6550292969e+02 1.4207136669e-13 4.7737373622e-14 9.4333993070e-14
2.6556396484e+02 1.4198671700e-13 4.7719561463e-14 9.4267155540e-14
2.6562500000e+02 1.4190147073e-13 4.7699248119e-14 9.4202222612e-14
2.6568603516e+02 1.4181501625e-13 4.7676271483e-14 9.4138744765e-14
2.6574707031e+02 1.4172681063e-13 4.7650752589e-14 9.4076058043e-14
2.6580810547e+02 1.4163652734e-13 4.7623066376e-14 9.4013460961e-14
2.6586914062e+02 1.4154431173e-13 4.7593843289e-14 9.3950468443e-14
2.6593017578e+02 1.4145085805e-13 4.7563892080e-14 9.3886965967e-14
2.6599121094e+02 1.4135755540e-13 4.7534124929e-14 9.3823430467e-14
2.6605224609e+02 1.4126628381e-13 4.7505435120e-14 9.3760848693e-14
2.6611328125e+02 1.4117918743e-13 4.7478577902e-14 9.3700609528e-14
2.6617431641e+02 1.4109849091e-13 4.7454110416e-14 9.3644380496e-14
2.6623535156e+02 1.4102614735e-13 4.7432319364e-14 9.3593827990e-14
2.6629638672e+02 1.4096349571e-13 4.7413174769e-14 9.3550320944e-14
2.6635742188e+02 1.4091102401e-13 4.7396357982e-14 9.3514666029e-14
2.6641845703e+02 1.4086829386e-13 4.7381321881e-14 9.3486971981e-14
2.6647949219e+02 1.4083395101e-13 4.7367379405e-14 9.3466571602e-14
2.6654052734e+02 1.4080578934e-13 4.7353776244e-14 9.3452013099e-14
2.6660156250e+02 1.4078106211e-13 4.7339807193e-14 9.3441254917e-14
2.6666259766e+02 1.4075691243e-13 4.7324942671e-14 9.3431969757e-14
2.6672363281e+02 1.4073078462e-13 4.7308918139e-14 9.3421866484e-14
2.6678466797e+02 1.4070064120e-13 4.7291710020e-14 9.3408931180e-14
2.6684570312e+02 1.4066522986e-13 4.7273567083e-14 9.3391662779e-14
2.6690673828e+02 1.4062411479e-13 4.7254920231e-14 9.3369194557e-14
2.6696777344e+02 1.4057766137e-13 4.7236328827e-14 9.3341332541e-14
2.6702880859e+02 1.4052682306e-13 4.7218337147e-14 9.3308485911e-14
2.6708984375e+02 1.4047273915e-13 4.7201355217e-14 9.3271383937e-14
2.6715087891e+02 1.4041649016e-13 4.7185576339e-14 9.3230913821e-14
2.6721191406e+02 1.4035872225e-13 4.7170889133e-14 9.3187833117e-14
2.6727294922e+02 1.4029951321e-13 4.7156871762e-14 9.3142641444e-14
2.6733398438e+02 1.4023826230e-13 4.7142819659e-14 9.3095442642e-14
2.6739501953e+02 1.4017371155e-13 4.7127793678e-14 9.3045917872e-14
2.6745605469e+02 1.4010417385e-13 4.7110742376e-14 9.2993431477e-14
2.6751708984e+02 1.4002775350e-13 4.7090643020e-14 9.2937110475e-14
2.6757812500e+02 1.3994267439e-13 4.7066606788e-14 9.2876067602e-14
2.6763916016e+02 1.3984755010e-13 4.7037982279e-14 9.2809567817e-14
2.6770019531e+02 1.3974158591e-13 4.7004440178e-14 9.2737145735e-14
2.6776123047e+02 1.3962479797e-13 4.6966041241e-14 9.2658756732e-14
2.6782226562e+02 1.3949803457e-13 4.6923208880e-14 9.2574825691e-14
2.6788330078e+02 1.3936287528e-13 4.6876694070e-14 9.2486181213e-14
2.6794433594e+02 1.3922154218e-13 4.6827523649e-14 9.2394018534e-14
2.6800537109e+02 1.3907683116e-13 4.6776936450e-14 9.2299894714e-14
2.6806640625e+02 1.3893188006e-13 4.6726305723e-14 9.2205574340e-14
2.6812744141e+02 1.3878987451e-13 4.6677021331e-14 9.2112853178e-14
2.6818847656e+02 1.3865389723e-13 4.6630407925e-14 9.2023489302e-14
2.6824951172e+02 1.3852683687e-13 4.6587662778e-14 9.1939174093e-14
2.6831054688e+02 1.3841096035e-13 4.6549726899e-14 9.1861233447e-14
2.6837158203e+02 1.3830793230e-13 4.6517270422e-14 9.1790661878e-14
2.6843261719e+02 1.3821872917e-13 4.6490651989e-14 9.1728077184e-14
2.6849365234e+02 1.3814340174e-13 4.6469846551e-14 9.1673555191e-14
2.6855468750e+02 1.3808119118e-13 4.6454483132e-14 9.1626708048e-14
2.6861572266e+02 1.3803050850e-13 4.6443841080e-14 9.1586667423e-14
2.6867675781e+02 1.3798926034e-13 4.6436968773e-14 9.1552291568e-14
2.6873779297e+02 1.3795498675e-13 4.6432732793e-14 9.1522253955e-14
2.6879882812e+02 1.3792515472e-13 4.6429940208e-14 9.1495214517e-14
2.6885986328e+02 1.3789736687e-13 4.6427412034e-14 9.1469954835e-14
2.6892089844e+02 1.3786966541e-13 4.6424114524e-14 9.1445550884e-14
2.6898193359e+02 1.3784077548e-13 4.6419250951e-14 9.1421524533e-14
2.6904296875e+02 1.3781011926e-13 4.6412296463e-14 9.1397822793e-14
2.6910400391e+02 1.3777783072e-13 4.6403042590e-14 9.1374788134e-14
2.6916503906e+02 1.3774473829e-13 4.6391603166e-14 9.1353135124e-14
2.6922607422e+02 1.3771213332e-13 4.6378342385e-14 9.1333790936e-14
2.6928710938e+02 1.3768164805e-13 4.6363850421e-14 9.1317797626e-14
2.6934814453e+02 1.3765500468e-13 4.6348862085e-14 9.1306142595e-14
2.6940917969e+02 1.3763384753e-13 4.6334170103e-14 9.1299677423e-14
2.6947021484e+02 1.3761956502e-13 4.6320533527e-14 9.1299031498e-14
2.6953125000e+02 1.3761304308e-13 4.6308574550e-14 9.1304468532e-14
2.6959228516e+02 1.3761448860e-13 4.6298719117e-14 9.1315769481e-14
2.6965332031e+02 1.3762337944e-13 4.6291132370e-14 9.1332247065e-14
2.6971435547e+02 1.3763838072e-13 4.6285687104e-14 9.1352693618e-14
2.6977539062e+02 1.3765717620e-13 4.6281917812e-14 9.1375258385e-14
2.6983642578e+02 1.3767659218e-13 4.6279069373e-14 9.1397522802e-14
2.6989746094e+02 1.3769275485e-13 4.6276158743e-14 9.1416596105e-14
2.6995849609e+02 1.3770125986e-13 4.6272017422e-14 9.1429242438e-14
2.7001953125e+02 1.3769763394e-13 4.6265452320e-14 9.1432181621e-14
2.7008056641e+02 1.3767767526e-13 4.6255326937e-14 9.1422348325e-14
2.7014160156e+02 1.3763789137e-13 4.6240709108e-14 9.1397182260e-14
2.7020263672e+02 1.3757602968e-13 4.6220987235e-14 9.1355042442e-14
2.7026367188e+02 1.3749128917e-13 4.6195922006e-14 9.1295367168e-14
2.7032470703e+02 1.3738462694e-13 4.6165745157e-14 9.1218881779e-14
2.7038574219e+02 1.3725874093e-13 4.6131144435e-14 9.1127596498e-14
2.7044677734e+02 1.3711786482e-13 4.6093217847e-14 9.1024646974e-14
2.7050781250e+02 1.3696739241e-13 4.6053386344e-14 9.0914006066e-14
2.7056884766e+02 1.3681339770e-13 4.6013245145e-14 9.0800152553e-14
2.7062988281e+02 1.3666200361e-13 4.5974410539e-14 9.0687593072e-14
2.7069091797e+02 1.3651892491e-13 4.5938405326e-14 9.0580519586e-14
2.7075195312e+02 1.3638882983e-13 4.5906463582e-14 9.0482366246e-14
2.7081298828e+02 1.3627512000e-13 4.5879460152e-14 9.0395659851e-14
2.7087402344e+02 1.3617966428e-13 4.5857811104e-14 9.0321853176e-14
2.7093505859e+02 1.3610270224e-13 4.5841458338e-14 9.0261243905e-14
2.7099609375e+02 1.3604319854e-13 4.5829940828e-14 9.0213257711e-14
2.7105712891e+02 1.3599899075e-13 4.5822437539e-14 9.0176553208e-14
2.7111816406e+02 1.3596715593e-13 4.5817886702e-14 9.0149269229e-14
2.7117919922e+02 1.3594435210e-13 4.5815082433e-14 9.0129269667e-14
2.7124023438e+02 1.3592726087e-13 4.5812819747e-14 9.0114441128e-14
2.7130126953e+02 1.3591277526e-13 4.5809981521e-14 9.0102793743e-14
2.7136230469e+02 1.3589816826e-13 4.5805603418e-14 9.0092564845e-14
2.7142333984e+02 1.3588149134e-13 4.5798988360e-14 9.0082502983e-14
2.7148437500e+02 1.3586135858e-13 4.5789647984e-14 9.0071710595e-14
2.7154541016e+02 1.3583711981e-13 4.5777374820e-14 9.0059744989e-14
2.7160644531e+02 1.3580881893e-13 4.5762215018e-14 9.0046603913e-14
2.7166748047e+02 1.3577707157e-13 4.5744436199e-14 9.0032635372e-14
2.7172851562e+02 1.3574289764e-13 4.5724473427e-14 9.0018424211e-14
2.7178955078e+02 1.3570745357e-13 4.5702852044e-14 9.0004601523e-14
2.7185058594e+02 1.3567193341e-13 4.5680159215e-14 8.9991774199e-14
2.7191162109e+02 1.3563728495e-13 4.5656948549e-14 8.9980336399e-14
2.7197265625e+02 1.3560398198e-13 4.5633686702e-14 8.9970295277e-14
2.7203369141e+02 1.3557192815e-13 4.5610702068e-14 8.9961226080e-14
2.7209472656e+02 1.3554042770e-13 4.5588163619e-14 8.9952264083e-14
2.7215576172e+02 1.3550820434e-13 4.5566063192e-14 8.9942141149e-14
2.7221679688e+02 1.3547353104e-13 4.5544210969e-14 8.9929320071e-14
2.7227783203e+02 1.3543451051e-13 4.5522309932e-14 8.9912200583e-14
2.7233886719e+02 1.3538932347e-13 4.5499990919e-14 8.9889332553e-14
2.7239990234e+02 1.3533640397e-13 4.5476855692e-14 8.9859548273e-14
2.7246093750e+02 1.3527484573e-13 4.5452576836e-14 8.9822268896e-14
2.7252197266e+02 1.3520447497e-13 4.5426970731e-14 8.9777504238e-14
2.7258300781e+02 1.3512586999e-13 4.5400010309e-14 8.9725859684e-14
2.7264404297e+02 1.3504046668e-13 4.5371901417e-14 8.9668565264e-14
2.7270507812e+02 1.3495039314e-13 4.5343051767e-14 8.9607341374e-14
2.7276611328e+02 1.3485817635e-13 4.5314048263e-14 8.9544128087e-14
2.7282714844e+02 1.3476656299e-13 4.5285637582e-14 8.9480925404e-14
2.7288818359e+02 1.3467820649e-13 4.5258616444e-14 8.9419590047e-14
2.7294921875e+02 1.3459543209e-13 4.5233774159e-14 8.9361657933e-14
2.7301025391e+02 1.3451990672e-13 4.5211766732e-14 8.9308139985e-14
2.7307128906e+02 1.3445249619e-13 4.5193028137e-14 8.9259468055e-14
2.7313232422e+02 1.3439312221e-13 4.5177684152e-14 8.9215438057e-14
2.7319335938e+02 1.3434075455e-13 4.5165490568e-14 8.9175263979e-14
2.7325439453e+02 1.3429355718e-13 4.5155845305e-14 8.9137711873e-14
2.7331542969e+02 1.3424898734e-13 4.5147789565e-14 8.9101197775e-14
2.7337646484e+02 1.3420424392e-13 4.5140131481e-14 8.9064112437e-14
2.7343750000e+02 1.3415636100e-13 4.5131502680e-14 8.9024858320e-14
2.7349853516e+02 1.3410270813e-13 4.5120559198e-14 8.8982148935e-14
2.7355957031e+02 1.3404130032e-13 4.5106142111e-14 8.8935158209e-14
2.7362060547e+02 1.3397105002e-13 4.5087428870e-14 8.8883621153e-14
2.7368164062e+02 1.3389184534e-13 4.5064058576e-14 8.8827786769e-14
2.7374267578e+02 1.3380471425e-13 4.5036212528e-14 8.8768501727e-14
2.7380371094e+02 1.3371156960e-13 4.5004572895e-14 8.8706996701e-14
2.7386474609e+02 1.3361517979e-13 4.4970341353e-14 8.8644838442e-14
2.7392578125e+02 1.3351882820e-13 4.4935071583e-14 8.8583756619e-14
2.7398681641e+02 1.3342598693e-13 4.4900510730e-14 8.8525476196e-14
2.7404785156e+02 1.3333997591e-13 4.4868395046e-14 8.8471580860e-14
2.7410888672e+02 1.3326351320e-13 4.4840227762e-14 8.8423285439e-14
2.7416992188e+02 1.3319859628e-13 4.4817141813e-14 8.8381454469e-14
2.7423095703e+02 1.3314619911e-13 4.4799734027e-14 8.8346465085e-14
2.7429199219e+02 1.3310623396e-13 4.4788049582e-14 8.8318184378e-14
2.7435302734e+02 1.3307754769e-13 4.4781562227e-14 8.8295985460e-14
2.7441406250e+02 1.3305811527e-13 4.4779283487e-14 8.8278831780e-14
2.7447509766e+02 1.3304534403e-13 4.4779931382e-14 8.8265412647e-14
2.7453613281e+02 1.3303622792e-13 4.4782076998e-14 8.8254150925e-14
2.7459716797e+02 1.3302776752e-13 4.4784327259e-14 8.8243440259e-14
2.7465820312e+02 1.3301721607e-13 4.4785473019e-14 8.8231743053e-14
2.7471923828e+02 1.3300231300e-13 4.4784611167e-14 8.8217701831e-14
2.7478027344e+02 1.3298135879e-13 4.4781168234e-14 8.8200190558e-14
2.7484130859e+02 1.3295336250e-13 4.4774917759e-14 8.8178444743e-14
2.7490234375e+02 1.3291798496e-13 4.4765927259e-14 8.8152057703e-14
2.7496337891e+02 1.3287525681e-13 4.4754399143e-14 8.8120857666e-14
2.7502441406e+02 1.3282571145e-13 4.4740673299e-14 8.8085038146e-14
2.7508544922e+02 1.3277011285e-13 4.4725080622e-14 8.8045032229e-14
2.7514648438e+02 1.3270926543e-13 4.4707873581e-14 8.8001391852e-14
2.7520751953e+02 1.3264397063e-13 4.4689195977e-14 8.7954774655e-14
2.7526855469e+02 1.3257516802e-13 4.4669130715e-14 8.7906037303e-14
2.7532958984e+02 1.3250382926e-13 4.4647722183e-14 8.7856107082e-14
2.7539062500e+02 1.3243103600e-13 4.4625039024e-14 8.7805996972e-14
2.7545166016e+02 1.3235802086e-13 4.4601244995e-14 8.7756775868e-14
2.7551269531e+02 1.3228616889e-13 4.4576635312e-14 8.7709533574e-14
2.7557373047e+02 1.3221696961e-13 4.4551661478e-14 8.7665308135e-14
2.7563476562e+02 1.3215194818e-13 4.4526919900e-14 8.7625028282e-14
2.7569580078e+02 1.3209243152e-13 4.4503074646e-14 8.7589356872e-14
2.7575683594e+02 1.3203948932e-13 4.4480822093e-14 8.7558667225e-14
2.7581787109e+02 1.3199370721e-13 4.4460782557e-14 8.7532924650e-14
2.7587890625e+02 1.3195504311e-13 4.4443402616e-14 8.7511640499e-14
2.7593994141e+02 1.3192281004e-13 4.4428891482e-14 8.7493918563e-14
2.7600097656e+02 1.3189564271e-13 4.4417181437e-14 8.7478461274e-14
2.7606201172e+02 1.3187155262e-13 4.4407885067e-14 8.7463667551e-14
2.7612304688e+02 1.3184820667e-13 4.4400387283e-14 8.7447819385e-14
2.7618408203e+02 1.3182305262e-13 4.4393856334e-14 8.7429196288e-14
2.7624511719e+02 1.3179365328e-13 4.4387365850e-14 8.7406287430e-14
2.7630615234e+02 1.3175791332e-13 4.4380017363e-14 8.7377895958e-14
2.7636718750e+02 1.3171431650e-13 4.4371023420e-14 8.7343293077e-14
2.7642822266e+02 1.3166216443e-13 4.4359844838e-14 8.7302319596e-14
2.7648925781e+02 1.3160152396e-13 4.4346206055e-14 8.7255317903e-14
2.7655029297e+02 1.3153330863e-13 4.4330135118e-14 8.7203173511e-14
2.7661132812e+02 1.3145910618e-13 4.4311946343e-14 8.7147159833e-14
2.7667236328e+02 1.3138099694e-13 4.4292169495e-14 8.7088827450e-14
2.7673339844e+02 1.3130139946e-13 4.4271493075e-14 8.7029906383e-14
2.7679443359e+02 1.3122276367e-13 4.4250645413e-14 8.6972118253e-14
2.7685546875e+02 1.3114725232e-13 4.4230269379e-14 8.6916982940e-14
2.7691650391e+02 1.3107653643e-13 4.4210846040e-14 8.6865690386e-14
2.7697753906e+02 1.3101168120e-13 4.4192607025e-14 8.6819074175e-14
2.7703857422e+02 1.3095289677e-13 4.4175483593e-14 8.6777413179e-14
2.7709960938e+02 1.3089964148e-13 4.4159120132e-14 8.6740521352e-14
2.7716064453e+02 1.3085070105e-13 4.4142911601e-14 8.6707789452e-14
2.7722167969e+02 1.3080423436e-13 4.4126058905e-14 8.6678175451e-14
2.7728271484e+02 1.3075800191e-13 4.4107668581e-14 8.6650333333e-14
2.7734375000e+02 1.3070969282e-13 4.4086878976e-14 8.6622813847e-14
2.7740478516e+02 1.3065726209e-13 4.4062996437e-14 8.6594265652e-14
2.7746582031e+02 1.3059914908e-13 4.4035592858e-14 8.6563556226e-14
2.7752685547e+02 1.3053447745e-13 4.4004573373e-14 8.6529904077e-14
2.7758789062e+02 1.3046329497e-13 4.3970241591e-14 8.6493053380e-14
2.7764892578e+02 1.3038662680e-13 4.3933267291e-14 8.6453359514e-14
2.7770996094e+02 1.3030632496e-13 4.3894635343e-14 8.6411689613e-14
2.7777099609e+02 1.3022489315e-13 4.3855539489e-14 8.6369353665e-14
2.7783203125e+02 1.3014502727e-13 4.3817197761e-14 8.6327829507e-14
2.7789306641e+02 1.3006938637e-13 4.3780748989e-14 8.6288637377e-14
2.7795410156e+02 1.3000014700e-13 4.3747117334e-14 8.6253029669e-14
2.7801513672e+02 1.2993859979e-13 4.3716855614e-14 8.6221744176e-14
2.7807617188e+02 1.2988501035e-13 4.3690121816e-14 8.6194888531e-14
2.7813720703e+02 1.2983848400e-13 4.3666633875e-14 8.6171850121e-14
2.7819824219e+02 1.2979716454e-13 4.3645757369e-14 8.6151407171e-14
2.7825927734e+02 1.2975848399e-13 4.3626608959e-14 8.6131875032e-14
2.7832031250e+02 1.2971958716e-13 4.3608198182e-14 8.6111388979e-14
2.7838134766e+02 1.2967752906e-13 4.3589509993e-14 8.6088019066e-14
2.7844238281e+02 1.2962981311e-13 4.3569679334e-14 8.6060133779e-14
2.7850341797e+02 1.2957472962e-13 4.3548103722e-14 8.6026625899e-14
2.7856445312e+02 1.2951137219e-13 4.3524450822e-14 8.5986921367e-14
2.7862548828e+02 1.2943977814e-13 4.3498723238e-14 8.5941054901e-14
2.7868652344e+02 1.2936082138e-13 4.3471210214e-14 8.5889611165e-14
2.7874755859e+02 1.2927597076e-13 4.3442413403e-14 8.5833557354e-14
2.7880859375e+02 1.2918711786e-13 4.3413001485e-14 8.5774116375e-14
2.7886962891e+02 1.2909617744e-13 4.3383659228e-14 8.5712518207e-14
2.7893066406e+02 1.2900492046e-13 4.3355033775e-14 8.5649886681e-14
2.7899169922e+02 1.2891477625e-13 4.3327653857e-14 8.5587122390e-14
2.7905273438e+02 1.2882663473e-13 4.3301856658e-14 8.5524778070e-14
2.7911376953e+02 1.2874086141e-13 4.3277771708e-14 8.5463089706e-14
2.7917480469e+02 1.2865733371e-13 4.3255307183e-14 8.5402026526e-14
2.7923583984e+02 1.2857561667e-13 4.3234212724e-14 8.5341403944e-14
2.7929687500e+02 1.2849500154e-13 4.3214084751e-14 8.5280916789e-14
2.7935791016e+02 1.2841480530e-13 4.3194467128e-14 8.5220338171e-14
2.7941894531e+02 1.2833455307e-13 4.3174909256e-14 8.5159643817e-14
2.7947998047e+02 1.2825404042e-13 4.3155032597e-14 8.5099007826e-14
2.7954101562e+02 1.2817342100e-13 4.3134574729e-14 8.5038846275e-14
2.7960205078e+02 1.2809328200e-13 4.3113454142e-14 8.4979827859e-14
2.7966308594e+02 1.2801457074e-13 4.3091765180e-14 8.4922805563e-14
2.7972412109e+02 1.2793837020e-13 4.3069750431e-14 8.4868619765e-14
2.7978515625e+02 1.2786584613e-13 4.3047816280e-14 8.4818029848e-14
2.7984619141e+02 1.2779798359e-13 4.3026446715e-14 8.4771536877e-14
2.7990722656e+02 1.2773553334e-13 4.3006168435e-14 8.4729364904e-14
2.7996826172e+02 1.2767897448e-13 4.2987534899e-14 8.4691439580e-14
2.8002929688e+02 1.2762845019e-13 4.2971053001e-14 8.4657397185e-14
2.8009033203e+02 1.2758379149e-13 4.2957125932e-14 8.4626665558e-14
2.8015136719e+02 1.2754460115e-13 4.2946042325e-14 8.4598558826e-14
2.8021240234e+02 1.2751031725e-13 4.2937924157e-14 8.4572393097e-14
2.8027343750e+02 1.2748040966e-13 4.2932734122e-14 8.4547675538e-14
2.8033447266e+02 1.2745440170e-13 4.2930261982e-14 8.4524139714e-14
2.8039550781e+02 1.2743186189e-13 4.2930110515e-14 8.4501751373e-14
2.8045654297e+02 1.2741245318e-13 4.2931738860e-14 8.4480714322e-14
2.8051757812e+02 1.2739593794e-13 4.2934477637e-14 8.4461460304e-14
2.8057861328e+02 1.2738207741e-13 4.2937581446e-14 8.4444495959e-14
2.8063964844e+02 1.2737056052e-13 4.2940257522e-14 8.4430302996e-14
2.8070068359e+02 1.2736094236e-13 4.2941729552e-14 8.4419212809e-14
2.8076171875e+02 1.2735261732e-13 4.2941331313e-14 8.4411286008e-14
2.8082275391e+02 1.2734472084e-13 4.2938491212e-14 8.4406229625e-14
2.8088378906e+02 1.2733617640e-13 4.2932801392e-14 8.4403375012e-14
2.8094482422e+02 1.2732576846e-13 4.2924036783e-14 8.4401731680e-14
2.8100585938e+02 1.2731203863e-13 4.2912102846e-14 8.4399935789e-14
2.8106689453e+02 1.2729362754e-13 4.2897087146e-14 8.4396540392e-14
2.8112792969e+02 1.2726934153e-13 4.2879220876e-14 8.4390120656e-14
2.8118896484e+02 1.2723821150e-13 4.2858809921e-14 8.4379401577e-14
2.8125000000e+02 1.2719955203e-13 4.2836203551e-14 8.4363348481e-14
2.8131103516e+02 1.2715311362e-13 4.2811777651e-14 8.4341335968e-14
2.8137207031e+02 1.2709903450e-13 4.2785869410e-14 8.4313165087e-14
2.8143310547e+02 1.2703769683e-13 4.2758741760e-14 8.4278955071e-14
2.8149414062e+02 1.2696979545e-13 4.2730612808e-14 8.4239182641e-14
2.8155517578e+02 1.2689614120e-13 4.2701613712e-14 8.4194527486e-14
2.8161621094e+02 1.2681741923e-13 4.2671785590e-14 8.4145633642e-14
2.8167724609e+02 1.2673430765e-13 4.2641158047e-14 8.4093149601e-14
2.8173828125e+02 1.2664729039e-13 4.2609719433e-14 8.4037570955e-14
2.8179931641e+02 1.2655669108e-13 4.2577490241e-14 8.3979200835e-14
2.8186035156e+02 1.2646282271e-13 4.2544562207e-14 8.3918260503e-14
2.8192138672e+02 1.2636608772e-13 4.2511123953e-14 8.3854963766e-14
2.8198242188e+02 1.2626696487e-13 4.2477462366e-14 8.3789502508e-14
2.8204345703e+02 1.2616627408e-13 4.2443996298e-14 8.3722277783e-14
2.8210449219e+02 1.2606504897e-13 4.2411201409e-14 8.3653847557e-14
2.8216552734e+02 1.2596464840e-13 4.2379619783e-14 8.3585028613e-14
2.8222656250e+02 1.2586658377e-13 4.2349788428e-14 8.3516795337e-14
2.8228759766e+02 1.2577239159e-13 4.2322182816e-14 8.3450208777e-14
2.8234863281e+02 1.2568335870e-13 4.2297116744e-14 8.3386241956e-14
2.8240966797e+02 1.2560051158e-13 4.2274769472e-14 8.3325742110e-14
2.8247070312e+02 1.2552424183e-13 4.2255079277e-14 8.3269162555e-14
2.8253173828e+02 1.2545446110e-13 4.2237825180e-14 8.3216635916e-14
2.8259277344e+02 1.2539049511e-13 4.2222613000e-14 8.3167882111e-14
2.8265380859e+02 1.2533109112e-13 4.2208905526e-14 8.3122185599e-14
2.8271484375e+02 1.2527465264e-13 4.2196105519e-14 8.3078547121e-14
2.8277587891e+02 1.2521950614e-13 4.2183642711e-14 8.3035863434e-14
2.8283691406e+02 1.2516403490e-13 4.2170996945e-14 8.2993037957e-14
2.8289794922e+02 1.2510691198e-13 4.2157755388e-14 8.2949156594e-14
2.8295898438e+02 1.2504725529e-13 4.2143662463e-14 8.2903592829e-14
2.8302001953e+02 1.2498474209e-13 4.2128616215e-14 8.2856125878e-14
2.8308105469e+02 1.2491961675e-13 4.2112664735e-14 8.2806952011e-14
2.8314208984e+02 1.2485268622e-13 4.2096005352e-14 8.2756680866e-14
2.8320312500e+02 1.2478510653e-13 4.2078936425e-14 8.2706170100e-14
2.8326416016e+02 1.2471841385e-13 4.2061858104e-14 8.2656555750e-14
2.8332519531e+02 1.2465418958e-13 4.2045218030e-14 8.2608971546e-14
2.8338623047e+02 1.2459391439e-13 4.2029454729e-14 8.2564459657e-14
2.8344726562e+02 1.2453898161e-13 4.2015026938e-14 8.2523954670e-14
2.8350830078e+02 1.2449052880e-13 4.2002370503e-14 8.2488158299e-14
2.8356933594e+02 1.2444929282e-13 4.1991835152e-14 8.2457457667e-14
2.8363037109e+02 1.2441562982e-13 4.1983683675e-14 8.2431946146e-14
2.8369140625e+02 1.2438958113e-13 4.1978066194e-14 8.2411514932e-14
2.8375244141e+02 1.2437082314e-13 4.1974988423e-14 8.2395834717e-14
2.8381347656e+02 1.2435876008e-13 4.1974295546e-14 8.2384464537e-14
2.8387451172e+02 1.2435248225e-13 4.1975640341e-14 8.2376841907e-14
2.8393554688e+02 1.2435088596e-13 4.1978528753e-14 8.2372357209e-14
2.8399658203e+02 1.2435259973e-13 4.1982264028e-14 8.2370335698e-14
2.8405761719e+02 1.2435614195e-13 4.1986048723e-14 8.2370093225e-14
2.8411865234e+02 1.2435993086e-13 4.1989019866e-14 8.2370910991e-14
2.8417968750e+02 1.2436224100e-13 4.1990258403e-14 8.2371982594e-14
2.8424072266e+02 1.2436139113e-13 4.1988891436e-14 8.2372499689e-14
2.8430175781e+02 1.2435586787e-13 4.1984162265e-14 8.2371705609e-14
2.8436279297e+02 1.2434438732e-13 4.1975461401e-14 8.2368925918e-14
2.8442382812e+02 1.2432591822e-13 4.1962354872e-14 8.2363563348e-14
2.8448486328e+02 1.2429988962e-13 4.1944662611e-14 8.2355227011e-14
2.8454589844e+02 1.2426625207e-13 4.1922452914e-14 8.2343799160e-14
2.8460693359e+02 1.2422543139e-13 4.1896015404e-14 8.2329415985e-14
2.8466796875e+02 1.2417826073e-13 4.1865868282e-14 8.2312392451e-14
2.8472900391e+02 1.2412609458e-13 4.1832753325e-14 8.2293341259e-14
2.8479003906e+02 1.2407059385e-13 4.1797592765e-14 8.2273001088e-14
2.8485107422e+02 1.2401367533e-13 4.1761452600e-14 8.2252222734e-14
2.8491210938e+02 1.2395739227e-13 4.1725500148e-14 8.2231892117e-14
2.8497314453e+02 1.2390383034e-13 4.1690960230e-14 8.2212870110e-14
2.8503417969e+02 1.2385488226e-13 4.1659011580e-14 8.2195870680e-14
2.8509521484e+02 1.2381229004e-13 4.1630757785e-14 8.2181532253e-14
2.8515625000e+02 1.2377739082e-13 4.1607107582e-14 8.2170283242e-14
2.8521728516e+02 1.2375115937e-13 4.1588751058e-14 8.2162408313e-14
2.8527832031e+02 1.2373400623e-13 4.1576043318e-14 8.2157962916e-14
2.8533935547e+02 1.2372579877e-13 4.1569001697e-14 8.2156797073e-14
2.8540039062e+02 1.2372579828e-13 4.1567270861e-14 8.2158527415e-14
2.8546142578e+02 1.2373270429e-13 4.1570164453e-14 8.2162539839e-14
2.8552246094e+02 1.2374464912e-13 4.1576690877e-14 8.2167958244e-14
2.8558349609e+02 1.2375926925e-13 4.1585602030e-14 8.2173667216e-14
2.8564453125e+02 1.2377383289e-13 4.1595502924e-14 8.2178329964e-14
2.8570556641e+02 1.2378541782e-13 4.1604954828e-14 8.2180462993e-14
2.8576660156e+02 1.2379109748e-13 4.1612560490e-14 8.2178536995e-14
2.8582763672e+02 1.2378809543e-13 4.1617048444e-14 8.2171046986e-14
2.8588867188e+02 1.2377393774e-13 4.1617337193e-14 8.2156600549e-14
2.8594970703e+02 1.2374682635e-13 4.1612669260e-14 8.2134157087e-14
2.8601074219e+02 1.2370568358e-13 4.1602602661e-14 8.2103080922e-14
2.8607177734e+02 1.2365023156e-13 4.1587018164e-14 8.2063213398e-14
2.8613281250e+02 1.2358098367e-13 4.1566144674e-14 8.2014838995e-14
2.8619384766e+02 1.2349926922e-13 4.1540527481e-14 8.1958741742e-14
2.8625488281e+02 1.2340701945e-13 4.1510939490e-14 8.1896079956e-14
2.8631591797e+02 1.2330661297e-13 4.1478324379e-14 8.1828288593e-14
2.8637695312e+02 1.2320062924e-13 4.1443709821e-14 8.1756919419e-14
2.8643798828e+02 1.2309175707e-13 4.1408153589e-14 8.1683603481e-14
2.8649902344e+02 1.2298252452e-13 4.1372654418e-14 8.1609870097e-14
2.8656005859e+02 1.2287521278e-13 4.1338071564e-14 8.1537141216e-14
2.8662109375e+02 1.2277188584e-13 4.1305140678e-14 8.1466745159e-14
2.8668212891e+02 1.2267438776e-13 4.1274463751e-14 8.1399924007e-14
2.8674316406e+02 1.2258426326e-13 4.1246473003e-14 8.1337790258e-14
2.8680419922e+02 1.2250281029e-13 4.1221456120e-14 8.1281354174e-14
2.8686523438e+02 1.2243110661e-13 4.1199585567e-14 8.1231521040e-14
2.8692626953e+02 1.2236982590e-13 4.1180886434e-14 8.1188939470e-14
2.8698730469e+02 1.2231915963e-13 4.1165209448e-14 8.1153950180e-14
2.8704833984e+02 1.2227873260e-13 4.1152251493e-14 8.1126481104e-14
2.8710937500e+02 1.2224743929e-13 4.1141544285e-14 8.1105895007e-14
2.8717041016e+02 1.2222336850e-13 4.1132411082e-14 8.1090957413e-14
2.8723144531e+02 1.2220392678e-13 4.1124012338e-14 8.1079914446e-14
2.8729248047e+02 1.2218601998e-13 4.1115422952e-14 8.1070597031e-14
2.8735351562e+02 1.2216630166e-13 4.1105698544e-14 8.1060603116e-14
2.8741455078e+02 1.2214155139e-13 4.1093988972e-14 8.1047562415e-14
2.8747558594e+02 1.2210899135e-13 4.1079625063e-14 8.1029366292e-14
2.8753662109e+02 1.2206673777e-13 4.1062244278e-14 8.1004493494e-14
2.8759765625e+02 1.2201391848e-13 4.1041829563e-14 8.0972088921e-14
2.8765869141e+02 1.2195078575e-13 4.1018745660e-14 8.0932040093e-14
2.8771972656e+02 1.2187867493e-13 4.0993731836e-14 8.0884943096e-14
2.8778076172e+02 1.2179985691e-13 4.0967815318e-14 8.0832041588e-14
2.8784179688e+02 1.2171697951e-13 4.0942153778e-14 8.0774825737e-14
2.8790283203e+02 1.2163285730e-13 4.0917958741e-14 8.0714898555e-14
2.8796386719e+02 1.2154995747e-13 4.0896303532e-14 8.0653653936e-14
2.8802490234e+02 1.2147016057e-13 4.0878007193e-14 8.0592153375e-14
2.8808593750e+02 1.2139458063e-13 4.0863565464e-14 8.0531015164e-14
2.8814697266e+02 1.2132336989e-13 4.0853053421e-14 8.0470316473e-14
2.8820800781e+02 1.2125584331e-13 4.0846133447e-14 8.0409709860e-14
2.8826904297e+02 1.2119075296e-13 4.0842142549e-14 8.0348610415e-14
2.8833007812e+02 1.2112644809e-13 4.0840125803e-14 8.0286322288e-14
2.8839111328e+02 1.2106123703e-13 4.0838978571e-14 8.0222258459e-14
2.8845214844e+02 1.2099365623e-13 4.0837564147e-14 8.0156092087e-14
2.8851318359e+02 1.2092271561e-13 4.0834826294e-14 8.0087889317e-14
2.8857421875e+02 1.2084803244e-13 4.0829886344e-14 8.0018146100e-14
2.8863525391e+02 1.2076989099e-13 4.0822118647e-14 7.9947772343e-14
2.8869628906e+02 1.2068920139e-13 4.0811187678e-14 7.9878013715e-14
2.8875732422e+02 1.2060728242e-13 4.0797008172e-14 7.9810274250e-14
2.8881835938e+02 1.2052569994e-13 4.0779727135e-14 7.9745972806e-14
2.8887939453e+02 1.2044604916e-13 4.0759672843e-14 7.9686376318e-14
2.8894042969e+02 1.2036969260e-13 4.0737278656e-14 7.9632413940e-14
2.8900146484e+02 1.2029759872e-13 4.0713010328e-14 7.9584588393e-14
2.8906250000e+02 1.2023019462e-13 4.0687294089e-14 7.9542900531e-14
2.8912353516e+02 1.2016741426e-13 4.0660556794e-14 7.9506857466e-14
2.8918457031e+02 1.2010879712e-13 4.0633198806e-14 7.9475598317e-14
2.8924560547e+02 1.2005360111e-13 4.0605576012e-14 7.9448025102e-14
2.8930664062e+02 1.2000092395e-13 4.0578038667e-14 7.9422885282e-14
2.8936767578e+02 1.1995009185e-13 4.0551002471e-14 7.9399089384e-14
2.8942871094e+02 1.1990075888e-13 4.0524926030e-14 7.9375832854e-14
2.8948974609e+02 1.1985292281e-13 4.0500286850e-14 7.9352635956e-14
2.8955078125e+02 1.1980705748e-13 4.0477605771e-14 7.9329451706e-14
2.8961181641e+02 1.1976401003e-13 4.0457401787e-14 7.9306608243e-14
2.8967285156e+02 1.1972481721e-13 4.0440128305e-14 7.9284688904e-14
2.8973388672e+02 1.1969052343e-13 4.0426129056e-14 7.9264394371e-14
2.8979492188e+02 1.1966199425e-13 4.0415597165e-14 7.9246397086e-14
2.8985595703e+02 1.1963973427e-13 4.0408560344e-14 7.9231173926e-14
2.8991699219e+02 1.1962381872e-13 4.0404874417e-14 7.9218944301e-14
2.8997802734e+02 1.1961375462e-13 4.0404199105e-14 7.9209555520e-14
2.9003906250e+02 1.1960850207e-13 4.0406011677e-14 7.9202490388e-14
2.9010009766e+02 1.1960664517e-13 4.0409669671e-14 7.9196975498e-14
2.9016113281e+02 1.1960642231e-13 4.0414415491e-14 7.9192006820e-14
2.9022216797e+02 1.1960596419e-13 4.0419420690e-14 7.9186543499e-14
2.9028320312e+02 1.1960351544e-13 4.0423882209e-14 7.9179633232e-14
2.9034423828e+02 1.1959760522e-13 4.0427077175e-14 7.9170528047e-14
2.9040527344e+02 1.1958718449e-13 4.0428394912e-14 7.9158789582e-14
2.9046630859e+02 1.1957177068e-13 4.0427423871e-14 7.9144346813e-14
2.9052734375e+02 1.1955142679e-13 4.0423965717e-14 7.9127461071e-14
2.9058837891e+02 1.1952677318e-13 4.0418064063e-14 7.9108709114e-14
2.9064941406e+02 1.1949885916e-13 4.0409987343e-14 7.9088871812e-14
2.9071044922e+02 1.1946888423e-13 4.0400131297e-14 7.9068752934e-14
2.9077148438e+02 1.1943807325e-13 4.0388978793e-14 7.9049094454e-14
2.9083251953e+02 1.1940749104e-13 4.0377018451e-14 7.9030472594e-14
2.9089355469e+02 1.1937768562e-13 4.0364606135e-14 7.9013079484e-14
2.9095458984e+02 1.1934875379e-13 4.0351937813e-14 7.8996815978e-14
2.9101562500e+02 1.1932023310e-13 4.0338976701e-14 7.8981256397e-14
2.9107666016e+02 1.1929121849e-13 4.0325490098e-14 7.8965728395e-14
2.9113769531e+02 1.1926046356e-13 4.0311071983e-14 7.8949391574e-14
2.9119873047e+02 1.1922648781e-13 4.0295183456e-14 7.8931304356e-14
2.9125976562e+02 1.1918804713e-13 4.0277313392e-14 7.8910733735e-14
2.9132080078e+02 1.1914408724e-13 4.0257024187e-14 7.8887063057e-14
2.9138183594e+02 1.1909389756e-13 4.0234018152e-14 7.8859879411e-14
2.9144287109e+02 1.1903726200e-13 4.0208224706e-14 7.8829037297e-14
2.9150390625e+02 1.1897439827e-13 4.0179801453e-14 7.8794596817e-14
2.9156494141e+02 1.1890593790e-13 4.0149117182e-14 7.8756820716e-14
2.9162597656e+02 1.1883281430e-13 4.0116723061e-14 7.8716091237e-14
2.9168701172e+02 1.1875610122e-13 4.0083256716e-14 7.8672844503e-14
2.9174804688e+02 1.1867688966e-13 4.0049361688e-14 7.8627527976e-14
2.9180908203e+02 1.1859620693e-13 4.0015638671e-14 7.8580568259e-14
2.9187011719e+02 1.1851498586e-13 3.9982590365e-14 7.8532395499e-14
2.9193115234e+02 1.1843403310e-13 3.9950581103e-14 7.8483451997e-14
2.9199218750e+02 1.1835397517e-13 3.9919825013e-14 7.8434150157e-14
2.9205322266e+02 1.1827530664e-13 3.9890405481e-14 7.8384901160e-14
2.9211425781e+02 1.1819850184e-13 3.9862345495e-14 7.8336156344e-14
2.9217529297e+02 1.1812403616e-13 3.9835640204e-14 7.8288395958e-14
2.9223632812e+02 1.1805239277e-13 3.9810275814e-14 7.8242116953e-14
2.9229736328e+02 1.1798414620e-13 3.9786303340e-14 7.8197842857e-14
2.9235839844e+02 1.1791995683e-13 3.9763841954e-14 7.8156114875e-14
2.9241943359e+02 1.1786057231e-13 3.9743087325e-14 7.8117484987e-14
2.9248046875e+02 1.1780672232e-13 3.9724259466e-14 7.8082462856e-14
2.9254150391e+02 1.1775903744e-13 3.9707571957e-14 7.8051465479e-14
2.9260253906e+02 1.1771805860e-13 3.9693205737e-14 7.8024852862e-14
2.9266357422e+02 1.1768398619e-13 3.9681220885e-14 7.8002765302e-14
2.9272460938e+02 1.1765668516e-13 3.9671541707e-14 7.7985143457e-14
2.9278564453e+02 1.1763564756e-13 3.9663957733e-14 7.7971689822e-14
2.9284667969e+02 1.1761984849e-13 3.9658068655e-14 7.7961779830e-14
2.9290771484e+02 1.1760785939e-13 3.9653331430e-14 7.7954527959e-14
2.9296875000e+02 1.1759783189e-13 3.9649090235e-14 7.7948741654e-14
2.9302978516e+02 1.1758750226e-13 3.9644565214e-14 7.7942937046e-14
2.9309082031e+02 1.1757446007e-13 3.9638939643e-14 7.7935520425e-14
2.9315185547e+02 1.1755629357e-13 3.9631424801e-14 7.7924868770e-14
2.9321289062e+02 1.1753080019e-13 3.9621303005e-14 7.7909497188e-14
2.9327392578e+02 1.1749614770e-13 3.9607972081e-14 7.7888175621e-14
2.9333496094e+02 1.1745105114e-13 3.9591010087e-14 7.7860041056e-14
2.9339599609e+02 1.1739506934e-13 3.9570241441e-14 7.7824827896e-14
2.9345703125e+02 1.1732859344e-13 3.9545754068e-14 7.7782839373e-14
2.9351806641e+02 1.1725289823e-13 3.9517932743e-14 7.7734965492e-14
2.9357910156e+02 1.1717011280e-13 3.9487442235e-14 7.7682670562e-14
2.9364013672e+02 1.1708311317e-13 3.9455219965e-14 7.7627893206e-14
2.9370117188e+02 1.1699523761e-13 3.9422391518e-14 7.7572846092e-14
2.9376220703e+02 1.1690990017e-13 3.9390166542e-14 7.7519733632e-14
2.9382324219e+02 1.1683046023e-13 3.9359781169e-14 7.7470679064e-14
2.9388427734e+02 1.1675982699e-13 3.9332352466e-14 7.7427474522e-14
2.9394531250e+02 1.1670010798e-13 3.9308761068e-14 7.7391346912e-14
2.9400634766e+02 1.1665260110e-13 3.9289627856e-14 7.7362973246e-14
2.9406738281e+02 1.1661763088e-13 3.9275224021e-14 7.7342406862e-14
2.9412841797e+02 1.1659459218e-13 3.9265459804e-14 7.7329132376e-14
2.9418945312e+02 1.1658201029e-13 3.9259895297e-14 7.7322114996e-14
2.9425048828e+02 1.1657780915e-13 3.9257816276e-14 7.7319992878e-14
2.9431152344e+02 1.1657959717e-13 3.9258327261e-14 7.7321269913e-14
2.9437255859e+02 1.1658479857e-13 3.9260437131e-14 7.7324361437e-14
2.9443359375e+02 1.1659088763e-13 3.9263133643e-14 7.7327753988e-14
2.9449462891e+02 1.1659553438e-13 3.9265491962e-14 7.7330042422e-14
2.9455566406e+02 1.1659673666e-13 3.9266741338e-14 7.7329995318e-14
2.9461669922e+02 1.1659280931e-13 3.9266286074e-14 7.7326523233e-14
2.9467773438e+02 1.1658240056e-13 3.9263728732e-14 7.7318671830e-14
2.9473876953e+02 1.1656449653e-13 3.9258872818e-14 7.7305623709e-14
2.9479980469e+02 1.1653848888e-13 3.9251729361e-14 7.7286759524e-14
2.9486083984e+02 1.1650408512e-13 3.9242464339e-14 7.7261620785e-14
2.9492187500e+02 1.1646138937e-13 3.9231358014e-14 7.7230031352e-14
2.9498291016e+02 1.1641093565e-13 3.9218781370e-14 7.7192154284e-14
2.9504394531e+02 1.1635362730e-13 3.9205163986e-14 7.7148463318e-14
2.9510498047e+02 1.1629083633e-13 3.9190961132e-14 7.7099875194e-14
2.9516601562e+02 1.1622421219e-13 3.9176594315e-14 7.7047617874e-14
2.9522705078e+02 1.1615563034e-13 3.9162431254e-14 7.6993199087e-14
2.9528808594e+02 1.1608696185e-13 3.9148728488e-14 7.6938233360e-14
2.9534912109e+02 1.1601994498e-13 3.9135646823e-14 7.6884298154e-14
2.9541015625e+02 1.1595599516e-13 3.9123214408e-14 7.6832780754e-14
2.9547119141e+02 1.1589602906e-13 3.9111336909e-14 7.6784692154e-14
2.9553222656e+02 1.1584036657e-13 3.9099801493e-14 7.6740565080e-14
2.9559326172e+02 1.1578870024e-13 3.9088313349e-14 7.6700386891e-14
2.9565429688e+02 1.1574013539e-13 3.9076522428e-14 7.6663612961e-14
2.9571533203e+02 1.1569322321e-13 3.9064017981e-14 7.6629205225e-14
2.9577636719e+02 1.1564622437e-13 3.9050410009e-14 7.6595814359e-14
2.9583740234e+02 1.1559727054e-13 3.9035345065e-14 7.6561925476e-14
2.9589843750e+02 1.1554446453e-13 3.9018484199e-14 7.6525980331e-14
2.9595947266e+02 1.1548628152e-13 3.8999582099e-14 7.6486699425e-14
2.9602050781e+02 1.1542161501e-13 3.8978462523e-14 7.6443152488e-14
2.9608154297e+02 1.1534995993e-13 3.8955013690e-14 7.6394946243e-14
2.9614257812e+02 1.1527147369e-13 3.8929251651e-14 7.6342222042e-14
2.9620361328e+02 1.1518695374e-13 3.8901297313e-14 7.6285656422e-14
2.9626464844e+02 1.1509770363e-13 3.8871340278e-14 7.6226363353e-14
2.9632568359e+02 1.1500540622e-13 3.8839651533e-14 7.6165754689e-14
2.9638671875e+02 1.1491198423e-13 3.8806584302e-14 7.6105399927e-14
2.9644775391e+02 1.1481931335e-13 3.8772524050e-14 7.6046789298e-14
2.9650878906e+02 1.1472899594e-13 3.8737857726e-14 7.5991138211e-14
2.9656982422e+02 1.1464228138e-13 3.8702957503e-14 7.5939323874e-14
2.9663085938e+02 1.1456000910e-13 3.8668188161e-14 7.5891820942e-14
2.9669189453e+02 1.1448256415e-13 3.8633889936e-14 7.5848674210e-14
2.9675292969e+02 1.1440984443e-13 3.8600335217e-14 7.5809509210e-14
2.9681396484e+02 1.1434159623e-13 3.8567837316e-14 7.5773758915e-14
2.9687500000e+02 1.1427750095e-13 3.8536739131e-14 7.5740761815e-14
2.9693603516e+02 1.1421723394e-13 3.8507415980e-14 7.5709817964e-14
2.9699707031e+02 1.1416061981e-13 3.8480301954e-14 7.5680317854e-14
2.9705810547e+02 1.1410775898e-13 3.8455891007e-14 7.5651867969e-14
2.9711914062e+02 1.1405898812e-13 3.8434701065e-14 7.5624287058e-14
2.9718017578e+02 1.1401480342e-13 3.8417252766e-14 7.5597550652e-14
2.9724121094e+02 1.1397579100e-13 3.8403998226e-14 7.5571792779e-14
2.9730224609e+02 1.1394255373e-13 3.8395266619e-14 7.5547287111e-14
2.9736328125e+02 1.1391545315e-13 3.8391179633e-14 7.5524273519e-14
2.9742431641e+02 1.1389449505e-13 3.8391599005e-14 7.5502896049e-14
2.9748535156e+02 1.1387926242e-13 3.8396096636e-14 7.5483165785e-14
2.9754638672e+02 1.1386892409e-13 3.8403975448e-14 7.5464948642e-14
2.9760742188e+02 1.1386215016e-13 3.8414257851e-14 7.5447892308e-14
2.9766845703e+02 1.1385713877e-13 3.8425746400e-14 7.5431392367e-14
2.9772949219e+02 1.1385192406e-13 3.8437165824e-14 7.5414758232e-14
2.9779052734e+02 1.1384443624e-13 3.8447238145e-14 7.5397198090e-14
2.9785156250e+02 1.1383272768e-13 3.8454801626e-14 7.5377926052e-14
2.9791259766e+02 1.1381525418e-13 3.8458950146e-14 7.5356304033e-14
2.9797363281e+02 1.1379095868e-13 3.8459087677e-14 7.5331871003e-14
2.9803466797e+02 1.1375942326e-13 3.8454993470e-14 7.5304429789e-14
2.9809570312e+02 1.1372084885e-13 3.8446801881e-14 7.5274046965e-14
2.9815673828e+02 1.1367608015e-13 3.8434965654e-14 7.5241114492e-14
2.9821777344e+02 1.1362639556e-13 3.8420181680e-14 7.5206213883e-14
2.9827880859e+02 1.1357343981e-13 3.8403307989e-14 7.5170131825e-14
2.9833984375e+02 1.1351890321e-13 3.8385227608e-14 7.5133675604e-14
2.9840087891e+02 1.1346452395e-13 3.8366804487e-14 7.5097719459e-14
2.9846191406e+02 1.1341182963e-13 3.8348767311e-14 7.5063062319e-14
2.9852294922e+02 1.1336202268e-13 3.8331678227e-14 7.5030344455e-14
2.9858398438e+02 1.1331602612e-13 3.8315917072e-14 7.5000109045e-14
2.9864501953e+02 1.1327438797e-13 3.8301662531e-14 7.4972725444e-14
2.9870605469e+02 1.1323740089e-13 3.8288942332e-14 7.4948458557e-14
2.9876708984e+02 1.1320513420e-13 3.8277647876e-14 7.4927486329e-14
2.9882812500e+02 1.1317754745e-13 3.8267602467e-14 7.4909944981e-14
2.9888916016e+02 1.1315446280e-13 3.8258546856e-14 7.4895915947e-14
2.9895019531e+02 1.1313563825e-13 3.8250206531e-14 7.4885431724e-14
2.9901123047e+02 1.1312083847e-13 3.8242326698e-14 7.4878511777e-14
2.9907226562e+02 1.1310972630e-13 3.8234663288e-14 7.4875063014e-14
2.9913330078e+02 1.1310178453e-13 3.8226984054e-14 7.4874800481e-14
2.9919433594e+02 1.1309633856e-13 3.8219087882e-14 7.4877250674e-14
2.9925537109e+02 1.1309251423e-13 3.8210787587e-14 7.4881726646e-14
2.9931640625e+02 1.1308907997e-13 3.8201881606e-14 7.4887198362e-14
2.9937744141e+02 1.1308451383e-13 3.8192162591e-14 7.4892351243e-14
2.9943847656e+02 1.1307694540e-13 3.8181378769e-14 7.4895566631e-14
2.9949951172e+02 1.1306432508e-13 3.8169233517e-14 7.4895091567e-14
2.9956054688e+02 1.1304456524e-13 3.8155403582e-14 7.4889161656e-14
2.9962158203e+02 1.1301562658e-13 3.8139526085e-14 7.4876100498e-14
2.9968261719e+02 1.1297586343e-13 3.8121277325e-14 7.4854586109e-14
2.9974365234e+02 1.1292412143e-13 3.8100374344e-14 7.4823747089e-14
2.9980468750e+02 1.1285994501e-13 3.8076645201e-14 7.4783299805e-14
2.9986572266e+02 1.1278382280e-13 3.8050112433e-14 7.4733710362e-14
2.9992675781e+02 1.1269699016e-13 3.8020930554e-14 7.4676059607e-14
2.9998779297e+02 1.1260146122e-13 3.7989445978e-14 7.4612015241e-14
3.0004882812e+02 1.1250001100e-13 3.7956232289e-14 7.4543778713e-14
3.0010986328e+02 1.1239571422e-13 3.7921983585e-14 7.4473730630e-14
3.0017089844e+02 1.1229175343e-13 3.7887486086e-14 7.4404267347e-14
3.0023193359e+02 1.1219102040e-13 3.7853521986e-14 7.4337498413e-14
3.0029296875e+02 1.1209583725e-13 3.7820791242e-14 7.4275046008e-14
3.0035400391e+02 1.1200769555e-13 3.7789845048e-14 7.4217850506e-14
3.0041503906e+02 1.1192710264e-13 3.7761002501e-14 7.4166100136e-14
3.0047607422e+02 1.1185364473e-13 3.7734352425e-14 7.4119292307e-14
3.0053710938e+02 1.1178612845e-13 3.7709766006e-14 7.4076362447e-14
3.0059814453e+02 1.1172274113e-13 3.7686894707e-14 7.4035846425e-14
3.0065917969e+02 1.1166149729e-13 3.7665283106e-14 7.3996214186e-14
3.0072021484e+02 1.1160055958e-13 3.7644457835e-14 7.3956101747e-14
3.0078125000e+02 1.1153866941e-13 3.7624039512e-14 7.3914629895e-14
3.0084228516e+02 1.1147520088e-13 3.7603775281e-14 7.3871425600e-14
3.0090332031e+02 1.1141041957e-13 3.7583636035e-14 7.3826783537e-14
3.0096435547e+02 1.1134541026e-13 3.7563825372e-14 7.3781584890e-14
3.0102539062e+02 1.1128183490e-13 3.7544723052e-14 7.3737111852e-14
3.0108642578e+02 1.1122164626e-13 3.7526845172e-14 7.3694801088e-14
3.0114746094e+02 1.1116674835e-13 3.7510725413e-14 7.3656022939e-14
3.0120849609e+02 1.1111866607e-13 3.7496843609e-14 7.3621822459e-14
3.0126953125e+02 1.1107829143e-13 3.7485522180e-14 7.3592769246e-14
3.0133056641e+02 1.1104577161e-13 3.7476867907e-14 7.3568903706e-14
3.0139160156e+02 1.1102046346e-13 3.7470739001e-14 7.3549724458e-14
3.0145263672e+02 1.1100114639e-13 3.7466775665e-14 7.3534370720e-14
3.0151367188e+02 1.1098617534e-13 3.7464433442e-14 7.3521741900e-14
3.0157470703e+02 1.1097382137e-13 3.7463067424e-14 7.3510753949e-14
3.0163574219e+02 1.1096250850e-13 3.7462013326e-14 7.3500495177e-14
3.0169677734e+02 1.1095101638e-13 3.7460673500e-14 7.3490342883e-14
3.0175781250e+02 1.1093862645e-13 3.7458580843e-14 7.3480045603e-14
3.0181884766e+02 1.1092505118e-13 3.7455414134e-14 7.3469637044e-14
3.0187988281e+02 1.1091040394e-13 3.7451027465e-14 7.3459376478e-14
3.0194091797e+02 1.1089499548e-13 3.7445408318e-14 7.3449587160e-14
3.0200195312e+02 1.1087926090e-13 3.7438680926e-14 7.3440579971e-14
3.0206298828e+02 1.1086352619e-13 3.7431021204e-14 7.3432504991e-14
3.0212402344e+02 1.1084795054e-13 3.7422641600e-14 7.3425308941e-14
3.0218505859e+02 1.1083255960e-13 3.7413765647e-14 7.3418793948e-14
3.0224609375e+02 1.1081732984e-13 3.7404625268e-14 7.3412704571e-14
3.0230712891e+02 1.1080219660e-13 3.7395442573e-14 7.3406754030e-14
3.0236816406e+02 1.1078711621e-13 3.7386402996e-14 7.3400713213e-14
3.0242919922e+02 1.1077227577e-13 3.7377708546e-14 7.3394567228e-14
3.0249023438e+02 1.1075806446e-13 3.7369572706e-14 7.3388491758e-14
3.0255126953e+02 1.1074498983e-13 3.7362181145e-14 7.3382808687e-14
3.0261230469e+02 1.1073353545e-13 3.7355696086e-14 7.3377839365e-14
3.0267333984e+02 1.1072402458e-13 3.7350211776e-14 7.3373812803e-14
3.0273437500e+02 1.1071655799e-13 3.7345761900e-14 7.3370796094e-14
3.0279541016e+02 1.1071080751e-13 3.7342262780e-14 7.3368544726e-14
3.0285644531e+02 1.1070595457e-13 3.7339504639e-14 7.3366449930e-14
3.0291748047e+02 1.1070085696e-13 3.7337189695e-14 7.3363667263e-14
3.0297851562e+02 1.1069395772e-13 3.7334900849e-14 7.3359056868e-14
3.0303955078e+02 1.1068362746e-13 3.7332178613e-14 7.3351448846e-14
3.0310058594e+02 1.1066822023e-13 3.7328527585e-14 7.3339692643e-14
3.0316162109e+02 1.1064617832e-13 3.7323425858e-14 7.3322752462e-14
3.0322265625e+02 1.1061644110e-13 3.7316443717e-14 7.3299997386e-14
3.0328369141e+02 1.1057836033e-13 3.7307238863e-14 7.3271121471e-14
3.0334472656e+02 1.1053187997e-13 3.7295604262e-14 7.3236275704e-14
3.0340576172e+02 1.1047747344e-13 3.7281463344e-14 7.3196010099e-14
3.0346679688e+02 1.1041612990e-13 3.7264896916e-14 7.3151232988e-14
3.0352783203e+02 1.1034931328e-13 3.7246147801e-14 7.3103165475e-14
3.0358886719e+02 1.1027879553e-13 3.7225572328e-14 7.3053223203e-14
3.0364990234e+02 1.1020654830e-13 3.7203638944e-14 7.3002909354e-14
3.0371093750e+02 1.1013465518e-13 3.7180903254e-14 7.2953751927e-14
3.0377197266e+02 1.1006499313e-13 3.7157906342e-14 7.2907086791e-14
3.0383300781e+02 1.0999936260e-13 3.7135193549e-14 7.2864169046e-14
3.0389404297e+02 1.0993911062e-13 3.7113207326e-14 7.2825903296e-14
3.0395507812e+02 1.0988526329e-13 3.7092304940e-14 7.2792958353e-14
3.0401611328e+02 1.0983835374e-13 3.7072709594e-14 7.2765644145e-14
3.0407714844e+02 1.0979848148e-13 3.7054523299e-14 7.2743958177e-14
3.0413818359e+02 1.0976540258e-13 3.7037775035e-14 7.2727627542e-14
3.0419921875e+02 1.0973857572e-13 3.7022437421e-14 7.2716138303e-14
3.0426025391e+02 1.0971709037e-13 3.7008428432e-14 7.2708661935e-14
3.0432128906e+02 1.0969989062e-13 3.6995677695e-14 7.2704212927e-14
3.0438232422e+02 1.0968575660e-13 3.6984141471e-14 7.2701615127e-14
3.0444335938e+02 1.0967328334e-13 3.6973784414e-14 7.2699498923e-14
3.0450439453e+02 1.0966097763e-13 3.6964582394e-14 7.2696395235e-14
3.0456542969e+02 1.0964723310e-13 3.6956495276e-14 7.2690737827e-14
3.0462646484e+02 1.0963035414e-13 3.6949406908e-14 7.2680947234e-14
3.0468750000e+02 1.0960865773e-13 3.6943130656e-14 7.2665527071e-14
3.0474853516e+02 1.0958058855e-13 3.6937394236e-14 7.2643194314e-14
3.0480957031e+02 1.0954477240e-13 3.6931819491e-14 7.2612952907e-14
3.0487060547e+02 1.0950030316e-13 3.6926003619e-14 7.2574299541e-14
3.0493164062e+02 1.0944679867e-13 3.6919542198e-14 7.2527256469e-14
3.0499267578e+02 1.0938453202e-13 3.6912079100e-14 7.2472452917e-14
3.0505371094e+02 1.0931454518e-13 3.6903386814e-14 7.2411158362e-14
3.0511474609e+02 1.0923863715e-13 3.6893406612e-14 7.2345230533e-14
3.0517578125e+02 1.0915928185e-13 3.6882285861e-14 7.2276995989e-14
3.0523681641e+02 1.0907938035e-13 3.6870340800e-14 7.2209039549e-14
3.0529785156e+02 1.0900204685e-13 3.6858043172e-14 7.2144003683e-14
3.0535888672e+02 1.0893031921e-13 3.6845947063e-14 7.2084372148e-14
3.0541992188e+02 1.0886669797e-13 3.6834577285e-14 7.2032120682e-14
3.0548095703e+02 1.0881289221e-13 3.6824366499e-14 7.1988525712e-14
3.0554199219e+02 1.0876962735e-13 3.6815567919e-14 7.1954059432e-14
3.0560302734e+02 1.0873646911e-13 3.6808195756e-14 7.1928273356e-14
3.0566406250e+02 1.0871187103e-13 3.6802015657e-14 7.1909855372e-14
3.0572509766e+02 1.0869332649e-13 3.6796540171e-14 7.1896786320e-14
3.0578613281e+02 1.0867777458e-13 3.6791139267e-14 7.1886635312e-14
3.0584716797e+02 1.0866186643e-13 3.6785082637e-14 7.1876783792e-14
3.0590820312e+02 1.0864249948e-13 3.6777659654e-14 7.1864839830e-14
3.0596923828e+02 1.0861723004e-13 3.6768303009e-14 7.1848927031e-14
3.0603027344e+02 1.0858444266e-13 3.6756603879e-14 7.1827838785e-14
3.0609130859e+02 1.0854364891e-13 3.6742415060e-14 7.1801233849e-14
3.0615234375e+02 1.0849540677e-13 3.6725835920e-14 7.1769570848e-14
3.0621337891e+02 1.0844127035e-13 3.6707209414e-14 7.1734060935e-14
3.0627441406e+02 1.0838341061e-13 3.6687044207e-14 7.1696366406e-14
3.0633544922e+02 1.0832431146e-13 3.6665936754e-14 7.1658374709e-14
3.0639648438e+02 1.0826649910e-13 3.6644517671e-14 7.1621981429e-14
3.0645751953e+02 1.0821217257e-13 3.6623388396e-14 7.1588784179e-14
3.0651855469e+02 1.0816302961e-13 3.6603058001e-14 7.1559971613e-14
3.0657958984e+02 1.0812005201e-13 3.6583895622e-14 7.1536156383e-14
3.0664062500e+02 1.0808346840e-13 3.6566113764e-14 7.1517354637e-14
3.0670166016e+02 1.0805279609e-13 3.6549769694e-14 7.1503026397e-14
3.0676269531e+02 1.0802698257e-13 3.6534768531e-14 7.1492214041e-14
3.0682373047e+02 1.0800457727e-13 3.6520925950e-14 7.1483651319e-14
3.0688476562e+02 1.0798391524e-13 3.6507982674e-14 7.1475932562e-14
3.0694580078e+02 1.0796315732e-13 3.6495590834e-14 7.1467566483e-14
3.0700683594e+02 1.0794064351e-13 3.6483408811e-14 7.1457234695e-14
3.0706787109e+02 1.0791496599e-13 3.6471108686e-14 7.1443857300e-14
3.0712890625e+02 1.0788509464e-13 3.6458406132e-14 7.1426688504e-14
3.0718994141e+02 1.0785046644e-13 3.6445085347e-14 7.1405381090e-14
3.0725097656e+02 1.0781090110e-13 3.6430968727e-14 7.1379932374e-14
3.0731201172e+02 1.0776664547e-13 3.6415952624e-14 7.1350692842e-14
3.0737304688e+02 1.0771828900e-13 3.6400012214e-14 7.1318276784e-14
3.0743408203e+02 1.0766659003e-13 3.6383169169e-14 7.1283420862e-14
3.0749511719e+02 1.0761234363e-13 3.6365472255e-14 7.1246871372e-14
3.0755615234e+02 1.0755623937e-13 3.6346981651e-14 7.1209257722e-14
3.0761718750e+02 1.0749886952e-13 3.6327808036e-14 7.1171061489e-14
3.0767822266e+02 1.0744066117e-13 3.6308082589e-14 7.1132578584e-14
3.0773925781e+02 1.0738185431e-13 3.6287972777e-14 7.1093881533e-14
3.0780029297e+02 1.0732263089e-13 3.6267683928e-14 7.1054946966e-14
3.0786132812e+02 1.0726323573e-13 3.6247497684e-14 7.1015738044e-14
3.0792236328e+02 1.0720406537e-13 3.6227767147e-14 7.0976298227e-14
3.0798339844e+02 1.0714568607e-13 3.6208893308e-14 7.0936792761e-14
3.0804443359e+02 1.0708901714e-13 3.6191337355e-14 7.0897679788e-14
3.0810546875e+02 1.0703519989e-13 3.6175580938e-14 7.0859618956e-14
3.0816650391e+02 1.0698550520e-13 3.6162086843e-14 7.0823418362e-14
3.0822753906e+02 1.0694120497e-13 3.6151220111e-14 7.0789984863e-14
3.0828857422e+02 1.0690344390e-13 3.6143228250e-14 7.0760215649e-14
3.0834960938e+02 1.0687308361e-13 3.6138213142e-14 7.0734870472e-14
3.0841064453e+02 1.0685047274e-13 3.6136053630e-14 7.0714419109e-14
3.0847167969e+02 1.0683542727e-13 3.6136424310e-14 7.0699002963e-14
3.0853271484e+02 1.0682725835e-13 3.6138821164e-14 7.0688437189e-14
3.0859375000e+02 1.0682470955e-13 3.6142562956e-14 7.0682146597e-14
3.0865478516e+02 1.0682609303e-13 3.6146869649e-14 7.0679223380e-14
3.0871582031e+02 1.0682950494e-13 3.6150936451e-14 7.0678568492e-14
3.0877685547e+02 1.0683296824e-13 3.6154012036e-14 7.0678956205e-14
3.0883789062e+02 1.0683459974e-13 3.6155454404e-14 7.0679145334e-14
3.0889892578e+02 1.0683272072e-13 3.6154767724e-14 7.0677952991e-14
3.0895996094e+02 1.0682607398e-13 3.6151667916e-14 7.0674406068e-14
3.0902099609e+02 1.0681382184e-13 3.6146074276e-14 7.0667747566e-14
3.0908203125e+02 1.0679557393e-13 3.6138082423e-14 7.0657491503e-14
3.0914306641e+02 1.0677135980e-13 3.6127949958e-14 7.0643409838e-14
3.0920410156e+02 1.0674157805e-13 3.6116025294e-14 7.0625552758e-14
3.0926513672e+02 1.0670683081e-13 3.6102679740e-14 7.0604151074e-14
3.0932617188e+02 1.0666772066e-13 3.6088225603e-14 7.0579495055e-14
3.0938720703e+02 1.0662492178e-13 3.6072917290e-14 7.0552004486e-14
3.0944824219e+02 1.0657893836e-13 3.6056898112e-14 7.0522040252e-14
3.0950927734e+02 1.0653003531e-13 3.6040172112e-14 7.0489863196e-14
3.0957031250e+02 1.0647828489e-13 3.6022629608e-14 7.0455655282e-14
3.0963134766e+02 1.0642355762e-13 3.6004086485e-14 7.0419471137e-14
3.0969238281e+02 1.0636567980e-13 3.5984348754e-14 7.0381331046e-14
3.0975341797e+02 1.0630457692e-13 3.5963292619e-14 7.0341284299e-14
3.0981445312e+02 1.0624033155e-13 3.5940897614e-14 7.0299433934e-14
3.0987548828e+02 1.0617333702e-13 3.5917299200e-14 7.0256037821e-14
3.0993652344e+02 1.0610438159e-13 3.5892809517e-14 7.0211572074e-14
3.0999755859e+02 1.0603467429e-13 3.5867941638e-14 7.0166732654e-14
3.1005859375e+02 1.0596579669e-13 3.5843362645e-14 7.0122434044e-14
3.1011962891e+02 1.0589952508e-13 3.5819813543e-14 7.0079711541e-14
3.1018066406e+02 1.0583757191e-13 3.5798019710e-14 7.0039552201e-14
3.1024169922e+02 1.0578143963e-13 3.5778619376e-14 7.0002820256e-14
3.1030273438e+02 1.0573210896e-13 3.5762043657e-14 6.9970065302e-14
3.1036376953e+02 1.0568992716e-13 3.5748473356e-14 6.9941453805e-14
3.1042480469e+02 1.0565446914e-13 3.5737777361e-14 6.9916691775e-14
3.1048583984e+02 1.0562460923e-13 3.5729532301e-14 6.9895076926e-14
3.1054687500e+02 1.0559855585e-13 3.5723040963e-14 6.9875514891e-14
3.1060791016e+02 1.0557420267e-13 3.5717462097e-14 6.9856740577e-14
3.1066894531e+02 1.0554937373e-13 3.5711885913e-14 6.9837487820e-14
3.1072998047e+02 1.0552208194e-13 3.5705424899e-14 6.9816657043e-14
3.1079101562e+02 1.0549079087e-13 3.5697345335e-14 6.9793445534e-14
3.1085205078e+02 1.0545462654e-13 3.5687132482e-14 6.9767494059e-14
3.1091308594e+02 1.0541341189e-13 3.5674533926e-14 6.9738877961e-14
3.1097412109e+02 1.0536756510e-13 3.5659526278e-14 6.9708038818e-14
3.1103515625e+02 1.0531811759e-13 3.5642344321e-14 6.9675773265e-14
3.1109619141e+02 1.0526635385e-13 3.5623369614e-14 6.9642984237e-14
3.1115722656e+02 1.0521365295e-13 3.5603090572e-14 6.9610562380e-14
3.1121826172e+02 1.0516130381e-13 3.5582026530e-14 6.9579277280e-14
3.1127929688e+02 1.0511032768e-13 3.5560670720e-14 6.9549656963e-14
3.1134033203e+02 1.0506138012e-13 3.5539465387e-14 6.9521914735e-14
3.1140136719e+02 1.0501474946e-13 3.5518774705e-14 6.9495974752e-14
3.1146240234e+02 1.0497039982e-13 3.5498865364e-14 6.9471534453e-14
3.1152343750e+02 1.0492806618e-13 3.5479945630e-14 6.9448120545e-14
3.1158447266e+02 1.0488729730e-13 3.5462141721e-14 6.9425155575e-14
3.1164550781e+02 1.0484764973e-13 3.5445543271e-14 6.9402106457e-14
3.1170654297e+02 1.0480869668e-13 3.5430175706e-14 6.9378520972e-14
3.1176757812e+02 1.0477009623e-13 3.5416010924e-14 6.9354085310e-14
3.1182861328e+02 1.0473164157e-13 3.5402974720e-14 6.9328666854e-14
3.1188964844e+02 1.0469323590e-13 3.5390930792e-14 6.9302305106e-14
3.1195068359e+02 1.0465492715e-13 3.5379712006e-14 6.9275215141e-14
3.1201171875e+02 1.0461689315e-13 3.5369137739e-14 6.9247755414e-14
3.1207275391e+02 1.0457938049e-13 3.5359018464e-14 6.9220362030e-14
3.1213378906e+02 1.0454265528e-13 3.5349180087e-14 6.9193475198e-14
3.1219482422e+02 1.0450701148e-13 3.5339489332e-14 6.9167522144e-14
3.1225585938e+02 1.0447269802e-13 3.5329865220e-14 6.9142832804e-14
3.1231689453e+02 1.0443988442e-13 3.5320284537e-14 6.9119599886e-14
3.1237792969e+02 1.0440863081e-13 3.5310767119e-14 6.9097863692e-14
3.1243896484e+02 1.0437893971e-13 3.5301371534e-14 6.9077568175e-14
3.1250000000e+02 1.0435068728e-13 3.5292161694e-14 6.9058525585e-14
3.1256103516e+02 1.0432376001e-13 3.5283207413e-14 6.9040552600e-14
3.1262207031e+02 1.0429806397e-13 3.5274554241e-14 6.9023509727e-14
3.1268310547e+02 1.0427361469e-13 3.5266237988e-14 6.9007376706e-14
3.1274414062e+02 1.0425054465e-13 3.5258277447e-14 6.8992267207e-14
3.1280517578e+02 1.0422909475e-13 3.5250670821e-14 6.8978423931e-14
3.1286621094e+02 1.0420960781e-13 3.5243406406e-14 6.8966201403e-14
3.1292724609e+02 1.0419251127e-13 3.5236501948e-14 6.8956009324e-14
3.1298828125e+02 1.0417814246e-13 3.5229982865e-14 6.8948159595e-14
3.1304931641e+02 1.0416661275e-13 3.5223842886e-14 6.8942769867e-14
3.1311035156e+02 1.0415775445e-13 3.5218052953e-14 6.8939701501e-14
3.1317138672e+02 1.0415096599e-13 3.5212520524e-14 6.8938445463e-14
3.1323242188e+02 1.0414521904e-13 3.5207059947e-14 6.8938159091e-14
3.1329345703e+02 1.0413912135e-13 3.5201385106e-14 6.8937736243e-14
3.1335449219e+02 1.0413096092e-13 3.5195096573e-14 6.8935864345e-14
3.1341552734e+02 1.0411896355e-13 3.5187732398e-14 6.8931231154e-14
3.1347656250e+02 1.0410146335e-13 3.5178805355e-14 6.8922657996e-14
3.1353759766e+02 1.0407706957e-13 3.5167837010e-14 6.8909232561e-14
3.1359863281e+02 1.0404484659e-13 3.5154430621e-14 6.8890415970e-14
3.1365966797e+02 1.0400455087e-13 3.5138371260e-14 6.8866179606e-14
3.1372070312e+02 1.0395654678e-13 3.5119628417e-14 6.8836918365e-14
3.1378173828e+02 1.0390182751e-13 3.5098405332e-14 6.8803422182e-14
3.1384277344e+02 1.0384184852e-13 3.5075114161e-14 6.8766734357e-14
3.1390380859e+02 1.0377839202e-13 3.5050321091e-14 6.8728070925e-14
3.1396484375e+02 1.0371339936e-13 3.5024724835e-14 6.8688674526e-14
3.1402587891e+02 1.0364866021e-13 3.4999036230e-14 6.8649623978e-14
3.1408691406e+02 1.0358569463e-13 3.4973916927e-14 6.8611777699e-14
3.1414794922e+02 1.0352557236e-13 3.4949886741e-14 6.8575685614e-14
3.1420898438e+02 1.0346904803e-13 3.4927333715e-14 6.8541714312e-14
3.1427001953e+02 1.0341639177e-13 3.4906439414e-14 6.8509952355e-14
3.1433105469e+02 1.0336754127e-13 3.4887195316e-14 6.8480345959e-14
3.1439208984e+02 1.0332224471e-13 3.4869460106e-14 6.8452784599e-14
3.1445312500e+02 1.0328018356e-13 3.4852994081e-14 6.8427189482e-14
3.1451416016e+02 1.0324101398e-13 3.4837513715e-14 6.8403500262e-14
3.1457519531e+02 1.0320447398e-13 3.4822756769e-14 6.8381717207e-14
3.1463623047e+02 1.0317044134e-13 3.4808524798e-14 6.8361916543e-14
3.1469726562e+02 1.0313880504e-13 3.4794681334e-14 6.8344123704e-14
3.1475830078e+02 1.0310946156e-13 3.4781175662e-14 6.8328285898e-14
3.1481933594e+02 1.0308229800e-13 3.4768048889e-14 6.8314249113e-14
3.1488037109e+02 1.0305705962e-13 3.4755391894e-14 6.8301667730e-14
3.1494140625e+02 1.0303342904e-13 3.4743348083e-14 6.8290080955e-14
3.1500244141e+02 1.0301101555e-13 3.4732088697e-14 6.8278926858e-14
3.1506347656e+02 1.0298935101e-13 3.4721764939e-14 6.8267586067e-14
3.1512451172e+02 1.0296798620e-13 3.4712505950e-14 6.8255480250e-14
3.1518554688e+02 1.0294658709e-13 3.4704431495e-14 6.8242155595e-14
3.1524658203e+02 1.0292498212e-13 3.4697619468e-14 6.8227362654e-14
3.1530761719e+02 1.0290307849e-13 3.4692091941e-14 6.8210986553e-14
3.1536865234e+02 1.0288088549e-13 3.4687810083e-14 6.8193075407e-14
3.1542968750e+02 1.0285845230e-13 3.4684663445e-14 6.8173788855e-14
3.1549072266e+02 1.0283576176e-13 3.4682455500e-14 6.8153306259e-14
3.1555175781e+02 1.0281260102e-13 3.4680884283e-14 6.8131716739e-14
3.1561279297e+02 1.0278849634e-13 3.4679540977e-14 6.8108955362e-14
3.1567382812e+02 1.0276277208e-13 3.4677954052e-14 6.8084818028e-14
3.1573486328e+02 1.0273463735e-13 3.4675639730e-14 6.8058997617e-14
3.1579589844e+02 1.0270322568e-13 3.4672119985e-14 6.8031105698e-14
3.1585693359e+02 1.0266783097e-13 3.4667007284e-14 6.8000823682e-14
3.1591796875e+02 1.0262805339e-13 3.4660057202e-14 6.7967996184e-14
3.1597900391e+02 1.0258394587e-13 3.4651215327e-14 6.7932730545e-14
3.1604003906e+02 1.0253610750e-13 3.4640623206e-14 6.7895484290e-14
3.1610107422e+02 1.0248567798e-13 3.4628625511e-14 6.7857052470e-14
3.1616210938e+02 1.0243429679e-13 3.4615748003e-14 6.7818548785e-14
3.1622314453e+02 1.0238387310e-13 3.4602607956e-14 6.7781265141e-14
3.1628417969e+02 1.0233639878e-13 3.4589860569e-14 6.7746538215e-14
3.1634521484e+02 1.0229366063e-13 3.4578104617e-14 6.7715556016e-14
3.1640625000e+02 1.0225705572e-13 3.4567825411e-14 6.7689230306e-14
3.1646728516e+02 1.0222740315e-13 3.4559344343e-14 6.7668058806e-14
3.1652832031e+02 1.0220476792e-13 3.4552769498e-14 6.7651998418e-14
3.1658935547e+02 1.0218858548e-13 3.4548035165e-14 6.7640550311e-14
3.1665039062e+02 1.0217770769e-13 3.4544918699e-14 6.7632788993e-14
3.1671142578e+02 1.0217058314e-13 3.4543073363e-14 6.7627509778e-14
3.1677246094e+02 1.0216541692e-13 3.4542080910e-14 6.7623336013e-14
3.1683349609e+02 1.0216049360e-13 3.4541522382e-14 6.7618971221e-14
3.1689453125e+02 1.0215427511e-13 3.4540982483e-14 6.7613292631e-14
3.1695556641e+02 1.0214557647e-13 3.4540094184e-14 6.7605482287e-14
3.1701660156e+02 1.0213362169e-13 3.4538559452e-14 6.7595062235e-14
3.1707763672e+02 1.0211793234e-13 3.4536085944e-14 6.7581846395e-14
3.1713867188e+02 1.0209834796e-13 3.4532419736e-14 6.7565928228e-14
3.1719970703e+02 1.0207490728e-13 3.4527327199e-14 6.7547580085e-14
3.1726074219e+02 1.0204765485e-13 3.4520574611e-14 6.7527080235e-14
3.1732177734e+02 1.0201651124e-13 3.4511907935e-14 6.7504603300e-14
3.1738281250e+02 1.0198129602e-13 3.4501087753e-14 6.7480208266e-14
3.1744384766e+02 1.0194164584e-13 3.4487908993e-14 6.7453736848e-14
3.1750488281e+02 1.0189698205e-13 3.4472177233e-14 6.7424804821e-14
3.1756591797e+02 1.0184660483e-13 3.4453767865e-14 6.7392836969e-14
3.1762695312e+02 1.0178983083e-13 3.4432633007e-14 6.7357197818e-14
3.1768798828e+02 1.0172611253e-13 3.4408845420e-14 6.7317267115e-14
3.1774902344e+02 1.0165515518e-13 3.4382613854e-14 6.7272541323e-14
3.1781005859e+02 1.0157709746e-13 3.4354299683e-14 6.7222797779e-14
3.1787109375e+02 1.0149252171e-13 3.4324384751e-14 6.7168136955e-14
3.1793212891e+02 1.0140256373e-13 3.4293504404e-14 6.7109059322e-14
3.1799316406e+02 1.0130890889e-13 3.4262397488e-14 6.7046511406e-14
3.1805419922e+02 1.0121362050e-13 3.4231842926e-14 6.6981777574e-14
3.1811523438e+02 1.0111908070e-13 3.4202627958e-14 6.6916452745e-14
3.1817626953e+02 1.0102777648e-13 3.4175474574e-14 6.6852301908e-14
3.1823730469e+02 1.0094205981e-13 3.4150962167e-14 6.6791097639e-14
3.1829833984e+02 1.0086391680e-13 3.4129446166e-14 6.6734470634e-14
3.1835937500e+02 1.0079484279e-13 3.4111062052e-14 6.6683780738e-14
3.1842041016e+02 1.0073571175e-13 3.4095686360e-14 6.6640025394e-14
3.1848144531e+02 1.0068672406e-13 3.4082970193e-14 6.6603753869e-14
3.1854248047e+02 1.0064741972e-13 3.4072388937e-14 6.6575030780e-14
3.1860351562e+02 1.0061687544e-13 3.4063338898e-14 6.6553536546e-14
3.1866455078e+02 1.0059377564e-13 3.4055199285e-14 6.6538576357e-14
3.1872558594e+02 1.0057659197e-13 3.4047421259e-14 6.6529170709e-14
3.1878662109e+02 1.0056371280e-13 3.4039581176e-14 6.6524131629e-14
3.1884765625e+02 1.0055358916e-13 3.4031420188e-14 6.6522168973e-14
3.1890869141e+02 1.0054488323e-13 3.4022860158e-14 6.6522023071e-14
3.1896972656e+02 1.0053645674e-13 3.4013962625e-14 6.6522494110e-14
3.1903076172e+02 1.0052736147e-13 3.4004877228e-14 6.6522484238e-14
3.1909179688e+02 1.0051689905e-13 3.3995797219e-14 6.6521101829e-14
3.1915283203e+02 1.0050456857e-13 3.3986892272e-14 6.6517676299e-14
3.1921386719e+02 1.0049010465e-13 3.3978283069e-14 6.6511821581e-14
3.1927490234e+02 1.0047345472e-13 3.3970014330e-14 6.6503440389e-14
3.1933593750e+02 1.0045476511e-13 3.3962066495e-14 6.6492698618e-14
3.1939697266e+02 1.0043442055e-13 3.3954374598e-14 6.6480045953e-14
3.1945800781e+02 1.0041298449e-13 3.3946854595e-14 6.6466129895e-14
3.1951904297e+02 1.0039118997e-13 3.3939459944e-14 6.6451730030e-14
3.1958007812e+02 1.0036986224e-13 3.3932189436e-14 6.6437672806e-14
3.1964111328e+02 1.0034988804e-13 3.3925110372e-14 6.6424777666e-14
3.1970214844e+02 1.0033201054e-13 3.3918321618e-14 6.6413688925e-14
3.1976318359e+02 1.0031683430e-13 3.3911973346e-14 6.6404860953e-14
3.1982421875e+02 1.0030463798e-13 3.3906187671e-14 6.6398450306e-14
3.1988525391e+02 1.0029536697e-13 3.3901032174e-14 6.6394334794e-14
3.1994628906e+02 1.0028853918e-13 3.3896492870e-14 6.6392046305e-14
3.2000732422e+02 1.0028327390e-13 3.3892438290e-14 6.6390835608e-14
3.2006835938e+02 1.0027831396e-13 3.3888621791e-14 6.6389692171e-14
3.2012939453e+02 1.0027208162e-13 3.3884679418e-14 6.6387402197e-14
3.2019042969e+02 1.0026289082e-13 3.3880206344e-14 6.6382684479e-14
3.2025146484e+02 1.0024901690e-13 3.3874771450e-14 6.6374245453e-14
3.2031250000e+02 1.0022884601e-13 3.3867959177e-14 6.6360886829e-14
3.2037353516e+02 1.0020103945e-13 3.3859419158e-14 6.6341620296e-14
3.2043457031e+02 1.0016467639e-13 3.3848936203e-14 6.6315740187e-14
3.2049560547e+02 1.0011929741e-13 3.3836412802e-14 6.6282884612e-14
3.2055664062e+02 1.0006498360e-13 3.3821887224e-14 6.6243096381e-14
3.2061767578e+02 1.0000246189e-13 3.3805575174e-14 6.6196886715e-14
3.2067871094e+02 9.9932949350e-14 3.3787803669e-14 6.6145145681e-14
3.2073974609e+02 9.9858149082e-14 3.3769015649e-14 6.6089133434e-14
3.2080078125e+02 9.9780119401e-14 3.3749711275e-14 6.6030408126e-14
3.2086181641e+02 9.9701114703e-14 3.3730418257e-14 6.5970696446e-14
3.2092285156e+02 9.9623482917e-14 3.3711678327e-14 6.5911804589e-14
3.2098388672e+02 9.9549373349e-14 3.3693948405e-14 6.5855424943e-14
3.2104492188e+02 9.9480589063e-14 3.3677565811e-14 6.5803023252e-14
3.2110595703e+02 9.9418434190e-14 3.3662727047e-14 6.5755707143e-14
3.2116699219e+02 9.9363589631e-14 3.3649454469e-14 6.5714135163e-14
3.2122802734e+02 9.9316116641e-14 3.3637595882e-14 6.5678520759e-14
3.2128906250e+02 9.9275432330e-14 3.3626826273e-14 6.5648606057e-14
3.2135009766e+02 9.9240452177e-14 3.3616710578e-14 6.5623741599e-14
3.2141113281e+02 9.9209835223e-14 3.3606779319e-14 6.5603055905e-14
3.2147216797e+02 9.9182064837e-14 3.3596552584e-14 6.5585512252e-14
3.2153320312e+02 9.9155799171e-14 3.3585654890e-14 6.5570144281e-14
3.2159423828e+02 9.9130056503e-14 3.3573868622e-14 6.5556187881e-14
3.2165527344e+02 9.9104381571e-14 3.3561195621e-14 6.5543185951e-14
3.2171630859e+02 9.9078885490e-14 3.3547868967e-14 6.5531016523e-14
3.2177734375e+02 9.9054185883e-14 3.3534327336e-14 6.5519858547e-14
3.2183837891e+02 9.9031308921e-14 3.3521174695e-14 6.5510134227e-14
3.2189941406e+02 9.9011365996e-14 3.3509064549e-14 6.5502301448e-14
3.2196044922e+02 9.8995395631e-14 3.3498639686e-14 6.5496755945e-14
3.2202148438e+02 9.8983980921e-14 3.3490388497e-14 6.5493592424e-14
3.2208251953e+02 9.8977122567e-14 3.3484574111e-14 6.5492548456e-14
3.2214355469e+02 9.8974190889e-14 3.3481195846e-14 6.5492995043e-14
3.2220458984e+02 9.8973836960e-14 3.3479944923e-14 6.5493892036e-14
3.2226562500e+02 9.8974203201e-14 3.3480260066e-14 6.5493943135e-14
3.2232666016e+02 9.8973138568e-14 3.3481379664e-14 6.5491758904e-14
3.2238769531e+02 9.8968485744e-14 3.3482445964e-14 6.5486039780e-14
3.2244873047e+02 9.8958389016e-14 3.3482605984e-14 6.5475783033e-14
3.2250976562e+02 9.8941569964e-14 3.3481142561e-14 6.5460427403e-14
3.2257080078e+02 9.8917418388e-14 3.3477517542e-14 6.5439900846e-14
3.2263183594e+02 9.8886000442e-14 3.3471395310e-14 6.5414605131e-14
3.2269287109e+02 9.8848089418e-14 3.3462698460e-14 6.5385390958e-14
3.2275390625e+02 9.8804919789e-14 3.3451555484e-14 6.5353364305e-14
3.2281494141e+02 9.8758012295e-14 3.3438252828e-14 6.5319759468e-14
3.2287597656e+02 9.8708850034e-14 3.3423139175e-14 6.5285710859e-14
3.2293701172e+02 9.8658788363e-14 3.3406604258e-14 6.5252184105e-14
3.2299804688e+02 9.8608812532e-14 3.3388999279e-14 6.5219813253e-14
3.2305908203e+02 9.8559535542e-14 3.3370605986e-14 6.5188929556e-14
3.2312011719e+02 9.8511215778e-14 3.3351651691e-14 6.5159564087e-14
3.2318115234e+02 9.8463786297e-14 3.3332279007e-14 6.5131507289e-14
3.2324218750e+02 9.8417055564e-14 3.3312608804e-14 6.5104446760e-14
3.2330322266e+02 9.8370799951e-14 3.3292744299e-14 6.5078055652e-14
3.2336425781e+02 9.8324946015e-14 3.3272822099e-14 6.5052123916e-14
3.2342529297e+02 9.8279612908e-14 3.3253032961e-14 6.5026579947e-14
3.2348632812e+02 9.8235187891e-14 3.3233634782e-14 6.5001553108e-14
3.2354736328e+02 9.8192250240e-14 3.3214922212e-14 6.4977328028e-14
3.2360839844e+02 9.8151508875e-14 3.3197238259e-14 6.4954270616e-14
3.2366943359e+02 9.8113624868e-14 3.3180905502e-14 6.4932719366e-14
3.2373046875e+02 9.8079037693e-14 3.3166187710e-14 6.4912849983e-14
3.2379150391e+02 9.8047933333e-14 3.3153264618e-14 6.4894668716e-14
3.2385253906e+02 9.8019993832e-14 3.3142165960e-14 6.4877827871e-14
3.2391357422e+02 9.7994450025e-14 3.3132772365e-14 6.4861677660e-14
3.2397460938e+02 9.7970156552e-14 3.3124814955e-14 6.4845341597e-14
3.2403564453e+02 9.7945640160e-14 3.3117886727e-14 6.4827753434e-14
3.2409667969e+02 9.7919491203e-14 3.3111547242e-14 6.4807943962e-14
3.2415771484e+02 9.7890387002e-14 3.3105314729e-14 6.4785072273e-14
3.2421875000e+02 9.7857370361e-14 3.3098742770e-14 6.4758627592e-14
3.2427978516e+02 9.7820053305e-14 3.3091496534e-14 6.4728556771e-14
3.2434082031e+02 9.7778579831e-14 3.3083343676e-14 6.4695236156e-14
3.2440185547e+02 9.7733714795e-14 3.3074206495e-14 6.4659508300e-14
3.2446289062e+02 9.7686673045e-14 3.3064126748e-14 6.4622546297e-14
3.2452392578e+02 9.7638956790e-14 3.3053256319e-14 6.4585700471e-14
3.2458496094e+02 9.7592236624e-14 3.3041840873e-14 6.4550395752e-14
3.2464599609e+02 9.7548033609e-14 3.3030149217e-14 6.4517884392e-14
3.2470703125e+02 9.7507571117e-14 3.3018455132e-14 6.4489115985e-14
3.2476806641e+02 9.7471624960e-14 3.3006977619e-14 6.4464647341e-14
3.2482910156e+02 9.7440453692e-14 3.2995879693e-14 6.4444573999e-14
3.2489013672e+02 9.7413794836e-14 3.2985241141e-14 6.4428553694e-14
3.2495117188e+02 9.7390784650e-14 3.2975025983e-14 6.4415758666e-14
3.2501220703e+02 9.7370160855e-14 3.2965109526e-14 6.4405051329e-14
3.2507324219e+02 9.7350232791e-14 3.2955258787e-14 6.4394974004e-14
3.2513427734e+02 9.7329158181e-14 3.2945187673e-14 6.4383970507e-14
3.2519531250e+02 9.7305096880e-14 3.2934577724e-14 6.4370519156e-14
3.2525634766e+02 9.7276343257e-14 3.2923105524e-14 6.4353237733e-14
3.2531738281e+02 9.7241648638e-14 3.2910533355e-14 6.4331115283e-14
3.2537841797e+02 9.7200354738e-14 3.2896745198e-14 6.4303609540e-14
3.2543945312e+02 9.7152480698e-14 3.2881778024e-14 6.4270702674e-14
3.2550048828e+02 9.7098814377e-14 3.2865854265e-14 6.4232960112e-14
3.2556152344e+02 9.7040893383e-14 3.2849392039e-14 6.4191501344e-14
3.2562255859e+02 9.6980824872e-14 3.2832949301e-14 6.4147875571e-14
3.2568359375e+02 9.6921092777e-14 3.2817196850e-14 6.4103895927e-14
3.2574462891e+02 9.6864315963e-14 3.2802840473e-14 6.4061475491e-14
3.2580566406e+02 9.6812899013e-14 3.2790524829e-14 6.4022374184e-14
3.2586669922e+02 9.6768786677e-14 3.2780743806e-14 6.3988042872e-14
3.2592773438e+02 9.6733235954e-14 3.2773791740e-14 6.3959444214e-14
3.2598876953e+02 9.6706781245e-14 3.2769739449e-14 6.3937041796e-14
3.2604980469e+02 9.6689090821e-14 3.2768398975e-14 6.3920691845e-14
3.2611083984e+02 9.6679121528e-14 3.2769359404e-14 6.3909762124e-14
3.2617187500e+02 9.6675239205e-14 3.2772045619e-14 6.3903193586e-14
3.2623291016e+02 9.6675391532e-14 3.2775757250e-14 6.3899634282e-14
3.2629394531e+02 9.6677372704e-14 3.2779759436e-14 6.3897613268e-14
3.2635498047e+02 9.6678988922e-14 3.2783335117e-14 6.3895653805e-14
3.2641601562e+02 9.6678251533e-14 3.2785844671e-14 6.3892406861e-14
3.2647705078e+02 9.6673513506e-14 3.2786749170e-14 6.3886764336e-14
3.2653808594e+02 9.6663572849e-14 3.2785642719e-14 6.3877930130e-14
3.2659912109e+02 9.6647671851e-14 3.2782235979e-14 6.3865435872e-14
3.2666015625e+02 9.6625488698e-14 3.2776355737e-14 6.3849132960e-14
3.2672119141e+02 9.6597132322e-14 3.2767935904e-14 6.3829196418e-14
3.2678222656e+02 9.6563060686e-14 3.2757007186e-14 6.3806053499e-14
3.2684326172e+02 9.6523975885e-14 3.2743672605e-14 6.3780303280e-14
3.2690429688e+02 9.6480770580e-14 3.2728118842e-14 6.3752651737e-14
3.2696533203e+02 9.6434493800e-14 3.2710617759e-14 6.3723876041e-14
3.2702636719e+02 9.6386215972e-14 3.2691512965e-14 6.3694703007e-14
3.2708740234e+02 9.6337006763e-14 3.2671205114e-14 6.3665801650e-14
3.2714843750e+02 9.6287863611e-14 3.2650141222e-14 6.3637722389e-14
3.2720947266e+02 9.6239663046e-14 3.2628778768e-14 6.3610884278e-14
3.2727050781e+02 9.6193267233e-14 3.2607598260e-14 6.3585668974e-14
3.2733154297e+02 9.6149413953e-14 3.2587048055e-14 6.3562365898e-14
3.2739257812e+02 9.6108659700e-14 3.2567498335e-14 6.3541161365e-14
3.2745361328e+02 9.6071497359e-14 3.2549264087e-14 6.3522233272e-14
3.2751464844e+02 9.6038290874e-14 3.2532573557e-14 6.3505717317e-14
3.2757568359e+02 9.6009252001e-14 3.2517562715e-14 6.3491689286e-14
3.2763671875e+02 9.5984450685e-14 3.2504279615e-14 6.3480171070e-14
3.2769775391e+02 9.5963761982e-14 3.2492690081e-14 6.3471071901e-14
3.2775878906e+02 9.5946917925e-14 3.2482705658e-14 6.3464212267e-14
3.2781982422e+02 9.5933463591e-14 3.2474176213e-14 6.3459287378e-14
3.2788085938e+02 9.5922814470e-14 3.2466933212e-14 6.3455881259e-14
3.2794189453e+02 9.5914242900e-14 3.2460774781e-14 6.3453468119e-14
3.2800292969e+02 9.5906959968e-14 3.2455494168e-14 6.3451465801e-14
3.2806396484e+02 9.5900130576e-14 3.2450866276e-14 6.3449264301e-14
3.2812500000e+02 9.5893016903e-14 3.2446684644e-14 6.3446332260e-14
3.2818603516e+02 9.5885006740e-14 3.2442744653e-14 6.3442262087e-14
3.2824707031e+02 9.5875756398e-14 3.2438894043e-14 6.3436862355e-14
3.2830810547e+02 9.5865092320e-14 3.2434999417e-14 6.3430092903e-14
3.2836914062e+02 9.5853107461e-14 3.2430974830e-14 6.3422132632e-14
3.2843017578e+02 9.5840109662e-14 3.2426783611e-14 6.3413326051e-14
3.2849121094e+02 9.5826507533e-14 3.2422413243e-14 6.3404094290e-14
3.2855224609e+02 9.5812762179e-14 3.2417880327e-14 6.3394881851e-14
3.2861328125e+02 9.5799263825e-14 3.2413206423e-14 6.3386057402e-14
3.2867431641e+02 9.5786143201e-14 3.2408368211e-14 6.3377774990e-14
3.2873535156e+02 9.5773293643e-14 3.2403302624e-14 6.3369991020e-14
3.2879638672e+02 9.5760436174e-14 3.2397907170e-14 6.3362529004e-14
3.2885742188e+02 9.5746927826e-14 3.2391975488e-14 6.3354952338e-14
3.2891845703e+02 9.5731989267e-14 3.2385247049e-14 6.3346742217e-14
3.2897949219e+02 9.5714795697e-14 3.2377440686e-14 6.3337355011e-14
3.2904052734e+02 9.5694549144e-14 3.2368258460e-14 6.3326290684e-14
3.2910156250e+02 9.5670557529e-14 3.2357430314e-14 6.3313127215e-14
3.2916259766e+02 9.5642309223e-14 3.2344747095e-14 6.3297562128e-14
3.2922363281e+02 9.5609527955e-14 3.2330111325e-14 6.3279416630e-14
3.2928466797e+02 9.5572090604e-14 3.2313542400e-14 6.3258548205e-14
3.2934570312e+02 9.5530072930e-14 3.2295203041e-14 6.3234869888e-14
3.2940673828e+02 9.5483589773e-14 3.2275355411e-14 6.3208234361e-14
3.2946777344e+02 9.5432815369e-14 3.2254361870e-14 6.3178453499e-14
3.2952880859e+02 9.5377933560e-14 3.2232645776e-14 6.3145287784e-14
3.2958984375e+02 9.5319193780e-14 3.2210663906e-14 6.3108529874e-14
3.2965087891e+02 9.5256900819e-14 3.2188841622e-14 6.3068059197e-14
3.2971191406e+02 9.5191471684e-14 3.2167555286e-14 6.3023916398e-14
3.2977294922e+02 9.5123539005e-14 3.2147107609e-14 6.2976431396e-14
3.2983398438e+02 9.5053921534e-14 3.2127706460e-14 6.2926215074e-14
3.2989501953e+02 9.4983667077e-14 3.2109465815e-14 6.2874201261e-14
3.2995605469e+02 9.4914034234e-14 3.2092428996e-14 6.2821605238e-14
3.3001708984e+02 9.4846365280e-14 3.2076574954e-14 6.2769790326e-14
3.3007812500e+02 9.4782012408e-14 3.2061827539e-14 6.2720184869e-14
3.3013916016e+02 9.4722228778e-14 3.2048109704e-14 6.2674119075e-14
3.3020019531e+02 9.4667992263e-14 3.2035334825e-14 6.2632657438e-14
3.3026123047e+02 9.4619992061e-14 3.2023438609e-14 6.2596553452e-14
3.3032226562e+02 9.4578469920e-14 3.2012362972e-14 6.2566106948e-14
3.3038330078e+02 9.4543179419e-14 3.2002043273e-14 6.2541136146e-14
3.3044433594e+02 9.4513376055e-14 3.1992390209e-14 6.2520985846e-14
3.3050537109e+02 9.4487956674e-14 3.1983299203e-14 6.2504657471e-14
3.3056640625e+02 9.4465454822e-14 3.1974610642e-14 6.2490844179e-14
3.3062744141e+02 9.4444260779e-14 3.1966143596e-14 6.2478117183e-14
3.3068847656e+02 9.4422792457e-14 3.1957698509e-14 6.2465093948e-14
3.3074951172e+02 9.4399577367e-14 3.1949059359e-14 6.2450518008e-14
3.3081054688e+02 9.4373532112e-14 3.1940068084e-14 6.2433464028e-14
3.3087158203e+02 9.4344016254e-14 3.1930632834e-14 6.2413383421e-14
3.3093261719e+02 9.4310980491e-14 3.1920768206e-14 6.2390212284e-14
3.3099365234e+02 9.4274915413e-14 3.1910584242e-14 6.2364331172e-14
3.3105468750e+02 9.4236877912e-14 3.1900318935e-14 6.2336558977e-14
3.3111572266e+02 9.4198337031e-14 3.1890291303e-14 6.2308045728e-14
3.3117675781e+02 9.4161083880e-14 3.1880893559e-14 6.2280190321e-14
3.3123779297e+02 9.4126894200e-14 3.1872491276e-14 6.2254402924e-14
3.3129882812e+02 9.4097493022e-14 3.1865417072e-14 6.2232075950e-14
3.3135986328e+02 9.4074259599e-14 3.1859898731e-14 6.2214360868e-14
3.3142089844e+02 9.4058165163e-14 3.1856055690e-14 6.2202109473e-14
3.3148193359e+02 9.4049635563e-14 3.1853867891e-14 6.2195767672e-14
3.3154296875e+02 9.4048503584e-14 3.1853181909e-14 6.2195321675e-14
3.3160400391e+02 9.4054121989e-14 3.1853769295e-14 6.2200352695e-14
3.3166503906e+02 9.4065386839e-14 3.1855339917e-14 6.2210046921e-14
3.3172607422e+02 9.4080807230e-14 3.1857567105e-14 6.2223240124e-14
3.3178710938e+02 9.4098791252e-14 3.1860158293e-14 6.2238632959e-14
3.3184814453e+02 9.4117632498e-14 3.1862847753e-14 6.2254784745e-14
3.3190917969e+02 9.4135682102e-14 3.1865419219e-14 6.2270262883e-14
3.3197021484e+02 9.4151497488e-14 3.1867710091e-14 6.2283787397e-14
3.3203125000e+02 9.4163842431e-14 3.1869579775e-14 6.2294262656e-14
3.3209228516e+02 9.4171741004e-14 3.1870901700e-14 6.2300839304e-14
3.3215332031e+02 9.4174496784e-14 3.1871537394e-14 6.2302959390e-14
3.3221435547e+02 9.4171590951e-14 3.1871310885e-14 6.2300280066e-14
3.3227539062e+02 9.4162736753e-14 3.1870031955e-14 6.2292704798e-14
3.3233642578e+02 9.4147654141e-14 3.1867442340e-14 6.2280211801e-14
3.3239746094e+02 9.4126232110e-14 3.1863287753e-14 6.2262944357e-14
3.3245849609e+02 9.4098373975e-14 3.1857312752e-14 6.2241061223e-14
3.3251953125e+02 9.4064038697e-14 3.1849300166e-14 6.2214738532e-14
3.3258056641e+02 9.4023281197e-14 3.1839086316e-14 6.2184194881e-14
3.3264160156e+02 9.3976299304e-14 3.1826595146e-14 6.2149704158e-14
3.3270263672e+02 9.3923439219e-14 3.1811849564e-14 6.2111589655e-14
3.3276367188e+02 9.3865301749e-14 3.1794984591e-14 6.2070317158e-14
3.3282470703e+02 9.3802746295e-14 3.1776251267e-14 6.2026495028e-14
3.3288574219e+02 9.3736893335e-14 3.1756004429e-14 6.1980888906e-14
3.3294677734e+02 9.3669055390e-14 3.1734668040e-14 6.1934387351e-14
3.3300781250e+02 9.3600708591e-14 3.1712736239e-14 6.1887972353e-14
3.3306884766e+02 9.3533373605e-14 3.1690738310e-14 6.1842635295e-14
3.3312988281e+02 9.3468524045e-14 3.1669203065e-14 6.1799320980e-14
3.3319091797e+02 9.3407476072e-14 3.1648644463e-14 6.1758831609e-14
3.3325195312e+02 9.3351304147e-14 3.1629508660e-14 6.1721795487e-14
3.3331298828e+02 9.3300764823e-14 3.1612159349e-14 6.1688605474e-14
3.3337402344e+02 9.3256268026e-14 3.1596851858e-14 6.1659416169e-14
3.3343505859e+02 9.3217882350e-14 3.1583712333e-14 6.1634170017e-14
3.3349609375e+02 9.3185413037e-14 3.1572743879e-14 6.1612669158e-14
3.3355712891e+02 9.3158357475e-14 3.1563801175e-14 6.1594556300e-14
3.3361816406e+02 9.3136038316e-14 3.1556633143e-14 6.1579405173e-14
3.3367919922e+02 9.3117670481e-14 3.1550896261e-14 6.1566774221e-14
3.3374023438e+02 9.3102344255e-14 3.1546166221e-14 6.1556178035e-14
3.3380126953e+02 9.3089134733e-14 3.1542009714e-14 6.1547125020e-14
3.3386230469e+02 9.3077198279e-14 3.1538030645e-14 6.1539167634e-14
3.3392333984e+02 9.3065675032e-14 3.1533870990e-14 6.1531804042e-14
3.3398437500e+02 9.3053783231e-14 3.1529268580e-14 6.1524514651e-14
3.3404541016e+02 9.3040859768e-14 3.1524067646e-14 6.1516792122e-14
3.3410644531e+02 9.3026357064e-14 3.1518229254e-14 6.1508127810e-14
3.3416748047e+02 9.3009864309e-14 3.1511803903e-14 6.1498060405e-14
3.3422851562e+02 9.2991192038e-14 3.1504947041e-14 6.1486244997e-14
3.3428955078e+02 9.2970250100e-14 3.1497825195e-14 6.1472424905e-14
3.3435058594e+02 9.2947096997e-14 3.1490621117e-14 6.1456475880e-14
3.3441162109e+02 9.2921850912e-14 3.1483469017e-14 6.1438381895e-14
3.3447265625e+02 9.2894676561e-14 3.1476431928e-14 6.1418244633e-14
3.3453369141e+02 9.2865737106e-14 3.1469485385e-14 6.1396251721e-14
3.3459472656e+02 9.2835100949e-14 3.1462499168e-14 6.1372601781e-14
3.3465576172e+02 9.2802704710e-14 3.1455241223e-14 6.1347463487e-14
3.3471679688e+02 9.2768360117e-14 3.1447412771e-14 6.1320947346e-14
3.3477783203e+02 9.2731807332e-14 3.1438693595e-14 6.1293113737e-14
3.3483886719e+02 9.2692807774e-14 3.1428791612e-14 6.1264016162e-14
3.3489990234e+02 9.2651191964e-14 3.1417489373e-14 6.1233702591e-14
3.3496093750e+02 9.2607032822e-14 3.1404698478e-14 6.1202334344e-14
3.3502197266e+02 9.2560628985e-14 3.1390453507e-14 6.1170175478e-14
3.3508300781e+02 9.2512643180e-14 3.1374968040e-14 6.1137675140e-14
3.3514404297e+02 9.2464064674e-14 3.1358589800e-14 6.1105474873e-14
3.3520507812e+02 9.2416126746e-14 3.1341761946e-14 6.1074364800e-14
3.3526611328e+02 9.2370207585e-14 3.1324977957e-14 6.1045229628e-14
3.3532714844e+02 9.2327738830e-14 3.1308741674e-14 6.1018997157e-14
3.3538818359e+02 9.2289940147e-14 3.1293469122e-14 6.0996471025e-14
3.3544921875e+02 9.2257796464e-14 3.1279485526e-14 6.0978310938e-14
3.3551025391e+02 9.2231780584e-14 3.1266945988e-14 6.0964834595e-14
3.3557128906e+02 9.2211921018e-14 3.1255875916e-14 6.0956045102e-14
3.3563232422e+02 9.2197678380e-14 3.1246133647e-14 6.0951544734e-14
3.3569335938e+02 9.2187981703e-14 3.1237448314e-14 6.0950533389e-14
3.3575439453e+02 9.2181392347e-14 3.1229473117e-14 6.0951919231e-14
3.3581542969e+02 9.2176216579e-14 3.1221825224e-14 6.0954391355e-14
3.3587646484e+02 9.2170673001e-14 3.1214129134e-14 6.0956543867e-14
3.3593750000e+02 9.2163012378e-14 3.1206033528e-14 6.0956978850e-14
3.3599853516e+02 9.2151727745e-14 3.1197265528e-14 6.0954462217e-14
3.3605957031e+02 9.2135743374e-14 3.1187654433e-14 6.0948088940e-14
3.3612060547e+02 9.2114432257e-14 3.1177118729e-14 6.0937313529e-14
3.3618164062e+02 9.2087694110e-14 3.1165665217e-14 6.0922028893e-14
3.3624267578e+02 9.2055881946e-14 3.1153378062e-14 6.0902503884e-14
3.3630371094e+02 9.2019710152e-14 3.1140393875e-14 6.0879316277e-14
3.3636474609e+02 9.1980182351e-14 3.1126891312e-14 6.0853291039e-14
3.3642578125e+02 9.1938419972e-14 3.1113067888e-14 6.0825352084e-14
3.3648681641e+02 9.1895435789e-14 3.1099094652e-14 6.0796341137e-14
3.3654785156e+02 9.1852073365e-14 3.1085130819e-14 6.0766942545e-14
3.3660888672e+02 9.1808868002e-14 3.1071289465e-14 6.0737578537e-14
3.3666992188e+02 9.1766041533e-14 3.1057640350e-14 6.0708401183e-14
3.3673095703e+02 9.1723454877e-14 3.1044192129e-14 6.0679262747e-14
3.3679199219e+02 9.1680657697e-14 3.1030885606e-14 6.0649772091e-14
3.3685302734e+02 9.1637065655e-14 3.1017626051e-14 6.0619439604e-14
3.3691406250e+02 9.1592050987e-14 3.1004299453e-14 6.0587751534e-14
3.3697509766e+02 9.1545024524e-14 3.0990778892e-14 6.0554245632e-14
3.3703613281e+02 9.1495601717e-14 3.0976932728e-14 6.0518668989e-14
3.3709716797e+02 9.1443700821e-14 3.0962686935e-14 6.0481013887e-14
3.3715820312e+02 9.1389545230e-14 3.0948039211e-14 6.0441506019e-14
3.3721923828e+02 9.1333687651e-14 3.0933058536e-14 6.0400629115e-14
3.3728027344e+02 9.1276927198e-14 3.0917888339e-14 6.0359038859e-14
3.3734130859e+02 9.1220272357e-14 3.0902767017e-14 6.0317505340e-14
3.3740234375e+02 9.1164923555e-14 3.0888040660e-14 6.0276882895e-14
3.3746337891e+02 9.1112049399e-14 3.0874094008e-14 6.0237955390e-14
3.3752441406e+02 9.1062749885e-14 3.0861346554e-14 6.0201403331e-14
3.3758544922e+02 9.1017999126e-14 3.0850210610e-14 6.0167788516e-14
3.3764648438e+02 9.0978585961e-14 3.0841067317e-14 6.0137518644e-14
3.3770751953e+02 9.0945054532e-14 3.0834203299e-14 6.0110851232e-14
3.3776855469e+02 9.0917695590e-14 3.0829776544e-14 6.0087919046e-14
3.3782958984e+02 9.0896518894e-14 3.0827793122e-14 6.0068725772e-14
3.3789062500e+02 9.0881209359e-14 3.0828054748e-14 6.0053154610e-14
3.3795166016e+02 9.0871123958e-14 3.0830166889e-14 6.0040957068e-14
3.3801269531e+02 9.0865306917e-14 3.0833549002e-14 6.0031757915e-14
3.3807373047e+02 9.0862482506e-14 3.0837456276e-14 6.0025026230e-14
3.3813476562e+02 9.0861129507e-14 3.0841042912e-14 6.0020086595e-14
3.3819580078e+02 9.0859513102e-14 3.0843409635e-14 6.0016103468e-14
3.3825683594e+02 9.0855810097e-14 3.0843688568e-14 6.0012121529e-14
3.3831787109e+02 9.0848303921e-14 3.0841137442e-14 6.0007166479e-14
3.3837890625e+02 9.0835542673e-14 3.0835223318e-14 6.0000319356e-14
3.3843994141e+02 9.0816484756e-14 3.0825647692e-14 5.9990837064e-14
3.3850097656e+02 9.0790615775e-14 3.0812411207e-14 5.9978204569e-14
3.3856201172e+02 9.0758113228e-14 3.0795823792e-14 5.9962289435e-14
3.3862304688e+02 9.0719769643e-14 3.0776446544e-14 5.9943323099e-14
3.3868408203e+02 9.0676940034e-14 3.0755051081e-14 5.9921888953e-14
3.3874511719e+02 9.0631429391e-14 3.0732559516e-14 5.9898869876e-14
3.3880615234e+02 9.0585229807e-14 3.0709929978e-14 5.9875299829e-14
3.3886718750e+02 9.0540264591e-14 3.0688060763e-14 5.9852203829e-14
3.3892822266e+02 9.0498188969e-14 3.0667718112e-14 5.9830470857e-14
3.3898925781e+02 9.0460155616e-14 3.0649466923e-14 5.9810688693e-14
3.3905029297e+02 9.0426738918e-14 3.0633645196e-14 5.9793093722e-14
3.3911132812e+02 9.0397834597e-14 3.0620335745e-14 5.9777498853e-14
3.3917236328e+02 9.0372742314e-14 3.0609393157e-14 5.9763349157e-14
3.3923339844e+02 9.0350369264e-14 3.0600491397e-14 5.9749877867e-14
3.3929443359e+02 9.0329433339e-14 3.0593198899e-14 5.9736234440e-14
3.3935546875e+02 9.0308703386e-14 3.0587032474e-14 5.9721670912e-14
3.3941650391e+02 9.0287171968e-14 3.0581506523e-14 5.9705665445e-14
3.3947753906e+02 9.0264228438e-14 3.0576203049e-14 5.9688025389e-14
3.3953857422e+02 9.0239751726e-14 3.0570800202e-14 5.9668951525e-14
3.3959960938e+02 9.0214069915e-14 3.0565086487e-14 5.9648983428e-14
3.3966064453e+02 9.0187846585e-14 3.0558947669e-14 5.9628898916e-14
3.3972167969e+02 9.0161939698e-14 3.0552364140e-14 5.9609575558e-14
3.3978271484e+02 9.0137174147e-14 3.0545373647e-14 5.9591800499e-14
3.3984375000e+02 9.0114133241e-14 3.0538012802e-14 5.9576120439e-14
3.3990478516e+02 9.0093157933e-14 3.0530365527e-14 5.9562792405e-14
3.3996582031e+02 9.0074102913e-14 3.0522464799e-14 5.9551638114e-14
3.4002685547e+02 9.0056396727e-14 3.0514301515e-14 5.9542095212e-14
3.4008789062e+02 9.0039145680e-14 3.0505847289e-14 5.9533298390e-14
3.4014892578e+02 9.0021250122e-14 3.0497066077e-14 5.9524184045e-14
3.4020996094e+02 9.0001517586e-14 3.0487893476e-14 5.9513624110e-14
3.4027099609e+02 8.9978873400e-14 3.0478284202e-14 5.9500589198e-14
3.4033203125e+02 8.9952578351e-14 3.0468252000e-14 5.9484326351e-14
3.4039306641e+02 8.9922296196e-14 3.0457880602e-14 5.9464415594e-14
3.4045410156e+02 8.9888139811e-14 3.0447314001e-14 5.9440825810e-14
3.4051513672e+02 8.9850781364e-14 3.0436796307e-14 5.9413985057e-14
3.4057617188e+02 8.9811446465e-14 3.0426669984e-14 5.9384776481e-14
3.4063720703e+02 8.9771766639e-14 3.0417347141e-14 5.9354419498e-14
3.4069824219e+02 8.9733621440e-14 3.0409267264e-14 5.9324354176e-14
3.4075927734e+02 8.9699048012e-14 3.0402876520e-14 5.9296171492e-14
3.4082031250e+02 8.9669999812e-14 3.0398573687e-14 5.9271426125e-14
3.4088134766e+02 8.9648075028e-14 3.0396636417e-14 5.9251438611e-14
3.4094238281e+02 8.9634361874e-14 3.0397175784e-14 5.9237186089e-14
3.4100341797e+02 8.9629244443e-14 3.0400112540e-14 5.9229131903e-14
3.4106445312e+02 8.9632232356e-14 3.0405107528e-14 5.9227124828e-14
3.4112548828e+02 8.9641960361e-14 3.0411583826e-14 5.9230376536e-14
3.4118652344e+02 8.9656255896e-14 3.0418754511e-14 5.9237501385e-14
3.4124755859e+02 8.9672289664e-14 3.0425668551e-14 5.9246621113e-14
3.4130859375e+02 8.9686881042e-14 3.0431307889e-14 5.9255573153e-14
3.4136962891e+02 8.9696786580e-14 3.0434677371e-14 5.9262109209e-14
3.4143066406e+02 8.9698993712e-14 3.0434882651e-14 5.9264111061e-14
3.4149169922e+02 8.9691093598e-14 3.0431252644e-14 5.9259840954e-14
3.4155273438e+02 8.9671533324e-14 3.0423420893e-14 5.9248112431e-14
3.4161376953e+02 8.9639743433e-14 3.0411334754e-14 5.9228408679e-14
3.4167480469e+02 8.9596090193e-14 3.0395262002e-14 5.9200828190e-14
3.4173583984e+02 8.9541939392e-14 3.0375805195e-14 5.9166134197e-14
3.4179687500e+02 8.9479385197e-14 3.0353796784e-14 5.9125588414e-14
3.4185791016e+02 8.9411002554e-14 3.0330225063e-14 5.9080777490e-14
3.4191894531e+02 8.9339614658e-14 3.0306149578e-14 5.9033465081e-14
3.4197998047e+02 8.9268053104e-14 3.0282614629e-14 5.8985438475e-14
3.4204101562e+02 8.9198929281e-14 3.0260567809e-14 5.8938361472e-14
3.4210205078e+02 8.9134521793e-14 3.0240808337e-14 5.8893713456e-14
3.4216308594e+02 8.9076701597e-14 3.0223963230e-14 5.8852738367e-14
3.4222412109e+02 8.9026863674e-14 3.0210474760e-14 5.8816388914e-14
3.4228515625e+02 8.8985916588e-14 3.0200581232e-14 5.8785335356e-14
3.4234619141e+02 8.8954265656e-14 3.0194322695e-14 5.8759942961e-14
3.4240722656e+02 8.8931853669e-14 3.0191567056e-14 5.8740286613e-14
3.4246826172e+02 8.8918200542e-14 3.0192031260e-14 5.8726169282e-14
3.4252929688e+02 8.8912411779e-14 3.0195282964e-14 5.8717128815e-14
3.4259033203e+02 8.8913182140e-14 3.0200753251e-14 5.8712428889e-14
3.4265136719e+02 8.8918866664e-14 3.0207752714e-14 5.8711113950e-14
3.4271240234e+02 8.8927580980e-14 3.0215523031e-14 5.8712057948e-14
3.4277343750e+02 8.8937287470e-14 3.0223255361e-14 5.8714032109e-14
3.4283447266e+02 8.8945944548e-14 3.0230150033e-14 5.8715794514e-14
3.4289550781e+02 8.8951631731e-14 3.0235457479e-14 5.8716174252e-14
3.4295654297e+02 8.8952667240e-14 3.0238529339e-14 5.8714137901e-14
3.4301757812e+02 8.8947722348e-14 3.0238849684e-14 5.8708872664e-14
3.4307861328e+02 8.8935949479e-14 3.0236090845e-14 5.8699858635e-14
3.4313964844e+02 8.8916977852e-14 3.0230110307e-14 5.8686867545e-14
3.4320068359e+02 8.8890897610e-14 3.0220933248e-14 5.8669964363e-14
3.4326171875e+02 8.8858206085e-14 3.0208744563e-14 5.8649461522e-14
3.4332275391e+02 8.8819769618e-14 3.0193861950e-14 5.8625907668e-14
3.4338378906e+02 8.8776703903e-14 3.0176701232e-14 5.8600002671e-14
3.4344482422e+02 8.8730277218e-14 3.0157741468e-14 5.8572535750e-14
3.4350585938e+02 8.8681886150e-14 3.0137516874e-14 5.8544369276e-14
3.4356689453e+02 8.8632946073e-14 3.0116577853e-14 5.8516368220e-14
3.4362792969e+02 8.8584781367e-14 3.0095460339e-14 5.8489321028e-14
3.4368896484e+02 8.8538682273e-14 3.0074709638e-14 5.8463972635e-14
3.4375000000e+02 8.8495778405e-14 3.0054827204e-14 5.8440951201e-14
3.4381103516e+02 8.8457045572e-14 3.0036262206e-14 5.8420783366e-14
3.4387207031e+02 8.8423179109e-14 3.0019373372e-14 5.8403805737e-14
3.4393310547e+02 8.8394537880e-14 3.0004394111e-14 5.8390143769e-14
3.4399414062e+02 8.8371142372e-14 2.9991416105e-14 5.8379726267e-14
3.4405517578e+02 8.8352522191e-14 2.9980342971e-14 5.8372179220e-14
3.4411621094e+02 8.8337766197e-14 2.9970905098e-14 5.8366861099e-14
3.4417724609e+02 8.8325656139e-14 2.9962703780e-14 5.8362952359e-14
3.4423828125e+02 8.8314644968e-14 2.9955211659e-14 5.8359433308e-14
3.4429931641e+02 8.8303089582e-14 2.9947860995e-14 5.8355228587e-14
3.4436035156e+02 8.8289386599e-14 2.9940088914e-14 5.8349297685e-14
3.4442138672e+02 8.8272178351e-14 2.9931420345e-14 5.8340758007e-14
3.4448242188e+02 8.8250618312e-14 2.9921554577e-14 5.8329063736e-14
3.4454345703e+02 8.8224483794e-14 2.9910415094e-14 5.8314068700e-14
3.4460449219e+02 8.8194174204e-14 2.9898130960e-14 5.8296043244e-14
3.4466552734e+02 8.8160704448e-14 2.9885048733e-14 5.8275655715e-14
3.4472656250e+02 8.8125627836e-14 2.9871706245e-14 5.8253921591e-14
3.4478759766e+02 8.8090757418e-14 2.9858731083e-14 5.8232026334e-14
3.4484863281e+02 8.8057936954e-14 2.9846774189e-14 5.8211162766e-14
3.4490966797e+02 8.8028789741e-14 2.9836421085e-14 5.8192368656e-14
3.4497070312e+02 8.8004522425e-14 2.9828126279e-14 5.8176396146e-14
3.4503173828e+02 8.7985714926e-14 2.9822142091e-14 5.8163572835e-14
3.4509277344e+02 8.7972292566e-14 2.9818500698e-14 5.8153791867e-14
3.4515380859e+02 8.7963549283e-14 2.9817014962e-14 5.8146534321e-14
3.4521484375e+02 8.7958275516e-14 2.9817315886e-14 5.8140959630e-14
3.4527587891e+02 8.7954891380e-14 2.9818882929e-14 5.8136008451e-14
3.4533691406e+02 8.7951755586e-14 2.9821136865e-14 5.8130618720e-14
3.4539794922e+02 8.7947354953e-14 2.9823513571e-14 5.8123841382e-14
3.4545898438e+02 8.7940451871e-14 2.9825493850e-14 5.8114958021e-14
3.4552001953e+02 8.7930204531e-14 2.9826649859e-14 5.8103554672e-14
3.4558105469e+02 8.7916221180e-14 2.9826676458e-14 5.8089544722e-14
3.4564208984e+02 8.7898503983e-14 2.9825376811e-14 5.8073127172e-14
3.4570312500e+02 8.7877328901e-14 2.9822643759e-14 5.8054685142e-14
3.4576416016e+02 8.7853131608e-14 2.9818437630e-14 5.8034693978e-14
3.4582519531e+02 8.7826364962e-14 2.9812734291e-14 5.8013630671e-14
3.4588623047e+02 8.7797364563e-14 2.9805525397e-14 5.7991839166e-14
3.4594726562e+02 8.7766282575e-14 2.9796781321e-14 5.7969501254e-14
3.4600830078e+02 8.7733043067e-14 2.9786452138e-14 5.7946590929e-14
3.4606933594e+02 8.7697345191e-14 2.9774482777e-14 5.7922862415e-14
3.4613037109e+02 8.7658736615e-14 2.9760812371e-14 5.7897924244e-14
3.4619140625e+02 8.7616810260e-14 2.9745438759e-14 5.7871371501e-14
3.4625244141e+02 8.7571198202e-14 2.9728402448e-14 5.7842795754e-14
3.4631347656e+02 8.7521830144e-14 2.9709856270e-14 5.7811973874e-14
3.4637451172e+02 8.7469014034e-14 2.9690066562e-14 5.7778947473e-14
3.4643554688e+02 8.7413415742e-14 2.9669396958e-14 5.7744018784e-14
3.4649658203e+02 8.7356082725e-14 2.9648306169e-14 5.7707776556e-14
3.4655761719e+02 8.7298426500e-14 2.9627329291e-14 5.7671097209e-14
3.4661865234e+02 8.7241975244e-14 2.9606998737e-14 5.7634976506e-14
3.4667968750e+02 8.7188269835e-14 2.9587821163e-14 5.7600448672e-14
3.4674072266e+02 8.7138673432e-14 2.9570222881e-14 5.7568450552e-14
3.4680175781e+02 8.7094127009e-14 2.9554468799e-14 5.7539658210e-14
3.4686279297e+02 8.7055111447e-14 2.9540681798e-14 5.7514429649e-14
3.4692382812e+02 8.7021523909e-14 2.9528824032e-14 5.7492699877e-14
3.4698486328e+02 8.6992730033e-14 2.9518694699e-14 5.7474035333e-14
3.4704589844e+02 8.6967704713e-14 2.9510006324e-14 5.7457698389e-14
3.4710693359e+02 8.6945169783e-14 2.9502428915e-14 5.7442740868e-14
3.4716796875e+02 8.6923826919e-14 2.9495646621e-14 5.7428180298e-14
3.4722900391e+02 8.6902503126e-14 2.9489401065e-14 5.7413102060e-14
3.4729003906e+02 8.6880308226e-14 2.9483521769e-14 5.7396786456e-14
3.4735107422e+02 8.6856842034e-14 2.9477966874e-14 5.7378875160e-14
3.4741210938e+02 8.6832157974e-14 2.9472789799e-14 5.7359368175e-14
3.4747314453e+02 8.6806805780e-14 2.9468148268e-14 5.7338657512e-14
3.4753417969e+02 8.6781613882e-14 2.9464205152e-14 5.7317408730e-14
3.4759521484e+02 8.6757656992e-14 2.9461121976e-14 5.7296535017e-14
3.4765625000e+02 8.6736111165e-14 2.9459020932e-14 5.7277090233e-14
3.4771728516e+02 8.6718106480e-14 2.9457959556e-14 5.7260146924e-14
3.4777832031e+02 8.6704584698e-14 2.9457913564e-14 5.7246671135e-14
3.4783935547e+02 8.6696205528e-14 2.9458781379e-14 5.7237424149e-14
3.4790039062e+02 8.6693297188e-14 2.9460389468e-14 5.7232907720e-14
3.4796142578e+02 8.6695804689e-14 2.9462506598e-14 5.7233298092e-14
3.4802246094e+02 8.6703314905e-14 2.9464886762e-14 5.7238428143e-14
3.4808349609e+02 8.6715109213e-14 2.9467278998e-14 5.7247830216e-14
3.4814453125e+02 8.6730181555e-14 2.9469446091e-14 5.7260735465e-14
3.4820556641e+02 8.6747374745e-14 2.9471200596e-14 5.7276174149e-14
3.4826660156e+02 8.6765522332e-14 2.9472434673e-14 5.7293087660e-14
3.4832763672e+02 8.6783449298e-14 2.9473100452e-14 5.7310348845e-14
3.4838867188e+02 8.6800076239e-14 2.9473215968e-14 5.7326860271e-14
3.4844970703e+02 8.6814454754e-14 2.9472852231e-14 5.7341602523e-14
3.4851074219e+02 8.6825802295e-14 2.9472110578e-14 5.7353691717e-14
3.4857177734e+02 8.6833444887e-14 2.9471085509e-14 5.7362359378e-14
3.4863281250e+02 8.6836784258e-14 2.9469814533e-14 5.7366969724e-14
3.4869384766e+02 8.6835209532e-14 2.9468229810e-14 5.7366979722e-14
3.4875488281e+02 8.6828122387e-14 2.9466165504e-14 5.7361956882e-14
3.4881591797e+02 8.6814925093e-14 2.9463340840e-14 5.7351584253e-14
3.4887695312e+02 8.6795002504e-14 2.9459374661e-14 5.7335627844e-14
3.4893798828e+02 8.6767829804e-14 2.9453842004e-14 5.7313987799e-14
3.4899902344e+02 8.6733037519e-14 2.9446321193e-14 5.7286716325e-14
3.4906005859e+02 8.6690512757e-14 2.9436481805e-14 5.7254030953e-14
3.4912109375e+02 8.6640584774e-14 2.9424165323e-14 5.7216419451e-14
3.4918212891e+02 8.6583946008e-14 2.9409377560e-14 5.7174568448e-14
3.4924316406e+02 8.6521708554e-14 2.9392340092e-14 5.7129368462e-14
3.4930419922e+02 8.6455326107e-14 2.9373465507e-14 5.7081860600e-14
3.4936523438e+02 8.6386569262e-14 2.9353330158e-14 5.7033239104e-14
3.4942626953e+02 8.6317202531e-14 2.9332562316e-14 5.6984640215e-14
3.4948730469e+02 8.6248942554e-14 2.9311795829e-14 5.6937146725e-14
3.4954833984e+02 8.6183282977e-14 2.9291592766e-14 5.6891690211e-14
3.4960937500e+02 8.6121352305e-14 2.9272379323e-14 5.6848972982e-14
3.4967041016e+02 8.6063802998e-14 2.9254414186e-14 5.6809388812e-14
3.4973144531e+02 8.6010829400e-14 2.9237776275e-14 5.6773053125e-14
3.4979248047e+02 8.5962190381e-14 2.9222378391e-14 5.6739811989e-14
3.4985351562e+02 8.5917262044e-14 2.9207979516e-14 5.6709282528e-14
3.4991455078e+02 8.5875172677e-14 2.9194256624e-14 5.6680916053e-14
3.4997558594e+02 8.5834965182e-14 2.9180839501e-14 5.6654125680e-14
3.5003662109e+02 8.5795768937e-14 2.9167370568e-14 5.6628398368e-14
3.5009765625e+02 8.5756920057e-14 2.9153559624e-14 5.6603360432e-14
3.5015869141e+02 8.5718103896e-14 2.9139224332e-14 5.6578879563e-14
3.5021972656e+02 8.5679413033e-14 2.9124302603e-14 5.6555110430e-14
3.5028076172e+02 8.5641388353e-14 2.9108881097e-14 5.6532507256e-14
3.5034179688e+02 8.5604961108e-14 2.9093171430e-14 5.6511789678e-14
3.5040283203e+02 8.5571327465e-14 2.9077491163e-14 5.6493836302e-14
3.5046386719e+02 8.5541764517e-14 2.9062203692e-14 5.6479560824e-14
3.5052490234e+02 8.5517492593e-14 2.9047683806e-14 5.6469808786e-14
3.5058593750e+02 8.5499375523e-14 2.9034229871e-14 5.6465145652e-14
3.5064697266e+02 8.5487893986e-14 2.9022057817e-14 5.6465836170e-14
3.5070800781e+02 8.5482899351e-14 2.9011236619e-14 5.6471662733e-14
3.5076904297e+02 8.5483646469e-14 2.9001693432e-14 5.6481953036e-14
3.5083007812e+02 8.5488816643e-14 2.8993225907e-14 5.6495590736e-14
3.5089111328e+02 8.5496668531e-14 2.8985552634e-14 5.6511115897e-14
3.5095214844e+02 8.5505239205e-14 2.8978369488e-14 5.6526869717e-14
3.5101318359e+02 8.5512553295e-14 2.8971413192e-14 5.6541140102e-14
3.5107421875e+02 8.5516843948e-14 2.8964511030e-14 5.6552332918e-14
3.5113525391e+02 8.5516756010e-14 2.8957611154e-14 5.6559144856e-14
3.5119628906e+02 8.5511421651e-14 2.8950797594e-14 5.6560624056e-14
3.5125732422e+02 8.5500573369e-14 2.8944283514e-14 5.6556289855e-14
3.5131835938e+02 8.5484508810e-14 2.8938365937e-14 5.6546142873e-14
3.5137939453e+02 8.5463910500e-14 2.8933354424e-14 5.6530556076e-14
3.5144042969e+02 8.5439842435e-14 2.8929554951e-14 5.6510287484e-14
3.5150146484e+02 8.5413587598e-14 2.8927210663e-14 5.6486376935e-14
3.5156250000e+02 8.5386434968e-14 2.8926458444e-14 5.6459976524e-14
3.5162353516e+02 8.5359598957e-14 2.8927312341e-14 5.6432286616e-14
3.5168457031e+02 8.5334171933e-14 2.8929683060e-14 5.6404488873e-14
3.5174560547e+02 8.5310988031e-14 2.8933376719e-14 5.6377611312e-14
3.5180664062e+02 8.5290673295e-14 2.8938139603e-14 5.6352533692e-14
3.5186767578e+02 8.5273563858e-14 2.8943661712e-14 5.6329902146e-14
3.5192871094e+02 8.5259754328e-14 2.8949603817e-14 5.6310150511e-14
3.5198974609e+02 8.5249135547e-14 2.8955620374e-14 5.6293515173e-14
3.5205078125e+02 8.5241455593e-14 2.8961377883e-14 5.6280077710e-14
3.5211181641e+02 8.5236386964e-14 2.8966575389e-14 5.6269811575e-14
3.5217285156e+02 8.5233577724e-14 2.8970938215e-14 5.6262639509e-14
3.5223388672e+02 8.5232668949e-14 2.8974226584e-14 5.6258442365e-14
3.5229492188e+02 8.5233474351e-14 2.8976283412e-14 5.6257190939e-14
3.5235595703e+02 8.5235891977e-14 2.8977017238e-14 5.6258874740e-14
3.5241699219e+02 8.5239901721e-14 2.8976405940e-14 5.6263495780e-14
3.5247802734e+02 8.5245552746e-14 2.8974524599e-14 5.6271028147e-14
3.5253906250e+02 8.5252937079e-14 2.8971533911e-14 5.6281403168e-14
3.5260009766e+02 8.5262007169e-14 2.8967650372e-14 5.6294356797e-14
3.5266113281e+02 8.5272523324e-14 2.8963132972e-14 5.6309390352e-14
3.5272216797e+02 8.5283973796e-14 2.8958244680e-14 5.6325729116e-14
3.5278320312e+02 8.5295535713e-14 2.8953212355e-14 5.6342323357e-14
3.5284423828e+02 8.5306061982e-14 2.8948206057e-14 5.6357855926e-14
3.5290527344e+02 8.5314077281e-14 2.8943299104e-14 5.6370778177e-14
3.5296630859e+02 8.5317920195e-14 2.8938467713e-14 5.6379452482e-14
3.5302734375e+02 8.5315891915e-14 2.8933579279e-14 5.6382312635e-14
3.5308837891e+02 8.5306338014e-14 2.8928404073e-14 5.6377933941e-14
3.5314941406e+02 8.5287863986e-14 2.8922647770e-14 5.6365216216e-14
3.5321044922e+02 8.5259493618e-14 2.8915980523e-14 5.6343513095e-14
3.5327148438e+02 8.5220747238e-14 2.8908068500e-14 5.6312678737e-14
3.5333251953e+02 8.5171747567e-14 2.8898622499e-14 5.6273125068e-14
3.5339355469e+02 8.5113280482e-14 2.8887443394e-14 5.6225837088e-14
3.5345458984e+02 8.5046800975e-14 2.8874459071e-14 5.6172341904e-14
3.5351562500e+02 8.4974311120e-14 2.8859724840e-14 5.6114586280e-14
3.5357666016e+02 8.4898280428e-14 2.8843461342e-14 5.6054819086e-14
3.5363769531e+02 8.4821445869e-14 2.8826028296e-14 5.5995417573e-14
3.5369873047e+02 8.4746697322e-14 2.8807926000e-14 5.5938771322e-14
3.5375976562e+02 8.4676754352e-14 2.8789734137e-14 5.5887020215e-14
3.5382080078e+02 8.4614066683e-14 2.8772095023e-14 5.5841971660e-14
3.5388183594e+02 8.4560576254e-14 2.8755629110e-14 5.5804947145e-14
3.5394287109e+02 8.4517600602e-14 2.8740901669e-14 5.5776698934e-14
3.5400390625e+02 8.4485778590e-14 2.8728370165e-14 5.5757408425e-14
3.5406494141e+02 8.4464942579e-14 2.8718315387e-14 5.5746627192e-14
3.5412597656e+02 8.4454308624e-14 2.8710857610e-14 5.5743451014e-14
3.5418701172e+02 8.4452425261e-14 2.8705896168e-14 5.5746529093e-14
3.5424804688e+02 8.4457271696e-14 2.8703114652e-14 5.5754157044e-14
3.5430908203e+02 8.4466478612e-14 2.8702016847e-14 5.5764461765e-14
3.5437011719e+02 8.4477389710e-14 2.8701937778e-14 5.5775451932e-14
3.5443115234e+02 8.4487204324e-14 2.8702078477e-14 5.5785125847e-14
3.5449218750e+02 8.4493230221e-14 2.8701585618e-14 5.5791644603e-14
3.5455322266e+02 8.4492984317e-14 2.8699604727e-14 5.5793379590e-14
3.5461425781e+02 8.4484378392e-14 2.8695352346e-14 5.5789026047e-14
3.5467529297e+02 8.4465889363e-14 2.8688182237e-14 5.5777707126e-14
3.5473632812e+02 8.4436671447e-14 2.8677665699e-14 5.5759005748e-14
3.5479736328e+02 8.4396630122e-14 2.8663610983e-14 5.5733019139e-14
3.5485839844e+02 8.4346501698e-14 2.8646112741e-14 5.5700388957e-14
3.5491943359e+02 8.4287699955e-14 2.8625528107e-14 5.5662171848e-14
3.5498046875e+02 8.4222209049e-14 2.8602435018e-14 5.5619774031e-14
3.5504150391e+02 8.4152401747e-14 2.8577589159e-14 5.5574812588e-14
3.5510253906e+02 8.4080779006e-14 2.8551837778e-14 5.5528941229e-14
3.5516357422e+02 8.4009597090e-14 2.8525998457e-14 5.5483598633e-14
3.5522460938e+02 8.3940728814e-14 2.8500789746e-14 5.5439939068e-14
3.5528564453e+02 8.3875436055e-14 2.8476760806e-14 5.5398675250e-14
3.5534667969e+02 8.3814271288e-14 2.8454248810e-14 5.5360022478e-14
3.5540771484e+02 8.3757147706e-14 2.8433372401e-14 5.5323775305e-14
3.5546875000e+02 8.3703402707e-14 2.8414044035e-14 5.5289358672e-14
3.5552978516e+02 8.3652054331e-14 2.8396051108e-14 5.5256003223e-14
3.5559082031e+02 8.3602100755e-14 2.8379130410e-14 5.5222970345e-14
3.5565185547e+02 8.3552761580e-14 2.8363049872e-14 5.5189711708e-14
3.5571289062e+02 8.3503736645e-14 2.8347692877e-14 5.5156043768e-14
3.5577392578e+02 8.3455372773e-14 2.8333099953e-14 5.5122272820e-14
3.5583496094e+02 8.3408663559e-14 2.8319486506e-14 5.5089177053e-14
3.5589599609e+02 8.3365166024e-14 2.8307225081e-14 5.5057940943e-14
3.5595703125e+02 8.3326818057e-14 2.8296783235e-14 5.5030034821e-14
3.5601806641e+02 8.3295675741e-14 2.8288646083e-14 5.5007029658e-14
3.5607910156e+02 8.3273565392e-14 2.8283223901e-14 5.4990341492e-14
3.5614013672e+02 8.3261801187e-14 2.8280780384e-14 5.4981020803e-14
3.5620117188e+02 8.3260960241e-14 2.8281369049e-14 5.4979591192e-14
3.5626220703e+02 8.3270757772e-14 2.8284804605e-14 5.4985953167e-14
3.5632324219e+02 8.3290054570e-14 2.8290693711e-14 5.4999360860e-14
3.5638427734e+02 8.3316963248e-14 2.8298466259e-14 5.5018496989e-14
3.5644531250e+02 8.3349032775e-14 2.8307456329e-14 5.5041576446e-14
3.5650634766e+02 8.3383495750e-14 2.8316957743e-14 5.5066538007e-14
3.5656738281e+02 8.3417496614e-14 2.8326300893e-14 5.5091195721e-14
3.5662841797e+02 8.3448386211e-14 2.8334922946e-14 5.5113463265e-14
3.5668945312e+02 8.3473878395e-14 2.8342384545e-14 5.5131493850e-14
3.5675048828e+02 8.3492182630e-14 2.8348387568e-14 5.5143795061e-14
3.5681152344e+02 8.3502035740e-14 2.8352754502e-14 5.5149281238e-14
3.5687255859e+02 8.3502749243e-14 2.8355413873e-14 5.5147335370e-14
3.5693359375e+02 8.3494118143e-14 2.8356352639e-14 5.5137765504e-14
3.5699462891e+02 8.3476404731e-14 2.8355625684e-14 5.5120779047e-14
3.5705566406e+02 8.3450190364e-14 2.8353286815e-14 5.5096903549e-14
3.5711669922e+02 8.3416330341e-14 2.8349402590e-14 5.5066927750e-14
3.5717773438e+02 8.3375944825e-14 2.8344079472e-14 5.5031865353e-14
3.5723876953e+02 8.3330167379e-14 2.8337393724e-14 5.4992773655e-14
3.5729980469e+02 8.3280281591e-14 2.8329470523e-14 5.4950811068e-14
3.5736083984e+02 8.3227590638e-14 2.8320451323e-14 5.4907139315e-14
3.5742187500e+02 8.3173345627e-14 2.8310491411e-14 5.4862854217e-14
3.5748291016e+02 8.3118768843e-14 2.8299762711e-14 5.4819006132e-14
3.5754394531e+02 8.3064989164e-14 2.8288442732e-14 5.4776546432e-14
3.5760498047e+02 8.3013022273e-14 2.8276691136e-14 5.4736331136e-14
3.5766601562e+02 8.2963716417e-14 2.8264627339e-14 5.4699089078e-14
3.5772705078e+02 8.2917705628e-14 2.8252315855e-14 5.4665389773e-14
3.5778808594e+02 8.2875461824e-14 2.8239767840e-14 5.4635693983e-14
3.5784912109e+02 8.2837201494e-14 2.8226918186e-14 5.4610283308e-14
3.5791015625e+02 8.2802917497e-14 2.8213655058e-14 5.4589262439e-14
3.5797119141e+02 8.2772358703e-14 2.8199818467e-14 5.4572540235e-14
3.5803222656e+02 8.2745096934e-14 2.8185240355e-14 5.4559856579e-14
3.5809326172e+02 8.2720650767e-14 2.8169801094e-14 5.4550849673e-14
3.5815429688e+02 8.2698495087e-14 2.8153452118e-14 5.4545042969e-14
3.5821533203e+02 8.2678165213e-14 2.8136243798e-14 5.4541921415e-14
3.5827636719e+02 8.2659373016e-14 2.8118368340e-14 5.4541004676e-14
3.5833740234e+02 8.2642025476e-14 2.8100153846e-14 5.4541871630e-14
3.5839843750e+02 8.2626295387e-14 2.8082065733e-14 5.4544229654e-14
3.5845947266e+02 8.2612545384e-14 2.8064655587e-14 5.4547889797e-14
3.5852050781e+02 8.2601259115e-14 2.8048508803e-14 5.4552750312e-14
3.5858154297e+02 8.2593012123e-14 2.8034216349e-14 5.4558795775e-14
3.5864257812e+02 8.2588272499e-14 2.8022280714e-14 5.4565991785e-14
3.5870361328e+02 8.2587289287e-14 2.8013075813e-14 5.4574213474e-14
3.5876464844e+02 8.2589997770e-14 2.8006805023e-14 5.4583192747e-14
3.5882568359e+02 8.2595977977e-14 2.8003484304e-14 5.4592493673e-14
3.5888671875e+02 8.2604396330e-14 2.8002939422e-14 5.4601456908e-14
3.5894775391e+02 8.2614107895e-14 2.8004828009e-14 5.4609279886e-14
3.5900878906e+02 8.2623715467e-14 2.8008677627e-14 5.4615037840e-14
3.5906982422e+02 8.2631679389e-14 2.8013915813e-14 5.4617763576e-14
3.5913085938e+02 8.2636453952e-14 2.8019911768e-14 5.4616542184e-14
3.5919189453e+02 8.2636607946e-14 2.8026011285e-14 5.4610596661e-14
3.5925292969e+02 8.2630969196e-14 2.8031573326e-14 5.4599395870e-14
3.5931396484e+02 8.2618644832e-14 2.8035978829e-14 5.4582666003e-14
3.5937500000e+02 8.2599068956e-14 2.8038658366e-14 5.4560410591e-14
3.5943603516e+02 8.2571970685e-14 2.8039082991e-14 5.4532887694e-14
3.5949707031e+02 8.2537392484e-14 2.8036799485e-14 5.4500592999e-14
3.5955810547e+02 8.2495629461e-14 2.8031444491e-14 5.4464184970e-14
3.5961914062e+02 8.2447194835e-14 2.8022778877e-14 5.4424415958e-14
3.5968017578e+02 8.2392858325e-14 2.8010722054e-14 5.4382136271e-14
3.5974121094e+02 8.2333516138e-14 2.7995356465e-14 5.4338159672e-14
3.5980224609e+02 8.2270278584e-14 2.7976973715e-14 5.4293304869e-14
3.5986328125e+02 8.2204389705e-14 2.7956059306e-14 5.4248330399e-14
3.5992431641e+02 8.2137194665e-14 2.7933266656e-14 5.4203928008e-14
3.5998535156e+02 8.2070090500e-14 2.7909383457e-14 5.4160707043e-14
3.6004638672e+02 8.2004463980e-14 2.7885275701e-14 5.4119188279e-14
3.6010742188e+02 8.1941552597e-14 2.7861784102e-14 5.4079768495e-14
3.6016845703e+02 8.1882429135e-14 2.7839685111e-14 5.4042744024e-14
3.6022949219e+02 8.1827906244e-14 2.7819610459e-14 5.4008295786e-14
3.6029052734e+02 8.1778461630e-14 2.7801990439e-14 5.3976471191e-14
3.6035156250e+02 8.1734333842e-14 2.7787069217e-14 5.3947264625e-14
3.6041259766e+02 8.1695489922e-14 2.7774885229e-14 5.3920604693e-14
3.6047363281e+02 8.1661770435e-14 2.7765332608e-14 5.3896437827e-14
3.6053466797e+02 8.1632991591e-14 2.7758206161e-14 5.3874785430e-14
3.6059570312e+02 8.1608988413e-14 2.7753259403e-14 5.3855729010e-14
3.6065673828e+02 8.1589746854e-14 2.7750257443e-14 5.3839489411e-14
3.6071777344e+02 8.1575358913e-14 2.7749004910e-14 5.3826354003e-14
3.6077880859e+02 8.1566020669e-14 2.7749364849e-14 5.3816655820e-14
3.6083984375e+02 8.1561905184e-14 2.7751231938e-14 5.3810673245e-14
3.6090087891e+02 8.1562940295e-14 2.7754473082e-14 5.3808467213e-14
3.6096191406e+02 8.1568775741e-14 2.7758908911e-14 5.3809866830e-14
3.6102294922e+02 8.1578639187e-14 2.7764268026e-14 5.3814371162e-14
3.6108398438e+02 8.1591285057e-14 2.7770158538e-14 5.3821126520e-14
3.6114501953e+02 8.1605072680e-14 2.7776082161e-14 5.3828990519e-14
3.6120605469e+02 8.1618031140e-14 2.7781434972e-14 5.3836596168e-14
3.6126708984e+02 8.1628136682e-14 2.7785583706e-14 5.3842552976e-14
3.6132812500e+02 8.1633625643e-14 2.7787964819e-14 5.3845660825e-14
3.6138916016e+02 8.1633197761e-14 2.7788133916e-14 5.3845063844e-14
3.6145019531e+02 8.1626218302e-14 2.7785845167e-14 5.3840373135e-14
3.6151123047e+02 8.1612855780e-14 2.7781095461e-14 5.3831760319e-14
3.6157226562e+02 8.1594126682e-14 2.7774149923e-14 5.3819976759e-14
3.6163330078e+02 8.1571726518e-14 2.7765520473e-14 5.3806206045e-14
3.6169433594e+02 8.1547765188e-14 2.7755873090e-14 5.3791892098e-14
3.6175537109e+02 8.1524504199e-14 2.7745975387e-14 5.3778528812e-14
3.6181640625e+02 8.1503883052e-14 2.7736559049e-14 5.3767324003e-14
3.6187744141e+02 8.1487288757e-14 2.7728226189e-14 5.3759062568e-14
3.6193847656e+02 8.1475270028e-14 2.7721357737e-14 5.3753912290e-14
3.6199951172e+02 8.1467431670e-14 2.7716072434e-14 5.3751359236e-14
3.6206054688e+02 8.1462394666e-14 2.7712177190e-14 5.3750217476e-14
3.6212158203e+02 8.1458025666e-14 2.7709198585e-14 5.3748827081e-14
3.6218261719e+02 8.1451728502e-14 2.7706465033e-14 5.3745263469e-14
3.6224365234e+02 8.1440737111e-14 2.7703177762e-14 5.3737559349e-14
3.6230468750e+02 8.1422516997e-14 2.7698510736e-14 5.3724006261e-14
3.6236572266e+02 8.1395135642e-14 2.7691741521e-14 5.3703394122e-14
3.6242675781e+02 8.1357515074e-14 2.7682341529e-14 5.3675173545e-14
3.6248779297e+02 8.1309579031e-14 2.7670063134e-14 5.3639515897e-14
3.6254882812e+02 8.1252291572e-14 2.7654968352e-14 5.3597323220e-14
3.6260986328e+02 8.1187543555e-14 2.7637433817e-14 5.3550109738e-14
3.6267089844e+02 8.1117954540e-14 2.7618112227e-14 5.3499842313e-14
3.6273193359e+02 8.1046577070e-14 2.7597853476e-14 5.3448723595e-14
3.6279296875e+02 8.0976569778e-14 2.7577609846e-14 5.3398959932e-14
3.6285400391e+02 8.0910919162e-14 2.7558332674e-14 5.3352586488e-14
3.6291503906e+02 8.0852108405e-14 2.7540845184e-14 5.3311263220e-14
3.6297607422e+02 8.0801899413e-14 2.7525753170e-14 5.3276146243e-14
3.6303710938e+02 8.0761195263e-14 2.7513373032e-14 5.3247822231e-14
3.6309814453e+02 8.0730012118e-14 2.7503702851e-14 5.3226309267e-14
3.6315917969e+02 8.0707512715e-14 2.7496416688e-14 5.3211096028e-14
3.6322021484e+02 8.0692139899e-14 2.7490925377e-14 5.3201214522e-14
3.6328125000e+02 8.0681816414e-14 2.7486442392e-14 5.3195374022e-14
3.6334228516e+02 8.0674189070e-14 2.7482087316e-14 5.3192101754e-14
3.6340332031e+02 8.0666973194e-14 2.7477019726e-14 5.3189953468e-14
3.6346435547e+02 8.0658150210e-14 2.7470532253e-14 5.3187617957e-14
3.6352539062e+02 8.0646213508e-14 2.7462126520e-14 5.3184086988e-14
3.6358642578e+02 8.0630328413e-14 2.7451597640e-14 5.3178730773e-14
3.6364746094e+02 8.0610403009e-14 2.7439041896e-14 5.3171361113e-14
3.6370849609e+02 8.0587131934e-14 2.7424852070e-14 5.3162279865e-14
3.6376953125e+02 8.0561776127e-14 2.7409649985e-14 5.3152126141e-14
3.6383056641e+02 8.0536070135e-14 2.7394224540e-14 5.3141845596e-14
3.6389160156e+02 8.0512017297e-14 2.7379444911e-14 5.3132572387e-14
3.6395263672e+02 8.0491612619e-14 2.7366165127e-14 5.3125447492e-14
3.6401367188e+02 8.0476612464e-14 2.7355137916e-14 5.3121474548e-14
3.6407470703e+02 8.0468344185e-14 2.7346941705e-14 5.3121402480e-14
3.6413574219e+02 8.0467567251e-14 2.7341946766e-14 5.3125620485e-14
3.6419677734e+02 8.0474337552e-14 2.7340268506e-14 5.3134069046e-14
3.6425781250e+02 8.0488068651e-14 2.7341781999e-14 5.3146286652e-14
3.6431884766e+02 8.0507623653e-14 2.7346162949e-14 5.3161460704e-14
3.6437988281e+02 8.0531371131e-14 2.7352894208e-14 5.3178476922e-14
3.6444091797e+02 8.0557331926e-14 2.7361313468e-14 5.3196018459e-14
3.6450195312e+02 8.0583476072e-14 2.7370699445e-14 5.3212776627e-14
3.6456298828e+02 8.0607800619e-14 2.7380296572e-14 5.3227504047e-14
3.6462402344e+02 8.0628520977e-14 2.7389357678e-14 5.3239163299e-14
3.6468505859e+02 8.0644204677e-14 2.7397202935e-14 5.3247001742e-14
3.6474609375e+02 8.0653831680e-14 2.7403245870e-14 5.3250585809e-14
3.6480712891e+02 8.0656796158e-14 2.7407004858e-14 5.3249791299e-14
3.6486816406e+02 8.0652906174e-14 2.7408124330e-14 5.3244781844e-14
3.6492919922e+02 8.0642317766e-14 2.7406374858e-14 5.3235942908e-14
3.6499023438e+02 8.0625468616e-14 2.7401676776e-14 5.3223791840e-14
3.6505126953e+02 8.0603029325e-14 2.7394087552e-14 5.3208941773e-14
3.6511230469e+02 8.0575831873e-14 2.7383803221e-14 5.3192028652e-14
3.6517333984e+02 8.0544845446e-14 2.7371167588e-14 5.3173677858e-14
3.6523437500e+02 8.0511067482e-14 2.7356640112e-14 5.3154427370e-14
3.6529541016e+02 8.0475520752e-14 2.7340775048e-14 5.3134745705e-14
3.6535644531e+02 8.0439190767e-14 2.7324186195e-14 5.3115004572e-14
3.6541748047e+02 8.0402970587e-14 2.7307512335e-14 5.3095458252e-14
3.6547851562e+02 8.0367497500e-14 2.7291323054e-14 5.3076174445e-14
3.6553955078e+02 8.0333174303e-14 2.7276090921e-14 5.3057083381e-14
3.6560058594e+02 8.0300085334e-14 2.7262135249e-14 5.3037950085e-14
3.6566162109e+02 8.0268038919e-14 2.7249614749e-14 5.3018424171e-14
3.6572265625e+02 8.0236579060e-14 2.7238508006e-14 5.2998071054e-14
3.6578369141e+02 8.0205152647e-14 2.7228662005e-14 5.2976490642e-14
3.6584472656e+02 8.0173209728e-14 2.7219820135e-14 5.2953389593e-14
3.6590576172e+02 8.0140366421e-14 2.7211696466e-14 5.2928669955e-14
3.6596679688e+02 8.0106543784e-14 2.7204035567e-14 5.2902508217e-14
3.6602783203e+02 8.0072055581e-14 2.7196666118e-14 5.2875389463e-14
3.6608886719e+02 8.0037675665e-14 2.7189552926e-14 5.2848122739e-14
3.6614990234e+02 8.0004538131e-14 2.7182791183e-14 5.2821746948e-14
3.6621093750e+02 7.9973991063e-14 2.7176574745e-14 5.2797416318e-14
3.6627197266e+02 7.9947497325e-14 2.7171191029e-14 5.2776306296e-14
3.6633300781e+02 7.9926418782e-14 2.7166957007e-14 5.2759461776e-14
3.6639404297e+02 7.9911819015e-14 2.7164162617e-14 5.2747656398e-14
3.6645507812e+02 7.9904293131e-14 2.7163015162e-14 5.2741277969e-14
3.6651611328e+02 7.9903924785e-14 2.7163603013e-14 5.2740321772e-14
3.6657714844e+02 7.9910276466e-14 2.7165897282e-14 5.2744379184e-14
3.6663818359e+02 7.9922439916e-14 2.7169753446e-14 5.2752686469e-14
3.6669921875e+02 7.9939116981e-14 2.7174891690e-14 5.2764225291e-14
3.6676025391e+02 7.9958783347e-14 2.7180959118e-14 5.2777824228e-14
3.6682128906e+02 7.9979795161e-14 2.7187546431e-14 5.2792248730e-14
3.6688232422e+02 8.0000588853e-14 2.7194233078e-14 5.2806355775e-14
3.6694335938e+02 8.0019776876e-14 2.7200626346e-14 5.2819150530e-14
3.6700439453e+02 8.0036187353e-14 2.7206366099e-14 5.2829821254e-14
3.6706542969e+02 8.0048996023e-14 2.7211173374e-14 5.2837822649e-14
3.6712646484e+02 8.0057740967e-14 2.7214855805e-14 5.2842885162e-14
3.6718750000e+02 8.0062253525e-14 2.7217306629e-14 5.2844946896e-14
3.6724853516e+02 8.0062663363e-14 2.7218483972e-14 5.2844179390e-14
3.6730957031e+02 8.0059380919e-14 2.7218433491e-14 5.2840947429e-14
3.6737060547e+02 8.0052896942e-14 2.7217227467e-14 5.2835669475e-14
3.6743164062e+02 8.0043723942e-14 2.7214938292e-14 5.2828785650e-14
3.6749267578e+02 8.0032382776e-14 2.7211641523e-14 5.2820741253e-14
3.6755371094e+02 8.0019279577e-14 2.7207381544e-14 5.2811898033e-14
3.6761474609e+02 8.0004583030e-14 2.7202141546e-14 5.2802441484e-14
3.6767578125e+02 7.9988362286e-14 2.7195892447e-14 5.2792469839e-14
3.6773681641e+02 7.9970511044e-14 2.7188593223e-14 5.2781917821e-14
3.6779785156e+02 7.9950806949e-14 2.7180202345e-14 5.2770604603e-14
3.6785888672e+02 7.9929022890e-14 2.7170720266e-14 5.2758302624e-14
3.6791992188e+02 7.9905034565e-14 2.7160235052e-14 5.2744799513e-14
3.6798095703e+02 7.9878759331e-14 2.7148892404e-14 5.2729866927e-14
3.6804199219e+02 7.9850296983e-14 2.7136926604e-14 5.2713370379e-14
3.6810302734e+02 7.9819874957e-14 2.7124617562e-14 5.2695257395e-14
3.6816406250e+02 7.9787840090e-14 2.7112275672e-14 5.2675564418e-14
3.6822509766e+02 7.9754638449e-14 2.7100202311e-14 5.2654436138e-14
3.6828613281e+02 7.9720708037e-14 2.7088635739e-14 5.2632072298e-14
3.6834716797e+02 7.9686462214e-14 2.7077735001e-14 5.2608727213e-14
3.6840820312e+02 7.9652226804e-14 2.7067545394e-14 5.2584681409e-14
3.6846923828e+02 7.9618205975e-14 2.7057986110e-14 5.2560219865e-14
3.6853027344e+02 7.9584453496e-14 2.7048863176e-14 5.2535590320e-14
3.6859130859e+02 7.9550940569e-14 2.7039899253e-14 5.2511041316e-14
3.6865234375e+02 7.9517478139e-14 2.7030749704e-14 5.2486728435e-14
3.6871337891e+02 7.9483750306e-14 2.7021048296e-14 5.2462702009e-14
3.6877441406e+02 7.9449373521e-14 2.7010443432e-14 5.2438930089e-14
3.6883544922e+02 7.9413949937e-14 2.6998649954e-14 5.2415299983e-14
3.6889648438e+02 7.9377071082e-14 2.6985468766e-14 5.2391602316e-14
3.6895751953e+02 7.9338432075e-14 2.6970822385e-14 5.2367609690e-14
3.6901855469e+02 7.9297902589e-14 2.6954774456e-14 5.2343128133e-14
3.6907958984e+02 7.9255581628e-14 2.6937521498e-14 5.2318060131e-14
3.6914062500e+02 7.9211850143e-14 2.6919396838e-14 5.2292453304e-14
3.6920166016e+02 7.9167371647e-14 2.6900827122e-14 5.2266544525e-14
3.6926269531e+02 7.9123067952e-14 2.6882302278e-14 5.2240765675e-14
3.6932373047e+02 7.9080044823e-14 2.6864336201e-14 5.2215708622e-14
3.6938476562e+02 7.9039460719e-14 2.6847411015e-14 5.2192049704e-14
3.6944580078e+02 7.9002412278e-14 2.6831932637e-14 5.2170479641e-14
3.6950683594e+02 7.8969768168e-14 2.6818200480e-14 5.2151567687e-14
3.6956787109e+02 7.8942060173e-14 2.6806376621e-14 5.2135683552e-14
3.6962890625e+02 7.8919366024e-14 2.6796480796e-14 5.2122885229e-14
3.6968994141e+02 7.8901233110e-14 2.6788378088e-14 5.2112855022e-14
3.6975097656e+02 7.8886713525e-14 2.6781801064e-14 5.2104912461e-14
3.6981201172e+02 7.8874426136e-14 2.6776390782e-14 5.2098035354e-14
3.6987304688e+02 7.8862715338e-14 2.6771733754e-14 5.2090981584e-14
3.6993408203e+02 7.8849831047e-14 2.6767413551e-14 5.2082417497e-14
3.6999511719e+02 7.8834131842e-14 2.6763055355e-14 5.2071076487e-14
3.7005615234e+02 7.8814290838e-14 2.6758360510e-14 5.2055930328e-14
3.7011718750e+02 7.8789554856e-14 2.6753187544e-14 5.2036367313e-14
3.7017822266e+02 7.8759837718e-14 2.6747547354e-14 5.2012290364e-14
3.7023925781e+02 7.8725787130e-14 2.6741620060e-14 5.1984167070e-14
3.7030029297e+02 7.8688760292e-14 2.6735739406e-14 5.1953020885e-14
3.7036132812e+02 7.8650692234e-14 2.6730364062e-14 5.1920328172e-14
3.7042236328e+02 7.8613875529e-14 2.6726011662e-14 5.1887863867e-14
3.7048339844e+02 7.8580701238e-14 2.6723199734e-14 5.1857501505e-14
3.7054443359e+02 7.8553405722e-14 2.6722388122e-14 5.1831017600e-14
3.7060546875e+02 7.8533750409e-14 2.6723887709e-14 5.1809862700e-14
3.7066650391e+02 7.8522854659e-14 2.6727833511e-14 5.1795021148e-14
3.7072753906e+02 7.8521098112e-14 2.6734165231e-14 5.1786932881e-14
3.7078857422e+02 7.8528014248e-14 2.6742591612e-14 5.1785422636e-14
3.7084960938e+02 7.8542406496e-14 2.6752642604e-14 5.1789763892e-14
3.7091064453e+02 7.8562475904e-14 2.6763708100e-14 5.1798767804e-14
3.7097167969e+02 7.8585973896e-14 2.6775091306e-14 5.1810882590e-14
3.7103271484e+02 7.8610437611e-14 2.6786080798e-14 5.1824356813e-14
3.7109375000e+02 7.8633372758e-14 2.6796005211e-14 5.1837367547e-14
3.7115478516e+02 7.8652503793e-14 2.6804312684e-14 5.1848191108e-14
3.7121582031e+02 7.8665816150e-14 2.6810575326e-14 5.1855240824e-14
3.7127685547e+02 7.8671736741e-14 2.6814520078e-14 5.1857216663e-14
3.7133789062e+02 7.8669223867e-14 2.6816049872e-14 5.1853173994e-14
3.7139892578e+02 7.8657794658e-14 2.6815221360e-14 5.1842573298e-14
3.7145996094e+02 7.8637523184e-14 2.6812203535e-14 5.1825319649e-14
3.7152099609e+02 7.8609012367e-14 2.6807268501e-14 5.1801743866e-14
3.7158203125e+02 7.8573402555e-14 2.6800760672e-14 5.1772641883e-14
3.7164306641e+02 7.8532249775e-14 2.6793043274e-14 5.1739206501e-14
3.7170410156e+02 7.8487409430e-14 2.6784482930e-14 5.1702926499e-14
3.7176513672e+02 7.8440925812e-14 2.6775417532e-14 5.1665508281e-14
3.7182617188e+02 7.8394873197e-14 2.6766139313e-14 5.1628733884e-14
3.7188720703e+02 7.8351176358e-14 2.6756888266e-14 5.1594288092e-14
3.7194824219e+02 7.8311446419e-14 2.6747824938e-14 5.1563621480e-14
3.7200927734e+02 7.8276837580e-14 2.6739025239e-14 5.1537812341e-14
3.7207031250e+02 7.8247986641e-14 2.6730503426e-14 5.1517483215e-14
3.7213134766e+02 7.8224965803e-14 2.6722192048e-14 5.1502773755e-14
3.7219238281e+02 7.8207360062e-14 2.6713998649e-14 5.1493361413e-14
3.7225341797e+02 7.8194315302e-14 2.6705783670e-14 5.1488531632e-14
3.7231445312e+02 7.8184736858e-14 2.6697414335e-14 5.1487322523e-14
3.7237548828e+02 7.8177427067e-14 2.6688784264e-14 5.1488642803e-14
3.7243652344e+02 7.8171241294e-14 2.6679808527e-14 5.1491432767e-14
3.7249755859e+02 7.8165244305e-14 2.6670459509e-14 5.1494784795e-14
3.7255859375e+02 7.8158763432e-14 2.6660759272e-14 5.1498004159e-14
3.7261962891e+02 7.8151434969e-14 2.6650766503e-14 5.1500668466e-14
3.7268066406e+02 7.8143190419e-14 2.6640581780e-14 5.1502608639e-14
3.7274169922e+02 7.8134163511e-14 2.6630319222e-14 5.1503844289e-14
3.7280273438e+02 7.8124635927e-14 2.6620095467e-14 5.1504540459e-14
3.7286376953e+02 7.8114926756e-14 2.6610028174e-14 5.1504898582e-14
3.7292480469e+02 7.8105316462e-14 2.6600216587e-14 5.1505099875e-14
3.7298583984e+02 7.8095938251e-14 2.6590732797e-14 5.1505205453e-14
3.7304687500e+02 7.8086785103e-14 2.6581626909e-14 5.1505158194e-14
3.7310791016e+02 7.8077685141e-14 2.6572932079e-14 5.1504753062e-14
3.7316894531e+02 7.8068345006e-14 2.6564670533e-14 5.1503674472e-14
3.7322998047e+02 7.8058334014e-14 2.6556833732e-14 5.1501500282e-14
3.7329101562e+02 7.8047129486e-14 2.6549402558e-14 5.1497726927e-14
3.7335205078e+02 7.8034223069e-14 2.6542351597e-14 5.1491871471e-14
3.7341308594e+02 7.8019150476e-14 2.6535652329e-14 5.1483498147e-14
3.7347412109e+02 7.8001504325e-14 2.6529272628e-14 5.1472231697e-14
3.7353515625e+02 7.7981035842e-14 2.6523182615e-14 5.1457853227e-14
3.7359619141e+02 7.7957689451e-14 2.6517359205e-14 5.1440330246e-14
3.7365722656e+02 7.7931582322e-14 2.6511774577e-14 5.1419807745e-14
3.7371826172e+02 7.7902989507e-14 2.6506385467e-14 5.1396604040e-14
3.7377929688e+02 7.7872333276e-14 2.6501119344e-14 5.1371213931e-14
3.7384033203e+02 7.7840096571e-14 2.6495853521e-14 5.1344243050e-14
3.7390136719e+02 7.7806750450e-14 2.6490413933e-14 5.1316336517e-14
3.7396240234e+02 7.7772707513e-14 2.6484558654e-14 5.1288148860e-14
3.7402343750e+02 7.7738300537e-14 2.6478010180e-14 5.1260290357e-14
3.7408447266e+02 7.7703736445e-14 2.6470460990e-14 5.1233275454e-14
3.7414550781e+02 7.7669094710e-14 2.6461606520e-14 5.1207488190e-14
3.7420654297e+02 7.7634429358e-14 2.6451214871e-14 5.1183214486e-14
3.7426757812e+02 7.7599735359e-14 2.6439135675e-14 5.1160599684e-14
3.7432861328e+02 7.7565113267e-14 2.6425381261e-14 5.1139732007e-14
3.7438964844e+02 7.7530797984e-14 2.6410137208e-14 5.1120660776e-14
3.7445068359e+02 7.7497186474e-14 2.6393760118e-14 5.1103426355e-14
3.7451171875e+02 7.7464843491e-14 2.6376769917e-14 5.1088073574e-14
3.7457275391e+02 7.7434461569e-14 2.6359811615e-14 5.1074649954e-14
3.7463378906e+02 7.7406755456e-14 2.6343552276e-14 5.1063203179e-14
3.7469482422e+02 7.7382340436e-14 2.6328631072e-14 5.1053709364e-14
3.7475585938e+02 7.7361651297e-14 2.6315583015e-14 5.1046068282e-14
3.7481689453e+02 7.7344839310e-14 2.6304756822e-14 5.1040082488e-14
3.7487792969e+02 7.7331702461e-14 2.6296272827e-14 5.1035429633e-14
3.7493896484e+02 7.7321615395e-14 2.6289989287e-14 5.1031626108e-14
3.7500000000e+02 7.7313563798e-14 2.6285520349e-14 5.1028043449e-14
3.7506103516e+02 7.7306313135e-14 2.6282297585e-14 5.1024015550e-14
3.7512207031e+02 7.7298522546e-14 2.6279646509e-14 5.1018876036e-14
3.7518310547e+02 7.7288834157e-14 2.6276844273e-14 5.1011989884e-14
3.7524414062e+02 7.7276106204e-14 2.6273239682e-14 5.1002866522e-14
3.7530517578e+02 7.7259536141e-14 2.6268318279e-14 5.0991217862e-14
3.7536621094e+02 7.7238800650e-14 2.6261795902e-14 5.0977004748e-14
3.7542724609e+02 7.7214126282e-14 2.6253637751e-14 5.0960488531e-14
3.7548828125e+02 7.7186262174e-14 2.6244070841e-14 5.0942191334e-14
3.7554931641e+02 7.7156449991e-14 2.6233573132e-14 5.0922876858e-14
3.7561035156e+02 7.7126248280e-14 2.6222777365e-14 5.0903470915e-14
3.7567138672e+02 7.7097414241e-14 2.6212428476e-14 5.0884985765e-14
3.7573242188e+02 7.7071655924e-14 2.6203265421e-14 5.0868390504e-14
3.7579345703e+02 7.7050443712e-14 2.6195936143e-14 5.0854507569e-14
3.7585449219e+02 7.7034820816e-14 2.6190899869e-14 5.0843920947e-14
3.7591552734e+02 7.7025255043e-14 2.6188381384e-14 5.0836873658e-14
3.7597656250e+02 7.7021596838e-14 2.6188329619e-14 5.0833267220e-14
3.7603759766e+02 7.7023053186e-14 2.6190421105e-14 5.0832632081e-14
3.7609863281e+02 7.7028283041e-14 2.6194096355e-14 5.0834186686e-14
3.7615966797e+02 7.7035484307e-14 2.6198614103e-14 5.0836870205e-14
3.7622070312e+02 7.7042578048e-14 2.6203128735e-14 5.0839449314e-14
3.7628173828e+02 7.7047456520e-14 2.6206803838e-14 5.0840652682e-14
3.7634277344e+02 7.7048184899e-14 2.6208899738e-14 5.0839285161e-14
3.7640380859e+02 7.7043149334e-14 2.6208822123e-14 5.0834327211e-14
3.7646484375e+02 7.7031121435e-14 2.6206167145e-14 5.0824954290e-14
3.7652587891e+02 7.7011384834e-14 2.6200752907e-14 5.0810631928e-14
3.7658691406e+02 7.6983737657e-14 2.6192605621e-14 5.0791132036e-14
3.7664794922e+02 7.6948428116e-14 2.6181929295e-14 5.0766498822e-14
3.7670898438e+02 7.6906063117e-14 2.6169038756e-14 5.0737024362e-14
3.7677001953e+02 7.6857551740e-14 2.6154327884e-14 5.0703223857e-14
3.7683105469e+02 7.6804116742e-14 2.6138257472e-14 5.0665859270e-14
3.7689208984e+02 7.6747098378e-14 2.6121266521e-14 5.0625831856e-14
3.7695312500e+02 7.6687943499e-14 2.6103782056e-14 5.0584161443e-14
3.7701416016e+02 7.6628177659e-14 2.6086204288e-14 5.0541973371e-14
3.7707519531e+02 7.6569315322e-14 2.6068896960e-14 5.0500418362e-14
3.7713623047e+02 7.6512825170e-14 2.6052190301e-14 5.0460634869e-14
3.7719726562e+02 7.6460139913e-14 2.6036409766e-14 5.0423730147e-14
3.7725830078e+02 7.6412563043e-14 2.6021853637e-14 5.0390709407e-14
3.7731933594e+02 7.6371210159e-14 2.6008789064e-14 5.0362421094e-14
3.7738037109e+02 7.6336938931e-14 2.5997444018e-14 5.0339494913e-14
3.7744140625e+02 7.6310342788e-14 2.5987999834e-14 5.0322342954e-14
3.7750244141e+02 7.6291634329e-14 2.5980561308e-14 5.0311073021e-14
3.7756347656e+02 7.6280648441e-14 2.5975158592e-14 5.0305489849e-14
3.7762451172e+02 7.6276832717e-14 2.5971732135e-14 5.0305100582e-14
3.7768554688e+02 7.6279218054e-14 2.5970126713e-14 5.0309091342e-14
3.7774658203e+02 7.6286499529e-14 2.5970120002e-14 5.0316379528e-14
3.7780761719e+02 7.6297060841e-14 2.5971410918e-14 5.0325649924e-14
3.7786865234e+02 7.6309091467e-14 2.5973654730e-14 5.0335436737e-14
3.7792968750e+02 7.6320709318e-14 2.5976490127e-14 5.0344219191e-14
3.7799072266e+02 7.6330076874e-14 2.5979556756e-14 5.0350520118e-14
3.7805175781e+02 7.6335589743e-14 2.5982528411e-14 5.0353061332e-14
3.7811279297e+02 7.6335983531e-14 2.5985137350e-14 5.0350846182e-14
3.7817382812e+02 7.6330357734e-14 2.5987146129e-14 5.0343211605e-14
3.7823486328e+02 7.6318301143e-14 2.5988379304e-14 5.0329921839e-14
3.7829589844e+02 7.6299872720e-14 2.5988721930e-14 5.0311150790e-14
3.7835693359e+02 7.6275505711e-14 2.5988101848e-14 5.0287403863e-14
3.7841796875e+02 7.6245950250e-14 2.5986486866e-14 5.0259463385e-14
3.7847900391e+02 7.6212148318e-14 2.5983865153e-14 5.0228283165e-14
3.7854003906e+02 7.6175127847e-14 2.5980262503e-14 5.0194865344e-14
3.7860107422e+02 7.6135952714e-14 2.5975729478e-14 5.0160223236e-14
3.7866210938e+02 7.6095573785e-14 2.5970339500e-14 5.0125234285e-14
3.7872314453e+02 7.6054850987e-14 2.5964205863e-14 5.0090645124e-14
3.7878417969e+02 7.6014526113e-14 2.5957465115e-14 5.0057060998e-14
3.7884521484e+02 7.5975204366e-14 2.5950279282e-14 5.0024925084e-14
3.7890625000e+02 7.5937430469e-14 2.5942826773e-14 4.9994603696e-14
3.7896728516e+02 7.5901662707e-14 2.5935281338e-14 4.9966381369e-14
3.7902832031e+02 7.5868312729e-14 2.5927783029e-14 4.9940529701e-14
3.7908935547e+02 7.5837716764e-14 2.5920428048e-14 4.9917288715e-14
3.7915039062e+02 7.5810175810e-14 2.5913261956e-14 4.9896913854e-14
3.7921142578e+02 7.5785903712e-14 2.5906257217e-14 4.9879646496e-14
3.7927246094e+02 7.5765092769e-14 2.5899345290e-14 4.9865747479e-14
3.7933349609e+02 7.5747813695e-14 2.5892405324e-14 4.9855408372e-14
3.7939453125e+02 7.5734035871e-14 2.5885298631e-14 4.9848737241e-14
3.7945556641e+02 7.5723621079e-14 2.5877897544e-14 4.9845723535e-14
3.7951660156e+02 7.5716339865e-14 2.5870122186e-14 4.9846217678e-14
3.7957763672e+02 7.5711867299e-14 2.5861955912e-14 4.9849911387e-14
3.7963867188e+02 7.5709814453e-14 2.5853466039e-14 4.9856348414e-14
3.7969970703e+02 7.5709728678e-14 2.5844800601e-14 4.9864928077e-14
3.7976074219e+02 7.5711059260e-14 2.5836155102e-14 4.9874904157e-14
3.7982177734e+02 7.5713223534e-14 2.5827765894e-14 4.9885457640e-14
3.7988281250e+02 7.5715602458e-14 2.5819862592e-14 4.9895739865e-14
3.7994384766e+02 7.5717457811e-14 2.5812596895e-14 4.9904860916e-14
3.8000488281e+02 7.5718011162e-14 2.5806035639e-14 4.9911975524e-14
3.8006591797e+02 7.5716393060e-14 2.5800094890e-14 4.9916298170e-14
3.8012695312e+02 7.5711651174e-14 2.5794548483e-14 4.9917102691e-14
3.8018798828e+02 7.5702836363e-14 2.5789043132e-14 4.9913793231e-14
3.8024902344e+02 7.5689050238e-14 2.5783126410e-14 4.9905923828e-14
3.8031005859e+02 7.5669493575e-14 2.5776305179e-14 4.9893188395e-14
3.8037109375e+02 7.5643683579e-14 2.5768145458e-14 4.9875538121e-14
3.8043212891e+02 7.5611501663e-14 2.5758319868e-14 4.9853181796e-14
3.8049316406e+02 7.5573307900e-14 2.5746689590e-14 4.9826618311e-14
3.8055419922e+02 7.5530014766e-14 2.5733339086e-14 4.9796675680e-14
3.8061523438e+02 7.5483033067e-14 2.5718589635e-14 4.9764443432e-14
3.8067626953e+02 7.5434191654e-14 2.5702955934e-14 4.9731235719e-14
3.8073730469e+02 7.5385624571e-14 2.5687113455e-14 4.9698511116e-14
3.8079833984e+02 7.5339530984e-14 2.5671796223e-14 4.9667734761e-14
3.8085937500e+02 7.5297983423e-14 2.5657720624e-14 4.9640262799e-14
3.8092041016e+02 7.5262706440e-14 2.5645497877e-14 4.9617208563e-14
3.8098144531e+02 7.5234863927e-14 2.5635546534e-14 4.9599317392e-14
3.8104248047e+02 7.5214988552e-14 2.5628072469e-14 4.9586916083e-14
3.8110351562e+02 7.5202996877e-14 2.5623074021e-14 4.9579922857e-14
3.8116455078e+02 7.5198205906e-14 2.5620363090e-14 4.9577842816e-14
3.8122558594e+02 7.5199419429e-14 2.5619593177e-14 4.9579826252e-14
3.8128662109e+02 7.5205149404e-14 2.5620366875e-14 4.9584782529e-14
3.8134765625e+02 7.5213758373e-14 2.5622267951e-14 4.9591490422e-14
3.8140869141e+02 7.5223655727e-14 2.5624927683e-14 4.9598728044e-14
3.8146972656e+02 7.5233337001e-14 2.5628016146e-14 4.9605320856e-14
3.8153076172e+02 7.5241559815e-14 2.5631290090e-14 4.9610269725e-14
3.8159179688e+02 7.5247309579e-14 2.5634555935e-14 4.9612753644e-14
3.8165283203e+02 7.5249798322e-14 2.5637634470e-14 4.9612163852e-14
3.8171386719e+02 7.5248496066e-14 2.5640362427e-14 4.9608133639e-14
3.8177490234e+02 7.5243105669e-14 2.5642555320e-14 4.9600550349e-14
3.8183593750e+02 7.5233542396e-14 2.5644011526e-14 4.9589530870e-14
3.8189697266e+02 7.5219939493e-14 2.5644526628e-14 4.9575412865e-14
3.8195800781e+02 7.5202616190e-14 2.5643908092e-14 4.9558708098e-14
3.8201904297e+02 7.5182086857e-14 2.5642007942e-14 4.9540078915e-14
3.8208007812e+02 7.5159080311e-14 2.5638761828e-14 4.9520318482e-14
3.8214111328e+02 7.5134446106e-14 2.5634191693e-14 4.9500254413e-14
3.8220214844e+02 7.5109094478e-14 2.5628408412e-14 4.9480686066e-14
3.8226318359e+02 7.5083940237e-14 2.5621602522e-14 4.9462337715e-14
3.8232421875e+02 7.5059774946e-14 2.5614014759e-14 4.9445760187e-14
3.8238525391e+02 7.5037184283e-14 2.5605894096e-14 4.9431290186e-14
3.8244628906e+02 7.5016505459e-14 2.5597463380e-14 4.9419042079e-14
3.8250732422e+02 7.4997796157e-14 2.5588896979e-14 4.9408899178e-14
3.8256835938e+02 7.4980862350e-14 2.5580294218e-14 4.9400568132e-14
3.8262939453e+02 7.4965303982e-14 2.5571687936e-14 4.9393616046e-14
3.8269042969e+02 7.4950578555e-14 2.5563040567e-14 4.9387537988e-14
3.8275146484e+02 7.4936071048e-14 2.5554262309e-14 4.9381808739e-14
3.8281250000e+02 7.4921205151e-14 2.5545245084e-14 4.9375960067e-14
3.8287353516e+02 7.4905555060e-14 2.5535905904e-14 4.9369649156e-14
3.8293457031e+02 7.4888799462e-14 2.5526180983e-14 4.9362618479e-14
3.8299560547e+02 7.4870771855e-14 2.5516042297e-14 4.9354729558e-14
3.8305664062e+02 7.4851483386e-14 2.5505525876e-14 4.9345957510e-14
3.8311767578e+02 7.4831105297e-14 2.5494731427e-14 4.9336373869e-14
3.8317871094e+02 7.4809935317e-14 2.5483810633e-14 4.9326124685e-14
3.8323974609e+02 7.4788374842e-14 2.5472951311e-14 4.9315423531e-14
3.8330078125e+02 7.4766879910e-14 2.5462371594e-14 4.9304508315e-14
3.8336181641e+02 7.4745946997e-14 2.5452302283e-14 4.9293644714e-14
3.8342285156e+02 7.4726133601e-14 2.5442975587e-14 4.9283158014e-14
3.8348388672e+02 7.4707915558e-14 2.5434588011e-14 4.9273327547e-14
3.8354492188e+02 7.4691719794e-14 2.5427300521e-14 4.9264419273e-14
3.8360595703e+02 7.4677905402e-14 2.5421229435e-14 4.9256675966e-14
3.8366699219e+02 7.4666636625e-14 2.5416419081e-14 4.9250217544e-14
3.8372802734e+02 7.4657932706e-14 2.5412835702e-14 4.9245097005e-14
3.8378906250e+02 7.4651683152e-14 2.5410404402e-14 4.9241278750e-14
3.8385009766e+02 7.4647577861e-14 2.5408977975e-14 4.9238599886e-14
3.8391113281e+02 7.4645186612e-14 2.5408364114e-14 4.9236822498e-14
3.8397216797e+02 7.4643981038e-14 2.5408340305e-14 4.9235640733e-14
3.8403320312e+02 7.4643384327e-14 2.5408672465e-14 4.9234711862e-14
3.8409423828e+02 7.4642849539e-14 2.5409151232e-14 4.9233698307e-14
3.8415527344e+02 7.4641863496e-14 2.5409587668e-14 4.9232275828e-14
3.8421630859e+02 7.4639956899e-14 2.5409819909e-14 4.9230136991e-14
3.8427734375e+02 7.4636727173e-14 2.5409718274e-14 4.9227008899e-14
3.8433837891e+02 7.4631877538e-14 2.5409215742e-14 4.9222661797e-14
3.8439941406e+02 7.4625179461e-14 2.5408269938e-14 4.9216909522e-14
3.8446044922e+02 7.4616469608e-14 2.5406867487e-14 4.9209602121e-14
3.8452148438e+02 7.4605637852e-14 2.5405018382e-14 4.9200619470e-14
3.8458251953e+02 7.4592685735e-14 2.5402767792e-14 4.9189917942e-14
3.8464355469e+02 7.4577657746e-14 2.5400162465e-14 4.9177495281e-14
3.8470458984e+02 7.4560739657e-14 2.5397289747e-14 4.9163449910e-14
3.8476562500e+02 7.4542204848e-14 2.5394248353e-14 4.9147956495e-14
3.8482666016e+02 7.4522436654e-14 2.5391160298e-14 4.9131276356e-14
3.8488769531e+02 7.4501865782e-14 2.5388149078e-14 4.9113716704e-14
3.8494873047e+02 7.4480959181e-14 2.5385325319e-14 4.9095633862e-14
3.8500976562e+02 7.4460140295e-14 2.5382758112e-14 4.9077382182e-14
3.8507080078e+02 7.4439812051e-14 2.5380470235e-14 4.9059341816e-14
3.8513183594e+02 7.4420227469e-14 2.5378384247e-14 4.9041843222e-14
3.8519287109e+02 7.4401531948e-14 2.5376341037e-14 4.9025190911e-14
3.8525390625e+02 7.4383855209e-14 2.5374118354e-14 4.9009736855e-14
3.8531494141e+02 7.4367295348e-14 2.5371438834e-14 4.8995856514e-14
3.8537597656e+02 7.4351977542e-14 2.5368009835e-14 4.8983967708e-14
3.8543701172e+02 7.4338197536e-14 2.5363590306e-14 4.8974607229e-14
3.8549804688e+02 7.4326348845e-14 2.5358015854e-14 4.8968332990e-14
3.8555908203e+02 7.4316965789e-14 2.5351253832e-14 4.8965711957e-14
3.8562011719e+02 7.4310601575e-14 2.5343386889e-14 4.8967214686e-14
3.8568115234e+02 7.4307777461e-14 2.5334642627e-14 4.8973134834e-14
3.8574218750e+02 7.4308834831e-14 2.5325350353e-14 4.8983484478e-14
3.8580322266e+02 7.4313856197e-14 2.5315906746e-14 4.8997949451e-14
3.8586425781e+02 7.4322560528e-14 2.5306723001e-14 4.9015837527e-14
3.8592529297e+02 7.4334292131e-14 2.5298182603e-14 4.9036109528e-14
3.8598632812e+02 7.4348062866e-14 2.5290598132e-14 4.9057464734e-14
3.8604736328e+02 7.4362656818e-14 2.5284190752e-14 4.9078466066e-14
3.8610839844e+02 7.4376748781e-14 2.5279075071e-14 4.9097673710e-14
3.8616943359e+02 7.4389043680e-14 2.5275260815e-14 4.9113782865e-14
3.8623046875e+02 7.4398440568e-14 2.5272672302e-14 4.9125768266e-14
3.8629150391e+02 7.4404063470e-14 2.5271151085e-14 4.9132912385e-14
3.8635253906e+02 7.4405314593e-14 2.5270481445e-14 4.9134833148e-14
3.8641357422e+02 7.4401861679e-14 2.5270398032e-14 4.9131463647e-14
3.8647460938e+02 7.4393623800e-14 2.5270610411e-14 4.9123013389e-14
3.8653564453e+02 7.4380722720e-14 2.5270830343e-14 4.9109892377e-14
3.8659667969e+02 7.4363402229e-14 2.5270769581e-14 4.9092632648e-14
3.8665771484e+02 7.4342004983e-14 2.5270169412e-14 4.9071835570e-14
3.8671875000e+02 7.4316917313e-14 2.5268811501e-14 4.9048105812e-14
3.8677978516e+02 7.4288606356e-14 2.5266543321e-14 4.9022063035e-14
3.8684082031e+02 7.4257593135e-14 2.5263288437e-14 4.8994304698e-14
3.8690185547e+02 7.4224350051e-14 2.5259013628e-14 4.8965336423e-14
3.8696289062e+02 7.4189414998e-14 2.5253764626e-14 4.8935650372e-14
3.8702392578e+02 7.4153267570e-14 2.5247632526e-14 4.8905635044e-14
3.8708496094e+02 7.4116285174e-14 2.5240727863e-14 4.8875557310e-14
3.8714599609e+02 7.4078761014e-14 2.5233164575e-14 4.8845596439e-14
3.8720703125e+02 7.4040815561e-14 2.5225034345e-14 4.8815781216e-14
3.8726806641e+02 7.4002381747e-14 2.5216389594e-14 4.8785992153e-14
3.8732910156e+02 7.3963277436e-14 2.5207248688e-14 4.8756028748e-14
3.8739013672e+02 7.3923212438e-14 2.5197588167e-14 4.8725624271e-14
3.8745117188e+02 7.3881851217e-14 2.5187346398e-14 4.8694504819e-14
3.8751220703e+02 7.3838917444e-14 2.5176463216e-14 4.8662454227e-14
3.8757324219e+02 7.3794273200e-14 2.5164898025e-14 4.8629375175e-14
3.8763427734e+02 7.3748028932e-14 2.5152667553e-14 4.8595361379e-14
3.8769531250e+02 7.3700560833e-14 2.5139857046e-14 4.8560703787e-14
3.8775634766e+02 7.3652531808e-14 2.5126631173e-14 4.8525900635e-14
3.8781738281e+02 7.3604862043e-14 2.5113224976e-14 4.8491637068e-14
3.8787841797e+02 7.3558636929e-14 2.5099926936e-14 4.8458709993e-14
3.8793945312e+02 7.3514959050e-14 2.5087037403e-14 4.8427921647e-14
3.8800048828e+02 7.3474880773e-14 2.5074845704e-14 4.8400035069e-14
3.8806152344e+02 7.3439215297e-14 2.5063569153e-14 4.8375646143e-14
3.8812255859e+02 7.3408464123e-14 2.5053334633e-14 4.8355129490e-14
3.8818359375e+02 7.3382749337e-14 2.5044158836e-14 4.8338590501e-14
3.8824462891e+02 7.3361844809e-14 2.5035962268e-14 4.8325882541e-14
3.8830566406e+02 7.3345192807e-14 2.5028566626e-14 4.8316626181e-14
3.8836669922e+02 7.3332029958e-14 2.5021755231e-14 4.8310274727e-14
3.8842773438e+02 7.3321523002e-14 2.5015311534e-14 4.8306211467e-14
3.8848876953e+02 7.3312860351e-14 2.5009059299e-14 4.8303801052e-14
3.8854980469e+02 7.3305361484e-14 2.5002896651e-14 4.8302464833e-14
3.8861083984e+02 7.3298535768e-14 2.4996811113e-14 4.8301724655e-14
3.8867187500e+02 7.3292121377e-14 2.4990890750e-14 4.8301230626e-14
3.8873291016e+02 7.3286039364e-14 2.4985303403e-14 4.8300735960e-14
3.8879394531e+02 7.3280347596e-14 2.4980265854e-14 4.8300081742e-14
3.8885498047e+02 7.3275204392e-14 2.4976015817e-14 4.8299188576e-14
3.8891601562e+02 7.3270806723e-14 2.4972789630e-14 4.8298017092e-14
3.8897705078e+02 7.3267378681e-14 2.4970788154e-14 4.8296590527e-14
3.8903808594e+02 7.3265122396e-14 2.4970153425e-14 4.8294968971e-14
3.8909912109e+02 7.3264253934e-14 2.4970967665e-14 4.8293286269e-14
3.8916015625e+02 7.3265016077e-14 2.4973259963e-14 4.8291756113e-14
3.8922119141e+02 7.3267618385e-14 2.4976984338e-14 4.8290634047e-14
3.8928222656e+02 7.3272223581e-14 2.4982020092e-14 4.8290203490e-14
3.8934326172e+02 7.3278855410e-14 2.4988167603e-14 4.8290687807e-14
3.8940429688e+02 7.3287392777e-14 2.4995160791e-14 4.8292231985e-14
3.8946533203e+02 7.3297483365e-14 2.5002655741e-14 4.8294827623e-14
3.8952636719e+02 7.3308523990e-14 2.5010257442e-14 4.8298266548e-14
3.8958740234e+02 7.3319640290e-14 2.5017530259e-14 4.8302110031e-14
3.8964843750e+02 7.3329686790e-14 2.5024006945e-14 4.8305679845e-14
3.8970947266e+02 7.3337472264e-14 2.5029281186e-14 4.8308191078e-14
3.8977050781e+02 7.3341819359e-14 2.5033010025e-14 4.8308809334e-14
3.8983154297e+02 7.3341701773e-14 2.5034947596e-14 4.8306754177e-14
3.8989257812e+02 7.3336381219e-14 2.5034980730e-14 4.8301400488e-14
3.8995361328e+02 7.3325520543e-14 2.5033133859e-14 4.8292386684e-14
3.9001464844e+02 7.3309255361e-14 2.5029570560e-14 4.8279684800e-14
3.9007568359e+02 7.3288095415e-14 2.5024544540e-14 4.8263550875e-14
3.9013671875e+02 7.3262934424e-14 2.5018380615e-14 4.8244553809e-14
3.9019775391e+02 7.3234902583e-14 2.5011418495e-14 4.8223484088e-14
3.9025878906e+02 7.3205243905e-14 2.5003988395e-14 4.8201255510e-14
3.9031982422e+02 7.3175168363e-14 2.4996352165e-14 4.8178816198e-14
3.9038085938e+02 7.3145743257e-14 2.4988687527e-14 4.8157055730e-14
3.9044189453e+02 7.3117780558e-14 2.4981078250e-14 4.8136702308e-14
3.9050292969e+02 7.3091808159e-14 2.4973515996e-14 4.8118292163e-14
3.9056396484e+02 7.3068023075e-14 2.4965909621e-14 4.8102113454e-14
3.9062500000e+02 7.3046316394e-14 2.4958106794e-14 4.8088209600e-14
3.9068603516e+02 7.3026301513e-14 2.4949910643e-14 4.8076390870e-14
3.9074707031e+02 7.3007364225e-14 2.4941106096e-14 4.8066258128e-14
3.9080810547e+02 7.2988775994e-14 2.4931503249e-14 4.8057272745e-14
3.9086914062e+02 7.2969733028e-14 2.4920948895e-14 4.8048784132e-14
3.9093017578e+02 7.2949503879e-14 2.4909354670e-14 4.8040149209e-14
3.9099121094e+02 7.2927527286e-14 2.4896723368e-14 4.8030803918e-14
3.9105224609e+02 7.2903443080e-14 2.4883137912e-14 4.8020305169e-14
3.9111328125e+02 7.2877233313e-14 2.4868794477e-14 4.8008438835e-14
3.9117431641e+02 7.2849202125e-14 2.4853981058e-14 4.7995221066e-14
3.9123535156e+02 7.2819980696e-14 2.4839064439e-14 4.7980916257e-14
3.9129638672e+02 7.2790448580e-14 2.4824455587e-14 4.7965992993e-14
3.9135742188e+02 7.2761657162e-14 2.4810594244e-14 4.7951062918e-14
3.9141845703e+02 7.2734708580e-14 2.4797893819e-14 4.7936814761e-14
3.9147949219e+02 7.2710552704e-14 2.4786693348e-14 4.7923859356e-14
3.9154052734e+02 7.2689887811e-14 2.4777231516e-14 4.7912656294e-14
3.9160156250e+02 7.2673079323e-14 2.4769628721e-14 4.7903450601e-14
3.9166259766e+02 7.2660071488e-14 2.4763871993e-14 4.7896199495e-14
3.9172363281e+02 7.2650403879e-14 2.4759819829e-14 4.7890584050e-14
3.9178466797e+02 7.2643233466e-14 2.4757209590e-14 4.7886023876e-14
3.9184570312e+02 7.2637500280e-14 2.4755708381e-14 4.7881791899e-14
3.9190673828e+02 7.2632007978e-14 2.4754926077e-14 4.7877081901e-14
3.9196777344e+02 7.2625627808e-14 2.4754476156e-14 4.7871151653e-14
3.9202880859e+02 7.2617383116e-14 2.4753980575e-14 4.7863402541e-14
3.9208984375e+02 7.2606631079e-14 2.4753141873e-14 4.7853489205e-14
3.9215087891e+02 7.2593125123e-14 2.4751751010e-14 4.7841374113e-14
3.9221191406e+02 7.2576974718e-14 2.4749673013e-14 4.7827301706e-14
3.9227294922e+02 7.2558727193e-14 2.4746898446e-14 4.7811828747e-14
3.9233398438e+02 7.2539260325e-14 2.4743526427e-14 4.7795733898e-14
3.9239501953e+02 7.2519690958e-14 2.4739747670e-14 4.7779943288e-14
3.9245605469e+02 7.2501246449e-14 2.4735823825e-14 4.7765422624e-14
3.9251708984e+02 7.2485087115e-14 2.4732054029e-14 4.7753033087e-14
3.9257812500e+02 7.2472185276e-14 2.4728739394e-14 4.7743445883e-14
3.9263916016e+02 7.2463220274e-14 2.4726148050e-14 4.7737072224e-14
3.9270019531e+02 7.2458476485e-14 2.4724473609e-14 4.7734002877e-14
3.9276123047e+02 7.2457876235e-14 2.4723824057e-14 4.7734052178e-14
3.9282226562e+02 7.2460870728e-14 2.4724168483e-14 4.7736702244e-14
3.9288330078e+02 7.2466561737e-14 2.4725357545e-14 4.7741204192e-14
3.9294433594e+02 7.2473860400e-14 2.4727152588e-14 4.7746707812e-14
3.9300537109e+02 7.2481578723e-14 2.4729239236e-14 4.7752339488e-14
3.9306640625e+02 7.2488585217e-14 2.4731281099e-14 4.7757304118e-14
3.9312744141e+02 7.2493900550e-14 2.4732939364e-14 4.7760961186e-14
3.9318847656e+02 7.2496851563e-14 2.4733947679e-14 4.7762903883e-14
3.9324951172e+02 7.2497064257e-14 2.4734115475e-14 4.7762948783e-14
3.9331054688e+02 7.2494492334e-14 2.4733353947e-14 4.7761138388e-14
3.9337158203e+02 7.2489330613e-14 2.4731654592e-14 4.7757676021e-14
3.9343261719e+02 7.2482042942e-14 2.4729116921e-14 4.7752926021e-14
3.9349365234e+02 7.2473138214e-14 2.4725880691e-14 4.7747257523e-14
3.9355468750e+02 7.2463104405e-14 2.4722102248e-14 4.7741002157e-14
3.9361572266e+02 7.2452314668e-14 2.4717932841e-14 4.7734381827e-14
3.9367675781e+02 7.2440962372e-14 2.4713488973e-14 4.7727473399e-14
3.9373779297e+02 7.2429009384e-14 2.4708837425e-14 4.7720171960e-14
3.9379882812e+02 7.2416231056e-14 2.4704008726e-14 4.7712222330e-14
3.9385986328e+02 7.2402258990e-14 2.4698995880e-14 4.7703263110e-14
3.9392089844e+02 7.2386666763e-14 2.4693776045e-14 4.7692890717e-14
3.9398193359e+02 7.2369090845e-14 2.4688337684e-14 4.7680753161e-14
3.9404296875e+02 7.2349313484e-14 2.4682700565e-14 4.7666612919e-14
3.9410400391e+02 7.2327371076e-14 2.4676934591e-14 4.7650436485e-14
3.9416503906e+02 7.2303585374e-14 2.4671148838e-14 4.7632436536e-14
3.9422607422e+02 7.2278518226e-14 2.4665476055e-14 4.7613042171e-14
3.9428710938e+02 7.2252911742e-14 2.4660050169e-14 4.7592861573e-14
3.9434814453e+02 7.2227595326e-14 2.4654965912e-14 4.7572629414e-14
3.9440917969e+02 7.2203307439e-14 2.4650244237e-14 4.7553063201e-14
3.9447021484e+02 7.2180545370e-14 2.4645802184e-14 4.7534743186e-14
3.9453125000e+02 7.2159488592e-14 2.4641451576e-14 4.7518037016e-14
3.9459228516e+02 7.2139934137e-14 2.4636903850e-14 4.7503030287e-14
3.9465332031e+02 7.2121367315e-14 2.4631822205e-14 4.7489545110e-14
3.9471435547e+02 7.2103002372e-14 2.4625836182e-14 4.7477166190e-14
3.9477539062e+02 7.2083941258e-14 2.4618614894e-14 4.7465326364e-14
3.9483642578e+02 7.2063398518e-14 2.4609935758e-14 4.7453462759e-14
3.9489746094e+02 7.2040825764e-14 2.4599706093e-14 4.7441119671e-14
3.9495849609e+02 7.2016035087e-14 2.4587997281e-14 4.7428037806e-14
3.9501953125e+02 7.1989309255e-14 2.4575064382e-14 4.7414244873e-14
3.9508056641e+02 7.1961372490e-14 2.4561316809e-14 4.7400055681e-14
3.9514160156e+02 7.1933367364e-14 2.4547310582e-14 4.7386056783e-14
3.9520263672e+02 7.1906632258e-14 2.4533654663e-14 4.7372977595e-14
3.9526367188e+02 7.1882629523e-14 2.4521006239e-14 4.7361623284e-14
3.9532470703e+02 7.1862706017e-14 2.4509984262e-14 4.7352721755e-14
3.9538574219e+02 7.1847906560e-14 2.4501094164e-14 4.7346812396e-14
3.9544677734e+02 7.1838849784e-14 2.4494700986e-14 4.7344148797e-14
3.9550781250e+02 7.1835653417e-14 2.4490993012e-14 4.7344660405e-14
3.9556884766e+02 7.1837881113e-14 2.4489941595e-14 4.7347939519e-14
3.9562988281e+02 7.1844613917e-14 2.4491308913e-14 4.7353305004e-14
3.9569091797e+02 7.1854518494e-14 2.4494668121e-14 4.7359850373e-14
3.9575195312e+02 7.1865958428e-14 2.4499422046e-14 4.7366536382e-14
3.9581298828e+02 7.1877239360e-14 2.4504885899e-14 4.7372353462e-14
3.9587402344e+02 7.1886771497e-14 2.4510344136e-14 4.7376427361e-14
3.9593505859e+02 7.1893285051e-14 2.4515134762e-14 4.7378150289e-14
3.9599609375e+02 7.1895928313e-14 2.4518708760e-14 4.7377219553e-14
3.9605712891e+02 7.1894300017e-14 2.4520668644e-14 4.7373631373e-14
3.9611816406e+02 7.1888554028e-14 2.4520824331e-14 4.7367729697e-14
3.9617919922e+02 7.1879267442e-14 2.4519174784e-14 4.7360092658e-14
3.9624023438e+02 7.1867308308e-14 2.4515892699e-14 4.7351415609e-14
3.9630126953e+02 7.1853688594e-14 2.4511272359e-14 4.7342416235e-14
3.9636230469e+02 7.1839383518e-14 2.4505677692e-14 4.7333705826e-14
3.9642333984e+02 7.1825106842e-14 2.4499458424e-14 4.7325648418e-14
3.9648437500e+02 7.1811280372e-14 2.4492923323e-14 4.7318357049e-14
3.9654541016e+02 7.1797889629e-14 2.4486269027e-14 4.7311620603e-14
3.9660644531e+02 7.1784601865e-14 2.4479593650e-14 4.7305008215e-14
3.9666748047e+02 7.1770816536e-14 2.4472886966e-14 4.7297929570e-14
3.9672851562e+02 7.1755806341e-14 2.4466050424e-14 4.7289755917e-14
3.9678955078e+02 7.1738854178e-14 2.4458943523e-14 4.7279910654e-14
3.9685058594e+02 7.1719401920e-14 2.4451409265e-14 4.7267992655e-14
3.9691162109e+02 7.1697158157e-14 2.4443309103e-14 4.7253849054e-14
3.9697265625e+02 7.1672130182e-14 2.4434550410e-14 4.7237579772e-14
3.9703369141e+02 7.1644596238e-14 2.4425090825e-14 4.7219505413e-14
3.9709472656e+02 7.1615102712e-14 2.4414956908e-14 4.7200145804e-14
3.9715576172e+02 7.1584350538e-14 2.4404227712e-14 4.7180122826e-14
3.9721679688e+02 7.1553089750e-14 2.4393018809e-14 4.7160070941e-14
3.9727783203e+02 7.1522054966e-14 2.4381486715e-14 4.7140568251e-14
3.9733886719e+02 7.1491844603e-14 2.4369793205e-14 4.7122051398e-14
3.9739990234e+02 7.1462937531e-14 2.4358116395e-14 4.7104821136e-14
3.9746093750e+02 7.1435624278e-14 2.4346632052e-14 4.7088992226e-14
3.9752197266e+02 7.1410056200e-14 2.4335504415e-14 4.7074551785e-14
3.9758300781e+02 7.1386228592e-14 2.4324866975e-14 4.7061361618e-14
3.9764404297e+02 7.1364039890e-14 2.4314832579e-14 4.7049207311e-14
3.9770507812e+02 7.1343323562e-14 2.4305469695e-14 4.7037853867e-14
3.9776611328e+02 7.1323830374e-14 2.4296792280e-14 4.7027038094e-14
3.9782714844e+02 7.1305288223e-14 2.4288774192e-14 4.7016514030e-14
3.9788818359e+02 7.1287435674e-14 2.4281347491e-14 4.7006088183e-14
3.9794921875e+02 7.1270003096e-14 2.4274406384e-14 4.6995596711e-14
3.9801025391e+02 7.1252724668e-14 2.4267826192e-14 4.6984898476e-14
3.9807128906e+02 7.1235388546e-14 2.4261490087e-14 4.6973898459e-14
3.9813232422e+02 7.1217804171e-14 2.4255300616e-14 4.6962503555e-14
3.9819335938e+02 7.1199821833e-14 2.4249188085e-14 4.6950633749e-14
3.9825439453e+02 7.1181337373e-14 2.4243117822e-14 4.6938219551e-14
3.9831542969e+02 7.1162358863e-14 2.4237124235e-14 4.6925234628e-14
3.9837646484e+02 7.1142911934e-14 2.4231258960e-14 4.6911652974e-14
3.9843750000e+02 7.1123115579e-14 2.4225609692e-14 4.6897505887e-14
3.9849853516e+02 7.1103130848e-14 2.4220264699e-14 4.6882866148e-14
3.9855957031e+02 7.1083171837e-14 2.4215306187e-14 4.6867865650e-14
3.9862060547e+02 7.1063420673e-14 2.4210776761e-14 4.6852643911e-14
3.9868164062e+02 7.1044021552e-14 2.4206673222e-14 4.6837348331e-14
3.9874267578e+02 7.1025058173e-14 2.4202942075e-14 4.6822116098e-14
3.9880371094e+02 7.1006480812e-14 2.4199462744e-14 4.6807018068e-14
3.9886474609e+02 7.0988159370e-14 2.4196088398e-14 4.6792070972e-14
3.9892578125e+02 7.0969791809e-14 2.4192630986e-14 4.6777160822e-14
3.9898681641e+02 7.0950991085e-14 2.4188908912e-14 4.6762082173e-14
3.9904785156e+02 7.0931349498e-14 2.4184778685e-14 4.6746570813e-14
3.9910888672e+02 7.0910514926e-14 2.4180154249e-14 4.6730360676e-14
3.9916992188e+02 7.0888266450e-14 2.4175040483e-14 4.6713225967e-14
3.9923095703e+02 7.0864557693e-14 2.4169536533e-14 4.6695021160e-14
3.9929199219e+02 7.0839571992e-14 2.4163826064e-14 4.6675745928e-14
3.9935302734e+02 7.0813795816e-14 2.4158181521e-14 4.6655614295e-14
3.9941406250e+02 7.0787882071e-14 2.4152904158e-14 4.6634977912e-14
3.9947509766e+02 7.0762587805e-14 2.4148277913e-14 4.6614309892e-14
3.9953613281e+02 7.0738674782e-14 2.4144527382e-14 4.6594147400e-14
3.9959716797e+02 7.0716791587e-14 2.4141773322e-14 4.6575018265e-14
3.9965820312e+02 7.0697346285e-14 2.4139980845e-14 4.6557365440e-14
3.9971923828e+02 7.0680471989e-14 2.4138971071e-14 4.6541500918e-14
3.9978027344e+02 7.0665989733e-14 2.4138432761e-14 4.6527556973e-14
3.9984130859e+02 7.0653439295e-14 2.4137944486e-14 4.6515494809e-14
3.9990234375e+02 7.0642220278e-14 2.4137041726e-14 4.6505178552e-14
3.9996337891e+02 7.0631674118e-14 2.4135285629e-14 4.6496388489e-14
4.0002441406e+02 7.0621220406e-14 2.4132327728e-14 4.6488892678e-14
4.0008544922e+02 7.0610478807e-14 2.4127960489e-14 4.6482518318e-14
4.0014648438e+02 7.0599319780e-14 2.4122152602e-14 4.6477167178e-14
4.0020751953e+02 7.0587828359e-14 2.4115036055e-14 4.6472792304e-14
4.0026855469e+02 7.0576335947e-14 2.4106903657e-14 4.6469432290e-14
4.0032958984e+02 7.0565328296e-14 2.4098173601e-14 4.6467154695e-14
4.0039062500e+02 7.0555344451e-14 2.4089333119e-14 4.6466011332e-14
4.0045166016e+02 7.0546930327e-14 2.4080891419e-14 4.6466038908e-14
4.0051269531e+02 7.0540541186e-14 2.4073327362e-14 4.6467213823e-14
4.0057373047e+02 7.0536508335e-14 2.4067044898e-14 4.6469463438e-14
4.0063476562e+02 7.0535037881e-14 2.4062362852e-14 4.6472675030e-14
4.0069580078e+02 7.0536259820e-14 2.4059501973e-14 4.6476757847e-14
4.0075683594e+02 7.0540147640e-14 2.4058552990e-14 4.6481594650e-14
4.0081787109e+02 7.0546586810e-14 2.4059500052e-14 4.6487086758e-14
4.0087890625e+02 7.0555353610e-14 2.4062209965e-14 4.6493143645e-14
4.0093994141e+02 7.0566163202e-14 2.4066464595e-14 4.6499698606e-14
4.0100097656e+02 7.0578594173e-14 2.4071950701e-14 4.6506643472e-14
4.0106201172e+02 7.0592107795e-14 2.4078285740e-14 4.6513822055e-14
4.0112304688e+02 7.0606099171e-14 2.4085054944e-14 4.6521044227e-14
4.0118408203e+02 7.0619903660e-14 2.4091819443e-14 4.6528084216e-14
4.0124511719e+02 7.0632862014e-14 2.4098163397e-14 4.6534698617e-14
4.0130615234e+02 7.0644338966e-14 2.4103710899e-14 4.6540628067e-14
4.0136718750e+02 7.0653810968e-14 2.4108158609e-14 4.6545652359e-14
4.0142822266e+02 7.0660846865e-14 2.4111274715e-14 4.6549572150e-14
4.0148925781e+02 7.0665194270e-14 2.4112932489e-14 4.6552261781e-14
4.0155029297e+02 7.0666704439e-14 2.4113095504e-14 4.6553608935e-14
4.0161132812e+02 7.0665335251e-14 2.4111811178e-14 4.6553524072e-14
4.0167236328e+02 7.0661067355e-14 2.4109170012e-14 4.6551897343e-14
4.0173339844e+02 7.0653917600e-14 2.4105312046e-14 4.6548605554e-14
4.0179443359e+02 7.0643893108e-14 2.4100410133e-14 4.6543482975e-14
4.0185546875e+02 7.0630942965e-14 2.4094622616e-14 4.6536320350e-14
4.0191650391e+02 7.0615019281e-14 2.4088103437e-14 4.6526915844e-14
4.0197753906e+02 7.0596052792e-14 2.4080971316e-14 4.6515081476e-14
4.0203857422e+02 7.0574046072e-14 2.4073322503e-14 4.6500723568e-14
4.0209960938e+02 7.0549047550e-14 2.4065209930e-14 4.6483837619e-14
4.0216064453e+02 7.0521210412e-14 2.4056652104e-14 4.6464558309e-14
4.0222167969e+02 7.0490776163e-14 2.4047646797e-14 4.6443129366e-14
4.0228271484e+02 7.0458102961e-14 2.4038173128e-14 4.6419929832e-14
4.0234375000e+02 7.0423635867e-14 2.4028211151e-14 4.6395424716e-14
4.0240478516e+02 7.0387894002e-14 2.4017769337e-14 4.6370124664e-14
4.0246582031e+02 7.0351387686e-14 2.4006870823e-14 4.6344516864e-14
4.0252685547e+02 7.0314637761e-14 2.3995580186e-14 4.6319057575e-14
4.0258789062e+02 7.0278233816e-14 2.3984041696e-14 4.6294192120e-14
4.0264892578e+02 7.0242726717e-14 2.3972443765e-14 4.6270282952e-14
4.0270996094e+02 7.0208589256e-14 2.3960983230e-14 4.6247606026e-14
4.0277099609e+02 7.0176370112e-14 2.3949914806e-14 4.6226455305e-14
4.0283203125e+02 7.0146583104e-14 2.3939483474e-14 4.6207099630e-14
4.0289306641e+02 7.0119672973e-14 2.3929890684e-14 4.6189782290e-14
4.0295410156e+02 7.0096050066e-14 2.3921300545e-14 4.6174749521e-14
4.0301513672e+02 7.0075961370e-14 2.3913793810e-14 4.6162167561e-14
4.0307617188e+02 7.0059412270e-14 2.3907350550e-14 4.6152061720e-14
4.0313720703e+02 7.0046196091e-14 2.3901872943e-14 4.6144323148e-14
4.0319824219e+02 7.0035799380e-14 2.3897178628e-14 4.6138620752e-14
4.0325927734e+02 7.0027441159e-14 2.3893029933e-14 4.6134411227e-14
4.0332031250e+02 7.0020093827e-14 2.3889161811e-14 4.6130932016e-14
4.0338134766e+02 7.0012569548e-14 2.3885309524e-14 4.6127260024e-14
4.0344238281e+02 7.0003660504e-14 2.3881240843e-14 4.6122419661e-14
4.0350341797e+02 6.9992270456e-14 2.3876780836e-14 4.6115489620e-14
4.0356445312e+02 6.9977583463e-14 2.3871844223e-14 4.6105739240e-14
4.0362548828e+02 6.9959194487e-14 2.3866430675e-14 4.6092763813e-14
4.0368652344e+02 6.9937173431e-14 2.3860637178e-14 4.6076536253e-14
4.0374755859e+02 6.9912090698e-14 2.3854630962e-14 4.6057459736e-14
4.0380859375e+02 6.9884967750e-14 2.3848636267e-14 4.6036331482e-14
4.0386962891e+02 6.9857197126e-14 2.3842916494e-14 4.6014280632e-14
4.0393066406e+02 6.9830373943e-14 2.3837740047e-14 4.5992633896e-14
4.0399169922e+02 6.9806086443e-14 2.3833351934e-14 4.5972734510e-14
4.0405273438e+02 6.9785654009e-14 2.3829910508e-14 4.5955743501e-14
4.0411376953e+02 6.9770072924e-14 2.3827511884e-14 4.5942561040e-14
4.0417480469e+02 6.9759823305e-14 2.3826155182e-14 4.5933668122e-14
4.0423583984e+02 6.9754776893e-14 2.3825725736e-14 4.5929051157e-14
4.0429687500e+02 6.9754184175e-14 2.3826001560e-14 4.5928182615e-14
4.0435791016e+02 6.9756811599e-14 2.3826688173e-14 4.5930123426e-14
4.0441894531e+02 6.9761053505e-14 2.3827448069e-14 4.5933605436e-14
4.0447998047e+02 6.9765089992e-14 2.3827924961e-14 4.5937165032e-14
4.0454101562e+02 6.9767157167e-14 2.3827793951e-14 4.5939363216e-14
4.0460205078e+02 6.9765685597e-14 2.3826797165e-14 4.5938888433e-14
4.0466308594e+02 6.9759554887e-14 2.3824785872e-14 4.5934769014e-14
4.0472412109e+02 6.9748130571e-14 2.3821719171e-14 4.5926411400e-14
4.0478515625e+02 6.9731429276e-14 2.3817705891e-14 4.5913723385e-14
4.0484619141e+02 6.9710032522e-14 2.3812955573e-14 4.5897076949e-14
4.0490722656e+02 6.9685044678e-14 2.3807766594e-14 4.5877278085e-14
4.0496826172e+02 6.9657917547e-14 2.3802471651e-14 4.5855445895e-14
4.0502929688e+02 6.9630294720e-14 2.3797393212e-14 4.5832901508e-14
4.0509033203e+02 6.9603837410e-14 2.3792802150e-14 4.5811035261e-14
4.0515136719e+02 6.9580001162e-14 2.3788866089e-14 4.5791135073e-14
4.0521240234e+02 6.9559869848e-14 2.3785625129e-14 4.5774244719e-14
4.0527343750e+02 6.9544023254e-14 2.3782975366e-14 4.5761047888e-14
4.0533447266e+02 6.9532548439e-14 2.3780696530e-14 4.5751851909e-14
4.0539550781e+02 6.9524993151e-14 2.3778474507e-14 4.5746518644e-14
4.0545654297e+02 6.9520444010e-14 2.3775951831e-14 4.5744492179e-14
4.0551757812e+02 6.9517683478e-14 2.3772783124e-14 4.5744900354e-14
4.0557861328e+02 6.9515294894e-14 2.3768681975e-14 4.5746612919e-14
4.0563964844e+02 6.9511898610e-14 2.3763480902e-14 4.5748417707e-14
4.0570068359e+02 6.9506216704e-14 2.3757114348e-14 4.5749102356e-14
4.0576171875e+02 6.9497305673e-14 2.3749664976e-14 4.5747640698e-14
4.0582275391e+02 6.9484596064e-14 2.3741337695e-14 4.5743258368e-14
4.0588378906e+02 6.9467882895e-14 2.3732398679e-14 4.5735484216e-14
4.0594482422e+02 6.9447372527e-14 2.3723153807e-14 4.5724218720e-14
4.0600585938e+02 6.9423640940e-14 2.3713916986e-14 4.5709723954e-14
4.0606689453e+02 6.9397519115e-14 2.3704966138e-14 4.5692552977e-14
4.0612792969e+02 6.9370034854e-14 2.3696526961e-14 4.5673507893e-14
4.0618896484e+02 6.9342313909e-14 2.3688761787e-14 4.5653552122e-14
4.0625000000e+02 6.9315448278e-14 2.3681765849e-14 4.5633682429e-14
4.0631103516e+02 6.9290415703e-14 2.3675584340e-14 4.5614831363e-14
4.0637207031e+02 6.9268048944e-14 2.3670231630e-14 4.5597817315e-14
4.0643310547e+02 6.9249008074e-14 2.3665711553e-14 4.5583296522e-14
4.0649414062e+02 6.9233667166e-14 2.3661997977e-14 4.5571669189e-14
4.0655517578e+02 6.9222179015e-14 2.3659053011e-14 4.5563126004e-14
4.0661621094e+02 6.9214484329e-14 2.3656831275e-14 4.5557653054e-14
4.0667724609e+02 6.9210277508e-14 2.3655250885e-14 4.5555026623e-14
4.0673828125e+02 6.9209131813e-14 2.3654223627e-14 4.5554908186e-14
4.0679931641e+02 6.9210508775e-14 2.3653632494e-14 4.5556876280e-14
4.0686035156e+02 6.9213816935e-14 2.3653355569e-14 4.5560461366e-14
4.0692138672e+02 6.9218473711e-14 2.3653279151e-14 4.5565194560e-14
4.0698242188e+02 6.9223937262e-14 2.3653306518e-14 4.5570630744e-14
4.0704345703e+02 6.9229711410e-14 2.3653361062e-14 4.5576350348e-14
4.0710449219e+02 6.9235360176e-14 2.3653396461e-14 4.5581963715e-14
4.0716552734e+02 6.9240450532e-14 2.3653385068e-14 4.5587065463e-14
4.0722656250e+02 6.9244518146e-14 2.3653290291e-14 4.5591227855e-14
4.0728759766e+02 6.9247020394e-14 2.3653047863e-14 4.5593972532e-14
4.0734863281e+02 6.9247322454e-14 2.3652565461e-14 4.5594756993e-14
4.0740966797e+02 6.9244686547e-14 2.3651685428e-14 4.5593001119e-14
4.0747070312e+02 6.9238308416e-14 2.3650197702e-14 4.5588110714e-14
4.0753173828e+02 6.9227342711e-14 2.3647845786e-14 4.5579496925e-14
4.0759277344e+02 6.9211024753e-14 2.3644355342e-14 4.5566669410e-14
4.0765380859e+02 6.9188718251e-14 2.3639457279e-14 4.5549260972e-14
4.0771484375e+02 6.9160086223e-14 2.3632935597e-14 4.5527150626e-14
4.0777587891e+02 6.9125132185e-14 2.3624660077e-14 4.5500472109e-14
4.0783691406e+02 6.9084253404e-14 2.3614599718e-14 4.5469653686e-14
4.0789794922e+02 6.9038254701e-14 2.3602836067e-14 4.5435418634e-14
4.0795898438e+02 6.8988299562e-14 2.3589564942e-14 4.5398734619e-14
4.0802001953e+02 6.8935849640e-14 2.3575072441e-14 4.5360777199e-14
4.0808105469e+02 6.8882564125e-14 2.3559736729e-14 4.5322827396e-14
4.0814208984e+02 6.8830136951e-14 2.3543967301e-14 4.5286169650e-14
4.0820312500e+02 6.8780203241e-14 2.3528184555e-14 4.5252018686e-14
4.0826416016e+02 6.8734204926e-14 2.3512789528e-14 4.5221415398e-14
4.0832519531e+02 6.8693324107e-14 2.3498147568e-14 4.5195176539e-14
4.0838623047e+02 6.8658472749e-14 2.3484582567e-14 4.5173890182e-14
4.0844726562e+02 6.8630202530e-14 2.3472345128e-14 4.5157857402e-14
4.0850830078e+02 6.8608761686e-14 2.3461623217e-14 4.5147138469e-14
4.0856933594e+02 6.8594152638e-14 2.3452550195e-14 4.5141602443e-14
4.0863037109e+02 6.8586217264e-14 2.3445224281e-14 4.5140992983e-14
4.0869140625e+02 6.8584671352e-14 2.3439710549e-14 4.5144960803e-14
4.0875244141e+02 6.8589088603e-14 2.3436027948e-14 4.5153060655e-14
4.0881347656e+02 6.8599031441e-14 2.3434195370e-14 4.5164836071e-14
4.0887451172e+02 6.8614025057e-14 2.3434211902e-14 4.5179813155e-14
4.0893554688e+02 6.8633523493e-14 2.3436060094e-14 4.5197463399e-14
4.0899658203e+02 6.8656860110e-14 2.3439682188e-14 4.5217177922e-14
4.0905761719e+02 6.8683262534e-14 2.3444986599e-14 4.5238275936e-14
4.0911865234e+02 6.8711728004e-14 2.3451798370e-14 4.5259929634e-14
4.0917968750e+02 6.8741052639e-14 2.3459859031e-14 4.5281193608e-14
4.0924072266e+02 6.8769851922e-14 2.3468814712e-14 4.5301037210e-14
4.0930175781e+02 6.8796613186e-14 2.3478226784e-14 4.5318386403e-14
4.0936279297e+02 6.8819744775e-14 2.3487568965e-14 4.5332175810e-14
4.0942382812e+02 6.8837789520e-14 2.3496283136e-14 4.5341506384e-14
4.0948486328e+02 6.8849505303e-14 2.3503807383e-14 4.5345697919e-14
4.0954589844e+02 6.8853996580e-14 2.3509628173e-14 4.5344368407e-14
4.0960693359e+02 6.8850898541e-14 2.3513354600e-14 4.5337543941e-14
4.0966796875e+02 6.8840374905e-14 2.3514733920e-14 4.5325640985e-14
4.0972900391e+02 6.8823147074e-14 2.3513694962e-14 4.5309452112e-14
4.0979003906e+02 6.8800438599e-14 2.3510361107e-14 4.5290077492e-14
4.0985107422e+02 6.8773825596e-14 2.3505016645e-14 4.5268808951e-14
4.0991210938e+02 6.8745089053e-14 2.3498085744e-14 4.5247003310e-14
4.0997314453e+02 6.8716024164e-14 2.3490061249e-14 4.5225962915e-14
4.1003417969e+02 6.8688273137e-14 2.3481461505e-14 4.5206811632e-14
4.1009521484e+02 6.8663176724e-14 2.3472770629e-14 4.5190406095e-14
4.1015625000e+02 6.8641663953e-14 2.3464382382e-14 4.5177281570e-14
4.1021728516e+02 6.8624254622e-14 2.3456583653e-14 4.5167670969e-14
4.1027832031e+02 6.8611070476e-14 2.3449543367e-14 4.5161527109e-14
4.1033935547e+02 6.8601875571e-14 2.3443323837e-14 4.5158551733e-14
4.1040039062e+02 6.8596199130e-14 2.3437909961e-14 4.5158289170e-14
4.1046142578e+02 6.8593433118e-14 2.3433224374e-14 4.5160208744e-14
4.1052246094e+02 6.8592933002e-14 2.3429182881e-14 4.5163750121e-14
4.1058349609e+02 6.8594017191e-14 2.3425672784e-14 4.5168344407e-14
4.1064453125e+02 6.8596066783e-14 2.3422587310e-14 4.5173479473e-14
4.1070556641e+02 6.8598488682e-14 2.3419819414e-14 4.5178669268e-14
4.1076660156e+02 6.8600699022e-14 2.3417237454e-14 4.5183461568e-14
4.1082763672e+02 6.8602128920e-14 2.3414691181e-14 4.5187437739e-14
4.1088867188e+02 6.8602190575e-14 2.3411993248e-14 4.5190197326e-14
4.1094970703e+02 6.8600324603e-14 2.3408940029e-14 4.5191384573e-14
4.1101074219e+02 6.8596019105e-14 2.3405324977e-14 4.5190694129e-14
4.1107177734e+02 6.8588945252e-14 2.3400993751e-14 4.5187951502e-14
4.1113281250e+02 6.8578954815e-14 2.3395852383e-14 4.5183102432e-14
4.1119384766e+02 6.8566197053e-14 2.3389907556e-14 4.5176289497e-14
4.1125488281e+02 6.8551171000e-14 2.3383308156e-14 4.5167862844e-14
4.1131591797e+02 6.8534671116e-14 2.3376331161e-14 4.5158339955e-14
4.1137695312e+02 6.8517776109e-14 2.3369371994e-14 4.5148404114e-14
4.1143798828e+02 6.8501695724e-14 2.3362887023e-14 4.5138808701e-14
4.1149902344e+02 6.8487640870e-14 2.3357359014e-14 4.5130281856e-14
4.1156005859e+02 6.8476687246e-14 2.3353235090e-14 4.5123452156e-14
4.1162109375e+02 6.8469628105e-14 2.3350862791e-14 4.5118765314e-14
4.1168212891e+02 6.8466830281e-14 2.3350447279e-14 4.5116383002e-14
4.1174316406e+02 6.8468223554e-14 2.3352037971e-14 4.5116185583e-14
4.1180419922e+02 6.8473302658e-14 2.3355515892e-14 4.5117786765e-14
4.1186523438e+02 6.8481244852e-14 2.3360633703e-14 4.5120611149e-14
4.1192626953e+02 6.8490923368e-14 2.3367017299e-14 4.5123906069e-14
4.1198730469e+02 6.8501087076e-14 2.3374220742e-14 4.5126866334e-14
4.1204833984e+02 6.8510493520e-14 2.3381755971e-14 4.5128737549e-14
4.1210937500e+02 6.8517998636e-14 2.3389130412e-14 4.5128868223e-14
4.1217041016e+02 6.8522571223e-14 2.3395852338e-14 4.5126718885e-14
4.1223144531e+02 6.8523429521e-14 2.3401484477e-14 4.5121945044e-14
4.1229248047e+02 6.8519941639e-14 2.3405615229e-14 4.5114326410e-14
4.1235351562e+02 6.8511668151e-14 2.3407895600e-14 4.5103772551e-14
4.1241455078e+02 6.8498401405e-14 2.3408062653e-14 4.5090338752e-14
4.1247558594e+02 6.8480162714e-14 2.3405949396e-14 4.5074213318e-14
4.1253662109e+02 6.8457207734e-14 2.3401511299e-14 4.5055696435e-14
4.1259765625e+02 6.8430054893e-14 2.3394841086e-14 4.5035213807e-14
4.1265869141e+02 6.8399521120e-14 2.3386180368e-14 4.5013340752e-14
4.1271972656e+02 6.8366704076e-14 2.3375905823e-14 4.4990798253e-14
4.1278076172e+02 6.8332934835e-14 2.3364512162e-14 4.4968422673e-14
4.1284179688e+02 6.8299676925e-14 2.3352550519e-14 4.4947126406e-14
4.1290283203e+02 6.8268375371e-14 2.3340570956e-14 4.4927804416e-14
4.1296386719e+02 6.8240316504e-14 2.3329058636e-14 4.4911257868e-14
4.1302490234e+02 6.8216489297e-14 2.3318379934e-14 4.4898109363e-14
4.1308593750e+02 6.8197386694e-14 2.3308725995e-14 4.4888660699e-14
4.1314697266e+02 6.8182945175e-14 2.3300086733e-14 4.4882858443e-14
4.1320800781e+02 6.8172549055e-14 2.3292278429e-14 4.4880270626e-14
4.1326904297e+02 6.8165085459e-14 2.3284979115e-14 4.4880106343e-14
4.1333007812e+02 6.8159050333e-14 2.3277773688e-14 4.4881276645e-14
4.1339111328e+02 6.8152762009e-14 2.3270251486e-14 4.4882510523e-14
4.1345214844e+02 6.8144599342e-14 2.3262080126e-14 4.4882519215e-14
4.1351318359e+02 6.8133167572e-14 2.3253060336e-14 4.4880107235e-14
4.1357421875e+02 6.8117458793e-14 2.3243171180e-14 4.4874287613e-14
4.1363525391e+02 6.8097035189e-14 2.3232593491e-14 4.4864441698e-14
4.1369628906e+02 6.8072038221e-14 2.3221684600e-14 4.4850353621e-14
4.1375732422e+02 6.8043126635e-14 2.3210928761e-14 4.4832197874e-14
4.1381835938e+02 6.8011329493e-14 2.3200849663e-14 4.4810479830e-14
4.1387939453e+02 6.7977954323e-14 2.3191958353e-14 4.4785995970e-14
4.1394042969e+02 6.7944330995e-14 2.3184652757e-14 4.4759678238e-14
4.1400146484e+02 6.7911700313e-14 2.3179180811e-14 4.4732519502e-14
4.1406250000e+02 6.7881041308e-14 2.3175596713e-14 4.4705444596e-14
4.1412353516e+02 6.7852965417e-14 2.3173745361e-14 4.4679220056e-14
4.1418457031e+02 6.7827741677e-14 2.3173303968e-14 4.4654437709e-14
4.1424560547e+02 6.7805356401e-14 2.3173859148e-14 4.4631497252e-14
4.1430664062e+02 6.7785568033e-14 2.3174946615e-14 4.4610621419e-14
4.1436767578e+02 6.7767995100e-14 2.3176112565e-14 4.4591882535e-14
4.1442871094e+02 6.7752251312e-14 2.3176989853e-14 4.4575261459e-14
4.1448974609e+02 6.7738020322e-14 2.3177318657e-14 4.4560701664e-14
4.1455078125e+02 6.7725089347e-14 2.3176970922e-14 4.4548118425e-14
4.1461181641e+02 6.7713329899e-14 2.3175914966e-14 4.4537414934e-14
4.1467285156e+02 6.7702721432e-14 2.3174199452e-14 4.4528521980e-14
4.1473388672e+02 6.7693303322e-14 2.3171927220e-14 4.4521376103e-14
4.1479492188e+02 6.7685140674e-14 2.3169202952e-14 4.4515937722e-14
4.1485595703e+02 6.7678253871e-14 2.3166097703e-14 4.4512156168e-14
4.1491699219e+02 6.7672654912e-14 2.3162658729e-14 4.4509996183e-14
4.1497802734e+02 6.7668295048e-14 2.3158887451e-14 4.4509407597e-14
4.1503906250e+02 6.7665084493e-14 2.3154756183e-14 4.4510328310e-14
4.1510009766e+02 6.7662900395e-14 2.3150232874e-14 4.4512667521e-14
4.1516113281e+02 6.7661609402e-14 2.3145314451e-14 4.4516294951e-14
4.1522216797e+02 6.7661039761e-14 2.3140023208e-14 4.4521016553e-14
4.1528320312e+02 6.7661028394e-14 2.3134439436e-14 4.4526588958e-14
4.1534423828e+02 6.7661375570e-14 2.3128686759e-14 4.4532688812e-14
4.1540527344e+02 6.7661930917e-14 2.3122951068e-14 4.4538979848e-14
4.1546630859e+02 6.7662575933e-14 2.3117457822e-14 4.4545118111e-14
4.1552734375e+02 6.7663231092e-14 2.3112446182e-14 4.4550784909e-14
4.1558837891e+02 6.7663897135e-14 2.3108152536e-14 4.4555744599e-14
4.1564941406e+02 6.7664693745e-14 2.3104794698e-14 4.4559899047e-14
4.1571044922e+02 6.7665879880e-14 2.3102560648e-14 4.4563319232e-14
4.1577148438e+02 6.7667783639e-14 2.3101577199e-14 4.4566206439e-14
4.1583251953e+02 6.7670778575e-14 2.3101909681e-14 4.4568868894e-14
4.1589355469e+02 6.7675196970e-14 2.3103538475e-14 4.4571658495e-14
4.1595458984e+02 6.7681228897e-14 2.3106359317e-14 4.4574869580e-14
4.1601562500e+02 6.7688835575e-14 2.3110168055e-14 4.4578667520e-14
4.1607666016e+02 6.7697667766e-14 2.3114670311e-14 4.4582997455e-14
4.1613769531e+02 6.7707016457e-14 2.3119477367e-14 4.4587539090e-14
4.1619873047e+02 6.7715844989e-14 2.3124125927e-14 4.4591719062e-14
4.1625976562e+02 6.7722833592e-14 2.3128107392e-14 4.4594726200e-14
4.1632080078e+02 6.7726481967e-14 2.3130898058e-14 4.4595583909e-14
4.1638183594e+02 6.7725279935e-14 2.3132001660e-14 4.4593278276e-14
4.1644287109e+02 6.7717896822e-14 2.3131003964e-14 4.4586892858e-14
4.1650390625e+02 6.7703327885e-14 2.3127608014e-14 4.4575719871e-14
4.1656494141e+02 6.7681020345e-14 2.3121666021e-14 4.4559354325e-14
4.1662597656e+02 6.7651062740e-14 2.3113235955e-14 4.4537826785e-14
4.1668701172e+02 6.7614133661e-14 2.3102558834e-14 4.4511574828e-14
4.1674804688e+02 6.7571450796e-14 2.3090044293e-14 4.4481406503e-14
4.1680908203e+02 6.7524731115e-14 2.3076255168e-14 4.4448475947e-14
4.1687011719e+02 6.7475968774e-14 2.3061830973e-14 4.4414137801e-14
4.1693115234e+02 6.7427299953e-14 2.3047450262e-14 4.4379849691e-14
4.1699218750e+02 6.7380753052e-14 2.3033757990e-14 4.4346995063e-14
4.1705322266e+02 6.7338085052e-14 2.3021303884e-14 4.4316781168e-14
4.1711425781e+02 6.7300634592e-14 2.3010500602e-14 4.4290133990e-14
4.1717529297e+02 6.7269248970e-14 2.3001602344e-14 4.4267646626e-14
4.1723632812e+02 6.7244259674e-14 2.2994698583e-14 4.4249561091e-14
4.1729736328e+02 6.7225524741e-14 2.2989724431e-14 4.4235800310e-14
4.1735839844e+02 6.7212534057e-14 2.2986492301e-14 4.4226041757e-14
4.1741943359e+02 6.7204511123e-14 2.2984737282e-14 4.4219773841e-14
4.1748046875e+02 6.7200596520e-14 2.2984169775e-14 4.4216426745e-14
4.1754150391e+02 6.7199966633e-14 2.2984517773e-14 4.4215448860e-14
4.1760253906e+02 6.7201922254e-14 2.2985560656e-14 4.4216361598e-14
4.1766357422e+02 6.7205945148e-14 2.2987141388e-14 4.4218803760e-14
4.1772460938e+02 6.7211721180e-14 2.2989177355e-14 4.4222543825e-14
4.1778564453e+02 6.7219052947e-14 2.2991636671e-14 4.4227416276e-14
4.1784667969e+02 6.7227839967e-14 2.2994512656e-14 4.4233327311e-14
4.1790771484e+02 6.7237975589e-14 2.2997790023e-14 4.4240185566e-14
4.1796875000e+02 6.7249281231e-14 2.3001421651e-14 4.4247859580e-14
4.1802978516e+02 6.7261397708e-14 2.3005283635e-14 4.4256114073e-14
4.1809082031e+02 6.7273755476e-14 2.3009149013e-14 4.4264606464e-14
4.1815185547e+02 6.7285653606e-14 2.3012732916e-14 4.4272920690e-14
4.1821289062e+02 6.7296231725e-14 2.3015674233e-14 4.4280557492e-14
4.1827392578e+02 6.7304526120e-14 2.3017576152e-14 4.4286949967e-14
4.1833496094e+02 6.7309629942e-14 2.3018061890e-14 4.4291568053e-14
4.1839599609e+02 6.7310720694e-14 2.3016793304e-14 4.4293927390e-14
4.1845703125e+02 6.7307202362e-14 2.3013541408e-14 4.4293660954e-14
4.1851806641e+02 6.7298743954e-14 2.3008195535e-14 4.4290548419e-14
4.1857910156e+02 6.7285326443e-14 2.3000777711e-14 4.4284548732e-14
4.1864013672e+02 6.7267297549e-14 2.2991464189e-14 4.4275833360e-14
4.1870117188e+02 6.7245288196e-14 2.2980545056e-14 4.4264743139e-14
4.1876220703e+02 6.7220166342e-14 2.2968395128e-14 4.4251771214e-14
4.1882324219e+02 6.7192931137e-14 2.2955436074e-14 4.4237495062e-14
4.1888427734e+02 6.7164627332e-14 2.2942092718e-14 4.4222534615e-14
4.1894531250e+02 6.7136209372e-14 2.2928740837e-14 4.4207468535e-14
4.1900634766e+02 6.7108455098e-14 2.2915687015e-14 4.4192768083e-14
4.1906738281e+02 6.7081901986e-14 2.2903141492e-14 4.4178760494e-14
4.1912841797e+02 6.7056773260e-14 2.2891211242e-14 4.4165562018e-14
4.1918945312e+02 6.7033002772e-14 2.2879900645e-14 4.4153102127e-14
4.1925048828e+02 6.7010260332e-14 2.2869136572e-14 4.4141123760e-14
4.1931152344e+02 6.6988039633e-14 2.2858798548e-14 4.4129241086e-14
4.1937255859e+02 6.6965722321e-14 2.2848729051e-14 4.4116993270e-14
4.1943359375e+02 6.6942695580e-14 2.2838778134e-14 4.4103917447e-14
4.1949462891e+02 6.6918428421e-14 2.2828822322e-14 4.4089606099e-14
4.1955566406e+02 6.6892525171e-14 2.2818768813e-14 4.4073756357e-14
4.1961669922e+02 6.6864770715e-14 2.2808574561e-14 4.4056196155e-14
4.1967773438e+02 6.6835107402e-14 2.2798227961e-14 4.4036879441e-14
4.1973876953e+02 6.6803617979e-14 2.2787745480e-14 4.4015872499e-14
4.1979980469e+02 6.6770591946e-14 2.2777194196e-14 4.3993397750e-14
4.1986083984e+02 6.6736410361e-14 2.2766654054e-14 4.3969756307e-14
4.1992187500e+02 6.6701544985e-14 2.2756229507e-14 4.3945315478e-14
4.1998291016e+02 6.6666586575e-14 2.2746056969e-14 4.3920529606e-14
4.2004394531e+02 6.6632222906e-14 2.2736305053e-14 4.3895917853e-14
4.2010498047e+02 6.6599266954e-14 2.2727192729e-14 4.3872074226e-14
4.2016601562e+02 6.6568644239e-14 2.2718989752e-14 4.3849654487e-14
4.2022705078e+02 6.6541400564e-14 2.2712021973e-14 4.3829378592e-14
4.2028808594e+02 6.6518655461e-14 2.2706655238e-14 4.3812000223e-14
4.2034912109e+02 6.6501536828e-14 2.2703276399e-14 4.3798260429e-14
4.2041015625e+02 6.6491078710e-14 2.2702243505e-14 4.3788835205e-14
4.2047119141e+02 6.6488110816e-14 2.2703847079e-14 4.3784263736e-14
4.2053222656e+02 6.6493138869e-14 2.2708264733e-14 4.3784874136e-14
4.2059326172e+02 6.6506234568e-14 2.2715509592e-14 4.3790724976e-14
4.2065429688e+02 6.6526949232e-14 2.2725393474e-14 4.3801555758e-14
4.2071533203e+02 6.6554310471e-14 2.2737532831e-14 4.3816777640e-14
4.2077636719e+02 6.6586859771e-14 2.2751358931e-14 4.3835500840e-14
4.2083740234e+02 6.6622789930e-14 2.2766171783e-14 4.3856618147e-14
4.2089843750e+02 6.6660118906e-14 2.2781209955e-14 4.3878908951e-14
4.2095947266e+02 6.6696814326e-14 2.2795709765e-14 4.3901104561e-14
4.2102050781e+02 6.6731026471e-14 2.2808997638e-14 4.3922028833e-14
4.2108154297e+02 6.6761261469e-14 2.2820549128e-14 4.3940712341e-14
4.2114257812e+02 6.6786508074e-14 2.2830045243e-14 4.3956462831e-14
4.2120361328e+02 6.6806272393e-14 2.2837394901e-14 4.3968877492e-14
4.2126464844e+02 6.6820530449e-14 2.2842687667e-14 4.3977842782e-14
4.2132568359e+02 6.6829692280e-14 2.2846186382e-14 4.3983505897e-14
4.2138671875e+02 6.6834464870e-14 2.2848255628e-14 4.3986209242e-14
4.2144775391e+02 6.6835646553e-14 2.2849292779e-14 4.3986353774e-14
4.2150878906e+02 6.6834033884e-14 2.2849667238e-14 4.3984366646e-14
4.2156982422e+02 6.6830268135e-14 2.2849656272e-14 4.3980611863e-14
4.2163085938e+02 6.6824756246e-14 2.2849415810e-14 4.3975340436e-14
4.2169189453e+02 6.6817626236e-14 2.2848956661e-14 4.3968669575e-14
4.2175292969e+02 6.6808757973e-14 2.2848158232e-14 4.3960599741e-14
4.2181396484e+02 6.6797889311e-14 2.2846815926e-14 4.3951073385e-14
4.2187500000e+02 6.6784641804e-14 2.2844657151e-14 4.3939984653e-14
4.2193603516e+02 6.6768703213e-14 2.2841417059e-14 4.3927286154e-14
4.2199707031e+02 6.6749917379e-14 2.2836887412e-14 4.3913029967e-14
4.2205810547e+02 6.6728383752e-14 2.2830973712e-14 4.3897410040e-14
4.2211914062e+02 6.6704529644e-14 2.2823722343e-14 4.3880807301e-14
4.2218017578e+02 6.6679083478e-14 2.2815328603e-14 4.3863754876e-14
4.2224121094e+02 6.6653049212e-14 2.2806127344e-14 4.3846921868e-14
4.2230224609e+02 6.6627599125e-14 2.2796568467e-14 4.3831030658e-14
4.2236328125e+02 6.6603968278e-14 2.2787156004e-14 4.3816812273e-14
4.2242431641e+02 6.6583268048e-14 2.2778393048e-14 4.3804875000e-14
4.2248535156e+02 6.6566347431e-14 2.2770722489e-14 4.3795624942e-14
4.2254638672e+02 6.6553665856e-14 2.2764462686e-14 4.3789203170e-14
4.2260742188e+02 6.6545238664e-14 2.2759790638e-14 4.3785448026e-14
4.2266845703e+02 6.6540635300e-14 2.2756714841e-14 4.3783920460e-14
4.2272949219e+02 6.6539058108e-14 2.2755089539e-14 4.3783968569e-14
4.2279052734e+02 6.6539423343e-14 2.2754650058e-14 4.3784773284e-14
4.2285156250e+02 6.6540523328e-14 2.2755044150e-14 4.3785479178e-14
4.2291259766e+02 6.6541088137e-14 2.2755856421e-14 4.3785231715e-14
4.2297363281e+02 6.6540030678e-14 2.2756694758e-14 4.3783335920e-14
4.2303466797e+02 6.6536461216e-14 2.2757193651e-14 4.3779267565e-14
4.2309570312e+02 6.6529739117e-14 2.2757051830e-14 4.3772687286e-14
4.2315673828e+02 6.6519472756e-14 2.2756036113e-14 4.3763436642e-14
4.2321777344e+02 6.6505521127e-14 2.2753992180e-14 4.3751528947e-14
4.2327880859e+02 6.6487983696e-14 2.2750863188e-14 4.3737120508e-14
4.2333984375e+02 6.6467120422e-14 2.2746668333e-14 4.3720452089e-14
4.2340087891e+02 6.6443329357e-14 2.2741504113e-14 4.3701825244e-14
4.2346191406e+02 6.6417117362e-14 2.2735532183e-14 4.3681585179e-14
4.2352294922e+02 6.6389066073e-14 2.2728964380e-14 4.3660101693e-14
4.2358398438e+02 6.6359814979e-14 2.2722045842e-14 4.3637769137e-14
4.2364501953e+02 6.6330035143e-14 2.2715030423e-14 4.3615004720e-14
4.2370605469e+02 6.6300347451e-14 2.2708144192e-14 4.3592203259e-14
4.2376708984e+02 6.6271349387e-14 2.2701577754e-14 4.3569771633e-14
4.2382812500e+02 6.6243516829e-14 2.2695445360e-14 4.3548071469e-14
4.2388916016e+02 6.6217217090e-14 2.2689784082e-14 4.3527433008e-14
4.2395019531e+02 6.6192657384e-14 2.2684540849e-14 4.3508116535e-14
4.2401123047e+02 6.6169936767e-14 2.2679591948e-14 4.3490344819e-14
4.2407226562e+02 6.6149088041e-14 2.2674765854e-14 4.3474322188e-14
4.2413330078e+02 6.6130127037e-14 2.2669881778e-14 4.3460245259e-14
4.2419433594e+02 6.6113076059e-14 2.2664771503e-14 4.3448304556e-14
4.2425537109e+02 6.6098009911e-14 2.2659308631e-14 4.3438701280e-14
4.2431640625e+02 6.6085070435e-14 2.2653432494e-14 4.3431637940e-14
4.2437744141e+02 6.6074471939e-14 2.2647160898e-14 4.3427311040e-14
4.2443847656e+02 6.6066440144e-14 2.2640590434e-14 4.3425849709e-14
4.2449951172e+02 6.6061164696e-14 2.2633869335e-14 4.3427295360e-14
4.2456054688e+02 6.6058759289e-14 2.2627181360e-14 4.3431577929e-14
4.2462158203e+02 6.6059148335e-14 2.2620712442e-14 4.3438435893e-14
4.2468261719e+02 6.6062074980e-14 2.2614628106e-14 4.3447446874e-14
4.2474365234e+02 6.6067098353e-14 2.2609058013e-14 4.3458040340e-14
4.2480468750e+02 6.6073569425e-14 2.2604071071e-14 4.3469498354e-14
4.2486572266e+02 6.6080660965e-14 2.2599665963e-14 4.3480995002e-14
4.2492675781e+02 6.6087463888e-14 2.2595784424e-14 4.3491679464e-14
4.2498779297e+02 6.6093053083e-14 2.2592322069e-14 4.3500731014e-14
4.2504882812e+02 6.6096514461e-14 2.2589125250e-14 4.3507389210e-14
4.2510986328e+02 6.6097060426e-14 2.2586039500e-14 4.3511020927e-14
4.2517089844e+02 6.6094076915e-14 2.2582904445e-14 4.3511172470e-14
4.2523193359e+02 6.6087140229e-14 2.2579571214e-14 4.3507569016e-14
4.2529296875e+02 6.6076054494e-14 2.2575916617e-14 4.3500137877e-14
4.2535400391e+02 6.6060811272e-14 2.2571832661e-14 4.3488978611e-14
4.2541503906e+02 6.6041572490e-14 2.2567216188e-14 4.3474356302e-14
4.2547607422e+02 6.6018639453e-14 2.2561977378e-14 4.3456662075e-14
4.2553710938e+02 6.5992420807e-14 2.2556034616e-14 4.3436386191e-14
4.2559814453e+02 6.5963461303e-14 2.2549324475e-14 4.3414136828e-14
4.2565917969e+02 6.5932376296e-14 2.2541818118e-14 4.3390558177e-14
4.2572021484e+02 6.5899866242e-14 2.2533535403e-14 4.3366330839e-14
4.2578125000e+02 6.5866745607e-14 2.2524581821e-14 4.3342163786e-14
4.2584228516e+02 6.5833915405e-14 2.2515157800e-14 4.3318757605e-14
4.2590332031e+02 6.5802375902e-14 2.2505569983e-14 4.3296805919e-14
4.2596435547e+02 6.5773142610e-14 2.2496215432e-14 4.3276927178e-14
4.2602539062e+02 6.5747236633e-14 2.2487558944e-14 4.3259677690e-14
4.2608642578e+02 6.5725580855e-14 2.2480082057e-14 4.3245498798e-14
4.2614746094e+02 6.5708949451e-14 2.2474240943e-14 4.3234708508e-14
4.2620849609e+02 6.5697847744e-14 2.2470395665e-14 4.3227452079e-14
4.2626953125e+02 6.5692485812e-14 2.2468767840e-14 4.3223717973e-14
4.2633056641e+02 6.5692749478e-14 2.2469415303e-14 4.3223334175e-14
4.2639160156e+02 6.5698144160e-14 2.2472200185e-14 4.3225943975e-14
4.2645263672e+02 6.5707931935e-14 2.2476840277e-14 4.3231091658e-14
4.2651367188e+02 6.5721171090e-14 2.2482940160e-14 4.3238230930e-14
4.2657470703e+02 6.5736798705e-14 2.2490045559e-14 4.3246753146e-14
4.2663574219e+02 6.5753795683e-14 2.2497725106e-14 4.3256070577e-14
4.2669677734e+02 6.5771235200e-14 2.2505599192e-14 4.3265636009e-14
4.2675781250e+02 6.5788358622e-14 2.2513392638e-14 4.3274965985e-14
4.2681884766e+02 6.5804656454e-14 2.2520961211e-14 4.3283695243e-14
4.2687988281e+02 6.5819824106e-14 2.2528259262e-14 4.3291564844e-14
4.2694091797e+02 6.5833783525e-14 2.2535334908e-14 4.3298448617e-14
4.2700195312e+02 6.5846573070e-14 2.2542256780e-14 4.3304316290e-14
4.2706298828e+02 6.5858298018e-14 2.2549078600e-14 4.3309219418e-14
4.2712402344e+02 6.5869040906e-14 2.2555789373e-14 4.3313251533e-14
4.2718505859e+02 6.5878747816e-14 2.2562264739e-14 4.3316483077e-14
4.2724609375e+02 6.5887191192e-14 2.2568257257e-14 4.3318933936e-14
4.2730712891e+02 6.5893976521e-14 2.2573406508e-14 4.3320570013e-14
4.2736816406e+02 6.5898548836e-14 2.2577268612e-14 4.3321280224e-14
4.2742919922e+02 6.5900262194e-14 2.2579368003e-14 4.3320894191e-14
4.2749023438e+02 6.5898407604e-14 2.2579243273e-14 4.3319164331e-14
4.2755126953e+02 6.5892399946e-14 2.2576521757e-14 4.3315878189e-14
4.2761230469e+02 6.5881851305e-14 2.2570977874e-14 4.3310873432e-14
4.2767333984e+02 6.5866660925e-14 2.2562571177e-14 4.3304089748e-14
4.2773437500e+02 6.5847098091e-14 2.2551475158e-14 4.3295622933e-14
4.2779541016e+02 6.5823787286e-14 2.2538063347e-14 4.3285723939e-14
4.2785644531e+02 6.5797706318e-14 2.2522904892e-14 4.3274801426e-14
4.2791748047e+02 6.5770138405e-14 2.2506715742e-14 4.3263422663e-14
4.2797851562e+02 6.5742471471e-14 2.2490277893e-14 4.3252193578e-14
4.2803955078e+02 6.5716126758e-14 2.2474392421e-14 4.3241734337e-14
4.2810058594e+02 6.5692384602e-14 2.2459801826e-14 4.3232582776e-14
4.2816162109e+02 6.5672292840e-14 2.2447143148e-14 4.3225149692e-14
4.2822265625e+02 6.5656505272e-14 2.2436871858e-14 4.3219633415e-14
4.2828369141e+02 6.5645257414e-14 2.2429259886e-14 4.3215997528e-14
4.2834472656e+02 6.5638354508e-14 2.2424381384e-14 4.3213973124e-14
4.2840576172e+02 6.5635220608e-14 2.2422127111e-14 4.3213093496e-14
4.2846679688e+02 6.5634997832e-14 2.2422238817e-14 4.3212759015e-14
4.2852783203e+02 6.5636584754e-14 2.2424328409e-14 4.3212256345e-14
4.2858886719e+02 6.5638802983e-14 2.2427931140e-14 4.3210871843e-14
4.2864990234e+02 6.5640433081e-14 2.2432522673e-14 4.3207910408e-14
4.2871093750e+02 6.5640301957e-14 2.2437570564e-14 4.3202731393e-14
4.2877197266e+02 6.5637372679e-14 2.2442549223e-14 4.3194823456e-14
4.2883300781e+02 6.5630754671e-14 2.2446959843e-14 4.3183794827e-14
4.2889404297e+02 6.5619722797e-14 2.2450348559e-14 4.3169374238e-14
4.2895507812e+02 6.5603767905e-14 2.2452324252e-14 4.3151443654e-14
4.2901611328e+02 6.5582602508e-14 2.2452578846e-14 4.3130023662e-14
4.2907714844e+02 6.5556217620e-14 2.2450904304e-14 4.3105313316e-14
4.2913818359e+02 6.5524889144e-14 2.2447202174e-14 4.3077686970e-14
4.2919921875e+02 6.5489155784e-14 2.2441472089e-14 4.3047683695e-14
4.2926025391e+02 6.5449840181e-14 2.2433823249e-14 4.3016016932e-14
4.2932128906e+02 6.5408011250e-14 2.2424459912e-14 4.2983551338e-14
4.2938232422e+02 6.5364879154e-14 2.2413647321e-14 4.2951231832e-14
4.2944335938e+02 6.5321721390e-14 2.2401680107e-14 4.2920041282e-14
4.2950439453e+02 6.5279785664e-14 2.2388860189e-14 4.2890925476e-14
4.2956542969e+02 6.5240104915e-14 2.2375439710e-14 4.2864665205e-14
4.2962646484e+02 6.5203502826e-14 2.2361624671e-14 4.2841878155e-14
4.2968750000e+02 6.5170534428e-14 2.2347572259e-14 4.2822962169e-14
4.2974853516e+02 6.5141400271e-14 2.2333377265e-14 4.2808023006e-14
4.2980957031e+02 6.5116109706e-14 2.2319121098e-14 4.2796988608e-14
4.2987060547e+02 6.5094486454e-14 2.2304876609e-14 4.2789609845e-14
4.2993164062e+02 6.5076212023e-14 2.2290724269e-14 4.2785487754e-14
4.2999267578e+02 6.5060924637e-14 2.2276780396e-14 4.2784144240e-14
4.3005371094e+02 6.5048255707e-14 2.2263189252e-14 4.2785066455e-14
4.3011474609e+02 6.5037867995e-14 2.2250132191e-14 4.2787735804e-14
4.3017578125e+02 6.5029474684e-14 2.2237810260e-14 4.2791664424e-14
4.3023681641e+02 6.5022773358e-14 2.2226408522e-14 4.2796364837e-14
4.3029785156e+02 6.5017509328e-14 2.2216114078e-14 4.2801395250e-14
4.3035888672e+02 6.5013383354e-14 2.2207070518e-14 4.2806312835e-14
4.3041992188e+02 6.5010079962e-14 2.2199392548e-14 4.2810687415e-14
4.3048095703e+02 6.5007283037e-14 2.2193154546e-14 4.2814128492e-14
4.3054199219e+02 6.5004699478e-14 2.2188395911e-14 4.2816303567e-14
4.3060302734e+02 6.5002117191e-14 2.2185127232e-14 4.2816989959e-14
4.3066406250e+02 6.4999400370e-14 2.2183335912e-14 4.2816064458e-14
4.3072509766e+02 6.4996515876e-14 2.2182976312e-14 4.2813539564e-14
4.3078613281e+02 6.4993538714e-14 2.2183968980e-14 4.2809569734e-14
4.3084716797e+02 6.4990626478e-14 2.2186197091e-14 4.2804429386e-14
4.3090820312e+02 6.4988025675e-14 2.2189507644e-14 4.2798518031e-14
4.3096923828e+02 6.4985967479e-14 2.2193693242e-14 4.2792274237e-14
4.3103027344e+02 6.4984654049e-14 2.2198517306e-14 4.2786136742e-14
4.3109130859e+02 6.4984330017e-14 2.2203755438e-14 4.2780574578e-14
4.3115234375e+02 6.4985110564e-14 2.2209179944e-14 4.2775930620e-14
4.3121337891e+02 6.4987037017e-14 2.2214592664e-14 4.2772444353e-14
4.3127441406e+02 6.4990093807e-14 2.2219858651e-14 4.2770235156e-14
4.3133544922e+02 6.4994262365e-14 2.2224926410e-14 4.2769335955e-14
4.3139648438e+02 6.4999456956e-14 2.2229802326e-14 4.2769654630e-14
4.3145751953e+02 6.5005621026e-14 2.2234565317e-14 4.2771055709e-14
4.3151855469e+02 6.5012704977e-14 2.2239338876e-14 4.2773366101e-14
4.3157958984e+02 6.5020646093e-14 2.2244260700e-14 4.2776385394e-14
4.3164062500e+02 6.5029453206e-14 2.2249472170e-14 4.2779981036e-14
4.3170166016e+02 6.5039133191e-14 2.2255085267e-14 4.2784047924e-14
4.3176269531e+02 6.5049727217e-14 2.2261175278e-14 4.2788551939e-14
4.3182373047e+02 6.5061244250e-14 2.2267756989e-14 4.2793487260e-14
4.3188476562e+02 6.5073642651e-14 2.2274785577e-14 4.2798857074e-14
4.3194580078e+02 6.5086787259e-14 2.2282154212e-14 4.2804633046e-14
4.3200683594e+02 6.5100378079e-14 2.2289689577e-14 4.2810688502e-14
4.3206787109e+02 6.5113939150e-14 2.2297158738e-14 4.2816780412e-14
4.3212890625e+02 6.5126834216e-14 2.2304289858e-14 4.2822544358e-14
4.3218994141e+02 6.5138240462e-14 2.2310766052e-14 4.2827474410e-14
4.3225097656e+02 6.5147199240e-14 2.2316255287e-14 4.2830943953e-14
4.3231201172e+02 6.5152702096e-14 2.2320426851e-14 4.2832275245e-14
4.3237304688e+02 6.5153822221e-14 2.2322983355e-14 4.2830838866e-14
4.3243408203e+02 6.5149761332e-14 2.2323668575e-14 4.2826092758e-14
4.3249511719e+02 6.5139970330e-14 2.2322301417e-14 4.2817668912e-14
4.3255615234e+02 6.5124244373e-14 2.2318800710e-14 4.2805443662e-14
4.3261718750e+02 6.5102745265e-14 2.2313182940e-14 4.2789562325e-14
4.3267822266e+02 6.5075966064e-14 2.2305548963e-14 4.2770417101e-14
4.3273925781e+02 6.5044712390e-14 2.2296081977e-14 4.2748630414e-14
4.3280029297e+02 6.5009969919e-14 2.2285010866e-14 4.2724959054e-14
4.3286132812e+02 6.4972863680e-14 2.2272606639e-14 4.2700257040e-14
4.3292236328e+02 6.4934499487e-14 2.2259144038e-14 4.2675355449e-14
4.3298339844e+02 6.4895882998e-14 2.2244888064e-14 4.2650994934e-14
4.3304443359e+02 6.4857925574e-14 2.2230103847e-14 4.2627821727e-14
4.3310546875e+02 6.4821375100e-14 2.2215043774e-14 4.2606331326e-14
4.3316650391e+02 6.4786821773e-14 2.2199958549e-14 4.2586863225e-14
4.3322753906e+02 6.4754775846e-14 2.2185120647e-14 4.2569655199e-14
4.3328857422e+02 6.4725662156e-14 2.2170811891e-14 4.2554850265e-14
4.3334960938e+02 6.4699952312e-14 2.2157357195e-14 4.2542595118e-14
4.3341064453e+02 6.4678080014e-14 2.2145085892e-14 4.2532994121e-14
4.3347167969e+02 6.4660470975e-14 2.2134316672e-14 4.2526154303e-14
4.3353271484e+02 6.4647483250e-14 2.2125329689e-14 4.2522153561e-14
4.3359375000e+02 6.4639335929e-14 2.2118337842e-14 4.2520998088e-14
4.3365478516e+02 6.4636077116e-14 2.2113464441e-14 4.2522612674e-14
4.3371582031e+02 6.4637509414e-14 2.2110717206e-14 4.2526792208e-14
4.3377685547e+02 6.4643139742e-14 2.2109966928e-14 4.2533172814e-14
4.3383789062e+02 6.4652211308e-14 2.2110978388e-14 4.2541232920e-14
4.3389892578e+02 6.4663740174e-14 2.2113412964e-14 4.2550327209e-14
4.3395996094e+02 6.4676596507e-14 2.2116858170e-14 4.2559738337e-14
4.3402099609e+02 6.4689589575e-14 2.2120874178e-14 4.2568715397e-14
4.3408203125e+02 6.4701659791e-14 2.2125049582e-14 4.2576610208e-14
4.3414306641e+02 6.4711923613e-14 2.2129014074e-14 4.2582909539e-14
4.3420410156e+02 6.4719718666e-14 2.2132460302e-14 4.2587258365e-14
4.3426513672e+02 6.4724768402e-14 2.2135198701e-14 4.2589569701e-14
4.3432617188e+02 6.4727147059e-14 2.2137149293e-14 4.2589997767e-14
4.3438720703e+02 6.4727198460e-14 2.2138311806e-14 4.2588886654e-14
4.3444824219e+02 6.4725505378e-14 2.2138772041e-14 4.2586733337e-14
4.3450927734e+02 6.4722846648e-14 2.2138681499e-14 4.2584165149e-14
4.3457031250e+02 6.4720031020e-14 2.2138214571e-14 4.2581816449e-14
4.3463134766e+02 6.4717841022e-14 2.2137548542e-14 4.2580292480e-14
4.3469238281e+02 6.4716955555e-14 2.2136841640e-14 4.2580113916e-14
4.3475341797e+02 6.4717823918e-14 2.2136210458e-14 4.2581613460e-14
4.3481445312e+02 6.4720664539e-14 2.2135718295e-14 4.2584946244e-14
4.3487548828e+02 6.4725443086e-14 2.2135372070e-14 4.2590071016e-14
4.3493652344e+02 6.4731874882e-14 2.2135129550e-14 4.2596745332e-14
4.3499755859e+02 6.4739469934e-14 2.2134919257e-14 4.2604550677e-14
4.3505859375e+02 6.4747580679e-14 2.2134658224e-14 4.2612922455e-14
4.3511962891e+02 6.4755523366e-14 2.2134260389e-14 4.2621262977e-14
4.3518066406e+02 6.4762599647e-14 2.2133662135e-14 4.2628937512e-14
4.3524169922e+02 6.4768147192e-14 2.2132811185e-14 4.2635336008e-14
4.3530273438e+02 6.4771667474e-14 2.2131700319e-14 4.2639967155e-14
4.3536376953e+02 6.4772837536e-14 2.2130348858e-14 4.2642488678e-14
4.3542480469e+02 6.4771514461e-14 2.2128793686e-14 4.2642720775e-14
4.3548583984e+02 6.4767711558e-14 2.2127076031e-14 4.2640635527e-14
4.3554687500e+02 6.4761586149e-14 2.2125231567e-14 4.2636354582e-14
4.3560791016e+02 6.4753361782e-14 2.2123264421e-14 4.2630097361e-14
4.3566894531e+02 6.4743315356e-14 2.2121149004e-14 4.2622166352e-14
4.3572998047e+02 6.4731709066e-14 2.2118821845e-14 4.2612887221e-14
4.3579101562e+02 6.4718741859e-14 2.2116181027e-14 4.2602560832e-14
4.3585205078e+02 6.4704517191e-14 2.2113095868e-14 4.2591421324e-14
4.3591308594e+02 6.4689067327e-14 2.2109431042e-14 4.2579636285e-14
4.3597412109e+02 6.4672334959e-14 2.2105060024e-14 4.2567274935e-14
4.3603515625e+02 6.4654228598e-14 2.2099900311e-14 4.2554328287e-14
4.3609619141e+02 6.4634660011e-14 2.2093924346e-14 4.2540735666e-14
4.3615722656e+02 6.4613565820e-14 2.2087174576e-14 4.2526391244e-14
4.3621826172e+02 6.4591000893e-14 2.2079786434e-14 4.2511214460e-14
4.3627929688e+02 6.4567135015e-14 2.2071959351e-14 4.2495175663e-14
4.3634033203e+02 6.4542275851e-14 2.2063959037e-14 4.2478316814e-14
4.3640136719e+02 6.4516894105e-14 2.2056092825e-14 4.2460801280e-14
4.3646240234e+02 6.4491594951e-14 2.2048670918e-14 4.2442924033e-14
4.3652343750e+02 6.4467077961e-14 2.2041980102e-14 4.2425097859e-14
4.3658447266e+02 6.4444111169e-14 2.2036270324e-14 4.2407840845e-14
4.3664550781e+02 6.4423413218e-14 2.2031700614e-14 4.2391712603e-14
4.3670654297e+02 6.4405637180e-14 2.2028346013e-14 4.2377291168e-14
4.3676757812e+02 6.4391240864e-14 2.2026180148e-14 4.2365060716e-14
4.3682861328e+02 6.4380495566e-14 2.2025093398e-14 4.2355402168e-14
4.3688964844e+02 6.4373425414e-14 2.2024915055e-14 4.2348510359e-14
4.3695068359e+02 6.4369808301e-14 2.2025425211e-14 4.2344383091e-14
4.3701171875e+02 6.4369187547e-14 2.2026387931e-14 4.2342799615e-14
4.3707275391e+02 6.4370936355e-14 2.2027581847e-14 4.2343354508e-14
4.3713378906e+02 6.4374318594e-14 2.2028827580e-14 4.2345491014e-14
4.3719482422e+02 6.4378569006e-14 2.2030004696e-14 4.2348564310e-14
4.3725585938e+02 6.4383014251e-14 2.2031072140e-14 4.2351942111e-14
4.3731689453e+02 6.4387092102e-14 2.2032058700e-14 4.2355033402e-14
4.3737792969e+02 6.4390400398e-14 2.2033050020e-14 4.2357350378e-14
4.3743896484e+02 6.4392735922e-14 2.2034178382e-14 4.2358557540e-14
4.3750000000e+02 6.4394074670e-14 2.2035589533e-14 4.2358485137e-14
4.3756103516e+02 6.4394508580e-14 2.2037403872e-14 4.2357104708e-14
4.3762207031e+02 6.4394165262e-14 2.2039682722e-14 4.2354482540e-14
4.3768310547e+02 6.4393161203e-14 2.2042399528e-14 4.2350761675e-14
4.3774414062e+02 6.4391543421e-14 2.2045433146e-14 4.2346110275e-14
4.3780517578e+02 6.4389257234e-14 2.2048570426e-14 4.2340686808e-14
4.3786621094e+02 6.4386103131e-14 2.2051509013e-14 4.2334594119e-14
4.3792724609e+02 6.4381743837e-14 2.2053883933e-14 4.2327859904e-14
4.3798828125e+02 6.4375749162e-14 2.2055318622e-14 4.2320430539e-14
4.3804931641e+02 6.4367663498e-14 2.2055460410e-14 4.2312203087e-14
4.3811035156e+02 6.4357097265e-14 2.2054035039e-14 4.2303062227e-14
4.3817138672e+02 6.4343760507e-14 2.2050868649e-14 4.2292891858e-14
4.3823242188e+02 6.4327513065e-14 2.2045932028e-14 4.2281581037e-14
4.3829345703e+02 6.4308434634e-14 2.2039334588e-14 4.2269100046e-14
4.3835449219e+02 6.4286855042e-14 2.2031335382e-14 4.2255519660e-14
4.3841552734e+02 6.4263266958e-14 2.2022297187e-14 4.2240969771e-14
4.3847656250e+02 6.4238343473e-14 2.2012669873e-14 4.2225673600e-14
4.3853759766e+02 6.4212856389e-14 2.2002939173e-14 4.2209917217e-14
4.3859863281e+02 6.4187545018e-14 2.1993558215e-14 4.2193986804e-14
4.3865966797e+02 6.4163106400e-14 2.1984921201e-14 4.2178185199e-14
4.3872070312e+02 6.4140072333e-14 2.1977308708e-14 4.2162763625e-14
4.3878173828e+02 6.4118751725e-14 2.1970874367e-14 4.2147877358e-14
4.3884277344e+02 6.4099261077e-14 2.1965643765e-14 4.2133617312e-14
4.3890380859e+02 6.4081526458e-14 2.1961529409e-14 4.2119997049e-14
4.3896484375e+02 6.4065311923e-14 2.1958347861e-14 4.2106964062e-14
4.3902587891e+02 6.4050323754e-14 2.1955867022e-14 4.2094456733e-14
4.3908691406e+02 6.4036298975e-14 2.1953856788e-14 4.2082442187e-14
4.3914794922e+02 6.4023056740e-14 2.1952120226e-14 4.2070936515e-14
4.3920898438e+02 6.4010599028e-14 2.1950528503e-14 4.2060070524e-14
4.3927001953e+02 6.3999114663e-14 2.1949028489e-14 4.2050086174e-14
4.3933105469e+02 6.3988928914e-14 2.1947629703e-14 4.2041299210e-14
4.3939208984e+02 6.3980502126e-14 2.1946408119e-14 4.2034094006e-14
4.3945312500e+02 6.3974298893e-14 2.1945450558e-14 4.2028848336e-14
4.3951416016e+02 6.3970727978e-14 2.1944842948e-14 4.2025885030e-14
4.3957519531e+02 6.3970063057e-14 2.1944649428e-14 4.2025413630e-14
4.3963623047e+02 6.3972353499e-14 2.1944871981e-14 4.2027481518e-14
4.3969726562e+02 6.3977415985e-14 2.1945466533e-14 4.2031949451e-14
4.3975830078e+02 6.3984858438e-14 2.1946352827e-14 4.2038505611e-14
4.3981933594e+02 6.3994058198e-14 2.1947413410e-14 4.2046644789e-14
4.3988037109e+02 6.4004280260e-14 2.1948524549e-14 4.2055755711e-14
4.3994140625e+02 6.4014727209e-14 2.1949579470e-14 4.2065147739e-14
4.4000244141e+02 6.4024611045e-14 2.1950480996e-14 4.2074130049e-14
4.4006347656e+02 6.4033203880e-14 2.1951149001e-14 4.2082054879e-14
4.4012451172e+02 6.4039895533e-14 2.1951520414e-14 4.2088375119e-14
4.4018554688e+02 6.4044218472e-14 2.1951531053e-14 4.2092687419e-14
4.4024658203e+02 6.4045842616e-14 2.1951093819e-14 4.2094748797e-14
4.4030761719e+02 6.4044588044e-14 2.1950097947e-14 4.2094490098e-14
4.4036865234e+02 6.4040428105e-14 2.1948422353e-14 4.2092005752e-14
4.4042968750e+02 6.4033455850e-14 2.1945919979e-14 4.2087535871e-14
4.4049072266e+02 6.4023866319e-14 2.1942438510e-14 4.2081427810e-14
4.4055175781e+02 6.4011910197e-14 2.1937841488e-14 4.2074068709e-14
4.4061279297e+02 6.3997911451e-14 2.1932040410e-14 4.2065871041e-14
4.4067382812e+02 6.3982216869e-14 2.1924999715e-14 4.2057217154e-14
4.4073486328e+02 6.3965220511e-14 2.1916775211e-14 4.2048445300e-14
4.4079589844e+02 6.3947261178e-14 2.1907493173e-14 4.2039768005e-14
4.4085693359e+02 6.3928625478e-14 2.1897348904e-14 4.2031276574e-14
4.4091796875e+02 6.3909589284e-14 2.1886606806e-14 4.2022982477e-14
4.4097900391e+02 6.3890419367e-14 2.1875585584e-14 4.2014833782e-14
4.4104003906e+02 6.3871388749e-14 2.1864633613e-14 4.2006755135e-14
4.4110107422e+02 6.3852744563e-14 2.1854085743e-14 4.1998658820e-14
4.4116210938e+02 6.3834750187e-14 2.1844259083e-14 4.1990491104e-14
4.4122314453e+02 6.3817657157e-14 2.1835411464e-14 4.1982245693e-14
4.4128417969e+02 6.3801734652e-14 2.1827742618e-14 4.1973992034e-14
4.4134521484e+02 6.3787183341e-14 2.1821349650e-14 4.1965833691e-14
4.4140625000e+02 6.3774122227e-14 2.1816247330e-14 4.1957874896e-14
4.4146728516e+02 6.3762551137e-14 2.1812368254e-14 4.1950182883e-14
4.4152832031e+02 6.3752337812e-14 2.1809565986e-14 4.1942771826e-14
4.4158935547e+02 6.3743189574e-14 2.1807632544e-14 4.1935557030e-14
4.4165039062e+02 6.3734692464e-14 2.1806339299e-14 4.1928353165e-14
4.4171142578e+02 6.3726429308e-14 2.1805482835e-14 4.1920946473e-14
4.4177246094e+02 6.3717939046e-14 2.1804892506e-14 4.1913046540e-14
4.4183349609e+02 6.3708874962e-14 2.1804465627e-14 4.1904409335e-14
4.4189453125e+02 6.3699013241e-14 2.1804163026e-14 4.1894850215e-14
4.4195556641e+02 6.3688361568e-14 2.1804038107e-14 4.1884323461e-14
4.4201660156e+02 6.3677146978e-14 2.1804199873e-14 4.1872947105e-14
4.4207763672e+02 6.3665842365e-14 2.1804807388e-14 4.1861034977e-14
4.4213867188e+02 6.3655089082e-14 2.1806040818e-14 4.1849048264e-14
4.4219970703e+02 6.3645609452e-14 2.1808050562e-14 4.1837558890e-14
4.4226074219e+02 6.3638119126e-14 2.1810933961e-14 4.1827185165e-14
4.4232177734e+02 6.3633231489e-14 2.1814718515e-14 4.1818512974e-14
4.4238281250e+02 6.3631335424e-14 2.1819330292e-14 4.1812005132e-14
4.4244384766e+02 6.3632556283e-14 2.1824596754e-14 4.1807959530e-14
4.4250488281e+02 6.3636674429e-14 2.1830235112e-14 4.1806439317e-14
4.4256591797e+02 6.3643124609e-14 2.1835867776e-14 4.1807256833e-14
4.4262695312e+02 6.3651051438e-14 2.1841056660e-14 4.1809994777e-14
4.4268798828e+02 6.3659387169e-14 2.1845326091e-14 4.1814061078e-14
4.4274902344e+02 6.3666984991e-14 2.1848217156e-14 4.1818767835e-14
4.4281005859e+02 6.3672708193e-14 2.1849315282e-14 4.1823392911e-14
4.4287109375e+02 6.3675579654e-14 2.1848301195e-14 4.1827278460e-14
4.4293212891e+02 6.3674887049e-14 2.1844975281e-14 4.1829911768e-14
4.4299316406e+02 6.3670279774e-14 2.1839298091e-14 4.1830981683e-14
4.4305419922e+02 6.3661726222e-14 2.1831370915e-14 4.1830355307e-14
4.4311523438e+02 6.3649582327e-14 2.1821462283e-14 4.1828120044e-14
4.4317626953e+02 6.3634499590e-14 2.1809978905e-14 4.1824520685e-14
4.4323730469e+02 6.3617369835e-14 2.1797430677e-14 4.1819939158e-14
4.4329833984e+02 6.3599186829e-14 2.1784393725e-14 4.1814793104e-14
4.4335937500e+02 6.3580997430e-14 2.1771471908e-14 4.1809525522e-14
4.4342041016e+02 6.3563822073e-14 2.1759267367e-14 4.1804554707e-14
4.4348144531e+02 6.3548619651e-14 2.1748356055e-14 4.1800263596e-14
4.4354248047e+02 6.3536203964e-14 2.1739238274e-14 4.1796965690e-14
4.4360351562e+02 6.3527226120e-14 2.1732328756e-14 4.1794897364e-14
4.4366455078e+02 6.3522181544e-14 2.1727938265e-14 4.1794243278e-14
4.4372558594e+02 6.3521292373e-14 2.1726227392e-14 4.1795064981e-14
4.4378662109e+02 6.3524543834e-14 2.1727220302e-14 4.1797323532e-14
4.4384765625e+02 6.3531642506e-14 2.1730775027e-14 4.1800867479e-14
4.4390869141e+02 6.3542046175e-14 2.1736595307e-14 4.1805450868e-14
4.4396972656e+02 6.3554939273e-14 2.1744233390e-14 4.1810705883e-14
4.4403076172e+02 6.3569262459e-14 2.1753106227e-14 4.1816156232e-14
4.4409179688e+02 6.3583833115e-14 2.1762543982e-14 4.1821289134e-14
4.4415283203e+02 6.3597448895e-14 2.1771846089e-14 4.1825602806e-14
4.4421386719e+02 6.3608997201e-14 2.1780351369e-14 4.1828645832e-14
4.4427490234e+02 6.3617570151e-14 2.1787484994e-14 4.1830085157e-14
4.4433593750e+02 6.3622570359e-14 2.1792831179e-14 4.1829739180e-14
4.4439697266e+02 6.3623763634e-14 2.1796167193e-14 4.1827596440e-14
4.4445800781e+02 6.3621310216e-14 2.1797492117e-14 4.1823818099e-14
4.4451904297e+02 6.3615676492e-14 2.1796985197e-14 4.1818691296e-14
4.4458007812e+02 6.3607576767e-14 2.1794982711e-14 4.1812594056e-14
4.4464111328e+02 6.3597850474e-14 2.1791930754e-14 4.1805919720e-14
4.4470214844e+02 6.3587333875e-14 2.1788300846e-14 4.1799033029e-14
4.4476318359e+02 6.3576733989e-14 2.1784513544e-14 4.1792220445e-14
4.4482421875e+02 6.3566494773e-14 2.1780875584e-14 4.1785619188e-14
4.4488525391e+02 6.3556824417e-14 2.1777550011e-14 4.1779274406e-14
4.4494628906e+02 6.3547619364e-14 2.1774537170e-14 4.1773082194e-14
4.4500732422e+02 6.3538543752e-14 2.1771689966e-14 4.1766853786e-14
4.4506835938e+02 6.3529086888e-14 2.1768751218e-14 4.1760335670e-14
4.4512939453e+02 6.3518691290e-14 2.1765427176e-14 4.1753264113e-14
4.4519042969e+02 6.3506856977e-14 2.1761439572e-14 4.1745417406e-14
4.4525146484e+02 6.3493255785e-14 2.1756597418e-14 4.1736658367e-14
4.4531250000e+02 6.3477831570e-14 2.1750851940e-14 4.1726979630e-14
4.4537353516e+02 6.3460815933e-14 2.1744312189e-14 4.1716503743e-14
4.4543457031e+02 6.3442703912e-14 2.1737228314e-14 4.1705475598e-14
4.4549560547e+02 6.3424230385e-14 2.1729976363e-14 4.1694254023e-14
4.4555664062e+02 6.3406258264e-14 2.1722992817e-14 4.1683265447e-14
4.4561767578e+02 6.3389694225e-14 2.1716729160e-14 4.1672965065e-14
4.4567871094e+02 6.3375359522e-14 2.1711572119e-14 4.1663787403e-14
4.4573974609e+02 6.3363875304e-14 2.1707793093e-14 4.1656082212e-14
4.4580078125e+02 6.3355600424e-14 2.1705510213e-14 4.1650090210e-14
4.4586181641e+02 6.3350672288e-14 2.1704701203e-14 4.1645971085e-14
4.4592285156e+02 6.3348904630e-14 2.1705184109e-14 4.1643720521e-14
4.4598388672e+02 6.3349876324e-14 2.1706654779e-14 4.1643221545e-14
4.4604492188e+02 6.3352995416e-14 2.1708738521e-14 4.1644256895e-14
4.4610595703e+02 6.3357517811e-14 2.1711017756e-14 4.1646500055e-14
4.4616699219e+02 6.3362698121e-14 2.1713097277e-14 4.1649600845e-14
4.4622802734e+02 6.3367778912e-14 2.1714626011e-14 4.1653152901e-14
4.4628906250e+02 6.3372143934e-14 2.1715358445e-14 4.1656785489e-14
4.4635009766e+02 6.3375281647e-14 2.1715150536e-14 4.1660131111e-14
4.4641113281e+02 6.3376918567e-14 2.1713986361e-14 4.1662932206e-14
4.4647216797e+02 6.3376983669e-14 2.1711977107e-14 4.1665006562e-14
4.4653320312e+02 6.3375584793e-14 2.1709320155e-14 4.1666264638e-14
4.4659423828e+02 6.3373002792e-14 2.1706289978e-14 4.1666712815e-14
4.4665527344e+02 6.3369681728e-14 2.1703221995e-14 4.1666459733e-14
4.4671630859e+02 6.3366079747e-14 2.1700439656e-14 4.1665640091e-14
4.4677734375e+02 6.3362632779e-14 2.1698234756e-14 4.1664398024e-14
4.4683837891e+02 6.3359699883e-14 2.1696834360e-14 4.1662865524e-14
4.4689941406e+02 6.3357497387e-14 2.1696373244e-14 4.1661124143e-14
4.4696044922e+02 6.3356030437e-14 2.1696873115e-14 4.1659157321e-14
4.4702148438e+02 6.3355149097e-14 2.1698260516e-14 4.1656888581e-14
4.4708251953e+02 6.3354553105e-14 2.1700368328e-14 4.1654184777e-14
4.4714355469e+02 6.3353854755e-14 2.1702968779e-14 4.1650885976e-14
4.4720458984e+02 6.3352617155e-14 2.1705788062e-14 4.1646829093e-14
4.4726562500e+02 6.3350453331e-14 2.1708548387e-14 4.1641904944e-14
4.4732666016e+02 6.3347068985e-14 2.1710975281e-14 4.1636093705e-14
4.4738769531e+02 6.3342252068e-14 2.1712822351e-14 4.1629429717e-14
4.4744873047e+02 6.3335918866e-14 2.1713874025e-14 4.1622044841e-14
4.4750976562e+02 6.3328081170e-14 2.1713959334e-14 4.1614121836e-14
4.4757080078e+02 6.3318808237e-14 2.1712945649e-14 4.1605862588e-14
4.4763183594e+02 6.3308225912e-14 2.1710751618e-14 4.1597474294e-14
4.4769287109e+02 6.3296441864e-14 2.1707333490e-14 4.1589108375e-14
4.4775390625e+02 6.3283570093e-14 2.1702695315e-14 4.1580874777e-14
4.4781494141e+02 6.3269692539e-14 2.1696887706e-14 4.1572804833e-14
4.4787597656e+02 6.3254853490e-14 2.1689997780e-14 4.1564855710e-14
4.4793701172e+02 6.3239083652e-14 2.1682149487e-14 4.1556934165e-14
4.4799804688e+02 6.3222368897e-14 2.1673477409e-14 4.1548891488e-14
4.4805908203e+02 6.3204657440e-14 2.1664114679e-14 4.1540542762e-14
4.4812011719e+02 6.3185844586e-14 2.1654166558e-14 4.1531678028e-14
4.4818115234e+02 6.3165764548e-14 2.1643699716e-14 4.1522064832e-14
4.4824218750e+02 6.3144208902e-14 2.1632736582e-14 4.1511472319e-14
4.4830322266e+02 6.3120905206e-14 2.1621243747e-14 4.1499661458e-14
4.4836425781e+02 6.3095562008e-14 2.1609154548e-14 4.1486407460e-14
4.4842529297e+02 6.3067889109e-14 2.1596394300e-14 4.1471494810e-14
4.4848632812e+02 6.3037667383e-14 2.1582906620e-14 4.1454760763e-14
4.4854736328e+02 6.3004787558e-14 2.1568680501e-14 4.1436107057e-14
4.4860839844e+02 6.2969285331e-14 2.1553761704e-14 4.1415523627e-14
4.4866943359e+02 6.2931431522e-14 2.1538300823e-14 4.1393130699e-14
4.4873046875e+02 6.2891730696e-14 2.1522527244e-14 4.1369203452e-14
4.4879150391e+02 6.2850939513e-14 2.1506763531e-14 4.1344175982e-14
4.4885253906e+02 6.2810045328e-14 2.1491406915e-14 4.1318638413e-14
4.4891357422e+02 6.2770198038e-14 2.1476896693e-14 4.1293301345e-14
4.4897460938e+02 6.2732609797e-14 2.1463679326e-14 4.1268930470e-14
4.4903564453e+02 6.2698528502e-14 2.1452194774e-14 4.1246333728e-14
4.4909667969e+02 6.2669062894e-14 2.1442830450e-14 4.1226232444e-14
4.4915771484e+02 6.2645104344e-14 2.1435892677e-14 4.1209211667e-14
4.4921875000e+02 6.2627277986e-14 2.1431596703e-14 4.1195681283e-14
4.4927978516e+02 6.2615875432e-14 2.1430052532e-14 4.1185822900e-14
4.4934082031e+02 6.2610796388e-14 2.1431237043e-14 4.1179559345e-14
4.4940185547e+02 6.2611570197e-14 2.1434993113e-14 4.1176577084e-14
4.4946289062e+02 6.2617430766e-14 2.1441049734e-14 4.1176381031e-14
4.4952392578e+02 6.2627374060e-14 2.1449029738e-14 4.1178344322e-14
4.4958496094e+02 6.2640222999e-14 2.1458455200e-14 4.1181767799e-14
4.4964599609e+02 6.2654749448e-14 2.1468790529e-14 4.1185958919e-14
4.4970703125e+02 6.2669787429e-14 2.1479467357e-14 4.1190320073e-14
4.4976806641e+02 6.2684332223e-14 2.1489927581e-14 4.1194404642e-14
4.4982910156e+02 6.2697595221e-14 2.1499649866e-14 4.1197945355e-14
4.4989013672e+02 6.2709050474e-14 2.1508189237e-14 4.1200861237e-14
4.4995117188e+02 6.2718493324e-14 2.1515206097e-14 4.1203287228e-14
4.5001220703e+02 6.2725988756e-14 2.1520471680e-14 4.1205517076e-14
4.5007324219e+02 6.2731870317e-14 2.1523892907e-14 4.1207977410e-14
4.5013427734e+02 6.2736624304e-14 2.1525482968e-14 4.1211141337e-14
4.5019531250e+02 6.2740876994e-14 2.1525376613e-14 4.1215500381e-14
4.5025634766e+02 6.2745291915e-14 2.1523794057e-14 4.1221497858e-14
4.5031738281e+02 6.2750511962e-14 2.1521033288e-14 4.1229478674e-14
4.5037841797e+02 6.2757059013e-14 2.1517433141e-14 4.1239625872e-14
4.5043945312e+02 6.2765304015e-14 2.1513348862e-14 4.1251955153e-14
4.5050048828e+02 6.2775413635e-14 2.1509120399e-14 4.1266293237e-14
4.5056152344e+02 6.2787323396e-14 2.1505060290e-14 4.1282263107e-14
4.5062255859e+02 6.2800739674e-14 2.1501418665e-14 4.1299321009e-14
4.5068359375e+02 6.2815172004e-14 2.1498375332e-14 4.1316796672e-14
4.5074462891e+02 6.2829950209e-14 2.1496033527e-14 4.1333916682e-14
4.5080566406e+02 6.2844278486e-14 2.1494410190e-14 4.1349868297e-14
4.5086669922e+02 6.2857344672e-14 2.1493464200e-14 4.1363880472e-14
4.5092773438e+02 6.2868427852e-14 2.1493114859e-14 4.1375312993e-14
4.5098876953e+02 6.2876953289e-14 2.1493259276e-14 4.1383694013e-14
4.5104980469e+02 6.2882546803e-14 2.1493783544e-14 4.1388763259e-14
4.5111083984e+02 6.2885117462e-14 2.1494604602e-14 4.1390512860e-14
4.5117187500e+02 6.2884855043e-14 2.1495669065e-14 4.1389185977e-14
4.5123291016e+02 6.2882165368e-14 2.1496952136e-14 4.1385213232e-14
4.5129394531e+02 6.2877611491e-14 2.1498443830e-14 4.1379167661e-14
4.5135498047e+02 6.2871816933e-14 2.1500133258e-14 4.1371683675e-14
4.5141601562e+02 6.2865406227e-14 2.1502012882e-14 4.1363393345e-14
4.5147705078e+02 6.2858884629e-14 2.1504041424e-14 4.1354843205e-14
4.5153808594e+02 6.2852593464e-14 2.1506145007e-14 4.1346448457e-14
4.5159912109e+02 6.2846726827e-14 2.1508231124e-14 4.1338495703e-14
4.5166015625e+02 6.2841334490e-14 2.1510203527e-14 4.1331130963e-14
4.5172119141e+02 6.2836367442e-14 2.1511976179e-14 4.1324391263e-14
4.5178222656e+02 6.2831748376e-14 2.1513485277e-14 4.1318263099e-14
4.5184326172e+02 6.2827419543e-14 2.1514711512e-14 4.1312708031e-14
4.5190429688e+02 6.2823365771e-14 2.1515670388e-14 4.1307695383e-14
4.5196533203e+02 6.2819589711e-14 2.1516392845e-14 4.1303196865e-14
4.5202636719e+02 6.2816142860e-14 2.1516938803e-14 4.1299204057e-14
4.5208740234e+02 6.2813043014e-14 2.1517345559e-14 4.1295697455e-14
4.5214843750e+02 6.2810249120e-14 2.1517618133e-14 4.1292630988e-14
4.5220947266e+02 6.2807610039e-14 2.1517714031e-14 4.1289896008e-14
4.5227050781e+02 6.2804832086e-14 2.1517528446e-14 4.1287303641e-14
4.5233154297e+02 6.2801511438e-14 2.1516910036e-14 4.1284601402e-14
4.5239257812e+02 6.2797144702e-14 2.1515668922e-14 4.1281475780e-14
4.5245361328e+02 6.2791199354e-14 2.1513596969e-14 4.1277602385e-14
4.5251464844e+02 6.2783170540e-14 2.1510503424e-14 4.1272667116e-14
4.5257568359e+02 6.2772645477e-14 2.1506225938e-14 4.1266419539e-14
4.5263671875e+02 6.2759366371e-14 2.1500657102e-14 4.1258709270e-14
4.5269775391e+02 6.2743317517e-14 2.1493776527e-14 4.1249540990e-14
4.5275878906e+02 6.2724707636e-14 2.1485636079e-14 4.1239071556e-14
4.5281982422e+02 6.2703968871e-14 2.1476371696e-14 4.1227597175e-14
4.5288085938e+02 6.2681711971e-14 2.1466188466e-14 4.1215523506e-14
4.5294189453e+02 6.2658665391e-14 2.1455347110e-14 4.1203318281e-14
4.5300292969e+02 6.2635561697e-14 2.1444129097e-14 4.1191432600e-14
4.5306396484e+02 6.2613075393e-14 2.1432834272e-14 4.1180241121e-14
4.5312500000e+02 6.2591717523e-14 2.1421737854e-14 4.1169979669e-14
4.5318603516e+02 6.2571799720e-14 2.1411083285e-14 4.1160716435e-14
4.5324707031e+02 6.2553417182e-14 2.1401082197e-14 4.1152334985e-14
4.5330810547e+02 6.2536409466e-14 2.1391880807e-14 4.1144528659e-14
4.5336914062e+02 6.2520523854e-14 2.1383609184e-14 4.1136914670e-14
4.5343017578e+02 6.2505417557e-14 2.1376361229e-14 4.1129056328e-14
4.5349121094e+02 6.2490821972e-14 2.1370228766e-14 4.1120593206e-14
4.5355224609e+02 6.2476597736e-14 2.1365295684e-14 4.1111302052e-14
4.5361328125e+02 6.2462780848e-14 2.1361648351e-14 4.1101132497e-14
4.5367431641e+02 6.2449567516e-14 2.1359344724e-14 4.1090222791e-14
4.5373535156e+02 6.2437339868e-14 2.1358420066e-14 4.1078919802e-14
4.5379638672e+02 6.2426529530e-14 2.1358854044e-14 4.1067675486e-14
4.5385742188e+02 6.2417502584e-14 2.1360533151e-14 4.1056969432e-14
4.5391845703e+02 6.2410507090e-14 2.1363262927e-14 4.1047244164e-14
4.5397949219e+02 6.2405494160e-14 2.1366724722e-14 4.1038769438e-14
4.5404052734e+02 6.2402138850e-14 2.1370525063e-14 4.1031613787e-14
4.5410156250e+02 6.2399880013e-14 2.1374222305e-14 4.1025657707e-14
4.5416259766e+02 6.2397983285e-14 2.1377375385e-14 4.1020607900e-14
4.5422363281e+02 6.2395646887e-14 2.1379598283e-14 4.1016048604e-14
4.5428466797e+02 6.2392123254e-14 2.1380599440e-14 4.1011523814e-14
4.5434570312e+02 6.2386909762e-14 2.1380247169e-14 4.1006662594e-14
4.5440673828e+02 6.2379758715e-14 2.1378568721e-14 4.1001189994e-14
4.5446777344e+02 6.2370778116e-14 2.1375760584e-14 4.0995017532e-14
4.5452880859e+02 6.2360374307e-14 2.1372148140e-14 4.0988226166e-14
4.5458984375e+02 6.2349235327e-14 2.1368156789e-14 4.0981078538e-14
4.5465087891e+02 6.2338209040e-14 2.1364249029e-14 4.0973960012e-14
4.5471191406e+02 6.2328161949e-14 2.1360855533e-14 4.0967306417e-14
4.5477294922e+02 6.2319870449e-14 2.1358327613e-14 4.0961542836e-14
4.5483398438e+02 6.2313975850e-14 2.1356909037e-14 4.0957066813e-14
4.5489501953e+02 6.2310848925e-14 2.1356696903e-14 4.0954152022e-14
4.5495605469e+02 6.2310614103e-14 2.1357660872e-14 4.0952953230e-14
4.5501708984e+02 6.2313163714e-14 2.1359646691e-14 4.0953517023e-14
4.5507812500e+02 6.2318224887e-14 2.1362422022e-14 4.0955802864e-14
4.5513916016e+02 6.2325376836e-14 2.1365703505e-14 4.0959673332e-14
4.5520019531e+02 6.2334122000e-14 2.1369201929e-14 4.0964920071e-14
4.5526123047e+02 6.2343953233e-14 2.1372654797e-14 4.0971298436e-14
4.5532226562e+02 6.2354396057e-14 2.1375851912e-14 4.0978544144e-14
4.5538330078e+02 6.2365002551e-14 2.1378639748e-14 4.0986362803e-14
4.5544433594e+02 6.2375307300e-14 2.1380907717e-14 4.0994399584e-14
4.5550537109e+02 6.2384875933e-14 2.1382585124e-14 4.1002290809e-14
4.5556640625e+02 6.2393270109e-14 2.1383630961e-14 4.1009639148e-14
4.5562744141e+02 6.2400024257e-14 2.1383995963e-14 4.1016028294e-14
4.5568847656e+02 6.2404670349e-14 2.1383633007e-14 4.1021037342e-14
4.5574951172e+02 6.2406753242e-14 2.1382488614e-14 4.1024264629e-14
4.5581054688e+02 6.2405910872e-14 2.1380518456e-14 4.1025392416e-14
4.5587158203e+02 6.2401934830e-14 2.1377718665e-14 4.1024216165e-14
4.5593261719e+02 6.2394785647e-14 2.1374121730e-14 4.1020663917e-14
4.5599365234e+02 6.2384686949e-14 2.1369838757e-14 4.1014848193e-14
4.5605468750e+02 6.2372127778e-14 2.1365066815e-14 4.1007060963e-14
4.5611572266e+02 6.2357837770e-14 2.1360084071e-14 4.0997753699e-14
4.5617675781e+02 6.2342716856e-14 2.1355223475e-14 4.0987493381e-14
4.5623779297e+02 6.2327781702e-14 2.1350846978e-14 4.0976934724e-14
4.5629882812e+02 6.2314013609e-14 2.1347291726e-14 4.0966721883e-14
4.5635986328e+02 6.2302266551e-14 2.1344825322e-14 4.0957441229e-14
4.5642089844e+02 6.2293155456e-14 2.1343609077e-14 4.0949546379e-14
4.5648193359e+02 6.2286923082e-14 2.1343649389e-14 4.0943273694e-14
4.5654296875e+02 6.2283482171e-14 2.1344809641e-14 4.0938672530e-14
4.5660400391e+02 6.2282390642e-14 2.1346810823e-14 4.0935579819e-14
4.5666503906e+02 6.2282874594e-14 2.1349262367e-14 4.0933612226e-14
4.5672607422e+02 6.2283956075e-14 2.1351710080e-14 4.0932245996e-14
4.5678710938e+02 6.2284594616e-14 2.1353697515e-14 4.0930897101e-14
4.5684814453e+02 6.2283711039e-14 2.1354800613e-14 4.0928910426e-14
4.5690917969e+02 6.2280432801e-14 2.1354712509e-14 4.0925720291e-14
4.5697021484e+02 6.2274120264e-14 2.1353253820e-14 4.0920866443e-14
4.5703125000e+02 6.2264377590e-14 2.1350373661e-14 4.0914003929e-14
4.5709228516e+02 6.2251141182e-14 2.1346170197e-14 4.0904970984e-14
4.5715332031e+02 6.2234593909e-14 2.1340843291e-14 4.0893750619e-14
4.5721435547e+02 6.2215171372e-14 2.1334686377e-14 4.0880484994e-14
4.5727539062e+02 6.2193461879e-14 2.1328031652e-14 4.0865430227e-14
4.5733642578e+02 6.2170121933e-14 2.1321197479e-14 4.0848924455e-14
4.5739746094e+02 6.2145861378e-14 2.1314478491e-14 4.0831382887e-14
4.5745849609e+02 6.2121347943e-14 2.1308099102e-14 4.0813248841e-14
4.5751953125e+02 6.2097230803e-14 2.1302209178e-14 4.0795021625e-14
4.5758056641e+02 6.2074023685e-14 2.1296863712e-14 4.0777159972e-14
4.5764160156e+02 6.2052169558e-14 2.1292046559e-14 4.0760122999e-14
4.5770263672e+02 6.2031999035e-14 2.1287675987e-14 4.0744323048e-14
4.5776367188e+02 6.2013700776e-14 2.1283624193e-14 4.0730076583e-14
4.5782470703e+02 6.1997388693e-14 2.1279752282e-14 4.0717636411e-14
4.5788574219e+02 6.1983050716e-14 2.1275919209e-14 4.0707131507e-14
4.5794677734e+02 6.1970541450e-14 2.1272006435e-14 4.0698535015e-14
4.5800781250e+02 6.1959679228e-14 2.1267950832e-14 4.0691728396e-14
4.5806884766e+02 6.1950263961e-14 2.1263747677e-14 4.0686516284e-14
4.5812988281e+02 6.1942121593e-14 2.1259464754e-14 4.0682656839e-14
4.5819091797e+02 6.1935128831e-14 2.1255229931e-14 4.0679898901e-14
4.5825195312e+02 6.1929282701e-14 2.1251223705e-14 4.0678058997e-14
4.5831298828e+02 6.1924682186e-14 2.1247658652e-14 4.0677023534e-14
4.5837402344e+02 6.1921537803e-14 2.1244761624e-14 4.0676776179e-14
4.5843505859e+02 6.1920106118e-14 2.1242734957e-14 4.0677371161e-14
4.5849609375e+02 6.1920657161e-14 2.1241738510e-14 4.0678918651e-14
4.5855712891e+02 6.1923385780e-14 2.1241864860e-14 4.0681520920e-14
4.5861816406e+02 6.1928309482e-14 2.1243120142e-14 4.0685189340e-14
4.5867919922e+02 6.1935273004e-14 2.1245420994e-14 4.0689852010e-14
4.5874023438e+02 6.1943906753e-14 2.1248601244e-14 4.0695305509e-14
4.5880126953e+02 6.1953600185e-14 2.1252408004e-14 4.0701192182e-14
4.5886230469e+02 6.1963595029e-14 2.1256546910e-14 4.0707048118e-14
4.5892333984e+02 6.1973080211e-14 2.1260709615e-14 4.0712370596e-14
4.5898437500e+02 6.1981227853e-14 2.1264590966e-14 4.0716636887e-14
4.5904541016e+02 6.1987370210e-14 2.1267946066e-14 4.0719424144e-14
4.5910644531e+02 6.1991040149e-14 2.1270599598e-14 4.0720440551e-14
4.5916748047e+02 6.1992032804e-14 2.1272468824e-14 4.0719563981e-14
4.5922851562e+02 6.1990411414e-14 2.1273562427e-14 4.0716848987e-14
4.5928955078e+02 6.1986468695e-14 2.1273981688e-14 4.0712487007e-14
4.5935058594e+02 6.1980666554e-14 2.1273906911e-14 4.0706759643e-14
4.5941162109e+02 6.1973576466e-14 2.1273566281e-14 4.0700010185e-14
4.5947265625e+02 6.1965758780e-14 2.1273208870e-14 4.0692549911e-14
4.5953369141e+02 6.1957674604e-14 2.1273069490e-14 4.0684605113e-14
4.5959472656e+02 6.1949603572e-14 2.1273338617e-14 4.0676264955e-14
4.5965576172e+02 6.1941644682e-14 2.1274146201e-14 4.0667498481e-14
4.5971679688e+02 6.1933683743e-14 2.1275536972e-14 4.0658146771e-14
4.5977783203e+02 6.1925497373e-14 2.1277483432e-14 4.0648013941e-14
4.5983886719e+02 6.1916728647e-14 2.1279854145e-14 4.0636874501e-14
4.5989990234e+02 6.1906984292e-14 2.1282439668e-14 4.0624544624e-14
4.5996093750e+02 6.1895926019e-14 2.1284967203e-14 4.0610958816e-14
4.6002197266e+02 6.1883315396e-14 2.1287114814e-14 4.0596200583e-14
4.6008300781e+02 6.1869076371e-14 2.1288545079e-14 4.0580531291e-14
4.6014404297e+02 6.1853273785e-14 2.1288923282e-14 4.0564350503e-14
4.6020507812e+02 6.1836092833e-14 2.1287949759e-14 4.0548143074e-14
4.6026611328e+02 6.1817886763e-14 2.1285412465e-14 4.0532474298e-14
4.6032714844e+02 6.1799003458e-14 2.1281165321e-14 4.0517838137e-14
4.6038818359e+02 6.1779852080e-14 2.1275191693e-14 4.0504660388e-14
4.6044921875e+02 6.1760852843e-14 2.1267613140e-14 4.0493239703e-14
4.6051025391e+02 6.1742391776e-14 2.1258676851e-14 4.0483714926e-14
4.6057128906e+02 6.1724842077e-14 2.1248744888e-14 4.0476097189e-14
4.6063232422e+02 6.1708610143e-14 2.1238288105e-14 4.0470322037e-14
4.6069335938e+02 6.1694146096e-14 2.1227841568e-14 4.0466304528e-14
4.6075439453e+02 6.1681955018e-14 2.1217960437e-14 4.0463994581e-14
4.6081542969e+02 6.1672613578e-14 2.1209179362e-14 4.0463434216e-14
4.6087646484e+02 6.1666755860e-14 2.1201971569e-14 4.0464784291e-14
4.6093750000e+02 6.1664967024e-14 2.1196699914e-14 4.0468267110e-14
4.6099853516e+02 6.1667761063e-14 2.1193589227e-14 4.0474171836e-14
4.6105957031e+02 6.1675436767e-14 2.1192694008e-14 4.0482742759e-14
4.6112060547e+02 6.1687954934e-14 2.1193888789e-14 4.0494066145e-14
4.6118164062e+02 6.1704871067e-14 2.1196874904e-14 4.0507996163e-14
4.6124267578e+02 6.1725292678e-14 2.1201202034e-14 4.0524090644e-14
4.6130371094e+02 6.1747940839e-14 2.1206315189e-14 4.0541625650e-14
4.6136474609e+02 6.1771218447e-14 2.1211612238e-14 4.0559606210e-14
4.6142578125e+02 6.1793371587e-14 2.1216497328e-14 4.0576874259e-14
4.6148681641e+02 6.1812634881e-14 2.1220431586e-14 4.0592203295e-14
4.6154785156e+02 6.1827492195e-14 2.1223009515e-14 4.0604482680e-14
4.6160888672e+02 6.1836807607e-14 2.1223987791e-14 4.0612819816e-14
4.6166992188e+02 6.1839980269e-14 2.1223302892e-14 4.0616677377e-14
4.6173095703e+02 6.1836992465e-14 2.1221070147e-14 4.0615922318e-14
4.6179199219e+02 6.1828338457e-14 2.1217536831e-14 4.0610801626e-14
4.6185302734e+02 6.1814955533e-14 2.1213045893e-14 4.0601909640e-14
4.6191406250e+02 6.1798102126e-14 2.1207987572e-14 4.0590114554e-14
4.6197509766e+02 6.1779061419e-14 2.1202697926e-14 4.0576363493e-14
4.6203613281e+02 6.1759018514e-14 2.1197437420e-14 4.0561581094e-14
4.6209716797e+02 6.1738904543e-14 2.1192343582e-14 4.0546560960e-14
4.6215820312e+02 6.1719275903e-14 2.1187406328e-14 4.0531869575e-14
4.6221923828e+02 6.1700302264e-14 2.1182490716e-14 4.0517811547e-14
4.6228027344e+02 6.1681806544e-14 2.1177353260e-14 4.0504453284e-14
4.6234130859e+02 6.1663391931e-14 2.1171703965e-14 4.0491687966e-14
4.6240234375e+02 6.1644576362e-14 2.1165252092e-14 4.0479324270e-14
4.6246337891e+02 6.1624929041e-14 2.1157761299e-14 4.0467167741e-14
4.6252441406e+02 6.1604221785e-14 2.1149101926e-14 4.0455119859e-14
4.6258544922e+02 6.1582503532e-14 2.1139275630e-14 4.0443227902e-14
4.6264648438e+02 6.1560163782e-14 2.1128438738e-14 4.0431725045e-14
4.6270751953e+02 6.1537887278e-14 2.1116887951e-14 4.0420999327e-14
4.6276855469e+02 6.1516562697e-14 2.1105034519e-14 4.0411528179e-14
4.6282958984e+02 6.1497162121e-14 2.1093361794e-14 4.0403800326e-14
4.6289062500e+02 6.1480564061e-14 2.1082357213e-14 4.0398206848e-14
4.6295166016e+02 6.1467437936e-14 2.1072481795e-14 4.0394956142e-14
4.6301269531e+02 6.1458131154e-14 2.1064112498e-14 4.0394018656e-14
4.6307373047e+02 6.1452631859e-14 2.1057509310e-14 4.0395122550e-14
4.6313476562e+02 6.1450524698e-14 2.1052790285e-14 4.0397734413e-14
4.6319580078e+02 6.1451108544e-14 2.1049947380e-14 4.0401161164e-14
4.6325683594e+02 6.1453506664e-14 2.1048866108e-14 4.0404640556e-14
4.6331787109e+02 6.1456779420e-14 2.1049339838e-14 4.0407439582e-14
4.6337890625e+02 6.1460066620e-14 2.1051114465e-14 4.0408952155e-14
4.6343994141e+02 6.1462786899e-14 2.1053958211e-14 4.0408828688e-14
4.6350097656e+02 6.1464623203e-14 2.1057643907e-14 4.0406979296e-14
4.6356201172e+02 6.1465579150e-14 2.1061991173e-14 4.0403587977e-14
4.6362304688e+02 6.1465956519e-14 2.1066870490e-14 4.0399086029e-14
4.6368408203e+02 6.1466240402e-14 2.1072197448e-14 4.0394042954e-14
4.6374511719e+02 6.1467015788e-14 2.1077911275e-14 4.0389104513e-14
4.6380615234e+02 6.1468876085e-14 2.1083967141e-14 4.0384908944e-14
4.6386718750e+02 6.1472244535e-14 2.1090294274e-14 4.0381950262e-14
4.6392822266e+02 6.1477348847e-14 2.1096788874e-14 4.0380559973e-14
4.6398925781e+02 6.1484195446e-14 2.1103308425e-14 4.0380887021e-14
4.6405029297e+02 6.1492575368e-14 2.1109675480e-14 4.0382899888e-14
4.6411132812e+02 6.1502069334e-14 2.1115672136e-14 4.0386397198e-14
4.6417236328e+02 6.1512137811e-14 2.1121066208e-14 4.0391071604e-14
4.6423339844e+02 6.1522211722e-14 2.1125623700e-14 4.0396588023e-14
4.6429443359e+02 6.1531771246e-14 2.1129147064e-14 4.0402624181e-14
4.6435546875e+02 6.1540429650e-14 2.1131497898e-14 4.0408931752e-14
4.6441650391e+02 6.1547952093e-14 2.1132607353e-14 4.0415344740e-14
4.6447753906e+02 6.1554273161e-14 2.1132495682e-14 4.0421777479e-14
4.6453857422e+02 6.1559545218e-14 2.1131292118e-14 4.0428253100e-14
4.6459960938e+02 6.1564021673e-14 2.1129210673e-14 4.0434811000e-14
4.6466064453e+02 6.1568016969e-14 2.1126536260e-14 4.0441480709e-14
4.6472167969e+02 6.1571804478e-14 2.1123588876e-14 4.0448215602e-14
4.6478271484e+02 6.1575535932e-14 2.1120693510e-14 4.0454842422e-14
4.6484375000e+02 6.1579156284e-14 2.1118131102e-14 4.0461025182e-14
4.6490478516e+02 6.1582388115e-14 2.1116112208e-14 4.0466275907e-14
4.6496582031e+02 6.1584736904e-14 2.1114746506e-14 4.0469990398e-14
4.6502685547e+02 6.1585498421e-14 2.1114024720e-14 4.0471473701e-14
4.6508789062e+02 6.1583891520e-14 2.1113830553e-14 4.0470060967e-14
4.6514892578e+02 6.1579137673e-14 2.1113952742e-14 4.0465184931e-14
4.6520996094e+02 6.1570641366e-14 2.1114139096e-14 4.0456502269e-14
4.6527099609e+02 6.1558082060e-14 2.1114124724e-14 4.0443957336e-14
4.6533203125e+02 6.1541530342e-14 2.1113677394e-14 4.0427852947e-14
4.6539306641e+02 6.1521470757e-14 2.1112632843e-14 4.0408837914e-14
4.6545410156e+02 6.1498768971e-14 2.1110910191e-14 4.0387858780e-14
4.6551513672e+02 6.1474624429e-14 2.1108528147e-14 4.0366096282e-14
4.6557617188e+02 6.1450391709e-14 2.1105577700e-14 4.0344814009e-14
4.6563720703e+02 6.1427381077e-14 2.1102191266e-14 4.0325189811e-14
4.6569824219e+02 6.1406724963e-14 2.1098520424e-14 4.0308204539e-14
4.6575927734e+02 6.1389212134e-14 2.1094705212e-14 4.0294506922e-14
4.6582031250e+02 6.1375197908e-14 2.1090849397e-14 4.0284348510e-14
4.6588134766e+02 6.1364566632e-14 2.1087010832e-14 4.0277555800e-14
4.6594238281e+02 6.1356800622e-14 2.1083211561e-14 4.0273589062e-14
4.6600341797e+02 6.1351114413e-14 2.1079463468e-14 4.0271650946e-14
4.6606445312e+02 6.1346604410e-14 2.1075773600e-14 4.0270830809e-14
4.6612548828e+02 6.1342362516e-14 2.1072162769e-14 4.0270199747e-14
4.6618652344e+02 6.1337699203e-14 2.1068694114e-14 4.0269005090e-14
4.6624755859e+02 6.1332242237e-14 2.1065472754e-14 4.0266769483e-14
4.6630859375e+02 6.1325987450e-14 2.1062646404e-14 4.0263341046e-14
4.6636962891e+02 6.1319287404e-14 2.1060381758e-14 4.0258905646e-14
4.6643066406e+02 6.1312782375e-14 2.1058850731e-14 4.0253931644e-14
4.6649169922e+02 6.1307299422e-14 2.1058206915e-14 4.0249092507e-14
4.6655273438e+02 6.1303725416e-14 2.1058565799e-14 4.0245159617e-14
4.6661376953e+02 6.1302885452e-14 2.1060005565e-14 4.0242879887e-14
4.6667480469e+02 6.1305461046e-14 2.1062560776e-14 4.0242900269e-14
4.6673583984e+02 6.1311923681e-14 2.1066233096e-14 4.0245690585e-14
4.6679687500e+02 6.1322479981e-14 2.1070984781e-14 4.0251495200e-14
4.6685791016e+02 6.1337096840e-14 2.1076760041e-14 4.0260336799e-14
4.6691894531e+02 6.1355508830e-14 2.1083487007e-14 4.0272021822e-14
4.6697998047e+02 6.1377284104e-14 2.1091077199e-14 4.0286206904e-14
4.6704101562e+02 6.1401826523e-14 2.1099408309e-14 4.0302418214e-14
4.6710205078e+02 6.1428401901e-14 2.1108312263e-14 4.0320089638e-14
4.6716308594e+02 6.1456203050e-14 2.1117566056e-14 4.0338636994e-14
4.6722412109e+02 6.1484348870e-14 2.1126885735e-14 4.0357463135e-14
4.6728515625e+02 6.1511951946e-14 2.1135935821e-14 4.0376016125e-14
4.6734619141e+02 6.1538102775e-14 2.1144329950e-14 4.0393772826e-14
4.6740722656e+02 6.1561912125e-14 2.1151650848e-14 4.0410261277e-14
4.6746826172e+02 6.1582559516e-14 2.1157499815e-14 4.0425059700e-14
4.6752929688e+02 6.1599323805e-14 2.1161516815e-14 4.0437806990e-14
4.6759033203e+02 6.1611650582e-14 2.1163430688e-14 4.0448219894e-14
4.6765136719e+02 6.1619103638e-14 2.1163075284e-14 4.0456028355e-14
4.6771240234e+02 6.1621482703e-14 2.1160425503e-14 4.0461057200e-14
4.6777343750e+02 6.1618747627e-14 2.1155583116e-14 4.0463164511e-14
4.6783447266e+02 6.1611065880e-14 2.1148783785e-14 4.0462282095e-14
4.6789550781e+02 6.1598772680e-14 2.1140363452e-14 4.0458409228e-14
4.6795654297e+02 6.1582333102e-14 2.1130731084e-14 4.0451602018e-14
4.6801757812e+02 6.1562329352e-14 2.1120329687e-14 4.0441999665e-14
4.6807861328e+02 6.1539434629e-14 2.1109597049e-14 4.0429837580e-14
4.6813964844e+02 6.1514439823e-14 2.1098955175e-14 4.0415484649e-14
4.6820068359e+02 6.1488193621e-14 2.1088781183e-14 4.0399412439e-14
4.6826171875e+02 6.1461601219e-14 2.1079384916e-14 4.0382216303e-14
4.6832275391e+02 6.1435565720e-14 2.1070993043e-14 4.0364572677e-14
4.6838378906e+02 6.1410944717e-14 2.1063757383e-14 4.0347187333e-14
4.6844482422e+02 6.1388507731e-14 2.1057749004e-14 4.0330758727e-14
4.6850585938e+02 6.1368893254e-14 2.1052969341e-14 4.0315923913e-14
4.6856689453e+02 6.1352536614e-14 2.1049350366e-14 4.0303186248e-14
4.6862792969e+02 6.1339628404e-14 2.1046764934e-14 4.0292863470e-14
4.6868896484e+02 6.1330138017e-14 2.1045061547e-14 4.0285076471e-14
4.6875000000e+02 6.1323815893e-14 2.1044072665e-14 4.0279743229e-14
4.6881103516e+02 6.1320252417e-14 2.1043633289e-14 4.0276619128e-14
4.6887207031e+02 6.1318912525e-14 2.1043600609e-14 4.0275311917e-14
4.6893310547e+02 6.1319216260e-14 2.1043860912e-14 4.0275355348e-14
4.6899414062e+02 6.1320595370e-14 2.1044338995e-14 4.0276256376e-14
4.6905517578e+02 6.1322560836e-14 2.1044991923e-14 4.0277568913e-14
4.6911621094e+02 6.1324693362e-14 2.1045794102e-14 4.0278899261e-14
4.6917724609e+02 6.1326684430e-14 2.1046740759e-14 4.0279943671e-14
4.6923828125e+02 6.1328345656e-14 2.1047824054e-14 4.0280521602e-14
4.6929931641e+02 6.1329525077e-14 2.1049008927e-14 4.0280516150e-14
4.6936035156e+02 6.1330112735e-14 2.1050240812e-14 4.0279871922e-14
4.6942138672e+02 6.1330068491e-14 2.1051442767e-14 4.0278625724e-14
4.6948242188e+02 6.1329374594e-14 2.1052519764e-14 4.0276854830e-14
4.6954345703e+02 6.1328000852e-14 2.1053361543e-14 4.0274639309e-14
4.6960449219e+02 6.1325930853e-14 2.1053864590e-14 4.0272066264e-14
4.6966552734e+02 6.1323157835e-14 2.1053944332e-14 4.0269213504e-14
4.6972656250e+02 6.1319667434e-14 2.1053543360e-14 4.0266124074e-14
4.6978759766e+02 6.1315416697e-14 2.1052629652e-14 4.0262787044e-14
4.6984863281e+02 6.1310338983e-14 2.1051207289e-14 4.0259131694e-14
4.6990966797e+02 6.1304370114e-14 2.1049315706e-14 4.0255054409e-14
4.6997070312e+02 6.1297387977e-14 2.1047010712e-14 4.0250377265e-14
4.7003173828e+02 6.1289278506e-14 2.1044363554e-14 4.0244914952e-14
4.7009277344e+02 6.1279918754e-14 2.1041453873e-14 4.0238464881e-14
4.7015380859e+02 6.1269226517e-14 2.1038365824e-14 4.0230860693e-14
4.7021484375e+02 6.1257235844e-14 2.1035193732e-14 4.0222042112e-14
4.7027587891e+02 6.1244109195e-14 2.1032048439e-14 4.0212060756e-14
4.7033691406e+02 6.1230219705e-14 2.1029067890e-14 4.0201151815e-14
4.7039794922e+02 6.1216080373e-14 2.1026402530e-14 4.0189677843e-14
4.7045898438e+02 6.1202392015e-14 2.1024230940e-14 4.0178161075e-14
4.7052001953e+02 6.1189985645e-14 2.1022742651e-14 4.0167242995e-14
4.7058105469e+02 6.1179716608e-14 2.1022113978e-14 4.0157602630e-14
4.7064208984e+02 6.1172387344e-14 2.1022493581e-14 4.0149893763e-14
4.7070312500e+02 6.1168592501e-14 2.1023950150e-14 4.0144642351e-14
4.7076416016e+02 6.1168683005e-14 2.1026468388e-14 4.0142214617e-14
4.7082519531e+02 6.1172596783e-14 2.1029902492e-14 4.0142694291e-14
4.7088623047e+02 6.1179925974e-14 2.1033999115e-14 4.0145926859e-14
4.7094726562e+02 6.1189876760e-14 2.1038392953e-14 4.0151483807e-14
4.7100830078e+02 6.1201354637e-14 2.1042643171e-14 4.0158711466e-14
4.7106933594e+02 6.1213069307e-14 2.1046273248e-14 4.0166796059e-14
4.7113037109e+02 6.1223655172e-14 2.1048813473e-14 4.0174841700e-14
4.7119140625e+02 6.1231802680e-14 2.1049859356e-14 4.0181943324e-14
4.7125244141e+02 6.1236410059e-14 2.1049103573e-14 4.0187306486e-14
4.7131347656e+02 6.1236672266e-14 2.1046367405e-14 4.0190304860e-14
4.7137451172e+02 6.1232137641e-14 2.1041616632e-14 4.0190521009e-14
4.7143554688e+02 6.1222742627e-14 2.1034952496e-14 4.0187790131e-14
4.7149658203e+02 6.1208754321e-14 2.1026579689e-14 4.0182174632e-14
4.7155761719e+02 6.1190777254e-14 2.1016803965e-14 4.0173973289e-14
4.7161865234e+02 6.1169632539e-14 2.1005982167e-14 4.0163650371e-14
4.7167968750e+02 6.1146323134e-14 2.0994511043e-14 4.0151812091e-14
4.7174072266e+02 6.1121890421e-14 2.0982784788e-14 4.0139105634e-14
4.7180175781e+02 6.1097377914e-14 2.0971185562e-14 4.0126192351e-14
4.7186279297e+02 6.1073788343e-14 2.0960084449e-14 4.0113703893e-14
4.7192382812e+02 6.1051943600e-14 2.0949806368e-14 4.0102137232e-14
4.7198486328e+02 6.1032529160e-14 2.0940647036e-14 4.0091882124e-14
4.7204589844e+02 6.1016032678e-14 2.0932854879e-14 4.0083177799e-14
4.7210693359e+02 6.1002755328e-14 2.0926632114e-14 4.0076123215e-14
4.7216796875e+02 6.0992794416e-14 2.0922124834e-14 4.0070669581e-14
4.7222900391e+02 6.0986108824e-14 2.0919426681e-14 4.0066682143e-14
4.7229003906e+02 6.0982463700e-14 2.0918545029e-14 4.0063918672e-14
4.7235107422e+02 6.0981520858e-14 2.0919433318e-14 4.0062087540e-14
4.7241210938e+02 6.0982835711e-14 2.0921961709e-14 4.0060874002e-14
4.7247314453e+02 6.0985866056e-14 2.0925914917e-14 4.0059951139e-14
4.7253417969e+02 6.0989997248e-14 2.0931006251e-14 4.0058990997e-14
4.7259521484e+02 6.0994594555e-14 2.0936888739e-14 4.0057705816e-14
4.7265625000e+02 6.0999054321e-14 2.0943177485e-14 4.0055876837e-14
4.7271728516e+02 6.1002816265e-14 2.0949460390e-14 4.0053355875e-14
4.7277832031e+02 6.1005472797e-14 2.0955350409e-14 4.0050122388e-14
4.7283935547e+02 6.1006799321e-14 2.0960504691e-14 4.0046294630e-14
4.7290039062e+02 6.1006774066e-14 2.0964650801e-14 4.0042123265e-14
4.7296142578e+02 6.1005604628e-14 2.0967607640e-14 4.0037996989e-14
4.7302246094e+02 6.1003703002e-14 2.0969300526e-14 4.0034402476e-14
4.7308349609e+02 6.1001628351e-14 2.0969750956e-14 4.0031877395e-14
4.7314453125e+02 6.0999987115e-14 2.0969054138e-14 4.0030932977e-14
4.7320556641e+02 6.0999320410e-14 2.0967357110e-14 4.0031963300e-14
4.7326660156e+02 6.1000010184e-14 2.0964827884e-14 4.0035182299e-14
4.7332763672e+02 6.1002114503e-14 2.0961599570e-14 4.0040514933e-14
4.7338867188e+02 6.1005355298e-14 2.0957761566e-14 4.0047593733e-14
4.7344970703e+02 6.1009104043e-14 2.0953347489e-14 4.0055756555e-14
4.7351074219e+02 6.1012420782e-14 2.0948326271e-14 4.0064094510e-14
4.7357177734e+02 6.1014143734e-14 2.0942620802e-14 4.0071522932e-14
4.7363281250e+02 6.1013046614e-14 2.0936141937e-14 4.0076904677e-14
4.7369384766e+02 6.1008036693e-14 2.0928819254e-14 4.0079217439e-14
4.7375488281e+02 6.0998272884e-14 2.0920630825e-14 4.0077642059e-14
4.7381591797e+02 6.0983364810e-14 2.0911645210e-14 4.0071719600e-14
4.7387695312e+02 6.0963412275e-14 2.0902018684e-14 4.0061393591e-14
4.7393798828e+02 6.0939078632e-14 2.0892013731e-14 4.0047064900e-14
4.7399902344e+02 6.0911489471e-14 2.0881966383e-14 4.0029523088e-14
4.7406005859e+02 6.0882164914e-14 2.0872271030e-14 4.0009893884e-14
4.7412109375e+02 6.0852840242e-14 2.0863339021e-14 3.9989501221e-14
4.7418212891e+02 6.0825293894e-14 2.0855563164e-14 3.9969730730e-14
4.7424316406e+02 6.0801139084e-14 2.0849276457e-14 3.9951862628e-14
4.7430419922e+02 6.0781689820e-14 2.0844721023e-14 3.9936968797e-14
4.7436523438e+02 6.0767807378e-14 2.0842025997e-14 3.9925781381e-14
4.7442626953e+02 6.0759884630e-14 2.0841210626e-14 3.9918674004e-14
4.7448730469e+02 6.0757811232e-14 2.0842172010e-14 3.9915639222e-14
4.7454833984e+02 6.0761088853e-14 2.0844726403e-14 3.9916362450e-14
4.7460937500e+02 6.0768913839e-14 2.0848626924e-14 3.9920286914e-14
4.7467041016e+02 6.0780228069e-14 2.0853566968e-14 3.9926661101e-14
4.7473144531e+02 6.0793912414e-14 2.0859233971e-14 3.9934678443e-14
4.7479248047e+02 6.0808840589e-14 2.0865313373e-14 3.9943527217e-14
4.7485351562e+02 6.0824000069e-14 2.0871526361e-14 3.9952473708e-14
4.7491455078e+02 6.0838510057e-14 2.0877626729e-14 3.9960883328e-14
4.7497558594e+02 6.0851634841e-14 2.0883407374e-14 3.9968227468e-14
4.7503662109e+02 6.0862913037e-14 2.0888739877e-14 3.9974173161e-14
4.7509765625e+02 6.0872105657e-14 2.0893562569e-14 3.9978543088e-14
4.7515869141e+02 6.0879220357e-14 2.0897890968e-14 3.9981329390e-14
4.7521972656e+02 6.0884559430e-14 2.0901825457e-14 3.9982733973e-14
4.7528076172e+02 6.0888711781e-14 2.0905554644e-14 3.9983157137e-14
4.7534179688e+02 6.0892486756e-14 2.0909315856e-14 3.9983170900e-14
4.7540283203e+02 6.0896928626e-14 2.0913404661e-14 3.9983523965e-14
4.7546386719e+02 6.0903129807e-14 2.0918101703e-14 3.9985028104e-14
4.7552490234e+02 6.0912153501e-14 2.0923654276e-14 3.9988499225e-14
4.7558593750e+02 6.0924882553e-14 2.0930224572e-14 3.9994657981e-14
4.7564697266e+02 6.0941809868e-14 2.0937825286e-14 4.0003984582e-14
4.7570800781e+02 6.0962988119e-14 2.0946317841e-14 4.0016670277e-14
4.7576904297e+02 6.0987939234e-14 2.0955403354e-14 4.0032535880e-14
4.7583007812e+02 6.1015650724e-14 2.0964632155e-14 4.0051018570e-14
4.7589111328e+02 6.1044640642e-14 2.0973447141e-14 4.0071193501e-14
4.7595214844e+02 6.1073134500e-14 2.0981249747e-14 4.0091884753e-14
4.7601318359e+02 6.1099225386e-14 2.0987469600e-14 4.0111755786e-14
4.7607421875e+02 6.1121097183e-14 2.0991619502e-14 4.0129477681e-14
4.7613525391e+02 6.1137230127e-14 2.0993362472e-14 4.0143867654e-14
4.7619628906e+02 6.1146544772e-14 2.0992546237e-14 4.0153998536e-14
4.7625732422e+02 6.1148501800e-14 2.0989206211e-14 4.0159295589e-14
4.7631835938e+02 6.1143159371e-14 2.0983568268e-14 4.0159591103e-14
4.7637939453e+02 6.1131071396e-14 2.0975993768e-14 4.0155077628e-14
4.7644042969e+02 6.1113275835e-14 2.0966962720e-14 4.0146313115e-14
4.7650146484e+02 6.1091124928e-14 2.0957002499e-14 4.0134122429e-14
4.7656250000e+02 6.1066112775e-14 2.0946629636e-14 4.0119483138e-14
4.7662353516e+02 6.1039769761e-14 2.0936325645e-14 4.0103444116e-14
4.7668457031e+02 6.1013555386e-14 2.0926500395e-14 4.0087054991e-14
4.7674560547e+02 6.0988705103e-14 2.0917457511e-14 4.0071247592e-14
4.7680664062e+02 6.0966211202e-14 2.0909413900e-14 4.0056797302e-14
4.7686767578e+02 6.0946787713e-14 2.0902489876e-14 4.0044297837e-14
4.7692871094e+02 6.0930857383e-14 2.0896722672e-14 4.0034134711e-14
4.7698974609e+02 6.0918548487e-14 2.0892087180e-14 4.0026461307e-14
4.7705078125e+02 6.0909752757e-14 2.0888511261e-14 4.0021241496e-14
4.7711181641e+02 6.0904157689e-14 2.0885900892e-14 4.0018256797e-14
4.7717285156e+02 6.0901297439e-14 2.0884148595e-14 4.0017148844e-14
4.7723388672e+02 6.0900597724e-14 2.0883144719e-14 4.0017453005e-14
4.7729492188e+02 6.0901445102e-14 2.0882789434e-14 4.0018655668e-14
4.7735595703e+02 6.0903225256e-14 2.0882988296e-14 4.0020236961e-14
4.7741699219e+02 6.0905395267e-14 2.0883659321e-14 4.0021735946e-14
4.7747802734e+02 6.0907495930e-14 2.0884721847e-14 4.0022774082e-14
4.7753906250e+02 6.0909169868e-14 2.0886093024e-14 4.0023076844e-14
4.7760009766e+02 6.0910183985e-14 2.0887684605e-14 4.0022499381e-14
4.7766113281e+02 6.0910369055e-14 2.0889389374e-14 4.0020979681e-14
4.7772216797e+02 6.0909607620e-14 2.0891079104e-14 4.0018528517e-14
4.7778320312e+02 6.0907832872e-14 2.0892621176e-14 4.0015211696e-14
4.7784423828e+02 6.0904930331e-14 2.0893868987e-14 4.0011061343e-14
4.7790527344e+02 6.0900755934e-14 2.0894672912e-14 4.0006083022e-14
4.7796630859e+02 6.0895128164e-14 2.0894900018e-14 4.0000228146e-14
4.7802734375e+02 6.0887848128e-14 2.0894446025e-14 3.9993402103e-14
4.7808837891e+02 6.0878709365e-14 2.0893237108e-14 3.9985472257e-14
4.7814941406e+02 6.0867563411e-14 2.0891245552e-14 3.9976317859e-14
4.7821044922e+02 6.0854355802e-14 2.0888488740e-14 3.9965867062e-14
4.7827148438e+02 6.0839188507e-14 2.0885043588e-14 3.9954144918e-14
4.7833251953e+02 6.0822281142e-14 2.0881015364e-14 3.9941265779e-14
4.7839355469e+02 6.0803966595e-14 2.0876524537e-14 3.9927442057e-14
4.7845458984e+02 6.0784683876e-14 2.0871711527e-14 3.9912972350e-14
4.7851562500e+02 6.0764873172e-14 2.0866689139e-14 3.9898184033e-14
4.7857666016e+02 6.0744961139e-14 2.0861556241e-14 3.9883404898e-14
4.7863769531e+02 6.0725279569e-14 2.0856382206e-14 3.9868897363e-14
4.7869873047e+02 6.0706039932e-14 2.0851204885e-14 3.9854835047e-14
4.7875976562e+02 6.0687387252e-14 2.0846064839e-14 3.9841322413e-14
4.7882080078e+02 6.0669347208e-14 2.0840984911e-14 3.9828362297e-14
4.7888183594e+02 6.0651904615e-14 2.0836011911e-14 3.9815892704e-14
4.7894287109e+02 6.0635080600e-14 2.0831221242e-14 3.9803859358e-14
4.7900390625e+02 6.0618981354e-14 2.0826726890e-14 3.9792254465e-14
4.7906494141e+02 6.0603834584e-14 2.0822685257e-14 3.9781149327e-14
4.7912597656e+02 6.0590051270e-14 2.0819292406e-14 3.9770758864e-14
4.7918701172e+02 6.0578171788e-14 2.0816762127e-14 3.9761409661e-14
4.7924804688e+02 6.0568887439e-14 2.0815322206e-14 3.9753565234e-14
4.7930908203e+02 6.0562977859e-14 2.0815186252e-14 3.9747791607e-14
4.7937011719e+02 6.0561242145e-14 2.0816545783e-14 3.9744696362e-14
4.7943115234e+02 6.0564415071e-14 2.0819535536e-14 3.9744879534e-14
4.7949218750e+02 6.0573104135e-14 2.0824232890e-14 3.9748871245e-14
4.7955322266e+02 6.0587669946e-14 2.0830633410e-14 3.9757036536e-14
4.7961425781e+02 6.0608185190e-14 2.0838645406e-14 3.9769539783e-14
4.7967529297e+02 6.0634413072e-14 2.0848090339e-14 3.9786322734e-14
4.7973632812e+02 6.0665742593e-14 2.0858678773e-14 3.9807063820e-14
4.7979736328e+02 6.0701154331e-14 2.0870013555e-14 3.9831140776e-14
4.7985839844e+02 6.0739335060e-14 2.0881613665e-14 3.9857721396e-14
4.7991943359e+02 6.0778710187e-14 2.0892925634e-14 3.9885784553e-14
4.7998046875e+02 6.0817538458e-14 2.0903359781e-14 3.9914178677e-14
4.8004150391e+02 6.0854043566e-14 2.0912324849e-14 3.9941718717e-14
4.8010253906e+02 6.0886592678e-14 2.0919290727e-14 3.9967301952e-14
4.8016357422e+02 6.0913809072e-14 2.0923844629e-14 3.9989964443e-14
4.8022460938e+02 6.0934671994e-14 2.0925717370e-14 4.0008954624e-14
4.8028564453e+02 6.0948673648e-14 2.0924841415e-14 4.0023832234e-14
4.8034667969e+02 6.0955835762e-14 2.0921359124e-14 4.0034476638e-14
4.8040771484e+02 6.0956696415e-14 2.0915611672e-14 4.0041084742e-14
4.8046875000e+02 6.0952241128e-14 2.0908114483e-14 4.0044126645e-14
4.8052978516e+02 6.0943745891e-14 2.0899483787e-14 4.0044262104e-14
4.8059082031e+02 6.0932703074e-14 2.0890399315e-14 4.0042303759e-14
4.8065185547e+02 6.0920571954e-14 2.0881504686e-14 4.0039067268e-14
4.8071289062e+02 6.0908614885e-14 2.0873340528e-14 4.0035274357e-14
4.8077392578e+02 6.0897742074e-14 2.0866285360e-14 4.0031456713e-14
4.8083496094e+02 6.0888441709e-14 2.0860535299e-14 4.0027906410e-14
4.8089599609e+02 6.0880728263e-14 2.0856087880e-14 4.0024640383e-14
4.8095703125e+02 6.0874196108e-14 2.0852769707e-14 4.0021426401e-14
4.8101806641e+02 6.0868094642e-14 2.0850279546e-14 4.0017815096e-14
4.8107910156e+02 6.0861464686e-14 2.0848237386e-14 4.0013227300e-14
4.8114013672e+02 6.0853348328e-14 2.0846272854e-14 4.0007075475e-14
4.8120117188e+02 6.0842910398e-14 2.0844061940e-14 3.9998848458e-14
4.8126220703e+02 6.0829577768e-14 2.0841375073e-14 3.9988202694e-14
4.8132324219e+02 6.0813135255e-14 2.0838101425e-14 3.9975033829e-14
4.8138427734e+02 6.0793768662e-14 2.0834252905e-14 3.9959515757e-14
4.8144531250e+02 6.0772018876e-14 2.0829940707e-14 3.9942078169e-14
4.8150634766e+02 6.0748707735e-14 2.0825347243e-14 3.9923360492e-14
4.8156738281e+02 6.0724864534e-14 2.0820693286e-14 3.9904171248e-14
4.8162841797e+02 6.0701578437e-14 2.0816199221e-14 3.9885379215e-14
4.8168945312e+02 6.0679893568e-14 2.0812048839e-14 3.9867844729e-14
4.8175048828e+02 6.0660734150e-14 2.0808376060e-14 3.9852358089e-14
4.8181152344e+02 6.0644837044e-14 2.0805270608e-14 3.9839566435e-14
4.8187255859e+02 6.0632725860e-14 2.0802776241e-14 3.9829949619e-14
4.8193359375e+02 6.0624748209e-14 2.0800919769e-14 3.9823828439e-14
4.8199462891e+02 6.0621102651e-14 2.0799719604e-14 3.9821383047e-14
4.8205566406e+02 6.0621842679e-14 2.0799218832e-14 3.9822623848e-14
4.8211669922e+02 6.0626952430e-14 2.0799492990e-14 3.9827459439e-14
4.8217773438e+02 6.0636362886e-14 2.0800656581e-14 3.9835706304e-14
4.8223876953e+02 6.0649937167e-14 2.0802836816e-14 3.9847100351e-14
4.8229980469e+02 6.0667463521e-14 2.0806170713e-14 3.9861292807e-14
4.8236083984e+02 6.0688644747e-14 2.0810759683e-14 3.9877885064e-14
4.8242187500e+02 6.0713059905e-14 2.0816644352e-14 3.9896415553e-14
4.8248291016e+02 6.0740135959e-14 2.0823767688e-14 3.9916368271e-14
4.8254394531e+02 6.0769123906e-14 2.0831950663e-14 3.9937173243e-14
4.8260498047e+02 6.0799128414e-14 2.0840896567e-14 3.9958231847e-14
4.8266601562e+02 6.0829136415e-14 2.0850188060e-14 3.9978948355e-14
4.8272705078e+02 6.0858057794e-14 2.0859316057e-14 3.9998741737e-14
4.8278808594e+02 6.0884777782e-14 2.0867728310e-14 4.0017049472e-14
4.8284912109e+02 6.0908277102e-14 2.0874885275e-14 4.0033391826e-14
4.8291015625e+02 6.0927759201e-14 2.0880332570e-14 4.0047426632e-14
4.8297119141e+02 6.0942657413e-14 2.0883731153e-14 4.0058926260e-14
4.8303222656e+02 6.0952761372e-14 2.0884919034e-14 4.0067842338e-14
4.8309326172e+02 6.0958261558e-14 2.0883935164e-14 4.0074326394e-14
4.8315429688e+02 6.0959695819e-14 2.0881009612e-14 4.0078686207e-14
4.8321533203e+02 6.0957947647e-14 2.0876553198e-14 4.0081394449e-14
4.8327636719e+02 6.0954150372e-14 2.0871107708e-14 4.0083042664e-14
4.8333740234e+02 6.0949566898e-14 2.0865284244e-14 4.0084282654e-14
4.8339843750e+02 6.0945420726e-14 2.0859703669e-14 4.0085717058e-14
4.8345947266e+02 6.0942789635e-14 2.0854923299e-14 4.0087866336e-14
4.8352050781e+02 6.0942466876e-14 2.0851380556e-14 4.0091086321e-14
4.8358154297e+02 6.0944885250e-14 2.0849358308e-14 4.0095526942e-14
4.8364257812e+02 6.0950068445e-14 2.0848960952e-14 4.0101107493e-14
4.8370361328e+02 6.0957626747e-14 2.0850111139e-14 4.0107515608e-14
4.8376464844e+02 6.0966827804e-14 2.0852578599e-14 4.0114249205e-14
4.8382568359e+02 6.0976706880e-14 2.0856030927e-14 4.0120675953e-14
4.8388671875e+02 6.0986195049e-14 2.0860075002e-14 4.0126120047e-14
4.8394775391e+02 6.0994202006e-14 2.0864298708e-14 4.0129903298e-14
4.8400878906e+02 6.0999755343e-14 2.0868329323e-14 4.0131426021e-14
4.8406982422e+02 6.1002093955e-14 2.0871863914e-14 4.0130230041e-14
4.8413085938e+02 6.1000710751e-14 2.0874686649e-14 4.0126024102e-14
4.8419189453e+02 6.0995383191e-14 2.0876666028e-14 4.0118717163e-14
4.8425292969e+02 6.0986122802e-14 2.0877738300e-14 4.0108384502e-14
4.8431396484e+02 6.0973178277e-14 2.0877893979e-14 4.0095284298e-14
4.8437500000e+02 6.0956922874e-14 2.0877138357e-14 4.0079784517e-14
4.8443603516e+02 6.0937829688e-14 2.0875483071e-14 4.0062346616e-14
4.8449707031e+02 6.0916359786e-14 2.0872920804e-14 4.0043438982e-14
4.8455810547e+02 6.0892961846e-14 2.0869429026e-14 4.0023532820e-14
4.8461914062e+02 6.0868061451e-14 2.0864990613e-14 4.0003070838e-14
4.8468017578e+02 6.0841989810e-14 2.0859593094e-14 3.9982396716e-14
4.8474121094e+02 6.0815059155e-14 2.0853260577e-14 3.9961798578e-14
4.8480224609e+02 6.0787571264e-14 2.0846079684e-14 3.9941491579e-14
4.8486328125e+02 6.0759813593e-14 2.0838200755e-14 3.9921612839e-14
4.8492431641e+02 6.0732127387e-14 2.0829851066e-14 3.9902276322e-14
4.8498535156e+02 6.0704875226e-14 2.0821323338e-14 3.9883551888e-14
4.8504638672e+02 6.0678477114e-14 2.0812964863e-14 3.9865512251e-14
4.8510742188e+02 6.0653382219e-14 2.0805148703e-14 3.9848233516e-14
4.8516845703e+02 6.0630070033e-14 2.0798252977e-14 3.9831817056e-14
4.8522949219e+02 6.0609011610e-14 2.0792633186e-14 3.9816378424e-14
4.8529052734e+02 6.0590656177e-14 2.0788595637e-14 3.9802060540e-14
4.8535156250e+02 6.0575438912e-14 2.0786388372e-14 3.9789050541e-14
4.8541259766e+02 6.0563768793e-14 2.0786177048e-14 3.9777591745e-14
4.8547363281e+02 6.0555953838e-14 2.0788025459e-14 3.9767928379e-14
4.8553466797e+02 6.0552243334e-14 2.0791900835e-14 3.9760342500e-14
4.8559570312e+02 6.0552769708e-14 2.0797656803e-14 3.9755112905e-14
4.8565673828e+02 6.0557532190e-14 2.0805033998e-14 3.9752498193e-14
4.8571777344e+02 6.0566362092e-14 2.0813670989e-14 3.9752691103e-14
4.8577880859e+02 6.0578922613e-14 2.0823124814e-14 3.9755797800e-14
4.8583984375e+02 6.0594688160e-14 2.0832897370e-14 3.9761790790e-14
4.8590087891e+02 6.0612977861e-14 2.0842459159e-14 3.9770518701e-14
4.8596191406e+02 6.0632963436e-14 2.0851301551e-14 3.9781661885e-14
4.8602294922e+02 6.0653687998e-14 2.0858954625e-14 3.9794733373e-14
4.8608398438e+02 6.0674191576e-14 2.0865047618e-14 3.9809143958e-14
4.8614501953e+02 6.0693488481e-14 2.0869307174e-14 3.9824181306e-14
4.8620605469e+02 6.0710664548e-14 2.0871582515e-14 3.9839082034e-14
4.8626708984e+02 6.0724919394e-14 2.0871841120e-14 3.9853078274e-14
4.8632812500e+02 6.0735593177e-14 2.0870152514e-14 3.9865440663e-14
4.8638916016e+02 6.0742211004e-14 2.0866673767e-14 3.9875537238e-14
4.8645019531e+02 6.0744482676e-14 2.0861626303e-14 3.9882856374e-14
4.8651123047e+02 6.0742313325e-14 2.0855268645e-14 3.9887044680e-14
4.8657226562e+02 6.0735769371e-14 2.0847871553e-14 3.9887897818e-14
4.8663330078e+02 6.0725038872e-14 2.0839700253e-14 3.9885338619e-14
4.8669433594e+02 6.0710428408e-14 2.0831006683e-14 3.9879421725e-14
4.8675537109e+02 6.0692366035e-14 2.0822028847e-14 3.9870337187e-14
4.8681640625e+02 6.0671303664e-14 2.0812966304e-14 3.9858337360e-14
4.8687744141e+02 6.0647827870e-14 2.0804012613e-14 3.9843815257e-14
4.8693847656e+02 6.0622609604e-14 2.0795346946e-14 3.9827262657e-14
4.8699951172e+02 6.0596410377e-14 2.0787137739e-14 3.9809272638e-14
4.8706054688e+02 6.0570113225e-14 2.0779542979e-14 3.9790570246e-14
4.8712158203e+02 6.0544712600e-14 2.0772713480e-14 3.9771999120e-14
4.8718261719e+02 6.0521271555e-14 2.0766783953e-14 3.9754487602e-14
4.8724365234e+02 6.0500857026e-14 2.0761862058e-14 3.9738994968e-14
4.8730468750e+02 6.0484440761e-14 2.0758018145e-14 3.9726422615e-14
4.8736572266e+02 6.0472800859e-14 2.0755267143e-14 3.9717533716e-14
4.8742675781e+02 6.0466409087e-14 2.0753569929e-14 3.9712839158e-14
4.8748779297e+02 6.0465362488e-14 2.0752822935e-14 3.9712539553e-14
4.8754882812e+02 6.0469344488e-14 2.0752867963e-14 3.9716476525e-14
4.8760986328e+02 6.0477625413e-14 2.0753505768e-14 3.9724119645e-14
4.8767089844e+02 6.0489116759e-14 2.0754515763e-14 3.9734600996e-14
4.8773193359e+02 6.0502493164e-14 2.0755674404e-14 3.9746818760e-14
4.8779296875e+02 6.0516347612e-14 2.0756787495e-14 3.9759560117e-14
4.8785400391e+02 6.0529359738e-14 2.0757725793e-14 3.9771633945e-14
4.8791503906e+02 6.0540417935e-14 2.0758418353e-14 3.9781999582e-14
4.8797607422e+02 6.0548802941e-14 2.0758889701e-14 3.9789913240e-14
4.8803710938e+02 6.0554205800e-14 2.0759233021e-14 3.9794972779e-14
4.8809814453e+02 6.0556788106e-14 2.0759613664e-14 3.9797174442e-14
4.8815917969e+02 6.0557096295e-14 2.0760240997e-14 3.9796855298e-14
4.8822021484e+02 6.0555946592e-14 2.0761324994e-14 3.9794621599e-14
4.8828125000e+02 6.0554319515e-14 2.0763053324e-14 3.9791266191e-14
4.8834228516e+02 6.0553213595e-14 2.0765570177e-14 3.9787643418e-14
4.8840332031e+02 6.0553440044e-14 2.0768928537e-14 3.9784511507e-14
4.8846435547e+02 6.0555507743e-14 2.0773082161e-14 3.9782425582e-14
4.8852539062e+02 6.0559567616e-14 2.0777886652e-14 3.9781680964e-14
4.8858642578e+02 6.0565412383e-14 2.0783108807e-14 3.9782303576e-14
4.8864746094e+02 6.0572503050e-14 2.0788456622e-14 3.9784046428e-14
4.8870849609e+02 6.0580062600e-14 2.0793615451e-14 3.9786447149e-14
4.8876953125e+02 6.0587225736e-14 2.0798279866e-14 3.9788945871e-14
4.8883056641e+02 6.0593176538e-14 2.0802192407e-14 3.9790984132e-14
4.8889160156e+02 6.0597253660e-14 2.0805176608e-14 3.9792077053e-14
4.8895263672e+02 6.0599060821e-14 2.0807143257e-14 3.9791917564e-14
4.8901367188e+02 6.0598527432e-14 2.0808105983e-14 3.9790421448e-14
4.8907470703e+02 6.0595919224e-14 2.0808170333e-14 3.9787748890e-14
4.8913574219e+02 6.0591772351e-14 2.0807512448e-14 3.9784259903e-14
4.8919677734e+02 6.0586808008e-14 2.0806355774e-14 3.9780452235e-14
4.8925781250e+02 6.0581859405e-14 2.0804942344e-14 3.9776917062e-14
4.8931884766e+02 6.0577724714e-14 2.0803503659e-14 3.9774221055e-14
4.8937988281e+02 6.0575095995e-14 2.0802248286e-14 3.9772847709e-14
4.8944091797e+02 6.0574428036e-14 2.0801329903e-14 3.9773098133e-14
4.8950195312e+02 6.0575915933e-14 2.0800849761e-14 3.9775066173e-14
4.8956298828e+02 6.0579507863e-14 2.0800864715e-14 3.9778643148e-14
4.8962402344e+02 6.0584870363e-14 2.0801361989e-14 3.9783508374e-14
4.8968505859e+02 6.0591488859e-14 2.0802293728e-14 3.9789195131e-14
4.8974609375e+02 6.0598791612e-14 2.0803595343e-14 3.9795196269e-14
4.8980712891e+02 6.0606176745e-14 2.0805167299e-14 3.9801009446e-14
4.8986816406e+02 6.0613110796e-14 2.0806909705e-14 3.9806201091e-14
4.8992919922e+02 6.0619286107e-14 2.0808746950e-14 3.9810539157e-14
4.8999023438e+02 6.0624556699e-14 2.0810604146e-14 3.9813952553e-14
4.9005126953e+02 6.0628952404e-14 2.0812410062e-14 3.9816542342e-14
4.9011230469e+02 6.0632664716e-14 2.0814106863e-14 3.9818557853e-14
4.9017333984e+02 6.0635947737e-14 2.0815642865e-14 3.9820304873e-14
4.9023437500e+02 6.0639002831e-14 2.0816934453e-14 3.9822068378e-14
4.9029541016e+02 6.0641898101e-14 2.0817873082e-14 3.9824025018e-14
4.9035644531e+02 6.0644514223e-14 2.0818324513e-14 3.9826189710e-14
4.9041748047e+02 6.0646493019e-14 2.0818123948e-14 3.9828369071e-14
4.9047851562e+02 6.0647286177e-14 2.0817097881e-14 3.9830188296e-14
4.9053955078e+02 6.0646229827e-14 2.0815090662e-14 3.9831139165e-14
4.9060058594e+02 6.0642571114e-14 2.0811968127e-14 3.9830602987e-14
4.9066162109e+02 6.0635653466e-14 2.0807666336e-14 3.9827987130e-14
4.9072265625e+02 6.0625007705e-14 2.0802208051e-14 3.9822799654e-14
4.9078369141e+02 6.0610410853e-14 2.0795706932e-14 3.9814703921e-14
4.9084472656e+02 6.0591954479e-14 2.0788373365e-14 3.9803581114e-14
4.9090576172e+02 6.0570049470e-14 2.0780500981e-14 3.9789548489e-14
4.9096679688e+02 6.0545383303e-14 2.0772438334e-14 3.9772944969e-14
4.9102783203e+02 6.0518844473e-14 2.0764560768e-14 3.9754283704e-14
4.9108886719e+02 6.0491414247e-14 2.0757221174e-14 3.9734193073e-14
4.9114990234e+02 6.0464065400e-14 2.0750722596e-14 3.9713342804e-14
4.9121093750e+02 6.0437693405e-14 2.0745285663e-14 3.9692407742e-14
4.9127197266e+02 6.0413036365e-14 2.0741023385e-14 3.9672012980e-14
4.9133300781e+02 6.0390643393e-14 2.0737945630e-14 3.9652697763e-14
4.9139404297e+02 6.0370884925e-14 2.0735954184e-14 3.9634930741e-14
4.9145507812e+02 6.0353925114e-14 2.0734849694e-14 3.9619075421e-14
4.9151611328e+02 6.0339862618e-14 2.0734391356e-14 3.9605471262e-14
4.9157714844e+02 6.0328724677e-14 2.0734309394e-14 3.9594415283e-14
4.9163818359e+02 6.0320515812e-14 2.0734334882e-14 3.9586180930e-14
4.9169921875e+02 6.0315272186e-14 2.0734248892e-14 3.9581023294e-14
4.9176025391e+02 6.0313067582e-14 2.0733899203e-14 3.9579168379e-14
4.9182128906e+02 6.0314009525e-14 2.0733212186e-14 3.9580797339e-14
4.9188232422e+02 6.0318174972e-14 2.0732192492e-14 3.9585982480e-14
4.9194335938e+02 6.0325609081e-14 2.0730919047e-14 3.9594690034e-14
4.9200439453e+02 6.0336250271e-14 2.0729516750e-14 3.9606733521e-14
4.9206542969e+02 6.0349886381e-14 2.0728123269e-14 3.9621763113e-14
4.9212646484e+02 6.0366140115e-14 2.0726866293e-14 3.9639273822e-14
4.9218750000e+02 6.0384451266e-14 2.0725822702e-14 3.9658628563e-14
4.9224853516e+02 6.0404103813e-14 2.0725007382e-14 3.9679096431e-14
4.9230957031e+02 6.0424262206e-14 2.0724361255e-14 3.9699900952e-14
4.9237060547e+02 6.0444047889e-14 2.0723760560e-14 3.9720287328e-14
4.9243164062e+02 6.0462594995e-14 2.0723031242e-14 3.9739563754e-14
4.9249267578e+02 6.0479070238e-14 2.0721957491e-14 3.9757112747e-14
4.9255371094e+02 6.0492773135e-14 2.0720321396e-14 3.9772451739e-14
4.9261474609e+02 6.0503142421e-14 2.0717926334e-14 3.9785216087e-14
4.9267578125e+02 6.0509746852e-14 2.0714604659e-14 3.9795142192e-14
4.9273681641e+02 6.0512317731e-14 2.0710250310e-14 3.9802067421e-14
4.9279785156e+02 6.0510777769e-14 2.0704832411e-14 3.9805945358e-14
4.9285888672e+02 6.0505131059e-14 2.0698369475e-14 3.9806761584e-14
4.9291992188e+02 6.0495528593e-14 2.0690959411e-14 3.9804569182e-14
4.9298095703e+02 6.0482249589e-14 2.0682764983e-14 3.9799484606e-14
4.9304199219e+02 6.0465639868e-14 2.0673987477e-14 3.9791652391e-14
4.9310302734e+02 6.0446168387e-14 2.0664872592e-14 3.9781295795e-14
4.9316406250e+02 6.0424398207e-14 2.0655696744e-14 3.9768701464e-14
4.9322509766e+02 6.0400976154e-14 2.0646748490e-14 3.9754227663e-14
4.9328613281e+02 6.0376622438e-14 2.0638310820e-14 3.9738311618e-14
4.9334716797e+02 6.0352168874e-14 2.0630681107e-14 3.9721487767e-14
4.9340820312e+02 6.0328507361e-14 2.0624138748e-14 3.9704368612e-14
4.9346923828e+02 6.0306603999e-14 2.0618950213e-14 3.9687653786e-14
4.9353027344e+02 6.0287490295e-14 2.0615369429e-14 3.9672120866e-14
4.9359130859e+02 6.0272192858e-14 2.0613627756e-14 3.9658565102e-14
4.9365234375e+02 6.0261668786e-14 2.0613917273e-14 3.9647751513e-14
4.9371337891e+02 6.0256799046e-14 2.0616395743e-14 3.9640403303e-14
4.9377441406e+02 6.0258201169e-14 2.0621133041e-14 3.9637068128e-14
4.9383544922e+02 6.0266187785e-14 2.0628100430e-14 3.9638087354e-14
4.9389648438e+02 6.0280683887e-14 2.0637157566e-14 3.9643526321e-14
4.9395751953e+02 6.0301116514e-14 2.0648014798e-14 3.9653101716e-14
4.9401855469e+02 6.0326446333e-14 2.0660243183e-14 3.9666203150e-14
4.9407958984e+02 6.0355187980e-14 2.0673284566e-14 3.9681903414e-14
4.9414062500e+02 6.0385494248e-14 2.0686477467e-14 3.9699016780e-14
4.9420166016e+02 6.0415327741e-14 2.0699115956e-14 3.9716211785e-14
4.9426269531e+02 6.0442644768e-14 2.0710498750e-14 3.9732146018e-14
4.9432373047e+02 6.0465581724e-14 2.0719999982e-14 3.9745581741e-14
4.9438476562e+02 6.0482631874e-14 2.0727118271e-14 3.9755513604e-14
4.9444580078e+02 6.0492816447e-14 2.0731528987e-14 3.9761287460e-14
4.9450683594e+02 6.0495710564e-14 2.0733107894e-14 3.9762602670e-14
4.9456787109e+02 6.0491509721e-14 2.0731943465e-14 3.9759566256e-14
4.9462890625e+02 6.0480962068e-14 2.0728323901e-14 3.9752638167e-14
4.9468994141e+02 6.0465276630e-14 2.0722710974e-14 3.9742565656e-14
4.9475097656e+02 6.0445987709e-14 2.0715698159e-14 3.9730289550e-14
4.9481201172e+02 6.0424804431e-14 2.0707953707e-14 3.9716850723e-14
4.9487304688e+02 6.0403456108e-14 2.0700179391e-14 3.9703276717e-14
4.9493408203e+02 6.0383570053e-14 2.0693061562e-14 3.9690508491e-14
4.9499511719e+02 6.0366535786e-14 2.0687220753e-14 3.9679315033e-14
4.9505615234e+02 6.0353416789e-14 2.0683167046e-14 3.9670249744e-14
4.9511718750e+02 6.0344860847e-14 2.0681262974e-14 3.9663597873e-14
4.9517822266e+02 6.0341083327e-14 2.0681709780e-14 3.9659373547e-14
4.9523925781e+02 6.0341837514e-14 2.0684513957e-14 3.9657323557e-14
4.9530029297e+02 6.0346430289e-14 2.0689493659e-14 3.9656936630e-14
4.9536132812e+02 6.0353794675e-14 2.0696289397e-14 3.9657505278e-14
4.9542236328e+02 6.0362572719e-14 2.0704389753e-14 3.9658182967e-14
4.9548339844e+02 6.0371258297e-14 2.0713186761e-14 3.9658071536e-14
4.9554443359e+02 6.0378319366e-14 2.0722018727e-14 3.9656300639e-14
4.9560546875e+02 6.0382392913e-14 2.0730242986e-14 3.9652149927e-14
4.9566650391e+02 6.0382403979e-14 2.0737290045e-14 3.9645113934e-14
4.9572753906e+02 6.0377709342e-14 2.0742721440e-14 3.9634987901e-14
4.9578857422e+02 6.0368163911e-14 2.0746269318e-14 3.9621894593e-14
4.9584960938e+02 6.0354178431e-14 2.0747854181e-14 3.9606324250e-14
4.9591064453e+02 6.0336620627e-14 2.0747565680e-14 3.9589054947e-14
4.9597167969e+02 6.0316848425e-14 2.0745664669e-14 3.9571183756e-14
4.9603271484e+02 6.0296547207e-14 2.0742542553e-14 3.9554004654e-14
4.9609375000e+02 6.0277552352e-14 2.0738654120e-14 3.9538898232e-14
4.9615478516e+02 6.0261760080e-14 2.0734505689e-14 3.9527254391e-14
4.9621582031e+02 6.0250894280e-14 2.0730587454e-14 3.9520306825e-14
4.9627685547e+02 6.0246379262e-14 2.0727332499e-14 3.9519046763e-14
4.9633789062e+02 6.0249176206e-14 2.0725083445e-14 3.9524092760e-14
4.9639892578e+02 6.0259693828e-14 2.0724077247e-14 3.9535616581e-14
4.9645996094e+02 6.0277698357e-14 2.0724423863e-14 3.9553274494e-14
4.9652099609e+02 6.0302358297e-14 2.0726113016e-14 3.9576245281e-14
4.9658203125e+02 6.0332256185e-14 2.0729009862e-14 3.9603246324e-14
4.9664306641e+02 6.0365549895e-14 2.0732895551e-14 3.9632654344e-14
4.9670410156e+02 6.0400140877e-14 2.0737474797e-14 3.9662666080e-14
4.9676513672e+02 6.0433846501e-14 2.0742398355e-14 3.9691448145e-14
4.9682617188e+02 6.0464596361e-14 2.0747298018e-14 3.9717298343e-14
4.9688720703e+02 6.0490657515e-14 2.0751823353e-14 3.9738834162e-14
4.9694824219e+02 6.0510724766e-14 2.0755648382e-14 3.9755076385e-14
4.9700927734e+02 6.0524016557e-14 2.0758500281e-14 3.9765516275e-14
4.9707031250e+02 6.0530331247e-14 2.0760176246e-14 3.9770155000e-14
4.9713134766e+02 6.0529972760e-14 2.0760537214e-14 3.9769435546e-14
4.9719238281e+02 6.0523699311e-14 2.0759526951e-14 3.9764172360e-14
4.9725341797e+02 6.0512600721e-14 2.0757166502e-14 3.9755434219e-14
4.9731445312e+02 6.0497934582e-14 2.0753541993e-14 3.9744392589e-14
4.9737548828e+02 6.0481003467e-14 2.0748794730e-14 3.9732208736e-14
4.9743652344e+02 6.0462985412e-14 2.0743096028e-14 3.9719889384e-14
4.9749755859e+02 6.0444878600e-14 2.0736653703e-14 3.9708224898e-14
4.9755859375e+02 6.0427376791e-14 2.0729665430e-14 3.9697711360e-14
4.9761962891e+02 6.0410818964e-14 2.0722300158e-14 3.9688518806e-14
4.9768066406e+02 6.0395225496e-14 2.0714697580e-14 3.9680527915e-14
4.9774169922e+02 6.0380332054e-14 2.0706949996e-14 3.9673382059e-14
4.9780273438e+02 6.0365678188e-14 2.0699108872e-14 3.9666569316e-14
4.9786376953e+02 6.0350726623e-14 2.0691209817e-14 3.9659516805e-14
4.9792480469e+02 6.0334947770e-14 2.0683269266e-14 3.9651678504e-14
4.9798583984e+02 6.0318009407e-14 2.0675329910e-14 3.9642679497e-14
4.9804687500e+02 6.0299815514e-14 2.0667479323e-14 3.9632336191e-14
4.9810791016e+02 6.0280557266e-14 2.0659857573e-14 3.9620699693e-14
4.9816894531e+02 6.0260704428e-14 2.0652657844e-14 3.9608046584e-14
4.9822998047e+02 6.0240991981e-14 2.0646122056e-14 3.9594869925e-14
4.9829101562e+02 6.0222287614e-14 2.0640515800e-14 3.9581771814e-14
4.9835205078e+02 6.0205490925e-14 2.0636096082e-14 3.9569394843e-14
4.9841308594e+02 6.0191472643e-14 2.0633096868e-14 3.9558375776e-14
4.9847412109e+02 6.0180968993e-14 2.0631693829e-14 3.9549275164e-14
4.9853515625e+02 6.0174487391e-14 2.0631977284e-14 3.9542510107e-14
4.9859619141e+02 6.0172302931e-14 2.0633951390e-14 3.9538351541e-14
4.9865722656e+02 6.0174500465e-14 2.0637546885e-14 3.9536953580e-14
4.9871826172e+02 6.0180943275e-14 2.0642610363e-14 3.9538332912e-14
4.9877929688e+02 6.0191355036e-14 2.0648934895e-14 3.9542420140e-14
4.9884033203e+02 6.0205332680e-14 2.0656254951e-14 3.9549077729e-14
4.9890136719e+02 6.0222388596e-14 2.0664275817e-14 3.9558112779e-14
4.9896240234e+02 6.0241940269e-14 2.0672681856e-14 3.9569258413e-14
4.9902343750e+02 6.0263371736e-14 2.0681153399e-14 3.9582218337e-14
4.9908447266e+02 6.0285983794e-14 2.0689364634e-14 3.9596619160e-14
4.9914550781e+02 6.0308973622e-14 2.0696974846e-14 3.9611998776e-14
4.9920654297e+02 6.0331520982e-14 2.0703675114e-14 3.9627845869e-14
4.9926757812e+02 6.0352765168e-14 2.0709174270e-14 3.9643590897e-14
4.9932861328e+02 6.0371913838e-14 2.0713235637e-14 3.9658678201e-14
4.9938964844e+02 6.0388274227e-14 2.0715702239e-14 3.9672571988e-14
4.9945068359e+02 6.0401317802e-14 2.0716507615e-14 3.9684810187e-14
4.9951171875e+02 6.0410786670e-14 2.0715704220e-14 3.9695082449e-14
4.9957275391e+02 6.0416725697e-14 2.0713476652e-14 3.9703249045e-14
4.9963378906e+02 6.0419464815e-14 2.0710131703e-14 3.9709333112e-14
4.9969482422e+02 6.0419613610e-14 2.0706081836e-14 3.9713531774e-14
4.9975585938e+02 6.0417965529e-14 2.0701802775e-14 3.9716162754e-14
4.9981689453e+02 6.0415404118e-14 2.0697793384e-14 3.9717610734e-14
4.9987792969e+02 6.0412826945e-14 2.0694538022e-14 3.9718288924e-14
4.9993896484e+02 6.0410956122e-14 2.0692416381e-14 3.9718539740e-14
5.0000000000e+02 6.0410274880e-14 2.0691677753e-14 3.9718597127e-14
